Datetime,BarTrend,Barometer,TempIn,HumIn,TempOut,WindSpeed,WindSpeed10Min,WindDir,HumOut,RainRate,UV,SolarRad,RainStorm,StormStartDate,RainDay,RainMonth,RainYear,ETDay,ETMonth,ETYear,BatteryStatus,BatteryVolts,ForecastIcon,ForecastRuleNo,SunRise,SunSet,DatetimeWS,place,hum,pm_10_3_hour,pm_10_24_hour,pm_2p5_1_hour,aqi_nowcast_val,aqi_type,heat_index,pm_2p5_nowcast,pm_2p5_24_hour,tz_offset,pm_1,pct_pm_data_nowcast,pct_pm_data_24_hour,wet_bulb,aqi_val,aqi_desc,temp,pm_2p5_3_hour,pct_pm_data_3_hour,last_report_time,aqi_nowcast_desc,aqi_1_hour_val,pm_10_nowcast,aqi_1_hour_desc,pm_10_1_hour,dew_point,pm_10,pct_pm_data_1_hour,ts,pm_2p5
2025-04-05T22:01:06Z,0,29.736,72.6,54,60.0,8,9,290,80,0.0,255,32767,0.0,2127-15-31,0.0,0.0,26.68,0.0,0.0,0.0,0,0.896484375,2,147,06:46,19:36,2025-04-05 22:01:06.022663,Castel Volturno,73.9,12.296669,29.30119,13.653948,19.146732,EU EEA Common AQI,61.6,11.48804,25.173073,7200,11.231884,100,100,56.5,20.676329,Very Low,62.0,10.826983,100,1743890400,Very Low,22.756578,12.962478,Very Low,15.238781,53.6,14.536232,100,1743890400,12.405797
2025-04-05T22:01:17Z,0,29.736,72.6,54,60.0,7,9,295,80,0.0,255,32767,0.0,2127-15-31,0.0,0.0,26.68,0.0,0.0,0.0,0,0.896484375,2,147,06:46,19:36,2025-04-05 22:01:17.068693,Castel Volturno,73.9,12.296669,29.30119,13.653948,19.146732,EU EEA Common AQI,61.6,11.48804,25.173073,7200,11.231884,100,100,56.5,20.676329,Very Low,62.0,10.826983,100,1743890400,Very Low,22.756578,12.962478,Very Low,15.238781,53.6,14.536232,100,1743890400,12.405797
2025-04-05T22:01:27Z,0,29.736,72.6,54,59.9,9,9,287,80,0.0,255,32767,0.0,2127-15-31,0.0,0.0,26.68,0.0,0.0,0.0,0,0.896484375,2,147,06:46,19:36,2025-04-05 22:01:27.663166,Castel Volturno,73.9,12.296669,29.30119,13.653948,19.146732,EU EEA Common AQI,61.6,11.48804,25.173073,7200,11.231884,100,100,56.5,20.676329,Very Low,62.0,10.826983,100,1743890400,Very Low,22.756578,12.962478,Very Low,15.238781,53.6,14.536232,100,1743890400,12.405797
2025-04-05T22:01:38Z,0,29.734,72.6,54,60.0,8,9,278,80,0.0,255,32767,0.0,2127-15-31,0.0,0.0,26.68,0.0,0.0,0.0,0,0.732421875,2,147,06:46,19:36,2025-04-05 22:01:38.707181,Castel Volturno,73.9,12.296669,29.30119,13.653948,19.146732,EU EEA Common AQI,61.6,11.48804,25.173073,7200,11.231884,100,100,56.5,20.676329,Very Low,62.0,10.826983,100,1743890400,Very Low,22.756578,12.962478,Very Low,15.238781,53.6,14.536232,100,1743890400,12.405797
2025-04-05T22:01:49Z,0,29.734,72.6,54,59.9,8,9,292,80,0.0,255,32767,0.0,2127-15-31,0.0,0.0,26.68,0.0,0.0,0.0,0,0.732421875,2,147,06:46,19:36,2025-04-05 22:01:49.752163,Castel Volturno,73.9,12.296669,29.30119,13.653948,19.146732,EU EEA Common AQI,61.6,11.48804,25.173073,7200,11.231884,100,100,56.5,20.676329,Very Low,62.0,10.826983,100,1743890400,Very Low,22.756578,12.962478,Very Low,15.238781,53.6,14.536232,100,1743890400,12.405797
2025-04-05T22:02:01Z,0,29.734,72.6,54,59.9,9,9,281,80,0.0,255,32767,0.0,2127-15-31,0.0,0.0,26.68,0.0,0.0,0.0,0,0.732421875,2,147,06:46,19:36,2025-04-05 22:02:00.839165,Castel Volturno,73.9,12.296669,29.30119,13.653948,19.146732,EU EEA Common AQI,61.6,11.48804,25.173073,7200,11.231884,100,100,56.5,20.676329,Very Low,62.0,10.826983,100,1743890400,Very Low,22.756578,12.962478,Very Low,15.238781,53.6,14.536232,100,1743890400,12.405797
2025-04-05T22:02:12Z,0,29.734,72.6,54,60.0,7,9,292,80,0.0,255,32767,0.0,2127-15-31,0.0,0.0,26.68,0.0,0.0,0.0,0,0.732421875,2,147,06:46,19:36,2025-04-05 22:02:12.113162,Castel Volturno,73.9,12.296669,29.30119,13.653948,19.146732,EU EEA Common AQI,61.6,11.48804,25.173073,7200,11.231884,100,100,56.5,20.676329,Very Low,62.0,10.826983,100,1743890400,Very Low,22.756578,12.962478,Very Low,15.238781,53.6,14.536232,100,1743890400,12.405797
2025-04-05T22:02:23Z,0,29.734,72.6,54,60.0,5,9,288,80,0.0,255,32767,0.0,2127-15-31,0.0,0.0,26.68,0.0,0.0,0.0,0,0.732421875,2,147,06:46,19:36,2025-04-05 22:02:23.177163,Castel Volturno,73.9,12.296669,29.30119,13.653948,19.146732,EU EEA Common AQI,61.6,11.48804,25.173073,7200,11.231884,100,100,56.5,20.676329,Very Low,62.0,10.826983,100,1743890400,Very Low,22.756578,12.962478,Very Low,15.238781,53.6,14.536232,100,1743890400,12.405797
2025-04-05T22:02:34Z,0,29.735,72.6,54,60.0,4,9,290,80,0.0,255,32767,0.0,2127-15-31,0.0,0.0,26.68,0.0,0.0,0.0,0,0.732421875,2,147,06:46,19:36,2025-04-05 22:02:34.212189,Castel Volturno,73.9,12.296669,29.30119,13.653948,19.146732,EU EEA Common AQI,61.6,11.48804,25.173073,7200,11.231884,100,100,56.5,20.676329,Very Low,62.0,10.826983,100,1743890400,Very Low,22.756578,12.962478,Very Low,15.238781,53.6,14.536232,100,1743890400,12.405797
2025-04-05T22:02:45Z,0,29.735,72.6,54,60.0,8,9,273,80,0.0,255,32767,0.0,2127-15-31,0.0,0.0,26.68,0.0,0.0,0.0,0,0.732421875,2,147,06:46,19:36,2025-04-05 22:02:45.261168,Castel Volturno,73.9,12.296669,29.30119,13.653948,19.146732,EU EEA Common AQI,61.6,11.48804,25.173073,7200,11.231884,100,100,56.5,20.676329,Very Low,62.0,10.826983,100,1743890400,Very Low,22.756578,12.962478,Very Low,15.238781,53.6,14.536232,100,1743890400,12.405797
2025-04-05T22:02:56Z,0,29.735,72.6,54,60.0,9,9,280,80,0.0,255,32767,0.0,2127-15-31,0.0,0.0,26.68,0.0,0.0,0.0,0,0.732421875,2,147,06:46,19:36,2025-04-05 22:02:56.277183,Castel Volturno,73.9,12.296669,29.30119,13.653948,19.146732,EU EEA Common AQI,61.6,11.48804,25.173073,7200,11.231884,100,100,56.5,20.676329,Very Low,62.0,10.826983,100,1743890400,Very Low,22.756578,12.962478,Very Low,15.238781,53.6,14.536232,100,1743890400,12.405797
2025-04-05T22:03:07Z,0,29.735,72.6,54,60.0,7,9,267,81,0.0,255,32767,0.0,2127-15-31,0.0,0.0,26.68,0.0,0.0,0.0,0,0.732421875,2,147,06:46,19:36,2025-04-05 22:03:07.306179,Castel Volturno,73.9,12.296669,29.30119,13.653948,19.146732,EU EEA Common AQI,61.6,11.48804,25.173073,7200,11.231884,100,100,56.5,20.676329,Very Low,62.0,10.826983,100,1743890400,Very Low,22.756578,12.962478,Very Low,15.238781,53.6,14.536232,100,1743890400,12.405797
2025-04-05T22:03:18Z,0,29.735,72.6,54,60.0,7,9,271,81,0.0,255,32767,0.0,2127-15-31,0.0,0.0,26.68,0.0,0.0,0.0,0,0.732421875,2,147,06:46,19:36,2025-04-05 22:03:18.351177,Castel Volturno,73.9,12.296669,29.30119,13.653948,19.146732,EU EEA Common AQI,61.6,11.48804,25.173073,7200,11.231884,100,100,56.5,20.676329,Very Low,62.0,10.826983,100,1743890400,Very Low,22.756578,12.962478,Very Low,15.238781,53.6,14.536232,100,1743890400,12.405797
2025-04-05T22:03:29Z,0,29.735,72.6,54,60.0,7,9,264,81,0.0,255,32767,0.0,2127-15-31,0.0,0.0,26.68,0.0,0.0,0.0,0,0.732421875,2,147,06:46,19:36,2025-04-05 22:03:29.380162,Castel Volturno,73.9,12.296669,29.30119,13.653948,19.146732,EU EEA Common AQI,61.6,11.48804,25.173073,7200,11.231884,100,100,56.5,20.676329,Very Low,62.0,10.826983,100,1743890400,Very Low,22.756578,12.962478,Very Low,15.238781,53.6,14.536232,100,1743890400,12.405797
2025-04-05T22:03:40Z,0,29.733,72.6,54,60.0,7,8,277,81,0.0,255,32767,0.0,2127-15-31,0.0,0.0,26.68,0.0,0.0,0.0,0,0.73828125,2,147,06:46,19:36,2025-04-05 22:03:40.413163,Castel Volturno,73.9,12.296669,29.30119,13.653948,19.146732,EU EEA Common AQI,61.6,11.48804,25.173073,7200,11.231884,100,100,56.5,20.676329,Very Low,62.0,10.826983,100,1743890400,Very Low,22.756578,12.962478,Very Low,15.238781,53.6,14.536232,100,1743890400,12.405797
2025-04-05T22:03:51Z,0,29.733,72.6,54,60.0,7,8,292,81,0.0,255,32767,0.0,2127-15-31,0.0,0.0,26.68,0.0,0.0,0.0,0,0.73828125,2,147,06:46,19:36,2025-04-05 22:03:51.421162,Castel Volturno,73.9,12.296669,29.30119,13.653948,19.146732,EU EEA Common AQI,61.6,11.48804,25.173073,7200,11.231884,100,100,56.5,20.676329,Very Low,62.0,10.826983,100,1743890400,Very Low,22.756578,12.962478,Very Low,15.238781,53.6,14.536232,100,1743890400,12.405797
2025-04-05T22:04:02Z,0,29.733,72.6,54,60.0,7,8,277,81,0.0,255,32767,0.0,2127-15-31,0.0,0.0,26.68,0.0,0.0,0.0,0,0.73828125,2,147,06:46,19:36,2025-04-05 22:04:02.465165,Castel Volturno,73.9,12.296669,29.30119,13.653948,19.146732,EU EEA Common AQI,61.6,11.48804,25.173073,7200,11.231884,100,100,56.5,20.676329,Very Low,62.0,10.826983,100,1743890400,Very Low,22.756578,12.962478,Very Low,15.238781,53.6,14.536232,100,1743890400,12.405797
2025-04-05T22:04:13Z,0,29.733,72.6,54,60.0,9,8,277,81,0.0,255,32767,0.0,2127-15-31,0.0,0.0,26.68,0.0,0.0,0.0,0,0.73828125,2,147,06:46,19:36,2025-04-05 22:04:13.514170,Castel Volturno,73.9,12.296669,29.30119,13.653948,19.146732,EU EEA Common AQI,61.6,11.48804,25.173073,7200,11.231884,100,100,56.5,20.676329,Very Low,62.0,10.826983,100,1743890400,Very Low,22.756578,12.962478,Very Low,15.238781,53.6,14.536232,100,1743890400,12.405797
2025-04-05T22:04:24Z,0,29.733,72.6,54,60.0,7,8,277,81,0.0,255,32767,0.0,2127-15-31,0.0,0.0,26.68,0.0,0.0,0.0,0,0.73828125,2,147,06:46,19:36,2025-04-05 22:04:24.549161,Castel Volturno,73.9,12.296669,29.30119,13.653948,19.146732,EU EEA Common AQI,61.6,11.48804,25.173073,7200,11.231884,100,100,56.5,20.676329,Very Low,62.0,10.826983,100,1743890400,Very Low,22.756578,12.962478,Very Low,15.238781,53.6,14.536232,100,1743890400,12.405797
2025-04-05T22:04:35Z,0,29.733,72.6,54,59.9,7,8,275,81,0.0,255,32767,0.0,2127-15-31,0.0,0.0,26.68,0.0,0.0,0.0,0,0.76171875,2,147,06:46,19:36,2025-04-05 22:04:35.609160,Castel Volturno,73.9,12.296669,29.30119,13.653948,19.146732,EU EEA Common AQI,61.6,11.48804,25.173073,7200,11.231884,100,100,56.5,20.676329,Very Low,62.0,10.826983,100,1743890400,Very Low,22.756578,12.962478,Very Low,15.238781,53.6,14.536232,100,1743890400,12.405797
2025-04-05T22:04:46Z,0,29.733,72.6,54,59.9,9,8,275,81,0.0,255,32767,0.0,2127-15-31,0.0,0.0,26.68,0.0,0.0,0.0,0,0.76171875,2,147,06:46,19:36,2025-04-05 22:04:46.701907,Castel Volturno,73.9,12.296669,29.30119,13.653948,19.146732,EU EEA Common AQI,61.6,11.48804,25.173073,7200,11.231884,100,100,56.5,20.676329,Very Low,62.0,10.826983,100,1743890400,Very Low,22.756578,12.962478,Very Low,15.238781,53.6,14.536232,100,1743890400,12.405797
2025-04-05T22:04:57Z,0,29.733,72.6,54,60.0,9,8,275,81,0.0,255,32767,0.0,2127-15-31,0.0,0.0,26.68,0.0,0.0,0.0,0,0.76171875,2,147,06:46,19:36,2025-04-05 22:04:57.754162,Castel Volturno,73.9,12.296669,29.30119,13.653948,19.146732,EU EEA Common AQI,61.6,11.48804,25.173073,7200,11.231884,100,100,56.5,20.676329,Very Low,62.0,10.826983,100,1743890400,Very Low,22.756578,12.962478,Very Low,15.238781,53.6,14.536232,100,1743890400,12.405797
2025-04-05T22:05:08Z,0,29.733,72.6,54,59.9,8,8,273,81,0.0,255,32767,0.0,2127-15-31,0.0,0.0,26.68,0.0,0.0,0.0,0,0.76171875,2,147,06:46,19:36,2025-04-05 22:05:08.798167,Castel Volturno,73.9,12.296669,29.30119,13.653948,19.146732,EU EEA Common AQI,61.6,11.48804,25.173073,7200,11.231884,100,100,56.5,20.676329,Very Low,62.0,10.826983,100,1743890400,Very Low,22.756578,12.962478,Very Low,15.238781,53.6,14.536232,100,1743890400,12.405797
2025-04-05T22:05:20Z,0,29.733,72.6,54,59.9,9,8,279,81,0.0,255,32767,0.0,2127-15-31,0.0,0.0,26.68,0.0,0.0,0.0,0,0.76171875,2,147,06:46,19:36,2025-04-05 22:05:19.860168,Castel Volturno,73.9,12.296669,29.30119,13.653948,19.146732,EU EEA Common AQI,61.6,11.48804,25.173073,7200,11.231884,100,100,56.5,20.676329,Very Low,62.0,10.826983,100,1743890400,Very Low,22.756578,12.962478,Very Low,15.238781,53.6,14.536232,100,1743890400,12.405797
2025-04-05T22:05:31Z,0,29.733,72.6,54,59.9,9,8,280,81,0.0,255,32767,0.0,2127-15-31,0.0,0.0,26.68,0.0,0.0,0.0,0,0.76171875,2,147,06:46,19:36,2025-04-05 22:05:30.877174,Castel Volturno,73.9,12.296669,29.30119,13.653948,19.146732,EU EEA Common AQI,61.6,11.48804,25.173073,7200,11.231884,100,100,56.5,20.676329,Very Low,62.0,10.826983,100,1743890400,Very Low,22.756578,12.962478,Very Low,15.238781,53.6,14.536232,100,1743890400,12.405797
2025-04-05T22:05:42Z,0,29.731,72.6,54,59.9,9,8,284,81,0.0,255,32767,0.0,2127-15-31,0.0,0.0,26.68,0.0,0.0,0.0,0,0.92578125,2,147,06:46,19:36,2025-04-05 22:05:41.935167,Castel Volturno,73.9,12.296669,29.30119,13.653948,19.146732,EU EEA Common AQI,61.6,11.48804,25.173073,7200,11.231884,100,100,56.5,20.676329,Very Low,62.0,10.826983,100,1743890400,Very Low,22.756578,12.962478,Very Low,15.238781,53.6,14.536232,100,1743890400,12.405797
2025-04-05T22:05:53Z,0,29.731,72.6,54,59.9,10,8,277,81,0.0,255,32767,0.0,2127-15-31,0.0,0.0,26.68,0.0,0.0,0.0,0,0.92578125,2,147,06:46,19:36,2025-04-05 22:05:53.021163,Castel Volturno,73.9,12.296669,29.30119,13.653948,19.146732,EU EEA Common AQI,61.6,11.48804,25.173073,7200,11.231884,100,100,56.5,20.676329,Very Low,62.0,10.826983,100,1743890400,Very Low,22.756578,12.962478,Very Low,15.238781,53.6,14.536232,100,1743890400,12.405797
2025-04-05T22:06:04Z,0,29.731,72.6,54,60.0,9,8,274,81,0.0,255,32767,0.0,2127-15-31,0.0,0.0,26.68,0.0,0.0,0.0,0,0.92578125,2,147,06:46,19:36,2025-04-05 22:06:04.080176,Castel Volturno,73.9,12.296669,29.30119,13.653948,19.146732,EU EEA Common AQI,61.6,11.48804,25.173073,7200,11.231884,100,100,56.5,20.676329,Very Low,62.0,10.826983,100,1743890400,Very Low,22.756578,12.962478,Very Low,15.238781,53.6,14.536232,100,1743890400,12.405797
2025-04-05T22:06:15Z,0,29.731,72.6,54,60.0,9,8,281,81,0.0,255,32767,0.0,2127-15-31,0.0,0.0,26.68,0.0,0.0,0.0,0,0.92578125,2,147,06:46,19:36,2025-04-05 22:06:15.103170,Castel Volturno,73.9,12.296669,29.30119,13.653948,19.146732,EU EEA Common AQI,61.6,11.48804,25.173073,7200,11.231884,100,100,56.5,20.676329,Very Low,62.0,10.826983,100,1743890400,Very Low,22.756578,12.962478,Very Low,15.238781,53.6,14.536232,100,1743890400,12.405797
2025-04-05T22:06:26Z,0,29.731,72.6,54,60.0,9,8,281,81,0.0,255,32767,0.0,2127-15-31,0.0,0.0,26.68,0.0,0.0,0.0,0,0.92578125,2,147,06:46,19:36,2025-04-05 22:06:26.153163,Castel Volturno,73.9,12.296669,29.30119,13.653948,19.146732,EU EEA Common AQI,61.6,11.48804,25.173073,7200,11.231884,100,100,56.5,20.676329,Very Low,62.0,10.826983,100,1743890400,Very Low,22.756578,12.962478,Very Low,15.238781,53.6,14.536232,100,1743890400,12.405797
2025-04-05T22:06:37Z,0,29.734,72.6,54,60.0,9,8,280,81,0.0,255,32767,0.0,2127-15-31,0.0,0.0,26.68,0.0,0.0,0.0,0,1.798828125,2,147,06:46,19:36,2025-04-05 22:06:37.186182,Castel Volturno,73.9,12.296669,29.30119,13.653948,19.146732,EU EEA Common AQI,61.6,11.48804,25.173073,7200,11.231884,100,100,56.5,20.676329,Very Low,62.0,10.826983,100,1743890400,Very Low,22.756578,12.962478,Very Low,15.238781,53.6,14.536232,100,1743890400,12.405797
2025-04-05T22:06:48Z,0,29.734,72.6,54,59.9,9,8,276,81,0.0,255,32767,0.0,2127-15-31,0.0,0.0,26.68,0.0,0.0,0.0,0,1.798828125,2,147,06:46,19:36,2025-04-05 22:06:48.248159,Castel Volturno,73.9,12.296669,29.30119,13.653948,19.146732,EU EEA Common AQI,61.6,11.48804,25.173073,7200,11.231884,100,100,56.5,20.676329,Very Low,62.0,10.826983,100,1743890400,Very Low,22.756578,12.962478,Very Low,15.238781,53.6,14.536232,100,1743890400,12.405797
2025-04-05T22:06:59Z,0,29.734,72.6,54,59.9,8,8,278,81,0.0,255,32767,0.0,2127-15-31,0.0,0.0,26.68,0.0,0.0,0.0,0,1.798828125,2,147,06:46,19:36,2025-04-05 22:06:59.333167,Castel Volturno,73.9,12.296669,29.30119,13.653948,19.146732,EU EEA Common AQI,61.6,11.48804,25.173073,7200,11.231884,100,100,56.5,20.676329,Very Low,62.0,10.826983,100,1743890400,Very Low,22.756578,12.962478,Very Low,15.238781,53.6,14.536232,100,1743890400,12.405797
2025-04-05T22:07:10Z,0,29.734,72.6,54,60.0,8,8,286,81,0.0,255,32767,0.0,2127-15-31,0.0,0.0,26.68,0.0,0.0,0.0,0,1.798828125,2,147,06:46,19:36,2025-04-05 22:07:10.361162,Castel Volturno,73.9,12.296669,29.30119,13.653948,19.146732,EU EEA Common AQI,61.6,11.48804,25.173073,7200,11.231884,100,100,56.5,20.676329,Very Low,62.0,10.826983,100,1743890400,Very Low,22.756578,12.962478,Very Low,15.238781,53.6,14.536232,100,1743890400,12.405797
2025-04-05T22:07:21Z,0,29.734,72.6,54,60.0,8,8,280,81,0.0,255,32767,0.0,2127-15-31,0.0,0.0,26.68,0.0,0.0,0.0,0,1.798828125,2,147,06:46,19:36,2025-04-05 22:07:21.387167,Castel Volturno,73.9,12.296669,29.30119,13.653948,19.146732,EU EEA Common AQI,61.6,11.48804,25.173073,7200,11.231884,100,100,56.5,20.676329,Very Low,62.0,10.826983,100,1743890400,Very Low,22.756578,12.962478,Very Low,15.238781,53.6,14.536232,100,1743890400,12.405797
2025-04-05T22:07:32Z,0,29.73,72.6,54,60.0,8,8,279,81,0.0,255,32767,0.0,2127-15-31,0.0,0.0,26.68,0.0,0.0,0.0,0,0.732421875,2,147,06:46,19:36,2025-04-05 22:07:32.431175,Castel Volturno,73.9,12.296669,29.30119,13.653948,19.146732,EU EEA Common AQI,61.6,11.48804,25.173073,7200,11.231884,100,100,56.5,20.676329,Very Low,62.0,10.826983,100,1743890400,Very Low,22.756578,12.962478,Very Low,15.238781,53.6,14.536232,100,1743890400,12.405797
2025-04-05T22:07:43Z,0,29.73,72.6,54,59.9,9,8,275,81,0.0,255,32767,0.0,2127-15-31,0.0,0.0,26.68,0.0,0.0,0.0,0,0.732421875,2,147,06:46,19:36,2025-04-05 22:07:43.442126,Castel Volturno,73.9,12.296669,29.30119,13.653948,19.146732,EU EEA Common AQI,61.6,11.48804,25.173073,7200,11.231884,100,100,56.5,20.676329,Very Low,62.0,10.826983,100,1743890400,Very Low,22.756578,12.962478,Very Low,15.238781,53.6,14.536232,100,1743890400,12.405797
2025-04-05T22:07:54Z,0,29.73,72.6,54,60.0,10,8,275,81,0.0,255,32767,0.0,2127-15-31,0.0,0.0,26.68,0.0,0.0,0.0,0,0.732421875,2,147,06:46,19:36,2025-04-05 22:07:54.502155,Castel Volturno,73.9,12.296669,29.30119,13.653948,19.146732,EU EEA Common AQI,61.6,11.48804,25.173073,7200,11.231884,100,100,56.5,20.676329,Very Low,62.0,10.826983,100,1743890400,Very Low,22.756578,12.962478,Very Low,15.238781,53.6,14.536232,100,1743890400,12.405797
2025-04-05T22:08:05Z,0,29.73,72.6,54,59.9,9,8,273,81,0.0,255,32767,0.0,2127-15-31,0.0,0.0,26.68,0.0,0.0,0.0,0,0.732421875,2,147,06:46,19:36,2025-04-05 22:08:05.608127,Castel Volturno,73.9,12.296669,29.30119,13.653948,19.146732,EU EEA Common AQI,61.6,11.48804,25.173073,7200,11.231884,100,100,56.5,20.676329,Very Low,62.0,10.826983,100,1743890400,Very Low,22.756578,12.962478,Very Low,15.238781,53.6,14.536232,100,1743890400,12.405797
2025-04-05T22:08:16Z,0,29.73,72.6,54,60.0,10,8,274,81,0.0,255,32767,0.0,2127-15-31,0.0,0.0,26.68,0.0,0.0,0.0,0,0.732421875,2,147,06:46,19:36,2025-04-05 22:08:16.649165,Castel Volturno,73.9,12.296669,29.30119,13.653948,19.146732,EU EEA Common AQI,61.6,11.48804,25.173073,7200,11.231884,100,100,56.5,20.676329,Very Low,62.0,10.826983,100,1743890400,Very Low,22.756578,12.962478,Very Low,15.238781,53.6,14.536232,100,1743890400,12.405797
2025-04-05T22:08:27Z,0,29.73,72.6,54,59.9,9,8,276,80,0.0,255,32767,0.0,2127-15-31,0.0,0.0,26.68,0.0,0.0,0.0,0,0.732421875,2,147,06:46,19:36,2025-04-05 22:08:27.702169,Castel Volturno,73.9,12.296669,29.30119,13.653948,19.146732,EU EEA Common AQI,61.6,11.48804,25.173073,7200,11.231884,100,100,56.5,20.676329,Very Low,62.0,10.826983,100,1743890400,Very Low,22.756578,12.962478,Very Low,15.238781,53.6,14.536232,100,1743890400,12.405797
2025-04-05T22:08:38Z,0,29.734,72.6,54,59.9,9,8,276,80,0.0,255,32767,0.0,2127-15-31,0.0,0.0,26.68,0.0,0.0,0.0,0,0.732421875,2,147,06:46,19:36,2025-04-05 22:08:38.783166,Castel Volturno,73.9,12.296669,29.30119,13.653948,19.146732,EU EEA Common AQI,61.6,11.48804,25.173073,7200,11.231884,100,100,56.5,20.676329,Very Low,62.0,10.826983,100,1743890400,Very Low,22.756578,12.962478,Very Low,15.238781,53.6,14.536232,100,1743890400,12.405797
2025-04-05T22:08:50Z,0,29.734,72.6,54,59.9,9,8,273,80,0.0,255,32767,0.0,2127-15-31,0.0,0.0,26.68,0.0,0.0,0.0,0,0.732421875,2,147,06:46,19:36,2025-04-05 22:08:49.807172,Castel Volturno,73.9,12.296669,29.30119,13.653948,19.146732,EU EEA Common AQI,61.6,11.48804,25.173073,7200,11.231884,100,100,56.5,20.676329,Very Low,62.0,10.826983,100,1743890400,Very Low,22.756578,12.962478,Very Low,15.238781,53.6,14.536232,100,1743890400,12.405797
2025-04-05T22:09:01Z,0,29.734,72.6,54,59.9,9,8,276,80,0.0,255,32767,0.0,2127-15-31,0.0,0.0,26.68,0.0,0.0,0.0,0,0.732421875,2,147,06:46,19:36,2025-04-05 22:09:00.848166,Castel Volturno,73.9,12.296669,29.30119,13.653948,19.146732,EU EEA Common AQI,61.6,11.48804,25.173073,7200,11.231884,100,100,56.5,20.676329,Very Low,62.0,10.826983,100,1743890400,Very Low,22.756578,12.962478,Very Low,15.238781,53.6,14.536232,100,1743890400,12.405797
2025-04-05T22:09:12Z,0,29.734,72.6,54,60.0,9,8,272,80,0.0,255,32767,0.0,2127-15-31,0.0,0.0,26.68,0.0,0.0,0.0,0,0.732421875,2,147,06:46,19:36,2025-04-05 22:09:11.955175,Castel Volturno,73.9,12.296669,29.30119,13.653948,19.146732,EU EEA Common AQI,61.6,11.48804,25.173073,7200,11.231884,100,100,56.5,20.676329,Very Low,62.0,10.826983,100,1743890400,Very Low,22.756578,12.962478,Very Low,15.238781,53.6,14.536232,100,1743890400,12.405797
2025-04-05T22:09:23Z,0,29.734,72.6,54,59.9,10,8,277,81,0.0,255,32767,0.0,2127-15-31,0.0,0.0,26.68,0.0,0.0,0.0,0,0.732421875,2,147,06:46,19:36,2025-04-05 22:09:22.993167,Castel Volturno,73.9,12.296669,29.30119,13.653948,19.146732,EU EEA Common AQI,61.6,11.48804,25.173073,7200,11.231884,100,100,56.5,20.676329,Very Low,62.0,10.826983,100,1743890400,Very Low,22.756578,12.962478,Very Low,15.238781,53.6,14.536232,100,1743890400,12.405797
2025-04-05T22:09:34Z,0,29.729,72.6,54,60.0,10,8,279,81,0.0,255,32767,0.0,2127-15-31,0.0,0.0,26.68,0.0,0.0,0.0,0,0.732421875,2,147,06:46,19:36,2025-04-05 22:09:34.027177,Castel Volturno,73.9,12.296669,29.30119,13.653948,19.146732,EU EEA Common AQI,61.6,11.48804,25.173073,7200,11.231884,100,100,56.5,20.676329,Very Low,62.0,10.826983,100,1743890400,Very Low,22.756578,12.962478,Very Low,15.238781,53.6,14.536232,100,1743890400,12.405797
2025-04-05T22:09:45Z,0,29.729,72.6,54,59.9,10,8,279,81,0.0,255,32767,0.0,2127-15-31,0.0,0.0,26.68,0.0,0.0,0.0,0,0.732421875,2,147,06:46,19:36,2025-04-05 22:09:45.096170,Castel Volturno,73.9,12.296669,29.30119,13.653948,19.146732,EU EEA Common AQI,61.6,11.48804,25.173073,7200,11.231884,100,100,56.5,20.676329,Very Low,62.0,10.826983,100,1743890400,Very Low,22.756578,12.962478,Very Low,15.238781,53.6,14.536232,100,1743890400,12.405797
2025-04-05T22:09:56Z,0,29.729,72.6,54,59.9,9,8,277,81,0.0,255,32767,0.0,2127-15-31,0.0,0.0,26.68,0.0,0.0,0.0,0,0.732421875,2,147,06:46,19:36,2025-04-05 22:09:56.162184,Castel Volturno,73.9,12.296669,29.30119,13.653948,19.146732,EU EEA Common AQI,61.6,11.48804,25.173073,7200,11.231884,100,100,56.5,20.676329,Very Low,62.0,10.826983,100,1743890400,Very Low,22.756578,12.962478,Very Low,15.238781,53.6,14.536232,100,1743890400,12.405797
2025-04-05T22:10:07Z,0,29.729,72.6,54,59.9,10,8,278,80,0.0,255,32767,0.0,2127-15-31,0.0,0.0,26.68,0.0,0.0,0.0,0,0.732421875,2,147,06:46,19:36,2025-04-05 22:10:07.165176,Castel Volturno,73.9,12.296669,29.30119,13.653948,19.146732,EU EEA Common AQI,61.6,11.48804,25.173073,7200,11.231884,100,100,56.5,20.676329,Very Low,62.0,10.826983,100,1743890400,Very Low,22.756578,12.962478,Very Low,15.238781,53.6,14.536232,100,1743890400,12.405797
2025-04-05T22:10:18Z,0,29.729,72.6,54,59.9,9,8,277,80,0.0,255,32767,0.0,2127-15-31,0.0,0.0,26.68,0.0,0.0,0.0,0,0.732421875,2,147,06:46,19:36,2025-04-05 22:10:18.224164,Castel Volturno,73.9,12.296669,29.30119,13.653948,19.146732,EU EEA Common AQI,61.6,11.48804,25.173073,7200,11.231884,100,100,56.5,20.676329,Very Low,62.0,10.826983,100,1743890400,Very Low,22.756578,12.962478,Very Low,15.238781,53.6,14.536232,100,1743890400,12.405797
2025-04-05T22:10:29Z,0,29.729,72.6,54,59.9,10,8,279,80,0.0,255,32767,0.0,2127-15-31,0.0,0.0,26.68,0.0,0.0,0.0,0,0.732421875,2,147,06:46,19:36,2025-04-05 22:10:29.359173,Castel Volturno,73.9,12.296669,29.30119,13.653948,19.146732,EU EEA Common AQI,61.6,11.48804,25.173073,7200,11.231884,100,100,56.5,20.676329,Very Low,62.0,10.826983,100,1743890400,Very Low,22.756578,12.962478,Very Low,15.238781,53.6,14.536232,100,1743890400,12.405797
2025-04-05T22:10:40Z,0,29.732,72.6,54,59.9,10,8,281,80,0.0,255,32767,0.0,2127-15-31,0.0,0.0,26.68,0.0,0.0,0.0,0,0.767578125,2,147,06:46,19:36,2025-04-05 22:10:40.379160,Castel Volturno,73.9,12.296669,29.30119,13.653948,19.146732,EU EEA Common AQI,61.6,11.48804,25.173073,7200,11.231884,100,100,56.5,20.676329,Very Low,62.0,10.826983,100,1743890400,Very Low,22.756578,12.962478,Very Low,15.238781,53.6,14.536232,100,1743890400,12.405797
2025-04-05T22:10:51Z,0,29.732,72.6,54,59.9,10,8,277,80,0.0,255,32767,0.0,2127-15-31,0.0,0.0,26.68,0.0,0.0,0.0,0,0.767578125,2,147,06:46,19:36,2025-04-05 22:10:51.409170,Castel Volturno,73.9,12.296669,29.30119,13.653948,19.146732,EU EEA Common AQI,61.6,11.48804,25.173073,7200,11.231884,100,100,56.5,20.676329,Very Low,62.0,10.826983,100,1743890400,Very Low,22.756578,12.962478,Very Low,15.238781,53.6,14.536232,100,1743890400,12.405797
2025-04-05T22:11:02Z,0,29.732,72.6,54,59.9,9,8,279,81,0.0,255,32767,0.0,2127-15-31,0.0,0.0,26.68,0.0,0.0,0.0,0,0.767578125,2,147,06:46,19:36,2025-04-05 22:11:02.459166,Castel Volturno,73.9,12.296669,29.30119,13.653948,19.146732,EU EEA Common AQI,61.6,11.48804,25.173073,7200,11.231884,100,100,56.5,20.676329,Very Low,62.0,10.826983,100,1743890400,Very Low,22.756578,12.962478,Very Low,15.238781,53.6,14.536232,100,1743890400,12.405797
2025-04-05T22:11:13Z,0,29.732,72.6,54,59.9,9,8,274,81,0.0,255,32767,0.0,2127-15-31,0.0,0.0,26.68,0.0,0.0,0.0,0,0.767578125,2,147,06:46,19:36,2025-04-05 22:11:13.497163,Castel Volturno,73.9,12.296669,29.30119,13.653948,19.146732,EU EEA Common AQI,61.6,11.48804,25.173073,7200,11.231884,100,100,56.5,20.676329,Very Low,62.0,10.826983,100,1743890400,Very Low,22.756578,12.962478,Very Low,15.238781,53.6,14.536232,100,1743890400,12.405797
2025-04-05T22:11:24Z,0,29.732,72.6,54,60.0,9,8,267,81,0.0,255,32767,0.0,2127-15-31,0.0,0.0,26.68,0.0,0.0,0.0,0,0.767578125,2,147,06:46,19:36,2025-04-05 22:11:24.581157,Castel Volturno,73.9,12.296669,29.30119,13.653948,19.146732,EU EEA Common AQI,61.6,11.48804,25.173073,7200,11.231884,100,100,56.5,20.676329,Very Low,62.0,10.826983,100,1743890400,Very Low,22.756578,12.962478,Very Low,15.238781,53.6,14.536232,100,1743890400,12.405797
2025-04-05T22:11:35Z,0,29.73,72.6,54,60.0,9,9,271,81,0.0,255,32767,0.0,2127-15-31,0.0,0.0,26.68,0.0,0.0,0.0,0,0.755859375,2,147,06:46,19:36,2025-04-05 22:11:35.638161,Castel Volturno,73.9,12.296669,29.30119,13.653948,19.146732,EU EEA Common AQI,61.6,11.48804,25.173073,7200,11.231884,100,100,56.5,20.676329,Very Low,62.0,10.826983,100,1743890400,Very Low,22.756578,12.962478,Very Low,15.238781,53.6,14.536232,100,1743890400,12.405797
2025-04-05T22:11:46Z,0,29.73,72.6,54,60.0,10,9,269,81,0.0,255,32767,0.0,2127-15-31,0.0,0.0,26.68,0.0,0.0,0.0,0,0.755859375,2,147,06:46,19:36,2025-04-05 22:11:46.656170,Castel Volturno,73.9,12.296669,29.30119,13.653948,19.146732,EU EEA Common AQI,61.6,11.48804,25.173073,7200,11.231884,100,100,56.5,20.676329,Very Low,62.0,10.826983,100,1743890400,Very Low,22.756578,12.962478,Very Low,15.238781,53.6,14.536232,100,1743890400,12.405797
2025-04-05T22:11:57Z,0,29.73,72.6,54,60.0,9,9,283,81,0.0,255,32767,0.0,2127-15-31,0.0,0.0,26.68,0.0,0.0,0.0,0,0.755859375,2,147,06:46,19:36,2025-04-05 22:11:57.669155,Castel Volturno,73.9,12.296669,29.30119,13.653948,19.146732,EU EEA Common AQI,61.6,11.48804,25.173073,7200,11.231884,100,100,56.5,20.676329,Very Low,62.0,10.826983,100,1743890400,Very Low,22.756578,12.962478,Very Low,15.238781,53.6,14.536232,100,1743890400,12.405797
2025-04-05T22:12:08Z,0,29.73,72.6,54,60.0,9,9,267,81,0.0,255,32767,0.0,2127-15-31,0.0,0.0,26.68,0.0,0.0,0.0,0,0.755859375,2,147,06:46,19:36,2025-04-05 22:12:08.702161,Castel Volturno,73.9,12.296669,29.30119,13.653948,19.146732,EU EEA Common AQI,61.6,11.48804,25.173073,7200,11.231884,100,100,56.5,20.676329,Very Low,62.0,10.826983,100,1743890400,Very Low,22.756578,12.962478,Very Low,15.238781,53.6,14.536232,100,1743890400,12.405797
2025-04-05T22:12:19Z,0,29.73,72.6,54,59.9,9,9,273,81,0.0,255,32767,0.0,2127-15-31,0.0,0.0,26.68,0.0,0.0,0.0,0,0.755859375,2,147,06:46,19:36,2025-04-05 22:12:19.710166,Castel Volturno,73.9,12.296669,29.30119,13.653948,19.146732,EU EEA Common AQI,61.6,11.48804,25.173073,7200,11.231884,100,100,56.5,20.676329,Very Low,62.0,10.826983,100,1743890400,Very Low,22.756578,12.962478,Very Low,15.238781,53.6,14.536232,100,1743890400,12.405797
2025-04-05T22:12:30Z,0,29.73,72.6,54,60.0,9,9,273,81,0.0,255,32767,0.0,2127-15-31,0.0,0.0,26.68,0.0,0.0,0.0,0,0.755859375,2,147,06:46,19:36,2025-04-05 22:12:30.778174,Castel Volturno,73.9,12.296669,29.30119,13.653948,19.146732,EU EEA Common AQI,61.6,11.48804,25.173073,7200,11.231884,100,100,56.5,20.676329,Very Low,62.0,10.826983,100,1743890400,Very Low,22.756578,12.962478,Very Low,15.238781,53.6,14.536232,100,1743890400,12.405797
2025-04-05T22:12:42Z,0,29.729,72.6,54,59.9,8,9,272,81,0.0,255,32767,0.0,2127-15-31,0.0,0.0,26.68,0.0,0.0,0.0,0,0.90234375,2,147,06:46,19:36,2025-04-05 22:12:41.813165,Castel Volturno,73.9,12.296669,29.30119,13.653948,19.146732,EU EEA Common AQI,61.6,11.48804,25.173073,7200,11.231884,100,100,56.5,20.676329,Very Low,62.0,10.826983,100,1743890400,Very Low,22.756578,12.962478,Very Low,15.238781,53.6,14.536232,100,1743890400,12.405797
2025-04-05T22:12:53Z,0,29.729,72.6,54,59.9,8,9,276,80,0.0,255,32767,0.0,2127-15-31,0.0,0.0,26.68,0.0,0.0,0.0,0,0.90234375,2,147,06:46,19:36,2025-04-05 22:12:52.868157,Castel Volturno,73.9,12.296669,29.30119,13.653948,19.146732,EU EEA Common AQI,61.6,11.48804,25.173073,7200,11.231884,100,100,56.5,20.676329,Very Low,62.0,10.826983,100,1743890400,Very Low,22.756578,12.962478,Very Low,15.238781,53.6,14.536232,100,1743890400,12.405797
2025-04-05T22:13:04Z,0,29.729,72.6,54,59.9,9,9,271,80,0.0,255,32767,0.0,2127-15-31,0.0,0.0,26.68,0.0,0.0,0.0,0,0.90234375,2,147,06:46,19:36,2025-04-05 22:13:03.933162,Castel Volturno,73.9,12.296669,29.30119,13.653948,19.146732,EU EEA Common AQI,61.6,11.48804,25.173073,7200,11.231884,100,100,56.5,20.676329,Very Low,62.0,10.826983,100,1743890400,Very Low,22.756578,12.962478,Very Low,15.238781,53.6,14.536232,100,1743890400,12.405797
2025-04-05T22:13:15Z,0,29.729,72.6,54,59.9,10,9,274,80,0.0,255,32767,0.0,2127-15-31,0.0,0.0,26.68,0.0,0.0,0.0,0,0.90234375,2,147,06:46,19:36,2025-04-05 22:13:14.997127,Castel Volturno,73.9,12.296669,29.30119,13.653948,19.146732,EU EEA Common AQI,61.6,11.48804,25.173073,7200,11.231884,100,100,56.5,20.676329,Very Low,62.0,10.826983,100,1743890400,Very Low,22.756578,12.962478,Very Low,15.238781,53.6,14.536232,100,1743890400,12.405797
2025-04-05T22:13:26Z,0,29.729,72.6,54,59.9,10,9,277,80,0.0,255,32767,0.0,2127-15-31,0.0,0.0,26.68,0.0,0.0,0.0,0,0.90234375,2,147,06:46,19:36,2025-04-05 22:13:26.016166,Castel Volturno,73.9,12.296669,29.30119,13.653948,19.146732,EU EEA Common AQI,61.6,11.48804,25.173073,7200,11.231884,100,100,56.5,20.676329,Very Low,62.0,10.826983,100,1743890400,Very Low,22.756578,12.962478,Very Low,15.238781,53.6,14.536232,100,1743890400,12.405797
2025-04-05T22:13:37Z,0,29.729,72.6,54,59.9,10,9,280,80,0.0,255,32767,0.0,2127-15-31,0.0,0.0,26.68,0.0,0.0,0.0,0,1.681640625,2,147,06:46,19:36,2025-04-05 22:13:37.141166,Castel Volturno,73.9,12.296669,29.30119,13.653948,19.146732,EU EEA Common AQI,61.6,11.48804,25.173073,7200,11.231884,100,100,56.5,20.676329,Very Low,62.0,10.826983,100,1743890400,Very Low,22.756578,12.962478,Very Low,15.238781,53.6,14.536232,100,1743890400,12.405797
2025-04-05T22:13:48Z,0,29.729,72.6,54,59.9,10,9,278,80,0.0,255,32767,0.0,2127-15-31,0.0,0.0,26.68,0.0,0.0,0.0,0,1.681640625,2,147,06:46,19:36,2025-04-05 22:13:48.168169,Castel Volturno,73.9,12.296669,29.30119,13.653948,19.146732,EU EEA Common AQI,61.6,11.48804,25.173073,7200,11.231884,100,100,56.5,20.676329,Very Low,62.0,10.826983,100,1743890400,Very Low,22.756578,12.962478,Very Low,15.238781,53.6,14.536232,100,1743890400,12.405797
2025-04-05T22:13:59Z,0,29.729,72.6,54,59.9,11,9,276,80,0.0,255,32767,0.0,2127-15-31,0.0,0.0,26.68,0.0,0.0,0.0,0,1.681640625,2,147,06:46,19:36,2025-04-05 22:13:59.248160,Castel Volturno,73.9,12.296669,29.30119,13.653948,19.146732,EU EEA Common AQI,61.6,11.48804,25.173073,7200,11.231884,100,100,56.5,20.676329,Very Low,62.0,10.826983,100,1743890400,Very Low,22.756578,12.962478,Very Low,15.238781,53.6,14.536232,100,1743890400,12.405797
2025-04-05T22:14:10Z,0,29.729,72.6,54,59.9,10,9,276,80,0.0,255,32767,0.0,2127-15-31,0.0,0.0,26.68,0.0,0.0,0.0,0,1.681640625,2,147,06:46,19:36,2025-04-05 22:14:10.301161,Castel Volturno,73.9,12.296669,29.30119,13.653948,19.146732,EU EEA Common AQI,61.6,11.48804,25.173073,7200,11.231884,100,100,56.5,20.676329,Very Low,62.0,10.826983,100,1743890400,Very Low,22.756578,12.962478,Very Low,15.238781,53.6,14.536232,100,1743890400,12.405797
2025-04-05T22:14:21Z,0,29.729,72.6,54,59.9,11,9,277,80,0.0,255,32767,0.0,2127-15-31,0.0,0.0,26.68,0.0,0.0,0.0,0,1.681640625,2,147,06:46,19:36,2025-04-05 22:14:21.377167,Castel Volturno,73.9,12.296669,29.30119,13.653948,19.146732,EU EEA Common AQI,61.6,11.48804,25.173073,7200,11.231884,100,100,56.5,20.676329,Very Low,62.0,10.826983,100,1743890400,Very Low,22.756578,12.962478,Very Low,15.238781,53.6,14.536232,100,1743890400,12.405797
2025-04-05T22:14:32Z,0,29.729,72.6,54,59.9,10,9,276,80,0.0,255,32767,0.0,2127-15-31,0.0,0.0,26.68,0.0,0.0,0.0,0,0.732421875,2,147,06:46,19:36,2025-04-05 22:14:32.437182,Castel Volturno,73.9,12.296669,29.30119,13.653948,19.146732,EU EEA Common AQI,61.6,11.48804,25.173073,7200,11.231884,100,100,56.5,20.676329,Very Low,62.0,10.826983,100,1743890400,Very Low,22.756578,12.962478,Very Low,15.238781,53.6,14.536232,100,1743890400,12.405797
2025-04-05T22:14:43Z,0,29.729,72.6,54,59.9,10,9,275,80,0.0,255,32767,0.0,2127-15-31,0.0,0.0,26.68,0.0,0.0,0.0,0,0.732421875,2,147,06:46,19:36,2025-04-05 22:14:43.476164,Castel Volturno,73.9,12.296669,29.30119,13.653948,19.146732,EU EEA Common AQI,61.6,11.48804,25.173073,7200,11.231884,100,100,56.5,20.676329,Very Low,62.0,10.826983,100,1743890400,Very Low,22.756578,12.962478,Very Low,15.238781,53.6,14.536232,100,1743890400,12.405797
2025-04-05T22:14:54Z,0,29.729,72.6,54,59.8,10,9,277,80,0.0,255,32767,0.0,2127-15-31,0.0,0.0,26.68,0.0,0.0,0.0,0,0.732421875,2,147,06:46,19:36,2025-04-05 22:14:54.483122,Castel Volturno,73.9,12.296669,29.30119,13.653948,19.146732,EU EEA Common AQI,61.6,11.48804,25.173073,7200,11.231884,100,100,56.5,20.676329,Very Low,62.0,10.826983,100,1743890400,Very Low,22.756578,12.962478,Very Low,15.238781,53.6,14.536232,100,1743890400,12.405797
2025-04-05T22:15:05Z,0,29.729,72.6,54,59.8,10,9,279,80,0.0,255,32767,0.0,2127-15-31,0.0,0.0,26.68,0.0,0.0,0.0,0,0.732421875,2,147,06:46,19:36,2025-04-05 22:15:05.520130,Castel Volturno,73.9,12.296669,29.30119,13.653948,19.146732,EU EEA Common AQI,61.6,11.48804,25.173073,7200,11.231884,100,100,56.5,20.676329,Very Low,62.0,10.826983,100,1743890400,Very Low,22.756578,12.962478,Very Low,15.238781,53.6,14.536232,100,1743890400,12.405797
2025-04-05T22:15:16Z,0,29.729,72.6,54,59.8,11,9,277,80,0.0,255,32767,0.0,2127-15-31,0.0,0.0,26.68,0.0,0.0,0.0,0,0.732421875,2,147,06:46,19:36,2025-04-05 22:15:16.571167,Castel Volturno,73.9,12.296669,29.30119,13.653948,19.146732,EU EEA Common AQI,61.6,11.48804,25.173073,7200,11.231884,100,100,56.5,20.676329,Very Low,62.0,10.826983,100,1743890400,Very Low,22.756578,12.962478,Very Low,15.238781,53.6,14.536232,100,1743890400,12.405797
2025-04-05T22:15:27Z,0,29.729,72.6,54,59.9,11,9,275,80,0.0,255,32767,0.0,2127-15-31,0.0,0.0,26.68,0.0,0.0,0.0,0,0.732421875,2,147,06:46,19:36,2025-04-05 22:15:27.608175,Castel Volturno,73.7,12.610911,29.068386,13.680749,19.584044,EU EEA Common AQI,61.3,11.750426,24.975498,7200,9.826087,100,100,56.2,20.362318,Very Low,61.7,11.140266,100,1743891300,Very Low,22.801249,13.1983385,Very Low,15.148583,53.3,13.942029,100,1743891300,12.217391
2025-04-05T22:15:38Z,236,29.73,72.6,54,59.9,10,9,275,80,0.0,255,32767,0.0,2127-15-31,0.0,0.0,26.68,0.0,0.0,0.0,0,0.837890625,2,147,06:46,19:36,2025-04-05 22:15:38.658166,Castel Volturno,73.7,12.610911,29.068386,13.680749,19.584044,EU EEA Common AQI,61.3,11.750426,24.975498,7200,9.826087,100,100,56.2,20.362318,Very Low,61.7,11.140266,100,1743891300,Very Low,22.801249,13.1983385,Very Low,15.148583,53.3,13.942029,100,1743891300,12.217391
2025-04-05T22:15:49Z,236,29.73,72.6,54,59.8,10,9,274,80,0.0,255,32767,0.0,2127-15-31,0.0,0.0,26.68,0.0,0.0,0.0,0,0.837890625,2,147,06:46,19:36,2025-04-05 22:15:49.664162,Castel Volturno,73.7,12.610911,29.068386,13.680749,19.584044,EU EEA Common AQI,61.3,11.750426,24.975498,7200,9.826087,100,100,56.2,20.362318,Very Low,61.7,11.140266,100,1743891300,Very Low,22.801249,13.1983385,Very Low,15.148583,53.3,13.942029,100,1743891300,12.217391
2025-04-05T22:16:00Z,236,29.73,72.6,54,59.8,9,9,277,80,0.0,255,32767,0.0,2127-15-31,0.0,0.0,26.68,0.0,0.0,0.0,0,0.837890625,2,147,06:46,19:36,2025-04-05 22:16:00.708161,Castel Volturno,73.7,12.610911,29.068386,13.680749,19.584044,EU EEA Common AQI,61.3,11.750426,24.975498,7200,9.826087,100,100,56.2,20.362318,Very Low,61.7,11.140266,100,1743891300,Very Low,22.801249,13.1983385,Very Low,15.148583,53.3,13.942029,100,1743891300,12.217391
2025-04-05T22:16:11Z,236,29.73,72.6,54,59.8,11,9,282,80,0.0,255,32767,0.0,2127-15-31,0.0,0.0,26.68,0.0,0.0,0.0,0,0.837890625,2,147,06:46,19:36,2025-04-05 22:16:11.719167,Castel Volturno,73.7,12.610911,29.068386,13.680749,19.584044,EU EEA Common AQI,61.3,11.750426,24.975498,7200,9.826087,100,100,56.2,20.362318,Very Low,61.7,11.140266,100,1743891300,Very Low,22.801249,13.1983385,Very Low,15.148583,53.3,13.942029,100,1743891300,12.217391
2025-04-05T22:16:22Z,236,29.73,72.6,54,59.8,11,9,275,80,0.0,255,32767,0.0,2127-15-31,0.0,0.0,26.68,0.0,0.0,0.0,0,0.837890625,2,147,06:46,19:36,2025-04-05 22:16:22.793172,Castel Volturno,73.7,12.610911,29.068386,13.680749,19.584044,EU EEA Common AQI,61.3,11.750426,24.975498,7200,9.826087,100,100,56.2,20.362318,Very Low,61.7,11.140266,100,1743891300,Very Low,22.801249,13.1983385,Very Low,15.148583,53.3,13.942029,100,1743891300,12.217391
2025-04-05T22:16:34Z,236,29.729,72.6,54,59.8,11,9,274,80,0.0,255,32767,0.0,2127-15-31,0.0,0.0,26.68,0.0,0.0,0.0,0,0.732421875,2,147,06:46,19:36,2025-04-05 22:16:33.836162,Castel Volturno,73.7,12.610911,29.068386,13.680749,19.584044,EU EEA Common AQI,61.3,11.750426,24.975498,7200,9.826087,100,100,56.2,20.362318,Very Low,61.7,11.140266,100,1743891300,Very Low,22.801249,13.1983385,Very Low,15.148583,53.3,13.942029,100,1743891300,12.217391
2025-04-05T22:16:45Z,236,29.729,72.6,54,59.8,10,9,273,80,0.0,255,32767,0.0,2127-15-31,0.0,0.0,26.68,0.0,0.0,0.0,0,0.732421875,2,147,06:46,19:36,2025-04-05 22:16:44.932165,Castel Volturno,73.7,12.610911,29.068386,13.680749,19.584044,EU EEA Common AQI,61.3,11.750426,24.975498,7200,9.826087,100,100,56.2,20.362318,Very Low,61.7,11.140266,100,1743891300,Very Low,22.801249,13.1983385,Very Low,15.148583,53.3,13.942029,100,1743891300,12.217391
2025-04-05T22:16:56Z,236,29.729,72.6,54,59.8,10,9,274,80,0.0,255,32767,0.0,2127-15-31,0.0,0.0,26.68,0.0,0.0,0.0,0,0.732421875,2,147,06:46,19:36,2025-04-05 22:16:55.963164,Castel Volturno,73.7,12.610911,29.068386,13.680749,19.584044,EU EEA Common AQI,61.3,11.750426,24.975498,7200,9.826087,100,100,56.2,20.362318,Very Low,61.7,11.140266,100,1743891300,Very Low,22.801249,13.1983385,Very Low,15.148583,53.3,13.942029,100,1743891300,12.217391
2025-04-05T22:17:07Z,236,29.729,72.6,54,59.8,10,9,273,80,0.0,255,32767,0.0,2127-15-31,0.0,0.0,26.68,0.0,0.0,0.0,0,0.732421875,2,147,06:46,19:36,2025-04-05 22:17:07.029171,Castel Volturno,73.7,12.610911,29.068386,13.680749,19.584044,EU EEA Common AQI,61.3,11.750426,24.975498,7200,9.826087,100,100,56.2,20.362318,Very Low,61.7,11.140266,100,1743891300,Very Low,22.801249,13.1983385,Very Low,15.148583,53.3,13.942029,100,1743891300,12.217391
2025-04-05T22:17:18Z,236,29.729,72.6,54,59.8,10,9,274,80,0.0,255,32767,0.0,2127-15-31,0.0,0.0,26.68,0.0,0.0,0.0,0,0.732421875,2,147,06:46,19:36,2025-04-05 22:17:18.108165,Castel Volturno,73.7,12.610911,29.068386,13.680749,19.584044,EU EEA Common AQI,61.3,11.750426,24.975498,7200,9.826087,100,100,56.2,20.362318,Very Low,61.7,11.140266,100,1743891300,Very Low,22.801249,13.1983385,Very Low,15.148583,53.3,13.942029,100,1743891300,12.217391
2025-04-05T22:17:29Z,236,29.729,72.6,54,59.8,10,9,273,80,0.0,255,32767,0.0,2127-15-31,0.0,0.0,26.68,0.0,0.0,0.0,0,0.732421875,2,147,06:46,19:36,2025-04-05 22:17:29.169165,Castel Volturno,73.7,12.610911,29.068386,13.680749,19.584044,EU EEA Common AQI,61.3,11.750426,24.975498,7200,9.826087,100,100,56.2,20.362318,Very Low,61.7,11.140266,100,1743891300,Very Low,22.801249,13.1983385,Very Low,15.148583,53.3,13.942029,100,1743891300,12.217391
2025-04-05T22:17:40Z,236,29.73,72.6,54,59.8,10,10,273,80,0.0,255,32767,0.0,2127-15-31,0.0,0.0,26.68,0.0,0.0,0.0,0,0.73828125,2,147,06:46,19:36,2025-04-05 22:17:40.395170,Castel Volturno,73.7,12.610911,29.068386,13.680749,19.584044,EU EEA Common AQI,61.3,11.750426,24.975498,7200,9.826087,100,100,56.2,20.362318,Very Low,61.7,11.140266,100,1743891300,Very Low,22.801249,13.1983385,Very Low,15.148583,53.3,13.942029,100,1743891300,12.217391
2025-04-05T22:17:51Z,236,29.73,72.6,54,59.8,10,10,278,80,0.0,255,32767,0.0,2127-15-31,0.0,0.0,26.68,0.0,0.0,0.0,0,0.73828125,2,147,06:46,19:36,2025-04-05 22:17:51.412134,Castel Volturno,73.7,12.610911,29.068386,13.680749,19.584044,EU EEA Common AQI,61.3,11.750426,24.975498,7200,9.826087,100,100,56.2,20.362318,Very Low,61.7,11.140266,100,1743891300,Very Low,22.801249,13.1983385,Very Low,15.148583,53.3,13.942029,100,1743891300,12.217391
2025-04-05T22:18:02Z,236,29.73,72.6,54,59.8,10,10,279,79,0.0,255,32767,0.0,2127-15-31,0.0,0.0,26.68,0.0,0.0,0.0,0,0.73828125,2,147,06:46,19:36,2025-04-05 22:18:02.436152,Castel Volturno,73.7,12.610911,29.068386,13.680749,19.584044,EU EEA Common AQI,61.3,11.750426,24.975498,7200,9.826087,100,100,56.2,20.362318,Very Low,61.7,11.140266,100,1743891300,Very Low,22.801249,13.1983385,Very Low,15.148583,53.3,13.942029,100,1743891300,12.217391
2025-04-05T22:18:13Z,236,29.73,72.6,54,59.8,10,10,281,79,0.0,255,32767,0.0,2127-15-31,0.0,0.0,26.68,0.0,0.0,0.0,0,0.73828125,2,147,06:46,19:36,2025-04-05 22:18:13.453168,Castel Volturno,73.7,12.610911,29.068386,13.680749,19.584044,EU EEA Common AQI,61.3,11.750426,24.975498,7200,9.826087,100,100,56.2,20.362318,Very Low,61.7,11.140266,100,1743891300,Very Low,22.801249,13.1983385,Very Low,15.148583,53.3,13.942029,100,1743891300,12.217391
2025-04-05T22:18:24Z,236,29.73,72.6,54,59.9,11,10,284,79,0.0,255,32767,0.0,2127-15-31,0.0,0.0,26.68,0.0,0.0,0.0,0,0.73828125,2,147,06:46,19:36,2025-04-05 22:18:24.512175,Castel Volturno,73.7,12.610911,29.068386,13.680749,19.584044,EU EEA Common AQI,61.3,11.750426,24.975498,7200,9.826087,100,100,56.2,20.362318,Very Low,61.7,11.140266,100,1743891300,Very Low,22.801249,13.1983385,Very Low,15.148583,53.3,13.942029,100,1743891300,12.217391
2025-04-05T22:18:35Z,236,29.732,72.6,54,59.9,10,10,291,79,0.0,255,32767,0.0,2127-15-31,0.0,0.0,26.68,0.0,0.0,0.0,0,0.75,2,147,06:46,19:36,2025-04-05 22:18:35.560170,Castel Volturno,73.7,12.610911,29.068386,13.680749,19.584044,EU EEA Common AQI,61.3,11.750426,24.975498,7200,9.826087,100,100,56.2,20.362318,Very Low,61.7,11.140266,100,1743891300,Very Low,22.801249,13.1983385,Very Low,15.148583,53.3,13.942029,100,1743891300,12.217391
2025-04-05T22:18:46Z,236,29.732,72.6,54,59.8,10,10,284,79,0.0,255,32767,0.0,2127-15-31,0.0,0.0,26.68,0.0,0.0,0.0,0,0.75,2,147,06:46,19:36,2025-04-05 22:18:46.599169,Castel Volturno,73.7,12.610911,29.068386,13.680749,19.584044,EU EEA Common AQI,61.3,11.750426,24.975498,7200,9.826087,100,100,56.2,20.362318,Very Low,61.7,11.140266,100,1743891300,Very Low,22.801249,13.1983385,Very Low,15.148583,53.3,13.942029,100,1743891300,12.217391
2025-04-05T22:18:57Z,236,29.732,72.6,54,59.9,9,10,284,79,0.0,255,32767,0.0,2127-15-31,0.0,0.0,26.68,0.0,0.0,0.0,0,0.75,2,147,06:46,19:36,2025-04-05 22:18:57.635169,Castel Volturno,73.7,12.610911,29.068386,13.680749,19.584044,EU EEA Common AQI,61.3,11.750426,24.975498,7200,9.826087,100,100,56.2,20.362318,Very Low,61.7,11.140266,100,1743891300,Very Low,22.801249,13.1983385,Very Low,15.148583,53.3,13.942029,100,1743891300,12.217391
2025-04-05T22:19:08Z,236,29.732,72.6,54,59.9,10,10,277,79,0.0,255,32767,0.0,2127-15-31,0.0,0.0,26.68,0.0,0.0,0.0,0,0.75,2,147,06:46,19:36,2025-04-05 22:19:08.662126,Castel Volturno,73.7,12.610911,29.068386,13.680749,19.584044,EU EEA Common AQI,61.3,11.750426,24.975498,7200,9.826087,100,100,56.2,20.362318,Very Low,61.7,11.140266,100,1743891300,Very Low,22.801249,13.1983385,Very Low,15.148583,53.3,13.942029,100,1743891300,12.217391
2025-04-05T22:19:19Z,236,29.732,72.6,54,59.9,10,10,283,79,0.0,255,32767,0.0,2127-15-31,0.0,0.0,26.68,0.0,0.0,0.0,0,0.75,2,147,06:46,19:36,2025-04-05 22:19:19.676163,Castel Volturno,73.7,12.610911,29.068386,13.680749,19.584044,EU EEA Common AQI,61.3,11.750426,24.975498,7200,9.826087,100,100,56.2,20.362318,Very Low,61.7,11.140266,100,1743891300,Very Low,22.801249,13.1983385,Very Low,15.148583,53.3,13.942029,100,1743891300,12.217391
2025-04-05T22:19:30Z,236,29.732,72.6,54,59.9,9,10,283,79,0.0,255,32767,0.0,2127-15-31,0.0,0.0,26.68,0.0,0.0,0.0,0,0.75,2,147,06:46,19:36,2025-04-05 22:19:30.702164,Castel Volturno,73.7,12.610911,29.068386,13.680749,19.584044,EU EEA Common AQI,61.3,11.750426,24.975498,7200,9.826087,100,100,56.2,20.362318,Very Low,61.7,11.140266,100,1743891300,Very Low,22.801249,13.1983385,Very Low,15.148583,53.3,13.942029,100,1743891300,12.217391
2025-04-05T22:19:41Z,236,29.729,72.6,54,59.9,9,10,275,79,0.0,255,32767,0.0,2127-15-31,0.0,0.0,26.68,0.0,0.0,0.0,0,0.884765625,2,147,06:46,19:36,2025-04-05 22:19:41.732132,Castel Volturno,73.7,12.610911,29.068386,13.680749,19.584044,EU EEA Common AQI,61.3,11.750426,24.975498,7200,9.826087,100,100,56.2,20.362318,Very Low,61.7,11.140266,100,1743891300,Very Low,22.801249,13.1983385,Very Low,15.148583,53.3,13.942029,100,1743891300,12.217391
2025-04-05T22:19:52Z,236,29.729,72.6,54,59.9,9,10,287,79,0.0,255,32767,0.0,2127-15-31,0.0,0.0,26.68,0.0,0.0,0.0,0,0.884765625,2,147,06:46,19:36,2025-04-05 22:19:52.787166,Castel Volturno,73.7,12.610911,29.068386,13.680749,19.584044,EU EEA Common AQI,61.3,11.750426,24.975498,7200,9.826087,100,100,56.2,20.362318,Very Low,61.7,11.140266,100,1743891300,Very Low,22.801249,13.1983385,Very Low,15.148583,53.3,13.942029,100,1743891300,12.217391
2025-04-05T22:20:04Z,236,29.729,72.6,54,59.9,9,10,286,79,0.0,255,32767,0.0,2127-15-31,0.0,0.0,26.68,0.0,0.0,0.0,0,0.884765625,2,147,06:46,19:36,2025-04-05 22:20:03.831129,Castel Volturno,73.7,12.610911,29.068386,13.680749,19.584044,EU EEA Common AQI,61.3,11.750426,24.975498,7200,9.826087,100,100,56.2,20.362318,Very Low,61.7,11.140266,100,1743891300,Very Low,22.801249,13.1983385,Very Low,15.148583,53.3,13.942029,100,1743891300,12.217391
2025-04-05T22:20:15Z,236,29.729,72.6,54,59.9,11,10,281,79,0.0,255,32767,0.0,2127-15-31,0.0,0.0,26.68,0.0,0.0,0.0,0,0.884765625,2,147,06:46,19:36,2025-04-05 22:20:14.842174,Castel Volturno,73.7,12.610911,29.068386,13.680749,19.584044,EU EEA Common AQI,61.3,11.750426,24.975498,7200,9.826087,100,100,56.2,20.362318,Very Low,61.7,11.140266,100,1743891300,Very Low,22.801249,13.1983385,Very Low,15.148583,53.3,13.942029,100,1743891300,12.217391
2025-04-05T22:20:26Z,236,29.729,72.6,54,59.9,11,10,277,79,0.0,255,32767,0.0,2127-15-31,0.0,0.0,26.68,0.0,0.0,0.0,0,0.884765625,2,147,06:46,19:36,2025-04-05 22:20:25.850163,Castel Volturno,73.7,12.610911,29.068386,13.680749,19.584044,EU EEA Common AQI,61.3,11.750426,24.975498,7200,9.826087,100,100,56.2,20.362318,Very Low,61.7,11.140266,100,1743891300,Very Low,22.801249,13.1983385,Very Low,15.148583,53.3,13.942029,100,1743891300,12.217391
2025-04-05T22:20:37Z,236,29.729,72.6,54,59.9,10,10,283,79,0.0,255,32767,0.0,2127-15-31,0.0,0.0,26.68,0.0,0.0,0.0,0,1.564453125,2,147,06:46,19:36,2025-04-05 22:20:36.908163,Castel Volturno,73.7,12.610911,29.068386,13.680749,19.584044,EU EEA Common AQI,61.3,11.750426,24.975498,7200,9.826087,100,100,56.2,20.362318,Very Low,61.7,11.140266,100,1743891300,Very Low,22.801249,13.1983385,Very Low,15.148583,53.3,13.942029,100,1743891300,12.217391
2025-04-05T22:20:48Z,236,29.729,72.6,54,59.9,10,10,281,79,0.0,255,32767,0.0,2127-15-31,0.0,0.0,26.68,0.0,0.0,0.0,0,1.564453125,2,147,06:46,19:36,2025-04-05 22:20:47.944161,Castel Volturno,73.7,12.610911,29.068386,13.680749,19.584044,EU EEA Common AQI,61.3,11.750426,24.975498,7200,9.826087,100,100,56.2,20.362318,Very Low,61.7,11.140266,100,1743891300,Very Low,22.801249,13.1983385,Very Low,15.148583,53.3,13.942029,100,1743891300,12.217391
2025-04-05T22:20:59Z,236,29.729,72.6,54,59.9,10,10,272,79,0.0,255,32767,0.0,2127-15-31,0.0,0.0,26.68,0.0,0.0,0.0,0,1.564453125,2,147,06:46,19:36,2025-04-05 22:20:58.987168,Castel Volturno,73.7,12.610911,29.068386,13.680749,19.584044,EU EEA Common AQI,61.3,11.750426,24.975498,7200,9.826087,100,100,56.2,20.362318,Very Low,61.7,11.140266,100,1743891300,Very Low,22.801249,13.1983385,Very Low,15.148583,53.3,13.942029,100,1743891300,12.217391
2025-04-05T22:21:10Z,236,29.729,72.6,54,59.9,9,10,279,79,0.0,255,32767,0.0,2127-15-31,0.0,0.0,26.68,0.0,0.0,0.0,0,1.564453125,2,147,06:46,19:36,2025-04-05 22:21:10.014186,Castel Volturno,73.7,12.610911,29.068386,13.680749,19.584044,EU EEA Common AQI,61.3,11.750426,24.975498,7200,9.826087,100,100,56.2,20.362318,Very Low,61.7,11.140266,100,1743891300,Very Low,22.801249,13.1983385,Very Low,15.148583,53.3,13.942029,100,1743891300,12.217391
2025-04-05T22:21:21Z,236,29.729,72.6,54,59.9,10,10,277,79,0.0,255,32767,0.0,2127-15-31,0.0,0.0,26.68,0.0,0.0,0.0,0,1.564453125,2,147,06:46,19:36,2025-04-05 22:21:21.080165,Castel Volturno,73.7,12.610911,29.068386,13.680749,19.584044,EU EEA Common AQI,61.3,11.750426,24.975498,7200,9.826087,100,100,56.2,20.362318,Very Low,61.7,11.140266,100,1743891300,Very Low,22.801249,13.1983385,Very Low,15.148583,53.3,13.942029,100,1743891300,12.217391
2025-04-05T22:21:32Z,236,29.726,72.6,54,59.9,8,10,279,79,0.0,255,32767,0.0,2127-15-31,0.0,0.0,26.68,0.0,0.0,0.0,0,0.732421875,2,147,06:46,19:36,2025-04-05 22:21:32.171163,Castel Volturno,73.7,12.610911,29.068386,13.680749,19.584044,EU EEA Common AQI,61.3,11.750426,24.975498,7200,9.826087,100,100,56.2,20.362318,Very Low,61.7,11.140266,100,1743891300,Very Low,22.801249,13.1983385,Very Low,15.148583,53.3,13.942029,100,1743891300,12.217391
2025-04-05T22:21:43Z,236,29.726,72.6,54,59.9,10,10,282,79,0.0,255,32767,0.0,2127-15-31,0.0,0.0,26.68,0.0,0.0,0.0,0,0.732421875,2,147,06:46,19:36,2025-04-05 22:21:43.201163,Castel Volturno,73.7,12.610911,29.068386,13.680749,19.584044,EU EEA Common AQI,61.3,11.750426,24.975498,7200,9.826087,100,100,56.2,20.362318,Very Low,61.7,11.140266,100,1743891300,Very Low,22.801249,13.1983385,Very Low,15.148583,53.3,13.942029,100,1743891300,12.217391
2025-04-05T22:21:54Z,236,29.726,72.6,54,59.9,9,10,284,79,0.0,255,32767,0.0,2127-15-31,0.0,0.0,26.68,0.0,0.0,0.0,0,0.732421875,2,147,06:46,19:36,2025-04-05 22:21:54.239162,Castel Volturno,73.7,12.610911,29.068386,13.680749,19.584044,EU EEA Common AQI,61.3,11.750426,24.975498,7200,9.826087,100,100,56.2,20.362318,Very Low,61.7,11.140266,100,1743891300,Very Low,22.801249,13.1983385,Very Low,15.148583,53.3,13.942029,100,1743891300,12.217391
2025-04-05T22:22:05Z,236,29.726,72.6,54,59.9,9,10,282,79,0.0,255,32767,0.0,2127-15-31,0.0,0.0,26.68,0.0,0.0,0.0,0,0.732421875,2,147,06:46,19:36,2025-04-05 22:22:05.298173,Castel Volturno,73.7,12.610911,29.068386,13.680749,19.584044,EU EEA Common AQI,61.3,11.750426,24.975498,7200,9.826087,100,100,56.2,20.362318,Very Low,61.7,11.140266,100,1743891300,Very Low,22.801249,13.1983385,Very Low,15.148583,53.3,13.942029,100,1743891300,12.217391
2025-04-05T22:22:16Z,236,29.726,72.6,54,59.9,8,10,285,79,0.0,255,32767,0.0,2127-15-31,0.0,0.0,26.68,0.0,0.0,0.0,0,0.732421875,2,147,06:46,19:36,2025-04-05 22:22:16.348189,Castel Volturno,73.7,12.610911,29.068386,13.680749,19.584044,EU EEA Common AQI,61.3,11.750426,24.975498,7200,9.826087,100,100,56.2,20.362318,Very Low,61.7,11.140266,100,1743891300,Very Low,22.801249,13.1983385,Very Low,15.148583,53.3,13.942029,100,1743891300,12.217391
2025-04-05T22:22:27Z,236,29.726,72.6,54,59.9,10,10,284,79,0.0,255,32767,0.0,2127-15-31,0.0,0.0,26.68,0.0,0.0,0.0,0,0.732421875,2,147,06:46,19:36,2025-04-05 22:22:27.386169,Castel Volturno,73.7,12.610911,29.068386,13.680749,19.584044,EU EEA Common AQI,61.3,11.750426,24.975498,7200,9.826087,100,100,56.2,20.362318,Very Low,61.7,11.140266,100,1743891300,Very Low,22.801249,13.1983385,Very Low,15.148583,53.3,13.942029,100,1743891300,12.217391
2025-04-05T22:22:38Z,236,29.729,72.6,54,59.9,8,10,277,79,0.0,255,32767,0.0,2127-15-31,0.0,0.0,26.68,0.0,0.0,0.0,0,0.732421875,2,147,06:46,19:36,2025-04-05 22:22:38.402184,Castel Volturno,73.7,12.610911,29.068386,13.680749,19.584044,EU EEA Common AQI,61.3,11.750426,24.975498,7200,9.826087,100,100,56.2,20.362318,Very Low,61.7,11.140266,100,1743891300,Very Low,22.801249,13.1983385,Very Low,15.148583,53.3,13.942029,100,1743891300,12.217391
2025-04-05T22:22:49Z,236,29.729,72.6,54,59.9,8,10,290,79,0.0,255,32767,0.0,2127-15-31,0.0,0.0,26.68,0.0,0.0,0.0,0,0.732421875,2,147,06:46,19:36,2025-04-05 22:22:49.428165,Castel Volturno,73.7,12.610911,29.068386,13.680749,19.584044,EU EEA Common AQI,61.3,11.750426,24.975498,7200,9.826087,100,100,56.2,20.362318,Very Low,61.7,11.140266,100,1743891300,Very Low,22.801249,13.1983385,Very Low,15.148583,53.3,13.942029,100,1743891300,12.217391
2025-04-05T22:23:00Z,236,29.729,72.6,54,59.9,8,10,271,79,0.0,255,32767,0.0,2127-15-31,0.0,0.0,26.68,0.0,0.0,0.0,0,0.732421875,2,147,06:46,19:36,2025-04-05 22:23:00.489164,Castel Volturno,73.7,12.610911,29.068386,13.680749,19.584044,EU EEA Common AQI,61.3,11.750426,24.975498,7200,9.826087,100,100,56.2,20.362318,Very Low,61.7,11.140266,100,1743891300,Very Low,22.801249,13.1983385,Very Low,15.148583,53.3,13.942029,100,1743891300,12.217391
2025-04-05T22:23:11Z,236,29.729,72.6,54,59.9,7,10,290,79,0.0,255,32767,0.0,2127-15-31,0.0,0.0,26.68,0.0,0.0,0.0,0,0.732421875,2,147,06:46,19:36,2025-04-05 22:23:11.545160,Castel Volturno,73.7,12.610911,29.068386,13.680749,19.584044,EU EEA Common AQI,61.3,11.750426,24.975498,7200,9.826087,100,100,56.2,20.362318,Very Low,61.7,11.140266,100,1743891300,Very Low,22.801249,13.1983385,Very Low,15.148583,53.3,13.942029,100,1743891300,12.217391
2025-04-05T22:23:22Z,236,29.729,72.6,54,59.9,8,10,279,79,0.0,255,32767,0.0,2127-15-31,0.0,0.0,26.68,0.0,0.0,0.0,0,0.732421875,2,147,06:46,19:36,2025-04-05 22:23:22.621162,Castel Volturno,73.7,12.610911,29.068386,13.680749,19.584044,EU EEA Common AQI,61.3,11.750426,24.975498,7200,9.826087,100,100,56.2,20.362318,Very Low,61.7,11.140266,100,1743891300,Very Low,22.801249,13.1983385,Very Low,15.148583,53.3,13.942029,100,1743891300,12.217391
2025-04-05T22:23:33Z,236,29.729,72.6,54,59.9,7,10,273,79,0.0,255,32767,0.0,2127-15-31,0.0,0.0,26.68,0.0,0.0,0.0,0,0.732421875,2,147,06:46,19:36,2025-04-05 22:23:33.702163,Castel Volturno,73.7,12.610911,29.068386,13.680749,19.584044,EU EEA Common AQI,61.3,11.750426,24.975498,7200,9.826087,100,100,56.2,20.362318,Very Low,61.7,11.140266,100,1743891300,Very Low,22.801249,13.1983385,Very Low,15.148583,53.3,13.942029,100,1743891300,12.217391
2025-04-05T22:23:44Z,236,29.729,72.6,54,59.9,7,10,282,79,0.0,255,32767,0.0,2127-15-31,0.0,0.0,26.68,0.0,0.0,0.0,0,0.732421875,2,147,06:46,19:36,2025-04-05 22:23:44.723159,Castel Volturno,73.7,12.610911,29.068386,13.680749,19.584044,EU EEA Common AQI,61.3,11.750426,24.975498,7200,9.826087,100,100,56.2,20.362318,Very Low,61.7,11.140266,100,1743891300,Very Low,22.801249,13.1983385,Very Low,15.148583,53.3,13.942029,100,1743891300,12.217391
2025-04-05T22:23:55Z,236,29.729,72.6,54,59.9,7,10,280,79,0.0,255,32767,0.0,2127-15-31,0.0,0.0,26.68,0.0,0.0,0.0,0,0.732421875,2,147,06:46,19:36,2025-04-05 22:23:55.743163,Castel Volturno,73.7,12.610911,29.068386,13.680749,19.584044,EU EEA Common AQI,61.3,11.750426,24.975498,7200,9.826087,100,100,56.2,20.362318,Very Low,61.7,11.140266,100,1743891300,Very Low,22.801249,13.1983385,Very Low,15.148583,53.3,13.942029,100,1743891300,12.217391
2025-04-05T22:24:06Z,236,29.729,72.6,54,59.9,7,10,284,79,0.0,255,32767,0.0,2127-15-31,0.0,0.0,26.68,0.0,0.0,0.0,0,0.732421875,2,147,06:46,19:36,2025-04-05 22:24:06.750162,Castel Volturno,73.7,12.610911,29.068386,13.680749,19.584044,EU EEA Common AQI,61.3,11.750426,24.975498,7200,9.826087,100,100,56.2,20.362318,Very Low,61.7,11.140266,100,1743891300,Very Low,22.801249,13.1983385,Very Low,15.148583,53.3,13.942029,100,1743891300,12.217391
2025-04-05T22:24:18Z,236,29.729,72.6,54,59.9,8,10,298,80,0.0,255,32767,0.0,2127-15-31,0.0,0.0,26.68,0.0,0.0,0.0,0,0.732421875,2,147,06:46,19:36,2025-04-05 22:24:17.810177,Castel Volturno,73.7,12.610911,29.068386,13.680749,19.584044,EU EEA Common AQI,61.3,11.750426,24.975498,7200,9.826087,100,100,56.2,20.362318,Very Low,61.7,11.140266,100,1743891300,Very Low,22.801249,13.1983385,Very Low,15.148583,53.3,13.942029,100,1743891300,12.217391
2025-04-05T22:24:29Z,236,29.729,72.6,54,59.9,7,10,286,80,0.0,255,32767,0.0,2127-15-31,0.0,0.0,26.68,0.0,0.0,0.0,0,0.732421875,2,147,06:46,19:36,2025-04-05 22:24:28.866167,Castel Volturno,73.7,12.610911,29.068386,13.680749,19.584044,EU EEA Common AQI,61.3,11.750426,24.975498,7200,9.826087,100,100,56.2,20.362318,Very Low,61.7,11.140266,100,1743891300,Very Low,22.801249,13.1983385,Very Low,15.148583,53.3,13.942029,100,1743891300,12.217391
2025-04-05T22:24:40Z,236,29.728,72.6,54,59.9,8,9,294,80,0.0,255,32767,0.0,2127-15-31,0.0,0.0,26.68,0.0,0.0,0.0,0,0.732421875,2,147,06:46,19:36,2025-04-05 22:24:39.889166,Castel Volturno,73.7,12.610911,29.068386,13.680749,19.584044,EU EEA Common AQI,61.3,11.750426,24.975498,7200,9.826087,100,100,56.2,20.362318,Very Low,61.7,11.140266,100,1743891300,Very Low,22.801249,13.1983385,Very Low,15.148583,53.3,13.942029,100,1743891300,12.217391
2025-04-05T22:24:51Z,236,29.728,72.6,54,59.9,8,9,290,80,0.0,255,32767,0.0,2127-15-31,0.0,0.0,26.68,0.0,0.0,0.0,0,0.732421875,2,147,06:46,19:36,2025-04-05 22:24:50.893162,Castel Volturno,73.7,12.610911,29.068386,13.680749,19.584044,EU EEA Common AQI,61.3,11.750426,24.975498,7200,9.826087,100,100,56.2,20.362318,Very Low,61.7,11.140266,100,1743891300,Very Low,22.801249,13.1983385,Very Low,15.148583,53.3,13.942029,100,1743891300,12.217391
2025-04-05T22:25:02Z,236,29.728,72.6,54,59.9,9,9,286,79,0.0,255,32767,0.0,2127-15-31,0.0,0.0,26.68,0.0,0.0,0.0,0,0.732421875,2,147,06:46,19:36,2025-04-05 22:25:01.946163,Castel Volturno,73.7,12.610911,29.068386,13.680749,19.584044,EU EEA Common AQI,61.3,11.750426,24.975498,7200,9.826087,100,100,56.2,20.362318,Very Low,61.7,11.140266,100,1743891300,Very Low,22.801249,13.1983385,Very Low,15.148583,53.3,13.942029,100,1743891300,12.217391
2025-04-05T22:25:13Z,236,29.728,72.6,54,59.8,7,9,274,79,0.0,255,32767,0.0,2127-15-31,0.0,0.0,26.68,0.0,0.0,0.0,0,0.732421875,2,147,06:46,19:36,2025-04-05 22:25:12.981161,Castel Volturno,73.7,12.610911,29.068386,13.680749,19.584044,EU EEA Common AQI,61.3,11.750426,24.975498,7200,9.826087,100,100,56.2,20.362318,Very Low,61.7,11.140266,100,1743891300,Very Low,22.801249,13.1983385,Very Low,15.148583,53.3,13.942029,100,1743891300,12.217391
2025-04-05T22:25:24Z,236,29.728,72.6,54,59.8,7,9,289,79,0.0,255,32767,0.0,2127-15-31,0.0,0.0,26.68,0.0,0.0,0.0,0,0.732421875,2,147,06:46,19:36,2025-04-05 22:25:24.028164,Castel Volturno,73.7,12.610911,29.068386,13.680749,19.584044,EU EEA Common AQI,61.3,11.750426,24.975498,7200,9.826087,100,100,56.2,20.362318,Very Low,61.7,11.140266,100,1743891300,Very Low,22.801249,13.1983385,Very Low,15.148583,53.3,13.942029,100,1743891300,12.217391
2025-04-05T22:25:35Z,236,29.727,72.6,54,59.9,5,9,291,79,0.0,255,32767,0.0,2127-15-31,0.0,0.0,26.68,0.0,0.0,0.0,0,0.75,2,147,06:46,19:36,2025-04-05 22:25:35.046167,Castel Volturno,73.7,12.610911,29.068386,13.680749,19.584044,EU EEA Common AQI,61.3,11.750426,24.975498,7200,9.826087,100,100,56.2,20.362318,Very Low,61.7,11.140266,100,1743891300,Very Low,22.801249,13.1983385,Very Low,15.148583,53.3,13.942029,100,1743891300,12.217391
2025-04-05T22:25:46Z,236,29.727,72.6,54,59.9,5,9,298,79,0.0,255,32767,0.0,2127-15-31,0.0,0.0,26.68,0.0,0.0,0.0,0,0.75,2,147,06:46,19:36,2025-04-05 22:25:46.093166,Castel Volturno,73.7,12.610911,29.068386,13.680749,19.584044,EU EEA Common AQI,61.3,11.750426,24.975498,7200,9.826087,100,100,56.2,20.362318,Very Low,61.7,11.140266,100,1743891300,Very Low,22.801249,13.1983385,Very Low,15.148583,53.3,13.942029,100,1743891300,12.217391
2025-04-05T22:25:57Z,236,29.727,72.6,54,59.9,10,9,286,79,0.0,255,32767,0.0,2127-15-31,0.0,0.0,26.68,0.0,0.0,0.0,0,0.75,2,147,06:46,19:36,2025-04-05 22:25:57.104161,Castel Volturno,73.7,12.610911,29.068386,13.680749,19.584044,EU EEA Common AQI,61.3,11.750426,24.975498,7200,9.826087,100,100,56.2,20.362318,Very Low,61.7,11.140266,100,1743891300,Very Low,22.801249,13.1983385,Very Low,15.148583,53.3,13.942029,100,1743891300,12.217391
2025-04-05T22:26:08Z,236,29.727,72.6,54,59.9,9,9,290,79,0.0,255,32767,0.0,2127-15-31,0.0,0.0,26.68,0.0,0.0,0.0,0,0.75,2,147,06:46,19:36,2025-04-05 22:26:08.172160,Castel Volturno,73.7,12.610911,29.068386,13.680749,19.584044,EU EEA Common AQI,61.3,11.750426,24.975498,7200,9.826087,100,100,56.2,20.362318,Very Low,61.7,11.140266,100,1743891300,Very Low,22.801249,13.1983385,Very Low,15.148583,53.3,13.942029,100,1743891300,12.217391
2025-04-05T22:26:19Z,236,29.727,72.6,54,59.8,9,9,283,79,0.0,255,32767,0.0,2127-15-31,0.0,0.0,26.68,0.0,0.0,0.0,0,0.75,2,147,06:46,19:36,2025-04-05 22:26:19.221163,Castel Volturno,73.7,12.610911,29.068386,13.680749,19.584044,EU EEA Common AQI,61.3,11.750426,24.975498,7200,9.826087,100,100,56.2,20.362318,Very Low,61.7,11.140266,100,1743891300,Very Low,22.801249,13.1983385,Very Low,15.148583,53.3,13.942029,100,1743891300,12.217391
2025-04-05T22:26:30Z,236,29.727,72.6,54,59.9,5,9,310,79,0.0,255,32767,0.0,2127-15-31,0.0,0.0,26.68,0.0,0.0,0.0,0,0.75,2,147,06:46,19:36,2025-04-05 22:26:30.283175,Castel Volturno,73.7,12.610911,29.068386,13.680749,19.584044,EU EEA Common AQI,61.3,11.750426,24.975498,7200,9.826087,100,100,56.2,20.362318,Very Low,61.7,11.140266,100,1743891300,Very Low,22.801249,13.1983385,Very Low,15.148583,53.3,13.942029,100,1743891300,12.217391
2025-04-05T22:26:41Z,236,29.728,72.6,54,59.8,6,9,286,79,0.0,255,32767,0.0,2127-15-31,0.0,0.0,26.68,0.0,0.0,0.0,0,0.8671875,2,147,06:46,19:36,2025-04-05 22:26:41.294164,Castel Volturno,73.7,12.610911,29.068386,13.680749,19.584044,EU EEA Common AQI,61.3,11.750426,24.975498,7200,9.826087,100,100,56.2,20.362318,Very Low,61.7,11.140266,100,1743891300,Very Low,22.801249,13.1983385,Very Low,15.148583,53.3,13.942029,100,1743891300,12.217391
2025-04-05T22:26:52Z,236,29.728,72.6,54,59.8,3,9,295,79,0.0,255,32767,0.0,2127-15-31,0.0,0.0,26.68,0.0,0.0,0.0,0,0.8671875,2,147,06:46,19:36,2025-04-05 22:26:52.302122,Castel Volturno,73.7,12.610911,29.068386,13.680749,19.584044,EU EEA Common AQI,61.3,11.750426,24.975498,7200,9.826087,100,100,56.2,20.362318,Very Low,61.7,11.140266,100,1743891300,Very Low,22.801249,13.1983385,Very Low,15.148583,53.3,13.942029,100,1743891300,12.217391
2025-04-05T22:27:03Z,236,29.728,72.6,54,59.8,5,9,302,79,0.0,255,32767,0.0,2127-15-31,0.0,0.0,26.68,0.0,0.0,0.0,0,0.8671875,2,147,06:46,19:36,2025-04-05 22:27:03.331170,Castel Volturno,73.7,12.610911,29.068386,13.680749,19.584044,EU EEA Common AQI,61.3,11.750426,24.975498,7200,9.826087,100,100,56.2,20.362318,Very Low,61.7,11.140266,100,1743891300,Very Low,22.801249,13.1983385,Very Low,15.148583,53.3,13.942029,100,1743891300,12.217391
2025-04-05T22:27:14Z,236,29.728,72.6,54,59.8,4,9,294,79,0.0,255,32767,0.0,2127-15-31,0.0,0.0,26.68,0.0,0.0,0.0,0,0.8671875,2,147,06:46,19:36,2025-04-05 22:27:14.409164,Castel Volturno,73.7,12.610911,29.068386,13.680749,19.584044,EU EEA Common AQI,61.3,11.750426,24.975498,7200,9.826087,100,100,56.2,20.362318,Very Low,61.7,11.140266,100,1743891300,Very Low,22.801249,13.1983385,Very Low,15.148583,53.3,13.942029,100,1743891300,12.217391
2025-04-05T22:27:25Z,236,29.728,72.6,54,59.8,8,9,294,79,0.0,255,32767,0.0,2127-15-31,0.0,0.0,26.68,0.0,0.0,0.0,0,0.8671875,2,147,06:46,19:36,2025-04-05 22:27:25.471159,Castel Volturno,73.7,12.610911,29.068386,13.680749,19.584044,EU EEA Common AQI,61.3,11.750426,24.975498,7200,9.826087,100,100,56.2,20.362318,Very Low,61.7,11.140266,100,1743891300,Very Low,22.801249,13.1983385,Very Low,15.148583,53.3,13.942029,100,1743891300,12.217391
2025-04-05T22:27:36Z,236,29.728,72.6,54,59.8,9,8,301,79,0.0,255,32767,0.0,2127-15-31,0.0,0.0,26.68,0.0,0.0,0.0,0,1.482421875,2,147,06:46,19:36,2025-04-05 22:27:36.520174,Castel Volturno
2025-04-05T22:27:47Z,236,29.728,72.6,54,59.8,9,8,295,79,0.0,255,32767,0.0,2127-15-31,0.0,0.0,26.68,0.0,0.0,0.0,0,1.482421875,2,147,06:46,19:36,2025-04-05 22:27:47.545175,Castel Volturno
2025-04-05T22:27:58Z,236,29.728,72.6,54,59.9,8,8,281,79,0.0,255,32767,0.0,2127-15-31,0.0,0.0,26.68,0.0,0.0,0.0,0,1.482421875,2,147,06:46,19:36,2025-04-05 22:27:58.546175,Castel Volturno
2025-04-05T22:28:09Z,236,29.728,72.6,54,59.9,9,8,285,79,0.0,255,32767,0.0,2127-15-31,0.0,0.0,26.68,0.0,0.0,0.0,0,1.482421875,2,147,06:46,19:36,2025-04-05 22:28:09.545168,Castel Volturno
2025-04-05T22:28:20Z,236,29.728,72.6,54,59.8,8,8,288,79,0.0,255,32767,0.0,2127-15-31,0.0,0.0,26.68,0.0,0.0,0.0,0,1.482421875,2,147,06:46,19:36,2025-04-05 22:28:20.601180,Castel Volturno
2025-04-05T22:28:31Z,236,29.728,72.6,54,59.8,9,8,293,79,0.0,255,32767,0.0,2127-15-31,0.0,0.0,26.68,0.0,0.0,0.0,0,1.482421875,2,147,06:46,19:36,2025-04-05 22:28:31.606126,Castel Volturno
2025-04-05T22:28:42Z,236,29.728,72.5,54,59.8,8,8,291,79,0.0,255,32767,0.0,2127-15-31,0.0,0.0,26.68,0.0,0.0,0.0,0,0.78515625,2,147,06:46,19:36,2025-04-05 22:28:42.661164,Castel Volturno
2025-04-05T22:28:53Z,236,29.728,72.5,54,59.8,8,8,286,79,0.0,255,32767,0.0,2127-15-31,0.0,0.0,26.68,0.0,0.0,0.0,0,0.78515625,2,147,06:46,19:36,2025-04-05 22:28:53.709158,Castel Volturno
2025-04-05T22:29:04Z,236,29.728,72.5,54,59.8,7,8,294,79,0.0,255,32767,0.0,2127-15-31,0.0,0.0,26.68,0.0,0.0,0.0,0,0.78515625,2,147,06:46,19:36,2025-04-05 22:29:04.724162,Castel Volturno
2025-04-05T22:29:15Z,236,29.728,72.5,54,59.8,6,8,286,79,0.0,255,32767,0.0,2127-15-31,0.0,0.0,26.68,0.0,0.0,0.0,0,0.78515625,2,147,06:46,19:36,2025-04-05 22:29:15.759165,Castel Volturno
2025-04-05T22:29:26Z,236,29.728,72.5,54,59.8,7,8,293,79,0.0,255,32767,0.0,2127-15-31,0.0,0.0,26.68,0.0,0.0,0.0,0,0.78515625,2,147,06:46,19:36,2025-04-05 22:29:26.761166,Castel Volturno
2025-04-05T22:29:38Z,236,29.729,72.5,54,59.8,5,8,294,79,0.0,255,32767,0.0,2127-15-31,0.0,0.0,26.68,0.0,0.0,0.0,0,0.732421875,2,147,06:46,19:36,2025-04-05 22:29:37.804165,Castel Volturno
2025-04-05T22:29:49Z,236,29.729,72.5,54,59.8,7,8,290,79,0.0,255,32767,0.0,2127-15-31,0.0,0.0,26.68,0.0,0.0,0.0,0,0.732421875,2,147,06:46,19:36,2025-04-05 22:29:48.839133,Castel Volturno
2025-04-05T22:30:00Z,236,29.729,72.5,54,59.8,9,8,296,79,0.0,255,32767,0.0,2127-15-31,0.0,0.0,26.68,0.0,0.0,0.0,0,0.732421875,2,147,06:46,19:36,2025-04-05 22:29:59.854168,Castel Volturno
2025-04-05T22:30:11Z,236,29.729,72.5,54,59.9,5,8,309,79,0.0,255,32767,0.0,2127-15-31,0.0,0.0,26.68,0.0,0.0,0.0,0,0.732421875,2,147,06:46,19:36,2025-04-05 22:30:10.864159,Castel Volturno
2025-04-05T22:30:22Z,236,29.729,72.5,54,59.9,7,8,306,79,0.0,255,32767,0.0,2127-15-31,0.0,0.0,26.68,0.0,0.0,0.0,0,0.732421875,2,147,06:46,19:36,2025-04-05 22:30:21.875174,Castel Volturno
2025-04-05T22:30:33Z,236,29.727,72.5,54,59.9,5,8,315,79,0.0,255,32767,0.0,2127-15-31,0.0,0.0,26.68,0.0,0.0,0.0,0,0.896484375,2,147,06:46,19:36,2025-04-05 22:30:32.908165,Castel Volturno
2025-04-05T22:30:44Z,236,29.727,72.5,54,59.9,8,8,286,79,0.0,255,32767,0.0,2127-15-31,0.0,0.0,26.68,0.0,0.0,0.0,0,0.896484375,2,147,06:46,19:36,2025-04-05 22:30:43.959163,Castel Volturno
2025-04-05T22:30:55Z,236,29.727,72.5,54,59.9,9,8,289,79,0.0,255,32767,0.0,2127-15-31,0.0,0.0,26.68,0.0,0.0,0.0,0,0.896484375,2,147,06:46,19:36,2025-04-05 22:30:54.958170,Castel Volturno
2025-04-05T22:31:06Z,236,29.727,72.5,54,59.9,7,8,281,79,0.0,255,32767,0.0,2127-15-31,0.0,0.0,26.68,0.0,0.0,0.0,0,0.896484375,2,147,06:46,19:36,2025-04-05 22:31:05.969166,Castel Volturno
2025-04-05T22:31:17Z,236,29.727,72.5,54,59.9,5,8,298,79,0.0,255,32767,0.0,2127-15-31,0.0,0.0,26.68,0.0,0.0,0.0,0,0.896484375,2,147,06:46,19:36,2025-04-05 22:31:17.009174,Castel Volturno
2025-04-05T22:31:28Z,236,29.727,72.5,54,59.8,6,8,281,79,0.0,255,32767,0.0,2127-15-31,0.0,0.0,26.68,0.0,0.0,0.0,0,0.896484375,2,147,06:46,19:36,2025-04-05 22:31:28.184168,Castel Volturno
2025-04-05T22:31:52Z,236,29.727,72.5,54,59.9,5,7,336,79,0.0,255,32767,0.0,2127-15-31,0.0,0.0,26.68,0.0,0.0,0.0,0,0.732421875,2,147,06:46,19:36,2025-04-05 22:31:52.742173,Castel Volturno,72.3,12.81251,28.769518,13.159348,19.6896,EU EEA Common AQI,61.5,11.813761,24.732424,7200,9.362319,100,100,56.1,19.178743,Very Low,62.1,11.376099,100,1743892200,Very Low,21.932245,13.226248,Very Low,14.538277,53.0,12.144928,100,1743892200,11.507246
2025-04-05T22:32:04Z,236,29.727,72.5,54,59.9,2,7,273,79,0.0,255,32767,0.0,2127-15-31,0.0,0.0,26.68,0.0,0.0,0.0,0,0.732421875,2,147,06:46,19:36,2025-04-05 22:32:03.836165,Castel Volturno
2025-04-05T22:32:15Z,236,29.727,72.5,54,59.9,2,7,324,79,0.0,255,32767,0.0,2127-15-31,0.0,0.0,26.68,0.0,0.0,0.0,0,0.732421875,2,147,06:46,19:36,2025-04-05 22:32:14.838161,Castel Volturno
2025-04-05T22:32:26Z,236,29.727,72.5,54,59.9,4,7,298,79,0.0,255,32767,0.0,2127-15-31,0.0,0.0,26.68,0.0,0.0,0.0,0,0.732421875,2,147,06:46,19:36,2025-04-05 22:32:25.881170,Castel Volturno
2025-04-05T22:32:37Z,236,29.729,72.6,54,59.9,8,7,267,79,0.0,255,32767,0.0,2127-15-31,0.0,0.0,26.68,0.0,0.0,0.0,0,0.75,2,147,06:46,19:36,2025-04-05 22:32:36.929167,Castel Volturno
2025-04-05T22:32:48Z,236,29.729,72.6,54,59.9,4,7,273,79,0.0,255,32767,0.0,2127-15-31,0.0,0.0,26.68,0.0,0.0,0.0,0,0.75,2,147,06:46,19:36,2025-04-05 22:32:47.935160,Castel Volturno
2025-04-05T22:32:59Z,236,29.729,72.6,54,59.9,8,7,290,79,0.0,255,32767,0.0,2127-15-31,0.0,0.0,26.68,0.0,0.0,0.0,0,0.75,2,147,06:46,19:36,2025-04-05 22:32:58.958170,Castel Volturno
2025-04-05T22:33:10Z,236,29.729,72.6,54,59.9,5,7,293,79,0.0,255,32767,0.0,2127-15-31,0.0,0.0,26.68,0.0,0.0,0.0,0,0.75,2,147,06:46,19:36,2025-04-05 22:33:09.969168,Castel Volturno
2025-04-05T22:33:21Z,236,29.729,72.6,54,59.9,8,7,291,79,0.0,255,32767,0.0,2127-15-31,0.0,0.0,26.68,0.0,0.0,0.0,0,0.75,2,147,06:46,19:36,2025-04-05 22:33:20.995137,Castel Volturno
2025-04-05T22:33:32Z,236,29.729,72.6,54,59.9,7,7,293,79,0.0,255,32767,0.0,2127-15-31,0.0,0.0,26.68,0.0,0.0,0.0,0,0.83203125,2,147,06:46,19:36,2025-04-05 22:33:32.043164,Castel Volturno
2025-04-05T22:33:43Z,236,29.724,72.6,54,59.9,5,7,292,79,0.0,255,32767,0.0,2127-15-31,0.0,0.0,26.68,0.0,0.0,0.0,0,0.83203125,2,147,06:46,19:36,2025-04-05 22:33:43.066178,Castel Volturno
2025-04-05T22:33:54Z,236,29.724,72.6,54,59.9,7,7,279,79,0.0,255,32767,0.0,2127-15-31,0.0,0.0,26.68,0.0,0.0,0.0,0,0.83203125,2,147,06:46,19:36,2025-04-05 22:33:54.091163,Castel Volturno
2025-04-05T22:34:05Z,236,29.724,72.6,54,59.9,5,7,296,79,0.0,255,32767,0.0,2127-15-31,0.0,0.0,26.68,0.0,0.0,0.0,0,0.83203125,2,147,06:46,19:36,2025-04-05 22:34:05.111166,Castel Volturno
2025-04-05T22:34:16Z,236,29.724,72.6,54,59.9,5,7,302,79,0.0,255,32767,0.0,2127-15-31,0.0,0.0,26.68,0.0,0.0,0.0,0,0.83203125,2,147,06:46,19:36,2025-04-05 22:34:16.151159,Castel Volturno
2025-04-05T22:34:27Z,236,29.724,72.6,54,59.9,3,7,306,79,0.0,255,32767,0.0,2127-15-31,0.0,0.0,26.68,0.0,0.0,0.0,0,0.83203125,2,147,06:46,19:36,2025-04-05 22:34:27.196165,Castel Volturno
2025-04-05T22:34:38Z,236,29.726,72.6,54,59.9,4,6,306,80,0.0,255,32767,0.0,2127-15-31,0.0,0.0,26.68,0.0,0.0,0.0,0,1.412109375,2,147,06:46,19:36,2025-04-05 22:34:38.230177,Castel Volturno
2025-04-05T22:34:49Z,236,29.726,72.6,54,59.9,6,6,286,80,0.0,255,32767,0.0,2127-15-31,0.0,0.0,26.68,0.0,0.0,0.0,0,1.412109375,2,147,06:46,19:36,2025-04-05 22:34:49.269169,Castel Volturno
2025-04-05T22:35:00Z,236,29.726,72.6,54,59.9,7,6,296,80,0.0,255,32767,0.0,2127-15-31,0.0,0.0,26.68,0.0,0.0,0.0,0,1.412109375,2,147,06:46,19:36,2025-04-05 22:35:00.286143,Castel Volturno
2025-04-05T22:35:11Z,236,29.726,72.6,54,59.9,8,6,286,80,0.0,255,32767,0.0,2127-15-31,0.0,0.0,26.68,0.0,0.0,0.0,0,1.412109375,2,147,06:46,19:36,2025-04-05 22:35:11.293167,Castel Volturno
2025-04-05T22:35:22Z,236,29.726,72.6,54,59.9,8,6,286,80,0.0,255,32767,0.0,2127-15-31,0.0,0.0,26.68,0.0,0.0,0.0,0,1.412109375,2,147,06:46,19:36,2025-04-05 22:35:22.325173,Castel Volturno
2025-04-05T22:35:33Z,236,29.727,72.6,54,59.9,7,6,307,80,0.0,255,32767,0.0,2127-15-31,0.0,0.0,26.68,0.0,0.0,0.0,0,0.732421875,2,147,06:46,19:36,2025-04-05 22:35:33.381176,Castel Volturno
2025-04-05T22:35:44Z,236,29.727,72.6,54,59.9,4,6,286,80,0.0,255,32767,0.0,2127-15-31,0.0,0.0,26.68,0.0,0.0,0.0,0,0.732421875,2,147,06:46,19:36,2025-04-05 22:35:44.381170,Castel Volturno
2025-04-05T22:35:55Z,236,29.727,72.6,54,59.9,8,6,292,80,0.0,255,32767,0.0,2127-15-31,0.0,0.0,26.68,0.0,0.0,0.0,0,0.732421875,2,147,06:46,19:36,2025-04-05 22:35:55.408166,Castel Volturno
2025-04-05T22:36:06Z,236,29.727,72.6,54,59.9,8,6,298,80,0.0,255,32767,0.0,2127-15-31,0.0,0.0,26.68,0.0,0.0,0.0,0,0.732421875,2,147,06:46,19:36,2025-04-05 22:36:06.423162,Castel Volturno
2025-04-05T22:36:17Z,236,29.727,72.6,54,59.9,5,6,288,80,0.0,255,32767,0.0,2127-15-31,0.0,0.0,26.68,0.0,0.0,0.0,0,0.732421875,2,147,06:46,19:36,2025-04-05 22:36:17.442162,Castel Volturno
2025-04-05T22:36:28Z,236,29.727,72.6,54,59.9,8,6,288,80,0.0,255,32767,0.0,2127-15-31,0.0,0.0,26.68,0.0,0.0,0.0,0,0.732421875,2,147,06:46,19:36,2025-04-05 22:36:28.460162,Castel Volturno
2025-04-05T22:36:39Z,236,29.725,72.5,54,59.9,7,6,282,80,0.0,255,32767,0.0,2127-15-31,0.0,0.0,26.68,0.0,0.0,0.0,0,0.732421875,2,147,06:46,19:36,2025-04-05 22:36:39.476172,Castel Volturno
2025-04-05T22:36:50Z,236,29.725,72.5,54,59.9,8,6,316,80,0.0,255,32767,0.0,2127-15-31,0.0,0.0,26.68,0.0,0.0,0.0,0,0.732421875,2,147,06:46,19:36,2025-04-05 22:36:50.510164,Castel Volturno
2025-04-05T22:37:01Z,236,29.725,72.5,54,59.9,4,6,292,80,0.0,255,32767,0.0,2127-15-31,0.0,0.0,26.68,0.0,0.0,0.0,0,0.732421875,2,147,06:46,19:36,2025-04-05 22:37:01.561168,Castel Volturno
2025-04-05T22:37:12Z,236,29.725,72.5,54,59.9,8,6,290,80,0.0,255,32767,0.0,2127-15-31,0.0,0.0,26.68,0.0,0.0,0.0,0,0.732421875,2,147,06:46,19:36,2025-04-05 22:37:12.611162,Castel Volturno
2025-04-05T22:37:23Z,236,29.725,72.5,54,59.9,6,6,286,80,0.0,255,32767,0.0,2127-15-31,0.0,0.0,26.68,0.0,0.0,0.0,0,0.732421875,2,147,06:46,19:36,2025-04-05 22:37:23.660165,Castel Volturno
2025-04-05T22:37:34Z,236,29.728,72.5,54,59.9,4,6,275,80,0.0,255,32767,0.0,2127-15-31,0.0,0.0,26.68,0.0,0.0,0.0,0,0.732421875,2,147,06:46,19:36,2025-04-05 22:37:34.686161,Castel Volturno
2025-04-05T22:37:45Z,236,29.728,72.5,54,59.9,6,6,268,80,0.0,255,32767,0.0,2127-15-31,0.0,0.0,26.68,0.0,0.0,0.0,0,0.732421875,2,147,06:46,19:36,2025-04-05 22:37:45.699157,Castel Volturno
2025-04-05T22:37:56Z,236,29.728,72.5,54,59.9,4,6,298,80,0.0,255,32767,0.0,2127-15-31,0.0,0.0,26.68,0.0,0.0,0.0,0,0.732421875,2,147,06:46,19:36,2025-04-05 22:37:56.725174,Castel Volturno
2025-04-05T22:38:07Z,236,29.728,72.5,54,59.9,7,6,285,80,0.0,255,32767,0.0,2127-15-31,0.0,0.0,26.68,0.0,0.0,0.0,0,0.732421875,2,147,06:46,19:36,2025-04-05 22:38:07.748157,Castel Volturno
2025-04-05T22:38:18Z,236,29.728,72.5,54,59.9,7,6,284,80,0.0,255,32767,0.0,2127-15-31,0.0,0.0,26.68,0.0,0.0,0.0,0,0.732421875,2,147,06:46,19:36,2025-04-05 22:38:18.769174,Castel Volturno
2025-04-05T22:38:30Z,236,29.728,72.5,54,59.9,5,6,299,80,0.0,255,32767,0.0,2127-15-31,0.0,0.0,26.68,0.0,0.0,0.0,0,0.732421875,2,147,06:46,19:36,2025-04-05 22:38:29.810163,Castel Volturno
2025-04-05T22:38:41Z,236,29.727,72.5,54,59.9,5,6,300,80,0.0,255,32767,0.0,2127-15-31,0.0,0.0,26.68,0.0,0.0,0.0,0,0.732421875,2,147,06:46,19:36,2025-04-05 22:38:40.829171,Castel Volturno
2025-04-05T22:38:52Z,236,29.727,72.5,54,59.9,5,6,306,80,0.0,255,32767,0.0,2127-15-31,0.0,0.0,26.68,0.0,0.0,0.0,0,0.732421875,2,147,06:46,19:36,2025-04-05 22:38:51.897169,Castel Volturno
2025-04-05T22:39:03Z,236,29.727,72.5,54,59.9,9,6,284,80,0.0,255,32767,0.0,2127-15-31,0.0,0.0,26.68,0.0,0.0,0.0,0,0.732421875,2,147,06:46,19:36,2025-04-05 22:39:02.924162,Castel Volturno
2025-04-05T22:39:14Z,236,29.727,72.5,54,59.9,7,6,292,80,0.0,255,32767,0.0,2127-15-31,0.0,0.0,26.68,0.0,0.0,0.0,0,0.732421875,2,147,06:46,19:36,2025-04-05 22:39:13.913170,Castel Volturno
2025-04-05T22:39:25Z,236,29.727,72.5,54,59.9,8,6,281,80,0.0,255,32767,0.0,2127-15-31,0.0,0.0,26.68,0.0,0.0,0.0,0,0.732421875,2,147,06:46,19:36,2025-04-05 22:39:24.944163,Castel Volturno
2025-04-05T22:39:36Z,236,29.722,72.5,54,59.9,8,6,293,80,0.0,255,32767,0.0,2127-15-31,0.0,0.0,26.68,0.0,0.0,0.0,0,0.744140625,2,147,06:46,19:36,2025-04-05 22:39:36.181742,Castel Volturno
2025-04-05T22:39:47Z,236,29.722,72.5,54,59.9,7,6,297,80,0.0,255,32767,0.0,2127-15-31,0.0,0.0,26.68,0.0,0.0,0.0,0,0.744140625,2,147,06:46,19:36,2025-04-05 22:39:47.207175,Castel Volturno
2025-04-05T22:39:58Z,236,29.722,72.5,54,59.9,4,6,296,80,0.0,255,32767,0.0,2127-15-31,0.0,0.0,26.68,0.0,0.0,0.0,0,0.744140625,2,147,06:46,19:36,2025-04-05 22:39:58.211167,Castel Volturno
2025-04-05T22:40:09Z,236,29.722,72.5,54,59.9,9,6,288,80,0.0,255,32767,0.0,2127-15-31,0.0,0.0,26.68,0.0,0.0,0.0,0,0.744140625,2,147,06:46,19:36,2025-04-05 22:40:09.215170,Castel Volturno
2025-04-05T22:40:20Z,236,29.722,72.5,54,59.8,7,6,279,80,0.0,255,32767,0.0,2127-15-31,0.0,0.0,26.68,0.0,0.0,0.0,0,0.744140625,2,147,06:46,19:36,2025-04-05 22:40:20.260178,Castel Volturno
2025-04-05T22:40:31Z,236,29.722,72.5,54,59.9,6,6,267,80,0.0,255,32767,0.0,2127-15-31,0.0,0.0,26.68,0.0,0.0,0.0,0,0.744140625,2,147,06:46,19:36,2025-04-05 22:40:31.275178,Castel Volturno
2025-04-05T22:40:42Z,236,29.722,72.5,54,59.8,8,6,280,80,0.0,255,32767,0.0,2127-15-31,0.0,0.0,26.68,0.0,0.0,0.0,0,0.87890625,2,147,06:46,19:36,2025-04-05 22:40:42.321167,Castel Volturno
2025-04-05T22:40:53Z,236,29.722,72.5,54,59.9,6,6,281,80,0.0,255,32767,0.0,2127-15-31,0.0,0.0,26.68,0.0,0.0,0.0,0,0.87890625,2,147,06:46,19:36,2025-04-05 22:40:53.368166,Castel Volturno
2025-04-05T22:41:04Z,236,29.722,72.5,54,59.8,7,6,284,80,0.0,255,32767,0.0,2127-15-31,0.0,0.0,26.68,0.0,0.0,0.0,0,0.87890625,2,147,06:46,19:36,2025-04-05 22:41:04.362126,Castel Volturno
2025-04-05T22:41:15Z,236,29.722,72.5,54,59.8,7,6,288,80,0.0,255,32767,0.0,2127-15-31,0.0,0.0,26.68,0.0,0.0,0.0,0,0.87890625,2,147,06:46,19:36,2025-04-05 22:41:15.410161,Castel Volturno
2025-04-05T22:41:26Z,236,29.722,72.5,54,59.8,8,6,288,80,0.0,255,32767,0.0,2127-15-31,0.0,0.0,26.68,0.0,0.0,0.0,0,0.87890625,2,147,06:46,19:36,2025-04-05 22:41:26.425437,Castel Volturno
2025-04-05T22:41:37Z,236,29.725,72.5,54,59.8,8,6,290,80,0.0,255,32767,0.0,2127-15-31,0.0,0.0,26.68,0.0,0.0,0.0,0,1.341796875,2,147,06:46,19:36,2025-04-05 22:41:37.426169,Castel Volturno
2025-04-05T22:41:48Z,236,29.725,72.5,54,59.8,8,6,299,80,0.0,255,32767,0.0,2127-15-31,0.0,0.0,26.68,0.0,0.0,0.0,0,1.341796875,2,147,06:46,19:36,2025-04-05 22:41:48.464164,Castel Volturno
2025-04-05T22:41:59Z,236,29.725,72.5,54,59.8,5,6,298,80,0.0,255,32767,0.0,2127-15-31,0.0,0.0,26.68,0.0,0.0,0.0,0,1.341796875,2,147,06:46,19:36,2025-04-05 22:41:59.485167,Castel Volturno
2025-04-05T22:42:10Z,236,29.725,72.5,54,59.8,9,6,283,80,0.0,255,32767,0.0,2127-15-31,0.0,0.0,26.68,0.0,0.0,0.0,0,1.341796875,2,147,06:46,19:36,2025-04-05 22:42:10.507181,Castel Volturno
2025-04-05T22:42:21Z,236,29.725,72.5,54,59.8,9,6,280,80,0.0,255,32767,0.0,2127-15-31,0.0,0.0,26.68,0.0,0.0,0.0,0,1.341796875,2,147,06:46,19:36,2025-04-05 22:42:21.544130,Castel Volturno
2025-04-05T22:42:32Z,236,29.724,72.5,54,59.8,5,7,288,80,0.0,255,32767,0.0,2127-15-31,0.0,0.0,26.68,0.0,0.0,0.0,0,0.732421875,2,147,06:46,19:36,2025-04-05 22:42:32.584162,Castel Volturno
2025-04-05T22:42:43Z,236,29.724,72.5,54,59.8,8,7,279,80,0.0,255,32767,0.0,2127-15-31,0.0,0.0,26.68,0.0,0.0,0.0,0,0.732421875,2,147,06:46,19:36,2025-04-05 22:42:43.589168,Castel Volturno
2025-04-05T22:42:54Z,236,29.724,72.5,54,59.8,7,7,292,80,0.0,255,32767,0.0,2127-15-31,0.0,0.0,26.68,0.0,0.0,0.0,0,0.732421875,2,147,06:46,19:36,2025-04-05 22:42:54.619169,Castel Volturno
2025-04-05T22:43:05Z,236,29.724,72.5,54,59.8,8,7,273,80,0.0,255,32767,0.0,2127-15-31,0.0,0.0,26.68,0.0,0.0,0.0,0,0.732421875,2,147,06:46,19:36,2025-04-05 22:43:05.634179,Castel Volturno
2025-04-05T22:43:16Z,236,29.724,72.5,54,59.8,9,7,268,80,0.0,255,32767,0.0,2127-15-31,0.0,0.0,26.68,0.0,0.0,0.0,0,0.732421875,2,147,06:46,19:36,2025-04-05 22:43:16.630165,Castel Volturno
2025-04-05T22:43:27Z,236,29.724,72.5,54,59.8,8,7,274,80,0.0,255,32767,0.0,2127-15-31,0.0,0.0,26.68,0.0,0.0,0.0,0,0.732421875,2,147,06:46,19:36,2025-04-05 22:43:27.637127,Castel Volturno
2025-04-05T22:43:38Z,236,29.725,72.5,54,59.8,7,7,276,80,0.0,255,32767,0.0,2127-15-31,0.0,0.0,26.68,0.0,0.0,0.0,0,0.732421875,2,147,06:46,19:36,2025-04-05 22:43:38.682163,Castel Volturno
2025-04-05T22:43:49Z,236,29.725,72.5,54,59.8,7,7,298,80,0.0,255,32767,0.0,2127-15-31,0.0,0.0,26.68,0.0,0.0,0.0,0,0.732421875,2,147,06:46,19:36,2025-04-05 22:43:49.721161,Castel Volturno
2025-04-05T22:44:00Z,236,29.725,72.5,54,59.8,8,7,285,80,0.0,255,32767,0.0,2127-15-31,0.0,0.0,26.68,0.0,0.0,0.0,0,0.732421875,2,147,06:46,19:36,2025-04-05 22:44:00.752129,Castel Volturno
2025-04-05T22:44:11Z,236,29.725,72.5,54,59.8,9,7,281,80,0.0,255,32767,0.0,2127-15-31,0.0,0.0,26.68,0.0,0.0,0.0,0,0.732421875,2,147,06:46,19:36,2025-04-05 22:44:11.782270,Castel Volturno
2025-04-05T22:44:23Z,236,29.725,72.5,54,59.8,9,7,286,81,0.0,255,32767,0.0,2127-15-31,0.0,0.0,26.68,0.0,0.0,0.0,0,0.732421875,2,147,06:46,19:36,2025-04-05 22:44:22.806158,Castel Volturno
2025-04-05T22:44:34Z,236,29.725,72.5,54,59.8,8,7,276,81,0.0,255,32767,0.0,2127-15-31,0.0,0.0,26.68,0.0,0.0,0.0,0,0.732421875,2,147,06:46,19:36,2025-04-05 22:44:33.807171,Castel Volturno
2025-04-05T22:44:45Z,236,29.725,72.5,54,59.8,8,7,278,81,0.0,255,32767,0.0,2127-15-31,0.0,0.0,26.68,0.0,0.0,0.0,0,0.732421875,2,147,06:46,19:36,2025-04-05 22:44:44.871164,Castel Volturno
2025-04-05T22:44:56Z,236,29.725,72.5,54,59.8,8,7,275,81,0.0,255,32767,0.0,2127-15-31,0.0,0.0,26.68,0.0,0.0,0.0,0,0.732421875,2,147,06:46,19:36,2025-04-05 22:44:55.931181,Castel Volturno
2025-04-05T22:45:07Z,236,29.725,72.5,54,59.8,5,7,292,81,0.0,255,32767,0.0,2127-15-31,0.0,0.0,26.68,0.0,0.0,0.0,0,0.732421875,2,147,06:46,19:36,2025-04-05 22:45:06.928012,Castel Volturno
2025-04-05T22:45:18Z,236,29.725,72.5,54,59.8,7,7,274,81,0.0,255,32767,0.0,2127-15-31,0.0,0.0,26.68,0.0,0.0,0.0,0,0.732421875,2,147,06:46,19:36,2025-04-05 22:45:17.974159,Castel Volturno
2025-04-05T22:45:29Z,236,29.725,72.5,54,59.8,3,7,277,81,0.0,255,32767,0.0,2127-15-31,0.0,0.0,26.68,0.0,0.0,0.0,0,0.732421875,2,147,06:46,19:36,2025-04-05 22:45:28.997171,Castel Volturno
2025-04-05T22:45:40Z,236,29.723,72.5,54,59.8,3,7,279,81,0.0,255,32767,0.0,2127-15-31,0.0,0.0,26.68,0.0,0.0,0.0,0,0.83203125,2,147,06:46,19:36,2025-04-05 22:45:40.025166,Castel Volturno
2025-04-05T22:45:51Z,236,29.723,72.5,54,59.8,6,7,273,81,0.0,255,32767,0.0,2127-15-31,0.0,0.0,26.68,0.0,0.0,0.0,0,0.83203125,2,147,06:46,19:36,2025-04-05 22:45:51.051173,Castel Volturno
2025-04-05T22:46:02Z,236,29.723,72.5,54,59.8,6,7,269,81,0.0,255,32767,0.0,2127-15-31,0.0,0.0,26.68,0.0,0.0,0.0,0,0.83203125,2,147,06:46,19:36,2025-04-05 22:46:02.097170,Castel Volturno
2025-04-05T22:46:13Z,236,29.723,72.5,54,59.8,6,7,263,81,0.0,255,32767,0.0,2127-15-31,0.0,0.0,26.68,0.0,0.0,0.0,0,0.83203125,2,147,06:46,19:36,2025-04-05 22:46:13.121171,Castel Volturno
2025-04-05T22:46:24Z,236,29.723,72.5,54,59.8,4,7,298,81,0.0,255,32767,0.0,2127-15-31,0.0,0.0,26.68,0.0,0.0,0.0,0,0.83203125,2,147,06:46,19:36,2025-04-05 22:46:24.173161,Castel Volturno
2025-04-05T22:46:35Z,236,29.723,72.5,54,59.8,4,7,321,81,0.0,255,32767,0.0,2127-15-31,0.0,0.0,26.68,0.0,0.0,0.0,0,0.744140625,2,147,06:46,19:36,2025-04-05 22:46:35.167165,Castel Volturno
2025-04-05T22:46:46Z,236,29.723,72.5,54,59.8,3,7,323,81,0.0,255,32767,0.0,2127-15-31,0.0,0.0,26.68,0.0,0.0,0.0,0,0.744140625,2,147,06:46,19:36,2025-04-05 22:46:46.169159,Castel Volturno
2025-04-05T22:46:57Z,236,29.723,72.5,54,59.8,3,7,317,81,0.0,255,32767,0.0,2127-15-31,0.0,0.0,26.68,0.0,0.0,0.0,0,0.744140625,2,147,06:46,19:36,2025-04-05 22:46:57.173836,Castel Volturno
2025-04-05T22:47:08Z,236,29.723,72.5,54,59.8,2,7,310,81,0.0,255,32767,0.0,2127-15-31,0.0,0.0,26.68,0.0,0.0,0.0,0,0.744140625,2,147,06:46,19:36,2025-04-05 22:47:08.206163,Castel Volturno
2025-04-05T22:47:19Z,236,29.723,72.5,54,59.8,2,7,309,81,0.0,255,32767,0.0,2127-15-31,0.0,0.0,26.68,0.0,0.0,0.0,0,0.744140625,2,147,06:46,19:36,2025-04-05 22:47:19.212124,Castel Volturno
2025-04-05T22:47:30Z,236,29.723,72.5,54,59.7,2,7,308,81,0.0,255,32767,0.0,2127-15-31,0.0,0.0,26.68,0.0,0.0,0.0,0,0.744140625,2,147,06:46,19:36,2025-04-05 22:47:30.223127,Castel Volturno
2025-04-05T22:47:41Z,236,29.725,72.5,54,59.8,2,6,308,81,0.0,255,32767,0.0,2127-15-31,0.0,0.0,26.68,0.0,0.0,0.0,0,0.826171875,2,147,06:46,19:36,2025-04-05 22:47:41.251172,Castel Volturno
2025-04-05T22:47:52Z,236,29.725,72.5,54,59.8,2,6,338,81,0.0,255,32767,0.0,2127-15-31,0.0,0.0,26.68,0.0,0.0,0.0,0,0.826171875,2,147,06:46,19:36,2025-04-05 22:47:52.247176,Castel Volturno
2025-04-05T22:48:03Z,236,29.725,72.5,54,59.7,2,6,335,81,0.0,255,32767,0.0,2127-15-31,0.0,0.0,26.68,0.0,0.0,0.0,0,0.826171875,2,147,06:46,19:36,2025-04-05 22:48:03.266171,Castel Volturno
2025-04-05T22:48:14Z,236,29.725,72.5,54,59.7,3,6,336,81,0.0,255,32767,0.0,2127-15-31,0.0,0.0,26.68,0.0,0.0,0.0,0,0.826171875,2,147,06:46,19:36,2025-04-05 22:48:14.295159,Castel Volturno
2025-04-05T22:48:25Z,236,29.725,72.5,54,59.7,2,6,345,81,0.0,255,32767,0.0,2127-15-31,0.0,0.0,26.68,0.0,0.0,0.0,0,0.826171875,2,147,06:46,19:36,2025-04-05 22:48:25.323162,Castel Volturno
2025-04-05T22:48:36Z,236,29.724,72.5,54,59.7,3,6,355,81,0.0,255,32767,0.0,2127-15-31,0.0,0.0,26.68,0.0,0.0,0.0,0,1.2421875,2,147,06:46,19:36,2025-04-05 22:48:36.336168,Castel Volturno
2025-04-05T22:48:47Z,236,29.724,72.5,54,59.7,1,6,360,81,0.0,255,32767,0.0,2127-15-31,0.0,0.0,26.68,0.0,0.0,0.0,0,1.2421875,2,147,06:46,19:36,2025-04-05 22:48:47.332165,Castel Volturno
2025-04-05T22:48:58Z,236,29.724,72.5,54,59.7,1,6,333,81,0.0,255,32767,0.0,2127-15-31,0.0,0.0,26.68,0.0,0.0,0.0,0,1.2421875,2,147,06:46,19:36,2025-04-05 22:48:58.365166,Castel Volturno
2025-04-05T22:49:09Z,236,29.724,72.5,54,59.7,0,6,333,81,0.0,255,32767,0.0,2127-15-31,0.0,0.0,26.68,0.0,0.0,0.0,0,1.2421875,2,147,06:46,19:36,2025-04-05 22:49:09.385125,Castel Volturno
2025-04-05T22:49:20Z,236,29.724,72.5,54,59.7,2,6,11,81,0.0,255,32767,0.0,2127-15-31,0.0,0.0,26.68,0.0,0.0,0.0,0,1.2421875,2,147,06:46,19:36,2025-04-05 22:49:20.426160,Castel Volturno
2025-04-05T22:49:31Z,236,29.724,72.5,54,59.7,3,6,26,81,0.0,255,32767,0.0,2127-15-31,0.0,0.0,26.68,0.0,0.0,0.0,0,1.2421875,2,147,06:46,19:36,2025-04-05 22:49:31.445124,Castel Volturno
2025-04-05T22:49:42Z,236,29.724,72.5,54,59.6,3,6,360,81,0.0,255,32767,0.0,2127-15-31,0.0,0.0,26.68,0.0,0.0,0.0,0,0.75,2,147,06:46,19:36,2025-04-05 22:49:42.470171,Castel Volturno
2025-04-05T22:49:53Z,236,29.724,72.5,54,59.6,4,6,348,81,0.0,255,32767,0.0,2127-15-31,0.0,0.0,26.68,0.0,0.0,0.0,0,0.75,2,147,06:46,19:36,2025-04-05 22:49:53.497170,Castel Volturno
2025-04-05T22:50:04Z,236,29.724,72.5,54,59.6,2,6,339,81,0.0,255,32767,0.0,2127-15-31,0.0,0.0,26.68,0.0,0.0,0.0,0,0.75,2,147,06:46,19:36,2025-04-05 22:50:04.536187,Castel Volturno
2025-04-05T22:50:15Z,236,29.724,72.5,54,59.6,3,6,335,81,0.0,255,32767,0.0,2127-15-31,0.0,0.0,26.68,0.0,0.0,0.0,0,0.75,2,147,06:46,19:36,2025-04-05 22:50:15.552165,Castel Volturno
2025-04-05T22:50:26Z,236,29.724,72.5,54,59.6,2,6,322,80,0.0,255,32767,0.0,2127-15-31,0.0,0.0,26.68,0.0,0.0,0.0,0,0.75,2,147,06:46,19:36,2025-04-05 22:50:26.559166,Castel Volturno
2025-04-05T22:50:37Z,236,29.725,72.5,54,59.5,1,5,349,80,0.0,255,32767,0.0,2127-15-31,0.0,0.0,26.68,0.0,0.0,0.0,0,0.767578125,2,147,06:46,19:36,2025-04-05 22:50:37.560171,Castel Volturno
2025-04-05T22:50:48Z,236,29.725,72.5,54,59.5,3,5,17,80,0.0,255,32767,0.0,2127-15-31,0.0,0.0,26.68,0.0,0.0,0.0,0,0.767578125,2,147,06:46,19:36,2025-04-05 22:50:48.555168,Castel Volturno
2025-04-05T22:50:59Z,236,29.725,72.5,54,59.6,2,5,339,80,0.0,255,32767,0.0,2127-15-31,0.0,0.0,26.68,0.0,0.0,0.0,0,0.767578125,2,147,06:46,19:36,2025-04-05 22:50:59.562174,Castel Volturno
2025-04-05T22:51:10Z,236,29.725,72.5,54,59.6,2,5,325,80,0.0,255,32767,0.0,2127-15-31,0.0,0.0,26.68,0.0,0.0,0.0,0,0.767578125,2,147,06:46,19:36,2025-04-05 22:51:10.567165,Castel Volturno
2025-04-05T22:51:21Z,236,29.725,72.5,54,59.6,1,5,332,80,0.0,255,32767,0.0,2127-15-31,0.0,0.0,26.68,0.0,0.0,0.0,0,0.767578125,2,147,06:46,19:36,2025-04-05 22:51:21.564167,Castel Volturno
2025-04-05T22:51:32Z,236,29.724,72.5,54,59.5,1,5,333,80,0.0,255,32767,0.0,2127-15-31,0.0,0.0,26.68,0.0,0.0,0.0,0,0.732421875,2,147,06:46,19:36,2025-04-05 22:51:32.598175,Castel Volturno
2025-04-05T22:51:43Z,236,29.724,72.5,54,59.5,0,5,333,80,0.0,255,32767,0.0,2127-15-31,0.0,0.0,26.68,0.0,0.0,0.0,0,0.732421875,2,147,06:46,19:36,2025-04-05 22:51:43.629169,Castel Volturno
2025-04-05T22:51:54Z,236,29.724,72.5,54,59.5,0,5,349,80,0.0,255,32767,0.0,2127-15-31,0.0,0.0,26.68,0.0,0.0,0.0,0,0.732421875,2,147,06:46,19:36,2025-04-05 22:51:54.667162,Castel Volturno
2025-04-05T22:52:05Z,236,29.724,72.5,54,59.5,0,5,351,80,0.0,255,32767,0.0,2127-15-31,0.0,0.0,26.68,0.0,0.0,0.0,0,0.732421875,2,147,06:46,19:36,2025-04-05 22:52:05.691168,Castel Volturno
2025-04-05T22:52:16Z,236,29.724,72.5,54,59.5,2,5,355,81,0.0,255,32767,0.0,2127-15-31,0.0,0.0,26.68,0.0,0.0,0.0,0,0.732421875,2,147,06:46,19:36,2025-04-05 22:52:16.699164,Castel Volturno
2025-04-05T22:52:27Z,236,29.724,72.5,54,59.5,1,5,355,81,0.0,255,32767,0.0,2127-15-31,0.0,0.0,26.68,0.0,0.0,0.0,0,0.732421875,2,147,06:46,19:36,2025-04-05 22:52:27.713163,Castel Volturno
2025-04-05T22:52:38Z,236,29.724,72.5,54,59.4,0,4,355,81,0.0,255,32767,0.0,2127-15-31,0.0,0.0,26.68,0.0,0.0,0.0,0,0.732421875,2,147,06:46,19:36,2025-04-05 22:52:38.735161,Castel Volturno
2025-04-05T22:52:49Z,236,29.724,72.5,54,59.5,2,4,335,81,0.0,255,32767,0.0,2127-15-31,0.0,0.0,26.68,0.0,0.0,0.0,0,0.732421875,2,147,06:46,19:36,2025-04-05 22:52:49.739176,Castel Volturno
2025-04-05T22:53:00Z,236,29.724,72.5,54,59.5,2,4,299,81,0.0,255,32767,0.0,2127-15-31,0.0,0.0,26.68,0.0,0.0,0.0,0,0.732421875,2,147,06:46,19:36,2025-04-05 22:53:00.797175,Castel Volturno
2025-04-05T22:53:12Z,236,29.724,72.5,54,59.4,1,4,284,81,0.0,255,32767,0.0,2127-15-31,0.0,0.0,26.68,0.0,0.0,0.0,0,0.732421875,2,147,06:46,19:36,2025-04-05 22:53:11.806128,Castel Volturno
2025-04-05T22:53:23Z,236,29.724,72.5,54,59.4,1,4,284,81,0.0,255,32767,0.0,2127-15-31,0.0,0.0,26.68,0.0,0.0,0.0,0,0.732421875,2,147,06:46,19:36,2025-04-05 22:53:22.872165,Castel Volturno
2025-04-05T22:53:34Z,236,29.726,72.4,54,59.4,1,3,279,81,0.0,255,32767,0.0,2127-15-31,0.0,0.0,26.68,0.0,0.0,0.0,0,0.744140625,2,147,06:46,19:36,2025-04-05 22:53:33.896171,Castel Volturno
2025-04-05T22:53:45Z,236,29.726,72.4,54,59.4,0,3,279,81,0.0,255,32767,0.0,2127-15-31,0.0,0.0,26.68,0.0,0.0,0.0,0,0.744140625,2,147,06:46,19:36,2025-04-05 22:53:44.887167,Castel Volturno
2025-04-05T22:53:56Z,236,29.726,72.4,54,59.3,0,3,279,81,0.0,255,32767,0.0,2127-15-31,0.0,0.0,26.68,0.0,0.0,0.0,0,0.744140625,2,147,06:46,19:36,2025-04-05 22:53:55.901168,Castel Volturno
2025-04-05T22:54:07Z,236,29.726,72.4,54,59.3,0,3,290,81,0.0,255,32767,0.0,2127-15-31,0.0,0.0,26.68,0.0,0.0,0.0,0,0.744140625,2,147,06:46,19:36,2025-04-05 22:54:06.908164,Castel Volturno
2025-04-05T22:54:18Z,236,29.726,72.4,54,59.4,0,3,329,81,0.0,255,32767,0.0,2127-15-31,0.0,0.0,26.68,0.0,0.0,0.0,0,0.744140625,2,147,06:46,19:36,2025-04-05 22:54:17.899184,Castel Volturno
2025-04-05T22:54:29Z,236,29.726,72.4,54,59.4,2,3,338,81,0.0,255,32767,0.0,2127-15-31,0.0,0.0,26.68,0.0,0.0,0.0,0,0.744140625,2,147,06:46,19:36,2025-04-05 22:54:28.945176,Castel Volturno
2025-04-05T22:54:40Z,236,29.725,72.5,54,59.3,1,3,309,81,0.0,255,32767,0.0,2127-15-31,0.0,0.0,26.68,0.0,0.0,0.0,0,0.8203125,2,147,06:46,19:36,2025-04-05 22:54:39.971164,Castel Volturno
2025-04-05T22:54:51Z,236,29.725,72.5,54,59.3,1,3,317,81,0.0,255,32767,0.0,2127-15-31,0.0,0.0,26.68,0.0,0.0,0.0,0,0.8203125,2,147,06:46,19:36,2025-04-05 22:54:50.963174,Castel Volturno
2025-04-05T22:55:02Z,236,29.725,72.5,54,59.3,3,3,299,81,0.0,255,32767,0.0,2127-15-31,0.0,0.0,26.68,0.0,0.0,0.0,0,0.8203125,2,147,06:46,19:36,2025-04-05 22:55:01.959169,Castel Volturno
2025-04-05T22:55:13Z,236,29.725,72.5,54,59.3,4,3,301,81,0.0,255,32767,0.0,2127-15-31,0.0,0.0,26.68,0.0,0.0,0.0,0,0.8203125,2,147,06:46,19:36,2025-04-05 22:55:13.006176,Castel Volturno
2025-04-05T22:55:24Z,236,29.725,72.5,54,59.2,3,3,297,81,0.0,255,32767,0.0,2127-15-31,0.0,0.0,26.68,0.0,0.0,0.0,0,0.8203125,2,147,06:46,19:36,2025-04-05 22:55:24.044164,Castel Volturno
2025-04-05T22:55:35Z,236,29.723,72.5,54,59.2,3,2,331,81,0.0,255,32767,0.0,2127-15-31,0.0,0.0,26.68,0.0,0.0,0.0,0,1.16015625,2,147,06:46,19:36,2025-04-05 22:55:35.037184,Castel Volturno
2025-04-05T22:55:46Z,236,29.723,72.5,54,59.2,3,2,335,81,0.0,255,32767,0.0,2127-15-31,0.0,0.0,26.68,0.0,0.0,0.0,0,1.16015625,2,147,06:46,19:36,2025-04-05 22:55:46.073163,Castel Volturno
2025-04-05T22:55:57Z,236,29.723,72.5,54,59.2,3,2,324,81,0.0,255,32767,0.0,2127-15-31,0.0,0.0,26.68,0.0,0.0,0.0,0,1.16015625,2,147,06:46,19:36,2025-04-05 22:55:57.097162,Castel Volturno
2025-04-05T22:56:08Z,236,29.723,72.5,54,59.2,2,2,308,81,0.0,255,32767,0.0,2127-15-31,0.0,0.0,26.68,0.0,0.0,0.0,0,1.16015625,2,147,06:46,19:36,2025-04-05 22:56:08.139172,Castel Volturno
2025-04-05T22:56:19Z,236,29.723,72.5,54,59.2,2,2,304,81,0.0,255,32767,0.0,2127-15-31,0.0,0.0,26.68,0.0,0.0,0.0,0,1.16015625,2,147,06:46,19:36,2025-04-05 22:56:19.150167,Castel Volturno
2025-04-05T22:56:30Z,236,29.723,72.5,54,59.2,2,2,313,81,0.0,255,32767,0.0,2127-15-31,0.0,0.0,26.68,0.0,0.0,0.0,0,1.16015625,2,147,06:46,19:36,2025-04-05 22:56:30.141182,Castel Volturno
2025-04-05T22:56:41Z,236,29.723,72.5,54,59.1,1,2,310,81,0.0,255,32767,0.0,2127-15-31,0.0,0.0,26.68,0.0,0.0,0.0,0,0.732421875,2,147,06:46,19:36,2025-04-05 22:56:41.183166,Castel Volturno
2025-04-05T22:56:52Z,236,29.723,72.5,54,59.1,1,2,318,81,0.0,255,32767,0.0,2127-15-31,0.0,0.0,26.68,0.0,0.0,0.0,0,0.732421875,2,147,06:46,19:36,2025-04-05 22:56:52.177167,Castel Volturno
2025-04-05T22:57:03Z,236,29.723,72.5,54,59.1,2,2,285,81,0.0,255,32767,0.0,2127-15-31,0.0,0.0,26.68,0.0,0.0,0.0,0,0.732421875,2,147,06:46,19:36,2025-04-05 22:57:03.197161,Castel Volturno
2025-04-05T22:57:14Z,236,29.723,72.5,54,59.1,1,2,285,81,0.0,255,32767,0.0,2127-15-31,0.0,0.0,26.68,0.0,0.0,0.0,0,0.732421875,2,147,06:46,19:36,2025-04-05 22:57:14.220162,Castel Volturno
2025-04-05T22:57:25Z,236,29.723,72.5,54,59.1,2,2,296,81,0.0,255,32767,0.0,2127-15-31,0.0,0.0,26.68,0.0,0.0,0.0,0,0.732421875,2,147,06:46,19:36,2025-04-05 22:57:25.265171,Castel Volturno
2025-04-05T22:57:36Z,236,29.724,72.5,54,59.1,2,2,299,81,0.0,255,32767,0.0,2127-15-31,0.0,0.0,26.68,0.0,0.0,0.0,0,0.732421875,2,147,06:46,19:36,2025-04-05 22:57:36.254173,Castel Volturno
2025-04-05T22:57:47Z,236,29.724,72.5,54,59.1,1,2,323,81,0.0,255,32767,0.0,2127-15-31,0.0,0.0,26.68,0.0,0.0,0.0,0,0.732421875,2,147,06:46,19:36,2025-04-05 22:57:47.300166,Castel Volturno
2025-04-05T22:57:58Z,236,29.724,72.5,54,59.1,3,2,321,81,0.0,255,32767,0.0,2127-15-31,0.0,0.0,26.68,0.0,0.0,0.0,0,0.732421875,2,147,06:46,19:36,2025-04-05 22:57:58.322180,Castel Volturno
2025-04-05T22:58:09Z,236,29.724,72.5,54,59.1,3,2,301,81,0.0,255,32767,0.0,2127-15-31,0.0,0.0,26.68,0.0,0.0,0.0,0,0.732421875,2,147,06:46,19:36,2025-04-05 22:58:09.364165,Castel Volturno
2025-04-05T22:58:20Z,236,29.724,72.5,54,59.1,3,2,329,81,0.0,255,32767,0.0,2127-15-31,0.0,0.0,26.68,0.0,0.0,0.0,0,0.732421875,2,147,06:46,19:36,2025-04-05 22:58:20.382159,Castel Volturno
2025-04-05T22:58:31Z,236,29.724,72.5,54,59.1,3,2,293,81,0.0,255,32767,0.0,2127-15-31,0.0,0.0,26.68,0.0,0.0,0.0,0,0.732421875,2,147,06:46,19:36,2025-04-05 22:58:31.420166,Castel Volturno
2025-04-05T22:58:42Z,236,29.724,72.4,54,59.0,2,2,316,81,0.0,255,32767,0.0,2127-15-31,0.0,0.0,26.68,0.0,0.0,0.0,0,0.75,2,147,06:46,19:36,2025-04-05 22:58:42.436161,Castel Volturno
2025-04-05T22:58:53Z,236,29.724,72.4,54,59.0,1,2,313,81,0.0,255,32767,0.0,2127-15-31,0.0,0.0,26.68,0.0,0.0,0.0,0,0.75,2,147,06:46,19:36,2025-04-05 22:58:53.452161,Castel Volturno
2025-04-05T22:59:04Z,236,29.724,72.4,54,59.0,2,2,281,81,0.0,255,32767,0.0,2127-15-31,0.0,0.0,26.68,0.0,0.0,0.0,0,0.75,2,147,06:46,19:36,2025-04-05 22:59:04.475165,Castel Volturno
2025-04-05T22:59:15Z,236,29.724,72.4,54,59.0,2,2,283,81,0.0,255,32767,0.0,2127-15-31,0.0,0.0,26.68,0.0,0.0,0.0,0,0.75,2,147,06:46,19:36,2025-04-05 22:59:15.509174,Castel Volturno
2025-04-05T22:59:26Z,236,29.724,72.4,54,59.0,2,2,278,81,0.0,255,32767,0.0,2127-15-31,0.0,0.0,26.68,0.0,0.0,0.0,0,0.75,2,147,06:46,19:36,2025-04-05 22:59:26.529173,Castel Volturno
2025-04-05T22:59:37Z,236,29.725,72.5,54,59.0,1,2,275,81,0.0,255,32767,0.0,2127-15-31,0.0,0.0,26.68,0.0,0.0,0.0,0,0.732421875,2,147,06:46,19:36,2025-04-05 22:59:37.594163,Castel Volturno
2025-04-05T22:59:48Z,236,29.725,72.5,54,59.0,1,2,275,81,0.0,255,32767,0.0,2127-15-31,0.0,0.0,26.68,0.0,0.0,0.0,0,0.732421875,2,147,06:46,19:36,2025-04-05 22:59:48.631165,Castel Volturno
2025-04-05T22:59:59Z,236,29.725,72.5,54,59.0,1,2,299,81,0.0,255,32767,0.0,2127-15-31,0.0,0.0,26.68,0.0,0.0,0.0,0,0.732421875,2,147,06:46,19:36,2025-04-05 22:59:59.671165,Castel Volturno,74.5,13.105128,28.447348,13.0877905,20.055416,EU EEA Common AQI,61.3,12.03325,24.475615,7200,11.028571,100,100,56.3,22.142857,Very Low,61.7,11.664963,100,1743893100,Very Low,21.812984,13.456237,Very Low,14.489086,53.5,14.6,100,1743893100,13.285714
2025-04-05T23:00:11Z,236,29.725,72.5,54,59.0,1,2,299,81,0.0,255,32767,0.0,2127-15-31,0.0,0.0,26.68,0.0,0.0,0.0,0,0.732421875,2,147,06:46,19:36,2025-04-05 23:00:10.892173,Castel Volturno,74.5,13.105128,28.447348,13.0877905,20.055416,EU EEA Common AQI,61.3,12.03325,24.475615,7200,11.028571,100,100,56.3,22.142857,Very Low,61.7,11.664963,100,1743893100,Very Low,21.812984,13.456237,Very Low,14.489086,53.5,14.6,100,1743893100,13.285714
2025-04-05T23:00:22Z,236,29.725,72.5,54,59.0,1,2,299,81,0.0,255,32767,0.0,2127-15-31,0.0,0.0,26.68,0.0,0.0,0.0,0,0.732421875,2,147,06:46,19:36,2025-04-05 23:00:21.965166,Castel Volturno,74.5,13.105128,28.447348,13.0877905,20.055416,EU EEA Common AQI,61.3,12.03325,24.475615,7200,11.028571,100,100,56.3,22.142857,Very Low,61.7,11.664963,100,1743893100,Very Low,21.812984,13.456237,Very Low,14.489086,53.5,14.6,100,1743893100,13.285714
2025-04-05T23:00:33Z,236,29.724,72.4,54,58.9,0,2,299,81,0.0,255,32767,0.0,2127-15-31,0.0,0.0,26.68,0.0,0.0,0.0,0,1.53515625,3,192,06:46,19:36,2025-04-05 23:00:33.003175,Castel Volturno,73.4,13.993526,28.132837,14.278657,21.470823,EU EEA Common AQI,61.7,12.882494,24.232132,7200,17.285715,100,100,56.5,35.5,Low,62.1,12.488213,100,1743894000,Very Low,23.797762,14.387685,Very Low,15.814629,53.5,23.385714,100,1743894000,21.3
2025-04-05T23:00:44Z,236,29.724,72.4,54,59.0,1,2,299,81,0.0,255,32767,0.0,2127-15-31,0.0,0.0,26.68,0.0,0.0,0.0,0,1.53515625,3,192,06:46,19:36,2025-04-05 23:00:44.022536,Castel Volturno,73.4,13.993526,28.132837,14.278657,21.470823,EU EEA Common AQI,61.7,12.882494,24.232132,7200,17.285715,100,100,56.5,35.5,Low,62.1,12.488213,100,1743894000,Very Low,23.797762,14.387685,Very Low,15.814629,53.5,23.385714,100,1743894000,21.3
2025-04-05T23:00:55Z,236,29.724,72.4,54,58.9,1,2,304,81,0.0,255,32767,0.0,2127-15-31,0.0,0.0,26.68,0.0,0.0,0.0,0,1.53515625,3,192,06:46,19:36,2025-04-05 23:00:55.056169,Castel Volturno,73.4,13.993526,28.132837,14.278657,21.470823,EU EEA Common AQI,61.7,12.882494,24.232132,7200,17.285715,100,100,56.5,35.5,Low,62.1,12.488213,100,1743894000,Very Low,23.797762,14.387685,Very Low,15.814629,53.5,23.385714,100,1743894000,21.3
2025-04-05T23:01:06Z,236,29.724,72.4,54,58.9,2,2,303,81,0.0,255,32767,0.0,2127-15-31,0.0,0.0,26.68,0.0,0.0,0.0,0,1.53515625,3,192,06:46,19:36,2025-04-05 23:01:06.117159,Castel Volturno,73.4,13.993526,28.132837,14.278657,21.470823,EU EEA Common AQI,61.7,12.882494,24.232132,7200,17.285715,100,100,56.5,35.5,Low,62.1,12.488213,100,1743894000,Very Low,23.797762,14.387685,Very Low,15.814629,53.5,23.385714,100,1743894000,21.3
2025-04-05T23:01:17Z,236,29.724,72.4,54,58.9,3,2,295,81,0.0,255,32767,0.0,2127-15-31,0.0,0.0,26.68,0.0,0.0,0.0,0,1.53515625,3,192,06:46,19:36,2025-04-05 23:01:17.183183,Castel Volturno,73.4,13.993526,28.132837,14.278657,21.470823,EU EEA Common AQI,61.7,12.882494,24.232132,7200,17.285715,100,100,56.5,35.5,Low,62.1,12.488213,100,1743894000,Very Low,23.797762,14.387685,Very Low,15.814629,53.5,23.385714,100,1743894000,21.3
2025-04-05T23:01:28Z,236,29.724,72.4,54,58.9,3,2,296,81,0.0,255,32767,0.0,2127-15-31,0.0,0.0,26.68,0.0,0.0,0.0,0,1.53515625,3,192,06:46,19:36,2025-04-05 23:01:28.186158,Castel Volturno,73.4,13.993526,28.132837,14.278657,21.470823,EU EEA Common AQI,61.7,12.882494,24.232132,7200,17.285715,100,100,56.5,35.5,Low,62.1,12.488213,100,1743894000,Very Low,23.797762,14.387685,Very Low,15.814629,53.5,23.385714,100,1743894000,21.3
2025-04-05T23:01:39Z,236,29.724,72.5,54,58.9,2,2,316,81,0.0,255,32767,0.0,2127-15-31,0.0,0.0,26.68,0.0,0.0,0.0,0,0.802734375,3,192,06:46,19:36,2025-04-05 23:01:39.239168,Castel Volturno,73.4,13.993526,28.132837,14.278657,21.470823,EU EEA Common AQI,61.7,12.882494,24.232132,7200,17.285715,100,100,56.5,35.5,Low,62.1,12.488213,100,1743894000,Very Low,23.797762,14.387685,Very Low,15.814629,53.5,23.385714,100,1743894000,21.3
2025-04-05T23:01:50Z,236,29.724,72.5,54,58.9,1,2,316,81,0.0,255,32767,0.0,2127-15-31,0.0,0.0,26.68,0.0,0.0,0.0,0,0.802734375,3,192,06:46,19:36,2025-04-05 23:01:50.261174,Castel Volturno,73.4,13.993526,28.132837,14.278657,21.470823,EU EEA Common AQI,61.7,12.882494,24.232132,7200,17.285715,100,100,56.5,35.5,Low,62.1,12.488213,100,1743894000,Very Low,23.797762,14.387685,Very Low,15.814629,53.5,23.385714,100,1743894000,21.3
2025-04-05T23:02:01Z,236,29.724,72.5,54,58.9,3,2,298,81,0.0,255,32767,0.0,2127-15-31,0.0,0.0,26.68,0.0,0.0,0.0,0,0.802734375,3,192,06:46,19:36,2025-04-05 23:02:01.281172,Castel Volturno,73.4,13.993526,28.132837,14.278657,21.470823,EU EEA Common AQI,61.7,12.882494,24.232132,7200,17.285715,100,100,56.5,35.5,Low,62.1,12.488213,100,1743894000,Very Low,23.797762,14.387685,Very Low,15.814629,53.5,23.385714,100,1743894000,21.3
2025-04-05T23:02:12Z,236,29.724,72.5,54,58.9,3,2,308,81,0.0,255,32767,0.0,2127-15-31,0.0,0.0,26.68,0.0,0.0,0.0,0,0.802734375,3,192,06:46,19:36,2025-04-05 23:02:12.353162,Castel Volturno,73.4,13.993526,28.132837,14.278657,21.470823,EU EEA Common AQI,61.7,12.882494,24.232132,7200,17.285715,100,100,56.5,35.5,Low,62.1,12.488213,100,1743894000,Very Low,23.797762,14.387685,Very Low,15.814629,53.5,23.385714,100,1743894000,21.3
2025-04-05T23:02:23Z,236,29.724,72.5,54,58.9,3,2,300,81,0.0,255,32767,0.0,2127-15-31,0.0,0.0,26.68,0.0,0.0,0.0,0,0.802734375,3,192,06:46,19:36,2025-04-05 23:02:23.385164,Castel Volturno,73.4,13.993526,28.132837,14.278657,21.470823,EU EEA Common AQI,61.7,12.882494,24.232132,7200,17.285715,100,100,56.5,35.5,Low,62.1,12.488213,100,1743894000,Very Low,23.797762,14.387685,Very Low,15.814629,53.5,23.385714,100,1743894000,21.3
2025-04-05T23:02:34Z,236,29.726,72.4,54,58.8,3,2,293,81,0.0,255,32767,0.0,2127-15-31,0.0,0.0,26.68,0.0,0.0,0.0,0,1.1953125,3,192,06:46,19:36,2025-04-05 23:02:34.428171,Castel Volturno,73.4,13.993526,28.132837,14.278657,21.470823,EU EEA Common AQI,61.7,12.882494,24.232132,7200,17.285715,100,100,56.5,35.5,Low,62.1,12.488213,100,1743894000,Very Low,23.797762,14.387685,Very Low,15.814629,53.5,23.385714,100,1743894000,21.3
2025-04-05T23:02:45Z,236,29.726,72.4,54,58.9,4,2,288,82,0.0,255,32767,0.0,2127-15-31,0.0,0.0,26.68,0.0,0.0,0.0,0,1.1953125,3,192,06:46,19:36,2025-04-05 23:02:45.447159,Castel Volturno,73.4,13.993526,28.132837,14.278657,21.470823,EU EEA Common AQI,61.7,12.882494,24.232132,7200,17.285715,100,100,56.5,35.5,Low,62.1,12.488213,100,1743894000,Very Low,23.797762,14.387685,Very Low,15.814629,53.5,23.385714,100,1743894000,21.3
2025-04-05T23:02:56Z,236,29.726,72.4,54,58.9,4,2,292,82,0.0,255,32767,0.0,2127-15-31,0.0,0.0,26.68,0.0,0.0,0.0,0,1.1953125,3,192,06:46,19:36,2025-04-05 23:02:56.497165,Castel Volturno,73.4,13.993526,28.132837,14.278657,21.470823,EU EEA Common AQI,61.7,12.882494,24.232132,7200,17.285715,100,100,56.5,35.5,Low,62.1,12.488213,100,1743894000,Very Low,23.797762,14.387685,Very Low,15.814629,53.5,23.385714,100,1743894000,21.3
2025-04-05T23:03:07Z,236,29.726,72.4,54,58.9,3,2,300,82,0.0,255,32767,0.0,2127-15-31,0.0,0.0,26.68,0.0,0.0,0.0,0,1.1953125,3,192,06:46,19:36,2025-04-05 23:03:07.548166,Castel Volturno,73.4,13.993526,28.132837,14.278657,21.470823,EU EEA Common AQI,61.7,12.882494,24.232132,7200,17.285715,100,100,56.5,35.5,Low,62.1,12.488213,100,1743894000,Very Low,23.797762,14.387685,Very Low,15.814629,53.5,23.385714,100,1743894000,21.3
2025-04-05T23:03:18Z,236,29.726,72.4,54,58.9,3,2,300,82,0.0,255,32767,0.0,2127-15-31,0.0,0.0,26.68,0.0,0.0,0.0,0,1.1953125,3,192,06:46,19:36,2025-04-05 23:03:18.583163,Castel Volturno,73.4,13.993526,28.132837,14.278657,21.470823,EU EEA Common AQI,61.7,12.882494,24.232132,7200,17.285715,100,100,56.5,35.5,Low,62.1,12.488213,100,1743894000,Very Low,23.797762,14.387685,Very Low,15.814629,53.5,23.385714,100,1743894000,21.3
2025-04-05T23:03:29Z,236,29.726,72.4,54,58.9,2,2,300,82,0.0,255,32767,0.0,2127-15-31,0.0,0.0,26.68,0.0,0.0,0.0,0,1.1953125,3,192,06:46,19:36,2025-04-05 23:03:29.614164,Castel Volturno,73.4,13.993526,28.132837,14.278657,21.470823,EU EEA Common AQI,61.7,12.882494,24.232132,7200,17.285715,100,100,56.5,35.5,Low,62.1,12.488213,100,1743894000,Very Low,23.797762,14.387685,Very Low,15.814629,53.5,23.385714,100,1743894000,21.3
2025-04-05T23:03:40Z,236,29.725,72.4,54,58.9,2,2,290,82,0.0,255,32767,0.0,2127-15-31,0.0,0.0,26.68,0.0,0.0,0.0,0,0.732421875,3,192,06:46,19:36,2025-04-05 23:03:40.634170,Castel Volturno,73.4,13.993526,28.132837,14.278657,21.470823,EU EEA Common AQI,61.7,12.882494,24.232132,7200,17.285715,100,100,56.5,35.5,Low,62.1,12.488213,100,1743894000,Very Low,23.797762,14.387685,Very Low,15.814629,53.5,23.385714,100,1743894000,21.3
2025-04-05T23:03:51Z,236,29.725,72.4,54,58.9,2,2,298,82,0.0,255,32767,0.0,2127-15-31,0.0,0.0,26.68,0.0,0.0,0.0,0,0.732421875,3,192,06:46,19:36,2025-04-05 23:03:51.671171,Castel Volturno,73.4,13.993526,28.132837,14.278657,21.470823,EU EEA Common AQI,61.7,12.882494,24.232132,7200,17.285715,100,100,56.5,35.5,Low,62.1,12.488213,100,1743894000,Very Low,23.797762,14.387685,Very Low,15.814629,53.5,23.385714,100,1743894000,21.3
2025-04-05T23:04:02Z,236,29.725,72.4,54,58.8,2,2,305,82,0.0,255,32767,0.0,2127-15-31,0.0,0.0,26.68,0.0,0.0,0.0,0,0.732421875,3,192,06:46,19:36,2025-04-05 23:04:02.725164,Castel Volturno,73.4,13.993526,28.132837,14.278657,21.470823,EU EEA Common AQI,61.7,12.882494,24.232132,7200,17.285715,100,100,56.5,35.5,Low,62.1,12.488213,100,1743894000,Very Low,23.797762,14.387685,Very Low,15.814629,53.5,23.385714,100,1743894000,21.3
2025-04-05T23:04:13Z,236,29.725,72.4,54,58.8,2,2,302,82,0.0,255,32767,0.0,2127-15-31,0.0,0.0,26.68,0.0,0.0,0.0,0,0.732421875,3,192,06:46,19:36,2025-04-05 23:04:13.796174,Castel Volturno,73.4,13.993526,28.132837,14.278657,21.470823,EU EEA Common AQI,61.7,12.882494,24.232132,7200,17.285715,100,100,56.5,35.5,Low,62.1,12.488213,100,1743894000,Very Low,23.797762,14.387685,Very Low,15.814629,53.5,23.385714,100,1743894000,21.3
2025-04-05T23:04:25Z,236,29.725,72.4,54,58.8,2,2,302,82,0.0,255,32767,0.0,2127-15-31,0.0,0.0,26.68,0.0,0.0,0.0,0,0.732421875,3,192,06:46,19:36,2025-04-05 23:04:24.832165,Castel Volturno,73.4,13.993526,28.132837,14.278657,21.470823,EU EEA Common AQI,61.7,12.882494,24.232132,7200,17.285715,100,100,56.5,35.5,Low,62.1,12.488213,100,1743894000,Very Low,23.797762,14.387685,Very Low,15.814629,53.5,23.385714,100,1743894000,21.3
2025-04-05T23:04:36Z,236,29.724,72.4,54,58.8,2,2,302,82,0.0,255,32767,0.0,2127-15-31,0.0,0.0,26.68,0.0,0.0,0.0,0,0.732421875,3,192,06:46,19:36,2025-04-05 23:04:35.843167,Castel Volturno,73.4,13.993526,28.132837,14.278657,21.470823,EU EEA Common AQI,61.7,12.882494,24.232132,7200,17.285715,100,100,56.5,35.5,Low,62.1,12.488213,100,1743894000,Very Low,23.797762,14.387685,Very Low,15.814629,53.5,23.385714,100,1743894000,21.3
2025-04-05T23:04:47Z,236,29.724,72.4,54,58.8,3,2,302,82,0.0,255,32767,0.0,2127-15-31,0.0,0.0,26.68,0.0,0.0,0.0,0,0.732421875,3,192,06:46,19:36,2025-04-05 23:04:46.892169,Castel Volturno,73.4,13.993526,28.132837,14.278657,21.470823,EU EEA Common AQI,61.7,12.882494,24.232132,7200,17.285715,100,100,56.5,35.5,Low,62.1,12.488213,100,1743894000,Very Low,23.797762,14.387685,Very Low,15.814629,53.5,23.385714,100,1743894000,21.3
2025-04-05T23:04:58Z,236,29.724,72.4,54,58.8,3,2,302,82,0.0,255,32767,0.0,2127-15-31,0.0,0.0,26.68,0.0,0.0,0.0,0,0.732421875,3,192,06:46,19:36,2025-04-05 23:04:57.924172,Castel Volturno,73.4,13.993526,28.132837,14.278657,21.470823,EU EEA Common AQI,61.7,12.882494,24.232132,7200,17.285715,100,100,56.5,35.5,Low,62.1,12.488213,100,1743894000,Very Low,23.797762,14.387685,Very Low,15.814629,53.5,23.385714,100,1743894000,21.3
2025-04-05T23:05:09Z,236,29.724,72.4,54,58.8,3,2,307,82,0.0,255,32767,0.0,2127-15-31,0.0,0.0,26.68,0.0,0.0,0.0,0,0.732421875,3,192,06:46,19:36,2025-04-05 23:05:08.969170,Castel Volturno,73.4,13.993526,28.132837,14.278657,21.470823,EU EEA Common AQI,61.7,12.882494,24.232132,7200,17.285715,100,100,56.5,35.5,Low,62.1,12.488213,100,1743894000,Very Low,23.797762,14.387685,Very Low,15.814629,53.5,23.385714,100,1743894000,21.3
2025-04-05T23:05:20Z,236,29.724,72.4,54,58.8,3,2,296,82,0.0,255,32767,0.0,2127-15-31,0.0,0.0,26.68,0.0,0.0,0.0,0,0.732421875,3,192,06:46,19:36,2025-04-05 23:05:20.009130,Castel Volturno,73.4,13.993526,28.132837,14.278657,21.470823,EU EEA Common AQI,61.7,12.882494,24.232132,7200,17.285715,100,100,56.5,35.5,Low,62.1,12.488213,100,1743894000,Very Low,23.797762,14.387685,Very Low,15.814629,53.5,23.385714,100,1743894000,21.3
2025-04-05T23:05:31Z,236,29.724,72.4,54,58.8,3,2,296,82,0.0,255,32767,0.0,2127-15-31,0.0,0.0,26.68,0.0,0.0,0.0,0,0.732421875,3,192,06:46,19:36,2025-04-05 23:05:31.022173,Castel Volturno,73.4,13.993526,28.132837,14.278657,21.470823,EU EEA Common AQI,61.7,12.882494,24.232132,7200,17.285715,100,100,56.5,35.5,Low,62.1,12.488213,100,1743894000,Very Low,23.797762,14.387685,Very Low,15.814629,53.5,23.385714,100,1743894000,21.3
2025-04-05T23:05:42Z,236,29.724,72.4,54,58.8,4,2,286,82,0.0,255,32767,0.0,2127-15-31,0.0,0.0,26.68,0.0,0.0,0.0,0,0.732421875,3,192,06:46,19:36,2025-04-05 23:05:42.062178,Castel Volturno,73.4,13.993526,28.132837,14.278657,21.470823,EU EEA Common AQI,61.7,12.882494,24.232132,7200,17.285715,100,100,56.5,35.5,Low,62.1,12.488213,100,1743894000,Very Low,23.797762,14.387685,Very Low,15.814629,53.5,23.385714,100,1743894000,21.3
2025-04-05T23:05:53Z,236,29.724,72.4,54,58.8,3,2,297,82,0.0,255,32767,0.0,2127-15-31,0.0,0.0,26.68,0.0,0.0,0.0,0,0.732421875,3,192,06:46,19:36,2025-04-05 23:05:53.131166,Castel Volturno,73.4,13.993526,28.132837,14.278657,21.470823,EU EEA Common AQI,61.7,12.882494,24.232132,7200,17.285715,100,100,56.5,35.5,Low,62.1,12.488213,100,1743894000,Very Low,23.797762,14.387685,Very Low,15.814629,53.5,23.385714,100,1743894000,21.3
2025-04-05T23:06:04Z,236,29.724,72.4,54,58.8,3,2,298,82,0.0,255,32767,0.0,2127-15-31,0.0,0.0,26.68,0.0,0.0,0.0,0,0.732421875,3,192,06:46,19:36,2025-04-05 23:06:04.165167,Castel Volturno,73.4,13.993526,28.132837,14.278657,21.470823,EU EEA Common AQI,61.7,12.882494,24.232132,7200,17.285715,100,100,56.5,35.5,Low,62.1,12.488213,100,1743894000,Very Low,23.797762,14.387685,Very Low,15.814629,53.5,23.385714,100,1743894000,21.3
2025-04-05T23:06:15Z,236,29.724,72.4,54,58.8,3,2,299,82,0.0,255,32767,0.0,2127-15-31,0.0,0.0,26.68,0.0,0.0,0.0,0,0.732421875,3,192,06:46,19:36,2025-04-05 23:06:15.227168,Castel Volturno,73.4,13.993526,28.132837,14.278657,21.470823,EU EEA Common AQI,61.7,12.882494,24.232132,7200,17.285715,100,100,56.5,35.5,Low,62.1,12.488213,100,1743894000,Very Low,23.797762,14.387685,Very Low,15.814629,53.5,23.385714,100,1743894000,21.3
2025-04-05T23:06:26Z,236,29.724,72.4,54,58.8,3,2,294,82,0.0,255,32767,0.0,2127-15-31,0.0,0.0,26.68,0.0,0.0,0.0,0,0.732421875,3,192,06:46,19:36,2025-04-05 23:06:26.228126,Castel Volturno,73.4,13.993526,28.132837,14.278657,21.470823,EU EEA Common AQI,61.7,12.882494,24.232132,7200,17.285715,100,100,56.5,35.5,Low,62.1,12.488213,100,1743894000,Very Low,23.797762,14.387685,Very Low,15.814629,53.5,23.385714,100,1743894000,21.3
2025-04-05T23:06:37Z,236,29.723,72.4,54,58.8,3,2,293,82,0.0,255,32767,0.0,2127-15-31,0.0,0.0,26.68,0.0,0.0,0.0,0,0.732421875,3,192,06:46,19:36,2025-04-05 23:06:37.268131,Castel Volturno,73.4,13.993526,28.132837,14.278657,21.470823,EU EEA Common AQI,61.7,12.882494,24.232132,7200,17.285715,100,100,56.5,35.5,Low,62.1,12.488213,100,1743894000,Very Low,23.797762,14.387685,Very Low,15.814629,53.5,23.385714,100,1743894000,21.3
2025-04-05T23:06:48Z,236,29.723,72.4,54,58.8,3,2,308,82,0.0,255,32767,0.0,2127-15-31,0.0,0.0,26.68,0.0,0.0,0.0,0,0.732421875,3,192,06:46,19:36,2025-04-05 23:06:48.376164,Castel Volturno,73.4,13.993526,28.132837,14.278657,21.470823,EU EEA Common AQI,61.7,12.882494,24.232132,7200,17.285715,100,100,56.5,35.5,Low,62.1,12.488213,100,1743894000,Very Low,23.797762,14.387685,Very Low,15.814629,53.5,23.385714,100,1743894000,21.3
2025-04-05T23:06:59Z,236,29.723,72.4,54,58.8,3,2,308,82,0.0,255,32767,0.0,2127-15-31,0.0,0.0,26.68,0.0,0.0,0.0,0,0.732421875,3,192,06:46,19:36,2025-04-05 23:06:59.378169,Castel Volturno,73.4,13.993526,28.132837,14.278657,21.470823,EU EEA Common AQI,61.7,12.882494,24.232132,7200,17.285715,100,100,56.5,35.5,Low,62.1,12.488213,100,1743894000,Very Low,23.797762,14.387685,Very Low,15.814629,53.5,23.385714,100,1743894000,21.3
2025-04-05T23:07:10Z,236,29.723,72.4,54,58.8,3,2,300,82,0.0,255,32767,0.0,2127-15-31,0.0,0.0,26.68,0.0,0.0,0.0,0,0.732421875,3,192,06:46,19:36,2025-04-05 23:07:10.488178,Castel Volturno,73.4,13.993526,28.132837,14.278657,21.470823,EU EEA Common AQI,61.7,12.882494,24.232132,7200,17.285715,100,100,56.5,35.5,Low,62.1,12.488213,100,1743894000,Very Low,23.797762,14.387685,Very Low,15.814629,53.5,23.385714,100,1743894000,21.3
2025-04-05T23:07:21Z,236,29.723,72.4,54,58.8,3,2,294,82,0.0,255,32767,0.0,2127-15-31,0.0,0.0,26.68,0.0,0.0,0.0,0,0.732421875,3,192,06:46,19:36,2025-04-05 23:07:21.532165,Castel Volturno,73.4,13.993526,28.132837,14.278657,21.470823,EU EEA Common AQI,61.7,12.882494,24.232132,7200,17.285715,100,100,56.5,35.5,Low,62.1,12.488213,100,1743894000,Very Low,23.797762,14.387685,Very Low,15.814629,53.5,23.385714,100,1743894000,21.3
2025-04-05T23:07:32Z,236,29.724,72.4,54,58.7,2,3,294,82,0.0,255,32767,0.0,2127-15-31,0.0,0.0,26.68,0.0,0.0,0.0,0,0.73828125,3,192,06:46,19:36,2025-04-05 23:07:32.551166,Castel Volturno,73.4,13.993526,28.132837,14.278657,21.470823,EU EEA Common AQI,61.7,12.882494,24.232132,7200,17.285715,100,100,56.5,35.5,Low,62.1,12.488213,100,1743894000,Very Low,23.797762,14.387685,Very Low,15.814629,53.5,23.385714,100,1743894000,21.3
2025-04-05T23:07:43Z,236,29.724,72.4,54,58.7,3,3,302,82,0.0,255,32767,0.0,2127-15-31,0.0,0.0,26.68,0.0,0.0,0.0,0,0.73828125,3,192,06:46,19:36,2025-04-05 23:07:43.601167,Castel Volturno,73.4,13.993526,28.132837,14.278657,21.470823,EU EEA Common AQI,61.7,12.882494,24.232132,7200,17.285715,100,100,56.5,35.5,Low,62.1,12.488213,100,1743894000,Very Low,23.797762,14.387685,Very Low,15.814629,53.5,23.385714,100,1743894000,21.3
2025-04-05T23:07:54Z,236,29.724,72.4,54,58.7,2,3,299,82,0.0,255,32767,0.0,2127-15-31,0.0,0.0,26.68,0.0,0.0,0.0,0,0.73828125,3,192,06:46,19:36,2025-04-05 23:07:54.684168,Castel Volturno,73.4,13.993526,28.132837,14.278657,21.470823,EU EEA Common AQI,61.7,12.882494,24.232132,7200,17.285715,100,100,56.5,35.5,Low,62.1,12.488213,100,1743894000,Very Low,23.797762,14.387685,Very Low,15.814629,53.5,23.385714,100,1743894000,21.3
2025-04-05T23:08:05Z,236,29.724,72.4,54,58.7,1,3,301,82,0.0,255,32767,0.0,2127-15-31,0.0,0.0,26.68,0.0,0.0,0.0,0,0.73828125,3,192,06:46,19:36,2025-04-05 23:08:05.731164,Castel Volturno,73.4,13.993526,28.132837,14.278657,21.470823,EU EEA Common AQI,61.7,12.882494,24.232132,7200,17.285715,100,100,56.5,35.5,Low,62.1,12.488213,100,1743894000,Very Low,23.797762,14.387685,Very Low,15.814629,53.5,23.385714,100,1743894000,21.3
2025-04-05T23:08:16Z,236,29.724,72.4,54,58.7,2,3,311,82,0.0,255,32767,0.0,2127-15-31,0.0,0.0,26.68,0.0,0.0,0.0,0,0.73828125,3,192,06:46,19:36,2025-04-05 23:08:16.778168,Castel Volturno,73.4,13.993526,28.132837,14.278657,21.470823,EU EEA Common AQI,61.7,12.882494,24.232132,7200,17.285715,100,100,56.5,35.5,Low,62.1,12.488213,100,1743894000,Very Low,23.797762,14.387685,Very Low,15.814629,53.5,23.385714,100,1743894000,21.3
2025-04-05T23:08:28Z,236,29.724,72.4,54,58.7,3,3,318,82,0.0,255,32767,0.0,2127-15-31,0.0,0.0,26.68,0.0,0.0,0.0,0,0.73828125,3,192,06:46,19:36,2025-04-05 23:08:27.811168,Castel Volturno,73.4,13.993526,28.132837,14.278657,21.470823,EU EEA Common AQI,61.7,12.882494,24.232132,7200,17.285715,100,100,56.5,35.5,Low,62.1,12.488213,100,1743894000,Very Low,23.797762,14.387685,Very Low,15.814629,53.5,23.385714,100,1743894000,21.3
2025-04-05T23:08:39Z,236,29.723,72.4,54,58.7,3,2,320,82,0.0,255,32767,0.0,2127-15-31,0.0,0.0,26.68,0.0,0.0,0.0,0,0.796875,3,192,06:46,19:36,2025-04-05 23:08:38.841172,Castel Volturno,73.4,13.993526,28.132837,14.278657,21.470823,EU EEA Common AQI,61.7,12.882494,24.232132,7200,17.285715,100,100,56.5,35.5,Low,62.1,12.488213,100,1743894000,Very Low,23.797762,14.387685,Very Low,15.814629,53.5,23.385714,100,1743894000,21.3
2025-04-05T23:08:50Z,236,29.723,72.4,54,58.7,2,2,312,82,0.0,255,32767,0.0,2127-15-31,0.0,0.0,26.68,0.0,0.0,0.0,0,0.796875,3,192,06:46,19:36,2025-04-05 23:08:49.857169,Castel Volturno,73.4,13.993526,28.132837,14.278657,21.470823,EU EEA Common AQI,61.7,12.882494,24.232132,7200,17.285715,100,100,56.5,35.5,Low,62.1,12.488213,100,1743894000,Very Low,23.797762,14.387685,Very Low,15.814629,53.5,23.385714,100,1743894000,21.3
2025-04-05T23:09:01Z,236,29.723,72.4,54,58.7,2,2,330,82,0.0,255,32767,0.0,2127-15-31,0.0,0.0,26.68,0.0,0.0,0.0,0,0.796875,3,192,06:46,19:36,2025-04-05 23:09:00.874163,Castel Volturno,73.4,13.993526,28.132837,14.278657,21.470823,EU EEA Common AQI,61.7,12.882494,24.232132,7200,17.285715,100,100,56.5,35.5,Low,62.1,12.488213,100,1743894000,Very Low,23.797762,14.387685,Very Low,15.814629,53.5,23.385714,100,1743894000,21.3
2025-04-05T23:09:12Z,236,29.723,72.4,54,58.8,2,2,331,82,0.0,255,32767,0.0,2127-15-31,0.0,0.0,26.68,0.0,0.0,0.0,0,0.796875,3,192,06:46,19:36,2025-04-05 23:09:11.938164,Castel Volturno,73.4,13.993526,28.132837,14.278657,21.470823,EU EEA Common AQI,61.7,12.882494,24.232132,7200,17.285715,100,100,56.5,35.5,Low,62.1,12.488213,100,1743894000,Very Low,23.797762,14.387685,Very Low,15.814629,53.5,23.385714,100,1743894000,21.3
2025-04-05T23:09:23Z,236,29.723,72.4,54,58.7,1,2,331,82,0.0,255,32767,0.0,2127-15-31,0.0,0.0,26.68,0.0,0.0,0.0,0,0.796875,3,192,06:46,19:36,2025-04-05 23:09:22.996168,Castel Volturno,73.4,13.993526,28.132837,14.278657,21.470823,EU EEA Common AQI,61.7,12.882494,24.232132,7200,17.285715,100,100,56.5,35.5,Low,62.1,12.488213,100,1743894000,Very Low,23.797762,14.387685,Very Low,15.814629,53.5,23.385714,100,1743894000,21.3
2025-04-05T23:09:34Z,236,29.724,72.4,54,58.7,2,2,324,82,0.0,255,32767,0.0,2127-15-31,0.0,0.0,26.68,0.0,0.0,0.0,0,1.130859375,3,192,06:46,19:36,2025-04-05 23:09:34.254170,Castel Volturno,73.4,13.993526,28.132837,14.278657,21.470823,EU EEA Common AQI,61.7,12.882494,24.232132,7200,17.285715,100,100,56.5,35.5,Low,62.1,12.488213,100,1743894000,Very Low,23.797762,14.387685,Very Low,15.814629,53.5,23.385714,100,1743894000,21.3
2025-04-05T23:09:45Z,236,29.724,72.4,54,58.7,2,2,298,82,0.0,255,32767,0.0,2127-15-31,0.0,0.0,26.68,0.0,0.0,0.0,0,1.130859375,3,192,06:46,19:36,2025-04-05 23:09:45.288166,Castel Volturno,73.4,13.993526,28.132837,14.278657,21.470823,EU EEA Common AQI,61.7,12.882494,24.232132,7200,17.285715,100,100,56.5,35.5,Low,62.1,12.488213,100,1743894000,Very Low,23.797762,14.387685,Very Low,15.814629,53.5,23.385714,100,1743894000,21.3
2025-04-05T23:09:56Z,236,29.724,72.4,54,58.7,2,2,327,82,0.0,255,32767,0.0,2127-15-31,0.0,0.0,26.68,0.0,0.0,0.0,0,1.130859375,3,192,06:46,19:36,2025-04-05 23:09:56.330170,Castel Volturno,73.4,13.993526,28.132837,14.278657,21.470823,EU EEA Common AQI,61.7,12.882494,24.232132,7200,17.285715,100,100,56.5,35.5,Low,62.1,12.488213,100,1743894000,Very Low,23.797762,14.387685,Very Low,15.814629,53.5,23.385714,100,1743894000,21.3
2025-04-05T23:10:07Z,236,29.724,72.4,54,58.7,2,2,304,82,0.0,255,32767,0.0,2127-15-31,0.0,0.0,26.68,0.0,0.0,0.0,0,1.130859375,3,192,06:46,19:36,2025-04-05 23:10:07.449172,Castel Volturno,73.4,13.993526,28.132837,14.278657,21.470823,EU EEA Common AQI,61.7,12.882494,24.232132,7200,17.285715,100,100,56.5,35.5,Low,62.1,12.488213,100,1743894000,Very Low,23.797762,14.387685,Very Low,15.814629,53.5,23.385714,100,1743894000,21.3
2025-04-05T23:10:18Z,236,29.724,72.4,54,58.7,1,2,310,82,0.0,255,32767,0.0,2127-15-31,0.0,0.0,26.68,0.0,0.0,0.0,0,1.130859375,3,192,06:46,19:36,2025-04-05 23:10:18.523185,Castel Volturno,73.4,13.993526,28.132837,14.278657,21.470823,EU EEA Common AQI,61.7,12.882494,24.232132,7200,17.285715,100,100,56.5,35.5,Low,62.1,12.488213,100,1743894000,Very Low,23.797762,14.387685,Very Low,15.814629,53.5,23.385714,100,1743894000,21.3
2025-04-05T23:10:29Z,236,29.724,72.4,54,58.7,1,2,311,82,0.0,255,32767,0.0,2127-15-31,0.0,0.0,26.68,0.0,0.0,0.0,0,1.130859375,3,192,06:46,19:36,2025-04-05 23:10:29.595166,Castel Volturno,73.4,13.993526,28.132837,14.278657,21.470823,EU EEA Common AQI,61.7,12.882494,24.232132,7200,17.285715,100,100,56.5,35.5,Low,62.1,12.488213,100,1743894000,Very Low,23.797762,14.387685,Very Low,15.814629,53.5,23.385714,100,1743894000,21.3
2025-04-05T23:10:40Z,236,29.725,72.4,54,58.7,1,3,311,82,0.0,255,32767,0.0,2127-15-31,0.0,0.0,26.68,0.0,0.0,0.0,0,0.767578125,3,192,06:46,19:36,2025-04-05 23:10:40.648166,Castel Volturno,73.4,13.993526,28.132837,14.278657,21.470823,EU EEA Common AQI,61.7,12.882494,24.232132,7200,17.285715,100,100,56.5,35.5,Low,62.1,12.488213,100,1743894000,Very Low,23.797762,14.387685,Very Low,15.814629,53.5,23.385714,100,1743894000,21.3
2025-04-05T23:10:51Z,236,29.725,72.4,54,58.7,1,3,311,82,0.0,255,32767,0.0,2127-15-31,0.0,0.0,26.68,0.0,0.0,0.0,0,0.767578125,3,192,06:46,19:36,2025-04-05 23:10:51.749132,Castel Volturno,73.4,13.993526,28.132837,14.278657,21.470823,EU EEA Common AQI,61.7,12.882494,24.232132,7200,17.285715,100,100,56.5,35.5,Low,62.1,12.488213,100,1743894000,Very Low,23.797762,14.387685,Very Low,15.814629,53.5,23.385714,100,1743894000,21.3
2025-04-05T23:11:03Z,236,29.725,72.4,54,58.7,1,3,311,82,0.0,255,32767,0.0,2127-15-31,0.0,0.0,26.68,0.0,0.0,0.0,0,0.767578125,3,192,06:46,19:36,2025-04-05 23:11:02.808126,Castel Volturno,73.4,13.993526,28.132837,14.278657,21.470823,EU EEA Common AQI,61.7,12.882494,24.232132,7200,17.285715,100,100,56.5,35.5,Low,62.1,12.488213,100,1743894000,Very Low,23.797762,14.387685,Very Low,15.814629,53.5,23.385714,100,1743894000,21.3
2025-04-05T23:11:14Z,236,29.725,72.4,54,58.7,0,3,311,82,0.0,255,32767,0.0,2127-15-31,0.0,0.0,26.68,0.0,0.0,0.0,0,0.767578125,3,192,06:46,19:36,2025-04-05 23:11:13.864167,Castel Volturno,73.4,13.993526,28.132837,14.278657,21.470823,EU EEA Common AQI,61.7,12.882494,24.232132,7200,17.285715,100,100,56.5,35.5,Low,62.1,12.488213,100,1743894000,Very Low,23.797762,14.387685,Very Low,15.814629,53.5,23.385714,100,1743894000,21.3
2025-04-05T23:11:25Z,236,29.725,72.4,54,58.7,0,3,311,82,0.0,255,32767,0.0,2127-15-31,0.0,0.0,26.68,0.0,0.0,0.0,0,0.767578125,3,192,06:46,19:36,2025-04-05 23:11:24.944165,Castel Volturno,73.4,13.993526,28.132837,14.278657,21.470823,EU EEA Common AQI,61.7,12.882494,24.232132,7200,17.285715,100,100,56.5,35.5,Low,62.1,12.488213,100,1743894000,Very Low,23.797762,14.387685,Very Low,15.814629,53.5,23.385714,100,1743894000,21.3
2025-04-05T23:11:36Z,236,29.723,72.4,54,58.7,0,2,311,82,0.0,255,32767,0.0,2127-15-31,0.0,0.0,26.68,0.0,0.0,0.0,0,0.732421875,3,192,06:46,19:36,2025-04-05 23:11:35.967173,Castel Volturno,73.4,13.993526,28.132837,14.278657,21.470823,EU EEA Common AQI,61.7,12.882494,24.232132,7200,17.285715,100,100,56.5,35.5,Low,62.1,12.488213,100,1743894000,Very Low,23.797762,14.387685,Very Low,15.814629,53.5,23.385714,100,1743894000,21.3
2025-04-05T23:11:47Z,236,29.723,72.4,54,58.7,3,2,18,82,0.0,255,32767,0.0,2127-15-31,0.0,0.0,26.68,0.0,0.0,0.0,0,0.732421875,3,192,06:46,19:36,2025-04-05 23:11:47.012178,Castel Volturno,73.4,13.993526,28.132837,14.278657,21.470823,EU EEA Common AQI,61.7,12.882494,24.232132,7200,17.285715,100,100,56.5,35.5,Low,62.1,12.488213,100,1743894000,Very Low,23.797762,14.387685,Very Low,15.814629,53.5,23.385714,100,1743894000,21.3
2025-04-05T23:11:58Z,236,29.723,72.4,54,58.6,2,2,11,82,0.0,255,32767,0.0,2127-15-31,0.0,0.0,26.68,0.0,0.0,0.0,0,0.732421875,3,192,06:46,19:36,2025-04-05 23:11:58.037165,Castel Volturno,73.4,13.993526,28.132837,14.278657,21.470823,EU EEA Common AQI,61.7,12.882494,24.232132,7200,17.285715,100,100,56.5,35.5,Low,62.1,12.488213,100,1743894000,Very Low,23.797762,14.387685,Very Low,15.814629,53.5,23.385714,100,1743894000,21.3
2025-04-05T23:12:09Z,236,29.723,72.4,54,58.7,2,2,5,82,0.0,255,32767,0.0,2127-15-31,0.0,0.0,26.68,0.0,0.0,0.0,0,0.732421875,3,192,06:46,19:36,2025-04-05 23:12:09.075163,Castel Volturno,73.4,13.993526,28.132837,14.278657,21.470823,EU EEA Common AQI,61.7,12.882494,24.232132,7200,17.285715,100,100,56.5,35.5,Low,62.1,12.488213,100,1743894000,Very Low,23.797762,14.387685,Very Low,15.814629,53.5,23.385714,100,1743894000,21.3
2025-04-05T23:12:20Z,236,29.723,72.4,54,58.6,1,2,316,82,0.0,255,32767,0.0,2127-15-31,0.0,0.0,26.68,0.0,0.0,0.0,0,0.732421875,3,192,06:46,19:36,2025-04-05 23:12:20.141167,Castel Volturno,73.4,13.993526,28.132837,14.278657,21.470823,EU EEA Common AQI,61.7,12.882494,24.232132,7200,17.285715,100,100,56.5,35.5,Low,62.1,12.488213,100,1743894000,Very Low,23.797762,14.387685,Very Low,15.814629,53.5,23.385714,100,1743894000,21.3
2025-04-05T23:12:31Z,236,29.723,72.4,54,58.6,1,2,316,82,0.0,255,32767,0.0,2127-15-31,0.0,0.0,26.68,0.0,0.0,0.0,0,0.732421875,3,192,06:46,19:36,2025-04-05 23:12:31.165164,Castel Volturno,73.4,13.993526,28.132837,14.278657,21.470823,EU EEA Common AQI,61.7,12.882494,24.232132,7200,17.285715,100,100,56.5,35.5,Low,62.1,12.488213,100,1743894000,Very Low,23.797762,14.387685,Very Low,15.814629,53.5,23.385714,100,1743894000,21.3
2025-04-05T23:12:42Z,236,29.724,72.4,54,58.6,2,2,327,82,0.0,255,32767,0.0,2127-15-31,0.0,0.0,26.68,0.0,0.0,0.0,0,0.732421875,3,192,06:46,19:36,2025-04-05 23:12:42.193161,Castel Volturno,73.4,13.993526,28.132837,14.278657,21.470823,EU EEA Common AQI,61.7,12.882494,24.232132,7200,17.285715,100,100,56.5,35.5,Low,62.1,12.488213,100,1743894000,Very Low,23.797762,14.387685,Very Low,15.814629,53.5,23.385714,100,1743894000,21.3
2025-04-05T23:12:53Z,236,29.724,72.4,54,58.6,3,2,289,82,0.0,255,32767,0.0,2127-15-31,0.0,0.0,26.68,0.0,0.0,0.0,0,0.732421875,3,192,06:46,19:36,2025-04-05 23:12:53.218167,Castel Volturno,73.4,13.993526,28.132837,14.278657,21.470823,EU EEA Common AQI,61.7,12.882494,24.232132,7200,17.285715,100,100,56.5,35.5,Low,62.1,12.488213,100,1743894000,Very Low,23.797762,14.387685,Very Low,15.814629,53.5,23.385714,100,1743894000,21.3
2025-04-05T23:13:04Z,236,29.724,72.4,54,58.6,2,2,315,82,0.0,255,32767,0.0,2127-15-31,0.0,0.0,26.68,0.0,0.0,0.0,0,0.732421875,3,192,06:46,19:36,2025-04-05 23:13:04.250133,Castel Volturno,73.4,13.993526,28.132837,14.278657,21.470823,EU EEA Common AQI,61.7,12.882494,24.232132,7200,17.285715,100,100,56.5,35.5,Low,62.1,12.488213,100,1743894000,Very Low,23.797762,14.387685,Very Low,15.814629,53.5,23.385714,100,1743894000,21.3
2025-04-05T23:13:15Z,236,29.724,72.4,54,58.6,1,2,9,82,0.0,255,32767,0.0,2127-15-31,0.0,0.0,26.68,0.0,0.0,0.0,0,0.732421875,3,192,06:46,19:36,2025-04-05 23:13:15.532172,Castel Volturno,73.4,13.993526,28.132837,14.278657,21.470823,EU EEA Common AQI,61.7,12.882494,24.232132,7200,17.285715,100,100,56.5,35.5,Low,62.1,12.488213,100,1743894000,Very Low,23.797762,14.387685,Very Low,15.814629,53.5,23.385714,100,1743894000,21.3
2025-04-05T23:13:26Z,236,29.724,72.4,54,58.6,2,2,350,82,0.0,255,32767,0.0,2127-15-31,0.0,0.0,26.68,0.0,0.0,0.0,0,0.732421875,3,192,06:46,19:36,2025-04-05 23:13:26.565170,Castel Volturno,73.4,13.993526,28.132837,14.278657,21.470823,EU EEA Common AQI,61.7,12.882494,24.232132,7200,17.285715,100,100,56.5,35.5,Low,62.1,12.488213,100,1743894000,Very Low,23.797762,14.387685,Very Low,15.814629,53.5,23.385714,100,1743894000,21.3
2025-04-05T23:13:37Z,236,29.724,72.4,54,58.6,2,2,341,82,0.0,255,32767,0.0,2127-15-31,0.0,0.0,26.68,0.0,0.0,0.0,0,0.732421875,3,192,06:46,19:36,2025-04-05 23:13:37.586169,Castel Volturno,73.4,13.993526,28.132837,14.278657,21.470823,EU EEA Common AQI,61.7,12.882494,24.232132,7200,17.285715,100,100,56.5,35.5,Low,62.1,12.488213,100,1743894000,Very Low,23.797762,14.387685,Very Low,15.814629,53.5,23.385714,100,1743894000,21.3
2025-04-05T23:13:48Z,236,29.724,72.4,54,58.6,1,2,316,82,0.0,255,32767,0.0,2127-15-31,0.0,0.0,26.68,0.0,0.0,0.0,0,0.732421875,3,192,06:46,19:36,2025-04-05 23:13:48.595183,Castel Volturno,73.4,13.993526,28.132837,14.278657,21.470823,EU EEA Common AQI,61.7,12.882494,24.232132,7200,17.285715,100,100,56.5,35.5,Low,62.1,12.488213,100,1743894000,Very Low,23.797762,14.387685,Very Low,15.814629,53.5,23.385714,100,1743894000,21.3
2025-04-05T23:13:59Z,236,29.724,72.4,54,58.6,1,2,316,82,0.0,255,32767,0.0,2127-15-31,0.0,0.0,26.68,0.0,0.0,0.0,0,0.732421875,3,192,06:46,19:36,2025-04-05 23:13:59.625168,Castel Volturno,73.4,13.993526,28.132837,14.278657,21.470823,EU EEA Common AQI,61.7,12.882494,24.232132,7200,17.285715,100,100,56.5,35.5,Low,62.1,12.488213,100,1743894000,Very Low,23.797762,14.387685,Very Low,15.814629,53.5,23.385714,100,1743894000,21.3
2025-04-05T23:14:10Z,236,29.724,72.4,54,58.6,0,2,316,82,0.0,255,32767,0.0,2127-15-31,0.0,0.0,26.68,0.0,0.0,0.0,0,0.732421875,3,192,06:46,19:36,2025-04-05 23:14:10.649176,Castel Volturno,73.4,13.993526,28.132837,14.278657,21.470823,EU EEA Common AQI,61.7,12.882494,24.232132,7200,17.285715,100,100,56.5,35.5,Low,62.1,12.488213,100,1743894000,Very Low,23.797762,14.387685,Very Low,15.814629,53.5,23.385714,100,1743894000,21.3
2025-04-05T23:14:21Z,236,29.724,72.4,54,58.6,1,2,316,82,0.0,255,32767,0.0,2127-15-31,0.0,0.0,26.68,0.0,0.0,0.0,0,0.732421875,3,192,06:46,19:36,2025-04-05 23:14:21.703168,Castel Volturno,73.4,13.993526,28.132837,14.278657,21.470823,EU EEA Common AQI,61.7,12.882494,24.232132,7200,17.285715,100,100,56.5,35.5,Low,62.1,12.488213,100,1743894000,Very Low,23.797762,14.387685,Very Low,15.814629,53.5,23.385714,100,1743894000,21.3
2025-04-05T23:14:32Z,236,29.723,72.4,54,58.6,1,2,315,82,0.0,255,32767,0.0,2127-15-31,0.0,0.0,26.68,0.0,0.0,0.0,0,0.73828125,3,192,06:46,19:36,2025-04-05 23:14:32.763205,Castel Volturno,73.4,13.993526,28.132837,14.278657,21.470823,EU EEA Common AQI,61.7,12.882494,24.232132,7200,17.285715,100,100,56.5,35.5,Low,62.1,12.488213,100,1743894000,Very Low,23.797762,14.387685,Very Low,15.814629,53.5,23.385714,100,1743894000,21.3
2025-04-05T23:14:43Z,236,29.723,72.4,54,58.6,2,2,296,82,0.0,255,32767,0.0,2127-15-31,0.0,0.0,26.68,0.0,0.0,0.0,0,0.73828125,3,192,06:46,19:36,2025-04-05 23:14:43.771171,Castel Volturno,73.4,13.993526,28.132837,14.278657,21.470823,EU EEA Common AQI,61.7,12.882494,24.232132,7200,17.285715,100,100,56.5,35.5,Low,62.1,12.488213,100,1743894000,Very Low,23.797762,14.387685,Very Low,15.814629,53.5,23.385714,100,1743894000,21.3
2025-04-05T23:14:55Z,236,29.723,72.4,54,58.6,1,2,288,82,0.0,255,32767,0.0,2127-15-31,0.0,0.0,26.68,0.0,0.0,0.0,0,0.73828125,3,192,06:46,19:36,2025-04-05 23:14:55.038178,Castel Volturno,73.4,13.993526,28.132837,14.278657,21.470823,EU EEA Common AQI,61.7,12.882494,24.232132,7200,17.285715,100,100,56.5,35.5,Low,62.1,12.488213,100,1743894000,Very Low,23.797762,14.387685,Very Low,15.814629,53.5,23.385714,100,1743894000,21.3
2025-04-05T23:15:06Z,236,29.723,72.4,54,58.6,0,2,288,82,0.0,255,32767,0.0,2127-15-31,0.0,0.0,26.68,0.0,0.0,0.0,0,0.73828125,3,192,06:46,19:36,2025-04-05 23:15:06.101165,Castel Volturno,73.4,13.993526,28.132837,14.278657,21.470823,EU EEA Common AQI,61.7,12.882494,24.232132,7200,17.285715,100,100,56.5,35.5,Low,62.1,12.488213,100,1743894000,Very Low,23.797762,14.387685,Very Low,15.814629,53.5,23.385714,100,1743894000,21.3
2025-04-05T23:15:17Z,236,29.723,72.4,54,58.5,0,2,288,82,0.0,255,32767,0.0,2127-15-31,0.0,0.0,26.68,0.0,0.0,0.0,0,0.73828125,3,192,06:46,19:36,2025-04-05 23:15:17.176221,Castel Volturno,73.4,13.993526,28.132837,14.278657,21.470823,EU EEA Common AQI,61.7,12.882494,24.232132,7200,17.285715,100,100,56.5,35.5,Low,62.1,12.488213,100,1743894000,Very Low,23.797762,14.387685,Very Low,15.814629,53.5,23.385714,100,1743894000,21.3
2025-04-05T23:15:28Z,236,29.723,72.4,54,58.5,0,2,288,82,0.0,255,32767,0.0,2127-15-31,0.0,0.0,26.68,0.0,0.0,0.0,0,0.73828125,3,192,06:46,19:36,2025-04-05 23:15:28.236169,Castel Volturno,73.2,15.1973295,27.85768,16.661224,23.675732,EU EEA Common AQI,61.9,14.20544,24.030783,7200,17.602942,100,100,56.6,38.43137,Low,62.3,13.657552,100,1743894900,Very Low,27.768707,15.73876,Low,18.279951,53.6,24.691177,100,1743894900,23.058823
2025-04-05T23:15:39Z,236,29.723,72.4,54,58.6,0,2,324,82,0.0,255,32767,0.0,2127-15-31,0.0,0.0,26.68,0.0,0.0,0.0,0,0.884765625,3,192,06:46,19:36,2025-04-05 23:15:39.277179,Castel Volturno,73.2,15.1973295,27.85768,16.661224,23.675732,EU EEA Common AQI,61.9,14.20544,24.030783,7200,17.602942,100,100,56.6,38.43137,Low,62.3,13.657552,100,1743894900,Very Low,27.768707,15.73876,Low,18.279951,53.6,24.691177,100,1743894900,23.058823
2025-04-05T23:15:50Z,236,29.723,72.4,54,58.5,0,2,5,82,0.0,255,32767,0.0,2127-15-31,0.0,0.0,26.68,0.0,0.0,0.0,0,0.884765625,3,192,06:46,19:36,2025-04-05 23:15:50.333178,Castel Volturno,73.2,15.1973295,27.85768,16.661224,23.675732,EU EEA Common AQI,61.9,14.20544,24.030783,7200,17.602942,100,100,56.6,38.43137,Low,62.3,13.657552,100,1743894900,Very Low,27.768707,15.73876,Low,18.279951,53.6,24.691177,100,1743894900,23.058823
2025-04-05T23:16:01Z,236,29.723,72.4,54,58.5,0,2,5,82,0.0,255,32767,0.0,2127-15-31,0.0,0.0,26.68,0.0,0.0,0.0,0,0.884765625,3,192,06:46,19:36,2025-04-05 23:16:01.352167,Castel Volturno,73.2,15.1973295,27.85768,16.661224,23.675732,EU EEA Common AQI,61.9,14.20544,24.030783,7200,17.602942,100,100,56.6,38.43137,Low,62.3,13.657552,100,1743894900,Very Low,27.768707,15.73876,Low,18.279951,53.6,24.691177,100,1743894900,23.058823
2025-04-05T23:16:12Z,236,29.723,72.4,54,58.6,0,2,5,82,0.0,255,32767,0.0,2127-15-31,0.0,0.0,26.68,0.0,0.0,0.0,0,0.884765625,3,192,06:46,19:36,2025-04-05 23:16:12.382166,Castel Volturno,73.2,15.1973295,27.85768,16.661224,23.675732,EU EEA Common AQI,61.9,14.20544,24.030783,7200,17.602942,100,100,56.6,38.43137,Low,62.3,13.657552,100,1743894900,Very Low,27.768707,15.73876,Low,18.279951,53.6,24.691177,100,1743894900,23.058823
2025-04-05T23:16:23Z,236,29.723,72.4,54,58.5,0,2,5,82,0.0,255,32767,0.0,2127-15-31,0.0,0.0,26.68,0.0,0.0,0.0,0,0.884765625,3,192,06:46,19:36,2025-04-05 23:16:23.391178,Castel Volturno,73.2,15.1973295,27.85768,16.661224,23.675732,EU EEA Common AQI,61.9,14.20544,24.030783,7200,17.602942,100,100,56.6,38.43137,Low,62.3,13.657552,100,1743894900,Very Low,27.768707,15.73876,Low,18.279951,53.6,24.691177,100,1743894900,23.058823
2025-04-05T23:16:34Z,236,29.722,72.4,54,58.5,0,2,5,82,0.0,255,32767,0.0,2127-15-31,0.0,0.0,26.68,0.0,0.0,0.0,0,1.095703125,3,192,06:46,19:36,2025-04-05 23:16:34.468130,Castel Volturno,73.2,15.1973295,27.85768,16.661224,23.675732,EU EEA Common AQI,61.9,14.20544,24.030783,7200,17.602942,100,100,56.6,38.43137,Low,62.3,13.657552,100,1743894900,Very Low,27.768707,15.73876,Low,18.279951,53.6,24.691177,100,1743894900,23.058823
2025-04-05T23:16:45Z,236,29.722,72.4,54,58.6,0,2,5,82,0.0,255,32767,0.0,2127-15-31,0.0,0.0,26.68,0.0,0.0,0.0,0,1.095703125,3,192,06:46,19:36,2025-04-05 23:16:45.536165,Castel Volturno,73.2,15.1973295,27.85768,16.661224,23.675732,EU EEA Common AQI,61.9,14.20544,24.030783,7200,17.602942,100,100,56.6,38.43137,Low,62.3,13.657552,100,1743894900,Very Low,27.768707,15.73876,Low,18.279951,53.6,24.691177,100,1743894900,23.058823
2025-04-05T23:16:56Z,236,29.722,72.4,54,58.6,0,2,346,82,0.0,255,32767,0.0,2127-15-31,0.0,0.0,26.68,0.0,0.0,0.0,0,1.095703125,3,192,06:46,19:36,2025-04-05 23:16:56.556178,Castel Volturno,73.2,15.1973295,27.85768,16.661224,23.675732,EU EEA Common AQI,61.9,14.20544,24.030783,7200,17.602942,100,100,56.6,38.43137,Low,62.3,13.657552,100,1743894900,Very Low,27.768707,15.73876,Low,18.279951,53.6,24.691177,100,1743894900,23.058823
2025-04-05T23:17:07Z,236,29.722,72.4,54,58.5,0,2,346,82,0.0,255,32767,0.0,2127-15-31,0.0,0.0,26.68,0.0,0.0,0.0,0,1.095703125,3,192,06:46,19:36,2025-04-05 23:17:07.575167,Castel Volturno,73.2,15.1973295,27.85768,16.661224,23.675732,EU EEA Common AQI,61.9,14.20544,24.030783,7200,17.602942,100,100,56.6,38.43137,Low,62.3,13.657552,100,1743894900,Very Low,27.768707,15.73876,Low,18.279951,53.6,24.691177,100,1743894900,23.058823
2025-04-05T23:17:18Z,236,29.722,72.4,54,58.5,0,2,351,82,0.0,255,32767,0.0,2127-15-31,0.0,0.0,26.68,0.0,0.0,0.0,0,1.095703125,3,192,06:46,19:36,2025-04-05 23:17:18.588168,Castel Volturno,73.2,15.1973295,27.85768,16.661224,23.675732,EU EEA Common AQI,61.9,14.20544,24.030783,7200,17.602942,100,100,56.6,38.43137,Low,62.3,13.657552,100,1743894900,Very Low,27.768707,15.73876,Low,18.279951,53.6,24.691177,100,1743894900,23.058823
2025-04-05T23:17:29Z,236,29.722,72.4,54,58.5,0,2,34,82,0.0,255,32767,0.0,2127-15-31,0.0,0.0,26.68,0.0,0.0,0.0,0,1.095703125,3,192,06:46,19:36,2025-04-05 23:17:29.630156,Castel Volturno,73.2,15.1973295,27.85768,16.661224,23.675732,EU EEA Common AQI,61.9,14.20544,24.030783,7200,17.602942,100,100,56.6,38.43137,Low,62.3,13.657552,100,1743894900,Very Low,27.768707,15.73876,Low,18.279951,53.6,24.691177,100,1743894900,23.058823
2025-04-05T23:17:40Z,236,29.724,72.4,54,58.5,2,1,343,82,0.0,255,32767,0.0,2127-15-31,0.0,0.0,26.68,0.0,0.0,0.0,0,2.115234375,3,192,06:46,19:36,2025-04-05 23:17:40.687166,Castel Volturno,73.2,15.1973295,27.85768,16.661224,23.675732,EU EEA Common AQI,61.9,14.20544,24.030783,7200,17.602942,100,100,56.6,38.43137,Low,62.3,13.657552,100,1743894900,Very Low,27.768707,15.73876,Low,18.279951,53.6,24.691177,100,1743894900,23.058823
2025-04-05T23:17:51Z,236,29.724,72.4,54,58.5,1,1,342,82,0.0,255,32767,0.0,2127-15-31,0.0,0.0,26.68,0.0,0.0,0.0,0,2.115234375,3,192,06:46,19:36,2025-04-05 23:17:51.737146,Castel Volturno,73.2,15.1973295,27.85768,16.661224,23.675732,EU EEA Common AQI,61.9,14.20544,24.030783,7200,17.602942,100,100,56.6,38.43137,Low,62.3,13.657552,100,1743894900,Very Low,27.768707,15.73876,Low,18.279951,53.6,24.691177,100,1743894900,23.058823
2025-04-05T23:18:02Z,236,29.724,72.4,54,58.5,2,1,333,82,0.0,255,32767,0.0,2127-15-31,0.0,0.0,26.68,0.0,0.0,0.0,0,2.115234375,3,192,06:46,19:36,2025-04-05 23:18:02.778162,Castel Volturno,73.2,15.1973295,27.85768,16.661224,23.675732,EU EEA Common AQI,61.9,14.20544,24.030783,7200,17.602942,100,100,56.6,38.43137,Low,62.3,13.657552,100,1743894900,Very Low,27.768707,15.73876,Low,18.279951,53.6,24.691177,100,1743894900,23.058823
2025-04-05T23:18:14Z,236,29.724,72.4,54,58.5,2,1,323,82,0.0,255,32767,0.0,2127-15-31,0.0,0.0,26.68,0.0,0.0,0.0,0,2.115234375,3,192,06:46,19:36,2025-04-05 23:18:13.809166,Castel Volturno,73.2,15.1973295,27.85768,16.661224,23.675732,EU EEA Common AQI,61.9,14.20544,24.030783,7200,17.602942,100,100,56.6,38.43137,Low,62.3,13.657552,100,1743894900,Very Low,27.768707,15.73876,Low,18.279951,53.6,24.691177,100,1743894900,23.058823
2025-04-05T23:18:25Z,236,29.724,72.4,54,58.4,2,1,338,82,0.0,255,32767,0.0,2127-15-31,0.0,0.0,26.68,0.0,0.0,0.0,0,2.115234375,3,192,06:46,19:36,2025-04-05 23:18:24.854171,Castel Volturno,73.2,15.1973295,27.85768,16.661224,23.675732,EU EEA Common AQI,61.9,14.20544,24.030783,7200,17.602942,100,100,56.6,38.43137,Low,62.3,13.657552,100,1743894900,Very Low,27.768707,15.73876,Low,18.279951,53.6,24.691177,100,1743894900,23.058823
2025-04-05T23:18:36Z,236,29.722,72.4,54,58.4,1,1,331,82,0.0,255,32767,0.0,2127-15-31,0.0,0.0,26.68,0.0,0.0,0.0,0,0.732421875,3,192,06:46,19:36,2025-04-05 23:18:35.904167,Castel Volturno,73.2,15.1973295,27.85768,16.661224,23.675732,EU EEA Common AQI,61.9,14.20544,24.030783,7200,17.602942,100,100,56.6,38.43137,Low,62.3,13.657552,100,1743894900,Very Low,27.768707,15.73876,Low,18.279951,53.6,24.691177,100,1743894900,23.058823
2025-04-05T23:18:47Z,236,29.722,72.4,54,58.5,1,1,331,82,0.0,255,32767,0.0,2127-15-31,0.0,0.0,26.68,0.0,0.0,0.0,0,0.732421875,3,192,06:46,19:36,2025-04-05 23:18:46.957167,Castel Volturno,73.2,15.1973295,27.85768,16.661224,23.675732,EU EEA Common AQI,61.9,14.20544,24.030783,7200,17.602942,100,100,56.6,38.43137,Low,62.3,13.657552,100,1743894900,Very Low,27.768707,15.73876,Low,18.279951,53.6,24.691177,100,1743894900,23.058823
2025-04-05T23:18:58Z,236,29.722,72.4,54,58.5,1,1,322,82,0.0,255,32767,0.0,2127-15-31,0.0,0.0,26.68,0.0,0.0,0.0,0,0.732421875,3,192,06:46,19:36,2025-04-05 23:18:57.991167,Castel Volturno,73.2,15.1973295,27.85768,16.661224,23.675732,EU EEA Common AQI,61.9,14.20544,24.030783,7200,17.602942,100,100,56.6,38.43137,Low,62.3,13.657552,100,1743894900,Very Low,27.768707,15.73876,Low,18.279951,53.6,24.691177,100,1743894900,23.058823
2025-04-05T23:19:09Z,236,29.722,72.4,54,58.4,1,1,355,82,0.0,255,32767,0.0,2127-15-31,0.0,0.0,26.68,0.0,0.0,0.0,0,0.732421875,3,192,06:46,19:36,2025-04-05 23:19:09.037168,Castel Volturno,73.2,15.1973295,27.85768,16.661224,23.675732,EU EEA Common AQI,61.9,14.20544,24.030783,7200,17.602942,100,100,56.6,38.43137,Low,62.3,13.657552,100,1743894900,Very Low,27.768707,15.73876,Low,18.279951,53.6,24.691177,100,1743894900,23.058823
2025-04-05T23:19:20Z,236,29.722,72.4,54,58.4,1,1,350,82,0.0,255,32767,0.0,2127-15-31,0.0,0.0,26.68,0.0,0.0,0.0,0,0.732421875,3,192,06:46,19:36,2025-04-05 23:19:20.070165,Castel Volturno,73.2,15.1973295,27.85768,16.661224,23.675732,EU EEA Common AQI,61.9,14.20544,24.030783,7200,17.602942,100,100,56.6,38.43137,Low,62.3,13.657552,100,1743894900,Very Low,27.768707,15.73876,Low,18.279951,53.6,24.691177,100,1743894900,23.058823
2025-04-05T23:19:31Z,236,29.722,72.4,54,58.4,2,1,360,82,0.0,255,32767,0.0,2127-15-31,0.0,0.0,26.68,0.0,0.0,0.0,0,0.732421875,3,192,06:46,19:36,2025-04-05 23:19:31.114169,Castel Volturno,73.2,15.1973295,27.85768,16.661224,23.675732,EU EEA Common AQI,61.9,14.20544,24.030783,7200,17.602942,100,100,56.6,38.43137,Low,62.3,13.657552,100,1743894900,Very Low,27.768707,15.73876,Low,18.279951,53.6,24.691177,100,1743894900,23.058823
2025-04-05T23:19:42Z,236,29.725,72.4,54,58.4,1,1,355,82,0.0,255,32767,0.0,2127-15-31,0.0,0.0,26.68,0.0,0.0,0.0,0,0.732421875,3,192,06:46,19:36,2025-04-05 23:19:42.137168,Castel Volturno,73.2,15.1973295,27.85768,16.661224,23.675732,EU EEA Common AQI,61.9,14.20544,24.030783,7200,17.602942,100,100,56.6,38.43137,Low,62.3,13.657552,100,1743894900,Very Low,27.768707,15.73876,Low,18.279951,53.6,24.691177,100,1743894900,23.058823
2025-04-05T23:19:53Z,236,29.725,72.4,54,58.4,1,1,355,82,0.0,255,32767,0.0,2127-15-31,0.0,0.0,26.68,0.0,0.0,0.0,0,0.732421875,3,192,06:46,19:36,2025-04-05 23:19:53.196148,Castel Volturno,73.2,15.1973295,27.85768,16.661224,23.675732,EU EEA Common AQI,61.9,14.20544,24.030783,7200,17.602942,100,100,56.6,38.43137,Low,62.3,13.657552,100,1743894900,Very Low,27.768707,15.73876,Low,18.279951,53.6,24.691177,100,1743894900,23.058823
2025-04-05T23:20:04Z,236,29.725,72.4,54,58.4,1,1,355,82,0.0,255,32767,0.0,2127-15-31,0.0,0.0,26.68,0.0,0.0,0.0,0,0.732421875,3,192,06:46,19:36,2025-04-05 23:20:04.240172,Castel Volturno,73.2,15.1973295,27.85768,16.661224,23.675732,EU EEA Common AQI,61.9,14.20544,24.030783,7200,17.602942,100,100,56.6,38.43137,Low,62.3,13.657552,100,1743894900,Very Low,27.768707,15.73876,Low,18.279951,53.6,24.691177,100,1743894900,23.058823
2025-04-05T23:20:15Z,236,29.725,72.4,54,58.3,1,1,360,82,0.0,255,32767,0.0,2127-15-31,0.0,0.0,26.68,0.0,0.0,0.0,0,0.732421875,3,192,06:46,19:36,2025-04-05 23:20:15.317165,Castel Volturno,73.2,15.1973295,27.85768,16.661224,23.675732,EU EEA Common AQI,61.9,14.20544,24.030783,7200,17.602942,100,100,56.6,38.43137,Low,62.3,13.657552,100,1743894900,Very Low,27.768707,15.73876,Low,18.279951,53.6,24.691177,100,1743894900,23.058823
2025-04-05T23:20:26Z,236,29.725,72.4,54,58.3,2,1,360,82,0.0,255,32767,0.0,2127-15-31,0.0,0.0,26.68,0.0,0.0,0.0,0,0.732421875,3,192,06:46,19:36,2025-04-05 23:20:26.350174,Castel Volturno,73.2,15.1973295,27.85768,16.661224,23.675732,EU EEA Common AQI,61.9,14.20544,24.030783,7200,17.602942,100,100,56.6,38.43137,Low,62.3,13.657552,100,1743894900,Very Low,27.768707,15.73876,Low,18.279951,53.6,24.691177,100,1743894900,23.058823
2025-04-05T23:20:37Z,236,29.723,72.4,54,58.3,2,1,11,82,0.0,255,32767,0.0,2127-15-31,0.0,0.0,26.68,0.0,0.0,0.0,0,0.76171875,3,192,06:46,19:36,2025-04-05 23:20:37.408166,Castel Volturno,73.2,15.1973295,27.85768,16.661224,23.675732,EU EEA Common AQI,61.9,14.20544,24.030783,7200,17.602942,100,100,56.6,38.43137,Low,62.3,13.657552,100,1743894900,Very Low,27.768707,15.73876,Low,18.279951,53.6,24.691177,100,1743894900,23.058823
2025-04-05T23:20:48Z,236,29.723,72.4,54,58.3,1,1,20,82,0.0,255,32767,0.0,2127-15-31,0.0,0.0,26.68,0.0,0.0,0.0,0,0.76171875,3,192,06:46,19:36,2025-04-05 23:20:48.414170,Castel Volturno,73.2,15.1973295,27.85768,16.661224,23.675732,EU EEA Common AQI,61.9,14.20544,24.030783,7200,17.602942,100,100,56.6,38.43137,Low,62.3,13.657552,100,1743894900,Very Low,27.768707,15.73876,Low,18.279951,53.6,24.691177,100,1743894900,23.058823
2025-04-05T23:20:59Z,236,29.723,72.4,54,58.3,0,1,20,82,0.0,255,32767,0.0,2127-15-31,0.0,0.0,26.68,0.0,0.0,0.0,0,0.76171875,3,192,06:46,19:36,2025-04-05 23:20:59.474170,Castel Volturno,73.2,15.1973295,27.85768,16.661224,23.675732,EU EEA Common AQI,61.9,14.20544,24.030783,7200,17.602942,100,100,56.6,38.43137,Low,62.3,13.657552,100,1743894900,Very Low,27.768707,15.73876,Low,18.279951,53.6,24.691177,100,1743894900,23.058823
2025-04-05T23:21:10Z,236,29.723,72.4,54,58.3,1,1,17,82,0.0,255,32767,0.0,2127-15-31,0.0,0.0,26.68,0.0,0.0,0.0,0,0.76171875,3,192,06:46,19:36,2025-04-05 23:21:10.487161,Castel Volturno,73.2,15.1973295,27.85768,16.661224,23.675732,EU EEA Common AQI,61.9,14.20544,24.030783,7200,17.602942,100,100,56.6,38.43137,Low,62.3,13.657552,100,1743894900,Very Low,27.768707,15.73876,Low,18.279951,53.6,24.691177,100,1743894900,23.058823
2025-04-05T23:21:21Z,236,29.723,72.4,54,58.3,1,1,17,82,0.0,255,32767,0.0,2127-15-31,0.0,0.0,26.68,0.0,0.0,0.0,0,0.76171875,3,192,06:46,19:36,2025-04-05 23:21:21.535132,Castel Volturno,73.2,15.1973295,27.85768,16.661224,23.675732,EU EEA Common AQI,61.9,14.20544,24.030783,7200,17.602942,100,100,56.6,38.43137,Low,62.3,13.657552,100,1743894900,Very Low,27.768707,15.73876,Low,18.279951,53.6,24.691177,100,1743894900,23.058823
2025-04-05T23:21:32Z,236,29.724,72.4,54,58.2,1,1,5,82,0.0,255,32767,0.0,2127-15-31,0.0,0.0,26.68,0.0,0.0,0.0,0,0.73828125,3,192,06:46,19:36,2025-04-05 23:21:32.595158,Castel Volturno,73.2,15.1973295,27.85768,16.661224,23.675732,EU EEA Common AQI,61.9,14.20544,24.030783,7200,17.602942,100,100,56.6,38.43137,Low,62.3,13.657552,100,1743894900,Very Low,27.768707,15.73876,Low,18.279951,53.6,24.691177,100,1743894900,23.058823
2025-04-05T23:21:43Z,236,29.724,72.4,54,58.2,1,1,5,82,0.0,255,32767,0.0,2127-15-31,0.0,0.0,26.68,0.0,0.0,0.0,0,0.73828125,3,192,06:46,19:36,2025-04-05 23:21:43.639166,Castel Volturno,73.2,15.1973295,27.85768,16.661224,23.675732,EU EEA Common AQI,61.9,14.20544,24.030783,7200,17.602942,100,100,56.6,38.43137,Low,62.3,13.657552,100,1743894900,Very Low,27.768707,15.73876,Low,18.279951,53.6,24.691177,100,1743894900,23.058823
2025-04-05T23:21:54Z,236,29.724,72.4,54,58.2,2,1,15,82,0.0,255,32767,0.0,2127-15-31,0.0,0.0,26.68,0.0,0.0,0.0,0,0.73828125,3,192,06:46,19:36,2025-04-05 23:21:54.792167,Castel Volturno,73.2,15.1973295,27.85768,16.661224,23.675732,EU EEA Common AQI,61.9,14.20544,24.030783,7200,17.602942,100,100,56.6,38.43137,Low,62.3,13.657552,100,1743894900,Very Low,27.768707,15.73876,Low,18.279951,53.6,24.691177,100,1743894900,23.058823
2025-04-05T23:22:06Z,236,29.724,72.4,54,58.2,0,1,350,82,0.0,255,32767,0.0,2127-15-31,0.0,0.0,26.68,0.0,0.0,0.0,0,0.73828125,3,192,06:46,19:36,2025-04-05 23:22:05.847171,Castel Volturno,73.2,15.1973295,27.85768,16.661224,23.675732,EU EEA Common AQI,61.9,14.20544,24.030783,7200,17.602942,100,100,56.6,38.43137,Low,62.3,13.657552,100,1743894900,Very Low,27.768707,15.73876,Low,18.279951,53.6,24.691177,100,1743894900,23.058823
2025-04-05T23:22:17Z,236,29.724,72.4,54,58.1,1,1,5,82,0.0,255,32767,0.0,2127-15-31,0.0,0.0,26.68,0.0,0.0,0.0,0,0.73828125,3,192,06:46,19:36,2025-04-05 23:22:16.907165,Castel Volturno,73.2,15.1973295,27.85768,16.661224,23.675732,EU EEA Common AQI,61.9,14.20544,24.030783,7200,17.602942,100,100,56.6,38.43137,Low,62.3,13.657552,100,1743894900,Very Low,27.768707,15.73876,Low,18.279951,53.6,24.691177,100,1743894900,23.058823
2025-04-05T23:22:28Z,236,29.724,72.4,54,58.1,2,1,335,82,0.0,255,32767,0.0,2127-15-31,0.0,0.0,26.68,0.0,0.0,0.0,0,0.73828125,3,192,06:46,19:36,2025-04-05 23:22:28.046166,Castel Volturno,73.2,15.1973295,27.85768,16.661224,23.675732,EU EEA Common AQI,61.9,14.20544,24.030783,7200,17.602942,100,100,56.6,38.43137,Low,62.3,13.657552,100,1743894900,Very Low,27.768707,15.73876,Low,18.279951,53.6,24.691177,100,1743894900,23.058823
2025-04-05T23:22:39Z,236,29.723,72.4,54,58.0,1,1,9,82,0.0,255,32767,0.0,2127-15-31,0.0,0.0,26.68,0.0,0.0,0.0,0,0.779296875,3,192,06:46,19:36,2025-04-05 23:22:39.112171,Castel Volturno,73.2,15.1973295,27.85768,16.661224,23.675732,EU EEA Common AQI,61.9,14.20544,24.030783,7200,17.602942,100,100,56.6,38.43137,Low,62.3,13.657552,100,1743894900,Very Low,27.768707,15.73876,Low,18.279951,53.6,24.691177,100,1743894900,23.058823
2025-04-05T23:22:50Z,236,29.723,72.4,54,58.0,1,1,355,82,0.0,255,32767,0.0,2127-15-31,0.0,0.0,26.68,0.0,0.0,0.0,0,0.779296875,3,192,06:46,19:36,2025-04-05 23:22:50.150165,Castel Volturno,73.2,15.1973295,27.85768,16.661224,23.675732,EU EEA Common AQI,61.9,14.20544,24.030783,7200,17.602942,100,100,56.6,38.43137,Low,62.3,13.657552,100,1743894900,Very Low,27.768707,15.73876,Low,18.279951,53.6,24.691177,100,1743894900,23.058823
2025-04-05T23:23:01Z,236,29.723,72.4,54,58.0,2,1,40,82,0.0,255,32767,0.0,2127-15-31,0.0,0.0,26.68,0.0,0.0,0.0,0,0.779296875,3,192,06:46,19:36,2025-04-05 23:23:01.202162,Castel Volturno,73.2,15.1973295,27.85768,16.661224,23.675732,EU EEA Common AQI,61.9,14.20544,24.030783,7200,17.602942,100,100,56.6,38.43137,Low,62.3,13.657552,100,1743894900,Very Low,27.768707,15.73876,Low,18.279951,53.6,24.691177,100,1743894900,23.058823
2025-04-05T23:23:12Z,236,29.723,72.4,54,58.0,2,1,11,82,0.0,255,32767,0.0,2127-15-31,0.0,0.0,26.68,0.0,0.0,0.0,0,0.779296875,3,192,06:46,19:36,2025-04-05 23:23:12.327162,Castel Volturno,73.2,15.1973295,27.85768,16.661224,23.675732,EU EEA Common AQI,61.9,14.20544,24.030783,7200,17.602942,100,100,56.6,38.43137,Low,62.3,13.657552,100,1743894900,Very Low,27.768707,15.73876,Low,18.279951,53.6,24.691177,100,1743894900,23.058823
2025-04-05T23:23:23Z,236,29.723,72.4,54,57.9,2,1,5,82,0.0,255,32767,0.0,2127-15-31,0.0,0.0,26.68,0.0,0.0,0.0,0,0.779296875,3,192,06:46,19:36,2025-04-05 23:23:23.490179,Castel Volturno,73.2,15.1973295,27.85768,16.661224,23.675732,EU EEA Common AQI,61.9,14.20544,24.030783,7200,17.602942,100,100,56.6,38.43137,Low,62.3,13.657552,100,1743894900,Very Low,27.768707,15.73876,Low,18.279951,53.6,24.691177,100,1743894900,23.058823
2025-04-05T23:23:34Z,236,29.724,72.4,54,57.9,2,1,9,82,0.0,255,32767,0.0,2127-15-31,0.0,0.0,26.68,0.0,0.0,0.0,0,1.048828125,3,192,06:46,19:36,2025-04-05 23:23:34.534169,Castel Volturno,73.2,15.1973295,27.85768,16.661224,23.675732,EU EEA Common AQI,61.9,14.20544,24.030783,7200,17.602942,100,100,56.6,38.43137,Low,62.3,13.657552,100,1743894900,Very Low,27.768707,15.73876,Low,18.279951,53.6,24.691177,100,1743894900,23.058823
2025-04-05T23:23:45Z,236,29.724,72.4,54,57.8,1,1,5,82,0.0,255,32767,0.0,2127-15-31,0.0,0.0,26.68,0.0,0.0,0.0,0,1.048828125,3,192,06:46,19:36,2025-04-05 23:23:45.545165,Castel Volturno,73.2,15.1973295,27.85768,16.661224,23.675732,EU EEA Common AQI,61.9,14.20544,24.030783,7200,17.602942,100,100,56.6,38.43137,Low,62.3,13.657552,100,1743894900,Very Low,27.768707,15.73876,Low,18.279951,53.6,24.691177,100,1743894900,23.058823
2025-04-05T23:23:56Z,236,29.724,72.4,54,57.8,2,1,5,82,0.0,255,32767,0.0,2127-15-31,0.0,0.0,26.68,0.0,0.0,0.0,0,1.048828125,3,192,06:46,19:36,2025-04-05 23:23:56.564160,Castel Volturno,73.2,15.1973295,27.85768,16.661224,23.675732,EU EEA Common AQI,61.9,14.20544,24.030783,7200,17.602942,100,100,56.6,38.43137,Low,62.3,13.657552,100,1743894900,Very Low,27.768707,15.73876,Low,18.279951,53.6,24.691177,100,1743894900,23.058823
2025-04-05T23:24:07Z,236,29.724,72.4,54,57.8,2,1,348,82,0.0,255,32767,0.0,2127-15-31,0.0,0.0,26.68,0.0,0.0,0.0,0,1.048828125,3,192,06:46,19:36,2025-04-05 23:24:07.617161,Castel Volturno,73.2,15.1973295,27.85768,16.661224,23.675732,EU EEA Common AQI,61.9,14.20544,24.030783,7200,17.602942,100,100,56.6,38.43137,Low,62.3,13.657552,100,1743894900,Very Low,27.768707,15.73876,Low,18.279951,53.6,24.691177,100,1743894900,23.058823
2025-04-05T23:24:18Z,236,29.724,72.4,54,57.8,2,1,360,82,0.0,255,32767,0.0,2127-15-31,0.0,0.0,26.68,0.0,0.0,0.0,0,1.048828125,3,192,06:46,19:36,2025-04-05 23:24:18.710162,Castel Volturno,73.2,15.1973295,27.85768,16.661224,23.675732,EU EEA Common AQI,61.9,14.20544,24.030783,7200,17.602942,100,100,56.6,38.43137,Low,62.3,13.657552,100,1743894900,Very Low,27.768707,15.73876,Low,18.279951,53.6,24.691177,100,1743894900,23.058823
2025-04-05T23:24:29Z,236,29.724,72.4,54,57.7,2,1,17,82,0.0,255,32767,0.0,2127-15-31,0.0,0.0,26.68,0.0,0.0,0.0,0,1.048828125,3,192,06:46,19:36,2025-04-05 23:24:29.773175,Castel Volturno,73.2,15.1973295,27.85768,16.661224,23.675732,EU EEA Common AQI,61.9,14.20544,24.030783,7200,17.602942,100,100,56.6,38.43137,Low,62.3,13.657552,100,1743894900,Very Low,27.768707,15.73876,Low,18.279951,53.6,24.691177,100,1743894900,23.058823
2025-04-05T23:24:40Z,236,29.725,72.3,54,57.7,2,1,338,82,0.0,255,32767,0.0,2127-15-31,0.0,0.0,26.68,0.0,0.0,0.0,0,2.3671875,3,192,06:46,19:36,2025-04-05 23:24:40.782171,Castel Volturno,73.2,15.1973295,27.85768,16.661224,23.675732,EU EEA Common AQI,61.9,14.20544,24.030783,7200,17.602942,100,100,56.6,38.43137,Low,62.3,13.657552,100,1743894900,Very Low,27.768707,15.73876,Low,18.279951,53.6,24.691177,100,1743894900,23.058823
2025-04-05T23:24:52Z,236,29.725,72.3,54,57.7,2,1,5,82,0.0,255,32767,0.0,2127-15-31,0.0,0.0,26.68,0.0,0.0,0.0,0,2.3671875,3,192,06:46,19:36,2025-04-05 23:24:51.829130,Castel Volturno,73.2,15.1973295,27.85768,16.661224,23.675732,EU EEA Common AQI,61.9,14.20544,24.030783,7200,17.602942,100,100,56.6,38.43137,Low,62.3,13.657552,100,1743894900,Very Low,27.768707,15.73876,Low,18.279951,53.6,24.691177,100,1743894900,23.058823
2025-04-05T23:25:03Z,236,29.725,72.3,54,57.6,1,1,347,82,0.0,255,32767,0.0,2127-15-31,0.0,0.0,26.68,0.0,0.0,0.0,0,2.3671875,3,192,06:46,19:36,2025-04-05 23:25:02.846164,Castel Volturno,73.2,15.1973295,27.85768,16.661224,23.675732,EU EEA Common AQI,61.9,14.20544,24.030783,7200,17.602942,100,100,56.6,38.43137,Low,62.3,13.657552,100,1743894900,Very Low,27.768707,15.73876,Low,18.279951,53.6,24.691177,100,1743894900,23.058823
2025-04-05T23:25:14Z,236,29.725,72.3,54,57.6,0,1,347,82,0.0,255,32767,0.0,2127-15-31,0.0,0.0,26.68,0.0,0.0,0.0,0,2.3671875,3,192,06:46,19:36,2025-04-05 23:25:13.885178,Castel Volturno,73.2,15.1973295,27.85768,16.661224,23.675732,EU EEA Common AQI,61.9,14.20544,24.030783,7200,17.602942,100,100,56.6,38.43137,Low,62.3,13.657552,100,1743894900,Very Low,27.768707,15.73876,Low,18.279951,53.6,24.691177,100,1743894900,23.058823
2025-04-05T23:25:25Z,236,29.725,72.3,54,57.5,1,1,350,82,0.0,255,32767,0.0,2127-15-31,0.0,0.0,26.68,0.0,0.0,0.0,0,2.3671875,3,192,06:46,19:36,2025-04-05 23:25:24.942168,Castel Volturno,73.2,15.1973295,27.85768,16.661224,23.675732,EU EEA Common AQI,61.9,14.20544,24.030783,7200,17.602942,100,100,56.6,38.43137,Low,62.3,13.657552,100,1743894900,Very Low,27.768707,15.73876,Low,18.279951,53.6,24.691177,100,1743894900,23.058823
2025-04-05T23:25:36Z,236,29.725,72.4,54,57.5,0,1,350,82,0.0,255,32767,0.0,2127-15-31,0.0,0.0,26.68,0.0,0.0,0.0,0,0.732421875,3,192,06:46,19:36,2025-04-05 23:25:36.010167,Castel Volturno,73.2,15.1973295,27.85768,16.661224,23.675732,EU EEA Common AQI,61.9,14.20544,24.030783,7200,17.602942,100,100,56.6,38.43137,Low,62.3,13.657552,100,1743894900,Very Low,27.768707,15.73876,Low,18.279951,53.6,24.691177,100,1743894900,23.058823
2025-04-05T23:25:47Z,236,29.725,72.4,54,57.5,0,1,350,82,0.0,255,32767,0.0,2127-15-31,0.0,0.0,26.68,0.0,0.0,0.0,0,0.732421875,3,192,06:46,19:36,2025-04-05 23:25:47.065163,Castel Volturno,73.2,15.1973295,27.85768,16.661224,23.675732,EU EEA Common AQI,61.9,14.20544,24.030783,7200,17.602942,100,100,56.6,38.43137,Low,62.3,13.657552,100,1743894900,Very Low,27.768707,15.73876,Low,18.279951,53.6,24.691177,100,1743894900,23.058823
2025-04-05T23:25:58Z,236,29.725,72.4,54,57.5,1,1,360,82,0.0,255,32767,0.0,2127-15-31,0.0,0.0,26.68,0.0,0.0,0.0,0,0.732421875,3,192,06:46,19:36,2025-04-05 23:25:58.077166,Castel Volturno,73.2,15.1973295,27.85768,16.661224,23.675732,EU EEA Common AQI,61.9,14.20544,24.030783,7200,17.602942,100,100,56.6,38.43137,Low,62.3,13.657552,100,1743894900,Very Low,27.768707,15.73876,Low,18.279951,53.6,24.691177,100,1743894900,23.058823
2025-04-05T23:26:09Z,236,29.725,72.4,54,57.5,0,1,360,82,0.0,255,32767,0.0,2127-15-31,0.0,0.0,26.68,0.0,0.0,0.0,0,0.732421875,3,192,06:46,19:36,2025-04-05 23:26:09.106164,Castel Volturno,73.2,15.1973295,27.85768,16.661224,23.675732,EU EEA Common AQI,61.9,14.20544,24.030783,7200,17.602942,100,100,56.6,38.43137,Low,62.3,13.657552,100,1743894900,Very Low,27.768707,15.73876,Low,18.279951,53.6,24.691177,100,1743894900,23.058823
2025-04-05T23:26:20Z,236,29.725,72.4,54,57.5,3,1,360,82,0.0,255,32767,0.0,2127-15-31,0.0,0.0,26.68,0.0,0.0,0.0,0,0.732421875,3,192,06:46,19:36,2025-04-05 23:26:20.136165,Castel Volturno,73.2,15.1973295,27.85768,16.661224,23.675732,EU EEA Common AQI,61.9,14.20544,24.030783,7200,17.602942,100,100,56.6,38.43137,Low,62.3,13.657552,100,1743894900,Very Low,27.768707,15.73876,Low,18.279951,53.6,24.691177,100,1743894900,23.058823
2025-04-05T23:26:31Z,236,29.725,72.4,54,57.5,2,1,360,82,0.0,255,32767,0.0,2127-15-31,0.0,0.0,26.68,0.0,0.0,0.0,0,0.732421875,3,192,06:46,19:36,2025-04-05 23:26:31.203163,Castel Volturno,73.2,15.1973295,27.85768,16.661224,23.675732,EU EEA Common AQI,61.9,14.20544,24.030783,7200,17.602942,100,100,56.6,38.43137,Low,62.3,13.657552,100,1743894900,Very Low,27.768707,15.73876,Low,18.279951,53.6,24.691177,100,1743894900,23.058823
2025-04-05T23:26:42Z,236,29.722,72.4,54,57.4,1,1,355,82,0.0,255,32767,0.0,2127-15-31,0.0,0.0,26.68,0.0,0.0,0.0,0,0.732421875,3,192,06:46,19:36,2025-04-05 23:26:42.228162,Castel Volturno
2025-04-05T23:26:53Z,236,29.722,72.4,54,57.4,0,1,355,82,0.0,255,32767,0.0,2127-15-31,0.0,0.0,26.68,0.0,0.0,0.0,0,0.732421875,3,192,06:46,19:36,2025-04-05 23:26:53.247164,Castel Volturno
2025-04-05T23:27:04Z,236,29.722,72.4,54,57.4,1,1,5,82,0.0,255,32767,0.0,2127-15-31,0.0,0.0,26.68,0.0,0.0,0.0,0,0.732421875,3,192,06:46,19:36,2025-04-05 23:27:04.233178,Castel Volturno
2025-04-05T23:27:15Z,236,29.722,72.4,54,57.4,2,1,5,82,0.0,255,32767,0.0,2127-15-31,0.0,0.0,26.68,0.0,0.0,0.0,0,0.732421875,3,192,06:46,19:36,2025-04-05 23:27:15.275174,Castel Volturno
2025-04-05T23:27:26Z,236,29.722,72.4,54,57.3,2,1,355,82,0.0,255,32767,0.0,2127-15-31,0.0,0.0,26.68,0.0,0.0,0.0,0,0.732421875,3,192,06:46,19:36,2025-04-05 23:27:26.283170,Castel Volturno
2025-04-05T23:27:37Z,236,29.724,72.4,54,57.2,1,1,5,82,0.0,255,32767,0.0,2127-15-31,0.0,0.0,26.68,0.0,0.0,0.0,0,0.732421875,3,192,06:46,19:36,2025-04-05 23:27:37.296174,Castel Volturno
2025-04-05T23:27:48Z,236,29.724,72.4,54,57.2,1,1,5,82,0.0,255,32767,0.0,2127-15-31,0.0,0.0,26.68,0.0,0.0,0.0,0,0.732421875,3,192,06:46,19:36,2025-04-05 23:27:48.310179,Castel Volturno
2025-04-05T23:27:59Z,236,29.724,72.4,54,57.2,0,1,350,82,0.0,255,32767,0.0,2127-15-31,0.0,0.0,26.68,0.0,0.0,0.0,0,0.732421875,3,192,06:46,19:36,2025-04-05 23:27:59.355167,Castel Volturno
2025-04-05T23:28:10Z,236,29.724,72.4,54,57.2,2,1,5,82,0.0,255,32767,0.0,2127-15-31,0.0,0.0,26.68,0.0,0.0,0.0,0,0.732421875,3,192,06:46,19:36,2025-04-05 23:28:10.402160,Castel Volturno
2025-04-05T23:28:21Z,236,29.724,72.4,54,57.2,2,1,22,82,0.0,255,32767,0.0,2127-15-31,0.0,0.0,26.68,0.0,0.0,0.0,0,0.732421875,3,192,06:46,19:36,2025-04-05 23:28:21.423164,Castel Volturno
2025-04-05T23:28:32Z,236,29.721,72.4,54,57.2,2,1,360,82,0.0,255,32767,0.0,2127-15-31,0.0,0.0,26.68,0.0,0.0,0.0,0,0.73828125,3,192,06:46,19:36,2025-04-05 23:28:32.461160,Castel Volturno
2025-04-05T23:28:43Z,236,29.721,72.4,54,57.2,1,1,360,82,0.0,255,32767,0.0,2127-15-31,0.0,0.0,26.68,0.0,0.0,0.0,0,0.73828125,3,192,06:46,19:36,2025-04-05 23:28:43.512173,Castel Volturno
2025-04-05T23:28:54Z,236,29.721,72.4,54,57.1,1,1,360,82,0.0,255,32767,0.0,2127-15-31,0.0,0.0,26.68,0.0,0.0,0.0,0,0.73828125,3,192,06:46,19:36,2025-04-05 23:28:54.487782,Castel Volturno
2025-04-05T23:29:05Z,236,29.721,72.4,54,57.1,2,1,11,82,0.0,255,32767,0.0,2127-15-31,0.0,0.0,26.68,0.0,0.0,0.0,0,0.73828125,3,192,06:46,19:36,2025-04-05 23:29:05.484178,Castel Volturno
2025-04-05T23:29:16Z,236,29.721,72.4,54,57.1,2,1,355,82,0.0,255,32767,0.0,2127-15-31,0.0,0.0,26.68,0.0,0.0,0.0,0,0.73828125,3,192,06:46,19:36,2025-04-05 23:29:16.511158,Castel Volturno
2025-04-05T23:29:27Z,236,29.721,72.4,54,57.1,1,1,355,82,0.0,255,32767,0.0,2127-15-31,0.0,0.0,26.68,0.0,0.0,0.0,0,0.73828125,3,192,06:46,19:36,2025-04-05 23:29:27.537176,Castel Volturno
2025-04-05T23:29:38Z,236,29.722,72.4,54,57.1,0,1,355,82,0.0,255,32767,0.0,2127-15-31,0.0,0.0,26.68,0.0,0.0,0.0,0,0.7734375,3,192,06:46,19:36,2025-04-05 23:29:38.533167,Castel Volturno
2025-04-05T23:29:49Z,236,29.722,72.4,54,57.1,2,1,355,82,0.0,255,32767,0.0,2127-15-31,0.0,0.0,26.68,0.0,0.0,0.0,0,0.7734375,3,192,06:46,19:36,2025-04-05 23:29:49.565166,Castel Volturno
2025-04-05T23:30:00Z,236,29.722,72.4,54,57.0,1,1,344,82,0.0,255,32767,0.0,2127-15-31,0.0,0.0,26.68,0.0,0.0,0.0,0,0.7734375,3,192,06:46,19:36,2025-04-05 23:30:00.593173,Castel Volturno
2025-04-05T23:30:11Z,236,29.722,72.4,54,57.0,2,1,9,82,0.0,255,32767,0.0,2127-15-31,0.0,0.0,26.68,0.0,0.0,0.0,0,0.7734375,3,192,06:46,19:36,2025-04-05 23:30:11.599170,Castel Volturno
2025-04-05T23:30:22Z,236,29.722,72.4,54,57.0,2,1,9,82,0.0,255,32767,0.0,2127-15-31,0.0,0.0,26.68,0.0,0.0,0.0,0,0.7734375,3,192,06:46,19:36,2025-04-05 23:30:22.657162,Castel Volturno
2025-04-05T23:30:33Z,236,29.72,72.4,54,56.9,1,1,360,82,0.0,255,32767,0.0,2127-15-31,0.0,0.0,26.68,0.0,0.0,0.0,0,1.224609375,3,192,06:46,19:36,2025-04-05 23:30:33.671165,Castel Volturno
2025-04-05T23:30:44Z,236,29.72,72.4,54,56.9,1,1,347,82,0.0,255,32767,0.0,2127-15-31,0.0,0.0,26.68,0.0,0.0,0.0,0,1.224609375,3,192,06:46,19:36,2025-04-05 23:30:44.706168,Castel Volturno
2025-04-05T23:30:55Z,236,29.72,72.4,54,56.9,1,1,360,82,0.0,255,32767,0.0,2127-15-31,0.0,0.0,26.68,0.0,0.0,0.0,0,1.224609375,3,192,06:46,19:36,2025-04-05 23:30:55.720162,Castel Volturno
2025-04-05T23:31:06Z,236,29.72,72.4,54,56.9,1,1,355,82,0.0,255,32767,0.0,2127-15-31,0.0,0.0,26.68,0.0,0.0,0.0,0,1.224609375,3,192,06:46,19:36,2025-04-05 23:31:06.755131,Castel Volturno
2025-04-05T23:31:17Z,236,29.72,72.4,54,56.9,2,1,360,82,0.0,255,32767,0.0,2127-15-31,0.0,0.0,26.68,0.0,0.0,0.0,0,1.224609375,3,192,06:46,19:36,2025-04-05 23:31:17.781165,Castel Volturno
2025-04-05T23:31:29Z,236,29.72,72.4,54,56.9,2,1,360,82,0.0,255,32767,0.0,2127-15-31,0.0,0.0,26.68,0.0,0.0,0.0,0,1.224609375,3,192,06:46,19:36,2025-04-05 23:31:28.844166,Castel Volturno
2025-04-05T23:31:40Z,236,29.721,72.4,54,56.8,1,1,9,82,0.0,255,32767,0.0,2127-15-31,0.0,0.0,26.68,0.0,0.0,0.0,0,2.244140625,3,192,06:46,19:36,2025-04-05 23:31:39.835133,Castel Volturno
2025-04-05T23:31:51Z,236,29.721,72.4,54,56.8,2,1,360,82,0.0,255,32767,0.0,2127-15-31,0.0,0.0,26.68,0.0,0.0,0.0,0,2.244140625,3,192,06:46,19:36,2025-04-05 23:31:50.859175,Castel Volturno
2025-04-05T23:32:02Z,236,29.721,72.4,54,56.8,1,1,5,82,0.0,255,32767,0.0,2127-15-31,0.0,0.0,26.68,0.0,0.0,0.0,0,2.244140625,3,192,06:46,19:36,2025-04-05 23:32:01.896171,Castel Volturno
2025-04-05T23:32:13Z,236,29.721,72.4,54,56.8,1,1,5,82,0.0,255,32767,0.0,2127-15-31,0.0,0.0,26.68,0.0,0.0,0.0,0,2.244140625,3,192,06:46,19:36,2025-04-05 23:32:12.953165,Castel Volturno
2025-04-05T23:32:24Z,236,29.721,72.4,54,56.7,1,1,5,82,0.0,255,32767,0.0,2127-15-31,0.0,0.0,26.68,0.0,0.0,0.0,0,2.244140625,3,192,06:46,19:36,2025-04-05 23:32:23.992167,Castel Volturno
2025-04-05T23:32:35Z,236,29.723,72.4,54,56.7,2,1,13,82,0.0,255,32767,0.0,2127-15-31,0.0,0.0,26.68,0.0,0.0,0.0,0,0.732421875,3,192,06:46,19:36,2025-04-05 23:32:35.090174,Castel Volturno
2025-04-05T23:32:46Z,236,29.723,72.4,54,56.7,2,1,355,82,0.0,255,32767,0.0,2127-15-31,0.0,0.0,26.68,0.0,0.0,0.0,0,0.732421875,3,192,06:46,19:36,2025-04-05 23:32:46.104168,Castel Volturno
2025-04-05T23:32:57Z,236,29.723,72.4,54,56.7,1,1,355,82,0.0,255,32767,0.0,2127-15-31,0.0,0.0,26.68,0.0,0.0,0.0,0,0.732421875,3,192,06:46,19:36,2025-04-05 23:32:57.130160,Castel Volturno
2025-04-05T23:33:08Z,236,29.723,72.4,54,56.7,2,1,15,82,0.0,255,32767,0.0,2127-15-31,0.0,0.0,26.68,0.0,0.0,0.0,0,0.732421875,3,192,06:46,19:36,2025-04-05 23:33:08.152179,Castel Volturno
2025-04-05T23:33:19Z,236,29.723,72.4,54,56.7,2,1,355,83,0.0,255,32767,0.0,2127-15-31,0.0,0.0,26.68,0.0,0.0,0.0,0,0.732421875,3,192,06:46,19:36,2025-04-05 23:33:19.198163,Castel Volturno
2025-04-05T23:33:30Z,236,29.723,72.4,54,56.7,1,1,5,83,0.0,255,32767,0.0,2127-15-31,0.0,0.0,26.68,0.0,0.0,0.0,0,0.732421875,3,192,06:46,19:36,2025-04-05 23:33:30.332175,Castel Volturno
2025-04-05T23:33:41Z,236,29.722,72.4,54,56.7,1,1,19,83,0.0,255,32767,0.0,2127-15-31,0.0,0.0,26.68,0.0,0.0,0.0,0,0.732421875,3,192,06:46,19:36,2025-04-05 23:33:41.373166,Castel Volturno
2025-04-05T23:33:52Z,236,29.722,72.4,54,56.6,2,1,16,83,0.0,255,32767,0.0,2127-15-31,0.0,0.0,26.68,0.0,0.0,0.0,0,0.732421875,3,192,06:46,19:36,2025-04-05 23:33:52.412164,Castel Volturno
2025-04-05T23:34:03Z,236,29.722,72.4,54,56.6,3,1,26,83,0.0,255,32767,0.0,2127-15-31,0.0,0.0,26.68,0.0,0.0,0.0,0,0.732421875,3,192,06:46,19:36,2025-04-05 23:34:03.436131,Castel Volturno
2025-04-05T23:34:14Z,236,29.722,72.4,54,56.6,2,1,5,83,0.0,255,32767,0.0,2127-15-31,0.0,0.0,26.68,0.0,0.0,0.0,0,0.732421875,3,192,06:46,19:36,2025-04-05 23:34:14.472169,Castel Volturno
2025-04-05T23:34:25Z,236,29.722,72.4,54,56.6,2,1,9,83,0.0,255,32767,0.0,2127-15-31,0.0,0.0,26.68,0.0,0.0,0.0,0,0.732421875,3,192,06:46,19:36,2025-04-05 23:34:25.487162,Castel Volturno
2025-04-05T23:34:36Z,236,29.723,72.3,54,56.6,2,1,20,83,0.0,255,32767,0.0,2127-15-31,0.0,0.0,26.68,0.0,0.0,0.0,0,0.732421875,3,192,06:46,19:36,2025-04-05 23:34:36.523165,Castel Volturno
2025-04-05T23:34:47Z,236,29.723,72.3,54,56.6,2,1,360,83,0.0,255,32767,0.0,2127-15-31,0.0,0.0,26.68,0.0,0.0,0.0,0,0.732421875,3,192,06:46,19:36,2025-04-05 23:34:47.547164,Castel Volturno
2025-04-05T23:34:58Z,236,29.723,72.3,54,56.6,1,1,360,83,0.0,255,32767,0.0,2127-15-31,0.0,0.0,26.68,0.0,0.0,0.0,0,0.732421875,3,192,06:46,19:36,2025-04-05 23:34:58.567180,Castel Volturno
2025-04-05T23:35:09Z,236,29.723,72.3,54,56.6,1,1,5,83,0.0,255,32767,0.0,2127-15-31,0.0,0.0,26.68,0.0,0.0,0.0,0,0.732421875,3,192,06:46,19:36,2025-04-05 23:35:09.592167,Castel Volturno
2025-04-05T23:35:20Z,236,29.723,72.3,54,56.6,2,1,5,83,0.0,255,32767,0.0,2127-15-31,0.0,0.0,26.68,0.0,0.0,0.0,0,0.732421875,3,192,06:46,19:36,2025-04-05 23:35:20.658185,Castel Volturno
2025-04-05T23:35:31Z,236,29.723,72.3,54,56.5,2,1,34,83,0.0,255,32767,0.0,2127-15-31,0.0,0.0,26.68,0.0,0.0,0.0,0,0.732421875,3,192,06:46,19:36,2025-04-05 23:35:31.689125,Castel Volturno
2025-04-05T23:35:42Z,236,29.724,72.4,54,56.5,2,1,20,83,0.0,255,32767,0.0,2127-15-31,0.0,0.0,26.68,0.0,0.0,0.0,0,0.779296875,3,192,06:46,19:36,2025-04-05 23:35:42.694177,Castel Volturno
2025-04-05T23:35:53Z,236,29.724,72.4,54,56.6,2,1,9,83,0.0,255,32767,0.0,2127-15-31,0.0,0.0,26.68,0.0,0.0,0.0,0,0.779296875,3,192,06:46,19:36,2025-04-05 23:35:53.716168,Castel Volturno
2025-04-05T23:36:04Z,236,29.724,72.4,54,56.5,2,1,9,83,0.0,255,32767,0.0,2127-15-31,0.0,0.0,26.68,0.0,0.0,0.0,0,0.779296875,3,192,06:46,19:36,2025-04-05 23:36:04.727169,Castel Volturno
2025-04-05T23:36:15Z,236,29.724,72.4,54,56.5,2,1,9,83,0.0,255,32767,0.0,2127-15-31,0.0,0.0,26.68,0.0,0.0,0.0,0,0.779296875,3,192,06:46,19:36,2025-04-05 23:36:15.757188,Castel Volturno
2025-04-05T23:36:26Z,236,29.724,72.4,54,56.5,2,1,16,83,0.0,255,32767,0.0,2127-15-31,0.0,0.0,26.68,0.0,0.0,0.0,0,0.779296875,3,192,06:46,19:36,2025-04-05 23:36:26.787169,Castel Volturno
2025-04-05T23:36:38Z,236,29.724,72.4,54,56.5,2,2,33,83,0.0,255,32767,0.0,2127-15-31,0.0,0.0,26.68,0.0,0.0,0.0,0,0.767578125,3,192,06:46,19:36,2025-04-05 23:36:37.806131,Castel Volturno
2025-04-05T23:36:49Z,236,29.724,72.4,54,56.5,2,2,18,83,0.0,255,32767,0.0,2127-15-31,0.0,0.0,26.68,0.0,0.0,0.0,0,0.767578125,3,192,06:46,19:36,2025-04-05 23:36:48.834191,Castel Volturno
2025-04-05T23:37:00Z,236,29.724,72.4,54,56.5,3,2,19,83,0.0,255,32767,0.0,2127-15-31,0.0,0.0,26.68,0.0,0.0,0.0,0,0.767578125,3,192,06:46,19:36,2025-04-05 23:36:59.833163,Castel Volturno
2025-04-05T23:37:11Z,236,29.724,72.4,54,56.5,3,2,9,83,0.0,255,32767,0.0,2127-15-31,0.0,0.0,26.68,0.0,0.0,0.0,0,0.767578125,3,192,06:46,19:36,2025-04-05 23:37:10.883162,Castel Volturno
2025-04-05T23:37:22Z,236,29.724,72.4,54,56.4,2,2,9,83,0.0,255,32767,0.0,2127-15-31,0.0,0.0,26.68,0.0,0.0,0.0,0,0.767578125,3,192,06:46,19:36,2025-04-05 23:37:21.881168,Castel Volturno
2025-04-05T23:37:33Z,236,29.722,72.4,54,56.5,1,2,17,83,0.0,255,32767,0.0,2127-15-31,0.0,0.0,26.68,0.0,0.0,0.0,0,0.990234375,3,192,06:46,19:36,2025-04-05 23:37:32.875174,Castel Volturno
2025-04-05T23:37:44Z,236,29.722,72.4,54,56.5,2,2,5,83,0.0,255,32767,0.0,2127-15-31,0.0,0.0,26.68,0.0,0.0,0.0,0,0.990234375,3,192,06:46,19:36,2025-04-05 23:37:43.867168,Castel Volturno
2025-04-05T23:37:55Z,236,29.722,72.4,54,56.5,2,2,15,83,0.0,255,32767,0.0,2127-15-31,0.0,0.0,26.68,0.0,0.0,0.0,0,0.990234375,3,192,06:46,19:36,2025-04-05 23:37:54.883168,Castel Volturno
2025-04-05T23:38:06Z,236,29.722,72.4,54,56.4,0,2,15,83,0.0,255,32767,0.0,2127-15-31,0.0,0.0,26.68,0.0,0.0,0.0,0,0.990234375,3,192,06:46,19:36,2025-04-05 23:38:05.885166,Castel Volturno
2025-04-05T23:38:17Z,236,29.722,72.4,54,56.4,1,2,22,83,0.0,255,32767,0.0,2127-15-31,0.0,0.0,26.68,0.0,0.0,0.0,0,0.990234375,3,192,06:46,19:36,2025-04-05 23:38:16.905168,Castel Volturno
2025-04-05T23:38:28Z,236,29.722,72.4,54,56.4,1,2,5,83,0.0,255,32767,0.0,2127-15-31,0.0,0.0,26.68,0.0,0.0,0.0,0,0.990234375,3,192,06:46,19:36,2025-04-05 23:38:27.947172,Castel Volturno
2025-04-05T23:38:39Z,236,29.723,72.4,54,56.4,2,2,19,83,0.0,255,32767,0.0,2127-15-31,0.0,0.0,26.68,0.0,0.0,0.0,0,2.103515625,3,192,06:46,19:36,2025-04-05 23:38:38.942162,Castel Volturno
2025-04-05T23:38:50Z,236,29.723,72.4,54,56.4,2,2,14,83,0.0,255,32767,0.0,2127-15-31,0.0,0.0,26.68,0.0,0.0,0.0,0,2.103515625,3,192,06:46,19:36,2025-04-05 23:38:49.988169,Castel Volturno
2025-04-05T23:39:01Z,236,29.723,72.4,54,56.4,1,2,360,83,0.0,255,32767,0.0,2127-15-31,0.0,0.0,26.68,0.0,0.0,0.0,0,2.103515625,3,192,06:46,19:36,2025-04-05 23:39:01.048168,Castel Volturno
2025-04-05T23:39:12Z,236,29.723,72.4,54,56.4,1,2,5,83,0.0,255,32767,0.0,2127-15-31,0.0,0.0,26.68,0.0,0.0,0.0,0,2.103515625,3,192,06:46,19:36,2025-04-05 23:39:12.084168,Castel Volturno
2025-04-05T23:39:23Z,236,29.723,72.4,54,56.4,1,2,13,83,0.0,255,32767,0.0,2127-15-31,0.0,0.0,26.68,0.0,0.0,0.0,0,2.103515625,3,192,06:46,19:36,2025-04-05 23:39:23.119169,Castel Volturno
2025-04-05T23:39:34Z,236,29.721,72.4,54,56.3,2,2,13,83,0.0,255,32767,0.0,2127-15-31,0.0,0.0,26.68,0.0,0.0,0.0,0,0.732421875,3,192,06:46,19:36,2025-04-05 23:39:34.159184,Castel Volturno
2025-04-05T23:39:45Z,236,29.721,72.4,54,56.3,2,2,5,83,0.0,255,32767,0.0,2127-15-31,0.0,0.0,26.68,0.0,0.0,0.0,0,0.732421875,3,192,06:46,19:36,2025-04-05 23:39:45.149172,Castel Volturno
2025-04-05T23:39:56Z,236,29.721,72.4,54,56.4,2,2,16,83,0.0,255,32767,0.0,2127-15-31,0.0,0.0,26.68,0.0,0.0,0.0,0,0.732421875,3,192,06:46,19:36,2025-04-05 23:39:56.146166,Castel Volturno
2025-04-05T23:40:07Z,236,29.721,72.4,54,56.4,1,2,19,83,0.0,255,32767,0.0,2127-15-31,0.0,0.0,26.68,0.0,0.0,0.0,0,0.732421875,3,192,06:46,19:36,2025-04-05 23:40:07.189174,Castel Volturno
2025-04-05T23:40:18Z,236,29.721,72.4,54,56.3,2,2,19,84,0.0,255,32767,0.0,2127-15-31,0.0,0.0,26.68,0.0,0.0,0.0,0,0.732421875,3,192,06:46,19:36,2025-04-05 23:40:18.191168,Castel Volturno
2025-04-05T23:40:29Z,236,29.721,72.4,54,56.3,2,2,9,84,0.0,255,32767,0.0,2127-15-31,0.0,0.0,26.68,0.0,0.0,0.0,0,0.732421875,3,192,06:46,19:36,2025-04-05 23:40:29.235167,Castel Volturno
2025-04-05T23:40:40Z,236,29.723,72.4,54,56.3,1,2,9,84,0.0,255,32767,0.0,2127-15-31,0.0,0.0,26.68,0.0,0.0,0.0,0,0.76171875,3,192,06:46,19:36,2025-04-05 23:40:40.267178,Castel Volturno
2025-04-05T23:40:51Z,236,29.723,72.4,54,56.3,2,2,9,84,0.0,255,32767,0.0,2127-15-31,0.0,0.0,26.68,0.0,0.0,0.0,0,0.76171875,3,192,06:46,19:36,2025-04-05 23:40:51.263170,Castel Volturno
2025-04-05T23:41:02Z,236,29.723,72.4,54,56.3,2,2,23,84,0.0,255,32767,0.0,2127-15-31,0.0,0.0,26.68,0.0,0.0,0.0,0,0.76171875,3,192,06:46,19:36,2025-04-05 23:41:02.279165,Castel Volturno
2025-04-05T23:41:13Z,236,29.723,72.4,54,56.3,2,2,23,84,0.0,255,32767,0.0,2127-15-31,0.0,0.0,26.68,0.0,0.0,0.0,0,0.76171875,3,192,06:46,19:36,2025-04-05 23:41:13.302187,Castel Volturno
2025-04-05T23:41:24Z,236,29.723,72.4,54,56.3,1,2,9,84,0.0,255,32767,0.0,2127-15-31,0.0,0.0,26.68,0.0,0.0,0.0,0,0.76171875,3,192,06:46,19:36,2025-04-05 23:41:24.307170,Castel Volturno
2025-04-05T23:41:35Z,236,29.722,72.4,54,56.3,2,2,11,84,0.0,255,32767,0.0,2127-15-31,0.0,0.0,26.68,0.0,0.0,0.0,0,0.732421875,3,192,06:46,19:36,2025-04-05 23:41:35.365228,Castel Volturno
2025-04-05T23:41:46Z,236,29.722,72.4,54,56.3,2,2,17,84,0.0,255,32767,0.0,2127-15-31,0.0,0.0,26.68,0.0,0.0,0.0,0,0.732421875,3,192,06:46,19:36,2025-04-05 23:41:46.393170,Castel Volturno
2025-04-05T23:41:57Z,236,29.722,72.4,54,56.3,1,2,17,84,0.0,255,32767,0.0,2127-15-31,0.0,0.0,26.68,0.0,0.0,0.0,0,0.732421875,3,192,06:46,19:36,2025-04-05 23:41:57.440177,Castel Volturno
2025-04-05T23:42:08Z,236,29.722,72.4,54,56.3,1,2,11,84,0.0,255,32767,0.0,2127-15-31,0.0,0.0,26.68,0.0,0.0,0.0,0,0.732421875,3,192,06:46,19:36,2025-04-05 23:42:08.509133,Castel Volturno
2025-04-05T23:42:19Z,236,29.722,72.4,54,56.2,2,2,12,84,0.0,255,32767,0.0,2127-15-31,0.0,0.0,26.68,0.0,0.0,0.0,0,0.732421875,3,192,06:46,19:36,2025-04-05 23:42:19.520163,Castel Volturno
2025-04-05T23:42:30Z,236,29.722,72.4,54,56.2,1,2,17,84,0.0,255,32767,0.0,2127-15-31,0.0,0.0,26.68,0.0,0.0,0.0,0,0.732421875,3,192,06:46,19:36,2025-04-05 23:42:30.557169,Castel Volturno
2025-04-05T23:42:41Z,236,29.722,72.4,54,56.2,2,2,15,84,0.0,255,32767,0.0,2127-15-31,0.0,0.0,26.68,0.0,0.0,0.0,0,0.732421875,3,192,06:46,19:36,2025-04-05 23:42:41.567166,Castel Volturno
2025-04-05T23:42:52Z,236,29.722,72.4,54,56.3,2,2,15,84,0.0,255,32767,0.0,2127-15-31,0.0,0.0,26.68,0.0,0.0,0.0,0,0.732421875,3,192,06:46,19:36,2025-04-05 23:42:52.606165,Castel Volturno
2025-04-05T23:43:03Z,236,29.722,72.4,54,56.3,2,2,355,84,0.0,255,32767,0.0,2127-15-31,0.0,0.0,26.68,0.0,0.0,0.0,0,0.732421875,3,192,06:46,19:36,2025-04-05 23:43:03.614175,Castel Volturno
2025-04-05T23:43:14Z,236,29.722,72.4,54,56.2,1,2,26,84,0.0,255,32767,0.0,2127-15-31,0.0,0.0,26.68,0.0,0.0,0.0,0,0.732421875,3,192,06:46,19:36,2025-04-05 23:43:14.631165,Castel Volturno
2025-04-05T23:43:25Z,236,29.722,72.4,54,56.2,2,2,18,84,0.0,255,32767,0.0,2127-15-31,0.0,0.0,26.68,0.0,0.0,0.0,0,0.732421875,3,192,06:46,19:36,2025-04-05 23:43:25.621177,Castel Volturno
2025-04-05T23:43:36Z,236,29.725,72.4,54,56.2,2,2,13,84,0.0,255,32767,0.0,2127-15-31,0.0,0.0,26.68,0.0,0.0,0.0,0,0.76171875,3,192,06:46,19:36,2025-04-05 23:43:36.631160,Castel Volturno
2025-04-05T23:43:47Z,236,29.725,72.4,54,56.2,1,2,13,84,0.0,255,32767,0.0,2127-15-31,0.0,0.0,26.68,0.0,0.0,0.0,0,0.76171875,3,192,06:46,19:36,2025-04-05 23:43:47.650166,Castel Volturno
2025-04-05T23:43:58Z,236,29.725,72.4,54,56.2,1,2,19,84,0.0,255,32767,0.0,2127-15-31,0.0,0.0,26.68,0.0,0.0,0.0,0,0.76171875,3,192,06:46,19:36,2025-04-05 23:43:58.681169,Castel Volturno
2025-04-05T23:44:09Z,236,29.725,72.4,54,56.2,1,2,19,84,0.0,255,32767,0.0,2127-15-31,0.0,0.0,26.68,0.0,0.0,0.0,0,0.76171875,3,192,06:46,19:36,2025-04-05 23:44:09.698166,Castel Volturno
2025-04-05T23:44:20Z,236,29.725,72.4,54,56.2,1,2,13,84,0.0,255,32767,0.0,2127-15-31,0.0,0.0,26.68,0.0,0.0,0.0,0,0.76171875,3,192,06:46,19:36,2025-04-05 23:44:20.760170,Castel Volturno
2025-04-05T23:44:31Z,236,29.725,72.4,54,56.2,1,2,11,84,0.0,255,32767,0.0,2127-15-31,0.0,0.0,26.68,0.0,0.0,0.0,0,0.76171875,3,192,06:46,19:36,2025-04-05 23:44:31.781163,Castel Volturno
2025-04-05T23:44:42Z,236,29.724,72.4,54,56.2,1,2,15,84,0.0,255,32767,0.0,2127-15-31,0.0,0.0,26.68,0.0,0.0,0.0,0,0.984375,3,192,06:46,19:36,2025-04-05 23:44:42.773173,Castel Volturno
2025-04-05T23:44:54Z,236,29.724,72.4,54,56.2,3,2,24,84,0.0,255,32767,0.0,2127-15-31,0.0,0.0,26.68,0.0,0.0,0.0,0,0.984375,3,192,06:46,19:36,2025-04-05 23:44:53.815165,Castel Volturno
2025-04-05T23:45:05Z,236,29.724,72.4,54,56.2,1,2,26,84,0.0,255,32767,0.0,2127-15-31,0.0,0.0,26.68,0.0,0.0,0.0,0,0.984375,3,192,06:46,19:36,2025-04-05 23:45:04.858166,Castel Volturno
2025-04-05T23:45:16Z,236,29.724,72.4,54,56.2,2,2,337,84,0.0,255,32767,0.0,2127-15-31,0.0,0.0,26.68,0.0,0.0,0.0,0,0.984375,3,192,06:46,19:36,2025-04-05 23:45:16.109168,Castel Volturno
2025-04-05T23:45:27Z,236,29.724,72.4,54,56.2,1,2,338,84,0.0,255,32767,0.0,2127-15-31,0.0,0.0,26.68,0.0,0.0,0.0,0,0.984375,3,192,06:46,19:36,2025-04-05 23:45:27.117162,Castel Volturno
2025-04-05T23:45:38Z,236,29.723,72.4,54,56.1,1,2,13,84,0.0,255,32767,0.0,2127-15-31,0.0,0.0,26.68,0.0,0.0,0.0,0,1.921875,3,192,06:46,19:36,2025-04-05 23:45:38.158170,Castel Volturno
2025-04-05T23:45:49Z,236,29.723,72.4,54,56.1,1,2,13,84,0.0,255,32767,0.0,2127-15-31,0.0,0.0,26.68,0.0,0.0,0.0,0,1.921875,3,192,06:46,19:36,2025-04-05 23:45:49.220165,Castel Volturno
2025-04-05T23:46:00Z,236,29.723,72.4,54,56.1,1,2,13,84,0.0,255,32767,0.0,2127-15-31,0.0,0.0,26.68,0.0,0.0,0.0,0,1.921875,3,192,06:46,19:36,2025-04-05 23:46:00.234206,Castel Volturno
2025-04-05T23:46:11Z,236,29.723,72.4,54,56.1,0,2,13,84,0.0,255,32767,0.0,2127-15-31,0.0,0.0,26.68,0.0,0.0,0.0,0,1.921875,3,192,06:46,19:36,2025-04-05 23:46:11.274164,Castel Volturno
2025-04-05T23:46:22Z,236,29.723,72.4,54,56.1,1,2,13,84,0.0,255,32767,0.0,2127-15-31,0.0,0.0,26.68,0.0,0.0,0.0,0,1.921875,3,192,06:46,19:36,2025-04-05 23:46:22.313187,Castel Volturno
2025-04-05T23:46:33Z,236,29.721,72.3,54,56.1,1,2,13,84,0.0,255,32767,0.0,2127-15-31,0.0,0.0,26.68,0.0,0.0,0.0,0,0.732421875,3,192,06:46,19:36,2025-04-05 23:46:33.319172,Castel Volturno
2025-04-05T23:46:44Z,236,29.721,72.3,54,56.1,1,2,13,84,0.0,255,32767,0.0,2127-15-31,0.0,0.0,26.68,0.0,0.0,0.0,0,0.732421875,3,192,06:46,19:36,2025-04-05 23:46:44.371167,Castel Volturno
2025-04-05T23:46:55Z,236,29.721,72.3,54,56.0,1,2,13,84,0.0,255,32767,0.0,2127-15-31,0.0,0.0,26.68,0.0,0.0,0.0,0,0.732421875,3,192,06:46,19:36,2025-04-05 23:46:55.410161,Castel Volturno
2025-04-05T23:47:06Z,236,29.721,72.3,54,56.0,2,2,13,84,0.0,255,32767,0.0,2127-15-31,0.0,0.0,26.68,0.0,0.0,0.0,0,0.732421875,3,192,06:46,19:36,2025-04-05 23:47:06.437165,Castel Volturno
2025-04-05T23:47:17Z,236,29.721,72.3,54,56.1,1,2,13,84,0.0,255,32767,0.0,2127-15-31,0.0,0.0,26.68,0.0,0.0,0.0,0,0.732421875,3,192,06:46,19:36,2025-04-05 23:47:17.444174,Castel Volturno
2025-04-05T23:47:28Z,236,29.721,72.3,54,56.1,1,2,23,84,0.0,255,32767,0.0,2127-15-31,0.0,0.0,26.68,0.0,0.0,0.0,0,0.732421875,3,192,06:46,19:36,2025-04-05 23:47:28.472162,Castel Volturno
2025-04-05T23:47:39Z,236,29.725,72.3,54,56.0,3,2,360,84,0.0,255,32767,0.0,2127-15-31,0.0,0.0,26.68,0.0,0.0,0.0,0,0.732421875,3,192,06:46,19:36,2025-04-05 23:47:39.493178,Castel Volturno
2025-04-05T23:47:50Z,236,29.725,72.3,54,56.0,3,2,342,84,0.0,255,32767,0.0,2127-15-31,0.0,0.0,26.68,0.0,0.0,0.0,0,0.732421875,3,192,06:46,19:36,2025-04-05 23:47:50.522171,Castel Volturno
2025-04-05T23:48:01Z,236,29.725,72.3,54,56.0,3,2,11,84,0.0,255,32767,0.0,2127-15-31,0.0,0.0,26.68,0.0,0.0,0.0,0,0.732421875,3,192,06:46,19:36,2025-04-05 23:48:01.517187,Castel Volturno
2025-04-05T23:48:12Z,236,29.725,72.3,54,56.1,3,2,5,84,0.0,255,32767,0.0,2127-15-31,0.0,0.0,26.68,0.0,0.0,0.0,0,0.732421875,3,192,06:46,19:36,2025-04-05 23:48:12.514171,Castel Volturno
2025-04-05T23:48:23Z,236,29.725,72.3,54,56.0,2,2,9,84,0.0,255,32767,0.0,2127-15-31,0.0,0.0,26.68,0.0,0.0,0.0,0,0.732421875,3,192,06:46,19:36,2025-04-05 23:48:23.530135,Castel Volturno
2025-04-05T23:48:34Z,236,29.723,72.3,54,56.1,1,2,19,84,0.0,255,32767,0.0,2127-15-31,0.0,0.0,26.68,0.0,0.0,0.0,0,0.732421875,3,192,06:46,19:36,2025-04-05 23:48:34.590172,Castel Volturno
2025-04-05T23:48:45Z,236,29.723,72.3,54,56.1,1,2,19,84,0.0,255,32767,0.0,2127-15-31,0.0,0.0,26.68,0.0,0.0,0.0,0,0.732421875,3,192,06:46,19:36,2025-04-05 23:48:45.623173,Castel Volturno
2025-04-05T23:48:57Z,236,29.723,72.3,54,56.0,2,2,5,84,0.0,255,32767,0.0,2127-15-31,0.0,0.0,26.68,0.0,0.0,0.0,0,0.732421875,3,192,06:46,19:36,2025-04-05 23:48:56.831161,Castel Volturno
2025-04-05T23:49:08Z,236,29.723,72.3,54,56.0,1,2,5,84,0.0,255,32767,0.0,2127-15-31,0.0,0.0,26.68,0.0,0.0,0.0,0,0.732421875,3,192,06:46,19:36,2025-04-05 23:49:07.833170,Castel Volturno
2025-04-05T23:49:19Z,236,29.723,72.3,54,56.0,0,2,9,84,0.0,255,32767,0.0,2127-15-31,0.0,0.0,26.68,0.0,0.0,0.0,0,0.732421875,3,192,06:46,19:36,2025-04-05 23:49:18.887175,Castel Volturno
2025-04-05T23:49:30Z,236,29.723,72.3,54,56.0,1,2,16,84,0.0,255,32767,0.0,2127-15-31,0.0,0.0,26.68,0.0,0.0,0.0,0,0.732421875,3,192,06:46,19:36,2025-04-05 23:49:29.903151,Castel Volturno
2025-04-05T23:49:41Z,236,29.724,72.4,54,56.0,1,2,9,84,0.0,255,32767,0.0,2127-15-31,0.0,0.0,26.68,0.0,0.0,0.0,0,0.732421875,3,192,06:46,19:36,2025-04-05 23:49:40.948166,Castel Volturno
2025-04-05T23:49:52Z,236,29.724,72.4,54,56.0,2,2,9,84,0.0,255,32767,0.0,2127-15-31,0.0,0.0,26.68,0.0,0.0,0.0,0,0.732421875,3,192,06:46,19:36,2025-04-05 23:49:52.004177,Castel Volturno
2025-04-05T23:50:03Z,236,29.724,72.4,54,56.0,3,2,11,84,0.0,255,32767,0.0,2127-15-31,0.0,0.0,26.68,0.0,0.0,0.0,0,0.732421875,3,192,06:46,19:36,2025-04-05 23:50:03.019190,Castel Volturno
2025-04-05T23:50:14Z,236,29.724,72.4,54,56.0,3,2,11,84,0.0,255,32767,0.0,2127-15-31,0.0,0.0,26.68,0.0,0.0,0.0,0,0.732421875,3,192,06:46,19:36,2025-04-05 23:50:14.042173,Castel Volturno
2025-04-05T23:50:25Z,236,29.724,72.4,54,56.0,2,2,39,84,0.0,255,32767,0.0,2127-15-31,0.0,0.0,26.68,0.0,0.0,0.0,0,0.732421875,3,192,06:46,19:36,2025-04-05 23:50:25.086143,Castel Volturno
2025-04-05T23:50:36Z,236,29.724,72.4,54,56.0,2,2,31,84,0.0,255,32767,0.0,2127-15-31,0.0,0.0,26.68,0.0,0.0,0.0,0,0.791015625,3,192,06:46,19:36,2025-04-05 23:50:36.114173,Castel Volturno
2025-04-05T23:50:47Z,236,29.724,72.4,54,55.9,2,2,10,85,0.0,255,32767,0.0,2127-15-31,0.0,0.0,26.68,0.0,0.0,0.0,0,0.791015625,3,192,06:46,19:36,2025-04-05 23:50:47.122176,Castel Volturno
2025-04-05T23:50:58Z,236,29.724,72.4,54,56.0,3,2,351,85,0.0,255,32767,0.0,2127-15-31,0.0,0.0,26.68,0.0,0.0,0.0,0,0.791015625,3,192,06:46,19:36,2025-04-05 23:50:58.118171,Castel Volturno
2025-04-05T23:51:09Z,236,29.724,72.4,54,56.0,1,2,351,85,0.0,255,32767,0.0,2127-15-31,0.0,0.0,26.68,0.0,0.0,0.0,0,0.791015625,3,192,06:46,19:36,2025-04-05 23:51:09.114169,Castel Volturno
2025-04-05T23:51:20Z,236,29.724,72.4,54,56.0,1,2,351,85,0.0,255,32767,0.0,2127-15-31,0.0,0.0,26.68,0.0,0.0,0.0,0,0.791015625,3,192,06:46,19:36,2025-04-05 23:51:20.160167,Castel Volturno
2025-04-05T23:51:31Z,236,29.724,72.4,54,56.0,1,2,355,85,0.0,255,32767,0.0,2127-15-31,0.0,0.0,26.68,0.0,0.0,0.0,0,0.791015625,3,192,06:46,19:36,2025-04-05 23:51:31.193164,Castel Volturno
2025-04-05T23:51:42Z,236,29.724,72.3,54,56.0,1,2,13,85,0.0,255,32767,0.0,2127-15-31,0.0,0.0,26.68,0.0,0.0,0.0,0,0.931640625,3,192,06:46,19:36,2025-04-05 23:51:42.242179,Castel Volturno
2025-04-05T23:51:53Z,236,29.724,72.3,54,56.0,3,2,26,85,0.0,255,32767,0.0,2127-15-31,0.0,0.0,26.68,0.0,0.0,0.0,0,0.931640625,3,192,06:46,19:36,2025-04-05 23:51:53.244167,Castel Volturno
2025-04-05T23:52:04Z,236,29.724,72.3,54,56.0,1,2,360,85,0.0,255,32767,0.0,2127-15-31,0.0,0.0,26.68,0.0,0.0,0.0,0,0.931640625,3,192,06:46,19:36,2025-04-05 23:52:04.259191,Castel Volturno
2025-04-05T23:52:15Z,236,29.724,72.3,54,56.0,2,2,5,85,0.0,255,32767,0.0,2127-15-31,0.0,0.0,26.68,0.0,0.0,0.0,0,0.931640625,3,192,06:46,19:36,2025-04-05 23:52:15.286169,Castel Volturno
2025-04-05T23:52:26Z,236,29.724,72.3,54,56.0,1,2,32,85,0.0,255,32767,0.0,2127-15-31,0.0,0.0,26.68,0.0,0.0,0.0,0,0.931640625,3,192,06:46,19:36,2025-04-05 23:52:26.289132,Castel Volturno
2025-04-05T23:52:37Z,236,29.723,72.4,54,55.9,2,2,5,85,0.0,255,32767,0.0,2127-15-31,0.0,0.0,26.68,0.0,0.0,0.0,0,1.880859375,3,192,06:46,19:36,2025-04-05 23:52:37.346160,Castel Volturno
2025-04-05T23:52:48Z,236,29.723,72.4,54,55.9,2,2,22,85,0.0,255,32767,0.0,2127-15-31,0.0,0.0,26.68,0.0,0.0,0.0,0,1.880859375,3,192,06:46,19:36,2025-04-05 23:52:48.366176,Castel Volturno
2025-04-05T23:53:13Z,236,29.723,72.4,54,55.9,2,2,12,85,0.0,255,32767,0.0,2127-15-31,0.0,0.0,26.68,0.0,0.0,0.0,0,1.880859375,3,192,06:46,19:36,2025-04-05 23:53:12.937161,Castel Volturno
2025-04-05T23:53:24Z,236,29.723,72.4,54,55.9,1,2,360,85,0.0,255,32767,0.0,2127-15-31,0.0,0.0,26.68,0.0,0.0,0.0,0,1.880859375,3,192,06:46,19:36,2025-04-05 23:53:23.973165,Castel Volturno
2025-04-05T23:53:35Z,236,29.723,72.4,54,55.9,1,2,5,85,0.0,255,32767,0.0,2127-15-31,0.0,0.0,26.68,0.0,0.0,0.0,0,0.732421875,3,192,06:46,19:36,2025-04-05 23:53:34.978296,Castel Volturno
2025-04-05T23:53:46Z,236,29.723,72.4,54,56.0,1,2,355,85,0.0,255,32767,0.0,2127-15-31,0.0,0.0,26.68,0.0,0.0,0.0,0,0.732421875,3,192,06:46,19:36,2025-04-05 23:53:46.021175,Castel Volturno
2025-04-05T23:53:57Z,236,29.723,72.4,54,55.9,0,2,355,85,0.0,255,32767,0.0,2127-15-31,0.0,0.0,26.68,0.0,0.0,0.0,0,0.732421875,3,192,06:46,19:36,2025-04-05 23:53:57.040161,Castel Volturno
2025-04-05T23:54:08Z,236,29.723,72.4,54,55.9,0,2,355,85,0.0,255,32767,0.0,2127-15-31,0.0,0.0,26.68,0.0,0.0,0.0,0,0.732421875,3,192,06:46,19:36,2025-04-05 23:54:08.061172,Castel Volturno
2025-04-05T23:54:19Z,236,29.723,72.4,54,55.9,0,2,355,85,0.0,255,32767,0.0,2127-15-31,0.0,0.0,26.68,0.0,0.0,0.0,0,0.732421875,3,192,06:46,19:36,2025-04-05 23:54:19.054177,Castel Volturno
2025-04-05T23:54:30Z,236,29.723,72.4,54,55.9,1,2,355,85,0.0,255,32767,0.0,2127-15-31,0.0,0.0,26.68,0.0,0.0,0.0,0,0.732421875,3,192,06:46,19:36,2025-04-05 23:54:30.076170,Castel Volturno
2025-04-05T23:54:41Z,236,29.723,72.3,54,55.9,2,1,9,85,0.0,255,32767,0.0,2127-15-31,0.0,0.0,26.68,0.0,0.0,0.0,0,0.732421875,3,192,06:46,19:36,2025-04-05 23:54:41.124171,Castel Volturno
2025-04-05T23:54:52Z,236,29.723,72.3,54,55.9,3,1,13,85,0.0,255,32767,0.0,2127-15-31,0.0,0.0,26.68,0.0,0.0,0.0,0,0.732421875,3,192,06:46,19:36,2025-04-05 23:54:52.181159,Castel Volturno
2025-04-05T23:55:03Z,236,29.723,72.3,54,55.9,3,1,360,85,0.0,255,32767,0.0,2127-15-31,0.0,0.0,26.68,0.0,0.0,0.0,0,0.732421875,3,192,06:46,19:36,2025-04-05 23:55:03.210166,Castel Volturno
2025-04-05T23:55:14Z,236,29.723,72.3,54,55.9,1,1,341,85,0.0,255,32767,0.0,2127-15-31,0.0,0.0,26.68,0.0,0.0,0.0,0,0.732421875,3,192,06:46,19:36,2025-04-05 23:55:14.205194,Castel Volturno
2025-04-05T23:55:25Z,236,29.723,72.3,54,55.9,0,1,341,85,0.0,255,32767,0.0,2127-15-31,0.0,0.0,26.68,0.0,0.0,0.0,0,0.732421875,3,192,06:46,19:36,2025-04-05 23:55:25.236760,Castel Volturno
2025-04-05T23:55:36Z,236,29.721,72.4,54,55.9,0,1,341,85,0.0,255,32767,0.0,2127-15-31,0.0,0.0,26.68,0.0,0.0,0.0,0,0.732421875,3,192,06:46,19:36,2025-04-05 23:55:36.237173,Castel Volturno
2025-04-05T23:55:47Z,236,29.721,72.4,54,55.8,1,1,341,85,0.0,255,32767,0.0,2127-15-31,0.0,0.0,26.68,0.0,0.0,0.0,0,0.732421875,3,192,06:46,19:36,2025-04-05 23:55:47.276168,Castel Volturno
2025-04-05T23:55:58Z,236,29.721,72.4,54,55.8,2,1,360,85,0.0,255,32767,0.0,2127-15-31,0.0,0.0,26.68,0.0,0.0,0.0,0,0.732421875,3,192,06:46,19:36,2025-04-05 23:55:58.303189,Castel Volturno
2025-04-05T23:56:09Z,236,29.721,72.4,54,55.9,0,1,360,85,0.0,255,32767,0.0,2127-15-31,0.0,0.0,26.68,0.0,0.0,0.0,0,0.732421875,3,192,06:46,19:36,2025-04-05 23:56:09.299177,Castel Volturno
2025-04-05T23:56:20Z,236,29.721,72.4,54,55.9,0,1,360,85,0.0,255,32767,0.0,2127-15-31,0.0,0.0,26.68,0.0,0.0,0.0,0,0.732421875,3,192,06:46,19:36,2025-04-05 23:56:20.325169,Castel Volturno
2025-04-05T23:56:31Z,236,29.721,72.4,54,55.9,1,1,360,85,0.0,255,32767,0.0,2127-15-31,0.0,0.0,26.68,0.0,0.0,0.0,0,0.732421875,3,192,06:46,19:36,2025-04-05 23:56:31.340174,Castel Volturno
2025-04-05T23:56:42Z,236,29.722,72.4,54,55.8,1,1,360,85,0.0,255,32767,0.0,2127-15-31,0.0,0.0,26.68,0.0,0.0,0.0,0,0.73828125,3,192,06:46,19:36,2025-04-05 23:56:42.342182,Castel Volturno
2025-04-05T23:56:53Z,236,29.722,72.4,54,55.8,0,1,360,85,0.0,255,32767,0.0,2127-15-31,0.0,0.0,26.68,0.0,0.0,0.0,0,0.73828125,3,192,06:46,19:36,2025-04-05 23:56:53.330176,Castel Volturno
2025-04-05T23:57:04Z,236,29.722,72.4,54,55.8,0,1,360,85,0.0,255,32767,0.0,2127-15-31,0.0,0.0,26.68,0.0,0.0,0.0,0,0.73828125,3,192,06:46,19:36,2025-04-05 23:57:04.368166,Castel Volturno
2025-04-05T23:57:15Z,236,29.722,72.4,54,55.9,0,1,360,85,0.0,255,32767,0.0,2127-15-31,0.0,0.0,26.68,0.0,0.0,0.0,0,0.73828125,3,192,06:46,19:36,2025-04-05 23:57:15.411177,Castel Volturno
2025-04-05T23:57:26Z,236,29.722,72.4,54,55.8,0,1,360,85,0.0,255,32767,0.0,2127-15-31,0.0,0.0,26.68,0.0,0.0,0.0,0,0.73828125,3,192,06:46,19:36,2025-04-05 23:57:26.434173,Castel Volturno
2025-04-05T23:57:37Z,236,29.721,72.3,54,55.8,1,1,344,85,0.0,255,32767,0.0,2127-15-31,0.0,0.0,26.68,0.0,0.0,0.0,0,0.755859375,3,192,06:46,19:36,2025-04-05 23:57:37.474167,Castel Volturno
2025-04-05T23:57:48Z,236,29.721,72.3,54,55.8,0,1,344,85,0.0,255,32767,0.0,2127-15-31,0.0,0.0,26.68,0.0,0.0,0.0,0,0.755859375,3,192,06:46,19:36,2025-04-05 23:57:48.526178,Castel Volturno
2025-04-05T23:57:59Z,236,29.721,72.3,54,55.8,0,1,344,85,0.0,255,32767,0.0,2127-15-31,0.0,0.0,26.68,0.0,0.0,0.0,0,0.755859375,3,192,06:46,19:36,2025-04-05 23:57:59.524173,Castel Volturno
2025-04-05T23:58:10Z,236,29.721,72.3,54,55.8,0,1,344,85,0.0,255,32767,0.0,2127-15-31,0.0,0.0,26.68,0.0,0.0,0.0,0,0.755859375,3,192,06:46,19:36,2025-04-05 23:58:10.574171,Castel Volturno
2025-04-05T23:58:21Z,236,29.721,72.3,54,55.7,1,1,344,85,0.0,255,32767,0.0,2127-15-31,0.0,0.0,26.68,0.0,0.0,0.0,0,0.755859375,3,192,06:46,19:36,2025-04-05 23:58:21.577166,Castel Volturno
2025-04-05T23:58:32Z,236,29.724,72.3,54,55.7,1,1,344,85,0.0,255,32767,0.0,2127-15-31,0.0,0.0,26.68,0.0,0.0,0.0,0,0.9140625,3,192,06:46,19:36,2025-04-05 23:58:32.617128,Castel Volturno
2025-04-05T23:58:43Z,236,29.724,72.3,54,55.7,2,1,340,85,0.0,255,32767,0.0,2127-15-31,0.0,0.0,26.68,0.0,0.0,0.0,0,0.9140625,3,192,06:46,19:36,2025-04-05 23:58:43.630173,Castel Volturno
2025-04-05T23:58:54Z,236,29.724,72.3,54,55.7,1,1,340,85,0.0,255,32767,0.0,2127-15-31,0.0,0.0,26.68,0.0,0.0,0.0,0,0.9140625,3,192,06:46,19:36,2025-04-05 23:58:54.625166,Castel Volturno
2025-04-05T23:59:05Z,236,29.724,72.3,54,55.8,0,1,340,85,0.0,255,32767,0.0,2127-15-31,0.0,0.0,26.68,0.0,0.0,0.0,0,0.9140625,3,192,06:46,19:36,2025-04-05 23:59:05.625177,Castel Volturno
2025-04-05T23:59:16Z,236,29.724,72.3,54,55.8,1,1,340,85,0.0,255,32767,0.0,2127-15-31,0.0,0.0,26.68,0.0,0.0,0.0,0,0.9140625,3,192,06:46,19:36,2025-04-05 23:59:16.662170,Castel Volturno
2025-04-05T23:59:27Z,236,29.724,72.3,54,55.7,1,1,355,85,0.0,255,32767,0.0,2127-15-31,0.0,0.0,26.68,0.0,0.0,0.0,0,0.9140625,3,192,06:46,19:36,2025-04-05 23:59:27.687166,Castel Volturno
2025-04-05T23:59:38Z,236,29.721,72.3,54,55.7,1,1,360,85,0.0,255,32767,0.0,2127-15-31,0.0,0.0,26.68,0.0,0.0,0.0,0,1.72265625,3,192,06:46,19:36,2025-04-05 23:59:38.706168,Castel Volturno
2025-04-05T23:59:49Z,236,29.721,72.3,54,55.7,2,1,5,85,0.0,255,32767,0.0,2127-15-31,0.0,0.0,26.68,0.0,0.0,0.0,0,1.72265625,3,192,06:46,19:36,2025-04-05 23:59:49.707165,Castel Volturno
