Datetime,BarTrend,Barometer,TempIn,HumIn,TempOut,WindSpeed,WindSpeed10Min,WindDir,HumOut,RainRate,UV,SolarRad,RainStorm,StormStartDate,RainDay,RainMonth,RainYear,ETDay,ETMonth,ETYear,BatteryStatus,BatteryVolts,ForecastIcon,ForecastRuleNo,SunRise,SunSet,DatetimeWS,place,hum,pm_10_3_hour,pm_10_24_hour,pm_2p5_1_hour,aqi_nowcast_val,heat_index,pm_2p5_nowcast,pm_2p5_24_hour,pm_1,aqi_val,temp,pm_2p5_3_hour,aqi_1_hour_val,pm_10_nowcast,pm_10_1_hour,dew_point,pm_10,pm_2p5,wet_bulb
2025-07-11T00:00:01Z,0,29.877,81.9,40,72.5,3,2,78,51,0.0,255,32767,0.0,2127-15-31,0.0,0.12,27.44,0.0,0.0,0.0,0,0.87890625,6,45,05:56,20:31,2025-07-11 00:00:01.678062,Castel Volturno,43.6,8.561265,5.0619407,7.3628106,11.851902,76.3,7.111141,4.19329,4.6714287,9.119047,77.1,7.4632726,12.271351,8.188973,8.436902,53.2,5.4714284,5.4714284,59.2
2025-07-11T00:00:12Z,0,29.877,81.9,40,72.5,2,2,79,51,0.0,255,32767,0.0,2127-15-31,0.0,0.12,27.44,0.0,0.0,0.0,0,0.87890625,6,45,05:56,20:31,2025-07-11 00:00:12.237048,Castel Volturno,43.6,8.561265,5.0619407,7.3628106,11.851902,76.3,7.111141,4.19329,4.6714287,9.119047,77.1,7.4632726,12.271351,8.188973,8.436902,53.2,5.4714284,5.4714284,59.2
2025-07-11T00:00:22Z,0,29.877,81.9,40,72.5,3,2,69,51,0.0,255,32767,0.0,2127-15-31,0.0,0.12,27.44,0.0,0.0,0.0,0,0.87890625,6,45,05:56,20:31,2025-07-11 00:00:22.791043,Castel Volturno,43.6,8.561265,5.0619407,7.3628106,11.851902,76.3,7.111141,4.19329,4.6714287,9.119047,77.1,7.4632726,12.271351,8.188973,8.436902,53.2,5.4714284,5.4714284,59.2
2025-07-11T00:00:33Z,0,29.877,81.9,40,72.5,2,2,51,51,0.0,255,32767,0.0,2127-15-31,0.0,0.12,27.44,0.0,0.0,0.0,0,0.87890625,6,45,05:56,20:31,2025-07-11 00:00:33.323552,Castel Volturno,43.6,8.561265,5.0619407,7.3628106,11.851902,76.3,7.111141,4.19329,4.6714287,9.119047,77.1,7.4632726,12.271351,8.188973,8.436902,53.2,5.4714284,5.4714284,59.2
2025-07-11T00:00:44Z,0,29.877,81.9,40,72.5,1,2,48,51,0.0,255,32767,0.0,2127-15-31,0.0,0.12,27.44,0.0,0.0,0.0,0,0.87890625,6,45,05:56,20:31,2025-07-11 00:00:43.904049,Castel Volturno,43.6,8.561265,5.0619407,7.3628106,11.851902,76.3,7.111141,4.19329,4.6714287,9.119047,77.1,7.4632726,12.271351,8.188973,8.436902,53.2,5.4714284,5.4714284,59.2
2025-07-11T00:00:54Z,0,29.876,81.8,40,72.5,1,2,45,51,0.0,255,32767,0.0,2127-15-31,0.0,0.12,27.44,0.0,0.0,0.0,0,0.896484375,6,45,05:56,20:31,2025-07-11 00:00:54.458057,Castel Volturno,43.6,8.561265,5.0619407,7.3628106,11.851902,76.3,7.111141,4.19329,4.6714287,9.119047,77.1,7.4632726,12.271351,8.188973,8.436902,53.2,5.4714284,5.4714284,59.2
2025-07-11T00:01:05Z,0,29.876,81.8,40,72.4,2,2,69,51,0.0,255,32767,0.0,2127-15-31,0.0,0.12,27.44,0.0,0.0,0.0,0,0.896484375,6,45,05:56,20:31,2025-07-11 00:01:05.012048,Castel Volturno,43.6,8.561265,5.0619407,7.3628106,11.851902,76.3,7.111141,4.19329,4.6714287,9.119047,77.1,7.4632726,12.271351,8.188973,8.436902,53.2,5.4714284,5.4714284,59.2
2025-07-11T00:01:15Z,0,29.876,81.8,40,72.4,1,2,76,51,0.0,255,32767,0.0,2127-15-31,0.0,0.12,27.44,0.0,0.0,0.0,0,0.896484375,6,45,05:56,20:31,2025-07-11 00:01:15.566055,Castel Volturno,43.6,8.561265,5.0619407,7.3628106,11.851902,76.3,7.111141,4.19329,4.6714287,9.119047,77.1,7.4632726,12.271351,8.188973,8.436902,53.2,5.4714284,5.4714284,59.2
2025-07-11T00:01:26Z,0,29.876,81.8,40,72.4,2,2,62,51,0.0,255,32767,0.0,2127-15-31,0.0,0.12,27.44,0.0,0.0,0.0,0,0.896484375,6,45,05:56,20:31,2025-07-11 00:01:26.120051,Castel Volturno,43.6,8.561265,5.0619407,7.3628106,11.851902,76.3,7.111141,4.19329,4.6714287,9.119047,77.1,7.4632726,12.271351,8.188973,8.436902,53.2,5.4714284,5.4714284,59.2
2025-07-11T00:01:36Z,0,29.876,81.8,40,72.4,3,2,89,51,0.0,255,32767,0.0,2127-15-31,0.0,0.12,27.44,0.0,0.0,0.0,0,0.896484375,6,45,05:56,20:31,2025-07-11 00:01:36.674055,Castel Volturno,43.6,8.561265,5.0619407,7.3628106,11.851902,76.3,7.111141,4.19329,4.6714287,9.119047,77.1,7.4632726,12.271351,8.188973,8.436902,53.2,5.4714284,5.4714284,59.2
2025-07-11T00:01:47Z,0,29.876,81.8,40,72.4,6,2,92,51,0.0,255,32767,0.0,2127-15-31,0.0,0.12,27.44,0.0,0.0,0.0,0,0.896484375,6,45,05:56,20:31,2025-07-11 00:01:47.228046,Castel Volturno,43.6,8.561265,5.0619407,7.3628106,11.851902,76.3,7.111141,4.19329,4.6714287,9.119047,77.1,7.4632726,12.271351,8.188973,8.436902,53.2,5.4714284,5.4714284,59.2
2025-07-11T00:01:57Z,0,29.872,81.8,41,72.4,2,2,78,51,0.0,255,32767,0.0,2127-15-31,0.0,0.12,27.44,0.0,0.0,0.0,0,1.083984375,6,45,05:56,20:31,2025-07-11 00:01:57.782047,Castel Volturno,43.6,8.561265,5.0619407,7.3628106,11.851902,76.3,7.111141,4.19329,4.6714287,9.119047,77.1,7.4632726,12.271351,8.188973,8.436902,53.2,5.4714284,5.4714284,59.2
2025-07-11T00:02:08Z,0,29.872,81.8,41,72.4,4,2,74,51,0.0,255,32767,0.0,2127-15-31,0.0,0.12,27.44,0.0,0.0,0.0,0,1.083984375,6,45,05:56,20:31,2025-07-11 00:02:08.336046,Castel Volturno,43.6,8.561265,5.0619407,7.3628106,11.851902,76.3,7.111141,4.19329,4.6714287,9.119047,77.1,7.4632726,12.271351,8.188973,8.436902,53.2,5.4714284,5.4714284,59.2
2025-07-11T00:02:19Z,0,29.872,81.8,41,72.4,2,2,76,51,0.0,255,32767,0.0,2127-15-31,0.0,0.12,27.44,0.0,0.0,0.0,0,1.083984375,6,45,05:56,20:31,2025-07-11 00:02:18.890041,Castel Volturno,43.6,8.561265,5.0619407,7.3628106,11.851902,76.3,7.111141,4.19329,4.6714287,9.119047,77.1,7.4632726,12.271351,8.188973,8.436902,53.2,5.4714284,5.4714284,59.2
2025-07-11T00:02:29Z,0,29.872,81.8,41,72.4,1,2,67,51,0.0,255,32767,0.0,2127-15-31,0.0,0.12,27.44,0.0,0.0,0.0,0,1.083984375,6,45,05:56,20:31,2025-07-11 00:02:29.444044,Castel Volturno,43.6,8.561265,5.0619407,7.3628106,11.851902,76.3,7.111141,4.19329,4.6714287,9.119047,77.1,7.4632726,12.271351,8.188973,8.436902,53.2,5.4714284,5.4714284,59.2
2025-07-11T00:02:40Z,0,29.872,81.8,41,72.4,0,2,66,51,0.0,255,32767,0.0,2127-15-31,0.0,0.12,27.44,0.0,0.0,0.0,0,1.083984375,6,45,05:56,20:31,2025-07-11 00:02:39.998045,Castel Volturno,43.6,8.561265,5.0619407,7.3628106,11.851902,76.3,7.111141,4.19329,4.6714287,9.119047,77.1,7.4632726,12.271351,8.188973,8.436902,53.2,5.4714284,5.4714284,59.2
2025-07-11T00:02:50Z,0,29.876,81.8,41,72.4,1,2,56,51,0.0,255,32767,0.0,2127-15-31,0.0,0.12,27.44,0.0,0.0,0.0,0,2.021484375,6,45,05:56,20:31,2025-07-11 00:02:50.552045,Castel Volturno,43.6,8.561265,5.0619407,7.3628106,11.851902,76.3,7.111141,4.19329,4.6714287,9.119047,77.1,7.4632726,12.271351,8.188973,8.436902,53.2,5.4714284,5.4714284,59.2
2025-07-11T00:03:01Z,0,29.876,81.8,41,72.4,2,2,42,51,0.0,255,32767,0.0,2127-15-31,0.0,0.12,27.44,0.0,0.0,0.0,0,2.021484375,6,45,05:56,20:31,2025-07-11 00:03:01.106065,Castel Volturno,43.6,8.561265,5.0619407,7.3628106,11.851902,76.3,7.111141,4.19329,4.6714287,9.119047,77.1,7.4632726,12.271351,8.188973,8.436902,53.2,5.4714284,5.4714284,59.2
2025-07-11T00:03:11Z,0,29.876,81.8,41,72.4,2,2,70,51,0.0,255,32767,0.0,2127-15-31,0.0,0.12,27.44,0.0,0.0,0.0,0,2.021484375,6,45,05:56,20:31,2025-07-11 00:03:11.662050,Castel Volturno,43.6,8.561265,5.0619407,7.3628106,11.851902,76.3,7.111141,4.19329,4.6714287,9.119047,77.1,7.4632726,12.271351,8.188973,8.436902,53.2,5.4714284,5.4714284,59.2
2025-07-11T00:03:22Z,0,29.876,81.8,41,72.4,3,2,78,51,0.0,255,32767,0.0,2127-15-31,0.0,0.12,27.44,0.0,0.0,0.0,0,2.021484375,6,45,05:56,20:31,2025-07-11 00:03:22.216041,Castel Volturno,43.6,8.561265,5.0619407,7.3628106,11.851902,76.3,7.111141,4.19329,4.6714287,9.119047,77.1,7.4632726,12.271351,8.188973,8.436902,53.2,5.4714284,5.4714284,59.2
2025-07-11T00:03:32Z,0,29.876,81.8,41,72.3,3,2,34,51,0.0,255,32767,0.0,2127-15-31,0.0,0.12,27.44,0.0,0.0,0.0,0,2.021484375,6,45,05:56,20:31,2025-07-11 00:03:32.770047,Castel Volturno,43.6,8.561265,5.0619407,7.3628106,11.851902,76.3,7.111141,4.19329,4.6714287,9.119047,77.1,7.4632726,12.271351,8.188973,8.436902,53.2,5.4714284,5.4714284,59.2
2025-07-11T00:03:43Z,0,29.876,81.8,41,72.3,3,2,69,51,0.0,255,32767,0.0,2127-15-31,0.0,0.12,27.44,0.0,0.0,0.0,0,2.021484375,6,45,05:56,20:31,2025-07-11 00:03:43.324044,Castel Volturno,43.7,8.397259,5.110797,7.0619025,11.608425,76.1,6.9650555,4.2388315,4.8405795,8.550725,76.8,7.344116,11.769837,7.9925303,8.051865,53.1,5.9130435,5.130435,59.1
2025-07-11T00:03:54Z,0,29.874,81.8,40,72.4,2,2,55,51,0.0,255,32767,0.0,2127-15-31,0.0,0.12,27.44,0.0,0.0,0.0,0,0.861328125,6,45,05:56,20:31,2025-07-11 00:03:54.426046,Castel Volturno,43.7,8.397259,5.110797,7.0619025,11.608425,76.1,6.9650555,4.2388315,4.8405795,8.550725,76.8,7.344116,11.769837,7.9925303,8.051865,53.1,5.9130435,5.130435,59.1
2025-07-11T00:04:05Z,0,29.874,81.8,40,72.3,1,2,56,51,0.0,255,32767,0.0,2127-15-31,0.0,0.12,27.44,0.0,0.0,0.0,0,0.861328125,6,45,05:56,20:31,2025-07-11 00:04:04.980046,Castel Volturno,43.7,8.397259,5.110797,7.0619025,11.608425,76.1,6.9650555,4.2388315,4.8405795,8.550725,76.8,7.344116,11.769837,7.9925303,8.051865,53.1,5.9130435,5.130435,59.1
2025-07-11T00:04:15Z,0,29.874,81.8,40,72.3,2,2,48,51,0.0,255,32767,0.0,2127-15-31,0.0,0.12,27.44,0.0,0.0,0.0,0,0.861328125,6,45,05:56,20:31,2025-07-11 00:04:15.534065,Castel Volturno,43.7,8.397259,5.110797,7.0619025,11.608425,76.1,6.9650555,4.2388315,4.8405795,8.550725,76.8,7.344116,11.769837,7.9925303,8.051865,53.1,5.9130435,5.130435,59.1
2025-07-11T00:04:26Z,0,29.874,81.8,40,72.3,1,2,69,51,0.0,255,32767,0.0,2127-15-31,0.0,0.12,27.44,0.0,0.0,0.0,0,0.861328125,6,45,05:56,20:31,2025-07-11 00:04:26.088076,Castel Volturno,43.7,8.397259,5.110797,7.0619025,11.608425,76.1,6.9650555,4.2388315,4.8405795,8.550725,76.8,7.344116,11.769837,7.9925303,8.051865,53.1,5.9130435,5.130435,59.1
2025-07-11T00:04:36Z,0,29.874,81.8,40,72.3,2,2,59,51,0.0,255,32767,0.0,2127-15-31,0.0,0.12,27.44,0.0,0.0,0.0,0,0.861328125,6,45,05:56,20:31,2025-07-11 00:04:36.642048,Castel Volturno,43.7,8.397259,5.110797,7.0619025,11.608425,76.1,6.9650555,4.2388315,4.8405795,8.550725,76.8,7.344116,11.769837,7.9925303,8.051865,53.1,5.9130435,5.130435,59.1
2025-07-11T00:04:47Z,0,29.874,81.8,40,72.3,2,2,59,51,0.0,255,32767,0.0,2127-15-31,0.0,0.12,27.44,0.0,0.0,0.0,0,0.861328125,6,45,05:56,20:31,2025-07-11 00:04:47.196044,Castel Volturno,43.7,8.397259,5.110797,7.0619025,11.608425,76.1,6.9650555,4.2388315,4.8405795,8.550725,76.8,7.344116,11.769837,7.9925303,8.051865,53.1,5.9130435,5.130435,59.1
2025-07-11T00:04:57Z,0,29.874,81.8,40,72.3,3,2,76,51,0.0,255,32767,0.0,2127-15-31,0.0,0.12,27.44,0.0,0.0,0.0,0,0.861328125,6,45,05:56,20:31,2025-07-11 00:04:57.751044,Castel Volturno,43.7,8.397259,5.110797,7.0619025,11.608425,76.1,6.9650555,4.2388315,4.8405795,8.550725,76.8,7.344116,11.769837,7.9925303,8.051865,53.1,5.9130435,5.130435,59.1
2025-07-11T00:05:08Z,0,29.874,81.8,40,72.3,3,2,77,51,0.0,255,32767,0.0,2127-15-31,0.0,0.12,27.44,0.0,0.0,0.0,0,0.861328125,6,45,05:56,20:31,2025-07-11 00:05:08.305045,Castel Volturno,43.7,8.397259,5.110797,7.0619025,11.608425,76.1,6.9650555,4.2388315,4.8405795,8.550725,76.8,7.344116,11.769837,7.9925303,8.051865,53.1,5.9130435,5.130435,59.1
2025-07-11T00:05:19Z,0,29.874,81.8,40,72.3,3,2,64,51,0.0,255,32767,0.0,2127-15-31,0.0,0.12,27.44,0.0,0.0,0.0,0,0.861328125,6,45,05:56,20:31,2025-07-11 00:05:18.859047,Castel Volturno,43.7,8.397259,5.110797,7.0619025,11.608425,76.1,6.9650555,4.2388315,4.8405795,8.550725,76.8,7.344116,11.769837,7.9925303,8.051865,53.1,5.9130435,5.130435,59.1
2025-07-11T00:05:29Z,0,29.874,81.8,40,72.3,4,2,57,51,0.0,255,32767,0.0,2127-15-31,0.0,0.12,27.44,0.0,0.0,0.0,0,0.861328125,6,45,05:56,20:31,2025-07-11 00:05:29.413045,Castel Volturno,43.7,8.397259,5.110797,7.0619025,11.608425,76.1,6.9650555,4.2388315,4.8405795,8.550725,76.8,7.344116,11.769837,7.9925303,8.051865,53.1,5.9130435,5.130435,59.1
2025-07-11T00:05:40Z,0,29.874,81.8,40,72.3,2,2,63,51,0.0,255,32767,0.0,2127-15-31,0.0,0.12,27.44,0.0,0.0,0.0,0,0.861328125,6,45,05:56,20:31,2025-07-11 00:05:39.966049,Castel Volturno,43.7,8.397259,5.110797,7.0619025,11.608425,76.1,6.9650555,4.2388315,4.8405795,8.550725,76.8,7.344116,11.769837,7.9925303,8.051865,53.1,5.9130435,5.130435,59.1
2025-07-11T00:05:50Z,0,29.874,81.8,40,72.3,3,2,76,51,0.0,255,32767,0.0,2127-15-31,0.0,0.12,27.44,0.0,0.0,0.0,0,0.861328125,6,45,05:56,20:31,2025-07-11 00:05:50.520013,Castel Volturno,43.7,8.397259,5.110797,7.0619025,11.608425,76.1,6.9650555,4.2388315,4.8405795,8.550725,76.8,7.344116,11.769837,7.9925303,8.051865,53.1,5.9130435,5.130435,59.1
2025-07-11T00:06:01Z,0,29.874,81.8,40,72.2,2,2,56,51,0.0,255,32767,0.0,2127-15-31,0.0,0.12,27.44,0.0,0.0,0.0,0,0.861328125,6,45,05:56,20:31,2025-07-11 00:06:01.074048,Castel Volturno,43.7,8.397259,5.110797,7.0619025,11.608425,76.1,6.9650555,4.2388315,4.8405795,8.550725,76.8,7.344116,11.769837,7.9925303,8.051865,53.1,5.9130435,5.130435,59.1
2025-07-11T00:06:11Z,0,29.874,81.8,40,72.2,1,2,57,51,0.0,255,32767,0.0,2127-15-31,0.0,0.12,27.44,0.0,0.0,0.0,0,0.861328125,6,45,05:56,20:31,2025-07-11 00:06:11.628044,Castel Volturno,43.7,8.397259,5.110797,7.0619025,11.608425,76.1,6.9650555,4.2388315,4.8405795,8.550725,76.8,7.344116,11.769837,7.9925303,8.051865,53.1,5.9130435,5.130435,59.1
2025-07-11T00:06:22Z,0,29.874,81.8,40,72.2,1,2,36,51,0.0,255,32767,0.0,2127-15-31,0.0,0.12,27.44,0.0,0.0,0.0,0,0.861328125,6,45,05:56,20:31,2025-07-11 00:06:22.213043,Castel Volturno,43.7,8.397259,5.110797,7.0619025,11.608425,76.1,6.9650555,4.2388315,4.8405795,8.550725,76.8,7.344116,11.769837,7.9925303,8.051865,53.1,5.9130435,5.130435,59.1
2025-07-11T00:06:32Z,0,29.874,81.8,40,72.2,0,2,60,51,0.0,255,32767,0.0,2127-15-31,0.0,0.12,27.44,0.0,0.0,0.0,0,0.861328125,6,45,05:56,20:31,2025-07-11 00:06:32.767075,Castel Volturno,43.7,8.397259,5.110797,7.0619025,11.608425,76.1,6.9650555,4.2388315,4.8405795,8.550725,76.8,7.344116,11.769837,7.9925303,8.051865,53.1,5.9130435,5.130435,59.1
2025-07-11T00:06:43Z,0,29.874,81.8,40,72.2,3,2,75,51,0.0,255,32767,0.0,2127-15-31,0.0,0.12,27.44,0.0,0.0,0.0,0,0.861328125,6,45,05:56,20:31,2025-07-11 00:06:43.321053,Castel Volturno,43.7,8.397259,5.110797,7.0619025,11.608425,76.1,6.9650555,4.2388315,4.8405795,8.550725,76.8,7.344116,11.769837,7.9925303,8.051865,53.1,5.9130435,5.130435,59.1
2025-07-11T00:06:54Z,0,29.877,81.8,40,72.2,2,2,68,51,0.0,255,32767,0.0,2127-15-31,0.0,0.12,27.44,0.0,0.0,0.0,0,0.8671875,6,45,05:56,20:31,2025-07-11 00:06:53.875048,Castel Volturno,43.7,8.397259,5.110797,7.0619025,11.608425,76.1,6.9650555,4.2388315,4.8405795,8.550725,76.8,7.344116,11.769837,7.9925303,8.051865,53.1,5.9130435,5.130435,59.1
2025-07-11T00:07:04Z,0,29.877,81.8,40,72.2,1,2,68,51,0.0,255,32767,0.0,2127-15-31,0.0,0.12,27.44,0.0,0.0,0.0,0,0.8671875,6,45,05:56,20:31,2025-07-11 00:07:04.425046,Castel Volturno,43.7,8.397259,5.110797,7.0619025,11.608425,76.1,6.9650555,4.2388315,4.8405795,8.550725,76.8,7.344116,11.769837,7.9925303,8.051865,53.1,5.9130435,5.130435,59.1
2025-07-11T00:07:15Z,0,29.877,81.8,40,72.2,3,2,78,51,0.0,255,32767,0.0,2127-15-31,0.0,0.12,27.44,0.0,0.0,0.0,0,0.8671875,6,45,05:56,20:31,2025-07-11 00:07:15.042005,Castel Volturno,43.7,8.397259,5.110797,7.0619025,11.608425,76.1,6.9650555,4.2388315,4.8405795,8.550725,76.8,7.344116,11.769837,7.9925303,8.051865,53.1,5.9130435,5.130435,59.1
2025-07-11T00:07:25Z,0,29.877,81.8,40,72.2,3,2,55,51,0.0,255,32767,0.0,2127-15-31,0.0,0.12,27.44,0.0,0.0,0.0,0,0.8671875,6,45,05:56,20:31,2025-07-11 00:07:25.596067,Castel Volturno,43.7,8.397259,5.110797,7.0619025,11.608425,76.1,6.9650555,4.2388315,4.8405795,8.550725,76.8,7.344116,11.769837,7.9925303,8.051865,53.1,5.9130435,5.130435,59.1
2025-07-11T00:07:36Z,0,29.877,81.8,40,72.2,5,2,82,51,0.0,255,32767,0.0,2127-15-31,0.0,0.12,27.44,0.0,0.0,0.0,0,0.8671875,6,45,05:56,20:31,2025-07-11 00:07:36.150050,Castel Volturno,43.7,8.397259,5.110797,7.0619025,11.608425,76.1,6.9650555,4.2388315,4.8405795,8.550725,76.8,7.344116,11.769837,7.9925303,8.051865,53.1,5.9130435,5.130435,59.1
2025-07-11T00:07:46Z,0,29.877,81.8,40,72.2,3,2,80,51,0.0,255,32767,0.0,2127-15-31,0.0,0.12,27.44,0.0,0.0,0.0,0,0.8671875,6,45,05:56,20:31,2025-07-11 00:07:46.703063,Castel Volturno,43.7,8.397259,5.110797,7.0619025,11.608425,76.1,6.9650555,4.2388315,4.8405795,8.550725,76.8,7.344116,11.769837,7.9925303,8.051865,53.1,5.9130435,5.130435,59.1
2025-07-11T00:07:57Z,0,29.875,81.8,41,72.2,2,3,48,51,0.0,255,32767,0.0,2127-15-31,0.0,0.12,27.44,0.0,0.0,0.0,0,1.142578125,6,45,05:56,20:31,2025-07-11 00:07:57.285044,Castel Volturno,43.7,8.397259,5.110797,7.0619025,11.608425,76.1,6.9650555,4.2388315,4.8405795,8.550725,76.8,7.344116,11.769837,7.9925303,8.051865,53.1,5.9130435,5.130435,59.1
2025-07-11T00:08:08Z,0,29.875,81.8,41,72.2,3,3,69,51,0.0,255,32767,0.0,2127-15-31,0.0,0.12,27.44,0.0,0.0,0.0,0,1.142578125,6,45,05:56,20:31,2025-07-11 00:08:07.839051,Castel Volturno,43.7,8.397259,5.110797,7.0619025,11.608425,76.1,6.9650555,4.2388315,4.8405795,8.550725,76.8,7.344116,11.769837,7.9925303,8.051865,53.1,5.9130435,5.130435,59.1
2025-07-11T00:08:18Z,0,29.875,81.8,41,72.2,3,3,71,51,0.0,255,32767,0.0,2127-15-31,0.0,0.12,27.44,0.0,0.0,0.0,0,1.142578125,6,45,05:56,20:31,2025-07-11 00:08:18.393040,Castel Volturno,43.7,8.397259,5.110797,7.0619025,11.608425,76.1,6.9650555,4.2388315,4.8405795,8.550725,76.8,7.344116,11.769837,7.9925303,8.051865,53.1,5.9130435,5.130435,59.1
2025-07-11T00:08:29Z,0,29.875,81.8,41,72.2,2,3,66,51,0.0,255,32767,0.0,2127-15-31,0.0,0.12,27.44,0.0,0.0,0.0,0,1.142578125,6,45,05:56,20:31,2025-07-11 00:08:28.980047,Castel Volturno,43.7,8.397259,5.110797,7.0619025,11.608425,76.1,6.9650555,4.2388315,4.8405795,8.550725,76.8,7.344116,11.769837,7.9925303,8.051865,53.1,5.9130435,5.130435,59.1
2025-07-11T00:08:39Z,0,29.875,81.8,41,72.2,2,3,80,51,0.0,255,32767,0.0,2127-15-31,0.0,0.12,27.44,0.0,0.0,0.0,0,1.142578125,6,45,05:56,20:31,2025-07-11 00:08:39.535046,Castel Volturno,43.7,8.397259,5.110797,7.0619025,11.608425,76.1,6.9650555,4.2388315,4.8405795,8.550725,76.8,7.344116,11.769837,7.9925303,8.051865,53.1,5.9130435,5.130435,59.1
2025-07-11T00:08:50Z,0,29.875,81.7,41,72.2,2,3,63,51,0.0,255,32767,0.0,2127-15-31,0.0,0.12,27.44,0.0,0.0,0.0,0,1.0546875,6,45,05:56,20:31,2025-07-11 00:08:50.100043,Castel Volturno,43.7,8.397259,5.110797,7.0619025,11.608425,76.1,6.9650555,4.2388315,4.8405795,8.550725,76.8,7.344116,11.769837,7.9925303,8.051865,53.1,5.9130435,5.130435,59.1
2025-07-11T00:09:01Z,0,29.875,81.7,41,72.2,2,3,61,52,0.0,255,32767,0.0,2127-15-31,0.0,0.12,27.44,0.0,0.0,0.0,0,1.0546875,6,45,05:56,20:31,2025-07-11 00:09:01.170058,Castel Volturno,43.7,8.397259,5.110797,7.0619025,11.608425,76.1,6.9650555,4.2388315,4.8405795,8.550725,76.8,7.344116,11.769837,7.9925303,8.051865,53.1,5.9130435,5.130435,59.1
2025-07-11T00:09:11Z,0,29.875,81.7,41,72.2,2,3,43,52,0.0,255,32767,0.0,2127-15-31,0.0,0.12,27.44,0.0,0.0,0.0,0,1.0546875,6,45,05:56,20:31,2025-07-11 00:09:11.723045,Castel Volturno,43.7,8.397259,5.110797,7.0619025,11.608425,76.1,6.9650555,4.2388315,4.8405795,8.550725,76.8,7.344116,11.769837,7.9925303,8.051865,53.1,5.9130435,5.130435,59.1
2025-07-11T00:09:22Z,0,29.875,81.7,41,72.2,3,3,51,52,0.0,255,32767,0.0,2127-15-31,0.0,0.12,27.44,0.0,0.0,0.0,0,1.0546875,6,45,05:56,20:31,2025-07-11 00:09:22.278050,Castel Volturno,43.7,8.397259,5.110797,7.0619025,11.608425,76.1,6.9650555,4.2388315,4.8405795,8.550725,76.8,7.344116,11.769837,7.9925303,8.051865,53.1,5.9130435,5.130435,59.1
2025-07-11T00:09:33Z,0,29.875,81.7,41,72.2,1,3,37,52,0.0,255,32767,0.0,2127-15-31,0.0,0.12,27.44,0.0,0.0,0.0,0,1.0546875,6,45,05:56,20:31,2025-07-11 00:09:32.832049,Castel Volturno,43.7,8.397259,5.110797,7.0619025,11.608425,76.1,6.9650555,4.2388315,4.8405795,8.550725,76.8,7.344116,11.769837,7.9925303,8.051865,53.1,5.9130435,5.130435,59.1
2025-07-11T00:09:43Z,0,29.875,81.7,41,72.1,1,3,49,52,0.0,255,32767,0.0,2127-15-31,0.0,0.12,27.44,0.0,0.0,0.0,0,1.0546875,6,45,05:56,20:31,2025-07-11 00:09:43.386058,Castel Volturno,43.7,8.397259,5.110797,7.0619025,11.608425,76.1,6.9650555,4.2388315,4.8405795,8.550725,76.8,7.344116,11.769837,7.9925303,8.051865,53.1,5.9130435,5.130435,59.1
2025-07-11T00:09:54Z,0,29.872,81.7,40,72.1,2,2,74,52,0.0,255,32767,0.0,2127-15-31,0.0,0.12,27.44,0.0,0.0,0.0,0,1.93359375,6,45,05:56,20:31,2025-07-11 00:09:53.940050,Castel Volturno,43.7,8.397259,5.110797,7.0619025,11.608425,76.1,6.9650555,4.2388315,4.8405795,8.550725,76.8,7.344116,11.769837,7.9925303,8.051865,53.1,5.9130435,5.130435,59.1
2025-07-11T00:10:04Z,0,29.872,81.7,40,72.1,3,2,65,52,0.0,255,32767,0.0,2127-15-31,0.0,0.12,27.44,0.0,0.0,0.0,0,1.93359375,6,45,05:56,20:31,2025-07-11 00:10:04.494045,Castel Volturno,43.7,8.397259,5.110797,7.0619025,11.608425,76.1,6.9650555,4.2388315,4.8405795,8.550725,76.8,7.344116,11.769837,7.9925303,8.051865,53.1,5.9130435,5.130435,59.1
2025-07-11T00:10:15Z,0,29.872,81.7,40,72.1,2,2,40,52,0.0,255,32767,0.0,2127-15-31,0.0,0.12,27.44,0.0,0.0,0.0,0,1.93359375,6,45,05:56,20:31,2025-07-11 00:10:15.048045,Castel Volturno,43.7,8.397259,5.110797,7.0619025,11.608425,76.1,6.9650555,4.2388315,4.8405795,8.550725,76.8,7.344116,11.769837,7.9925303,8.051865,53.1,5.9130435,5.130435,59.1
2025-07-11T00:10:25Z,0,29.872,81.7,40,72.1,1,2,56,52,0.0,255,32767,0.0,2127-15-31,0.0,0.12,27.44,0.0,0.0,0.0,0,1.93359375,6,45,05:56,20:31,2025-07-11 00:10:25.602051,Castel Volturno,43.7,8.397259,5.110797,7.0619025,11.608425,76.1,6.9650555,4.2388315,4.8405795,8.550725,76.8,7.344116,11.769837,7.9925303,8.051865,53.1,5.9130435,5.130435,59.1
2025-07-11T00:10:36Z,0,29.872,81.7,40,72.1,0,2,55,52,0.0,255,32767,0.0,2127-15-31,0.0,0.12,27.44,0.0,0.0,0.0,0,1.93359375,6,45,05:56,20:31,2025-07-11 00:10:36.189047,Castel Volturno,43.7,8.397259,5.110797,7.0619025,11.608425,76.1,6.9650555,4.2388315,4.8405795,8.550725,76.8,7.344116,11.769837,7.9925303,8.051865,53.1,5.9130435,5.130435,59.1
2025-07-11T00:10:46Z,0,29.872,81.7,40,72.1,1,2,68,52,0.0,255,32767,0.0,2127-15-31,0.0,0.12,27.44,0.0,0.0,0.0,0,1.93359375,6,45,05:56,20:31,2025-07-11 00:10:46.743020,Castel Volturno,43.7,8.397259,5.110797,7.0619025,11.608425,76.1,6.9650555,4.2388315,4.8405795,8.550725,76.8,7.344116,11.769837,7.9925303,8.051865,53.1,5.9130435,5.130435,59.1
2025-07-11T00:10:57Z,0,29.874,81.7,40,72.1,1,2,69,52,0.0,255,32767,0.0,2127-15-31,0.0,0.12,27.44,0.0,0.0,0.0,0,0.861328125,6,45,05:56,20:31,2025-07-11 00:10:57.297055,Castel Volturno,43.7,8.397259,5.110797,7.0619025,11.608425,76.1,6.9650555,4.2388315,4.8405795,8.550725,76.8,7.344116,11.769837,7.9925303,8.051865,53.1,5.9130435,5.130435,59.1
2025-07-11T00:11:08Z,0,29.874,81.7,40,72.1,2,2,73,52,0.0,255,32767,0.0,2127-15-31,0.0,0.12,27.44,0.0,0.0,0.0,0,0.861328125,6,45,05:56,20:31,2025-07-11 00:11:07.851042,Castel Volturno,43.7,8.397259,5.110797,7.0619025,11.608425,76.1,6.9650555,4.2388315,4.8405795,8.550725,76.8,7.344116,11.769837,7.9925303,8.051865,53.1,5.9130435,5.130435,59.1
2025-07-11T00:11:18Z,0,29.874,81.7,40,72.1,1,2,77,52,0.0,255,32767,0.0,2127-15-31,0.0,0.12,27.44,0.0,0.0,0.0,0,0.861328125,6,45,05:56,20:31,2025-07-11 00:11:18.405054,Castel Volturno,43.7,8.397259,5.110797,7.0619025,11.608425,76.1,6.9650555,4.2388315,4.8405795,8.550725,76.8,7.344116,11.769837,7.9925303,8.051865,53.1,5.9130435,5.130435,59.1
2025-07-11T00:11:29Z,0,29.874,81.7,40,72.1,1,2,57,52,0.0,255,32767,0.0,2127-15-31,0.0,0.12,27.44,0.0,0.0,0.0,0,0.861328125,6,45,05:56,20:31,2025-07-11 00:11:28.958046,Castel Volturno,43.7,8.397259,5.110797,7.0619025,11.608425,76.1,6.9650555,4.2388315,4.8405795,8.550725,76.8,7.344116,11.769837,7.9925303,8.051865,53.1,5.9130435,5.130435,59.1
2025-07-11T00:11:39Z,0,29.874,81.7,40,72.1,2,2,66,52,0.0,255,32767,0.0,2127-15-31,0.0,0.12,27.44,0.0,0.0,0.0,0,0.861328125,6,45,05:56,20:31,2025-07-11 00:11:39.512047,Castel Volturno,43.7,8.397259,5.110797,7.0619025,11.608425,76.1,6.9650555,4.2388315,4.8405795,8.550725,76.8,7.344116,11.769837,7.9925303,8.051865,53.1,5.9130435,5.130435,59.1
2025-07-11T00:11:50Z,0,29.874,81.7,40,72.1,2,2,77,52,0.0,255,32767,0.0,2127-15-31,0.0,0.12,27.44,0.0,0.0,0.0,0,0.861328125,6,45,05:56,20:31,2025-07-11 00:11:50.079044,Castel Volturno,43.7,8.397259,5.110797,7.0619025,11.608425,76.1,6.9650555,4.2388315,4.8405795,8.550725,76.8,7.344116,11.769837,7.9925303,8.051865,53.1,5.9130435,5.130435,59.1
2025-07-11T00:12:00Z,0,29.873,81.7,40,72.1,1,2,77,52,0.0,255,32767,0.0,2127-15-31,0.0,0.12,27.44,0.0,0.0,0.0,0,0.861328125,6,45,05:56,20:31,2025-07-11 00:12:00.627042,Castel Volturno,43.7,8.397259,5.110797,7.0619025,11.608425,76.1,6.9650555,4.2388315,4.8405795,8.550725,76.8,7.344116,11.769837,7.9925303,8.051865,53.1,5.9130435,5.130435,59.1
2025-07-11T00:12:11Z,0,29.873,81.7,40,72.1,1,2,76,52,0.0,255,32767,0.0,2127-15-31,0.0,0.12,27.44,0.0,0.0,0.0,0,0.861328125,6,45,05:56,20:31,2025-07-11 00:12:11.181045,Castel Volturno,43.7,8.397259,5.110797,7.0619025,11.608425,76.1,6.9650555,4.2388315,4.8405795,8.550725,76.8,7.344116,11.769837,7.9925303,8.051865,53.1,5.9130435,5.130435,59.1
2025-07-11T00:12:21Z,0,29.873,81.7,40,72.1,1,2,44,52,0.0,255,32767,0.0,2127-15-31,0.0,0.12,27.44,0.0,0.0,0.0,0,0.861328125,6,45,05:56,20:31,2025-07-11 00:12:21.734057,Castel Volturno,43.7,8.397259,5.110797,7.0619025,11.608425,76.1,6.9650555,4.2388315,4.8405795,8.550725,76.8,7.344116,11.769837,7.9925303,8.051865,53.1,5.9130435,5.130435,59.1
2025-07-11T00:12:32Z,0,29.873,81.7,40,72.1,3,2,26,52,0.0,255,32767,0.0,2127-15-31,0.0,0.12,27.44,0.0,0.0,0.0,0,0.861328125,6,45,05:56,20:31,2025-07-11 00:12:32.288007,Castel Volturno,43.7,8.397259,5.110797,7.0619025,11.608425,76.1,6.9650555,4.2388315,4.8405795,8.550725,76.8,7.344116,11.769837,7.9925303,8.051865,53.1,5.9130435,5.130435,59.1
2025-07-11T00:12:43Z,0,29.873,81.7,40,72.1,2,2,53,52,0.0,255,32767,0.0,2127-15-31,0.0,0.12,27.44,0.0,0.0,0.0,0,0.861328125,6,45,05:56,20:31,2025-07-11 00:12:42.842050,Castel Volturno,43.7,8.397259,5.110797,7.0619025,11.608425,76.1,6.9650555,4.2388315,4.8405795,8.550725,76.8,7.344116,11.769837,7.9925303,8.051865,53.1,5.9130435,5.130435,59.1
2025-07-11T00:12:53Z,0,29.873,81.6,40,72.1,2,2,48,52,0.0,255,32767,0.0,2127-15-31,0.0,0.12,27.44,0.0,0.0,0.0,0,0.861328125,6,45,05:56,20:31,2025-07-11 00:12:53.429050,Castel Volturno,43.7,8.397259,5.110797,7.0619025,11.608425,76.1,6.9650555,4.2388315,4.8405795,8.550725,76.8,7.344116,11.769837,7.9925303,8.051865,53.1,5.9130435,5.130435,59.1
2025-07-11T00:13:04Z,0,29.873,81.6,40,72.1,3,2,66,52,0.0,255,32767,0.0,2127-15-31,0.0,0.12,27.44,0.0,0.0,0.0,0,0.861328125,6,45,05:56,20:31,2025-07-11 00:13:03.982047,Castel Volturno,43.7,8.397259,5.110797,7.0619025,11.608425,76.1,6.9650555,4.2388315,4.8405795,8.550725,76.8,7.344116,11.769837,7.9925303,8.051865,53.1,5.9130435,5.130435,59.1
2025-07-11T00:13:14Z,0,29.873,81.6,40,72.1,3,2,71,52,0.0,255,32767,0.0,2127-15-31,0.0,0.12,27.44,0.0,0.0,0.0,0,0.861328125,6,45,05:56,20:31,2025-07-11 00:13:14.536044,Castel Volturno,43.7,8.397259,5.110797,7.0619025,11.608425,76.1,6.9650555,4.2388315,4.8405795,8.550725,76.8,7.344116,11.769837,7.9925303,8.051865,53.1,5.9130435,5.130435,59.1
2025-07-11T00:13:25Z,0,29.873,81.6,40,72.1,1,2,32,52,0.0,255,32767,0.0,2127-15-31,0.0,0.12,27.44,0.0,0.0,0.0,0,0.861328125,6,45,05:56,20:31,2025-07-11 00:13:25.067937,Castel Volturno,43.7,8.397259,5.110797,7.0619025,11.608425,76.1,6.9650555,4.2388315,4.8405795,8.550725,76.8,7.344116,11.769837,7.9925303,8.051865,53.1,5.9130435,5.130435,59.1
2025-07-11T00:13:35Z,0,29.873,81.6,40,72.1,1,2,58,52,0.0,255,32767,0.0,2127-15-31,0.0,0.12,27.44,0.0,0.0,0.0,0,0.861328125,6,45,05:56,20:31,2025-07-11 00:13:35.655048,Castel Volturno,43.7,8.397259,5.110797,7.0619025,11.608425,76.1,6.9650555,4.2388315,4.8405795,8.550725,76.8,7.344116,11.769837,7.9925303,8.051865,53.1,5.9130435,5.130435,59.1
2025-07-11T00:13:46Z,0,29.873,81.6,40,72.1,0,2,58,52,0.0,255,32767,0.0,2127-15-31,0.0,0.12,27.44,0.0,0.0,0.0,0,0.861328125,6,45,05:56,20:31,2025-07-11 00:13:46.209046,Castel Volturno,43.7,8.397259,5.110797,7.0619025,11.608425,76.1,6.9650555,4.2388315,4.8405795,8.550725,76.8,7.344116,11.769837,7.9925303,8.051865,53.1,5.9130435,5.130435,59.1
2025-07-11T00:13:56Z,0,29.874,81.6,40,72.1,1,2,52,52,0.0,255,32767,0.0,2127-15-31,0.0,0.12,27.44,0.0,0.0,0.0,0,0.861328125,6,45,05:56,20:31,2025-07-11 00:13:56.763050,Castel Volturno,43.7,8.397259,5.110797,7.0619025,11.608425,76.1,6.9650555,4.2388315,4.8405795,8.550725,76.8,7.344116,11.769837,7.9925303,8.051865,53.1,5.9130435,5.130435,59.1
2025-07-11T00:14:08Z,0,29.874,81.6,40,72.0,1,2,34,52,0.0,255,32767,0.0,2127-15-31,0.0,0.12,27.44,0.0,0.0,0.0,0,0.861328125,6,45,05:56,20:31,2025-07-11 00:14:07.815048,Castel Volturno,43.7,8.397259,5.110797,7.0619025,11.608425,76.1,6.9650555,4.2388315,4.8405795,8.550725,76.8,7.344116,11.769837,7.9925303,8.051865,53.1,5.9130435,5.130435,59.1
2025-07-11T00:14:18Z,0,29.874,81.6,40,72.1,0,2,34,52,0.0,255,32767,0.0,2127-15-31,0.0,0.12,27.44,0.0,0.0,0.0,0,0.861328125,6,45,05:56,20:31,2025-07-11 00:14:18.369043,Castel Volturno,43.7,8.397259,5.110797,7.0619025,11.608425,76.1,6.9650555,4.2388315,4.8405795,8.550725,76.8,7.344116,11.769837,7.9925303,8.051865,53.1,5.9130435,5.130435,59.1
2025-07-11T00:14:29Z,0,29.874,81.6,40,72.0,1,2,74,52,0.0,255,32767,0.0,2127-15-31,0.0,0.12,27.44,0.0,0.0,0.0,0,0.861328125,6,45,05:56,20:31,2025-07-11 00:14:28.923065,Castel Volturno,43.7,8.397259,5.110797,7.0619025,11.608425,76.1,6.9650555,4.2388315,4.8405795,8.550725,76.8,7.344116,11.769837,7.9925303,8.051865,53.1,5.9130435,5.130435,59.1
2025-07-11T00:14:39Z,0,29.874,81.6,40,72.0,1,2,49,52,0.0,255,32767,0.0,2127-15-31,0.0,0.12,27.44,0.0,0.0,0.0,0,0.861328125,6,45,05:56,20:31,2025-07-11 00:14:39.477049,Castel Volturno,43.7,8.397259,5.110797,7.0619025,11.608425,76.1,6.9650555,4.2388315,4.8405795,8.550725,76.8,7.344116,11.769837,7.9925303,8.051865,53.1,5.9130435,5.130435,59.1
2025-07-11T00:14:50Z,0,29.874,81.6,40,72.1,1,2,36,52,0.0,255,32767,0.0,2127-15-31,0.0,0.12,27.44,0.0,0.0,0.0,0,0.884765625,6,45,05:56,20:31,2025-07-11 00:14:50.064040,Castel Volturno,43.7,8.397259,5.110797,7.0619025,11.608425,76.1,6.9650555,4.2388315,4.8405795,8.550725,76.8,7.344116,11.769837,7.9925303,8.051865,53.1,5.9130435,5.130435,59.1
2025-07-11T00:15:00Z,0,29.873,81.6,40,72.1,2,2,36,52,0.0,255,32767,0.0,2127-15-31,0.0,0.12,27.44,0.0,0.0,0.0,0,0.884765625,6,45,05:56,20:31,2025-07-11 00:15:00.618053,Castel Volturno,43.7,8.397259,5.110797,7.0619025,11.608425,76.1,6.9650555,4.2388315,4.8405795,8.550725,76.8,7.344116,11.769837,7.9925303,8.051865,53.1,5.9130435,5.130435,59.1
2025-07-11T00:15:11Z,0,29.873,81.6,40,72.1,3,2,32,52,0.0,255,32767,0.0,2127-15-31,0.0,0.12,27.44,0.0,0.0,0.0,0,0.884765625,6,45,05:56,20:31,2025-07-11 00:15:11.172008,Castel Volturno,43.7,8.397259,5.110797,7.0619025,11.608425,76.1,6.9650555,4.2388315,4.8405795,8.550725,76.8,7.344116,11.769837,7.9925303,8.051865,53.1,5.9130435,5.130435,59.1
2025-07-11T00:15:21Z,0,29.873,81.6,40,72.1,3,2,39,52,0.0,255,32767,0.0,2127-15-31,0.0,0.12,27.44,0.0,0.0,0.0,0,0.884765625,6,45,05:56,20:31,2025-07-11 00:15:21.726043,Castel Volturno,43.7,8.397259,5.110797,7.0619025,11.608425,76.1,6.9650555,4.2388315,4.8405795,8.550725,76.8,7.344116,11.769837,7.9925303,8.051865,53.1,5.9130435,5.130435,59.1
2025-07-11T00:15:32Z,0,29.873,81.6,40,72.1,1,2,78,52,0.0,255,32767,0.0,2127-15-31,0.0,0.12,27.44,0.0,0.0,0.0,0,0.884765625,6,45,05:56,20:31,2025-07-11 00:15:32.281045,Castel Volturno,43.7,8.397259,5.110797,7.0619025,11.608425,76.1,6.9650555,4.2388315,4.8405795,8.550725,76.8,7.344116,11.769837,7.9925303,8.051865,53.1,5.9130435,5.130435,59.1
2025-07-11T00:15:43Z,0,29.873,81.6,40,72.0,1,2,65,52,0.0,255,32767,0.0,2127-15-31,0.0,0.12,27.44,0.0,0.0,0.0,0,0.884765625,6,45,05:56,20:31,2025-07-11 00:15:42.835053,Castel Volturno,43.7,8.397259,5.110797,7.0619025,11.608425,76.1,6.9650555,4.2388315,4.8405795,8.550725,76.8,7.344116,11.769837,7.9925303,8.051865,53.1,5.9130435,5.130435,59.1
2025-07-11T00:15:53Z,0,29.874,81.6,40,72.0,1,2,66,52,0.0,255,32767,0.0,2127-15-31,0.0,0.12,27.44,0.0,0.0,0.0,0,1.025390625,6,45,05:56,20:31,2025-07-11 00:15:53.389053,Castel Volturno,43.7,8.397259,5.110797,7.0619025,11.608425,76.1,6.9650555,4.2388315,4.8405795,8.550725,76.8,7.344116,11.769837,7.9925303,8.051865,53.1,5.9130435,5.130435,59.1
2025-07-11T00:16:04Z,0,29.874,81.6,40,72.0,3,2,78,52,0.0,255,32767,0.0,2127-15-31,0.0,0.12,27.44,0.0,0.0,0.0,0,1.025390625,6,45,05:56,20:31,2025-07-11 00:16:03.943047,Castel Volturno,43.7,8.397259,5.110797,7.0619025,11.608425,76.1,6.9650555,4.2388315,4.8405795,8.550725,76.8,7.344116,11.769837,7.9925303,8.051865,53.1,5.9130435,5.130435,59.1
2025-07-11T00:16:14Z,0,29.874,81.6,40,72.0,1,2,40,52,0.0,255,32767,0.0,2127-15-31,0.0,0.12,27.44,0.0,0.0,0.0,0,1.025390625,6,45,05:56,20:31,2025-07-11 00:16:14.497055,Castel Volturno,43.7,8.397259,5.110797,7.0619025,11.608425,76.1,6.9650555,4.2388315,4.8405795,8.550725,76.8,7.344116,11.769837,7.9925303,8.051865,53.1,5.9130435,5.130435,59.1
2025-07-11T00:16:25Z,0,29.874,81.6,40,72.0,1,2,54,52,0.0,255,32767,0.0,2127-15-31,0.0,0.12,27.44,0.0,0.0,0.0,0,1.025390625,6,45,05:56,20:31,2025-07-11 00:16:25.051043,Castel Volturno,43.7,8.397259,5.110797,7.0619025,11.608425,76.1,6.9650555,4.2388315,4.8405795,8.550725,76.8,7.344116,11.769837,7.9925303,8.051865,53.1,5.9130435,5.130435,59.1
2025-07-11T00:16:35Z,0,29.874,81.6,40,72.0,1,2,50,52,0.0,255,32767,0.0,2127-15-31,0.0,0.12,27.44,0.0,0.0,0.0,0,1.025390625,6,45,05:56,20:31,2025-07-11 00:16:35.605052,Castel Volturno,43.7,8.397259,5.110797,7.0619025,11.608425,76.1,6.9650555,4.2388315,4.8405795,8.550725,76.8,7.344116,11.769837,7.9925303,8.051865,53.1,5.9130435,5.130435,59.1
2025-07-11T00:16:46Z,0,29.874,81.6,40,72.0,1,2,61,52,0.0,255,32767,0.0,2127-15-31,0.0,0.12,27.44,0.0,0.0,0.0,0,1.025390625,6,45,05:56,20:31,2025-07-11 00:16:46.159057,Castel Volturno,43.7,8.397259,5.110797,7.0619025,11.608425,76.1,6.9650555,4.2388315,4.8405795,8.550725,76.8,7.344116,11.769837,7.9925303,8.051865,53.1,5.9130435,5.130435,59.1
2025-07-11T00:16:56Z,0,29.874,81.6,40,72.0,2,2,84,52,0.0,255,32767,0.0,2127-15-31,0.0,0.12,27.44,0.0,0.0,0.0,0,1.787109375,6,45,05:56,20:31,2025-07-11 00:16:56.747045,Castel Volturno,43.7,8.397259,5.110797,7.0619025,11.608425,76.1,6.9650555,4.2388315,4.8405795,8.550725,76.8,7.344116,11.769837,7.9925303,8.051865,53.1,5.9130435,5.130435,59.1
2025-07-11T00:17:07Z,0,29.874,81.6,40,72.0,2,2,33,52,0.0,255,32767,0.0,2127-15-31,0.0,0.12,27.44,0.0,0.0,0.0,0,1.787109375,6,45,05:56,20:31,2025-07-11 00:17:07.301042,Castel Volturno,43.7,8.397259,5.110797,7.0619025,11.608425,76.1,6.9650555,4.2388315,4.8405795,8.550725,76.8,7.344116,11.769837,7.9925303,8.051865,53.1,5.9130435,5.130435,59.1
2025-07-11T00:17:18Z,0,29.874,81.6,40,72.0,3,2,28,52,0.0,255,32767,0.0,2127-15-31,0.0,0.12,27.44,0.0,0.0,0.0,0,1.787109375,6,45,05:56,20:31,2025-07-11 00:17:17.855046,Castel Volturno,43.7,8.397259,5.110797,7.0619025,11.608425,76.1,6.9650555,4.2388315,4.8405795,8.550725,76.8,7.344116,11.769837,7.9925303,8.051865,53.1,5.9130435,5.130435,59.1
2025-07-11T00:17:28Z,0,29.874,81.6,40,72.0,2,2,26,52,0.0,255,32767,0.0,2127-15-31,0.0,0.12,27.44,0.0,0.0,0.0,0,1.787109375,6,45,05:56,20:31,2025-07-11 00:17:28.409049,Castel Volturno,43.7,8.397259,5.110797,7.0619025,11.608425,76.1,6.9650555,4.2388315,4.8405795,8.550725,76.8,7.344116,11.769837,7.9925303,8.051865,53.1,5.9130435,5.130435,59.1
2025-07-11T00:17:39Z,0,29.874,81.6,40,72.0,2,2,55,52,0.0,255,32767,0.0,2127-15-31,0.0,0.12,27.44,0.0,0.0,0.0,0,1.787109375,6,45,05:56,20:31,2025-07-11 00:17:38.963048,Castel Volturno,43.7,8.397259,5.110797,7.0619025,11.608425,76.1,6.9650555,4.2388315,4.8405795,8.550725,76.8,7.344116,11.769837,7.9925303,8.051865,53.1,5.9130435,5.130435,59.1
2025-07-11T00:17:49Z,0,29.874,81.6,40,72.0,2,2,34,51,0.0,255,32767,0.0,2127-15-31,0.0,0.12,27.44,0.0,0.0,0.0,0,1.787109375,6,45,05:56,20:31,2025-07-11 00:17:49.518048,Castel Volturno,43.7,8.397259,5.110797,7.0619025,11.608425,76.1,6.9650555,4.2388315,4.8405795,8.550725,76.8,7.344116,11.769837,7.9925303,8.051865,53.1,5.9130435,5.130435,59.1
2025-07-11T00:18:00Z,0,29.872,81.5,40,71.9,1,2,42,51,0.0,255,32767,0.0,2127-15-31,0.0,0.12,27.44,0.0,0.0,0.0,0,0.92578125,6,45,05:56,20:31,2025-07-11 00:18:00.062024,Castel Volturno,43.7,8.397259,5.110797,7.0619025,11.608425,76.1,6.9650555,4.2388315,4.8405795,8.550725,76.8,7.344116,11.769837,7.9925303,8.051865,53.1,5.9130435,5.130435,59.1
2025-07-11T00:18:10Z,0,29.872,81.5,40,72.0,1,2,58,51,0.0,255,32767,0.0,2127-15-31,0.0,0.12,27.44,0.0,0.0,0.0,0,0.92578125,6,45,05:56,20:31,2025-07-11 00:18:10.617060,Castel Volturno,43.7,8.397259,5.110797,7.0619025,11.608425,76.1,6.9650555,4.2388315,4.8405795,8.550725,76.8,7.344116,11.769837,7.9925303,8.051865,53.1,5.9130435,5.130435,59.1
2025-07-11T00:18:21Z,0,29.872,81.5,40,72.0,1,2,57,51,0.0,255,32767,0.0,2127-15-31,0.0,0.12,27.44,0.0,0.0,0.0,0,0.92578125,6,45,05:56,20:31,2025-07-11 00:18:21.171052,Castel Volturno,43.7,8.397259,5.110797,7.0619025,11.608425,76.1,6.9650555,4.2388315,4.8405795,8.550725,76.8,7.344116,11.769837,7.9925303,8.051865,53.1,5.9130435,5.130435,59.1
2025-07-11T00:18:31Z,0,29.872,81.5,40,71.9,0,2,51,51,0.0,255,32767,0.0,2127-15-31,0.0,0.12,27.44,0.0,0.0,0.0,0,0.92578125,6,45,05:56,20:31,2025-07-11 00:18:31.724046,Castel Volturno,43.7,8.397259,5.110797,7.0619025,11.608425,76.1,6.9650555,4.2388315,4.8405795,8.550725,76.8,7.344116,11.769837,7.9925303,8.051865,53.1,5.9130435,5.130435,59.1
2025-07-11T00:18:42Z,0,29.872,81.5,40,71.9,0,2,51,52,0.0,255,32767,0.0,2127-15-31,0.0,0.12,27.44,0.0,0.0,0.0,0,0.92578125,6,45,05:56,20:31,2025-07-11 00:18:42.278048,Castel Volturno,43.7,8.397259,5.110797,7.0619025,11.608425,76.1,6.9650555,4.2388315,4.8405795,8.550725,76.8,7.344116,11.769837,7.9925303,8.051865,53.1,5.9130435,5.130435,59.1
2025-07-11T00:18:53Z,0,29.874,81.5,40,71.9,0,2,50,52,0.0,255,32767,0.0,2127-15-31,0.0,0.12,27.44,0.0,0.0,0.0,0,0.85546875,6,45,05:56,20:31,2025-07-11 00:18:52.832048,Castel Volturno,43.7,8.397259,5.110797,7.0619025,11.608425,76.1,6.9650555,4.2388315,4.8405795,8.550725,76.8,7.344116,11.769837,7.9925303,8.051865,53.1,5.9130435,5.130435,59.1
2025-07-11T00:19:03Z,0,29.874,81.5,40,71.9,2,2,27,52,0.0,255,32767,0.0,2127-15-31,0.0,0.12,27.44,0.0,0.0,0.0,0,0.85546875,6,45,05:56,20:31,2025-07-11 00:19:03.386042,Castel Volturno,44.2,8.264181,5.1670117,6.646834,11.318048,75.8,6.7908287,4.2900276,5.114286,9.761905,76.5,7.2193274,11.078056,7.804255,7.6195936,53.1,6.7714286,5.857143,59.1
2025-07-11T00:19:14Z,0,29.874,81.5,40,71.9,2,2,19,52,0.0,255,32767,0.0,2127-15-31,0.0,0.12,27.44,0.0,0.0,0.0,0,0.85546875,6,45,05:56,20:31,2025-07-11 00:19:14.734009,Castel Volturno,44.2,8.264181,5.1670117,6.646834,11.318048,75.8,6.7908287,4.2900276,5.114286,9.761905,76.5,7.2193274,11.078056,7.804255,7.6195936,53.1,6.7714286,5.857143,59.1
2025-07-11T00:19:25Z,0,29.874,81.5,40,71.9,1,2,51,52,0.0,255,32767,0.0,2127-15-31,0.0,0.12,27.44,0.0,0.0,0.0,0,0.85546875,6,45,05:56,20:31,2025-07-11 00:19:25.289057,Castel Volturno,44.2,8.264181,5.1670117,6.646834,11.318048,75.8,6.7908287,4.2900276,5.114286,9.761905,76.5,7.2193274,11.078056,7.804255,7.6195936,53.1,6.7714286,5.857143,59.1
2025-07-11T00:19:36Z,0,29.874,81.5,40,71.9,2,2,38,52,0.0,255,32767,0.0,2127-15-31,0.0,0.12,27.44,0.0,0.0,0.0,0,0.85546875,6,45,05:56,20:31,2025-07-11 00:19:35.843041,Castel Volturno,44.2,8.264181,5.1670117,6.646834,11.318048,75.8,6.7908287,4.2900276,5.114286,9.761905,76.5,7.2193274,11.078056,7.804255,7.6195936,53.1,6.7714286,5.857143,59.1
2025-07-11T00:19:46Z,0,29.874,81.5,40,71.9,1,2,51,52,0.0,255,32767,0.0,2127-15-31,0.0,0.12,27.44,0.0,0.0,0.0,0,0.85546875,6,45,05:56,20:31,2025-07-11 00:19:46.397041,Castel Volturno,44.2,8.264181,5.1670117,6.646834,11.318048,75.8,6.7908287,4.2900276,5.114286,9.761905,76.5,7.2193274,11.078056,7.804255,7.6195936,53.1,6.7714286,5.857143,59.1
2025-07-11T00:19:57Z,0,29.872,81.5,41,71.9,0,2,51,52,0.0,255,32767,0.0,2127-15-31,0.0,0.12,27.44,0.0,0.0,0.0,0,0.861328125,6,45,05:56,20:31,2025-07-11 00:19:56.951058,Castel Volturno,44.2,8.264181,5.1670117,6.646834,11.318048,75.8,6.7908287,4.2900276,5.114286,9.761905,76.5,7.2193274,11.078056,7.804255,7.6195936,53.1,6.7714286,5.857143,59.1
2025-07-11T00:20:07Z,0,29.872,81.5,41,71.9,2,2,15,52,0.0,255,32767,0.0,2127-15-31,0.0,0.12,27.44,0.0,0.0,0.0,0,0.861328125,6,45,05:56,20:31,2025-07-11 00:20:07.505054,Castel Volturno,44.2,8.264181,5.1670117,6.646834,11.318048,75.8,6.7908287,4.2900276,5.114286,9.761905,76.5,7.2193274,11.078056,7.804255,7.6195936,53.1,6.7714286,5.857143,59.1
2025-07-11T00:20:18Z,0,29.872,81.5,41,71.9,2,2,9,52,0.0,255,32767,0.0,2127-15-31,0.0,0.12,27.44,0.0,0.0,0.0,0,0.861328125,6,45,05:56,20:31,2025-07-11 00:20:18.059065,Castel Volturno,44.2,8.264181,5.1670117,6.646834,11.318048,75.8,6.7908287,4.2900276,5.114286,9.761905,76.5,7.2193274,11.078056,7.804255,7.6195936,53.1,6.7714286,5.857143,59.1
2025-07-11T00:20:28Z,0,29.872,81.5,41,71.9,1,2,67,52,0.0,255,32767,0.0,2127-15-31,0.0,0.12,27.44,0.0,0.0,0.0,0,0.861328125,6,45,05:56,20:31,2025-07-11 00:20:28.614007,Castel Volturno,44.2,8.264181,5.1670117,6.646834,11.318048,75.8,6.7908287,4.2900276,5.114286,9.761905,76.5,7.2193274,11.078056,7.804255,7.6195936,53.1,6.7714286,5.857143,59.1
2025-07-11T00:20:39Z,0,29.872,81.5,41,71.9,1,2,46,52,0.0,255,32767,0.0,2127-15-31,0.0,0.12,27.44,0.0,0.0,0.0,0,0.861328125,6,45,05:56,20:31,2025-07-11 00:20:39.168049,Castel Volturno,44.2,8.264181,5.1670117,6.646834,11.318048,75.8,6.7908287,4.2900276,5.114286,9.761905,76.5,7.2193274,11.078056,7.804255,7.6195936,53.1,6.7714286,5.857143,59.1
2025-07-11T00:20:49Z,0,29.872,81.5,41,71.9,0,2,46,52,0.0,255,32767,0.0,2127-15-31,0.0,0.12,27.44,0.0,0.0,0.0,0,0.861328125,6,45,05:56,20:31,2025-07-11 00:20:49.723048,Castel Volturno,44.2,8.264181,5.1670117,6.646834,11.318048,75.8,6.7908287,4.2900276,5.114286,9.761905,76.5,7.2193274,11.078056,7.804255,7.6195936,53.1,6.7714286,5.857143,59.1
2025-07-11T00:21:00Z,0,29.871,81.4,41,71.9,1,2,37,52,0.0,255,32767,0.0,2127-15-31,0.0,0.12,27.44,0.0,0.0,0.0,0,0.92578125,6,45,05:56,20:31,2025-07-11 00:21:00.278058,Castel Volturno,44.2,8.264181,5.1670117,6.646834,11.318048,75.8,6.7908287,4.2900276,5.114286,9.761905,76.5,7.2193274,11.078056,7.804255,7.6195936,53.1,6.7714286,5.857143,59.1
2025-07-11T00:21:11Z,0,29.871,81.4,41,71.9,2,2,30,52,0.0,255,32767,0.0,2127-15-31,0.0,0.12,27.44,0.0,0.0,0.0,0,0.92578125,6,45,05:56,20:31,2025-07-11 00:21:10.865046,Castel Volturno,44.2,8.264181,5.1670117,6.646834,11.318048,75.8,6.7908287,4.2900276,5.114286,9.761905,76.5,7.2193274,11.078056,7.804255,7.6195936,53.1,6.7714286,5.857143,59.1
2025-07-11T00:21:21Z,0,29.871,81.4,41,71.9,1,2,27,52,0.0,255,32767,0.0,2127-15-31,0.0,0.12,27.44,0.0,0.0,0.0,0,0.92578125,6,45,05:56,20:31,2025-07-11 00:21:21.421049,Castel Volturno,44.2,8.264181,5.1670117,6.646834,11.318048,75.8,6.7908287,4.2900276,5.114286,9.761905,76.5,7.2193274,11.078056,7.804255,7.6195936,53.1,6.7714286,5.857143,59.1
2025-07-11T00:21:32Z,0,29.871,81.4,41,71.9,1,2,30,52,0.0,255,32767,0.0,2127-15-31,0.0,0.12,27.44,0.0,0.0,0.0,0,0.92578125,6,45,05:56,20:31,2025-07-11 00:21:31.975066,Castel Volturno,44.2,8.264181,5.1670117,6.646834,11.318048,75.8,6.7908287,4.2900276,5.114286,9.761905,76.5,7.2193274,11.078056,7.804255,7.6195936,53.1,6.7714286,5.857143,59.1
2025-07-11T00:21:42Z,0,29.871,81.4,41,71.9,2,2,84,52,0.0,255,32767,0.0,2127-15-31,0.0,0.12,27.44,0.0,0.0,0.0,0,0.92578125,6,45,05:56,20:31,2025-07-11 00:21:42.529040,Castel Volturno,44.2,8.264181,5.1670117,6.646834,11.318048,75.8,6.7908287,4.2900276,5.114286,9.761905,76.5,7.2193274,11.078056,7.804255,7.6195936,53.1,6.7714286,5.857143,59.1
2025-07-11T00:21:53Z,0,29.873,81.5,40,71.8,2,1,44,52,0.0,255,32767,0.0,2127-15-31,0.0,0.12,27.44,0.0,0.0,0.0,0,0.87890625,6,45,05:56,20:31,2025-07-11 00:21:53.083042,Castel Volturno,44.2,8.264181,5.1670117,6.646834,11.318048,75.8,6.7908287,4.2900276,5.114286,9.761905,76.5,7.2193274,11.078056,7.804255,7.6195936,53.1,6.7714286,5.857143,59.1
2025-07-11T00:22:03Z,0,29.873,81.5,40,71.8,1,1,58,52,0.0,255,32767,0.0,2127-15-31,0.0,0.12,27.44,0.0,0.0,0.0,0,0.87890625,6,45,05:56,20:31,2025-07-11 00:22:03.637046,Castel Volturno,44.2,8.264181,5.1670117,6.646834,11.318048,75.8,6.7908287,4.2900276,5.114286,9.761905,76.5,7.2193274,11.078056,7.804255,7.6195936,53.1,6.7714286,5.857143,59.1
2025-07-11T00:22:14Z,0,29.873,81.5,40,71.9,2,1,45,52,0.0,255,32767,0.0,2127-15-31,0.0,0.12,27.44,0.0,0.0,0.0,0,0.87890625,6,45,05:56,20:31,2025-07-11 00:22:14.222048,Castel Volturno,44.2,8.264181,5.1670117,6.646834,11.318048,75.8,6.7908287,4.2900276,5.114286,9.761905,76.5,7.2193274,11.078056,7.804255,7.6195936,53.1,6.7714286,5.857143,59.1
2025-07-11T00:22:24Z,0,29.873,81.5,40,71.9,3,1,61,52,0.0,255,32767,0.0,2127-15-31,0.0,0.12,27.44,0.0,0.0,0.0,0,0.87890625,6,45,05:56,20:31,2025-07-11 00:22:24.776042,Castel Volturno,44.2,8.264181,5.1670117,6.646834,11.318048,75.8,6.7908287,4.2900276,5.114286,9.761905,76.5,7.2193274,11.078056,7.804255,7.6195936,53.1,6.7714286,5.857143,59.1
2025-07-11T00:22:35Z,0,29.873,81.5,40,71.9,3,1,34,52,0.0,255,32767,0.0,2127-15-31,0.0,0.12,27.44,0.0,0.0,0.0,0,0.87890625,6,45,05:56,20:31,2025-07-11 00:22:35.330041,Castel Volturno,44.2,8.264181,5.1670117,6.646834,11.318048,75.8,6.7908287,4.2900276,5.114286,9.761905,76.5,7.2193274,11.078056,7.804255,7.6195936,53.1,6.7714286,5.857143,59.1
2025-07-11T00:22:46Z,0,29.873,81.5,40,71.9,1,1,34,52,0.0,255,32767,0.0,2127-15-31,0.0,0.12,27.44,0.0,0.0,0.0,0,0.87890625,6,45,05:56,20:31,2025-07-11 00:22:45.884045,Castel Volturno,44.2,8.264181,5.1670117,6.646834,11.318048,75.8,6.7908287,4.2900276,5.114286,9.761905,76.5,7.2193274,11.078056,7.804255,7.6195936,53.1,6.7714286,5.857143,59.1
2025-07-11T00:22:56Z,0,29.874,81.4,40,71.8,1,1,79,52,0.0,255,32767,0.0,2127-15-31,0.0,0.12,27.44,0.0,0.0,0.0,0,1.08984375,6,45,05:56,20:31,2025-07-11 00:22:56.438045,Castel Volturno,44.2,8.264181,5.1670117,6.646834,11.318048,75.8,6.7908287,4.2900276,5.114286,9.761905,76.5,7.2193274,11.078056,7.804255,7.6195936,53.1,6.7714286,5.857143,59.1
2025-07-11T00:23:07Z,0,29.874,81.4,40,71.8,0,1,49,52,0.0,255,32767,0.0,2127-15-31,0.0,0.12,27.44,0.0,0.0,0.0,0,1.08984375,6,45,05:56,20:31,2025-07-11 00:23:06.992043,Castel Volturno,44.2,8.264181,5.1670117,6.646834,11.318048,75.8,6.7908287,4.2900276,5.114286,9.761905,76.5,7.2193274,11.078056,7.804255,7.6195936,53.1,6.7714286,5.857143,59.1
2025-07-11T00:23:17Z,0,29.874,81.4,40,71.8,1,1,81,52,0.0,255,32767,0.0,2127-15-31,0.0,0.12,27.44,0.0,0.0,0.0,0,1.08984375,6,45,05:56,20:31,2025-07-11 00:23:17.546006,Castel Volturno,44.2,8.264181,5.1670117,6.646834,11.318048,75.8,6.7908287,4.2900276,5.114286,9.761905,76.5,7.2193274,11.078056,7.804255,7.6195936,53.1,6.7714286,5.857143,59.1
2025-07-11T00:23:28Z,0,29.874,81.4,40,71.8,1,1,26,52,0.0,255,32767,0.0,2127-15-31,0.0,0.12,27.44,0.0,0.0,0.0,0,1.08984375,6,45,05:56,20:31,2025-07-11 00:23:28.089045,Castel Volturno,44.2,8.264181,5.1670117,6.646834,11.318048,75.8,6.7908287,4.2900276,5.114286,9.761905,76.5,7.2193274,11.078056,7.804255,7.6195936,53.1,6.7714286,5.857143,59.1
2025-07-11T00:23:38Z,0,29.874,81.4,40,71.8,2,1,17,52,0.0,255,32767,0.0,2127-15-31,0.0,0.12,27.44,0.0,0.0,0.0,0,1.08984375,6,45,05:56,20:31,2025-07-11 00:23:38.642051,Castel Volturno,44.2,8.264181,5.1670117,6.646834,11.318048,75.8,6.7908287,4.2900276,5.114286,9.761905,76.5,7.2193274,11.078056,7.804255,7.6195936,53.1,6.7714286,5.857143,59.1
2025-07-11T00:23:49Z,0,29.874,81.4,40,71.8,2,1,17,52,0.0,255,32767,0.0,2127-15-31,0.0,0.12,27.44,0.0,0.0,0.0,0,1.08984375,6,45,05:56,20:31,2025-07-11 00:23:49.196046,Castel Volturno,44.2,8.264181,5.1670117,6.646834,11.318048,75.8,6.7908287,4.2900276,5.114286,9.761905,76.5,7.2193274,11.078056,7.804255,7.6195936,53.1,6.7714286,5.857143,59.1
2025-07-11T00:23:59Z,0,29.87,81.4,40,71.8,2,1,5,52,0.0,255,32767,0.0,2127-15-31,0.0,0.12,27.44,0.0,0.0,0.0,0,1.669921875,6,45,05:56,20:31,2025-07-11 00:23:59.750050,Castel Volturno,44.2,8.264181,5.1670117,6.646834,11.318048,75.8,6.7908287,4.2900276,5.114286,9.761905,76.5,7.2193274,11.078056,7.804255,7.6195936,53.1,6.7714286,5.857143,59.1
2025-07-11T00:24:10Z,0,29.87,81.4,40,71.8,2,1,64,52,0.0,255,32767,0.0,2127-15-31,0.0,0.12,27.44,0.0,0.0,0.0,0,1.669921875,6,45,05:56,20:31,2025-07-11 00:24:10.304044,Castel Volturno,44.2,8.264181,5.1670117,6.646834,11.318048,75.8,6.7908287,4.2900276,5.114286,9.761905,76.5,7.2193274,11.078056,7.804255,7.6195936,53.1,6.7714286,5.857143,59.1
2025-07-11T00:24:21Z,0,29.87,81.4,40,71.8,1,1,92,52,0.0,255,32767,0.0,2127-15-31,0.0,0.12,27.44,0.0,0.0,0.0,0,1.669921875,6,45,05:56,20:31,2025-07-11 00:24:21.393055,Castel Volturno,44.2,8.264181,5.1670117,6.646834,11.318048,75.8,6.7908287,4.2900276,5.114286,9.761905,76.5,7.2193274,11.078056,7.804255,7.6195936,53.1,6.7714286,5.857143,59.1
2025-07-11T00:24:32Z,0,29.87,81.4,40,71.8,0,1,92,52,0.0,255,32767,0.0,2127-15-31,0.0,0.12,27.44,0.0,0.0,0.0,0,1.669921875,6,45,05:56,20:31,2025-07-11 00:24:31.949057,Castel Volturno,44.2,8.264181,5.1670117,6.646834,11.318048,75.8,6.7908287,4.2900276,5.114286,9.761905,76.5,7.2193274,11.078056,7.804255,7.6195936,53.1,6.7714286,5.857143,59.1
2025-07-11T00:24:42Z,0,29.87,81.4,40,71.7,0,1,90,52,0.0,255,32767,0.0,2127-15-31,0.0,0.12,27.44,0.0,0.0,0.0,0,1.669921875,6,45,05:56,20:31,2025-07-11 00:24:42.503047,Castel Volturno,44.2,8.264181,5.1670117,6.646834,11.318048,75.8,6.7908287,4.2900276,5.114286,9.761905,76.5,7.2193274,11.078056,7.804255,7.6195936,53.1,6.7714286,5.857143,59.1
2025-07-11T00:24:53Z,0,29.872,81.4,41,71.7,0,1,35,52,0.0,255,32767,0.0,2127-15-31,0.0,0.12,27.44,0.0,0.0,0.0,0,0.85546875,6,45,05:56,20:31,2025-07-11 00:24:53.057044,Castel Volturno,44.2,8.264181,5.1670117,6.646834,11.318048,75.8,6.7908287,4.2900276,5.114286,9.761905,76.5,7.2193274,11.078056,7.804255,7.6195936,53.1,6.7714286,5.857143,59.1
2025-07-11T00:25:03Z,0,29.872,81.4,41,71.8,0,1,35,52,0.0,255,32767,0.0,2127-15-31,0.0,0.12,27.44,0.0,0.0,0.0,0,0.85546875,6,45,05:56,20:31,2025-07-11 00:25:03.611044,Castel Volturno,44.2,8.264181,5.1670117,6.646834,11.318048,75.8,6.7908287,4.2900276,5.114286,9.761905,76.5,7.2193274,11.078056,7.804255,7.6195936,53.1,6.7714286,5.857143,59.1
2025-07-11T00:25:14Z,0,29.872,81.4,41,71.7,0,1,35,52,0.0,255,32767,0.0,2127-15-31,0.0,0.12,27.44,0.0,0.0,0.0,0,0.85546875,6,45,05:56,20:31,2025-07-11 00:25:14.165052,Castel Volturno,44.2,8.264181,5.1670117,6.646834,11.318048,75.8,6.7908287,4.2900276,5.114286,9.761905,76.5,7.2193274,11.078056,7.804255,7.6195936,53.1,6.7714286,5.857143,59.1
2025-07-11T00:25:24Z,0,29.872,81.4,41,71.7,0,1,35,52,0.0,255,32767,0.0,2127-15-31,0.0,0.12,27.44,0.0,0.0,0.0,0,0.85546875,6,45,05:56,20:31,2025-07-11 00:25:24.719051,Castel Volturno,44.2,8.264181,5.1670117,6.646834,11.318048,75.8,6.7908287,4.2900276,5.114286,9.761905,76.5,7.2193274,11.078056,7.804255,7.6195936,53.1,6.7714286,5.857143,59.1
2025-07-11T00:25:35Z,0,29.872,81.4,41,71.7,0,1,35,53,0.0,255,32767,0.0,2127-15-31,0.0,0.12,27.44,0.0,0.0,0.0,0,0.85546875,6,45,05:56,20:31,2025-07-11 00:25:35.519049,Castel Volturno,44.2,8.264181,5.1670117,6.646834,11.318048,75.8,6.7908287,4.2900276,5.114286,9.761905,76.5,7.2193274,11.078056,7.804255,7.6195936,53.1,6.7714286,5.857143,59.1
2025-07-11T00:25:46Z,0,29.872,81.4,41,71.7,0,1,29,53,0.0,255,32767,0.0,2127-15-31,0.0,0.12,27.44,0.0,0.0,0.0,0,0.85546875,6,45,05:56,20:31,2025-07-11 00:25:46.073038,Castel Volturno,44.2,8.264181,5.1670117,6.646834,11.318048,75.8,6.7908287,4.2900276,5.114286,9.761905,76.5,7.2193274,11.078056,7.804255,7.6195936,53.1,6.7714286,5.857143,59.1
2025-07-11T00:25:56Z,0,29.87,81.4,42,71.7,1,1,17,53,0.0,255,32767,0.0,2127-15-31,0.0,0.12,27.44,0.0,0.0,0.0,0,0.85546875,6,45,05:56,20:31,2025-07-11 00:25:56.626043,Castel Volturno,44.2,8.264181,5.1670117,6.646834,11.318048,75.8,6.7908287,4.2900276,5.114286,9.761905,76.5,7.2193274,11.078056,7.804255,7.6195936,53.1,6.7714286,5.857143,59.1
2025-07-11T00:26:07Z,0,29.87,81.4,42,71.7,1,1,38,53,0.0,255,32767,0.0,2127-15-31,0.0,0.12,27.44,0.0,0.0,0.0,0,0.85546875,6,45,05:56,20:31,2025-07-11 00:26:07.180056,Castel Volturno,44.2,8.264181,5.1670117,6.646834,11.318048,75.8,6.7908287,4.2900276,5.114286,9.761905,76.5,7.2193274,11.078056,7.804255,7.6195936,53.1,6.7714286,5.857143,59.1
2025-07-11T00:26:17Z,0,29.87,81.4,42,71.7,1,1,40,53,0.0,255,32767,0.0,2127-15-31,0.0,0.12,27.44,0.0,0.0,0.0,0,0.85546875,6,45,05:56,20:31,2025-07-11 00:26:17.734016,Castel Volturno,44.2,8.264181,5.1670117,6.646834,11.318048,75.8,6.7908287,4.2900276,5.114286,9.761905,76.5,7.2193274,11.078056,7.804255,7.6195936,53.1,6.7714286,5.857143,59.1
2025-07-11T00:26:28Z,0,29.87,81.4,42,71.7,1,1,63,53,0.0,255,32767,0.0,2127-15-31,0.0,0.12,27.44,0.0,0.0,0.0,0,0.85546875,6,45,05:56,20:31,2025-07-11 00:26:28.288047,Castel Volturno,44.2,8.264181,5.1670117,6.646834,11.318048,75.8,6.7908287,4.2900276,5.114286,9.761905,76.5,7.2193274,11.078056,7.804255,7.6195936,53.1,6.7714286,5.857143,59.1
2025-07-11T00:26:39Z,0,29.87,81.4,42,71.7,0,1,65,53,0.0,255,32767,0.0,2127-15-31,0.0,0.12,27.44,0.0,0.0,0.0,0,0.85546875,6,45,05:56,20:31,2025-07-11 00:26:38.842009,Castel Volturno,44.2,8.264181,5.1670117,6.646834,11.318048,75.8,6.7908287,4.2900276,5.114286,9.761905,76.5,7.2193274,11.078056,7.804255,7.6195936,53.1,6.7714286,5.857143,59.1
2025-07-11T00:26:49Z,0,29.87,81.4,42,71.7,1,1,71,53,0.0,255,32767,0.0,2127-15-31,0.0,0.12,27.44,0.0,0.0,0.0,0,0.85546875,6,45,05:56,20:31,2025-07-11 00:26:49.397051,Castel Volturno,44.2,8.264181,5.1670117,6.646834,11.318048,75.8,6.7908287,4.2900276,5.114286,9.761905,76.5,7.2193274,11.078056,7.804255,7.6195936,53.1,6.7714286,5.857143,59.1
2025-07-11T00:27:00Z,0,29.871,81.4,42,71.7,1,1,71,53,0.0,255,32767,0.0,2127-15-31,0.0,0.12,27.44,0.0,0.0,0.0,0,0.873046875,6,45,05:56,20:31,2025-07-11 00:26:59.951051,Castel Volturno,44.2,8.264181,5.1670117,6.646834,11.318048,75.8,6.7908287,4.2900276,5.114286,9.761905,76.5,7.2193274,11.078056,7.804255,7.6195936,53.1,6.7714286,5.857143,59.1
2025-07-11T00:27:10Z,0,29.871,81.4,42,71.7,0,1,37,53,0.0,255,32767,0.0,2127-15-31,0.0,0.12,27.44,0.0,0.0,0.0,0,0.873046875,6,45,05:56,20:31,2025-07-11 00:27:10.505053,Castel Volturno,44.2,8.264181,5.1670117,6.646834,11.318048,75.8,6.7908287,4.2900276,5.114286,9.761905,76.5,7.2193274,11.078056,7.804255,7.6195936,53.1,6.7714286,5.857143,59.1
2025-07-11T00:27:21Z,0,29.871,81.4,42,71.7,1,1,22,53,0.0,255,32767,0.0,2127-15-31,0.0,0.12,27.44,0.0,0.0,0.0,0,0.873046875,6,45,05:56,20:31,2025-07-11 00:27:21.059071,Castel Volturno,44.2,8.264181,5.1670117,6.646834,11.318048,75.8,6.7908287,4.2900276,5.114286,9.761905,76.5,7.2193274,11.078056,7.804255,7.6195936,53.1,6.7714286,5.857143,59.1
2025-07-11T00:27:31Z,0,29.871,81.4,42,71.7,1,1,51,53,0.0,255,32767,0.0,2127-15-31,0.0,0.12,27.44,0.0,0.0,0.0,0,0.873046875,6,45,05:56,20:31,2025-07-11 00:27:31.644046,Castel Volturno,44.2,8.264181,5.1670117,6.646834,11.318048,75.8,6.7908287,4.2900276,5.114286,9.761905,76.5,7.2193274,11.078056,7.804255,7.6195936,53.1,6.7714286,5.857143,59.1
2025-07-11T00:27:42Z,0,29.871,81.4,42,71.6,2,1,30,53,0.0,255,32767,0.0,2127-15-31,0.0,0.12,27.44,0.0,0.0,0.0,0,0.873046875,6,45,05:56,20:31,2025-07-11 00:27:42.199047,Castel Volturno,44.2,8.264181,5.1670117,6.646834,11.318048,75.8,6.7908287,4.2900276,5.114286,9.761905,76.5,7.2193274,11.078056,7.804255,7.6195936,53.1,6.7714286,5.857143,59.1
2025-07-11T00:27:52Z,0,29.872,81.4,41,71.7,1,1,30,53,0.0,255,32767,0.0,2127-15-31,0.0,0.12,27.44,0.0,0.0,0.0,0,0.896484375,6,45,05:56,20:31,2025-07-11 00:27:52.753046,Castel Volturno,44.2,8.264181,5.1670117,6.646834,11.318048,75.8,6.7908287,4.2900276,5.114286,9.761905,76.5,7.2193274,11.078056,7.804255,7.6195936,53.1,6.7714286,5.857143,59.1
2025-07-11T00:28:03Z,0,29.872,81.4,41,71.6,1,1,30,53,0.0,255,32767,0.0,2127-15-31,0.0,0.12,27.44,0.0,0.0,0.0,0,0.896484375,6,45,05:56,20:31,2025-07-11 00:28:03.308063,Castel Volturno,44.2,8.264181,5.1670117,6.646834,11.318048,75.8,6.7908287,4.2900276,5.114286,9.761905,76.5,7.2193274,11.078056,7.804255,7.6195936,53.1,6.7714286,5.857143,59.1
2025-07-11T00:28:14Z,0,29.872,81.4,41,71.7,1,1,30,53,0.0,255,32767,0.0,2127-15-31,0.0,0.12,27.44,0.0,0.0,0.0,0,0.896484375,6,45,05:56,20:31,2025-07-11 00:28:13.862053,Castel Volturno,44.2,8.264181,5.1670117,6.646834,11.318048,75.8,6.7908287,4.2900276,5.114286,9.761905,76.5,7.2193274,11.078056,7.804255,7.6195936,53.1,6.7714286,5.857143,59.1
2025-07-11T00:28:24Z,0,29.872,81.4,41,71.7,1,1,30,53,0.0,255,32767,0.0,2127-15-31,0.0,0.12,27.44,0.0,0.0,0.0,0,0.896484375,6,45,05:56,20:31,2025-07-11 00:28:24.416028,Castel Volturno,44.2,8.264181,5.1670117,6.646834,11.318048,75.8,6.7908287,4.2900276,5.114286,9.761905,76.5,7.2193274,11.078056,7.804255,7.6195936,53.1,6.7714286,5.857143,59.1
2025-07-11T00:28:35Z,0,29.872,81.4,41,71.6,0,1,30,53,0.0,255,32767,0.0,2127-15-31,0.0,0.12,27.44,0.0,0.0,0.0,0,0.896484375,6,45,05:56,20:31,2025-07-11 00:28:34.971057,Castel Volturno,44.2,8.264181,5.1670117,6.646834,11.318048,75.8,6.7908287,4.2900276,5.114286,9.761905,76.5,7.2193274,11.078056,7.804255,7.6195936,53.1,6.7714286,5.857143,59.1
2025-07-11T00:28:45Z,0,29.872,81.4,41,71.6,0,1,30,53,0.0,255,32767,0.0,2127-15-31,0.0,0.12,27.44,0.0,0.0,0.0,0,0.896484375,6,45,05:56,20:31,2025-07-11 00:28:45.525046,Castel Volturno,44.2,8.264181,5.1670117,6.646834,11.318048,75.8,6.7908287,4.2900276,5.114286,9.761905,76.5,7.2193274,11.078056,7.804255,7.6195936,53.1,6.7714286,5.857143,59.1
2025-07-11T00:28:56Z,0,29.871,81.4,42,71.6,2,1,30,53,0.0,255,32767,0.0,2127-15-31,0.0,0.12,27.44,0.0,0.0,0.0,0,0.873046875,6,45,05:56,20:31,2025-07-11 00:28:56.079063,Castel Volturno,44.2,8.264181,5.1670117,6.646834,11.318048,75.8,6.7908287,4.2900276,5.114286,9.761905,76.5,7.2193274,11.078056,7.804255,7.6195936,53.1,6.7714286,5.857143,59.1
2025-07-11T00:29:06Z,0,29.871,81.4,42,71.7,0,1,30,53,0.0,255,32767,0.0,2127-15-31,0.0,0.12,27.44,0.0,0.0,0.0,0,0.873046875,6,45,05:56,20:31,2025-07-11 00:29:06.633047,Castel Volturno,44.2,8.264181,5.1670117,6.646834,11.318048,75.8,6.7908287,4.2900276,5.114286,9.761905,76.5,7.2193274,11.078056,7.804255,7.6195936,53.1,6.7714286,5.857143,59.1
2025-07-11T00:29:17Z,0,29.871,81.4,42,71.6,0,1,30,53,0.0,255,32767,0.0,2127-15-31,0.0,0.12,27.44,0.0,0.0,0.0,0,0.873046875,6,45,05:56,20:31,2025-07-11 00:29:17.187043,Castel Volturno,44.2,8.264181,5.1670117,6.646834,11.318048,75.8,6.7908287,4.2900276,5.114286,9.761905,76.5,7.2193274,11.078056,7.804255,7.6195936,53.1,6.7714286,5.857143,59.1
2025-07-11T00:29:28Z,0,29.871,81.4,42,71.6,0,1,30,53,0.0,255,32767,0.0,2127-15-31,0.0,0.12,27.44,0.0,0.0,0.0,0,0.873046875,6,45,05:56,20:31,2025-07-11 00:29:28.256063,Castel Volturno,44.2,8.264181,5.1670117,6.646834,11.318048,75.8,6.7908287,4.2900276,5.114286,9.761905,76.5,7.2193274,11.078056,7.804255,7.6195936,53.1,6.7714286,5.857143,59.1
2025-07-11T00:29:39Z,0,29.871,81.4,42,71.6,0,1,30,53,0.0,255,32767,0.0,2127-15-31,0.0,0.12,27.44,0.0,0.0,0.0,0,0.873046875,6,45,05:56,20:31,2025-07-11 00:29:38.810041,Castel Volturno,44.2,8.264181,5.1670117,6.646834,11.318048,75.8,6.7908287,4.2900276,5.114286,9.761905,76.5,7.2193274,11.078056,7.804255,7.6195936,53.1,6.7714286,5.857143,59.1
2025-07-11T00:29:49Z,0,29.871,81.4,42,71.6,0,1,29,53,0.0,255,32767,0.0,2127-15-31,0.0,0.12,27.44,0.0,0.0,0.0,0,0.873046875,6,45,05:56,20:31,2025-07-11 00:29:49.364042,Castel Volturno,44.2,8.264181,5.1670117,6.646834,11.318048,75.8,6.7908287,4.2900276,5.114286,9.761905,76.5,7.2193274,11.078056,7.804255,7.6195936,53.1,6.7714286,5.857143,59.1
2025-07-11T00:30:00Z,0,29.869,81.4,41,71.5,1,1,51,53,0.0,255,32767,0.0,2127-15-31,0.0,0.12,27.44,0.0,0.0,0.0,0,1.001953125,6,45,05:56,20:31,2025-07-11 00:29:59.896009,Castel Volturno,44.2,8.264181,5.1670117,6.646834,11.318048,75.8,6.7908287,4.2900276,5.114286,9.761905,76.5,7.2193274,11.078056,7.804255,7.6195936,53.1,6.7714286,5.857143,59.1
2025-07-11T00:30:10Z,0,29.869,81.4,41,71.6,1,1,31,53,0.0,255,32767,0.0,2127-15-31,0.0,0.12,27.44,0.0,0.0,0.0,0,1.001953125,6,45,05:56,20:31,2025-07-11 00:30:10.472053,Castel Volturno,44.2,8.264181,5.1670117,6.646834,11.318048,75.8,6.7908287,4.2900276,5.114286,9.761905,76.5,7.2193274,11.078056,7.804255,7.6195936,53.1,6.7714286,5.857143,59.1
2025-07-11T00:30:21Z,0,29.869,81.4,41,71.6,1,1,89,53,0.0,255,32767,0.0,2127-15-31,0.0,0.12,27.44,0.0,0.0,0.0,0,1.001953125,6,45,05:56,20:31,2025-07-11 00:30:21.024048,Castel Volturno,44.2,8.264181,5.1670117,6.646834,11.318048,75.8,6.7908287,4.2900276,5.114286,9.761905,76.5,7.2193274,11.078056,7.804255,7.6195936,53.1,6.7714286,5.857143,59.1
2025-07-11T00:30:31Z,0,29.869,81.4,41,71.6,1,1,80,53,0.0,255,32767,0.0,2127-15-31,0.0,0.12,27.44,0.0,0.0,0.0,0,1.001953125,6,45,05:56,20:31,2025-07-11 00:30:31.578042,Castel Volturno,44.2,8.264181,5.1670117,6.646834,11.318048,75.8,6.7908287,4.2900276,5.114286,9.761905,76.5,7.2193274,11.078056,7.804255,7.6195936,53.1,6.7714286,5.857143,59.1
2025-07-11T00:30:42Z,0,29.869,81.4,41,71.6,1,1,85,53,0.0,255,32767,0.0,2127-15-31,0.0,0.12,27.44,0.0,0.0,0.0,0,1.001953125,6,45,05:56,20:31,2025-07-11 00:30:42.126040,Castel Volturno,44.2,8.264181,5.1670117,6.646834,11.318048,75.8,6.7908287,4.2900276,5.114286,9.761905,76.5,7.2193274,11.078056,7.804255,7.6195936,53.1,6.7714286,5.857143,59.1
2025-07-11T00:30:52Z,0,29.869,81.3,41,71.6,0,1,85,53,0.0,255,32767,0.0,2127-15-31,0.0,0.12,27.44,0.0,0.0,0.0,0,1.623046875,6,45,05:56,20:31,2025-07-11 00:30:52.681050,Castel Volturno,44.2,8.264181,5.1670117,6.646834,11.318048,75.8,6.7908287,4.2900276,5.114286,9.761905,76.5,7.2193274,11.078056,7.804255,7.6195936,53.1,6.7714286,5.857143,59.1
2025-07-11T00:31:03Z,0,29.869,81.3,41,71.6,1,1,19,53,0.0,255,32767,0.0,2127-15-31,0.0,0.12,27.44,0.0,0.0,0.0,0,1.623046875,6,45,05:56,20:31,2025-07-11 00:31:03.235053,Castel Volturno,44.2,8.264181,5.1670117,6.646834,11.318048,75.8,6.7908287,4.2900276,5.114286,9.761905,76.5,7.2193274,11.078056,7.804255,7.6195936,53.1,6.7714286,5.857143,59.1
2025-07-11T00:31:13Z,0,29.869,81.3,41,71.5,2,1,48,53,0.0,255,32767,0.0,2127-15-31,0.0,0.12,27.44,0.0,0.0,0.0,0,1.623046875,6,45,05:56,20:31,2025-07-11 00:31:13.789041,Castel Volturno,44.2,8.264181,5.1670117,6.646834,11.318048,75.8,6.7908287,4.2900276,5.114286,9.761905,76.5,7.2193274,11.078056,7.804255,7.6195936,53.1,6.7714286,5.857143,59.1
2025-07-11T00:31:24Z,0,29.869,81.3,41,71.5,3,1,36,53,0.0,255,32767,0.0,2127-15-31,0.0,0.12,27.44,0.0,0.0,0.0,0,1.623046875,6,45,05:56,20:31,2025-07-11 00:31:24.343006,Castel Volturno,44.2,8.264181,5.1670117,6.646834,11.318048,75.8,6.7908287,4.2900276,5.114286,9.761905,76.5,7.2193274,11.078056,7.804255,7.6195936,53.1,6.7714286,5.857143,59.1
2025-07-11T00:31:35Z,0,29.869,81.3,41,71.6,3,1,26,53,0.0,255,32767,0.0,2127-15-31,0.0,0.12,27.44,0.0,0.0,0.0,0,1.623046875,6,45,05:56,20:31,2025-07-11 00:31:34.897057,Castel Volturno,44.2,8.264181,5.1670117,6.646834,11.318048,75.8,6.7908287,4.2900276,5.114286,9.761905,76.5,7.2193274,11.078056,7.804255,7.6195936,53.1,6.7714286,5.857143,59.1
2025-07-11T00:31:45Z,0,29.869,81.3,41,71.5,1,1,59,53,0.0,255,32767,0.0,2127-15-31,0.0,0.12,27.44,0.0,0.0,0.0,0,1.623046875,6,45,05:56,20:31,2025-07-11 00:31:45.451044,Castel Volturno,44.2,8.264181,5.1670117,6.646834,11.318048,75.8,6.7908287,4.2900276,5.114286,9.761905,76.5,7.2193274,11.078056,7.804255,7.6195936,53.1,6.7714286,5.857143,59.1
2025-07-11T00:31:56Z,0,29.869,81.3,41,71.5,4,1,77,53,0.0,255,32767,0.0,2127-15-31,0.0,0.12,27.44,0.0,0.0,0.0,0,0.85546875,6,45,05:56,20:31,2025-07-11 00:31:56.284039,Castel Volturno,44.2,8.264181,5.1670117,6.646834,11.318048,75.8,6.7908287,4.2900276,5.114286,9.761905,76.5,7.2193274,11.078056,7.804255,7.6195936,53.1,6.7714286,5.857143,59.1
2025-07-11T00:32:07Z,0,29.869,81.3,41,71.5,1,1,78,53,0.0,255,32767,0.0,2127-15-31,0.0,0.12,27.44,0.0,0.0,0.0,0,0.85546875,6,45,05:56,20:31,2025-07-11 00:32:06.831041,Castel Volturno,44.2,8.264181,5.1670117,6.646834,11.318048,75.8,6.7908287,4.2900276,5.114286,9.761905,76.5,7.2193274,11.078056,7.804255,7.6195936,53.1,6.7714286,5.857143,59.1
2025-07-11T00:32:17Z,0,29.869,81.3,41,71.6,1,1,78,53,0.0,255,32767,0.0,2127-15-31,0.0,0.12,27.44,0.0,0.0,0.0,0,0.85546875,6,45,05:56,20:31,2025-07-11 00:32:17.385040,Castel Volturno,44.2,8.264181,5.1670117,6.646834,11.318048,75.8,6.7908287,4.2900276,5.114286,9.761905,76.5,7.2193274,11.078056,7.804255,7.6195936,53.1,6.7714286,5.857143,59.1
2025-07-11T00:32:28Z,0,29.869,81.3,41,71.5,1,1,76,53,0.0,255,32767,0.0,2127-15-31,0.0,0.12,27.44,0.0,0.0,0.0,0,0.85546875,6,45,05:56,20:31,2025-07-11 00:32:27.939050,Castel Volturno,44.2,8.264181,5.1670117,6.646834,11.318048,75.8,6.7908287,4.2900276,5.114286,9.761905,76.5,7.2193274,11.078056,7.804255,7.6195936,53.1,6.7714286,5.857143,59.1
2025-07-11T00:32:38Z,0,29.869,81.3,41,71.5,2,1,26,53,0.0,255,32767,0.0,2127-15-31,0.0,0.12,27.44,0.0,0.0,0.0,0,0.85546875,6,45,05:56,20:31,2025-07-11 00:32:38.493037,Castel Volturno,44.2,8.264181,5.1670117,6.646834,11.318048,75.8,6.7908287,4.2900276,5.114286,9.761905,76.5,7.2193274,11.078056,7.804255,7.6195936,53.1,6.7714286,5.857143,59.1
2025-07-11T00:32:49Z,0,29.869,81.3,41,71.5,1,1,44,53,0.0,255,32767,0.0,2127-15-31,0.0,0.12,27.44,0.0,0.0,0.0,0,0.85546875,6,45,05:56,20:31,2025-07-11 00:32:49.047047,Castel Volturno,44.2,8.264181,5.1670117,6.646834,11.318048,75.8,6.7908287,4.2900276,5.114286,9.761905,76.5,7.2193274,11.078056,7.804255,7.6195936,53.1,6.7714286,5.857143,59.1
2025-07-11T00:32:59Z,0,29.87,81.3,41,71.5,1,1,28,53,0.0,255,32767,0.0,2127-15-31,0.0,0.12,27.44,0.0,0.0,0.0,0,0.861328125,6,45,05:56,20:31,2025-07-11 00:32:59.601043,Castel Volturno,44.2,8.264181,5.1670117,6.646834,11.318048,75.8,6.7908287,4.2900276,5.114286,9.761905,76.5,7.2193274,11.078056,7.804255,7.6195936,53.1,6.7714286,5.857143,59.1
2025-07-11T00:33:10Z,0,29.87,81.3,41,71.5,2,1,78,53,0.0,255,32767,0.0,2127-15-31,0.0,0.12,27.44,0.0,0.0,0.0,0,0.861328125,6,45,05:56,20:31,2025-07-11 00:33:10.156035,Castel Volturno,44.2,8.264181,5.1670117,6.646834,11.318048,75.8,6.7908287,4.2900276,5.114286,9.761905,76.5,7.2193274,11.078056,7.804255,7.6195936,53.1,6.7714286,5.857143,59.1
2025-07-11T00:33:20Z,0,29.87,81.3,41,71.5,1,1,42,53,0.0,255,32767,0.0,2127-15-31,0.0,0.12,27.44,0.0,0.0,0.0,0,0.861328125,6,45,05:56,20:31,2025-07-11 00:33:20.710048,Castel Volturno,44.2,8.264181,5.1670117,6.646834,11.318048,75.8,6.7908287,4.2900276,5.114286,9.761905,76.5,7.2193274,11.078056,7.804255,7.6195936,53.1,6.7714286,5.857143,59.1
2025-07-11T00:33:31Z,0,29.87,81.3,41,71.5,1,1,69,53,0.0,255,32767,0.0,2127-15-31,0.0,0.12,27.44,0.0,0.0,0.0,0,0.861328125,6,45,05:56,20:31,2025-07-11 00:33:31.264055,Castel Volturno,44.2,8.264181,5.1670117,6.646834,11.318048,75.8,6.7908287,4.2900276,5.114286,9.761905,76.5,7.2193274,11.078056,7.804255,7.6195936,53.1,6.7714286,5.857143,59.1
2025-07-11T00:33:42Z,0,29.87,81.3,41,71.5,2,1,40,53,0.0,255,32767,0.0,2127-15-31,0.0,0.12,27.44,0.0,0.0,0.0,0,0.861328125,6,45,05:56,20:31,2025-07-11 00:33:41.818043,Castel Volturno,44.2,8.264181,5.1670117,6.646834,11.318048,75.8,6.7908287,4.2900276,5.114286,9.761905,76.5,7.2193274,11.078056,7.804255,7.6195936,53.1,6.7714286,5.857143,59.1
2025-07-11T00:33:52Z,0,29.871,81.3,40,71.5,1,1,56,53,0.0,255,32767,0.0,2127-15-31,0.0,0.12,27.44,0.0,0.0,0.0,0,0.85546875,6,45,05:56,20:31,2025-07-11 00:33:52.372043,Castel Volturno,44.2,8.264181,5.1670117,6.646834,11.318048,75.8,6.7908287,4.2900276,5.114286,9.761905,76.5,7.2193274,11.078056,7.804255,7.6195936,53.1,6.7714286,5.857143,59.1
2025-07-11T00:34:03Z,0,29.871,81.3,40,71.4,1,1,67,53,0.0,255,32767,0.0,2127-15-31,0.0,0.12,27.44,0.0,0.0,0.0,0,0.85546875,6,45,05:56,20:31,2025-07-11 00:34:02.926052,Castel Volturno,44.2,8.264181,5.1670117,6.646834,11.318048,75.8,6.7908287,4.2900276,5.114286,9.761905,76.5,7.2193274,11.078056,7.804255,7.6195936,53.1,6.7714286,5.857143,59.1
2025-07-11T00:34:13Z,0,29.871,81.3,40,71.5,1,1,49,53,0.0,255,32767,0.0,2127-15-31,0.0,0.12,27.44,0.0,0.0,0.0,0,0.85546875,6,45,05:56,20:31,2025-07-11 00:34:13.480042,Castel Volturno,44.2,8.264181,5.1670117,6.646834,11.318048,75.8,6.7908287,4.2900276,5.114286,9.761905,76.5,7.2193274,11.078056,7.804255,7.6195936,53.1,6.7714286,5.857143,59.1
2025-07-11T00:34:24Z,0,29.871,81.3,40,71.5,2,1,72,52,0.0,255,32767,0.0,2127-15-31,0.0,0.12,27.44,0.0,0.0,0.0,0,0.85546875,6,45,05:56,20:31,2025-07-11 00:34:24.032047,Castel Volturno,44.8,8.089859,5.209462,6.074295,10.939259,75.7,6.5635552,4.3346777,5.742857,10.571428,76.3,7.085876,10.123825,7.492477,6.82107,53.2,7.3428574,6.3428574,59.1
2025-07-11T00:34:35Z,0,29.871,81.3,40,71.4,2,1,62,52,0.0,255,32767,0.0,2127-15-31,0.0,0.12,27.44,0.0,0.0,0.0,0,0.85546875,6,45,05:56,20:31,2025-07-11 00:34:35.137046,Castel Volturno,44.8,8.089859,5.209462,6.074295,10.939259,75.7,6.5635552,4.3346777,5.742857,10.571428,76.3,7.085876,10.123825,7.492477,6.82107,53.2,7.3428574,6.3428574,59.1
2025-07-11T00:34:45Z,0,29.871,81.3,40,71.5,1,1,49,52,0.0,255,32767,0.0,2127-15-31,0.0,0.12,27.44,0.0,0.0,0.0,0,0.85546875,6,45,05:56,20:31,2025-07-11 00:34:45.691049,Castel Volturno,44.8,8.089859,5.209462,6.074295,10.939259,75.7,6.5635552,4.3346777,5.742857,10.571428,76.3,7.085876,10.123825,7.492477,6.82107,53.2,7.3428574,6.3428574,59.1
2025-07-11T00:34:56Z,0,29.871,81.3,40,71.5,0,1,49,52,0.0,255,32767,0.0,2127-15-31,0.0,0.12,27.44,0.0,0.0,0.0,0,0.861328125,6,45,05:56,20:31,2025-07-11 00:34:56.236046,Castel Volturno,44.8,8.089859,5.209462,6.074295,10.939259,75.7,6.5635552,4.3346777,5.742857,10.571428,76.3,7.085876,10.123825,7.492477,6.82107,53.2,7.3428574,6.3428574,59.1
2025-07-11T00:35:06Z,0,29.871,81.3,40,71.5,2,1,19,52,0.0,255,32767,0.0,2127-15-31,0.0,0.12,27.44,0.0,0.0,0.0,0,0.861328125,6,45,05:56,20:31,2025-07-11 00:35:06.790040,Castel Volturno,44.8,8.089859,5.209462,6.074295,10.939259,75.7,6.5635552,4.3346777,5.742857,10.571428,76.3,7.085876,10.123825,7.492477,6.82107,53.2,7.3428574,6.3428574,59.1
2025-07-11T00:35:17Z,0,29.871,81.3,40,71.5,2,1,63,52,0.0,255,32767,0.0,2127-15-31,0.0,0.12,27.44,0.0,0.0,0.0,0,0.861328125,6,45,05:56,20:31,2025-07-11 00:35:17.344051,Castel Volturno,44.8,8.089859,5.209462,6.074295,10.939259,75.7,6.5635552,4.3346777,5.742857,10.571428,76.3,7.085876,10.123825,7.492477,6.82107,53.2,7.3428574,6.3428574,59.1
2025-07-11T00:35:28Z,0,29.871,81.3,40,71.5,3,1,38,52,0.0,255,32767,0.0,2127-15-31,0.0,0.12,27.44,0.0,0.0,0.0,0,0.861328125,6,45,05:56,20:31,2025-07-11 00:35:27.898050,Castel Volturno,44.8,8.089859,5.209462,6.074295,10.939259,75.7,6.5635552,4.3346777,5.742857,10.571428,76.3,7.085876,10.123825,7.492477,6.82107,53.2,7.3428574,6.3428574,59.1
2025-07-11T00:35:38Z,0,29.871,81.3,40,71.5,2,1,56,52,0.0,255,32767,0.0,2127-15-31,0.0,0.12,27.44,0.0,0.0,0.0,0,0.861328125,6,45,05:56,20:31,2025-07-11 00:35:38.452052,Castel Volturno,44.8,8.089859,5.209462,6.074295,10.939259,75.7,6.5635552,4.3346777,5.742857,10.571428,76.3,7.085876,10.123825,7.492477,6.82107,53.2,7.3428574,6.3428574,59.1
2025-07-11T00:35:49Z,0,29.871,81.3,40,71.5,3,1,64,52,0.0,255,32767,0.0,2127-15-31,0.0,0.12,27.44,0.0,0.0,0.0,0,0.861328125,6,45,05:56,20:31,2025-07-11 00:35:49.006058,Castel Volturno,44.8,8.089859,5.209462,6.074295,10.939259,75.7,6.5635552,4.3346777,5.742857,10.571428,76.3,7.085876,10.123825,7.492477,6.82107,53.2,7.3428574,6.3428574,59.1
2025-07-11T00:35:59Z,0,29.869,81.2,39,71.5,3,1,22,52,0.0,255,32767,0.0,2127-15-31,0.0,0.12,27.44,0.0,0.0,0.0,0,0.873046875,6,45,05:56,20:31,2025-07-11 00:35:59.591051,Castel Volturno,44.8,8.089859,5.209462,6.074295,10.939259,75.7,6.5635552,4.3346777,5.742857,10.571428,76.3,7.085876,10.123825,7.492477,6.82107,53.2,7.3428574,6.3428574,59.1
2025-07-11T00:36:10Z,0,29.869,81.2,39,71.5,1,1,68,52,0.0,255,32767,0.0,2127-15-31,0.0,0.12,27.44,0.0,0.0,0.0,0,0.873046875,6,45,05:56,20:31,2025-07-11 00:36:10.145063,Castel Volturno,44.8,8.089859,5.209462,6.074295,10.939259,75.7,6.5635552,4.3346777,5.742857,10.571428,76.3,7.085876,10.123825,7.492477,6.82107,53.2,7.3428574,6.3428574,59.1
2025-07-11T00:36:20Z,0,29.869,81.2,39,71.5,2,1,38,52,0.0,255,32767,0.0,2127-15-31,0.0,0.12,27.44,0.0,0.0,0.0,0,0.873046875,6,45,05:56,20:31,2025-07-11 00:36:20.699052,Castel Volturno,44.8,8.089859,5.209462,6.074295,10.939259,75.7,6.5635552,4.3346777,5.742857,10.571428,76.3,7.085876,10.123825,7.492477,6.82107,53.2,7.3428574,6.3428574,59.1
2025-07-11T00:36:31Z,0,29.869,81.2,39,71.4,3,1,34,52,0.0,255,32767,0.0,2127-15-31,0.0,0.12,27.44,0.0,0.0,0.0,0,0.873046875,6,45,05:56,20:31,2025-07-11 00:36:31.255046,Castel Volturno,44.8,8.089859,5.209462,6.074295,10.939259,75.7,6.5635552,4.3346777,5.742857,10.571428,76.3,7.085876,10.123825,7.492477,6.82107,53.2,7.3428574,6.3428574,59.1
2025-07-11T00:36:42Z,0,29.869,81.2,39,71.5,4,1,63,52,0.0,255,32767,0.0,2127-15-31,0.0,0.12,27.44,0.0,0.0,0.0,0,0.873046875,6,45,05:56,20:31,2025-07-11 00:36:41.809042,Castel Volturno,44.8,8.089859,5.209462,6.074295,10.939259,75.7,6.5635552,4.3346777,5.742857,10.571428,76.3,7.085876,10.123825,7.492477,6.82107,53.2,7.3428574,6.3428574,59.1
2025-07-11T00:36:52Z,0,29.871,81.2,40,71.5,5,1,57,52,0.0,255,32767,0.0,2127-15-31,0.0,0.12,27.44,0.0,0.0,0.0,0,0.966796875,6,45,05:56,20:31,2025-07-11 00:36:52.364045,Castel Volturno,44.8,8.089859,5.209462,6.074295,10.939259,75.7,6.5635552,4.3346777,5.742857,10.571428,76.3,7.085876,10.123825,7.492477,6.82107,53.2,7.3428574,6.3428574,59.1
2025-07-11T00:37:03Z,0,29.871,81.2,40,71.5,3,1,72,51,0.0,255,32767,0.0,2127-15-31,0.0,0.12,27.44,0.0,0.0,0.0,0,0.966796875,6,45,05:56,20:31,2025-07-11 00:37:02.918049,Castel Volturno,44.8,8.089859,5.209462,6.074295,10.939259,75.7,6.5635552,4.3346777,5.742857,10.571428,76.3,7.085876,10.123825,7.492477,6.82107,53.2,7.3428574,6.3428574,59.1
2025-07-11T00:37:13Z,0,29.871,81.2,40,71.5,4,1,69,51,0.0,255,32767,0.0,2127-15-31,0.0,0.12,27.44,0.0,0.0,0.0,0,0.966796875,6,45,05:56,20:31,2025-07-11 00:37:13.472046,Castel Volturno,44.8,8.089859,5.209462,6.074295,10.939259,75.7,6.5635552,4.3346777,5.742857,10.571428,76.3,7.085876,10.123825,7.492477,6.82107,53.2,7.3428574,6.3428574,59.1
2025-07-11T00:37:24Z,0,29.871,81.2,40,71.5,3,1,71,51,0.0,255,32767,0.0,2127-15-31,0.0,0.12,27.44,0.0,0.0,0.0,0,0.966796875,6,45,05:56,20:31,2025-07-11 00:37:24.045048,Castel Volturno,44.8,8.089859,5.209462,6.074295,10.939259,75.7,6.5635552,4.3346777,5.742857,10.571428,76.3,7.085876,10.123825,7.492477,6.82107,53.2,7.3428574,6.3428574,59.1
2025-07-11T00:37:34Z,0,29.871,81.2,40,71.5,2,1,64,51,0.0,255,32767,0.0,2127-15-31,0.0,0.12,27.44,0.0,0.0,0.0,0,0.966796875,6,45,05:56,20:31,2025-07-11 00:37:34.593054,Castel Volturno,44.8,8.089859,5.209462,6.074295,10.939259,75.7,6.5635552,4.3346777,5.742857,10.571428,76.3,7.085876,10.123825,7.492477,6.82107,53.2,7.3428574,6.3428574,59.1
2025-07-11T00:37:45Z,0,29.871,81.2,40,71.5,4,1,59,51,0.0,255,32767,0.0,2127-15-31,0.0,0.12,27.44,0.0,0.0,0.0,0,0.966796875,6,45,05:56,20:31,2025-07-11 00:37:45.147057,Castel Volturno,44.8,8.089859,5.209462,6.074295,10.939259,75.7,6.5635552,4.3346777,5.742857,10.571428,76.3,7.085876,10.123825,7.492477,6.82107,53.2,7.3428574,6.3428574,59.1
2025-07-11T00:37:55Z,0,29.869,81.2,39,71.5,4,2,61,51,0.0,255,32767,0.0,2127-15-31,0.0,0.12,27.44,0.0,0.0,0.0,0,1.5703125,6,45,05:56,20:31,2025-07-11 00:37:55.701049,Castel Volturno,44.8,8.089859,5.209462,6.074295,10.939259,75.7,6.5635552,4.3346777,5.742857,10.571428,76.3,7.085876,10.123825,7.492477,6.82107,53.2,7.3428574,6.3428574,59.1
2025-07-11T00:38:06Z,0,29.869,81.2,39,71.5,3,2,33,51,0.0,255,32767,0.0,2127-15-31,0.0,0.12,27.44,0.0,0.0,0.0,0,1.5703125,6,45,05:56,20:31,2025-07-11 00:38:06.257052,Castel Volturno,44.8,8.089859,5.209462,6.074295,10.939259,75.7,6.5635552,4.3346777,5.742857,10.571428,76.3,7.085876,10.123825,7.492477,6.82107,53.2,7.3428574,6.3428574,59.1
2025-07-11T00:38:17Z,0,29.869,81.2,39,71.5,3,2,69,51,0.0,255,32767,0.0,2127-15-31,0.0,0.12,27.44,0.0,0.0,0.0,0,1.5703125,6,45,05:56,20:31,2025-07-11 00:38:16.811053,Castel Volturno,44.8,8.089859,5.209462,6.074295,10.939259,75.7,6.5635552,4.3346777,5.742857,10.571428,76.3,7.085876,10.123825,7.492477,6.82107,53.2,7.3428574,6.3428574,59.1
2025-07-11T00:38:27Z,0,29.869,81.2,39,71.5,3,2,40,51,0.0,255,32767,0.0,2127-15-31,0.0,0.12,27.44,0.0,0.0,0.0,0,1.5703125,6,45,05:56,20:31,2025-07-11 00:38:27.365047,Castel Volturno,44.8,8.089859,5.209462,6.074295,10.939259,75.7,6.5635552,4.3346777,5.742857,10.571428,76.3,7.085876,10.123825,7.492477,6.82107,53.2,7.3428574,6.3428574,59.1
2025-07-11T00:38:38Z,0,29.869,81.2,39,71.6,2,2,67,51,0.0,255,32767,0.0,2127-15-31,0.0,0.12,27.44,0.0,0.0,0.0,0,1.5703125,6,45,05:56,20:31,2025-07-11 00:38:37.919052,Castel Volturno,44.8,8.089859,5.209462,6.074295,10.939259,75.7,6.5635552,4.3346777,5.742857,10.571428,76.3,7.085876,10.123825,7.492477,6.82107,53.2,7.3428574,6.3428574,59.1
2025-07-11T00:38:48Z,0,29.869,81.2,39,71.6,2,2,75,50,0.0,255,32767,0.0,2127-15-31,0.0,0.12,27.44,0.0,0.0,0.0,0,1.5703125,6,45,05:56,20:31,2025-07-11 00:38:48.473046,Castel Volturno,44.8,8.089859,5.209462,6.074295,10.939259,75.7,6.5635552,4.3346777,5.742857,10.571428,76.3,7.085876,10.123825,7.492477,6.82107,53.2,7.3428574,6.3428574,59.1
2025-07-11T00:38:59Z,0,29.869,81.2,39,71.6,2,2,71,50,0.0,255,32767,0.0,2127-15-31,0.0,0.12,27.44,0.0,0.0,0.0,0,0.85546875,6,45,05:56,20:31,2025-07-11 00:38:59.027049,Castel Volturno,44.8,8.089859,5.209462,6.074295,10.939259,75.7,6.5635552,4.3346777,5.742857,10.571428,76.3,7.085876,10.123825,7.492477,6.82107,53.2,7.3428574,6.3428574,59.1
2025-07-11T00:39:09Z,0,29.869,81.2,39,71.6,3,2,28,50,0.0,255,32767,0.0,2127-15-31,0.0,0.12,27.44,0.0,0.0,0.0,0,0.85546875,6,45,05:56,20:31,2025-07-11 00:39:09.581052,Castel Volturno,44.8,8.089859,5.209462,6.074295,10.939259,75.7,6.5635552,4.3346777,5.742857,10.571428,76.3,7.085876,10.123825,7.492477,6.82107,53.2,7.3428574,6.3428574,59.1
2025-07-11T00:39:20Z,0,29.869,81.2,39,71.6,3,2,77,50,0.0,255,32767,0.0,2127-15-31,0.0,0.12,27.44,0.0,0.0,0.0,0,0.85546875,6,45,05:56,20:31,2025-07-11 00:39:20.135042,Castel Volturno,44.8,8.089859,5.209462,6.074295,10.939259,75.7,6.5635552,4.3346777,5.742857,10.571428,76.3,7.085876,10.123825,7.492477,6.82107,53.2,7.3428574,6.3428574,59.1
2025-07-11T00:39:30Z,0,29.869,81.2,39,71.6,3,2,55,50,0.0,255,32767,0.0,2127-15-31,0.0,0.12,27.44,0.0,0.0,0.0,0,0.85546875,6,45,05:56,20:31,2025-07-11 00:39:30.683048,Castel Volturno,44.8,8.089859,5.209462,6.074295,10.939259,75.7,6.5635552,4.3346777,5.742857,10.571428,76.3,7.085876,10.123825,7.492477,6.82107,53.2,7.3428574,6.3428574,59.1
2025-07-11T00:39:41Z,0,29.869,81.2,39,71.6,3,2,48,50,0.0,255,32767,0.0,2127-15-31,0.0,0.12,27.44,0.0,0.0,0.0,0,0.85546875,6,45,05:56,20:31,2025-07-11 00:39:41.746039,Castel Volturno,44.8,8.089859,5.209462,6.074295,10.939259,75.7,6.5635552,4.3346777,5.742857,10.571428,76.3,7.085876,10.123825,7.492477,6.82107,53.2,7.3428574,6.3428574,59.1
2025-07-11T00:39:52Z,0,29.871,81.2,39,71.6,2,2,81,50,0.0,255,32767,0.0,2127-15-31,0.0,0.12,27.44,0.0,0.0,0.0,0,0.849609375,6,45,05:56,20:31,2025-07-11 00:39:52.299042,Castel Volturno,44.8,8.089859,5.209462,6.074295,10.939259,75.7,6.5635552,4.3346777,5.742857,10.571428,76.3,7.085876,10.123825,7.492477,6.82107,53.2,7.3428574,6.3428574,59.1
2025-07-11T00:40:03Z,0,29.871,81.2,39,71.7,4,2,57,50,0.0,255,32767,0.0,2127-15-31,0.0,0.12,27.44,0.0,0.0,0.0,0,0.849609375,6,45,05:56,20:31,2025-07-11 00:40:02.853049,Castel Volturno,44.8,8.089859,5.209462,6.074295,10.939259,75.7,6.5635552,4.3346777,5.742857,10.571428,76.3,7.085876,10.123825,7.492477,6.82107,53.2,7.3428574,6.3428574,59.1
2025-07-11T00:40:13Z,0,29.871,81.2,39,71.7,4,2,69,50,0.0,255,32767,0.0,2127-15-31,0.0,0.12,27.44,0.0,0.0,0.0,0,0.849609375,6,45,05:56,20:31,2025-07-11 00:40:13.440045,Castel Volturno,44.8,8.089859,5.209462,6.074295,10.939259,75.7,6.5635552,4.3346777,5.742857,10.571428,76.3,7.085876,10.123825,7.492477,6.82107,53.2,7.3428574,6.3428574,59.1
2025-07-11T00:40:24Z,0,29.871,81.2,39,71.7,4,2,65,50,0.0,255,32767,0.0,2127-15-31,0.0,0.12,27.44,0.0,0.0,0.0,0,0.849609375,6,45,05:56,20:31,2025-07-11 00:40:23.995044,Castel Volturno,44.8,8.089859,5.209462,6.074295,10.939259,75.7,6.5635552,4.3346777,5.742857,10.571428,76.3,7.085876,10.123825,7.492477,6.82107,53.2,7.3428574,6.3428574,59.1
2025-07-11T00:40:34Z,0,29.871,81.2,39,71.7,3,2,81,50,0.0,255,32767,0.0,2127-15-31,0.0,0.12,27.44,0.0,0.0,0.0,0,0.849609375,6,45,05:56,20:31,2025-07-11 00:40:34.547044,Castel Volturno,44.8,8.089859,5.209462,6.074295,10.939259,75.7,6.5635552,4.3346777,5.742857,10.571428,76.3,7.085876,10.123825,7.492477,6.82107,53.2,7.3428574,6.3428574,59.1
2025-07-11T00:40:45Z,0,29.871,81.2,39,71.7,2,2,63,50,0.0,255,32767,0.0,2127-15-31,0.0,0.12,27.44,0.0,0.0,0.0,0,0.849609375,6,45,05:56,20:31,2025-07-11 00:40:45.101046,Castel Volturno,44.8,8.089859,5.209462,6.074295,10.939259,75.7,6.5635552,4.3346777,5.742857,10.571428,76.3,7.085876,10.123825,7.492477,6.82107,53.2,7.3428574,6.3428574,59.1
2025-07-11T00:40:55Z,0,29.867,81.1,39,71.8,1,2,66,50,0.0,255,32767,0.0,2127-15-31,0.0,0.12,27.44,0.0,0.0,0.0,0,0.849609375,6,45,05:56,20:31,2025-07-11 00:40:55.655063,Castel Volturno,44.8,8.089859,5.209462,6.074295,10.939259,75.7,6.5635552,4.3346777,5.742857,10.571428,76.3,7.085876,10.123825,7.492477,6.82107,53.2,7.3428574,6.3428574,59.1
2025-07-11T00:41:06Z,0,29.867,81.1,39,71.7,3,2,61,50,0.0,255,32767,0.0,2127-15-31,0.0,0.12,27.44,0.0,0.0,0.0,0,0.849609375,6,45,05:56,20:31,2025-07-11 00:41:06.209048,Castel Volturno,44.8,8.089859,5.209462,6.074295,10.939259,75.7,6.5635552,4.3346777,5.742857,10.571428,76.3,7.085876,10.123825,7.492477,6.82107,53.2,7.3428574,6.3428574,59.1
2025-07-11T00:41:16Z,0,29.867,81.1,39,71.7,3,2,53,50,0.0,255,32767,0.0,2127-15-31,0.0,0.12,27.44,0.0,0.0,0.0,0,0.849609375,6,45,05:56,20:31,2025-07-11 00:41:16.763051,Castel Volturno,44.8,8.089859,5.209462,6.074295,10.939259,75.7,6.5635552,4.3346777,5.742857,10.571428,76.3,7.085876,10.123825,7.492477,6.82107,53.2,7.3428574,6.3428574,59.1
2025-07-11T00:41:27Z,0,29.867,81.1,39,71.8,3,2,71,50,0.0,255,32767,0.0,2127-15-31,0.0,0.12,27.44,0.0,0.0,0.0,0,0.849609375,6,45,05:56,20:31,2025-07-11 00:41:27.317052,Castel Volturno,44.8,8.089859,5.209462,6.074295,10.939259,75.7,6.5635552,4.3346777,5.742857,10.571428,76.3,7.085876,10.123825,7.492477,6.82107,53.2,7.3428574,6.3428574,59.1
2025-07-11T00:41:38Z,0,29.867,81.1,39,71.9,4,2,67,50,0.0,255,32767,0.0,2127-15-31,0.0,0.12,27.44,0.0,0.0,0.0,0,0.849609375,6,45,05:56,20:31,2025-07-11 00:41:37.871045,Castel Volturno,44.8,8.089859,5.209462,6.074295,10.939259,75.7,6.5635552,4.3346777,5.742857,10.571428,76.3,7.085876,10.123825,7.492477,6.82107,53.2,7.3428574,6.3428574,59.1
2025-07-11T00:41:48Z,0,29.867,81.1,39,71.9,5,2,55,50,0.0,255,32767,0.0,2127-15-31,0.0,0.12,27.44,0.0,0.0,0.0,0,0.849609375,6,45,05:56,20:31,2025-07-11 00:41:48.425053,Castel Volturno,44.8,8.089859,5.209462,6.074295,10.939259,75.7,6.5635552,4.3346777,5.742857,10.571428,76.3,7.085876,10.123825,7.492477,6.82107,53.2,7.3428574,6.3428574,59.1
2025-07-11T00:41:59Z,0,29.868,81.1,39,71.9,2,2,62,50,0.0,255,32767,0.0,2127-15-31,0.0,0.12,27.44,0.0,0.0,0.0,0,0.85546875,6,45,05:56,20:31,2025-07-11 00:41:58.989050,Castel Volturno,44.8,8.089859,5.209462,6.074295,10.939259,75.7,6.5635552,4.3346777,5.742857,10.571428,76.3,7.085876,10.123825,7.492477,6.82107,53.2,7.3428574,6.3428574,59.1
2025-07-11T00:42:09Z,0,29.868,81.1,39,71.9,5,2,76,50,0.0,255,32767,0.0,2127-15-31,0.0,0.12,27.44,0.0,0.0,0.0,0,0.85546875,6,45,05:56,20:31,2025-07-11 00:42:09.543045,Castel Volturno,44.8,8.089859,5.209462,6.074295,10.939259,75.7,6.5635552,4.3346777,5.742857,10.571428,76.3,7.085876,10.123825,7.492477,6.82107,53.2,7.3428574,6.3428574,59.1
2025-07-11T00:42:20Z,0,29.868,81.1,39,71.9,4,2,82,49,0.0,255,32767,0.0,2127-15-31,0.0,0.12,27.44,0.0,0.0,0.0,0,0.85546875,6,45,05:56,20:31,2025-07-11 00:42:20.093048,Castel Volturno,44.8,8.089859,5.209462,6.074295,10.939259,75.7,6.5635552,4.3346777,5.742857,10.571428,76.3,7.085876,10.123825,7.492477,6.82107,53.2,7.3428574,6.3428574,59.1
2025-07-11T00:42:30Z,0,29.868,81.1,39,71.9,3,2,67,49,0.0,255,32767,0.0,2127-15-31,0.0,0.12,27.44,0.0,0.0,0.0,0,0.85546875,6,45,05:56,20:31,2025-07-11 00:42:30.628043,Castel Volturno,44.8,8.089859,5.209462,6.074295,10.939259,75.7,6.5635552,4.3346777,5.742857,10.571428,76.3,7.085876,10.123825,7.492477,6.82107,53.2,7.3428574,6.3428574,59.1
2025-07-11T00:42:41Z,0,29.868,81.1,39,71.9,2,2,61,49,0.0,255,32767,0.0,2127-15-31,0.0,0.12,27.44,0.0,0.0,0.0,0,0.85546875,6,45,05:56,20:31,2025-07-11 00:42:41.195049,Castel Volturno,44.8,8.089859,5.209462,6.074295,10.939259,75.7,6.5635552,4.3346777,5.742857,10.571428,76.3,7.085876,10.123825,7.492477,6.82107,53.2,7.3428574,6.3428574,59.1
2025-07-11T00:42:52Z,0,29.869,81.1,39,72.0,2,3,69,49,0.0,255,32767,0.0,2127-15-31,0.0,0.12,27.44,0.0,0.0,0.0,0,0.861328125,6,45,05:56,20:31,2025-07-11 00:42:51.810052,Castel Volturno,44.8,8.089859,5.209462,6.074295,10.939259,75.7,6.5635552,4.3346777,5.742857,10.571428,76.3,7.085876,10.123825,7.492477,6.82107,53.2,7.3428574,6.3428574,59.1
2025-07-11T00:43:02Z,0,29.869,81.1,39,72.0,1,3,80,49,0.0,255,32767,0.0,2127-15-31,0.0,0.12,27.44,0.0,0.0,0.0,0,0.861328125,6,45,05:56,20:31,2025-07-11 00:43:02.364045,Castel Volturno,44.8,8.089859,5.209462,6.074295,10.939259,75.7,6.5635552,4.3346777,5.742857,10.571428,76.3,7.085876,10.123825,7.492477,6.82107,53.2,7.3428574,6.3428574,59.1
2025-07-11T00:43:13Z,0,29.869,81.1,39,72.0,6,3,45,49,0.0,255,32767,0.0,2127-15-31,0.0,0.12,27.44,0.0,0.0,0.0,0,0.861328125,6,45,05:56,20:31,2025-07-11 00:43:12.920061,Castel Volturno,44.8,8.089859,5.209462,6.074295,10.939259,75.7,6.5635552,4.3346777,5.742857,10.571428,76.3,7.085876,10.123825,7.492477,6.82107,53.2,7.3428574,6.3428574,59.1
2025-07-11T00:43:23Z,0,29.869,81.1,39,72.0,4,3,67,49,0.0,255,32767,0.0,2127-15-31,0.0,0.12,27.44,0.0,0.0,0.0,0,0.861328125,6,45,05:56,20:31,2025-07-11 00:43:23.474046,Castel Volturno,44.8,8.089859,5.209462,6.074295,10.939259,75.7,6.5635552,4.3346777,5.742857,10.571428,76.3,7.085876,10.123825,7.492477,6.82107,53.2,7.3428574,6.3428574,59.1
2025-07-11T00:43:34Z,0,29.869,81.1,39,72.0,3,3,65,49,0.0,255,32767,0.0,2127-15-31,0.0,0.12,27.44,0.0,0.0,0.0,0,0.861328125,6,45,05:56,20:31,2025-07-11 00:43:34.028055,Castel Volturno,44.8,8.089859,5.209462,6.074295,10.939259,75.7,6.5635552,4.3346777,5.742857,10.571428,76.3,7.085876,10.123825,7.492477,6.82107,53.2,7.3428574,6.3428574,59.1
2025-07-11T00:43:44Z,0,29.869,81.1,39,72.0,2,3,42,49,0.0,255,32767,0.0,2127-15-31,0.0,0.12,27.44,0.0,0.0,0.0,0,0.861328125,6,45,05:56,20:31,2025-07-11 00:43:44.582046,Castel Volturno,44.8,8.089859,5.209462,6.074295,10.939259,75.7,6.5635552,4.3346777,5.742857,10.571428,76.3,7.085876,10.123825,7.492477,6.82107,53.2,7.3428574,6.3428574,59.1
2025-07-11T00:43:55Z,0,29.869,81.1,39,72.1,2,3,76,49,0.0,255,32767,0.0,2127-15-31,0.0,0.12,27.44,0.0,0.0,0.0,0,0.943359375,6,45,05:56,20:31,2025-07-11 00:43:55.136048,Castel Volturno,44.8,8.089859,5.209462,6.074295,10.939259,75.7,6.5635552,4.3346777,5.742857,10.571428,76.3,7.085876,10.123825,7.492477,6.82107,53.2,7.3428574,6.3428574,59.1
2025-07-11T00:44:05Z,0,29.869,81.1,39,72.1,3,3,92,49,0.0,255,32767,0.0,2127-15-31,0.0,0.12,27.44,0.0,0.0,0.0,0,0.943359375,6,45,05:56,20:31,2025-07-11 00:44:05.690049,Castel Volturno,44.8,8.089859,5.209462,6.074295,10.939259,75.7,6.5635552,4.3346777,5.742857,10.571428,76.3,7.085876,10.123825,7.492477,6.82107,53.2,7.3428574,6.3428574,59.1
2025-07-11T00:44:16Z,0,29.869,81.1,39,72.1,3,3,88,49,0.0,255,32767,0.0,2127-15-31,0.0,0.12,27.44,0.0,0.0,0.0,0,0.943359375,6,45,05:56,20:31,2025-07-11 00:44:16.244054,Castel Volturno,44.8,8.089859,5.209462,6.074295,10.939259,75.7,6.5635552,4.3346777,5.742857,10.571428,76.3,7.085876,10.123825,7.492477,6.82107,53.2,7.3428574,6.3428574,59.1
2025-07-11T00:44:26Z,0,29.869,81.1,39,72.1,2,3,78,49,0.0,255,32767,0.0,2127-15-31,0.0,0.12,27.44,0.0,0.0,0.0,0,0.943359375,6,45,05:56,20:31,2025-07-11 00:44:26.798049,Castel Volturno,44.8,8.089859,5.209462,6.074295,10.939259,75.7,6.5635552,4.3346777,5.742857,10.571428,76.3,7.085876,10.123825,7.492477,6.82107,53.2,7.3428574,6.3428574,59.1
2025-07-11T00:44:37Z,0,29.869,81.1,39,72.1,3,3,5,49,0.0,255,32767,0.0,2127-15-31,0.0,0.12,27.44,0.0,0.0,0.0,0,0.943359375,6,45,05:56,20:31,2025-07-11 00:44:37.352041,Castel Volturno,44.8,8.089859,5.209462,6.074295,10.939259,75.7,6.5635552,4.3346777,5.742857,10.571428,76.3,7.085876,10.123825,7.492477,6.82107,53.2,7.3428574,6.3428574,59.1
2025-07-11T00:44:48Z,0,29.869,81.1,39,72.1,5,3,84,49,0.0,255,32767,0.0,2127-15-31,0.0,0.12,27.44,0.0,0.0,0.0,0,0.943359375,6,45,05:56,20:31,2025-07-11 00:44:48.441046,Castel Volturno,44.8,8.089859,5.209462,6.074295,10.939259,75.7,6.5635552,4.3346777,5.742857,10.571428,76.3,7.085876,10.123825,7.492477,6.82107,53.2,7.3428574,6.3428574,59.1
2025-07-11T00:44:59Z,0,29.868,81.1,39,72.1,4,3,68,49,0.0,255,32767,0.0,2127-15-31,0.0,0.12,27.44,0.0,0.0,0.0,0,1.37109375,6,45,05:56,20:31,2025-07-11 00:44:58.995061,Castel Volturno,44.8,8.089859,5.209462,6.074295,10.939259,75.7,6.5635552,4.3346777,5.742857,10.571428,76.3,7.085876,10.123825,7.492477,6.82107,53.2,7.3428574,6.3428574,59.1
2025-07-11T00:45:09Z,0,29.868,81.1,39,72.1,2,3,78,49,0.0,255,32767,0.0,2127-15-31,0.0,0.12,27.44,0.0,0.0,0.0,0,1.37109375,6,45,05:56,20:31,2025-07-11 00:45:09.549045,Castel Volturno,44.8,8.089859,5.209462,6.074295,10.939259,75.7,6.5635552,4.3346777,5.742857,10.571428,76.3,7.085876,10.123825,7.492477,6.82107,53.2,7.3428574,6.3428574,59.1
2025-07-11T00:45:20Z,0,29.868,81.1,39,72.1,3,3,63,49,0.0,255,32767,0.0,2127-15-31,0.0,0.12,27.44,0.0,0.0,0.0,0,1.37109375,6,45,05:56,20:31,2025-07-11 00:45:20.103044,Castel Volturno,44.8,8.089859,5.209462,6.074295,10.939259,75.7,6.5635552,4.3346777,5.742857,10.571428,76.3,7.085876,10.123825,7.492477,6.82107,53.2,7.3428574,6.3428574,59.1
2025-07-11T00:45:30Z,0,29.868,81.1,39,72.1,2,3,82,49,0.0,255,32767,0.0,2127-15-31,0.0,0.12,27.44,0.0,0.0,0.0,0,1.37109375,6,45,05:56,20:31,2025-07-11 00:45:30.657056,Castel Volturno,44.8,8.089859,5.209462,6.074295,10.939259,75.7,6.5635552,4.3346777,5.742857,10.571428,76.3,7.085876,10.123825,7.492477,6.82107,53.2,7.3428574,6.3428574,59.1
2025-07-11T00:45:41Z,0,29.868,81.1,39,72.1,3,3,65,49,0.0,255,32767,0.0,2127-15-31,0.0,0.12,27.44,0.0,0.0,0.0,0,1.37109375,6,45,05:56,20:31,2025-07-11 00:45:41.211044,Castel Volturno,44.8,8.089859,5.209462,6.074295,10.939259,75.7,6.5635552,4.3346777,5.742857,10.571428,76.3,7.085876,10.123825,7.492477,6.82107,53.2,7.3428574,6.3428574,59.1
2025-07-11T00:45:51Z,0,29.87,81.0,39,72.1,3,3,80,49,0.0,255,32767,0.0,2127-15-31,0.0,0.12,27.44,0.0,0.0,0.0,0,0.849609375,6,45,05:56,20:31,2025-07-11 00:45:51.765044,Castel Volturno,44.8,8.089859,5.209462,6.074295,10.939259,75.7,6.5635552,4.3346777,5.742857,10.571428,76.3,7.085876,10.123825,7.492477,6.82107,53.2,7.3428574,6.3428574,59.1
2025-07-11T00:46:02Z,0,29.87,81.0,39,72.1,3,3,86,49,0.0,255,32767,0.0,2127-15-31,0.0,0.12,27.44,0.0,0.0,0.0,0,0.849609375,6,45,05:56,20:31,2025-07-11 00:46:02.319049,Castel Volturno,44.8,8.089859,5.209462,6.074295,10.939259,75.7,6.5635552,4.3346777,5.742857,10.571428,76.3,7.085876,10.123825,7.492477,6.82107,53.2,7.3428574,6.3428574,59.1
2025-07-11T00:46:13Z,0,29.87,81.0,39,72.2,3,3,49,49,0.0,255,32767,0.0,2127-15-31,0.0,0.12,27.44,0.0,0.0,0.0,0,0.849609375,6,45,05:56,20:31,2025-07-11 00:46:12.873055,Castel Volturno,44.8,8.089859,5.209462,6.074295,10.939259,75.7,6.5635552,4.3346777,5.742857,10.571428,76.3,7.085876,10.123825,7.492477,6.82107,53.2,7.3428574,6.3428574,59.1
2025-07-11T00:46:23Z,0,29.87,81.0,39,72.2,2,3,43,49,0.0,255,32767,0.0,2127-15-31,0.0,0.12,27.44,0.0,0.0,0.0,0,0.849609375,6,45,05:56,20:31,2025-07-11 00:46:23.427047,Castel Volturno,44.8,8.089859,5.209462,6.074295,10.939259,75.7,6.5635552,4.3346777,5.742857,10.571428,76.3,7.085876,10.123825,7.492477,6.82107,53.2,7.3428574,6.3428574,59.1
2025-07-11T00:46:34Z,0,29.87,81.0,39,72.2,2,3,59,49,0.0,255,32767,0.0,2127-15-31,0.0,0.12,27.44,0.0,0.0,0.0,0,0.849609375,6,45,05:56,20:31,2025-07-11 00:46:33.981045,Castel Volturno,44.8,8.089859,5.209462,6.074295,10.939259,75.7,6.5635552,4.3346777,5.742857,10.571428,76.3,7.085876,10.123825,7.492477,6.82107,53.2,7.3428574,6.3428574,59.1
2025-07-11T00:46:44Z,0,29.87,81.0,39,72.2,1,3,71,49,0.0,255,32767,0.0,2127-15-31,0.0,0.12,27.44,0.0,0.0,0.0,0,0.849609375,6,45,05:56,20:31,2025-07-11 00:46:44.535043,Castel Volturno,44.8,8.089859,5.209462,6.074295,10.939259,75.7,6.5635552,4.3346777,5.742857,10.571428,76.3,7.085876,10.123825,7.492477,6.82107,53.2,7.3428574,6.3428574,59.1
2025-07-11T00:46:55Z,0,29.867,81.0,38,72.2,4,3,51,49,0.0,255,32767,0.0,2127-15-31,0.0,0.12,27.44,0.0,0.0,0.0,0,0.849609375,6,45,05:56,20:31,2025-07-11 00:46:55.089054,Castel Volturno,44.8,8.089859,5.209462,6.074295,10.939259,75.7,6.5635552,4.3346777,5.742857,10.571428,76.3,7.085876,10.123825,7.492477,6.82107,53.2,7.3428574,6.3428574,59.1
2025-07-11T00:47:05Z,0,29.867,81.0,38,72.2,3,3,44,49,0.0,255,32767,0.0,2127-15-31,0.0,0.12,27.44,0.0,0.0,0.0,0,0.849609375,6,45,05:56,20:31,2025-07-11 00:47:05.643048,Castel Volturno,44.8,8.089859,5.209462,6.074295,10.939259,75.7,6.5635552,4.3346777,5.742857,10.571428,76.3,7.085876,10.123825,7.492477,6.82107,53.2,7.3428574,6.3428574,59.1
2025-07-11T00:47:16Z,0,29.867,81.0,38,72.2,2,3,82,49,0.0,255,32767,0.0,2127-15-31,0.0,0.12,27.44,0.0,0.0,0.0,0,0.849609375,6,45,05:56,20:31,2025-07-11 00:47:16.197047,Castel Volturno,44.8,8.089859,5.209462,6.074295,10.939259,75.7,6.5635552,4.3346777,5.742857,10.571428,76.3,7.085876,10.123825,7.492477,6.82107,53.2,7.3428574,6.3428574,59.1
2025-07-11T00:47:26Z,0,29.867,81.0,38,72.2,3,3,50,49,0.0,255,32767,0.0,2127-15-31,0.0,0.12,27.44,0.0,0.0,0.0,0,0.849609375,6,45,05:56,20:31,2025-07-11 00:47:26.743031,Castel Volturno,44.8,8.089859,5.209462,6.074295,10.939259,75.7,6.5635552,4.3346777,5.742857,10.571428,76.3,7.085876,10.123825,7.492477,6.82107,53.2,7.3428574,6.3428574,59.1
2025-07-11T00:47:37Z,0,29.867,81.0,38,72.2,2,3,42,49,0.0,255,32767,0.0,2127-15-31,0.0,0.12,27.44,0.0,0.0,0.0,0,0.849609375,6,45,05:56,20:31,2025-07-11 00:47:37.296047,Castel Volturno,44.8,8.089859,5.209462,6.074295,10.939259,75.7,6.5635552,4.3346777,5.742857,10.571428,76.3,7.085876,10.123825,7.492477,6.82107,53.2,7.3428574,6.3428574,59.1
2025-07-11T00:47:48Z,0,29.867,81.0,38,72.2,2,3,63,49,0.0,255,32767,0.0,2127-15-31,0.0,0.12,27.44,0.0,0.0,0.0,0,0.849609375,6,45,05:56,20:31,2025-07-11 00:47:47.851043,Castel Volturno,44.8,8.089859,5.209462,6.074295,10.939259,75.7,6.5635552,4.3346777,5.742857,10.571428,76.3,7.085876,10.123825,7.492477,6.82107,53.2,7.3428574,6.3428574,59.1
2025-07-11T00:47:58Z,0,29.869,81.0,39,72.2,3,3,56,49,0.0,255,32767,0.0,2127-15-31,0.0,0.12,27.44,0.0,0.0,0.0,0,0.884765625,6,45,05:56,20:31,2025-07-11 00:47:58.405048,Castel Volturno,44.8,8.089859,5.209462,6.074295,10.939259,75.7,6.5635552,4.3346777,5.742857,10.571428,76.3,7.085876,10.123825,7.492477,6.82107,53.2,7.3428574,6.3428574,59.1
2025-07-11T00:48:09Z,0,29.869,81.0,39,72.2,2,3,59,49,0.0,255,32767,0.0,2127-15-31,0.0,0.12,27.44,0.0,0.0,0.0,0,0.884765625,6,45,05:56,20:31,2025-07-11 00:48:08.959066,Castel Volturno,44.8,8.089859,5.209462,6.074295,10.939259,75.7,6.5635552,4.3346777,5.742857,10.571428,76.3,7.085876,10.123825,7.492477,6.82107,53.2,7.3428574,6.3428574,59.1
2025-07-11T00:48:19Z,0,29.869,81.0,39,72.2,1,3,67,49,0.0,255,32767,0.0,2127-15-31,0.0,0.12,27.44,0.0,0.0,0.0,0,0.884765625,6,45,05:56,20:31,2025-07-11 00:48:19.513045,Castel Volturno,44.8,8.089859,5.209462,6.074295,10.939259,75.7,6.5635552,4.3346777,5.742857,10.571428,76.3,7.085876,10.123825,7.492477,6.82107,53.2,7.3428574,6.3428574,59.1
2025-07-11T00:48:30Z,0,29.869,81.0,39,72.2,2,3,57,49,0.0,255,32767,0.0,2127-15-31,0.0,0.12,27.44,0.0,0.0,0.0,0,0.884765625,6,45,05:56,20:31,2025-07-11 00:48:30.066048,Castel Volturno,44.8,8.089859,5.209462,6.074295,10.939259,75.7,6.5635552,4.3346777,5.742857,10.571428,76.3,7.085876,10.123825,7.492477,6.82107,53.2,7.3428574,6.3428574,59.1
2025-07-11T00:48:40Z,0,29.869,81.0,39,72.2,3,3,62,49,0.0,255,32767,0.0,2127-15-31,0.0,0.12,27.44,0.0,0.0,0.0,0,0.884765625,6,45,05:56,20:31,2025-07-11 00:48:40.620047,Castel Volturno,44.8,8.089859,5.209462,6.074295,10.939259,75.7,6.5635552,4.3346777,5.742857,10.571428,76.3,7.085876,10.123825,7.492477,6.82107,53.2,7.3428574,6.3428574,59.1
2025-07-11T00:48:51Z,0,29.867,81.0,39,72.2,3,3,84,49,0.0,255,32767,0.0,2127-15-31,0.0,0.12,27.44,0.0,0.0,0.0,0,0.849609375,6,45,05:56,20:31,2025-07-11 00:48:51.174051,Castel Volturno,44.8,8.089859,5.209462,6.074295,10.939259,75.7,6.5635552,4.3346777,5.742857,10.571428,76.3,7.085876,10.123825,7.492477,6.82107,53.2,7.3428574,6.3428574,59.1
2025-07-11T00:49:01Z,0,29.867,81.0,39,72.2,3,3,76,49,0.0,255,32767,0.0,2127-15-31,0.0,0.12,27.44,0.0,0.0,0.0,0,0.849609375,6,45,05:56,20:31,2025-07-11 00:49:01.728044,Castel Volturno,44.8,8.089859,5.209462,6.074295,10.939259,75.7,6.5635552,4.3346777,5.742857,10.571428,76.3,7.085876,10.123825,7.492477,6.82107,53.2,7.3428574,6.3428574,59.1
2025-07-11T00:49:12Z,0,29.867,81.0,39,72.2,3,3,67,49,0.0,255,32767,0.0,2127-15-31,0.0,0.12,27.44,0.0,0.0,0.0,0,0.849609375,6,45,05:56,20:31,2025-07-11 00:49:12.260419,Castel Volturno,44.8,8.089859,5.209462,6.074295,10.939259,75.7,6.5635552,4.3346777,5.742857,10.571428,76.3,7.085876,10.123825,7.492477,6.82107,53.2,7.3428574,6.3428574,59.1
2025-07-11T00:49:23Z,0,29.867,81.0,39,72.2,3,3,81,49,0.0,255,32767,0.0,2127-15-31,0.0,0.12,27.44,0.0,0.0,0.0,0,0.849609375,6,45,05:56,20:31,2025-07-11 00:49:22.853053,Castel Volturno,44.8,8.089859,5.209462,6.074295,10.939259,75.7,6.5635552,4.3346777,5.742857,10.571428,76.3,7.085876,10.123825,7.492477,6.82107,53.2,7.3428574,6.3428574,59.1
2025-07-11T00:49:33Z,0,29.867,81.0,39,72.2,3,3,41,49,0.0,255,32767,0.0,2127-15-31,0.0,0.12,27.44,0.0,0.0,0.0,0,0.849609375,6,45,05:56,20:31,2025-07-11 00:49:33.407047,Castel Volturno,44.8,8.089859,5.209462,6.074295,10.939259,75.7,6.5635552,4.3346777,5.742857,10.571428,76.3,7.085876,10.123825,7.492477,6.82107,53.2,7.3428574,6.3428574,59.1
2025-07-11T00:49:44Z,0,29.867,81.0,39,72.2,3,3,61,49,0.0,255,32767,0.0,2127-15-31,0.0,0.12,27.44,0.0,0.0,0.0,0,0.849609375,6,45,05:56,20:31,2025-07-11 00:49:43.954045,Castel Volturno,43.4,7.9591365,5.250829,5.6235967,10.612889,75.4,6.3677335,4.373515,3.7,6.9285707,76.2,6.9698105,9.372661,7.2646894,6.3396225,52.3,4.4428573,4.1571426,58.4
2025-07-11T00:49:55Z,0,29.869,81.0,39,72.2,5,3,70,49,0.0,255,32767,0.0,2127-15-31,0.0,0.12,27.44,0.0,0.0,0.0,0,0.85546875,6,45,05:56,20:31,2025-07-11 00:49:55.035059,Castel Volturno,43.4,7.9591365,5.250829,5.6235967,10.612889,75.4,6.3677335,4.373515,3.7,6.9285707,76.2,6.9698105,9.372661,7.2646894,6.3396225,52.3,4.4428573,4.1571426,58.4
2025-07-11T00:50:05Z,0,29.869,81.0,39,72.2,4,3,57,49,0.0,255,32767,0.0,2127-15-31,0.0,0.12,27.44,0.0,0.0,0.0,0,0.85546875,6,45,05:56,20:31,2025-07-11 00:50:05.589046,Castel Volturno,43.4,7.9591365,5.250829,5.6235967,10.612889,75.4,6.3677335,4.373515,3.7,6.9285707,76.2,6.9698105,9.372661,7.2646894,6.3396225,52.3,4.4428573,4.1571426,58.4
2025-07-11T00:50:16Z,0,29.869,81.0,39,72.2,3,3,52,49,0.0,255,32767,0.0,2127-15-31,0.0,0.12,27.44,0.0,0.0,0.0,0,0.85546875,6,45,05:56,20:31,2025-07-11 00:50:16.142053,Castel Volturno,43.4,7.9591365,5.250829,5.6235967,10.612889,75.4,6.3677335,4.373515,3.7,6.9285707,76.2,6.9698105,9.372661,7.2646894,6.3396225,52.3,4.4428573,4.1571426,58.4
2025-07-11T00:50:26Z,0,29.869,81.0,39,72.2,3,3,59,49,0.0,255,32767,0.0,2127-15-31,0.0,0.12,27.44,0.0,0.0,0.0,0,0.85546875,6,45,05:56,20:31,2025-07-11 00:50:26.698045,Castel Volturno,43.4,7.9591365,5.250829,5.6235967,10.612889,75.4,6.3677335,4.373515,3.7,6.9285707,76.2,6.9698105,9.372661,7.2646894,6.3396225,52.3,4.4428573,4.1571426,58.4
2025-07-11T00:50:37Z,0,29.869,81.0,39,72.2,3,3,28,49,0.0,255,32767,0.0,2127-15-31,0.0,0.12,27.44,0.0,0.0,0.0,0,0.85546875,6,45,05:56,20:31,2025-07-11 00:50:37.252037,Castel Volturno,43.4,7.9591365,5.250829,5.6235967,10.612889,75.4,6.3677335,4.373515,3.7,6.9285707,76.2,6.9698105,9.372661,7.2646894,6.3396225,52.3,4.4428573,4.1571426,58.4
2025-07-11T00:50:48Z,0,29.869,81.0,39,72.1,2,3,55,49,0.0,255,32767,0.0,2127-15-31,0.0,0.12,27.44,0.0,0.0,0.0,0,0.85546875,6,45,05:56,20:31,2025-07-11 00:50:47.839041,Castel Volturno,43.4,7.9591365,5.250829,5.6235967,10.612889,75.4,6.3677335,4.373515,3.7,6.9285707,76.2,6.9698105,9.372661,7.2646894,6.3396225,52.3,4.4428573,4.1571426,58.4
2025-07-11T00:50:58Z,0,29.867,81.0,39,72.1,4,3,53,49,0.0,255,32767,0.0,2127-15-31,0.0,0.12,27.44,0.0,0.0,0.0,0,0.92578125,6,45,05:56,20:31,2025-07-11 00:50:58.393041,Castel Volturno,43.4,7.9591365,5.250829,5.6235967,10.612889,75.4,6.3677335,4.373515,3.7,6.9285707,76.2,6.9698105,9.372661,7.2646894,6.3396225,52.3,4.4428573,4.1571426,58.4
2025-07-11T00:51:09Z,0,29.867,81.0,39,72.2,3,3,61,49,0.0,255,32767,0.0,2127-15-31,0.0,0.12,27.44,0.0,0.0,0.0,0,0.92578125,6,45,05:56,20:31,2025-07-11 00:51:08.980057,Castel Volturno,43.4,7.9591365,5.250829,5.6235967,10.612889,75.4,6.3677335,4.373515,3.7,6.9285707,76.2,6.9698105,9.372661,7.2646894,6.3396225,52.3,4.4428573,4.1571426,58.4
2025-07-11T00:51:19Z,0,29.867,81.0,39,72.2,3,3,59,49,0.0,255,32767,0.0,2127-15-31,0.0,0.12,27.44,0.0,0.0,0.0,0,0.92578125,6,45,05:56,20:31,2025-07-11 00:51:19.534042,Castel Volturno,43.4,7.9591365,5.250829,5.6235967,10.612889,75.4,6.3677335,4.373515,3.7,6.9285707,76.2,6.9698105,9.372661,7.2646894,6.3396225,52.3,4.4428573,4.1571426,58.4
2025-07-11T00:51:30Z,0,29.867,81.0,39,72.2,4,3,59,49,0.0,255,32767,0.0,2127-15-31,0.0,0.12,27.44,0.0,0.0,0.0,0,0.92578125,6,45,05:56,20:31,2025-07-11 00:51:30.088046,Castel Volturno,43.4,7.9591365,5.250829,5.6235967,10.612889,75.4,6.3677335,4.373515,3.7,6.9285707,76.2,6.9698105,9.372661,7.2646894,6.3396225,52.3,4.4428573,4.1571426,58.4
2025-07-11T00:51:40Z,0,29.867,81.0,39,72.2,4,3,64,49,0.0,255,32767,0.0,2127-15-31,0.0,0.12,27.44,0.0,0.0,0.0,0,0.92578125,6,45,05:56,20:31,2025-07-11 00:51:40.642069,Castel Volturno,43.4,7.9591365,5.250829,5.6235967,10.612889,75.4,6.3677335,4.373515,3.7,6.9285707,76.2,6.9698105,9.372661,7.2646894,6.3396225,52.3,4.4428573,4.1571426,58.4
2025-07-11T00:51:51Z,0,29.867,81.0,39,72.2,3,3,69,49,0.0,255,32767,0.0,2127-15-31,0.0,0.12,27.44,0.0,0.0,0.0,0,1.4765625,6,45,05:56,20:31,2025-07-11 00:51:51.195054,Castel Volturno,43.4,7.9591365,5.250829,5.6235967,10.612889,75.4,6.3677335,4.373515,3.7,6.9285707,76.2,6.9698105,9.372661,7.2646894,6.3396225,52.3,4.4428573,4.1571426,58.4
2025-07-11T00:52:01Z,0,29.867,81.0,39,72.2,2,3,60,49,0.0,255,32767,0.0,2127-15-31,0.0,0.12,27.44,0.0,0.0,0.0,0,1.4765625,6,45,05:56,20:31,2025-07-11 00:52:01.749051,Castel Volturno,43.4,7.9591365,5.250829,5.6235967,10.612889,75.4,6.3677335,4.373515,3.7,6.9285707,76.2,6.9698105,9.372661,7.2646894,6.3396225,52.3,4.4428573,4.1571426,58.4
2025-07-11T00:52:12Z,0,29.867,81.0,39,72.2,2,3,93,49,0.0,255,32767,0.0,2127-15-31,0.0,0.12,27.44,0.0,0.0,0.0,0,1.4765625,6,45,05:56,20:31,2025-07-11 00:52:12.303045,Castel Volturno,43.4,7.9591365,5.250829,5.6235967,10.612889,75.4,6.3677335,4.373515,3.7,6.9285707,76.2,6.9698105,9.372661,7.2646894,6.3396225,52.3,4.4428573,4.1571426,58.4
2025-07-11T00:52:23Z,0,29.867,81.0,39,72.2,3,3,65,49,0.0,255,32767,0.0,2127-15-31,0.0,0.12,27.44,0.0,0.0,0.0,0,1.4765625,6,45,05:56,20:31,2025-07-11 00:52:22.857044,Castel Volturno,43.4,7.9591365,5.250829,5.6235967,10.612889,75.4,6.3677335,4.373515,3.7,6.9285707,76.2,6.9698105,9.372661,7.2646894,6.3396225,52.3,4.4428573,4.1571426,58.4
2025-07-11T00:52:33Z,0,29.867,81.0,39,72.1,3,3,79,49,0.0,255,32767,0.0,2127-15-31,0.0,0.12,27.44,0.0,0.0,0.0,0,1.4765625,6,45,05:56,20:31,2025-07-11 00:52:33.411052,Castel Volturno,43.4,7.9591365,5.250829,5.6235967,10.612889,75.4,6.3677335,4.373515,3.7,6.9285707,76.2,6.9698105,9.372661,7.2646894,6.3396225,52.3,4.4428573,4.1571426,58.4
2025-07-11T00:52:44Z,0,29.867,81.0,39,72.2,2,3,62,49,0.0,255,32767,0.0,2127-15-31,0.0,0.12,27.44,0.0,0.0,0.0,0,1.4765625,6,45,05:56,20:31,2025-07-11 00:52:43.965045,Castel Volturno,43.4,7.9591365,5.250829,5.6235967,10.612889,75.4,6.3677335,4.373515,3.7,6.9285707,76.2,6.9698105,9.372661,7.2646894,6.3396225,52.3,4.4428573,4.1571426,58.4
2025-07-11T00:52:54Z,0,29.867,81.0,38,72.2,2,3,74,49,0.0,255,32767,0.0,2127-15-31,0.0,0.12,27.44,0.0,0.0,0.0,0,0.955078125,6,45,05:56,20:31,2025-07-11 00:52:54.520046,Castel Volturno,43.4,7.9591365,5.250829,5.6235967,10.612889,75.4,6.3677335,4.373515,3.7,6.9285707,76.2,6.9698105,9.372661,7.2646894,6.3396225,52.3,4.4428573,4.1571426,58.4
2025-07-11T00:53:05Z,0,29.867,81.0,38,72.2,2,3,63,49,0.0,255,32767,0.0,2127-15-31,0.0,0.12,27.44,0.0,0.0,0.0,0,0.955078125,6,45,05:56,20:31,2025-07-11 00:53:05.102050,Castel Volturno,43.4,7.9591365,5.250829,5.6235967,10.612889,75.4,6.3677335,4.373515,3.7,6.9285707,76.2,6.9698105,9.372661,7.2646894,6.3396225,52.3,4.4428573,4.1571426,58.4
2025-07-11T00:53:15Z,0,29.867,81.0,38,72.2,3,3,33,49,0.0,255,32767,0.0,2127-15-31,0.0,0.12,27.44,0.0,0.0,0.0,0,0.955078125,6,45,05:56,20:31,2025-07-11 00:53:15.656054,Castel Volturno,43.4,7.9591365,5.250829,5.6235967,10.612889,75.4,6.3677335,4.373515,3.7,6.9285707,76.2,6.9698105,9.372661,7.2646894,6.3396225,52.3,4.4428573,4.1571426,58.4
2025-07-11T00:53:26Z,0,29.867,81.0,38,72.2,2,3,68,49,0.0,255,32767,0.0,2127-15-31,0.0,0.12,27.44,0.0,0.0,0.0,0,0.955078125,6,45,05:56,20:31,2025-07-11 00:53:26.210064,Castel Volturno,43.4,7.9591365,5.250829,5.6235967,10.612889,75.4,6.3677335,4.373515,3.7,6.9285707,76.2,6.9698105,9.372661,7.2646894,6.3396225,52.3,4.4428573,4.1571426,58.4
2025-07-11T00:53:36Z,0,29.867,81.0,38,72.2,4,3,66,49,0.0,255,32767,0.0,2127-15-31,0.0,0.12,27.44,0.0,0.0,0.0,0,0.955078125,6,45,05:56,20:31,2025-07-11 00:53:36.764042,Castel Volturno,43.4,7.9591365,5.250829,5.6235967,10.612889,75.4,6.3677335,4.373515,3.7,6.9285707,76.2,6.9698105,9.372661,7.2646894,6.3396225,52.3,4.4428573,4.1571426,58.4
2025-07-11T00:53:47Z,0,29.867,81.0,38,72.1,3,3,49,49,0.0,255,32767,0.0,2127-15-31,0.0,0.12,27.44,0.0,0.0,0.0,0,0.955078125,6,45,05:56,20:31,2025-07-11 00:53:47.318051,Castel Volturno,43.4,7.9591365,5.250829,5.6235967,10.612889,75.4,6.3677335,4.373515,3.7,6.9285707,76.2,6.9698105,9.372661,7.2646894,6.3396225,52.3,4.4428573,4.1571426,58.4
2025-07-11T00:53:58Z,0,29.868,80.9,39,72.2,3,3,61,49,0.0,255,32767,0.0,2127-15-31,0.0,0.12,27.44,0.0,0.0,0.0,0,0.84375,6,45,05:56,20:31,2025-07-11 00:53:57.872042,Castel Volturno,43.4,7.9591365,5.250829,5.6235967,10.612889,75.4,6.3677335,4.373515,3.7,6.9285707,76.2,6.9698105,9.372661,7.2646894,6.3396225,52.3,4.4428573,4.1571426,58.4
2025-07-11T00:54:08Z,0,29.868,80.9,39,72.2,2,3,78,49,0.0,255,32767,0.0,2127-15-31,0.0,0.12,27.44,0.0,0.0,0.0,0,0.84375,6,45,05:56,20:31,2025-07-11 00:54:08.426048,Castel Volturno,43.4,7.9591365,5.250829,5.6235967,10.612889,75.4,6.3677335,4.373515,3.7,6.9285707,76.2,6.9698105,9.372661,7.2646894,6.3396225,52.3,4.4428573,4.1571426,58.4
2025-07-11T00:54:19Z,0,29.868,80.9,39,72.2,4,3,63,49,0.0,255,32767,0.0,2127-15-31,0.0,0.12,27.44,0.0,0.0,0.0,0,0.84375,6,45,05:56,20:31,2025-07-11 00:54:18.980051,Castel Volturno,43.4,7.9591365,5.250829,5.6235967,10.612889,75.4,6.3677335,4.373515,3.7,6.9285707,76.2,6.9698105,9.372661,7.2646894,6.3396225,52.3,4.4428573,4.1571426,58.4
2025-07-11T00:54:29Z,0,29.868,80.9,39,72.2,2,3,26,49,0.0,255,32767,0.0,2127-15-31,0.0,0.12,27.44,0.0,0.0,0.0,0,0.84375,6,45,05:56,20:31,2025-07-11 00:54:29.534048,Castel Volturno,43.4,7.9591365,5.250829,5.6235967,10.612889,75.4,6.3677335,4.373515,3.7,6.9285707,76.2,6.9698105,9.372661,7.2646894,6.3396225,52.3,4.4428573,4.1571426,58.4
2025-07-11T00:54:40Z,0,29.868,80.9,39,72.2,3,3,55,49,0.0,255,32767,0.0,2127-15-31,0.0,0.12,27.44,0.0,0.0,0.0,0,0.84375,6,45,05:56,20:31,2025-07-11 00:54:40.088005,Castel Volturno,43.4,7.9591365,5.250829,5.6235967,10.612889,75.4,6.3677335,4.373515,3.7,6.9285707,76.2,6.9698105,9.372661,7.2646894,6.3396225,52.3,4.4428573,4.1571426,58.4
2025-07-11T00:54:50Z,0,29.867,81.0,39,72.2,2,3,69,49,0.0,255,32767,0.0,2127-15-31,0.0,0.12,27.44,0.0,0.0,0.0,0,0.84375,6,45,05:56,20:31,2025-07-11 00:54:50.642013,Castel Volturno,43.4,7.9591365,5.250829,5.6235967,10.612889,75.4,6.3677335,4.373515,3.7,6.9285707,76.2,6.9698105,9.372661,7.2646894,6.3396225,52.3,4.4428573,4.1571426,58.4
2025-07-11T00:55:01Z,0,29.867,81.0,39,72.2,2,3,74,49,0.0,255,32767,0.0,2127-15-31,0.0,0.12,27.44,0.0,0.0,0.0,0,0.84375,6,45,05:56,20:31,2025-07-11 00:55:01.725043,Castel Volturno,43.4,7.9591365,5.250829,5.6235967,10.612889,75.4,6.3677335,4.373515,3.7,6.9285707,76.2,6.9698105,9.372661,7.2646894,6.3396225,52.3,4.4428573,4.1571426,58.4
2025-07-11T00:55:12Z,0,29.867,81.0,39,72.2,3,3,53,49,0.0,255,32767,0.0,2127-15-31,0.0,0.12,27.44,0.0,0.0,0.0,0,0.84375,6,45,05:56,20:31,2025-07-11 00:55:12.279044,Castel Volturno,43.4,7.9591365,5.250829,5.6235967,10.612889,75.4,6.3677335,4.373515,3.7,6.9285707,76.2,6.9698105,9.372661,7.2646894,6.3396225,52.3,4.4428573,4.1571426,58.4
2025-07-11T00:55:23Z,0,29.867,81.0,39,72.2,3,3,72,49,0.0,255,32767,0.0,2127-15-31,0.0,0.12,27.44,0.0,0.0,0.0,0,0.84375,6,45,05:56,20:31,2025-07-11 00:55:22.832044,Castel Volturno,43.4,7.9591365,5.250829,5.6235967,10.612889,75.4,6.3677335,4.373515,3.7,6.9285707,76.2,6.9698105,9.372661,7.2646894,6.3396225,52.3,4.4428573,4.1571426,58.4
2025-07-11T00:55:33Z,0,29.867,81.0,39,72.2,2,3,67,49,0.0,255,32767,0.0,2127-15-31,0.0,0.12,27.44,0.0,0.0,0.0,0,0.84375,6,45,05:56,20:31,2025-07-11 00:55:33.386048,Castel Volturno,43.4,7.9591365,5.250829,5.6235967,10.612889,75.4,6.3677335,4.373515,3.7,6.9285707,76.2,6.9698105,9.372661,7.2646894,6.3396225,52.3,4.4428573,4.1571426,58.4
2025-07-11T00:55:44Z,0,29.867,81.0,39,72.2,4,3,38,49,0.0,255,32767,0.0,2127-15-31,0.0,0.12,27.44,0.0,0.0,0.0,0,0.84375,6,45,05:56,20:31,2025-07-11 00:55:43.940053,Castel Volturno,43.4,7.9591365,5.250829,5.6235967,10.612889,75.4,6.3677335,4.373515,3.7,6.9285707,76.2,6.9698105,9.372661,7.2646894,6.3396225,52.3,4.4428573,4.1571426,58.4
2025-07-11T00:55:54Z,0,29.865,80.9,38,72.2,5,3,75,49,0.0,255,32767,0.0,2127-15-31,0.0,0.12,27.44,0.0,0.0,0.0,0,0.84375,6,45,05:56,20:31,2025-07-11 00:55:54.527049,Castel Volturno,43.4,7.9591365,5.250829,5.6235967,10.612889,75.4,6.3677335,4.373515,3.7,6.9285707,76.2,6.9698105,9.372661,7.2646894,6.3396225,52.3,4.4428573,4.1571426,58.4
2025-07-11T00:56:05Z,0,29.865,80.9,38,72.1,5,3,78,49,0.0,255,32767,0.0,2127-15-31,0.0,0.12,27.44,0.0,0.0,0.0,0,0.84375,6,45,05:56,20:31,2025-07-11 00:56:05.081005,Castel Volturno,43.4,7.9591365,5.250829,5.6235967,10.612889,75.4,6.3677335,4.373515,3.7,6.9285707,76.2,6.9698105,9.372661,7.2646894,6.3396225,52.3,4.4428573,4.1571426,58.4
2025-07-11T00:56:15Z,0,29.865,80.9,38,72.1,4,3,87,49,0.0,255,32767,0.0,2127-15-31,0.0,0.12,27.44,0.0,0.0,0.0,0,0.84375,6,45,05:56,20:31,2025-07-11 00:56:15.635044,Castel Volturno,43.4,7.9591365,5.250829,5.6235967,10.612889,75.4,6.3677335,4.373515,3.7,6.9285707,76.2,6.9698105,9.372661,7.2646894,6.3396225,52.3,4.4428573,4.1571426,58.4
2025-07-11T00:56:26Z,0,29.865,80.9,38,72.1,3,3,55,49,0.0,255,32767,0.0,2127-15-31,0.0,0.12,27.44,0.0,0.0,0.0,0,0.84375,6,45,05:56,20:31,2025-07-11 00:56:26.190047,Castel Volturno,43.4,7.9591365,5.250829,5.6235967,10.612889,75.4,6.3677335,4.373515,3.7,6.9285707,76.2,6.9698105,9.372661,7.2646894,6.3396225,52.3,4.4428573,4.1571426,58.4
2025-07-11T00:56:36Z,0,29.865,80.9,38,72.1,3,3,63,49,0.0,255,32767,0.0,2127-15-31,0.0,0.12,27.44,0.0,0.0,0.0,0,0.84375,6,45,05:56,20:31,2025-07-11 00:56:36.744041,Castel Volturno,43.4,7.9591365,5.250829,5.6235967,10.612889,75.4,6.3677335,4.373515,3.7,6.9285707,76.2,6.9698105,9.372661,7.2646894,6.3396225,52.3,4.4428573,4.1571426,58.4
2025-07-11T00:56:47Z,0,29.865,80.9,38,72.2,3,3,74,49,0.0,255,32767,0.0,2127-15-31,0.0,0.12,27.44,0.0,0.0,0.0,0,0.84375,6,45,05:56,20:31,2025-07-11 00:56:47.298065,Castel Volturno,43.4,7.9591365,5.250829,5.6235967,10.612889,75.4,6.3677335,4.373515,3.7,6.9285707,76.2,6.9698105,9.372661,7.2646894,6.3396225,52.3,4.4428573,4.1571426,58.4
2025-07-11T00:56:58Z,0,29.868,80.9,39,72.1,3,3,78,49,0.0,255,32767,0.0,2127-15-31,0.0,0.12,27.44,0.0,0.0,0.0,0,0.83203125,6,45,05:56,20:31,2025-07-11 00:56:57.852043,Castel Volturno,43.4,7.9591365,5.250829,5.6235967,10.612889,75.4,6.3677335,4.373515,3.7,6.9285707,76.2,6.9698105,9.372661,7.2646894,6.3396225,52.3,4.4428573,4.1571426,58.4
2025-07-11T00:57:08Z,0,29.868,80.9,39,72.1,2,3,76,49,0.0,255,32767,0.0,2127-15-31,0.0,0.12,27.44,0.0,0.0,0.0,0,0.83203125,6,45,05:56,20:31,2025-07-11 00:57:08.407049,Castel Volturno,43.4,7.9591365,5.250829,5.6235967,10.612889,75.4,6.3677335,4.373515,3.7,6.9285707,76.2,6.9698105,9.372661,7.2646894,6.3396225,52.3,4.4428573,4.1571426,58.4
2025-07-11T00:57:19Z,0,29.868,80.9,39,72.1,3,3,43,49,0.0,255,32767,0.0,2127-15-31,0.0,0.12,27.44,0.0,0.0,0.0,0,0.83203125,6,45,05:56,20:31,2025-07-11 00:57:18.961044,Castel Volturno,43.4,7.9591365,5.250829,5.6235967,10.612889,75.4,6.3677335,4.373515,3.7,6.9285707,76.2,6.9698105,9.372661,7.2646894,6.3396225,52.3,4.4428573,4.1571426,58.4
2025-07-11T00:57:29Z,0,29.868,80.9,39,72.1,4,3,78,49,0.0,255,32767,0.0,2127-15-31,0.0,0.12,27.44,0.0,0.0,0.0,0,0.83203125,6,45,05:56,20:31,2025-07-11 00:57:29.515051,Castel Volturno,43.4,7.9591365,5.250829,5.6235967,10.612889,75.4,6.3677335,4.373515,3.7,6.9285707,76.2,6.9698105,9.372661,7.2646894,6.3396225,52.3,4.4428573,4.1571426,58.4
2025-07-11T00:57:40Z,0,29.868,80.9,39,72.1,5,3,75,49,0.0,255,32767,0.0,2127-15-31,0.0,0.12,27.44,0.0,0.0,0.0,0,0.83203125,6,45,05:56,20:31,2025-07-11 00:57:40.068051,Castel Volturno,43.4,7.9591365,5.250829,5.6235967,10.612889,75.4,6.3677335,4.373515,3.7,6.9285707,76.2,6.9698105,9.372661,7.2646894,6.3396225,52.3,4.4428573,4.1571426,58.4
2025-07-11T00:57:50Z,0,29.867,80.9,39,72.1,4,3,78,49,0.0,255,32767,0.0,2127-15-31,0.0,0.12,27.44,0.0,0.0,0.0,0,0.94921875,6,45,05:56,20:31,2025-07-11 00:57:50.623043,Castel Volturno,43.4,7.9591365,5.250829,5.6235967,10.612889,75.4,6.3677335,4.373515,3.7,6.9285707,76.2,6.9698105,9.372661,7.2646894,6.3396225,52.3,4.4428573,4.1571426,58.4
2025-07-11T00:58:01Z,0,29.867,80.9,39,72.1,3,3,71,50,0.0,255,32767,0.0,2127-15-31,0.0,0.12,27.44,0.0,0.0,0.0,0,0.94921875,6,45,05:56,20:31,2025-07-11 00:58:01.177059,Castel Volturno,43.4,7.9591365,5.250829,5.6235967,10.612889,75.4,6.3677335,4.373515,3.7,6.9285707,76.2,6.9698105,9.372661,7.2646894,6.3396225,52.3,4.4428573,4.1571426,58.4
2025-07-11T00:58:11Z,0,29.867,80.9,39,72.1,2,3,81,50,0.0,255,32767,0.0,2127-15-31,0.0,0.12,27.44,0.0,0.0,0.0,0,0.94921875,6,45,05:56,20:31,2025-07-11 00:58:11.731044,Castel Volturno,43.4,7.9591365,5.250829,5.6235967,10.612889,75.4,6.3677335,4.373515,3.7,6.9285707,76.2,6.9698105,9.372661,7.2646894,6.3396225,52.3,4.4428573,4.1571426,58.4
2025-07-11T00:58:22Z,0,29.867,80.9,39,72.1,5,3,85,50,0.0,255,32767,0.0,2127-15-31,0.0,0.12,27.44,0.0,0.0,0.0,0,0.94921875,6,45,05:56,20:31,2025-07-11 00:58:22.285035,Castel Volturno,43.4,7.9591365,5.250829,5.6235967,10.612889,75.4,6.3677335,4.373515,3.7,6.9285707,76.2,6.9698105,9.372661,7.2646894,6.3396225,52.3,4.4428573,4.1571426,58.4
2025-07-11T00:58:33Z,0,29.867,80.9,39,72.1,5,3,41,50,0.0,255,32767,0.0,2127-15-31,0.0,0.12,27.44,0.0,0.0,0.0,0,0.94921875,6,45,05:56,20:31,2025-07-11 00:58:32.831048,Castel Volturno,43.4,7.9591365,5.250829,5.6235967,10.612889,75.4,6.3677335,4.373515,3.7,6.9285707,76.2,6.9698105,9.372661,7.2646894,6.3396225,52.3,4.4428573,4.1571426,58.4
2025-07-11T00:58:43Z,0,29.867,80.9,39,72.0,7,3,82,50,0.0,255,32767,0.0,2127-15-31,0.0,0.12,27.44,0.0,0.0,0.0,0,0.94921875,6,45,05:56,20:31,2025-07-11 00:58:43.385041,Castel Volturno,43.4,7.9591365,5.250829,5.6235967,10.612889,75.4,6.3677335,4.373515,3.7,6.9285707,76.2,6.9698105,9.372661,7.2646894,6.3396225,52.3,4.4428573,4.1571426,58.4
2025-07-11T00:58:54Z,0,29.864,80.9,39,72.1,3,3,63,49,0.0,255,32767,0.0,2127-15-31,0.0,0.12,27.44,0.0,0.0,0.0,0,1.271484375,6,45,05:56,20:31,2025-07-11 00:58:53.939046,Castel Volturno,43.4,7.9591365,5.250829,5.6235967,10.612889,75.4,6.3677335,4.373515,3.7,6.9285707,76.2,6.9698105,9.372661,7.2646894,6.3396225,52.3,4.4428573,4.1571426,58.4
2025-07-11T00:59:04Z,0,29.864,80.9,39,72.0,3,3,70,49,0.0,255,32767,0.0,2127-15-31,0.0,0.12,27.44,0.0,0.0,0.0,0,1.271484375,6,45,05:56,20:31,2025-07-11 00:59:04.493049,Castel Volturno,43.4,7.9591365,5.250829,5.6235967,10.612889,75.4,6.3677335,4.373515,3.7,6.9285707,76.2,6.9698105,9.372661,7.2646894,6.3396225,52.3,4.4428573,4.1571426,58.4
2025-07-11T00:59:15Z,0,29.864,80.9,39,72.0,5,3,59,49,0.0,255,32767,0.0,2127-15-31,0.0,0.12,27.44,0.0,0.0,0.0,0,1.271484375,6,45,05:56,20:31,2025-07-11 00:59:15.047051,Castel Volturno,43.4,7.9591365,5.250829,5.6235967,10.612889,75.4,6.3677335,4.373515,3.7,6.9285707,76.2,6.9698105,9.372661,7.2646894,6.3396225,52.3,4.4428573,4.1571426,58.4
2025-07-11T00:59:25Z,0,29.864,80.9,39,71.9,6,3,67,49,0.0,255,32767,0.0,2127-15-31,0.0,0.12,27.44,0.0,0.0,0.0,0,1.271484375,6,45,05:56,20:31,2025-07-11 00:59:25.601064,Castel Volturno,43.4,7.9591365,5.250829,5.6235967,10.612889,75.4,6.3677335,4.373515,3.7,6.9285707,76.2,6.9698105,9.372661,7.2646894,6.3396225,52.3,4.4428573,4.1571426,58.4
2025-07-11T00:59:36Z,0,29.864,80.9,39,72.0,2,3,88,49,0.0,255,32767,0.0,2127-15-31,0.0,0.12,27.44,0.0,0.0,0.0,0,1.271484375,6,45,05:56,20:31,2025-07-11 00:59:36.155047,Castel Volturno,43.4,7.9591365,5.250829,5.6235967,10.612889,75.4,6.3677335,4.373515,3.7,6.9285707,76.2,6.9698105,9.372661,7.2646894,6.3396225,52.3,4.4428573,4.1571426,58.4
2025-07-11T00:59:46Z,0,29.864,80.9,39,72.0,4,3,39,49,0.0,255,32767,0.0,2127-15-31,0.0,0.12,27.44,0.0,0.0,0.0,0,1.271484375,6,45,05:56,20:31,2025-07-11 00:59:46.706046,Castel Volturno,43.4,7.9591365,5.250829,5.6235967,10.612889,75.4,6.3677335,4.373515,3.7,6.9285707,76.2,6.9698105,9.372661,7.2646894,6.3396225,52.3,4.4428573,4.1571426,58.4
2025-07-11T00:59:57Z,0,29.865,80.8,39,71.9,3,4,80,49,0.0,255,32767,0.0,2127-15-31,0.0,0.12,27.44,0.0,0.0,0.0,0,0.84375,6,45,05:56,20:31,2025-07-11 00:59:57.260043,Castel Volturno,43.4,7.9591365,5.250829,5.6235967,10.612889,75.4,6.3677335,4.373515,3.7,6.9285707,76.2,6.9698105,9.372661,7.2646894,6.3396225,52.3,4.4428573,4.1571426,58.4
2025-07-11T01:00:08Z,0,29.865,80.8,39,71.9,2,4,72,49,0.0,255,32767,0.0,2127-15-31,0.0,0.12,27.44,0.0,0.0,0.0,0,0.84375,6,45,05:56,20:31,2025-07-11 01:00:08.355044,Castel Volturno,43.4,7.9591365,5.250829,5.6235967,10.612889,75.4,6.3677335,4.373515,3.7,6.9285707,76.2,6.9698105,9.372661,7.2646894,6.3396225,52.3,4.4428573,4.1571426,58.4
2025-07-11T01:00:19Z,0,29.865,80.8,39,71.9,3,4,60,49,0.0,255,32767,0.0,2127-15-31,0.0,0.12,27.44,0.0,0.0,0.0,0,0.84375,6,45,05:56,20:31,2025-07-11 01:00:18.909048,Castel Volturno,43.4,7.9591365,5.250829,5.6235967,10.612889,75.4,6.3677335,4.373515,3.7,6.9285707,76.2,6.9698105,9.372661,7.2646894,6.3396225,52.3,4.4428573,4.1571426,58.4
2025-07-11T01:00:29Z,0,29.865,80.8,39,72.0,4,4,59,49,0.0,255,32767,0.0,2127-15-31,0.0,0.12,27.44,0.0,0.0,0.0,0,0.84375,6,45,05:56,20:31,2025-07-11 01:00:29.465050,Castel Volturno,43.4,7.9591365,5.250829,5.6235967,10.612889,75.4,6.3677335,4.373515,3.7,6.9285707,76.2,6.9698105,9.372661,7.2646894,6.3396225,52.3,4.4428573,4.1571426,58.4
2025-07-11T01:00:40Z,0,29.865,80.8,39,72.0,3,4,59,50,0.0,255,32767,0.0,2127-15-31,0.0,0.12,27.44,0.0,0.0,0.0,0,0.84375,6,45,05:56,20:31,2025-07-11 01:00:39.997642,Castel Volturno,43.4,7.9591365,5.250829,5.6235967,10.612889,75.4,6.3677335,4.373515,3.7,6.9285707,76.2,6.9698105,9.372661,7.2646894,6.3396225,52.3,4.4428573,4.1571426,58.4
2025-07-11T01:00:50Z,0,29.863,80.8,39,72.0,4,4,61,50,0.0,255,32767,0.0,2127-15-31,0.0,0.12,27.44,0.0,0.0,0.0,0,0.84375,6,45,05:56,20:31,2025-07-11 01:00:50.587051,Castel Volturno,43.4,7.9591365,5.250829,5.6235967,10.612889,75.4,6.3677335,4.373515,3.7,6.9285707,76.2,6.9698105,9.372661,7.2646894,6.3396225,52.3,4.4428573,4.1571426,58.4
2025-07-11T01:01:01Z,0,29.863,80.8,39,71.9,3,4,67,50,0.0,255,32767,0.0,2127-15-31,0.0,0.12,27.44,0.0,0.0,0.0,0,0.84375,6,45,05:56,20:31,2025-07-11 01:01:01.141055,Castel Volturno,43.4,7.9591365,5.250829,5.6235967,10.612889,75.4,6.3677335,4.373515,3.7,6.9285707,76.2,6.9698105,9.372661,7.2646894,6.3396225,52.3,4.4428573,4.1571426,58.4
2025-07-11T01:01:11Z,0,29.863,80.8,39,71.9,3,4,86,50,0.0,255,32767,0.0,2127-15-31,0.0,0.12,27.44,0.0,0.0,0.0,0,0.84375,6,45,05:56,20:31,2025-07-11 01:01:11.695048,Castel Volturno,43.4,7.9591365,5.250829,5.6235967,10.612889,75.4,6.3677335,4.373515,3.7,6.9285707,76.2,6.9698105,9.372661,7.2646894,6.3396225,52.3,4.4428573,4.1571426,58.4
2025-07-11T01:01:22Z,0,29.863,80.8,39,71.9,3,4,360,50,0.0,255,32767,0.0,2127-15-31,0.0,0.12,27.44,0.0,0.0,0.0,0,0.84375,6,45,05:56,20:31,2025-07-11 01:01:22.281044,Castel Volturno,43.4,7.9591365,5.250829,5.6235967,10.612889,75.4,6.3677335,4.373515,3.7,6.9285707,76.2,6.9698105,9.372661,7.2646894,6.3396225,52.3,4.4428573,4.1571426,58.4
2025-07-11T01:01:33Z,0,29.863,80.8,39,71.9,2,4,71,50,0.0,255,32767,0.0,2127-15-31,0.0,0.12,27.44,0.0,0.0,0.0,0,0.84375,6,45,05:56,20:31,2025-07-11 01:01:32.835051,Castel Volturno,43.4,7.9591365,5.250829,5.6235967,10.612889,75.4,6.3677335,4.373515,3.7,6.9285707,76.2,6.9698105,9.372661,7.2646894,6.3396225,52.3,4.4428573,4.1571426,58.4
2025-07-11T01:01:43Z,0,29.863,80.8,39,71.9,2,4,90,50,0.0,255,32767,0.0,2127-15-31,0.0,0.12,27.44,0.0,0.0,0.0,0,0.84375,6,45,05:56,20:31,2025-07-11 01:01:43.385046,Castel Volturno,43.4,7.9591365,5.250829,5.6235967,10.612889,75.4,6.3677335,4.373515,3.7,6.9285707,76.2,6.9698105,9.372661,7.2646894,6.3396225,52.3,4.4428573,4.1571426,58.4
2025-07-11T01:01:54Z,0,29.863,80.8,39,71.9,4,3,67,50,0.0,255,32767,0.0,2127-15-31,0.0,0.12,27.44,0.0,0.0,0.0,0,0.84375,6,45,05:56,20:31,2025-07-11 01:01:53.939048,Castel Volturno,43.4,7.9591365,5.250829,5.6235967,10.612889,75.4,6.3677335,4.373515,3.7,6.9285707,76.2,6.9698105,9.372661,7.2646894,6.3396225,52.3,4.4428573,4.1571426,58.4
2025-07-11T01:02:04Z,0,29.863,80.8,39,71.9,3,3,44,50,0.0,255,32767,0.0,2127-15-31,0.0,0.12,27.44,0.0,0.0,0.0,0,0.84375,6,45,05:56,20:31,2025-07-11 01:02:04.493044,Castel Volturno,43.4,7.9591365,5.250829,5.6235967,10.612889,75.4,6.3677335,4.373515,3.7,6.9285707,76.2,6.9698105,9.372661,7.2646894,6.3396225,52.3,4.4428573,4.1571426,58.4
2025-07-11T01:02:15Z,0,29.863,80.8,39,71.9,1,3,63,50,0.0,255,32767,0.0,2127-15-31,0.0,0.12,27.44,0.0,0.0,0.0,0,0.84375,6,45,05:56,20:31,2025-07-11 01:02:15.047053,Castel Volturno,43.4,7.9591365,5.250829,5.6235967,10.612889,75.4,6.3677335,4.373515,3.7,6.9285707,76.2,6.9698105,9.372661,7.2646894,6.3396225,52.3,4.4428573,4.1571426,58.4
2025-07-11T01:02:25Z,0,29.863,80.8,39,71.9,0,3,34,49,0.0,255,32767,0.0,2127-15-31,0.0,0.12,27.44,0.0,0.0,0.0,0,0.84375,6,45,05:56,20:31,2025-07-11 01:02:25.600046,Castel Volturno,43.4,7.9591365,5.250829,5.6235967,10.612889,75.4,6.3677335,4.373515,3.7,6.9285707,76.2,6.9698105,9.372661,7.2646894,6.3396225,52.3,4.4428573,4.1571426,58.4
2025-07-11T01:02:36Z,0,29.863,80.8,39,71.9,3,3,29,49,0.0,255,32767,0.0,2127-15-31,0.0,0.12,27.44,0.0,0.0,0.0,0,0.84375,6,45,05:56,20:31,2025-07-11 01:02:36.154047,Castel Volturno,43.4,7.9591365,5.250829,5.6235967,10.612889,75.4,6.3677335,4.373515,3.7,6.9285707,76.2,6.9698105,9.372661,7.2646894,6.3396225,52.3,4.4428573,4.1571426,58.4
2025-07-11T01:02:46Z,0,29.863,80.8,39,71.9,3,3,69,49,0.0,255,32767,0.0,2127-15-31,0.0,0.12,27.44,0.0,0.0,0.0,0,0.84375,6,45,05:56,20:31,2025-07-11 01:02:46.708049,Castel Volturno,43.4,7.9591365,5.250829,5.6235967,10.612889,75.4,6.3677335,4.373515,3.7,6.9285707,76.2,6.9698105,9.372661,7.2646894,6.3396225,52.3,4.4428573,4.1571426,58.4
2025-07-11T01:02:57Z,0,29.863,80.8,39,71.9,2,3,57,49,0.0,255,32767,0.0,2127-15-31,0.0,0.12,27.44,0.0,0.0,0.0,0,0.84375,6,45,05:56,20:31,2025-07-11 01:02:57.262046,Castel Volturno,43.4,7.9591365,5.250829,5.6235967,10.612889,75.4,6.3677335,4.373515,3.7,6.9285707,76.2,6.9698105,9.372661,7.2646894,6.3396225,52.3,4.4428573,4.1571426,58.4
2025-07-11T01:03:08Z,0,29.863,80.8,39,71.9,3,3,54,49,0.0,255,32767,0.0,2127-15-31,0.0,0.12,27.44,0.0,0.0,0.0,0,0.84375,6,45,05:56,20:31,2025-07-11 01:03:07.816059,Castel Volturno,43.4,7.9591365,5.250829,5.6235967,10.612889,75.4,6.3677335,4.373515,3.7,6.9285707,76.2,6.9698105,9.372661,7.2646894,6.3396225,52.3,4.4428573,4.1571426,58.4
2025-07-11T01:03:18Z,0,29.863,80.8,39,71.9,3,3,53,49,0.0,255,32767,0.0,2127-15-31,0.0,0.12,27.44,0.0,0.0,0.0,0,0.84375,6,45,05:56,20:31,2025-07-11 01:03:18.370043,Castel Volturno,43.4,7.9591365,5.250829,5.6235967,10.612889,75.4,6.3677335,4.373515,3.7,6.9285707,76.2,6.9698105,9.372661,7.2646894,6.3396225,52.3,4.4428573,4.1571426,58.4
2025-07-11T01:03:29Z,0,29.863,80.8,39,71.9,3,3,55,49,0.0,255,32767,0.0,2127-15-31,0.0,0.12,27.44,0.0,0.0,0.0,0,0.84375,6,45,05:56,20:31,2025-07-11 01:03:28.924052,Castel Volturno,43.4,7.9591365,5.250829,5.6235967,10.612889,75.4,6.3677335,4.373515,3.7,6.9285707,76.2,6.9698105,9.372661,7.2646894,6.3396225,52.3,4.4428573,4.1571426,58.4
2025-07-11T01:03:39Z,0,29.863,80.8,39,71.9,6,3,94,49,0.0,255,32767,0.0,2127-15-31,0.0,0.12,27.44,0.0,0.0,0.0,0,0.84375,6,45,05:56,20:31,2025-07-11 01:03:39.511049,Castel Volturno,43.4,7.9591365,5.250829,5.6235967,10.612889,75.4,6.3677335,4.373515,3.7,6.9285707,76.2,6.9698105,9.372661,7.2646894,6.3396225,52.3,4.4428573,4.1571426,58.4
2025-07-11T01:03:50Z,0,29.863,80.7,38,71.9,3,3,60,49,0.0,255,32767,0.0,2127-15-31,0.0,0.12,27.44,0.0,0.0,0.0,0,0.8203125,6,45,05:56,20:31,2025-07-11 01:03:50.177049,Castel Volturno,43.4,7.9591365,5.250829,5.6235967,10.612889,75.4,6.3677335,4.373515,3.7,6.9285707,76.2,6.9698105,9.372661,7.2646894,6.3396225,52.3,4.4428573,4.1571426,58.4
2025-07-11T01:04:00Z,0,29.861,80.7,38,71.9,2,3,67,49,0.0,255,32767,0.0,2127-15-31,0.0,0.12,27.44,0.0,0.0,0.0,0,0.8203125,6,45,05:56,20:31,2025-07-11 01:04:00.731053,Castel Volturno,43.4,7.9591365,5.250829,5.6235967,10.612889,75.4,6.3677335,4.373515,3.7,6.9285707,76.2,6.9698105,9.372661,7.2646894,6.3396225,52.3,4.4428573,4.1571426,58.4
2025-07-11T01:04:11Z,0,29.861,80.7,38,71.9,4,3,70,49,0.0,255,32767,0.0,2127-15-31,0.0,0.12,27.44,0.0,0.0,0.0,0,0.8203125,6,45,05:56,20:31,2025-07-11 01:04:11.285051,Castel Volturno,43.4,7.9591365,5.250829,5.6235967,10.612889,75.4,6.3677335,4.373515,3.7,6.9285707,76.2,6.9698105,9.372661,7.2646894,6.3396225,52.3,4.4428573,4.1571426,58.4
2025-07-11T01:04:22Z,0,29.861,80.7,38,71.9,3,3,93,49,0.0,255,32767,0.0,2127-15-31,0.0,0.12,27.44,0.0,0.0,0.0,0,0.8203125,6,45,05:56,20:31,2025-07-11 01:04:21.841051,Castel Volturno,43.4,7.9591365,5.250829,5.6235967,10.612889,75.4,6.3677335,4.373515,3.7,6.9285707,76.2,6.9698105,9.372661,7.2646894,6.3396225,52.3,4.4428573,4.1571426,58.4
2025-07-11T01:04:32Z,0,29.861,80.7,38,71.9,3,3,65,49,0.0,255,32767,0.0,2127-15-31,0.0,0.12,27.44,0.0,0.0,0.0,0,0.8203125,6,45,05:56,20:31,2025-07-11 01:04:32.395050,Castel Volturno,43.4,7.9591365,5.250829,5.6235967,10.612889,75.4,6.3677335,4.373515,3.7,6.9285707,76.2,6.9698105,9.372661,7.2646894,6.3396225,52.3,4.4428573,4.1571426,58.4
2025-07-11T01:04:43Z,0,29.861,80.7,38,71.9,6,3,64,49,0.0,255,32767,0.0,2127-15-31,0.0,0.12,27.44,0.0,0.0,0.0,0,0.8203125,6,45,05:56,20:31,2025-07-11 01:04:42.949049,Castel Volturno,43.4,7.9591365,5.250829,5.6235967,10.612889,75.4,6.3677335,4.373515,3.7,6.9285707,76.2,6.9698105,9.372661,7.2646894,6.3396225,52.3,4.4428573,4.1571426,58.4
2025-07-11T01:04:53Z,0,29.86,80.7,39,71.9,5,3,82,49,0.0,255,32767,0.0,2127-15-31,0.0,0.12,27.44,0.0,0.0,0.0,0,0.884765625,6,45,05:56,20:31,2025-07-11 01:04:53.503044,Castel Volturno,43.4,7.9591365,5.250829,5.6235967,10.612889,75.4,6.3677335,4.373515,3.7,6.9285707,76.2,6.9698105,9.372661,7.2646894,6.3396225,52.3,4.4428573,4.1571426,58.4
2025-07-11T01:05:04Z,0,29.86,80.7,39,71.9,2,3,48,49,0.0,255,32767,0.0,2127-15-31,0.0,0.12,27.44,0.0,0.0,0.0,0,0.884765625,6,45,05:56,20:31,2025-07-11 01:05:04.057057,Castel Volturno,43.3,7.560927,5.282018,5.127746,10.077964,75.2,6.046778,4.4022145,3.6714287,7.1190476,76.0,6.5980406,8.546244,6.9383063,5.883238,52.1,4.8714285,4.2714286,58.2
2025-07-11T01:05:15Z,0,29.86,80.7,39,71.9,2,3,62,49,0.0,255,32767,0.0,2127-15-31,0.0,0.12,27.44,0.0,0.0,0.0,0,0.884765625,6,45,05:56,20:31,2025-07-11 01:05:15.155068,Castel Volturno,43.3,7.560927,5.282018,5.127746,10.077964,75.2,6.046778,4.4022145,3.6714287,7.1190476,76.0,6.5980406,8.546244,6.9383063,5.883238,52.1,4.8714285,4.2714286,58.2
2025-07-11T01:05:25Z,0,29.86,80.7,39,71.9,4,3,72,49,0.0,255,32767,0.0,2127-15-31,0.0,0.12,27.44,0.0,0.0,0.0,0,0.884765625,6,45,05:56,20:31,2025-07-11 01:05:25.742006,Castel Volturno,43.3,7.560927,5.282018,5.127746,10.077964,75.2,6.046778,4.4022145,3.6714287,7.1190476,76.0,6.5980406,8.546244,6.9383063,5.883238,52.1,4.8714285,4.2714286,58.2
2025-07-11T01:05:36Z,0,29.86,80.7,39,71.9,6,3,65,49,0.0,255,32767,0.0,2127-15-31,0.0,0.12,27.44,0.0,0.0,0.0,0,0.884765625,6,45,05:56,20:31,2025-07-11 01:05:36.296045,Castel Volturno,43.3,7.560927,5.282018,5.127746,10.077964,75.2,6.046778,4.4022145,3.6714287,7.1190476,76.0,6.5980406,8.546244,6.9383063,5.883238,52.1,4.8714285,4.2714286,58.2
2025-07-11T01:05:47Z,0,29.86,80.7,39,71.9,4,3,71,49,0.0,255,32767,0.0,2127-15-31,0.0,0.12,27.44,0.0,0.0,0.0,0,0.884765625,6,45,05:56,20:31,2025-07-11 01:05:46.883049,Castel Volturno,43.3,7.560927,5.282018,5.127746,10.077964,75.2,6.046778,4.4022145,3.6714287,7.1190476,76.0,6.5980406,8.546244,6.9383063,5.883238,52.1,4.8714285,4.2714286,58.2
2025-07-11T01:05:57Z,0,29.86,80.7,38,71.9,7,4,86,49,0.0,255,32767,0.0,2127-15-31,0.0,0.12,27.44,0.0,0.0,0.0,0,1.236328125,6,45,05:56,20:31,2025-07-11 01:05:57.437045,Castel Volturno,43.3,7.560927,5.282018,5.127746,10.077964,75.2,6.046778,4.4022145,3.6714287,7.1190476,76.0,6.5980406,8.546244,6.9383063,5.883238,52.1,4.8714285,4.2714286,58.2
2025-07-11T01:06:08Z,0,29.86,80.7,38,71.9,5,4,81,49,0.0,255,32767,0.0,2127-15-31,0.0,0.12,27.44,0.0,0.0,0.0,0,1.236328125,6,45,05:56,20:31,2025-07-11 01:06:07.991062,Castel Volturno,43.3,7.560927,5.282018,5.127746,10.077964,75.2,6.046778,4.4022145,3.6714287,7.1190476,76.0,6.5980406,8.546244,6.9383063,5.883238,52.1,4.8714285,4.2714286,58.2
2025-07-11T01:06:18Z,0,29.86,80.7,38,71.9,4,4,74,49,0.0,255,32767,0.0,2127-15-31,0.0,0.12,27.44,0.0,0.0,0.0,0,1.236328125,6,45,05:56,20:31,2025-07-11 01:06:18.545050,Castel Volturno,43.3,7.560927,5.282018,5.127746,10.077964,75.2,6.046778,4.4022145,3.6714287,7.1190476,76.0,6.5980406,8.546244,6.9383063,5.883238,52.1,4.8714285,4.2714286,58.2
2025-07-11T01:06:29Z,0,29.86,80.7,38,71.9,3,4,38,49,0.0,255,32767,0.0,2127-15-31,0.0,0.12,27.44,0.0,0.0,0.0,0,1.236328125,6,45,05:56,20:31,2025-07-11 01:06:29.087047,Castel Volturno,43.3,7.560927,5.282018,5.127746,10.077964,75.2,6.046778,4.4022145,3.6714287,7.1190476,76.0,6.5980406,8.546244,6.9383063,5.883238,52.1,4.8714285,4.2714286,58.2
2025-07-11T01:06:39Z,0,29.86,80.7,38,71.9,3,4,43,49,0.0,255,32767,0.0,2127-15-31,0.0,0.12,27.44,0.0,0.0,0.0,0,1.236328125,6,45,05:56,20:31,2025-07-11 01:06:39.657051,Castel Volturno,43.3,7.560927,5.282018,5.127746,10.077964,75.2,6.046778,4.4022145,3.6714287,7.1190476,76.0,6.5980406,8.546244,6.9383063,5.883238,52.1,4.8714285,4.2714286,58.2
2025-07-11T01:06:50Z,0,29.86,80.7,39,71.9,4,4,59,49,0.0,255,32767,0.0,2127-15-31,0.0,0.12,27.44,0.0,0.0,0.0,0,0.814453125,6,45,05:56,20:31,2025-07-11 01:06:50.224045,Castel Volturno,43.3,7.560927,5.282018,5.127746,10.077964,75.2,6.046778,4.4022145,3.6714287,7.1190476,76.0,6.5980406,8.546244,6.9383063,5.883238,52.1,4.8714285,4.2714286,58.2
2025-07-11T01:07:00Z,0,29.858,80.7,39,71.9,4,4,59,49,0.0,255,32767,0.0,2127-15-31,0.0,0.12,27.44,0.0,0.0,0.0,0,0.814453125,6,45,05:56,20:31,2025-07-11 01:07:00.778044,Castel Volturno,43.3,7.560927,5.282018,5.127746,10.077964,75.2,6.046778,4.4022145,3.6714287,7.1190476,76.0,6.5980406,8.546244,6.9383063,5.883238,52.1,4.8714285,4.2714286,58.2
2025-07-11T01:07:11Z,0,29.858,80.7,39,71.9,2,4,34,49,0.0,255,32767,0.0,2127-15-31,0.0,0.12,27.44,0.0,0.0,0.0,0,0.814453125,6,45,05:56,20:31,2025-07-11 01:07:11.332042,Castel Volturno,43.3,7.560927,5.282018,5.127746,10.077964,75.2,6.046778,4.4022145,3.6714287,7.1190476,76.0,6.5980406,8.546244,6.9383063,5.883238,52.1,4.8714285,4.2714286,58.2
2025-07-11T01:07:22Z,0,29.858,80.7,39,71.9,3,4,28,49,0.0,255,32767,0.0,2127-15-31,0.0,0.12,27.44,0.0,0.0,0.0,0,0.814453125,6,45,05:56,20:31,2025-07-11 01:07:21.886011,Castel Volturno,43.3,7.560927,5.282018,5.127746,10.077964,75.2,6.046778,4.4022145,3.6714287,7.1190476,76.0,6.5980406,8.546244,6.9383063,5.883238,52.1,4.8714285,4.2714286,58.2
2025-07-11T01:07:32Z,0,29.858,80.7,39,71.9,4,4,82,49,0.0,255,32767,0.0,2127-15-31,0.0,0.12,27.44,0.0,0.0,0.0,0,0.814453125,6,45,05:56,20:31,2025-07-11 01:07:32.440040,Castel Volturno,43.3,7.560927,5.282018,5.127746,10.077964,75.2,6.046778,4.4022145,3.6714287,7.1190476,76.0,6.5980406,8.546244,6.9383063,5.883238,52.1,4.8714285,4.2714286,58.2
2025-07-11T01:07:43Z,0,29.858,80.7,39,71.9,8,4,66,49,0.0,255,32767,0.0,2127-15-31,0.0,0.12,27.44,0.0,0.0,0.0,0,0.814453125,6,45,05:56,20:31,2025-07-11 01:07:42.994047,Castel Volturno,43.3,7.560927,5.282018,5.127746,10.077964,75.2,6.046778,4.4022145,3.6714287,7.1190476,76.0,6.5980406,8.546244,6.9383063,5.883238,52.1,4.8714285,4.2714286,58.2
2025-07-11T01:07:53Z,236,29.857,80.7,39,71.9,3,4,55,49,0.0,255,32767,0.0,2127-15-31,0.0,0.12,27.44,0.0,0.0,0.0,0,2.6484375,6,45,05:56,20:31,2025-07-11 01:07:53.579056,Castel Volturno,43.3,7.560927,5.282018,5.127746,10.077964,75.2,6.046778,4.4022145,3.6714287,7.1190476,76.0,6.5980406,8.546244,6.9383063,5.883238,52.1,4.8714285,4.2714286,58.2
2025-07-11T01:08:04Z,236,29.857,80.7,39,71.9,4,4,67,49,0.0,255,32767,0.0,2127-15-31,0.0,0.12,27.44,0.0,0.0,0.0,0,2.6484375,6,45,05:56,20:31,2025-07-11 01:08:04.133051,Castel Volturno,43.3,7.560927,5.282018,5.127746,10.077964,75.2,6.046778,4.4022145,3.6714287,7.1190476,76.0,6.5980406,8.546244,6.9383063,5.883238,52.1,4.8714285,4.2714286,58.2
2025-07-11T01:08:14Z,236,29.857,80.7,39,71.9,4,4,68,49,0.0,255,32767,0.0,2127-15-31,0.0,0.12,27.44,0.0,0.0,0.0,0,2.6484375,6,45,05:56,20:31,2025-07-11 01:08:14.687054,Castel Volturno,43.3,7.560927,5.282018,5.127746,10.077964,75.2,6.046778,4.4022145,3.6714287,7.1190476,76.0,6.5980406,8.546244,6.9383063,5.883238,52.1,4.8714285,4.2714286,58.2
2025-07-11T01:08:25Z,236,29.857,80.7,39,71.9,2,4,85,49,0.0,255,32767,0.0,2127-15-31,0.0,0.12,27.44,0.0,0.0,0.0,0,2.6484375,6,45,05:56,20:31,2025-07-11 01:08:25.238045,Castel Volturno,43.3,7.560927,5.282018,5.127746,10.077964,75.2,6.046778,4.4022145,3.6714287,7.1190476,76.0,6.5980406,8.546244,6.9383063,5.883238,52.1,4.8714285,4.2714286,58.2
2025-07-11T01:08:35Z,236,29.857,80.7,39,71.9,3,4,61,49,0.0,255,32767,0.0,2127-15-31,0.0,0.12,27.44,0.0,0.0,0.0,0,2.6484375,6,45,05:56,20:31,2025-07-11 01:08:35.792047,Castel Volturno,43.3,7.560927,5.282018,5.127746,10.077964,75.2,6.046778,4.4022145,3.6714287,7.1190476,76.0,6.5980406,8.546244,6.9383063,5.883238,52.1,4.8714285,4.2714286,58.2
2025-07-11T01:08:46Z,236,29.857,80.7,39,71.9,3,4,61,49,0.0,255,32767,0.0,2127-15-31,0.0,0.12,27.44,0.0,0.0,0.0,0,2.6484375,6,45,05:56,20:31,2025-07-11 01:08:46.346043,Castel Volturno,43.3,7.560927,5.282018,5.127746,10.077964,75.2,6.046778,4.4022145,3.6714287,7.1190476,76.0,6.5980406,8.546244,6.9383063,5.883238,52.1,4.8714285,4.2714286,58.2
2025-07-11T01:08:57Z,236,29.86,80.6,38,71.9,4,3,76,49,0.0,255,32767,0.0,2127-15-31,0.0,0.12,27.44,0.0,0.0,0.0,0,0.83203125,6,45,05:56,20:31,2025-07-11 01:08:56.900053,Castel Volturno,43.3,7.560927,5.282018,5.127746,10.077964,75.2,6.046778,4.4022145,3.6714287,7.1190476,76.0,6.5980406,8.546244,6.9383063,5.883238,52.1,4.8714285,4.2714286,58.2
2025-07-11T01:09:07Z,236,29.86,80.6,38,71.9,3,3,78,49,0.0,255,32767,0.0,2127-15-31,0.0,0.12,27.44,0.0,0.0,0.0,0,0.83203125,6,45,05:56,20:31,2025-07-11 01:09:07.454045,Castel Volturno,43.3,7.560927,5.282018,5.127746,10.077964,75.2,6.046778,4.4022145,3.6714287,7.1190476,76.0,6.5980406,8.546244,6.9383063,5.883238,52.1,4.8714285,4.2714286,58.2
2025-07-11T01:09:18Z,236,29.86,80.6,38,71.9,3,3,24,49,0.0,255,32767,0.0,2127-15-31,0.0,0.12,27.44,0.0,0.0,0.0,0,0.83203125,6,45,05:56,20:31,2025-07-11 01:09:18.008043,Castel Volturno,43.3,7.560927,5.282018,5.127746,10.077964,75.2,6.046778,4.4022145,3.6714287,7.1190476,76.0,6.5980406,8.546244,6.9383063,5.883238,52.1,4.8714285,4.2714286,58.2
2025-07-11T01:09:28Z,236,29.86,80.6,38,71.9,4,3,64,49,0.0,255,32767,0.0,2127-15-31,0.0,0.12,27.44,0.0,0.0,0.0,0,0.83203125,6,45,05:56,20:31,2025-07-11 01:09:28.562006,Castel Volturno,43.3,7.560927,5.282018,5.127746,10.077964,75.2,6.046778,4.4022145,3.6714287,7.1190476,76.0,6.5980406,8.546244,6.9383063,5.883238,52.1,4.8714285,4.2714286,58.2
2025-07-11T01:09:39Z,236,29.86,80.6,38,71.9,4,3,94,49,0.0,255,32767,0.0,2127-15-31,0.0,0.12,27.44,0.0,0.0,0.0,0,0.83203125,6,45,05:56,20:31,2025-07-11 01:09:39.115053,Castel Volturno,43.3,7.560927,5.282018,5.127746,10.077964,75.2,6.046778,4.4022145,3.6714287,7.1190476,76.0,6.5980406,8.546244,6.9383063,5.883238,52.1,4.8714285,4.2714286,58.2
2025-07-11T01:09:49Z,236,29.86,80.6,38,71.9,5,3,64,49,0.0,255,32767,0.0,2127-15-31,0.0,0.12,27.44,0.0,0.0,0.0,0,0.83203125,6,45,05:56,20:31,2025-07-11 01:09:49.669047,Castel Volturno,43.3,7.560927,5.282018,5.127746,10.077964,75.2,6.046778,4.4022145,3.6714287,7.1190476,76.0,6.5980406,8.546244,6.9383063,5.883238,52.1,4.8714285,4.2714286,58.2
2025-07-11T01:10:00Z,236,29.859,80.6,39,71.9,6,3,40,49,0.0,255,32767,0.0,2127-15-31,0.0,0.12,27.44,0.0,0.0,0.0,0,0.861328125,6,45,05:56,20:31,2025-07-11 01:10:00.256060,Castel Volturno,43.3,7.560927,5.282018,5.127746,10.077964,75.2,6.046778,4.4022145,3.6714287,7.1190476,76.0,6.5980406,8.546244,6.9383063,5.883238,52.1,4.8714285,4.2714286,58.2
2025-07-11T01:10:11Z,236,29.859,80.6,39,71.9,7,3,12,49,0.0,255,32767,0.0,2127-15-31,0.0,0.12,27.44,0.0,0.0,0.0,0,0.861328125,6,45,05:56,20:31,2025-07-11 01:10:10.842048,Castel Volturno,43.3,7.560927,5.282018,5.127746,10.077964,75.2,6.046778,4.4022145,3.6714287,7.1190476,76.0,6.5980406,8.546244,6.9383063,5.883238,52.1,4.8714285,4.2714286,58.2
2025-07-11T01:10:22Z,236,29.859,80.6,39,71.9,4,3,62,49,0.0,255,32767,0.0,2127-15-31,0.0,0.12,27.44,0.0,0.0,0.0,0,0.861328125,6,45,05:56,20:31,2025-07-11 01:10:21.928049,Castel Volturno,43.3,7.560927,5.282018,5.127746,10.077964,75.2,6.046778,4.4022145,3.6714287,7.1190476,76.0,6.5980406,8.546244,6.9383063,5.883238,52.1,4.8714285,4.2714286,58.2
2025-07-11T01:10:32Z,236,29.859,80.6,39,71.9,4,3,77,49,0.0,255,32767,0.0,2127-15-31,0.0,0.12,27.44,0.0,0.0,0.0,0,0.861328125,6,45,05:56,20:31,2025-07-11 01:10:32.482052,Castel Volturno,43.3,7.560927,5.282018,5.127746,10.077964,75.2,6.046778,4.4022145,3.6714287,7.1190476,76.0,6.5980406,8.546244,6.9383063,5.883238,52.1,4.8714285,4.2714286,58.2
2025-07-11T01:10:43Z,236,29.859,80.6,39,71.9,5,3,61,49,0.0,255,32767,0.0,2127-15-31,0.0,0.12,27.44,0.0,0.0,0.0,0,0.861328125,6,45,05:56,20:31,2025-07-11 01:10:43.036053,Castel Volturno,43.3,7.560927,5.282018,5.127746,10.077964,75.2,6.046778,4.4022145,3.6714287,7.1190476,76.0,6.5980406,8.546244,6.9383063,5.883238,52.1,4.8714285,4.2714286,58.2
2025-07-11T01:10:53Z,236,29.86,80.6,39,71.9,4,4,61,49,0.0,255,32767,0.0,2127-15-31,0.0,0.12,27.44,0.0,0.0,0.0,0,0.84375,6,45,05:56,20:31,2025-07-11 01:10:53.590009,Castel Volturno,43.3,7.560927,5.282018,5.127746,10.077964,75.2,6.046778,4.4022145,3.6714287,7.1190476,76.0,6.5980406,8.546244,6.9383063,5.883238,52.1,4.8714285,4.2714286,58.2
2025-07-11T01:11:04Z,236,29.86,80.6,39,71.9,5,4,57,49,0.0,255,32767,0.0,2127-15-31,0.0,0.12,27.44,0.0,0.0,0.0,0,0.84375,6,45,05:56,20:31,2025-07-11 01:11:04.145053,Castel Volturno,43.3,7.560927,5.282018,5.127746,10.077964,75.2,6.046778,4.4022145,3.6714287,7.1190476,76.0,6.5980406,8.546244,6.9383063,5.883238,52.1,4.8714285,4.2714286,58.2
2025-07-11T01:11:14Z,236,29.86,80.6,39,71.9,3,4,34,49,0.0,255,32767,0.0,2127-15-31,0.0,0.12,27.44,0.0,0.0,0.0,0,0.84375,6,45,05:56,20:31,2025-07-11 01:11:14.699043,Castel Volturno,43.3,7.560927,5.282018,5.127746,10.077964,75.2,6.046778,4.4022145,3.6714287,7.1190476,76.0,6.5980406,8.546244,6.9383063,5.883238,52.1,4.8714285,4.2714286,58.2
2025-07-11T01:11:25Z,236,29.86,80.6,39,71.9,5,4,76,49,0.0,255,32767,0.0,2127-15-31,0.0,0.12,27.44,0.0,0.0,0.0,0,0.84375,6,45,05:56,20:31,2025-07-11 01:11:25.253049,Castel Volturno,43.3,7.560927,5.282018,5.127746,10.077964,75.2,6.046778,4.4022145,3.6714287,7.1190476,76.0,6.5980406,8.546244,6.9383063,5.883238,52.1,4.8714285,4.2714286,58.2
2025-07-11T01:11:36Z,236,29.86,80.6,39,71.9,7,4,42,49,0.0,255,32767,0.0,2127-15-31,0.0,0.12,27.44,0.0,0.0,0.0,0,0.84375,6,45,05:56,20:31,2025-07-11 01:11:35.807043,Castel Volturno,43.3,7.560927,5.282018,5.127746,10.077964,75.2,6.046778,4.4022145,3.6714287,7.1190476,76.0,6.5980406,8.546244,6.9383063,5.883238,52.1,4.8714285,4.2714286,58.2
2025-07-11T01:11:46Z,236,29.86,80.6,39,71.9,5,4,64,49,0.0,255,32767,0.0,2127-15-31,0.0,0.12,27.44,0.0,0.0,0.0,0,0.84375,6,45,05:56,20:31,2025-07-11 01:11:46.361009,Castel Volturno,43.3,7.560927,5.282018,5.127746,10.077964,75.2,6.046778,4.4022145,3.6714287,7.1190476,76.0,6.5980406,8.546244,6.9383063,5.883238,52.1,4.8714285,4.2714286,58.2
2025-07-11T01:11:57Z,236,29.859,80.5,39,71.8,6,4,56,49,0.0,255,32767,0.0,2127-15-31,0.0,0.12,27.44,0.0,0.0,0.0,0,0.873046875,6,45,05:56,20:31,2025-07-11 01:11:56.948045,Castel Volturno,43.3,7.560927,5.282018,5.127746,10.077964,75.2,6.046778,4.4022145,3.6714287,7.1190476,76.0,6.5980406,8.546244,6.9383063,5.883238,52.1,4.8714285,4.2714286,58.2
2025-07-11T01:12:07Z,236,29.859,80.5,39,71.9,5,4,75,49,0.0,255,32767,0.0,2127-15-31,0.0,0.12,27.44,0.0,0.0,0.0,0,0.873046875,6,45,05:56,20:31,2025-07-11 01:12:07.502048,Castel Volturno,43.3,7.560927,5.282018,5.127746,10.077964,75.2,6.046778,4.4022145,3.6714287,7.1190476,76.0,6.5980406,8.546244,6.9383063,5.883238,52.1,4.8714285,4.2714286,58.2
2025-07-11T01:12:18Z,236,29.859,80.5,39,71.8,4,4,71,49,0.0,255,32767,0.0,2127-15-31,0.0,0.12,27.44,0.0,0.0,0.0,0,0.873046875,6,45,05:56,20:31,2025-07-11 01:12:18.056045,Castel Volturno,43.3,7.560927,5.282018,5.127746,10.077964,75.2,6.046778,4.4022145,3.6714287,7.1190476,76.0,6.5980406,8.546244,6.9383063,5.883238,52.1,4.8714285,4.2714286,58.2
2025-07-11T01:12:28Z,236,29.859,80.5,39,71.8,3,4,70,49,0.0,255,32767,0.0,2127-15-31,0.0,0.12,27.44,0.0,0.0,0.0,0,0.873046875,6,45,05:56,20:31,2025-07-11 01:12:28.611049,Castel Volturno,43.3,7.560927,5.282018,5.127746,10.077964,75.2,6.046778,4.4022145,3.6714287,7.1190476,76.0,6.5980406,8.546244,6.9383063,5.883238,52.1,4.8714285,4.2714286,58.2
2025-07-11T01:12:39Z,236,29.859,80.5,39,71.8,2,4,50,49,0.0,255,32767,0.0,2127-15-31,0.0,0.12,27.44,0.0,0.0,0.0,0,0.873046875,6,45,05:56,20:31,2025-07-11 01:12:39.165051,Castel Volturno,43.3,7.560927,5.282018,5.127746,10.077964,75.2,6.046778,4.4022145,3.6714287,7.1190476,76.0,6.5980406,8.546244,6.9383063,5.883238,52.1,4.8714285,4.2714286,58.2
2025-07-11T01:12:49Z,236,29.859,80.5,39,71.8,5,4,71,49,0.0,255,32767,0.0,2127-15-31,0.0,0.12,27.44,0.0,0.0,0.0,0,0.873046875,6,45,05:56,20:31,2025-07-11 01:12:49.701052,Castel Volturno,43.3,7.560927,5.282018,5.127746,10.077964,75.2,6.046778,4.4022145,3.6714287,7.1190476,76.0,6.5980406,8.546244,6.9383063,5.883238,52.1,4.8714285,4.2714286,58.2
2025-07-11T01:13:00Z,236,29.86,80.5,39,71.8,3,4,50,50,0.0,255,32767,0.0,2127-15-31,0.0,0.12,27.44,0.0,0.0,0.0,0,1.2421875,6,45,05:56,20:31,2025-07-11 01:13:00.272061,Castel Volturno,43.3,7.560927,5.282018,5.127746,10.077964,75.2,6.046778,4.4022145,3.6714287,7.1190476,76.0,6.5980406,8.546244,6.9383063,5.883238,52.1,4.8714285,4.2714286,58.2
2025-07-11T01:13:11Z,236,29.86,80.5,39,71.8,4,4,81,50,0.0,255,32767,0.0,2127-15-31,0.0,0.12,27.44,0.0,0.0,0.0,0,1.2421875,6,45,05:56,20:31,2025-07-11 01:13:10.877055,Castel Volturno,43.3,7.560927,5.282018,5.127746,10.077964,75.2,6.046778,4.4022145,3.6714287,7.1190476,76.0,6.5980406,8.546244,6.9383063,5.883238,52.1,4.8714285,4.2714286,58.2
2025-07-11T01:13:21Z,236,29.86,80.5,39,71.8,4,4,61,50,0.0,255,32767,0.0,2127-15-31,0.0,0.12,27.44,0.0,0.0,0.0,0,1.2421875,6,45,05:56,20:31,2025-07-11 01:13:21.431042,Castel Volturno,43.3,7.560927,5.282018,5.127746,10.077964,75.2,6.046778,4.4022145,3.6714287,7.1190476,76.0,6.5980406,8.546244,6.9383063,5.883238,52.1,4.8714285,4.2714286,58.2
2025-07-11T01:13:32Z,236,29.86,80.5,39,71.8,3,4,74,50,0.0,255,32767,0.0,2127-15-31,0.0,0.12,27.44,0.0,0.0,0.0,0,1.2421875,6,45,05:56,20:31,2025-07-11 01:13:31.985068,Castel Volturno,43.3,7.560927,5.282018,5.127746,10.077964,75.2,6.046778,4.4022145,3.6714287,7.1190476,76.0,6.5980406,8.546244,6.9383063,5.883238,52.1,4.8714285,4.2714286,58.2
2025-07-11T01:13:42Z,236,29.86,80.5,39,71.7,4,4,58,50,0.0,255,32767,0.0,2127-15-31,0.0,0.12,27.44,0.0,0.0,0.0,0,1.2421875,6,45,05:56,20:31,2025-07-11 01:13:42.540041,Castel Volturno,43.3,7.560927,5.282018,5.127746,10.077964,75.2,6.046778,4.4022145,3.6714287,7.1190476,76.0,6.5980406,8.546244,6.9383063,5.883238,52.1,4.8714285,4.2714286,58.2
2025-07-11T01:13:53Z,236,29.859,80.5,39,71.8,6,4,54,50,0.0,255,32767,0.0,2127-15-31,0.0,0.12,27.44,0.0,0.0,0.0,0,2.384765625,6,45,05:56,20:31,2025-07-11 01:13:53.094039,Castel Volturno,43.3,7.560927,5.282018,5.127746,10.077964,75.2,6.046778,4.4022145,3.6714287,7.1190476,76.0,6.5980406,8.546244,6.9383063,5.883238,52.1,4.8714285,4.2714286,58.2
2025-07-11T01:14:03Z,236,29.859,80.5,39,71.8,5,4,82,50,0.0,255,32767,0.0,2127-15-31,0.0,0.12,27.44,0.0,0.0,0.0,0,2.384765625,6,45,05:56,20:31,2025-07-11 01:14:03.680062,Castel Volturno,43.3,7.560927,5.282018,5.127746,10.077964,75.2,6.046778,4.4022145,3.6714287,7.1190476,76.0,6.5980406,8.546244,6.9383063,5.883238,52.1,4.8714285,4.2714286,58.2
2025-07-11T01:14:14Z,236,29.859,80.5,39,71.7,2,4,51,50,0.0,255,32767,0.0,2127-15-31,0.0,0.12,27.44,0.0,0.0,0.0,0,2.384765625,6,45,05:56,20:31,2025-07-11 01:14:14.234056,Castel Volturno,43.3,7.560927,5.282018,5.127746,10.077964,75.2,6.046778,4.4022145,3.6714287,7.1190476,76.0,6.5980406,8.546244,6.9383063,5.883238,52.1,4.8714285,4.2714286,58.2
2025-07-11T01:14:24Z,236,29.859,80.5,39,71.7,2,4,76,50,0.0,255,32767,0.0,2127-15-31,0.0,0.12,27.44,0.0,0.0,0.0,0,2.384765625,6,45,05:56,20:31,2025-07-11 01:14:24.782020,Castel Volturno,43.3,7.560927,5.282018,5.127746,10.077964,75.2,6.046778,4.4022145,3.6714287,7.1190476,76.0,6.5980406,8.546244,6.9383063,5.883238,52.1,4.8714285,4.2714286,58.2
2025-07-11T01:14:35Z,236,29.859,80.5,39,71.7,3,4,34,50,0.0,255,32767,0.0,2127-15-31,0.0,0.12,27.44,0.0,0.0,0.0,0,2.384765625,6,45,05:56,20:31,2025-07-11 01:14:35.336041,Castel Volturno,43.3,7.560927,5.282018,5.127746,10.077964,75.2,6.046778,4.4022145,3.6714287,7.1190476,76.0,6.5980406,8.546244,6.9383063,5.883238,52.1,4.8714285,4.2714286,58.2
2025-07-11T01:14:46Z,236,29.859,80.5,39,71.7,2,4,84,50,0.0,255,32767,0.0,2127-15-31,0.0,0.12,27.44,0.0,0.0,0.0,0,2.384765625,6,45,05:56,20:31,2025-07-11 01:14:45.890044,Castel Volturno,43.3,7.560927,5.282018,5.127746,10.077964,75.2,6.046778,4.4022145,3.6714287,7.1190476,76.0,6.5980406,8.546244,6.9383063,5.883238,52.1,4.8714285,4.2714286,58.2
2025-07-11T01:14:56Z,236,29.859,80.5,40,71.7,4,4,62,50,0.0,255,32767,0.0,2127-15-31,0.0,0.12,27.44,0.0,0.0,0.0,0,0.837890625,6,45,05:56,20:31,2025-07-11 01:14:56.445047,Castel Volturno,43.3,7.560927,5.282018,5.127746,10.077964,75.2,6.046778,4.4022145,3.6714287,7.1190476,76.0,6.5980406,8.546244,6.9383063,5.883238,52.1,4.8714285,4.2714286,58.2
2025-07-11T01:15:07Z,236,29.859,80.5,40,71.7,3,4,38,50,0.0,255,32767,0.0,2127-15-31,0.0,0.12,27.44,0.0,0.0,0.0,0,0.837890625,6,45,05:56,20:31,2025-07-11 01:15:07.032052,Castel Volturno,43.3,7.560927,5.282018,5.127746,10.077964,75.2,6.046778,4.4022145,3.6714287,7.1190476,76.0,6.5980406,8.546244,6.9383063,5.883238,52.1,4.8714285,4.2714286,58.2
2025-07-11T01:15:17Z,236,29.859,80.5,40,71.7,5,4,26,50,0.0,255,32767,0.0,2127-15-31,0.0,0.12,27.44,0.0,0.0,0.0,0,0.837890625,6,45,05:56,20:31,2025-07-11 01:15:17.586069,Castel Volturno,43.3,7.560927,5.282018,5.127746,10.077964,75.2,6.046778,4.4022145,3.6714287,7.1190476,76.0,6.5980406,8.546244,6.9383063,5.883238,52.1,4.8714285,4.2714286,58.2
2025-07-11T01:15:29Z,236,29.859,80.5,40,71.7,5,4,38,51,0.0,255,32767,0.0,2127-15-31,0.0,0.12,27.44,0.0,0.0,0.0,0,0.837890625,6,45,05:56,20:31,2025-07-11 01:15:28.882051,Castel Volturno,43.3,7.560927,5.282018,5.127746,10.077964,75.2,6.046778,4.4022145,3.6714287,7.1190476,76.0,6.5980406,8.546244,6.9383063,5.883238,52.1,4.8714285,4.2714286,58.2
2025-07-11T01:15:39Z,236,29.859,80.5,40,71.6,5,4,360,51,0.0,255,32767,0.0,2127-15-31,0.0,0.12,27.44,0.0,0.0,0.0,0,0.837890625,6,45,05:56,20:31,2025-07-11 01:15:39.436049,Castel Volturno,43.3,7.560927,5.282018,5.127746,10.077964,75.2,6.046778,4.4022145,3.6714287,7.1190476,76.0,6.5980406,8.546244,6.9383063,5.883238,52.1,4.8714285,4.2714286,58.2
2025-07-11T01:15:50Z,236,29.859,80.4,39,71.6,4,4,40,51,0.0,255,32767,0.0,2127-15-31,0.0,0.12,27.44,0.0,0.0,0.0,0,0.802734375,6,45,05:56,20:31,2025-07-11 01:15:50.203046,Castel Volturno,43.3,7.560927,5.282018,5.127746,10.077964,75.2,6.046778,4.4022145,3.6714287,7.1190476,76.0,6.5980406,8.546244,6.9383063,5.883238,52.1,4.8714285,4.2714286,58.2
2025-07-11T01:16:00Z,236,29.858,80.4,39,71.6,3,4,84,51,0.0,255,32767,0.0,2127-15-31,0.0,0.12,27.44,0.0,0.0,0.0,0,0.802734375,6,45,05:56,20:31,2025-07-11 01:16:00.757053,Castel Volturno,43.3,7.560927,5.282018,5.127746,10.077964,75.2,6.046778,4.4022145,3.6714287,7.1190476,76.0,6.5980406,8.546244,6.9383063,5.883238,52.1,4.8714285,4.2714286,58.2
2025-07-11T01:16:11Z,236,29.858,80.4,39,71.6,4,4,82,51,0.0,255,32767,0.0,2127-15-31,0.0,0.12,27.44,0.0,0.0,0.0,0,0.802734375,6,45,05:56,20:31,2025-07-11 01:16:11.344050,Castel Volturno,43.3,7.560927,5.282018,5.127746,10.077964,75.2,6.046778,4.4022145,3.6714287,7.1190476,76.0,6.5980406,8.546244,6.9383063,5.883238,52.1,4.8714285,4.2714286,58.2
2025-07-11T01:16:22Z,236,29.858,80.4,39,71.6,2,4,37,51,0.0,255,32767,0.0,2127-15-31,0.0,0.12,27.44,0.0,0.0,0.0,0,0.802734375,6,45,05:56,20:31,2025-07-11 01:16:21.898045,Castel Volturno,43.3,7.560927,5.282018,5.127746,10.077964,75.2,6.046778,4.4022145,3.6714287,7.1190476,76.0,6.5980406,8.546244,6.9383063,5.883238,52.1,4.8714285,4.2714286,58.2
2025-07-11T01:16:32Z,236,29.858,80.4,39,71.6,3,4,20,51,0.0,255,32767,0.0,2127-15-31,0.0,0.12,27.44,0.0,0.0,0.0,0,0.802734375,6,45,05:56,20:31,2025-07-11 01:16:32.453045,Castel Volturno,43.3,7.560927,5.282018,5.127746,10.077964,75.2,6.046778,4.4022145,3.6714287,7.1190476,76.0,6.5980406,8.546244,6.9383063,5.883238,52.1,4.8714285,4.2714286,58.2
2025-07-11T01:16:43Z,236,29.858,80.4,39,71.6,3,4,82,51,0.0,255,32767,0.0,2127-15-31,0.0,0.12,27.44,0.0,0.0,0.0,0,0.802734375,6,45,05:56,20:31,2025-07-11 01:16:43.007042,Castel Volturno,43.3,7.560927,5.282018,5.127746,10.077964,75.2,6.046778,4.4022145,3.6714287,7.1190476,76.0,6.5980406,8.546244,6.9383063,5.883238,52.1,4.8714285,4.2714286,58.2
2025-07-11T01:16:53Z,236,29.859,80.4,39,71.6,3,4,84,51,0.0,255,32767,0.0,2127-15-31,0.0,0.12,27.44,0.0,0.0,0.0,0,0.8203125,6,45,05:56,20:31,2025-07-11 01:16:53.561042,Castel Volturno,43.3,7.560927,5.282018,5.127746,10.077964,75.2,6.046778,4.4022145,3.6714287,7.1190476,76.0,6.5980406,8.546244,6.9383063,5.883238,52.1,4.8714285,4.2714286,58.2
2025-07-11T01:17:04Z,236,29.859,80.4,39,71.5,3,4,27,51,0.0,255,32767,0.0,2127-15-31,0.0,0.12,27.44,0.0,0.0,0.0,0,0.8203125,6,45,05:56,20:31,2025-07-11 01:17:04.115046,Castel Volturno,43.3,7.560927,5.282018,5.127746,10.077964,75.2,6.046778,4.4022145,3.6714287,7.1190476,76.0,6.5980406,8.546244,6.9383063,5.883238,52.1,4.8714285,4.2714286,58.2
2025-07-11T01:17:14Z,236,29.859,80.4,39,71.5,3,4,42,51,0.0,255,32767,0.0,2127-15-31,0.0,0.12,27.44,0.0,0.0,0.0,0,0.8203125,6,45,05:56,20:31,2025-07-11 01:17:14.669055,Castel Volturno,43.3,7.560927,5.282018,5.127746,10.077964,75.2,6.046778,4.4022145,3.6714287,7.1190476,76.0,6.5980406,8.546244,6.9383063,5.883238,52.1,4.8714285,4.2714286,58.2
2025-07-11T01:17:25Z,236,29.859,80.4,39,71.5,3,4,57,51,0.0,255,32767,0.0,2127-15-31,0.0,0.12,27.44,0.0,0.0,0.0,0,0.8203125,6,45,05:56,20:31,2025-07-11 01:17:25.223069,Castel Volturno,43.3,7.560927,5.282018,5.127746,10.077964,75.2,6.046778,4.4022145,3.6714287,7.1190476,76.0,6.5980406,8.546244,6.9383063,5.883238,52.1,4.8714285,4.2714286,58.2
2025-07-11T01:17:35Z,236,29.859,80.4,39,71.5,3,4,57,51,0.0,255,32767,0.0,2127-15-31,0.0,0.12,27.44,0.0,0.0,0.0,0,0.8203125,6,45,05:56,20:31,2025-07-11 01:17:35.777042,Castel Volturno,43.3,7.560927,5.282018,5.127746,10.077964,75.2,6.046778,4.4022145,3.6714287,7.1190476,76.0,6.5980406,8.546244,6.9383063,5.883238,52.1,4.8714285,4.2714286,58.2
2025-07-11T01:17:46Z,236,29.859,80.4,39,71.5,4,4,74,51,0.0,255,32767,0.0,2127-15-31,0.0,0.12,27.44,0.0,0.0,0.0,0,0.8203125,6,45,05:56,20:31,2025-07-11 01:17:46.318043,Castel Volturno,43.3,7.560927,5.282018,5.127746,10.077964,75.2,6.046778,4.4022145,3.6714287,7.1190476,76.0,6.5980406,8.546244,6.9383063,5.883238,52.1,4.8714285,4.2714286,58.2
2025-07-11T01:17:57Z,236,29.858,80.3,39,71.4,2,4,25,51,0.0,255,32767,0.0,2127-15-31,0.0,0.12,27.44,0.0,0.0,0.0,0,0.8671875,6,45,05:56,20:31,2025-07-11 01:17:56.889051,Castel Volturno,43.3,7.560927,5.282018,5.127746,10.077964,75.2,6.046778,4.4022145,3.6714287,7.1190476,76.0,6.5980406,8.546244,6.9383063,5.883238,52.1,4.8714285,4.2714286,58.2
2025-07-11T01:18:07Z,236,29.858,80.3,39,71.5,4,4,9,51,0.0,255,32767,0.0,2127-15-31,0.0,0.12,27.44,0.0,0.0,0.0,0,0.8671875,6,45,05:56,20:31,2025-07-11 01:18:07.639051,Castel Volturno,43.3,7.560927,5.282018,5.127746,10.077964,75.2,6.046778,4.4022145,3.6714287,7.1190476,76.0,6.5980406,8.546244,6.9383063,5.883238,52.1,4.8714285,4.2714286,58.2
2025-07-11T01:18:18Z,236,29.858,80.3,39,71.4,3,4,48,51,0.0,255,32767,0.0,2127-15-31,0.0,0.12,27.44,0.0,0.0,0.0,0,0.8671875,6,45,05:56,20:31,2025-07-11 01:18:18.226046,Castel Volturno,43.3,7.560927,5.282018,5.127746,10.077964,75.2,6.046778,4.4022145,3.6714287,7.1190476,76.0,6.5980406,8.546244,6.9383063,5.883238,52.1,4.8714285,4.2714286,58.2
2025-07-11T01:18:28Z,236,29.858,80.3,39,71.4,3,4,10,51,0.0,255,32767,0.0,2127-15-31,0.0,0.12,27.44,0.0,0.0,0.0,0,0.8671875,6,45,05:56,20:31,2025-07-11 01:18:28.780052,Castel Volturno,43.3,7.560927,5.282018,5.127746,10.077964,75.2,6.046778,4.4022145,3.6714287,7.1190476,76.0,6.5980406,8.546244,6.9383063,5.883238,52.1,4.8714285,4.2714286,58.2
2025-07-11T01:18:39Z,236,29.858,80.3,39,71.4,3,4,45,51,0.0,255,32767,0.0,2127-15-31,0.0,0.12,27.44,0.0,0.0,0.0,0,0.8671875,6,45,05:56,20:31,2025-07-11 01:18:39.334044,Castel Volturno,43.3,7.560927,5.282018,5.127746,10.077964,75.2,6.046778,4.4022145,3.6714287,7.1190476,76.0,6.5980406,8.546244,6.9383063,5.883238,52.1,4.8714285,4.2714286,58.2
2025-07-11T01:18:50Z,236,29.858,80.3,39,71.4,4,4,57,51,0.0,255,32767,0.0,2127-15-31,0.0,0.12,27.44,0.0,0.0,0.0,0,0.8671875,6,45,05:56,20:31,2025-07-11 01:18:49.892046,Castel Volturno,43.3,7.560927,5.282018,5.127746,10.077964,75.2,6.046778,4.4022145,3.6714287,7.1190476,76.0,6.5980406,8.546244,6.9383063,5.883238,52.1,4.8714285,4.2714286,58.2
2025-07-11T01:19:00Z,236,29.86,80.3,39,71.4,3,4,25,51,0.0,255,32767,0.0,2127-15-31,0.0,0.12,27.44,0.0,0.0,0.0,0,0.8671875,6,45,05:56,20:31,2025-07-11 01:19:00.446041,Castel Volturno,43.3,7.560927,5.282018,5.127746,10.077964,75.2,6.046778,4.4022145,3.6714287,7.1190476,76.0,6.5980406,8.546244,6.9383063,5.883238,52.1,4.8714285,4.2714286,58.2
2025-07-11T01:19:11Z,236,29.86,80.3,39,71.3,2,4,61,51,0.0,255,32767,0.0,2127-15-31,0.0,0.12,27.44,0.0,0.0,0.0,0,0.8671875,6,45,05:56,20:31,2025-07-11 01:19:11.000053,Castel Volturno,43.3,7.560927,5.282018,5.127746,10.077964,75.2,6.046778,4.4022145,3.6714287,7.1190476,76.0,6.5980406,8.546244,6.9383063,5.883238,52.1,4.8714285,4.2714286,58.2
2025-07-11T01:19:21Z,236,29.86,80.3,39,71.3,2,4,80,51,0.0,255,32767,0.0,2127-15-31,0.0,0.12,27.44,0.0,0.0,0.0,0,0.8671875,6,45,05:56,20:31,2025-07-11 01:19:21.554045,Castel Volturno,43.3,7.560927,5.282018,5.127746,10.077964,75.2,6.046778,4.4022145,3.6714287,7.1190476,76.0,6.5980406,8.546244,6.9383063,5.883238,52.1,4.8714285,4.2714286,58.2
2025-07-11T01:19:32Z,236,29.86,80.3,39,71.3,2,4,59,51,0.0,255,32767,0.0,2127-15-31,0.0,0.12,27.44,0.0,0.0,0.0,0,0.8671875,6,45,05:56,20:31,2025-07-11 01:19:32.108047,Castel Volturno,43.3,7.560927,5.282018,5.127746,10.077964,75.2,6.046778,4.4022145,3.6714287,7.1190476,76.0,6.5980406,8.546244,6.9383063,5.883238,52.1,4.8714285,4.2714286,58.2
2025-07-11T01:19:42Z,236,29.86,80.3,39,71.3,3,4,58,51,0.0,255,32767,0.0,2127-15-31,0.0,0.12,27.44,0.0,0.0,0.0,0,0.8671875,6,45,05:56,20:31,2025-07-11 01:19:42.662050,Castel Volturno,43.3,7.560927,5.282018,5.127746,10.077964,75.2,6.046778,4.4022145,3.6714287,7.1190476,76.0,6.5980406,8.546244,6.9383063,5.883238,52.1,4.8714285,4.2714286,58.2
2025-07-11T01:19:53Z,236,29.858,80.3,39,71.3,3,4,78,51,0.0,255,32767,0.0,2127-15-31,0.0,0.12,27.44,0.0,0.0,0.0,0,1.13671875,6,45,05:56,20:31,2025-07-11 01:19:53.250007,Castel Volturno,43.3,7.560927,5.282018,5.127746,10.077964,75.2,6.046778,4.4022145,3.6714287,7.1190476,76.0,6.5980406,8.546244,6.9383063,5.883238,52.1,4.8714285,4.2714286,58.2
2025-07-11T01:20:04Z,236,29.858,80.3,39,71.3,2,4,22,51,0.0,255,32767,0.0,2127-15-31,0.0,0.12,27.44,0.0,0.0,0.0,0,1.13671875,6,45,05:56,20:31,2025-07-11 01:20:03.804045,Castel Volturno,43.3,7.560927,5.282018,5.127746,10.077964,75.2,6.046778,4.4022145,3.6714287,7.1190476,76.0,6.5980406,8.546244,6.9383063,5.883238,52.1,4.8714285,4.2714286,58.2
2025-07-11T01:20:14Z,236,29.858,80.3,39,71.3,7,4,13,51,0.0,255,32767,0.0,2127-15-31,0.0,0.12,27.44,0.0,0.0,0.0,0,1.13671875,6,45,05:56,20:31,2025-07-11 01:20:14.358055,Castel Volturno,43.3,7.560927,5.282018,5.127746,10.077964,75.2,6.046778,4.4022145,3.6714287,7.1190476,76.0,6.5980406,8.546244,6.9383063,5.883238,52.1,4.8714285,4.2714286,58.2
2025-07-11T01:20:25Z,236,29.858,80.3,39,71.3,4,4,80,51,0.0,255,32767,0.0,2127-15-31,0.0,0.12,27.44,0.0,0.0,0.0,0,1.13671875,6,45,05:56,20:31,2025-07-11 01:20:24.946047,Castel Volturno,43.5,7.148933,5.316643,4.682589,9.561597,75.1,5.736958,4.4330454,4.1714287,7.6666665,75.9,6.226744,7.804315,6.592517,5.3802247,52.1,4.9428573,4.6,58.2
2025-07-11T01:20:36Z,236,29.858,80.3,39,71.2,4,4,76,51,0.0,255,32767,0.0,2127-15-31,0.0,0.12,27.44,0.0,0.0,0.0,0,1.13671875,6,45,05:56,20:31,2025-07-11 01:20:36.009046,Castel Volturno,43.5,7.148933,5.316643,4.682589,9.561597,75.1,5.736958,4.4330454,4.1714287,7.6666665,75.9,6.226744,7.804315,6.592517,5.3802247,52.1,4.9428573,4.6,58.2
2025-07-11T01:20:46Z,236,29.858,80.3,39,71.2,2,4,28,52,0.0,255,32767,0.0,2127-15-31,0.0,0.12,27.44,0.0,0.0,0.0,0,1.13671875,6,45,05:56,20:31,2025-07-11 01:20:46.563051,Castel Volturno,43.5,7.148933,5.316643,4.682589,9.561597,75.1,5.736958,4.4330454,4.1714287,7.6666665,75.9,6.226744,7.804315,6.592517,5.3802247,52.1,4.9428573,4.6,58.2
2025-07-11T01:20:57Z,236,29.859,80.3,39,71.2,4,4,46,52,0.0,255,32767,0.0,2127-15-31,0.0,0.12,27.44,0.0,0.0,0.0,0,2.501953125,6,45,05:56,20:31,2025-07-11 01:20:57.115046,Castel Volturno,43.5,7.148933,5.316643,4.682589,9.561597,75.1,5.736958,4.4330454,4.1714287,7.6666665,75.9,6.226744,7.804315,6.592517,5.3802247,52.1,4.9428573,4.6,58.2
2025-07-11T01:21:07Z,236,29.859,80.3,39,71.3,3,4,50,52,0.0,255,32767,0.0,2127-15-31,0.0,0.12,27.44,0.0,0.0,0.0,0,2.501953125,6,45,05:56,20:31,2025-07-11 01:21:07.669065,Castel Volturno,43.5,7.148933,5.316643,4.682589,9.561597,75.1,5.736958,4.4330454,4.1714287,7.6666665,75.9,6.226744,7.804315,6.592517,5.3802247,52.1,4.9428573,4.6,58.2
2025-07-11T01:21:18Z,236,29.859,80.3,39,71.3,3,4,67,52,0.0,255,32767,0.0,2127-15-31,0.0,0.12,27.44,0.0,0.0,0.0,0,2.501953125,6,45,05:56,20:31,2025-07-11 01:21:18.217050,Castel Volturno,43.5,7.148933,5.316643,4.682589,9.561597,75.1,5.736958,4.4330454,4.1714287,7.6666665,75.9,6.226744,7.804315,6.592517,5.3802247,52.1,4.9428573,4.6,58.2
2025-07-11T01:21:28Z,236,29.859,80.3,39,71.2,3,4,71,52,0.0,255,32767,0.0,2127-15-31,0.0,0.12,27.44,0.0,0.0,0.0,0,2.501953125,6,45,05:56,20:31,2025-07-11 01:21:28.771059,Castel Volturno,43.5,7.148933,5.316643,4.682589,9.561597,75.1,5.736958,4.4330454,4.1714287,7.6666665,75.9,6.226744,7.804315,6.592517,5.3802247,52.1,4.9428573,4.6,58.2
2025-07-11T01:21:39Z,236,29.859,80.3,39,71.2,4,4,74,52,0.0,255,32767,0.0,2127-15-31,0.0,0.12,27.44,0.0,0.0,0.0,0,2.501953125,6,45,05:56,20:31,2025-07-11 01:21:39.325046,Castel Volturno,43.5,7.148933,5.316643,4.682589,9.561597,75.1,5.736958,4.4330454,4.1714287,7.6666665,75.9,6.226744,7.804315,6.592517,5.3802247,52.1,4.9428573,4.6,58.2
2025-07-11T01:21:50Z,236,29.859,80.3,39,71.2,4,3,60,52,0.0,255,32767,0.0,2127-15-31,0.0,0.12,27.44,0.0,0.0,0.0,0,2.501953125,6,45,05:56,20:31,2025-07-11 01:21:49.883051,Castel Volturno,43.5,7.148933,5.316643,4.682589,9.561597,75.1,5.736958,4.4330454,4.1714287,7.6666665,75.9,6.226744,7.804315,6.592517,5.3802247,52.1,4.9428573,4.6,58.2
2025-07-11T01:22:00Z,236,29.86,80.2,40,71.2,3,3,81,52,0.0,255,32767,0.0,2127-15-31,0.0,0.12,27.44,0.0,0.0,0.0,0,0.87890625,6,45,05:56,20:31,2025-07-11 01:22:00.437048,Castel Volturno,43.5,7.148933,5.316643,4.682589,9.561597,75.1,5.736958,4.4330454,4.1714287,7.6666665,75.9,6.226744,7.804315,6.592517,5.3802247,52.1,4.9428573,4.6,58.2
2025-07-11T01:22:11Z,236,29.86,80.2,40,71.2,2,3,22,52,0.0,255,32767,0.0,2127-15-31,0.0,0.12,27.44,0.0,0.0,0.0,0,0.87890625,6,45,05:56,20:31,2025-07-11 01:22:10.991064,Castel Volturno,43.5,7.148933,5.316643,4.682589,9.561597,75.1,5.736958,4.4330454,4.1714287,7.6666665,75.9,6.226744,7.804315,6.592517,5.3802247,52.1,4.9428573,4.6,58.2
2025-07-11T01:22:21Z,236,29.86,80.2,40,71.2,2,3,16,52,0.0,255,32767,0.0,2127-15-31,0.0,0.12,27.44,0.0,0.0,0.0,0,0.87890625,6,45,05:56,20:31,2025-07-11 01:22:21.545047,Castel Volturno,43.5,7.148933,5.316643,4.682589,9.561597,75.1,5.736958,4.4330454,4.1714287,7.6666665,75.9,6.226744,7.804315,6.592517,5.3802247,52.1,4.9428573,4.6,58.2
2025-07-11T01:22:32Z,236,29.86,80.2,40,71.2,4,3,87,52,0.0,255,32767,0.0,2127-15-31,0.0,0.12,27.44,0.0,0.0,0.0,0,0.87890625,6,45,05:56,20:31,2025-07-11 01:22:32.132053,Castel Volturno,43.5,7.148933,5.316643,4.682589,9.561597,75.1,5.736958,4.4330454,4.1714287,7.6666665,75.9,6.226744,7.804315,6.592517,5.3802247,52.1,4.9428573,4.6,58.2
2025-07-11T01:22:42Z,236,29.86,80.2,40,71.0,3,3,46,52,0.0,255,32767,0.0,2127-15-31,0.0,0.12,27.44,0.0,0.0,0.0,0,0.87890625,6,45,05:56,20:31,2025-07-11 01:22:42.684058,Castel Volturno,43.5,7.148933,5.316643,4.682589,9.561597,75.1,5.736958,4.4330454,4.1714287,7.6666665,75.9,6.226744,7.804315,6.592517,5.3802247,52.1,4.9428573,4.6,58.2
2025-07-11T01:22:53Z,0,29.859,80.2,40,71.0,4,3,48,52,0.0,255,32767,0.0,2127-15-31,0.0,0.12,27.44,0.0,0.0,0.0,0,0.90234375,6,45,05:56,20:31,2025-07-11 01:22:53.238053,Castel Volturno,43.5,7.148933,5.316643,4.682589,9.561597,75.1,5.736958,4.4330454,4.1714287,7.6666665,75.9,6.226744,7.804315,6.592517,5.3802247,52.1,4.9428573,4.6,58.2
2025-07-11T01:23:03Z,0,29.859,80.2,40,71.0,4,3,91,52,0.0,255,32767,0.0,2127-15-31,0.0,0.12,27.44,0.0,0.0,0.0,0,0.90234375,6,45,05:56,20:31,2025-07-11 01:23:03.785047,Castel Volturno,43.5,7.148933,5.316643,4.682589,9.561597,75.1,5.736958,4.4330454,4.1714287,7.6666665,75.9,6.226744,7.804315,6.592517,5.3802247,52.1,4.9428573,4.6,58.2
2025-07-11T01:23:14Z,0,29.859,80.2,40,71.1,3,3,51,52,0.0,255,32767,0.0,2127-15-31,0.0,0.12,27.44,0.0,0.0,0.0,0,0.90234375,6,45,05:56,20:31,2025-07-11 01:23:14.339043,Castel Volturno,43.5,7.148933,5.316643,4.682589,9.561597,75.1,5.736958,4.4330454,4.1714287,7.6666665,75.9,6.226744,7.804315,6.592517,5.3802247,52.1,4.9428573,4.6,58.2
2025-07-11T01:23:25Z,0,29.859,80.2,40,71.0,2,3,69,53,0.0,255,32767,0.0,2127-15-31,0.0,0.12,27.44,0.0,0.0,0.0,0,0.90234375,6,45,05:56,20:31,2025-07-11 01:23:24.893053,Castel Volturno,43.5,7.148933,5.316643,4.682589,9.561597,75.1,5.736958,4.4330454,4.1714287,7.6666665,75.9,6.226744,7.804315,6.592517,5.3802247,52.1,4.9428573,4.6,58.2
2025-07-11T01:23:35Z,0,29.859,80.2,40,71.0,4,3,34,53,0.0,255,32767,0.0,2127-15-31,0.0,0.12,27.44,0.0,0.0,0.0,0,0.90234375,6,45,05:56,20:31,2025-07-11 01:23:35.435051,Castel Volturno,43.5,7.148933,5.316643,4.682589,9.561597,75.1,5.736958,4.4330454,4.1714287,7.6666665,75.9,6.226744,7.804315,6.592517,5.3802247,52.1,4.9428573,4.6,58.2
2025-07-11T01:23:46Z,0,29.859,80.2,40,71.0,5,3,23,53,0.0,255,32767,0.0,2127-15-31,0.0,0.12,27.44,0.0,0.0,0.0,0,0.90234375,6,45,05:56,20:31,2025-07-11 01:23:46.014051,Castel Volturno,43.5,7.148933,5.316643,4.682589,9.561597,75.1,5.736958,4.4330454,4.1714287,7.6666665,75.9,6.226744,7.804315,6.592517,5.3802247,52.1,4.9428573,4.6,58.2
2025-07-11T01:23:56Z,0,29.859,80.2,40,71.0,4,3,72,53,0.0,255,32767,0.0,2127-15-31,0.0,0.12,27.44,0.0,0.0,0.0,0,0.826171875,6,45,05:56,20:31,2025-07-11 01:23:56.568051,Castel Volturno,43.5,7.148933,5.316643,4.682589,9.561597,75.1,5.736958,4.4330454,4.1714287,7.6666665,75.9,6.226744,7.804315,6.592517,5.3802247,52.1,4.9428573,4.6,58.2
2025-07-11T01:24:07Z,0,29.859,80.2,40,70.9,7,3,80,53,0.0,255,32767,0.0,2127-15-31,0.0,0.12,27.44,0.0,0.0,0.0,0,0.826171875,6,45,05:56,20:31,2025-07-11 01:24:07.122049,Castel Volturno,43.5,7.148933,5.316643,4.682589,9.561597,75.1,5.736958,4.4330454,4.1714287,7.6666665,75.9,6.226744,7.804315,6.592517,5.3802247,52.1,4.9428573,4.6,58.2
2025-07-11T01:24:17Z,0,29.859,80.2,40,70.9,4,3,67,53,0.0,255,32767,0.0,2127-15-31,0.0,0.12,27.44,0.0,0.0,0.0,0,0.826171875,6,45,05:56,20:31,2025-07-11 01:24:17.677052,Castel Volturno,43.5,7.148933,5.316643,4.682589,9.561597,75.1,5.736958,4.4330454,4.1714287,7.6666665,75.9,6.226744,7.804315,6.592517,5.3802247,52.1,4.9428573,4.6,58.2
2025-07-11T01:24:28Z,0,29.859,80.2,40,70.9,3,3,75,53,0.0,255,32767,0.0,2127-15-31,0.0,0.12,27.44,0.0,0.0,0.0,0,0.826171875,6,45,05:56,20:31,2025-07-11 01:24:28.227051,Castel Volturno,43.5,7.148933,5.316643,4.682589,9.561597,75.1,5.736958,4.4330454,4.1714287,7.6666665,75.9,6.226744,7.804315,6.592517,5.3802247,52.1,4.9428573,4.6,58.2
2025-07-11T01:24:39Z,0,29.859,80.2,40,70.9,3,3,61,53,0.0,255,32767,0.0,2127-15-31,0.0,0.12,27.44,0.0,0.0,0.0,0,0.826171875,6,45,05:56,20:31,2025-07-11 01:24:38.814051,Castel Volturno,43.5,7.148933,5.316643,4.682589,9.561597,75.1,5.736958,4.4330454,4.1714287,7.6666665,75.9,6.226744,7.804315,6.592517,5.3802247,52.1,4.9428573,4.6,58.2
2025-07-11T01:24:49Z,0,29.859,80.2,40,70.9,3,3,76,53,0.0,255,32767,0.0,2127-15-31,0.0,0.12,27.44,0.0,0.0,0.0,0,0.826171875,6,45,05:56,20:31,2025-07-11 01:24:49.393044,Castel Volturno,43.5,7.148933,5.316643,4.682589,9.561597,75.1,5.736958,4.4330454,4.1714287,7.6666665,75.9,6.226744,7.804315,6.592517,5.3802247,52.1,4.9428573,4.6,58.2
2025-07-11T01:25:00Z,0,29.857,80.2,40,70.9,4,3,44,53,0.0,255,32767,0.0,2127-15-31,0.0,0.12,27.44,0.0,0.0,0.0,0,0.83203125,6,45,05:56,20:31,2025-07-11 01:24:59.947052,Castel Volturno,43.5,7.148933,5.316643,4.682589,9.561597,75.1,5.736958,4.4330454,4.1714287,7.6666665,75.9,6.226744,7.804315,6.592517,5.3802247,52.1,4.9428573,4.6,58.2
2025-07-11T01:25:10Z,0,29.857,80.2,40,70.8,5,3,84,53,0.0,255,32767,0.0,2127-15-31,0.0,0.12,27.44,0.0,0.0,0.0,0,0.83203125,6,45,05:56,20:31,2025-07-11 01:25:10.501046,Castel Volturno,43.5,7.148933,5.316643,4.682589,9.561597,75.1,5.736958,4.4330454,4.1714287,7.6666665,75.9,6.226744,7.804315,6.592517,5.3802247,52.1,4.9428573,4.6,58.2
2025-07-11T01:25:21Z,0,29.857,80.2,40,70.8,5,3,59,53,0.0,255,32767,0.0,2127-15-31,0.0,0.12,27.44,0.0,0.0,0.0,0,0.83203125,6,45,05:56,20:31,2025-07-11 01:25:21.055046,Castel Volturno,43.5,7.148933,5.316643,4.682589,9.561597,75.1,5.736958,4.4330454,4.1714287,7.6666665,75.9,6.226744,7.804315,6.592517,5.3802247,52.1,4.9428573,4.6,58.2
2025-07-11T01:25:31Z,0,29.857,80.2,40,70.8,3,3,59,53,0.0,255,32767,0.0,2127-15-31,0.0,0.12,27.44,0.0,0.0,0.0,0,0.83203125,6,45,05:56,20:31,2025-07-11 01:25:31.609046,Castel Volturno,43.5,7.148933,5.316643,4.682589,9.561597,75.1,5.736958,4.4330454,4.1714287,7.6666665,75.9,6.226744,7.804315,6.592517,5.3802247,52.1,4.9428573,4.6,58.2
2025-07-11T01:25:42Z,0,29.857,80.2,40,70.8,3,3,18,53,0.0,255,32767,0.0,2127-15-31,0.0,0.12,27.44,0.0,0.0,0.0,0,0.83203125,6,45,05:56,20:31,2025-07-11 01:25:42.701053,Castel Volturno,43.5,7.148933,5.316643,4.682589,9.561597,75.1,5.736958,4.4330454,4.1714287,7.6666665,75.9,6.226744,7.804315,6.592517,5.3802247,52.1,4.9428573,4.6,58.2
2025-07-11T01:25:53Z,0,29.858,80.2,40,70.7,3,3,53,53,0.0,255,32767,0.0,2127-15-31,0.0,0.12,27.44,0.0,0.0,0.0,0,0.861328125,6,45,05:56,20:31,2025-07-11 01:25:53.255056,Castel Volturno,43.5,7.148933,5.316643,4.682589,9.561597,75.1,5.736958,4.4330454,4.1714287,7.6666665,75.9,6.226744,7.804315,6.592517,5.3802247,52.1,4.9428573,4.6,58.2
2025-07-11T01:26:04Z,0,29.858,80.2,40,70.7,4,3,36,53,0.0,255,32767,0.0,2127-15-31,0.0,0.12,27.44,0.0,0.0,0.0,0,0.861328125,6,45,05:56,20:31,2025-07-11 01:26:03.809006,Castel Volturno,43.5,7.148933,5.316643,4.682589,9.561597,75.1,5.736958,4.4330454,4.1714287,7.6666665,75.9,6.226744,7.804315,6.592517,5.3802247,52.1,4.9428573,4.6,58.2
2025-07-11T01:26:14Z,0,29.858,80.2,40,70.7,4,3,81,53,0.0,255,32767,0.0,2127-15-31,0.0,0.12,27.44,0.0,0.0,0.0,0,0.861328125,6,45,05:56,20:31,2025-07-11 01:26:14.363040,Castel Volturno,43.5,7.148933,5.316643,4.682589,9.561597,75.1,5.736958,4.4330454,4.1714287,7.6666665,75.9,6.226744,7.804315,6.592517,5.3802247,52.1,4.9428573,4.6,58.2
2025-07-11T01:26:25Z,0,29.858,80.2,40,70.7,4,3,67,53,0.0,255,32767,0.0,2127-15-31,0.0,0.12,27.44,0.0,0.0,0.0,0,0.861328125,6,45,05:56,20:31,2025-07-11 01:26:24.917047,Castel Volturno,43.5,7.148933,5.316643,4.682589,9.561597,75.1,5.736958,4.4330454,4.1714287,7.6666665,75.9,6.226744,7.804315,6.592517,5.3802247,52.1,4.9428573,4.6,58.2
2025-07-11T01:26:35Z,0,29.858,80.2,40,70.7,5,3,88,53,0.0,255,32767,0.0,2127-15-31,0.0,0.12,27.44,0.0,0.0,0.0,0,0.861328125,6,45,05:56,20:31,2025-07-11 01:26:35.471043,Castel Volturno,43.5,7.148933,5.316643,4.682589,9.561597,75.1,5.736958,4.4330454,4.1714287,7.6666665,75.9,6.226744,7.804315,6.592517,5.3802247,52.1,4.9428573,4.6,58.2
2025-07-11T01:26:46Z,0,29.858,80.2,40,70.7,3,3,42,53,0.0,255,32767,0.0,2127-15-31,0.0,0.12,27.44,0.0,0.0,0.0,0,0.861328125,6,45,05:56,20:31,2025-07-11 01:26:46.025044,Castel Volturno,43.5,7.148933,5.316643,4.682589,9.561597,75.1,5.736958,4.4330454,4.1714287,7.6666665,75.9,6.226744,7.804315,6.592517,5.3802247,52.1,4.9428573,4.6,58.2
2025-07-11T01:26:56Z,0,29.858,80.1,40,70.7,4,4,70,53,0.0,255,32767,0.0,2127-15-31,0.0,0.12,27.44,0.0,0.0,0.0,0,1.095703125,6,45,05:56,20:31,2025-07-11 01:26:56.611065,Castel Volturno,43.5,7.148933,5.316643,4.682589,9.561597,75.1,5.736958,4.4330454,4.1714287,7.6666665,75.9,6.226744,7.804315,6.592517,5.3802247,52.1,4.9428573,4.6,58.2
2025-07-11T01:27:07Z,0,29.858,80.1,40,70.6,6,4,90,53,0.0,255,32767,0.0,2127-15-31,0.0,0.12,27.44,0.0,0.0,0.0,0,1.095703125,6,45,05:56,20:31,2025-07-11 01:27:07.165050,Castel Volturno,43.5,7.148933,5.316643,4.682589,9.561597,75.1,5.736958,4.4330454,4.1714287,7.6666665,75.9,6.226744,7.804315,6.592517,5.3802247,52.1,4.9428573,4.6,58.2
2025-07-11T01:27:17Z,0,29.858,80.1,40,70.6,7,4,84,53,0.0,255,32767,0.0,2127-15-31,0.0,0.12,27.44,0.0,0.0,0.0,0,1.095703125,6,45,05:56,20:31,2025-07-11 01:27:17.719044,Castel Volturno,43.5,7.148933,5.316643,4.682589,9.561597,75.1,5.736958,4.4330454,4.1714287,7.6666665,75.9,6.226744,7.804315,6.592517,5.3802247,52.1,4.9428573,4.6,58.2
2025-07-11T01:27:28Z,0,29.858,80.1,40,70.6,3,4,5,53,0.0,255,32767,0.0,2127-15-31,0.0,0.12,27.44,0.0,0.0,0.0,0,1.095703125,6,45,05:56,20:31,2025-07-11 01:27:28.273053,Castel Volturno,43.5,7.148933,5.316643,4.682589,9.561597,75.1,5.736958,4.4330454,4.1714287,7.6666665,75.9,6.226744,7.804315,6.592517,5.3802247,52.1,4.9428573,4.6,58.2
2025-07-11T01:27:39Z,0,29.858,80.1,40,70.6,3,4,74,53,0.0,255,32767,0.0,2127-15-31,0.0,0.12,27.44,0.0,0.0,0.0,0,1.095703125,6,45,05:56,20:31,2025-07-11 01:27:38.827047,Castel Volturno,43.5,7.148933,5.316643,4.682589,9.561597,75.1,5.736958,4.4330454,4.1714287,7.6666665,75.9,6.226744,7.804315,6.592517,5.3802247,52.1,4.9428573,4.6,58.2
2025-07-11T01:27:49Z,0,29.858,80.1,40,70.6,6,4,98,53,0.0,255,32767,0.0,2127-15-31,0.0,0.12,27.44,0.0,0.0,0.0,0,1.095703125,6,45,05:56,20:31,2025-07-11 01:27:49.381005,Castel Volturno,43.5,7.148933,5.316643,4.682589,9.561597,75.1,5.736958,4.4330454,4.1714287,7.6666665,75.9,6.226744,7.804315,6.592517,5.3802247,52.1,4.9428573,4.6,58.2
2025-07-11T01:28:00Z,0,29.859,80.1,41,70.5,4,4,84,53,0.0,255,32767,0.0,2127-15-31,0.0,0.12,27.44,0.0,0.0,0.0,0,2.314453125,6,45,05:56,20:31,2025-07-11 01:27:59.936048,Castel Volturno,43.5,7.148933,5.316643,4.682589,9.561597,75.1,5.736958,4.4330454,4.1714287,7.6666665,75.9,6.226744,7.804315,6.592517,5.3802247,52.1,4.9428573,4.6,58.2
2025-07-11T01:28:10Z,0,29.859,80.1,41,70.5,4,4,83,53,0.0,255,32767,0.0,2127-15-31,0.0,0.12,27.44,0.0,0.0,0.0,0,2.314453125,6,45,05:56,20:31,2025-07-11 01:28:10.490054,Castel Volturno,43.5,7.148933,5.316643,4.682589,9.561597,75.1,5.736958,4.4330454,4.1714287,7.6666665,75.9,6.226744,7.804315,6.592517,5.3802247,52.1,4.9428573,4.6,58.2
2025-07-11T01:28:21Z,0,29.859,80.1,41,70.5,7,4,85,53,0.0,255,32767,0.0,2127-15-31,0.0,0.12,27.44,0.0,0.0,0.0,0,2.314453125,6,45,05:56,20:31,2025-07-11 01:28:21.045043,Castel Volturno,43.5,7.148933,5.316643,4.682589,9.561597,75.1,5.736958,4.4330454,4.1714287,7.6666665,75.9,6.226744,7.804315,6.592517,5.3802247,52.1,4.9428573,4.6,58.2
2025-07-11T01:28:31Z,0,29.859,80.1,41,70.5,3,4,44,53,0.0,255,32767,0.0,2127-15-31,0.0,0.12,27.44,0.0,0.0,0.0,0,2.314453125,6,45,05:56,20:31,2025-07-11 01:28:31.599043,Castel Volturno,43.5,7.148933,5.316643,4.682589,9.561597,75.1,5.736958,4.4330454,4.1714287,7.6666665,75.9,6.226744,7.804315,6.592517,5.3802247,52.1,4.9428573,4.6,58.2
2025-07-11T01:28:42Z,0,29.859,80.1,41,70.5,5,4,61,53,0.0,255,32767,0.0,2127-15-31,0.0,0.12,27.44,0.0,0.0,0.0,0,2.314453125,6,45,05:56,20:31,2025-07-11 01:28:42.152056,Castel Volturno,43.5,7.148933,5.316643,4.682589,9.561597,75.1,5.736958,4.4330454,4.1714287,7.6666665,75.9,6.226744,7.804315,6.592517,5.3802247,52.1,4.9428573,4.6,58.2
2025-07-11T01:28:52Z,0,29.856,80.1,40,70.5,3,4,78,53,0.0,255,32767,0.0,2127-15-31,0.0,0.12,27.44,0.0,0.0,0.0,0,0.8203125,6,45,05:56,20:31,2025-07-11 01:28:52.706046,Castel Volturno,43.5,7.148933,5.316643,4.682589,9.561597,75.1,5.736958,4.4330454,4.1714287,7.6666665,75.9,6.226744,7.804315,6.592517,5.3802247,52.1,4.9428573,4.6,58.2
2025-07-11T01:29:03Z,0,29.856,80.1,40,70.5,3,4,84,53,0.0,255,32767,0.0,2127-15-31,0.0,0.12,27.44,0.0,0.0,0.0,0,0.8203125,6,45,05:56,20:31,2025-07-11 01:29:03.292067,Castel Volturno,43.5,7.148933,5.316643,4.682589,9.561597,75.1,5.736958,4.4330454,4.1714287,7.6666665,75.9,6.226744,7.804315,6.592517,5.3802247,52.1,4.9428573,4.6,58.2
2025-07-11T01:29:14Z,0,29.856,80.1,40,70.5,3,4,51,53,0.0,255,32767,0.0,2127-15-31,0.0,0.12,27.44,0.0,0.0,0.0,0,0.8203125,6,45,05:56,20:31,2025-07-11 01:29:13.846050,Castel Volturno,43.5,7.148933,5.316643,4.682589,9.561597,75.1,5.736958,4.4330454,4.1714287,7.6666665,75.9,6.226744,7.804315,6.592517,5.3802247,52.1,4.9428573,4.6,58.2
2025-07-11T01:29:24Z,0,29.856,80.1,40,70.5,7,4,86,53,0.0,255,32767,0.0,2127-15-31,0.0,0.12,27.44,0.0,0.0,0.0,0,0.8203125,6,45,05:56,20:31,2025-07-11 01:29:24.402053,Castel Volturno,43.5,7.148933,5.316643,4.682589,9.561597,75.1,5.736958,4.4330454,4.1714287,7.6666665,75.9,6.226744,7.804315,6.592517,5.3802247,52.1,4.9428573,4.6,58.2
2025-07-11T01:29:35Z,0,29.856,80.1,40,70.5,3,4,35,53,0.0,255,32767,0.0,2127-15-31,0.0,0.12,27.44,0.0,0.0,0.0,0,0.8203125,6,45,05:56,20:31,2025-07-11 01:29:34.956052,Castel Volturno,43.5,7.148933,5.316643,4.682589,9.561597,75.1,5.736958,4.4330454,4.1714287,7.6666665,75.9,6.226744,7.804315,6.592517,5.3802247,52.1,4.9428573,4.6,58.2
2025-07-11T01:29:45Z,0,29.856,80.1,40,70.5,4,4,71,53,0.0,255,32767,0.0,2127-15-31,0.0,0.12,27.44,0.0,0.0,0.0,0,0.8203125,6,45,05:56,20:31,2025-07-11 01:29:45.510066,Castel Volturno,43.5,7.148933,5.316643,4.682589,9.561597,75.1,5.736958,4.4330454,4.1714287,7.6666665,75.9,6.226744,7.804315,6.592517,5.3802247,52.1,4.9428573,4.6,58.2
2025-07-11T01:29:56Z,0,29.857,80.1,40,70.5,5,4,76,53,0.0,255,32767,0.0,2127-15-31,0.0,0.12,27.44,0.0,0.0,0.0,0,0.802734375,6,45,05:56,20:31,2025-07-11 01:29:56.050045,Castel Volturno,43.5,7.148933,5.316643,4.682589,9.561597,75.1,5.736958,4.4330454,4.1714287,7.6666665,75.9,6.226744,7.804315,6.592517,5.3802247,52.1,4.9428573,4.6,58.2
2025-07-11T01:30:06Z,0,29.857,80.1,40,70.4,6,4,90,53,0.0,255,32767,0.0,2127-15-31,0.0,0.12,27.44,0.0,0.0,0.0,0,0.802734375,6,45,05:56,20:31,2025-07-11 01:30:06.620067,Castel Volturno,43.5,7.148933,5.316643,4.682589,9.561597,75.1,5.736958,4.4330454,4.1714287,7.6666665,75.9,6.226744,7.804315,6.592517,5.3802247,52.1,4.9428573,4.6,58.2
2025-07-11T01:30:17Z,0,29.857,80.1,40,70.4,6,4,44,53,0.0,255,32767,0.0,2127-15-31,0.0,0.12,27.44,0.0,0.0,0.0,0,0.802734375,6,45,05:56,20:31,2025-07-11 01:30:17.415014,Castel Volturno,43.5,7.148933,5.316643,4.682589,9.561597,75.1,5.736958,4.4330454,4.1714287,7.6666665,75.9,6.226744,7.804315,6.592517,5.3802247,52.1,4.9428573,4.6,58.2
2025-07-11T01:30:28Z,0,29.857,80.1,40,70.4,2,4,59,53,0.0,255,32767,0.0,2127-15-31,0.0,0.12,27.44,0.0,0.0,0.0,0,0.802734375,6,45,05:56,20:31,2025-07-11 01:30:27.969046,Castel Volturno,43.5,7.148933,5.316643,4.682589,9.561597,75.1,5.736958,4.4330454,4.1714287,7.6666665,75.9,6.226744,7.804315,6.592517,5.3802247,52.1,4.9428573,4.6,58.2
2025-07-11T01:30:38Z,0,29.857,80.1,40,70.4,3,4,79,53,0.0,255,32767,0.0,2127-15-31,0.0,0.12,27.44,0.0,0.0,0.0,0,0.802734375,6,45,05:56,20:31,2025-07-11 01:30:38.523048,Castel Volturno,44.8,7.027397,5.3754106,4.9612994,9.604209,75.0,5.7625256,4.4874725,6.42029,12.149758,75.6,6.1333227,8.268832,6.593462,5.6942186,52.6,8.376812,7.289855,58.6
2025-07-11T01:30:49Z,0,29.857,80.1,40,70.4,7,4,90,53,0.0,255,32767,0.0,2127-15-31,0.0,0.12,27.44,0.0,0.0,0.0,0,0.802734375,6,45,05:56,20:31,2025-07-11 01:30:49.615047,Castel Volturno,44.8,7.027397,5.3754106,4.9612994,9.604209,75.0,5.7625256,4.4874725,6.42029,12.149758,75.6,6.1333227,8.268832,6.593462,5.6942186,52.6,8.376812,7.289855,58.6
2025-07-11T01:31:00Z,0,29.859,80.1,40,70.4,6,4,37,53,0.0,255,32767,0.0,2127-15-31,0.0,0.12,27.44,0.0,0.0,0.0,0,0.84375,6,45,05:56,20:31,2025-07-11 01:31:00.168052,Castel Volturno,44.8,7.027397,5.3754106,4.9612994,9.604209,75.0,5.7625256,4.4874725,6.42029,12.149758,75.6,6.1333227,8.268832,6.593462,5.6942186,52.6,8.376812,7.289855,58.6
2025-07-11T01:31:10Z,0,29.859,80.1,40,70.4,5,4,76,53,0.0,255,32767,0.0,2127-15-31,0.0,0.12,27.44,0.0,0.0,0.0,0,0.84375,6,45,05:56,20:31,2025-07-11 01:31:10.754059,Castel Volturno,44.8,7.027397,5.3754106,4.9612994,9.604209,75.0,5.7625256,4.4874725,6.42029,12.149758,75.6,6.1333227,8.268832,6.593462,5.6942186,52.6,8.376812,7.289855,58.6
2025-07-11T01:31:21Z,0,29.859,80.1,40,70.4,5,4,43,53,0.0,255,32767,0.0,2127-15-31,0.0,0.12,27.44,0.0,0.0,0.0,0,0.84375,6,45,05:56,20:31,2025-07-11 01:31:21.308054,Castel Volturno,44.8,7.027397,5.3754106,4.9612994,9.604209,75.0,5.7625256,4.4874725,6.42029,12.149758,75.6,6.1333227,8.268832,6.593462,5.6942186,52.6,8.376812,7.289855,58.6
2025-07-11T01:31:32Z,0,29.859,80.1,40,70.4,2,4,80,53,0.0,255,32767,0.0,2127-15-31,0.0,0.12,27.44,0.0,0.0,0.0,0,0.84375,6,45,05:56,20:31,2025-07-11 01:31:31.862044,Castel Volturno,44.8,7.027397,5.3754106,4.9612994,9.604209,75.0,5.7625256,4.4874725,6.42029,12.149758,75.6,6.1333227,8.268832,6.593462,5.6942186,52.6,8.376812,7.289855,58.6
2025-07-11T01:31:42Z,0,29.859,80.1,40,70.4,3,4,86,53,0.0,255,32767,0.0,2127-15-31,0.0,0.12,27.44,0.0,0.0,0.0,0,0.84375,6,45,05:56,20:31,2025-07-11 01:31:42.418052,Castel Volturno,44.8,7.027397,5.3754106,4.9612994,9.604209,75.0,5.7625256,4.4874725,6.42029,12.149758,75.6,6.1333227,8.268832,6.593462,5.6942186,52.6,8.376812,7.289855,58.6
2025-07-11T01:31:53Z,0,29.859,80.1,40,70.4,4,4,49,53,0.0,255,32767,0.0,2127-15-31,0.0,0.12,27.44,0.0,0.0,0.0,0,0.826171875,6,45,05:56,20:31,2025-07-11 01:31:52.972048,Castel Volturno,44.8,7.027397,5.3754106,4.9612994,9.604209,75.0,5.7625256,4.4874725,6.42029,12.149758,75.6,6.1333227,8.268832,6.593462,5.6942186,52.6,8.376812,7.289855,58.6
2025-07-11T01:32:03Z,0,29.859,80.1,40,70.4,3,4,56,53,0.0,255,32767,0.0,2127-15-31,0.0,0.12,27.44,0.0,0.0,0.0,0,0.826171875,6,45,05:56,20:31,2025-07-11 01:32:03.526043,Castel Volturno,44.8,7.027397,5.3754106,4.9612994,9.604209,75.0,5.7625256,4.4874725,6.42029,12.149758,75.6,6.1333227,8.268832,6.593462,5.6942186,52.6,8.376812,7.289855,58.6
2025-07-11T01:32:14Z,0,29.859,80.1,40,70.5,7,4,84,53,0.0,255,32767,0.0,2127-15-31,0.0,0.12,27.44,0.0,0.0,0.0,0,0.826171875,6,45,05:56,20:31,2025-07-11 01:32:14.080048,Castel Volturno,44.8,7.027397,5.3754106,4.9612994,9.604209,75.0,5.7625256,4.4874725,6.42029,12.149758,75.6,6.1333227,8.268832,6.593462,5.6942186,52.6,8.376812,7.289855,58.6
2025-07-11T01:32:24Z,0,29.859,80.1,40,70.4,8,4,80,53,0.0,255,32767,0.0,2127-15-31,0.0,0.12,27.44,0.0,0.0,0.0,0,0.826171875,6,45,05:56,20:31,2025-07-11 01:32:24.634045,Castel Volturno,44.8,7.027397,5.3754106,4.9612994,9.604209,75.0,5.7625256,4.4874725,6.42029,12.149758,75.6,6.1333227,8.268832,6.593462,5.6942186,52.6,8.376812,7.289855,58.6
2025-07-11T01:32:35Z,0,29.859,80.1,40,70.4,5,4,67,53,0.0,255,32767,0.0,2127-15-31,0.0,0.12,27.44,0.0,0.0,0.0,0,0.826171875,6,45,05:56,20:31,2025-07-11 01:32:35.188046,Castel Volturno,44.8,7.027397,5.3754106,4.9612994,9.604209,75.0,5.7625256,4.4874725,6.42029,12.149758,75.6,6.1333227,8.268832,6.593462,5.6942186,52.6,8.376812,7.289855,58.6
2025-07-11T01:32:45Z,0,29.859,80.1,40,70.4,8,4,71,53,0.0,255,32767,0.0,2127-15-31,0.0,0.12,27.44,0.0,0.0,0.0,0,0.826171875,6,45,05:56,20:31,2025-07-11 01:32:45.742046,Castel Volturno,44.8,7.027397,5.3754106,4.9612994,9.604209,75.0,5.7625256,4.4874725,6.42029,12.149758,75.6,6.1333227,8.268832,6.593462,5.6942186,52.6,8.376812,7.289855,58.6
2025-07-11T01:32:56Z,0,29.858,80.1,40,70.5,5,5,86,53,0.0,255,32767,0.0,2127-15-31,0.0,0.12,27.44,0.0,0.0,0.0,0,0.85546875,6,45,05:56,20:31,2025-07-11 01:32:56.296046,Castel Volturno,44.8,7.027397,5.3754106,4.9612994,9.604209,75.0,5.7625256,4.4874725,6.42029,12.149758,75.6,6.1333227,8.268832,6.593462,5.6942186,52.6,8.376812,7.289855,58.6
2025-07-11T01:33:07Z,0,29.858,80.1,40,70.5,4,5,62,53,0.0,255,32767,0.0,2127-15-31,0.0,0.12,27.44,0.0,0.0,0.0,0,0.85546875,6,45,05:56,20:31,2025-07-11 01:33:06.850043,Castel Volturno,44.8,7.027397,5.3754106,4.9612994,9.604209,75.0,5.7625256,4.4874725,6.42029,12.149758,75.6,6.1333227,8.268832,6.593462,5.6942186,52.6,8.376812,7.289855,58.6
2025-07-11T01:33:17Z,0,29.858,80.1,40,70.4,4,5,86,53,0.0,255,32767,0.0,2127-15-31,0.0,0.12,27.44,0.0,0.0,0.0,0,0.85546875,6,45,05:56,20:31,2025-07-11 01:33:17.437043,Castel Volturno,44.8,7.027397,5.3754106,4.9612994,9.604209,75.0,5.7625256,4.4874725,6.42029,12.149758,75.6,6.1333227,8.268832,6.593462,5.6942186,52.6,8.376812,7.289855,58.6
2025-07-11T01:33:28Z,0,29.858,80.1,40,70.4,3,5,77,53,0.0,255,32767,0.0,2127-15-31,0.0,0.12,27.44,0.0,0.0,0.0,0,0.85546875,6,45,05:56,20:31,2025-07-11 01:33:27.991046,Castel Volturno,44.8,7.027397,5.3754106,4.9612994,9.604209,75.0,5.7625256,4.4874725,6.42029,12.149758,75.6,6.1333227,8.268832,6.593462,5.6942186,52.6,8.376812,7.289855,58.6
2025-07-11T01:33:38Z,0,29.858,80.1,40,70.5,4,5,46,53,0.0,255,32767,0.0,2127-15-31,0.0,0.12,27.44,0.0,0.0,0.0,0,0.85546875,6,45,05:56,20:31,2025-07-11 01:33:38.546043,Castel Volturno,44.8,7.027397,5.3754106,4.9612994,9.604209,75.0,5.7625256,4.4874725,6.42029,12.149758,75.6,6.1333227,8.268832,6.593462,5.6942186,52.6,8.376812,7.289855,58.6
2025-07-11T01:33:49Z,0,29.858,80.1,40,70.5,3,5,65,53,0.0,255,32767,0.0,2127-15-31,0.0,0.12,27.44,0.0,0.0,0.0,0,0.85546875,6,45,05:56,20:31,2025-07-11 01:33:49.100051,Castel Volturno,44.8,7.027397,5.3754106,4.9612994,9.604209,75.0,5.7625256,4.4874725,6.42029,12.149758,75.6,6.1333227,8.268832,6.593462,5.6942186,52.6,8.376812,7.289855,58.6
2025-07-11T01:33:59Z,0,29.857,80.0,40,70.4,4,5,45,53,0.0,255,32767,0.0,2127-15-31,0.0,0.12,27.44,0.0,0.0,0.0,0,1.06640625,6,45,05:56,20:31,2025-07-11 01:33:59.654049,Castel Volturno,44.8,7.027397,5.3754106,4.9612994,9.604209,75.0,5.7625256,4.4874725,6.42029,12.149758,75.6,6.1333227,8.268832,6.593462,5.6942186,52.6,8.376812,7.289855,58.6
2025-07-11T01:34:10Z,0,29.857,80.0,40,70.5,4,5,72,53,0.0,255,32767,0.0,2127-15-31,0.0,0.12,27.44,0.0,0.0,0.0,0,1.06640625,6,45,05:56,20:31,2025-07-11 01:34:10.241007,Castel Volturno,44.8,7.027397,5.3754106,4.9612994,9.604209,75.0,5.7625256,4.4874725,6.42029,12.149758,75.6,6.1333227,8.268832,6.593462,5.6942186,52.6,8.376812,7.289855,58.6
2025-07-11T01:34:20Z,0,29.857,80.0,40,70.5,3,5,49,53,0.0,255,32767,0.0,2127-15-31,0.0,0.12,27.44,0.0,0.0,0.0,0,1.06640625,6,45,05:56,20:31,2025-07-11 01:34:20.795011,Castel Volturno,44.8,7.027397,5.3754106,4.9612994,9.604209,75.0,5.7625256,4.4874725,6.42029,12.149758,75.6,6.1333227,8.268832,6.593462,5.6942186,52.6,8.376812,7.289855,58.6
2025-07-11T01:34:31Z,0,29.857,80.0,40,70.5,5,5,71,53,0.0,255,32767,0.0,2127-15-31,0.0,0.12,27.44,0.0,0.0,0.0,0,1.06640625,6,45,05:56,20:31,2025-07-11 01:34:31.349054,Castel Volturno,44.8,7.027397,5.3754106,4.9612994,9.604209,75.0,5.7625256,4.4874725,6.42029,12.149758,75.6,6.1333227,8.268832,6.593462,5.6942186,52.6,8.376812,7.289855,58.6
2025-07-11T01:34:42Z,0,29.857,80.0,40,70.5,6,5,61,53,0.0,255,32767,0.0,2127-15-31,0.0,0.12,27.44,0.0,0.0,0.0,0,1.06640625,6,45,05:56,20:31,2025-07-11 01:34:41.902067,Castel Volturno,44.8,7.027397,5.3754106,4.9612994,9.604209,75.0,5.7625256,4.4874725,6.42029,12.149758,75.6,6.1333227,8.268832,6.593462,5.6942186,52.6,8.376812,7.289855,58.6
2025-07-11T01:34:52Z,0,29.859,80.0,40,70.5,4,5,63,53,0.0,255,32767,0.0,2127-15-31,0.0,0.12,27.44,0.0,0.0,0.0,0,2.150390625,6,45,05:56,20:31,2025-07-11 01:34:52.456045,Castel Volturno,44.8,7.027397,5.3754106,4.9612994,9.604209,75.0,5.7625256,4.4874725,6.42029,12.149758,75.6,6.1333227,8.268832,6.593462,5.6942186,52.6,8.376812,7.289855,58.6
2025-07-11T01:35:03Z,0,29.859,80.0,40,70.5,4,5,82,53,0.0,255,32767,0.0,2127-15-31,0.0,0.12,27.44,0.0,0.0,0.0,0,2.150390625,6,45,05:56,20:31,2025-07-11 01:35:03.010048,Castel Volturno,44.8,7.027397,5.3754106,4.9612994,9.604209,75.0,5.7625256,4.4874725,6.42029,12.149758,75.6,6.1333227,8.268832,6.593462,5.6942186,52.6,8.376812,7.289855,58.6
2025-07-11T01:35:13Z,0,29.859,80.0,40,70.5,5,5,57,53,0.0,255,32767,0.0,2127-15-31,0.0,0.12,27.44,0.0,0.0,0.0,0,2.150390625,6,45,05:56,20:31,2025-07-11 01:35:13.564043,Castel Volturno,44.8,7.027397,5.3754106,4.9612994,9.604209,75.0,5.7625256,4.4874725,6.42029,12.149758,75.6,6.1333227,8.268832,6.593462,5.6942186,52.6,8.376812,7.289855,58.6
2025-07-11T01:35:24Z,0,29.859,80.0,40,70.5,3,5,44,53,0.0,255,32767,0.0,2127-15-31,0.0,0.12,27.44,0.0,0.0,0.0,0,2.150390625,6,45,05:56,20:31,2025-07-11 01:35:24.151060,Castel Volturno,44.8,7.027397,5.3754106,4.9612994,9.604209,75.0,5.7625256,4.4874725,6.42029,12.149758,75.6,6.1333227,8.268832,6.593462,5.6942186,52.6,8.376812,7.289855,58.6
2025-07-11T01:35:34Z,0,29.859,80.0,40,70.5,4,5,66,53,0.0,255,32767,0.0,2127-15-31,0.0,0.12,27.44,0.0,0.0,0.0,0,2.150390625,6,45,05:56,20:31,2025-07-11 01:35:34.682966,Castel Volturno,44.8,7.027397,5.3754106,4.9612994,9.604209,75.0,5.7625256,4.4874725,6.42029,12.149758,75.6,6.1333227,8.268832,6.593462,5.6942186,52.6,8.376812,7.289855,58.6
2025-07-11T01:35:45Z,0,29.859,80.0,40,70.5,4,5,67,53,0.0,255,32767,0.0,2127-15-31,0.0,0.12,27.44,0.0,0.0,0.0,0,2.150390625,6,45,05:56,20:31,2025-07-11 01:35:45.253054,Castel Volturno,44.8,7.027397,5.3754106,4.9612994,9.604209,75.0,5.7625256,4.4874725,6.42029,12.149758,75.6,6.1333227,8.268832,6.593462,5.6942186,52.6,8.376812,7.289855,58.6
2025-07-11T01:35:56Z,0,29.856,80.0,40,70.5,4,5,96,53,0.0,255,32767,0.0,2127-15-31,0.0,0.12,27.44,0.0,0.0,0.0,0,0.8203125,6,45,05:56,20:31,2025-07-11 01:35:56.525006,Castel Volturno,44.8,7.027397,5.3754106,4.9612994,9.604209,75.0,5.7625256,4.4874725,6.42029,12.149758,75.6,6.1333227,8.268832,6.593462,5.6942186,52.6,8.376812,7.289855,58.6
2025-07-11T01:36:07Z,0,29.856,80.0,40,70.5,4,5,86,53,0.0,255,32767,0.0,2127-15-31,0.0,0.12,27.44,0.0,0.0,0.0,0,0.8203125,6,45,05:56,20:31,2025-07-11 01:36:07.079063,Castel Volturno,44.8,7.027397,5.3754106,4.9612994,9.604209,75.0,5.7625256,4.4874725,6.42029,12.149758,75.6,6.1333227,8.268832,6.593462,5.6942186,52.6,8.376812,7.289855,58.6
2025-07-11T01:36:17Z,0,29.856,80.0,40,70.5,4,5,93,53,0.0,255,32767,0.0,2127-15-31,0.0,0.12,27.44,0.0,0.0,0.0,0,0.8203125,6,45,05:56,20:31,2025-07-11 01:36:17.633066,Castel Volturno,44.8,7.027397,5.3754106,4.9612994,9.604209,75.0,5.7625256,4.4874725,6.42029,12.149758,75.6,6.1333227,8.268832,6.593462,5.6942186,52.6,8.376812,7.289855,58.6
2025-07-11T01:36:41Z,0,29.856,80.0,40,70.5,6,5,65,53,0.0,255,32767,0.0,2127-15-31,0.0,0.12,27.44,0.0,0.0,0.0,0,0.8203125,6,45,05:56,20:31,2025-07-11 01:36:41.741006,Castel Volturno,44.8,7.027397,5.3754106,4.9612994,9.604209,75.0,5.7625256,4.4874725,6.42029,12.149758,75.6,6.1333227,8.268832,6.593462,5.6942186,52.6,8.376812,7.289855,58.6
2025-07-11T01:36:52Z,0,29.855,80.0,40,70.5,5,5,48,53,0.0,255,32767,0.0,2127-15-31,0.0,0.12,27.44,0.0,0.0,0.0,0,0.814453125,6,45,05:56,20:31,2025-07-11 01:36:52.295009,Castel Volturno,44.8,7.027397,5.3754106,4.9612994,9.604209,75.0,5.7625256,4.4874725,6.42029,12.149758,75.6,6.1333227,8.268832,6.593462,5.6942186,52.6,8.376812,7.289855,58.6
2025-07-11T01:37:03Z,0,29.855,80.0,40,70.5,4,5,84,53,0.0,255,32767,0.0,2127-15-31,0.0,0.12,27.44,0.0,0.0,0.0,0,0.814453125,6,45,05:56,20:31,2025-07-11 01:37:02.849041,Castel Volturno,44.8,7.027397,5.3754106,4.9612994,9.604209,75.0,5.7625256,4.4874725,6.42029,12.149758,75.6,6.1333227,8.268832,6.593462,5.6942186,52.6,8.376812,7.289855,58.6
2025-07-11T01:37:13Z,0,29.855,80.0,40,70.5,5,5,32,53,0.0,255,32767,0.0,2127-15-31,0.0,0.12,27.44,0.0,0.0,0.0,0,0.814453125,6,45,05:56,20:31,2025-07-11 01:37:13.403047,Castel Volturno,44.8,7.027397,5.3754106,4.9612994,9.604209,75.0,5.7625256,4.4874725,6.42029,12.149758,75.6,6.1333227,8.268832,6.593462,5.6942186,52.6,8.376812,7.289855,58.6
2025-07-11T01:37:24Z,0,29.855,80.0,40,70.5,5,5,54,53,0.0,255,32767,0.0,2127-15-31,0.0,0.12,27.44,0.0,0.0,0.0,0,0.814453125,6,45,05:56,20:31,2025-07-11 01:37:23.957044,Castel Volturno,44.8,7.027397,5.3754106,4.9612994,9.604209,75.0,5.7625256,4.4874725,6.42029,12.149758,75.6,6.1333227,8.268832,6.593462,5.6942186,52.6,8.376812,7.289855,58.6
2025-07-11T01:37:34Z,0,29.855,80.0,40,70.5,5,5,84,53,0.0,255,32767,0.0,2127-15-31,0.0,0.12,27.44,0.0,0.0,0.0,0,0.814453125,6,45,05:56,20:31,2025-07-11 01:37:34.511045,Castel Volturno,44.8,7.027397,5.3754106,4.9612994,9.604209,75.0,5.7625256,4.4874725,6.42029,12.149758,75.6,6.1333227,8.268832,6.593462,5.6942186,52.6,8.376812,7.289855,58.6
2025-07-11T01:37:45Z,0,29.855,80.0,40,70.5,6,5,60,53,0.0,255,32767,0.0,2127-15-31,0.0,0.12,27.44,0.0,0.0,0.0,0,0.814453125,6,45,05:56,20:31,2025-07-11 01:37:45.097042,Castel Volturno,44.8,7.027397,5.3754106,4.9612994,9.604209,75.0,5.7625256,4.4874725,6.42029,12.149758,75.6,6.1333227,8.268832,6.593462,5.6942186,52.6,8.376812,7.289855,58.6
2025-07-11T01:37:55Z,236,29.859,79.9,40,70.5,5,5,59,53,0.0,255,32767,0.0,2127-15-31,0.0,0.12,27.44,0.0,0.0,0.0,0,0.990234375,6,45,05:56,20:31,2025-07-11 01:37:55.651044,Castel Volturno,44.8,7.027397,5.3754106,4.9612994,9.604209,75.0,5.7625256,4.4874725,6.42029,12.149758,75.6,6.1333227,8.268832,6.593462,5.6942186,52.6,8.376812,7.289855,58.6
2025-07-11T01:38:06Z,236,29.859,79.9,40,70.5,4,5,78,53,0.0,255,32767,0.0,2127-15-31,0.0,0.12,27.44,0.0,0.0,0.0,0,0.990234375,6,45,05:56,20:31,2025-07-11 01:38:06.206063,Castel Volturno,44.8,7.027397,5.3754106,4.9612994,9.604209,75.0,5.7625256,4.4874725,6.42029,12.149758,75.6,6.1333227,8.268832,6.593462,5.6942186,52.6,8.376812,7.289855,58.6
2025-07-11T01:38:16Z,236,29.859,79.9,40,70.5,5,5,10,53,0.0,255,32767,0.0,2127-15-31,0.0,0.12,27.44,0.0,0.0,0.0,0,0.990234375,6,45,05:56,20:31,2025-07-11 01:38:16.760049,Castel Volturno,44.8,7.027397,5.3754106,4.9612994,9.604209,75.0,5.7625256,4.4874725,6.42029,12.149758,75.6,6.1333227,8.268832,6.593462,5.6942186,52.6,8.376812,7.289855,58.6
2025-07-11T01:38:27Z,236,29.859,79.9,40,70.5,3,5,90,53,0.0,255,32767,0.0,2127-15-31,0.0,0.12,27.44,0.0,0.0,0.0,0,0.990234375,6,45,05:56,20:31,2025-07-11 01:38:27.314059,Castel Volturno,44.8,7.027397,5.3754106,4.9612994,9.604209,75.0,5.7625256,4.4874725,6.42029,12.149758,75.6,6.1333227,8.268832,6.593462,5.6942186,52.6,8.376812,7.289855,58.6
2025-07-11T01:38:38Z,236,29.859,79.9,40,70.5,4,5,32,53,0.0,255,32767,0.0,2127-15-31,0.0,0.12,27.44,0.0,0.0,0.0,0,0.990234375,6,45,05:56,20:31,2025-07-11 01:38:37.867056,Castel Volturno,44.8,7.027397,5.3754106,4.9612994,9.604209,75.0,5.7625256,4.4874725,6.42029,12.149758,75.6,6.1333227,8.268832,6.593462,5.6942186,52.6,8.376812,7.289855,58.6
2025-07-11T01:38:48Z,236,29.859,79.9,40,70.4,4,5,63,53,0.0,255,32767,0.0,2127-15-31,0.0,0.12,27.44,0.0,0.0,0.0,0,0.990234375,6,45,05:56,20:31,2025-07-11 01:38:48.421059,Castel Volturno,44.8,7.027397,5.3754106,4.9612994,9.604209,75.0,5.7625256,4.4874725,6.42029,12.149758,75.6,6.1333227,8.268832,6.593462,5.6942186,52.6,8.376812,7.289855,58.6
2025-07-11T01:38:59Z,236,29.855,79.9,40,70.4,5,5,37,53,0.0,255,32767,0.0,2127-15-31,0.0,0.12,27.44,0.0,0.0,0.0,0,0.8203125,6,45,05:56,20:31,2025-07-11 01:38:58.975046,Castel Volturno,44.8,7.027397,5.3754106,4.9612994,9.604209,75.0,5.7625256,4.4874725,6.42029,12.149758,75.6,6.1333227,8.268832,6.593462,5.6942186,52.6,8.376812,7.289855,58.6
2025-07-11T01:39:09Z,236,29.855,79.9,40,70.4,4,5,69,53,0.0,255,32767,0.0,2127-15-31,0.0,0.12,27.44,0.0,0.0,0.0,0,0.8203125,6,45,05:56,20:31,2025-07-11 01:39:09.562050,Castel Volturno,44.8,7.027397,5.3754106,4.9612994,9.604209,75.0,5.7625256,4.4874725,6.42029,12.149758,75.6,6.1333227,8.268832,6.593462,5.6942186,52.6,8.376812,7.289855,58.6
2025-07-11T01:39:20Z,236,29.855,79.9,40,70.4,3,5,46,53,0.0,255,32767,0.0,2127-15-31,0.0,0.12,27.44,0.0,0.0,0.0,0,0.8203125,6,45,05:56,20:31,2025-07-11 01:39:20.116042,Castel Volturno,44.8,7.027397,5.3754106,4.9612994,9.604209,75.0,5.7625256,4.4874725,6.42029,12.149758,75.6,6.1333227,8.268832,6.593462,5.6942186,52.6,8.376812,7.289855,58.6
2025-07-11T01:39:30Z,236,29.855,79.9,40,70.4,5,5,71,53,0.0,255,32767,0.0,2127-15-31,0.0,0.12,27.44,0.0,0.0,0.0,0,0.8203125,6,45,05:56,20:31,2025-07-11 01:39:30.670051,Castel Volturno,44.8,7.027397,5.3754106,4.9612994,9.604209,75.0,5.7625256,4.4874725,6.42029,12.149758,75.6,6.1333227,8.268832,6.593462,5.6942186,52.6,8.376812,7.289855,58.6
2025-07-11T01:39:41Z,236,29.855,79.9,40,70.4,4,5,15,53,0.0,255,32767,0.0,2127-15-31,0.0,0.12,27.44,0.0,0.0,0.0,0,0.8203125,6,45,05:56,20:31,2025-07-11 01:39:41.224049,Castel Volturno,44.8,7.027397,5.3754106,4.9612994,9.604209,75.0,5.7625256,4.4874725,6.42029,12.149758,75.6,6.1333227,8.268832,6.593462,5.6942186,52.6,8.376812,7.289855,58.6
2025-07-11T01:39:52Z,236,29.856,79.8,40,70.4,3,5,34,53,0.0,255,32767,0.0,2127-15-31,0.0,0.12,27.44,0.0,0.0,0.0,0,0.84375,6,45,05:56,20:31,2025-07-11 01:39:51.811061,Castel Volturno,44.8,7.027397,5.3754106,4.9612994,9.604209,75.0,5.7625256,4.4874725,6.42029,12.149758,75.6,6.1333227,8.268832,6.593462,5.6942186,52.6,8.376812,7.289855,58.6
2025-07-11T01:40:02Z,236,29.856,79.8,40,70.3,9,5,60,54,0.0,255,32767,0.0,2127-15-31,0.0,0.12,27.44,0.0,0.0,0.0,0,0.84375,6,45,05:56,20:31,2025-07-11 01:40:02.365044,Castel Volturno,44.8,7.027397,5.3754106,4.9612994,9.604209,75.0,5.7625256,4.4874725,6.42029,12.149758,75.6,6.1333227,8.268832,6.593462,5.6942186,52.6,8.376812,7.289855,58.6
2025-07-11T01:40:13Z,236,29.856,79.8,40,70.3,5,5,89,54,0.0,255,32767,0.0,2127-15-31,0.0,0.12,27.44,0.0,0.0,0.0,0,0.84375,6,45,05:56,20:31,2025-07-11 01:40:12.915050,Castel Volturno,44.8,7.027397,5.3754106,4.9612994,9.604209,75.0,5.7625256,4.4874725,6.42029,12.149758,75.6,6.1333227,8.268832,6.593462,5.6942186,52.6,8.376812,7.289855,58.6
2025-07-11T01:40:23Z,236,29.856,79.8,40,70.4,3,5,16,54,0.0,255,32767,0.0,2127-15-31,0.0,0.12,27.44,0.0,0.0,0.0,0,0.84375,6,45,05:56,20:31,2025-07-11 01:40:23.485048,Castel Volturno,44.8,7.027397,5.3754106,4.9612994,9.604209,75.0,5.7625256,4.4874725,6.42029,12.149758,75.6,6.1333227,8.268832,6.593462,5.6942186,52.6,8.376812,7.289855,58.6
2025-07-11T01:40:34Z,236,29.856,79.8,40,70.4,2,5,78,54,0.0,255,32767,0.0,2127-15-31,0.0,0.12,27.44,0.0,0.0,0.0,0,0.84375,6,45,05:56,20:31,2025-07-11 01:40:34.039044,Castel Volturno,44.8,7.027397,5.3754106,4.9612994,9.604209,75.0,5.7625256,4.4874725,6.42029,12.149758,75.6,6.1333227,8.268832,6.593462,5.6942186,52.6,8.376812,7.289855,58.6
2025-07-11T01:40:44Z,236,29.856,79.8,40,70.3,6,5,349,54,0.0,255,32767,0.0,2127-15-31,0.0,0.12,27.44,0.0,0.0,0.0,0,0.84375,6,45,05:56,20:31,2025-07-11 01:40:44.593051,Castel Volturno,44.8,7.027397,5.3754106,4.9612994,9.604209,75.0,5.7625256,4.4874725,6.42029,12.149758,75.6,6.1333227,8.268832,6.593462,5.6942186,52.6,8.376812,7.289855,58.6
2025-07-11T01:40:55Z,236,29.857,79.8,40,70.3,7,5,82,54,0.0,255,32767,0.0,2127-15-31,0.0,0.12,27.44,0.0,0.0,0.0,0,1.01953125,6,45,05:56,20:31,2025-07-11 01:40:55.147052,Castel Volturno,44.8,7.027397,5.3754106,4.9612994,9.604209,75.0,5.7625256,4.4874725,6.42029,12.149758,75.6,6.1333227,8.268832,6.593462,5.6942186,52.6,8.376812,7.289855,58.6
2025-07-11T01:41:06Z,236,29.857,79.8,40,70.3,4,5,73,54,0.0,255,32767,0.0,2127-15-31,0.0,0.12,27.44,0.0,0.0,0.0,0,1.01953125,6,45,05:56,20:31,2025-07-11 01:41:06.197041,Castel Volturno,44.8,7.027397,5.3754106,4.9612994,9.604209,75.0,5.7625256,4.4874725,6.42029,12.149758,75.6,6.1333227,8.268832,6.593462,5.6942186,52.6,8.376812,7.289855,58.6
2025-07-11T01:41:16Z,236,29.857,79.8,40,70.3,4,5,71,54,0.0,255,32767,0.0,2127-15-31,0.0,0.12,27.44,0.0,0.0,0.0,0,1.01953125,6,45,05:56,20:31,2025-07-11 01:41:16.751047,Castel Volturno,44.8,7.027397,5.3754106,4.9612994,9.604209,75.0,5.7625256,4.4874725,6.42029,12.149758,75.6,6.1333227,8.268832,6.593462,5.6942186,52.6,8.376812,7.289855,58.6
2025-07-11T01:41:27Z,236,29.857,79.8,40,70.3,7,5,94,54,0.0,255,32767,0.0,2127-15-31,0.0,0.12,27.44,0.0,0.0,0.0,0,1.01953125,6,45,05:56,20:31,2025-07-11 01:41:27.305043,Castel Volturno,44.8,7.027397,5.3754106,4.9612994,9.604209,75.0,5.7625256,4.4874725,6.42029,12.149758,75.6,6.1333227,8.268832,6.593462,5.6942186,52.6,8.376812,7.289855,58.6
2025-07-11T01:41:38Z,236,29.857,79.8,40,70.3,6,5,55,54,0.0,255,32767,0.0,2127-15-31,0.0,0.12,27.44,0.0,0.0,0.0,0,1.01953125,6,45,05:56,20:31,2025-07-11 01:41:37.860040,Castel Volturno,44.8,7.027397,5.3754106,4.9612994,9.604209,75.0,5.7625256,4.4874725,6.42029,12.149758,75.6,6.1333227,8.268832,6.593462,5.6942186,52.6,8.376812,7.289855,58.6
2025-07-11T01:41:48Z,236,29.857,79.8,40,70.3,8,5,69,54,0.0,255,32767,0.0,2127-15-31,0.0,0.12,27.44,0.0,0.0,0.0,0,1.01953125,6,45,05:56,20:31,2025-07-11 01:41:48.414053,Castel Volturno,44.8,7.027397,5.3754106,4.9612994,9.604209,75.0,5.7625256,4.4874725,6.42029,12.149758,75.6,6.1333227,8.268832,6.593462,5.6942186,52.6,8.376812,7.289855,58.6
2025-07-11T01:41:59Z,236,29.857,79.8,40,70.3,5,5,87,54,0.0,255,32767,0.0,2127-15-31,0.0,0.12,27.44,0.0,0.0,0.0,0,1.96875,6,45,05:56,20:31,2025-07-11 01:41:59.001040,Castel Volturno,44.8,7.027397,5.3754106,4.9612994,9.604209,75.0,5.7625256,4.4874725,6.42029,12.149758,75.6,6.1333227,8.268832,6.593462,5.6942186,52.6,8.376812,7.289855,58.6
2025-07-11T01:42:09Z,236,29.857,79.8,40,70.3,6,5,59,54,0.0,255,32767,0.0,2127-15-31,0.0,0.12,27.44,0.0,0.0,0.0,0,1.96875,6,45,05:56,20:31,2025-07-11 01:42:09.555040,Castel Volturno,44.8,7.027397,5.3754106,4.9612994,9.604209,75.0,5.7625256,4.4874725,6.42029,12.149758,75.6,6.1333227,8.268832,6.593462,5.6942186,52.6,8.376812,7.289855,58.6
2025-07-11T01:42:20Z,236,29.857,79.8,40,70.2,5,5,55,54,0.0,255,32767,0.0,2127-15-31,0.0,0.12,27.44,0.0,0.0,0.0,0,1.96875,6,45,05:56,20:31,2025-07-11 01:42:20.109052,Castel Volturno,44.8,7.027397,5.3754106,4.9612994,9.604209,75.0,5.7625256,4.4874725,6.42029,12.149758,75.6,6.1333227,8.268832,6.593462,5.6942186,52.6,8.376812,7.289855,58.6
2025-07-11T01:42:30Z,236,29.857,79.8,40,70.2,5,5,33,54,0.0,255,32767,0.0,2127-15-31,0.0,0.12,27.44,0.0,0.0,0.0,0,1.96875,6,45,05:56,20:31,2025-07-11 01:42:30.663055,Castel Volturno,44.8,7.027397,5.3754106,4.9612994,9.604209,75.0,5.7625256,4.4874725,6.42029,12.149758,75.6,6.1333227,8.268832,6.593462,5.6942186,52.6,8.376812,7.289855,58.6
2025-07-11T01:42:41Z,236,29.857,79.8,40,70.2,4,5,74,54,0.0,255,32767,0.0,2127-15-31,0.0,0.12,27.44,0.0,0.0,0.0,0,1.96875,6,45,05:56,20:31,2025-07-11 01:42:41.217041,Castel Volturno,44.8,7.027397,5.3754106,4.9612994,9.604209,75.0,5.7625256,4.4874725,6.42029,12.149758,75.6,6.1333227,8.268832,6.593462,5.6942186,52.6,8.376812,7.289855,58.6
2025-07-11T01:42:51Z,236,29.857,79.8,40,70.2,5,5,65,54,0.0,255,32767,0.0,2127-15-31,0.0,0.12,27.44,0.0,0.0,0.0,0,0.814453125,6,45,05:56,20:31,2025-07-11 01:42:51.771040,Castel Volturno,44.8,7.027397,5.3754106,4.9612994,9.604209,75.0,5.7625256,4.4874725,6.42029,12.149758,75.6,6.1333227,8.268832,6.593462,5.6942186,52.6,8.376812,7.289855,58.6
2025-07-11T01:43:02Z,236,29.857,79.8,40,70.2,2,5,42,54,0.0,255,32767,0.0,2127-15-31,0.0,0.12,27.44,0.0,0.0,0.0,0,0.814453125,6,45,05:56,20:31,2025-07-11 01:43:02.325047,Castel Volturno,44.8,7.027397,5.3754106,4.9612994,9.604209,75.0,5.7625256,4.4874725,6.42029,12.149758,75.6,6.1333227,8.268832,6.593462,5.6942186,52.6,8.376812,7.289855,58.6
2025-07-11T01:43:13Z,236,29.857,79.8,40,70.2,9,5,74,54,0.0,255,32767,0.0,2127-15-31,0.0,0.12,27.44,0.0,0.0,0.0,0,0.814453125,6,45,05:56,20:31,2025-07-11 01:43:12.879050,Castel Volturno,44.8,7.027397,5.3754106,4.9612994,9.604209,75.0,5.7625256,4.4874725,6.42029,12.149758,75.6,6.1333227,8.268832,6.593462,5.6942186,52.6,8.376812,7.289855,58.6
2025-07-11T01:43:23Z,236,29.857,79.8,40,70.1,5,5,17,54,0.0,255,32767,0.0,2127-15-31,0.0,0.12,27.44,0.0,0.0,0.0,0,0.814453125,6,45,05:56,20:31,2025-07-11 01:43:23.433048,Castel Volturno,44.8,7.027397,5.3754106,4.9612994,9.604209,75.0,5.7625256,4.4874725,6.42029,12.149758,75.6,6.1333227,8.268832,6.593462,5.6942186,52.6,8.376812,7.289855,58.6
2025-07-11T01:43:34Z,236,29.857,79.8,40,70.1,4,5,19,54,0.0,255,32767,0.0,2127-15-31,0.0,0.12,27.44,0.0,0.0,0.0,0,0.814453125,6,45,05:56,20:31,2025-07-11 01:43:33.987052,Castel Volturno,44.8,7.027397,5.3754106,4.9612994,9.604209,75.0,5.7625256,4.4874725,6.42029,12.149758,75.6,6.1333227,8.268832,6.593462,5.6942186,52.6,8.376812,7.289855,58.6
2025-07-11T01:43:44Z,236,29.857,79.8,40,70.1,5,5,18,54,0.0,255,32767,0.0,2127-15-31,0.0,0.12,27.44,0.0,0.0,0.0,0,0.814453125,6,45,05:56,20:31,2025-07-11 01:43:44.541045,Castel Volturno,44.8,7.027397,5.3754106,4.9612994,9.604209,75.0,5.7625256,4.4874725,6.42029,12.149758,75.6,6.1333227,8.268832,6.593462,5.6942186,52.6,8.376812,7.289855,58.6
2025-07-11T01:43:55Z,236,29.855,79.7,40,70.1,3,5,46,54,0.0,255,32767,0.0,2127-15-31,0.0,0.12,27.44,0.0,0.0,0.0,0,0.80859375,6,45,05:56,20:31,2025-07-11 01:43:55.126054,Castel Volturno,44.8,7.027397,5.3754106,4.9612994,9.604209,75.0,5.7625256,4.4874725,6.42029,12.149758,75.6,6.1333227,8.268832,6.593462,5.6942186,52.6,8.376812,7.289855,58.6
2025-07-11T01:44:05Z,236,29.855,79.7,40,70.1,5,5,79,54,0.0,255,32767,0.0,2127-15-31,0.0,0.12,27.44,0.0,0.0,0.0,0,0.80859375,6,45,05:56,20:31,2025-07-11 01:44:05.713067,Castel Volturno,44.8,7.027397,5.3754106,4.9612994,9.604209,75.0,5.7625256,4.4874725,6.42029,12.149758,75.6,6.1333227,8.268832,6.593462,5.6942186,52.6,8.376812,7.289855,58.6
2025-07-11T01:44:16Z,236,29.855,79.7,40,70.1,5,5,67,54,0.0,255,32767,0.0,2127-15-31,0.0,0.12,27.44,0.0,0.0,0.0,0,0.80859375,6,45,05:56,20:31,2025-07-11 01:44:16.268041,Castel Volturno,44.8,7.027397,5.3754106,4.9612994,9.604209,75.0,5.7625256,4.4874725,6.42029,12.149758,75.6,6.1333227,8.268832,6.593462,5.6942186,52.6,8.376812,7.289855,58.6
2025-07-11T01:44:27Z,236,29.855,79.7,40,70.0,3,5,74,54,0.0,255,32767,0.0,2127-15-31,0.0,0.12,27.44,0.0,0.0,0.0,0,0.80859375,6,45,05:56,20:31,2025-07-11 01:44:26.814047,Castel Volturno,44.8,7.027397,5.3754106,4.9612994,9.604209,75.0,5.7625256,4.4874725,6.42029,12.149758,75.6,6.1333227,8.268832,6.593462,5.6942186,52.6,8.376812,7.289855,58.6
2025-07-11T01:44:37Z,236,29.855,79.7,40,70.0,4,5,41,54,0.0,255,32767,0.0,2127-15-31,0.0,0.12,27.44,0.0,0.0,0.0,0,0.80859375,6,45,05:56,20:31,2025-07-11 01:44:37.368049,Castel Volturno,44.8,7.027397,5.3754106,4.9612994,9.604209,75.0,5.7625256,4.4874725,6.42029,12.149758,75.6,6.1333227,8.268832,6.593462,5.6942186,52.6,8.376812,7.289855,58.6
2025-07-11T01:44:48Z,236,29.855,79.7,40,70.0,4,5,23,54,0.0,255,32767,0.0,2127-15-31,0.0,0.12,27.44,0.0,0.0,0.0,0,0.80859375,6,45,05:56,20:31,2025-07-11 01:44:47.924060,Castel Volturno,44.8,7.027397,5.3754106,4.9612994,9.604209,75.0,5.7625256,4.4874725,6.42029,12.149758,75.6,6.1333227,8.268832,6.593462,5.6942186,52.6,8.376812,7.289855,58.6
2025-07-11T01:44:58Z,236,29.856,79.6,40,70.0,3,5,88,54,0.0,255,32767,0.0,2127-15-31,0.0,0.12,27.44,0.0,0.0,0.0,0,0.814453125,6,45,05:56,20:31,2025-07-11 01:44:58.478052,Castel Volturno,44.8,7.027397,5.3754106,4.9612994,9.604209,75.0,5.7625256,4.4874725,6.42029,12.149758,75.6,6.1333227,8.268832,6.593462,5.6942186,52.6,8.376812,7.289855,58.6
2025-07-11T01:45:09Z,236,29.856,79.6,40,70.0,4,5,5,54,0.0,255,32767,0.0,2127-15-31,0.0,0.12,27.44,0.0,0.0,0.0,0,0.814453125,6,45,05:56,20:31,2025-07-11 01:45:09.032042,Castel Volturno,44.8,7.027397,5.3754106,4.9612994,9.604209,75.0,5.7625256,4.4874725,6.42029,12.149758,75.6,6.1333227,8.268832,6.593462,5.6942186,52.6,8.376812,7.289855,58.6
2025-07-11T01:45:19Z,236,29.856,79.6,40,69.9,5,5,15,55,0.0,255,32767,0.0,2127-15-31,0.0,0.12,27.44,0.0,0.0,0.0,0,0.814453125,6,45,05:56,20:31,2025-07-11 01:45:19.586045,Castel Volturno,44.8,7.027397,5.3754106,4.9612994,9.604209,75.0,5.7625256,4.4874725,6.42029,12.149758,75.6,6.1333227,8.268832,6.593462,5.6942186,52.6,8.376812,7.289855,58.6
2025-07-11T01:45:30Z,236,29.856,79.6,40,69.9,5,5,16,55,0.0,255,32767,0.0,2127-15-31,0.0,0.12,27.44,0.0,0.0,0.0,0,0.814453125,6,45,05:56,20:31,2025-07-11 01:45:30.140049,Castel Volturno,44.8,7.027397,5.3754106,4.9612994,9.604209,75.0,5.7625256,4.4874725,6.42029,12.149758,75.6,6.1333227,8.268832,6.593462,5.6942186,52.6,8.376812,7.289855,58.6
2025-07-11T01:45:40Z,236,29.856,79.6,40,69.9,5,5,43,55,0.0,255,32767,0.0,2127-15-31,0.0,0.12,27.44,0.0,0.0,0.0,0,0.814453125,6,45,05:56,20:31,2025-07-11 01:45:40.694019,Castel Volturno,44.8,7.027397,5.3754106,4.9612994,9.604209,75.0,5.7625256,4.4874725,6.42029,12.149758,75.6,6.1333227,8.268832,6.593462,5.6942186,52.6,8.376812,7.289855,58.6
2025-07-11T01:45:51Z,236,29.855,79.6,41,70.0,5,5,59,55,0.0,255,32767,0.0,2127-15-31,0.0,0.12,27.44,0.0,0.0,0.0,0,0.8203125,6,45,05:56,20:31,2025-07-11 01:45:51.248016,Castel Volturno,44.8,7.027397,5.3754106,4.9612994,9.604209,75.0,5.7625256,4.4874725,6.42029,12.149758,75.6,6.1333227,8.268832,6.593462,5.6942186,52.6,8.376812,7.289855,58.6
2025-07-11T01:46:02Z,236,29.855,79.6,41,70.0,4,5,26,55,0.0,255,32767,0.0,2127-15-31,0.0,0.12,27.44,0.0,0.0,0.0,0,0.8203125,6,45,05:56,20:31,2025-07-11 01:46:01.802056,Castel Volturno,45.1,6.9217906,5.4162345,5.2590203,9.689164,74.8,5.8134985,4.525887,5.114286,10.880953,75.4,6.081634,8.765034,6.627216,5.989486,52.6,6.8285713,6.5285716,58.6
2025-07-11T01:46:13Z,236,29.855,79.6,41,69.9,4,5,19,55,0.0,255,32767,0.0,2127-15-31,0.0,0.12,27.44,0.0,0.0,0.0,0,0.8203125,6,45,05:56,20:31,2025-07-11 01:46:12.893051,Castel Volturno,45.1,6.9217906,5.4162345,5.2590203,9.689164,74.8,5.8134985,4.525887,5.114286,10.880953,75.4,6.081634,8.765034,6.627216,5.989486,52.6,6.8285713,6.5285716,58.6
2025-07-11T01:46:23Z,236,29.855,79.6,41,69.9,7,5,82,55,0.0,255,32767,0.0,2127-15-31,0.0,0.12,27.44,0.0,0.0,0.0,0,0.8203125,6,45,05:56,20:31,2025-07-11 01:46:23.447048,Castel Volturno,45.1,6.9217906,5.4162345,5.2590203,9.689164,74.8,5.8134985,4.525887,5.114286,10.880953,75.4,6.081634,8.765034,6.627216,5.989486,52.6,6.8285713,6.5285716,58.6
2025-07-11T01:46:34Z,236,29.855,79.6,41,69.9,2,5,22,55,0.0,255,32767,0.0,2127-15-31,0.0,0.12,27.44,0.0,0.0,0.0,0,0.8203125,6,45,05:56,20:31,2025-07-11 01:46:34.001045,Castel Volturno,45.1,6.9217906,5.4162345,5.2590203,9.689164,74.8,5.8134985,4.525887,5.114286,10.880953,75.4,6.081634,8.765034,6.627216,5.989486,52.6,6.8285713,6.5285716,58.6
2025-07-11T01:46:44Z,236,29.855,79.6,41,69.8,4,5,78,55,0.0,255,32767,0.0,2127-15-31,0.0,0.12,27.44,0.0,0.0,0.0,0,0.8203125,6,45,05:56,20:31,2025-07-11 01:46:44.555043,Castel Volturno,45.1,6.9217906,5.4162345,5.2590203,9.689164,74.8,5.8134985,4.525887,5.114286,10.880953,75.4,6.081634,8.765034,6.627216,5.989486,52.6,6.8285713,6.5285716,58.6
2025-07-11T01:46:55Z,236,29.858,79.5,40,69.8,5,5,26,55,0.0,255,32767,0.0,2127-15-31,0.0,0.12,27.44,0.0,0.0,0.0,0,0.837890625,6,45,05:56,20:31,2025-07-11 01:46:55.109044,Castel Volturno,45.1,6.9217906,5.4162345,5.2590203,9.689164,74.8,5.8134985,4.525887,5.114286,10.880953,75.4,6.081634,8.765034,6.627216,5.989486,52.6,6.8285713,6.5285716,58.6
2025-07-11T01:47:05Z,236,29.858,79.5,40,69.9,5,5,32,55,0.0,255,32767,0.0,2127-15-31,0.0,0.12,27.44,0.0,0.0,0.0,0,0.837890625,6,45,05:56,20:31,2025-07-11 01:47:05.663046,Castel Volturno,45.1,6.9217906,5.4162345,5.2590203,9.689164,74.8,5.8134985,4.525887,5.114286,10.880953,75.4,6.081634,8.765034,6.627216,5.989486,52.6,6.8285713,6.5285716,58.6
2025-07-11T01:47:16Z,236,29.858,79.5,40,69.8,6,5,70,55,0.0,255,32767,0.0,2127-15-31,0.0,0.12,27.44,0.0,0.0,0.0,0,0.837890625,6,45,05:56,20:31,2025-07-11 01:47:16.217042,Castel Volturno,45.1,6.9217906,5.4162345,5.2590203,9.689164,74.8,5.8134985,4.525887,5.114286,10.880953,75.4,6.081634,8.765034,6.627216,5.989486,52.6,6.8285713,6.5285716,58.6
2025-07-11T01:47:26Z,236,29.858,79.5,40,69.8,4,5,80,55,0.0,255,32767,0.0,2127-15-31,0.0,0.12,27.44,0.0,0.0,0.0,0,0.837890625,6,45,05:56,20:31,2025-07-11 01:47:26.771063,Castel Volturno,45.1,6.9217906,5.4162345,5.2590203,9.689164,74.8,5.8134985,4.525887,5.114286,10.880953,75.4,6.081634,8.765034,6.627216,5.989486,52.6,6.8285713,6.5285716,58.6
2025-07-11T01:47:37Z,236,29.858,79.5,40,69.8,6,5,58,55,0.0,255,32767,0.0,2127-15-31,0.0,0.12,27.44,0.0,0.0,0.0,0,0.837890625,6,45,05:56,20:31,2025-07-11 01:47:37.326045,Castel Volturno,45.1,6.9217906,5.4162345,5.2590203,9.689164,74.8,5.8134985,4.525887,5.114286,10.880953,75.4,6.081634,8.765034,6.627216,5.989486,52.6,6.8285713,6.5285716,58.6
2025-07-11T01:47:48Z,236,29.858,79.5,40,69.8,3,5,10,55,0.0,255,32767,0.0,2127-15-31,0.0,0.12,27.44,0.0,0.0,0.0,0,0.837890625,6,45,05:56,20:31,2025-07-11 01:47:47.880046,Castel Volturno,45.1,6.9217906,5.4162345,5.2590203,9.689164,74.8,5.8134985,4.525887,5.114286,10.880953,75.4,6.081634,8.765034,6.627216,5.989486,52.6,6.8285713,6.5285716,58.6
2025-07-11T01:47:58Z,236,29.857,79.4,41,69.8,2,5,73,55,0.0,255,32767,0.0,2127-15-31,0.0,0.12,27.44,0.0,0.0,0.0,0,1.025390625,6,45,05:56,20:31,2025-07-11 01:47:58.434046,Castel Volturno,45.1,6.9217906,5.4162345,5.2590203,9.689164,74.8,5.8134985,4.525887,5.114286,10.880953,75.4,6.081634,8.765034,6.627216,5.989486,52.6,6.8285713,6.5285716,58.6
2025-07-11T01:48:09Z,236,29.857,79.4,41,69.8,4,5,60,55,0.0,255,32767,0.0,2127-15-31,0.0,0.12,27.44,0.0,0.0,0.0,0,1.025390625,6,45,05:56,20:31,2025-07-11 01:48:08.988049,Castel Volturno,45.1,6.9217906,5.4162345,5.2590203,9.689164,74.8,5.8134985,4.525887,5.114286,10.880953,75.4,6.081634,8.765034,6.627216,5.989486,52.6,6.8285713,6.5285716,58.6
2025-07-11T01:48:19Z,236,29.857,79.4,41,69.7,2,5,34,55,0.0,255,32767,0.0,2127-15-31,0.0,0.12,27.44,0.0,0.0,0.0,0,1.025390625,6,45,05:56,20:31,2025-07-11 01:48:19.574041,Castel Volturno,45.1,6.9217906,5.4162345,5.2590203,9.689164,74.8,5.8134985,4.525887,5.114286,10.880953,75.4,6.081634,8.765034,6.627216,5.989486,52.6,6.8285713,6.5285716,58.6
2025-07-11T01:48:30Z,236,29.857,79.4,41,69.8,6,5,22,55,0.0,255,32767,0.0,2127-15-31,0.0,0.12,27.44,0.0,0.0,0.0,0,1.025390625,6,45,05:56,20:31,2025-07-11 01:48:30.128055,Castel Volturno,45.1,6.9217906,5.4162345,5.2590203,9.689164,74.8,5.8134985,4.525887,5.114286,10.880953,75.4,6.081634,8.765034,6.627216,5.989486,52.6,6.8285713,6.5285716,58.6
2025-07-11T01:48:40Z,236,29.857,79.4,41,69.8,3,5,92,55,0.0,255,32767,0.0,2127-15-31,0.0,0.12,27.44,0.0,0.0,0.0,0,1.025390625,6,45,05:56,20:31,2025-07-11 01:48:40.709052,Castel Volturno,45.1,6.9217906,5.4162345,5.2590203,9.689164,74.8,5.8134985,4.525887,5.114286,10.880953,75.4,6.081634,8.765034,6.627216,5.989486,52.6,6.8285713,6.5285716,58.6
2025-07-11T01:48:51Z,236,29.857,79.5,41,69.8,5,4,5,55,0.0,255,32767,0.0,2127-15-31,0.0,0.12,27.44,0.0,0.0,0.0,0,1.845703125,6,45,05:56,20:31,2025-07-11 01:48:51.263044,Castel Volturno,45.1,6.9217906,5.4162345,5.2590203,9.689164,74.8,5.8134985,4.525887,5.114286,10.880953,75.4,6.081634,8.765034,6.627216,5.989486,52.6,6.8285713,6.5285716,58.6
2025-07-11T01:49:02Z,236,29.857,79.5,41,69.8,3,4,78,55,0.0,255,32767,0.0,2127-15-31,0.0,0.12,27.44,0.0,0.0,0.0,0,1.845703125,6,45,05:56,20:31,2025-07-11 01:49:01.817045,Castel Volturno,45.1,6.9217906,5.4162345,5.2590203,9.689164,74.8,5.8134985,4.525887,5.114286,10.880953,75.4,6.081634,8.765034,6.627216,5.989486,52.6,6.8285713,6.5285716,58.6
2025-07-11T01:49:12Z,236,29.857,79.5,41,69.7,3,4,65,55,0.0,255,32767,0.0,2127-15-31,0.0,0.12,27.44,0.0,0.0,0.0,0,1.845703125,6,45,05:56,20:31,2025-07-11 01:49:12.372046,Castel Volturno,45.1,6.9217906,5.4162345,5.2590203,9.689164,74.8,5.8134985,4.525887,5.114286,10.880953,75.4,6.081634,8.765034,6.627216,5.989486,52.6,6.8285713,6.5285716,58.6
2025-07-11T01:49:23Z,236,29.857,79.5,41,69.7,4,4,84,55,0.0,255,32767,0.0,2127-15-31,0.0,0.12,27.44,0.0,0.0,0.0,0,1.845703125,6,45,05:56,20:31,2025-07-11 01:49:22.926051,Castel Volturno,45.1,6.9217906,5.4162345,5.2590203,9.689164,74.8,5.8134985,4.525887,5.114286,10.880953,75.4,6.081634,8.765034,6.627216,5.989486,52.6,6.8285713,6.5285716,58.6
2025-07-11T01:49:33Z,236,29.857,79.5,41,69.7,1,4,49,55,0.0,255,32767,0.0,2127-15-31,0.0,0.12,27.44,0.0,0.0,0.0,0,1.845703125,6,45,05:56,20:31,2025-07-11 01:49:33.480048,Castel Volturno,45.1,6.9217906,5.4162345,5.2590203,9.689164,74.8,5.8134985,4.525887,5.114286,10.880953,75.4,6.081634,8.765034,6.627216,5.989486,52.6,6.8285713,6.5285716,58.6
2025-07-11T01:49:44Z,236,29.857,79.5,41,69.7,2,4,114,55,0.0,255,32767,0.0,2127-15-31,0.0,0.12,27.44,0.0,0.0,0.0,0,1.845703125,6,45,05:56,20:31,2025-07-11 01:49:44.034041,Castel Volturno,45.1,6.9217906,5.4162345,5.2590203,9.689164,74.8,5.8134985,4.525887,5.114286,10.880953,75.4,6.081634,8.765034,6.627216,5.989486,52.6,6.8285713,6.5285716,58.6
2025-07-11T01:49:54Z,236,29.861,79.4,41,69.7,1,4,24,55,0.0,255,32767,0.0,2127-15-31,0.0,0.12,27.44,0.0,0.0,0.0,0,0.814453125,6,45,05:56,20:31,2025-07-11 01:49:54.588003,Castel Volturno,45.1,6.9217906,5.4162345,5.2590203,9.689164,74.8,5.8134985,4.525887,5.114286,10.880953,75.4,6.081634,8.765034,6.627216,5.989486,52.6,6.8285713,6.5285716,58.6
2025-07-11T01:50:05Z,236,29.861,79.4,41,69.7,1,4,324,55,0.0,255,32767,0.0,2127-15-31,0.0,0.12,27.44,0.0,0.0,0.0,0,0.814453125,6,45,05:56,20:31,2025-07-11 01:50:05.138045,Castel Volturno,45.1,6.9217906,5.4162345,5.2590203,9.689164,74.8,5.8134985,4.525887,5.114286,10.880953,75.4,6.081634,8.765034,6.627216,5.989486,52.6,6.8285713,6.5285716,58.6
2025-07-11T01:50:15Z,236,29.861,79.4,41,69.7,3,4,19,55,0.0,255,32767,0.0,2127-15-31,0.0,0.12,27.44,0.0,0.0,0.0,0,0.814453125,6,45,05:56,20:31,2025-07-11 01:50:15.691047,Castel Volturno,45.1,6.9217906,5.4162345,5.2590203,9.689164,74.8,5.8134985,4.525887,5.114286,10.880953,75.4,6.081634,8.765034,6.627216,5.989486,52.6,6.8285713,6.5285716,58.6
2025-07-11T01:50:26Z,236,29.861,79.4,41,69.7,2,4,49,55,0.0,255,32767,0.0,2127-15-31,0.0,0.12,27.44,0.0,0.0,0.0,0,0.814453125,6,45,05:56,20:31,2025-07-11 01:50:26.253013,Castel Volturno,45.1,6.9217906,5.4162345,5.2590203,9.689164,74.8,5.8134985,4.525887,5.114286,10.880953,75.4,6.081634,8.765034,6.627216,5.989486,52.6,6.8285713,6.5285716,58.6
2025-07-11T01:50:37Z,236,29.861,79.4,41,69.7,1,4,9,55,0.0,255,32767,0.0,2127-15-31,0.0,0.12,27.44,0.0,0.0,0.0,0,0.814453125,6,45,05:56,20:31,2025-07-11 01:50:36.807061,Castel Volturno,45.1,6.9217906,5.4162345,5.2590203,9.689164,74.8,5.8134985,4.525887,5.114286,10.880953,75.4,6.081634,8.765034,6.627216,5.989486,52.6,6.8285713,6.5285716,58.6
2025-07-11T01:50:47Z,236,29.861,79.4,41,69.6,5,4,36,55,0.0,255,32767,0.0,2127-15-31,0.0,0.12,27.44,0.0,0.0,0.0,0,0.814453125,6,45,05:56,20:31,2025-07-11 01:50:47.361045,Castel Volturno,45.1,6.9217906,5.4162345,5.2590203,9.689164,74.8,5.8134985,4.525887,5.114286,10.880953,75.4,6.081634,8.765034,6.627216,5.989486,52.6,6.8285713,6.5285716,58.6
2025-07-11T01:50:58Z,236,29.859,79.4,41,69.6,3,4,44,55,0.0,255,32767,0.0,2127-15-31,0.0,0.12,27.44,0.0,0.0,0.0,0,0.796875,6,45,05:56,20:31,2025-07-11 01:50:57.915054,Castel Volturno,45.1,6.9217906,5.4162345,5.2590203,9.689164,74.8,5.8134985,4.525887,5.114286,10.880953,75.4,6.081634,8.765034,6.627216,5.989486,52.6,6.8285713,6.5285716,58.6
2025-07-11T01:51:08Z,236,29.859,79.4,41,69.7,3,4,83,55,0.0,255,32767,0.0,2127-15-31,0.0,0.12,27.44,0.0,0.0,0.0,0,0.796875,6,45,05:56,20:31,2025-07-11 01:51:08.469039,Castel Volturno,45.1,6.9217906,5.4162345,5.2590203,9.689164,74.8,5.8134985,4.525887,5.114286,10.880953,75.4,6.081634,8.765034,6.627216,5.989486,52.6,6.8285713,6.5285716,58.6
2025-07-11T01:51:19Z,236,29.859,79.4,41,69.7,1,4,344,55,0.0,255,32767,0.0,2127-15-31,0.0,0.12,27.44,0.0,0.0,0.0,0,0.796875,6,45,05:56,20:31,2025-07-11 01:51:19.541041,Castel Volturno,45.1,6.9217906,5.4162345,5.2590203,9.689164,74.8,5.8134985,4.525887,5.114286,10.880953,75.4,6.081634,8.765034,6.627216,5.989486,52.6,6.8285713,6.5285716,58.6
2025-07-11T01:51:30Z,236,29.859,79.4,41,69.7,2,4,209,55,0.0,255,32767,0.0,2127-15-31,0.0,0.12,27.44,0.0,0.0,0.0,0,0.796875,6,45,05:56,20:31,2025-07-11 01:51:30.095041,Castel Volturno,45.1,6.9217906,5.4162345,5.2590203,9.689164,74.8,5.8134985,4.525887,5.114286,10.880953,75.4,6.081634,8.765034,6.627216,5.989486,52.6,6.8285713,6.5285716,58.6
2025-07-11T01:51:40Z,236,29.859,79.4,41,69.6,3,4,29,55,0.0,255,32767,0.0,2127-15-31,0.0,0.12,27.44,0.0,0.0,0.0,0,0.796875,6,45,05:56,20:31,2025-07-11 01:51:40.649056,Castel Volturno,45.1,6.9217906,5.4162345,5.2590203,9.689164,74.8,5.8134985,4.525887,5.114286,10.880953,75.4,6.081634,8.765034,6.627216,5.989486,52.6,6.8285713,6.5285716,58.6
2025-07-11T01:51:51Z,236,29.858,79.4,41,69.6,3,4,23,55,0.0,255,32767,0.0,2127-15-31,0.0,0.12,27.44,0.0,0.0,0.0,0,0.814453125,6,45,05:56,20:31,2025-07-11 01:51:51.219059,Castel Volturno,45.1,6.9217906,5.4162345,5.2590203,9.689164,74.8,5.8134985,4.525887,5.114286,10.880953,75.4,6.081634,8.765034,6.627216,5.989486,52.6,6.8285713,6.5285716,58.6
2025-07-11T01:52:01Z,236,29.858,79.4,41,69.6,1,4,36,55,0.0,255,32767,0.0,2127-15-31,0.0,0.12,27.44,0.0,0.0,0.0,0,0.814453125,6,45,05:56,20:31,2025-07-11 01:52:01.773058,Castel Volturno,45.1,6.9217906,5.4162345,5.2590203,9.689164,74.8,5.8134985,4.525887,5.114286,10.880953,75.4,6.081634,8.765034,6.627216,5.989486,52.6,6.8285713,6.5285716,58.6
2025-07-11T01:52:12Z,236,29.858,79.4,41,69.6,4,4,32,55,0.0,255,32767,0.0,2127-15-31,0.0,0.12,27.44,0.0,0.0,0.0,0,0.814453125,6,45,05:56,20:31,2025-07-11 01:52:12.327048,Castel Volturno,45.1,6.9217906,5.4162345,5.2590203,9.689164,74.8,5.8134985,4.525887,5.114286,10.880953,75.4,6.081634,8.765034,6.627216,5.989486,52.6,6.8285713,6.5285716,58.6
2025-07-11T01:52:23Z,236,29.858,79.4,41,69.6,6,4,58,55,0.0,255,32767,0.0,2127-15-31,0.0,0.12,27.44,0.0,0.0,0.0,0,0.814453125,6,45,05:56,20:31,2025-07-11 01:52:22.880043,Castel Volturno,45.1,6.9217906,5.4162345,5.2590203,9.689164,74.8,5.8134985,4.525887,5.114286,10.880953,75.4,6.081634,8.765034,6.627216,5.989486,52.6,6.8285713,6.5285716,58.6
2025-07-11T01:52:33Z,236,29.858,79.4,41,69.6,3,4,65,55,0.0,255,32767,0.0,2127-15-31,0.0,0.12,27.44,0.0,0.0,0.0,0,0.814453125,6,45,05:56,20:31,2025-07-11 01:52:33.434048,Castel Volturno,45.1,6.9217906,5.4162345,5.2590203,9.689164,74.8,5.8134985,4.525887,5.114286,10.880953,75.4,6.081634,8.765034,6.627216,5.989486,52.6,6.8285713,6.5285716,58.6
2025-07-11T01:52:44Z,236,29.858,79.4,41,69.6,3,4,86,55,0.0,255,32767,0.0,2127-15-31,0.0,0.12,27.44,0.0,0.0,0.0,0,0.814453125,6,45,05:56,20:31,2025-07-11 01:52:43.988046,Castel Volturno,45.1,6.9217906,5.4162345,5.2590203,9.689164,74.8,5.8134985,4.525887,5.114286,10.880953,75.4,6.081634,8.765034,6.627216,5.989486,52.6,6.8285713,6.5285716,58.6
2025-07-11T01:52:54Z,236,29.857,79.4,41,69.6,4,4,44,55,0.0,255,32767,0.0,2127-15-31,0.0,0.12,27.44,0.0,0.0,0.0,0,0.92578125,6,45,05:56,20:31,2025-07-11 01:52:54.535051,Castel Volturno,45.1,6.9217906,5.4162345,5.2590203,9.689164,74.8,5.8134985,4.525887,5.114286,10.880953,75.4,6.081634,8.765034,6.627216,5.989486,52.6,6.8285713,6.5285716,58.6
2025-07-11T01:53:05Z,236,29.857,79.4,41,69.6,2,4,69,55,0.0,255,32767,0.0,2127-15-31,0.0,0.12,27.44,0.0,0.0,0.0,0,0.92578125,6,45,05:56,20:31,2025-07-11 01:53:05.089038,Castel Volturno,45.1,6.9217906,5.4162345,5.2590203,9.689164,74.8,5.8134985,4.525887,5.114286,10.880953,75.4,6.081634,8.765034,6.627216,5.989486,52.6,6.8285713,6.5285716,58.6
2025-07-11T01:53:15Z,236,29.857,79.4,41,69.6,2,4,61,55,0.0,255,32767,0.0,2127-15-31,0.0,0.12,27.44,0.0,0.0,0.0,0,0.92578125,6,45,05:56,20:31,2025-07-11 01:53:15.643045,Castel Volturno,45.1,6.9217906,5.4162345,5.2590203,9.689164,74.8,5.8134985,4.525887,5.114286,10.880953,75.4,6.081634,8.765034,6.627216,5.989486,52.6,6.8285713,6.5285716,58.6
2025-07-11T01:53:26Z,236,29.857,79.4,41,69.6,2,4,73,55,0.0,255,32767,0.0,2127-15-31,0.0,0.12,27.44,0.0,0.0,0.0,0,0.92578125,6,45,05:56,20:31,2025-07-11 01:53:26.198071,Castel Volturno,45.1,6.9217906,5.4162345,5.2590203,9.689164,74.8,5.8134985,4.525887,5.114286,10.880953,75.4,6.081634,8.765034,6.627216,5.989486,52.6,6.8285713,6.5285716,58.6
2025-07-11T01:53:36Z,236,29.857,79.4,41,69.6,3,4,5,55,0.0,255,32767,0.0,2127-15-31,0.0,0.12,27.44,0.0,0.0,0.0,0,0.92578125,6,45,05:56,20:31,2025-07-11 01:53:36.752058,Castel Volturno,45.1,6.9217906,5.4162345,5.2590203,9.689164,74.8,5.8134985,4.525887,5.114286,10.880953,75.4,6.081634,8.765034,6.627216,5.989486,52.6,6.8285713,6.5285716,58.6
2025-07-11T01:53:47Z,236,29.857,79.4,41,69.6,5,4,351,55,0.0,255,32767,0.0,2127-15-31,0.0,0.12,27.44,0.0,0.0,0.0,0,0.92578125,6,45,05:56,20:31,2025-07-11 01:53:47.306048,Castel Volturno,45.1,6.9217906,5.4162345,5.2590203,9.689164,74.8,5.8134985,4.525887,5.114286,10.880953,75.4,6.081634,8.765034,6.627216,5.989486,52.6,6.8285713,6.5285716,58.6
2025-07-11T01:53:58Z,236,29.858,79.3,41,69.6,4,4,25,55,0.0,255,32767,0.0,2127-15-31,0.0,0.12,27.44,0.0,0.0,0.0,0,0.837890625,6,45,05:56,20:31,2025-07-11 01:53:57.860043,Castel Volturno,45.1,6.9217906,5.4162345,5.2590203,9.689164,74.8,5.8134985,4.525887,5.114286,10.880953,75.4,6.081634,8.765034,6.627216,5.989486,52.6,6.8285713,6.5285716,58.6
2025-07-11T01:54:08Z,236,29.858,79.3,41,69.5,3,4,15,55,0.0,255,32767,0.0,2127-15-31,0.0,0.12,27.44,0.0,0.0,0.0,0,0.837890625,6,45,05:56,20:31,2025-07-11 01:54:08.414051,Castel Volturno,45.1,6.9217906,5.4162345,5.2590203,9.689164,74.8,5.8134985,4.525887,5.114286,10.880953,75.4,6.081634,8.765034,6.627216,5.989486,52.6,6.8285713,6.5285716,58.6
2025-07-11T01:54:19Z,236,29.858,79.3,41,69.6,5,4,5,55,0.0,255,32767,0.0,2127-15-31,0.0,0.12,27.44,0.0,0.0,0.0,0,0.837890625,6,45,05:56,20:31,2025-07-11 01:54:18.967063,Castel Volturno,45.1,6.9217906,5.4162345,5.2590203,9.689164,74.8,5.8134985,4.525887,5.114286,10.880953,75.4,6.081634,8.765034,6.627216,5.989486,52.6,6.8285713,6.5285716,58.6
2025-07-11T01:54:29Z,236,29.858,79.3,41,69.5,2,4,355,55,0.0,255,32767,0.0,2127-15-31,0.0,0.12,27.44,0.0,0.0,0.0,0,0.837890625,6,45,05:56,20:31,2025-07-11 01:54:29.521067,Castel Volturno,45.1,6.9217906,5.4162345,5.2590203,9.689164,74.8,5.8134985,4.525887,5.114286,10.880953,75.4,6.081634,8.765034,6.627216,5.989486,52.6,6.8285713,6.5285716,58.6
2025-07-11T01:54:40Z,236,29.858,79.3,41,69.5,1,4,355,55,0.0,255,32767,0.0,2127-15-31,0.0,0.12,27.44,0.0,0.0,0.0,0,0.837890625,6,45,05:56,20:31,2025-07-11 01:54:40.077037,Castel Volturno,45.1,6.9217906,5.4162345,5.2590203,9.689164,74.8,5.8134985,4.525887,5.114286,10.880953,75.4,6.081634,8.765034,6.627216,5.989486,52.6,6.8285713,6.5285716,58.6
2025-07-11T01:54:50Z,236,29.86,79.4,41,69.5,1,3,351,55,0.0,255,32767,0.0,2127-15-31,0.0,0.12,27.44,0.0,0.0,0.0,0,0.978515625,6,45,05:56,20:31,2025-07-11 01:54:50.631041,Castel Volturno,45.1,6.9217906,5.4162345,5.2590203,9.689164,74.8,5.8134985,4.525887,5.114286,10.880953,75.4,6.081634,8.765034,6.627216,5.989486,52.6,6.8285713,6.5285716,58.6
2025-07-11T01:55:01Z,236,29.86,79.4,41,69.5,5,3,346,55,0.0,255,32767,0.0,2127-15-31,0.0,0.12,27.44,0.0,0.0,0.0,0,0.978515625,6,45,05:56,20:31,2025-07-11 01:55:01.196042,Castel Volturno,45.1,6.9217906,5.4162345,5.2590203,9.689164,74.8,5.8134985,4.525887,5.114286,10.880953,75.4,6.081634,8.765034,6.627216,5.989486,52.6,6.8285713,6.5285716,58.6
2025-07-11T01:55:11Z,236,29.86,79.4,41,69.6,4,3,325,55,0.0,255,32767,0.0,2127-15-31,0.0,0.12,27.44,0.0,0.0,0.0,0,0.978515625,6,45,05:56,20:31,2025-07-11 01:55:11.751015,Castel Volturno,45.1,6.9217906,5.4162345,5.2590203,9.689164,74.8,5.8134985,4.525887,5.114286,10.880953,75.4,6.081634,8.765034,6.627216,5.989486,52.6,6.8285713,6.5285716,58.6
2025-07-11T01:55:22Z,236,29.86,79.4,41,69.5,2,3,30,55,0.0,255,32767,0.0,2127-15-31,0.0,0.12,27.44,0.0,0.0,0.0,0,0.978515625,6,45,05:56,20:31,2025-07-11 01:55:22.307051,Castel Volturno,45.1,6.9217906,5.4162345,5.2590203,9.689164,74.8,5.8134985,4.525887,5.114286,10.880953,75.4,6.081634,8.765034,6.627216,5.989486,52.6,6.8285713,6.5285716,58.6
2025-07-11T01:55:33Z,236,29.86,79.4,41,69.5,2,3,11,55,0.0,255,32767,0.0,2127-15-31,0.0,0.12,27.44,0.0,0.0,0.0,0,0.978515625,6,45,05:56,20:31,2025-07-11 01:55:32.861046,Castel Volturno,45.1,6.9217906,5.4162345,5.2590203,9.689164,74.8,5.8134985,4.525887,5.114286,10.880953,75.4,6.081634,8.765034,6.627216,5.989486,52.6,6.8285713,6.5285716,58.6
2025-07-11T01:55:43Z,236,29.86,79.4,41,69.5,5,3,13,55,0.0,255,32767,0.0,2127-15-31,0.0,0.12,27.44,0.0,0.0,0.0,0,0.978515625,6,45,05:56,20:31,2025-07-11 01:55:43.415046,Castel Volturno,45.1,6.9217906,5.4162345,5.2590203,9.689164,74.8,5.8134985,4.525887,5.114286,10.880953,75.4,6.081634,8.765034,6.627216,5.989486,52.6,6.8285713,6.5285716,58.6
2025-07-11T01:55:54Z,236,29.859,79.4,41,69.5,3,3,41,55,0.0,255,32767,0.0,2127-15-31,0.0,0.12,27.44,0.0,0.0,0.0,0,1.728515625,6,45,05:56,20:31,2025-07-11 01:55:53.969048,Castel Volturno,45.1,6.9217906,5.4162345,5.2590203,9.689164,74.8,5.8134985,4.525887,5.114286,10.880953,75.4,6.081634,8.765034,6.627216,5.989486,52.6,6.8285713,6.5285716,58.6
2025-07-11T01:56:04Z,236,29.859,79.4,41,69.5,3,3,18,55,0.0,255,32767,0.0,2127-15-31,0.0,0.12,27.44,0.0,0.0,0.0,0,1.728515625,6,45,05:56,20:31,2025-07-11 01:56:04.523050,Castel Volturno,45.1,6.9217906,5.4162345,5.2590203,9.689164,74.8,5.8134985,4.525887,5.114286,10.880953,75.4,6.081634,8.765034,6.627216,5.989486,52.6,6.8285713,6.5285716,58.6
2025-07-11T01:56:15Z,236,29.859,79.4,41,69.5,4,3,360,55,0.0,255,32767,0.0,2127-15-31,0.0,0.12,27.44,0.0,0.0,0.0,0,1.728515625,6,45,05:56,20:31,2025-07-11 01:56:15.077064,Castel Volturno,45.1,6.9217906,5.4162345,5.2590203,9.689164,74.8,5.8134985,4.525887,5.114286,10.880953,75.4,6.081634,8.765034,6.627216,5.989486,52.6,6.8285713,6.5285716,58.6
2025-07-11T01:56:26Z,236,29.859,79.4,41,69.5,3,3,5,55,0.0,255,32767,0.0,2127-15-31,0.0,0.12,27.44,0.0,0.0,0.0,0,1.728515625,6,45,05:56,20:31,2025-07-11 01:56:26.128053,Castel Volturno,45.1,6.9217906,5.4162345,5.2590203,9.689164,74.8,5.8134985,4.525887,5.114286,10.880953,75.4,6.081634,8.765034,6.627216,5.989486,52.6,6.8285713,6.5285716,58.6
2025-07-11T01:56:36Z,236,29.859,79.4,41,69.4,2,3,251,55,0.0,255,32767,0.0,2127-15-31,0.0,0.12,27.44,0.0,0.0,0.0,0,1.728515625,6,45,05:56,20:31,2025-07-11 01:56:36.682058,Castel Volturno,45.1,6.9217906,5.4162345,5.2590203,9.689164,74.8,5.8134985,4.525887,5.114286,10.880953,75.4,6.081634,8.765034,6.627216,5.989486,52.6,6.8285713,6.5285716,58.6
2025-07-11T01:56:47Z,236,29.859,79.4,41,69.5,3,3,322,55,0.0,255,32767,0.0,2127-15-31,0.0,0.12,27.44,0.0,0.0,0.0,0,1.728515625,6,45,05:56,20:31,2025-07-11 01:56:47.236053,Castel Volturno,45.1,6.9217906,5.4162345,5.2590203,9.689164,74.8,5.8134985,4.525887,5.114286,10.880953,75.4,6.081634,8.765034,6.627216,5.989486,52.6,6.8285713,6.5285716,58.6
2025-07-11T01:56:57Z,236,29.86,79.3,41,69.4,2,3,62,55,0.0,255,32767,0.0,2127-15-31,0.0,0.12,27.44,0.0,0.0,0.0,0,0.8203125,6,45,05:56,20:31,2025-07-11 01:56:57.785045,Castel Volturno,45.1,6.9217906,5.4162345,5.2590203,9.689164,74.8,5.8134985,4.525887,5.114286,10.880953,75.4,6.081634,8.765034,6.627216,5.989486,52.6,6.8285713,6.5285716,58.6
2025-07-11T01:57:08Z,236,29.86,79.3,41,69.4,1,3,31,55,0.0,255,32767,0.0,2127-15-31,0.0,0.12,27.44,0.0,0.0,0.0,0,0.8203125,6,45,05:56,20:31,2025-07-11 01:57:08.339047,Castel Volturno,45.1,6.9217906,5.4162345,5.2590203,9.689164,74.8,5.8134985,4.525887,5.114286,10.880953,75.4,6.081634,8.765034,6.627216,5.989486,52.6,6.8285713,6.5285716,58.6
2025-07-11T01:57:19Z,236,29.86,79.3,41,69.4,1,3,138,55,0.0,255,32767,0.0,2127-15-31,0.0,0.12,27.44,0.0,0.0,0.0,0,0.8203125,6,45,05:56,20:31,2025-07-11 01:57:18.927051,Castel Volturno,45.1,6.9217906,5.4162345,5.2590203,9.689164,74.8,5.8134985,4.525887,5.114286,10.880953,75.4,6.081634,8.765034,6.627216,5.989486,52.6,6.8285713,6.5285716,58.6
2025-07-11T01:57:29Z,236,29.86,79.3,41,69.4,0,3,336,55,0.0,255,32767,0.0,2127-15-31,0.0,0.12,27.44,0.0,0.0,0.0,0,0.8203125,6,45,05:56,20:31,2025-07-11 01:57:29.480070,Castel Volturno,45.1,6.9217906,5.4162345,5.2590203,9.689164,74.8,5.8134985,4.525887,5.114286,10.880953,75.4,6.081634,8.765034,6.627216,5.989486,52.6,6.8285713,6.5285716,58.6
2025-07-11T01:57:40Z,236,29.86,79.3,41,69.4,1,3,71,55,0.0,255,32767,0.0,2127-15-31,0.0,0.12,27.44,0.0,0.0,0.0,0,0.8203125,6,45,05:56,20:31,2025-07-11 01:57:40.034048,Castel Volturno,45.1,6.9217906,5.4162345,5.2590203,9.689164,74.8,5.8134985,4.525887,5.114286,10.880953,75.4,6.081634,8.765034,6.627216,5.989486,52.6,6.8285713,6.5285716,58.6
2025-07-11T01:57:50Z,236,29.857,79.3,41,69.4,1,3,53,55,0.0,255,32767,0.0,2127-15-31,0.0,0.12,27.44,0.0,0.0,0.0,0,0.83203125,6,45,05:56,20:31,2025-07-11 01:57:50.588045,Castel Volturno,45.1,6.9217906,5.4162345,5.2590203,9.689164,74.8,5.8134985,4.525887,5.114286,10.880953,75.4,6.081634,8.765034,6.627216,5.989486,52.6,6.8285713,6.5285716,58.6
2025-07-11T01:58:01Z,236,29.857,79.3,41,69.4,1,3,49,55,0.0,255,32767,0.0,2127-15-31,0.0,0.12,27.44,0.0,0.0,0.0,0,0.83203125,6,45,05:56,20:31,2025-07-11 01:58:01.142046,Castel Volturno,45.1,6.9217906,5.4162345,5.2590203,9.689164,74.8,5.8134985,4.525887,5.114286,10.880953,75.4,6.081634,8.765034,6.627216,5.989486,52.6,6.8285713,6.5285716,58.6
2025-07-11T01:58:11Z,236,29.857,79.3,41,69.4,1,3,13,55,0.0,255,32767,0.0,2127-15-31,0.0,0.12,27.44,0.0,0.0,0.0,0,0.83203125,6,45,05:56,20:31,2025-07-11 01:58:11.696063,Castel Volturno,45.1,6.9217906,5.4162345,5.2590203,9.689164,74.8,5.8134985,4.525887,5.114286,10.880953,75.4,6.081634,8.765034,6.627216,5.989486,52.6,6.8285713,6.5285716,58.6
2025-07-11T01:58:22Z,236,29.857,79.3,41,69.4,1,3,288,56,0.0,255,32767,0.0,2127-15-31,0.0,0.12,27.44,0.0,0.0,0.0,0,0.83203125,6,45,05:56,20:31,2025-07-11 01:58:22.250047,Castel Volturno,45.1,6.9217906,5.4162345,5.2590203,9.689164,74.8,5.8134985,4.525887,5.114286,10.880953,75.4,6.081634,8.765034,6.627216,5.989486,52.6,6.8285713,6.5285716,58.6
2025-07-11T01:58:32Z,236,29.857,79.3,41,69.4,1,3,288,56,0.0,255,32767,0.0,2127-15-31,0.0,0.12,27.44,0.0,0.0,0.0,0,0.83203125,6,45,05:56,20:31,2025-07-11 01:58:32.782294,Castel Volturno,45.1,6.9217906,5.4162345,5.2590203,9.689164,74.8,5.8134985,4.525887,5.114286,10.880953,75.4,6.081634,8.765034,6.627216,5.989486,52.6,6.8285713,6.5285716,58.6
2025-07-11T01:58:43Z,236,29.857,79.3,41,69.4,2,3,15,56,0.0,255,32767,0.0,2127-15-31,0.0,0.12,27.44,0.0,0.0,0.0,0,0.83203125,6,45,05:56,20:31,2025-07-11 01:58:43.364032,Castel Volturno,45.1,6.9217906,5.4162345,5.2590203,9.689164,74.8,5.8134985,4.525887,5.114286,10.880953,75.4,6.081634,8.765034,6.627216,5.989486,52.6,6.8285713,6.5285716,58.6
2025-07-11T01:58:54Z,236,29.856,79.3,41,69.4,1,3,40,56,0.0,255,32767,0.0,2127-15-31,0.0,0.12,27.44,0.0,0.0,0.0,0,0.8203125,6,45,05:56,20:31,2025-07-11 01:58:53.918068,Castel Volturno,45.1,6.9217906,5.4162345,5.2590203,9.689164,74.8,5.8134985,4.525887,5.114286,10.880953,75.4,6.081634,8.765034,6.627216,5.989486,52.6,6.8285713,6.5285716,58.6
2025-07-11T01:59:04Z,236,29.856,79.3,41,69.4,0,3,34,56,0.0,255,32767,0.0,2127-15-31,0.0,0.12,27.44,0.0,0.0,0.0,0,0.8203125,6,45,05:56,20:31,2025-07-11 01:59:04.472046,Castel Volturno,45.1,6.9217906,5.4162345,5.2590203,9.689164,74.8,5.8134985,4.525887,5.114286,10.880953,75.4,6.081634,8.765034,6.627216,5.989486,52.6,6.8285713,6.5285716,58.6
2025-07-11T01:59:15Z,236,29.856,79.3,41,69.4,1,3,46,56,0.0,255,32767,0.0,2127-15-31,0.0,0.12,27.44,0.0,0.0,0.0,0,0.8203125,6,45,05:56,20:31,2025-07-11 01:59:15.026047,Castel Volturno,45.1,6.9217906,5.4162345,5.2590203,9.689164,74.8,5.8134985,4.525887,5.114286,10.880953,75.4,6.081634,8.765034,6.627216,5.989486,52.6,6.8285713,6.5285716,58.6
2025-07-11T01:59:25Z,236,29.856,79.3,41,69.4,1,3,55,56,0.0,255,32767,0.0,2127-15-31,0.0,0.12,27.44,0.0,0.0,0.0,0,0.8203125,6,45,05:56,20:31,2025-07-11 01:59:25.580047,Castel Volturno,45.1,6.9217906,5.4162345,5.2590203,9.689164,74.8,5.8134985,4.525887,5.114286,10.880953,75.4,6.081634,8.765034,6.627216,5.989486,52.6,6.8285713,6.5285716,58.6
2025-07-11T01:59:36Z,236,29.856,79.3,41,69.4,0,3,55,56,0.0,255,32767,0.0,2127-15-31,0.0,0.12,27.44,0.0,0.0,0.0,0,0.8203125,6,45,05:56,20:31,2025-07-11 01:59:36.140045,Castel Volturno,45.1,6.9217906,5.4162345,5.2590203,9.689164,74.8,5.8134985,4.525887,5.114286,10.880953,75.4,6.081634,8.765034,6.627216,5.989486,52.6,6.8285713,6.5285716,58.6
2025-07-11T01:59:46Z,236,29.856,79.3,41,69.3,0,3,37,56,0.0,255,32767,0.0,2127-15-31,0.0,0.12,27.44,0.0,0.0,0.0,0,0.8203125,6,45,05:56,20:31,2025-07-11 01:59:46.694045,Castel Volturno,45.1,6.9217906,5.4162345,5.2590203,9.689164,74.8,5.8134985,4.525887,5.114286,10.880953,75.4,6.081634,8.765034,6.627216,5.989486,52.6,6.8285713,6.5285716,58.6
2025-07-11T01:59:57Z,236,29.856,79.3,41,69.3,2,2,52,56,0.0,255,32767,0.0,2127-15-31,0.0,0.12,27.44,0.0,0.0,0.0,0,0.826171875,6,45,05:56,20:31,2025-07-11 01:59:57.248049,Castel Volturno,45.1,6.9217906,5.4162345,5.2590203,9.689164,74.8,5.8134985,4.525887,5.114286,10.880953,75.4,6.081634,8.765034,6.627216,5.989486,52.6,6.8285713,6.5285716,58.6
2025-07-11T02:00:08Z,236,29.856,79.3,41,69.3,2,2,24,56,0.0,255,32767,0.0,2127-15-31,0.0,0.12,27.44,0.0,0.0,0.0,0,0.826171875,6,45,05:56,20:31,2025-07-11 02:00:07.802062,Castel Volturno,45.1,6.9217906,5.4162345,5.2590203,9.689164,74.8,5.8134985,4.525887,5.114286,10.880953,75.4,6.081634,8.765034,6.627216,5.989486,52.6,6.8285713,6.5285716,58.6
2025-07-11T02:00:18Z,236,29.856,79.3,41,69.3,2,2,18,56,0.0,255,32767,0.0,2127-15-31,0.0,0.12,27.44,0.0,0.0,0.0,0,0.826171875,6,45,05:56,20:31,2025-07-11 02:00:18.356046,Castel Volturno,45.1,6.9217906,5.4162345,5.2590203,9.689164,74.8,5.8134985,4.525887,5.114286,10.880953,75.4,6.081634,8.765034,6.627216,5.989486,52.6,6.8285713,6.5285716,58.6
2025-07-11T02:00:29Z,236,29.856,79.3,41,69.3,2,2,19,56,0.0,255,32767,0.0,2127-15-31,0.0,0.12,27.44,0.0,0.0,0.0,0,0.826171875,6,45,05:56,20:31,2025-07-11 02:00:28.910056,Castel Volturno,45.1,6.9217906,5.4162345,5.2590203,9.689164,74.8,5.8134985,4.525887,5.114286,10.880953,75.4,6.081634,8.765034,6.627216,5.989486,52.6,6.8285713,6.5285716,58.6
2025-07-11T02:00:39Z,236,29.856,79.3,41,69.4,2,2,19,56,0.0,255,32767,0.0,2127-15-31,0.0,0.12,27.44,0.0,0.0,0.0,0,0.826171875,6,45,05:56,20:31,2025-07-11 02:00:39.464044,Castel Volturno,45.1,6.9217906,5.4162345,5.2590203,9.689164,74.8,5.8134985,4.525887,5.114286,10.880953,75.4,6.081634,8.765034,6.627216,5.989486,52.6,6.8285713,6.5285716,58.6
2025-07-11T02:00:50Z,236,29.856,79.3,40,69.3,2,2,355,56,0.0,255,32767,0.0,2127-15-31,0.0,0.12,27.44,0.0,0.0,0.0,0,0.8203125,6,45,05:56,20:31,2025-07-11 02:00:50.274051,Castel Volturno,45.1,6.9217906,5.4162345,5.2590203,9.689164,74.8,5.8134985,4.525887,5.114286,10.880953,75.4,6.081634,8.765034,6.627216,5.989486,52.6,6.8285713,6.5285716,58.6
2025-07-11T02:01:01Z,236,29.858,79.3,40,69.3,3,2,355,56,0.0,255,32767,0.0,2127-15-31,0.0,0.12,27.44,0.0,0.0,0.0,0,0.8203125,6,45,05:56,20:31,2025-07-11 02:01:00.829065,Castel Volturno,45.1,6.9217906,5.4162345,5.2590203,9.689164,74.8,5.8134985,4.525887,5.114286,10.880953,75.4,6.081634,8.765034,6.627216,5.989486,52.6,6.8285713,6.5285716,58.6
2025-07-11T02:01:11Z,236,29.858,79.3,40,69.4,2,2,16,56,0.0,255,32767,0.0,2127-15-31,0.0,0.12,27.44,0.0,0.0,0.0,0,0.8203125,6,45,05:56,20:31,2025-07-11 02:01:11.383046,Castel Volturno,45.1,6.9217906,5.4162345,5.2590203,9.689164,74.8,5.8134985,4.525887,5.114286,10.880953,75.4,6.081634,8.765034,6.627216,5.989486,52.6,6.8285713,6.5285716,58.6
2025-07-11T02:01:22Z,236,29.858,79.3,40,69.3,4,2,30,56,0.0,255,32767,0.0,2127-15-31,0.0,0.12,27.44,0.0,0.0,0.0,0,0.8203125,6,45,05:56,20:31,2025-07-11 02:01:21.937054,Castel Volturno,45.7,6.7329564,5.405495,5.6125717,9.71646,74.3,5.8298764,4.524149,3.6142857,7.1190476,74.8,5.9338164,9.354286,6.601644,6.2645793,52.5,4.2714286,4.2714286,58.4
2025-07-11T02:01:33Z,236,29.858,79.3,40,69.3,1,2,155,56,0.0,255,32767,0.0,2127-15-31,0.0,0.12,27.44,0.0,0.0,0.0,0,0.8203125,6,45,05:56,20:31,2025-07-11 02:01:32.994054,Castel Volturno,45.7,6.7329564,5.405495,5.6125717,9.71646,74.3,5.8298764,4.524149,3.6142857,7.1190476,74.8,5.9338164,9.354286,6.601644,6.2645793,52.5,4.2714286,4.2714286,58.4
2025-07-11T02:01:43Z,236,29.858,79.3,40,69.3,0,2,136,56,0.0,255,32767,0.0,2127-15-31,0.0,0.12,27.44,0.0,0.0,0.0,0,0.8203125,6,45,05:56,20:31,2025-07-11 02:01:43.548040,Castel Volturno,45.7,6.7329564,5.405495,5.6125717,9.71646,74.3,5.8298764,4.524149,3.6142857,7.1190476,74.8,5.9338164,9.354286,6.601644,6.2645793,52.5,4.2714286,4.2714286,58.4
2025-07-11T02:01:54Z,236,29.856,79.3,40,69.3,4,2,360,56,0.0,255,32767,0.0,2127-15-31,0.0,0.12,27.44,0.0,0.0,0.0,0,0.955078125,6,45,05:56,20:31,2025-07-11 02:01:54.103057,Castel Volturno,45.7,6.7329564,5.405495,5.6125717,9.71646,74.3,5.8298764,4.524149,3.6142857,7.1190476,74.8,5.9338164,9.354286,6.601644,6.2645793,52.5,4.2714286,4.2714286,58.4
2025-07-11T02:02:04Z,236,29.856,79.3,40,69.3,2,2,26,56,0.0,255,32767,0.0,2127-15-31,0.0,0.12,27.44,0.0,0.0,0.0,0,0.955078125,6,45,05:56,20:31,2025-07-11 02:02:04.657052,Castel Volturno,45.7,6.7329564,5.405495,5.6125717,9.71646,74.3,5.8298764,4.524149,3.6142857,7.1190476,74.8,5.9338164,9.354286,6.601644,6.2645793,52.5,4.2714286,4.2714286,58.4
2025-07-11T02:02:15Z,236,29.856,79.3,40,69.3,4,2,9,56,0.0,255,32767,0.0,2127-15-31,0.0,0.12,27.44,0.0,0.0,0.0,0,0.955078125,6,45,05:56,20:31,2025-07-11 02:02:15.211047,Castel Volturno,45.7,6.7329564,5.405495,5.6125717,9.71646,74.3,5.8298764,4.524149,3.6142857,7.1190476,74.8,5.9338164,9.354286,6.601644,6.2645793,52.5,4.2714286,4.2714286,58.4
2025-07-11T02:02:25Z,236,29.856,79.3,40,69.3,5,2,20,56,0.0,255,32767,0.0,2127-15-31,0.0,0.12,27.44,0.0,0.0,0.0,0,0.955078125,6,45,05:56,20:31,2025-07-11 02:02:25.765046,Castel Volturno,45.7,6.7329564,5.405495,5.6125717,9.71646,74.3,5.8298764,4.524149,3.6142857,7.1190476,74.8,5.9338164,9.354286,6.601644,6.2645793,52.5,4.2714286,4.2714286,58.4
2025-07-11T02:02:36Z,236,29.856,79.3,40,69.3,2,2,5,56,0.0,255,32767,0.0,2127-15-31,0.0,0.12,27.44,0.0,0.0,0.0,0,0.955078125,6,45,05:56,20:31,2025-07-11 02:02:36.319036,Castel Volturno,45.7,6.7329564,5.405495,5.6125717,9.71646,74.3,5.8298764,4.524149,3.6142857,7.1190476,74.8,5.9338164,9.354286,6.601644,6.2645793,52.5,4.2714286,4.2714286,58.4
2025-07-11T02:02:47Z,236,29.856,79.3,40,69.3,3,2,5,56,0.0,255,32767,0.0,2127-15-31,0.0,0.12,27.44,0.0,0.0,0.0,0,0.955078125,6,45,05:56,20:31,2025-07-11 02:02:46.874039,Castel Volturno,45.7,6.7329564,5.405495,5.6125717,9.71646,74.3,5.8298764,4.524149,3.6142857,7.1190476,74.8,5.9338164,9.354286,6.601644,6.2645793,52.5,4.2714286,4.2714286,58.4
2025-07-11T02:02:57Z,236,29.861,79.3,41,69.3,5,2,71,56,0.0,255,32767,0.0,2127-15-31,0.0,0.12,27.44,0.0,0.0,0.0,0,1.62890625,6,45,05:56,20:31,2025-07-11 02:02:57.429053,Castel Volturno,45.7,6.7329564,5.405495,5.6125717,9.71646,74.3,5.8298764,4.524149,3.6142857,7.1190476,74.8,5.9338164,9.354286,6.601644,6.2645793,52.5,4.2714286,4.2714286,58.4
2025-07-11T02:03:08Z,236,29.861,79.3,41,69.3,3,2,5,56,0.0,255,32767,0.0,2127-15-31,0.0,0.12,27.44,0.0,0.0,0.0,0,1.62890625,6,45,05:56,20:31,2025-07-11 02:03:07.983053,Castel Volturno,45.7,6.7329564,5.405495,5.6125717,9.71646,74.3,5.8298764,4.524149,3.6142857,7.1190476,74.8,5.9338164,9.354286,6.601644,6.2645793,52.5,4.2714286,4.2714286,58.4
2025-07-11T02:03:18Z,236,29.861,79.3,41,69.3,4,2,338,56,0.0,255,32767,0.0,2127-15-31,0.0,0.12,27.44,0.0,0.0,0.0,0,1.62890625,6,45,05:56,20:31,2025-07-11 02:03:18.537044,Castel Volturno,45.7,6.7329564,5.405495,5.6125717,9.71646,74.3,5.8298764,4.524149,3.6142857,7.1190476,74.8,5.9338164,9.354286,6.601644,6.2645793,52.5,4.2714286,4.2714286,58.4
2025-07-11T02:03:29Z,236,29.861,79.3,41,69.3,5,2,9,56,0.0,255,32767,0.0,2127-15-31,0.0,0.12,27.44,0.0,0.0,0.0,0,1.62890625,6,45,05:56,20:31,2025-07-11 02:03:29.101042,Castel Volturno,45.7,6.7329564,5.405495,5.6125717,9.71646,74.3,5.8298764,4.524149,3.6142857,7.1190476,74.8,5.9338164,9.354286,6.601644,6.2645793,52.5,4.2714286,4.2714286,58.4
2025-07-11T02:03:39Z,236,29.861,79.3,41,69.3,3,2,28,56,0.0,255,32767,0.0,2127-15-31,0.0,0.12,27.44,0.0,0.0,0.0,0,1.62890625,6,45,05:56,20:31,2025-07-11 02:03:39.655047,Castel Volturno,45.7,6.7329564,5.405495,5.6125717,9.71646,74.3,5.8298764,4.524149,3.6142857,7.1190476,74.8,5.9338164,9.354286,6.601644,6.2645793,52.5,4.2714286,4.2714286,58.4
2025-07-11T02:03:50Z,236,29.861,79.2,41,69.3,3,2,36,56,0.0,255,32767,0.0,2127-15-31,0.0,0.12,27.44,0.0,0.0,0.0,0,0.814453125,6,45,05:56,20:31,2025-07-11 02:03:50.322051,Castel Volturno,45.7,6.7329564,5.405495,5.6125717,9.71646,74.3,5.8298764,4.524149,3.6142857,7.1190476,74.8,5.9338164,9.354286,6.601644,6.2645793,52.5,4.2714286,4.2714286,58.4
2025-07-11T02:04:01Z,236,29.857,79.2,41,69.2,3,2,9,56,0.0,255,32767,0.0,2127-15-31,0.0,0.12,27.44,0.0,0.0,0.0,0,0.814453125,6,45,05:56,20:31,2025-07-11 02:04:00.876057,Castel Volturno,45.7,6.7329564,5.405495,5.6125717,9.71646,74.3,5.8298764,4.524149,3.6142857,7.1190476,74.8,5.9338164,9.354286,6.601644,6.2645793,52.5,4.2714286,4.2714286,58.4
2025-07-11T02:04:11Z,236,29.857,79.2,41,69.2,2,2,28,56,0.0,255,32767,0.0,2127-15-31,0.0,0.12,27.44,0.0,0.0,0.0,0,0.814453125,6,45,05:56,20:31,2025-07-11 02:04:11.407519,Castel Volturno,45.7,6.7329564,5.405495,5.6125717,9.71646,74.3,5.8298764,4.524149,3.6142857,7.1190476,74.8,5.9338164,9.354286,6.601644,6.2645793,52.5,4.2714286,4.2714286,58.4
2025-07-11T02:04:22Z,236,29.857,79.2,41,69.3,3,2,9,56,0.0,255,32767,0.0,2127-15-31,0.0,0.12,27.44,0.0,0.0,0.0,0,0.814453125,6,45,05:56,20:31,2025-07-11 02:04:21.996047,Castel Volturno,45.7,6.7329564,5.405495,5.6125717,9.71646,74.3,5.8298764,4.524149,3.6142857,7.1190476,74.8,5.9338164,9.354286,6.601644,6.2645793,52.5,4.2714286,4.2714286,58.4
2025-07-11T02:04:32Z,236,29.857,79.2,41,69.3,4,2,49,56,0.0,255,32767,0.0,2127-15-31,0.0,0.12,27.44,0.0,0.0,0.0,0,0.814453125,6,45,05:56,20:31,2025-07-11 02:04:32.550038,Castel Volturno,45.7,6.7329564,5.405495,5.6125717,9.71646,74.3,5.8298764,4.524149,3.6142857,7.1190476,74.8,5.9338164,9.354286,6.601644,6.2645793,52.5,4.2714286,4.2714286,58.4
2025-07-11T02:04:43Z,236,29.857,79.2,41,69.2,5,2,73,56,0.0,255,32767,0.0,2127-15-31,0.0,0.12,27.44,0.0,0.0,0.0,0,0.814453125,6,45,05:56,20:31,2025-07-11 02:04:43.104050,Castel Volturno,45.7,6.7329564,5.405495,5.6125717,9.71646,74.3,5.8298764,4.524149,3.6142857,7.1190476,74.8,5.9338164,9.354286,6.601644,6.2645793,52.5,4.2714286,4.2714286,58.4
2025-07-11T02:04:53Z,236,29.859,79.2,41,69.3,3,2,36,56,0.0,255,32767,0.0,2127-15-31,0.0,0.12,27.44,0.0,0.0,0.0,0,0.814453125,6,45,05:56,20:31,2025-07-11 02:04:53.658052,Castel Volturno,45.7,6.7329564,5.405495,5.6125717,9.71646,74.3,5.8298764,4.524149,3.6142857,7.1190476,74.8,5.9338164,9.354286,6.601644,6.2645793,52.5,4.2714286,4.2714286,58.4
2025-07-11T02:05:04Z,236,29.859,79.2,41,69.3,2,2,355,56,0.0,255,32767,0.0,2127-15-31,0.0,0.12,27.44,0.0,0.0,0.0,0,0.814453125,6,45,05:56,20:31,2025-07-11 02:05:04.212053,Castel Volturno,45.7,6.7329564,5.405495,5.6125717,9.71646,74.3,5.8298764,4.524149,3.6142857,7.1190476,74.8,5.9338164,9.354286,6.601644,6.2645793,52.5,4.2714286,4.2714286,58.4
2025-07-11T02:05:14Z,236,29.859,79.2,41,69.2,2,2,51,56,0.0,255,32767,0.0,2127-15-31,0.0,0.12,27.44,0.0,0.0,0.0,0,0.814453125,6,45,05:56,20:31,2025-07-11 02:05:14.766067,Castel Volturno,45.7,6.7329564,5.405495,5.6125717,9.71646,74.3,5.8298764,4.524149,3.6142857,7.1190476,74.8,5.9338164,9.354286,6.601644,6.2645793,52.5,4.2714286,4.2714286,58.4
2025-07-11T02:05:25Z,236,29.859,79.2,41,69.2,3,2,34,56,0.0,255,32767,0.0,2127-15-31,0.0,0.12,27.44,0.0,0.0,0.0,0,0.814453125,6,45,05:56,20:31,2025-07-11 02:05:25.320041,Castel Volturno,45.7,6.7329564,5.405495,5.6125717,9.71646,74.3,5.8298764,4.524149,3.6142857,7.1190476,74.8,5.9338164,9.354286,6.601644,6.2645793,52.5,4.2714286,4.2714286,58.4
2025-07-11T02:05:36Z,236,29.859,79.2,41,69.2,3,2,30,56,0.0,255,32767,0.0,2127-15-31,0.0,0.12,27.44,0.0,0.0,0.0,0,0.814453125,6,45,05:56,20:31,2025-07-11 02:05:35.874042,Castel Volturno,45.7,6.7329564,5.405495,5.6125717,9.71646,74.3,5.8298764,4.524149,3.6142857,7.1190476,74.8,5.9338164,9.354286,6.601644,6.2645793,52.5,4.2714286,4.2714286,58.4
2025-07-11T02:05:46Z,236,29.859,79.2,41,69.2,4,2,59,56,0.0,255,32767,0.0,2127-15-31,0.0,0.12,27.44,0.0,0.0,0.0,0,0.814453125,6,45,05:56,20:31,2025-07-11 02:05:46.428049,Castel Volturno,45.7,6.7329564,5.405495,5.6125717,9.71646,74.3,5.8298764,4.524149,3.6142857,7.1190476,74.8,5.9338164,9.354286,6.601644,6.2645793,52.5,4.2714286,4.2714286,58.4
2025-07-11T02:05:57Z,236,29.856,79.2,40,69.2,2,2,355,56,0.0,255,32767,0.0,2127-15-31,0.0,0.12,27.44,0.0,0.0,0.0,0,0.814453125,6,45,05:56,20:31,2025-07-11 02:05:56.983048,Castel Volturno,45.7,6.7329564,5.405495,5.6125717,9.71646,74.3,5.8298764,4.524149,3.6142857,7.1190476,74.8,5.9338164,9.354286,6.601644,6.2645793,52.5,4.2714286,4.2714286,58.4
2025-07-11T02:06:07Z,236,29.856,79.2,40,69.3,2,2,18,56,0.0,255,32767,0.0,2127-15-31,0.0,0.12,27.44,0.0,0.0,0.0,0,0.814453125,6,45,05:56,20:31,2025-07-11 02:06:07.537035,Castel Volturno,45.7,6.7329564,5.405495,5.6125717,9.71646,74.3,5.8298764,4.524149,3.6142857,7.1190476,74.8,5.9338164,9.354286,6.601644,6.2645793,52.5,4.2714286,4.2714286,58.4
2025-07-11T02:06:18Z,236,29.856,79.2,40,69.2,1,2,20,56,0.0,255,32767,0.0,2127-15-31,0.0,0.12,27.44,0.0,0.0,0.0,0,0.814453125,6,45,05:56,20:31,2025-07-11 02:06:18.091050,Castel Volturno,45.7,6.7329564,5.405495,5.6125717,9.71646,74.3,5.8298764,4.524149,3.6142857,7.1190476,74.8,5.9338164,9.354286,6.601644,6.2645793,52.5,4.2714286,4.2714286,58.4
2025-07-11T02:06:28Z,236,29.856,79.2,40,69.2,1,2,331,56,0.0,255,32767,0.0,2127-15-31,0.0,0.12,27.44,0.0,0.0,0.0,0,0.814453125,6,45,05:56,20:31,2025-07-11 02:06:28.645011,Castel Volturno,45.7,6.7329564,5.405495,5.6125717,9.71646,74.3,5.8298764,4.524149,3.6142857,7.1190476,74.8,5.9338164,9.354286,6.601644,6.2645793,52.5,4.2714286,4.2714286,58.4
2025-07-11T02:06:39Z,236,29.856,79.2,40,69.2,2,2,29,56,0.0,255,32767,0.0,2127-15-31,0.0,0.12,27.44,0.0,0.0,0.0,0,0.814453125,6,45,05:56,20:31,2025-07-11 02:06:39.732039,Castel Volturno,45.7,6.7329564,5.405495,5.6125717,9.71646,74.3,5.8298764,4.524149,3.6142857,7.1190476,74.8,5.9338164,9.354286,6.601644,6.2645793,52.5,4.2714286,4.2714286,58.4
2025-07-11T02:06:50Z,236,29.856,79.2,40,69.2,4,2,80,56,0.0,255,32767,0.0,2127-15-31,0.0,0.12,27.44,0.0,0.0,0.0,0,0.814453125,6,45,05:56,20:31,2025-07-11 02:06:50.328043,Castel Volturno,45.7,6.7329564,5.405495,5.6125717,9.71646,74.3,5.8298764,4.524149,3.6142857,7.1190476,74.8,5.9338164,9.354286,6.601644,6.2645793,52.5,4.2714286,4.2714286,58.4
2025-07-11T02:07:01Z,236,29.856,79.2,40,69.2,1,2,70,56,0.0,255,32767,0.0,2127-15-31,0.0,0.12,27.44,0.0,0.0,0.0,0,0.814453125,6,45,05:56,20:31,2025-07-11 02:07:00.882047,Castel Volturno,45.7,6.7329564,5.405495,5.6125717,9.71646,74.3,5.8298764,4.524149,3.6142857,7.1190476,74.8,5.9338164,9.354286,6.601644,6.2645793,52.5,4.2714286,4.2714286,58.4
2025-07-11T02:07:11Z,236,29.856,79.2,40,69.3,1,2,126,56,0.0,255,32767,0.0,2127-15-31,0.0,0.12,27.44,0.0,0.0,0.0,0,0.814453125,6,45,05:56,20:31,2025-07-11 02:07:11.436065,Castel Volturno,45.7,6.7329564,5.405495,5.6125717,9.71646,74.3,5.8298764,4.524149,3.6142857,7.1190476,74.8,5.9338164,9.354286,6.601644,6.2645793,52.5,4.2714286,4.2714286,58.4
2025-07-11T02:07:22Z,236,29.856,79.2,40,69.2,2,2,5,56,0.0,255,32767,0.0,2127-15-31,0.0,0.12,27.44,0.0,0.0,0.0,0,0.814453125,6,45,05:56,20:31,2025-07-11 02:07:22.023072,Castel Volturno,45.7,6.7329564,5.405495,5.6125717,9.71646,74.3,5.8298764,4.524149,3.6142857,7.1190476,74.8,5.9338164,9.354286,6.601644,6.2645793,52.5,4.2714286,4.2714286,58.4
2025-07-11T02:07:32Z,236,29.856,79.2,40,69.2,1,2,350,56,0.0,255,32767,0.0,2127-15-31,0.0,0.12,27.44,0.0,0.0,0.0,0,0.814453125,6,45,05:56,20:31,2025-07-11 02:07:32.577046,Castel Volturno,45.7,6.7329564,5.405495,5.6125717,9.71646,74.3,5.8298764,4.524149,3.6142857,7.1190476,74.8,5.9338164,9.354286,6.601644,6.2645793,52.5,4.2714286,4.2714286,58.4
2025-07-11T02:07:43Z,236,29.856,79.2,40,69.2,2,2,355,56,0.0,255,32767,0.0,2127-15-31,0.0,0.12,27.44,0.0,0.0,0.0,0,0.814453125,6,45,05:56,20:31,2025-07-11 02:07:43.131047,Castel Volturno,45.7,6.7329564,5.405495,5.6125717,9.71646,74.3,5.8298764,4.524149,3.6142857,7.1190476,74.8,5.9338164,9.354286,6.601644,6.2645793,52.5,4.2714286,4.2714286,58.4
2025-07-11T02:07:53Z,236,29.856,79.2,41,69.2,2,2,26,56,0.0,255,32767,0.0,2127-15-31,0.0,0.12,27.44,0.0,0.0,0.0,0,1.6640625,6,45,05:56,20:31,2025-07-11 02:07:53.686010,Castel Volturno,45.7,6.7329564,5.405495,5.6125717,9.71646,74.3,5.8298764,4.524149,3.6142857,7.1190476,74.8,5.9338164,9.354286,6.601644,6.2645793,52.5,4.2714286,4.2714286,58.4
2025-07-11T02:08:04Z,236,29.856,79.2,41,69.2,1,2,70,56,0.0,255,32767,0.0,2127-15-31,0.0,0.12,27.44,0.0,0.0,0.0,0,1.6640625,6,45,05:56,20:31,2025-07-11 02:08:04.240044,Castel Volturno,45.7,6.7329564,5.405495,5.6125717,9.71646,74.3,5.8298764,4.524149,3.6142857,7.1190476,74.8,5.9338164,9.354286,6.601644,6.2645793,52.5,4.2714286,4.2714286,58.4
2025-07-11T02:08:14Z,236,29.856,79.2,41,69.2,2,2,355,56,0.0,255,32767,0.0,2127-15-31,0.0,0.12,27.44,0.0,0.0,0.0,0,1.6640625,6,45,05:56,20:31,2025-07-11 02:08:14.794049,Castel Volturno,45.7,6.7329564,5.405495,5.6125717,9.71646,74.3,5.8298764,4.524149,3.6142857,7.1190476,74.8,5.9338164,9.354286,6.601644,6.2645793,52.5,4.2714286,4.2714286,58.4
2025-07-11T02:08:25Z,236,29.856,79.2,41,69.3,0,2,355,56,0.0,255,32767,0.0,2127-15-31,0.0,0.12,27.44,0.0,0.0,0.0,0,1.6640625,6,45,05:56,20:31,2025-07-11 02:08:25.348052,Castel Volturno,45.7,6.7329564,5.405495,5.6125717,9.71646,74.3,5.8298764,4.524149,3.6142857,7.1190476,74.8,5.9338164,9.354286,6.601644,6.2645793,52.5,4.2714286,4.2714286,58.4
2025-07-11T02:08:36Z,236,29.856,79.2,41,69.3,2,2,72,56,0.0,255,32767,0.0,2127-15-31,0.0,0.12,27.44,0.0,0.0,0.0,0,1.6640625,6,45,05:56,20:31,2025-07-11 02:08:35.901052,Castel Volturno,45.7,6.7329564,5.405495,5.6125717,9.71646,74.3,5.8298764,4.524149,3.6142857,7.1190476,74.8,5.9338164,9.354286,6.601644,6.2645793,52.5,4.2714286,4.2714286,58.4
2025-07-11T02:08:46Z,236,29.856,79.2,41,69.3,4,2,25,56,0.0,255,32767,0.0,2127-15-31,0.0,0.12,27.44,0.0,0.0,0.0,0,1.6640625,6,45,05:56,20:31,2025-07-11 02:08:46.455043,Castel Volturno,45.7,6.7329564,5.405495,5.6125717,9.71646,74.3,5.8298764,4.524149,3.6142857,7.1190476,74.8,5.9338164,9.354286,6.601644,6.2645793,52.5,4.2714286,4.2714286,58.4
2025-07-11T02:08:57Z,236,29.856,79.2,41,69.3,4,2,35,56,0.0,255,32767,0.0,2127-15-31,0.0,0.12,27.44,0.0,0.0,0.0,0,0.92578125,6,45,05:56,20:31,2025-07-11 02:08:57.008042,Castel Volturno,45.7,6.7329564,5.405495,5.6125717,9.71646,74.3,5.8298764,4.524149,3.6142857,7.1190476,74.8,5.9338164,9.354286,6.601644,6.2645793,52.5,4.2714286,4.2714286,58.4
2025-07-11T02:09:07Z,236,29.856,79.2,41,69.3,3,2,360,56,0.0,255,32767,0.0,2127-15-31,0.0,0.12,27.44,0.0,0.0,0.0,0,0.92578125,6,45,05:56,20:31,2025-07-11 02:09:07.562052,Castel Volturno,45.7,6.7329564,5.405495,5.6125717,9.71646,74.3,5.8298764,4.524149,3.6142857,7.1190476,74.8,5.9338164,9.354286,6.601644,6.2645793,52.5,4.2714286,4.2714286,58.4
2025-07-11T02:09:18Z,236,29.856,79.2,41,69.2,4,2,24,56,0.0,255,32767,0.0,2127-15-31,0.0,0.12,27.44,0.0,0.0,0.0,0,0.92578125,6,45,05:56,20:31,2025-07-11 02:09:18.116041,Castel Volturno,45.7,6.7329564,5.405495,5.6125717,9.71646,74.3,5.8298764,4.524149,3.6142857,7.1190476,74.8,5.9338164,9.354286,6.601644,6.2645793,52.5,4.2714286,4.2714286,58.4
2025-07-11T02:09:28Z,236,29.856,79.2,41,69.2,1,2,355,56,0.0,255,32767,0.0,2127-15-31,0.0,0.12,27.44,0.0,0.0,0.0,0,0.92578125,6,45,05:56,20:31,2025-07-11 02:09:28.670057,Castel Volturno,45.7,6.7329564,5.405495,5.6125717,9.71646,74.3,5.8298764,4.524149,3.6142857,7.1190476,74.8,5.9338164,9.354286,6.601644,6.2645793,52.5,4.2714286,4.2714286,58.4
2025-07-11T02:09:39Z,236,29.856,79.2,41,69.3,0,2,355,56,0.0,255,32767,0.0,2127-15-31,0.0,0.12,27.44,0.0,0.0,0.0,0,0.92578125,6,45,05:56,20:31,2025-07-11 02:09:39.224053,Castel Volturno,45.7,6.7329564,5.405495,5.6125717,9.71646,74.3,5.8298764,4.524149,3.6142857,7.1190476,74.8,5.9338164,9.354286,6.601644,6.2645793,52.5,4.2714286,4.2714286,58.4
2025-07-11T02:09:49Z,236,29.856,79.2,41,69.3,0,2,343,56,0.0,255,32767,0.0,2127-15-31,0.0,0.12,27.44,0.0,0.0,0.0,0,0.92578125,6,45,05:56,20:31,2025-07-11 02:09:49.778044,Castel Volturno,45.7,6.7329564,5.405495,5.6125717,9.71646,74.3,5.8298764,4.524149,3.6142857,7.1190476,74.8,5.9338164,9.354286,6.601644,6.2645793,52.5,4.2714286,4.2714286,58.4
2025-07-11T02:10:00Z,236,29.858,79.2,41,69.3,2,3,24,56,0.0,255,32767,0.0,2127-15-31,0.0,0.12,27.44,0.0,0.0,0.0,0,1.552734375,6,45,05:56,20:31,2025-07-11 02:10:00.331045,Castel Volturno,45.7,6.7329564,5.405495,5.6125717,9.71646,74.3,5.8298764,4.524149,3.6142857,7.1190476,74.8,5.9338164,9.354286,6.601644,6.2645793,52.5,4.2714286,4.2714286,58.4
2025-07-11T02:10:11Z,236,29.858,79.2,41,69.3,3,3,28,56,0.0,255,32767,0.0,2127-15-31,0.0,0.12,27.44,0.0,0.0,0.0,0,1.552734375,6,45,05:56,20:31,2025-07-11 02:10:10.880048,Castel Volturno,45.7,6.7329564,5.405495,5.6125717,9.71646,74.3,5.8298764,4.524149,3.6142857,7.1190476,74.8,5.9338164,9.354286,6.601644,6.2645793,52.5,4.2714286,4.2714286,58.4
2025-07-11T02:10:21Z,236,29.858,79.2,41,69.3,2,3,19,56,0.0,255,32767,0.0,2127-15-31,0.0,0.12,27.44,0.0,0.0,0.0,0,1.552734375,6,45,05:56,20:31,2025-07-11 02:10:21.434040,Castel Volturno,45.7,6.7329564,5.405495,5.6125717,9.71646,74.3,5.8298764,4.524149,3.6142857,7.1190476,74.8,5.9338164,9.354286,6.601644,6.2645793,52.5,4.2714286,4.2714286,58.4
2025-07-11T02:10:32Z,236,29.858,79.2,41,69.3,2,3,55,56,0.0,255,32767,0.0,2127-15-31,0.0,0.12,27.44,0.0,0.0,0.0,0,1.552734375,6,45,05:56,20:31,2025-07-11 02:10:31.998049,Castel Volturno,45.7,6.7329564,5.405495,5.6125717,9.71646,74.3,5.8298764,4.524149,3.6142857,7.1190476,74.8,5.9338164,9.354286,6.601644,6.2645793,52.5,4.2714286,4.2714286,58.4
2025-07-11T02:10:42Z,236,29.858,79.2,41,69.3,1,3,32,56,0.0,255,32767,0.0,2127-15-31,0.0,0.12,27.44,0.0,0.0,0.0,0,1.552734375,6,45,05:56,20:31,2025-07-11 02:10:42.568016,Castel Volturno,45.7,6.7329564,5.405495,5.6125717,9.71646,74.3,5.8298764,4.524149,3.6142857,7.1190476,74.8,5.9338164,9.354286,6.601644,6.2645793,52.5,4.2714286,4.2714286,58.4
2025-07-11T02:10:53Z,236,29.856,79.1,40,69.3,3,3,15,56,0.0,255,32767,0.0,2127-15-31,0.0,0.12,27.44,0.0,0.0,0.0,0,0.80859375,6,45,05:56,20:31,2025-07-11 02:10:53.266055,Castel Volturno,45.7,6.7329564,5.405495,5.6125717,9.71646,74.3,5.8298764,4.524149,3.6142857,7.1190476,74.8,5.9338164,9.354286,6.601644,6.2645793,52.5,4.2714286,4.2714286,58.4
2025-07-11T02:11:04Z,236,29.856,79.1,40,69.3,2,3,29,56,0.0,255,32767,0.0,2127-15-31,0.0,0.12,27.44,0.0,0.0,0.0,0,0.80859375,6,45,05:56,20:31,2025-07-11 02:11:03.820073,Castel Volturno,45.7,6.7329564,5.405495,5.6125717,9.71646,74.3,5.8298764,4.524149,3.6142857,7.1190476,74.8,5.9338164,9.354286,6.601644,6.2645793,52.5,4.2714286,4.2714286,58.4
2025-07-11T02:11:14Z,236,29.856,79.1,40,69.3,2,3,316,56,0.0,255,32767,0.0,2127-15-31,0.0,0.12,27.44,0.0,0.0,0.0,0,0.80859375,6,45,05:56,20:31,2025-07-11 02:11:14.374035,Castel Volturno,45.7,6.7329564,5.405495,5.6125717,9.71646,74.3,5.8298764,4.524149,3.6142857,7.1190476,74.8,5.9338164,9.354286,6.601644,6.2645793,52.5,4.2714286,4.2714286,58.4
2025-07-11T02:11:25Z,236,29.856,79.1,40,69.3,1,3,19,56,0.0,255,32767,0.0,2127-15-31,0.0,0.12,27.44,0.0,0.0,0.0,0,0.80859375,6,45,05:56,20:31,2025-07-11 02:11:24.930075,Castel Volturno,45.7,6.7329564,5.405495,5.6125717,9.71646,74.3,5.8298764,4.524149,3.6142857,7.1190476,74.8,5.9338164,9.354286,6.601644,6.2645793,52.5,4.2714286,4.2714286,58.4
2025-07-11T02:11:35Z,236,29.856,79.1,40,69.3,0,3,249,55,0.0,255,32767,0.0,2127-15-31,0.0,0.12,27.44,0.0,0.0,0.0,0,0.80859375,6,45,05:56,20:31,2025-07-11 02:11:35.484062,Castel Volturno,45.7,6.7329564,5.405495,5.6125717,9.71646,74.3,5.8298764,4.524149,3.6142857,7.1190476,74.8,5.9338164,9.354286,6.601644,6.2645793,52.5,4.2714286,4.2714286,58.4
2025-07-11T02:11:46Z,236,29.856,79.1,40,69.3,0,3,300,55,0.0,255,32767,0.0,2127-15-31,0.0,0.12,27.44,0.0,0.0,0.0,0,0.80859375,6,45,05:56,20:31,2025-07-11 02:11:46.580041,Castel Volturno,45.7,6.7329564,5.405495,5.6125717,9.71646,74.3,5.8298764,4.524149,3.6142857,7.1190476,74.8,5.9338164,9.354286,6.601644,6.2645793,52.5,4.2714286,4.2714286,58.4
2025-07-11T02:11:57Z,236,29.858,79.1,40,69.3,1,2,330,55,0.0,255,32767,0.0,2127-15-31,0.0,0.12,27.44,0.0,0.0,0.0,0,0.80859375,6,45,05:56,20:31,2025-07-11 02:11:57.134050,Castel Volturno,45.7,6.7329564,5.405495,5.6125717,9.71646,74.3,5.8298764,4.524149,3.6142857,7.1190476,74.8,5.9338164,9.354286,6.601644,6.2645793,52.5,4.2714286,4.2714286,58.4
2025-07-11T02:12:07Z,236,29.858,79.1,40,69.3,2,2,34,55,0.0,255,32767,0.0,2127-15-31,0.0,0.12,27.44,0.0,0.0,0.0,0,0.80859375,6,45,05:56,20:31,2025-07-11 02:12:07.688046,Castel Volturno,45.7,6.7329564,5.405495,5.6125717,9.71646,74.3,5.8298764,4.524149,3.6142857,7.1190476,74.8,5.9338164,9.354286,6.601644,6.2645793,52.5,4.2714286,4.2714286,58.4
2025-07-11T02:12:18Z,236,29.858,79.1,40,69.3,3,2,312,55,0.0,255,32767,0.0,2127-15-31,0.0,0.12,27.44,0.0,0.0,0.0,0,0.80859375,6,45,05:56,20:31,2025-07-11 02:12:18.240050,Castel Volturno,45.7,6.7329564,5.405495,5.6125717,9.71646,74.3,5.8298764,4.524149,3.6142857,7.1190476,74.8,5.9338164,9.354286,6.601644,6.2645793,52.5,4.2714286,4.2714286,58.4
2025-07-11T02:12:28Z,236,29.858,79.1,40,69.3,1,2,92,55,0.0,255,32767,0.0,2127-15-31,0.0,0.12,27.44,0.0,0.0,0.0,0,0.80859375,6,45,05:56,20:31,2025-07-11 02:12:28.785047,Castel Volturno,45.7,6.7329564,5.405495,5.6125717,9.71646,74.3,5.8298764,4.524149,3.6142857,7.1190476,74.8,5.9338164,9.354286,6.601644,6.2645793,52.5,4.2714286,4.2714286,58.4
2025-07-11T02:12:39Z,236,29.858,79.1,40,69.3,1,2,38,55,0.0,255,32767,0.0,2127-15-31,0.0,0.12,27.44,0.0,0.0,0.0,0,0.80859375,6,45,05:56,20:31,2025-07-11 02:12:39.339041,Castel Volturno,45.7,6.7329564,5.405495,5.6125717,9.71646,74.3,5.8298764,4.524149,3.6142857,7.1190476,74.8,5.9338164,9.354286,6.601644,6.2645793,52.5,4.2714286,4.2714286,58.4
2025-07-11T02:12:50Z,236,29.858,79.1,40,69.3,2,2,28,55,0.0,255,32767,0.0,2127-15-31,0.0,0.12,27.44,0.0,0.0,0.0,0,0.80859375,6,45,05:56,20:31,2025-07-11 02:12:49.893039,Castel Volturno,45.7,6.7329564,5.405495,5.6125717,9.71646,74.3,5.8298764,4.524149,3.6142857,7.1190476,74.8,5.9338164,9.354286,6.601644,6.2645793,52.5,4.2714286,4.2714286,58.4
2025-07-11T02:13:00Z,236,29.859,79.1,40,69.3,3,2,19,55,0.0,255,32767,0.0,2127-15-31,0.0,0.12,27.44,0.0,0.0,0.0,0,0.861328125,6,45,05:56,20:31,2025-07-11 02:13:00.447042,Castel Volturno,45.7,6.7329564,5.405495,5.6125717,9.71646,74.3,5.8298764,4.524149,3.6142857,7.1190476,74.8,5.9338164,9.354286,6.601644,6.2645793,52.5,4.2714286,4.2714286,58.4
2025-07-11T02:13:11Z,236,29.859,79.1,40,69.3,2,2,345,55,0.0,255,32767,0.0,2127-15-31,0.0,0.12,27.44,0.0,0.0,0.0,0,0.861328125,6,45,05:56,20:31,2025-07-11 02:13:10.994054,Castel Volturno,45.7,6.7329564,5.405495,5.6125717,9.71646,74.3,5.8298764,4.524149,3.6142857,7.1190476,74.8,5.9338164,9.354286,6.601644,6.2645793,52.5,4.2714286,4.2714286,58.4
2025-07-11T02:13:21Z,236,29.859,79.1,40,69.3,2,2,15,55,0.0,255,32767,0.0,2127-15-31,0.0,0.12,27.44,0.0,0.0,0.0,0,0.861328125,6,45,05:56,20:31,2025-07-11 02:13:21.548062,Castel Volturno,45.7,6.7329564,5.405495,5.6125717,9.71646,74.3,5.8298764,4.524149,3.6142857,7.1190476,74.8,5.9338164,9.354286,6.601644,6.2645793,52.5,4.2714286,4.2714286,58.4
2025-07-11T02:13:32Z,236,29.859,79.1,40,69.3,2,2,9,55,0.0,255,32767,0.0,2127-15-31,0.0,0.12,27.44,0.0,0.0,0.0,0,0.861328125,6,45,05:56,20:31,2025-07-11 02:13:32.104036,Castel Volturno,45.7,6.7329564,5.405495,5.6125717,9.71646,74.3,5.8298764,4.524149,3.6142857,7.1190476,74.8,5.9338164,9.354286,6.601644,6.2645793,52.5,4.2714286,4.2714286,58.4
2025-07-11T02:13:42Z,236,29.859,79.1,40,69.3,5,2,28,55,0.0,255,32767,0.0,2127-15-31,0.0,0.12,27.44,0.0,0.0,0.0,0,0.861328125,6,45,05:56,20:31,2025-07-11 02:13:42.658056,Castel Volturno,45.7,6.7329564,5.405495,5.6125717,9.71646,74.3,5.8298764,4.524149,3.6142857,7.1190476,74.8,5.9338164,9.354286,6.601644,6.2645793,52.5,4.2714286,4.2714286,58.4
2025-07-11T02:13:53Z,236,29.858,79.0,40,69.3,2,2,355,55,0.0,255,32767,0.0,2127-15-31,0.0,0.12,27.44,0.0,0.0,0.0,0,0.814453125,6,45,05:56,20:31,2025-07-11 02:13:53.229053,Castel Volturno,45.7,6.7329564,5.405495,5.6125717,9.71646,74.3,5.8298764,4.524149,3.6142857,7.1190476,74.8,5.9338164,9.354286,6.601644,6.2645793,52.5,4.2714286,4.2714286,58.4
2025-07-11T02:14:03Z,236,29.858,79.0,40,69.3,4,2,22,55,0.0,255,32767,0.0,2127-15-31,0.0,0.12,27.44,0.0,0.0,0.0,0,0.814453125,6,45,05:56,20:31,2025-07-11 02:14:03.783041,Castel Volturno,45.7,6.7329564,5.405495,5.6125717,9.71646,74.3,5.8298764,4.524149,3.6142857,7.1190476,74.8,5.9338164,9.354286,6.601644,6.2645793,52.5,4.2714286,4.2714286,58.4
2025-07-11T02:14:14Z,236,29.858,79.0,40,69.3,2,2,25,55,0.0,255,32767,0.0,2127-15-31,0.0,0.12,27.44,0.0,0.0,0.0,0,0.814453125,6,45,05:56,20:31,2025-07-11 02:14:14.337040,Castel Volturno,45.7,6.7329564,5.405495,5.6125717,9.71646,74.3,5.8298764,4.524149,3.6142857,7.1190476,74.8,5.9338164,9.354286,6.601644,6.2645793,52.5,4.2714286,4.2714286,58.4
2025-07-11T02:14:25Z,236,29.858,79.0,40,69.3,2,2,360,55,0.0,255,32767,0.0,2127-15-31,0.0,0.12,27.44,0.0,0.0,0.0,0,0.814453125,6,45,05:56,20:31,2025-07-11 02:14:24.891073,Castel Volturno,45.7,6.7329564,5.405495,5.6125717,9.71646,74.3,5.8298764,4.524149,3.6142857,7.1190476,74.8,5.9338164,9.354286,6.601644,6.2645793,52.5,4.2714286,4.2714286,58.4
2025-07-11T02:14:35Z,236,29.858,79.0,40,69.3,5,2,54,55,0.0,255,32767,0.0,2127-15-31,0.0,0.12,27.44,0.0,0.0,0.0,0,0.814453125,6,45,05:56,20:31,2025-07-11 02:14:35.447048,Castel Volturno,45.7,6.7329564,5.405495,5.6125717,9.71646,74.3,5.8298764,4.524149,3.6142857,7.1190476,74.8,5.9338164,9.354286,6.601644,6.2645793,52.5,4.2714286,4.2714286,58.4
2025-07-11T02:14:46Z,236,29.858,79.0,40,69.3,3,2,65,55,0.0,255,32767,0.0,2127-15-31,0.0,0.12,27.44,0.0,0.0,0.0,0,0.814453125,6,45,05:56,20:31,2025-07-11 02:14:46.000045,Castel Volturno,45.7,6.7329564,5.405495,5.6125717,9.71646,74.3,5.8298764,4.524149,3.6142857,7.1190476,74.8,5.9338164,9.354286,6.601644,6.2645793,52.5,4.2714286,4.2714286,58.4
2025-07-11T02:14:56Z,236,29.853,79.0,40,69.3,2,2,20,55,0.0,255,32767,0.0,2127-15-31,0.0,0.12,27.44,0.0,0.0,0.0,0,0.826171875,6,45,05:56,20:31,2025-07-11 02:14:56.554041,Castel Volturno,45.7,6.7329564,5.405495,5.6125717,9.71646,74.3,5.8298764,4.524149,3.6142857,7.1190476,74.8,5.9338164,9.354286,6.601644,6.2645793,52.5,4.2714286,4.2714286,58.4
2025-07-11T02:15:07Z,236,29.853,79.0,40,69.3,2,2,337,55,0.0,255,32767,0.0,2127-15-31,0.0,0.12,27.44,0.0,0.0,0.0,0,0.826171875,6,45,05:56,20:31,2025-07-11 02:15:07.108043,Castel Volturno,45.7,6.7329564,5.405495,5.6125717,9.71646,74.3,5.8298764,4.524149,3.6142857,7.1190476,74.8,5.9338164,9.354286,6.601644,6.2645793,52.5,4.2714286,4.2714286,58.4
2025-07-11T02:15:17Z,236,29.853,79.0,40,69.3,3,2,11,55,0.0,255,32767,0.0,2127-15-31,0.0,0.12,27.44,0.0,0.0,0.0,0,0.826171875,6,45,05:56,20:31,2025-07-11 02:15:17.662070,Castel Volturno,45.7,6.7329564,5.405495,5.6125717,9.71646,74.3,5.8298764,4.524149,3.6142857,7.1190476,74.8,5.9338164,9.354286,6.601644,6.2645793,52.5,4.2714286,4.2714286,58.4
2025-07-11T02:15:28Z,236,29.853,79.0,40,69.3,5,2,45,55,0.0,255,32767,0.0,2127-15-31,0.0,0.12,27.44,0.0,0.0,0.0,0,0.826171875,6,45,05:56,20:31,2025-07-11 02:15:28.216009,Castel Volturno,45.7,6.7329564,5.405495,5.6125717,9.71646,74.3,5.8298764,4.524149,3.6142857,7.1190476,74.8,5.9338164,9.354286,6.601644,6.2645793,52.5,4.2714286,4.2714286,58.4
2025-07-11T02:15:38Z,236,29.853,79.0,40,69.4,3,2,256,55,0.0,255,32767,0.0,2127-15-31,0.0,0.12,27.44,0.0,0.0,0.0,0,0.826171875,6,45,05:56,20:31,2025-07-11 02:15:38.770063,Castel Volturno,45.7,6.7329564,5.405495,5.6125717,9.71646,74.3,5.8298764,4.524149,3.6142857,7.1190476,74.8,5.9338164,9.354286,6.601644,6.2645793,52.5,4.2714286,4.2714286,58.4
2025-07-11T02:15:49Z,236,29.853,79.0,40,69.4,2,2,42,55,0.0,255,32767,0.0,2127-15-31,0.0,0.12,27.44,0.0,0.0,0.0,0,0.826171875,6,45,05:56,20:31,2025-07-11 02:15:49.325045,Castel Volturno,45.7,6.7329564,5.405495,5.6125717,9.71646,74.3,5.8298764,4.524149,3.6142857,7.1190476,74.8,5.9338164,9.354286,6.601644,6.2645793,52.5,4.2714286,4.2714286,58.4
2025-07-11T02:16:00Z,236,29.857,79.0,40,69.4,2,2,17,55,0.0,255,32767,0.0,2127-15-31,0.0,0.12,27.44,0.0,0.0,0.0,0,0.92578125,6,45,05:56,20:31,2025-07-11 02:15:59.879052,Castel Volturno,45.7,6.7329564,5.405495,5.6125717,9.71646,74.3,5.8298764,4.524149,3.6142857,7.1190476,74.8,5.9338164,9.354286,6.601644,6.2645793,52.5,4.2714286,4.2714286,58.4
2025-07-11T02:16:10Z,236,29.857,79.0,40,69.3,3,2,57,55,0.0,255,32767,0.0,2127-15-31,0.0,0.12,27.44,0.0,0.0,0.0,0,0.92578125,6,45,05:56,20:31,2025-07-11 02:16:10.433051,Castel Volturno,45.7,6.7329564,5.405495,5.6125717,9.71646,74.3,5.8298764,4.524149,3.6142857,7.1190476,74.8,5.9338164,9.354286,6.601644,6.2645793,52.5,4.2714286,4.2714286,58.4
2025-07-11T02:16:21Z,236,29.857,79.0,40,69.4,4,2,360,55,0.0,255,32767,0.0,2127-15-31,0.0,0.12,27.44,0.0,0.0,0.0,0,0.92578125,6,45,05:56,20:31,2025-07-11 02:16:20.987051,Castel Volturno,45.7,6.7329564,5.405495,5.6125717,9.71646,74.3,5.8298764,4.524149,3.6142857,7.1190476,74.8,5.9338164,9.354286,6.601644,6.2645793,52.5,4.2714286,4.2714286,58.4
2025-07-11T02:16:31Z,236,29.857,79.0,40,69.4,3,2,330,55,0.0,255,32767,0.0,2127-15-31,0.0,0.12,27.44,0.0,0.0,0.0,0,0.92578125,6,45,05:56,20:31,2025-07-11 02:16:31.535041,Castel Volturno,45.7,6.7329564,5.405495,5.6125717,9.71646,74.3,5.8298764,4.524149,3.6142857,7.1190476,74.8,5.9338164,9.354286,6.601644,6.2645793,52.5,4.2714286,4.2714286,58.4
2025-07-11T02:16:42Z,236,29.857,79.0,40,69.3,8,2,5,55,0.0,255,32767,0.0,2127-15-31,0.0,0.12,27.44,0.0,0.0,0.0,0,0.92578125,6,45,05:56,20:31,2025-07-11 02:16:42.089042,Castel Volturno,45.3,6.369037,5.3645825,5.482437,9.349888,74.1,5.609933,4.4931736,3.7714286,6.904762,74.7,5.6038065,9.137395,6.3503685,6.1077657,52.1,5.3428574,4.142857,58.1
2025-07-11T02:16:53Z,236,29.855,79.0,40,69.4,3,2,116,55,0.0,255,32767,0.0,2127-15-31,0.0,0.12,27.44,0.0,0.0,0.0,0,1.46484375,6,45,05:56,20:31,2025-07-11 02:16:53.165050,Castel Volturno,45.3,6.369037,5.3645825,5.482437,9.349888,74.1,5.609933,4.4931736,3.7714286,6.904762,74.7,5.6038065,9.137395,6.3503685,6.1077657,52.1,5.3428574,4.142857,58.1
2025-07-11T02:17:03Z,236,29.855,79.0,40,69.4,2,2,16,55,0.0,255,32767,0.0,2127-15-31,0.0,0.12,27.44,0.0,0.0,0.0,0,1.46484375,6,45,05:56,20:31,2025-07-11 02:17:03.714012,Castel Volturno,45.3,6.369037,5.3645825,5.482437,9.349888,74.1,5.609933,4.4931736,3.7714286,6.904762,74.7,5.6038065,9.137395,6.3503685,6.1077657,52.1,5.3428574,4.142857,58.1
2025-07-11T02:17:14Z,236,29.855,79.0,40,69.4,1,2,27,55,0.0,255,32767,0.0,2127-15-31,0.0,0.12,27.44,0.0,0.0,0.0,0,1.46484375,6,45,05:56,20:31,2025-07-11 02:17:14.268044,Castel Volturno,45.3,6.369037,5.3645825,5.482437,9.349888,74.1,5.609933,4.4931736,3.7714286,6.904762,74.7,5.6038065,9.137395,6.3503685,6.1077657,52.1,5.3428574,4.142857,58.1
2025-07-11T02:17:25Z,236,29.855,79.0,40,69.4,2,2,5,55,0.0,255,32767,0.0,2127-15-31,0.0,0.12,27.44,0.0,0.0,0.0,0,1.46484375,6,45,05:56,20:31,2025-07-11 02:17:24.818048,Castel Volturno,45.3,6.369037,5.3645825,5.482437,9.349888,74.1,5.609933,4.4931736,3.7714286,6.904762,74.7,5.6038065,9.137395,6.3503685,6.1077657,52.1,5.3428574,4.142857,58.1
2025-07-11T02:17:35Z,236,29.855,79.0,40,69.4,3,2,126,55,0.0,255,32767,0.0,2127-15-31,0.0,0.12,27.44,0.0,0.0,0.0,0,1.46484375,6,45,05:56,20:31,2025-07-11 02:17:35.372094,Castel Volturno,45.3,6.369037,5.3645825,5.482437,9.349888,74.1,5.609933,4.4931736,3.7714286,6.904762,74.7,5.6038065,9.137395,6.3503685,6.1077657,52.1,5.3428574,4.142857,58.1
2025-07-11T02:17:46Z,236,29.855,79.0,40,69.3,2,2,334,55,0.0,255,32767,0.0,2127-15-31,0.0,0.12,27.44,0.0,0.0,0.0,0,1.46484375,6,45,05:56,20:31,2025-07-11 02:17:45.928050,Castel Volturno,45.3,6.369037,5.3645825,5.482437,9.349888,74.1,5.609933,4.4931736,3.7714286,6.904762,74.7,5.6038065,9.137395,6.3503685,6.1077657,52.1,5.3428574,4.142857,58.1
2025-07-11T02:17:56Z,236,29.853,79.0,40,69.3,1,2,33,55,0.0,255,32767,0.0,2127-15-31,0.0,0.12,27.44,0.0,0.0,0.0,0,0.837890625,6,45,05:56,20:31,2025-07-11 02:17:56.482048,Castel Volturno,45.3,6.369037,5.3645825,5.482437,9.349888,74.1,5.609933,4.4931736,3.7714286,6.904762,74.7,5.6038065,9.137395,6.3503685,6.1077657,52.1,5.3428574,4.142857,58.1
2025-07-11T02:18:07Z,236,29.853,79.0,40,69.4,2,2,102,55,0.0,255,32767,0.0,2127-15-31,0.0,0.12,27.44,0.0,0.0,0.0,0,0.837890625,6,45,05:56,20:31,2025-07-11 02:18:07.036043,Castel Volturno,45.3,6.369037,5.3645825,5.482437,9.349888,74.1,5.609933,4.4931736,3.7714286,6.904762,74.7,5.6038065,9.137395,6.3503685,6.1077657,52.1,5.3428574,4.142857,58.1
2025-07-11T02:18:17Z,236,29.853,79.0,40,69.4,4,2,68,55,0.0,255,32767,0.0,2127-15-31,0.0,0.12,27.44,0.0,0.0,0.0,0,0.837890625,6,45,05:56,20:31,2025-07-11 02:18:17.590057,Castel Volturno,45.3,6.369037,5.3645825,5.482437,9.349888,74.1,5.609933,4.4931736,3.7714286,6.904762,74.7,5.6038065,9.137395,6.3503685,6.1077657,52.1,5.3428574,4.142857,58.1
2025-07-11T02:18:28Z,236,29.853,79.0,40,69.4,3,2,319,55,0.0,255,32767,0.0,2127-15-31,0.0,0.12,27.44,0.0,0.0,0.0,0,0.837890625,6,45,05:56,20:31,2025-07-11 02:18:28.166050,Castel Volturno,45.3,6.369037,5.3645825,5.482437,9.349888,74.1,5.609933,4.4931736,3.7714286,6.904762,74.7,5.6038065,9.137395,6.3503685,6.1077657,52.1,5.3428574,4.142857,58.1
2025-07-11T02:18:38Z,236,29.853,79.0,40,69.4,4,2,36,55,0.0,255,32767,0.0,2127-15-31,0.0,0.12,27.44,0.0,0.0,0.0,0,0.837890625,6,45,05:56,20:31,2025-07-11 02:18:38.721043,Castel Volturno,45.3,6.369037,5.3645825,5.482437,9.349888,74.1,5.609933,4.4931736,3.7714286,6.904762,74.7,5.6038065,9.137395,6.3503685,6.1077657,52.1,5.3428574,4.142857,58.1
2025-07-11T02:18:49Z,236,29.853,79.0,40,69.4,3,2,76,55,0.0,255,32767,0.0,2127-15-31,0.0,0.12,27.44,0.0,0.0,0.0,0,0.837890625,6,45,05:56,20:31,2025-07-11 02:18:49.274043,Castel Volturno,45.3,6.369037,5.3645825,5.482437,9.349888,74.1,5.609933,4.4931736,3.7714286,6.904762,74.7,5.6038065,9.137395,6.3503685,6.1077657,52.1,5.3428574,4.142857,58.1
2025-07-11T02:19:00Z,236,29.854,78.9,40,69.4,3,2,5,55,0.0,255,32767,0.0,2127-15-31,0.0,0.12,27.44,0.0,0.0,0.0,0,0.779296875,6,45,05:56,20:31,2025-07-11 02:18:59.828042,Castel Volturno,45.3,6.369037,5.3645825,5.482437,9.349888,74.1,5.609933,4.4931736,3.7714286,6.904762,74.7,5.6038065,9.137395,6.3503685,6.1077657,52.1,5.3428574,4.142857,58.1
2025-07-11T02:19:10Z,236,29.854,78.9,40,69.4,3,2,78,55,0.0,255,32767,0.0,2127-15-31,0.0,0.12,27.44,0.0,0.0,0.0,0,0.779296875,6,45,05:56,20:31,2025-07-11 02:19:10.382052,Castel Volturno,45.3,6.369037,5.3645825,5.482437,9.349888,74.1,5.609933,4.4931736,3.7714286,6.904762,74.7,5.6038065,9.137395,6.3503685,6.1077657,52.1,5.3428574,4.142857,58.1
2025-07-11T02:19:21Z,236,29.854,78.9,40,69.4,4,2,91,55,0.0,255,32767,0.0,2127-15-31,0.0,0.12,27.44,0.0,0.0,0.0,0,0.779296875,6,45,05:56,20:31,2025-07-11 02:19:20.936042,Castel Volturno,45.3,6.369037,5.3645825,5.482437,9.349888,74.1,5.609933,4.4931736,3.7714286,6.904762,74.7,5.6038065,9.137395,6.3503685,6.1077657,52.1,5.3428574,4.142857,58.1
2025-07-11T02:19:31Z,236,29.854,78.9,40,69.4,2,2,59,55,0.0,255,32767,0.0,2127-15-31,0.0,0.12,27.44,0.0,0.0,0.0,0,0.779296875,6,45,05:56,20:31,2025-07-11 02:19:31.490043,Castel Volturno,45.3,6.369037,5.3645825,5.482437,9.349888,74.1,5.609933,4.4931736,3.7714286,6.904762,74.7,5.6038065,9.137395,6.3503685,6.1077657,52.1,5.3428574,4.142857,58.1
2025-07-11T02:19:42Z,236,29.854,78.9,40,69.5,3,2,346,55,0.0,255,32767,0.0,2127-15-31,0.0,0.12,27.44,0.0,0.0,0.0,0,0.779296875,6,45,05:56,20:31,2025-07-11 02:19:42.037040,Castel Volturno,45.3,6.369037,5.3645825,5.482437,9.349888,74.1,5.609933,4.4931736,3.7714286,6.904762,74.7,5.6038065,9.137395,6.3503685,6.1077657,52.1,5.3428574,4.142857,58.1
2025-07-11T02:19:52Z,236,29.854,78.9,40,69.4,1,3,49,55,0.0,255,32767,0.0,2127-15-31,0.0,0.12,27.44,0.0,0.0,0.0,0,0.796875,6,45,05:56,20:31,2025-07-11 02:19:52.625049,Castel Volturno,45.3,6.369037,5.3645825,5.482437,9.349888,74.1,5.609933,4.4931736,3.7714286,6.904762,74.7,5.6038065,9.137395,6.3503685,6.1077657,52.1,5.3428574,4.142857,58.1
2025-07-11T02:20:03Z,236,29.854,78.9,40,69.5,1,3,342,55,0.0,255,32767,0.0,2127-15-31,0.0,0.12,27.44,0.0,0.0,0.0,0,0.796875,6,45,05:56,20:31,2025-07-11 02:20:03.179049,Castel Volturno,45.3,6.369037,5.3645825,5.482437,9.349888,74.1,5.609933,4.4931736,3.7714286,6.904762,74.7,5.6038065,9.137395,6.3503685,6.1077657,52.1,5.3428574,4.142857,58.1
2025-07-11T02:20:13Z,236,29.854,78.9,40,69.5,2,3,33,55,0.0,255,32767,0.0,2127-15-31,0.0,0.12,27.44,0.0,0.0,0.0,0,0.796875,6,45,05:56,20:31,2025-07-11 02:20:13.733042,Castel Volturno,45.3,6.369037,5.3645825,5.482437,9.349888,74.1,5.609933,4.4931736,3.7714286,6.904762,74.7,5.6038065,9.137395,6.3503685,6.1077657,52.1,5.3428574,4.142857,58.1
2025-07-11T02:20:24Z,236,29.854,78.9,40,69.5,5,3,38,55,0.0,255,32767,0.0,2127-15-31,0.0,0.12,27.44,0.0,0.0,0.0,0,0.796875,6,45,05:56,20:31,2025-07-11 02:20:24.287050,Castel Volturno,45.3,6.369037,5.3645825,5.482437,9.349888,74.1,5.609933,4.4931736,3.7714286,6.904762,74.7,5.6038065,9.137395,6.3503685,6.1077657,52.1,5.3428574,4.142857,58.1
2025-07-11T02:20:35Z,236,29.854,78.9,40,69.5,3,3,59,55,0.0,255,32767,0.0,2127-15-31,0.0,0.12,27.44,0.0,0.0,0.0,0,0.796875,6,45,05:56,20:31,2025-07-11 02:20:34.841040,Castel Volturno,45.3,6.369037,5.3645825,5.482437,9.349888,74.1,5.609933,4.4931736,3.7714286,6.904762,74.7,5.6038065,9.137395,6.3503685,6.1077657,52.1,5.3428574,4.142857,58.1
2025-07-11T02:20:45Z,236,29.854,78.9,40,69.5,2,3,72,55,0.0,255,32767,0.0,2127-15-31,0.0,0.12,27.44,0.0,0.0,0.0,0,0.796875,6,45,05:56,20:31,2025-07-11 02:20:45.394054,Castel Volturno,45.3,6.369037,5.3645825,5.482437,9.349888,74.1,5.609933,4.4931736,3.7714286,6.904762,74.7,5.6038065,9.137395,6.3503685,6.1077657,52.1,5.3428574,4.142857,58.1
2025-07-11T02:20:56Z,236,29.854,78.9,40,69.5,1,3,72,55,0.0,255,32767,0.0,2127-15-31,0.0,0.12,27.44,0.0,0.0,0.0,0,0.802734375,6,45,05:56,20:31,2025-07-11 02:20:55.946048,Castel Volturno,45.3,6.369037,5.3645825,5.482437,9.349888,74.1,5.609933,4.4931736,3.7714286,6.904762,74.7,5.6038065,9.137395,6.3503685,6.1077657,52.1,5.3428574,4.142857,58.1
2025-07-11T02:21:06Z,236,29.854,78.9,40,69.5,2,3,28,54,0.0,255,32767,0.0,2127-15-31,0.0,0.12,27.44,0.0,0.0,0.0,0,0.802734375,6,45,05:56,20:31,2025-07-11 02:21:06.500048,Castel Volturno,45.3,6.369037,5.3645825,5.482437,9.349888,74.1,5.609933,4.4931736,3.7714286,6.904762,74.7,5.6038065,9.137395,6.3503685,6.1077657,52.1,5.3428574,4.142857,58.1
2025-07-11T02:21:17Z,236,29.854,78.9,40,69.5,1,3,12,54,0.0,255,32767,0.0,2127-15-31,0.0,0.12,27.44,0.0,0.0,0.0,0,0.802734375,6,45,05:56,20:31,2025-07-11 02:21:17.054043,Castel Volturno,45.3,6.369037,5.3645825,5.482437,9.349888,74.1,5.609933,4.4931736,3.7714286,6.904762,74.7,5.6038065,9.137395,6.3503685,6.1077657,52.1,5.3428574,4.142857,58.1
2025-07-11T02:21:27Z,236,29.854,78.9,40,69.5,3,3,69,54,0.0,255,32767,0.0,2127-15-31,0.0,0.12,27.44,0.0,0.0,0.0,0,0.802734375,6,45,05:56,20:31,2025-07-11 02:21:27.608044,Castel Volturno,45.3,6.369037,5.3645825,5.482437,9.349888,74.1,5.609933,4.4931736,3.7714286,6.904762,74.7,5.6038065,9.137395,6.3503685,6.1077657,52.1,5.3428574,4.142857,58.1
2025-07-11T02:21:38Z,236,29.854,78.9,40,69.5,2,3,65,54,0.0,255,32767,0.0,2127-15-31,0.0,0.12,27.44,0.0,0.0,0.0,0,0.802734375,6,45,05:56,20:31,2025-07-11 02:21:38.159014,Castel Volturno,45.3,6.369037,5.3645825,5.482437,9.349888,74.1,5.609933,4.4931736,3.7714286,6.904762,74.7,5.6038065,9.137395,6.3503685,6.1077657,52.1,5.3428574,4.142857,58.1
2025-07-11T02:21:48Z,236,29.854,78.9,40,69.5,2,3,32,54,0.0,255,32767,0.0,2127-15-31,0.0,0.12,27.44,0.0,0.0,0.0,0,0.802734375,6,45,05:56,20:31,2025-07-11 02:21:48.714054,Castel Volturno,45.3,6.369037,5.3645825,5.482437,9.349888,74.1,5.609933,4.4931736,3.7714286,6.904762,74.7,5.6038065,9.137395,6.3503685,6.1077657,52.1,5.3428574,4.142857,58.1
2025-07-11T02:22:00Z,236,29.854,78.9,41,69.5,1,3,59,54,0.0,255,32767,0.0,2127-15-31,0.0,0.12,27.44,0.0,0.0,0.0,0,0.814453125,6,45,05:56,20:31,2025-07-11 02:21:59.993059,Castel Volturno,45.3,6.369037,5.3645825,5.482437,9.349888,74.1,5.609933,4.4931736,3.7714286,6.904762,74.7,5.6038065,9.137395,6.3503685,6.1077657,52.1,5.3428574,4.142857,58.1
2025-07-11T02:22:10Z,236,29.854,78.9,41,69.5,2,3,22,54,0.0,255,32767,0.0,2127-15-31,0.0,0.12,27.44,0.0,0.0,0.0,0,0.814453125,6,45,05:56,20:31,2025-07-11 02:22:10.549042,Castel Volturno,45.3,6.369037,5.3645825,5.482437,9.349888,74.1,5.609933,4.4931736,3.7714286,6.904762,74.7,5.6038065,9.137395,6.3503685,6.1077657,52.1,5.3428574,4.142857,58.1
2025-07-11T02:22:21Z,236,29.854,78.9,41,69.5,4,3,27,54,0.0,255,32767,0.0,2127-15-31,0.0,0.12,27.44,0.0,0.0,0.0,0,0.814453125,6,45,05:56,20:31,2025-07-11 02:22:21.103051,Castel Volturno,45.3,6.369037,5.3645825,5.482437,9.349888,74.1,5.609933,4.4931736,3.7714286,6.904762,74.7,5.6038065,9.137395,6.3503685,6.1077657,52.1,5.3428574,4.142857,58.1
2025-07-11T02:22:31Z,236,29.854,78.9,41,69.5,2,3,28,54,0.0,255,32767,0.0,2127-15-31,0.0,0.12,27.44,0.0,0.0,0.0,0,0.814453125,6,45,05:56,20:31,2025-07-11 02:22:31.658049,Castel Volturno,45.3,6.369037,5.3645825,5.482437,9.349888,74.1,5.609933,4.4931736,3.7714286,6.904762,74.7,5.6038065,9.137395,6.3503685,6.1077657,52.1,5.3428574,4.142857,58.1
2025-07-11T02:22:42Z,236,29.854,78.9,41,69.6,1,3,26,54,0.0,255,32767,0.0,2127-15-31,0.0,0.12,27.44,0.0,0.0,0.0,0,0.814453125,6,45,05:56,20:31,2025-07-11 02:22:42.213048,Castel Volturno,45.3,6.369037,5.3645825,5.482437,9.349888,74.1,5.609933,4.4931736,3.7714286,6.904762,74.7,5.6038065,9.137395,6.3503685,6.1077657,52.1,5.3428574,4.142857,58.1
2025-07-11T02:22:52Z,236,29.854,78.9,40,69.5,2,3,42,54,0.0,255,32767,0.0,2127-15-31,0.0,0.12,27.44,0.0,0.0,0.0,0,0.99609375,6,45,05:56,20:31,2025-07-11 02:22:52.767050,Castel Volturno,45.3,6.369037,5.3645825,5.482437,9.349888,74.1,5.609933,4.4931736,3.7714286,6.904762,74.7,5.6038065,9.137395,6.3503685,6.1077657,52.1,5.3428574,4.142857,58.1
2025-07-11T02:23:03Z,236,29.854,78.9,40,69.5,0,3,90,54,0.0,255,32767,0.0,2127-15-31,0.0,0.12,27.44,0.0,0.0,0.0,0,0.99609375,6,45,05:56,20:31,2025-07-11 02:23:03.315062,Castel Volturno,45.3,6.369037,5.3645825,5.482437,9.349888,74.1,5.609933,4.4931736,3.7714286,6.904762,74.7,5.6038065,9.137395,6.3503685,6.1077657,52.1,5.3428574,4.142857,58.1
2025-07-11T02:23:14Z,236,29.854,78.9,40,69.5,1,3,61,54,0.0,255,32767,0.0,2127-15-31,0.0,0.12,27.44,0.0,0.0,0.0,0,0.99609375,6,45,05:56,20:31,2025-07-11 02:23:13.869043,Castel Volturno,45.3,6.369037,5.3645825,5.482437,9.349888,74.1,5.609933,4.4931736,3.7714286,6.904762,74.7,5.6038065,9.137395,6.3503685,6.1077657,52.1,5.3428574,4.142857,58.1
2025-07-11T02:23:24Z,236,29.854,78.9,40,69.5,2,3,88,54,0.0,255,32767,0.0,2127-15-31,0.0,0.12,27.44,0.0,0.0,0.0,0,0.99609375,6,45,05:56,20:31,2025-07-11 02:23:24.423049,Castel Volturno,45.3,6.369037,5.3645825,5.482437,9.349888,74.1,5.609933,4.4931736,3.7714286,6.904762,74.7,5.6038065,9.137395,6.3503685,6.1077657,52.1,5.3428574,4.142857,58.1
2025-07-11T02:23:35Z,236,29.854,78.9,40,69.6,2,3,24,54,0.0,255,32767,0.0,2127-15-31,0.0,0.12,27.44,0.0,0.0,0.0,0,0.99609375,6,45,05:56,20:31,2025-07-11 02:23:34.977068,Castel Volturno,45.3,6.369037,5.3645825,5.482437,9.349888,74.1,5.609933,4.4931736,3.7714286,6.904762,74.7,5.6038065,9.137395,6.3503685,6.1077657,52.1,5.3428574,4.142857,58.1
2025-07-11T02:23:45Z,236,29.854,78.9,40,69.6,2,3,15,54,0.0,255,32767,0.0,2127-15-31,0.0,0.12,27.44,0.0,0.0,0.0,0,0.99609375,6,45,05:56,20:31,2025-07-11 02:23:45.531051,Castel Volturno,45.3,6.369037,5.3645825,5.482437,9.349888,74.1,5.609933,4.4931736,3.7714286,6.904762,74.7,5.6038065,9.137395,6.3503685,6.1077657,52.1,5.3428574,4.142857,58.1
2025-07-11T02:23:56Z,236,29.852,79.0,40,69.6,3,3,30,54,0.0,255,32767,0.0,2127-15-31,0.0,0.12,27.44,0.0,0.0,0.0,0,1.341796875,6,45,05:56,20:31,2025-07-11 02:23:56.086064,Castel Volturno,45.3,6.369037,5.3645825,5.482437,9.349888,74.1,5.609933,4.4931736,3.7714286,6.904762,74.7,5.6038065,9.137395,6.3503685,6.1077657,52.1,5.3428574,4.142857,58.1
2025-07-11T02:24:06Z,236,29.852,79.0,40,69.6,2,3,49,54,0.0,255,32767,0.0,2127-15-31,0.0,0.12,27.44,0.0,0.0,0.0,0,1.341796875,6,45,05:56,20:31,2025-07-11 02:24:06.640046,Castel Volturno,45.3,6.369037,5.3645825,5.482437,9.349888,74.1,5.609933,4.4931736,3.7714286,6.904762,74.7,5.6038065,9.137395,6.3503685,6.1077657,52.1,5.3428574,4.142857,58.1
2025-07-11T02:24:17Z,236,29.852,79.0,40,69.6,2,3,82,54,0.0,255,32767,0.0,2127-15-31,0.0,0.12,27.44,0.0,0.0,0.0,0,1.341796875,6,45,05:56,20:31,2025-07-11 02:24:17.194061,Castel Volturno,45.3,6.369037,5.3645825,5.482437,9.349888,74.1,5.609933,4.4931736,3.7714286,6.904762,74.7,5.6038065,9.137395,6.3503685,6.1077657,52.1,5.3428574,4.142857,58.1
2025-07-11T02:24:27Z,236,29.852,79.0,40,69.6,3,3,355,54,0.0,255,32767,0.0,2127-15-31,0.0,0.12,27.44,0.0,0.0,0.0,0,1.341796875,6,45,05:56,20:31,2025-07-11 02:24:27.748046,Castel Volturno,45.3,6.369037,5.3645825,5.482437,9.349888,74.1,5.609933,4.4931736,3.7714286,6.904762,74.7,5.6038065,9.137395,6.3503685,6.1077657,52.1,5.3428574,4.142857,58.1
2025-07-11T02:24:38Z,236,29.852,79.0,40,69.6,4,3,56,54,0.0,255,32767,0.0,2127-15-31,0.0,0.12,27.44,0.0,0.0,0.0,0,1.341796875,6,45,05:56,20:31,2025-07-11 02:24:38.302022,Castel Volturno,45.3,6.369037,5.3645825,5.482437,9.349888,74.1,5.609933,4.4931736,3.7714286,6.904762,74.7,5.6038065,9.137395,6.3503685,6.1077657,52.1,5.3428574,4.142857,58.1
2025-07-11T02:24:49Z,236,29.852,79.0,40,69.6,4,3,54,54,0.0,255,32767,0.0,2127-15-31,0.0,0.12,27.44,0.0,0.0,0.0,0,1.341796875,6,45,05:56,20:31,2025-07-11 02:24:48.856038,Castel Volturno,45.3,6.369037,5.3645825,5.482437,9.349888,74.1,5.609933,4.4931736,3.7714286,6.904762,74.7,5.6038065,9.137395,6.3503685,6.1077657,52.1,5.3428574,4.142857,58.1
2025-07-11T02:24:59Z,236,29.852,79.0,40,69.6,3,3,28,54,0.0,255,32767,0.0,2127-15-31,0.0,0.12,27.44,0.0,0.0,0.0,0,0.802734375,6,45,05:56,20:31,2025-07-11 02:24:59.410039,Castel Volturno,45.3,6.369037,5.3645825,5.482437,9.349888,74.1,5.609933,4.4931736,3.7714286,6.904762,74.7,5.6038065,9.137395,6.3503685,6.1077657,52.1,5.3428574,4.142857,58.1
2025-07-11T02:25:10Z,236,29.852,79.0,40,69.6,4,3,67,54,0.0,255,32767,0.0,2127-15-31,0.0,0.12,27.44,0.0,0.0,0.0,0,0.802734375,6,45,05:56,20:31,2025-07-11 02:25:09.964046,Castel Volturno,45.3,6.369037,5.3645825,5.482437,9.349888,74.1,5.609933,4.4931736,3.7714286,6.904762,74.7,5.6038065,9.137395,6.3503685,6.1077657,52.1,5.3428574,4.142857,58.1
2025-07-11T02:25:20Z,236,29.852,79.0,40,69.6,2,3,44,54,0.0,255,32767,0.0,2127-15-31,0.0,0.12,27.44,0.0,0.0,0.0,0,0.802734375,6,45,05:56,20:31,2025-07-11 02:25:20.518047,Castel Volturno,45.3,6.369037,5.3645825,5.482437,9.349888,74.1,5.609933,4.4931736,3.7714286,6.904762,74.7,5.6038065,9.137395,6.3503685,6.1077657,52.1,5.3428574,4.142857,58.1
2025-07-11T02:25:31Z,236,29.852,79.0,40,69.6,1,3,53,53,0.0,255,32767,0.0,2127-15-31,0.0,0.12,27.44,0.0,0.0,0.0,0,0.802734375,6,45,05:56,20:31,2025-07-11 02:25:31.084044,Castel Volturno,45.3,6.369037,5.3645825,5.482437,9.349888,74.1,5.609933,4.4931736,3.7714286,6.904762,74.7,5.6038065,9.137395,6.3503685,6.1077657,52.1,5.3428574,4.142857,58.1
2025-07-11T02:25:41Z,236,29.852,79.0,40,69.6,1,3,52,53,0.0,255,32767,0.0,2127-15-31,0.0,0.12,27.44,0.0,0.0,0.0,0,0.802734375,6,45,05:56,20:31,2025-07-11 02:25:41.638004,Castel Volturno,45.3,6.369037,5.3645825,5.482437,9.349888,74.1,5.609933,4.4931736,3.7714286,6.904762,74.7,5.6038065,9.137395,6.3503685,6.1077657,52.1,5.3428574,4.142857,58.1
2025-07-11T02:25:52Z,236,29.855,79.0,40,69.7,4,3,43,53,0.0,255,32767,0.0,2127-15-31,0.0,0.12,27.44,0.0,0.0,0.0,0,0.796875,6,45,05:56,20:31,2025-07-11 02:25:52.192045,Castel Volturno,45.3,6.369037,5.3645825,5.482437,9.349888,74.1,5.609933,4.4931736,3.7714286,6.904762,74.7,5.6038065,9.137395,6.3503685,6.1077657,52.1,5.3428574,4.142857,58.1
2025-07-11T02:26:02Z,236,29.855,79.0,40,69.7,2,3,53,53,0.0,255,32767,0.0,2127-15-31,0.0,0.12,27.44,0.0,0.0,0.0,0,0.796875,6,45,05:56,20:31,2025-07-11 02:26:02.746052,Castel Volturno,45.3,6.369037,5.3645825,5.482437,9.349888,74.1,5.609933,4.4931736,3.7714286,6.904762,74.7,5.6038065,9.137395,6.3503685,6.1077657,52.1,5.3428574,4.142857,58.1
2025-07-11T02:26:13Z,236,29.855,79.0,40,69.7,2,3,53,53,0.0,255,32767,0.0,2127-15-31,0.0,0.12,27.44,0.0,0.0,0.0,0,0.796875,6,45,05:56,20:31,2025-07-11 02:26:13.302043,Castel Volturno,45.3,6.369037,5.3645825,5.482437,9.349888,74.1,5.609933,4.4931736,3.7714286,6.904762,74.7,5.6038065,9.137395,6.3503685,6.1077657,52.1,5.3428574,4.142857,58.1
2025-07-11T02:26:24Z,236,29.855,79.0,40,69.6,0,3,34,53,0.0,255,32767,0.0,2127-15-31,0.0,0.12,27.44,0.0,0.0,0.0,0,0.796875,6,45,05:56,20:31,2025-07-11 02:26:23.856050,Castel Volturno,45.3,6.369037,5.3645825,5.482437,9.349888,74.1,5.609933,4.4931736,3.7714286,6.904762,74.7,5.6038065,9.137395,6.3503685,6.1077657,52.1,5.3428574,4.142857,58.1
2025-07-11T02:26:34Z,236,29.855,79.0,40,69.7,0,3,33,53,0.0,255,32767,0.0,2127-15-31,0.0,0.12,27.44,0.0,0.0,0.0,0,0.796875,6,45,05:56,20:31,2025-07-11 02:26:34.410054,Castel Volturno,45.3,6.369037,5.3645825,5.482437,9.349888,74.1,5.609933,4.4931736,3.7714286,6.904762,74.7,5.6038065,9.137395,6.3503685,6.1077657,52.1,5.3428574,4.142857,58.1
2025-07-11T02:26:45Z,236,29.855,79.0,40,69.7,0,3,9,53,0.0,255,32767,0.0,2127-15-31,0.0,0.12,27.44,0.0,0.0,0.0,0,0.796875,6,45,05:56,20:31,2025-07-11 02:26:44.964042,Castel Volturno,45.3,6.369037,5.3645825,5.482437,9.349888,74.1,5.609933,4.4931736,3.7714286,6.904762,74.7,5.6038065,9.137395,6.3503685,6.1077657,52.1,5.3428574,4.142857,58.1
2025-07-11T02:26:55Z,236,29.855,78.9,40,69.7,1,2,10,53,0.0,255,32767,0.0,2127-15-31,0.0,0.12,27.44,0.0,0.0,0.0,0,0.802734375,6,45,05:56,20:31,2025-07-11 02:26:55.551053,Castel Volturno,45.3,6.369037,5.3645825,5.482437,9.349888,74.1,5.609933,4.4931736,3.7714286,6.904762,74.7,5.6038065,9.137395,6.3503685,6.1077657,52.1,5.3428574,4.142857,58.1
2025-07-11T02:27:06Z,236,29.855,78.9,40,69.7,2,2,44,53,0.0,255,32767,0.0,2127-15-31,0.0,0.12,27.44,0.0,0.0,0.0,0,0.802734375,6,45,05:56,20:31,2025-07-11 02:27:06.605039,Castel Volturno,45.3,6.369037,5.3645825,5.482437,9.349888,74.1,5.609933,4.4931736,3.7714286,6.904762,74.7,5.6038065,9.137395,6.3503685,6.1077657,52.1,5.3428574,4.142857,58.1
2025-07-11T02:27:17Z,236,29.855,78.9,40,69.7,3,2,69,53,0.0,255,32767,0.0,2127-15-31,0.0,0.12,27.44,0.0,0.0,0.0,0,0.802734375,6,45,05:56,20:31,2025-07-11 02:27:17.159061,Castel Volturno,45.3,6.369037,5.3645825,5.482437,9.349888,74.1,5.609933,4.4931736,3.7714286,6.904762,74.7,5.6038065,9.137395,6.3503685,6.1077657,52.1,5.3428574,4.142857,58.1
2025-07-11T02:27:27Z,236,29.855,78.9,40,69.7,2,2,360,53,0.0,255,32767,0.0,2127-15-31,0.0,0.12,27.44,0.0,0.0,0.0,0,0.802734375,6,45,05:56,20:31,2025-07-11 02:27:27.713010,Castel Volturno,45.3,6.369037,5.3645825,5.482437,9.349888,74.1,5.609933,4.4931736,3.7714286,6.904762,74.7,5.6038065,9.137395,6.3503685,6.1077657,52.1,5.3428574,4.142857,58.1
2025-07-11T02:27:38Z,236,29.855,78.9,40,69.7,3,2,355,53,0.0,255,32767,0.0,2127-15-31,0.0,0.12,27.44,0.0,0.0,0.0,0,0.802734375,6,45,05:56,20:31,2025-07-11 02:27:38.267050,Castel Volturno,45.3,6.369037,5.3645825,5.482437,9.349888,74.1,5.609933,4.4931736,3.7714286,6.904762,74.7,5.6038065,9.137395,6.3503685,6.1077657,52.1,5.3428574,4.142857,58.1
2025-07-11T02:27:49Z,236,29.855,78.9,40,69.7,4,2,26,53,0.0,255,32767,0.0,2127-15-31,0.0,0.12,27.44,0.0,0.0,0.0,0,0.802734375,6,45,05:56,20:31,2025-07-11 02:27:48.822051,Castel Volturno,45.3,6.369037,5.3645825,5.482437,9.349888,74.1,5.609933,4.4931736,3.7714286,6.904762,74.7,5.6038065,9.137395,6.3503685,6.1077657,52.1,5.3428574,4.142857,58.1
2025-07-11T02:27:59Z,236,29.853,79.0,40,69.7,2,2,69,53,0.0,255,32767,0.0,2127-15-31,0.0,0.12,27.44,0.0,0.0,0.0,0,0.837890625,6,45,05:56,20:31,2025-07-11 02:27:59.354681,Castel Volturno,45.3,6.369037,5.3645825,5.482437,9.349888,74.1,5.609933,4.4931736,3.7714286,6.904762,74.7,5.6038065,9.137395,6.3503685,6.1077657,52.1,5.3428574,4.142857,58.1
2025-07-11T02:28:10Z,236,29.853,79.0,40,69.7,1,2,53,53,0.0,255,32767,0.0,2127-15-31,0.0,0.12,27.44,0.0,0.0,0.0,0,0.837890625,6,45,05:56,20:31,2025-07-11 02:28:09.917058,Castel Volturno,45.3,6.369037,5.3645825,5.482437,9.349888,74.1,5.609933,4.4931736,3.7714286,6.904762,74.7,5.6038065,9.137395,6.3503685,6.1077657,52.1,5.3428574,4.142857,58.1
2025-07-11T02:28:20Z,236,29.853,79.0,40,69.7,1,2,51,53,0.0,255,32767,0.0,2127-15-31,0.0,0.12,27.44,0.0,0.0,0.0,0,0.837890625,6,45,05:56,20:31,2025-07-11 02:28:20.504045,Castel Volturno,45.3,6.369037,5.3645825,5.482437,9.349888,74.1,5.609933,4.4931736,3.7714286,6.904762,74.7,5.6038065,9.137395,6.3503685,6.1077657,52.1,5.3428574,4.142857,58.1
2025-07-11T02:28:31Z,236,29.853,79.0,40,69.7,1,2,35,53,0.0,255,32767,0.0,2127-15-31,0.0,0.12,27.44,0.0,0.0,0.0,0,0.837890625,6,45,05:56,20:31,2025-07-11 02:28:31.058045,Castel Volturno,45.3,6.369037,5.3645825,5.482437,9.349888,74.1,5.609933,4.4931736,3.7714286,6.904762,74.7,5.6038065,9.137395,6.3503685,6.1077657,52.1,5.3428574,4.142857,58.1
2025-07-11T02:28:41Z,236,29.853,79.0,40,69.7,1,2,65,53,0.0,255,32767,0.0,2127-15-31,0.0,0.12,27.44,0.0,0.0,0.0,0,0.837890625,6,45,05:56,20:31,2025-07-11 02:28:41.612048,Castel Volturno,45.3,6.369037,5.3645825,5.482437,9.349888,74.1,5.609933,4.4931736,3.7714286,6.904762,74.7,5.6038065,9.137395,6.3503685,6.1077657,52.1,5.3428574,4.142857,58.1
2025-07-11T02:28:52Z,236,29.856,79.0,40,69.7,5,2,22,53,0.0,255,32767,0.0,2127-15-31,0.0,0.12,27.44,0.0,0.0,0.0,0,0.814453125,6,45,05:56,20:31,2025-07-11 02:28:52.166050,Castel Volturno,45.3,6.369037,5.3645825,5.482437,9.349888,74.1,5.609933,4.4931736,3.7714286,6.904762,74.7,5.6038065,9.137395,6.3503685,6.1077657,52.1,5.3428574,4.142857,58.1
2025-07-11T02:29:02Z,236,29.856,79.0,40,69.7,3,2,26,53,0.0,255,32767,0.0,2127-15-31,0.0,0.12,27.44,0.0,0.0,0.0,0,0.814453125,6,45,05:56,20:31,2025-07-11 02:29:02.720044,Castel Volturno,45.3,6.369037,5.3645825,5.482437,9.349888,74.1,5.609933,4.4931736,3.7714286,6.904762,74.7,5.6038065,9.137395,6.3503685,6.1077657,52.1,5.3428574,4.142857,58.1
2025-07-11T02:29:13Z,236,29.856,79.0,40,69.7,5,2,20,53,0.0,255,32767,0.0,2127-15-31,0.0,0.12,27.44,0.0,0.0,0.0,0,0.814453125,6,45,05:56,20:31,2025-07-11 02:29:13.274042,Castel Volturno,45.3,6.369037,5.3645825,5.482437,9.349888,74.1,5.609933,4.4931736,3.7714286,6.904762,74.7,5.6038065,9.137395,6.3503685,6.1077657,52.1,5.3428574,4.142857,58.1
2025-07-11T02:29:24Z,236,29.856,79.0,40,69.7,3,2,34,53,0.0,255,32767,0.0,2127-15-31,0.0,0.12,27.44,0.0,0.0,0.0,0,0.814453125,6,45,05:56,20:31,2025-07-11 02:29:23.828047,Castel Volturno,45.3,6.369037,5.3645825,5.482437,9.349888,74.1,5.609933,4.4931736,3.7714286,6.904762,74.7,5.6038065,9.137395,6.3503685,6.1077657,52.1,5.3428574,4.142857,58.1
2025-07-11T02:29:34Z,236,29.856,79.0,40,69.7,1,2,24,53,0.0,255,32767,0.0,2127-15-31,0.0,0.12,27.44,0.0,0.0,0.0,0,0.814453125,6,45,05:56,20:31,2025-07-11 02:29:34.382050,Castel Volturno,45.3,6.369037,5.3645825,5.482437,9.349888,74.1,5.609933,4.4931736,3.7714286,6.904762,74.7,5.6038065,9.137395,6.3503685,6.1077657,52.1,5.3428574,4.142857,58.1
2025-07-11T02:29:45Z,236,29.856,79.0,40,69.7,2,2,55,53,0.0,255,32767,0.0,2127-15-31,0.0,0.12,27.44,0.0,0.0,0.0,0,0.814453125,6,45,05:56,20:31,2025-07-11 02:29:44.936048,Castel Volturno,45.3,6.369037,5.3645825,5.482437,9.349888,74.1,5.609933,4.4931736,3.7714286,6.904762,74.7,5.6038065,9.137395,6.3503685,6.1077657,52.1,5.3428574,4.142857,58.1
2025-07-11T02:29:55Z,236,29.856,79.0,40,69.7,1,2,56,53,0.0,255,32767,0.0,2127-15-31,0.0,0.12,27.44,0.0,0.0,0.0,0,0.884765625,6,45,05:56,20:31,2025-07-11 02:29:55.490048,Castel Volturno,45.3,6.369037,5.3645825,5.482437,9.349888,74.1,5.609933,4.4931736,3.7714286,6.904762,74.7,5.6038065,9.137395,6.3503685,6.1077657,52.1,5.3428574,4.142857,58.1
2025-07-11T02:30:06Z,236,29.856,79.0,40,69.7,1,2,71,53,0.0,255,32767,0.0,2127-15-31,0.0,0.12,27.44,0.0,0.0,0.0,0,0.884765625,6,45,05:56,20:31,2025-07-11 02:30:06.044046,Castel Volturno,45.3,6.369037,5.3645825,5.482437,9.349888,74.1,5.609933,4.4931736,3.7714286,6.904762,74.7,5.6038065,9.137395,6.3503685,6.1077657,52.1,5.3428574,4.142857,58.1
2025-07-11T02:30:16Z,236,29.856,79.0,40,69.8,2,2,26,53,0.0,255,32767,0.0,2127-15-31,0.0,0.12,27.44,0.0,0.0,0.0,0,0.884765625,6,45,05:56,20:31,2025-07-11 02:30:16.598053,Castel Volturno,45.3,6.369037,5.3645825,5.482437,9.349888,74.1,5.609933,4.4931736,3.7714286,6.904762,74.7,5.6038065,9.137395,6.3503685,6.1077657,52.1,5.3428574,4.142857,58.1
2025-07-11T02:30:27Z,236,29.856,79.0,40,69.8,3,2,28,53,0.0,255,32767,0.0,2127-15-31,0.0,0.12,27.44,0.0,0.0,0.0,0,0.884765625,6,45,05:56,20:31,2025-07-11 02:30:27.153053,Castel Volturno,45.3,6.369037,5.3645825,5.482437,9.349888,74.1,5.609933,4.4931736,3.7714286,6.904762,74.7,5.6038065,9.137395,6.3503685,6.1077657,52.1,5.3428574,4.142857,58.1
2025-07-11T02:30:37Z,236,29.856,79.0,40,69.8,4,2,26,53,0.0,255,32767,0.0,2127-15-31,0.0,0.12,27.44,0.0,0.0,0.0,0,0.884765625,6,45,05:56,20:31,2025-07-11 02:30:37.708045,Castel Volturno,45.3,6.369037,5.3645825,5.482437,9.349888,74.1,5.609933,4.4931736,3.7714286,6.904762,74.7,5.6038065,9.137395,6.3503685,6.1077657,52.1,5.3428574,4.142857,58.1
2025-07-11T02:30:48Z,236,29.856,79.0,40,69.7,3,2,27,53,0.0,255,32767,0.0,2127-15-31,0.0,0.12,27.44,0.0,0.0,0.0,0,0.884765625,6,45,05:56,20:31,2025-07-11 02:30:48.262052,Castel Volturno,45.3,6.369037,5.3645825,5.482437,9.349888,74.1,5.609933,4.4931736,3.7714286,6.904762,74.7,5.6038065,9.137395,6.3503685,6.1077657,52.1,5.3428574,4.142857,58.1
2025-07-11T02:30:59Z,236,29.854,79.0,40,69.7,1,2,9,53,0.0,255,32767,0.0,2127-15-31,0.0,0.12,27.44,0.0,0.0,0.0,0,1.447265625,6,45,05:56,20:31,2025-07-11 02:30:58.817044,Castel Volturno,45.3,6.369037,5.3645825,5.482437,9.349888,74.1,5.609933,4.4931736,3.7714286,6.904762,74.7,5.6038065,9.137395,6.3503685,6.1077657,52.1,5.3428574,4.142857,58.1
2025-07-11T02:31:09Z,236,29.854,79.0,40,69.8,1,2,9,53,0.0,255,32767,0.0,2127-15-31,0.0,0.12,27.44,0.0,0.0,0.0,0,1.447265625,6,45,05:56,20:31,2025-07-11 02:31:09.362040,Castel Volturno,45.3,6.369037,5.3645825,5.482437,9.349888,74.1,5.609933,4.4931736,3.7714286,6.904762,74.7,5.6038065,9.137395,6.3503685,6.1077657,52.1,5.3428574,4.142857,58.1
2025-07-11T02:31:20Z,236,29.854,79.0,40,69.7,3,2,29,53,0.0,255,32767,0.0,2127-15-31,0.0,0.12,27.44,0.0,0.0,0.0,0,1.447265625,6,45,05:56,20:31,2025-07-11 02:31:19.916050,Castel Volturno,45.3,6.369037,5.3645825,5.482437,9.349888,74.1,5.609933,4.4931736,3.7714286,6.904762,74.7,5.6038065,9.137395,6.3503685,6.1077657,52.1,5.3428574,4.142857,58.1
2025-07-11T02:31:30Z,236,29.854,79.0,40,69.7,3,2,17,53,0.0,255,32767,0.0,2127-15-31,0.0,0.12,27.44,0.0,0.0,0.0,0,1.447265625,6,45,05:56,20:31,2025-07-11 02:31:30.470049,Castel Volturno,45.3,6.369037,5.3645825,5.482437,9.349888,74.1,5.609933,4.4931736,3.7714286,6.904762,74.7,5.6038065,9.137395,6.3503685,6.1077657,52.1,5.3428574,4.142857,58.1
2025-07-11T02:31:41Z,236,29.854,79.0,40,69.8,1,2,360,53,0.0,255,32767,0.0,2127-15-31,0.0,0.12,27.44,0.0,0.0,0.0,0,1.447265625,6,45,05:56,20:31,2025-07-11 02:31:41.024042,Castel Volturno,45.3,6.369037,5.3645825,5.482437,9.349888,74.1,5.609933,4.4931736,3.7714286,6.904762,74.7,5.6038065,9.137395,6.3503685,6.1077657,52.1,5.3428574,4.142857,58.1
2025-07-11T02:31:51Z,236,29.855,79.0,40,69.7,0,2,360,53,0.0,255,32767,0.0,2127-15-31,0.0,0.12,27.44,0.0,0.0,0.0,0,0.802734375,6,45,05:56,20:31,2025-07-11 02:31:51.579052,Castel Volturno,45.3,6.369037,5.3645825,5.482437,9.349888,74.1,5.609933,4.4931736,3.7714286,6.904762,74.7,5.6038065,9.137395,6.3503685,6.1077657,52.1,5.3428574,4.142857,58.1
2025-07-11T02:32:02Z,236,29.855,79.0,40,69.7,0,2,360,53,0.0,255,32767,0.0,2127-15-31,0.0,0.12,27.44,0.0,0.0,0.0,0,0.802734375,6,45,05:56,20:31,2025-07-11 02:32:02.133045,Castel Volturno,44.6,5.9729257,5.2549343,4.8344483,8.831303,73.8,5.298782,4.404403,2.2285714,3.9523807,74.5,5.2900143,8.057414,5.9987683,5.4034877,51.5,2.857143,2.3714285,57.6
2025-07-11T02:32:13Z,236,29.855,79.0,40,69.8,3,2,52,53,0.0,255,32767,0.0,2127-15-31,0.0,0.12,27.44,0.0,0.0,0.0,0,0.802734375,6,45,05:56,20:31,2025-07-11 02:32:13.398056,Castel Volturno,44.6,5.9729257,5.2549343,4.8344483,8.831303,73.8,5.298782,4.404403,2.2285714,3.9523807,74.5,5.2900143,8.057414,5.9987683,5.4034877,51.5,2.857143,2.3714285,57.6
2025-07-11T02:32:24Z,236,29.855,79.0,40,69.8,1,2,74,53,0.0,255,32767,0.0,2127-15-31,0.0,0.12,27.44,0.0,0.0,0.0,0,0.802734375,6,45,05:56,20:31,2025-07-11 02:32:23.952046,Castel Volturno,44.6,5.9729257,5.2549343,4.8344483,8.831303,73.8,5.298782,4.404403,2.2285714,3.9523807,74.5,5.2900143,8.057414,5.9987683,5.4034877,51.5,2.857143,2.3714285,57.6
2025-07-11T02:32:34Z,236,29.855,79.0,40,69.8,1,2,51,53,0.0,255,32767,0.0,2127-15-31,0.0,0.12,27.44,0.0,0.0,0.0,0,0.802734375,6,45,05:56,20:31,2025-07-11 02:32:34.506046,Castel Volturno,44.6,5.9729257,5.2549343,4.8344483,8.831303,73.8,5.298782,4.404403,2.2285714,3.9523807,74.5,5.2900143,8.057414,5.9987683,5.4034877,51.5,2.857143,2.3714285,57.6
2025-07-11T02:32:45Z,236,29.855,79.0,40,69.7,2,2,350,53,0.0,255,32767,0.0,2127-15-31,0.0,0.12,27.44,0.0,0.0,0.0,0,0.802734375,6,45,05:56,20:31,2025-07-11 02:32:45.059043,Castel Volturno,44.6,5.9729257,5.2549343,4.8344483,8.831303,73.8,5.298782,4.404403,2.2285714,3.9523807,74.5,5.2900143,8.057414,5.9987683,5.4034877,51.5,2.857143,2.3714285,57.6
2025-07-11T02:32:55Z,236,29.855,79.0,40,69.7,4,2,67,53,0.0,255,32767,0.0,2127-15-31,0.0,0.12,27.44,0.0,0.0,0.0,0,0.802734375,6,45,05:56,20:31,2025-07-11 02:32:55.613048,Castel Volturno,44.6,5.9729257,5.2549343,4.8344483,8.831303,73.8,5.298782,4.404403,2.2285714,3.9523807,74.5,5.2900143,8.057414,5.9987683,5.4034877,51.5,2.857143,2.3714285,57.6
2025-07-11T02:33:06Z,236,29.855,79.0,40,69.7,2,2,76,53,0.0,255,32767,0.0,2127-15-31,0.0,0.12,27.44,0.0,0.0,0.0,0,0.802734375,6,45,05:56,20:31,2025-07-11 02:33:06.167048,Castel Volturno,44.6,5.9729257,5.2549343,4.8344483,8.831303,73.8,5.298782,4.404403,2.2285714,3.9523807,74.5,5.2900143,8.057414,5.9987683,5.4034877,51.5,2.857143,2.3714285,57.6
2025-07-11T02:33:16Z,236,29.855,79.0,40,69.8,1,2,71,53,0.0,255,32767,0.0,2127-15-31,0.0,0.12,27.44,0.0,0.0,0.0,0,0.802734375,6,45,05:56,20:31,2025-07-11 02:33:16.722045,Castel Volturno,44.6,5.9729257,5.2549343,4.8344483,8.831303,73.8,5.298782,4.404403,2.2285714,3.9523807,74.5,5.2900143,8.057414,5.9987683,5.4034877,51.5,2.857143,2.3714285,57.6
2025-07-11T02:33:27Z,236,29.855,79.0,40,69.8,3,2,23,53,0.0,255,32767,0.0,2127-15-31,0.0,0.12,27.44,0.0,0.0,0.0,0,0.802734375,6,45,05:56,20:31,2025-07-11 02:33:27.276059,Castel Volturno,44.6,5.9729257,5.2549343,4.8344483,8.831303,73.8,5.298782,4.404403,2.2285714,3.9523807,74.5,5.2900143,8.057414,5.9987683,5.4034877,51.5,2.857143,2.3714285,57.6
2025-07-11T02:33:38Z,236,29.855,79.0,40,69.8,3,2,59,53,0.0,255,32767,0.0,2127-15-31,0.0,0.12,27.44,0.0,0.0,0.0,0,0.802734375,6,45,05:56,20:31,2025-07-11 02:33:37.830042,Castel Volturno,44.6,5.9729257,5.2549343,4.8344483,8.831303,73.8,5.298782,4.404403,2.2285714,3.9523807,74.5,5.2900143,8.057414,5.9987683,5.4034877,51.5,2.857143,2.3714285,57.6
2025-07-11T02:33:48Z,236,29.855,79.0,40,69.8,2,2,94,53,0.0,255,32767,0.0,2127-15-31,0.0,0.12,27.44,0.0,0.0,0.0,0,0.802734375,6,45,05:56,20:31,2025-07-11 02:33:48.385046,Castel Volturno,44.6,5.9729257,5.2549343,4.8344483,8.831303,73.8,5.298782,4.404403,2.2285714,3.9523807,74.5,5.2900143,8.057414,5.9987683,5.4034877,51.5,2.857143,2.3714285,57.6
2025-07-11T02:33:59Z,236,29.854,79.1,40,69.7,0,2,97,53,0.0,255,32767,0.0,2127-15-31,0.0,0.12,27.44,0.0,0.0,0.0,0,0.802734375,6,45,05:56,20:31,2025-07-11 02:33:58.939046,Castel Volturno,44.6,5.9729257,5.2549343,4.8344483,8.831303,73.8,5.298782,4.404403,2.2285714,3.9523807,74.5,5.2900143,8.057414,5.9987683,5.4034877,51.5,2.857143,2.3714285,57.6
2025-07-11T02:34:09Z,236,29.854,79.1,40,69.7,1,2,58,53,0.0,255,32767,0.0,2127-15-31,0.0,0.12,27.44,0.0,0.0,0.0,0,0.802734375,6,45,05:56,20:31,2025-07-11 02:34:09.470974,Castel Volturno,44.6,5.9729257,5.2549343,4.8344483,8.831303,73.8,5.298782,4.404403,2.2285714,3.9523807,74.5,5.2900143,8.057414,5.9987683,5.4034877,51.5,2.857143,2.3714285,57.6
2025-07-11T02:34:20Z,236,29.854,79.1,40,69.8,1,2,65,53,0.0,255,32767,0.0,2127-15-31,0.0,0.12,27.44,0.0,0.0,0.0,0,0.802734375,6,45,05:56,20:31,2025-07-11 02:34:20.047060,Castel Volturno,44.6,5.9729257,5.2549343,4.8344483,8.831303,73.8,5.298782,4.404403,2.2285714,3.9523807,74.5,5.2900143,8.057414,5.9987683,5.4034877,51.5,2.857143,2.3714285,57.6
2025-07-11T02:34:30Z,236,29.854,79.1,40,69.7,2,2,360,53,0.0,255,32767,0.0,2127-15-31,0.0,0.12,27.44,0.0,0.0,0.0,0,0.802734375,6,45,05:56,20:31,2025-07-11 02:34:30.602047,Castel Volturno,44.6,5.9729257,5.2549343,4.8344483,8.831303,73.8,5.298782,4.404403,2.2285714,3.9523807,74.5,5.2900143,8.057414,5.9987683,5.4034877,51.5,2.857143,2.3714285,57.6
2025-07-11T02:34:41Z,236,29.854,79.1,40,69.7,2,2,15,53,0.0,255,32767,0.0,2127-15-31,0.0,0.12,27.44,0.0,0.0,0.0,0,0.802734375,6,45,05:56,20:31,2025-07-11 02:34:41.156057,Castel Volturno,44.6,5.9729257,5.2549343,4.8344483,8.831303,73.8,5.298782,4.404403,2.2285714,3.9523807,74.5,5.2900143,8.057414,5.9987683,5.4034877,51.5,2.857143,2.3714285,57.6
2025-07-11T02:34:51Z,236,29.856,79.1,40,69.7,1,2,34,53,0.0,255,32767,0.0,2127-15-31,0.0,0.12,27.44,0.0,0.0,0.0,0,0.802734375,6,45,05:56,20:31,2025-07-11 02:34:51.709045,Castel Volturno,44.6,5.9729257,5.2549343,4.8344483,8.831303,73.8,5.298782,4.404403,2.2285714,3.9523807,74.5,5.2900143,8.057414,5.9987683,5.4034877,51.5,2.857143,2.3714285,57.6
2025-07-11T02:35:02Z,236,29.856,79.1,40,69.8,1,2,81,53,0.0,255,32767,0.0,2127-15-31,0.0,0.12,27.44,0.0,0.0,0.0,0,0.802734375,6,45,05:56,20:31,2025-07-11 02:35:02.263044,Castel Volturno,44.6,5.9729257,5.2549343,4.8344483,8.831303,73.8,5.298782,4.404403,2.2285714,3.9523807,74.5,5.2900143,8.057414,5.9987683,5.4034877,51.5,2.857143,2.3714285,57.6
2025-07-11T02:35:13Z,236,29.856,79.1,40,69.7,0,2,78,53,0.0,255,32767,0.0,2127-15-31,0.0,0.12,27.44,0.0,0.0,0.0,0,0.802734375,6,45,05:56,20:31,2025-07-11 02:35:12.816042,Castel Volturno,44.6,5.9729257,5.2549343,4.8344483,8.831303,73.8,5.298782,4.404403,2.2285714,3.9523807,74.5,5.2900143,8.057414,5.9987683,5.4034877,51.5,2.857143,2.3714285,57.6
2025-07-11T02:35:23Z,236,29.856,79.1,40,69.7,2,2,28,53,0.0,255,32767,0.0,2127-15-31,0.0,0.12,27.44,0.0,0.0,0.0,0,0.802734375,6,45,05:56,20:31,2025-07-11 02:35:23.370046,Castel Volturno,44.6,5.9729257,5.2549343,4.8344483,8.831303,73.8,5.298782,4.404403,2.2285714,3.9523807,74.5,5.2900143,8.057414,5.9987683,5.4034877,51.5,2.857143,2.3714285,57.6
2025-07-11T02:35:34Z,236,29.856,79.1,40,69.7,1,2,19,53,0.0,255,32767,0.0,2127-15-31,0.0,0.12,27.44,0.0,0.0,0.0,0,0.802734375,6,45,05:56,20:31,2025-07-11 02:35:33.924049,Castel Volturno,44.6,5.9729257,5.2549343,4.8344483,8.831303,73.8,5.298782,4.404403,2.2285714,3.9523807,74.5,5.2900143,8.057414,5.9987683,5.4034877,51.5,2.857143,2.3714285,57.6
2025-07-11T02:35:44Z,236,29.856,79.1,40,69.7,3,2,81,53,0.0,255,32767,0.0,2127-15-31,0.0,0.12,27.44,0.0,0.0,0.0,0,0.802734375,6,45,05:56,20:31,2025-07-11 02:35:44.478007,Castel Volturno,44.6,5.9729257,5.2549343,4.8344483,8.831303,73.8,5.298782,4.404403,2.2285714,3.9523807,74.5,5.2900143,8.057414,5.9987683,5.4034877,51.5,2.857143,2.3714285,57.6
2025-07-11T02:35:55Z,236,29.855,79.1,40,69.7,3,2,75,53,0.0,255,32767,0.0,2127-15-31,0.0,0.12,27.44,0.0,0.0,0.0,0,0.80859375,6,45,05:56,20:31,2025-07-11 02:35:55.032055,Castel Volturno,44.6,5.9729257,5.2549343,4.8344483,8.831303,73.8,5.298782,4.404403,2.2285714,3.9523807,74.5,5.2900143,8.057414,5.9987683,5.4034877,51.5,2.857143,2.3714285,57.6
2025-07-11T02:36:05Z,236,29.855,79.1,40,69.7,2,2,21,53,0.0,255,32767,0.0,2127-15-31,0.0,0.12,27.44,0.0,0.0,0.0,0,0.80859375,6,45,05:56,20:31,2025-07-11 02:36:05.586064,Castel Volturno,44.6,5.9729257,5.2549343,4.8344483,8.831303,73.8,5.298782,4.404403,2.2285714,3.9523807,74.5,5.2900143,8.057414,5.9987683,5.4034877,51.5,2.857143,2.3714285,57.6
2025-07-11T02:36:16Z,236,29.855,79.1,40,69.8,3,2,66,53,0.0,255,32767,0.0,2127-15-31,0.0,0.12,27.44,0.0,0.0,0.0,0,0.80859375,6,45,05:56,20:31,2025-07-11 02:36:16.140050,Castel Volturno,44.6,5.9729257,5.2549343,4.8344483,8.831303,73.8,5.298782,4.404403,2.2285714,3.9523807,74.5,5.2900143,8.057414,5.9987683,5.4034877,51.5,2.857143,2.3714285,57.6
2025-07-11T02:36:26Z,236,29.855,79.1,40,69.8,1,2,82,53,0.0,255,32767,0.0,2127-15-31,0.0,0.12,27.44,0.0,0.0,0.0,0,0.80859375,6,45,05:56,20:31,2025-07-11 02:36:26.694050,Castel Volturno,44.6,5.9729257,5.2549343,4.8344483,8.831303,73.8,5.298782,4.404403,2.2285714,3.9523807,74.5,5.2900143,8.057414,5.9987683,5.4034877,51.5,2.857143,2.3714285,57.6
2025-07-11T02:36:37Z,236,29.855,79.1,40,69.7,2,2,86,53,0.0,255,32767,0.0,2127-15-31,0.0,0.12,27.44,0.0,0.0,0.0,0,0.80859375,6,45,05:56,20:31,2025-07-11 02:36:37.248056,Castel Volturno,44.6,5.9729257,5.2549343,4.8344483,8.831303,73.8,5.298782,4.404403,2.2285714,3.9523807,74.5,5.2900143,8.057414,5.9987683,5.4034877,51.5,2.857143,2.3714285,57.6
2025-07-11T02:36:48Z,236,29.855,79.1,40,69.7,3,2,65,53,0.0,255,32767,0.0,2127-15-31,0.0,0.12,27.44,0.0,0.0,0.0,0,0.80859375,6,45,05:56,20:31,2025-07-11 02:36:47.803050,Castel Volturno,44.6,5.9729257,5.2549343,4.8344483,8.831303,73.8,5.298782,4.404403,2.2285714,3.9523807,74.5,5.2900143,8.057414,5.9987683,5.4034877,51.5,2.857143,2.3714285,57.6
2025-07-11T02:36:58Z,236,29.856,79.0,40,69.7,3,2,81,53,0.0,255,32767,0.0,2127-15-31,0.0,0.12,27.44,0.0,0.0,0.0,0,0.873046875,6,45,05:56,20:31,2025-07-11 02:36:58.357055,Castel Volturno,44.6,5.9729257,5.2549343,4.8344483,8.831303,73.8,5.298782,4.404403,2.2285714,3.9523807,74.5,5.2900143,8.057414,5.9987683,5.4034877,51.5,2.857143,2.3714285,57.6
2025-07-11T02:37:09Z,236,29.856,79.0,40,69.7,2,2,75,53,0.0,255,32767,0.0,2127-15-31,0.0,0.12,27.44,0.0,0.0,0.0,0,0.873046875,6,45,05:56,20:31,2025-07-11 02:37:08.942008,Castel Volturno,44.6,5.9729257,5.2549343,4.8344483,8.831303,73.8,5.298782,4.404403,2.2285714,3.9523807,74.5,5.2900143,8.057414,5.9987683,5.4034877,51.5,2.857143,2.3714285,57.6
2025-07-11T02:37:20Z,236,29.856,79.0,40,69.8,5,2,29,53,0.0,255,32767,0.0,2127-15-31,0.0,0.12,27.44,0.0,0.0,0.0,0,0.873046875,6,45,05:56,20:31,2025-07-11 02:37:20.029038,Castel Volturno,44.6,5.9729257,5.2549343,4.8344483,8.831303,73.8,5.298782,4.404403,2.2285714,3.9523807,74.5,5.2900143,8.057414,5.9987683,5.4034877,51.5,2.857143,2.3714285,57.6
2025-07-11T02:37:30Z,236,29.856,79.0,40,69.7,3,2,36,53,0.0,255,32767,0.0,2127-15-31,0.0,0.12,27.44,0.0,0.0,0.0,0,0.873046875,6,45,05:56,20:31,2025-07-11 02:37:30.583054,Castel Volturno,44.6,5.9729257,5.2549343,4.8344483,8.831303,73.8,5.298782,4.404403,2.2285714,3.9523807,74.5,5.2900143,8.057414,5.9987683,5.4034877,51.5,2.857143,2.3714285,57.6
2025-07-11T02:37:41Z,236,29.856,79.0,40,69.8,2,2,53,53,0.0,255,32767,0.0,2127-15-31,0.0,0.12,27.44,0.0,0.0,0.0,0,0.873046875,6,45,05:56,20:31,2025-07-11 02:37:41.135053,Castel Volturno,44.6,5.9729257,5.2549343,4.8344483,8.831303,73.8,5.298782,4.404403,2.2285714,3.9523807,74.5,5.2900143,8.057414,5.9987683,5.4034877,51.5,2.857143,2.3714285,57.6
2025-07-11T02:37:51Z,236,29.855,79.0,40,69.8,6,2,94,53,0.0,255,32767,0.0,2127-15-31,0.0,0.12,27.44,0.0,0.0,0.0,0,1.341796875,6,45,05:56,20:31,2025-07-11 02:37:51.689058,Castel Volturno,44.6,5.9729257,5.2549343,4.8344483,8.831303,73.8,5.298782,4.404403,2.2285714,3.9523807,74.5,5.2900143,8.057414,5.9987683,5.4034877,51.5,2.857143,2.3714285,57.6
2025-07-11T02:38:02Z,236,29.855,79.0,40,69.8,3,2,351,53,0.0,255,32767,0.0,2127-15-31,0.0,0.12,27.44,0.0,0.0,0.0,0,1.341796875,6,45,05:56,20:31,2025-07-11 02:38:02.243058,Castel Volturno,44.6,5.9729257,5.2549343,4.8344483,8.831303,73.8,5.298782,4.404403,2.2285714,3.9523807,74.5,5.2900143,8.057414,5.9987683,5.4034877,51.5,2.857143,2.3714285,57.6
2025-07-11T02:38:12Z,236,29.855,79.0,40,69.7,3,2,71,53,0.0,255,32767,0.0,2127-15-31,0.0,0.12,27.44,0.0,0.0,0.0,0,1.341796875,6,45,05:56,20:31,2025-07-11 02:38:12.797044,Castel Volturno,44.6,5.9729257,5.2549343,4.8344483,8.831303,73.8,5.298782,4.404403,2.2285714,3.9523807,74.5,5.2900143,8.057414,5.9987683,5.4034877,51.5,2.857143,2.3714285,57.6
2025-07-11T02:38:23Z,236,29.855,79.0,40,69.7,5,2,59,53,0.0,255,32767,0.0,2127-15-31,0.0,0.12,27.44,0.0,0.0,0.0,0,1.341796875,6,45,05:56,20:31,2025-07-11 02:38:23.351010,Castel Volturno,44.6,5.9729257,5.2549343,4.8344483,8.831303,73.8,5.298782,4.404403,2.2285714,3.9523807,74.5,5.2900143,8.057414,5.9987683,5.4034877,51.5,2.857143,2.3714285,57.6
2025-07-11T02:38:34Z,236,29.855,79.0,40,69.8,2,2,56,53,0.0,255,32767,0.0,2127-15-31,0.0,0.12,27.44,0.0,0.0,0.0,0,1.341796875,6,45,05:56,20:31,2025-07-11 02:38:33.933043,Castel Volturno,44.6,5.9729257,5.2549343,4.8344483,8.831303,73.8,5.298782,4.404403,2.2285714,3.9523807,74.5,5.2900143,8.057414,5.9987683,5.4034877,51.5,2.857143,2.3714285,57.6
2025-07-11T02:38:44Z,236,29.855,79.0,40,69.8,3,2,360,53,0.0,255,32767,0.0,2127-15-31,0.0,0.12,27.44,0.0,0.0,0.0,0,1.341796875,6,45,05:56,20:31,2025-07-11 02:38:44.487050,Castel Volturno,44.6,5.9729257,5.2549343,4.8344483,8.831303,73.8,5.298782,4.404403,2.2285714,3.9523807,74.5,5.2900143,8.057414,5.9987683,5.4034877,51.5,2.857143,2.3714285,57.6
2025-07-11T02:38:55Z,236,29.854,79.1,40,69.8,4,2,17,53,0.0,255,32767,0.0,2127-15-31,0.0,0.12,27.44,0.0,0.0,0.0,0,0.796875,6,45,05:56,20:31,2025-07-11 02:38:55.035060,Castel Volturno,44.6,5.9729257,5.2549343,4.8344483,8.831303,73.8,5.298782,4.404403,2.2285714,3.9523807,74.5,5.2900143,8.057414,5.9987683,5.4034877,51.5,2.857143,2.3714285,57.6
2025-07-11T02:39:05Z,236,29.854,79.1,40,69.7,3,2,37,53,0.0,255,32767,0.0,2127-15-31,0.0,0.12,27.44,0.0,0.0,0.0,0,0.796875,6,45,05:56,20:31,2025-07-11 02:39:05.589007,Castel Volturno,44.6,5.9729257,5.2549343,4.8344483,8.831303,73.8,5.298782,4.404403,2.2285714,3.9523807,74.5,5.2900143,8.057414,5.9987683,5.4034877,51.5,2.857143,2.3714285,57.6
2025-07-11T02:39:16Z,236,29.854,79.1,40,69.7,4,2,19,53,0.0,255,32767,0.0,2127-15-31,0.0,0.12,27.44,0.0,0.0,0.0,0,0.796875,6,45,05:56,20:31,2025-07-11 02:39:16.143012,Castel Volturno,44.6,5.9729257,5.2549343,4.8344483,8.831303,73.8,5.298782,4.404403,2.2285714,3.9523807,74.5,5.2900143,8.057414,5.9987683,5.4034877,51.5,2.857143,2.3714285,57.6
2025-07-11T02:39:26Z,236,29.854,79.1,40,69.7,2,2,67,53,0.0,255,32767,0.0,2127-15-31,0.0,0.12,27.44,0.0,0.0,0.0,0,0.796875,6,45,05:56,20:31,2025-07-11 02:39:26.697048,Castel Volturno,44.6,5.9729257,5.2549343,4.8344483,8.831303,73.8,5.298782,4.404403,2.2285714,3.9523807,74.5,5.2900143,8.057414,5.9987683,5.4034877,51.5,2.857143,2.3714285,57.6
2025-07-11T02:39:37Z,236,29.854,79.1,40,69.7,4,2,16,53,0.0,255,32767,0.0,2127-15-31,0.0,0.12,27.44,0.0,0.0,0.0,0,0.796875,6,45,05:56,20:31,2025-07-11 02:39:37.252048,Castel Volturno,44.6,5.9729257,5.2549343,4.8344483,8.831303,73.8,5.298782,4.404403,2.2285714,3.9523807,74.5,5.2900143,8.057414,5.9987683,5.4034877,51.5,2.857143,2.3714285,57.6
2025-07-11T02:39:48Z,236,29.854,79.1,40,69.7,2,2,50,53,0.0,255,32767,0.0,2127-15-31,0.0,0.12,27.44,0.0,0.0,0.0,0,0.796875,6,45,05:56,20:31,2025-07-11 02:39:47.806047,Castel Volturno,44.6,5.9729257,5.2549343,4.8344483,8.831303,73.8,5.298782,4.404403,2.2285714,3.9523807,74.5,5.2900143,8.057414,5.9987683,5.4034877,51.5,2.857143,2.3714285,57.6
2025-07-11T02:39:58Z,236,29.856,79.1,40,69.7,2,2,53,53,0.0,255,32767,0.0,2127-15-31,0.0,0.12,27.44,0.0,0.0,0.0,0,0.796875,6,45,05:56,20:31,2025-07-11 02:39:58.359052,Castel Volturno,44.6,5.9729257,5.2549343,4.8344483,8.831303,73.8,5.298782,4.404403,2.2285714,3.9523807,74.5,5.2900143,8.057414,5.9987683,5.4034877,51.5,2.857143,2.3714285,57.6
2025-07-11T02:40:09Z,236,29.856,79.1,40,69.7,5,2,65,53,0.0,255,32767,0.0,2127-15-31,0.0,0.12,27.44,0.0,0.0,0.0,0,0.796875,6,45,05:56,20:31,2025-07-11 02:40:08.913054,Castel Volturno,44.6,5.9729257,5.2549343,4.8344483,8.831303,73.8,5.298782,4.404403,2.2285714,3.9523807,74.5,5.2900143,8.057414,5.9987683,5.4034877,51.5,2.857143,2.3714285,57.6
2025-07-11T02:40:19Z,236,29.856,79.1,40,69.7,2,2,22,53,0.0,255,32767,0.0,2127-15-31,0.0,0.12,27.44,0.0,0.0,0.0,0,0.796875,6,45,05:56,20:31,2025-07-11 02:40:19.468047,Castel Volturno,44.6,5.9729257,5.2549343,4.8344483,8.831303,73.8,5.298782,4.404403,2.2285714,3.9523807,74.5,5.2900143,8.057414,5.9987683,5.4034877,51.5,2.857143,2.3714285,57.6
2025-07-11T02:40:30Z,236,29.856,79.1,40,69.7,1,2,20,53,0.0,255,32767,0.0,2127-15-31,0.0,0.12,27.44,0.0,0.0,0.0,0,0.796875,6,45,05:56,20:31,2025-07-11 02:40:30.022053,Castel Volturno,44.6,5.9729257,5.2549343,4.8344483,8.831303,73.8,5.298782,4.404403,2.2285714,3.9523807,74.5,5.2900143,8.057414,5.9987683,5.4034877,51.5,2.857143,2.3714285,57.6
2025-07-11T02:40:40Z,236,29.856,79.1,40,69.7,1,2,23,53,0.0,255,32767,0.0,2127-15-31,0.0,0.12,27.44,0.0,0.0,0.0,0,0.796875,6,45,05:56,20:31,2025-07-11 02:40:40.575049,Castel Volturno,44.6,5.9729257,5.2549343,4.8344483,8.831303,73.8,5.298782,4.404403,2.2285714,3.9523807,74.5,5.2900143,8.057414,5.9987683,5.4034877,51.5,2.857143,2.3714285,57.6
2025-07-11T02:40:51Z,236,29.855,79.1,40,69.7,4,2,38,53,0.0,255,32767,0.0,2127-15-31,0.0,0.12,27.44,0.0,0.0,0.0,0,0.796875,6,45,05:56,20:31,2025-07-11 02:40:51.167053,Castel Volturno,44.6,5.9729257,5.2549343,4.8344483,8.831303,73.8,5.298782,4.404403,2.2285714,3.9523807,74.5,5.2900143,8.057414,5.9987683,5.4034877,51.5,2.857143,2.3714285,57.6
2025-07-11T02:41:01Z,236,29.855,79.1,40,69.7,2,2,78,53,0.0,255,32767,0.0,2127-15-31,0.0,0.12,27.44,0.0,0.0,0.0,0,0.796875,6,45,05:56,20:31,2025-07-11 02:41:01.721047,Castel Volturno,44.6,5.9729257,5.2549343,4.8344483,8.831303,73.8,5.298782,4.404403,2.2285714,3.9523807,74.5,5.2900143,8.057414,5.9987683,5.4034877,51.5,2.857143,2.3714285,57.6
2025-07-11T02:41:12Z,236,29.855,79.1,40,69.7,1,2,55,53,0.0,255,32767,0.0,2127-15-31,0.0,0.12,27.44,0.0,0.0,0.0,0,0.796875,6,45,05:56,20:31,2025-07-11 02:41:12.276043,Castel Volturno,44.6,5.9729257,5.2549343,4.8344483,8.831303,73.8,5.298782,4.404403,2.2285714,3.9523807,74.5,5.2900143,8.057414,5.9987683,5.4034877,51.5,2.857143,2.3714285,57.6
2025-07-11T02:41:23Z,236,29.855,79.1,40,69.7,1,2,76,53,0.0,255,32767,0.0,2127-15-31,0.0,0.12,27.44,0.0,0.0,0.0,0,0.796875,6,45,05:56,20:31,2025-07-11 02:41:22.829045,Castel Volturno,44.6,5.9729257,5.2549343,4.8344483,8.831303,73.8,5.298782,4.404403,2.2285714,3.9523807,74.5,5.2900143,8.057414,5.9987683,5.4034877,51.5,2.857143,2.3714285,57.6
2025-07-11T02:41:33Z,236,29.855,79.1,40,69.7,1,2,78,53,0.0,255,32767,0.0,2127-15-31,0.0,0.12,27.44,0.0,0.0,0.0,0,0.796875,6,45,05:56,20:31,2025-07-11 02:41:33.383046,Castel Volturno,44.6,5.9729257,5.2549343,4.8344483,8.831303,73.8,5.298782,4.404403,2.2285714,3.9523807,74.5,5.2900143,8.057414,5.9987683,5.4034877,51.5,2.857143,2.3714285,57.6
2025-07-11T02:41:44Z,236,29.855,79.1,40,69.7,3,2,26,53,0.0,255,32767,0.0,2127-15-31,0.0,0.12,27.44,0.0,0.0,0.0,0,0.796875,6,45,05:56,20:31,2025-07-11 02:41:43.937007,Castel Volturno,44.6,5.9729257,5.2549343,4.8344483,8.831303,73.8,5.298782,4.404403,2.2285714,3.9523807,74.5,5.2900143,8.057414,5.9987683,5.4034877,51.5,2.857143,2.3714285,57.6
2025-07-11T02:41:54Z,236,29.855,79.0,40,69.7,2,2,32,53,0.0,255,32767,0.0,2127-15-31,0.0,0.12,27.44,0.0,0.0,0.0,0,0.796875,6,45,05:56,20:31,2025-07-11 02:41:54.491058,Castel Volturno,44.6,5.9729257,5.2549343,4.8344483,8.831303,73.8,5.298782,4.404403,2.2285714,3.9523807,74.5,5.2900143,8.057414,5.9987683,5.4034877,51.5,2.857143,2.3714285,57.6
2025-07-11T02:42:05Z,236,29.855,79.0,40,69.7,2,2,71,53,0.0,255,32767,0.0,2127-15-31,0.0,0.12,27.44,0.0,0.0,0.0,0,0.796875,6,45,05:56,20:31,2025-07-11 02:42:05.045003,Castel Volturno,44.6,5.9729257,5.2549343,4.8344483,8.831303,73.8,5.298782,4.404403,2.2285714,3.9523807,74.5,5.2900143,8.057414,5.9987683,5.4034877,51.5,2.857143,2.3714285,57.6
2025-07-11T02:42:15Z,236,29.855,79.0,40,69.7,3,2,26,53,0.0,255,32767,0.0,2127-15-31,0.0,0.12,27.44,0.0,0.0,0.0,0,0.796875,6,45,05:56,20:31,2025-07-11 02:42:15.599048,Castel Volturno,44.6,5.9729257,5.2549343,4.8344483,8.831303,73.8,5.298782,4.404403,2.2285714,3.9523807,74.5,5.2900143,8.057414,5.9987683,5.4034877,51.5,2.857143,2.3714285,57.6
2025-07-11T02:42:26Z,236,29.855,79.0,40,69.7,3,2,53,53,0.0,255,32767,0.0,2127-15-31,0.0,0.12,27.44,0.0,0.0,0.0,0,0.796875,6,45,05:56,20:31,2025-07-11 02:42:26.652062,Castel Volturno,44.6,5.9729257,5.2549343,4.8344483,8.831303,73.8,5.298782,4.404403,2.2285714,3.9523807,74.5,5.2900143,8.057414,5.9987683,5.4034877,51.5,2.857143,2.3714285,57.6
2025-07-11T02:42:37Z,236,29.855,79.0,40,69.7,2,2,78,53,0.0,255,32767,0.0,2127-15-31,0.0,0.12,27.44,0.0,0.0,0.0,0,0.796875,6,45,05:56,20:31,2025-07-11 02:42:37.206044,Castel Volturno,44.6,5.9729257,5.2549343,4.8344483,8.831303,73.8,5.298782,4.404403,2.2285714,3.9523807,74.5,5.2900143,8.057414,5.9987683,5.4034877,51.5,2.857143,2.3714285,57.6
2025-07-11T02:42:47Z,236,29.855,79.0,40,69.7,2,2,90,53,0.0,255,32767,0.0,2127-15-31,0.0,0.12,27.44,0.0,0.0,0.0,0,0.796875,6,45,05:56,20:31,2025-07-11 02:42:47.760060,Castel Volturno,44.6,5.9729257,5.2549343,4.8344483,8.831303,73.8,5.298782,4.404403,2.2285714,3.9523807,74.5,5.2900143,8.057414,5.9987683,5.4034877,51.5,2.857143,2.3714285,57.6
2025-07-11T02:42:58Z,236,29.854,79.0,40,69.7,1,2,73,53,0.0,255,32767,0.0,2127-15-31,0.0,0.12,27.44,0.0,0.0,0.0,0,0.802734375,6,45,05:56,20:31,2025-07-11 02:42:58.314048,Castel Volturno,44.6,5.9729257,5.2549343,4.8344483,8.831303,73.8,5.298782,4.404403,2.2285714,3.9523807,74.5,5.2900143,8.057414,5.9987683,5.4034877,51.5,2.857143,2.3714285,57.6
2025-07-11T02:43:09Z,236,29.854,79.0,40,69.7,3,2,94,53,0.0,255,32767,0.0,2127-15-31,0.0,0.12,27.44,0.0,0.0,0.0,0,0.802734375,6,45,05:56,20:31,2025-07-11 02:43:08.878069,Castel Volturno,44.6,5.9729257,5.2549343,4.8344483,8.831303,73.8,5.298782,4.404403,2.2285714,3.9523807,74.5,5.2900143,8.057414,5.9987683,5.4034877,51.5,2.857143,2.3714285,57.6
2025-07-11T02:43:19Z,236,29.854,79.0,40,69.7,3,2,24,53,0.0,255,32767,0.0,2127-15-31,0.0,0.12,27.44,0.0,0.0,0.0,0,0.802734375,6,45,05:56,20:31,2025-07-11 02:43:19.434067,Castel Volturno,44.6,5.9729257,5.2549343,4.8344483,8.831303,73.8,5.298782,4.404403,2.2285714,3.9523807,74.5,5.2900143,8.057414,5.9987683,5.4034877,51.5,2.857143,2.3714285,57.6
2025-07-11T02:43:30Z,236,29.854,79.0,40,69.7,2,2,5,53,0.0,255,32767,0.0,2127-15-31,0.0,0.12,27.44,0.0,0.0,0.0,0,0.802734375,6,45,05:56,20:31,2025-07-11 02:43:29.987010,Castel Volturno,44.6,5.9729257,5.2549343,4.8344483,8.831303,73.8,5.298782,4.404403,2.2285714,3.9523807,74.5,5.2900143,8.057414,5.9987683,5.4034877,51.5,2.857143,2.3714285,57.6
2025-07-11T02:43:40Z,236,29.854,79.0,40,69.7,4,2,76,53,0.0,255,32767,0.0,2127-15-31,0.0,0.12,27.44,0.0,0.0,0.0,0,0.802734375,6,45,05:56,20:31,2025-07-11 02:43:40.541047,Castel Volturno,44.6,5.9729257,5.2549343,4.8344483,8.831303,73.8,5.298782,4.404403,2.2285714,3.9523807,74.5,5.2900143,8.057414,5.9987683,5.4034877,51.5,2.857143,2.3714285,57.6
2025-07-11T02:43:51Z,236,29.856,79.0,39,69.7,3,2,80,52,0.0,255,32767,0.0,2127-15-31,0.0,0.12,27.44,0.0,0.0,0.0,0,0.861328125,6,45,05:56,20:31,2025-07-11 02:43:51.342056,Castel Volturno,44.6,5.9729257,5.2549343,4.8344483,8.831303,73.8,5.298782,4.404403,2.2285714,3.9523807,74.5,5.2900143,8.057414,5.9987683,5.4034877,51.5,2.857143,2.3714285,57.6
2025-07-11T02:44:02Z,236,29.856,79.0,39,69.7,2,2,54,52,0.0,255,32767,0.0,2127-15-31,0.0,0.12,27.44,0.0,0.0,0.0,0,0.861328125,6,45,05:56,20:31,2025-07-11 02:44:01.896052,Castel Volturno,44.6,5.9729257,5.2549343,4.8344483,8.831303,73.8,5.298782,4.404403,2.2285714,3.9523807,74.5,5.2900143,8.057414,5.9987683,5.4034877,51.5,2.857143,2.3714285,57.6
2025-07-11T02:44:12Z,236,29.856,79.0,39,69.7,2,2,36,52,0.0,255,32767,0.0,2127-15-31,0.0,0.12,27.44,0.0,0.0,0.0,0,0.861328125,6,45,05:56,20:31,2025-07-11 02:44:12.450046,Castel Volturno,44.6,5.9729257,5.2549343,4.8344483,8.831303,73.8,5.298782,4.404403,2.2285714,3.9523807,74.5,5.2900143,8.057414,5.9987683,5.4034877,51.5,2.857143,2.3714285,57.6
2025-07-11T02:44:23Z,236,29.856,79.0,39,69.7,4,2,59,52,0.0,255,32767,0.0,2127-15-31,0.0,0.12,27.44,0.0,0.0,0.0,0,0.861328125,6,45,05:56,20:31,2025-07-11 02:44:22.994049,Castel Volturno,44.6,5.9729257,5.2549343,4.8344483,8.831303,73.8,5.298782,4.404403,2.2285714,3.9523807,74.5,5.2900143,8.057414,5.9987683,5.4034877,51.5,2.857143,2.3714285,57.6
2025-07-11T02:44:33Z,236,29.856,79.0,39,69.8,2,2,65,52,0.0,255,32767,0.0,2127-15-31,0.0,0.12,27.44,0.0,0.0,0.0,0,0.861328125,6,45,05:56,20:31,2025-07-11 02:44:33.548043,Castel Volturno,44.6,5.9729257,5.2549343,4.8344483,8.831303,73.8,5.298782,4.404403,2.2285714,3.9523807,74.5,5.2900143,8.057414,5.9987683,5.4034877,51.5,2.857143,2.3714285,57.6
2025-07-11T02:44:44Z,236,29.856,79.0,39,69.7,2,2,74,52,0.0,255,32767,0.0,2127-15-31,0.0,0.12,27.44,0.0,0.0,0.0,0,0.861328125,6,45,05:56,20:31,2025-07-11 02:44:44.102007,Castel Volturno,44.6,5.9729257,5.2549343,4.8344483,8.831303,73.8,5.298782,4.404403,2.2285714,3.9523807,74.5,5.2900143,8.057414,5.9987683,5.4034877,51.5,2.857143,2.3714285,57.6
2025-07-11T02:44:54Z,236,29.856,79.0,39,69.7,3,3,59,52,0.0,255,32767,0.0,2127-15-31,0.0,0.12,27.44,0.0,0.0,0.0,0,1.201171875,6,45,05:56,20:31,2025-07-11 02:44:54.656057,Castel Volturno,44.6,5.9729257,5.2549343,4.8344483,8.831303,73.8,5.298782,4.404403,2.2285714,3.9523807,74.5,5.2900143,8.057414,5.9987683,5.4034877,51.5,2.857143,2.3714285,57.6
2025-07-11T02:45:05Z,236,29.856,79.0,39,69.7,2,3,39,52,0.0,255,32767,0.0,2127-15-31,0.0,0.12,27.44,0.0,0.0,0.0,0,1.201171875,6,45,05:56,20:31,2025-07-11 02:45:05.210055,Castel Volturno,44.6,5.9729257,5.2549343,4.8344483,8.831303,73.8,5.298782,4.404403,2.2285714,3.9523807,74.5,5.2900143,8.057414,5.9987683,5.4034877,51.5,2.857143,2.3714285,57.6
2025-07-11T02:45:15Z,236,29.856,79.0,39,69.7,3,3,18,52,0.0,255,32767,0.0,2127-15-31,0.0,0.12,27.44,0.0,0.0,0.0,0,1.201171875,6,45,05:56,20:31,2025-07-11 02:45:15.764046,Castel Volturno,44.6,5.9729257,5.2549343,4.8344483,8.831303,73.8,5.298782,4.404403,2.2285714,3.9523807,74.5,5.2900143,8.057414,5.9987683,5.4034877,51.5,2.857143,2.3714285,57.6
2025-07-11T02:45:26Z,236,29.856,79.0,39,69.7,2,3,63,52,0.0,255,32767,0.0,2127-15-31,0.0,0.12,27.44,0.0,0.0,0.0,0,1.201171875,6,45,05:56,20:31,2025-07-11 02:45:26.316043,Castel Volturno,44.6,5.9729257,5.2549343,4.8344483,8.831303,73.8,5.298782,4.404403,2.2285714,3.9523807,74.5,5.2900143,8.057414,5.9987683,5.4034877,51.5,2.857143,2.3714285,57.6
2025-07-11T02:45:37Z,236,29.856,79.0,39,69.7,6,3,29,52,0.0,255,32767,0.0,2127-15-31,0.0,0.12,27.44,0.0,0.0,0.0,0,1.201171875,6,45,05:56,20:31,2025-07-11 02:45:36.866046,Castel Volturno,44.6,5.9729257,5.2549343,4.8344483,8.831303,73.8,5.298782,4.404403,2.2285714,3.9523807,74.5,5.2900143,8.057414,5.9987683,5.4034877,51.5,2.857143,2.3714285,57.6
2025-07-11T02:45:47Z,236,29.856,79.0,39,69.7,4,3,35,52,0.0,255,32767,0.0,2127-15-31,0.0,0.12,27.44,0.0,0.0,0.0,0,1.201171875,6,45,05:56,20:31,2025-07-11 02:45:47.420046,Castel Volturno,44.6,5.9729257,5.2549343,4.8344483,8.831303,73.8,5.298782,4.404403,2.2285714,3.9523807,74.5,5.2900143,8.057414,5.9987683,5.4034877,51.5,2.857143,2.3714285,57.6
2025-07-11T02:45:58Z,236,29.856,79.0,39,69.7,4,3,51,52,0.0,255,32767,0.0,2127-15-31,0.0,0.12,27.44,0.0,0.0,0.0,0,0.791015625,6,45,05:56,20:31,2025-07-11 02:45:57.974048,Castel Volturno,44.6,5.9729257,5.2549343,4.8344483,8.831303,73.8,5.298782,4.404403,2.2285714,3.9523807,74.5,5.2900143,8.057414,5.9987683,5.4034877,51.5,2.857143,2.3714285,57.6
2025-07-11T02:46:08Z,236,29.856,79.0,39,69.7,2,3,75,52,0.0,255,32767,0.0,2127-15-31,0.0,0.12,27.44,0.0,0.0,0.0,0,0.791015625,6,45,05:56,20:31,2025-07-11 02:46:08.562058,Castel Volturno,44.6,5.9729257,5.2549343,4.8344483,8.831303,73.8,5.298782,4.404403,2.2285714,3.9523807,74.5,5.2900143,8.057414,5.9987683,5.4034877,51.5,2.857143,2.3714285,57.6
2025-07-11T02:46:19Z,236,29.856,79.0,39,69.7,4,3,42,52,0.0,255,32767,0.0,2127-15-31,0.0,0.12,27.44,0.0,0.0,0.0,0,0.791015625,6,45,05:56,20:31,2025-07-11 02:46:19.116050,Castel Volturno,44.6,5.9729257,5.2549343,4.8344483,8.831303,73.8,5.298782,4.404403,2.2285714,3.9523807,74.5,5.2900143,8.057414,5.9987683,5.4034877,51.5,2.857143,2.3714285,57.6
2025-07-11T02:46:29Z,236,29.856,79.0,39,69.7,4,3,65,52,0.0,255,32767,0.0,2127-15-31,0.0,0.12,27.44,0.0,0.0,0.0,0,0.791015625,6,45,05:56,20:31,2025-07-11 02:46:29.670045,Castel Volturno,44.6,5.9729257,5.2549343,4.8344483,8.831303,73.8,5.298782,4.404403,2.2285714,3.9523807,74.5,5.2900143,8.057414,5.9987683,5.4034877,51.5,2.857143,2.3714285,57.6
2025-07-11T02:46:40Z,236,29.856,79.0,39,69.7,3,3,31,52,0.0,255,32767,0.0,2127-15-31,0.0,0.12,27.44,0.0,0.0,0.0,0,0.791015625,6,45,05:56,20:31,2025-07-11 02:46:40.201986,Castel Volturno,44.6,5.9729257,5.2549343,4.8344483,8.831303,73.8,5.298782,4.404403,2.2285714,3.9523807,74.5,5.2900143,8.057414,5.9987683,5.4034877,51.5,2.857143,2.3714285,57.6
2025-07-11T02:46:50Z,236,29.855,78.9,39,69.8,8,3,99,52,0.0,255,32767,0.0,2127-15-31,0.0,0.12,27.44,0.0,0.0,0.0,0,0.78515625,6,45,05:56,20:31,2025-07-11 02:46:50.766059,Castel Volturno,44.6,5.9729257,5.2549343,4.8344483,8.831303,73.8,5.298782,4.404403,2.2285714,3.9523807,74.5,5.2900143,8.057414,5.9987683,5.4034877,51.5,2.857143,2.3714285,57.6
2025-07-11T02:47:01Z,236,29.855,78.9,39,69.7,3,3,38,52,0.0,255,32767,0.0,2127-15-31,0.0,0.12,27.44,0.0,0.0,0.0,0,0.78515625,6,45,05:56,20:31,2025-07-11 02:47:01.320053,Castel Volturno,44.6,5.9729257,5.2549343,4.8344483,8.831303,73.8,5.298782,4.404403,2.2285714,3.9523807,74.5,5.2900143,8.057414,5.9987683,5.4034877,51.5,2.857143,2.3714285,57.6
2025-07-11T02:47:12Z,236,29.855,78.9,39,69.7,3,3,32,52,0.0,255,32767,0.0,2127-15-31,0.0,0.12,27.44,0.0,0.0,0.0,0,0.78515625,6,45,05:56,20:31,2025-07-11 02:47:11.876040,Castel Volturno,44.6,5.9729257,5.2549343,4.8344483,8.831303,73.8,5.298782,4.404403,2.2285714,3.9523807,74.5,5.2900143,8.057414,5.9987683,5.4034877,51.5,2.857143,2.3714285,57.6
2025-07-11T02:47:22Z,236,29.855,78.9,39,69.7,4,3,77,52,0.0,255,32767,0.0,2127-15-31,0.0,0.12,27.44,0.0,0.0,0.0,0,0.78515625,6,45,05:56,20:31,2025-07-11 02:47:22.430053,Castel Volturno,44.0,5.482204,5.0994034,3.6732745,7.905932,74.0,4.7435594,4.2766633,0.9285714,1.9047619,74.7,4.851899,6.122124,5.372638,4.1177454,51.3,1.4857143,1.1428572,57.5
2025-07-11T02:47:33Z,236,29.855,78.9,39,69.7,4,3,67,52,0.0,255,32767,0.0,2127-15-31,0.0,0.12,27.44,0.0,0.0,0.0,0,0.78515625,6,45,05:56,20:31,2025-07-11 02:47:33.485045,Castel Volturno,44.0,5.482204,5.0994034,3.6732745,7.905932,74.0,4.7435594,4.2766633,0.9285714,1.9047619,74.7,4.851899,6.122124,5.372638,4.1177454,51.3,1.4857143,1.1428572,57.5
2025-07-11T02:47:44Z,236,29.855,78.9,39,69.7,3,3,92,52,0.0,255,32767,0.0,2127-15-31,0.0,0.12,27.44,0.0,0.0,0.0,0,0.78515625,6,45,05:56,20:31,2025-07-11 02:47:44.039040,Castel Volturno,44.0,5.482204,5.0994034,3.6732745,7.905932,74.0,4.7435594,4.2766633,0.9285714,1.9047619,74.7,4.851899,6.122124,5.372638,4.1177454,51.3,1.4857143,1.1428572,57.5
2025-07-11T02:47:54Z,236,29.855,78.9,39,69.8,2,3,43,52,0.0,255,32767,0.0,2127-15-31,0.0,0.12,27.44,0.0,0.0,0.0,0,0.826171875,6,45,05:56,20:31,2025-07-11 02:47:54.592042,Castel Volturno,44.0,5.482204,5.0994034,3.6732745,7.905932,74.0,4.7435594,4.2766633,0.9285714,1.9047619,74.7,4.851899,6.122124,5.372638,4.1177454,51.3,1.4857143,1.1428572,57.5
2025-07-11T02:48:05Z,236,29.855,78.9,39,69.7,4,3,26,52,0.0,255,32767,0.0,2127-15-31,0.0,0.12,27.44,0.0,0.0,0.0,0,0.826171875,6,45,05:56,20:31,2025-07-11 02:48:05.146051,Castel Volturno,44.0,5.482204,5.0994034,3.6732745,7.905932,74.0,4.7435594,4.2766633,0.9285714,1.9047619,74.7,4.851899,6.122124,5.372638,4.1177454,51.3,1.4857143,1.1428572,57.5
2025-07-11T02:48:15Z,236,29.855,78.9,39,69.8,8,3,22,52,0.0,255,32767,0.0,2127-15-31,0.0,0.12,27.44,0.0,0.0,0.0,0,0.826171875,6,45,05:56,20:31,2025-07-11 02:48:15.698043,Castel Volturno,44.0,5.482204,5.0994034,3.6732745,7.905932,74.0,4.7435594,4.2766633,0.9285714,1.9047619,74.7,4.851899,6.122124,5.372638,4.1177454,51.3,1.4857143,1.1428572,57.5
2025-07-11T02:48:26Z,236,29.855,78.9,39,69.8,2,3,88,52,0.0,255,32767,0.0,2127-15-31,0.0,0.12,27.44,0.0,0.0,0.0,0,0.826171875,6,45,05:56,20:31,2025-07-11 02:48:26.252054,Castel Volturno,44.0,5.482204,5.0994034,3.6732745,7.905932,74.0,4.7435594,4.2766633,0.9285714,1.9047619,74.7,4.851899,6.122124,5.372638,4.1177454,51.3,1.4857143,1.1428572,57.5
2025-07-11T02:48:37Z,236,29.855,78.9,39,69.8,6,3,29,52,0.0,255,32767,0.0,2127-15-31,0.0,0.12,27.44,0.0,0.0,0.0,0,0.826171875,6,45,05:56,20:31,2025-07-11 02:48:36.806054,Castel Volturno,44.0,5.482204,5.0994034,3.6732745,7.905932,74.0,4.7435594,4.2766633,0.9285714,1.9047619,74.7,4.851899,6.122124,5.372638,4.1177454,51.3,1.4857143,1.1428572,57.5
2025-07-11T02:48:47Z,236,29.855,78.9,39,69.8,4,3,13,52,0.0,255,32767,0.0,2127-15-31,0.0,0.12,27.44,0.0,0.0,0.0,0,0.826171875,6,45,05:56,20:31,2025-07-11 02:48:47.360042,Castel Volturno,44.0,5.482204,5.0994034,3.6732745,7.905932,74.0,4.7435594,4.2766633,0.9285714,1.9047619,74.7,4.851899,6.122124,5.372638,4.1177454,51.3,1.4857143,1.1428572,57.5
2025-07-11T02:48:58Z,236,29.856,78.9,39,69.8,3,3,67,52,0.0,255,32767,0.0,2127-15-31,0.0,0.12,27.44,0.0,0.0,0.0,0,0.791015625,6,45,05:56,20:31,2025-07-11 02:48:57.914044,Castel Volturno,44.0,5.482204,5.0994034,3.6732745,7.905932,74.0,4.7435594,4.2766633,0.9285714,1.9047619,74.7,4.851899,6.122124,5.372638,4.1177454,51.3,1.4857143,1.1428572,57.5
2025-07-11T02:49:08Z,236,29.856,78.9,39,69.7,4,3,64,52,0.0,255,32767,0.0,2127-15-31,0.0,0.12,27.44,0.0,0.0,0.0,0,0.791015625,6,45,05:56,20:31,2025-07-11 02:49:08.460044,Castel Volturno,44.0,5.482204,5.0994034,3.6732745,7.905932,74.0,4.7435594,4.2766633,0.9285714,1.9047619,74.7,4.851899,6.122124,5.372638,4.1177454,51.3,1.4857143,1.1428572,57.5
2025-07-11T02:49:19Z,236,29.856,78.9,39,69.7,3,3,78,52,0.0,255,32767,0.0,2127-15-31,0.0,0.12,27.44,0.0,0.0,0.0,0,0.791015625,6,45,05:56,20:31,2025-07-11 02:49:19.014046,Castel Volturno,44.0,5.482204,5.0994034,3.6732745,7.905932,74.0,4.7435594,4.2766633,0.9285714,1.9047619,74.7,4.851899,6.122124,5.372638,4.1177454,51.3,1.4857143,1.1428572,57.5
2025-07-11T02:49:29Z,236,29.856,78.9,39,69.7,4,3,9,52,0.0,255,32767,0.0,2127-15-31,0.0,0.12,27.44,0.0,0.0,0.0,0,0.791015625,6,45,05:56,20:31,2025-07-11 02:49:29.568042,Castel Volturno,44.0,5.482204,5.0994034,3.6732745,7.905932,74.0,4.7435594,4.2766633,0.9285714,1.9047619,74.7,4.851899,6.122124,5.372638,4.1177454,51.3,1.4857143,1.1428572,57.5
2025-07-11T02:49:40Z,236,29.856,78.9,39,69.8,5,3,43,52,0.0,255,32767,0.0,2127-15-31,0.0,0.12,27.44,0.0,0.0,0.0,0,0.791015625,6,45,05:56,20:31,2025-07-11 02:49:40.122039,Castel Volturno,44.0,5.482204,5.0994034,3.6732745,7.905932,74.0,4.7435594,4.2766633,0.9285714,1.9047619,74.7,4.851899,6.122124,5.372638,4.1177454,51.3,1.4857143,1.1428572,57.5
2025-07-11T02:49:50Z,236,29.856,78.8,39,69.8,3,3,42,52,0.0,255,32767,0.0,2127-15-31,0.0,0.12,27.44,0.0,0.0,0.0,0,0.796875,6,45,05:56,20:31,2025-07-11 02:49:50.668045,Castel Volturno,44.0,5.482204,5.0994034,3.6732745,7.905932,74.0,4.7435594,4.2766633,0.9285714,1.9047619,74.7,4.851899,6.122124,5.372638,4.1177454,51.3,1.4857143,1.1428572,57.5
2025-07-11T02:50:01Z,236,29.856,78.8,39,69.8,2,3,48,52,0.0,255,32767,0.0,2127-15-31,0.0,0.12,27.44,0.0,0.0,0.0,0,0.796875,6,45,05:56,20:31,2025-07-11 02:50:01.222043,Castel Volturno,44.0,5.482204,5.0994034,3.6732745,7.905932,74.0,4.7435594,4.2766633,0.9285714,1.9047619,74.7,4.851899,6.122124,5.372638,4.1177454,51.3,1.4857143,1.1428572,57.5
2025-07-11T02:50:11Z,236,29.856,78.8,39,69.8,2,3,63,52,0.0,255,32767,0.0,2127-15-31,0.0,0.12,27.44,0.0,0.0,0.0,0,0.796875,6,45,05:56,20:31,2025-07-11 02:50:11.775070,Castel Volturno,44.0,5.482204,5.0994034,3.6732745,7.905932,74.0,4.7435594,4.2766633,0.9285714,1.9047619,74.7,4.851899,6.122124,5.372638,4.1177454,51.3,1.4857143,1.1428572,57.5
2025-07-11T02:50:22Z,236,29.856,78.8,39,69.7,2,3,56,52,0.0,255,32767,0.0,2127-15-31,0.0,0.12,27.44,0.0,0.0,0.0,0,0.796875,6,45,05:56,20:31,2025-07-11 02:50:22.328063,Castel Volturno,44.0,5.482204,5.0994034,3.6732745,7.905932,74.0,4.7435594,4.2766633,0.9285714,1.9047619,74.7,4.851899,6.122124,5.372638,4.1177454,51.3,1.4857143,1.1428572,57.5
2025-07-11T02:50:33Z,236,29.856,78.8,39,69.7,4,3,51,52,0.0,255,32767,0.0,2127-15-31,0.0,0.12,27.44,0.0,0.0,0.0,0,0.796875,6,45,05:56,20:31,2025-07-11 02:50:32.882053,Castel Volturno,44.0,5.482204,5.0994034,3.6732745,7.905932,74.0,4.7435594,4.2766633,0.9285714,1.9047619,74.7,4.851899,6.122124,5.372638,4.1177454,51.3,1.4857143,1.1428572,57.5
2025-07-11T02:50:43Z,236,29.856,78.8,39,69.8,3,3,76,52,0.0,255,32767,0.0,2127-15-31,0.0,0.12,27.44,0.0,0.0,0.0,0,0.796875,6,45,05:56,20:31,2025-07-11 02:50:43.436057,Castel Volturno,44.0,5.482204,5.0994034,3.6732745,7.905932,74.0,4.7435594,4.2766633,0.9285714,1.9047619,74.7,4.851899,6.122124,5.372638,4.1177454,51.3,1.4857143,1.1428572,57.5
2025-07-11T02:50:54Z,236,29.852,78.9,39,69.8,4,3,34,52,0.0,255,32767,0.0,2127-15-31,0.0,0.12,27.44,0.0,0.0,0.0,0,0.83203125,6,45,05:56,20:31,2025-07-11 02:50:53.988048,Castel Volturno,44.0,5.482204,5.0994034,3.6732745,7.905932,74.0,4.7435594,4.2766633,0.9285714,1.9047619,74.7,4.851899,6.122124,5.372638,4.1177454,51.3,1.4857143,1.1428572,57.5
2025-07-11T02:51:04Z,236,29.852,78.9,39,69.8,3,3,40,52,0.0,255,32767,0.0,2127-15-31,0.0,0.12,27.44,0.0,0.0,0.0,0,0.83203125,6,45,05:56,20:31,2025-07-11 02:51:04.542053,Castel Volturno,44.0,5.482204,5.0994034,3.6732745,7.905932,74.0,4.7435594,4.2766633,0.9285714,1.9047619,74.7,4.851899,6.122124,5.372638,4.1177454,51.3,1.4857143,1.1428572,57.5
2025-07-11T02:51:15Z,236,29.852,78.9,39,69.8,4,3,76,52,0.0,255,32767,0.0,2127-15-31,0.0,0.12,27.44,0.0,0.0,0.0,0,0.83203125,6,45,05:56,20:31,2025-07-11 02:51:15.096051,Castel Volturno,44.0,5.482204,5.0994034,3.6732745,7.905932,74.0,4.7435594,4.2766633,0.9285714,1.9047619,74.7,4.851899,6.122124,5.372638,4.1177454,51.3,1.4857143,1.1428572,57.5
2025-07-11T02:51:25Z,236,29.852,78.9,39,69.8,2,3,78,52,0.0,255,32767,0.0,2127-15-31,0.0,0.12,27.44,0.0,0.0,0.0,0,0.83203125,6,45,05:56,20:31,2025-07-11 02:51:25.650051,Castel Volturno,44.0,5.482204,5.0994034,3.6732745,7.905932,74.0,4.7435594,4.2766633,0.9285714,1.9047619,74.7,4.851899,6.122124,5.372638,4.1177454,51.3,1.4857143,1.1428572,57.5
2025-07-11T02:51:36Z,236,29.852,78.9,39,69.8,2,3,30,52,0.0,255,32767,0.0,2127-15-31,0.0,0.12,27.44,0.0,0.0,0.0,0,0.83203125,6,45,05:56,20:31,2025-07-11 02:51:36.204047,Castel Volturno,44.0,5.482204,5.0994034,3.6732745,7.905932,74.0,4.7435594,4.2766633,0.9285714,1.9047619,74.7,4.851899,6.122124,5.372638,4.1177454,51.3,1.4857143,1.1428572,57.5
2025-07-11T02:51:46Z,236,29.852,78.9,39,69.8,1,3,30,52,0.0,255,32767,0.0,2127-15-31,0.0,0.12,27.44,0.0,0.0,0.0,0,0.83203125,6,45,05:56,20:31,2025-07-11 02:51:46.758047,Castel Volturno,44.0,5.482204,5.0994034,3.6732745,7.905932,74.0,4.7435594,4.2766633,0.9285714,1.9047619,74.7,4.851899,6.122124,5.372638,4.1177454,51.3,1.4857143,1.1428572,57.5
2025-07-11T02:51:57Z,236,29.856,78.8,39,69.8,4,3,72,52,0.0,255,32767,0.0,2127-15-31,0.0,0.12,27.44,0.0,0.0,0.0,0,1.142578125,6,45,05:56,20:31,2025-07-11 02:51:57.312043,Castel Volturno,44.0,5.482204,5.0994034,3.6732745,7.905932,74.0,4.7435594,4.2766633,0.9285714,1.9047619,74.7,4.851899,6.122124,5.372638,4.1177454,51.3,1.4857143,1.1428572,57.5
2025-07-11T02:52:08Z,236,29.856,78.8,39,69.8,3,3,49,52,0.0,255,32767,0.0,2127-15-31,0.0,0.12,27.44,0.0,0.0,0.0,0,1.142578125,6,45,05:56,20:31,2025-07-11 02:52:07.866046,Castel Volturno,44.0,5.482204,5.0994034,3.6732745,7.905932,74.0,4.7435594,4.2766633,0.9285714,1.9047619,74.7,4.851899,6.122124,5.372638,4.1177454,51.3,1.4857143,1.1428572,57.5
2025-07-11T02:52:18Z,236,29.856,78.8,39,69.8,4,3,58,52,0.0,255,32767,0.0,2127-15-31,0.0,0.12,27.44,0.0,0.0,0.0,0,1.142578125,6,45,05:56,20:31,2025-07-11 02:52:18.420051,Castel Volturno,44.0,5.482204,5.0994034,3.6732745,7.905932,74.0,4.7435594,4.2766633,0.9285714,1.9047619,74.7,4.851899,6.122124,5.372638,4.1177454,51.3,1.4857143,1.1428572,57.5
2025-07-11T02:52:29Z,236,29.856,78.8,39,69.8,5,3,76,52,0.0,255,32767,0.0,2127-15-31,0.0,0.12,27.44,0.0,0.0,0.0,0,1.142578125,6,45,05:56,20:31,2025-07-11 02:52:29.006049,Castel Volturno,44.0,5.482204,5.0994034,3.6732745,7.905932,74.0,4.7435594,4.2766633,0.9285714,1.9047619,74.7,4.851899,6.122124,5.372638,4.1177454,51.3,1.4857143,1.1428572,57.5
2025-07-11T02:52:40Z,236,29.856,78.8,39,69.8,3,3,44,52,0.0,255,32767,0.0,2127-15-31,0.0,0.12,27.44,0.0,0.0,0.0,0,1.142578125,6,45,05:56,20:31,2025-07-11 02:52:40.070005,Castel Volturno,44.0,5.482204,5.0994034,3.6732745,7.905932,74.0,4.7435594,4.2766633,0.9285714,1.9047619,74.7,4.851899,6.122124,5.372638,4.1177454,51.3,1.4857143,1.1428572,57.5
2025-07-11T02:52:51Z,236,29.855,78.8,39,69.8,4,3,66,52,0.0,255,32767,0.0,2127-15-31,0.0,0.12,27.44,0.0,0.0,0.0,0,2.537109375,6,45,05:56,20:31,2025-07-11 02:52:50.863047,Castel Volturno,44.0,5.482204,5.0994034,3.6732745,7.905932,74.0,4.7435594,4.2766633,0.9285714,1.9047619,74.7,4.851899,6.122124,5.372638,4.1177454,51.3,1.4857143,1.1428572,57.5
2025-07-11T02:53:01Z,236,29.855,78.8,39,69.8,4,3,56,52,0.0,255,32767,0.0,2127-15-31,0.0,0.12,27.44,0.0,0.0,0.0,0,2.537109375,6,45,05:56,20:31,2025-07-11 02:53:01.415051,Castel Volturno,44.0,5.482204,5.0994034,3.6732745,7.905932,74.0,4.7435594,4.2766633,0.9285714,1.9047619,74.7,4.851899,6.122124,5.372638,4.1177454,51.3,1.4857143,1.1428572,57.5
2025-07-11T02:53:12Z,236,29.855,78.8,39,69.8,3,3,71,52,0.0,255,32767,0.0,2127-15-31,0.0,0.12,27.44,0.0,0.0,0.0,0,2.537109375,6,45,05:56,20:31,2025-07-11 02:53:11.967052,Castel Volturno,44.0,5.482204,5.0994034,3.6732745,7.905932,74.0,4.7435594,4.2766633,0.9285714,1.9047619,74.7,4.851899,6.122124,5.372638,4.1177454,51.3,1.4857143,1.1428572,57.5
2025-07-11T02:53:22Z,236,29.855,78.8,39,69.8,3,3,42,52,0.0,255,32767,0.0,2127-15-31,0.0,0.12,27.44,0.0,0.0,0.0,0,2.537109375,6,45,05:56,20:31,2025-07-11 02:53:22.523039,Castel Volturno,44.0,5.482204,5.0994034,3.6732745,7.905932,74.0,4.7435594,4.2766633,0.9285714,1.9047619,74.7,4.851899,6.122124,5.372638,4.1177454,51.3,1.4857143,1.1428572,57.5
2025-07-11T02:53:33Z,236,29.855,78.8,39,69.8,4,3,31,52,0.0,255,32767,0.0,2127-15-31,0.0,0.12,27.44,0.0,0.0,0.0,0,2.537109375,6,45,05:56,20:31,2025-07-11 02:53:33.077055,Castel Volturno,44.0,5.482204,5.0994034,3.6732745,7.905932,74.0,4.7435594,4.2766633,0.9285714,1.9047619,74.7,4.851899,6.122124,5.372638,4.1177454,51.3,1.4857143,1.1428572,57.5
2025-07-11T02:53:43Z,236,29.855,78.8,39,69.8,2,3,71,52,0.0,255,32767,0.0,2127-15-31,0.0,0.12,27.44,0.0,0.0,0.0,0,2.537109375,6,45,05:56,20:31,2025-07-11 02:53:43.631056,Castel Volturno,44.0,5.482204,5.0994034,3.6732745,7.905932,74.0,4.7435594,4.2766633,0.9285714,1.9047619,74.7,4.851899,6.122124,5.372638,4.1177454,51.3,1.4857143,1.1428572,57.5
2025-07-11T02:53:54Z,236,29.852,78.8,39,69.8,4,3,67,52,0.0,255,32767,0.0,2127-15-31,0.0,0.12,27.44,0.0,0.0,0.0,0,0.78515625,6,45,05:56,20:31,2025-07-11 02:53:54.185048,Castel Volturno,44.0,5.482204,5.0994034,3.6732745,7.905932,74.0,4.7435594,4.2766633,0.9285714,1.9047619,74.7,4.851899,6.122124,5.372638,4.1177454,51.3,1.4857143,1.1428572,57.5
2025-07-11T02:54:04Z,236,29.852,78.8,39,69.8,2,3,89,52,0.0,255,32767,0.0,2127-15-31,0.0,0.12,27.44,0.0,0.0,0.0,0,0.78515625,6,45,05:56,20:31,2025-07-11 02:54:04.739045,Castel Volturno,44.0,5.482204,5.0994034,3.6732745,7.905932,74.0,4.7435594,4.2766633,0.9285714,1.9047619,74.7,4.851899,6.122124,5.372638,4.1177454,51.3,1.4857143,1.1428572,57.5
2025-07-11T02:54:15Z,236,29.852,78.8,39,69.8,2,3,55,52,0.0,255,32767,0.0,2127-15-31,0.0,0.12,27.44,0.0,0.0,0.0,0,0.78515625,6,45,05:56,20:31,2025-07-11 02:54:15.285050,Castel Volturno,44.0,5.482204,5.0994034,3.6732745,7.905932,74.0,4.7435594,4.2766633,0.9285714,1.9047619,74.7,4.851899,6.122124,5.372638,4.1177454,51.3,1.4857143,1.1428572,57.5
2025-07-11T02:54:26Z,236,29.852,78.8,39,69.8,2,3,22,52,0.0,255,32767,0.0,2127-15-31,0.0,0.12,27.44,0.0,0.0,0.0,0,0.78515625,6,45,05:56,20:31,2025-07-11 02:54:25.838042,Castel Volturno,44.0,5.482204,5.0994034,3.6732745,7.905932,74.0,4.7435594,4.2766633,0.9285714,1.9047619,74.7,4.851899,6.122124,5.372638,4.1177454,51.3,1.4857143,1.1428572,57.5
2025-07-11T02:54:36Z,236,29.852,78.8,39,69.8,2,3,73,52,0.0,255,32767,0.0,2127-15-31,0.0,0.12,27.44,0.0,0.0,0.0,0,0.78515625,6,45,05:56,20:31,2025-07-11 02:54:36.392045,Castel Volturno,44.0,5.482204,5.0994034,3.6732745,7.905932,74.0,4.7435594,4.2766633,0.9285714,1.9047619,74.7,4.851899,6.122124,5.372638,4.1177454,51.3,1.4857143,1.1428572,57.5
2025-07-11T02:54:47Z,236,29.852,78.8,39,69.8,4,3,32,52,0.0,255,32767,0.0,2127-15-31,0.0,0.12,27.44,0.0,0.0,0.0,0,0.78515625,6,45,05:56,20:31,2025-07-11 02:54:46.946046,Castel Volturno,44.0,5.482204,5.0994034,3.6732745,7.905932,74.0,4.7435594,4.2766633,0.9285714,1.9047619,74.7,4.851899,6.122124,5.372638,4.1177454,51.3,1.4857143,1.1428572,57.5
2025-07-11T02:54:57Z,236,29.854,78.7,39,69.8,3,3,39,52,0.0,255,32767,0.0,2127-15-31,0.0,0.12,27.44,0.0,0.0,0.0,0,0.767578125,6,45,05:56,20:31,2025-07-11 02:54:57.499042,Castel Volturno,44.0,5.482204,5.0994034,3.6732745,7.905932,74.0,4.7435594,4.2766633,0.9285714,1.9047619,74.7,4.851899,6.122124,5.372638,4.1177454,51.3,1.4857143,1.1428572,57.5
2025-07-11T02:55:08Z,236,29.854,78.7,39,69.8,3,3,13,52,0.0,255,32767,0.0,2127-15-31,0.0,0.12,27.44,0.0,0.0,0.0,0,0.767578125,6,45,05:56,20:31,2025-07-11 02:55:08.053041,Castel Volturno,44.0,5.482204,5.0994034,3.6732745,7.905932,74.0,4.7435594,4.2766633,0.9285714,1.9047619,74.7,4.851899,6.122124,5.372638,4.1177454,51.3,1.4857143,1.1428572,57.5
2025-07-11T02:55:18Z,236,29.854,78.7,39,69.8,4,3,41,52,0.0,255,32767,0.0,2127-15-31,0.0,0.12,27.44,0.0,0.0,0.0,0,0.767578125,6,45,05:56,20:31,2025-07-11 02:55:18.607003,Castel Volturno,44.0,5.482204,5.0994034,3.6732745,7.905932,74.0,4.7435594,4.2766633,0.9285714,1.9047619,74.7,4.851899,6.122124,5.372638,4.1177454,51.3,1.4857143,1.1428572,57.5
2025-07-11T02:55:29Z,236,29.854,78.7,39,69.8,3,3,28,52,0.0,255,32767,0.0,2127-15-31,0.0,0.12,27.44,0.0,0.0,0.0,0,0.767578125,6,45,05:56,20:31,2025-07-11 02:55:29.195047,Castel Volturno,44.0,5.482204,5.0994034,3.6732745,7.905932,74.0,4.7435594,4.2766633,0.9285714,1.9047619,74.7,4.851899,6.122124,5.372638,4.1177454,51.3,1.4857143,1.1428572,57.5
2025-07-11T02:55:39Z,236,29.854,78.7,39,69.8,3,3,40,52,0.0,255,32767,0.0,2127-15-31,0.0,0.12,27.44,0.0,0.0,0.0,0,0.767578125,6,45,05:56,20:31,2025-07-11 02:55:39.749048,Castel Volturno,44.0,5.482204,5.0994034,3.6732745,7.905932,74.0,4.7435594,4.2766633,0.9285714,1.9047619,74.7,4.851899,6.122124,5.372638,4.1177454,51.3,1.4857143,1.1428572,57.5
2025-07-11T02:55:50Z,236,29.854,78.7,39,69.8,3,3,45,52,0.0,255,32767,0.0,2127-15-31,0.0,0.12,27.44,0.0,0.0,0.0,0,0.78515625,6,45,05:56,20:31,2025-07-11 02:55:50.440045,Castel Volturno,44.0,5.482204,5.0994034,3.6732745,7.905932,74.0,4.7435594,4.2766633,0.9285714,1.9047619,74.7,4.851899,6.122124,5.372638,4.1177454,51.3,1.4857143,1.1428572,57.5
2025-07-11T02:56:01Z,236,29.854,78.7,39,69.8,2,3,25,52,0.0,255,32767,0.0,2127-15-31,0.0,0.12,27.44,0.0,0.0,0.0,0,0.78515625,6,45,05:56,20:31,2025-07-11 02:56:00.994042,Castel Volturno,44.0,5.482204,5.0994034,3.6732745,7.905932,74.0,4.7435594,4.2766633,0.9285714,1.9047619,74.7,4.851899,6.122124,5.372638,4.1177454,51.3,1.4857143,1.1428572,57.5
2025-07-11T02:56:11Z,236,29.854,78.7,39,69.8,5,3,78,52,0.0,255,32767,0.0,2127-15-31,0.0,0.12,27.44,0.0,0.0,0.0,0,0.78515625,6,45,05:56,20:31,2025-07-11 02:56:11.548047,Castel Volturno,44.0,5.482204,5.0994034,3.6732745,7.905932,74.0,4.7435594,4.2766633,0.9285714,1.9047619,74.7,4.851899,6.122124,5.372638,4.1177454,51.3,1.4857143,1.1428572,57.5
2025-07-11T02:56:22Z,236,29.854,78.7,39,69.8,3,3,37,52,0.0,255,32767,0.0,2127-15-31,0.0,0.12,27.44,0.0,0.0,0.0,0,0.78515625,6,45,05:56,20:31,2025-07-11 02:56:22.102007,Castel Volturno,44.0,5.482204,5.0994034,3.6732745,7.905932,74.0,4.7435594,4.2766633,0.9285714,1.9047619,74.7,4.851899,6.122124,5.372638,4.1177454,51.3,1.4857143,1.1428572,57.5
2025-07-11T02:56:32Z,236,29.854,78.7,39,69.8,4,3,91,52,0.0,255,32767,0.0,2127-15-31,0.0,0.12,27.44,0.0,0.0,0.0,0,0.78515625,6,45,05:56,20:31,2025-07-11 02:56:32.657043,Castel Volturno,44.0,5.482204,5.0994034,3.6732745,7.905932,74.0,4.7435594,4.2766633,0.9285714,1.9047619,74.7,4.851899,6.122124,5.372638,4.1177454,51.3,1.4857143,1.1428572,57.5
2025-07-11T02:56:43Z,236,29.854,78.7,39,69.8,5,3,5,52,0.0,255,32767,0.0,2127-15-31,0.0,0.12,27.44,0.0,0.0,0.0,0,0.78515625,6,45,05:56,20:31,2025-07-11 02:56:43.212049,Castel Volturno,44.0,5.482204,5.0994034,3.6732745,7.905932,74.0,4.7435594,4.2766633,0.9285714,1.9047619,74.7,4.851899,6.122124,5.372638,4.1177454,51.3,1.4857143,1.1428572,57.5
2025-07-11T02:56:53Z,236,29.852,78.7,39,69.8,4,3,83,52,0.0,255,32767,0.0,2127-15-31,0.0,0.12,27.44,0.0,0.0,0.0,0,0.78515625,6,45,05:56,20:31,2025-07-11 02:56:53.766046,Castel Volturno,44.0,5.482204,5.0994034,3.6732745,7.905932,74.0,4.7435594,4.2766633,0.9285714,1.9047619,74.7,4.851899,6.122124,5.372638,4.1177454,51.3,1.4857143,1.1428572,57.5
2025-07-11T02:57:04Z,236,29.852,78.7,39,69.8,9,3,360,52,0.0,255,32767,0.0,2127-15-31,0.0,0.12,27.44,0.0,0.0,0.0,0,0.78515625,6,45,05:56,20:31,2025-07-11 02:57:04.320048,Castel Volturno,44.0,5.482204,5.0994034,3.6732745,7.905932,74.0,4.7435594,4.2766633,0.9285714,1.9047619,74.7,4.851899,6.122124,5.372638,4.1177454,51.3,1.4857143,1.1428572,57.5
2025-07-11T02:57:15Z,236,29.852,78.7,39,69.8,4,3,72,52,0.0,255,32767,0.0,2127-15-31,0.0,0.12,27.44,0.0,0.0,0.0,0,0.78515625,6,45,05:56,20:31,2025-07-11 02:57:14.876044,Castel Volturno,44.0,5.482204,5.0994034,3.6732745,7.905932,74.0,4.7435594,4.2766633,0.9285714,1.9047619,74.7,4.851899,6.122124,5.372638,4.1177454,51.3,1.4857143,1.1428572,57.5
2025-07-11T02:57:25Z,236,29.852,78.7,39,69.8,4,3,72,52,0.0,255,32767,0.0,2127-15-31,0.0,0.12,27.44,0.0,0.0,0.0,0,0.78515625,6,45,05:56,20:31,2025-07-11 02:57:25.430046,Castel Volturno,44.0,5.482204,5.0994034,3.6732745,7.905932,74.0,4.7435594,4.2766633,0.9285714,1.9047619,74.7,4.851899,6.122124,5.372638,4.1177454,51.3,1.4857143,1.1428572,57.5
2025-07-11T02:57:36Z,236,29.852,78.7,39,69.8,4,3,343,52,0.0,255,32767,0.0,2127-15-31,0.0,0.12,27.44,0.0,0.0,0.0,0,0.78515625,6,45,05:56,20:31,2025-07-11 02:57:35.984046,Castel Volturno,44.0,5.482204,5.0994034,3.6732745,7.905932,74.0,4.7435594,4.2766633,0.9285714,1.9047619,74.7,4.851899,6.122124,5.372638,4.1177454,51.3,1.4857143,1.1428572,57.5
2025-07-11T02:57:47Z,236,29.852,78.7,39,69.8,3,3,80,52,0.0,255,32767,0.0,2127-15-31,0.0,0.12,27.44,0.0,0.0,0.0,0,0.78515625,6,45,05:56,20:31,2025-07-11 02:57:47.046048,Castel Volturno,44.0,5.482204,5.0994034,3.6732745,7.905932,74.0,4.7435594,4.2766633,0.9285714,1.9047619,74.7,4.851899,6.122124,5.372638,4.1177454,51.3,1.4857143,1.1428572,57.5
2025-07-11T02:57:57Z,236,29.852,78.7,39,69.8,2,3,67,52,0.0,255,32767,0.0,2127-15-31,0.0,0.12,27.44,0.0,0.0,0.0,0,0.85546875,6,45,05:56,20:31,2025-07-11 02:57:57.598046,Castel Volturno,44.0,5.482204,5.0994034,3.6732745,7.905932,74.0,4.7435594,4.2766633,0.9285714,1.9047619,74.7,4.851899,6.122124,5.372638,4.1177454,51.3,1.4857143,1.1428572,57.5
2025-07-11T02:58:08Z,236,29.852,78.7,39,69.8,4,3,30,52,0.0,255,32767,0.0,2127-15-31,0.0,0.12,27.44,0.0,0.0,0.0,0,0.85546875,6,45,05:56,20:31,2025-07-11 02:58:08.152053,Castel Volturno,44.0,5.482204,5.0994034,3.6732745,7.905932,74.0,4.7435594,4.2766633,0.9285714,1.9047619,74.7,4.851899,6.122124,5.372638,4.1177454,51.3,1.4857143,1.1428572,57.5
2025-07-11T02:58:18Z,236,29.852,78.7,39,69.8,3,3,117,52,0.0,255,32767,0.0,2127-15-31,0.0,0.12,27.44,0.0,0.0,0.0,0,0.85546875,6,45,05:56,20:31,2025-07-11 02:58:18.706046,Castel Volturno,44.0,5.482204,5.0994034,3.6732745,7.905932,74.0,4.7435594,4.2766633,0.9285714,1.9047619,74.7,4.851899,6.122124,5.372638,4.1177454,51.3,1.4857143,1.1428572,57.5
2025-07-11T02:58:29Z,236,29.852,78.7,39,69.8,3,3,101,52,0.0,255,32767,0.0,2127-15-31,0.0,0.12,27.44,0.0,0.0,0.0,0,0.85546875,6,45,05:56,20:31,2025-07-11 02:58:29.260045,Castel Volturno,44.0,5.482204,5.0994034,3.6732745,7.905932,74.0,4.7435594,4.2766633,0.9285714,1.9047619,74.7,4.851899,6.122124,5.372638,4.1177454,51.3,1.4857143,1.1428572,57.5
2025-07-11T02:58:40Z,236,29.852,78.7,39,69.8,4,3,82,52,0.0,255,32767,0.0,2127-15-31,0.0,0.12,27.44,0.0,0.0,0.0,0,0.85546875,6,45,05:56,20:31,2025-07-11 02:58:39.814051,Castel Volturno,44.0,5.482204,5.0994034,3.6732745,7.905932,74.0,4.7435594,4.2766633,0.9285714,1.9047619,74.7,4.851899,6.122124,5.372638,4.1177454,51.3,1.4857143,1.1428572,57.5
2025-07-11T02:58:50Z,236,29.852,78.6,39,69.8,4,3,40,52,0.0,255,32767,0.0,2127-15-31,0.0,0.12,27.44,0.0,0.0,0.0,0,1.1015625,6,45,05:56,20:31,2025-07-11 02:58:50.448058,Castel Volturno,44.0,5.482204,5.0994034,3.6732745,7.905932,74.0,4.7435594,4.2766633,0.9285714,1.9047619,74.7,4.851899,6.122124,5.372638,4.1177454,51.3,1.4857143,1.1428572,57.5
2025-07-11T02:59:01Z,236,29.852,78.6,39,69.8,4,3,44,52,0.0,255,32767,0.0,2127-15-31,0.0,0.12,27.44,0.0,0.0,0.0,0,1.1015625,6,45,05:56,20:31,2025-07-11 02:59:01.002062,Castel Volturno,44.0,5.482204,5.0994034,3.6732745,7.905932,74.0,4.7435594,4.2766633,0.9285714,1.9047619,74.7,4.851899,6.122124,5.372638,4.1177454,51.3,1.4857143,1.1428572,57.5
2025-07-11T02:59:11Z,236,29.852,78.6,39,69.8,3,3,61,52,0.0,255,32767,0.0,2127-15-31,0.0,0.12,27.44,0.0,0.0,0.0,0,1.1015625,6,45,05:56,20:31,2025-07-11 02:59:11.556060,Castel Volturno,44.0,5.482204,5.0994034,3.6732745,7.905932,74.0,4.7435594,4.2766633,0.9285714,1.9047619,74.7,4.851899,6.122124,5.372638,4.1177454,51.3,1.4857143,1.1428572,57.5
2025-07-11T02:59:22Z,236,29.852,78.6,39,69.8,4,3,55,52,0.0,255,32767,0.0,2127-15-31,0.0,0.12,27.44,0.0,0.0,0.0,0,1.1015625,6,45,05:56,20:31,2025-07-11 02:59:22.103049,Castel Volturno,44.0,5.482204,5.0994034,3.6732745,7.905932,74.0,4.7435594,4.2766633,0.9285714,1.9047619,74.7,4.851899,6.122124,5.372638,4.1177454,51.3,1.4857143,1.1428572,57.5
2025-07-11T02:59:32Z,236,29.852,78.6,39,69.8,4,3,61,52,0.0,255,32767,0.0,2127-15-31,0.0,0.12,27.44,0.0,0.0,0.0,0,1.1015625,6,45,05:56,20:31,2025-07-11 02:59:32.657051,Castel Volturno,44.0,5.482204,5.0994034,3.6732745,7.905932,74.0,4.7435594,4.2766633,0.9285714,1.9047619,74.7,4.851899,6.122124,5.372638,4.1177454,51.3,1.4857143,1.1428572,57.5
2025-07-11T02:59:43Z,236,29.852,78.6,39,69.8,3,3,16,52,0.0,255,32767,0.0,2127-15-31,0.0,0.12,27.44,0.0,0.0,0.0,0,1.1015625,6,45,05:56,20:31,2025-07-11 02:59:43.212047,Castel Volturno,44.0,5.482204,5.0994034,3.6732745,7.905932,74.0,4.7435594,4.2766633,0.9285714,1.9047619,74.7,4.851899,6.122124,5.372638,4.1177454,51.3,1.4857143,1.1428572,57.5
2025-07-11T02:59:53Z,236,29.854,78.6,39,69.8,3,3,5,52,0.0,255,32767,0.0,2127-15-31,0.0,0.12,27.44,0.0,0.0,0.0,0,2.443359375,6,45,05:56,20:31,2025-07-11 02:59:53.766050,Castel Volturno,44.0,5.482204,5.0994034,3.6732745,7.905932,74.0,4.7435594,4.2766633,0.9285714,1.9047619,74.7,4.851899,6.122124,5.372638,4.1177454,51.3,1.4857143,1.1428572,57.5
2025-07-11T03:00:04Z,236,29.854,78.6,39,69.8,5,3,33,52,0.0,255,32767,0.0,2127-15-31,0.0,0.12,27.44,0.0,0.0,0.0,0,2.443359375,6,45,05:56,20:31,2025-07-11 03:00:04.320041,Castel Volturno,44.0,5.482204,5.0994034,3.6732745,7.905932,74.0,4.7435594,4.2766633,0.9285714,1.9047619,74.7,4.851899,6.122124,5.372638,4.1177454,51.3,1.4857143,1.1428572,57.5
2025-07-11T03:00:15Z,236,29.854,78.6,39,69.8,3,3,57,52,0.0,255,32767,0.0,2127-15-31,0.0,0.12,27.44,0.0,0.0,0.0,0,2.443359375,6,45,05:56,20:31,2025-07-11 03:00:14.873043,Castel Volturno,44.0,5.482204,5.0994034,3.6732745,7.905932,74.0,4.7435594,4.2766633,0.9285714,1.9047619,74.7,4.851899,6.122124,5.372638,4.1177454,51.3,1.4857143,1.1428572,57.5
2025-07-11T03:00:25Z,236,29.854,78.6,39,69.8,2,3,49,52,0.0,255,32767,0.0,2127-15-31,0.0,0.12,27.44,0.0,0.0,0.0,0,2.443359375,6,45,05:56,20:31,2025-07-11 03:00:25.427050,Castel Volturno,44.0,5.482204,5.0994034,3.6732745,7.905932,74.0,4.7435594,4.2766633,0.9285714,1.9047619,74.7,4.851899,6.122124,5.372638,4.1177454,51.3,1.4857143,1.1428572,57.5
2025-07-11T03:00:36Z,236,29.854,78.6,39,69.9,3,3,58,51,0.0,255,32767,0.0,2127-15-31,0.0,0.12,27.44,0.0,0.0,0.0,0,2.443359375,6,45,05:56,20:31,2025-07-11 03:00:35.974046,Castel Volturno,44.0,5.482204,5.0994034,3.6732745,7.905932,74.0,4.7435594,4.2766633,0.9285714,1.9047619,74.7,4.851899,6.122124,5.372638,4.1177454,51.3,1.4857143,1.1428572,57.5
2025-07-11T03:00:46Z,236,29.854,78.6,39,69.8,5,3,26,51,0.0,255,32767,0.0,2127-15-31,0.0,0.12,27.44,0.0,0.0,0.0,0,2.443359375,6,45,05:56,20:31,2025-07-11 03:00:46.528043,Castel Volturno,44.0,5.482204,5.0994034,3.6732745,7.905932,74.0,4.7435594,4.2766633,0.9285714,1.9047619,74.7,4.851899,6.122124,5.372638,4.1177454,51.3,1.4857143,1.1428572,57.5
2025-07-11T03:00:57Z,236,29.852,78.6,39,69.8,3,4,75,51,0.0,255,32767,0.0,2127-15-31,0.0,0.12,27.44,0.0,0.0,0.0,0,0.7734375,6,45,05:56,20:31,2025-07-11 03:00:57.082044,Castel Volturno,44.0,5.482204,5.0994034,3.6732745,7.905932,74.0,4.7435594,4.2766633,0.9285714,1.9047619,74.7,4.851899,6.122124,5.372638,4.1177454,51.3,1.4857143,1.1428572,57.5
2025-07-11T03:01:08Z,236,29.852,78.6,39,69.8,6,4,38,51,0.0,255,32767,0.0,2127-15-31,0.0,0.12,27.44,0.0,0.0,0.0,0,0.7734375,6,45,05:56,20:31,2025-07-11 03:01:07.884052,Castel Volturno,44.0,5.482204,5.0994034,3.6732745,7.905932,74.0,4.7435594,4.2766633,0.9285714,1.9047619,74.7,4.851899,6.122124,5.372638,4.1177454,51.3,1.4857143,1.1428572,57.5
2025-07-11T03:01:18Z,236,29.852,78.6,39,69.8,4,4,5,51,0.0,255,32767,0.0,2127-15-31,0.0,0.12,27.44,0.0,0.0,0.0,0,0.7734375,6,45,05:56,20:31,2025-07-11 03:01:18.439065,Castel Volturno,44.0,5.482204,5.0994034,3.6732745,7.905932,74.0,4.7435594,4.2766633,0.9285714,1.9047619,74.7,4.851899,6.122124,5.372638,4.1177454,51.3,1.4857143,1.1428572,57.5
2025-07-11T03:01:29Z,236,29.852,78.6,39,69.8,4,4,78,51,0.0,255,32767,0.0,2127-15-31,0.0,0.12,27.44,0.0,0.0,0.0,0,0.7734375,6,45,05:56,20:31,2025-07-11 03:01:28.993063,Castel Volturno,44.0,5.482204,5.0994034,3.6732745,7.905932,74.0,4.7435594,4.2766633,0.9285714,1.9047619,74.7,4.851899,6.122124,5.372638,4.1177454,51.3,1.4857143,1.1428572,57.5
2025-07-11T03:01:39Z,236,29.852,78.6,39,69.8,8,4,69,51,0.0,255,32767,0.0,2127-15-31,0.0,0.12,27.44,0.0,0.0,0.0,0,0.7734375,6,45,05:56,20:31,2025-07-11 03:01:39.547053,Castel Volturno,44.0,5.482204,5.0994034,3.6732745,7.905932,74.0,4.7435594,4.2766633,0.9285714,1.9047619,74.7,4.851899,6.122124,5.372638,4.1177454,51.3,1.4857143,1.1428572,57.5
2025-07-11T03:01:50Z,236,29.852,78.6,39,69.8,8,4,24,51,0.0,255,32767,0.0,2127-15-31,0.0,0.12,27.44,0.0,0.0,0.0,0,0.7734375,6,45,05:56,20:31,2025-07-11 03:01:50.139049,Castel Volturno,44.0,5.482204,5.0994034,3.6732745,7.905932,74.0,4.7435594,4.2766633,0.9285714,1.9047619,74.7,4.851899,6.122124,5.372638,4.1177454,51.3,1.4857143,1.1428572,57.5
2025-07-11T03:02:00Z,236,29.851,78.5,39,69.8,3,4,36,51,0.0,255,32767,0.0,2127-15-31,0.0,0.12,27.44,0.0,0.0,0.0,0,0.791015625,6,45,05:56,20:31,2025-07-11 03:02:00.693046,Castel Volturno,44.0,5.482204,5.0994034,3.6732745,7.905932,74.0,4.7435594,4.2766633,0.9285714,1.9047619,74.7,4.851899,6.122124,5.372638,4.1177454,51.3,1.4857143,1.1428572,57.5
2025-07-11T03:02:11Z,236,29.851,78.5,39,69.8,3,4,13,51,0.0,255,32767,0.0,2127-15-31,0.0,0.12,27.44,0.0,0.0,0.0,0,0.791015625,6,45,05:56,20:31,2025-07-11 03:02:11.247039,Castel Volturno,44.0,5.482204,5.0994034,3.6732745,7.905932,74.0,4.7435594,4.2766633,0.9285714,1.9047619,74.7,4.851899,6.122124,5.372638,4.1177454,51.3,1.4857143,1.1428572,57.5
2025-07-11T03:02:22Z,236,29.851,78.5,39,69.8,3,4,90,51,0.0,255,32767,0.0,2127-15-31,0.0,0.12,27.44,0.0,0.0,0.0,0,0.791015625,6,45,05:56,20:31,2025-07-11 03:02:21.801046,Castel Volturno,44.0,5.482204,5.0994034,3.6732745,7.905932,74.0,4.7435594,4.2766633,0.9285714,1.9047619,74.7,4.851899,6.122124,5.372638,4.1177454,51.3,1.4857143,1.1428572,57.5
2025-07-11T03:02:32Z,236,29.851,78.5,39,69.8,4,4,17,51,0.0,255,32767,0.0,2127-15-31,0.0,0.12,27.44,0.0,0.0,0.0,0,0.791015625,6,45,05:56,20:31,2025-07-11 03:02:32.357044,Castel Volturno,44.0,5.482204,5.0994034,3.6732745,7.905932,74.0,4.7435594,4.2766633,0.9285714,1.9047619,74.7,4.851899,6.122124,5.372638,4.1177454,51.3,1.4857143,1.1428572,57.5
2025-07-11T03:02:43Z,236,29.851,78.5,39,69.8,3,4,63,51,0.0,255,32767,0.0,2127-15-31,0.0,0.12,27.44,0.0,0.0,0.0,0,0.791015625,6,45,05:56,20:31,2025-07-11 03:02:42.912054,Castel Volturno,43.8,5.1068473,5.0161304,2.6552052,7.07099,73.5,4.2425942,4.2031026,1.0428572,1.8333334,74.3,4.464809,4.425342,4.8877726,3.17383,50.8,2.6142857,1.1,57.1
2025-07-11T03:02:54Z,236,29.851,78.5,39,69.8,3,4,28,51,0.0,255,32767,0.0,2127-15-31,0.0,0.12,27.44,0.0,0.0,0.0,0,0.7734375,6,45,05:56,20:31,2025-07-11 03:02:54.009061,Castel Volturno,43.8,5.1068473,5.0161304,2.6552052,7.07099,73.5,4.2425942,4.2031026,1.0428572,1.8333334,74.3,4.464809,4.425342,4.8877726,3.17383,50.8,2.6142857,1.1,57.1
2025-07-11T03:03:04Z,236,29.851,78.5,39,69.9,8,4,31,51,0.0,255,32767,0.0,2127-15-31,0.0,0.12,27.44,0.0,0.0,0.0,0,0.7734375,6,45,05:56,20:31,2025-07-11 03:03:04.548047,Castel Volturno,43.8,5.1068473,5.0161304,2.6552052,7.07099,73.5,4.2425942,4.2031026,1.0428572,1.8333334,74.3,4.464809,4.425342,4.8877726,3.17383,50.8,2.6142857,1.1,57.1
2025-07-11T03:03:15Z,236,29.851,78.5,39,69.9,2,4,53,51,0.0,255,32767,0.0,2127-15-31,0.0,0.12,27.44,0.0,0.0,0.0,0,0.7734375,6,45,05:56,20:31,2025-07-11 03:03:15.118046,Castel Volturno,43.8,5.1068473,5.0161304,2.6552052,7.07099,73.5,4.2425942,4.2031026,1.0428572,1.8333334,74.3,4.464809,4.425342,4.8877726,3.17383,50.8,2.6142857,1.1,57.1
2025-07-11T03:03:26Z,236,29.851,78.5,39,69.8,3,4,78,51,0.0,255,32767,0.0,2127-15-31,0.0,0.12,27.44,0.0,0.0,0.0,0,0.7734375,6,45,05:56,20:31,2025-07-11 03:03:25.888047,Castel Volturno,43.8,5.1068473,5.0161304,2.6552052,7.07099,73.5,4.2425942,4.2031026,1.0428572,1.8333334,74.3,4.464809,4.425342,4.8877726,3.17383,50.8,2.6142857,1.1,57.1
2025-07-11T03:03:36Z,236,29.851,78.5,39,69.9,3,4,65,51,0.0,255,32767,0.0,2127-15-31,0.0,0.12,27.44,0.0,0.0,0.0,0,0.7734375,6,45,05:56,20:31,2025-07-11 03:03:36.442044,Castel Volturno,43.8,5.1068473,5.0161304,2.6552052,7.07099,73.5,4.2425942,4.2031026,1.0428572,1.8333334,74.3,4.464809,4.425342,4.8877726,3.17383,50.8,2.6142857,1.1,57.1
2025-07-11T03:03:47Z,236,29.851,78.5,39,69.9,2,4,49,51,0.0,255,32767,0.0,2127-15-31,0.0,0.12,27.44,0.0,0.0,0.0,0,0.7734375,6,45,05:56,20:31,2025-07-11 03:03:46.997042,Castel Volturno,43.8,5.1068473,5.0161304,2.6552052,7.07099,73.5,4.2425942,4.2031026,1.0428572,1.8333334,74.3,4.464809,4.425342,4.8877726,3.17383,50.8,2.6142857,1.1,57.1
2025-07-11T03:03:57Z,236,29.852,78.5,39,69.9,3,4,83,52,0.0,255,32767,0.0,2127-15-31,0.0,0.12,27.44,0.0,0.0,0.0,0,0.779296875,6,45,05:56,20:31,2025-07-11 03:03:57.584046,Castel Volturno,43.8,5.1068473,5.0161304,2.6552052,7.07099,73.5,4.2425942,4.2031026,1.0428572,1.8333334,74.3,4.464809,4.425342,4.8877726,3.17383,50.8,2.6142857,1.1,57.1
2025-07-11T03:04:08Z,236,29.852,78.5,39,69.9,1,4,50,52,0.0,255,32767,0.0,2127-15-31,0.0,0.12,27.44,0.0,0.0,0.0,0,0.779296875,6,45,05:56,20:31,2025-07-11 03:04:08.138039,Castel Volturno,43.8,5.1068473,5.0161304,2.6552052,7.07099,73.5,4.2425942,4.2031026,1.0428572,1.8333334,74.3,4.464809,4.425342,4.8877726,3.17383,50.8,2.6142857,1.1,57.1
2025-07-11T03:04:18Z,236,29.852,78.5,39,69.9,2,4,78,52,0.0,255,32767,0.0,2127-15-31,0.0,0.12,27.44,0.0,0.0,0.0,0,0.779296875,6,45,05:56,20:31,2025-07-11 03:04:18.692018,Castel Volturno,43.8,5.1068473,5.0161304,2.6552052,7.07099,73.5,4.2425942,4.2031026,1.0428572,1.8333334,74.3,4.464809,4.425342,4.8877726,3.17383,50.8,2.6142857,1.1,57.1
2025-07-11T03:04:29Z,236,29.852,78.5,39,69.9,2,4,69,52,0.0,255,32767,0.0,2127-15-31,0.0,0.12,27.44,0.0,0.0,0.0,0,0.779296875,6,45,05:56,20:31,2025-07-11 03:04:29.244047,Castel Volturno,43.8,5.1068473,5.0161304,2.6552052,7.07099,73.5,4.2425942,4.2031026,1.0428572,1.8333334,74.3,4.464809,4.425342,4.8877726,3.17383,50.8,2.6142857,1.1,57.1
2025-07-11T03:04:39Z,236,29.852,78.5,39,69.8,4,4,22,52,0.0,255,32767,0.0,2127-15-31,0.0,0.12,27.44,0.0,0.0,0.0,0,0.779296875,6,45,05:56,20:31,2025-07-11 03:04:39.798043,Castel Volturno,43.8,5.1068473,5.0161304,2.6552052,7.07099,73.5,4.2425942,4.2031026,1.0428572,1.8333334,74.3,4.464809,4.425342,4.8877726,3.17383,50.8,2.6142857,1.1,57.1
2025-07-11T03:04:50Z,236,29.852,78.5,39,69.8,4,4,69,52,0.0,255,32767,0.0,2127-15-31,0.0,0.12,27.44,0.0,0.0,0.0,0,0.8203125,6,45,05:56,20:31,2025-07-11 03:04:50.462045,Castel Volturno,43.8,5.1068473,5.0161304,2.6552052,7.07099,73.5,4.2425942,4.2031026,1.0428572,1.8333334,74.3,4.464809,4.425342,4.8877726,3.17383,50.8,2.6142857,1.1,57.1
2025-07-11T03:05:01Z,236,29.851,78.5,39,69.8,4,4,59,52,0.0,255,32767,0.0,2127-15-31,0.0,0.12,27.44,0.0,0.0,0.0,0,0.8203125,6,45,05:56,20:31,2025-07-11 03:05:01.016054,Castel Volturno,43.8,5.1068473,5.0161304,2.6552052,7.07099,73.5,4.2425942,4.2031026,1.0428572,1.8333334,74.3,4.464809,4.425342,4.8877726,3.17383,50.8,2.6142857,1.1,57.1
2025-07-11T03:05:11Z,236,29.851,78.5,39,69.8,4,4,340,52,0.0,255,32767,0.0,2127-15-31,0.0,0.12,27.44,0.0,0.0,0.0,0,0.8203125,6,45,05:56,20:31,2025-07-11 03:05:11.569057,Castel Volturno,43.8,5.1068473,5.0161304,2.6552052,7.07099,73.5,4.2425942,4.2031026,1.0428572,1.8333334,74.3,4.464809,4.425342,4.8877726,3.17383,50.8,2.6142857,1.1,57.1
2025-07-11T03:05:22Z,236,29.851,78.5,39,69.8,7,4,76,52,0.0,255,32767,0.0,2127-15-31,0.0,0.12,27.44,0.0,0.0,0.0,0,0.8203125,6,45,05:56,20:31,2025-07-11 03:05:22.123044,Castel Volturno,43.8,5.1068473,5.0161304,2.6552052,7.07099,73.5,4.2425942,4.2031026,1.0428572,1.8333334,74.3,4.464809,4.425342,4.8877726,3.17383,50.8,2.6142857,1.1,57.1
2025-07-11T03:05:32Z,236,29.851,78.5,39,69.8,4,4,89,52,0.0,255,32767,0.0,2127-15-31,0.0,0.12,27.44,0.0,0.0,0.0,0,0.8203125,6,45,05:56,20:31,2025-07-11 03:05:32.674055,Castel Volturno,43.8,5.1068473,5.0161304,2.6552052,7.07099,73.5,4.2425942,4.2031026,1.0428572,1.8333334,74.3,4.464809,4.425342,4.8877726,3.17383,50.8,2.6142857,1.1,57.1
2025-07-11T03:05:43Z,236,29.851,78.5,39,69.8,2,4,81,52,0.0,255,32767,0.0,2127-15-31,0.0,0.12,27.44,0.0,0.0,0.0,0,0.8203125,6,45,05:56,20:31,2025-07-11 03:05:43.228044,Castel Volturno,43.8,5.1068473,5.0161304,2.6552052,7.07099,73.5,4.2425942,4.2031026,1.0428572,1.8333334,74.3,4.464809,4.425342,4.8877726,3.17383,50.8,2.6142857,1.1,57.1
2025-07-11T03:05:53Z,236,29.85,78.5,39,69.8,2,4,33,52,0.0,255,32767,0.0,2127-15-31,0.0,0.12,27.44,0.0,0.0,0.0,0,1.060546875,6,45,05:56,20:31,2025-07-11 03:05:53.781053,Castel Volturno,43.8,5.1068473,5.0161304,2.6552052,7.07099,73.5,4.2425942,4.2031026,1.0428572,1.8333334,74.3,4.464809,4.425342,4.8877726,3.17383,50.8,2.6142857,1.1,57.1
2025-07-11T03:06:04Z,236,29.85,78.5,39,69.8,8,4,65,52,0.0,255,32767,0.0,2127-15-31,0.0,0.12,27.44,0.0,0.0,0.0,0,1.060546875,6,45,05:56,20:31,2025-07-11 03:06:04.336052,Castel Volturno,43.8,5.1068473,5.0161304,2.6552052,7.07099,73.5,4.2425942,4.2031026,1.0428572,1.8333334,74.3,4.464809,4.425342,4.8877726,3.17383,50.8,2.6142857,1.1,57.1
2025-07-11T03:06:15Z,236,29.85,78.5,39,69.8,3,4,57,52,0.0,255,32767,0.0,2127-15-31,0.0,0.12,27.44,0.0,0.0,0.0,0,1.060546875,6,45,05:56,20:31,2025-07-11 03:06:14.883062,Castel Volturno,43.8,5.1068473,5.0161304,2.6552052,7.07099,73.5,4.2425942,4.2031026,1.0428572,1.8333334,74.3,4.464809,4.425342,4.8877726,3.17383,50.8,2.6142857,1.1,57.1
2025-07-11T03:06:25Z,236,29.85,78.5,39,69.8,5,4,61,52,0.0,255,32767,0.0,2127-15-31,0.0,0.12,27.44,0.0,0.0,0.0,0,1.060546875,6,45,05:56,20:31,2025-07-11 03:06:25.435051,Castel Volturno,43.8,5.1068473,5.0161304,2.6552052,7.07099,73.5,4.2425942,4.2031026,1.0428572,1.8333334,74.3,4.464809,4.425342,4.8877726,3.17383,50.8,2.6142857,1.1,57.1
2025-07-11T03:06:36Z,236,29.85,78.5,39,69.8,6,4,24,51,0.0,255,32767,0.0,2127-15-31,0.0,0.12,27.44,0.0,0.0,0.0,0,1.060546875,6,45,05:56,20:31,2025-07-11 03:06:35.989042,Castel Volturno,43.8,5.1068473,5.0161304,2.6552052,7.07099,73.5,4.2425942,4.2031026,1.0428572,1.8333334,74.3,4.464809,4.425342,4.8877726,3.17383,50.8,2.6142857,1.1,57.1
2025-07-11T03:06:46Z,236,29.85,78.5,39,69.8,4,4,62,51,0.0,255,32767,0.0,2127-15-31,0.0,0.12,27.44,0.0,0.0,0.0,0,1.060546875,6,45,05:56,20:31,2025-07-11 03:06:46.535049,Castel Volturno,43.8,5.1068473,5.0161304,2.6552052,7.07099,73.5,4.2425942,4.2031026,1.0428572,1.8333334,74.3,4.464809,4.425342,4.8877726,3.17383,50.8,2.6142857,1.1,57.1
2025-07-11T03:06:57Z,236,29.851,78.5,39,69.8,4,4,58,51,0.0,255,32767,0.0,2127-15-31,0.0,0.12,27.44,0.0,0.0,0.0,0,2.3203125,6,45,05:56,20:31,2025-07-11 03:06:57.089045,Castel Volturno,43.8,5.1068473,5.0161304,2.6552052,7.07099,73.5,4.2425942,4.2031026,1.0428572,1.8333334,74.3,4.464809,4.425342,4.8877726,3.17383,50.8,2.6142857,1.1,57.1
2025-07-11T03:07:07Z,236,29.851,78.5,39,69.8,4,4,5,51,0.0,255,32767,0.0,2127-15-31,0.0,0.12,27.44,0.0,0.0,0.0,0,2.3203125,6,45,05:56,20:31,2025-07-11 03:07:07.643044,Castel Volturno,43.8,5.1068473,5.0161304,2.6552052,7.07099,73.5,4.2425942,4.2031026,1.0428572,1.8333334,74.3,4.464809,4.425342,4.8877726,3.17383,50.8,2.6142857,1.1,57.1
2025-07-11T03:07:18Z,236,29.851,78.5,39,69.8,2,4,96,51,0.0,255,32767,0.0,2127-15-31,0.0,0.12,27.44,0.0,0.0,0.0,0,2.3203125,6,45,05:56,20:31,2025-07-11 03:07:18.187047,Castel Volturno,43.8,5.1068473,5.0161304,2.6552052,7.07099,73.5,4.2425942,4.2031026,1.0428572,1.8333334,74.3,4.464809,4.425342,4.8877726,3.17383,50.8,2.6142857,1.1,57.1
2025-07-11T03:07:28Z,236,29.851,78.5,39,69.8,3,4,84,52,0.0,255,32767,0.0,2127-15-31,0.0,0.12,27.44,0.0,0.0,0.0,0,2.3203125,6,45,05:56,20:31,2025-07-11 03:07:28.737052,Castel Volturno,43.8,5.1068473,5.0161304,2.6552052,7.07099,73.5,4.2425942,4.2031026,1.0428572,1.8333334,74.3,4.464809,4.425342,4.8877726,3.17383,50.8,2.6142857,1.1,57.1
2025-07-11T03:07:39Z,236,29.851,78.5,39,69.8,5,4,37,52,0.0,255,32767,0.0,2127-15-31,0.0,0.12,27.44,0.0,0.0,0.0,0,2.3203125,6,45,05:56,20:31,2025-07-11 03:07:39.291041,Castel Volturno,43.8,5.1068473,5.0161304,2.6552052,7.07099,73.5,4.2425942,4.2031026,1.0428572,1.8333334,74.3,4.464809,4.425342,4.8877726,3.17383,50.8,2.6142857,1.1,57.1
2025-07-11T03:07:50Z,236,29.851,78.5,39,69.8,3,4,5,52,0.0,255,32767,0.0,2127-15-31,0.0,0.12,27.44,0.0,0.0,0.0,0,2.3203125,6,45,05:56,20:31,2025-07-11 03:07:49.845048,Castel Volturno,43.8,5.1068473,5.0161304,2.6552052,7.07099,73.5,4.2425942,4.2031026,1.0428572,1.8333334,74.3,4.464809,4.425342,4.8877726,3.17383,50.8,2.6142857,1.1,57.1
2025-07-11T03:08:01Z,236,29.852,78.5,39,69.8,3,4,68,52,0.0,255,32767,0.0,2127-15-31,0.0,0.12,27.44,0.0,0.0,0.0,0,2.302734375,6,45,05:56,20:31,2025-07-11 03:08:00.918063,Castel Volturno,43.8,5.1068473,5.0161304,2.6552052,7.07099,73.5,4.2425942,4.2031026,1.0428572,1.8333334,74.3,4.464809,4.425342,4.8877726,3.17383,50.8,2.6142857,1.1,57.1
2025-07-11T03:08:11Z,236,29.852,78.5,39,69.8,5,4,65,52,0.0,255,32767,0.0,2127-15-31,0.0,0.12,27.44,0.0,0.0,0.0,0,2.302734375,6,45,05:56,20:31,2025-07-11 03:08:11.472047,Castel Volturno,43.8,5.1068473,5.0161304,2.6552052,7.07099,73.5,4.2425942,4.2031026,1.0428572,1.8333334,74.3,4.464809,4.425342,4.8877726,3.17383,50.8,2.6142857,1.1,57.1
2025-07-11T03:08:22Z,236,29.852,78.5,39,69.8,3,4,26,52,0.0,255,32767,0.0,2127-15-31,0.0,0.12,27.44,0.0,0.0,0.0,0,2.302734375,6,45,05:56,20:31,2025-07-11 03:08:22.026057,Castel Volturno,43.8,5.1068473,5.0161304,2.6552052,7.07099,73.5,4.2425942,4.2031026,1.0428572,1.8333334,74.3,4.464809,4.425342,4.8877726,3.17383,50.8,2.6142857,1.1,57.1
2025-07-11T03:08:32Z,236,29.852,78.5,39,69.8,4,4,83,52,0.0,255,32767,0.0,2127-15-31,0.0,0.12,27.44,0.0,0.0,0.0,0,2.302734375,6,45,05:56,20:31,2025-07-11 03:08:32.580043,Castel Volturno,43.8,5.1068473,5.0161304,2.6552052,7.07099,73.5,4.2425942,4.2031026,1.0428572,1.8333334,74.3,4.464809,4.425342,4.8877726,3.17383,50.8,2.6142857,1.1,57.1
2025-07-11T03:08:43Z,236,29.852,78.5,39,69.8,5,4,83,52,0.0,255,32767,0.0,2127-15-31,0.0,0.12,27.44,0.0,0.0,0.0,0,2.302734375,6,45,05:56,20:31,2025-07-11 03:08:43.135039,Castel Volturno,43.8,5.1068473,5.0161304,2.6552052,7.07099,73.5,4.2425942,4.2031026,1.0428572,1.8333334,74.3,4.464809,4.425342,4.8877726,3.17383,50.8,2.6142857,1.1,57.1
2025-07-11T03:08:53Z,236,29.851,78.5,39,69.8,4,4,28,52,0.0,255,32767,0.0,2127-15-31,0.0,0.12,27.44,0.0,0.0,0.0,0,0.7734375,6,45,05:56,20:31,2025-07-11 03:08:53.668813,Castel Volturno,43.8,5.1068473,5.0161304,2.6552052,7.07099,73.5,4.2425942,4.2031026,1.0428572,1.8333334,74.3,4.464809,4.425342,4.8877726,3.17383,50.8,2.6142857,1.1,57.1
2025-07-11T03:09:04Z,236,29.851,78.5,39,69.8,3,4,55,52,0.0,255,32767,0.0,2127-15-31,0.0,0.12,27.44,0.0,0.0,0.0,0,0.7734375,6,45,05:56,20:31,2025-07-11 03:09:04.235054,Castel Volturno,43.8,5.1068473,5.0161304,2.6552052,7.07099,73.5,4.2425942,4.2031026,1.0428572,1.8333334,74.3,4.464809,4.425342,4.8877726,3.17383,50.8,2.6142857,1.1,57.1
2025-07-11T03:09:15Z,236,29.851,78.5,39,69.8,4,4,31,52,0.0,255,32767,0.0,2127-15-31,0.0,0.12,27.44,0.0,0.0,0.0,0,0.7734375,6,45,05:56,20:31,2025-07-11 03:09:14.902053,Castel Volturno,43.8,5.1068473,5.0161304,2.6552052,7.07099,73.5,4.2425942,4.2031026,1.0428572,1.8333334,74.3,4.464809,4.425342,4.8877726,3.17383,50.8,2.6142857,1.1,57.1
2025-07-11T03:09:25Z,236,29.851,78.5,39,69.8,5,4,76,52,0.0,255,32767,0.0,2127-15-31,0.0,0.12,27.44,0.0,0.0,0.0,0,0.7734375,6,45,05:56,20:31,2025-07-11 03:09:25.456044,Castel Volturno,43.8,5.1068473,5.0161304,2.6552052,7.07099,73.5,4.2425942,4.2031026,1.0428572,1.8333334,74.3,4.464809,4.425342,4.8877726,3.17383,50.8,2.6142857,1.1,57.1
2025-07-11T03:09:36Z,236,29.851,78.5,39,69.7,5,4,40,52,0.0,255,32767,0.0,2127-15-31,0.0,0.12,27.44,0.0,0.0,0.0,0,0.7734375,6,45,05:56,20:31,2025-07-11 03:09:36.011045,Castel Volturno,43.8,5.1068473,5.0161304,2.6552052,7.07099,73.5,4.2425942,4.2031026,1.0428572,1.8333334,74.3,4.464809,4.425342,4.8877726,3.17383,50.8,2.6142857,1.1,57.1
2025-07-11T03:09:46Z,236,29.851,78.5,39,69.8,3,4,15,52,0.0,255,32767,0.0,2127-15-31,0.0,0.12,27.44,0.0,0.0,0.0,0,0.7734375,6,45,05:56,20:31,2025-07-11 03:09:46.565008,Castel Volturno,43.8,5.1068473,5.0161304,2.6552052,7.07099,73.5,4.2425942,4.2031026,1.0428572,1.8333334,74.3,4.464809,4.425342,4.8877726,3.17383,50.8,2.6142857,1.1,57.1
2025-07-11T03:09:57Z,236,29.851,78.5,39,69.7,4,4,88,52,0.0,255,32767,0.0,2127-15-31,0.0,0.12,27.44,0.0,0.0,0.0,0,0.7734375,6,45,05:56,20:31,2025-07-11 03:09:57.119044,Castel Volturno,43.8,5.1068473,5.0161304,2.6552052,7.07099,73.5,4.2425942,4.2031026,1.0428572,1.8333334,74.3,4.464809,4.425342,4.8877726,3.17383,50.8,2.6142857,1.1,57.1
2025-07-11T03:10:07Z,236,29.851,78.5,39,69.7,5,4,28,52,0.0,255,32767,0.0,2127-15-31,0.0,0.12,27.44,0.0,0.0,0.0,0,0.7734375,6,45,05:56,20:31,2025-07-11 03:10:07.673050,Castel Volturno,43.8,5.1068473,5.0161304,2.6552052,7.07099,73.5,4.2425942,4.2031026,1.0428572,1.8333334,74.3,4.464809,4.425342,4.8877726,3.17383,50.8,2.6142857,1.1,57.1
2025-07-11T03:10:18Z,236,29.851,78.5,39,69.7,2,4,58,52,0.0,255,32767,0.0,2127-15-31,0.0,0.12,27.44,0.0,0.0,0.0,0,0.7734375,6,45,05:56,20:31,2025-07-11 03:10:18.227043,Castel Volturno,43.8,5.1068473,5.0161304,2.6552052,7.07099,73.5,4.2425942,4.2031026,1.0428572,1.8333334,74.3,4.464809,4.425342,4.8877726,3.17383,50.8,2.6142857,1.1,57.1
2025-07-11T03:10:28Z,236,29.851,78.5,39,69.7,4,4,57,52,0.0,255,32767,0.0,2127-15-31,0.0,0.12,27.44,0.0,0.0,0.0,0,0.7734375,6,45,05:56,20:31,2025-07-11 03:10:28.781033,Castel Volturno,43.8,5.1068473,5.0161304,2.6552052,7.07099,73.5,4.2425942,4.2031026,1.0428572,1.8333334,74.3,4.464809,4.425342,4.8877726,3.17383,50.8,2.6142857,1.1,57.1
2025-07-11T03:10:39Z,236,29.851,78.5,39,69.8,4,4,24,52,0.0,255,32767,0.0,2127-15-31,0.0,0.12,27.44,0.0,0.0,0.0,0,0.7734375,6,45,05:56,20:31,2025-07-11 03:10:39.335059,Castel Volturno,43.8,5.1068473,5.0161304,2.6552052,7.07099,73.5,4.2425942,4.2031026,1.0428572,1.8333334,74.3,4.464809,4.425342,4.8877726,3.17383,50.8,2.6142857,1.1,57.1
2025-07-11T03:10:50Z,236,29.851,78.5,39,69.7,4,4,84,52,0.0,255,32767,0.0,2127-15-31,0.0,0.12,27.44,0.0,0.0,0.0,0,0.7734375,6,45,05:56,20:31,2025-07-11 03:10:49.889051,Castel Volturno,43.8,5.1068473,5.0161304,2.6552052,7.07099,73.5,4.2425942,4.2031026,1.0428572,1.8333334,74.3,4.464809,4.425342,4.8877726,3.17383,50.8,2.6142857,1.1,57.1
2025-07-11T03:11:00Z,236,29.849,78.4,39,69.7,4,4,65,52,0.0,255,32767,0.0,2127-15-31,0.0,0.12,27.44,0.0,0.0,0.0,0,0.796875,6,45,05:56,20:31,2025-07-11 03:11:00.443045,Castel Volturno,43.8,5.1068473,5.0161304,2.6552052,7.07099,73.5,4.2425942,4.2031026,1.0428572,1.8333334,74.3,4.464809,4.425342,4.8877726,3.17383,50.8,2.6142857,1.1,57.1
2025-07-11T03:11:11Z,236,29.849,78.4,39,69.7,3,4,56,52,0.0,255,32767,0.0,2127-15-31,0.0,0.12,27.44,0.0,0.0,0.0,0,0.796875,6,45,05:56,20:31,2025-07-11 03:11:10.998067,Castel Volturno,43.8,5.1068473,5.0161304,2.6552052,7.07099,73.5,4.2425942,4.2031026,1.0428572,1.8333334,74.3,4.464809,4.425342,4.8877726,3.17383,50.8,2.6142857,1.1,57.1
2025-07-11T03:11:21Z,236,29.849,78.4,39,69.8,3,4,48,52,0.0,255,32767,0.0,2127-15-31,0.0,0.12,27.44,0.0,0.0,0.0,0,0.796875,6,45,05:56,20:31,2025-07-11 03:11:21.552015,Castel Volturno,43.8,5.1068473,5.0161304,2.6552052,7.07099,73.5,4.2425942,4.2031026,1.0428572,1.8333334,74.3,4.464809,4.425342,4.8877726,3.17383,50.8,2.6142857,1.1,57.1
2025-07-11T03:11:32Z,236,29.849,78.4,39,69.8,2,4,61,52,0.0,255,32767,0.0,2127-15-31,0.0,0.12,27.44,0.0,0.0,0.0,0,0.796875,6,45,05:56,20:31,2025-07-11 03:11:32.106045,Castel Volturno,43.8,5.1068473,5.0161304,2.6552052,7.07099,73.5,4.2425942,4.2031026,1.0428572,1.8333334,74.3,4.464809,4.425342,4.8877726,3.17383,50.8,2.6142857,1.1,57.1
2025-07-11T03:11:42Z,236,29.849,78.4,39,69.7,1,4,34,52,0.0,255,32767,0.0,2127-15-31,0.0,0.12,27.44,0.0,0.0,0.0,0,0.796875,6,45,05:56,20:31,2025-07-11 03:11:42.659052,Castel Volturno,43.8,5.1068473,5.0161304,2.6552052,7.07099,73.5,4.2425942,4.2031026,1.0428572,1.8333334,74.3,4.464809,4.425342,4.8877726,3.17383,50.8,2.6142857,1.1,57.1
2025-07-11T03:11:53Z,236,29.852,78.4,39,69.7,2,4,66,52,0.0,255,32767,0.0,2127-15-31,0.0,0.12,27.44,0.0,0.0,0.0,0,0.814453125,6,45,05:56,20:31,2025-07-11 03:11:53.213049,Castel Volturno,43.8,5.1068473,5.0161304,2.6552052,7.07099,73.5,4.2425942,4.2031026,1.0428572,1.8333334,74.3,4.464809,4.425342,4.8877726,3.17383,50.8,2.6142857,1.1,57.1
2025-07-11T03:12:03Z,236,29.852,78.4,39,69.7,2,4,51,52,0.0,255,32767,0.0,2127-15-31,0.0,0.12,27.44,0.0,0.0,0.0,0,0.814453125,6,45,05:56,20:31,2025-07-11 03:12:03.767054,Castel Volturno,43.8,5.1068473,5.0161304,2.6552052,7.07099,73.5,4.2425942,4.2031026,1.0428572,1.8333334,74.3,4.464809,4.425342,4.8877726,3.17383,50.8,2.6142857,1.1,57.1
2025-07-11T03:12:14Z,236,29.852,78.4,39,69.7,4,4,55,52,0.0,255,32767,0.0,2127-15-31,0.0,0.12,27.44,0.0,0.0,0.0,0,0.814453125,6,45,05:56,20:31,2025-07-11 03:12:14.321049,Castel Volturno,43.8,5.1068473,5.0161304,2.6552052,7.07099,73.5,4.2425942,4.2031026,1.0428572,1.8333334,74.3,4.464809,4.425342,4.8877726,3.17383,50.8,2.6142857,1.1,57.1
2025-07-11T03:12:25Z,236,29.852,78.4,39,69.7,3,4,80,52,0.0,255,32767,0.0,2127-15-31,0.0,0.12,27.44,0.0,0.0,0.0,0,0.814453125,6,45,05:56,20:31,2025-07-11 03:12:24.875042,Castel Volturno,43.8,5.1068473,5.0161304,2.6552052,7.07099,73.5,4.2425942,4.2031026,1.0428572,1.8333334,74.3,4.464809,4.425342,4.8877726,3.17383,50.8,2.6142857,1.1,57.1
2025-07-11T03:12:35Z,236,29.852,78.4,39,69.7,3,4,32,52,0.0,255,32767,0.0,2127-15-31,0.0,0.12,27.44,0.0,0.0,0.0,0,0.814453125,6,45,05:56,20:31,2025-07-11 03:12:35.429067,Castel Volturno,43.8,5.1068473,5.0161304,2.6552052,7.07099,73.5,4.2425942,4.2031026,1.0428572,1.8333334,74.3,4.464809,4.425342,4.8877726,3.17383,50.8,2.6142857,1.1,57.1
2025-07-11T03:12:46Z,236,29.852,78.4,39,69.7,3,4,88,52,0.0,255,32767,0.0,2127-15-31,0.0,0.12,27.44,0.0,0.0,0.0,0,0.814453125,6,45,05:56,20:31,2025-07-11 03:12:45.983043,Castel Volturno,43.8,5.1068473,5.0161304,2.6552052,7.07099,73.5,4.2425942,4.2031026,1.0428572,1.8333334,74.3,4.464809,4.425342,4.8877726,3.17383,50.8,2.6142857,1.1,57.1
2025-07-11T03:12:56Z,236,29.853,78.4,40,69.6,4,4,23,52,0.0,255,32767,0.0,2127-15-31,0.0,0.12,27.44,0.0,0.0,0.0,0,1.01953125,6,45,05:56,20:31,2025-07-11 03:12:56.530045,Castel Volturno,43.8,5.1068473,5.0161304,2.6552052,7.07099,73.5,4.2425942,4.2031026,1.0428572,1.8333334,74.3,4.464809,4.425342,4.8877726,3.17383,50.8,2.6142857,1.1,57.1
2025-07-11T03:13:07Z,236,29.853,78.4,40,69.6,3,4,28,52,0.0,255,32767,0.0,2127-15-31,0.0,0.12,27.44,0.0,0.0,0.0,0,1.01953125,6,45,05:56,20:31,2025-07-11 03:13:07.584047,Castel Volturno,43.8,5.1068473,5.0161304,2.6552052,7.07099,73.5,4.2425942,4.2031026,1.0428572,1.8333334,74.3,4.464809,4.425342,4.8877726,3.17383,50.8,2.6142857,1.1,57.1
2025-07-11T03:13:18Z,236,29.853,78.4,40,69.6,6,4,56,52,0.0,255,32767,0.0,2127-15-31,0.0,0.12,27.44,0.0,0.0,0.0,0,1.01953125,6,45,05:56,20:31,2025-07-11 03:13:18.138054,Castel Volturno,43.8,5.1068473,5.0161304,2.6552052,7.07099,73.5,4.2425942,4.2031026,1.0428572,1.8333334,74.3,4.464809,4.425342,4.8877726,3.17383,50.8,2.6142857,1.1,57.1
2025-07-11T03:13:28Z,236,29.853,78.4,40,69.6,4,4,45,52,0.0,255,32767,0.0,2127-15-31,0.0,0.12,27.44,0.0,0.0,0.0,0,1.01953125,6,45,05:56,20:31,2025-07-11 03:13:28.692078,Castel Volturno,43.8,5.1068473,5.0161304,2.6552052,7.07099,73.5,4.2425942,4.2031026,1.0428572,1.8333334,74.3,4.464809,4.425342,4.8877726,3.17383,50.8,2.6142857,1.1,57.1
2025-07-11T03:13:39Z,236,29.853,78.4,40,69.6,5,4,360,52,0.0,255,32767,0.0,2127-15-31,0.0,0.12,27.44,0.0,0.0,0.0,0,1.01953125,6,45,05:56,20:31,2025-07-11 03:13:39.278040,Castel Volturno,43.8,5.1068473,5.0161304,2.6552052,7.07099,73.5,4.2425942,4.2031026,1.0428572,1.8333334,74.3,4.464809,4.425342,4.8877726,3.17383,50.8,2.6142857,1.1,57.1
2025-07-11T03:13:50Z,236,29.853,78.4,40,69.6,4,4,44,52,0.0,255,32767,0.0,2127-15-31,0.0,0.12,27.44,0.0,0.0,0.0,0,1.01953125,6,45,05:56,20:31,2025-07-11 03:13:49.832005,Castel Volturno,43.8,5.1068473,5.0161304,2.6552052,7.07099,73.5,4.2425942,4.2031026,1.0428572,1.8333334,74.3,4.464809,4.425342,4.8877726,3.17383,50.8,2.6142857,1.1,57.1
2025-07-11T03:14:00Z,236,29.851,78.3,39,69.6,4,4,15,52,0.0,255,32767,0.0,2127-15-31,0.0,0.12,27.44,0.0,0.0,0.0,0,2.162109375,6,45,05:56,20:31,2025-07-11 03:14:00.386004,Castel Volturno,43.8,5.1068473,5.0161304,2.6552052,7.07099,73.5,4.2425942,4.2031026,1.0428572,1.8333334,74.3,4.464809,4.425342,4.8877726,3.17383,50.8,2.6142857,1.1,57.1
2025-07-11T03:14:11Z,236,29.851,78.3,39,69.6,3,4,15,52,0.0,255,32767,0.0,2127-15-31,0.0,0.12,27.44,0.0,0.0,0.0,0,2.162109375,6,45,05:56,20:31,2025-07-11 03:14:10.940065,Castel Volturno,43.8,5.1068473,5.0161304,2.6552052,7.07099,73.5,4.2425942,4.2031026,1.0428572,1.8333334,74.3,4.464809,4.425342,4.8877726,3.17383,50.8,2.6142857,1.1,57.1
2025-07-11T03:14:21Z,236,29.851,78.3,39,69.6,7,4,39,52,0.0,255,32767,0.0,2127-15-31,0.0,0.12,27.44,0.0,0.0,0.0,0,2.162109375,6,45,05:56,20:31,2025-07-11 03:14:21.494048,Castel Volturno,43.8,5.1068473,5.0161304,2.6552052,7.07099,73.5,4.2425942,4.2031026,1.0428572,1.8333334,74.3,4.464809,4.425342,4.8877726,3.17383,50.8,2.6142857,1.1,57.1
2025-07-11T03:14:32Z,236,29.851,78.3,39,69.5,7,4,10,52,0.0,255,32767,0.0,2127-15-31,0.0,0.12,27.44,0.0,0.0,0.0,0,2.162109375,6,45,05:56,20:31,2025-07-11 03:14:32.048044,Castel Volturno,43.8,5.1068473,5.0161304,2.6552052,7.07099,73.5,4.2425942,4.2031026,1.0428572,1.8333334,74.3,4.464809,4.425342,4.8877726,3.17383,50.8,2.6142857,1.1,57.1
2025-07-11T03:14:42Z,236,29.851,78.3,39,69.5,2,4,34,52,0.0,255,32767,0.0,2127-15-31,0.0,0.12,27.44,0.0,0.0,0.0,0,2.162109375,6,45,05:56,20:31,2025-07-11 03:14:42.602050,Castel Volturno,43.8,5.1068473,5.0161304,2.6552052,7.07099,73.5,4.2425942,4.2031026,1.0428572,1.8333334,74.3,4.464809,4.425342,4.8877726,3.17383,50.8,2.6142857,1.1,57.1
2025-07-11T03:14:53Z,236,29.851,78.4,39,69.6,1,4,50,52,0.0,255,32767,0.0,2127-15-31,0.0,0.12,27.44,0.0,0.0,0.0,0,0.7734375,6,45,05:56,20:31,2025-07-11 03:14:53.155050,Castel Volturno,43.8,5.1068473,5.0161304,2.6552052,7.07099,73.5,4.2425942,4.2031026,1.0428572,1.8333334,74.3,4.464809,4.425342,4.8877726,3.17383,50.8,2.6142857,1.1,57.1
2025-07-11T03:15:03Z,236,29.851,78.4,39,69.5,4,4,32,52,0.0,255,32767,0.0,2127-15-31,0.0,0.12,27.44,0.0,0.0,0.0,0,0.7734375,6,45,05:56,20:31,2025-07-11 03:15:03.709065,Castel Volturno,43.8,5.1068473,5.0161304,2.6552052,7.07099,73.5,4.2425942,4.2031026,1.0428572,1.8333334,74.3,4.464809,4.425342,4.8877726,3.17383,50.8,2.6142857,1.1,57.1
2025-07-11T03:15:14Z,236,29.851,78.4,39,69.5,3,4,63,52,0.0,255,32767,0.0,2127-15-31,0.0,0.12,27.44,0.0,0.0,0.0,0,0.7734375,6,45,05:56,20:31,2025-07-11 03:15:14.263049,Castel Volturno,43.8,5.1068473,5.0161304,2.6552052,7.07099,73.5,4.2425942,4.2031026,1.0428572,1.8333334,74.3,4.464809,4.425342,4.8877726,3.17383,50.8,2.6142857,1.1,57.1
2025-07-11T03:15:24Z,236,29.851,78.4,39,69.6,3,4,63,52,0.0,255,32767,0.0,2127-15-31,0.0,0.12,27.44,0.0,0.0,0.0,0,0.7734375,6,45,05:56,20:31,2025-07-11 03:15:24.794987,Castel Volturno,43.8,5.1068473,5.0161304,2.6552052,7.07099,73.5,4.2425942,4.2031026,1.0428572,1.8333334,74.3,4.464809,4.425342,4.8877726,3.17383,50.8,2.6142857,1.1,57.1
2025-07-11T03:15:35Z,236,29.851,78.4,39,69.6,4,4,10,52,0.0,255,32767,0.0,2127-15-31,0.0,0.12,27.44,0.0,0.0,0.0,0,0.7734375,6,45,05:56,20:31,2025-07-11 03:15:35.364048,Castel Volturno,43.8,5.1068473,5.0161304,2.6552052,7.07099,73.5,4.2425942,4.2031026,1.0428572,1.8333334,74.3,4.464809,4.425342,4.8877726,3.17383,50.8,2.6142857,1.1,57.1
2025-07-11T03:15:46Z,236,29.851,78.4,39,69.5,3,4,24,52,0.0,255,32767,0.0,2127-15-31,0.0,0.12,27.44,0.0,0.0,0.0,0,0.7734375,6,45,05:56,20:31,2025-07-11 03:15:45.918048,Castel Volturno,43.8,5.1068473,5.0161304,2.6552052,7.07099,73.5,4.2425942,4.2031026,1.0428572,1.8333334,74.3,4.464809,4.425342,4.8877726,3.17383,50.8,2.6142857,1.1,57.1
2025-07-11T03:15:56Z,236,29.85,78.4,40,69.6,3,4,44,52,0.0,255,32767,0.0,2127-15-31,0.0,0.12,27.44,0.0,0.0,0.0,0,0.767578125,6,45,05:56,20:31,2025-07-11 03:15:56.472051,Castel Volturno,43.8,5.1068473,5.0161304,2.6552052,7.07099,73.5,4.2425942,4.2031026,1.0428572,1.8333334,74.3,4.464809,4.425342,4.8877726,3.17383,50.8,2.6142857,1.1,57.1
2025-07-11T03:16:07Z,236,29.85,78.4,40,69.6,4,4,5,52,0.0,255,32767,0.0,2127-15-31,0.0,0.12,27.44,0.0,0.0,0.0,0,0.767578125,6,45,05:56,20:31,2025-07-11 03:16:07.026051,Castel Volturno,43.8,5.1068473,5.0161304,2.6552052,7.07099,73.5,4.2425942,4.2031026,1.0428572,1.8333334,74.3,4.464809,4.425342,4.8877726,3.17383,50.8,2.6142857,1.1,57.1
2025-07-11T03:16:17Z,236,29.85,78.4,40,69.5,7,4,36,52,0.0,255,32767,0.0,2127-15-31,0.0,0.12,27.44,0.0,0.0,0.0,0,0.767578125,6,45,05:56,20:31,2025-07-11 03:16:17.580042,Castel Volturno,43.8,5.1068473,5.0161304,2.6552052,7.07099,73.5,4.2425942,4.2031026,1.0428572,1.8333334,74.3,4.464809,4.425342,4.8877726,3.17383,50.8,2.6142857,1.1,57.1
2025-07-11T03:16:28Z,236,29.85,78.4,40,69.6,3,4,91,52,0.0,255,32767,0.0,2127-15-31,0.0,0.12,27.44,0.0,0.0,0.0,0,0.767578125,6,45,05:56,20:31,2025-07-11 03:16:28.134047,Castel Volturno,43.8,5.1068473,5.0161304,2.6552052,7.07099,73.5,4.2425942,4.2031026,1.0428572,1.8333334,74.3,4.464809,4.425342,4.8877726,3.17383,50.8,2.6142857,1.1,57.1
2025-07-11T03:16:38Z,236,29.85,78.4,40,69.6,3,4,52,52,0.0,255,32767,0.0,2127-15-31,0.0,0.12,27.44,0.0,0.0,0.0,0,0.767578125,6,45,05:56,20:31,2025-07-11 03:16:38.688059,Castel Volturno,43.8,5.1068473,5.0161304,2.6552052,7.07099,73.5,4.2425942,4.2031026,1.0428572,1.8333334,74.3,4.464809,4.425342,4.8877726,3.17383,50.8,2.6142857,1.1,57.1
2025-07-11T03:16:49Z,236,29.85,78.4,40,69.5,3,4,49,52,0.0,255,32767,0.0,2127-15-31,0.0,0.12,27.44,0.0,0.0,0.0,0,0.767578125,6,45,05:56,20:31,2025-07-11 03:16:49.242050,Castel Volturno,43.8,5.1068473,5.0161304,2.6552052,7.07099,73.5,4.2425942,4.2031026,1.0428572,1.8333334,74.3,4.464809,4.425342,4.8877726,3.17383,50.8,2.6142857,1.1,57.1
2025-07-11T03:16:59Z,236,29.853,78.3,40,69.5,3,4,19,52,0.0,255,32767,0.0,2127-15-31,0.0,0.12,27.44,0.0,0.0,0.0,0,0.7734375,6,45,05:56,20:31,2025-07-11 03:16:59.796045,Castel Volturno,43.8,5.1068473,5.0161304,2.6552052,7.07099,73.5,4.2425942,4.2031026,1.0428572,1.8333334,74.3,4.464809,4.425342,4.8877726,3.17383,50.8,2.6142857,1.1,57.1
2025-07-11T03:17:10Z,236,29.853,78.3,40,69.5,3,4,28,52,0.0,255,32767,0.0,2127-15-31,0.0,0.12,27.44,0.0,0.0,0.0,0,0.7734375,6,45,05:56,20:31,2025-07-11 03:17:10.350040,Castel Volturno,43.8,5.1068473,5.0161304,2.6552052,7.07099,73.5,4.2425942,4.2031026,1.0428572,1.8333334,74.3,4.464809,4.425342,4.8877726,3.17383,50.8,2.6142857,1.1,57.1
2025-07-11T03:17:21Z,236,29.853,78.3,40,69.5,2,4,61,52,0.0,255,32767,0.0,2127-15-31,0.0,0.12,27.44,0.0,0.0,0.0,0,0.7734375,6,45,05:56,20:31,2025-07-11 03:17:20.904052,Castel Volturno,43.8,5.1068473,5.0161304,2.6552052,7.07099,73.5,4.2425942,4.2031026,1.0428572,1.8333334,74.3,4.464809,4.425342,4.8877726,3.17383,50.8,2.6142857,1.1,57.1
2025-07-11T03:17:31Z,236,29.853,78.3,40,69.6,4,4,67,52,0.0,255,32767,0.0,2127-15-31,0.0,0.12,27.44,0.0,0.0,0.0,0,0.7734375,6,45,05:56,20:31,2025-07-11 03:17:31.458049,Castel Volturno,43.8,5.1068473,5.0161304,2.6552052,7.07099,73.5,4.2425942,4.2031026,1.0428572,1.8333334,74.3,4.464809,4.425342,4.8877726,3.17383,50.8,2.6142857,1.1,57.1
2025-07-11T03:17:42Z,236,29.853,78.3,40,69.6,2,4,30,52,0.0,255,32767,0.0,2127-15-31,0.0,0.12,27.44,0.0,0.0,0.0,0,0.7734375,6,45,05:56,20:31,2025-07-11 03:17:42.012046,Castel Volturno,43.8,5.1068473,5.0161304,2.6552052,7.07099,73.5,4.2425942,4.2031026,1.0428572,1.8333334,74.3,4.464809,4.425342,4.8877726,3.17383,50.8,2.6142857,1.1,57.1
2025-07-11T03:17:52Z,236,29.85,78.3,39,69.6,3,4,59,52,0.0,255,32767,0.0,2127-15-31,0.0,0.12,27.44,0.0,0.0,0.0,0,0.802734375,6,45,05:56,20:31,2025-07-11 03:17:52.566048,Castel Volturno,43.8,5.1068473,5.0161304,2.6552052,7.07099,73.5,4.2425942,4.2031026,1.0428572,1.8333334,74.3,4.464809,4.425342,4.8877726,3.17383,50.8,2.6142857,1.1,57.1
2025-07-11T03:18:03Z,236,29.85,78.3,39,69.6,3,4,46,52,0.0,255,32767,0.0,2127-15-31,0.0,0.12,27.44,0.0,0.0,0.0,0,0.802734375,6,45,05:56,20:31,2025-07-11 03:18:03.120045,Castel Volturno,44.2,4.6742835,4.9824557,2.0456066,6.3796053,73.3,3.8277633,4.1750536,1.7571429,3.1190476,74.1,4.0698247,3.4093442,4.4431887,2.5360553,50.9,2.1857142,1.8714286,57.1
2025-07-11T03:18:14Z,236,29.85,78.3,39,69.6,4,4,69,52,0.0,255,32767,0.0,2127-15-31,0.0,0.12,27.44,0.0,0.0,0.0,0,0.802734375,6,45,05:56,20:31,2025-07-11 03:18:14.162061,Castel Volturno,44.2,4.6742835,4.9824557,2.0456066,6.3796053,73.3,3.8277633,4.1750536,1.7571429,3.1190476,74.1,4.0698247,3.4093442,4.4431887,2.5360553,50.9,2.1857142,1.8714286,57.1
2025-07-11T03:18:24Z,236,29.85,78.3,39,69.5,4,4,84,52,0.0,255,32767,0.0,2127-15-31,0.0,0.12,27.44,0.0,0.0,0.0,0,0.802734375,6,45,05:56,20:31,2025-07-11 03:18:24.716037,Castel Volturno,44.2,4.6742835,4.9824557,2.0456066,6.3796053,73.3,3.8277633,4.1750536,1.7571429,3.1190476,74.1,4.0698247,3.4093442,4.4431887,2.5360553,50.9,2.1857142,1.8714286,57.1
2025-07-11T03:18:35Z,236,29.85,78.3,39,69.5,4,4,71,52,0.0,255,32767,0.0,2127-15-31,0.0,0.12,27.44,0.0,0.0,0.0,0,0.802734375,6,45,05:56,20:31,2025-07-11 03:18:35.270049,Castel Volturno,44.2,4.6742835,4.9824557,2.0456066,6.3796053,73.3,3.8277633,4.1750536,1.7571429,3.1190476,74.1,4.0698247,3.4093442,4.4431887,2.5360553,50.9,2.1857142,1.8714286,57.1
2025-07-11T03:18:46Z,236,29.85,78.3,39,69.5,8,4,23,52,0.0,255,32767,0.0,2127-15-31,0.0,0.12,27.44,0.0,0.0,0.0,0,0.802734375,6,45,05:56,20:31,2025-07-11 03:18:45.824042,Castel Volturno,44.2,4.6742835,4.9824557,2.0456066,6.3796053,73.3,3.8277633,4.1750536,1.7571429,3.1190476,74.1,4.0698247,3.4093442,4.4431887,2.5360553,50.9,2.1857142,1.8714286,57.1
2025-07-11T03:18:56Z,236,29.853,78.3,39,69.5,4,4,12,52,0.0,255,32767,0.0,2127-15-31,0.0,0.12,27.44,0.0,0.0,0.0,0,0.802734375,6,45,05:56,20:31,2025-07-11 03:18:56.378043,Castel Volturno,44.2,4.6742835,4.9824557,2.0456066,6.3796053,73.3,3.8277633,4.1750536,1.7571429,3.1190476,74.1,4.0698247,3.4093442,4.4431887,2.5360553,50.9,2.1857142,1.8714286,57.1
2025-07-11T03:19:07Z,236,29.853,78.3,39,69.5,5,4,62,52,0.0,255,32767,0.0,2127-15-31,0.0,0.12,27.44,0.0,0.0,0.0,0,0.802734375,6,45,05:56,20:31,2025-07-11 03:19:06.958053,Castel Volturno,44.2,4.6742835,4.9824557,2.0456066,6.3796053,73.3,3.8277633,4.1750536,1.7571429,3.1190476,74.1,4.0698247,3.4093442,4.4431887,2.5360553,50.9,2.1857142,1.8714286,57.1
2025-07-11T03:19:17Z,236,29.853,78.3,39,69.5,4,4,360,52,0.0,255,32767,0.0,2127-15-31,0.0,0.12,27.44,0.0,0.0,0.0,0,0.802734375,6,45,05:56,20:31,2025-07-11 03:19:17.513044,Castel Volturno,44.2,4.6742835,4.9824557,2.0456066,6.3796053,73.3,3.8277633,4.1750536,1.7571429,3.1190476,74.1,4.0698247,3.4093442,4.4431887,2.5360553,50.9,2.1857142,1.8714286,57.1
2025-07-11T03:19:28Z,236,29.853,78.3,39,69.5,3,4,17,52,0.0,255,32767,0.0,2127-15-31,0.0,0.12,27.44,0.0,0.0,0.0,0,0.802734375,6,45,05:56,20:31,2025-07-11 03:19:28.067046,Castel Volturno,44.2,4.6742835,4.9824557,2.0456066,6.3796053,73.3,3.8277633,4.1750536,1.7571429,3.1190476,74.1,4.0698247,3.4093442,4.4431887,2.5360553,50.9,2.1857142,1.8714286,57.1
2025-07-11T03:19:38Z,236,29.853,78.3,39,69.5,3,4,5,52,0.0,255,32767,0.0,2127-15-31,0.0,0.12,27.44,0.0,0.0,0.0,0,0.802734375,6,45,05:56,20:31,2025-07-11 03:19:38.654067,Castel Volturno,44.2,4.6742835,4.9824557,2.0456066,6.3796053,73.3,3.8277633,4.1750536,1.7571429,3.1190476,74.1,4.0698247,3.4093442,4.4431887,2.5360553,50.9,2.1857142,1.8714286,57.1
2025-07-11T03:19:49Z,236,29.853,78.3,39,69.5,4,4,23,52,0.0,255,32767,0.0,2127-15-31,0.0,0.12,27.44,0.0,0.0,0.0,0,0.802734375,6,45,05:56,20:31,2025-07-11 03:19:49.208016,Castel Volturno,44.2,4.6742835,4.9824557,2.0456066,6.3796053,73.3,3.8277633,4.1750536,1.7571429,3.1190476,74.1,4.0698247,3.4093442,4.4431887,2.5360553,50.9,2.1857142,1.8714286,57.1
2025-07-11T03:19:59Z,236,29.853,78.3,39,69.5,9,4,16,52,0.0,255,32767,0.0,2127-15-31,0.0,0.12,27.44,0.0,0.0,0.0,0,0.99609375,6,45,05:56,20:31,2025-07-11 03:19:59.762057,Castel Volturno,44.2,4.6742835,4.9824557,2.0456066,6.3796053,73.3,3.8277633,4.1750536,1.7571429,3.1190476,74.1,4.0698247,3.4093442,4.4431887,2.5360553,50.9,2.1857142,1.8714286,57.1
2025-07-11T03:20:10Z,236,29.853,78.3,39,69.5,7,4,38,52,0.0,255,32767,0.0,2127-15-31,0.0,0.12,27.44,0.0,0.0,0.0,0,0.99609375,6,45,05:56,20:31,2025-07-11 03:20:10.316045,Castel Volturno,44.2,4.6742835,4.9824557,2.0456066,6.3796053,73.3,3.8277633,4.1750536,1.7571429,3.1190476,74.1,4.0698247,3.4093442,4.4431887,2.5360553,50.9,2.1857142,1.8714286,57.1
2025-07-11T03:20:21Z,236,29.853,78.3,39,69.5,1,4,9,52,0.0,255,32767,0.0,2127-15-31,0.0,0.12,27.44,0.0,0.0,0.0,0,0.99609375,6,45,05:56,20:31,2025-07-11 03:20:20.871052,Castel Volturno,44.2,4.6742835,4.9824557,2.0456066,6.3796053,73.3,3.8277633,4.1750536,1.7571429,3.1190476,74.1,4.0698247,3.4093442,4.4431887,2.5360553,50.9,2.1857142,1.8714286,57.1
2025-07-11T03:20:31Z,236,29.853,78.3,39,69.5,3,4,15,52,0.0,255,32767,0.0,2127-15-31,0.0,0.12,27.44,0.0,0.0,0.0,0,0.99609375,6,45,05:56,20:31,2025-07-11 03:20:31.425048,Castel Volturno,44.2,4.6742835,4.9824557,2.0456066,6.3796053,73.3,3.8277633,4.1750536,1.7571429,3.1190476,74.1,4.0698247,3.4093442,4.4431887,2.5360553,50.9,2.1857142,1.8714286,57.1
2025-07-11T03:20:42Z,236,29.853,78.3,39,69.5,2,4,34,52,0.0,255,32767,0.0,2127-15-31,0.0,0.12,27.44,0.0,0.0,0.0,0,0.99609375,6,45,05:56,20:31,2025-07-11 03:20:41.979046,Castel Volturno,44.2,4.6742835,4.9824557,2.0456066,6.3796053,73.3,3.8277633,4.1750536,1.7571429,3.1190476,74.1,4.0698247,3.4093442,4.4431887,2.5360553,50.9,2.1857142,1.8714286,57.1
2025-07-11T03:20:52Z,236,29.853,78.3,39,69.4,3,4,71,52,0.0,255,32767,0.0,2127-15-31,0.0,0.12,27.44,0.0,0.0,0.0,0,2.00390625,6,45,05:56,20:31,2025-07-11 03:20:52.534043,Castel Volturno,44.2,4.6742835,4.9824557,2.0456066,6.3796053,73.3,3.8277633,4.1750536,1.7571429,3.1190476,74.1,4.0698247,3.4093442,4.4431887,2.5360553,50.9,2.1857142,1.8714286,57.1
2025-07-11T03:21:03Z,236,29.853,78.3,39,69.5,4,4,75,52,0.0,255,32767,0.0,2127-15-31,0.0,0.12,27.44,0.0,0.0,0.0,0,2.00390625,6,45,05:56,20:31,2025-07-11 03:21:03.088064,Castel Volturno,44.2,4.6742835,4.9824557,2.0456066,6.3796053,73.3,3.8277633,4.1750536,1.7571429,3.1190476,74.1,4.0698247,3.4093442,4.4431887,2.5360553,50.9,2.1857142,1.8714286,57.1
2025-07-11T03:21:13Z,236,29.853,78.3,39,69.4,4,4,61,52,0.0,255,32767,0.0,2127-15-31,0.0,0.12,27.44,0.0,0.0,0.0,0,2.00390625,6,45,05:56,20:31,2025-07-11 03:21:13.643047,Castel Volturno,44.2,4.6742835,4.9824557,2.0456066,6.3796053,73.3,3.8277633,4.1750536,1.7571429,3.1190476,74.1,4.0698247,3.4093442,4.4431887,2.5360553,50.9,2.1857142,1.8714286,57.1
2025-07-11T03:21:24Z,236,29.853,78.3,39,69.5,3,4,85,52,0.0,255,32767,0.0,2127-15-31,0.0,0.12,27.44,0.0,0.0,0.0,0,2.00390625,6,45,05:56,20:31,2025-07-11 03:21:24.197039,Castel Volturno,44.2,4.6742835,4.9824557,2.0456066,6.3796053,73.3,3.8277633,4.1750536,1.7571429,3.1190476,74.1,4.0698247,3.4093442,4.4431887,2.5360553,50.9,2.1857142,1.8714286,57.1
2025-07-11T03:21:34Z,236,29.853,78.3,39,69.5,3,4,17,52,0.0,255,32767,0.0,2127-15-31,0.0,0.12,27.44,0.0,0.0,0.0,0,2.00390625,6,45,05:56,20:31,2025-07-11 03:21:34.751041,Castel Volturno,44.2,4.6742835,4.9824557,2.0456066,6.3796053,73.3,3.8277633,4.1750536,1.7571429,3.1190476,74.1,4.0698247,3.4093442,4.4431887,2.5360553,50.9,2.1857142,1.8714286,57.1
2025-07-11T03:21:45Z,236,29.853,78.3,39,69.5,3,4,63,52,0.0,255,32767,0.0,2127-15-31,0.0,0.12,27.44,0.0,0.0,0.0,0,2.00390625,6,45,05:56,20:31,2025-07-11 03:21:45.305040,Castel Volturno,44.2,4.6742835,4.9824557,2.0456066,6.3796053,73.3,3.8277633,4.1750536,1.7571429,3.1190476,74.1,4.0698247,3.4093442,4.4431887,2.5360553,50.9,2.1857142,1.8714286,57.1
2025-07-11T03:21:56Z,236,29.851,78.3,39,69.5,4,4,22,52,0.0,255,32767,0.0,2127-15-31,0.0,0.12,27.44,0.0,0.0,0.0,0,0.767578125,6,45,05:56,20:31,2025-07-11 03:21:55.859044,Castel Volturno,44.2,4.6742835,4.9824557,2.0456066,6.3796053,73.3,3.8277633,4.1750536,1.7571429,3.1190476,74.1,4.0698247,3.4093442,4.4431887,2.5360553,50.9,2.1857142,1.8714286,57.1
2025-07-11T03:22:06Z,236,29.851,78.3,39,69.4,3,4,92,52,0.0,255,32767,0.0,2127-15-31,0.0,0.12,27.44,0.0,0.0,0.0,0,0.767578125,6,45,05:56,20:31,2025-07-11 03:22:06.396053,Castel Volturno,44.2,4.6742835,4.9824557,2.0456066,6.3796053,73.3,3.8277633,4.1750536,1.7571429,3.1190476,74.1,4.0698247,3.4093442,4.4431887,2.5360553,50.9,2.1857142,1.8714286,57.1
2025-07-11T03:22:17Z,236,29.851,78.3,39,69.4,3,4,52,52,0.0,255,32767,0.0,2127-15-31,0.0,0.12,27.44,0.0,0.0,0.0,0,0.767578125,6,45,05:56,20:31,2025-07-11 03:22:16.966009,Castel Volturno,44.2,4.6742835,4.9824557,2.0456066,6.3796053,73.3,3.8277633,4.1750536,1.7571429,3.1190476,74.1,4.0698247,3.4093442,4.4431887,2.5360553,50.9,2.1857142,1.8714286,57.1
2025-07-11T03:22:27Z,236,29.851,78.3,39,69.4,4,4,95,52,0.0,255,32767,0.0,2127-15-31,0.0,0.12,27.44,0.0,0.0,0.0,0,0.767578125,6,45,05:56,20:31,2025-07-11 03:22:27.682059,Castel Volturno,44.2,4.6742835,4.9824557,2.0456066,6.3796053,73.3,3.8277633,4.1750536,1.7571429,3.1190476,74.1,4.0698247,3.4093442,4.4431887,2.5360553,50.9,2.1857142,1.8714286,57.1
2025-07-11T03:22:38Z,236,29.851,78.3,39,69.4,4,4,86,52,0.0,255,32767,0.0,2127-15-31,0.0,0.12,27.44,0.0,0.0,0.0,0,0.767578125,6,45,05:56,20:31,2025-07-11 03:22:38.236044,Castel Volturno,44.2,4.6742835,4.9824557,2.0456066,6.3796053,73.3,3.8277633,4.1750536,1.7571429,3.1190476,74.1,4.0698247,3.4093442,4.4431887,2.5360553,50.9,2.1857142,1.8714286,57.1
2025-07-11T03:22:48Z,236,29.851,78.3,39,69.4,3,4,12,52,0.0,255,32767,0.0,2127-15-31,0.0,0.12,27.44,0.0,0.0,0.0,0,0.767578125,6,45,05:56,20:31,2025-07-11 03:22:48.790055,Castel Volturno,44.2,4.6742835,4.9824557,2.0456066,6.3796053,73.3,3.8277633,4.1750536,1.7571429,3.1190476,74.1,4.0698247,3.4093442,4.4431887,2.5360553,50.9,2.1857142,1.8714286,57.1
2025-07-11T03:22:59Z,236,29.853,78.3,39,69.5,7,4,13,52,0.0,255,32767,0.0,2127-15-31,0.0,0.12,27.44,0.0,0.0,0.0,0,0.87890625,6,45,05:56,20:31,2025-07-11 03:22:59.378044,Castel Volturno,44.2,4.6742835,4.9824557,2.0456066,6.3796053,73.3,3.8277633,4.1750536,1.7571429,3.1190476,74.1,4.0698247,3.4093442,4.4431887,2.5360553,50.9,2.1857142,1.8714286,57.1
2025-07-11T03:23:10Z,236,29.853,78.3,39,69.4,4,4,99,52,0.0,255,32767,0.0,2127-15-31,0.0,0.12,27.44,0.0,0.0,0.0,0,0.87890625,6,45,05:56,20:31,2025-07-11 03:23:09.932064,Castel Volturno,44.2,4.6742835,4.9824557,2.0456066,6.3796053,73.3,3.8277633,4.1750536,1.7571429,3.1190476,74.1,4.0698247,3.4093442,4.4431887,2.5360553,50.9,2.1857142,1.8714286,57.1
2025-07-11T03:23:21Z,236,29.853,78.3,39,69.4,4,4,65,52,0.0,255,32767,0.0,2127-15-31,0.0,0.12,27.44,0.0,0.0,0.0,0,0.87890625,6,45,05:56,20:31,2025-07-11 03:23:21.001046,Castel Volturno,44.2,4.6742835,4.9824557,2.0456066,6.3796053,73.3,3.8277633,4.1750536,1.7571429,3.1190476,74.1,4.0698247,3.4093442,4.4431887,2.5360553,50.9,2.1857142,1.8714286,57.1
2025-07-11T03:23:31Z,236,29.853,78.3,39,69.4,3,4,49,52,0.0,255,32767,0.0,2127-15-31,0.0,0.12,27.44,0.0,0.0,0.0,0,0.87890625,6,45,05:56,20:31,2025-07-11 03:23:31.555043,Castel Volturno,44.2,4.6742835,4.9824557,2.0456066,6.3796053,73.3,3.8277633,4.1750536,1.7571429,3.1190476,74.1,4.0698247,3.4093442,4.4431887,2.5360553,50.9,2.1857142,1.8714286,57.1
2025-07-11T03:23:42Z,236,29.853,78.3,39,69.4,3,4,84,52,0.0,255,32767,0.0,2127-15-31,0.0,0.12,27.44,0.0,0.0,0.0,0,0.87890625,6,45,05:56,20:31,2025-07-11 03:23:42.109063,Castel Volturno,44.2,4.6742835,4.9824557,2.0456066,6.3796053,73.3,3.8277633,4.1750536,1.7571429,3.1190476,74.1,4.0698247,3.4093442,4.4431887,2.5360553,50.9,2.1857142,1.8714286,57.1
2025-07-11T03:23:52Z,236,29.852,78.2,39,69.4,1,4,31,52,0.0,255,32767,0.0,2127-15-31,0.0,0.12,27.44,0.0,0.0,0.0,0,0.76171875,6,45,05:56,20:31,2025-07-11 03:23:52.663045,Castel Volturno,44.2,4.6742835,4.9824557,2.0456066,6.3796053,73.3,3.8277633,4.1750536,1.7571429,3.1190476,74.1,4.0698247,3.4093442,4.4431887,2.5360553,50.9,2.1857142,1.8714286,57.1
2025-07-11T03:24:03Z,236,29.852,78.2,39,69.4,4,4,12,52,0.0,255,32767,0.0,2127-15-31,0.0,0.12,27.44,0.0,0.0,0.0,0,0.76171875,6,45,05:56,20:31,2025-07-11 03:24:03.217042,Castel Volturno,44.2,4.6742835,4.9824557,2.0456066,6.3796053,73.3,3.8277633,4.1750536,1.7571429,3.1190476,74.1,4.0698247,3.4093442,4.4431887,2.5360553,50.9,2.1857142,1.8714286,57.1
2025-07-11T03:24:13Z,236,29.852,78.2,39,69.4,4,4,38,52,0.0,255,32767,0.0,2127-15-31,0.0,0.12,27.44,0.0,0.0,0.0,0,0.76171875,6,45,05:56,20:31,2025-07-11 03:24:13.771051,Castel Volturno,44.2,4.6742835,4.9824557,2.0456066,6.3796053,73.3,3.8277633,4.1750536,1.7571429,3.1190476,74.1,4.0698247,3.4093442,4.4431887,2.5360553,50.9,2.1857142,1.8714286,57.1
2025-07-11T03:24:24Z,236,29.852,78.2,39,69.4,6,4,52,52,0.0,255,32767,0.0,2127-15-31,0.0,0.12,27.44,0.0,0.0,0.0,0,0.76171875,6,45,05:56,20:31,2025-07-11 03:24:24.358048,Castel Volturno,44.2,4.6742835,4.9824557,2.0456066,6.3796053,73.3,3.8277633,4.1750536,1.7571429,3.1190476,74.1,4.0698247,3.4093442,4.4431887,2.5360553,50.9,2.1857142,1.8714286,57.1
2025-07-11T03:24:35Z,236,29.852,78.2,39,69.4,4,4,9,52,0.0,255,32767,0.0,2127-15-31,0.0,0.12,27.44,0.0,0.0,0.0,0,0.76171875,6,45,05:56,20:31,2025-07-11 03:24:34.911036,Castel Volturno,44.2,4.6742835,4.9824557,2.0456066,6.3796053,73.3,3.8277633,4.1750536,1.7571429,3.1190476,74.1,4.0698247,3.4093442,4.4431887,2.5360553,50.9,2.1857142,1.8714286,57.1
2025-07-11T03:24:45Z,236,29.852,78.2,39,69.4,3,4,52,52,0.0,255,32767,0.0,2127-15-31,0.0,0.12,27.44,0.0,0.0,0.0,0,0.76171875,6,45,05:56,20:31,2025-07-11 03:24:45.465044,Castel Volturno,44.2,4.6742835,4.9824557,2.0456066,6.3796053,73.3,3.8277633,4.1750536,1.7571429,3.1190476,74.1,4.0698247,3.4093442,4.4431887,2.5360553,50.9,2.1857142,1.8714286,57.1
2025-07-11T03:24:56Z,236,29.853,78.2,40,69.3,2,4,28,52,0.0,255,32767,0.0,2127-15-31,0.0,0.12,27.44,0.0,0.0,0.0,0,0.767578125,6,45,05:56,20:31,2025-07-11 03:24:56.020047,Castel Volturno,44.2,4.6742835,4.9824557,2.0456066,6.3796053,73.3,3.8277633,4.1750536,1.7571429,3.1190476,74.1,4.0698247,3.4093442,4.4431887,2.5360553,50.9,2.1857142,1.8714286,57.1
2025-07-11T03:25:06Z,236,29.853,78.2,40,69.3,3,4,28,52,0.0,255,32767,0.0,2127-15-31,0.0,0.12,27.44,0.0,0.0,0.0,0,0.767578125,6,45,05:56,20:31,2025-07-11 03:25:06.574056,Castel Volturno,44.2,4.6742835,4.9824557,2.0456066,6.3796053,73.3,3.8277633,4.1750536,1.7571429,3.1190476,74.1,4.0698247,3.4093442,4.4431887,2.5360553,50.9,2.1857142,1.8714286,57.1
2025-07-11T03:25:17Z,236,29.853,78.2,40,69.4,1,4,26,52,0.0,255,32767,0.0,2127-15-31,0.0,0.12,27.44,0.0,0.0,0.0,0,0.767578125,6,45,05:56,20:31,2025-07-11 03:25:17.133055,Castel Volturno,44.2,4.6742835,4.9824557,2.0456066,6.3796053,73.3,3.8277633,4.1750536,1.7571429,3.1190476,74.1,4.0698247,3.4093442,4.4431887,2.5360553,50.9,2.1857142,1.8714286,57.1
2025-07-11T03:25:27Z,236,29.853,78.2,40,69.4,7,4,78,52,0.0,255,32767,0.0,2127-15-31,0.0,0.12,27.44,0.0,0.0,0.0,0,0.767578125,6,45,05:56,20:31,2025-07-11 03:25:27.687042,Castel Volturno,44.2,4.6742835,4.9824557,2.0456066,6.3796053,73.3,3.8277633,4.1750536,1.7571429,3.1190476,74.1,4.0698247,3.4093442,4.4431887,2.5360553,50.9,2.1857142,1.8714286,57.1
2025-07-11T03:25:38Z,236,29.853,78.2,40,69.4,3,4,78,52,0.0,255,32767,0.0,2127-15-31,0.0,0.12,27.44,0.0,0.0,0.0,0,0.767578125,6,45,05:56,20:31,2025-07-11 03:25:38.241051,Castel Volturno,44.2,4.6742835,4.9824557,2.0456066,6.3796053,73.3,3.8277633,4.1750536,1.7571429,3.1190476,74.1,4.0698247,3.4093442,4.4431887,2.5360553,50.9,2.1857142,1.8714286,57.1
2025-07-11T03:25:48Z,236,29.853,78.2,40,69.4,4,4,53,52,0.0,255,32767,0.0,2127-15-31,0.0,0.12,27.44,0.0,0.0,0.0,0,0.767578125,6,45,05:56,20:31,2025-07-11 03:25:48.785049,Castel Volturno,44.2,4.6742835,4.9824557,2.0456066,6.3796053,73.3,3.8277633,4.1750536,1.7571429,3.1190476,74.1,4.0698247,3.4093442,4.4431887,2.5360553,50.9,2.1857142,1.8714286,57.1
2025-07-11T03:25:59Z,236,29.852,78.3,39,69.3,3,4,19,52,0.0,255,32767,0.0,2127-15-31,0.0,0.12,27.44,0.0,0.0,0.0,0,0.796875,6,45,05:56,20:31,2025-07-11 03:25:59.339068,Castel Volturno,44.2,4.6742835,4.9824557,2.0456066,6.3796053,73.3,3.8277633,4.1750536,1.7571429,3.1190476,74.1,4.0698247,3.4093442,4.4431887,2.5360553,50.9,2.1857142,1.8714286,57.1
2025-07-11T03:26:10Z,236,29.852,78.3,39,69.3,1,4,26,52,0.0,255,32767,0.0,2127-15-31,0.0,0.12,27.44,0.0,0.0,0.0,0,0.796875,6,45,05:56,20:31,2025-07-11 03:26:09.893047,Castel Volturno,44.2,4.6742835,4.9824557,2.0456066,6.3796053,73.3,3.8277633,4.1750536,1.7571429,3.1190476,74.1,4.0698247,3.4093442,4.4431887,2.5360553,50.9,2.1857142,1.8714286,57.1
2025-07-11T03:26:20Z,236,29.852,78.3,39,69.3,3,4,59,52,0.0,255,32767,0.0,2127-15-31,0.0,0.12,27.44,0.0,0.0,0.0,0,0.796875,6,45,05:56,20:31,2025-07-11 03:26:20.447046,Castel Volturno,44.2,4.6742835,4.9824557,2.0456066,6.3796053,73.3,3.8277633,4.1750536,1.7571429,3.1190476,74.1,4.0698247,3.4093442,4.4431887,2.5360553,50.9,2.1857142,1.8714286,57.1
2025-07-11T03:26:31Z,236,29.852,78.3,39,69.3,2,4,75,52,0.0,255,32767,0.0,2127-15-31,0.0,0.12,27.44,0.0,0.0,0.0,0,0.796875,6,45,05:56,20:31,2025-07-11 03:26:30.996052,Castel Volturno,44.2,4.6742835,4.9824557,2.0456066,6.3796053,73.3,3.8277633,4.1750536,1.7571429,3.1190476,74.1,4.0698247,3.4093442,4.4431887,2.5360553,50.9,2.1857142,1.8714286,57.1
2025-07-11T03:26:41Z,236,29.852,78.3,39,69.3,1,4,87,52,0.0,255,32767,0.0,2127-15-31,0.0,0.12,27.44,0.0,0.0,0.0,0,0.796875,6,45,05:56,20:31,2025-07-11 03:26:41.550046,Castel Volturno,44.2,4.6742835,4.9824557,2.0456066,6.3796053,73.3,3.8277633,4.1750536,1.7571429,3.1190476,74.1,4.0698247,3.4093442,4.4431887,2.5360553,50.9,2.1857142,1.8714286,57.1
2025-07-11T03:26:52Z,236,29.854,78.2,40,69.3,1,4,74,52,0.0,255,32767,0.0,2127-15-31,0.0,0.12,27.44,0.0,0.0,0.0,0,0.955078125,6,45,05:56,20:31,2025-07-11 03:26:52.104055,Castel Volturno,44.2,4.6742835,4.9824557,2.0456066,6.3796053,73.3,3.8277633,4.1750536,1.7571429,3.1190476,74.1,4.0698247,3.4093442,4.4431887,2.5360553,50.9,2.1857142,1.8714286,57.1
2025-07-11T03:27:02Z,236,29.854,78.2,40,69.3,2,4,5,52,0.0,255,32767,0.0,2127-15-31,0.0,0.12,27.44,0.0,0.0,0.0,0,0.955078125,6,45,05:56,20:31,2025-07-11 03:27:02.658049,Castel Volturno,44.2,4.6742835,4.9824557,2.0456066,6.3796053,73.3,3.8277633,4.1750536,1.7571429,3.1190476,74.1,4.0698247,3.4093442,4.4431887,2.5360553,50.9,2.1857142,1.8714286,57.1
2025-07-11T03:27:13Z,236,29.854,78.2,40,69.3,3,4,331,52,0.0,255,32767,0.0,2127-15-31,0.0,0.12,27.44,0.0,0.0,0.0,0,0.955078125,6,45,05:56,20:31,2025-07-11 03:27:13.210007,Castel Volturno,44.2,4.6742835,4.9824557,2.0456066,6.3796053,73.3,3.8277633,4.1750536,1.7571429,3.1190476,74.1,4.0698247,3.4093442,4.4431887,2.5360553,50.9,2.1857142,1.8714286,57.1
2025-07-11T03:27:23Z,236,29.854,78.2,40,69.3,2,4,11,52,0.0,255,32767,0.0,2127-15-31,0.0,0.12,27.44,0.0,0.0,0.0,0,0.955078125,6,45,05:56,20:31,2025-07-11 03:27:23.762050,Castel Volturno,44.2,4.6742835,4.9824557,2.0456066,6.3796053,73.3,3.8277633,4.1750536,1.7571429,3.1190476,74.1,4.0698247,3.4093442,4.4431887,2.5360553,50.9,2.1857142,1.8714286,57.1
2025-07-11T03:27:34Z,236,29.854,78.2,40,69.3,2,4,46,52,0.0,255,32767,0.0,2127-15-31,0.0,0.12,27.44,0.0,0.0,0.0,0,0.955078125,6,45,05:56,20:31,2025-07-11 03:27:34.316045,Castel Volturno,44.2,4.6742835,4.9824557,2.0456066,6.3796053,73.3,3.8277633,4.1750536,1.7571429,3.1190476,74.1,4.0698247,3.4093442,4.4431887,2.5360553,50.9,2.1857142,1.8714286,57.1
2025-07-11T03:27:45Z,236,29.854,78.2,40,69.3,5,4,22,52,0.0,255,32767,0.0,2127-15-31,0.0,0.12,27.44,0.0,0.0,0.0,0,0.955078125,6,45,05:56,20:31,2025-07-11 03:27:44.870047,Castel Volturno,44.2,4.6742835,4.9824557,2.0456066,6.3796053,73.3,3.8277633,4.1750536,1.7571429,3.1190476,74.1,4.0698247,3.4093442,4.4431887,2.5360553,50.9,2.1857142,1.8714286,57.1
2025-07-11T03:27:55Z,236,29.851,78.2,39,69.3,4,4,40,52,0.0,255,32767,0.0,2127-15-31,0.0,0.12,27.44,0.0,0.0,0.0,0,1.787109375,6,45,05:56,20:31,2025-07-11 03:27:55.424060,Castel Volturno,44.2,4.6742835,4.9824557,2.0456066,6.3796053,73.3,3.8277633,4.1750536,1.7571429,3.1190476,74.1,4.0698247,3.4093442,4.4431887,2.5360553,50.9,2.1857142,1.8714286,57.1
2025-07-11T03:28:06Z,236,29.851,78.2,39,69.3,5,4,5,52,0.0,255,32767,0.0,2127-15-31,0.0,0.12,27.44,0.0,0.0,0.0,0,1.787109375,6,45,05:56,20:31,2025-07-11 03:28:05.978046,Castel Volturno,44.2,4.6742835,4.9824557,2.0456066,6.3796053,73.3,3.8277633,4.1750536,1.7571429,3.1190476,74.1,4.0698247,3.4093442,4.4431887,2.5360553,50.9,2.1857142,1.8714286,57.1
2025-07-11T03:28:16Z,236,29.851,78.2,39,69.3,4,4,69,52,0.0,255,32767,0.0,2127-15-31,0.0,0.12,27.44,0.0,0.0,0.0,0,1.787109375,6,45,05:56,20:31,2025-07-11 03:28:16.515078,Castel Volturno,44.2,4.6742835,4.9824557,2.0456066,6.3796053,73.3,3.8277633,4.1750536,1.7571429,3.1190476,74.1,4.0698247,3.4093442,4.4431887,2.5360553,50.9,2.1857142,1.8714286,57.1
2025-07-11T03:28:27Z,236,29.851,78.2,39,69.3,4,4,38,52,0.0,255,32767,0.0,2127-15-31,0.0,0.12,27.44,0.0,0.0,0.0,0,1.787109375,6,45,05:56,20:31,2025-07-11 03:28:27.589048,Castel Volturno,44.2,4.6742835,4.9824557,2.0456066,6.3796053,73.3,3.8277633,4.1750536,1.7571429,3.1190476,74.1,4.0698247,3.4093442,4.4431887,2.5360553,50.9,2.1857142,1.8714286,57.1
2025-07-11T03:28:38Z,236,29.851,78.2,39,69.3,3,4,56,52,0.0,255,32767,0.0,2127-15-31,0.0,0.12,27.44,0.0,0.0,0.0,0,1.787109375,6,45,05:56,20:31,2025-07-11 03:28:38.143012,Castel Volturno,44.2,4.6742835,4.9824557,2.0456066,6.3796053,73.3,3.8277633,4.1750536,1.7571429,3.1190476,74.1,4.0698247,3.4093442,4.4431887,2.5360553,50.9,2.1857142,1.8714286,57.1
2025-07-11T03:28:48Z,236,29.851,78.2,39,69.3,4,4,48,52,0.0,255,32767,0.0,2127-15-31,0.0,0.12,27.44,0.0,0.0,0.0,0,1.787109375,6,45,05:56,20:31,2025-07-11 03:28:48.697056,Castel Volturno,44.2,4.6742835,4.9824557,2.0456066,6.3796053,73.3,3.8277633,4.1750536,1.7571429,3.1190476,74.1,4.0698247,3.4093442,4.4431887,2.5360553,50.9,2.1857142,1.8714286,57.1
2025-07-11T03:28:59Z,236,29.854,78.2,40,69.3,6,4,37,52,0.0,255,32767,0.0,2127-15-31,0.0,0.12,27.44,0.0,0.0,0.0,0,0.7734375,6,45,05:56,20:31,2025-07-11 03:28:59.243090,Castel Volturno,44.2,4.6742835,4.9824557,2.0456066,6.3796053,73.3,3.8277633,4.1750536,1.7571429,3.1190476,74.1,4.0698247,3.4093442,4.4431887,2.5360553,50.9,2.1857142,1.8714286,57.1
2025-07-11T03:29:09Z,236,29.854,78.2,40,69.3,4,4,28,52,0.0,255,32767,0.0,2127-15-31,0.0,0.12,27.44,0.0,0.0,0.0,0,0.7734375,6,45,05:56,20:31,2025-07-11 03:29:09.798020,Castel Volturno,44.2,4.6742835,4.9824557,2.0456066,6.3796053,73.3,3.8277633,4.1750536,1.7571429,3.1190476,74.1,4.0698247,3.4093442,4.4431887,2.5360553,50.9,2.1857142,1.8714286,57.1
2025-07-11T03:29:20Z,236,29.854,78.2,40,69.3,3,4,44,52,0.0,255,32767,0.0,2127-15-31,0.0,0.12,27.44,0.0,0.0,0.0,0,0.7734375,6,45,05:56,20:31,2025-07-11 03:29:20.352053,Castel Volturno,44.2,4.6742835,4.9824557,2.0456066,6.3796053,73.3,3.8277633,4.1750536,1.7571429,3.1190476,74.1,4.0698247,3.4093442,4.4431887,2.5360553,50.9,2.1857142,1.8714286,57.1
2025-07-11T03:29:31Z,236,29.854,78.2,40,69.2,5,4,76,52,0.0,255,32767,0.0,2127-15-31,0.0,0.12,27.44,0.0,0.0,0.0,0,0.7734375,6,45,05:56,20:31,2025-07-11 03:29:30.906051,Castel Volturno,44.2,4.6742835,4.9824557,2.0456066,6.3796053,73.3,3.8277633,4.1750536,1.7571429,3.1190476,74.1,4.0698247,3.4093442,4.4431887,2.5360553,50.9,2.1857142,1.8714286,57.1
2025-07-11T03:29:41Z,236,29.854,78.2,40,69.2,4,4,55,52,0.0,255,32767,0.0,2127-15-31,0.0,0.12,27.44,0.0,0.0,0.0,0,0.7734375,6,45,05:56,20:31,2025-07-11 03:29:41.460058,Castel Volturno,44.2,4.6742835,4.9824557,2.0456066,6.3796053,73.3,3.8277633,4.1750536,1.7571429,3.1190476,74.1,4.0698247,3.4093442,4.4431887,2.5360553,50.9,2.1857142,1.8714286,57.1
2025-07-11T03:29:52Z,236,29.854,78.2,39,69.3,3,4,22,52,0.0,255,32767,0.0,2127-15-31,0.0,0.12,27.44,0.0,0.0,0.0,0,0.7734375,6,45,05:56,20:31,2025-07-11 03:29:52.014045,Castel Volturno,44.2,4.6742835,4.9824557,2.0456066,6.3796053,73.3,3.8277633,4.1750536,1.7571429,3.1190476,74.1,4.0698247,3.4093442,4.4431887,2.5360553,50.9,2.1857142,1.8714286,57.1
2025-07-11T03:30:02Z,236,29.854,78.2,39,69.3,2,4,5,52,0.0,255,32767,0.0,2127-15-31,0.0,0.12,27.44,0.0,0.0,0.0,0,0.7734375,6,45,05:56,20:31,2025-07-11 03:30:02.568046,Castel Volturno,44.2,4.6742835,4.9824557,2.0456066,6.3796053,73.3,3.8277633,4.1750536,1.7571429,3.1190476,74.1,4.0698247,3.4093442,4.4431887,2.5360553,50.9,2.1857142,1.8714286,57.1
2025-07-11T03:30:13Z,236,29.854,78.2,39,69.3,3,4,55,52,0.0,255,32767,0.0,2127-15-31,0.0,0.12,27.44,0.0,0.0,0.0,0,0.7734375,6,45,05:56,20:31,2025-07-11 03:30:13.122043,Castel Volturno,44.2,4.6742835,4.9824557,2.0456066,6.3796053,73.3,3.8277633,4.1750536,1.7571429,3.1190476,74.1,4.0698247,3.4093442,4.4431887,2.5360553,50.9,2.1857142,1.8714286,57.1
2025-07-11T03:30:23Z,236,29.854,78.2,39,69.3,3,4,11,52,0.0,255,32767,0.0,2127-15-31,0.0,0.12,27.44,0.0,0.0,0.0,0,0.7734375,6,45,05:56,20:31,2025-07-11 03:30:23.676051,Castel Volturno,44.2,4.6742835,4.9824557,2.0456066,6.3796053,73.3,3.8277633,4.1750536,1.7571429,3.1190476,74.1,4.0698247,3.4093442,4.4431887,2.5360553,50.9,2.1857142,1.8714286,57.1
2025-07-11T03:30:34Z,236,29.854,78.2,39,69.3,3,4,41,52,0.0,255,32767,0.0,2127-15-31,0.0,0.12,27.44,0.0,0.0,0.0,0,0.7734375,6,45,05:56,20:31,2025-07-11 03:30:34.230072,Castel Volturno,44.2,4.6742835,4.9824557,2.0456066,6.3796053,73.3,3.8277633,4.1750536,1.7571429,3.1190476,74.1,4.0698247,3.4093442,4.4431887,2.5360553,50.9,2.1857142,1.8714286,57.1
2025-07-11T03:30:44Z,236,29.854,78.2,39,69.3,4,4,55,52,0.0,255,32767,0.0,2127-15-31,0.0,0.12,27.44,0.0,0.0,0.0,0,0.7734375,6,45,05:56,20:31,2025-07-11 03:30:44.784045,Castel Volturno,44.2,4.6742835,4.9824557,2.0456066,6.3796053,73.3,3.8277633,4.1750536,1.7571429,3.1190476,74.1,4.0698247,3.4093442,4.4431887,2.5360553,50.9,2.1857142,1.8714286,57.1
2025-07-11T03:30:55Z,236,29.852,78.2,39,69.3,5,3,55,52,0.0,255,32767,0.0,2127-15-31,0.0,0.12,27.44,0.0,0.0,0.0,0,0.7734375,6,45,05:56,20:31,2025-07-11 03:30:55.338069,Castel Volturno,44.2,4.6742835,4.9824557,2.0456066,6.3796053,73.3,3.8277633,4.1750536,1.7571429,3.1190476,74.1,4.0698247,3.4093442,4.4431887,2.5360553,50.9,2.1857142,1.8714286,57.1
2025-07-11T03:31:06Z,236,29.852,78.2,39,69.2,3,3,38,52,0.0,255,32767,0.0,2127-15-31,0.0,0.12,27.44,0.0,0.0,0.0,0,0.7734375,6,45,05:56,20:31,2025-07-11 03:31:05.892055,Castel Volturno,44.2,4.6742835,4.9824557,2.0456066,6.3796053,73.3,3.8277633,4.1750536,1.7571429,3.1190476,74.1,4.0698247,3.4093442,4.4431887,2.5360553,50.9,2.1857142,1.8714286,57.1
2025-07-11T03:31:16Z,236,29.852,78.2,39,69.2,3,3,70,52,0.0,255,32767,0.0,2127-15-31,0.0,0.12,27.44,0.0,0.0,0.0,0,0.7734375,6,45,05:56,20:31,2025-07-11 03:31:16.445049,Castel Volturno,44.2,4.6742835,4.9824557,2.0456066,6.3796053,73.3,3.8277633,4.1750536,1.7571429,3.1190476,74.1,4.0698247,3.4093442,4.4431887,2.5360553,50.9,2.1857142,1.8714286,57.1
2025-07-11T03:31:27Z,236,29.852,78.2,39,69.3,2,3,21,52,0.0,255,32767,0.0,2127-15-31,0.0,0.12,27.44,0.0,0.0,0.0,0,0.7734375,6,45,05:56,20:31,2025-07-11 03:31:26.999063,Castel Volturno,44.2,4.6742835,4.9824557,2.0456066,6.3796053,73.3,3.8277633,4.1750536,1.7571429,3.1190476,74.1,4.0698247,3.4093442,4.4431887,2.5360553,50.9,2.1857142,1.8714286,57.1
2025-07-11T03:31:37Z,236,29.852,78.2,39,69.3,1,3,17,52,0.0,255,32767,0.0,2127-15-31,0.0,0.12,27.44,0.0,0.0,0.0,0,0.7734375,6,45,05:56,20:31,2025-07-11 03:31:37.553060,Castel Volturno,44.2,4.6742835,4.9824557,2.0456066,6.3796053,73.3,3.8277633,4.1750536,1.7571429,3.1190476,74.1,4.0698247,3.4093442,4.4431887,2.5360553,50.9,2.1857142,1.8714286,57.1
2025-07-11T03:31:48Z,236,29.852,78.2,39,69.3,2,3,50,52,0.0,255,32767,0.0,2127-15-31,0.0,0.12,27.44,0.0,0.0,0.0,0,0.7734375,6,45,05:56,20:31,2025-07-11 03:31:48.107048,Castel Volturno,44.2,4.6742835,4.9824557,2.0456066,6.3796053,73.3,3.8277633,4.1750536,1.7571429,3.1190476,74.1,4.0698247,3.4093442,4.4431887,2.5360553,50.9,2.1857142,1.8714286,57.1
2025-07-11T03:31:58Z,236,29.853,78.2,39,69.3,3,3,19,52,0.0,255,32767,0.0,2127-15-31,0.0,0.12,27.44,0.0,0.0,0.0,0,0.7734375,6,45,05:56,20:31,2025-07-11 03:31:58.661049,Castel Volturno,44.2,4.6742835,4.9824557,2.0456066,6.3796053,73.3,3.8277633,4.1750536,1.7571429,3.1190476,74.1,4.0698247,3.4093442,4.4431887,2.5360553,50.9,2.1857142,1.8714286,57.1
2025-07-11T03:32:09Z,236,29.853,78.2,39,69.3,2,3,56,52,0.0,255,32767,0.0,2127-15-31,0.0,0.12,27.44,0.0,0.0,0.0,0,0.7734375,6,45,05:56,20:31,2025-07-11 03:32:09.215047,Castel Volturno,44.2,4.6742835,4.9824557,2.0456066,6.3796053,73.3,3.8277633,4.1750536,1.7571429,3.1190476,74.1,4.0698247,3.4093442,4.4431887,2.5360553,50.9,2.1857142,1.8714286,57.1
2025-07-11T03:32:19Z,236,29.853,78.2,39,69.3,1,3,36,52,0.0,255,32767,0.0,2127-15-31,0.0,0.12,27.44,0.0,0.0,0.0,0,0.7734375,6,45,05:56,20:31,2025-07-11 03:32:19.769049,Castel Volturno,44.2,4.6742835,4.9824557,2.0456066,6.3796053,73.3,3.8277633,4.1750536,1.7571429,3.1190476,74.1,4.0698247,3.4093442,4.4431887,2.5360553,50.9,2.1857142,1.8714286,57.1
2025-07-11T03:32:30Z,236,29.853,78.2,39,69.3,2,3,18,52,0.0,255,32767,0.0,2127-15-31,0.0,0.12,27.44,0.0,0.0,0.0,0,0.7734375,6,45,05:56,20:31,2025-07-11 03:32:30.323050,Castel Volturno,44.2,4.6742835,4.9824557,2.0456066,6.3796053,73.3,3.8277633,4.1750536,1.7571429,3.1190476,74.1,4.0698247,3.4093442,4.4431887,2.5360553,50.9,2.1857142,1.8714286,57.1
2025-07-11T03:32:41Z,236,29.853,78.2,39,69.3,1,3,24,52,0.0,255,32767,0.0,2127-15-31,0.0,0.12,27.44,0.0,0.0,0.0,0,0.7734375,6,45,05:56,20:31,2025-07-11 03:32:40.877048,Castel Volturno,44.2,4.6742835,4.9824557,2.0456066,6.3796053,73.3,3.8277633,4.1750536,1.7571429,3.1190476,74.1,4.0698247,3.4093442,4.4431887,2.5360553,50.9,2.1857142,1.8714286,57.1
2025-07-11T03:32:51Z,236,29.854,78.2,39,69.3,4,3,86,52,0.0,255,32767,0.0,2127-15-31,0.0,0.12,27.44,0.0,0.0,0.0,0,0.779296875,6,45,05:56,20:31,2025-07-11 03:32:51.430050,Castel Volturno,44.2,4.6742835,4.9824557,2.0456066,6.3796053,73.3,3.8277633,4.1750536,1.7571429,3.1190476,74.1,4.0698247,3.4093442,4.4431887,2.5360553,50.9,2.1857142,1.8714286,57.1
2025-07-11T03:33:02Z,236,29.854,78.2,39,69.3,3,3,12,52,0.0,255,32767,0.0,2127-15-31,0.0,0.12,27.44,0.0,0.0,0.0,0,0.779296875,6,45,05:56,20:31,2025-07-11 03:33:01.984064,Castel Volturno,44.2,4.6742835,4.9824557,2.0456066,6.3796053,73.3,3.8277633,4.1750536,1.7571429,3.1190476,74.1,4.0698247,3.4093442,4.4431887,2.5360553,50.9,2.1857142,1.8714286,57.1
2025-07-11T03:33:12Z,236,29.854,78.2,39,69.3,2,3,17,52,0.0,255,32767,0.0,2127-15-31,0.0,0.12,27.44,0.0,0.0,0.0,0,0.779296875,6,45,05:56,20:31,2025-07-11 03:33:12.530047,Castel Volturno,44.2,4.6742835,4.9824557,2.0456066,6.3796053,73.3,3.8277633,4.1750536,1.7571429,3.1190476,74.1,4.0698247,3.4093442,4.4431887,2.5360553,50.9,2.1857142,1.8714286,57.1
2025-07-11T03:33:23Z,236,29.854,78.2,39,69.3,1,3,36,52,0.0,255,32767,0.0,2127-15-31,0.0,0.12,27.44,0.0,0.0,0.0,0,0.779296875,6,45,05:56,20:31,2025-07-11 03:33:23.084053,Castel Volturno,44.3,4.326274,4.956966,1.432426,5.6092606,72.9,3.3655565,4.1569023,1.4571428,2.4761906,73.7,3.7423568,2.3873765,3.9404554,1.8822827,50.6,1.4857143,1.4857143,56.9
2025-07-11T03:33:34Z,236,29.854,78.2,39,69.3,2,3,23,52,0.0,255,32767,0.0,2127-15-31,0.0,0.12,27.44,0.0,0.0,0.0,0,0.779296875,6,45,05:56,20:31,2025-07-11 03:33:34.129064,Castel Volturno,44.3,4.326274,4.956966,1.432426,5.6092606,72.9,3.3655565,4.1569023,1.4571428,2.4761906,73.7,3.7423568,2.3873765,3.9404554,1.8822827,50.6,1.4857143,1.4857143,56.9
2025-07-11T03:33:44Z,236,29.854,78.2,39,69.3,2,3,80,52,0.0,255,32767,0.0,2127-15-31,0.0,0.12,27.44,0.0,0.0,0.0,0,0.779296875,6,45,05:56,20:31,2025-07-11 03:33:44.698045,Castel Volturno,44.3,4.326274,4.956966,1.432426,5.6092606,72.9,3.3655565,4.1569023,1.4571428,2.4761906,73.7,3.7423568,2.3873765,3.9404554,1.8822827,50.6,1.4857143,1.4857143,56.9
2025-07-11T03:33:55Z,236,29.851,78.2,39,69.4,5,3,36,52,0.0,255,32767,0.0,2127-15-31,0.0,0.12,27.44,0.0,0.0,0.0,0,0.943359375,6,45,05:56,20:31,2025-07-11 03:33:55.278043,Castel Volturno,44.3,4.326274,4.956966,1.432426,5.6092606,72.9,3.3655565,4.1569023,1.4571428,2.4761906,73.7,3.7423568,2.3873765,3.9404554,1.8822827,50.6,1.4857143,1.4857143,56.9
2025-07-11T03:34:06Z,236,29.851,78.2,39,69.3,4,3,41,52,0.0,255,32767,0.0,2127-15-31,0.0,0.12,27.44,0.0,0.0,0.0,0,0.943359375,6,45,05:56,20:31,2025-07-11 03:34:05.832044,Castel Volturno,44.3,4.326274,4.956966,1.432426,5.6092606,72.9,3.3655565,4.1569023,1.4571428,2.4761906,73.7,3.7423568,2.3873765,3.9404554,1.8822827,50.6,1.4857143,1.4857143,56.9
2025-07-11T03:34:16Z,236,29.851,78.2,39,69.4,4,3,60,52,0.0,255,32767,0.0,2127-15-31,0.0,0.12,27.44,0.0,0.0,0.0,0,0.943359375,6,45,05:56,20:31,2025-07-11 03:34:16.386059,Castel Volturno,44.3,4.326274,4.956966,1.432426,5.6092606,72.9,3.3655565,4.1569023,1.4571428,2.4761906,73.7,3.7423568,2.3873765,3.9404554,1.8822827,50.6,1.4857143,1.4857143,56.9
2025-07-11T03:34:27Z,236,29.851,78.2,39,69.3,4,3,28,52,0.0,255,32767,0.0,2127-15-31,0.0,0.12,27.44,0.0,0.0,0.0,0,0.943359375,6,45,05:56,20:31,2025-07-11 03:34:26.940061,Castel Volturno,44.3,4.326274,4.956966,1.432426,5.6092606,72.9,3.3655565,4.1569023,1.4571428,2.4761906,73.7,3.7423568,2.3873765,3.9404554,1.8822827,50.6,1.4857143,1.4857143,56.9
2025-07-11T03:34:37Z,236,29.851,78.2,39,69.3,3,3,44,52,0.0,255,32767,0.0,2127-15-31,0.0,0.12,27.44,0.0,0.0,0.0,0,0.943359375,6,45,05:56,20:31,2025-07-11 03:34:37.494007,Castel Volturno,44.3,4.326274,4.956966,1.432426,5.6092606,72.9,3.3655565,4.1569023,1.4571428,2.4761906,73.7,3.7423568,2.3873765,3.9404554,1.8822827,50.6,1.4857143,1.4857143,56.9
2025-07-11T03:34:48Z,236,29.851,78.2,39,69.3,2,3,5,52,0.0,255,32767,0.0,2127-15-31,0.0,0.12,27.44,0.0,0.0,0.0,0,0.943359375,6,45,05:56,20:31,2025-07-11 03:34:48.048041,Castel Volturno,44.3,4.326274,4.956966,1.432426,5.6092606,72.9,3.3655565,4.1569023,1.4571428,2.4761906,73.7,3.7423568,2.3873765,3.9404554,1.8822827,50.6,1.4857143,1.4857143,56.9
2025-07-11T03:34:58Z,236,29.851,78.2,39,69.3,1,3,55,52,0.0,255,32767,0.0,2127-15-31,0.0,0.12,27.44,0.0,0.0,0.0,0,1.693359375,6,45,05:56,20:31,2025-07-11 03:34:58.602063,Castel Volturno,44.3,4.326274,4.956966,1.432426,5.6092606,72.9,3.3655565,4.1569023,1.4571428,2.4761906,73.7,3.7423568,2.3873765,3.9404554,1.8822827,50.6,1.4857143,1.4857143,56.9
2025-07-11T03:35:09Z,236,29.851,78.2,39,69.4,3,3,47,52,0.0,255,32767,0.0,2127-15-31,0.0,0.12,27.44,0.0,0.0,0.0,0,1.693359375,6,45,05:56,20:31,2025-07-11 03:35:09.156046,Castel Volturno,44.3,4.326274,4.956966,1.432426,5.6092606,72.9,3.3655565,4.1569023,1.4571428,2.4761906,73.7,3.7423568,2.3873765,3.9404554,1.8822827,50.6,1.4857143,1.4857143,56.9
2025-07-11T03:35:19Z,236,29.851,78.2,39,69.4,4,3,51,52,0.0,255,32767,0.0,2127-15-31,0.0,0.12,27.44,0.0,0.0,0.0,0,1.693359375,6,45,05:56,20:31,2025-07-11 03:35:19.742011,Castel Volturno,44.3,4.326274,4.956966,1.432426,5.6092606,72.9,3.3655565,4.1569023,1.4571428,2.4761906,73.7,3.7423568,2.3873765,3.9404554,1.8822827,50.6,1.4857143,1.4857143,56.9
2025-07-11T03:35:30Z,236,29.851,78.2,39,69.4,3,3,33,51,0.0,255,32767,0.0,2127-15-31,0.0,0.12,27.44,0.0,0.0,0.0,0,1.693359375,6,45,05:56,20:31,2025-07-11 03:35:30.296057,Castel Volturno,44.3,4.326274,4.956966,1.432426,5.6092606,72.9,3.3655565,4.1569023,1.4571428,2.4761906,73.7,3.7423568,2.3873765,3.9404554,1.8822827,50.6,1.4857143,1.4857143,56.9
2025-07-11T03:35:41Z,236,29.851,78.2,39,69.4,2,3,43,51,0.0,255,32767,0.0,2127-15-31,0.0,0.12,27.44,0.0,0.0,0.0,0,1.693359375,6,45,05:56,20:31,2025-07-11 03:35:40.849042,Castel Volturno,44.3,4.326274,4.956966,1.432426,5.6092606,72.9,3.3655565,4.1569023,1.4571428,2.4761906,73.7,3.7423568,2.3873765,3.9404554,1.8822827,50.6,1.4857143,1.4857143,56.9
2025-07-11T03:35:51Z,236,29.852,78.2,39,69.4,1,3,28,51,0.0,255,32767,0.0,2127-15-31,0.0,0.12,27.44,0.0,0.0,0.0,0,0.75,6,45,05:56,20:31,2025-07-11 03:35:51.403054,Castel Volturno,44.3,4.326274,4.956966,1.432426,5.6092606,72.9,3.3655565,4.1569023,1.4571428,2.4761906,73.7,3.7423568,2.3873765,3.9404554,1.8822827,50.6,1.4857143,1.4857143,56.9
2025-07-11T03:36:02Z,236,29.852,78.2,39,69.4,0,3,63,51,0.0,255,32767,0.0,2127-15-31,0.0,0.12,27.44,0.0,0.0,0.0,0,0.75,6,45,05:56,20:31,2025-07-11 03:36:01.957044,Castel Volturno,44.3,4.326274,4.956966,1.432426,5.6092606,72.9,3.3655565,4.1569023,1.4571428,2.4761906,73.7,3.7423568,2.3873765,3.9404554,1.8822827,50.6,1.4857143,1.4857143,56.9
2025-07-11T03:36:12Z,236,29.852,78.2,39,69.4,2,3,71,51,0.0,255,32767,0.0,2127-15-31,0.0,0.12,27.44,0.0,0.0,0.0,0,0.75,6,45,05:56,20:31,2025-07-11 03:36:12.512044,Castel Volturno,44.3,4.326274,4.956966,1.432426,5.6092606,72.9,3.3655565,4.1569023,1.4571428,2.4761906,73.7,3.7423568,2.3873765,3.9404554,1.8822827,50.6,1.4857143,1.4857143,56.9
2025-07-11T03:36:23Z,236,29.852,78.2,39,69.4,3,3,69,51,0.0,255,32767,0.0,2127-15-31,0.0,0.12,27.44,0.0,0.0,0.0,0,0.75,6,45,05:56,20:31,2025-07-11 03:36:23.066056,Castel Volturno,44.3,4.326274,4.956966,1.432426,5.6092606,72.9,3.3655565,4.1569023,1.4571428,2.4761906,73.7,3.7423568,2.3873765,3.9404554,1.8822827,50.6,1.4857143,1.4857143,56.9
2025-07-11T03:36:33Z,236,29.852,78.2,39,69.4,4,3,40,51,0.0,255,32767,0.0,2127-15-31,0.0,0.12,27.44,0.0,0.0,0.0,0,0.75,6,45,05:56,20:31,2025-07-11 03:36:33.621035,Castel Volturno,44.3,4.326274,4.956966,1.432426,5.6092606,72.9,3.3655565,4.1569023,1.4571428,2.4761906,73.7,3.7423568,2.3873765,3.9404554,1.8822827,50.6,1.4857143,1.4857143,56.9
2025-07-11T03:36:44Z,236,29.852,78.2,39,69.4,4,3,30,51,0.0,255,32767,0.0,2127-15-31,0.0,0.12,27.44,0.0,0.0,0.0,0,0.75,6,45,05:56,20:31,2025-07-11 03:36:44.175048,Castel Volturno,44.3,4.326274,4.956966,1.432426,5.6092606,72.9,3.3655565,4.1569023,1.4571428,2.4761906,73.7,3.7423568,2.3873765,3.9404554,1.8822827,50.6,1.4857143,1.4857143,56.9
2025-07-11T03:36:54Z,236,29.853,78.2,39,69.5,3,3,82,51,0.0,255,32767,0.0,2127-15-31,0.0,0.12,27.44,0.0,0.0,0.0,0,0.7734375,6,45,05:56,20:31,2025-07-11 03:36:54.729051,Castel Volturno,44.3,4.326274,4.956966,1.432426,5.6092606,72.9,3.3655565,4.1569023,1.4571428,2.4761906,73.7,3.7423568,2.3873765,3.9404554,1.8822827,50.6,1.4857143,1.4857143,56.9
2025-07-11T03:37:05Z,236,29.853,78.2,39,69.5,5,3,30,51,0.0,255,32767,0.0,2127-15-31,0.0,0.12,27.44,0.0,0.0,0.0,0,0.7734375,6,45,05:56,20:31,2025-07-11 03:37:05.283063,Castel Volturno,44.3,4.326274,4.956966,1.432426,5.6092606,72.9,3.3655565,4.1569023,1.4571428,2.4761906,73.7,3.7423568,2.3873765,3.9404554,1.8822827,50.6,1.4857143,1.4857143,56.9
2025-07-11T03:37:16Z,236,29.853,78.2,39,69.5,3,3,72,50,0.0,255,32767,0.0,2127-15-31,0.0,0.12,27.44,0.0,0.0,0.0,0,0.7734375,6,45,05:56,20:31,2025-07-11 03:37:15.837054,Castel Volturno,44.3,4.326274,4.956966,1.432426,5.6092606,72.9,3.3655565,4.1569023,1.4571428,2.4761906,73.7,3.7423568,2.3873765,3.9404554,1.8822827,50.6,1.4857143,1.4857143,56.9
2025-07-11T03:37:26Z,236,29.853,78.2,39,69.5,3,3,36,50,0.0,255,32767,0.0,2127-15-31,0.0,0.12,27.44,0.0,0.0,0.0,0,0.7734375,6,45,05:56,20:31,2025-07-11 03:37:26.391045,Castel Volturno,44.3,4.326274,4.956966,1.432426,5.6092606,72.9,3.3655565,4.1569023,1.4571428,2.4761906,73.7,3.7423568,2.3873765,3.9404554,1.8822827,50.6,1.4857143,1.4857143,56.9
2025-07-11T03:37:37Z,236,29.853,78.2,39,69.5,6,3,28,50,0.0,255,32767,0.0,2127-15-31,0.0,0.12,27.44,0.0,0.0,0.0,0,0.7734375,6,45,05:56,20:31,2025-07-11 03:37:36.973047,Castel Volturno,44.3,4.326274,4.956966,1.432426,5.6092606,72.9,3.3655565,4.1569023,1.4571428,2.4761906,73.7,3.7423568,2.3873765,3.9404554,1.8822827,50.6,1.4857143,1.4857143,56.9
2025-07-11T03:37:47Z,236,29.853,78.2,39,69.5,4,3,55,50,0.0,255,32767,0.0,2127-15-31,0.0,0.12,27.44,0.0,0.0,0.0,0,0.7734375,6,45,05:56,20:31,2025-07-11 03:37:47.527047,Castel Volturno,44.3,4.326274,4.956966,1.432426,5.6092606,72.9,3.3655565,4.1569023,1.4571428,2.4761906,73.7,3.7423568,2.3873765,3.9404554,1.8822827,50.6,1.4857143,1.4857143,56.9
2025-07-11T03:37:58Z,0,29.854,78.2,39,69.5,2,3,17,50,0.0,255,32767,0.0,2127-15-31,0.0,0.12,27.44,0.0,0.0,0.0,0,1.037109375,6,45,05:56,20:31,2025-07-11 03:37:58.081065,Castel Volturno,44.3,4.326274,4.956966,1.432426,5.6092606,72.9,3.3655565,4.1569023,1.4571428,2.4761906,73.7,3.7423568,2.3873765,3.9404554,1.8822827,50.6,1.4857143,1.4857143,56.9
2025-07-11T03:38:08Z,0,29.854,78.2,39,69.5,4,3,34,50,0.0,255,32767,0.0,2127-15-31,0.0,0.12,27.44,0.0,0.0,0.0,0,1.037109375,6,45,05:56,20:31,2025-07-11 03:38:08.635047,Castel Volturno,44.3,4.326274,4.956966,1.432426,5.6092606,72.9,3.3655565,4.1569023,1.4571428,2.4761906,73.7,3.7423568,2.3873765,3.9404554,1.8822827,50.6,1.4857143,1.4857143,56.9
2025-07-11T03:38:19Z,0,29.854,78.2,39,69.5,2,3,51,50,0.0,255,32767,0.0,2127-15-31,0.0,0.12,27.44,0.0,0.0,0.0,0,1.037109375,6,45,05:56,20:31,2025-07-11 03:38:19.189051,Castel Volturno,44.3,4.326274,4.956966,1.432426,5.6092606,72.9,3.3655565,4.1569023,1.4571428,2.4761906,73.7,3.7423568,2.3873765,3.9404554,1.8822827,50.6,1.4857143,1.4857143,56.9
2025-07-11T03:38:29Z,0,29.854,78.2,39,69.6,3,3,72,50,0.0,255,32767,0.0,2127-15-31,0.0,0.12,27.44,0.0,0.0,0.0,0,1.037109375,6,45,05:56,20:31,2025-07-11 03:38:29.743048,Castel Volturno,44.3,4.326274,4.956966,1.432426,5.6092606,72.9,3.3655565,4.1569023,1.4571428,2.4761906,73.7,3.7423568,2.3873765,3.9404554,1.8822827,50.6,1.4857143,1.4857143,56.9
2025-07-11T03:38:41Z,0,29.854,78.2,39,69.5,3,3,347,50,0.0,255,32767,0.0,2127-15-31,0.0,0.12,27.44,0.0,0.0,0.0,0,1.037109375,6,45,05:56,20:31,2025-07-11 03:38:40.827047,Castel Volturno,44.3,4.326274,4.956966,1.432426,5.6092606,72.9,3.3655565,4.1569023,1.4571428,2.4761906,73.7,3.7423568,2.3873765,3.9404554,1.8822827,50.6,1.4857143,1.4857143,56.9
2025-07-11T03:38:51Z,0,29.854,78.2,38,69.5,2,3,87,50,0.0,255,32767,0.0,2127-15-31,0.0,0.12,27.44,0.0,0.0,0.0,0,0.767578125,6,45,05:56,20:31,2025-07-11 03:38:51.381050,Castel Volturno,44.3,4.326274,4.956966,1.432426,5.6092606,72.9,3.3655565,4.1569023,1.4571428,2.4761906,73.7,3.7423568,2.3873765,3.9404554,1.8822827,50.6,1.4857143,1.4857143,56.9
2025-07-11T03:39:02Z,0,29.854,78.2,38,69.6,3,3,35,50,0.0,255,32767,0.0,2127-15-31,0.0,0.12,27.44,0.0,0.0,0.0,0,0.767578125,6,45,05:56,20:31,2025-07-11 03:39:01.964052,Castel Volturno,44.3,4.326274,4.956966,1.432426,5.6092606,72.9,3.3655565,4.1569023,1.4571428,2.4761906,73.7,3.7423568,2.3873765,3.9404554,1.8822827,50.6,1.4857143,1.4857143,56.9
2025-07-11T03:39:12Z,0,29.854,78.2,38,69.5,3,3,60,50,0.0,255,32767,0.0,2127-15-31,0.0,0.12,27.44,0.0,0.0,0.0,0,0.767578125,6,45,05:56,20:31,2025-07-11 03:39:12.518014,Castel Volturno,44.3,4.326274,4.956966,1.432426,5.6092606,72.9,3.3655565,4.1569023,1.4571428,2.4761906,73.7,3.7423568,2.3873765,3.9404554,1.8822827,50.6,1.4857143,1.4857143,56.9
2025-07-11T03:39:23Z,0,29.854,78.2,38,69.5,4,3,48,50,0.0,255,32767,0.0,2127-15-31,0.0,0.12,27.44,0.0,0.0,0.0,0,0.767578125,6,45,05:56,20:31,2025-07-11 03:39:23.072045,Castel Volturno,44.3,4.326274,4.956966,1.432426,5.6092606,72.9,3.3655565,4.1569023,1.4571428,2.4761906,73.7,3.7423568,2.3873765,3.9404554,1.8822827,50.6,1.4857143,1.4857143,56.9
2025-07-11T03:39:33Z,0,29.854,78.2,38,69.6,2,3,38,50,0.0,255,32767,0.0,2127-15-31,0.0,0.12,27.44,0.0,0.0,0.0,0,0.767578125,6,45,05:56,20:31,2025-07-11 03:39:33.659049,Castel Volturno,44.3,4.326274,4.956966,1.432426,5.6092606,72.9,3.3655565,4.1569023,1.4571428,2.4761906,73.7,3.7423568,2.3873765,3.9404554,1.8822827,50.6,1.4857143,1.4857143,56.9
2025-07-11T03:39:44Z,0,29.854,78.2,38,69.6,1,3,30,50,0.0,255,32767,0.0,2127-15-31,0.0,0.12,27.44,0.0,0.0,0.0,0,0.767578125,6,45,05:56,20:31,2025-07-11 03:39:44.212044,Castel Volturno,44.3,4.326274,4.956966,1.432426,5.6092606,72.9,3.3655565,4.1569023,1.4571428,2.4761906,73.7,3.7423568,2.3873765,3.9404554,1.8822827,50.6,1.4857143,1.4857143,56.9
2025-07-11T03:39:54Z,0,29.851,78.2,38,69.6,2,3,32,50,0.0,255,32767,0.0,2127-15-31,0.0,0.12,27.44,0.0,0.0,0.0,0,0.78515625,6,45,05:56,20:31,2025-07-11 03:39:54.749054,Castel Volturno,44.3,4.326274,4.956966,1.432426,5.6092606,72.9,3.3655565,4.1569023,1.4571428,2.4761906,73.7,3.7423568,2.3873765,3.9404554,1.8822827,50.6,1.4857143,1.4857143,56.9
2025-07-11T03:40:05Z,0,29.851,78.2,38,69.6,4,3,57,50,0.0,255,32767,0.0,2127-15-31,0.0,0.12,27.44,0.0,0.0,0.0,0,0.78515625,6,45,05:56,20:31,2025-07-11 03:40:05.325043,Castel Volturno,44.3,4.326274,4.956966,1.432426,5.6092606,72.9,3.3655565,4.1569023,1.4571428,2.4761906,73.7,3.7423568,2.3873765,3.9404554,1.8822827,50.6,1.4857143,1.4857143,56.9
2025-07-11T03:40:16Z,0,29.851,78.2,38,69.6,5,3,57,50,0.0,255,32767,0.0,2127-15-31,0.0,0.12,27.44,0.0,0.0,0.0,0,0.78515625,6,45,05:56,20:31,2025-07-11 03:40:15.879042,Castel Volturno,44.3,4.326274,4.956966,1.432426,5.6092606,72.9,3.3655565,4.1569023,1.4571428,2.4761906,73.7,3.7423568,2.3873765,3.9404554,1.8822827,50.6,1.4857143,1.4857143,56.9
2025-07-11T03:40:26Z,0,29.851,78.2,38,69.6,5,3,34,50,0.0,255,32767,0.0,2127-15-31,0.0,0.12,27.44,0.0,0.0,0.0,0,0.78515625,6,45,05:56,20:31,2025-07-11 03:40:26.433035,Castel Volturno,44.3,4.326274,4.956966,1.432426,5.6092606,72.9,3.3655565,4.1569023,1.4571428,2.4761906,73.7,3.7423568,2.3873765,3.9404554,1.8822827,50.6,1.4857143,1.4857143,56.9
2025-07-11T03:40:37Z,0,29.851,78.2,38,69.7,3,3,14,50,0.0,255,32767,0.0,2127-15-31,0.0,0.12,27.44,0.0,0.0,0.0,0,0.78515625,6,45,05:56,20:31,2025-07-11 03:40:36.987043,Castel Volturno,44.3,4.326274,4.956966,1.432426,5.6092606,72.9,3.3655565,4.1569023,1.4571428,2.4761906,73.7,3.7423568,2.3873765,3.9404554,1.8822827,50.6,1.4857143,1.4857143,56.9
2025-07-11T03:40:47Z,0,29.851,78.2,38,69.7,3,3,92,49,0.0,255,32767,0.0,2127-15-31,0.0,0.12,27.44,0.0,0.0,0.0,0,0.78515625,6,45,05:56,20:31,2025-07-11 03:40:47.541046,Castel Volturno,44.3,4.326274,4.956966,1.432426,5.6092606,72.9,3.3655565,4.1569023,1.4571428,2.4761906,73.7,3.7423568,2.3873765,3.9404554,1.8822827,50.6,1.4857143,1.4857143,56.9
2025-07-11T03:40:58Z,0,29.855,78.2,38,69.7,3,3,5,49,0.0,255,32767,0.0,2127-15-31,0.0,0.12,27.44,0.0,0.0,0.0,0,0.9140625,6,45,05:56,20:31,2025-07-11 03:40:58.095045,Castel Volturno,44.3,4.326274,4.956966,1.432426,5.6092606,72.9,3.3655565,4.1569023,1.4571428,2.4761906,73.7,3.7423568,2.3873765,3.9404554,1.8822827,50.6,1.4857143,1.4857143,56.9
2025-07-11T03:41:08Z,0,29.855,78.2,38,69.7,2,3,56,49,0.0,255,32767,0.0,2127-15-31,0.0,0.12,27.44,0.0,0.0,0.0,0,0.9140625,6,45,05:56,20:31,2025-07-11 03:41:08.649047,Castel Volturno,44.3,4.326274,4.956966,1.432426,5.6092606,72.9,3.3655565,4.1569023,1.4571428,2.4761906,73.7,3.7423568,2.3873765,3.9404554,1.8822827,50.6,1.4857143,1.4857143,56.9
2025-07-11T03:41:19Z,0,29.855,78.2,38,69.7,2,3,52,49,0.0,255,32767,0.0,2127-15-31,0.0,0.12,27.44,0.0,0.0,0.0,0,0.9140625,6,45,05:56,20:31,2025-07-11 03:41:19.201043,Castel Volturno,44.3,4.326274,4.956966,1.432426,5.6092606,72.9,3.3655565,4.1569023,1.4571428,2.4761906,73.7,3.7423568,2.3873765,3.9404554,1.8822827,50.6,1.4857143,1.4857143,56.9
2025-07-11T03:41:29Z,0,29.855,78.2,38,69.6,2,3,32,49,0.0,255,32767,0.0,2127-15-31,0.0,0.12,27.44,0.0,0.0,0.0,0,0.9140625,6,45,05:56,20:31,2025-07-11 03:41:29.755048,Castel Volturno,44.3,4.326274,4.956966,1.432426,5.6092606,72.9,3.3655565,4.1569023,1.4571428,2.4761906,73.7,3.7423568,2.3873765,3.9404554,1.8822827,50.6,1.4857143,1.4857143,56.9
2025-07-11T03:41:40Z,0,29.855,78.2,38,69.7,3,3,26,49,0.0,255,32767,0.0,2127-15-31,0.0,0.12,27.44,0.0,0.0,0.0,0,0.9140625,6,45,05:56,20:31,2025-07-11 03:41:40.309005,Castel Volturno,44.3,4.326274,4.956966,1.432426,5.6092606,72.9,3.3655565,4.1569023,1.4571428,2.4761906,73.7,3.7423568,2.3873765,3.9404554,1.8822827,50.6,1.4857143,1.4857143,56.9
2025-07-11T03:41:51Z,0,29.854,78.2,38,69.7,2,3,19,49,0.0,255,32767,0.0,2127-15-31,0.0,0.12,27.44,0.0,0.0,0.0,0,1.59375,6,45,05:56,20:31,2025-07-11 03:41:50.864051,Castel Volturno,44.3,4.326274,4.956966,1.432426,5.6092606,72.9,3.3655565,4.1569023,1.4571428,2.4761906,73.7,3.7423568,2.3873765,3.9404554,1.8822827,50.6,1.4857143,1.4857143,56.9
2025-07-11T03:42:01Z,0,29.854,78.2,38,69.8,4,3,38,49,0.0,255,32767,0.0,2127-15-31,0.0,0.12,27.44,0.0,0.0,0.0,0,1.59375,6,45,05:56,20:31,2025-07-11 03:42:01.415045,Castel Volturno,44.3,4.326274,4.956966,1.432426,5.6092606,72.9,3.3655565,4.1569023,1.4571428,2.4761906,73.7,3.7423568,2.3873765,3.9404554,1.8822827,50.6,1.4857143,1.4857143,56.9
2025-07-11T03:42:12Z,0,29.854,78.2,38,69.7,3,3,71,49,0.0,255,32767,0.0,2127-15-31,0.0,0.12,27.44,0.0,0.0,0.0,0,1.59375,6,45,05:56,20:31,2025-07-11 03:42:11.968047,Castel Volturno,44.3,4.326274,4.956966,1.432426,5.6092606,72.9,3.3655565,4.1569023,1.4571428,2.4761906,73.7,3.7423568,2.3873765,3.9404554,1.8822827,50.6,1.4857143,1.4857143,56.9
2025-07-11T03:42:22Z,0,29.854,78.2,38,69.7,2,3,49,49,0.0,255,32767,0.0,2127-15-31,0.0,0.12,27.44,0.0,0.0,0.0,0,1.59375,6,45,05:56,20:31,2025-07-11 03:42:22.522046,Castel Volturno,44.3,4.326274,4.956966,1.432426,5.6092606,72.9,3.3655565,4.1569023,1.4571428,2.4761906,73.7,3.7423568,2.3873765,3.9404554,1.8822827,50.6,1.4857143,1.4857143,56.9
2025-07-11T03:42:33Z,0,29.854,78.2,38,69.8,7,3,15,49,0.0,255,32767,0.0,2127-15-31,0.0,0.12,27.44,0.0,0.0,0.0,0,1.59375,6,45,05:56,20:31,2025-07-11 03:42:33.076041,Castel Volturno,44.3,4.326274,4.956966,1.432426,5.6092606,72.9,3.3655565,4.1569023,1.4571428,2.4761906,73.7,3.7423568,2.3873765,3.9404554,1.8822827,50.6,1.4857143,1.4857143,56.9
2025-07-11T03:42:43Z,0,29.854,78.2,38,69.7,2,3,5,49,0.0,255,32767,0.0,2127-15-31,0.0,0.12,27.44,0.0,0.0,0.0,0,1.59375,6,45,05:56,20:31,2025-07-11 03:42:43.630037,Castel Volturno,44.3,4.326274,4.956966,1.432426,5.6092606,72.9,3.3655565,4.1569023,1.4571428,2.4761906,73.7,3.7423568,2.3873765,3.9404554,1.8822827,50.6,1.4857143,1.4857143,56.9
2025-07-11T03:42:54Z,0,29.854,78.2,38,69.7,2,3,29,49,0.0,255,32767,0.0,2127-15-31,0.0,0.12,27.44,0.0,0.0,0.0,0,0.76171875,6,45,05:56,20:31,2025-07-11 03:42:54.186045,Castel Volturno,44.3,4.326274,4.956966,1.432426,5.6092606,72.9,3.3655565,4.1569023,1.4571428,2.4761906,73.7,3.7423568,2.3873765,3.9404554,1.8822827,50.6,1.4857143,1.4857143,56.9
2025-07-11T03:43:04Z,0,29.854,78.2,38,69.8,3,3,41,49,0.0,255,32767,0.0,2127-15-31,0.0,0.12,27.44,0.0,0.0,0.0,0,0.76171875,6,45,05:56,20:31,2025-07-11 03:43:04.731048,Castel Volturno,44.3,4.326274,4.956966,1.432426,5.6092606,72.9,3.3655565,4.1569023,1.4571428,2.4761906,73.7,3.7423568,2.3873765,3.9404554,1.8822827,50.6,1.4857143,1.4857143,56.9
2025-07-11T03:43:15Z,0,29.854,78.2,38,69.8,4,3,59,49,0.0,255,32767,0.0,2127-15-31,0.0,0.12,27.44,0.0,0.0,0.0,0,0.76171875,6,45,05:56,20:31,2025-07-11 03:43:15.285043,Castel Volturno,44.3,4.326274,4.956966,1.432426,5.6092606,72.9,3.3655565,4.1569023,1.4571428,2.4761906,73.7,3.7423568,2.3873765,3.9404554,1.8822827,50.6,1.4857143,1.4857143,56.9
2025-07-11T03:43:26Z,0,29.854,78.2,38,69.8,4,3,74,49,0.0,255,32767,0.0,2127-15-31,0.0,0.12,27.44,0.0,0.0,0.0,0,0.76171875,6,45,05:56,20:31,2025-07-11 03:43:25.839043,Castel Volturno,44.3,4.326274,4.956966,1.432426,5.6092606,72.9,3.3655565,4.1569023,1.4571428,2.4761906,73.7,3.7423568,2.3873765,3.9404554,1.8822827,50.6,1.4857143,1.4857143,56.9
2025-07-11T03:43:36Z,0,29.854,78.2,38,69.8,3,3,17,49,0.0,255,32767,0.0,2127-15-31,0.0,0.12,27.44,0.0,0.0,0.0,0,0.76171875,6,45,05:56,20:31,2025-07-11 03:43:36.394009,Castel Volturno,44.3,4.326274,4.956966,1.432426,5.6092606,72.9,3.3655565,4.1569023,1.4571428,2.4761906,73.7,3.7423568,2.3873765,3.9404554,1.8822827,50.6,1.4857143,1.4857143,56.9
2025-07-11T03:43:47Z,0,29.854,78.2,38,69.8,6,3,5,49,0.0,255,32767,0.0,2127-15-31,0.0,0.12,27.44,0.0,0.0,0.0,0,0.76171875,6,45,05:56,20:31,2025-07-11 03:43:47.480046,Castel Volturno,44.3,4.326274,4.956966,1.432426,5.6092606,72.9,3.3655565,4.1569023,1.4571428,2.4761906,73.7,3.7423568,2.3873765,3.9404554,1.8822827,50.6,1.4857143,1.4857143,56.9
2025-07-11T03:43:58Z,0,29.854,78.1,38,69.8,4,3,11,49,0.0,255,32767,0.0,2127-15-31,0.0,0.12,27.44,0.0,0.0,0.0,0,0.76171875,6,45,05:56,20:31,2025-07-11 03:43:58.034043,Castel Volturno,44.3,4.326274,4.956966,1.432426,5.6092606,72.9,3.3655565,4.1569023,1.4571428,2.4761906,73.7,3.7423568,2.3873765,3.9404554,1.8822827,50.6,1.4857143,1.4857143,56.9
2025-07-11T03:44:08Z,0,29.854,78.1,38,69.9,4,3,54,49,0.0,255,32767,0.0,2127-15-31,0.0,0.12,27.44,0.0,0.0,0.0,0,0.76171875,6,45,05:56,20:31,2025-07-11 03:44:08.588057,Castel Volturno,44.3,4.326274,4.956966,1.432426,5.6092606,72.9,3.3655565,4.1569023,1.4571428,2.4761906,73.7,3.7423568,2.3873765,3.9404554,1.8822827,50.6,1.4857143,1.4857143,56.9
2025-07-11T03:44:19Z,0,29.854,78.1,38,69.9,4,3,71,49,0.0,255,32767,0.0,2127-15-31,0.0,0.12,27.44,0.0,0.0,0.0,0,0.76171875,6,45,05:56,20:31,2025-07-11 03:44:19.142059,Castel Volturno,44.3,4.326274,4.956966,1.432426,5.6092606,72.9,3.3655565,4.1569023,1.4571428,2.4761906,73.7,3.7423568,2.3873765,3.9404554,1.8822827,50.6,1.4857143,1.4857143,56.9
2025-07-11T03:44:29Z,0,29.854,78.1,38,69.9,4,3,65,49,0.0,255,32767,0.0,2127-15-31,0.0,0.12,27.44,0.0,0.0,0.0,0,0.76171875,6,45,05:56,20:31,2025-07-11 03:44:29.695055,Castel Volturno,44.3,4.326274,4.956966,1.432426,5.6092606,72.9,3.3655565,4.1569023,1.4571428,2.4761906,73.7,3.7423568,2.3873765,3.9404554,1.8822827,50.6,1.4857143,1.4857143,56.9
2025-07-11T03:44:40Z,0,29.854,78.1,38,69.9,3,3,74,49,0.0,255,32767,0.0,2127-15-31,0.0,0.12,27.44,0.0,0.0,0.0,0,0.76171875,6,45,05:56,20:31,2025-07-11 03:44:40.249048,Castel Volturno,44.3,4.326274,4.956966,1.432426,5.6092606,72.9,3.3655565,4.1569023,1.4571428,2.4761906,73.7,3.7423568,2.3873765,3.9404554,1.8822827,50.6,1.4857143,1.4857143,56.9
2025-07-11T03:44:51Z,0,29.852,78.1,38,69.9,3,3,51,49,0.0,255,32767,0.0,2127-15-31,0.0,0.12,27.44,0.0,0.0,0.0,0,0.76171875,6,45,05:56,20:31,2025-07-11 03:44:50.803055,Castel Volturno,44.3,4.326274,4.956966,1.432426,5.6092606,72.9,3.3655565,4.1569023,1.4571428,2.4761906,73.7,3.7423568,2.3873765,3.9404554,1.8822827,50.6,1.4857143,1.4857143,56.9
2025-07-11T03:45:01Z,0,29.852,78.1,38,69.9,4,3,58,49,0.0,255,32767,0.0,2127-15-31,0.0,0.12,27.44,0.0,0.0,0.0,0,0.76171875,6,45,05:56,20:31,2025-07-11 03:45:01.357044,Castel Volturno,44.3,4.326274,4.956966,1.432426,5.6092606,72.9,3.3655565,4.1569023,1.4571428,2.4761906,73.7,3.7423568,2.3873765,3.9404554,1.8822827,50.6,1.4857143,1.4857143,56.9
2025-07-11T03:45:12Z,0,29.852,78.1,38,69.9,2,3,68,49,0.0,255,32767,0.0,2127-15-31,0.0,0.12,27.44,0.0,0.0,0.0,0,0.76171875,6,45,05:56,20:31,2025-07-11 03:45:11.911056,Castel Volturno,44.3,4.326274,4.956966,1.432426,5.6092606,72.9,3.3655565,4.1569023,1.4571428,2.4761906,73.7,3.7423568,2.3873765,3.9404554,1.8822827,50.6,1.4857143,1.4857143,56.9
2025-07-11T03:45:22Z,0,29.852,78.1,38,69.9,1,3,33,49,0.0,255,32767,0.0,2127-15-31,0.0,0.12,27.44,0.0,0.0,0.0,0,0.76171875,6,45,05:56,20:31,2025-07-11 03:45:22.465044,Castel Volturno,44.3,4.326274,4.956966,1.432426,5.6092606,72.9,3.3655565,4.1569023,1.4571428,2.4761906,73.7,3.7423568,2.3873765,3.9404554,1.8822827,50.6,1.4857143,1.4857143,56.9
2025-07-11T03:45:33Z,0,29.852,78.1,38,69.9,5,3,34,49,0.0,255,32767,0.0,2127-15-31,0.0,0.12,27.44,0.0,0.0,0.0,0,0.76171875,6,45,05:56,20:31,2025-07-11 03:45:33.019045,Castel Volturno,44.3,4.326274,4.956966,1.432426,5.6092606,72.9,3.3655565,4.1569023,1.4571428,2.4761906,73.7,3.7423568,2.3873765,3.9404554,1.8822827,50.6,1.4857143,1.4857143,56.9
2025-07-11T03:45:43Z,0,29.852,78.1,38,69.9,3,3,58,49,0.0,255,32767,0.0,2127-15-31,0.0,0.12,27.44,0.0,0.0,0.0,0,0.76171875,6,45,05:56,20:31,2025-07-11 03:45:43.573042,Castel Volturno,44.3,4.326274,4.956966,1.432426,5.6092606,72.9,3.3655565,4.1569023,1.4571428,2.4761906,73.7,3.7423568,2.3873765,3.9404554,1.8822827,50.6,1.4857143,1.4857143,56.9
2025-07-11T03:45:54Z,0,29.853,78.1,38,69.9,3,3,60,49,0.0,255,32767,0.0,2127-15-31,0.0,0.12,27.44,0.0,0.0,0.0,0,0.767578125,6,45,05:56,20:31,2025-07-11 03:45:54.127042,Castel Volturno,44.3,4.326274,4.956966,1.432426,5.6092606,72.9,3.3655565,4.1569023,1.4571428,2.4761906,73.7,3.7423568,2.3873765,3.9404554,1.8822827,50.6,1.4857143,1.4857143,56.9
2025-07-11T03:46:04Z,0,29.853,78.1,38,69.9,2,3,5,49,0.0,255,32767,0.0,2127-15-31,0.0,0.12,27.44,0.0,0.0,0.0,0,0.767578125,6,45,05:56,20:31,2025-07-11 03:46:04.681047,Castel Volturno,44.3,4.326274,4.956966,1.432426,5.6092606,72.9,3.3655565,4.1569023,1.4571428,2.4761906,73.7,3.7423568,2.3873765,3.9404554,1.8822827,50.6,1.4857143,1.4857143,56.9
2025-07-11T03:46:15Z,0,29.853,78.1,38,69.9,2,3,30,49,0.0,255,32767,0.0,2127-15-31,0.0,0.12,27.44,0.0,0.0,0.0,0,0.767578125,6,45,05:56,20:31,2025-07-11 03:46:15.231045,Castel Volturno,44.3,4.326274,4.956966,1.432426,5.6092606,72.9,3.3655565,4.1569023,1.4571428,2.4761906,73.7,3.7423568,2.3873765,3.9404554,1.8822827,50.6,1.4857143,1.4857143,56.9
2025-07-11T03:46:25Z,0,29.853,78.1,38,69.9,4,3,36,49,0.0,255,32767,0.0,2127-15-31,0.0,0.12,27.44,0.0,0.0,0.0,0,0.767578125,6,45,05:56,20:31,2025-07-11 03:46:25.777041,Castel Volturno,44.3,4.326274,4.956966,1.432426,5.6092606,72.9,3.3655565,4.1569023,1.4571428,2.4761906,73.7,3.7423568,2.3873765,3.9404554,1.8822827,50.6,1.4857143,1.4857143,56.9
2025-07-11T03:46:36Z,0,29.853,78.1,38,69.9,4,3,43,49,0.0,255,32767,0.0,2127-15-31,0.0,0.12,27.44,0.0,0.0,0.0,0,0.767578125,6,45,05:56,20:31,2025-07-11 03:46:36.331049,Castel Volturno,44.3,4.326274,4.956966,1.432426,5.6092606,72.9,3.3655565,4.1569023,1.4571428,2.4761906,73.7,3.7423568,2.3873765,3.9404554,1.8822827,50.6,1.4857143,1.4857143,56.9
2025-07-11T03:46:47Z,0,29.853,78.1,38,69.9,3,3,56,49,0.0,255,32767,0.0,2127-15-31,0.0,0.12,27.44,0.0,0.0,0.0,0,0.767578125,6,45,05:56,20:31,2025-07-11 03:46:46.864050,Castel Volturno,44.3,4.326274,4.956966,1.432426,5.6092606,72.9,3.3655565,4.1569023,1.4571428,2.4761906,73.7,3.7423568,2.3873765,3.9404554,1.8822827,50.6,1.4857143,1.4857143,56.9
2025-07-11T03:46:57Z,0,29.853,78.2,38,69.9,3,3,53,49,0.0,255,32767,0.0,2127-15-31,0.0,0.12,27.44,0.0,0.0,0.0,0,0.7734375,6,45,05:56,20:31,2025-07-11 03:46:57.446063,Castel Volturno,44.3,4.326274,4.956966,1.432426,5.6092606,72.9,3.3655565,4.1569023,1.4571428,2.4761906,73.7,3.7423568,2.3873765,3.9404554,1.8822827,50.6,1.4857143,1.4857143,56.9
2025-07-11T03:47:08Z,0,29.853,78.2,38,69.9,3,3,45,49,0.0,255,32767,0.0,2127-15-31,0.0,0.12,27.44,0.0,0.0,0.0,0,0.7734375,6,45,05:56,20:31,2025-07-11 03:47:08.000052,Castel Volturno,44.3,4.326274,4.956966,1.432426,5.6092606,72.9,3.3655565,4.1569023,1.4571428,2.4761906,73.7,3.7423568,2.3873765,3.9404554,1.8822827,50.6,1.4857143,1.4857143,56.9
2025-07-11T03:47:18Z,0,29.853,78.2,38,69.9,2,3,52,49,0.0,255,32767,0.0,2127-15-31,0.0,0.12,27.44,0.0,0.0,0.0,0,0.7734375,6,45,05:56,20:31,2025-07-11 03:47:18.554037,Castel Volturno,44.3,4.326274,4.956966,1.432426,5.6092606,72.9,3.3655565,4.1569023,1.4571428,2.4761906,73.7,3.7423568,2.3873765,3.9404554,1.8822827,50.6,1.4857143,1.4857143,56.9
2025-07-11T03:47:29Z,0,29.853,78.2,38,69.9,2,3,34,49,0.0,255,32767,0.0,2127-15-31,0.0,0.12,27.44,0.0,0.0,0.0,0,0.7734375,6,45,05:56,20:31,2025-07-11 03:47:29.108045,Castel Volturno,44.3,4.326274,4.956966,1.432426,5.6092606,72.9,3.3655565,4.1569023,1.4571428,2.4761906,73.7,3.7423568,2.3873765,3.9404554,1.8822827,50.6,1.4857143,1.4857143,56.9
2025-07-11T03:47:39Z,0,29.853,78.2,38,69.9,1,3,23,49,0.0,255,32767,0.0,2127-15-31,0.0,0.12,27.44,0.0,0.0,0.0,0,0.7734375,6,45,05:56,20:31,2025-07-11 03:47:39.662017,Castel Volturno,44.3,4.326274,4.956966,1.432426,5.6092606,72.9,3.3655565,4.1569023,1.4571428,2.4761906,73.7,3.7423568,2.3873765,3.9404554,1.8822827,50.6,1.4857143,1.4857143,56.9
2025-07-11T03:47:50Z,0,29.853,78.2,38,69.9,0,3,22,49,0.0,255,32767,0.0,2127-15-31,0.0,0.12,27.44,0.0,0.0,0.0,0,0.7734375,6,45,05:56,20:31,2025-07-11 03:47:50.228051,Castel Volturno,44.3,4.326274,4.956966,1.432426,5.6092606,72.9,3.3655565,4.1569023,1.4571428,2.4761906,73.7,3.7423568,2.3873765,3.9404554,1.8822827,50.6,1.4857143,1.4857143,56.9
2025-07-11T03:48:00Z,0,29.852,78.1,38,69.9,0,3,54,49,0.0,255,32767,0.0,2127-15-31,0.0,0.12,27.44,0.0,0.0,0.0,0,0.9609375,6,45,05:56,20:31,2025-07-11 03:48:00.782012,Castel Volturno,44.3,4.326274,4.956966,1.432426,5.6092606,72.9,3.3655565,4.1569023,1.4571428,2.4761906,73.7,3.7423568,2.3873765,3.9404554,1.8822827,50.6,1.4857143,1.4857143,56.9
2025-07-11T03:48:11Z,0,29.852,78.1,38,69.9,0,3,67,49,0.0,255,32767,0.0,2127-15-31,0.0,0.12,27.44,0.0,0.0,0.0,0,0.9609375,6,45,05:56,20:31,2025-07-11 03:48:11.336044,Castel Volturno,44.3,4.326274,4.956966,1.432426,5.6092606,72.9,3.3655565,4.1569023,1.4571428,2.4761906,73.7,3.7423568,2.3873765,3.9404554,1.8822827,50.6,1.4857143,1.4857143,56.9
2025-07-11T03:48:22Z,0,29.852,78.1,38,69.9,0,3,67,49,0.0,255,32767,0.0,2127-15-31,0.0,0.12,27.44,0.0,0.0,0.0,0,0.9609375,6,45,05:56,20:31,2025-07-11 03:48:21.890052,Castel Volturno,44.3,4.326274,4.956966,1.432426,5.6092606,72.9,3.3655565,4.1569023,1.4571428,2.4761906,73.7,3.7423568,2.3873765,3.9404554,1.8822827,50.6,1.4857143,1.4857143,56.9
2025-07-11T03:48:32Z,0,29.852,78.1,38,69.8,1,3,35,49,0.0,255,32767,0.0,2127-15-31,0.0,0.12,27.44,0.0,0.0,0.0,0,0.9609375,6,45,05:56,20:31,2025-07-11 03:48:32.444046,Castel Volturno,44.3,4.326274,4.956966,1.432426,5.6092606,72.9,3.3655565,4.1569023,1.4571428,2.4761906,73.7,3.7423568,2.3873765,3.9404554,1.8822827,50.6,1.4857143,1.4857143,56.9
2025-07-11T03:48:43Z,0,29.852,78.1,38,69.9,2,3,23,50,0.0,255,32767,0.0,2127-15-31,0.0,0.12,27.44,0.0,0.0,0.0,0,0.9609375,6,45,05:56,20:31,2025-07-11 03:48:42.993052,Castel Volturno,42.8,3.9738832,4.9239783,1.3343682,5.0648203,72.7,3.0388923,4.1305857,1.2608696,2.3429952,73.7,3.4219284,2.223947,3.5939212,1.8153809,49.7,1.4057971,1.4057971,56.2
2025-07-11T03:48:54Z,0,29.853,78.2,39,69.9,1,3,63,50,0.0,255,32767,0.0,2127-15-31,0.0,0.12,27.44,0.0,0.0,0.0,0,1.517578125,6,45,05:56,20:31,2025-07-11 03:48:54.056042,Castel Volturno,42.8,3.9738832,4.9239783,1.3343682,5.0648203,72.7,3.0388923,4.1305857,1.2608696,2.3429952,73.7,3.4219284,2.223947,3.5939212,1.8153809,49.7,1.4057971,1.4057971,56.2
2025-07-11T03:49:04Z,0,29.853,78.2,39,69.9,1,3,69,50,0.0,255,32767,0.0,2127-15-31,0.0,0.12,27.44,0.0,0.0,0.0,0,1.517578125,6,45,05:56,20:31,2025-07-11 03:49:04.610054,Castel Volturno,42.8,3.9738832,4.9239783,1.3343682,5.0648203,72.7,3.0388923,4.1305857,1.2608696,2.3429952,73.7,3.4219284,2.223947,3.5939212,1.8153809,49.7,1.4057971,1.4057971,56.2
2025-07-11T03:49:15Z,0,29.853,78.2,39,69.9,3,3,28,50,0.0,255,32767,0.0,2127-15-31,0.0,0.12,27.44,0.0,0.0,0.0,0,1.517578125,6,45,05:56,20:31,2025-07-11 03:49:15.164051,Castel Volturno,42.8,3.9738832,4.9239783,1.3343682,5.0648203,72.7,3.0388923,4.1305857,1.2608696,2.3429952,73.7,3.4219284,2.223947,3.5939212,1.8153809,49.7,1.4057971,1.4057971,56.2
2025-07-11T03:49:25Z,0,29.853,78.2,39,69.8,3,3,22,50,0.0,255,32767,0.0,2127-15-31,0.0,0.12,27.44,0.0,0.0,0.0,0,1.517578125,6,45,05:56,20:31,2025-07-11 03:49:25.717052,Castel Volturno,42.8,3.9738832,4.9239783,1.3343682,5.0648203,72.7,3.0388923,4.1305857,1.2608696,2.3429952,73.7,3.4219284,2.223947,3.5939212,1.8153809,49.7,1.4057971,1.4057971,56.2
2025-07-11T03:49:36Z,0,29.853,78.2,39,69.9,2,3,47,50,0.0,255,32767,0.0,2127-15-31,0.0,0.12,27.44,0.0,0.0,0.0,0,1.517578125,6,45,05:56,20:31,2025-07-11 03:49:36.271042,Castel Volturno,42.8,3.9738832,4.9239783,1.3343682,5.0648203,72.7,3.0388923,4.1305857,1.2608696,2.3429952,73.7,3.4219284,2.223947,3.5939212,1.8153809,49.7,1.4057971,1.4057971,56.2
2025-07-11T03:49:47Z,0,29.853,78.2,39,69.8,3,3,32,50,0.0,255,32767,0.0,2127-15-31,0.0,0.12,27.44,0.0,0.0,0.0,0,1.517578125,6,45,05:56,20:31,2025-07-11 03:49:46.827047,Castel Volturno,42.8,3.9738832,4.9239783,1.3343682,5.0648203,72.7,3.0388923,4.1305857,1.2608696,2.3429952,73.7,3.4219284,2.223947,3.5939212,1.8153809,49.7,1.4057971,1.4057971,56.2
2025-07-11T03:49:57Z,0,29.852,78.2,39,69.8,2,3,54,50,0.0,255,32767,0.0,2127-15-31,0.0,0.12,27.44,0.0,0.0,0.0,0,0.76171875,6,45,05:56,20:31,2025-07-11 03:49:57.381049,Castel Volturno,42.8,3.9738832,4.9239783,1.3343682,5.0648203,72.7,3.0388923,4.1305857,1.2608696,2.3429952,73.7,3.4219284,2.223947,3.5939212,1.8153809,49.7,1.4057971,1.4057971,56.2
2025-07-11T03:50:08Z,0,29.852,78.2,39,69.8,1,3,59,50,0.0,255,32767,0.0,2127-15-31,0.0,0.12,27.44,0.0,0.0,0.0,0,0.76171875,6,45,05:56,20:31,2025-07-11 03:50:07.935057,Castel Volturno,42.8,3.9738832,4.9239783,1.3343682,5.0648203,72.7,3.0388923,4.1305857,1.2608696,2.3429952,73.7,3.4219284,2.223947,3.5939212,1.8153809,49.7,1.4057971,1.4057971,56.2
2025-07-11T03:50:18Z,0,29.852,78.2,39,69.8,1,3,48,50,0.0,255,32767,0.0,2127-15-31,0.0,0.12,27.44,0.0,0.0,0.0,0,0.76171875,6,45,05:56,20:31,2025-07-11 03:50:18.488049,Castel Volturno,42.8,3.9738832,4.9239783,1.3343682,5.0648203,72.7,3.0388923,4.1305857,1.2608696,2.3429952,73.7,3.4219284,2.223947,3.5939212,1.8153809,49.7,1.4057971,1.4057971,56.2
2025-07-11T03:50:29Z,0,29.852,78.2,39,69.8,1,3,22,50,0.0,255,32767,0.0,2127-15-31,0.0,0.12,27.44,0.0,0.0,0.0,0,0.76171875,6,45,05:56,20:31,2025-07-11 03:50:29.070045,Castel Volturno,42.8,3.9738832,4.9239783,1.3343682,5.0648203,72.7,3.0388923,4.1305857,1.2608696,2.3429952,73.7,3.4219284,2.223947,3.5939212,1.8153809,49.7,1.4057971,1.4057971,56.2
2025-07-11T03:50:39Z,0,29.852,78.2,39,69.8,1,3,41,50,0.0,255,32767,0.0,2127-15-31,0.0,0.12,27.44,0.0,0.0,0.0,0,0.76171875,6,45,05:56,20:31,2025-07-11 03:50:39.624043,Castel Volturno,42.8,3.9738832,4.9239783,1.3343682,5.0648203,72.7,3.0388923,4.1305857,1.2608696,2.3429952,73.7,3.4219284,2.223947,3.5939212,1.8153809,49.7,1.4057971,1.4057971,56.2
2025-07-11T03:50:50Z,0,29.852,78.2,39,69.8,0,3,40,50,0.0,255,32767,0.0,2127-15-31,0.0,0.12,27.44,0.0,0.0,0.0,0,0.76171875,6,45,05:56,20:31,2025-07-11 03:50:50.178050,Castel Volturno,42.8,3.9738832,4.9239783,1.3343682,5.0648203,72.7,3.0388923,4.1305857,1.2608696,2.3429952,73.7,3.4219284,2.223947,3.5939212,1.8153809,49.7,1.4057971,1.4057971,56.2
2025-07-11T03:51:00Z,0,29.853,78.2,39,69.8,0,3,37,50,0.0,255,32767,0.0,2127-15-31,0.0,0.12,27.44,0.0,0.0,0.0,0,0.826171875,6,45,05:56,20:31,2025-07-11 03:51:00.732046,Castel Volturno,42.8,3.9738832,4.9239783,1.3343682,5.0648203,72.7,3.0388923,4.1305857,1.2608696,2.3429952,73.7,3.4219284,2.223947,3.5939212,1.8153809,49.7,1.4057971,1.4057971,56.2
2025-07-11T03:51:11Z,0,29.853,78.2,39,69.8,0,3,51,50,0.0,255,32767,0.0,2127-15-31,0.0,0.12,27.44,0.0,0.0,0.0,0,0.826171875,6,45,05:56,20:31,2025-07-11 03:51:11.286053,Castel Volturno,42.8,3.9738832,4.9239783,1.3343682,5.0648203,72.7,3.0388923,4.1305857,1.2608696,2.3429952,73.7,3.4219284,2.223947,3.5939212,1.8153809,49.7,1.4057971,1.4057971,56.2
2025-07-11T03:51:22Z,0,29.853,78.2,39,69.8,0,3,51,50,0.0,255,32767,0.0,2127-15-31,0.0,0.12,27.44,0.0,0.0,0.0,0,0.826171875,6,45,05:56,20:31,2025-07-11 03:51:21.840082,Castel Volturno,42.8,3.9738832,4.9239783,1.3343682,5.0648203,72.7,3.0388923,4.1305857,1.2608696,2.3429952,73.7,3.4219284,2.223947,3.5939212,1.8153809,49.7,1.4057971,1.4057971,56.2
2025-07-11T03:51:32Z,0,29.853,78.2,39,69.8,0,3,51,50,0.0,255,32767,0.0,2127-15-31,0.0,0.12,27.44,0.0,0.0,0.0,0,0.826171875,6,45,05:56,20:31,2025-07-11 03:51:32.394043,Castel Volturno,42.8,3.9738832,4.9239783,1.3343682,5.0648203,72.7,3.0388923,4.1305857,1.2608696,2.3429952,73.7,3.4219284,2.223947,3.5939212,1.8153809,49.7,1.4057971,1.4057971,56.2
2025-07-11T03:51:43Z,0,29.853,78.2,39,69.8,1,3,68,50,0.0,255,32767,0.0,2127-15-31,0.0,0.12,27.44,0.0,0.0,0.0,0,0.826171875,6,45,05:56,20:31,2025-07-11 03:51:42.948048,Castel Volturno,42.8,3.9738832,4.9239783,1.3343682,5.0648203,72.7,3.0388923,4.1305857,1.2608696,2.3429952,73.7,3.4219284,2.223947,3.5939212,1.8153809,49.7,1.4057971,1.4057971,56.2
2025-07-11T03:51:53Z,0,29.852,78.2,39,69.8,3,2,56,50,0.0,255,32767,0.0,2127-15-31,0.0,0.12,27.44,0.0,0.0,0.0,0,0.76171875,6,45,05:56,20:31,2025-07-11 03:51:53.502041,Castel Volturno,42.8,3.9738832,4.9239783,1.3343682,5.0648203,72.7,3.0388923,4.1305857,1.2608696,2.3429952,73.7,3.4219284,2.223947,3.5939212,1.8153809,49.7,1.4057971,1.4057971,56.2
2025-07-11T03:52:04Z,0,29.852,78.2,39,69.8,2,2,30,50,0.0,255,32767,0.0,2127-15-31,0.0,0.12,27.44,0.0,0.0,0.0,0,0.76171875,6,45,05:56,20:31,2025-07-11 03:52:04.056043,Castel Volturno,42.8,3.9738832,4.9239783,1.3343682,5.0648203,72.7,3.0388923,4.1305857,1.2608696,2.3429952,73.7,3.4219284,2.223947,3.5939212,1.8153809,49.7,1.4057971,1.4057971,56.2
2025-07-11T03:52:14Z,0,29.852,78.2,39,69.7,2,2,52,50,0.0,255,32767,0.0,2127-15-31,0.0,0.12,27.44,0.0,0.0,0.0,0,0.76171875,6,45,05:56,20:31,2025-07-11 03:52:14.610030,Castel Volturno,42.8,3.9738832,4.9239783,1.3343682,5.0648203,72.7,3.0388923,4.1305857,1.2608696,2.3429952,73.7,3.4219284,2.223947,3.5939212,1.8153809,49.7,1.4057971,1.4057971,56.2
2025-07-11T03:52:25Z,0,29.852,78.2,39,69.8,2,2,31,50,0.0,255,32767,0.0,2127-15-31,0.0,0.12,27.44,0.0,0.0,0.0,0,0.76171875,6,45,05:56,20:31,2025-07-11 03:52:25.164048,Castel Volturno,42.8,3.9738832,4.9239783,1.3343682,5.0648203,72.7,3.0388923,4.1305857,1.2608696,2.3429952,73.7,3.4219284,2.223947,3.5939212,1.8153809,49.7,1.4057971,1.4057971,56.2
2025-07-11T03:52:35Z,0,29.852,78.2,39,69.8,1,2,49,50,0.0,255,32767,0.0,2127-15-31,0.0,0.12,27.44,0.0,0.0,0.0,0,0.76171875,6,45,05:56,20:31,2025-07-11 03:52:35.718046,Castel Volturno,42.8,3.9738832,4.9239783,1.3343682,5.0648203,72.7,3.0388923,4.1305857,1.2608696,2.3429952,73.7,3.4219284,2.223947,3.5939212,1.8153809,49.7,1.4057971,1.4057971,56.2
2025-07-11T03:52:46Z,0,29.852,78.2,39,69.8,0,2,50,50,0.0,255,32767,0.0,2127-15-31,0.0,0.12,27.44,0.0,0.0,0.0,0,0.76171875,6,45,05:56,20:31,2025-07-11 03:52:46.272057,Castel Volturno,42.8,3.9738832,4.9239783,1.3343682,5.0648203,72.7,3.0388923,4.1305857,1.2608696,2.3429952,73.7,3.4219284,2.223947,3.5939212,1.8153809,49.7,1.4057971,1.4057971,56.2
2025-07-11T03:52:57Z,0,29.852,78.2,39,69.7,1,2,42,50,0.0,255,32767,0.0,2127-15-31,0.0,0.12,27.44,0.0,0.0,0.0,0,0.8671875,6,45,05:56,20:31,2025-07-11 03:52:56.826048,Castel Volturno,42.8,3.9738832,4.9239783,1.3343682,5.0648203,72.7,3.0388923,4.1305857,1.2608696,2.3429952,73.7,3.4219284,2.223947,3.5939212,1.8153809,49.7,1.4057971,1.4057971,56.2
2025-07-11T03:53:07Z,0,29.852,78.2,39,69.7,2,2,39,50,0.0,255,32767,0.0,2127-15-31,0.0,0.12,27.44,0.0,0.0,0.0,0,0.8671875,6,45,05:56,20:31,2025-07-11 03:53:07.382043,Castel Volturno,42.8,3.9738832,4.9239783,1.3343682,5.0648203,72.7,3.0388923,4.1305857,1.2608696,2.3429952,73.7,3.4219284,2.223947,3.5939212,1.8153809,49.7,1.4057971,1.4057971,56.2
2025-07-11T03:53:18Z,0,29.852,78.2,39,69.7,3,2,15,50,0.0,255,32767,0.0,2127-15-31,0.0,0.12,27.44,0.0,0.0,0.0,0,0.8671875,6,45,05:56,20:31,2025-07-11 03:53:17.936047,Castel Volturno,42.8,3.9738832,4.9239783,1.3343682,5.0648203,72.7,3.0388923,4.1305857,1.2608696,2.3429952,73.7,3.4219284,2.223947,3.5939212,1.8153809,49.7,1.4057971,1.4057971,56.2
2025-07-11T03:53:28Z,0,29.852,78.2,39,69.7,2,2,32,50,0.0,255,32767,0.0,2127-15-31,0.0,0.12,27.44,0.0,0.0,0.0,0,0.8671875,6,45,05:56,20:31,2025-07-11 03:53:28.476051,Castel Volturno,42.8,3.9738832,4.9239783,1.3343682,5.0648203,72.7,3.0388923,4.1305857,1.2608696,2.3429952,73.7,3.4219284,2.223947,3.5939212,1.8153809,49.7,1.4057971,1.4057971,56.2
2025-07-11T03:53:39Z,0,29.852,78.2,39,69.7,1,2,38,50,0.0,255,32767,0.0,2127-15-31,0.0,0.12,27.44,0.0,0.0,0.0,0,0.8671875,6,45,05:56,20:31,2025-07-11 03:53:39.046052,Castel Volturno,42.8,3.9738832,4.9239783,1.3343682,5.0648203,72.7,3.0388923,4.1305857,1.2608696,2.3429952,73.7,3.4219284,2.223947,3.5939212,1.8153809,49.7,1.4057971,1.4057971,56.2
2025-07-11T03:53:49Z,0,29.852,78.2,39,69.7,3,2,78,50,0.0,255,32767,0.0,2127-15-31,0.0,0.12,27.44,0.0,0.0,0.0,0,0.8671875,6,45,05:56,20:31,2025-07-11 03:53:49.756043,Castel Volturno,42.8,3.9738832,4.9239783,1.3343682,5.0648203,72.7,3.0388923,4.1305857,1.2608696,2.3429952,73.7,3.4219284,2.223947,3.5939212,1.8153809,49.7,1.4057971,1.4057971,56.2
2025-07-11T03:54:01Z,0,29.855,78.2,39,69.7,3,2,47,50,0.0,255,32767,0.0,2127-15-31,0.0,0.12,27.44,0.0,0.0,0.0,0,0.7734375,6,45,05:56,20:31,2025-07-11 03:54:00.835048,Castel Volturno,42.8,3.9738832,4.9239783,1.3343682,5.0648203,72.7,3.0388923,4.1305857,1.2608696,2.3429952,73.7,3.4219284,2.223947,3.5939212,1.8153809,49.7,1.4057971,1.4057971,56.2
2025-07-11T03:54:11Z,0,29.855,78.2,39,69.7,2,2,47,50,0.0,255,32767,0.0,2127-15-31,0.0,0.12,27.44,0.0,0.0,0.0,0,0.7734375,6,45,05:56,20:31,2025-07-11 03:54:11.391053,Castel Volturno,42.8,3.9738832,4.9239783,1.3343682,5.0648203,72.7,3.0388923,4.1305857,1.2608696,2.3429952,73.7,3.4219284,2.223947,3.5939212,1.8153809,49.7,1.4057971,1.4057971,56.2
2025-07-11T03:54:22Z,0,29.855,78.2,39,69.7,2,2,63,50,0.0,255,32767,0.0,2127-15-31,0.0,0.12,27.44,0.0,0.0,0.0,0,0.7734375,6,45,05:56,20:31,2025-07-11 03:54:21.945048,Castel Volturno,42.8,3.9738832,4.9239783,1.3343682,5.0648203,72.7,3.0388923,4.1305857,1.2608696,2.3429952,73.7,3.4219284,2.223947,3.5939212,1.8153809,49.7,1.4057971,1.4057971,56.2
2025-07-11T03:54:32Z,0,29.855,78.2,39,69.7,2,2,31,50,0.0,255,32767,0.0,2127-15-31,0.0,0.12,27.44,0.0,0.0,0.0,0,0.7734375,6,45,05:56,20:31,2025-07-11 03:54:32.498045,Castel Volturno,42.8,3.9738832,4.9239783,1.3343682,5.0648203,72.7,3.0388923,4.1305857,1.2608696,2.3429952,73.7,3.4219284,2.223947,3.5939212,1.8153809,49.7,1.4057971,1.4057971,56.2
2025-07-11T03:54:43Z,0,29.855,78.2,39,69.6,3,2,70,50,0.0,255,32767,0.0,2127-15-31,0.0,0.12,27.44,0.0,0.0,0.0,0,0.7734375,6,45,05:56,20:31,2025-07-11 03:54:43.052032,Castel Volturno,42.8,3.9738832,4.9239783,1.3343682,5.0648203,72.7,3.0388923,4.1305857,1.2608696,2.3429952,73.7,3.4219284,2.223947,3.5939212,1.8153809,49.7,1.4057971,1.4057971,56.2
2025-07-11T03:54:53Z,0,29.855,78.2,38,69.6,3,2,57,50,0.0,255,32767,0.0,2127-15-31,0.0,0.12,27.44,0.0,0.0,0.0,0,0.8671875,6,45,05:56,20:31,2025-07-11 03:54:53.606069,Castel Volturno,42.8,3.9738832,4.9239783,1.3343682,5.0648203,72.7,3.0388923,4.1305857,1.2608696,2.3429952,73.7,3.4219284,2.223947,3.5939212,1.8153809,49.7,1.4057971,1.4057971,56.2
2025-07-11T03:55:04Z,0,29.855,78.2,38,69.6,3,2,48,50,0.0,255,32767,0.0,2127-15-31,0.0,0.12,27.44,0.0,0.0,0.0,0,0.8671875,6,45,05:56,20:31,2025-07-11 03:55:04.160046,Castel Volturno,42.8,3.9738832,4.9239783,1.3343682,5.0648203,72.7,3.0388923,4.1305857,1.2608696,2.3429952,73.7,3.4219284,2.223947,3.5939212,1.8153809,49.7,1.4057971,1.4057971,56.2
2025-07-11T03:55:14Z,0,29.855,78.2,38,69.6,3,2,80,50,0.0,255,32767,0.0,2127-15-31,0.0,0.12,27.44,0.0,0.0,0.0,0,0.8671875,6,45,05:56,20:31,2025-07-11 03:55:14.714045,Castel Volturno,42.8,3.9738832,4.9239783,1.3343682,5.0648203,72.7,3.0388923,4.1305857,1.2608696,2.3429952,73.7,3.4219284,2.223947,3.5939212,1.8153809,49.7,1.4057971,1.4057971,56.2
2025-07-11T03:55:25Z,0,29.855,78.2,38,69.6,4,2,67,50,0.0,255,32767,0.0,2127-15-31,0.0,0.12,27.44,0.0,0.0,0.0,0,0.8671875,6,45,05:56,20:31,2025-07-11 03:55:25.268045,Castel Volturno,42.8,3.9738832,4.9239783,1.3343682,5.0648203,72.7,3.0388923,4.1305857,1.2608696,2.3429952,73.7,3.4219284,2.223947,3.5939212,1.8153809,49.7,1.4057971,1.4057971,56.2
2025-07-11T03:55:36Z,0,29.855,78.2,38,69.6,2,2,19,50,0.0,255,32767,0.0,2127-15-31,0.0,0.12,27.44,0.0,0.0,0.0,0,0.8671875,6,45,05:56,20:31,2025-07-11 03:55:35.822048,Castel Volturno,42.8,3.9738832,4.9239783,1.3343682,5.0648203,72.7,3.0388923,4.1305857,1.2608696,2.3429952,73.7,3.4219284,2.223947,3.5939212,1.8153809,49.7,1.4057971,1.4057971,56.2
2025-07-11T03:55:46Z,0,29.855,78.2,38,69.6,4,2,88,50,0.0,255,32767,0.0,2127-15-31,0.0,0.12,27.44,0.0,0.0,0.0,0,0.8671875,6,45,05:56,20:31,2025-07-11 03:55:46.376046,Castel Volturno,42.8,3.9738832,4.9239783,1.3343682,5.0648203,72.7,3.0388923,4.1305857,1.2608696,2.3429952,73.7,3.4219284,2.223947,3.5939212,1.8153809,49.7,1.4057971,1.4057971,56.2
2025-07-11T03:55:57Z,0,29.854,78.2,38,69.6,2,2,57,50,0.0,255,32767,0.0,2127-15-31,0.0,0.12,27.44,0.0,0.0,0.0,0,1.39453125,6,45,05:56,20:31,2025-07-11 03:55:56.930071,Castel Volturno,42.8,3.9738832,4.9239783,1.3343682,5.0648203,72.7,3.0388923,4.1305857,1.2608696,2.3429952,73.7,3.4219284,2.223947,3.5939212,1.8153809,49.7,1.4057971,1.4057971,56.2
2025-07-11T03:56:07Z,0,29.854,78.2,38,69.6,3,2,68,50,0.0,255,32767,0.0,2127-15-31,0.0,0.12,27.44,0.0,0.0,0.0,0,1.39453125,6,45,05:56,20:31,2025-07-11 03:56:07.483052,Castel Volturno,42.8,3.9738832,4.9239783,1.3343682,5.0648203,72.7,3.0388923,4.1305857,1.2608696,2.3429952,73.7,3.4219284,2.223947,3.5939212,1.8153809,49.7,1.4057971,1.4057971,56.2
2025-07-11T03:56:18Z,0,29.854,78.2,38,69.6,1,2,76,50,0.0,255,32767,0.0,2127-15-31,0.0,0.12,27.44,0.0,0.0,0.0,0,1.39453125,6,45,05:56,20:31,2025-07-11 03:56:18.035008,Castel Volturno,42.8,3.9738832,4.9239783,1.3343682,5.0648203,72.7,3.0388923,4.1305857,1.2608696,2.3429952,73.7,3.4219284,2.223947,3.5939212,1.8153809,49.7,1.4057971,1.4057971,56.2
2025-07-11T03:56:28Z,0,29.854,78.2,38,69.6,1,2,31,50,0.0,255,32767,0.0,2127-15-31,0.0,0.12,27.44,0.0,0.0,0.0,0,1.39453125,6,45,05:56,20:31,2025-07-11 03:56:28.589044,Castel Volturno,42.8,3.9738832,4.9239783,1.3343682,5.0648203,72.7,3.0388923,4.1305857,1.2608696,2.3429952,73.7,3.4219284,2.223947,3.5939212,1.8153809,49.7,1.4057971,1.4057971,56.2
2025-07-11T03:56:39Z,0,29.854,78.2,38,69.6,1,2,51,50,0.0,255,32767,0.0,2127-15-31,0.0,0.12,27.44,0.0,0.0,0.0,0,1.39453125,6,45,05:56,20:31,2025-07-11 03:56:39.143009,Castel Volturno,42.8,3.9738832,4.9239783,1.3343682,5.0648203,72.7,3.0388923,4.1305857,1.2608696,2.3429952,73.7,3.4219284,2.223947,3.5939212,1.8153809,49.7,1.4057971,1.4057971,56.2
2025-07-11T03:56:49Z,0,29.854,78.2,38,69.6,1,2,55,50,0.0,255,32767,0.0,2127-15-31,0.0,0.12,27.44,0.0,0.0,0.0,0,1.39453125,6,45,05:56,20:31,2025-07-11 03:56:49.697042,Castel Volturno,42.8,3.9738832,4.9239783,1.3343682,5.0648203,72.7,3.0388923,4.1305857,1.2608696,2.3429952,73.7,3.4219284,2.223947,3.5939212,1.8153809,49.7,1.4057971,1.4057971,56.2
2025-07-11T03:57:00Z,0,29.853,78.2,38,69.6,3,2,75,50,0.0,255,32767,0.0,2127-15-31,0.0,0.12,27.44,0.0,0.0,0.0,0,0.767578125,6,45,05:56,20:31,2025-07-11 03:57:00.251079,Castel Volturno,42.8,3.9738832,4.9239783,1.3343682,5.0648203,72.7,3.0388923,4.1305857,1.2608696,2.3429952,73.7,3.4219284,2.223947,3.5939212,1.8153809,49.7,1.4057971,1.4057971,56.2
2025-07-11T03:57:11Z,0,29.853,78.2,38,69.6,1,2,25,50,0.0,255,32767,0.0,2127-15-31,0.0,0.12,27.44,0.0,0.0,0.0,0,0.767578125,6,45,05:56,20:31,2025-07-11 03:57:10.805022,Castel Volturno,42.8,3.9738832,4.9239783,1.3343682,5.0648203,72.7,3.0388923,4.1305857,1.2608696,2.3429952,73.7,3.4219284,2.223947,3.5939212,1.8153809,49.7,1.4057971,1.4057971,56.2
2025-07-11T03:57:21Z,0,29.853,78.2,38,69.6,2,2,55,50,0.0,255,32767,0.0,2127-15-31,0.0,0.12,27.44,0.0,0.0,0.0,0,0.767578125,6,45,05:56,20:31,2025-07-11 03:57:21.359044,Castel Volturno,42.8,3.9738832,4.9239783,1.3343682,5.0648203,72.7,3.0388923,4.1305857,1.2608696,2.3429952,73.7,3.4219284,2.223947,3.5939212,1.8153809,49.7,1.4057971,1.4057971,56.2
2025-07-11T03:57:32Z,0,29.853,78.2,38,69.6,1,2,52,50,0.0,255,32767,0.0,2127-15-31,0.0,0.12,27.44,0.0,0.0,0.0,0,0.767578125,6,45,05:56,20:31,2025-07-11 03:57:31.905051,Castel Volturno,42.8,3.9738832,4.9239783,1.3343682,5.0648203,72.7,3.0388923,4.1305857,1.2608696,2.3429952,73.7,3.4219284,2.223947,3.5939212,1.8153809,49.7,1.4057971,1.4057971,56.2
2025-07-11T03:57:42Z,0,29.853,78.2,38,69.6,1,2,75,50,0.0,255,32767,0.0,2127-15-31,0.0,0.12,27.44,0.0,0.0,0.0,0,0.767578125,6,45,05:56,20:31,2025-07-11 03:57:42.459043,Castel Volturno,42.8,3.9738832,4.9239783,1.3343682,5.0648203,72.7,3.0388923,4.1305857,1.2608696,2.3429952,73.7,3.4219284,2.223947,3.5939212,1.8153809,49.7,1.4057971,1.4057971,56.2
2025-07-11T03:57:53Z,0,29.856,78.2,38,69.6,2,2,87,50,0.0,255,32767,0.0,2127-15-31,0.0,0.12,27.44,0.0,0.0,0.0,0,0.779296875,6,45,05:56,20:31,2025-07-11 03:57:53.013070,Castel Volturno,42.8,3.9738832,4.9239783,1.3343682,5.0648203,72.7,3.0388923,4.1305857,1.2608696,2.3429952,73.7,3.4219284,2.223947,3.5939212,1.8153809,49.7,1.4057971,1.4057971,56.2
2025-07-11T03:58:03Z,0,29.856,78.2,38,69.6,2,2,38,50,0.0,255,32767,0.0,2127-15-31,0.0,0.12,27.44,0.0,0.0,0.0,0,0.779296875,6,45,05:56,20:31,2025-07-11 03:58:03.567046,Castel Volturno,42.8,3.9738832,4.9239783,1.3343682,5.0648203,72.7,3.0388923,4.1305857,1.2608696,2.3429952,73.7,3.4219284,2.223947,3.5939212,1.8153809,49.7,1.4057971,1.4057971,56.2
2025-07-11T03:58:14Z,0,29.856,78.2,38,69.6,3,2,25,50,0.0,255,32767,0.0,2127-15-31,0.0,0.12,27.44,0.0,0.0,0.0,0,0.779296875,6,45,05:56,20:31,2025-07-11 03:58:14.121051,Castel Volturno,42.8,3.9738832,4.9239783,1.3343682,5.0648203,72.7,3.0388923,4.1305857,1.2608696,2.3429952,73.7,3.4219284,2.223947,3.5939212,1.8153809,49.7,1.4057971,1.4057971,56.2
2025-07-11T03:58:24Z,0,29.856,78.2,38,69.6,2,2,45,50,0.0,255,32767,0.0,2127-15-31,0.0,0.12,27.44,0.0,0.0,0.0,0,0.779296875,6,45,05:56,20:31,2025-07-11 03:58:24.675055,Castel Volturno,42.8,3.9738832,4.9239783,1.3343682,5.0648203,72.7,3.0388923,4.1305857,1.2608696,2.3429952,73.7,3.4219284,2.223947,3.5939212,1.8153809,49.7,1.4057971,1.4057971,56.2
2025-07-11T03:58:35Z,0,29.856,78.2,38,69.6,1,2,51,50,0.0,255,32767,0.0,2127-15-31,0.0,0.12,27.44,0.0,0.0,0.0,0,0.779296875,6,45,05:56,20:31,2025-07-11 03:58:35.228047,Castel Volturno,42.8,3.9738832,4.9239783,1.3343682,5.0648203,72.7,3.0388923,4.1305857,1.2608696,2.3429952,73.7,3.4219284,2.223947,3.5939212,1.8153809,49.7,1.4057971,1.4057971,56.2
2025-07-11T03:58:45Z,0,29.856,78.2,38,69.6,1,2,80,50,0.0,255,32767,0.0,2127-15-31,0.0,0.12,27.44,0.0,0.0,0.0,0,0.779296875,6,45,05:56,20:31,2025-07-11 03:58:45.782047,Castel Volturno,42.8,3.9738832,4.9239783,1.3343682,5.0648203,72.7,3.0388923,4.1305857,1.2608696,2.3429952,73.7,3.4219284,2.223947,3.5939212,1.8153809,49.7,1.4057971,1.4057971,56.2
2025-07-11T03:58:56Z,0,29.854,78.2,38,69.6,0,2,51,50,0.0,255,32767,0.0,2127-15-31,0.0,0.12,27.44,0.0,0.0,0.0,0,0.76171875,6,45,05:56,20:31,2025-07-11 03:58:56.336040,Castel Volturno,42.8,3.9738832,4.9239783,1.3343682,5.0648203,72.7,3.0388923,4.1305857,1.2608696,2.3429952,73.7,3.4219284,2.223947,3.5939212,1.8153809,49.7,1.4057971,1.4057971,56.2
2025-07-11T03:59:07Z,0,29.854,78.2,38,69.6,2,2,24,50,0.0,255,32767,0.0,2127-15-31,0.0,0.12,27.44,0.0,0.0,0.0,0,0.76171875,6,45,05:56,20:31,2025-07-11 03:59:07.404050,Castel Volturno,42.8,3.9738832,4.9239783,1.3343682,5.0648203,72.7,3.0388923,4.1305857,1.2608696,2.3429952,73.7,3.4219284,2.223947,3.5939212,1.8153809,49.7,1.4057971,1.4057971,56.2
2025-07-11T03:59:18Z,0,29.854,78.2,38,69.5,1,2,21,50,0.0,255,32767,0.0,2127-15-31,0.0,0.12,27.44,0.0,0.0,0.0,0,0.76171875,6,45,05:56,20:31,2025-07-11 03:59:17.965057,Castel Volturno,42.8,3.9738832,4.9239783,1.3343682,5.0648203,72.7,3.0388923,4.1305857,1.2608696,2.3429952,73.7,3.4219284,2.223947,3.5939212,1.8153809,49.7,1.4057971,1.4057971,56.2
2025-07-11T03:59:28Z,0,29.854,78.2,38,69.6,1,2,26,50,0.0,255,32767,0.0,2127-15-31,0.0,0.12,27.44,0.0,0.0,0.0,0,0.76171875,6,45,05:56,20:31,2025-07-11 03:59:28.519044,Castel Volturno,42.8,3.9738832,4.9239783,1.3343682,5.0648203,72.7,3.0388923,4.1305857,1.2608696,2.3429952,73.7,3.4219284,2.223947,3.5939212,1.8153809,49.7,1.4057971,1.4057971,56.2
2025-07-11T03:59:39Z,0,29.854,78.2,38,69.6,3,2,13,50,0.0,255,32767,0.0,2127-15-31,0.0,0.12,27.44,0.0,0.0,0.0,0,0.76171875,6,45,05:56,20:31,2025-07-11 03:59:39.073042,Castel Volturno,42.8,3.9738832,4.9239783,1.3343682,5.0648203,72.7,3.0388923,4.1305857,1.2608696,2.3429952,73.7,3.4219284,2.223947,3.5939212,1.8153809,49.7,1.4057971,1.4057971,56.2
2025-07-11T03:59:49Z,0,29.854,78.2,38,69.6,4,2,57,50,0.0,255,32767,0.0,2127-15-31,0.0,0.12,27.44,0.0,0.0,0.0,0,0.76171875,6,45,05:56,20:31,2025-07-11 03:59:49.627058,Castel Volturno,42.8,3.9738832,4.9239783,1.3343682,5.0648203,72.7,3.0388923,4.1305857,1.2608696,2.3429952,73.7,3.4219284,2.223947,3.5939212,1.8153809,49.7,1.4057971,1.4057971,56.2
2025-07-11T04:00:00Z,0,29.852,78.2,38,69.6,4,2,82,49,0.0,255,32767,0.0,2127-15-31,0.0,0.12,27.44,0.0,0.0,0.0,0,0.767578125,6,45,05:56,20:31,2025-07-11 04:00:00.181053,Castel Volturno,42.8,3.9738832,4.9239783,1.3343682,5.0648203,72.7,3.0388923,4.1305857,1.2608696,2.3429952,73.7,3.4219284,2.223947,3.5939212,1.8153809,49.7,1.4057971,1.4057971,56.2
2025-07-11T04:00:10Z,0,29.852,78.2,38,69.6,2,2,53,49,0.0,255,32767,0.0,2127-15-31,0.0,0.12,27.44,0.0,0.0,0.0,0,0.767578125,6,45,05:56,20:31,2025-07-11 04:00:10.735089,Castel Volturno,42.8,3.9738832,4.9239783,1.3343682,5.0648203,72.7,3.0388923,4.1305857,1.2608696,2.3429952,73.7,3.4219284,2.223947,3.5939212,1.8153809,49.7,1.4057971,1.4057971,56.2
2025-07-11T04:00:21Z,0,29.852,78.2,38,69.6,2,2,41,49,0.0,255,32767,0.0,2127-15-31,0.0,0.12,27.44,0.0,0.0,0.0,0,0.767578125,6,45,05:56,20:31,2025-07-11 04:00:21.289006,Castel Volturno,42.8,3.9738832,4.9239783,1.3343682,5.0648203,72.7,3.0388923,4.1305857,1.2608696,2.3429952,73.7,3.4219284,2.223947,3.5939212,1.8153809,49.7,1.4057971,1.4057971,56.2
2025-07-11T04:00:32Z,0,29.852,78.2,38,69.6,2,2,42,49,0.0,255,32767,0.0,2127-15-31,0.0,0.12,27.44,0.0,0.0,0.0,0,0.767578125,6,45,05:56,20:31,2025-07-11 04:00:31.843044,Castel Volturno,42.8,3.9738832,4.9239783,1.3343682,5.0648203,72.7,3.0388923,4.1305857,1.2608696,2.3429952,73.7,3.4219284,2.223947,3.5939212,1.8153809,49.7,1.4057971,1.4057971,56.2
2025-07-11T04:00:42Z,0,29.852,78.2,38,69.6,2,2,50,49,0.0,255,32767,0.0,2127-15-31,0.0,0.12,27.44,0.0,0.0,0.0,0,0.767578125,6,45,05:56,20:31,2025-07-11 04:00:42.397009,Castel Volturno,42.8,3.9738832,4.9239783,1.3343682,5.0648203,72.7,3.0388923,4.1305857,1.2608696,2.3429952,73.7,3.4219284,2.223947,3.5939212,1.8153809,49.7,1.4057971,1.4057971,56.2
2025-07-11T04:00:53Z,0,29.854,78.2,39,69.5,2,2,63,49,0.0,255,32767,0.0,2127-15-31,0.0,0.12,27.44,0.0,0.0,0.0,0,0.7734375,6,45,05:56,20:31,2025-07-11 04:00:52.952050,Castel Volturno,42.8,3.9738832,4.9239783,1.3343682,5.0648203,72.7,3.0388923,4.1305857,1.2608696,2.3429952,73.7,3.4219284,2.223947,3.5939212,1.8153809,49.7,1.4057971,1.4057971,56.2
2025-07-11T04:01:03Z,0,29.854,78.2,39,69.5,3,2,22,49,0.0,255,32767,0.0,2127-15-31,0.0,0.12,27.44,0.0,0.0,0.0,0,0.7734375,6,45,05:56,20:31,2025-07-11 04:01:03.506060,Castel Volturno,42.8,3.9738832,4.9239783,1.3343682,5.0648203,72.7,3.0388923,4.1305857,1.2608696,2.3429952,73.7,3.4219284,2.223947,3.5939212,1.8153809,49.7,1.4057971,1.4057971,56.2
2025-07-11T04:01:14Z,0,29.854,78.2,39,69.5,2,2,82,49,0.0,255,32767,0.0,2127-15-31,0.0,0.12,27.44,0.0,0.0,0.0,0,0.7734375,6,45,05:56,20:31,2025-07-11 04:01:14.060045,Castel Volturno,42.8,3.9738832,4.9239783,1.3343682,5.0648203,72.7,3.0388923,4.1305857,1.2608696,2.3429952,73.7,3.4219284,2.223947,3.5939212,1.8153809,49.7,1.4057971,1.4057971,56.2
2025-07-11T04:01:24Z,0,29.854,78.2,39,69.6,1,2,65,49,0.0,255,32767,0.0,2127-15-31,0.0,0.12,27.44,0.0,0.0,0.0,0,0.7734375,6,45,05:56,20:31,2025-07-11 04:01:24.615048,Castel Volturno,42.8,3.9738832,4.9239783,1.3343682,5.0648203,72.7,3.0388923,4.1305857,1.2608696,2.3429952,73.7,3.4219284,2.223947,3.5939212,1.8153809,49.7,1.4057971,1.4057971,56.2
2025-07-11T04:01:35Z,0,29.854,78.2,39,69.6,2,2,22,49,0.0,255,32767,0.0,2127-15-31,0.0,0.12,27.44,0.0,0.0,0.0,0,0.7734375,6,45,05:56,20:31,2025-07-11 04:01:35.181050,Castel Volturno,42.8,3.9738832,4.9239783,1.3343682,5.0648203,72.7,3.0388923,4.1305857,1.2608696,2.3429952,73.7,3.4219284,2.223947,3.5939212,1.8153809,49.7,1.4057971,1.4057971,56.2
2025-07-11T04:01:45Z,0,29.854,78.2,39,69.6,2,2,48,50,0.0,255,32767,0.0,2127-15-31,0.0,0.12,27.44,0.0,0.0,0.0,0,0.7734375,6,45,05:56,20:31,2025-07-11 04:01:45.735048,Castel Volturno,42.8,3.9738832,4.9239783,1.3343682,5.0648203,72.7,3.0388923,4.1305857,1.2608696,2.3429952,73.7,3.4219284,2.223947,3.5939212,1.8153809,49.7,1.4057971,1.4057971,56.2
2025-07-11T04:01:56Z,0,29.856,78.3,38,69.6,3,2,22,50,0.0,255,32767,0.0,2127-15-31,0.0,0.12,27.44,0.0,0.0,0.0,0,0.861328125,6,45,05:56,20:31,2025-07-11 04:01:56.290073,Castel Volturno,42.8,3.9738832,4.9239783,1.3343682,5.0648203,72.7,3.0388923,4.1305857,1.2608696,2.3429952,73.7,3.4219284,2.223947,3.5939212,1.8153809,49.7,1.4057971,1.4057971,56.2
2025-07-11T04:02:07Z,0,29.856,78.3,38,69.6,2,2,19,50,0.0,255,32767,0.0,2127-15-31,0.0,0.12,27.44,0.0,0.0,0.0,0,0.861328125,6,45,05:56,20:31,2025-07-11 04:02:06.844042,Castel Volturno,42.8,3.9738832,4.9239783,1.3343682,5.0648203,72.7,3.0388923,4.1305857,1.2608696,2.3429952,73.7,3.4219284,2.223947,3.5939212,1.8153809,49.7,1.4057971,1.4057971,56.2
2025-07-11T04:02:17Z,0,29.856,78.3,38,69.6,2,2,38,50,0.0,255,32767,0.0,2127-15-31,0.0,0.12,27.44,0.0,0.0,0.0,0,0.861328125,6,45,05:56,20:31,2025-07-11 04:02:17.399052,Castel Volturno,42.8,3.9738832,4.9239783,1.3343682,5.0648203,72.7,3.0388923,4.1305857,1.2608696,2.3429952,73.7,3.4219284,2.223947,3.5939212,1.8153809,49.7,1.4057971,1.4057971,56.2
2025-07-11T04:02:28Z,0,29.856,78.3,38,69.6,2,2,34,50,0.0,255,32767,0.0,2127-15-31,0.0,0.12,27.44,0.0,0.0,0.0,0,0.861328125,6,45,05:56,20:31,2025-07-11 04:02:27.953046,Castel Volturno,42.8,3.9738832,4.9239783,1.3343682,5.0648203,72.7,3.0388923,4.1305857,1.2608696,2.3429952,73.7,3.4219284,2.223947,3.5939212,1.8153809,49.7,1.4057971,1.4057971,56.2
2025-07-11T04:02:38Z,0,29.856,78.3,38,69.6,1,2,5,49,0.0,255,32767,0.0,2127-15-31,0.0,0.12,27.44,0.0,0.0,0.0,0,0.861328125,6,45,05:56,20:31,2025-07-11 04:02:38.508047,Castel Volturno,42.8,3.9738832,4.9239783,1.3343682,5.0648203,72.7,3.0388923,4.1305857,1.2608696,2.3429952,73.7,3.4219284,2.223947,3.5939212,1.8153809,49.7,1.4057971,1.4057971,56.2
2025-07-11T04:02:49Z,0,29.856,78.3,38,69.6,1,2,64,49,0.0,255,32767,0.0,2127-15-31,0.0,0.12,27.44,0.0,0.0,0.0,0,0.861328125,6,45,05:56,20:31,2025-07-11 04:02:49.062057,Castel Volturno,42.8,3.9738832,4.9239783,1.3343682,5.0648203,72.7,3.0388923,4.1305857,1.2608696,2.3429952,73.7,3.4219284,2.223947,3.5939212,1.8153809,49.7,1.4057971,1.4057971,56.2
2025-07-11T04:02:59Z,0,29.855,78.3,38,69.6,1,2,50,49,0.0,255,32767,0.0,2127-15-31,0.0,0.12,27.44,0.0,0.0,0.0,0,1.318359375,6,45,05:56,20:31,2025-07-11 04:02:59.616060,Castel Volturno,42.8,3.9738832,4.9239783,1.3343682,5.0648203,72.7,3.0388923,4.1305857,1.2608696,2.3429952,73.7,3.4219284,2.223947,3.5939212,1.8153809,49.7,1.4057971,1.4057971,56.2
2025-07-11T04:03:10Z,0,29.855,78.3,38,69.6,2,2,52,49,0.0,255,32767,0.0,2127-15-31,0.0,0.12,27.44,0.0,0.0,0.0,0,1.318359375,6,45,05:56,20:31,2025-07-11 04:03:10.170048,Castel Volturno,42.8,3.9738832,4.9239783,1.3343682,5.0648203,72.7,3.0388923,4.1305857,1.2608696,2.3429952,73.7,3.4219284,2.223947,3.5939212,1.8153809,49.7,1.4057971,1.4057971,56.2
2025-07-11T04:03:20Z,0,29.855,78.3,38,69.6,1,2,43,49,0.0,255,32767,0.0,2127-15-31,0.0,0.12,27.44,0.0,0.0,0.0,0,1.318359375,6,45,05:56,20:31,2025-07-11 04:03:20.724055,Castel Volturno,42.8,3.9738832,4.9239783,1.3343682,5.0648203,72.7,3.0388923,4.1305857,1.2608696,2.3429952,73.7,3.4219284,2.223947,3.5939212,1.8153809,49.7,1.4057971,1.4057971,56.2
2025-07-11T04:03:31Z,0,29.855,78.3,38,69.6,2,2,67,50,0.0,255,32767,0.0,2127-15-31,0.0,0.12,27.44,0.0,0.0,0.0,0,1.318359375,6,45,05:56,20:31,2025-07-11 04:03:31.278043,Castel Volturno,42.8,3.9738832,4.9239783,1.3343682,5.0648203,72.7,3.0388923,4.1305857,1.2608696,2.3429952,73.7,3.4219284,2.223947,3.5939212,1.8153809,49.7,1.4057971,1.4057971,56.2
2025-07-11T04:03:42Z,0,29.855,78.3,38,69.6,1,2,37,50,0.0,255,32767,0.0,2127-15-31,0.0,0.12,27.44,0.0,0.0,0.0,0,1.318359375,6,45,05:56,20:31,2025-07-11 04:03:41.832061,Castel Volturno,42.8,3.9738832,4.9239783,1.3343682,5.0648203,72.7,3.0388923,4.1305857,1.2608696,2.3429952,73.7,3.4219284,2.223947,3.5939212,1.8153809,49.7,1.4057971,1.4057971,56.2
2025-07-11T04:03:52Z,0,29.856,78.3,39,69.6,1,2,49,50,0.0,255,32767,0.0,2127-15-31,0.0,0.12,27.44,0.0,0.0,0.0,0,0.76171875,6,45,05:56,20:31,2025-07-11 04:03:52.386037,Castel Volturno,42.8,3.9738832,4.9239783,1.3343682,5.0648203,72.7,3.0388923,4.1305857,1.2608696,2.3429952,73.7,3.4219284,2.223947,3.5939212,1.8153809,49.7,1.4057971,1.4057971,56.2
2025-07-11T04:04:03Z,0,29.856,78.3,39,69.6,2,2,68,50,0.0,255,32767,0.0,2127-15-31,0.0,0.12,27.44,0.0,0.0,0.0,0,0.76171875,6,45,05:56,20:31,2025-07-11 04:04:02.940046,Castel Volturno,43.1,3.7613664,4.8893194,1.4124671,4.7123365,73.0,2.8274019,4.1031632,2.0285714,3.4761906,73.9,3.2261326,2.354112,3.3675454,1.8476236,50.1,2.942857,2.0857143,56.5
2025-07-11T04:04:14Z,0,29.856,78.3,39,69.6,2,2,34,50,0.0,255,32767,0.0,2127-15-31,0.0,0.12,27.44,0.0,0.0,0.0,0,0.76171875,6,45,05:56,20:31,2025-07-11 04:04:14.033047,Castel Volturno,43.1,3.7613664,4.8893194,1.4124671,4.7123365,73.0,2.8274019,4.1031632,2.0285714,3.4761906,73.9,3.2261326,2.354112,3.3675454,1.8476236,50.1,2.942857,2.0857143,56.5
2025-07-11T04:04:24Z,0,29.856,78.3,39,69.6,2,2,75,50,0.0,255,32767,0.0,2127-15-31,0.0,0.12,27.44,0.0,0.0,0.0,0,0.76171875,6,45,05:56,20:31,2025-07-11 04:04:24.588045,Castel Volturno,43.1,3.7613664,4.8893194,1.4124671,4.7123365,73.0,2.8274019,4.1031632,2.0285714,3.4761906,73.9,3.2261326,2.354112,3.3675454,1.8476236,50.1,2.942857,2.0857143,56.5
2025-07-11T04:04:35Z,0,29.856,78.3,39,69.6,2,2,41,50,0.0,255,32767,0.0,2127-15-31,0.0,0.12,27.44,0.0,0.0,0.0,0,0.76171875,6,45,05:56,20:31,2025-07-11 04:04:35.142040,Castel Volturno,43.1,3.7613664,4.8893194,1.4124671,4.7123365,73.0,2.8274019,4.1031632,2.0285714,3.4761906,73.9,3.2261326,2.354112,3.3675454,1.8476236,50.1,2.942857,2.0857143,56.5
2025-07-11T04:04:45Z,0,29.856,78.3,39,69.6,5,2,40,50,0.0,255,32767,0.0,2127-15-31,0.0,0.12,27.44,0.0,0.0,0.0,0,0.76171875,6,45,05:56,20:31,2025-07-11 04:04:45.696052,Castel Volturno,43.1,3.7613664,4.8893194,1.4124671,4.7123365,73.0,2.8274019,4.1031632,2.0285714,3.4761906,73.9,3.2261326,2.354112,3.3675454,1.8476236,50.1,2.942857,2.0857143,56.5
2025-07-11T04:04:56Z,0,29.855,78.3,38,69.6,3,2,46,50,0.0,255,32767,0.0,2127-15-31,0.0,0.12,27.44,0.0,0.0,0.0,0,0.76171875,6,45,05:56,20:31,2025-07-11 04:04:56.228682,Castel Volturno,43.1,3.7613664,4.8893194,1.4124671,4.7123365,73.0,2.8274019,4.1031632,2.0285714,3.4761906,73.9,3.2261326,2.354112,3.3675454,1.8476236,50.1,2.942857,2.0857143,56.5
2025-07-11T04:05:06Z,0,29.855,78.3,38,69.6,3,2,53,50,0.0,255,32767,0.0,2127-15-31,0.0,0.12,27.44,0.0,0.0,0.0,0,0.76171875,6,45,05:56,20:31,2025-07-11 04:05:06.794060,Castel Volturno,43.1,3.7613664,4.8893194,1.4124671,4.7123365,73.0,2.8274019,4.1031632,2.0285714,3.4761906,73.9,3.2261326,2.354112,3.3675454,1.8476236,50.1,2.942857,2.0857143,56.5
2025-07-11T04:05:17Z,0,29.855,78.3,38,69.7,1,2,24,49,0.0,255,32767,0.0,2127-15-31,0.0,0.12,27.44,0.0,0.0,0.0,0,0.76171875,6,45,05:56,20:31,2025-07-11 04:05:17.348066,Castel Volturno,43.1,3.7613664,4.8893194,1.4124671,4.7123365,73.0,2.8274019,4.1031632,2.0285714,3.4761906,73.9,3.2261326,2.354112,3.3675454,1.8476236,50.1,2.942857,2.0857143,56.5
2025-07-11T04:05:28Z,0,29.855,78.3,38,69.6,1,2,26,49,0.0,255,32767,0.0,2127-15-31,0.0,0.12,27.44,0.0,0.0,0.0,0,0.76171875,6,45,05:56,20:31,2025-07-11 04:05:27.902065,Castel Volturno,43.1,3.7613664,4.8893194,1.4124671,4.7123365,73.0,2.8274019,4.1031632,2.0285714,3.4761906,73.9,3.2261326,2.354112,3.3675454,1.8476236,50.1,2.942857,2.0857143,56.5
2025-07-11T04:05:38Z,0,29.855,78.3,38,69.6,2,2,20,49,0.0,255,32767,0.0,2127-15-31,0.0,0.12,27.44,0.0,0.0,0.0,0,0.76171875,6,45,05:56,20:31,2025-07-11 04:05:38.456045,Castel Volturno,43.1,3.7613664,4.8893194,1.4124671,4.7123365,73.0,2.8274019,4.1031632,2.0285714,3.4761906,73.9,3.2261326,2.354112,3.3675454,1.8476236,50.1,2.942857,2.0857143,56.5
2025-07-11T04:05:49Z,0,29.855,78.3,38,69.6,1,2,29,49,0.0,255,32767,0.0,2127-15-31,0.0,0.12,27.44,0.0,0.0,0.0,0,0.76171875,6,45,05:56,20:31,2025-07-11 04:05:49.008046,Castel Volturno,43.1,3.7613664,4.8893194,1.4124671,4.7123365,73.0,2.8274019,4.1031632,2.0285714,3.4761906,73.9,3.2261326,2.354112,3.3675454,1.8476236,50.1,2.942857,2.0857143,56.5
2025-07-11T04:05:59Z,0,29.854,78.3,38,69.6,2,2,27,49,0.0,255,32767,0.0,2127-15-31,0.0,0.12,27.44,0.0,0.0,0.0,0,0.76171875,6,45,05:56,20:31,2025-07-11 04:05:59.562044,Castel Volturno,43.1,3.7613664,4.8893194,1.4124671,4.7123365,73.0,2.8274019,4.1031632,2.0285714,3.4761906,73.9,3.2261326,2.354112,3.3675454,1.8476236,50.1,2.942857,2.0857143,56.5
2025-07-11T04:06:10Z,0,29.854,78.3,38,69.6,4,2,22,49,0.0,255,32767,0.0,2127-15-31,0.0,0.12,27.44,0.0,0.0,0.0,0,0.76171875,6,45,05:56,20:31,2025-07-11 04:06:10.116053,Castel Volturno,43.1,3.7613664,4.8893194,1.4124671,4.7123365,73.0,2.8274019,4.1031632,2.0285714,3.4761906,73.9,3.2261326,2.354112,3.3675454,1.8476236,50.1,2.942857,2.0857143,56.5
2025-07-11T04:06:20Z,0,29.854,78.3,38,69.6,3,2,14,49,0.0,255,32767,0.0,2127-15-31,0.0,0.12,27.44,0.0,0.0,0.0,0,0.76171875,6,45,05:56,20:31,2025-07-11 04:06:20.670017,Castel Volturno,43.1,3.7613664,4.8893194,1.4124671,4.7123365,73.0,2.8274019,4.1031632,2.0285714,3.4761906,73.9,3.2261326,2.354112,3.3675454,1.8476236,50.1,2.942857,2.0857143,56.5
2025-07-11T04:06:31Z,0,29.854,78.3,38,69.6,4,2,38,49,0.0,255,32767,0.0,2127-15-31,0.0,0.12,27.44,0.0,0.0,0.0,0,0.76171875,6,45,05:56,20:31,2025-07-11 04:06:31.224039,Castel Volturno,43.1,3.7613664,4.8893194,1.4124671,4.7123365,73.0,2.8274019,4.1031632,2.0285714,3.4761906,73.9,3.2261326,2.354112,3.3675454,1.8476236,50.1,2.942857,2.0857143,56.5
2025-07-11T04:06:42Z,0,29.854,78.3,38,69.6,3,2,19,49,0.0,255,32767,0.0,2127-15-31,0.0,0.12,27.44,0.0,0.0,0.0,0,0.76171875,6,45,05:56,20:31,2025-07-11 04:06:41.811049,Castel Volturno,43.1,3.7613664,4.8893194,1.4124671,4.7123365,73.0,2.8274019,4.1031632,2.0285714,3.4761906,73.9,3.2261326,2.354112,3.3675454,1.8476236,50.1,2.942857,2.0857143,56.5
2025-07-11T04:06:52Z,0,29.855,78.3,38,69.7,2,2,22,49,0.0,255,32767,0.0,2127-15-31,0.0,0.12,27.44,0.0,0.0,0.0,0,0.76171875,6,45,05:56,20:31,2025-07-11 04:06:52.365042,Castel Volturno,43.1,3.7613664,4.8893194,1.4124671,4.7123365,73.0,2.8274019,4.1031632,2.0285714,3.4761906,73.9,3.2261326,2.354112,3.3675454,1.8476236,50.1,2.942857,2.0857143,56.5
2025-07-11T04:07:03Z,0,29.855,78.3,38,69.6,1,2,5,49,0.0,255,32767,0.0,2127-15-31,0.0,0.12,27.44,0.0,0.0,0.0,0,0.76171875,6,45,05:56,20:31,2025-07-11 04:07:02.919057,Castel Volturno,43.1,3.7613664,4.8893194,1.4124671,4.7123365,73.0,2.8274019,4.1031632,2.0285714,3.4761906,73.9,3.2261326,2.354112,3.3675454,1.8476236,50.1,2.942857,2.0857143,56.5
2025-07-11T04:07:13Z,0,29.855,78.3,38,69.7,1,2,43,49,0.0,255,32767,0.0,2127-15-31,0.0,0.12,27.44,0.0,0.0,0.0,0,0.76171875,6,45,05:56,20:31,2025-07-11 04:07:13.473043,Castel Volturno,43.1,3.7613664,4.8893194,1.4124671,4.7123365,73.0,2.8274019,4.1031632,2.0285714,3.4761906,73.9,3.2261326,2.354112,3.3675454,1.8476236,50.1,2.942857,2.0857143,56.5
2025-07-11T04:07:24Z,0,29.855,78.3,38,69.7,1,2,49,49,0.0,255,32767,0.0,2127-15-31,0.0,0.12,27.44,0.0,0.0,0.0,0,0.76171875,6,45,05:56,20:31,2025-07-11 04:07:24.026048,Castel Volturno,43.1,3.7613664,4.8893194,1.4124671,4.7123365,73.0,2.8274019,4.1031632,2.0285714,3.4761906,73.9,3.2261326,2.354112,3.3675454,1.8476236,50.1,2.942857,2.0857143,56.5
2025-07-11T04:07:34Z,0,29.855,78.3,38,69.7,1,2,16,49,0.0,255,32767,0.0,2127-15-31,0.0,0.12,27.44,0.0,0.0,0.0,0,0.76171875,6,45,05:56,20:31,2025-07-11 04:07:34.580046,Castel Volturno,43.1,3.7613664,4.8893194,1.4124671,4.7123365,73.0,2.8274019,4.1031632,2.0285714,3.4761906,73.9,3.2261326,2.354112,3.3675454,1.8476236,50.1,2.942857,2.0857143,56.5
2025-07-11T04:07:45Z,0,29.855,78.3,38,69.7,5,2,46,49,0.0,255,32767,0.0,2127-15-31,0.0,0.12,27.44,0.0,0.0,0.0,0,0.76171875,6,45,05:56,20:31,2025-07-11 04:07:45.134060,Castel Volturno,43.1,3.7613664,4.8893194,1.4124671,4.7123365,73.0,2.8274019,4.1031632,2.0285714,3.4761906,73.9,3.2261326,2.354112,3.3675454,1.8476236,50.1,2.942857,2.0857143,56.5
2025-07-11T04:07:55Z,0,29.855,78.3,38,69.7,3,2,30,49,0.0,255,32767,0.0,2127-15-31,0.0,0.12,27.44,0.0,0.0,0.0,0,1.58203125,6,45,05:56,20:31,2025-07-11 04:07:55.688012,Castel Volturno,43.1,3.7613664,4.8893194,1.4124671,4.7123365,73.0,2.8274019,4.1031632,2.0285714,3.4761906,73.9,3.2261326,2.354112,3.3675454,1.8476236,50.1,2.942857,2.0857143,56.5
2025-07-11T04:08:06Z,0,29.855,78.3,38,69.7,2,2,62,49,0.0,255,32767,0.0,2127-15-31,0.0,0.12,27.44,0.0,0.0,0.0,0,1.58203125,6,45,05:56,20:31,2025-07-11 04:08:06.242043,Castel Volturno,43.1,3.7613664,4.8893194,1.4124671,4.7123365,73.0,2.8274019,4.1031632,2.0285714,3.4761906,73.9,3.2261326,2.354112,3.3675454,1.8476236,50.1,2.942857,2.0857143,56.5
2025-07-11T04:08:16Z,0,29.855,78.3,38,69.7,2,2,51,49,0.0,255,32767,0.0,2127-15-31,0.0,0.12,27.44,0.0,0.0,0.0,0,1.58203125,6,45,05:56,20:31,2025-07-11 04:08:16.796059,Castel Volturno,43.1,3.7613664,4.8893194,1.4124671,4.7123365,73.0,2.8274019,4.1031632,2.0285714,3.4761906,73.9,3.2261326,2.354112,3.3675454,1.8476236,50.1,2.942857,2.0857143,56.5
2025-07-11T04:08:27Z,0,29.855,78.3,38,69.8,2,2,33,49,0.0,255,32767,0.0,2127-15-31,0.0,0.12,27.44,0.0,0.0,0.0,0,1.58203125,6,45,05:56,20:31,2025-07-11 04:08:27.350048,Castel Volturno,43.1,3.7613664,4.8893194,1.4124671,4.7123365,73.0,2.8274019,4.1031632,2.0285714,3.4761906,73.9,3.2261326,2.354112,3.3675454,1.8476236,50.1,2.942857,2.0857143,56.5
2025-07-11T04:08:38Z,0,29.855,78.3,38,69.8,4,2,85,49,0.0,255,32767,0.0,2127-15-31,0.0,0.12,27.44,0.0,0.0,0.0,0,1.58203125,6,45,05:56,20:31,2025-07-11 04:08:37.899047,Castel Volturno,43.1,3.7613664,4.8893194,1.4124671,4.7123365,73.0,2.8274019,4.1031632,2.0285714,3.4761906,73.9,3.2261326,2.354112,3.3675454,1.8476236,50.1,2.942857,2.0857143,56.5
2025-07-11T04:08:48Z,0,29.855,78.3,38,69.7,3,2,58,49,0.0,255,32767,0.0,2127-15-31,0.0,0.12,27.44,0.0,0.0,0.0,0,1.58203125,6,45,05:56,20:31,2025-07-11 04:08:48.454007,Castel Volturno,43.1,3.7613664,4.8893194,1.4124671,4.7123365,73.0,2.8274019,4.1031632,2.0285714,3.4761906,73.9,3.2261326,2.354112,3.3675454,1.8476236,50.1,2.942857,2.0857143,56.5
2025-07-11T04:08:59Z,0,29.857,78.3,38,69.8,3,2,51,49,0.0,255,32767,0.0,2127-15-31,0.0,0.12,27.44,0.0,0.0,0.0,0,0.84375,6,45,05:56,20:31,2025-07-11 04:08:59.008040,Castel Volturno,43.1,3.7613664,4.8893194,1.4124671,4.7123365,73.0,2.8274019,4.1031632,2.0285714,3.4761906,73.9,3.2261326,2.354112,3.3675454,1.8476236,50.1,2.942857,2.0857143,56.5
2025-07-11T04:09:09Z,0,29.857,78.3,38,69.8,2,2,56,49,0.0,255,32767,0.0,2127-15-31,0.0,0.12,27.44,0.0,0.0,0.0,0,0.84375,6,45,05:56,20:31,2025-07-11 04:09:09.562053,Castel Volturno,43.1,3.7613664,4.8893194,1.4124671,4.7123365,73.0,2.8274019,4.1031632,2.0285714,3.4761906,73.9,3.2261326,2.354112,3.3675454,1.8476236,50.1,2.942857,2.0857143,56.5
2025-07-11T04:09:20Z,0,29.857,78.3,38,69.8,1,2,34,49,0.0,255,32767,0.0,2127-15-31,0.0,0.12,27.44,0.0,0.0,0.0,0,0.84375,6,45,05:56,20:31,2025-07-11 04:09:20.640049,Castel Volturno,43.1,3.7613664,4.8893194,1.4124671,4.7123365,73.0,2.8274019,4.1031632,2.0285714,3.4761906,73.9,3.2261326,2.354112,3.3675454,1.8476236,50.1,2.942857,2.0857143,56.5
2025-07-11T04:09:31Z,0,29.857,78.3,38,69.8,1,2,75,49,0.0,255,32767,0.0,2127-15-31,0.0,0.12,27.44,0.0,0.0,0.0,0,0.84375,6,45,05:56,20:31,2025-07-11 04:09:31.194046,Castel Volturno,43.1,3.7613664,4.8893194,1.4124671,4.7123365,73.0,2.8274019,4.1031632,2.0285714,3.4761906,73.9,3.2261326,2.354112,3.3675454,1.8476236,50.1,2.942857,2.0857143,56.5
2025-07-11T04:09:41Z,0,29.857,78.3,38,69.8,3,2,25,48,0.0,255,32767,0.0,2127-15-31,0.0,0.12,27.44,0.0,0.0,0.0,0,0.84375,6,45,05:56,20:31,2025-07-11 04:09:41.741044,Castel Volturno,43.1,3.7613664,4.8893194,1.4124671,4.7123365,73.0,2.8274019,4.1031632,2.0285714,3.4761906,73.9,3.2261326,2.354112,3.3675454,1.8476236,50.1,2.942857,2.0857143,56.5
2025-07-11T04:09:52Z,0,29.855,78.3,38,69.8,3,2,74,48,0.0,255,32767,0.0,2127-15-31,0.0,0.12,27.44,0.0,0.0,0.0,0,1.259765625,6,45,05:56,20:31,2025-07-11 04:09:52.542045,Castel Volturno,43.1,3.7613664,4.8893194,1.4124671,4.7123365,73.0,2.8274019,4.1031632,2.0285714,3.4761906,73.9,3.2261326,2.354112,3.3675454,1.8476236,50.1,2.942857,2.0857143,56.5
2025-07-11T04:10:03Z,0,29.855,78.3,38,69.8,2,2,67,48,0.0,255,32767,0.0,2127-15-31,0.0,0.12,27.44,0.0,0.0,0.0,0,1.259765625,6,45,05:56,20:31,2025-07-11 04:10:03.096043,Castel Volturno,43.1,3.7613664,4.8893194,1.4124671,4.7123365,73.0,2.8274019,4.1031632,2.0285714,3.4761906,73.9,3.2261326,2.354112,3.3675454,1.8476236,50.1,2.942857,2.0857143,56.5
2025-07-11T04:10:13Z,0,29.855,78.3,38,69.8,2,2,46,48,0.0,255,32767,0.0,2127-15-31,0.0,0.12,27.44,0.0,0.0,0.0,0,1.259765625,6,45,05:56,20:31,2025-07-11 04:10:13.649052,Castel Volturno,43.1,3.7613664,4.8893194,1.4124671,4.7123365,73.0,2.8274019,4.1031632,2.0285714,3.4761906,73.9,3.2261326,2.354112,3.3675454,1.8476236,50.1,2.942857,2.0857143,56.5
2025-07-11T04:10:24Z,0,29.855,78.3,38,69.9,2,2,55,48,0.0,255,32767,0.0,2127-15-31,0.0,0.12,27.44,0.0,0.0,0.0,0,1.259765625,6,45,05:56,20:31,2025-07-11 04:10:24.203046,Castel Volturno,43.1,3.7613664,4.8893194,1.4124671,4.7123365,73.0,2.8274019,4.1031632,2.0285714,3.4761906,73.9,3.2261326,2.354112,3.3675454,1.8476236,50.1,2.942857,2.0857143,56.5
2025-07-11T04:10:34Z,0,29.855,78.3,38,69.9,4,2,83,48,0.0,255,32767,0.0,2127-15-31,0.0,0.12,27.44,0.0,0.0,0.0,0,1.259765625,6,45,05:56,20:31,2025-07-11 04:10:34.757053,Castel Volturno,43.1,3.7613664,4.8893194,1.4124671,4.7123365,73.0,2.8274019,4.1031632,2.0285714,3.4761906,73.9,3.2261326,2.354112,3.3675454,1.8476236,50.1,2.942857,2.0857143,56.5
2025-07-11T04:10:45Z,0,29.855,78.3,38,69.9,2,2,37,48,0.0,255,32767,0.0,2127-15-31,0.0,0.12,27.44,0.0,0.0,0.0,0,1.259765625,6,45,05:56,20:31,2025-07-11 04:10:45.311045,Castel Volturno,43.1,3.7613664,4.8893194,1.4124671,4.7123365,73.0,2.8274019,4.1031632,2.0285714,3.4761906,73.9,3.2261326,2.354112,3.3675454,1.8476236,50.1,2.942857,2.0857143,56.5
2025-07-11T04:10:56Z,0,29.856,78.3,37,69.9,3,2,90,48,0.0,255,32767,0.0,2127-15-31,0.0,0.12,27.44,0.0,0.0,0.0,0,0.75,6,45,05:56,20:31,2025-07-11 04:10:55.842575,Castel Volturno,43.1,3.7613664,4.8893194,1.4124671,4.7123365,73.0,2.8274019,4.1031632,2.0285714,3.4761906,73.9,3.2261326,2.354112,3.3675454,1.8476236,50.1,2.942857,2.0857143,56.5
2025-07-11T04:11:06Z,0,29.856,78.3,37,69.9,2,2,46,48,0.0,255,32767,0.0,2127-15-31,0.0,0.12,27.44,0.0,0.0,0.0,0,0.75,6,45,05:56,20:31,2025-07-11 04:11:06.423045,Castel Volturno,43.1,3.7613664,4.8893194,1.4124671,4.7123365,73.0,2.8274019,4.1031632,2.0285714,3.4761906,73.9,3.2261326,2.354112,3.3675454,1.8476236,50.1,2.942857,2.0857143,56.5
2025-07-11T04:11:17Z,0,29.856,78.3,37,69.9,4,2,96,48,0.0,255,32767,0.0,2127-15-31,0.0,0.12,27.44,0.0,0.0,0.0,0,0.75,6,45,05:56,20:31,2025-07-11 04:11:16.977046,Castel Volturno,43.1,3.7613664,4.8893194,1.4124671,4.7123365,73.0,2.8274019,4.1031632,2.0285714,3.4761906,73.9,3.2261326,2.354112,3.3675454,1.8476236,50.1,2.942857,2.0857143,56.5
2025-07-11T04:11:27Z,0,29.856,78.3,37,69.9,4,2,46,48,0.0,255,32767,0.0,2127-15-31,0.0,0.12,27.44,0.0,0.0,0.0,0,0.75,6,45,05:56,20:31,2025-07-11 04:11:27.531053,Castel Volturno,43.1,3.7613664,4.8893194,1.4124671,4.7123365,73.0,2.8274019,4.1031632,2.0285714,3.4761906,73.9,3.2261326,2.354112,3.3675454,1.8476236,50.1,2.942857,2.0857143,56.5
2025-07-11T04:11:38Z,0,29.856,78.3,37,70.0,3,2,67,48,0.0,255,32767,0.0,2127-15-31,0.0,0.12,27.44,0.0,0.0,0.0,0,0.75,6,45,05:56,20:31,2025-07-11 04:11:38.085051,Castel Volturno,43.1,3.7613664,4.8893194,1.4124671,4.7123365,73.0,2.8274019,4.1031632,2.0285714,3.4761906,73.9,3.2261326,2.354112,3.3675454,1.8476236,50.1,2.942857,2.0857143,56.5
2025-07-11T04:11:48Z,0,29.856,78.3,37,70.1,3,2,65,48,0.0,255,32767,0.0,2127-15-31,0.0,0.12,27.44,0.0,0.0,0.0,0,0.75,6,45,05:56,20:31,2025-07-11 04:11:48.639044,Castel Volturno,43.1,3.7613664,4.8893194,1.4124671,4.7123365,73.0,2.8274019,4.1031632,2.0285714,3.4761906,73.9,3.2261326,2.354112,3.3675454,1.8476236,50.1,2.942857,2.0857143,56.5
2025-07-11T04:11:59Z,0,29.858,78.4,38,70.1,2,2,73,48,0.0,255,32767,0.0,2127-15-31,0.0,0.12,27.44,0.0,0.0,0.0,0,0.755859375,6,45,05:56,20:31,2025-07-11 04:11:59.193046,Castel Volturno,43.1,3.7613664,4.8893194,1.4124671,4.7123365,73.0,2.8274019,4.1031632,2.0285714,3.4761906,73.9,3.2261326,2.354112,3.3675454,1.8476236,50.1,2.942857,2.0857143,56.5
2025-07-11T04:12:09Z,0,29.858,78.4,38,70.1,2,2,69,48,0.0,255,32767,0.0,2127-15-31,0.0,0.12,27.44,0.0,0.0,0.0,0,0.755859375,6,45,05:56,20:31,2025-07-11 04:12:09.746050,Castel Volturno,43.1,3.7613664,4.8893194,1.4124671,4.7123365,73.0,2.8274019,4.1031632,2.0285714,3.4761906,73.9,3.2261326,2.354112,3.3675454,1.8476236,50.1,2.942857,2.0857143,56.5
2025-07-11T04:12:20Z,0,29.858,78.4,38,70.1,2,2,68,48,0.0,255,32767,0.0,2127-15-31,0.0,0.12,27.44,0.0,0.0,0.0,0,0.755859375,6,45,05:56,20:31,2025-07-11 04:12:20.548052,Castel Volturno,43.1,3.7613664,4.8893194,1.4124671,4.7123365,73.0,2.8274019,4.1031632,2.0285714,3.4761906,73.9,3.2261326,2.354112,3.3675454,1.8476236,50.1,2.942857,2.0857143,56.5
2025-07-11T04:12:31Z,0,29.858,78.4,38,70.1,2,2,28,48,0.0,255,32767,0.0,2127-15-31,0.0,0.12,27.44,0.0,0.0,0.0,0,0.755859375,6,45,05:56,20:31,2025-07-11 04:12:31.102051,Castel Volturno,43.1,3.7613664,4.8893194,1.4124671,4.7123365,73.0,2.8274019,4.1031632,2.0285714,3.4761906,73.9,3.2261326,2.354112,3.3675454,1.8476236,50.1,2.942857,2.0857143,56.5
2025-07-11T04:12:41Z,0,29.858,78.4,38,70.1,1,2,63,48,0.0,255,32767,0.0,2127-15-31,0.0,0.12,27.44,0.0,0.0,0.0,0,0.755859375,6,45,05:56,20:31,2025-07-11 04:12:41.656055,Castel Volturno,43.1,3.7613664,4.8893194,1.4124671,4.7123365,73.0,2.8274019,4.1031632,2.0285714,3.4761906,73.9,3.2261326,2.354112,3.3675454,1.8476236,50.1,2.942857,2.0857143,56.5
2025-07-11T04:12:52Z,0,29.857,78.3,38,70.2,1,2,46,48,0.0,255,32767,0.0,2127-15-31,0.0,0.12,27.44,0.0,0.0,0.0,0,0.744140625,6,45,05:56,20:31,2025-07-11 04:12:52.210048,Castel Volturno,43.1,3.7613664,4.8893194,1.4124671,4.7123365,73.0,2.8274019,4.1031632,2.0285714,3.4761906,73.9,3.2261326,2.354112,3.3675454,1.8476236,50.1,2.942857,2.0857143,56.5
2025-07-11T04:13:02Z,0,29.857,78.3,38,70.2,1,2,55,48,0.0,255,32767,0.0,2127-15-31,0.0,0.12,27.44,0.0,0.0,0.0,0,0.744140625,6,45,05:56,20:31,2025-07-11 04:13:02.764054,Castel Volturno,43.1,3.7613664,4.8893194,1.4124671,4.7123365,73.0,2.8274019,4.1031632,2.0285714,3.4761906,73.9,3.2261326,2.354112,3.3675454,1.8476236,50.1,2.942857,2.0857143,56.5
2025-07-11T04:13:13Z,0,29.857,78.3,38,70.2,1,2,51,48,0.0,255,32767,0.0,2127-15-31,0.0,0.12,27.44,0.0,0.0,0.0,0,0.744140625,6,45,05:56,20:31,2025-07-11 04:13:13.318048,Castel Volturno,43.1,3.7613664,4.8893194,1.4124671,4.7123365,73.0,2.8274019,4.1031632,2.0285714,3.4761906,73.9,3.2261326,2.354112,3.3675454,1.8476236,50.1,2.942857,2.0857143,56.5
2025-07-11T04:13:24Z,0,29.857,78.3,38,70.2,2,2,53,48,0.0,255,32767,0.0,2127-15-31,0.0,0.12,27.44,0.0,0.0,0.0,0,0.744140625,6,45,05:56,20:31,2025-07-11 04:13:23.872045,Castel Volturno,43.1,3.7613664,4.8893194,1.4124671,4.7123365,73.0,2.8274019,4.1031632,2.0285714,3.4761906,73.9,3.2261326,2.354112,3.3675454,1.8476236,50.1,2.942857,2.0857143,56.5
2025-07-11T04:13:34Z,0,29.857,78.3,38,70.2,1,2,80,48,0.0,255,32767,0.0,2127-15-31,0.0,0.12,27.44,0.0,0.0,0.0,0,0.744140625,6,45,05:56,20:31,2025-07-11 04:13:34.426054,Castel Volturno,43.1,3.7613664,4.8893194,1.4124671,4.7123365,73.0,2.8274019,4.1031632,2.0285714,3.4761906,73.9,3.2261326,2.354112,3.3675454,1.8476236,50.1,2.942857,2.0857143,56.5
2025-07-11T04:13:45Z,0,29.857,78.3,38,70.2,2,2,57,48,0.0,255,32767,0.0,2127-15-31,0.0,0.12,27.44,0.0,0.0,0.0,0,0.744140625,6,45,05:56,20:31,2025-07-11 04:13:44.980059,Castel Volturno,43.1,3.7613664,4.8893194,1.4124671,4.7123365,73.0,2.8274019,4.1031632,2.0285714,3.4761906,73.9,3.2261326,2.354112,3.3675454,1.8476236,50.1,2.942857,2.0857143,56.5
2025-07-11T04:13:55Z,0,29.859,78.3,38,70.2,1,2,35,48,0.0,255,32767,0.0,2127-15-31,0.0,0.12,27.44,0.0,0.0,0.0,0,0.755859375,6,45,05:56,20:31,2025-07-11 04:13:55.534047,Castel Volturno,43.1,3.7613664,4.8893194,1.4124671,4.7123365,73.0,2.8274019,4.1031632,2.0285714,3.4761906,73.9,3.2261326,2.354112,3.3675454,1.8476236,50.1,2.942857,2.0857143,56.5
2025-07-11T04:14:06Z,0,29.859,78.3,38,70.3,4,2,18,48,0.0,255,32767,0.0,2127-15-31,0.0,0.12,27.44,0.0,0.0,0.0,0,0.755859375,6,45,05:56,20:31,2025-07-11 04:14:06.088049,Castel Volturno,43.1,3.7613664,4.8893194,1.4124671,4.7123365,73.0,2.8274019,4.1031632,2.0285714,3.4761906,73.9,3.2261326,2.354112,3.3675454,1.8476236,50.1,2.942857,2.0857143,56.5
2025-07-11T04:14:16Z,0,29.859,78.3,38,70.2,3,2,41,48,0.0,255,32767,0.0,2127-15-31,0.0,0.12,27.44,0.0,0.0,0.0,0,0.755859375,6,45,05:56,20:31,2025-07-11 04:14:16.642047,Castel Volturno,43.1,3.7613664,4.8893194,1.4124671,4.7123365,73.0,2.8274019,4.1031632,2.0285714,3.4761906,73.9,3.2261326,2.354112,3.3675454,1.8476236,50.1,2.942857,2.0857143,56.5
2025-07-11T04:14:27Z,0,29.859,78.3,38,70.2,3,2,51,48,0.0,255,32767,0.0,2127-15-31,0.0,0.12,27.44,0.0,0.0,0.0,0,0.755859375,6,45,05:56,20:31,2025-07-11 04:14:27.718050,Castel Volturno,43.1,3.7613664,4.8893194,1.4124671,4.7123365,73.0,2.8274019,4.1031632,2.0285714,3.4761906,73.9,3.2261326,2.354112,3.3675454,1.8476236,50.1,2.942857,2.0857143,56.5
2025-07-11T04:14:38Z,0,29.859,78.3,38,70.2,4,2,48,48,0.0,255,32767,0.0,2127-15-31,0.0,0.12,27.44,0.0,0.0,0.0,0,0.755859375,6,45,05:56,20:31,2025-07-11 04:14:38.272045,Castel Volturno,43.1,3.7613664,4.8893194,1.4124671,4.7123365,73.0,2.8274019,4.1031632,2.0285714,3.4761906,73.9,3.2261326,2.354112,3.3675454,1.8476236,50.1,2.942857,2.0857143,56.5
2025-07-11T04:14:49Z,0,29.859,78.3,38,70.3,2,2,42,48,0.0,255,32767,0.0,2127-15-31,0.0,0.12,27.44,0.0,0.0,0.0,0,0.755859375,6,45,05:56,20:31,2025-07-11 04:14:48.826051,Castel Volturno,43.1,3.7613664,4.8893194,1.4124671,4.7123365,73.0,2.8274019,4.1031632,2.0285714,3.4761906,73.9,3.2261326,2.354112,3.3675454,1.8476236,50.1,2.942857,2.0857143,56.5
2025-07-11T04:14:59Z,0,29.857,78.4,38,70.3,2,2,54,48,0.0,255,32767,0.0,2127-15-31,0.0,0.12,27.44,0.0,0.0,0.0,0,0.767578125,6,45,05:56,20:31,2025-07-11 04:14:59.382043,Castel Volturno,43.1,3.7613664,4.8893194,1.4124671,4.7123365,73.0,2.8274019,4.1031632,2.0285714,3.4761906,73.9,3.2261326,2.354112,3.3675454,1.8476236,50.1,2.942857,2.0857143,56.5
2025-07-11T04:15:10Z,0,29.857,78.4,38,70.3,1,2,59,48,0.0,255,32767,0.0,2127-15-31,0.0,0.12,27.44,0.0,0.0,0.0,0,0.767578125,6,45,05:56,20:31,2025-07-11 04:15:09.936050,Castel Volturno,43.1,3.7613664,4.8893194,1.4124671,4.7123365,73.0,2.8274019,4.1031632,2.0285714,3.4761906,73.9,3.2261326,2.354112,3.3675454,1.8476236,50.1,2.942857,2.0857143,56.5
2025-07-11T04:15:20Z,0,29.857,78.4,38,70.3,1,2,33,48,0.0,255,32767,0.0,2127-15-31,0.0,0.12,27.44,0.0,0.0,0.0,0,0.767578125,6,45,05:56,20:31,2025-07-11 04:15:20.484046,Castel Volturno,43.1,3.7613664,4.8893194,1.4124671,4.7123365,73.0,2.8274019,4.1031632,2.0285714,3.4761906,73.9,3.2261326,2.354112,3.3675454,1.8476236,50.1,2.942857,2.0857143,56.5
2025-07-11T04:15:31Z,0,29.857,78.4,38,70.3,2,2,89,48,0.0,255,32767,0.0,2127-15-31,0.0,0.12,27.44,0.0,0.0,0.0,0,0.767578125,6,45,05:56,20:31,2025-07-11 04:15:31.035046,Castel Volturno,43.1,3.7613664,4.8893194,1.4124671,4.7123365,73.0,2.8274019,4.1031632,2.0285714,3.4761906,73.9,3.2261326,2.354112,3.3675454,1.8476236,50.1,2.942857,2.0857143,56.5
2025-07-11T04:15:41Z,0,29.857,78.4,38,70.3,4,2,22,48,0.0,255,32767,0.0,2127-15-31,0.0,0.12,27.44,0.0,0.0,0.0,0,0.767578125,6,45,05:56,20:31,2025-07-11 04:15:41.589048,Castel Volturno,43.1,3.7613664,4.8893194,1.4124671,4.7123365,73.0,2.8274019,4.1031632,2.0285714,3.4761906,73.9,3.2261326,2.354112,3.3675454,1.8476236,50.1,2.942857,2.0857143,56.5
2025-07-11T04:15:52Z,0,29.856,78.4,38,70.4,3,2,51,48,0.0,255,32767,0.0,2127-15-31,0.0,0.12,27.44,0.0,0.0,0.0,0,0.83203125,6,45,05:56,20:31,2025-07-11 04:15:52.143044,Castel Volturno,43.1,3.7613664,4.8893194,1.4124671,4.7123365,73.0,2.8274019,4.1031632,2.0285714,3.4761906,73.9,3.2261326,2.354112,3.3675454,1.8476236,50.1,2.942857,2.0857143,56.5
2025-07-11T04:16:02Z,0,29.856,78.4,38,70.4,4,2,67,48,0.0,255,32767,0.0,2127-15-31,0.0,0.12,27.44,0.0,0.0,0.0,0,0.83203125,6,45,05:56,20:31,2025-07-11 04:16:02.696054,Castel Volturno,43.1,3.7613664,4.8893194,1.4124671,4.7123365,73.0,2.8274019,4.1031632,2.0285714,3.4761906,73.9,3.2261326,2.354112,3.3675454,1.8476236,50.1,2.942857,2.0857143,56.5
2025-07-11T04:16:13Z,0,29.856,78.4,38,70.4,3,2,15,48,0.0,255,32767,0.0,2127-15-31,0.0,0.12,27.44,0.0,0.0,0.0,0,0.83203125,6,45,05:56,20:31,2025-07-11 04:16:13.261051,Castel Volturno,43.1,3.7613664,4.8893194,1.4124671,4.7123365,73.0,2.8274019,4.1031632,2.0285714,3.4761906,73.9,3.2261326,2.354112,3.3675454,1.8476236,50.1,2.942857,2.0857143,56.5
2025-07-11T04:16:24Z,0,29.856,78.4,38,70.4,5,2,13,48,0.0,255,32767,0.0,2127-15-31,0.0,0.12,27.44,0.0,0.0,0.0,0,0.83203125,6,45,05:56,20:31,2025-07-11 04:16:23.807048,Castel Volturno,43.1,3.7613664,4.8893194,1.4124671,4.7123365,73.0,2.8274019,4.1031632,2.0285714,3.4761906,73.9,3.2261326,2.354112,3.3675454,1.8476236,50.1,2.942857,2.0857143,56.5
2025-07-11T04:16:34Z,0,29.856,78.4,38,70.4,3,2,22,48,0.0,255,32767,0.0,2127-15-31,0.0,0.12,27.44,0.0,0.0,0.0,0,0.83203125,6,45,05:56,20:31,2025-07-11 04:16:34.361043,Castel Volturno,43.1,3.7613664,4.8893194,1.4124671,4.7123365,73.0,2.8274019,4.1031632,2.0285714,3.4761906,73.9,3.2261326,2.354112,3.3675454,1.8476236,50.1,2.942857,2.0857143,56.5
2025-07-11T04:16:45Z,0,29.856,78.4,38,70.4,2,2,61,48,0.0,255,32767,0.0,2127-15-31,0.0,0.12,27.44,0.0,0.0,0.0,0,0.83203125,6,45,05:56,20:31,2025-07-11 04:16:44.915049,Castel Volturno,43.1,3.7613664,4.8893194,1.4124671,4.7123365,73.0,2.8274019,4.1031632,2.0285714,3.4761906,73.9,3.2261326,2.354112,3.3675454,1.8476236,50.1,2.942857,2.0857143,56.5
2025-07-11T04:16:55Z,0,29.859,78.4,38,70.5,2,2,14,48,0.0,255,32767,0.0,2127-15-31,0.0,0.12,27.44,0.0,0.0,0.0,0,1.21875,6,45,05:56,20:31,2025-07-11 04:16:55.447598,Castel Volturno,43.1,3.7613664,4.8893194,1.4124671,4.7123365,73.0,2.8274019,4.1031632,2.0285714,3.4761906,73.9,3.2261326,2.354112,3.3675454,1.8476236,50.1,2.942857,2.0857143,56.5
2025-07-11T04:17:06Z,0,29.859,78.4,38,70.5,6,2,99,48,0.0,255,32767,0.0,2127-15-31,0.0,0.12,27.44,0.0,0.0,0.0,0,1.21875,6,45,05:56,20:31,2025-07-11 04:17:06.028046,Castel Volturno,43.1,3.7613664,4.8893194,1.4124671,4.7123365,73.0,2.8274019,4.1031632,2.0285714,3.4761906,73.9,3.2261326,2.354112,3.3675454,1.8476236,50.1,2.942857,2.0857143,56.5
2025-07-11T04:17:16Z,0,29.859,78.4,38,70.4,3,2,64,48,0.0,255,32767,0.0,2127-15-31,0.0,0.12,27.44,0.0,0.0,0.0,0,1.21875,6,45,05:56,20:31,2025-07-11 04:17:16.582040,Castel Volturno,43.1,3.7613664,4.8893194,1.4124671,4.7123365,73.0,2.8274019,4.1031632,2.0285714,3.4761906,73.9,3.2261326,2.354112,3.3675454,1.8476236,50.1,2.942857,2.0857143,56.5
2025-07-11T04:17:27Z,0,29.859,78.4,38,70.5,2,2,43,48,0.0,255,32767,0.0,2127-15-31,0.0,0.12,27.44,0.0,0.0,0.0,0,1.21875,6,45,05:56,20:31,2025-07-11 04:17:27.136042,Castel Volturno,43.1,3.7613664,4.8893194,1.4124671,4.7123365,73.0,2.8274019,4.1031632,2.0285714,3.4761906,73.9,3.2261326,2.354112,3.3675454,1.8476236,50.1,2.942857,2.0857143,56.5
2025-07-11T04:17:37Z,0,29.859,78.4,38,70.5,3,2,73,48,0.0,255,32767,0.0,2127-15-31,0.0,0.12,27.44,0.0,0.0,0.0,0,1.21875,6,45,05:56,20:31,2025-07-11 04:17:37.690045,Castel Volturno,43.1,3.7613664,4.8893194,1.4124671,4.7123365,73.0,2.8274019,4.1031632,2.0285714,3.4761906,73.9,3.2261326,2.354112,3.3675454,1.8476236,50.1,2.942857,2.0857143,56.5
2025-07-11T04:17:48Z,0,29.859,78.4,38,70.5,2,2,65,48,0.0,255,32767,0.0,2127-15-31,0.0,0.12,27.44,0.0,0.0,0.0,0,1.21875,6,45,05:56,20:31,2025-07-11 04:17:48.244042,Castel Volturno,43.1,3.7613664,4.8893194,1.4124671,4.7123365,73.0,2.8274019,4.1031632,2.0285714,3.4761906,73.9,3.2261326,2.354112,3.3675454,1.8476236,50.1,2.942857,2.0857143,56.5
2025-07-11T04:17:58Z,0,29.857,78.3,38,70.5,2,3,54,48,0.0,255,32767,0.0,2127-15-31,0.0,0.12,27.44,0.0,0.0,0.0,0,0.791015625,6,45,05:56,20:31,2025-07-11 04:17:58.798095,Castel Volturno,43.1,3.7613664,4.8893194,1.4124671,4.7123365,73.0,2.8274019,4.1031632,2.0285714,3.4761906,73.9,3.2261326,2.354112,3.3675454,1.8476236,50.1,2.942857,2.0857143,56.5
2025-07-11T04:18:09Z,0,29.857,78.3,38,70.5,1,3,37,48,0.0,255,32767,0.0,2127-15-31,0.0,0.12,27.44,0.0,0.0,0.0,0,0.791015625,6,45,05:56,20:31,2025-07-11 04:18:09.352043,Castel Volturno,43.1,3.7613664,4.8893194,1.4124671,4.7123365,73.0,2.8274019,4.1031632,2.0285714,3.4761906,73.9,3.2261326,2.354112,3.3675454,1.8476236,50.1,2.942857,2.0857143,56.5
2025-07-11T04:18:20Z,0,29.857,78.3,38,70.5,3,3,35,48,0.0,255,32767,0.0,2127-15-31,0.0,0.12,27.44,0.0,0.0,0.0,0,0.791015625,6,45,05:56,20:31,2025-07-11 04:18:19.906052,Castel Volturno,43.1,3.7613664,4.8893194,1.4124671,4.7123365,73.0,2.8274019,4.1031632,2.0285714,3.4761906,73.9,3.2261326,2.354112,3.3675454,1.8476236,50.1,2.942857,2.0857143,56.5
2025-07-11T04:18:30Z,0,29.857,78.3,38,70.5,4,3,347,48,0.0,255,32767,0.0,2127-15-31,0.0,0.12,27.44,0.0,0.0,0.0,0,0.791015625,6,45,05:56,20:31,2025-07-11 04:18:30.460040,Castel Volturno,43.1,3.7613664,4.8893194,1.4124671,4.7123365,73.0,2.8274019,4.1031632,2.0285714,3.4761906,73.9,3.2261326,2.354112,3.3675454,1.8476236,50.1,2.942857,2.0857143,56.5
2025-07-11T04:18:41Z,0,29.857,78.3,38,70.5,4,3,53,48,0.0,255,32767,0.0,2127-15-31,0.0,0.12,27.44,0.0,0.0,0.0,0,0.791015625,6,45,05:56,20:31,2025-07-11 04:18:41.014049,Castel Volturno,43.1,3.7613664,4.8893194,1.4124671,4.7123365,73.0,2.8274019,4.1031632,2.0285714,3.4761906,73.9,3.2261326,2.354112,3.3675454,1.8476236,50.1,2.942857,2.0857143,56.5
2025-07-11T04:18:51Z,0,29.859,78.3,38,70.5,4,3,49,48,0.0,255,32767,0.0,2127-15-31,0.0,0.12,27.44,0.0,0.0,0.0,0,0.755859375,6,45,05:56,20:31,2025-07-11 04:18:51.568009,Castel Volturno,43.1,3.7613664,4.8893194,1.4124671,4.7123365,73.0,2.8274019,4.1031632,2.0285714,3.4761906,73.9,3.2261326,2.354112,3.3675454,1.8476236,50.1,2.942857,2.0857143,56.5
2025-07-11T04:19:02Z,0,29.859,78.3,38,70.5,3,3,81,48,0.0,255,32767,0.0,2127-15-31,0.0,0.12,27.44,0.0,0.0,0.0,0,0.755859375,6,45,05:56,20:31,2025-07-11 04:19:02.122048,Castel Volturno,43.1,3.7613664,4.8893194,1.4124671,4.7123365,73.0,2.8274019,4.1031632,2.0285714,3.4761906,73.9,3.2261326,2.354112,3.3675454,1.8476236,50.1,2.942857,2.0857143,56.5
2025-07-11T04:19:12Z,0,29.859,78.3,38,70.5,1,3,38,48,0.0,255,32767,0.0,2127-15-31,0.0,0.12,27.44,0.0,0.0,0.0,0,0.755859375,6,45,05:56,20:31,2025-07-11 04:19:12.676044,Castel Volturno,43.1,3.7613664,4.8893194,1.4124671,4.7123365,73.0,2.8274019,4.1031632,2.0285714,3.4761906,73.9,3.2261326,2.354112,3.3675454,1.8476236,50.1,2.942857,2.0857143,56.5
2025-07-11T04:19:23Z,0,29.859,78.3,38,70.5,3,3,38,48,0.0,255,32767,0.0,2127-15-31,0.0,0.12,27.44,0.0,0.0,0.0,0,0.755859375,6,45,05:56,20:31,2025-07-11 04:19:23.230048,Castel Volturno,41.2,3.531449,4.8846097,1.5244806,4.4600353,73.8,2.6760213,4.1032033,0.98571426,2.3571427,74.8,3.017038,2.5408008,3.1974607,1.9519943,49.6,1.8428571,1.4142857,56.3
2025-07-11T04:19:34Z,0,29.859,78.3,38,70.5,4,3,15,48,0.0,255,32767,0.0,2127-15-31,0.0,0.12,27.44,0.0,0.0,0.0,0,0.755859375,6,45,05:56,20:31,2025-07-11 04:19:34.310038,Castel Volturno,41.2,3.531449,4.8846097,1.5244806,4.4600353,73.8,2.6760213,4.1032033,0.98571426,2.3571427,74.8,3.017038,2.5408008,3.1974607,1.9519943,49.6,1.8428571,1.4142857,56.3
2025-07-11T04:19:45Z,0,29.859,78.3,38,70.5,3,3,88,48,0.0,255,32767,0.0,2127-15-31,0.0,0.12,27.44,0.0,0.0,0.0,0,0.755859375,6,45,05:56,20:31,2025-07-11 04:19:44.864058,Castel Volturno,41.2,3.531449,4.8846097,1.5244806,4.4600353,73.8,2.6760213,4.1032033,0.98571426,2.3571427,74.8,3.017038,2.5408008,3.1974607,1.9519943,49.6,1.8428571,1.4142857,56.3
2025-07-11T04:19:55Z,0,29.859,78.3,38,70.5,2,3,61,48,0.0,255,32767,0.0,2127-15-31,0.0,0.12,27.44,0.0,0.0,0.0,0,0.755859375,6,45,05:56,20:31,2025-07-11 04:19:55.418045,Castel Volturno,41.2,3.531449,4.8846097,1.5244806,4.4600353,73.8,2.6760213,4.1032033,0.98571426,2.3571427,74.8,3.017038,2.5408008,3.1974607,1.9519943,49.6,1.8428571,1.4142857,56.3
2025-07-11T04:20:06Z,0,29.859,78.3,38,70.5,3,3,5,48,0.0,255,32767,0.0,2127-15-31,0.0,0.12,27.44,0.0,0.0,0.0,0,0.755859375,6,45,05:56,20:31,2025-07-11 04:20:05.972009,Castel Volturno,41.2,3.531449,4.8846097,1.5244806,4.4600353,73.8,2.6760213,4.1032033,0.98571426,2.3571427,74.8,3.017038,2.5408008,3.1974607,1.9519943,49.6,1.8428571,1.4142857,56.3
2025-07-11T04:20:16Z,0,29.859,78.3,38,70.5,4,3,55,48,0.0,255,32767,0.0,2127-15-31,0.0,0.12,27.44,0.0,0.0,0.0,0,0.755859375,6,45,05:56,20:31,2025-07-11 04:20:16.526044,Castel Volturno,41.2,3.531449,4.8846097,1.5244806,4.4600353,73.8,2.6760213,4.1032033,0.98571426,2.3571427,74.8,3.017038,2.5408008,3.1974607,1.9519943,49.6,1.8428571,1.4142857,56.3
2025-07-11T04:20:27Z,0,29.859,78.3,38,70.5,4,3,44,48,0.0,255,32767,0.0,2127-15-31,0.0,0.12,27.44,0.0,0.0,0.0,0,0.755859375,6,45,05:56,20:31,2025-07-11 04:20:27.080045,Castel Volturno,41.2,3.531449,4.8846097,1.5244806,4.4600353,73.8,2.6760213,4.1032033,0.98571426,2.3571427,74.8,3.017038,2.5408008,3.1974607,1.9519943,49.6,1.8428571,1.4142857,56.3
2025-07-11T04:20:37Z,0,29.859,78.3,38,70.5,4,3,74,48,0.0,255,32767,0.0,2127-15-31,0.0,0.12,27.44,0.0,0.0,0.0,0,0.755859375,6,45,05:56,20:31,2025-07-11 04:20:37.634046,Castel Volturno,41.2,3.531449,4.8846097,1.5244806,4.4600353,73.8,2.6760213,4.1032033,0.98571426,2.3571427,74.8,3.017038,2.5408008,3.1974607,1.9519943,49.6,1.8428571,1.4142857,56.3
2025-07-11T04:20:48Z,0,29.859,78.3,38,70.5,4,3,65,48,0.0,255,32767,0.0,2127-15-31,0.0,0.12,27.44,0.0,0.0,0.0,0,0.755859375,6,45,05:56,20:31,2025-07-11 04:20:48.207042,Castel Volturno,41.2,3.531449,4.8846097,1.5244806,4.4600353,73.8,2.6760213,4.1032033,0.98571426,2.3571427,74.8,3.017038,2.5408008,3.1974607,1.9519943,49.6,1.8428571,1.4142857,56.3
2025-07-11T04:20:58Z,0,29.857,78.3,38,70.5,2,3,54,48,0.0,255,32767,0.0,2127-15-31,0.0,0.12,27.44,0.0,0.0,0.0,0,0.755859375,6,45,05:56,20:31,2025-07-11 04:20:58.761049,Castel Volturno,41.2,3.531449,4.8846097,1.5244806,4.4600353,73.8,2.6760213,4.1032033,0.98571426,2.3571427,74.8,3.017038,2.5408008,3.1974607,1.9519943,49.6,1.8428571,1.4142857,56.3
2025-07-11T04:21:09Z,0,29.857,78.3,38,70.5,4,3,22,48,0.0,255,32767,0.0,2127-15-31,0.0,0.12,27.44,0.0,0.0,0.0,0,0.755859375,6,45,05:56,20:31,2025-07-11 04:21:09.314048,Castel Volturno,41.2,3.531449,4.8846097,1.5244806,4.4600353,73.8,2.6760213,4.1032033,0.98571426,2.3571427,74.8,3.017038,2.5408008,3.1974607,1.9519943,49.6,1.8428571,1.4142857,56.3
2025-07-11T04:21:20Z,0,29.857,78.3,38,70.5,2,3,42,48,0.0,255,32767,0.0,2127-15-31,0.0,0.12,27.44,0.0,0.0,0.0,0,0.755859375,6,45,05:56,20:31,2025-07-11 04:21:19.903048,Castel Volturno,41.2,3.531449,4.8846097,1.5244806,4.4600353,73.8,2.6760213,4.1032033,0.98571426,2.3571427,74.8,3.017038,2.5408008,3.1974607,1.9519943,49.6,1.8428571,1.4142857,56.3
2025-07-11T04:21:30Z,0,29.857,78.3,38,70.5,6,3,69,48,0.0,255,32767,0.0,2127-15-31,0.0,0.12,27.44,0.0,0.0,0.0,0,0.755859375,6,45,05:56,20:31,2025-07-11 04:21:30.457044,Castel Volturno,41.2,3.531449,4.8846097,1.5244806,4.4600353,73.8,2.6760213,4.1032033,0.98571426,2.3571427,74.8,3.017038,2.5408008,3.1974607,1.9519943,49.6,1.8428571,1.4142857,56.3
2025-07-11T04:21:41Z,0,29.857,78.3,38,70.5,4,3,56,48,0.0,255,32767,0.0,2127-15-31,0.0,0.12,27.44,0.0,0.0,0.0,0,0.755859375,6,45,05:56,20:31,2025-07-11 04:21:41.011046,Castel Volturno,41.2,3.531449,4.8846097,1.5244806,4.4600353,73.8,2.6760213,4.1032033,0.98571426,2.3571427,74.8,3.017038,2.5408008,3.1974607,1.9519943,49.6,1.8428571,1.4142857,56.3
2025-07-11T04:21:51Z,0,29.858,78.2,38,70.5,3,3,19,48,0.0,255,32767,0.0,2127-15-31,0.0,0.12,27.44,0.0,0.0,0.0,0,0.767578125,6,45,05:56,20:31,2025-07-11 04:21:51.564043,Castel Volturno,41.2,3.531449,4.8846097,1.5244806,4.4600353,73.8,2.6760213,4.1032033,0.98571426,2.3571427,74.8,3.017038,2.5408008,3.1974607,1.9519943,49.6,1.8428571,1.4142857,56.3
2025-07-11T04:22:02Z,0,29.858,78.2,38,70.5,3,3,5,48,0.0,255,32767,0.0,2127-15-31,0.0,0.12,27.44,0.0,0.0,0.0,0,0.767578125,6,45,05:56,20:31,2025-07-11 04:22:02.119118,Castel Volturno,41.2,3.531449,4.8846097,1.5244806,4.4600353,73.8,2.6760213,4.1032033,0.98571426,2.3571427,74.8,3.017038,2.5408008,3.1974607,1.9519943,49.6,1.8428571,1.4142857,56.3
2025-07-11T04:22:12Z,0,29.858,78.2,38,70.5,2,3,96,48,0.0,255,32767,0.0,2127-15-31,0.0,0.12,27.44,0.0,0.0,0.0,0,0.767578125,6,45,05:56,20:31,2025-07-11 04:22:12.672120,Castel Volturno,41.2,3.531449,4.8846097,1.5244806,4.4600353,73.8,2.6760213,4.1032033,0.98571426,2.3571427,74.8,3.017038,2.5408008,3.1974607,1.9519943,49.6,1.8428571,1.4142857,56.3
2025-07-11T04:22:23Z,0,29.858,78.2,38,70.5,4,3,105,48,0.0,255,32767,0.0,2127-15-31,0.0,0.12,27.44,0.0,0.0,0.0,0,0.767578125,6,45,05:56,20:31,2025-07-11 04:22:23.227123,Castel Volturno,41.2,3.531449,4.8846097,1.5244806,4.4600353,73.8,2.6760213,4.1032033,0.98571426,2.3571427,74.8,3.017038,2.5408008,3.1974607,1.9519943,49.6,1.8428571,1.4142857,56.3
2025-07-11T04:22:33Z,0,29.858,78.2,38,70.5,3,3,31,48,0.0,255,32767,0.0,2127-15-31,0.0,0.12,27.44,0.0,0.0,0.0,0,0.767578125,6,45,05:56,20:31,2025-07-11 04:22:33.780132,Castel Volturno,41.2,3.531449,4.8846097,1.5244806,4.4600353,73.8,2.6760213,4.1032033,0.98571426,2.3571427,74.8,3.017038,2.5408008,3.1974607,1.9519943,49.6,1.8428571,1.4142857,56.3
2025-07-11T04:22:44Z,0,29.858,78.2,38,70.5,6,3,5,48,0.0,255,32767,0.0,2127-15-31,0.0,0.12,27.44,0.0,0.0,0.0,0,0.767578125,6,45,05:56,20:31,2025-07-11 04:22:44.335108,Castel Volturno,41.2,3.531449,4.8846097,1.5244806,4.4600353,73.8,2.6760213,4.1032033,0.98571426,2.3571427,74.8,3.017038,2.5408008,3.1974607,1.9519943,49.6,1.8428571,1.4142857,56.3
2025-07-11T04:22:55Z,0,29.859,78.3,38,70.4,2,3,5,48,0.0,255,32767,0.0,2127-15-31,0.0,0.12,27.44,0.0,0.0,0.0,0,0.919921875,6,45,05:56,20:31,2025-07-11 04:22:54.923053,Castel Volturno,41.2,3.531449,4.8846097,1.5244806,4.4600353,73.8,2.6760213,4.1032033,0.98571426,2.3571427,74.8,3.017038,2.5408008,3.1974607,1.9519943,49.6,1.8428571,1.4142857,56.3
2025-07-11T04:23:05Z,0,29.859,78.3,38,70.4,1,3,59,48,0.0,255,32767,0.0,2127-15-31,0.0,0.12,27.44,0.0,0.0,0.0,0,0.919921875,6,45,05:56,20:31,2025-07-11 04:23:05.477056,Castel Volturno,41.2,3.531449,4.8846097,1.5244806,4.4600353,73.8,2.6760213,4.1032033,0.98571426,2.3571427,74.8,3.017038,2.5408008,3.1974607,1.9519943,49.6,1.8428571,1.4142857,56.3
2025-07-11T04:23:16Z,0,29.859,78.3,38,70.4,3,3,39,48,0.0,255,32767,0.0,2127-15-31,0.0,0.12,27.44,0.0,0.0,0.0,0,0.919921875,6,45,05:56,20:31,2025-07-11 04:23:16.058045,Castel Volturno,41.2,3.531449,4.8846097,1.5244806,4.4600353,73.8,2.6760213,4.1032033,0.98571426,2.3571427,74.8,3.017038,2.5408008,3.1974607,1.9519943,49.6,1.8428571,1.4142857,56.3
2025-07-11T04:23:26Z,0,29.859,78.3,38,70.4,5,3,56,48,0.0,255,32767,0.0,2127-15-31,0.0,0.12,27.44,0.0,0.0,0.0,0,0.919921875,6,45,05:56,20:31,2025-07-11 04:23:26.670057,Castel Volturno,41.2,3.531449,4.8846097,1.5244806,4.4600353,73.8,2.6760213,4.1032033,0.98571426,2.3571427,74.8,3.017038,2.5408008,3.1974607,1.9519943,49.6,1.8428571,1.4142857,56.3
2025-07-11T04:23:37Z,0,29.859,78.3,38,70.4,4,3,38,48,0.0,255,32767,0.0,2127-15-31,0.0,0.12,27.44,0.0,0.0,0.0,0,0.919921875,6,45,05:56,20:31,2025-07-11 04:23:37.225049,Castel Volturno,41.2,3.531449,4.8846097,1.5244806,4.4600353,73.8,2.6760213,4.1032033,0.98571426,2.3571427,74.8,3.017038,2.5408008,3.1974607,1.9519943,49.6,1.8428571,1.4142857,56.3
2025-07-11T04:23:47Z,0,29.859,78.3,38,70.4,1,3,46,48,0.0,255,32767,0.0,2127-15-31,0.0,0.12,27.44,0.0,0.0,0.0,0,0.919921875,6,45,05:56,20:31,2025-07-11 04:23:47.779043,Castel Volturno,41.2,3.531449,4.8846097,1.5244806,4.4600353,73.8,2.6760213,4.1032033,0.98571426,2.3571427,74.8,3.017038,2.5408008,3.1974607,1.9519943,49.6,1.8428571,1.4142857,56.3
2025-07-11T04:23:58Z,0,29.859,78.2,38,70.4,3,3,64,48,0.0,255,32767,0.0,2127-15-31,0.0,0.12,27.44,0.0,0.0,0.0,0,1.171875,6,45,05:56,20:31,2025-07-11 04:23:58.333047,Castel Volturno,41.2,3.531449,4.8846097,1.5244806,4.4600353,73.8,2.6760213,4.1032033,0.98571426,2.3571427,74.8,3.017038,2.5408008,3.1974607,1.9519943,49.6,1.8428571,1.4142857,56.3
2025-07-11T04:24:09Z,0,29.859,78.2,38,70.4,4,3,44,48,0.0,255,32767,0.0,2127-15-31,0.0,0.12,27.44,0.0,0.0,0.0,0,1.171875,6,45,05:56,20:31,2025-07-11 04:24:08.909048,Castel Volturno,41.2,3.531449,4.8846097,1.5244806,4.4600353,73.8,2.6760213,4.1032033,0.98571426,2.3571427,74.8,3.017038,2.5408008,3.1974607,1.9519943,49.6,1.8428571,1.4142857,56.3
2025-07-11T04:24:19Z,0,29.859,78.2,38,70.4,4,3,38,48,0.0,255,32767,0.0,2127-15-31,0.0,0.12,27.44,0.0,0.0,0.0,0,1.171875,6,45,05:56,20:31,2025-07-11 04:24:19.463049,Castel Volturno,41.2,3.531449,4.8846097,1.5244806,4.4600353,73.8,2.6760213,4.1032033,0.98571426,2.3571427,74.8,3.017038,2.5408008,3.1974607,1.9519943,49.6,1.8428571,1.4142857,56.3
2025-07-11T04:24:30Z,0,29.859,78.2,38,70.4,4,3,48,48,0.0,255,32767,0.0,2127-15-31,0.0,0.12,27.44,0.0,0.0,0.0,0,1.171875,6,45,05:56,20:31,2025-07-11 04:24:30.017035,Castel Volturno,41.2,3.531449,4.8846097,1.5244806,4.4600353,73.8,2.6760213,4.1032033,0.98571426,2.3571427,74.8,3.017038,2.5408008,3.1974607,1.9519943,49.6,1.8428571,1.4142857,56.3
2025-07-11T04:24:41Z,0,29.859,78.2,38,70.4,2,3,76,48,0.0,255,32767,0.0,2127-15-31,0.0,0.12,27.44,0.0,0.0,0.0,0,1.171875,6,45,05:56,20:31,2025-07-11 04:24:41.089045,Castel Volturno,41.2,3.531449,4.8846097,1.5244806,4.4600353,73.8,2.6760213,4.1032033,0.98571426,2.3571427,74.8,3.017038,2.5408008,3.1974607,1.9519943,49.6,1.8428571,1.4142857,56.3
2025-07-11T04:24:51Z,0,29.859,78.2,38,70.4,2,3,43,48,0.0,255,32767,0.0,2127-15-31,0.0,0.12,27.44,0.0,0.0,0.0,0,0.755859375,6,45,05:56,20:31,2025-07-11 04:24:51.643047,Castel Volturno,41.2,3.531449,4.8846097,1.5244806,4.4600353,73.8,2.6760213,4.1032033,0.98571426,2.3571427,74.8,3.017038,2.5408008,3.1974607,1.9519943,49.6,1.8428571,1.4142857,56.3
2025-07-11T04:25:02Z,0,29.859,78.2,38,70.4,1,3,42,48,0.0,255,32767,0.0,2127-15-31,0.0,0.12,27.44,0.0,0.0,0.0,0,0.755859375,6,45,05:56,20:31,2025-07-11 04:25:02.197058,Castel Volturno,41.2,3.531449,4.8846097,1.5244806,4.4600353,73.8,2.6760213,4.1032033,0.98571426,2.3571427,74.8,3.017038,2.5408008,3.1974607,1.9519943,49.6,1.8428571,1.4142857,56.3
2025-07-11T04:25:12Z,0,29.859,78.2,38,70.4,3,3,48,48,0.0,255,32767,0.0,2127-15-31,0.0,0.12,27.44,0.0,0.0,0.0,0,0.755859375,6,45,05:56,20:31,2025-07-11 04:25:12.751048,Castel Volturno,41.2,3.531449,4.8846097,1.5244806,4.4600353,73.8,2.6760213,4.1032033,0.98571426,2.3571427,74.8,3.017038,2.5408008,3.1974607,1.9519943,49.6,1.8428571,1.4142857,56.3
2025-07-11T04:25:23Z,0,29.859,78.2,38,70.4,3,3,55,48,0.0,255,32767,0.0,2127-15-31,0.0,0.12,27.44,0.0,0.0,0.0,0,0.755859375,6,45,05:56,20:31,2025-07-11 04:25:23.304043,Castel Volturno,41.2,3.531449,4.8846097,1.5244806,4.4600353,73.8,2.6760213,4.1032033,0.98571426,2.3571427,74.8,3.017038,2.5408008,3.1974607,1.9519943,49.6,1.8428571,1.4142857,56.3
2025-07-11T04:25:34Z,0,29.859,78.2,38,70.4,2,3,67,48,0.0,255,32767,0.0,2127-15-31,0.0,0.12,27.44,0.0,0.0,0.0,0,0.755859375,6,45,05:56,20:31,2025-07-11 04:25:33.858044,Castel Volturno,41.2,3.531449,4.8846097,1.5244806,4.4600353,73.8,2.6760213,4.1032033,0.98571426,2.3571427,74.8,3.017038,2.5408008,3.1974607,1.9519943,49.6,1.8428571,1.4142857,56.3
2025-07-11T04:25:44Z,0,29.859,78.2,38,70.4,4,3,15,48,0.0,255,32767,0.0,2127-15-31,0.0,0.12,27.44,0.0,0.0,0.0,0,0.755859375,6,45,05:56,20:31,2025-07-11 04:25:44.413042,Castel Volturno,41.2,3.531449,4.8846097,1.5244806,4.4600353,73.8,2.6760213,4.1032033,0.98571426,2.3571427,74.8,3.017038,2.5408008,3.1974607,1.9519943,49.6,1.8428571,1.4142857,56.3
2025-07-11T04:25:55Z,0,29.859,78.2,38,70.4,4,3,67,48,0.0,255,32767,0.0,2127-15-31,0.0,0.12,27.44,0.0,0.0,0.0,0,0.75,6,45,05:56,20:31,2025-07-11 04:25:54.967043,Castel Volturno,41.2,3.531449,4.8846097,1.5244806,4.4600353,73.8,2.6760213,4.1032033,0.98571426,2.3571427,74.8,3.017038,2.5408008,3.1974607,1.9519943,49.6,1.8428571,1.4142857,56.3
2025-07-11T04:26:05Z,0,29.859,78.2,38,70.4,2,3,59,48,0.0,255,32767,0.0,2127-15-31,0.0,0.12,27.44,0.0,0.0,0.0,0,0.75,6,45,05:56,20:31,2025-07-11 04:26:05.521052,Castel Volturno,41.2,3.531449,4.8846097,1.5244806,4.4600353,73.8,2.6760213,4.1032033,0.98571426,2.3571427,74.8,3.017038,2.5408008,3.1974607,1.9519943,49.6,1.8428571,1.4142857,56.3
2025-07-11T04:26:16Z,0,29.859,78.2,38,70.4,3,3,58,48,0.0,255,32767,0.0,2127-15-31,0.0,0.12,27.44,0.0,0.0,0.0,0,0.75,6,45,05:56,20:31,2025-07-11 04:26:16.074046,Castel Volturno,41.2,3.531449,4.8846097,1.5244806,4.4600353,73.8,2.6760213,4.1032033,0.98571426,2.3571427,74.8,3.017038,2.5408008,3.1974607,1.9519943,49.6,1.8428571,1.4142857,56.3
2025-07-11T04:26:26Z,0,29.859,78.2,38,70.4,4,3,24,48,0.0,255,32767,0.0,2127-15-31,0.0,0.12,27.44,0.0,0.0,0.0,0,0.75,6,45,05:56,20:31,2025-07-11 04:26:26.628061,Castel Volturno,41.2,3.531449,4.8846097,1.5244806,4.4600353,73.8,2.6760213,4.1032033,0.98571426,2.3571427,74.8,3.017038,2.5408008,3.1974607,1.9519943,49.6,1.8428571,1.4142857,56.3
2025-07-11T04:26:37Z,0,29.859,78.2,38,70.3,5,3,59,48,0.0,255,32767,0.0,2127-15-31,0.0,0.12,27.44,0.0,0.0,0.0,0,0.75,6,45,05:56,20:31,2025-07-11 04:26:37.215045,Castel Volturno,41.2,3.531449,4.8846097,1.5244806,4.4600353,73.8,2.6760213,4.1032033,0.98571426,2.3571427,74.8,3.017038,2.5408008,3.1974607,1.9519943,49.6,1.8428571,1.4142857,56.3
2025-07-11T04:26:47Z,0,29.859,78.2,38,70.3,3,3,65,48,0.0,255,32767,0.0,2127-15-31,0.0,0.12,27.44,0.0,0.0,0.0,0,0.75,6,45,05:56,20:31,2025-07-11 04:26:47.769050,Castel Volturno,41.2,3.531449,4.8846097,1.5244806,4.4600353,73.8,2.6760213,4.1032033,0.98571426,2.3571427,74.8,3.017038,2.5408008,3.1974607,1.9519943,49.6,1.8428571,1.4142857,56.3
2025-07-11T04:26:58Z,0,29.859,78.2,38,70.3,4,3,60,48,0.0,255,32767,0.0,2127-15-31,0.0,0.12,27.44,0.0,0.0,0.0,0,0.75,6,45,05:56,20:31,2025-07-11 04:26:58.322054,Castel Volturno,41.2,3.531449,4.8846097,1.5244806,4.4600353,73.8,2.6760213,4.1032033,0.98571426,2.3571427,74.8,3.017038,2.5408008,3.1974607,1.9519943,49.6,1.8428571,1.4142857,56.3
2025-07-11T04:27:09Z,0,29.859,78.2,38,70.3,5,3,355,49,0.0,255,32767,0.0,2127-15-31,0.0,0.12,27.44,0.0,0.0,0.0,0,0.75,6,45,05:56,20:31,2025-07-11 04:27:08.876047,Castel Volturno,41.2,3.531449,4.8846097,1.5244806,4.4600353,73.8,2.6760213,4.1032033,0.98571426,2.3571427,74.8,3.017038,2.5408008,3.1974607,1.9519943,49.6,1.8428571,1.4142857,56.3
2025-07-11T04:27:19Z,0,29.859,78.2,38,70.3,3,3,83,49,0.0,255,32767,0.0,2127-15-31,0.0,0.12,27.44,0.0,0.0,0.0,0,0.75,6,45,05:56,20:31,2025-07-11 04:27:19.429022,Castel Volturno,41.2,3.531449,4.8846097,1.5244806,4.4600353,73.8,2.6760213,4.1032033,0.98571426,2.3571427,74.8,3.017038,2.5408008,3.1974607,1.9519943,49.6,1.8428571,1.4142857,56.3
2025-07-11T04:27:30Z,0,29.859,78.2,38,70.3,2,3,38,49,0.0,255,32767,0.0,2127-15-31,0.0,0.12,27.44,0.0,0.0,0.0,0,0.75,6,45,05:56,20:31,2025-07-11 04:27:30.016044,Castel Volturno,41.2,3.531449,4.8846097,1.5244806,4.4600353,73.8,2.6760213,4.1032033,0.98571426,2.3571427,74.8,3.017038,2.5408008,3.1974607,1.9519943,49.6,1.8428571,1.4142857,56.3
2025-07-11T04:27:40Z,0,29.859,78.2,38,70.3,1,3,71,49,0.0,255,32767,0.0,2127-15-31,0.0,0.12,27.44,0.0,0.0,0.0,0,0.75,6,45,05:56,20:31,2025-07-11 04:27:40.570048,Castel Volturno,41.2,3.531449,4.8846097,1.5244806,4.4600353,73.8,2.6760213,4.1032033,0.98571426,2.3571427,74.8,3.017038,2.5408008,3.1974607,1.9519943,49.6,1.8428571,1.4142857,56.3
2025-07-11T04:27:51Z,0,29.858,78.2,38,70.2,2,3,80,49,0.0,255,32767,0.0,2127-15-31,0.0,0.12,27.44,0.0,0.0,0.0,0,0.791015625,6,45,05:56,20:31,2025-07-11 04:27:51.124043,Castel Volturno,41.2,3.531449,4.8846097,1.5244806,4.4600353,73.8,2.6760213,4.1032033,0.98571426,2.3571427,74.8,3.017038,2.5408008,3.1974607,1.9519943,49.6,1.8428571,1.4142857,56.3
2025-07-11T04:28:01Z,0,29.858,78.2,38,70.3,4,3,63,49,0.0,255,32767,0.0,2127-15-31,0.0,0.12,27.44,0.0,0.0,0.0,0,0.791015625,6,45,05:56,20:31,2025-07-11 04:28:01.678054,Castel Volturno,41.2,3.531449,4.8846097,1.5244806,4.4600353,73.8,2.6760213,4.1032033,0.98571426,2.3571427,74.8,3.017038,2.5408008,3.1974607,1.9519943,49.6,1.8428571,1.4142857,56.3
2025-07-11T04:28:12Z,0,29.858,78.2,38,70.3,4,3,81,49,0.0,255,32767,0.0,2127-15-31,0.0,0.12,27.44,0.0,0.0,0.0,0,0.791015625,6,45,05:56,20:31,2025-07-11 04:28:12.232064,Castel Volturno,41.2,3.531449,4.8846097,1.5244806,4.4600353,73.8,2.6760213,4.1032033,0.98571426,2.3571427,74.8,3.017038,2.5408008,3.1974607,1.9519943,49.6,1.8428571,1.4142857,56.3
2025-07-11T04:28:22Z,0,29.858,78.2,38,70.3,5,3,61,49,0.0,255,32767,0.0,2127-15-31,0.0,0.12,27.44,0.0,0.0,0.0,0,0.791015625,6,45,05:56,20:31,2025-07-11 04:28:22.785047,Castel Volturno,41.2,3.531449,4.8846097,1.5244806,4.4600353,73.8,2.6760213,4.1032033,0.98571426,2.3571427,74.8,3.017038,2.5408008,3.1974607,1.9519943,49.6,1.8428571,1.4142857,56.3
2025-07-11T04:28:33Z,0,29.858,78.2,38,70.2,6,3,99,49,0.0,255,32767,0.0,2127-15-31,0.0,0.12,27.44,0.0,0.0,0.0,0,0.791015625,6,45,05:56,20:31,2025-07-11 04:28:33.339047,Castel Volturno,41.2,3.531449,4.8846097,1.5244806,4.4600353,73.8,2.6760213,4.1032033,0.98571426,2.3571427,74.8,3.017038,2.5408008,3.1974607,1.9519943,49.6,1.8428571,1.4142857,56.3
2025-07-11T04:28:44Z,0,29.858,78.2,38,70.2,1,3,70,49,0.0,255,32767,0.0,2127-15-31,0.0,0.12,27.44,0.0,0.0,0.0,0,0.791015625,6,45,05:56,20:31,2025-07-11 04:28:43.887040,Castel Volturno,41.2,3.531449,4.8846097,1.5244806,4.4600353,73.8,2.6760213,4.1032033,0.98571426,2.3571427,74.8,3.017038,2.5408008,3.1974607,1.9519943,49.6,1.8428571,1.4142857,56.3
2025-07-11T04:28:54Z,0,29.86,78.2,38,70.2,1,3,60,49,0.0,255,32767,0.0,2127-15-31,0.0,0.12,27.44,0.0,0.0,0.0,0,0.767578125,6,45,05:56,20:31,2025-07-11 04:28:54.441044,Castel Volturno,41.2,3.531449,4.8846097,1.5244806,4.4600353,73.8,2.6760213,4.1032033,0.98571426,2.3571427,74.8,3.017038,2.5408008,3.1974607,1.9519943,49.6,1.8428571,1.4142857,56.3
2025-07-11T04:29:05Z,0,29.86,78.2,38,70.2,1,3,349,49,0.0,255,32767,0.0,2127-15-31,0.0,0.12,27.44,0.0,0.0,0.0,0,0.767578125,6,45,05:56,20:31,2025-07-11 04:29:04.995050,Castel Volturno,41.2,3.531449,4.8846097,1.5244806,4.4600353,73.8,2.6760213,4.1032033,0.98571426,2.3571427,74.8,3.017038,2.5408008,3.1974607,1.9519943,49.6,1.8428571,1.4142857,56.3
2025-07-11T04:29:15Z,0,29.86,78.2,38,70.2,3,3,25,49,0.0,255,32767,0.0,2127-15-31,0.0,0.12,27.44,0.0,0.0,0.0,0,0.767578125,6,45,05:56,20:31,2025-07-11 04:29:15.549052,Castel Volturno,41.2,3.531449,4.8846097,1.5244806,4.4600353,73.8,2.6760213,4.1032033,0.98571426,2.3571427,74.8,3.017038,2.5408008,3.1974607,1.9519943,49.6,1.8428571,1.4142857,56.3
2025-07-11T04:29:26Z,0,29.86,78.2,38,70.2,3,3,60,49,0.0,255,32767,0.0,2127-15-31,0.0,0.12,27.44,0.0,0.0,0.0,0,0.767578125,6,45,05:56,20:31,2025-07-11 04:29:26.103063,Castel Volturno,41.2,3.531449,4.8846097,1.5244806,4.4600353,73.8,2.6760213,4.1032033,0.98571426,2.3571427,74.8,3.017038,2.5408008,3.1974607,1.9519943,49.6,1.8428571,1.4142857,56.3
2025-07-11T04:29:36Z,0,29.86,78.2,38,70.2,3,3,15,49,0.0,255,32767,0.0,2127-15-31,0.0,0.12,27.44,0.0,0.0,0.0,0,0.767578125,6,45,05:56,20:31,2025-07-11 04:29:36.674048,Castel Volturno,41.2,3.531449,4.8846097,1.5244806,4.4600353,73.8,2.6760213,4.1032033,0.98571426,2.3571427,74.8,3.017038,2.5408008,3.1974607,1.9519943,49.6,1.8428571,1.4142857,56.3
2025-07-11T04:29:47Z,0,29.86,78.2,38,70.2,3,3,12,49,0.0,255,32767,0.0,2127-15-31,0.0,0.12,27.44,0.0,0.0,0.0,0,0.767578125,6,45,05:56,20:31,2025-07-11 04:29:47.743045,Castel Volturno,41.2,3.531449,4.8846097,1.5244806,4.4600353,73.8,2.6760213,4.1032033,0.98571426,2.3571427,74.8,3.017038,2.5408008,3.1974607,1.9519943,49.6,1.8428571,1.4142857,56.3
2025-07-11T04:29:58Z,0,29.857,78.2,38,70.2,4,3,47,49,0.0,255,32767,0.0,2127-15-31,0.0,0.12,27.44,0.0,0.0,0.0,0,0.814453125,6,45,05:56,20:31,2025-07-11 04:29:58.297045,Castel Volturno,41.2,3.531449,4.8846097,1.5244806,4.4600353,73.8,2.6760213,4.1032033,0.98571426,2.3571427,74.8,3.017038,2.5408008,3.1974607,1.9519943,49.6,1.8428571,1.4142857,56.3
2025-07-11T04:30:09Z,0,29.857,78.2,38,70.2,2,3,41,49,0.0,255,32767,0.0,2127-15-31,0.0,0.12,27.44,0.0,0.0,0.0,0,0.814453125,6,45,05:56,20:31,2025-07-11 04:30:08.850051,Castel Volturno,41.2,3.531449,4.8846097,1.5244806,4.4600353,73.8,2.6760213,4.1032033,0.98571426,2.3571427,74.8,3.017038,2.5408008,3.1974607,1.9519943,49.6,1.8428571,1.4142857,56.3
2025-07-11T04:30:19Z,0,29.857,78.2,38,70.2,2,3,16,49,0.0,255,32767,0.0,2127-15-31,0.0,0.12,27.44,0.0,0.0,0.0,0,0.814453125,6,45,05:56,20:31,2025-07-11 04:30:19.404051,Castel Volturno,41.2,3.531449,4.8846097,1.5244806,4.4600353,73.8,2.6760213,4.1032033,0.98571426,2.3571427,74.8,3.017038,2.5408008,3.1974607,1.9519943,49.6,1.8428571,1.4142857,56.3
2025-07-11T04:30:30Z,0,29.857,78.2,38,70.2,5,3,63,49,0.0,255,32767,0.0,2127-15-31,0.0,0.12,27.44,0.0,0.0,0.0,0,0.814453125,6,45,05:56,20:31,2025-07-11 04:30:29.958008,Castel Volturno,41.2,3.531449,4.8846097,1.5244806,4.4600353,73.8,2.6760213,4.1032033,0.98571426,2.3571427,74.8,3.017038,2.5408008,3.1974607,1.9519943,49.6,1.8428571,1.4142857,56.3
2025-07-11T04:30:40Z,0,29.857,78.2,38,70.2,4,3,15,49,0.0,255,32767,0.0,2127-15-31,0.0,0.12,27.44,0.0,0.0,0.0,0,0.814453125,6,45,05:56,20:31,2025-07-11 04:30:40.513050,Castel Volturno,41.2,3.531449,4.8846097,1.5244806,4.4600353,73.8,2.6760213,4.1032033,0.98571426,2.3571427,74.8,3.017038,2.5408008,3.1974607,1.9519943,49.6,1.8428571,1.4142857,56.3
2025-07-11T04:30:51Z,0,29.859,78.1,38,70.2,2,3,11,49,0.0,255,32767,0.0,2127-15-31,0.0,0.12,27.44,0.0,0.0,0.0,0,1.119140625,6,45,05:56,20:31,2025-07-11 04:30:51.067044,Castel Volturno,41.2,3.531449,4.8846097,1.5244806,4.4600353,73.8,2.6760213,4.1032033,0.98571426,2.3571427,74.8,3.017038,2.5408008,3.1974607,1.9519943,49.6,1.8428571,1.4142857,56.3
2025-07-11T04:31:01Z,0,29.859,78.1,38,70.2,4,3,37,49,0.0,255,32767,0.0,2127-15-31,0.0,0.12,27.44,0.0,0.0,0.0,0,1.119140625,6,45,05:56,20:31,2025-07-11 04:31:01.621053,Castel Volturno,41.2,3.531449,4.8846097,1.5244806,4.4600353,73.8,2.6760213,4.1032033,0.98571426,2.3571427,74.8,3.017038,2.5408008,3.1974607,1.9519943,49.6,1.8428571,1.4142857,56.3
2025-07-11T04:31:12Z,0,29.859,78.1,38,70.1,3,3,57,49,0.0,255,32767,0.0,2127-15-31,0.0,0.12,27.44,0.0,0.0,0.0,0,1.119140625,6,45,05:56,20:31,2025-07-11 04:31:12.175043,Castel Volturno,41.2,3.531449,4.8846097,1.5244806,4.4600353,73.8,2.6760213,4.1032033,0.98571426,2.3571427,74.8,3.017038,2.5408008,3.1974607,1.9519943,49.6,1.8428571,1.4142857,56.3
2025-07-11T04:31:22Z,0,29.859,78.1,38,70.1,3,3,76,49,0.0,255,32767,0.0,2127-15-31,0.0,0.12,27.44,0.0,0.0,0.0,0,1.119140625,6,45,05:56,20:31,2025-07-11 04:31:22.762044,Castel Volturno,41.2,3.531449,4.8846097,1.5244806,4.4600353,73.8,2.6760213,4.1032033,0.98571426,2.3571427,74.8,3.017038,2.5408008,3.1974607,1.9519943,49.6,1.8428571,1.4142857,56.3
2025-07-11T04:31:33Z,0,29.859,78.1,38,70.1,3,3,45,49,0.0,255,32767,0.0,2127-15-31,0.0,0.12,27.44,0.0,0.0,0.0,0,1.119140625,6,45,05:56,20:31,2025-07-11 04:31:33.314042,Castel Volturno,41.2,3.531449,4.8846097,1.5244806,4.4600353,73.8,2.6760213,4.1032033,0.98571426,2.3571427,74.8,3.017038,2.5408008,3.1974607,1.9519943,49.6,1.8428571,1.4142857,56.3
2025-07-11T04:31:44Z,0,29.859,78.1,38,70.1,3,3,24,49,0.0,255,32767,0.0,2127-15-31,0.0,0.12,27.44,0.0,0.0,0.0,0,1.119140625,6,45,05:56,20:31,2025-07-11 04:31:43.897046,Castel Volturno,41.2,3.531449,4.8846097,1.5244806,4.4600353,73.8,2.6760213,4.1032033,0.98571426,2.3571427,74.8,3.017038,2.5408008,3.1974607,1.9519943,49.6,1.8428571,1.4142857,56.3
2025-07-11T04:31:54Z,0,29.859,78.1,38,70.1,2,3,65,49,0.0,255,32767,0.0,2127-15-31,0.0,0.12,27.44,0.0,0.0,0.0,0,2.00390625,6,45,05:56,20:31,2025-07-11 04:31:54.445043,Castel Volturno,41.2,3.531449,4.8846097,1.5244806,4.4600353,73.8,2.6760213,4.1032033,0.98571426,2.3571427,74.8,3.017038,2.5408008,3.1974607,1.9519943,49.6,1.8428571,1.4142857,56.3
2025-07-11T04:32:05Z,0,29.859,78.1,38,70.1,6,3,72,49,0.0,255,32767,0.0,2127-15-31,0.0,0.12,27.44,0.0,0.0,0.0,0,2.00390625,6,45,05:56,20:31,2025-07-11 04:32:04.999047,Castel Volturno,41.2,3.531449,4.8846097,1.5244806,4.4600353,73.8,2.6760213,4.1032033,0.98571426,2.3571427,74.8,3.017038,2.5408008,3.1974607,1.9519943,49.6,1.8428571,1.4142857,56.3
2025-07-11T04:32:15Z,0,29.859,78.1,38,70.1,4,3,40,49,0.0,255,32767,0.0,2127-15-31,0.0,0.12,27.44,0.0,0.0,0.0,0,2.00390625,6,45,05:56,20:31,2025-07-11 04:32:15.553006,Castel Volturno,41.2,3.531449,4.8846097,1.5244806,4.4600353,73.8,2.6760213,4.1032033,0.98571426,2.3571427,74.8,3.017038,2.5408008,3.1974607,1.9519943,49.6,1.8428571,1.4142857,56.3
2025-07-11T04:32:26Z,0,29.859,78.1,38,70.1,3,3,46,49,0.0,255,32767,0.0,2127-15-31,0.0,0.12,27.44,0.0,0.0,0.0,0,2.00390625,6,45,05:56,20:31,2025-07-11 04:32:26.101065,Castel Volturno,41.2,3.531449,4.8846097,1.5244806,4.4600353,73.8,2.6760213,4.1032033,0.98571426,2.3571427,74.8,3.017038,2.5408008,3.1974607,1.9519943,49.6,1.8428571,1.4142857,56.3
2025-07-11T04:32:36Z,0,29.859,78.1,38,70.1,3,3,63,49,0.0,255,32767,0.0,2127-15-31,0.0,0.12,27.44,0.0,0.0,0.0,0,2.00390625,6,45,05:56,20:31,2025-07-11 04:32:36.655017,Castel Volturno,41.2,3.531449,4.8846097,1.5244806,4.4600353,73.8,2.6760213,4.1032033,0.98571426,2.3571427,74.8,3.017038,2.5408008,3.1974607,1.9519943,49.6,1.8428571,1.4142857,56.3
2025-07-11T04:32:47Z,0,29.859,78.1,38,70.1,3,3,68,49,0.0,255,32767,0.0,2127-15-31,0.0,0.12,27.44,0.0,0.0,0.0,0,2.00390625,6,45,05:56,20:31,2025-07-11 04:32:47.209049,Castel Volturno,41.2,3.531449,4.8846097,1.5244806,4.4600353,73.8,2.6760213,4.1032033,0.98571426,2.3571427,74.8,3.017038,2.5408008,3.1974607,1.9519943,49.6,1.8428571,1.4142857,56.3
2025-07-11T04:32:57Z,0,29.86,78.1,38,70.1,2,3,44,49,0.0,255,32767,0.0,2127-15-31,0.0,0.12,27.44,0.0,0.0,0.0,0,0.744140625,6,45,05:56,20:31,2025-07-11 04:32:57.763048,Castel Volturno,41.2,3.531449,4.8846097,1.5244806,4.4600353,73.8,2.6760213,4.1032033,0.98571426,2.3571427,74.8,3.017038,2.5408008,3.1974607,1.9519943,49.6,1.8428571,1.4142857,56.3
2025-07-11T04:33:08Z,0,29.86,78.1,38,70.1,2,3,82,49,0.0,255,32767,0.0,2127-15-31,0.0,0.12,27.44,0.0,0.0,0.0,0,0.744140625,6,45,05:56,20:31,2025-07-11 04:33:08.317047,Castel Volturno,41.2,3.531449,4.8846097,1.5244806,4.4600353,73.8,2.6760213,4.1032033,0.98571426,2.3571427,74.8,3.017038,2.5408008,3.1974607,1.9519943,49.6,1.8428571,1.4142857,56.3
2025-07-11T04:33:19Z,0,29.86,78.1,38,70.1,3,3,74,49,0.0,255,32767,0.0,2127-15-31,0.0,0.12,27.44,0.0,0.0,0.0,0,0.744140625,6,45,05:56,20:31,2025-07-11 04:33:18.866059,Castel Volturno,41.2,3.531449,4.8846097,1.5244806,4.4600353,73.8,2.6760213,4.1032033,0.98571426,2.3571427,74.8,3.017038,2.5408008,3.1974607,1.9519943,49.6,1.8428571,1.4142857,56.3
2025-07-11T04:33:29Z,0,29.86,78.1,38,70.0,3,3,76,49,0.0,255,32767,0.0,2127-15-31,0.0,0.12,27.44,0.0,0.0,0.0,0,0.744140625,6,45,05:56,20:31,2025-07-11 04:33:29.420054,Castel Volturno,41.2,3.531449,4.8846097,1.5244806,4.4600353,73.8,2.6760213,4.1032033,0.98571426,2.3571427,74.8,3.017038,2.5408008,3.1974607,1.9519943,49.6,1.8428571,1.4142857,56.3
2025-07-11T04:33:40Z,0,29.86,78.1,38,70.0,2,3,75,49,0.0,255,32767,0.0,2127-15-31,0.0,0.12,27.44,0.0,0.0,0.0,0,0.744140625,6,45,05:56,20:31,2025-07-11 04:33:39.974044,Castel Volturno,41.2,3.531449,4.8846097,1.5244806,4.4600353,73.8,2.6760213,4.1032033,0.98571426,2.3571427,74.8,3.017038,2.5408008,3.1974607,1.9519943,49.6,1.8428571,1.4142857,56.3
2025-07-11T04:33:50Z,0,29.86,78.1,38,70.0,2,3,90,49,0.0,255,32767,0.0,2127-15-31,0.0,0.12,27.44,0.0,0.0,0.0,0,0.75,6,45,05:56,20:31,2025-07-11 04:33:50.668055,Castel Volturno,41.2,3.531449,4.8846097,1.5244806,4.4600353,73.8,2.6760213,4.1032033,0.98571426,2.3571427,74.8,3.017038,2.5408008,3.1974607,1.9519943,49.6,1.8428571,1.4142857,56.3
2025-07-11T04:34:01Z,0,29.859,78.1,38,70.1,2,3,58,49,0.0,255,32767,0.0,2127-15-31,0.0,0.12,27.44,0.0,0.0,0.0,0,0.75,6,45,05:56,20:31,2025-07-11 04:34:01.222048,Castel Volturno,41.2,3.531449,4.8846097,1.5244806,4.4600353,73.8,2.6760213,4.1032033,0.98571426,2.3571427,74.8,3.017038,2.5408008,3.1974607,1.9519943,49.6,1.8428571,1.4142857,56.3
2025-07-11T04:34:11Z,0,29.859,78.1,38,70.1,3,3,78,49,0.0,255,32767,0.0,2127-15-31,0.0,0.12,27.44,0.0,0.0,0.0,0,0.75,6,45,05:56,20:31,2025-07-11 04:34:11.776047,Castel Volturno,41.2,3.531449,4.8846097,1.5244806,4.4600353,73.8,2.6760213,4.1032033,0.98571426,2.3571427,74.8,3.017038,2.5408008,3.1974607,1.9519943,49.6,1.8428571,1.4142857,56.3
2025-07-11T04:34:22Z,0,29.859,78.1,38,70.1,3,3,17,49,0.0,255,32767,0.0,2127-15-31,0.0,0.12,27.44,0.0,0.0,0.0,0,0.75,6,45,05:56,20:31,2025-07-11 04:34:22.330045,Castel Volturno,41.2,3.531449,4.8846097,1.5244806,4.4600353,73.8,2.6760213,4.1032033,0.98571426,2.3571427,74.8,3.017038,2.5408008,3.1974607,1.9519943,49.6,1.8428571,1.4142857,56.3
2025-07-11T04:34:33Z,0,29.859,78.1,38,70.0,3,3,57,49,0.0,255,32767,0.0,2127-15-31,0.0,0.12,27.44,0.0,0.0,0.0,0,0.75,6,45,05:56,20:31,2025-07-11 04:34:32.884062,Castel Volturno,41.2,3.531449,4.8846097,1.5244806,4.4600353,73.8,2.6760213,4.1032033,0.98571426,2.3571427,74.8,3.017038,2.5408008,3.1974607,1.9519943,49.6,1.8428571,1.4142857,56.3
2025-07-11T04:34:43Z,0,29.859,78.1,38,70.1,3,3,87,49,0.0,255,32767,0.0,2127-15-31,0.0,0.12,27.44,0.0,0.0,0.0,0,0.75,6,45,05:56,20:31,2025-07-11 04:34:43.438042,Castel Volturno,41.7,3.161691,4.8585625,1.676857,4.2018857,73.8,2.5211315,4.0809994,1.4428571,2.5238094,74.8,2.6476395,2.7947617,3.0702057,2.2001433,50.0,2.7428572,1.5142857,56.5
2025-07-11T04:34:54Z,0,29.859,78.1,39,70.1,3,3,78,49,0.0,255,32767,0.0,2127-15-31,0.0,0.12,27.44,0.0,0.0,0.0,0,0.755859375,6,45,05:56,20:31,2025-07-11 04:34:54.512046,Castel Volturno,41.7,3.161691,4.8585625,1.676857,4.2018857,73.8,2.5211315,4.0809994,1.4428571,2.5238094,74.8,2.6476395,2.7947617,3.0702057,2.2001433,50.0,2.7428572,1.5142857,56.5
2025-07-11T04:35:05Z,0,29.859,78.1,39,70.1,3,3,63,50,0.0,255,32767,0.0,2127-15-31,0.0,0.12,27.44,0.0,0.0,0.0,0,0.755859375,6,45,05:56,20:31,2025-07-11 04:35:05.066042,Castel Volturno,41.7,3.161691,4.8585625,1.676857,4.2018857,73.8,2.5211315,4.0809994,1.4428571,2.5238094,74.8,2.6476395,2.7947617,3.0702057,2.2001433,50.0,2.7428572,1.5142857,56.5
2025-07-11T04:35:15Z,0,29.859,78.1,39,70.1,4,3,73,50,0.0,255,32767,0.0,2127-15-31,0.0,0.12,27.44,0.0,0.0,0.0,0,0.755859375,6,45,05:56,20:31,2025-07-11 04:35:15.621048,Castel Volturno,41.7,3.161691,4.8585625,1.676857,4.2018857,73.8,2.5211315,4.0809994,1.4428571,2.5238094,74.8,2.6476395,2.7947617,3.0702057,2.2001433,50.0,2.7428572,1.5142857,56.5
2025-07-11T04:35:26Z,0,29.859,78.1,39,70.1,3,3,82,50,0.0,255,32767,0.0,2127-15-31,0.0,0.12,27.44,0.0,0.0,0.0,0,0.755859375,6,45,05:56,20:31,2025-07-11 04:35:26.176050,Castel Volturno,41.7,3.161691,4.8585625,1.676857,4.2018857,73.8,2.5211315,4.0809994,1.4428571,2.5238094,74.8,2.6476395,2.7947617,3.0702057,2.2001433,50.0,2.7428572,1.5142857,56.5
2025-07-11T04:35:36Z,0,29.859,78.1,39,70.1,2,3,69,50,0.0,255,32767,0.0,2127-15-31,0.0,0.12,27.44,0.0,0.0,0.0,0,0.755859375,6,45,05:56,20:31,2025-07-11 04:35:36.730045,Castel Volturno,41.7,3.161691,4.8585625,1.676857,4.2018857,73.8,2.5211315,4.0809994,1.4428571,2.5238094,74.8,2.6476395,2.7947617,3.0702057,2.2001433,50.0,2.7428572,1.5142857,56.5
2025-07-11T04:35:47Z,0,29.859,78.1,39,70.1,3,3,42,50,0.0,255,32767,0.0,2127-15-31,0.0,0.12,27.44,0.0,0.0,0.0,0,0.755859375,6,45,05:56,20:31,2025-07-11 04:35:47.316043,Castel Volturno,41.7,3.161691,4.8585625,1.676857,4.2018857,73.8,2.5211315,4.0809994,1.4428571,2.5238094,74.8,2.6476395,2.7947617,3.0702057,2.2001433,50.0,2.7428572,1.5142857,56.5
2025-07-11T04:35:58Z,0,29.861,78.1,39,70.1,3,3,80,50,0.0,255,32767,0.0,2127-15-31,0.0,0.12,27.44,0.0,0.0,0.0,0,0.755859375,6,45,05:56,20:31,2025-07-11 04:35:57.870045,Castel Volturno,41.7,3.161691,4.8585625,1.676857,4.2018857,73.8,2.5211315,4.0809994,1.4428571,2.5238094,74.8,2.6476395,2.7947617,3.0702057,2.2001433,50.0,2.7428572,1.5142857,56.5
2025-07-11T04:36:08Z,0,29.861,78.1,39,70.1,3,3,52,50,0.0,255,32767,0.0,2127-15-31,0.0,0.12,27.44,0.0,0.0,0.0,0,0.755859375,6,45,05:56,20:31,2025-07-11 04:36:08.457049,Castel Volturno,41.7,3.161691,4.8585625,1.676857,4.2018857,73.8,2.5211315,4.0809994,1.4428571,2.5238094,74.8,2.6476395,2.7947617,3.0702057,2.2001433,50.0,2.7428572,1.5142857,56.5
2025-07-11T04:36:19Z,0,29.861,78.1,39,70.1,4,3,78,50,0.0,255,32767,0.0,2127-15-31,0.0,0.12,27.44,0.0,0.0,0.0,0,0.755859375,6,45,05:56,20:31,2025-07-11 04:36:19.011049,Castel Volturno,41.7,3.161691,4.8585625,1.676857,4.2018857,73.8,2.5211315,4.0809994,1.4428571,2.5238094,74.8,2.6476395,2.7947617,3.0702057,2.2001433,50.0,2.7428572,1.5142857,56.5
2025-07-11T04:36:29Z,0,29.861,78.1,39,70.1,2,3,41,50,0.0,255,32767,0.0,2127-15-31,0.0,0.12,27.44,0.0,0.0,0.0,0,0.755859375,6,45,05:56,20:31,2025-07-11 04:36:29.565044,Castel Volturno,41.7,3.161691,4.8585625,1.676857,4.2018857,73.8,2.5211315,4.0809994,1.4428571,2.5238094,74.8,2.6476395,2.7947617,3.0702057,2.2001433,50.0,2.7428572,1.5142857,56.5
2025-07-11T04:36:40Z,0,29.861,78.1,39,70.1,2,3,41,50,0.0,255,32767,0.0,2127-15-31,0.0,0.12,27.44,0.0,0.0,0.0,0,0.755859375,6,45,05:56,20:31,2025-07-11 04:36:40.119043,Castel Volturno,41.7,3.161691,4.8585625,1.676857,4.2018857,73.8,2.5211315,4.0809994,1.4428571,2.5238094,74.8,2.6476395,2.7947617,3.0702057,2.2001433,50.0,2.7428572,1.5142857,56.5
2025-07-11T04:36:50Z,0,29.861,78.1,39,70.1,4,3,96,50,0.0,255,32767,0.0,2127-15-31,0.0,0.12,27.44,0.0,0.0,0.0,0,0.796875,6,45,05:56,20:31,2025-07-11 04:36:50.687049,Castel Volturno,41.7,3.161691,4.8585625,1.676857,4.2018857,73.8,2.5211315,4.0809994,1.4428571,2.5238094,74.8,2.6476395,2.7947617,3.0702057,2.2001433,50.0,2.7428572,1.5142857,56.5
2025-07-11T04:37:01Z,0,29.861,78.1,39,70.1,2,3,48,50,0.0,255,32767,0.0,2127-15-31,0.0,0.12,27.44,0.0,0.0,0.0,0,0.796875,6,45,05:56,20:31,2025-07-11 04:37:01.241045,Castel Volturno,41.7,3.161691,4.8585625,1.676857,4.2018857,73.8,2.5211315,4.0809994,1.4428571,2.5238094,74.8,2.6476395,2.7947617,3.0702057,2.2001433,50.0,2.7428572,1.5142857,56.5
2025-07-11T04:37:11Z,0,29.861,78.1,39,70.0,3,3,49,50,0.0,255,32767,0.0,2127-15-31,0.0,0.12,27.44,0.0,0.0,0.0,0,0.796875,6,45,05:56,20:31,2025-07-11 04:37:11.795008,Castel Volturno,41.7,3.161691,4.8585625,1.676857,4.2018857,73.8,2.5211315,4.0809994,1.4428571,2.5238094,74.8,2.6476395,2.7947617,3.0702057,2.2001433,50.0,2.7428572,1.5142857,56.5
2025-07-11T04:37:22Z,0,29.861,78.1,39,70.1,5,3,87,50,0.0,255,32767,0.0,2127-15-31,0.0,0.12,27.44,0.0,0.0,0.0,0,0.796875,6,45,05:56,20:31,2025-07-11 04:37:22.348048,Castel Volturno,41.7,3.161691,4.8585625,1.676857,4.2018857,73.8,2.5211315,4.0809994,1.4428571,2.5238094,74.8,2.6476395,2.7947617,3.0702057,2.2001433,50.0,2.7428572,1.5142857,56.5
2025-07-11T04:37:33Z,0,29.861,78.1,39,70.1,3,3,67,50,0.0,255,32767,0.0,2127-15-31,0.0,0.12,27.44,0.0,0.0,0.0,0,0.796875,6,45,05:56,20:31,2025-07-11 04:37:32.902037,Castel Volturno,41.7,3.161691,4.8585625,1.676857,4.2018857,73.8,2.5211315,4.0809994,1.4428571,2.5238094,74.8,2.6476395,2.7947617,3.0702057,2.2001433,50.0,2.7428572,1.5142857,56.5
2025-07-11T04:37:43Z,0,29.861,78.1,39,70.1,4,3,82,50,0.0,255,32767,0.0,2127-15-31,0.0,0.12,27.44,0.0,0.0,0.0,0,0.796875,6,45,05:56,20:31,2025-07-11 04:37:43.448047,Castel Volturno,41.7,3.161691,4.8585625,1.676857,4.2018857,73.8,2.5211315,4.0809994,1.4428571,2.5238094,74.8,2.6476395,2.7947617,3.0702057,2.2001433,50.0,2.7428572,1.5142857,56.5
2025-07-11T04:37:54Z,0,29.857,78.1,39,70.1,3,3,73,50,0.0,255,32767,0.0,2127-15-31,0.0,0.12,27.44,0.0,0.0,0.0,0,1.1953125,6,45,05:56,20:31,2025-07-11 04:37:54.002040,Castel Volturno,41.7,3.161691,4.8585625,1.676857,4.2018857,73.8,2.5211315,4.0809994,1.4428571,2.5238094,74.8,2.6476395,2.7947617,3.0702057,2.2001433,50.0,2.7428572,1.5142857,56.5
2025-07-11T04:38:04Z,0,29.857,78.1,39,70.1,3,3,67,50,0.0,255,32767,0.0,2127-15-31,0.0,0.12,27.44,0.0,0.0,0.0,0,1.1953125,6,45,05:56,20:31,2025-07-11 04:38:04.556045,Castel Volturno,41.7,3.161691,4.8585625,1.676857,4.2018857,73.8,2.5211315,4.0809994,1.4428571,2.5238094,74.8,2.6476395,2.7947617,3.0702057,2.2001433,50.0,2.7428572,1.5142857,56.5
2025-07-11T04:38:15Z,0,29.857,78.1,39,70.0,4,3,77,50,0.0,255,32767,0.0,2127-15-31,0.0,0.12,27.44,0.0,0.0,0.0,0,1.1953125,6,45,05:56,20:31,2025-07-11 04:38:15.110044,Castel Volturno,41.7,3.161691,4.8585625,1.676857,4.2018857,73.8,2.5211315,4.0809994,1.4428571,2.5238094,74.8,2.6476395,2.7947617,3.0702057,2.2001433,50.0,2.7428572,1.5142857,56.5
2025-07-11T04:38:25Z,0,29.857,78.1,39,70.0,3,3,84,50,0.0,255,32767,0.0,2127-15-31,0.0,0.12,27.44,0.0,0.0,0.0,0,1.1953125,6,45,05:56,20:31,2025-07-11 04:38:25.664071,Castel Volturno,41.7,3.161691,4.8585625,1.676857,4.2018857,73.8,2.5211315,4.0809994,1.4428571,2.5238094,74.8,2.6476395,2.7947617,3.0702057,2.2001433,50.0,2.7428572,1.5142857,56.5
2025-07-11T04:38:36Z,0,29.857,78.1,39,70.0,2,3,69,50,0.0,255,32767,0.0,2127-15-31,0.0,0.12,27.44,0.0,0.0,0.0,0,1.1953125,6,45,05:56,20:31,2025-07-11 04:38:36.239043,Castel Volturno,41.7,3.161691,4.8585625,1.676857,4.2018857,73.8,2.5211315,4.0809994,1.4428571,2.5238094,74.8,2.6476395,2.7947617,3.0702057,2.2001433,50.0,2.7428572,1.5142857,56.5
2025-07-11T04:38:46Z,0,29.857,78.1,39,70.0,3,3,58,50,0.0,255,32767,0.0,2127-15-31,0.0,0.12,27.44,0.0,0.0,0.0,0,1.1953125,6,45,05:56,20:31,2025-07-11 04:38:46.793045,Castel Volturno,41.7,3.161691,4.8585625,1.676857,4.2018857,73.8,2.5211315,4.0809994,1.4428571,2.5238094,74.8,2.6476395,2.7947617,3.0702057,2.2001433,50.0,2.7428572,1.5142857,56.5
2025-07-11T04:38:57Z,0,29.861,78.0,39,70.0,3,3,75,50,0.0,255,32767,0.0,2127-15-31,0.0,0.12,27.44,0.0,0.0,0.0,0,2.384765625,6,45,05:56,20:31,2025-07-11 04:38:57.338041,Castel Volturno,41.7,3.161691,4.8585625,1.676857,4.2018857,73.8,2.5211315,4.0809994,1.4428571,2.5238094,74.8,2.6476395,2.7947617,3.0702057,2.2001433,50.0,2.7428572,1.5142857,56.5
2025-07-11T04:39:08Z,0,29.861,78.0,39,70.0,3,3,86,50,0.0,255,32767,0.0,2127-15-31,0.0,0.12,27.44,0.0,0.0,0.0,0,2.384765625,6,45,05:56,20:31,2025-07-11 04:39:07.892044,Castel Volturno,41.7,3.161691,4.8585625,1.676857,4.2018857,73.8,2.5211315,4.0809994,1.4428571,2.5238094,74.8,2.6476395,2.7947617,3.0702057,2.2001433,50.0,2.7428572,1.5142857,56.5
2025-07-11T04:39:18Z,0,29.861,78.0,39,70.0,4,3,71,50,0.0,255,32767,0.0,2127-15-31,0.0,0.12,27.44,0.0,0.0,0.0,0,2.384765625,6,45,05:56,20:31,2025-07-11 04:39:18.446040,Castel Volturno,41.7,3.161691,4.8585625,1.676857,4.2018857,73.8,2.5211315,4.0809994,1.4428571,2.5238094,74.8,2.6476395,2.7947617,3.0702057,2.2001433,50.0,2.7428572,1.5142857,56.5
2025-07-11T04:39:29Z,0,29.861,78.0,39,70.0,2,3,74,50,0.0,255,32767,0.0,2127-15-31,0.0,0.12,27.44,0.0,0.0,0.0,0,2.384765625,6,45,05:56,20:31,2025-07-11 04:39:29.001061,Castel Volturno,41.7,3.161691,4.8585625,1.676857,4.2018857,73.8,2.5211315,4.0809994,1.4428571,2.5238094,74.8,2.6476395,2.7947617,3.0702057,2.2001433,50.0,2.7428572,1.5142857,56.5
2025-07-11T04:39:39Z,0,29.861,78.0,39,70.0,2,3,67,50,0.0,255,32767,0.0,2127-15-31,0.0,0.12,27.44,0.0,0.0,0.0,0,2.384765625,6,45,05:56,20:31,2025-07-11 04:39:39.555065,Castel Volturno,41.7,3.161691,4.8585625,1.676857,4.2018857,73.8,2.5211315,4.0809994,1.4428571,2.5238094,74.8,2.6476395,2.7947617,3.0702057,2.2001433,50.0,2.7428572,1.5142857,56.5
2025-07-11T04:39:50Z,0,29.861,78.0,39,69.9,2,3,74,50,0.0,255,32767,0.0,2127-15-31,0.0,0.12,27.44,0.0,0.0,0.0,0,2.384765625,6,45,05:56,20:31,2025-07-11 04:39:50.103046,Castel Volturno,41.7,3.161691,4.8585625,1.676857,4.2018857,73.8,2.5211315,4.0809994,1.4428571,2.5238094,74.8,2.6476395,2.7947617,3.0702057,2.2001433,50.0,2.7428572,1.5142857,56.5
2025-07-11T04:40:01Z,0,29.859,78.1,39,69.9,2,3,80,50,0.0,255,32767,0.0,2127-15-31,0.0,0.12,27.44,0.0,0.0,0.0,0,0.779296875,6,45,05:56,20:31,2025-07-11 04:40:01.163066,Castel Volturno,41.7,3.161691,4.8585625,1.676857,4.2018857,73.8,2.5211315,4.0809994,1.4428571,2.5238094,74.8,2.6476395,2.7947617,3.0702057,2.2001433,50.0,2.7428572,1.5142857,56.5
2025-07-11T04:40:11Z,0,29.859,78.1,39,70.0,4,3,64,50,0.0,255,32767,0.0,2127-15-31,0.0,0.12,27.44,0.0,0.0,0.0,0,0.779296875,6,45,05:56,20:31,2025-07-11 04:40:11.707060,Castel Volturno,41.7,3.161691,4.8585625,1.676857,4.2018857,73.8,2.5211315,4.0809994,1.4428571,2.5238094,74.8,2.6476395,2.7947617,3.0702057,2.2001433,50.0,2.7428572,1.5142857,56.5
2025-07-11T04:40:22Z,0,29.859,78.1,39,69.9,3,3,71,50,0.0,255,32767,0.0,2127-15-31,0.0,0.12,27.44,0.0,0.0,0.0,0,0.779296875,6,45,05:56,20:31,2025-07-11 04:40:22.262042,Castel Volturno,41.7,3.161691,4.8585625,1.676857,4.2018857,73.8,2.5211315,4.0809994,1.4428571,2.5238094,74.8,2.6476395,2.7947617,3.0702057,2.2001433,50.0,2.7428572,1.5142857,56.5
2025-07-11T04:40:33Z,0,29.859,78.1,39,69.9,3,3,86,50,0.0,255,32767,0.0,2127-15-31,0.0,0.12,27.44,0.0,0.0,0.0,0,0.779296875,6,45,05:56,20:31,2025-07-11 04:40:32.816049,Castel Volturno,41.7,3.161691,4.8585625,1.676857,4.2018857,73.8,2.5211315,4.0809994,1.4428571,2.5238094,74.8,2.6476395,2.7947617,3.0702057,2.2001433,50.0,2.7428572,1.5142857,56.5
2025-07-11T04:40:43Z,0,29.859,78.1,39,69.9,2,3,75,50,0.0,255,32767,0.0,2127-15-31,0.0,0.12,27.44,0.0,0.0,0.0,0,0.779296875,6,45,05:56,20:31,2025-07-11 04:40:43.370048,Castel Volturno,41.7,3.161691,4.8585625,1.676857,4.2018857,73.8,2.5211315,4.0809994,1.4428571,2.5238094,74.8,2.6476395,2.7947617,3.0702057,2.2001433,50.0,2.7428572,1.5142857,56.5
2025-07-11T04:40:54Z,0,29.857,78.1,41,70.0,2,3,65,50,0.0,255,32767,0.0,2127-15-31,0.0,0.12,27.44,0.0,0.0,0.0,0,0.755859375,6,45,05:56,20:31,2025-07-11 04:40:53.934637,Castel Volturno,41.7,3.161691,4.8585625,1.676857,4.2018857,73.8,2.5211315,4.0809994,1.4428571,2.5238094,74.8,2.6476395,2.7947617,3.0702057,2.2001433,50.0,2.7428572,1.5142857,56.5
2025-07-11T04:41:04Z,0,29.857,78.1,41,70.0,1,3,65,50,0.0,255,32767,0.0,2127-15-31,0.0,0.12,27.44,0.0,0.0,0.0,0,0.755859375,6,45,05:56,20:31,2025-07-11 04:41:04.520035,Castel Volturno,41.7,3.161691,4.8585625,1.676857,4.2018857,73.8,2.5211315,4.0809994,1.4428571,2.5238094,74.8,2.6476395,2.7947617,3.0702057,2.2001433,50.0,2.7428572,1.5142857,56.5
2025-07-11T04:41:15Z,0,29.857,78.1,41,70.0,0,3,65,50,0.0,255,32767,0.0,2127-15-31,0.0,0.12,27.44,0.0,0.0,0.0,0,0.755859375,6,45,05:56,20:31,2025-07-11 04:41:15.074055,Castel Volturno,41.7,3.161691,4.8585625,1.676857,4.2018857,73.8,2.5211315,4.0809994,1.4428571,2.5238094,74.8,2.6476395,2.7947617,3.0702057,2.2001433,50.0,2.7428572,1.5142857,56.5
2025-07-11T04:41:25Z,0,29.857,78.1,41,70.0,0,3,64,50,0.0,255,32767,0.0,2127-15-31,0.0,0.12,27.44,0.0,0.0,0.0,0,0.755859375,6,45,05:56,20:31,2025-07-11 04:41:25.629045,Castel Volturno,41.7,3.161691,4.8585625,1.676857,4.2018857,73.8,2.5211315,4.0809994,1.4428571,2.5238094,74.8,2.6476395,2.7947617,3.0702057,2.2001433,50.0,2.7428572,1.5142857,56.5
2025-07-11T04:41:36Z,0,29.857,78.1,41,70.0,0,3,64,50,0.0,255,32767,0.0,2127-15-31,0.0,0.12,27.44,0.0,0.0,0.0,0,0.755859375,6,45,05:56,20:31,2025-07-11 04:41:36.184044,Castel Volturno,41.7,3.161691,4.8585625,1.676857,4.2018857,73.8,2.5211315,4.0809994,1.4428571,2.5238094,74.8,2.6476395,2.7947617,3.0702057,2.2001433,50.0,2.7428572,1.5142857,56.5
2025-07-11T04:41:46Z,0,29.857,78.1,41,70.0,0,3,64,50,0.0,255,32767,0.0,2127-15-31,0.0,0.12,27.44,0.0,0.0,0.0,0,0.755859375,6,45,05:56,20:31,2025-07-11 04:41:46.738035,Castel Volturno,41.7,3.161691,4.8585625,1.676857,4.2018857,73.8,2.5211315,4.0809994,1.4428571,2.5238094,74.8,2.6476395,2.7947617,3.0702057,2.2001433,50.0,2.7428572,1.5142857,56.5
2025-07-11T04:41:57Z,0,29.859,78.1,41,70.0,2,3,70,50,0.0,255,32767,0.0,2127-15-31,0.0,0.12,27.44,0.0,0.0,0.0,0,0.755859375,6,45,05:56,20:31,2025-07-11 04:41:57.292045,Castel Volturno,41.7,3.161691,4.8585625,1.676857,4.2018857,73.8,2.5211315,4.0809994,1.4428571,2.5238094,74.8,2.6476395,2.7947617,3.0702057,2.2001433,50.0,2.7428572,1.5142857,56.5
2025-07-11T04:42:08Z,0,29.859,78.1,41,70.0,1,3,84,50,0.0,255,32767,0.0,2127-15-31,0.0,0.12,27.44,0.0,0.0,0.0,0,0.755859375,6,45,05:56,20:31,2025-07-11 04:42:07.847044,Castel Volturno,41.7,3.161691,4.8585625,1.676857,4.2018857,73.8,2.5211315,4.0809994,1.4428571,2.5238094,74.8,2.6476395,2.7947617,3.0702057,2.2001433,50.0,2.7428572,1.5142857,56.5
2025-07-11T04:42:18Z,0,29.859,78.1,41,69.9,2,3,82,50,0.0,255,32767,0.0,2127-15-31,0.0,0.12,27.44,0.0,0.0,0.0,0,0.755859375,6,45,05:56,20:31,2025-07-11 04:42:18.401051,Castel Volturno,41.7,3.161691,4.8585625,1.676857,4.2018857,73.8,2.5211315,4.0809994,1.4428571,2.5238094,74.8,2.6476395,2.7947617,3.0702057,2.2001433,50.0,2.7428572,1.5142857,56.5
2025-07-11T04:42:29Z,0,29.859,78.1,41,69.9,3,3,85,50,0.0,255,32767,0.0,2127-15-31,0.0,0.12,27.44,0.0,0.0,0.0,0,0.755859375,6,45,05:56,20:31,2025-07-11 04:42:28.956049,Castel Volturno,41.7,3.161691,4.8585625,1.676857,4.2018857,73.8,2.5211315,4.0809994,1.4428571,2.5238094,74.8,2.6476395,2.7947617,3.0702057,2.2001433,50.0,2.7428572,1.5142857,56.5
2025-07-11T04:42:39Z,0,29.859,78.1,41,70.0,2,3,74,50,0.0,255,32767,0.0,2127-15-31,0.0,0.12,27.44,0.0,0.0,0.0,0,0.755859375,6,45,05:56,20:31,2025-07-11 04:42:39.510044,Castel Volturno,41.7,3.161691,4.8585625,1.676857,4.2018857,73.8,2.5211315,4.0809994,1.4428571,2.5238094,74.8,2.6476395,2.7947617,3.0702057,2.2001433,50.0,2.7428572,1.5142857,56.5
2025-07-11T04:42:50Z,0,29.859,78.1,41,69.9,2,3,80,50,0.0,255,32767,0.0,2127-15-31,0.0,0.12,27.44,0.0,0.0,0.0,0,0.755859375,6,45,05:56,20:31,2025-07-11 04:42:50.064041,Castel Volturno,41.7,3.161691,4.8585625,1.676857,4.2018857,73.8,2.5211315,4.0809994,1.4428571,2.5238094,74.8,2.6476395,2.7947617,3.0702057,2.2001433,50.0,2.7428572,1.5142857,56.5
2025-07-11T04:43:00Z,0,29.857,78.2,41,69.9,1,3,83,50,0.0,255,32767,0.0,2127-15-31,0.0,0.12,27.44,0.0,0.0,0.0,0,0.78515625,6,45,05:56,20:31,2025-07-11 04:43:00.620046,Castel Volturno,41.7,3.161691,4.8585625,1.676857,4.2018857,73.8,2.5211315,4.0809994,1.4428571,2.5238094,74.8,2.6476395,2.7947617,3.0702057,2.2001433,50.0,2.7428572,1.5142857,56.5
2025-07-11T04:43:11Z,0,29.857,78.2,41,70.0,1,3,83,50,0.0,255,32767,0.0,2127-15-31,0.0,0.12,27.44,0.0,0.0,0.0,0,0.78515625,6,45,05:56,20:31,2025-07-11 04:43:11.181060,Castel Volturno,41.7,3.161691,4.8585625,1.676857,4.2018857,73.8,2.5211315,4.0809994,1.4428571,2.5238094,74.8,2.6476395,2.7947617,3.0702057,2.2001433,50.0,2.7428572,1.5142857,56.5
2025-07-11T04:43:21Z,0,29.857,78.2,41,70.0,2,3,76,50,0.0,255,32767,0.0,2127-15-31,0.0,0.12,27.44,0.0,0.0,0.0,0,0.78515625,6,45,05:56,20:31,2025-07-11 04:43:21.735043,Castel Volturno,41.7,3.161691,4.8585625,1.676857,4.2018857,73.8,2.5211315,4.0809994,1.4428571,2.5238094,74.8,2.6476395,2.7947617,3.0702057,2.2001433,50.0,2.7428572,1.5142857,56.5
2025-07-11T04:43:32Z,0,29.857,78.2,41,70.0,3,3,81,50,0.0,255,32767,0.0,2127-15-31,0.0,0.12,27.44,0.0,0.0,0.0,0,0.78515625,6,45,05:56,20:31,2025-07-11 04:43:32.289050,Castel Volturno,41.7,3.161691,4.8585625,1.676857,4.2018857,73.8,2.5211315,4.0809994,1.4428571,2.5238094,74.8,2.6476395,2.7947617,3.0702057,2.2001433,50.0,2.7428572,1.5142857,56.5
2025-07-11T04:43:43Z,0,29.857,78.2,41,70.0,2,3,84,50,0.0,255,32767,0.0,2127-15-31,0.0,0.12,27.44,0.0,0.0,0.0,0,0.78515625,6,45,05:56,20:31,2025-07-11 04:43:42.842044,Castel Volturno,41.7,3.161691,4.8585625,1.676857,4.2018857,73.8,2.5211315,4.0809994,1.4428571,2.5238094,74.8,2.6476395,2.7947617,3.0702057,2.2001433,50.0,2.7428572,1.5142857,56.5
2025-07-11T04:43:53Z,0,29.858,78.2,41,69.9,2,3,81,50,0.0,255,32767,0.0,2127-15-31,0.0,0.12,27.44,0.0,0.0,0.0,0,0.8203125,6,45,05:56,20:31,2025-07-11 04:43:53.397048,Castel Volturno,41.7,3.161691,4.8585625,1.676857,4.2018857,73.8,2.5211315,4.0809994,1.4428571,2.5238094,74.8,2.6476395,2.7947617,3.0702057,2.2001433,50.0,2.7428572,1.5142857,56.5
2025-07-11T04:44:04Z,0,29.858,78.2,41,70.0,2,3,78,50,0.0,255,32767,0.0,2127-15-31,0.0,0.12,27.44,0.0,0.0,0.0,0,0.8203125,6,45,05:56,20:31,2025-07-11 04:44:03.951044,Castel Volturno,41.7,3.161691,4.8585625,1.676857,4.2018857,73.8,2.5211315,4.0809994,1.4428571,2.5238094,74.8,2.6476395,2.7947617,3.0702057,2.2001433,50.0,2.7428572,1.5142857,56.5
2025-07-11T04:44:14Z,0,29.858,78.2,41,70.0,1,3,88,50,0.0,255,32767,0.0,2127-15-31,0.0,0.12,27.44,0.0,0.0,0.0,0,0.8203125,6,45,05:56,20:31,2025-07-11 04:44:14.507059,Castel Volturno,41.7,3.161691,4.8585625,1.676857,4.2018857,73.8,2.5211315,4.0809994,1.4428571,2.5238094,74.8,2.6476395,2.7947617,3.0702057,2.2001433,50.0,2.7428572,1.5142857,56.5
2025-07-11T04:44:25Z,0,29.858,78.2,41,70.0,1,3,86,50,0.0,255,32767,0.0,2127-15-31,0.0,0.12,27.44,0.0,0.0,0.0,0,0.8203125,6,45,05:56,20:31,2025-07-11 04:44:25.061008,Castel Volturno,41.7,3.161691,4.8585625,1.676857,4.2018857,73.8,2.5211315,4.0809994,1.4428571,2.5238094,74.8,2.6476395,2.7947617,3.0702057,2.2001433,50.0,2.7428572,1.5142857,56.5
2025-07-11T04:44:35Z,0,29.858,78.2,41,70.0,1,3,94,51,0.0,255,32767,0.0,2127-15-31,0.0,0.12,27.44,0.0,0.0,0.0,0,0.8203125,6,45,05:56,20:31,2025-07-11 04:44:35.615044,Castel Volturno,41.7,3.161691,4.8585625,1.676857,4.2018857,73.8,2.5211315,4.0809994,1.4428571,2.5238094,74.8,2.6476395,2.7947617,3.0702057,2.2001433,50.0,2.7428572,1.5142857,56.5
2025-07-11T04:44:46Z,0,29.858,78.2,41,70.0,1,3,82,51,0.0,255,32767,0.0,2127-15-31,0.0,0.12,27.44,0.0,0.0,0.0,0,0.8203125,6,45,05:56,20:31,2025-07-11 04:44:46.169046,Castel Volturno,41.7,3.161691,4.8585625,1.676857,4.2018857,73.8,2.5211315,4.0809994,1.4428571,2.5238094,74.8,2.6476395,2.7947617,3.0702057,2.2001433,50.0,2.7428572,1.5142857,56.5
2025-07-11T04:44:56Z,0,29.858,78.2,41,70.0,1,2,57,51,0.0,255,32767,0.0,2127-15-31,0.0,0.12,27.44,0.0,0.0,0.0,0,1.0546875,6,45,05:56,20:31,2025-07-11 04:44:56.723045,Castel Volturno,41.7,3.161691,4.8585625,1.676857,4.2018857,73.8,2.5211315,4.0809994,1.4428571,2.5238094,74.8,2.6476395,2.7947617,3.0702057,2.2001433,50.0,2.7428572,1.5142857,56.5
2025-07-11T04:45:08Z,0,29.858,78.2,41,70.0,1,2,67,51,0.0,255,32767,0.0,2127-15-31,0.0,0.12,27.44,0.0,0.0,0.0,0,1.0546875,6,45,05:56,20:31,2025-07-11 04:45:07.815048,Castel Volturno,41.7,3.161691,4.8585625,1.676857,4.2018857,73.8,2.5211315,4.0809994,1.4428571,2.5238094,74.8,2.6476395,2.7947617,3.0702057,2.2001433,50.0,2.7428572,1.5142857,56.5
2025-07-11T04:45:18Z,0,29.858,78.2,41,70.0,3,2,98,51,0.0,255,32767,0.0,2127-15-31,0.0,0.12,27.44,0.0,0.0,0.0,0,1.0546875,6,45,05:56,20:31,2025-07-11 04:45:18.362041,Castel Volturno,41.7,3.161691,4.8585625,1.676857,4.2018857,73.8,2.5211315,4.0809994,1.4428571,2.5238094,74.8,2.6476395,2.7947617,3.0702057,2.2001433,50.0,2.7428572,1.5142857,56.5
2025-07-11T04:45:29Z,0,29.858,78.2,41,70.0,2,2,88,51,0.0,255,32767,0.0,2127-15-31,0.0,0.12,27.44,0.0,0.0,0.0,0,1.0546875,6,45,05:56,20:31,2025-07-11 04:45:28.916050,Castel Volturno,41.7,3.161691,4.8585625,1.676857,4.2018857,73.8,2.5211315,4.0809994,1.4428571,2.5238094,74.8,2.6476395,2.7947617,3.0702057,2.2001433,50.0,2.7428572,1.5142857,56.5
2025-07-11T04:45:39Z,0,29.858,78.2,41,70.0,2,2,71,51,0.0,255,32767,0.0,2127-15-31,0.0,0.12,27.44,0.0,0.0,0.0,0,1.0546875,6,45,05:56,20:31,2025-07-11 04:45:39.471044,Castel Volturno,41.7,3.161691,4.8585625,1.676857,4.2018857,73.8,2.5211315,4.0809994,1.4428571,2.5238094,74.8,2.6476395,2.7947617,3.0702057,2.2001433,50.0,2.7428572,1.5142857,56.5
2025-07-11T04:45:50Z,0,29.858,78.2,41,70.0,1,2,82,51,0.0,255,32767,0.0,2127-15-31,0.0,0.12,27.44,0.0,0.0,0.0,0,1.0546875,6,45,05:56,20:31,2025-07-11 04:45:50.025047,Castel Volturno,41.7,3.161691,4.8585625,1.676857,4.2018857,73.8,2.5211315,4.0809994,1.4428571,2.5238094,74.8,2.6476395,2.7947617,3.0702057,2.2001433,50.0,2.7428572,1.5142857,56.5
2025-07-11T04:46:00Z,0,29.858,78.3,41,70.0,0,2,82,51,0.0,255,32767,0.0,2127-15-31,0.0,0.12,27.44,0.0,0.0,0.0,0,2.35546875,6,45,05:56,20:31,2025-07-11 04:46:00.579090,Castel Volturno,41.7,3.161691,4.8585625,1.676857,4.2018857,73.8,2.5211315,4.0809994,1.4428571,2.5238094,74.8,2.6476395,2.7947617,3.0702057,2.2001433,50.0,2.7428572,1.5142857,56.5
2025-07-11T04:46:11Z,0,29.858,78.3,41,70.0,1,2,82,51,0.0,255,32767,0.0,2127-15-31,0.0,0.12,27.44,0.0,0.0,0.0,0,2.35546875,6,45,05:56,20:31,2025-07-11 04:46:11.133049,Castel Volturno,41.7,3.161691,4.8585625,1.676857,4.2018857,73.8,2.5211315,4.0809994,1.4428571,2.5238094,74.8,2.6476395,2.7947617,3.0702057,2.2001433,50.0,2.7428572,1.5142857,56.5
2025-07-11T04:46:21Z,0,29.858,78.3,41,70.0,1,2,82,51,0.0,255,32767,0.0,2127-15-31,0.0,0.12,27.44,0.0,0.0,0.0,0,2.35546875,6,45,05:56,20:31,2025-07-11 04:46:21.688042,Castel Volturno,41.7,3.161691,4.8585625,1.676857,4.2018857,73.8,2.5211315,4.0809994,1.4428571,2.5238094,74.8,2.6476395,2.7947617,3.0702057,2.2001433,50.0,2.7428572,1.5142857,56.5
2025-07-11T04:46:32Z,0,29.858,78.3,41,70.0,2,2,88,51,0.0,255,32767,0.0,2127-15-31,0.0,0.12,27.44,0.0,0.0,0.0,0,2.35546875,6,45,05:56,20:31,2025-07-11 04:46:32.242061,Castel Volturno,41.7,3.161691,4.8585625,1.676857,4.2018857,73.8,2.5211315,4.0809994,1.4428571,2.5238094,74.8,2.6476395,2.7947617,3.0702057,2.2001433,50.0,2.7428572,1.5142857,56.5
2025-07-11T04:46:42Z,0,29.858,78.3,41,70.0,2,2,73,51,0.0,255,32767,0.0,2127-15-31,0.0,0.12,27.44,0.0,0.0,0.0,0,2.35546875,6,45,05:56,20:31,2025-07-11 04:46:42.797006,Castel Volturno,41.7,3.161691,4.8585625,1.676857,4.2018857,73.8,2.5211315,4.0809994,1.4428571,2.5238094,74.8,2.6476395,2.7947617,3.0702057,2.2001433,50.0,2.7428572,1.5142857,56.5
2025-07-11T04:46:53Z,0,29.857,78.3,41,70.0,1,2,88,51,0.0,255,32767,0.0,2127-15-31,0.0,0.12,27.44,0.0,0.0,0.0,0,0.767578125,6,45,05:56,20:31,2025-07-11 04:46:53.350051,Castel Volturno,41.7,3.161691,4.8585625,1.676857,4.2018857,73.8,2.5211315,4.0809994,1.4428571,2.5238094,74.8,2.6476395,2.7947617,3.0702057,2.2001433,50.0,2.7428572,1.5142857,56.5
2025-07-11T04:47:04Z,0,29.857,78.3,41,70.0,3,2,95,51,0.0,255,32767,0.0,2127-15-31,0.0,0.12,27.44,0.0,0.0,0.0,0,0.767578125,6,45,05:56,20:31,2025-07-11 04:47:03.904052,Castel Volturno,41.7,3.161691,4.8585625,1.676857,4.2018857,73.8,2.5211315,4.0809994,1.4428571,2.5238094,74.8,2.6476395,2.7947617,3.0702057,2.2001433,50.0,2.7428572,1.5142857,56.5
2025-07-11T04:47:14Z,0,29.857,78.3,41,70.0,2,2,73,51,0.0,255,32767,0.0,2127-15-31,0.0,0.12,27.44,0.0,0.0,0.0,0,0.767578125,6,45,05:56,20:31,2025-07-11 04:47:14.458049,Castel Volturno,41.7,3.161691,4.8585625,1.676857,4.2018857,73.8,2.5211315,4.0809994,1.4428571,2.5238094,74.8,2.6476395,2.7947617,3.0702057,2.2001433,50.0,2.7428572,1.5142857,56.5
2025-07-11T04:47:25Z,0,29.857,78.3,41,70.0,2,2,71,51,0.0,255,32767,0.0,2127-15-31,0.0,0.12,27.44,0.0,0.0,0.0,0,0.767578125,6,45,05:56,20:31,2025-07-11 04:47:25.012040,Castel Volturno,41.7,3.161691,4.8585625,1.676857,4.2018857,73.8,2.5211315,4.0809994,1.4428571,2.5238094,74.8,2.6476395,2.7947617,3.0702057,2.2001433,50.0,2.7428572,1.5142857,56.5
2025-07-11T04:47:35Z,0,29.857,78.3,41,69.9,1,2,71,51,0.0,255,32767,0.0,2127-15-31,0.0,0.12,27.44,0.0,0.0,0.0,0,0.767578125,6,45,05:56,20:31,2025-07-11 04:47:35.545914,Castel Volturno,41.7,3.161691,4.8585625,1.676857,4.2018857,73.8,2.5211315,4.0809994,1.4428571,2.5238094,74.8,2.6476395,2.7947617,3.0702057,2.2001433,50.0,2.7428572,1.5142857,56.5
2025-07-11T04:47:46Z,0,29.857,78.3,41,70.0,2,2,84,51,0.0,255,32767,0.0,2127-15-31,0.0,0.12,27.44,0.0,0.0,0.0,0,0.767578125,6,45,05:56,20:31,2025-07-11 04:47:46.139040,Castel Volturno,41.7,3.161691,4.8585625,1.676857,4.2018857,73.8,2.5211315,4.0809994,1.4428571,2.5238094,74.8,2.6476395,2.7947617,3.0702057,2.2001433,50.0,2.7428572,1.5142857,56.5
2025-07-11T04:47:56Z,0,29.859,78.4,41,70.0,3,2,78,51,0.0,255,32767,0.0,2127-15-31,0.0,0.12,27.44,0.0,0.0,0.0,0,0.80859375,6,45,05:56,20:31,2025-07-11 04:47:56.694057,Castel Volturno,41.7,3.161691,4.8585625,1.676857,4.2018857,73.8,2.5211315,4.0809994,1.4428571,2.5238094,74.8,2.6476395,2.7947617,3.0702057,2.2001433,50.0,2.7428572,1.5142857,56.5
2025-07-11T04:48:07Z,0,29.859,78.4,41,70.0,3,2,55,51,0.0,255,32767,0.0,2127-15-31,0.0,0.12,27.44,0.0,0.0,0.0,0,0.80859375,6,45,05:56,20:31,2025-07-11 04:48:07.248046,Castel Volturno,41.7,3.161691,4.8585625,1.676857,4.2018857,73.8,2.5211315,4.0809994,1.4428571,2.5238094,74.8,2.6476395,2.7947617,3.0702057,2.2001433,50.0,2.7428572,1.5142857,56.5
2025-07-11T04:48:18Z,0,29.859,78.4,41,70.0,3,2,83,51,0.0,255,32767,0.0,2127-15-31,0.0,0.12,27.44,0.0,0.0,0.0,0,0.80859375,6,45,05:56,20:31,2025-07-11 04:48:17.833044,Castel Volturno,41.7,3.161691,4.8585625,1.676857,4.2018857,73.8,2.5211315,4.0809994,1.4428571,2.5238094,74.8,2.6476395,2.7947617,3.0702057,2.2001433,50.0,2.7428572,1.5142857,56.5
2025-07-11T04:48:28Z,0,29.859,78.4,41,70.0,1,2,78,51,0.0,255,32767,0.0,2127-15-31,0.0,0.12,27.44,0.0,0.0,0.0,0,0.80859375,6,45,05:56,20:31,2025-07-11 04:48:28.387043,Castel Volturno,41.7,3.161691,4.8585625,1.676857,4.2018857,73.8,2.5211315,4.0809994,1.4428571,2.5238094,74.8,2.6476395,2.7947617,3.0702057,2.2001433,50.0,2.7428572,1.5142857,56.5
2025-07-11T04:48:39Z,0,29.859,78.4,41,70.0,3,2,89,51,0.0,255,32767,0.0,2127-15-31,0.0,0.12,27.44,0.0,0.0,0.0,0,0.80859375,6,45,05:56,20:31,2025-07-11 04:48:38.941056,Castel Volturno,41.7,3.161691,4.8585625,1.676857,4.2018857,73.8,2.5211315,4.0809994,1.4428571,2.5238094,74.8,2.6476395,2.7947617,3.0702057,2.2001433,50.0,2.7428572,1.5142857,56.5
2025-07-11T04:48:49Z,0,29.859,78.4,41,70.0,2,2,98,51,0.0,255,32767,0.0,2127-15-31,0.0,0.12,27.44,0.0,0.0,0.0,0,0.80859375,6,45,05:56,20:31,2025-07-11 04:48:49.495047,Castel Volturno,41.7,3.161691,4.8585625,1.676857,4.2018857,73.8,2.5211315,4.0809994,1.4428571,2.5238094,74.8,2.6476395,2.7947617,3.0702057,2.2001433,50.0,2.7428572,1.5142857,56.5
2025-07-11T04:49:00Z,0,29.861,78.4,41,70.0,2,2,49,51,0.0,255,32767,0.0,2127-15-31,0.0,0.12,27.44,0.0,0.0,0.0,0,0.7734375,6,45,05:56,20:31,2025-07-11 04:49:00.049050,Castel Volturno,41.7,3.161691,4.8585625,1.676857,4.2018857,73.8,2.5211315,4.0809994,1.4428571,2.5238094,74.8,2.6476395,2.7947617,3.0702057,2.2001433,50.0,2.7428572,1.5142857,56.5
2025-07-11T04:49:10Z,0,29.861,78.4,41,70.0,2,2,75,51,0.0,255,32767,0.0,2127-15-31,0.0,0.12,27.44,0.0,0.0,0.0,0,0.7734375,6,45,05:56,20:31,2025-07-11 04:49:10.605046,Castel Volturno,41.7,3.161691,4.8585625,1.676857,4.2018857,73.8,2.5211315,4.0809994,1.4428571,2.5238094,74.8,2.6476395,2.7947617,3.0702057,2.2001433,50.0,2.7428572,1.5142857,56.5
2025-07-11T04:49:21Z,0,29.861,78.4,41,70.0,3,2,89,51,0.0,255,32767,0.0,2127-15-31,0.0,0.12,27.44,0.0,0.0,0.0,0,0.7734375,6,45,05:56,20:31,2025-07-11 04:49:21.160049,Castel Volturno,41.7,3.161691,4.8585625,1.676857,4.2018857,73.8,2.5211315,4.0809994,1.4428571,2.5238094,74.8,2.6476395,2.7947617,3.0702057,2.2001433,50.0,2.7428572,1.5142857,56.5
2025-07-11T04:49:31Z,0,29.861,78.4,41,70.0,2,2,103,51,0.0,255,32767,0.0,2127-15-31,0.0,0.12,27.44,0.0,0.0,0.0,0,0.7734375,6,45,05:56,20:31,2025-07-11 04:49:31.714047,Castel Volturno,41.7,3.161691,4.8585625,1.676857,4.2018857,73.8,2.5211315,4.0809994,1.4428571,2.5238094,74.8,2.6476395,2.7947617,3.0702057,2.2001433,50.0,2.7428572,1.5142857,56.5
2025-07-11T04:49:42Z,0,29.861,78.4,41,70.0,2,2,88,51,0.0,255,32767,0.0,2127-15-31,0.0,0.12,27.44,0.0,0.0,0.0,0,0.7734375,6,45,05:56,20:31,2025-07-11 04:49:42.268046,Castel Volturno,41.7,3.161691,4.8585625,1.676857,4.2018857,73.8,2.5211315,4.0809994,1.4428571,2.5238094,74.8,2.6476395,2.7947617,3.0702057,2.2001433,50.0,2.7428572,1.5142857,56.5
2025-07-11T04:49:53Z,0,29.859,78.4,42,69.9,3,2,69,51,0.0,255,32767,0.0,2127-15-31,0.0,0.12,27.44,0.0,0.0,0.0,0,0.779296875,6,45,05:56,20:31,2025-07-11 04:49:52.823045,Castel Volturno,41.7,3.161691,4.8585625,1.676857,4.2018857,73.8,2.5211315,4.0809994,1.4428571,2.5238094,74.8,2.6476395,2.7947617,3.0702057,2.2001433,50.0,2.7428572,1.5142857,56.5
2025-07-11T04:50:03Z,0,29.859,78.4,42,70.0,3,2,63,51,0.0,255,32767,0.0,2127-15-31,0.0,0.12,27.44,0.0,0.0,0.0,0,0.779296875,6,45,05:56,20:31,2025-07-11 04:50:03.376050,Castel Volturno,43.1,2.792851,4.7845373,1.9130642,4.1265574,73.5,2.4759345,4.020461,2.826087,5.169082,74.3,2.3069024,3.1884403,3.0196128,2.4454262,50.5,4.2028985,3.1014493,56.8
2025-07-11T04:50:14Z,0,29.859,78.4,42,69.9,2,2,67,51,0.0,255,32767,0.0,2127-15-31,0.0,0.12,27.44,0.0,0.0,0.0,0,0.779296875,6,45,05:56,20:31,2025-07-11 04:50:14.468049,Castel Volturno,43.1,2.792851,4.7845373,1.9130642,4.1265574,73.5,2.4759345,4.020461,2.826087,5.169082,74.3,2.3069024,3.1884403,3.0196128,2.4454262,50.5,4.2028985,3.1014493,56.8
2025-07-11T04:50:25Z,0,29.859,78.4,42,69.9,2,2,83,51,0.0,255,32767,0.0,2127-15-31,0.0,0.12,27.44,0.0,0.0,0.0,0,0.779296875,6,45,05:56,20:31,2025-07-11 04:50:25.022041,Castel Volturno,43.1,2.792851,4.7845373,1.9130642,4.1265574,73.5,2.4759345,4.020461,2.826087,5.169082,74.3,2.3069024,3.1884403,3.0196128,2.4454262,50.5,4.2028985,3.1014493,56.8
2025-07-11T04:50:35Z,0,29.859,78.4,42,70.0,2,2,82,51,0.0,255,32767,0.0,2127-15-31,0.0,0.12,27.44,0.0,0.0,0.0,0,0.779296875,6,45,05:56,20:31,2025-07-11 04:50:35.576047,Castel Volturno,43.1,2.792851,4.7845373,1.9130642,4.1265574,73.5,2.4759345,4.020461,2.826087,5.169082,74.3,2.3069024,3.1884403,3.0196128,2.4454262,50.5,4.2028985,3.1014493,56.8
2025-07-11T04:50:46Z,0,29.859,78.4,42,70.0,2,2,81,51,0.0,255,32767,0.0,2127-15-31,0.0,0.12,27.44,0.0,0.0,0.0,0,0.779296875,6,45,05:56,20:31,2025-07-11 04:50:46.129003,Castel Volturno,43.1,2.792851,4.7845373,1.9130642,4.1265574,73.5,2.4759345,4.020461,2.826087,5.169082,74.3,2.3069024,3.1884403,3.0196128,2.4454262,50.5,4.2028985,3.1014493,56.8
2025-07-11T04:50:56Z,0,29.86,78.5,42,70.0,4,2,76,51,0.0,255,32767,0.0,2127-15-31,0.0,0.12,27.44,0.0,0.0,0.0,0,0.814453125,6,45,05:56,20:31,2025-07-11 04:50:56.683017,Castel Volturno,43.1,2.792851,4.7845373,1.9130642,4.1265574,73.5,2.4759345,4.020461,2.826087,5.169082,74.3,2.3069024,3.1884403,3.0196128,2.4454262,50.5,4.2028985,3.1014493,56.8
2025-07-11T04:51:07Z,0,29.86,78.5,42,70.0,2,2,65,51,0.0,255,32767,0.0,2127-15-31,0.0,0.12,27.44,0.0,0.0,0.0,0,0.814453125,6,45,05:56,20:31,2025-07-11 04:51:07.237053,Castel Volturno,43.1,2.792851,4.7845373,1.9130642,4.1265574,73.5,2.4759345,4.020461,2.826087,5.169082,74.3,2.3069024,3.1884403,3.0196128,2.4454262,50.5,4.2028985,3.1014493,56.8
2025-07-11T04:51:17Z,0,29.86,78.5,42,70.0,2,2,88,51,0.0,255,32767,0.0,2127-15-31,0.0,0.12,27.44,0.0,0.0,0.0,0,0.814453125,6,45,05:56,20:31,2025-07-11 04:51:17.792047,Castel Volturno,43.1,2.792851,4.7845373,1.9130642,4.1265574,73.5,2.4759345,4.020461,2.826087,5.169082,74.3,2.3069024,3.1884403,3.0196128,2.4454262,50.5,4.2028985,3.1014493,56.8
2025-07-11T04:51:28Z,0,29.86,78.5,42,70.0,3,2,78,51,0.0,255,32767,0.0,2127-15-31,0.0,0.12,27.44,0.0,0.0,0.0,0,0.814453125,6,45,05:56,20:31,2025-07-11 04:51:28.346045,Castel Volturno,43.1,2.792851,4.7845373,1.9130642,4.1265574,73.5,2.4759345,4.020461,2.826087,5.169082,74.3,2.3069024,3.1884403,3.0196128,2.4454262,50.5,4.2028985,3.1014493,56.8
2025-07-11T04:51:39Z,0,29.86,78.5,42,70.0,1,2,84,51,0.0,255,32767,0.0,2127-15-31,0.0,0.12,27.44,0.0,0.0,0.0,0,0.814453125,6,45,05:56,20:31,2025-07-11 04:51:38.900059,Castel Volturno,43.1,2.792851,4.7845373,1.9130642,4.1265574,73.5,2.4759345,4.020461,2.826087,5.169082,74.3,2.3069024,3.1884403,3.0196128,2.4454262,50.5,4.2028985,3.1014493,56.8
2025-07-11T04:51:49Z,0,29.86,78.5,42,69.9,2,2,81,51,0.0,255,32767,0.0,2127-15-31,0.0,0.12,27.44,0.0,0.0,0.0,0,0.814453125,6,45,05:56,20:31,2025-07-11 04:51:49.454048,Castel Volturno,43.1,2.792851,4.7845373,1.9130642,4.1265574,73.5,2.4759345,4.020461,2.826087,5.169082,74.3,2.3069024,3.1884403,3.0196128,2.4454262,50.5,4.2028985,3.1014493,56.8
2025-07-11T04:52:00Z,0,29.861,78.6,42,69.9,3,2,66,51,0.0,255,32767,0.0,2127-15-31,0.0,0.12,27.44,0.0,0.0,0.0,0,1.03125,6,45,05:56,20:31,2025-07-11 04:52:00.008015,Castel Volturno,43.1,2.792851,4.7845373,1.9130642,4.1265574,73.5,2.4759345,4.020461,2.826087,5.169082,74.3,2.3069024,3.1884403,3.0196128,2.4454262,50.5,4.2028985,3.1014493,56.8
2025-07-11T04:52:10Z,0,29.861,78.6,42,69.9,2,2,88,51,0.0,255,32767,0.0,2127-15-31,0.0,0.12,27.44,0.0,0.0,0.0,0,1.03125,6,45,05:56,20:31,2025-07-11 04:52:10.562042,Castel Volturno,43.1,2.792851,4.7845373,1.9130642,4.1265574,73.5,2.4759345,4.020461,2.826087,5.169082,74.3,2.3069024,3.1884403,3.0196128,2.4454262,50.5,4.2028985,3.1014493,56.8
2025-07-11T04:52:21Z,0,29.861,78.6,42,70.0,2,2,78,51,0.0,255,32767,0.0,2127-15-31,0.0,0.12,27.44,0.0,0.0,0.0,0,1.03125,6,45,05:56,20:31,2025-07-11 04:52:21.116042,Castel Volturno,43.1,2.792851,4.7845373,1.9130642,4.1265574,73.5,2.4759345,4.020461,2.826087,5.169082,74.3,2.3069024,3.1884403,3.0196128,2.4454262,50.5,4.2028985,3.1014493,56.8
2025-07-11T04:52:31Z,0,29.861,78.6,42,70.0,3,2,51,51,0.0,255,32767,0.0,2127-15-31,0.0,0.12,27.44,0.0,0.0,0.0,0,1.03125,6,45,05:56,20:31,2025-07-11 04:52:31.670052,Castel Volturno,43.1,2.792851,4.7845373,1.9130642,4.1265574,73.5,2.4759345,4.020461,2.826087,5.169082,74.3,2.3069024,3.1884403,3.0196128,2.4454262,50.5,4.2028985,3.1014493,56.8
2025-07-11T04:52:42Z,0,29.861,78.6,42,70.0,3,2,65,51,0.0,255,32767,0.0,2127-15-31,0.0,0.12,27.44,0.0,0.0,0.0,0,1.03125,6,45,05:56,20:31,2025-07-11 04:52:42.224052,Castel Volturno,43.1,2.792851,4.7845373,1.9130642,4.1265574,73.5,2.4759345,4.020461,2.826087,5.169082,74.3,2.3069024,3.1884403,3.0196128,2.4454262,50.5,4.2028985,3.1014493,56.8
2025-07-11T04:52:52Z,0,29.859,78.6,41,70.0,2,2,54,51,0.0,255,32767,0.0,2127-15-31,0.0,0.12,27.44,0.0,0.0,0.0,0,2.068359375,6,45,05:56,20:31,2025-07-11 04:52:52.779048,Castel Volturno,43.1,2.792851,4.7845373,1.9130642,4.1265574,73.5,2.4759345,4.020461,2.826087,5.169082,74.3,2.3069024,3.1884403,3.0196128,2.4454262,50.5,4.2028985,3.1014493,56.8
2025-07-11T04:53:03Z,0,29.859,78.6,41,69.9,0,2,54,51,0.0,255,32767,0.0,2127-15-31,0.0,0.12,27.44,0.0,0.0,0.0,0,2.068359375,6,45,05:56,20:31,2025-07-11 04:53:03.333049,Castel Volturno,43.1,2.792851,4.7845373,1.9130642,4.1265574,73.5,2.4759345,4.020461,2.826087,5.169082,74.3,2.3069024,3.1884403,3.0196128,2.4454262,50.5,4.2028985,3.1014493,56.8
2025-07-11T04:53:14Z,0,29.859,78.6,41,69.9,0,2,57,51,0.0,255,32767,0.0,2127-15-31,0.0,0.12,27.44,0.0,0.0,0.0,0,2.068359375,6,45,05:56,20:31,2025-07-11 04:53:13.885041,Castel Volturno,43.1,2.792851,4.7845373,1.9130642,4.1265574,73.5,2.4759345,4.020461,2.826087,5.169082,74.3,2.3069024,3.1884403,3.0196128,2.4454262,50.5,4.2028985,3.1014493,56.8
2025-07-11T04:53:24Z,0,29.859,78.6,41,69.9,3,2,63,51,0.0,255,32767,0.0,2127-15-31,0.0,0.12,27.44,0.0,0.0,0.0,0,2.068359375,6,45,05:56,20:31,2025-07-11 04:53:24.439050,Castel Volturno,43.1,2.792851,4.7845373,1.9130642,4.1265574,73.5,2.4759345,4.020461,2.826087,5.169082,74.3,2.3069024,3.1884403,3.0196128,2.4454262,50.5,4.2028985,3.1014493,56.8
2025-07-11T04:53:35Z,0,29.859,78.6,41,69.9,4,2,77,51,0.0,255,32767,0.0,2127-15-31,0.0,0.12,27.44,0.0,0.0,0.0,0,2.068359375,6,45,05:56,20:31,2025-07-11 04:53:34.989047,Castel Volturno,43.1,2.792851,4.7845373,1.9130642,4.1265574,73.5,2.4759345,4.020461,2.826087,5.169082,74.3,2.3069024,3.1884403,3.0196128,2.4454262,50.5,4.2028985,3.1014493,56.8
2025-07-11T04:53:45Z,0,29.859,78.6,41,69.9,3,2,76,51,0.0,255,32767,0.0,2127-15-31,0.0,0.12,27.44,0.0,0.0,0.0,0,2.068359375,6,45,05:56,20:31,2025-07-11 04:53:45.543049,Castel Volturno,43.1,2.792851,4.7845373,1.9130642,4.1265574,73.5,2.4759345,4.020461,2.826087,5.169082,74.3,2.3069024,3.1884403,3.0196128,2.4454262,50.5,4.2028985,3.1014493,56.8
2025-07-11T04:53:56Z,0,29.86,78.6,42,70.0,1,2,90,51,0.0,255,32767,0.0,2127-15-31,0.0,0.12,27.44,0.0,0.0,0.0,0,0.779296875,6,45,05:56,20:31,2025-07-11 04:53:56.097063,Castel Volturno,43.1,2.792851,4.7845373,1.9130642,4.1265574,73.5,2.4759345,4.020461,2.826087,5.169082,74.3,2.3069024,3.1884403,3.0196128,2.4454262,50.5,4.2028985,3.1014493,56.8
2025-07-11T04:54:06Z,0,29.86,78.6,42,70.0,1,2,90,51,0.0,255,32767,0.0,2127-15-31,0.0,0.12,27.44,0.0,0.0,0.0,0,0.779296875,6,45,05:56,20:31,2025-07-11 04:54:06.639046,Castel Volturno,43.1,2.792851,4.7845373,1.9130642,4.1265574,73.5,2.4759345,4.020461,2.826087,5.169082,74.3,2.3069024,3.1884403,3.0196128,2.4454262,50.5,4.2028985,3.1014493,56.8
2025-07-11T04:54:17Z,0,29.86,78.6,42,70.0,1,2,91,51,0.0,255,32767,0.0,2127-15-31,0.0,0.12,27.44,0.0,0.0,0.0,0,0.779296875,6,45,05:56,20:31,2025-07-11 04:54:17.209047,Castel Volturno,43.1,2.792851,4.7845373,1.9130642,4.1265574,73.5,2.4759345,4.020461,2.826087,5.169082,74.3,2.3069024,3.1884403,3.0196128,2.4454262,50.5,4.2028985,3.1014493,56.8
2025-07-11T04:54:27Z,0,29.86,78.6,42,70.0,2,2,76,51,0.0,255,32767,0.0,2127-15-31,0.0,0.12,27.44,0.0,0.0,0.0,0,0.779296875,6,45,05:56,20:31,2025-07-11 04:54:27.763045,Castel Volturno,43.1,2.792851,4.7845373,1.9130642,4.1265574,73.5,2.4759345,4.020461,2.826087,5.169082,74.3,2.3069024,3.1884403,3.0196128,2.4454262,50.5,4.2028985,3.1014493,56.8
2025-07-11T04:54:38Z,0,29.86,78.6,42,70.0,2,2,82,51,0.0,255,32767,0.0,2127-15-31,0.0,0.12,27.44,0.0,0.0,0.0,0,0.779296875,6,45,05:56,20:31,2025-07-11 04:54:38.318042,Castel Volturno,43.1,2.792851,4.7845373,1.9130642,4.1265574,73.5,2.4759345,4.020461,2.826087,5.169082,74.3,2.3069024,3.1884403,3.0196128,2.4454262,50.5,4.2028985,3.1014493,56.8
2025-07-11T04:54:49Z,0,29.86,78.6,42,70.0,1,2,83,51,0.0,255,32767,0.0,2127-15-31,0.0,0.12,27.44,0.0,0.0,0.0,0,0.779296875,6,45,05:56,20:31,2025-07-11 04:54:48.872041,Castel Volturno,43.1,2.792851,4.7845373,1.9130642,4.1265574,73.5,2.4759345,4.020461,2.826087,5.169082,74.3,2.3069024,3.1884403,3.0196128,2.4454262,50.5,4.2028985,3.1014493,56.8
2025-07-11T04:54:59Z,0,29.859,78.6,42,70.0,3,2,78,51,0.0,255,32767,0.0,2127-15-31,0.0,0.12,27.44,0.0,0.0,0.0,0,0.78515625,6,45,05:56,20:31,2025-07-11 04:54:59.426048,Castel Volturno,43.1,2.792851,4.7845373,1.9130642,4.1265574,73.5,2.4759345,4.020461,2.826087,5.169082,74.3,2.3069024,3.1884403,3.0196128,2.4454262,50.5,4.2028985,3.1014493,56.8
2025-07-11T04:55:10Z,0,29.859,78.6,42,70.0,6,2,70,51,0.0,255,32767,0.0,2127-15-31,0.0,0.12,27.44,0.0,0.0,0.0,0,0.78515625,6,45,05:56,20:31,2025-07-11 04:55:10.014048,Castel Volturno,43.1,2.792851,4.7845373,1.9130642,4.1265574,73.5,2.4759345,4.020461,2.826087,5.169082,74.3,2.3069024,3.1884403,3.0196128,2.4454262,50.5,4.2028985,3.1014493,56.8
2025-07-11T04:55:21Z,0,29.859,78.6,42,70.0,3,2,63,51,0.0,255,32767,0.0,2127-15-31,0.0,0.12,27.44,0.0,0.0,0.0,0,0.78515625,6,45,05:56,20:31,2025-07-11 04:55:21.097045,Castel Volturno,43.1,2.792851,4.7845373,1.9130642,4.1265574,73.5,2.4759345,4.020461,2.826087,5.169082,74.3,2.3069024,3.1884403,3.0196128,2.4454262,50.5,4.2028985,3.1014493,56.8
2025-07-11T04:55:31Z,0,29.859,78.6,42,70.0,2,2,73,51,0.0,255,32767,0.0,2127-15-31,0.0,0.12,27.44,0.0,0.0,0.0,0,0.78515625,6,45,05:56,20:31,2025-07-11 04:55:31.650050,Castel Volturno,43.1,2.792851,4.7845373,1.9130642,4.1265574,73.5,2.4759345,4.020461,2.826087,5.169082,74.3,2.3069024,3.1884403,3.0196128,2.4454262,50.5,4.2028985,3.1014493,56.8
2025-07-11T04:55:42Z,0,29.859,78.6,42,70.1,3,2,78,51,0.0,255,32767,0.0,2127-15-31,0.0,0.12,27.44,0.0,0.0,0.0,0,0.78515625,6,45,05:56,20:31,2025-07-11 04:55:42.204051,Castel Volturno,43.1,2.792851,4.7845373,1.9130642,4.1265574,73.5,2.4759345,4.020461,2.826087,5.169082,74.3,2.3069024,3.1884403,3.0196128,2.4454262,50.5,4.2028985,3.1014493,56.8
2025-07-11T04:55:52Z,0,29.86,78.7,42,70.0,3,2,70,51,0.0,255,32767,0.0,2127-15-31,0.0,0.12,27.44,0.0,0.0,0.0,0,0.78515625,6,45,05:56,20:31,2025-07-11 04:55:52.758040,Castel Volturno,43.1,2.792851,4.7845373,1.9130642,4.1265574,73.5,2.4759345,4.020461,2.826087,5.169082,74.3,2.3069024,3.1884403,3.0196128,2.4454262,50.5,4.2028985,3.1014493,56.8
2025-07-11T04:56:03Z,0,29.86,78.7,42,70.0,2,2,80,51,0.0,255,32767,0.0,2127-15-31,0.0,0.12,27.44,0.0,0.0,0.0,0,0.78515625,6,45,05:56,20:31,2025-07-11 04:56:03.312045,Castel Volturno,43.1,2.792851,4.7845373,1.9130642,4.1265574,73.5,2.4759345,4.020461,2.826087,5.169082,74.3,2.3069024,3.1884403,3.0196128,2.4454262,50.5,4.2028985,3.1014493,56.8
2025-07-11T04:56:14Z,0,29.86,78.7,42,70.0,2,2,75,51,0.0,255,32767,0.0,2127-15-31,0.0,0.12,27.44,0.0,0.0,0.0,0,0.78515625,6,45,05:56,20:31,2025-07-11 04:56:13.866053,Castel Volturno,43.1,2.792851,4.7845373,1.9130642,4.1265574,73.5,2.4759345,4.020461,2.826087,5.169082,74.3,2.3069024,3.1884403,3.0196128,2.4454262,50.5,4.2028985,3.1014493,56.8
2025-07-11T04:56:24Z,0,29.86,78.7,42,70.0,2,2,80,51,0.0,255,32767,0.0,2127-15-31,0.0,0.12,27.44,0.0,0.0,0.0,0,0.78515625,6,45,05:56,20:31,2025-07-11 04:56:24.420048,Castel Volturno,43.1,2.792851,4.7845373,1.9130642,4.1265574,73.5,2.4759345,4.020461,2.826087,5.169082,74.3,2.3069024,3.1884403,3.0196128,2.4454262,50.5,4.2028985,3.1014493,56.8
2025-07-11T04:56:35Z,0,29.86,78.7,42,70.0,1,2,69,51,0.0,255,32767,0.0,2127-15-31,0.0,0.12,27.44,0.0,0.0,0.0,0,0.78515625,6,45,05:56,20:31,2025-07-11 04:56:34.974045,Castel Volturno,43.1,2.792851,4.7845373,1.9130642,4.1265574,73.5,2.4759345,4.020461,2.826087,5.169082,74.3,2.3069024,3.1884403,3.0196128,2.4454262,50.5,4.2028985,3.1014493,56.8
2025-07-11T04:56:45Z,0,29.86,78.7,42,70.0,1,2,71,51,0.0,255,32767,0.0,2127-15-31,0.0,0.12,27.44,0.0,0.0,0.0,0,0.78515625,6,45,05:56,20:31,2025-07-11 04:56:45.530046,Castel Volturno,43.1,2.792851,4.7845373,1.9130642,4.1265574,73.5,2.4759345,4.020461,2.826087,5.169082,74.3,2.3069024,3.1884403,3.0196128,2.4454262,50.5,4.2028985,3.1014493,56.8
2025-07-11T04:56:56Z,0,29.862,78.8,41,70.0,1,2,71,51,0.0,255,32767,0.0,2127-15-31,0.0,0.12,27.44,0.0,0.0,0.0,0,0.791015625,6,45,05:56,20:31,2025-07-11 04:56:56.084066,Castel Volturno,43.1,2.792851,4.7845373,1.9130642,4.1265574,73.5,2.4759345,4.020461,2.826087,5.169082,74.3,2.3069024,3.1884403,3.0196128,2.4454262,50.5,4.2028985,3.1014493,56.8
2025-07-11T04:57:06Z,0,29.862,78.8,41,70.0,1,2,65,51,0.0,255,32767,0.0,2127-15-31,0.0,0.12,27.44,0.0,0.0,0.0,0,0.791015625,6,45,05:56,20:31,2025-07-11 04:57:06.638044,Castel Volturno,43.1,2.792851,4.7845373,1.9130642,4.1265574,73.5,2.4759345,4.020461,2.826087,5.169082,74.3,2.3069024,3.1884403,3.0196128,2.4454262,50.5,4.2028985,3.1014493,56.8
2025-07-11T04:57:17Z,0,29.862,78.8,41,70.0,2,2,70,51,0.0,255,32767,0.0,2127-15-31,0.0,0.12,27.44,0.0,0.0,0.0,0,0.791015625,6,45,05:56,20:31,2025-07-11 04:57:17.193044,Castel Volturno,43.1,2.792851,4.7845373,1.9130642,4.1265574,73.5,2.4759345,4.020461,2.826087,5.169082,74.3,2.3069024,3.1884403,3.0196128,2.4454262,50.5,4.2028985,3.1014493,56.8
2025-07-11T04:57:27Z,0,29.862,78.8,41,70.1,1,2,70,51,0.0,255,32767,0.0,2127-15-31,0.0,0.12,27.44,0.0,0.0,0.0,0,0.791015625,6,45,05:56,20:31,2025-07-11 04:57:27.747050,Castel Volturno,43.1,2.792851,4.7845373,1.9130642,4.1265574,73.5,2.4759345,4.020461,2.826087,5.169082,74.3,2.3069024,3.1884403,3.0196128,2.4454262,50.5,4.2028985,3.1014493,56.8
2025-07-11T04:57:38Z,0,29.862,78.8,41,70.1,0,2,53,51,0.0,255,32767,0.0,2127-15-31,0.0,0.12,27.44,0.0,0.0,0.0,0,0.791015625,6,45,05:56,20:31,2025-07-11 04:57:38.301041,Castel Volturno,43.1,2.792851,4.7845373,1.9130642,4.1265574,73.5,2.4759345,4.020461,2.826087,5.169082,74.3,2.3069024,3.1884403,3.0196128,2.4454262,50.5,4.2028985,3.1014493,56.8
2025-07-11T04:57:49Z,0,29.862,78.8,41,70.1,0,2,53,51,0.0,255,32767,0.0,2127-15-31,0.0,0.12,27.44,0.0,0.0,0.0,0,0.791015625,6,45,05:56,20:31,2025-07-11 04:57:48.855047,Castel Volturno,43.1,2.792851,4.7845373,1.9130642,4.1265574,73.5,2.4759345,4.020461,2.826087,5.169082,74.3,2.3069024,3.1884403,3.0196128,2.4454262,50.5,4.2028985,3.1014493,56.8
2025-07-11T04:57:59Z,0,29.861,78.7,42,70.1,0,2,53,51,0.0,255,32767,0.0,2127-15-31,0.0,0.12,27.44,0.0,0.0,0.0,0,0.85546875,6,45,05:56,20:31,2025-07-11 04:57:59.655053,Castel Volturno,43.1,2.792851,4.7845373,1.9130642,4.1265574,73.5,2.4759345,4.020461,2.826087,5.169082,74.3,2.3069024,3.1884403,3.0196128,2.4454262,50.5,4.2028985,3.1014493,56.8
2025-07-11T04:58:10Z,0,29.861,78.7,42,70.1,0,2,55,51,0.0,255,32767,0.0,2127-15-31,0.0,0.12,27.44,0.0,0.0,0.0,0,0.85546875,6,45,05:56,20:31,2025-07-11 04:58:10.210050,Castel Volturno,43.1,2.792851,4.7845373,1.9130642,4.1265574,73.5,2.4759345,4.020461,2.826087,5.169082,74.3,2.3069024,3.1884403,3.0196128,2.4454262,50.5,4.2028985,3.1014493,56.8
2025-07-11T04:58:20Z,0,29.861,78.7,42,70.1,3,2,80,51,0.0,255,32767,0.0,2127-15-31,0.0,0.12,27.44,0.0,0.0,0.0,0,0.85546875,6,45,05:56,20:31,2025-07-11 04:58:20.764050,Castel Volturno,43.1,2.792851,4.7845373,1.9130642,4.1265574,73.5,2.4759345,4.020461,2.826087,5.169082,74.3,2.3069024,3.1884403,3.0196128,2.4454262,50.5,4.2028985,3.1014493,56.8
2025-07-11T04:58:31Z,0,29.861,78.7,42,70.1,3,2,84,51,0.0,255,32767,0.0,2127-15-31,0.0,0.12,27.44,0.0,0.0,0.0,0,0.85546875,6,45,05:56,20:31,2025-07-11 04:58:31.320042,Castel Volturno,43.1,2.792851,4.7845373,1.9130642,4.1265574,73.5,2.4759345,4.020461,2.826087,5.169082,74.3,2.3069024,3.1884403,3.0196128,2.4454262,50.5,4.2028985,3.1014493,56.8
2025-07-11T04:58:42Z,0,29.861,78.7,42,70.1,2,2,49,52,0.0,255,32767,0.0,2127-15-31,0.0,0.12,27.44,0.0,0.0,0.0,0,0.85546875,6,45,05:56,20:31,2025-07-11 04:58:41.874064,Castel Volturno,43.1,2.792851,4.7845373,1.9130642,4.1265574,73.5,2.4759345,4.020461,2.826087,5.169082,74.3,2.3069024,3.1884403,3.0196128,2.4454262,50.5,4.2028985,3.1014493,56.8
2025-07-11T04:58:52Z,0,29.861,78.8,42,70.1,1,2,76,52,0.0,255,32767,0.0,2127-15-31,0.0,0.12,27.44,0.0,0.0,0.0,0,1.0078125,6,45,05:56,20:31,2025-07-11 04:58:52.429046,Castel Volturno,43.1,2.792851,4.7845373,1.9130642,4.1265574,73.5,2.4759345,4.020461,2.826087,5.169082,74.3,2.3069024,3.1884403,3.0196128,2.4454262,50.5,4.2028985,3.1014493,56.8
2025-07-11T04:59:03Z,0,29.861,78.8,42,70.1,5,2,82,52,0.0,255,32767,0.0,2127-15-31,0.0,0.12,27.44,0.0,0.0,0.0,0,1.0078125,6,45,05:56,20:31,2025-07-11 04:59:02.989050,Castel Volturno,43.1,2.792851,4.7845373,1.9130642,4.1265574,73.5,2.4759345,4.020461,2.826087,5.169082,74.3,2.3069024,3.1884403,3.0196128,2.4454262,50.5,4.2028985,3.1014493,56.8
2025-07-11T04:59:13Z,0,29.861,78.8,42,70.1,3,2,56,52,0.0,255,32767,0.0,2127-15-31,0.0,0.12,27.44,0.0,0.0,0.0,0,1.0078125,6,45,05:56,20:31,2025-07-11 04:59:13.543037,Castel Volturno,43.1,2.792851,4.7845373,1.9130642,4.1265574,73.5,2.4759345,4.020461,2.826087,5.169082,74.3,2.3069024,3.1884403,3.0196128,2.4454262,50.5,4.2028985,3.1014493,56.8
2025-07-11T04:59:24Z,0,29.861,78.8,42,70.1,2,2,38,52,0.0,255,32767,0.0,2127-15-31,0.0,0.12,27.44,0.0,0.0,0.0,0,1.0078125,6,45,05:56,20:31,2025-07-11 04:59:24.088044,Castel Volturno,43.1,2.792851,4.7845373,1.9130642,4.1265574,73.5,2.4759345,4.020461,2.826087,5.169082,74.3,2.3069024,3.1884403,3.0196128,2.4454262,50.5,4.2028985,3.1014493,56.8
2025-07-11T04:59:34Z,0,29.861,78.8,42,70.1,2,2,5,51,0.0,255,32767,0.0,2127-15-31,0.0,0.12,27.44,0.0,0.0,0.0,0,1.0078125,6,45,05:56,20:31,2025-07-11 04:59:34.643013,Castel Volturno,43.1,2.792851,4.7845373,1.9130642,4.1265574,73.5,2.4759345,4.020461,2.826087,5.169082,74.3,2.3069024,3.1884403,3.0196128,2.4454262,50.5,4.2028985,3.1014493,56.8
2025-07-11T04:59:45Z,0,29.861,78.8,42,70.1,0,2,5,51,0.0,255,32767,0.0,2127-15-31,0.0,0.12,27.44,0.0,0.0,0.0,0,1.0078125,6,45,05:56,20:31,2025-07-11 04:59:45.197047,Castel Volturno,43.1,2.792851,4.7845373,1.9130642,4.1265574,73.5,2.4759345,4.020461,2.826087,5.169082,74.3,2.3069024,3.1884403,3.0196128,2.4454262,50.5,4.2028985,3.1014493,56.8
2025-07-11T04:59:55Z,0,29.862,78.8,42,70.1,0,2,5,51,0.0,255,32767,0.0,2127-15-31,0.0,0.12,27.44,0.0,0.0,0.0,0,1.96875,6,45,05:56,20:31,2025-07-11 04:59:55.751048,Castel Volturno,43.1,2.792851,4.7845373,1.9130642,4.1265574,73.5,2.4759345,4.020461,2.826087,5.169082,74.3,2.3069024,3.1884403,3.0196128,2.4454262,50.5,4.2028985,3.1014493,56.8
2025-07-11T05:00:06Z,0,29.862,78.8,42,70.1,1,2,44,51,0.0,255,32767,0.0,2127-15-31,0.0,0.12,27.44,0.0,0.0,0.0,0,1.96875,6,45,05:56,20:31,2025-07-11 05:00:06.283624,Castel Volturno,43.1,2.792851,4.7845373,1.9130642,4.1265574,73.5,2.4759345,4.020461,2.826087,5.169082,74.3,2.3069024,3.1884403,3.0196128,2.4454262,50.5,4.2028985,3.1014493,56.8
2025-07-11T05:00:17Z,0,29.862,78.8,42,70.1,2,2,88,51,0.0,255,32767,0.0,2127-15-31,0.0,0.12,27.44,0.0,0.0,0.0,0,1.96875,6,45,05:56,20:31,2025-07-11 05:00:16.858048,Castel Volturno,43.1,2.792851,4.7845373,1.9130642,4.1265574,73.5,2.4759345,4.020461,2.826087,5.169082,74.3,2.3069024,3.1884403,3.0196128,2.4454262,50.5,4.2028985,3.1014493,56.8
2025-07-11T05:00:28Z,0,29.862,78.8,42,70.2,2,2,58,51,0.0,255,32767,0.0,2127-15-31,0.0,0.12,27.44,0.0,0.0,0.0,0,1.96875,6,45,05:56,20:31,2025-07-11 05:00:27.941048,Castel Volturno,43.1,2.792851,4.7845373,1.9130642,4.1265574,73.5,2.4759345,4.020461,2.826087,5.169082,74.3,2.3069024,3.1884403,3.0196128,2.4454262,50.5,4.2028985,3.1014493,56.8
2025-07-11T05:00:38Z,0,29.862,78.8,42,70.2,3,2,69,51,0.0,255,32767,0.0,2127-15-31,0.0,0.12,27.44,0.0,0.0,0.0,0,1.96875,6,45,05:56,20:31,2025-07-11 05:00:38.496043,Castel Volturno,43.1,2.792851,4.7845373,1.9130642,4.1265574,73.5,2.4759345,4.020461,2.826087,5.169082,74.3,2.3069024,3.1884403,3.0196128,2.4454262,50.5,4.2028985,3.1014493,56.8
2025-07-11T05:00:49Z,0,29.862,78.8,42,70.2,3,2,76,51,0.0,255,32767,0.0,2127-15-31,0.0,0.12,27.44,0.0,0.0,0.0,0,1.96875,6,45,05:56,20:31,2025-07-11 05:00:49.042057,Castel Volturno,43.1,2.792851,4.7845373,1.9130642,4.1265574,73.5,2.4759345,4.020461,2.826087,5.169082,74.3,2.3069024,3.1884403,3.0196128,2.4454262,50.5,4.2028985,3.1014493,56.8
2025-07-11T05:00:59Z,0,29.86,78.8,42,70.2,1,2,44,51,0.0,255,32767,0.0,2127-15-31,0.0,0.12,27.44,0.0,0.0,0.0,0,0.791015625,6,45,05:56,20:31,2025-07-11 05:00:59.596043,Castel Volturno,43.1,2.792851,4.7845373,1.9130642,4.1265574,73.5,2.4759345,4.020461,2.826087,5.169082,74.3,2.3069024,3.1884403,3.0196128,2.4454262,50.5,4.2028985,3.1014493,56.8
2025-07-11T05:01:10Z,0,29.86,78.8,42,70.2,1,2,42,51,0.0,255,32767,0.0,2127-15-31,0.0,0.12,27.44,0.0,0.0,0.0,0,0.791015625,6,45,05:56,20:31,2025-07-11 05:01:10.150051,Castel Volturno,43.1,2.792851,4.7845373,1.9130642,4.1265574,73.5,2.4759345,4.020461,2.826087,5.169082,74.3,2.3069024,3.1884403,3.0196128,2.4454262,50.5,4.2028985,3.1014493,56.8
2025-07-11T05:01:20Z,0,29.86,78.8,42,70.2,2,2,84,51,0.0,255,32767,0.0,2127-15-31,0.0,0.12,27.44,0.0,0.0,0.0,0,0.791015625,6,45,05:56,20:31,2025-07-11 05:01:20.704047,Castel Volturno,43.1,2.792851,4.7845373,1.9130642,4.1265574,73.5,2.4759345,4.020461,2.826087,5.169082,74.3,2.3069024,3.1884403,3.0196128,2.4454262,50.5,4.2028985,3.1014493,56.8
2025-07-11T05:01:31Z,0,29.86,78.8,42,70.2,2,2,60,51,0.0,255,32767,0.0,2127-15-31,0.0,0.12,27.44,0.0,0.0,0.0,0,0.791015625,6,45,05:56,20:31,2025-07-11 05:01:31.258059,Castel Volturno,43.1,2.792851,4.7845373,1.9130642,4.1265574,73.5,2.4759345,4.020461,2.826087,5.169082,74.3,2.3069024,3.1884403,3.0196128,2.4454262,50.5,4.2028985,3.1014493,56.8
2025-07-11T05:01:42Z,0,29.86,78.8,42,70.2,3,2,46,51,0.0,255,32767,0.0,2127-15-31,0.0,0.12,27.44,0.0,0.0,0.0,0,0.791015625,6,45,05:56,20:31,2025-07-11 05:01:41.813007,Castel Volturno,43.1,2.792851,4.7845373,1.9130642,4.1265574,73.5,2.4759345,4.020461,2.826087,5.169082,74.3,2.3069024,3.1884403,3.0196128,2.4454262,50.5,4.2028985,3.1014493,56.8
2025-07-11T05:01:52Z,0,29.861,78.8,41,70.3,2,2,65,51,0.0,255,32767,0.0,2127-15-31,0.0,0.12,27.44,0.0,0.0,0.0,0,0.78515625,6,45,05:56,20:31,2025-07-11 05:01:52.367045,Castel Volturno,43.1,2.792851,4.7845373,1.9130642,4.1265574,73.5,2.4759345,4.020461,2.826087,5.169082,74.3,2.3069024,3.1884403,3.0196128,2.4454262,50.5,4.2028985,3.1014493,56.8
2025-07-11T05:02:03Z,0,29.861,78.8,41,70.3,3,2,84,51,0.0,255,32767,0.0,2127-15-31,0.0,0.12,27.44,0.0,0.0,0.0,0,0.78515625,6,45,05:56,20:31,2025-07-11 05:02:02.921054,Castel Volturno,43.1,2.792851,4.7845373,1.9130642,4.1265574,73.5,2.4759345,4.020461,2.826087,5.169082,74.3,2.3069024,3.1884403,3.0196128,2.4454262,50.5,4.2028985,3.1014493,56.8
2025-07-11T05:02:13Z,0,29.861,78.8,41,70.2,5,2,75,51,0.0,255,32767,0.0,2127-15-31,0.0,0.12,27.44,0.0,0.0,0.0,0,0.78515625,6,45,05:56,20:31,2025-07-11 05:02:13.475053,Castel Volturno,43.1,2.792851,4.7845373,1.9130642,4.1265574,73.5,2.4759345,4.020461,2.826087,5.169082,74.3,2.3069024,3.1884403,3.0196128,2.4454262,50.5,4.2028985,3.1014493,56.8
2025-07-11T05:02:24Z,0,29.861,78.8,41,70.3,3,2,53,51,0.0,255,32767,0.0,2127-15-31,0.0,0.12,27.44,0.0,0.0,0.0,0,0.78515625,6,45,05:56,20:31,2025-07-11 05:02:24.029005,Castel Volturno,43.1,2.792851,4.7845373,1.9130642,4.1265574,73.5,2.4759345,4.020461,2.826087,5.169082,74.3,2.3069024,3.1884403,3.0196128,2.4454262,50.5,4.2028985,3.1014493,56.8
2025-07-11T05:02:34Z,0,29.861,78.8,41,70.3,5,2,74,51,0.0,255,32767,0.0,2127-15-31,0.0,0.12,27.44,0.0,0.0,0.0,0,0.78515625,6,45,05:56,20:31,2025-07-11 05:02:34.583048,Castel Volturno,43.1,2.792851,4.7845373,1.9130642,4.1265574,73.5,2.4759345,4.020461,2.826087,5.169082,74.3,2.3069024,3.1884403,3.0196128,2.4454262,50.5,4.2028985,3.1014493,56.8
2025-07-11T05:02:45Z,0,29.861,78.8,41,70.3,3,2,76,51,0.0,255,32767,0.0,2127-15-31,0.0,0.12,27.44,0.0,0.0,0.0,0,0.78515625,6,45,05:56,20:31,2025-07-11 05:02:45.137058,Castel Volturno,43.1,2.792851,4.7845373,1.9130642,4.1265574,73.5,2.4759345,4.020461,2.826087,5.169082,74.3,2.3069024,3.1884403,3.0196128,2.4454262,50.5,4.2028985,3.1014493,56.8
2025-07-11T05:02:55Z,0,29.862,78.8,39,70.3,2,2,22,51,0.0,255,32767,0.0,2127-15-31,0.0,0.12,27.44,0.0,0.0,0.0,0,0.791015625,6,45,05:56,20:31,2025-07-11 05:02:55.681053,Castel Volturno,43.1,2.792851,4.7845373,1.9130642,4.1265574,73.5,2.4759345,4.020461,2.826087,5.169082,74.3,2.3069024,3.1884403,3.0196128,2.4454262,50.5,4.2028985,3.1014493,56.8
2025-07-11T05:03:06Z,0,29.862,78.8,39,70.3,4,2,360,51,0.0,255,32767,0.0,2127-15-31,0.0,0.12,27.44,0.0,0.0,0.0,0,0.791015625,6,45,05:56,20:31,2025-07-11 05:03:06.235043,Castel Volturno,43.1,2.792851,4.7845373,1.9130642,4.1265574,73.5,2.4759345,4.020461,2.826087,5.169082,74.3,2.3069024,3.1884403,3.0196128,2.4454262,50.5,4.2028985,3.1014493,56.8
2025-07-11T05:03:16Z,0,29.862,78.8,39,70.4,5,2,82,51,0.0,255,32767,0.0,2127-15-31,0.0,0.12,27.44,0.0,0.0,0.0,0,0.791015625,6,45,05:56,20:31,2025-07-11 05:03:16.789053,Castel Volturno,43.1,2.792851,4.7845373,1.9130642,4.1265574,73.5,2.4759345,4.020461,2.826087,5.169082,74.3,2.3069024,3.1884403,3.0196128,2.4454262,50.5,4.2028985,3.1014493,56.8
2025-07-11T05:03:27Z,0,29.862,78.8,39,70.3,3,2,82,51,0.0,255,32767,0.0,2127-15-31,0.0,0.12,27.44,0.0,0.0,0.0,0,0.791015625,6,45,05:56,20:31,2025-07-11 05:03:27.343046,Castel Volturno,43.1,2.792851,4.7845373,1.9130642,4.1265574,73.5,2.4759345,4.020461,2.826087,5.169082,74.3,2.3069024,3.1884403,3.0196128,2.4454262,50.5,4.2028985,3.1014493,56.8
2025-07-11T05:03:38Z,0,29.862,78.8,39,70.3,3,2,65,51,0.0,255,32767,0.0,2127-15-31,0.0,0.12,27.44,0.0,0.0,0.0,0,0.791015625,6,45,05:56,20:31,2025-07-11 05:03:37.897049,Castel Volturno,43.1,2.792851,4.7845373,1.9130642,4.1265574,73.5,2.4759345,4.020461,2.826087,5.169082,74.3,2.3069024,3.1884403,3.0196128,2.4454262,50.5,4.2028985,3.1014493,56.8
2025-07-11T05:03:48Z,0,29.862,78.8,39,70.4,3,2,69,51,0.0,255,32767,0.0,2127-15-31,0.0,0.12,27.44,0.0,0.0,0.0,0,0.791015625,6,45,05:56,20:31,2025-07-11 05:03:48.451056,Castel Volturno,43.1,2.792851,4.7845373,1.9130642,4.1265574,73.5,2.4759345,4.020461,2.826087,5.169082,74.3,2.3069024,3.1884403,3.0196128,2.4454262,50.5,4.2028985,3.1014493,56.8
2025-07-11T05:03:59Z,0,29.861,78.9,39,70.4,3,2,73,51,0.0,255,32767,0.0,2127-15-31,0.0,0.12,27.44,0.0,0.0,0.0,0,0.779296875,6,45,05:56,20:31,2025-07-11 05:03:59.005053,Castel Volturno,43.1,2.792851,4.7845373,1.9130642,4.1265574,73.5,2.4759345,4.020461,2.826087,5.169082,74.3,2.3069024,3.1884403,3.0196128,2.4454262,50.5,4.2028985,3.1014493,56.8
2025-07-11T05:04:09Z,0,29.861,78.9,39,70.4,3,2,56,51,0.0,255,32767,0.0,2127-15-31,0.0,0.12,27.44,0.0,0.0,0.0,0,0.779296875,6,45,05:56,20:31,2025-07-11 05:04:09.559039,Castel Volturno,43.1,2.792851,4.7845373,1.9130642,4.1265574,73.5,2.4759345,4.020461,2.826087,5.169082,74.3,2.3069024,3.1884403,3.0196128,2.4454262,50.5,4.2028985,3.1014493,56.8
2025-07-11T05:04:20Z,0,29.861,78.9,39,70.4,2,2,49,51,0.0,255,32767,0.0,2127-15-31,0.0,0.12,27.44,0.0,0.0,0.0,0,0.779296875,6,45,05:56,20:31,2025-07-11 05:04:20.113051,Castel Volturno,43.1,2.792851,4.7845373,1.9130642,4.1265574,73.5,2.4759345,4.020461,2.826087,5.169082,74.3,2.3069024,3.1884403,3.0196128,2.4454262,50.5,4.2028985,3.1014493,56.8
2025-07-11T05:04:30Z,0,29.861,78.9,39,70.4,3,2,73,51,0.0,255,32767,0.0,2127-15-31,0.0,0.12,27.44,0.0,0.0,0.0,0,0.779296875,6,45,05:56,20:31,2025-07-11 05:04:30.666058,Castel Volturno,43.1,2.792851,4.7845373,1.9130642,4.1265574,73.5,2.4759345,4.020461,2.826087,5.169082,74.3,2.3069024,3.1884403,3.0196128,2.4454262,50.5,4.2028985,3.1014493,56.8
2025-07-11T05:04:41Z,0,29.861,78.9,39,70.4,1,2,46,51,0.0,255,32767,0.0,2127-15-31,0.0,0.12,27.44,0.0,0.0,0.0,0,0.779296875,6,45,05:56,20:31,2025-07-11 05:04:41.220047,Castel Volturno,43.1,2.792851,4.7845373,1.9130642,4.1265574,73.5,2.4759345,4.020461,2.826087,5.169082,74.3,2.3069024,3.1884403,3.0196128,2.4454262,50.5,4.2028985,3.1014493,56.8
2025-07-11T05:04:51Z,0,29.862,78.8,40,70.4,2,2,17,51,0.0,255,32767,0.0,2127-15-31,0.0,0.12,27.44,0.0,0.0,0.0,0,0.80859375,6,45,05:56,20:31,2025-07-11 05:04:51.776045,Castel Volturno,43.1,2.792851,4.7845373,1.9130642,4.1265574,73.5,2.4759345,4.020461,2.826087,5.169082,74.3,2.3069024,3.1884403,3.0196128,2.4454262,50.5,4.2028985,3.1014493,56.8
2025-07-11T05:05:02Z,0,29.862,78.8,40,70.4,4,2,85,51,0.0,255,32767,0.0,2127-15-31,0.0,0.12,27.44,0.0,0.0,0.0,0,0.80859375,6,45,05:56,20:31,2025-07-11 05:05:02.331044,Castel Volturno,43.1,2.792851,4.7845373,1.9130642,4.1265574,73.5,2.4759345,4.020461,2.826087,5.169082,74.3,2.3069024,3.1884403,3.0196128,2.4454262,50.5,4.2028985,3.1014493,56.8
2025-07-11T05:05:13Z,0,29.862,78.8,40,70.5,3,2,46,51,0.0,255,32767,0.0,2127-15-31,0.0,0.12,27.44,0.0,0.0,0.0,0,0.80859375,6,45,05:56,20:31,2025-07-11 05:05:12.885035,Castel Volturno,43.1,2.792851,4.7845373,1.9130642,4.1265574,73.5,2.4759345,4.020461,2.826087,5.169082,74.3,2.3069024,3.1884403,3.0196128,2.4454262,50.5,4.2028985,3.1014493,56.8
2025-07-11T05:05:23Z,0,29.862,78.8,40,70.5,5,2,13,51,0.0,255,32767,0.0,2127-15-31,0.0,0.12,27.44,0.0,0.0,0.0,0,0.80859375,6,45,05:56,20:31,2025-07-11 05:05:23.439037,Castel Volturno,44.3,2.6230695,4.7343135,2.2266538,4.2118,73.4,2.52708,3.9806447,2.3142858,4.0952377,74.1,2.098153,3.7110896,3.1076326,2.8476236,51.0,3.3142858,2.4571428,57.2
2025-07-11T05:05:34Z,0,29.862,78.8,40,70.5,1,2,44,50,0.0,255,32767,0.0,2127-15-31,0.0,0.12,27.44,0.0,0.0,0.0,0,0.80859375,6,45,05:56,20:31,2025-07-11 05:05:34.516046,Castel Volturno,44.3,2.6230695,4.7343135,2.2266538,4.2118,73.4,2.52708,3.9806447,2.3142858,4.0952377,74.1,2.098153,3.7110896,3.1076326,2.8476236,51.0,3.3142858,2.4571428,57.2
2025-07-11T05:05:45Z,0,29.862,78.8,40,70.5,3,2,71,50,0.0,255,32767,0.0,2127-15-31,0.0,0.12,27.44,0.0,0.0,0.0,0,0.80859375,6,45,05:56,20:31,2025-07-11 05:05:45.070044,Castel Volturno,44.3,2.6230695,4.7343135,2.2266538,4.2118,73.4,2.52708,3.9806447,2.3142858,4.0952377,74.1,2.098153,3.7110896,3.1076326,2.8476236,51.0,3.3142858,2.4571428,57.2
2025-07-11T05:05:55Z,0,29.862,78.7,40,70.5,2,2,32,50,0.0,255,32767,0.0,2127-15-31,0.0,0.12,27.44,0.0,0.0,0.0,0,0.97265625,6,45,05:56,20:31,2025-07-11 05:05:55.620020,Castel Volturno,44.3,2.6230695,4.7343135,2.2266538,4.2118,73.4,2.52708,3.9806447,2.3142858,4.0952377,74.1,2.098153,3.7110896,3.1076326,2.8476236,51.0,3.3142858,2.4571428,57.2
2025-07-11T05:06:06Z,0,29.862,78.7,40,70.5,3,2,62,50,0.0,255,32767,0.0,2127-15-31,0.0,0.12,27.44,0.0,0.0,0.0,0,0.97265625,6,45,05:56,20:31,2025-07-11 05:06:06.174062,Castel Volturno,44.3,2.6230695,4.7343135,2.2266538,4.2118,73.4,2.52708,3.9806447,2.3142858,4.0952377,74.1,2.098153,3.7110896,3.1076326,2.8476236,51.0,3.3142858,2.4571428,57.2
2025-07-11T05:06:16Z,0,29.862,78.7,40,70.5,2,2,76,50,0.0,255,32767,0.0,2127-15-31,0.0,0.12,27.44,0.0,0.0,0.0,0,0.97265625,6,45,05:56,20:31,2025-07-11 05:06:16.728045,Castel Volturno,44.3,2.6230695,4.7343135,2.2266538,4.2118,73.4,2.52708,3.9806447,2.3142858,4.0952377,74.1,2.098153,3.7110896,3.1076326,2.8476236,51.0,3.3142858,2.4571428,57.2
2025-07-11T05:06:27Z,0,29.862,78.7,40,70.5,2,2,70,51,0.0,255,32767,0.0,2127-15-31,0.0,0.12,27.44,0.0,0.0,0.0,0,0.97265625,6,45,05:56,20:31,2025-07-11 05:06:27.282006,Castel Volturno,44.3,2.6230695,4.7343135,2.2266538,4.2118,73.4,2.52708,3.9806447,2.3142858,4.0952377,74.1,2.098153,3.7110896,3.1076326,2.8476236,51.0,3.3142858,2.4571428,57.2
2025-07-11T05:06:38Z,0,29.862,78.7,40,70.5,2,2,11,51,0.0,255,32767,0.0,2127-15-31,0.0,0.12,27.44,0.0,0.0,0.0,0,0.97265625,6,45,05:56,20:31,2025-07-11 05:06:37.836044,Castel Volturno,44.3,2.6230695,4.7343135,2.2266538,4.2118,73.4,2.52708,3.9806447,2.3142858,4.0952377,74.1,2.098153,3.7110896,3.1076326,2.8476236,51.0,3.3142858,2.4571428,57.2
2025-07-11T05:06:48Z,0,29.862,78.7,40,70.6,2,2,76,51,0.0,255,32767,0.0,2127-15-31,0.0,0.12,27.44,0.0,0.0,0.0,0,0.97265625,6,45,05:56,20:31,2025-07-11 05:06:48.390040,Castel Volturno,44.3,2.6230695,4.7343135,2.2266538,4.2118,73.4,2.52708,3.9806447,2.3142858,4.0952377,74.1,2.098153,3.7110896,3.1076326,2.8476236,51.0,3.3142858,2.4571428,57.2
2025-07-11T05:06:59Z,0,29.861,78.8,40,70.6,3,2,71,51,0.0,255,32767,0.0,2127-15-31,0.0,0.12,27.44,0.0,0.0,0.0,0,1.845703125,6,45,05:56,20:31,2025-07-11 05:06:58.944032,Castel Volturno,44.3,2.6230695,4.7343135,2.2266538,4.2118,73.4,2.52708,3.9806447,2.3142858,4.0952377,74.1,2.098153,3.7110896,3.1076326,2.8476236,51.0,3.3142858,2.4571428,57.2
2025-07-11T05:07:09Z,0,29.861,78.8,40,70.6,3,2,71,51,0.0,255,32767,0.0,2127-15-31,0.0,0.12,27.44,0.0,0.0,0.0,0,1.845703125,6,45,05:56,20:31,2025-07-11 05:07:09.498045,Castel Volturno,44.3,2.6230695,4.7343135,2.2266538,4.2118,73.4,2.52708,3.9806447,2.3142858,4.0952377,74.1,2.098153,3.7110896,3.1076326,2.8476236,51.0,3.3142858,2.4571428,57.2
2025-07-11T05:07:20Z,0,29.861,78.8,40,70.6,2,2,84,51,0.0,255,32767,0.0,2127-15-31,0.0,0.12,27.44,0.0,0.0,0.0,0,1.845703125,6,45,05:56,20:31,2025-07-11 05:07:20.085044,Castel Volturno,44.3,2.6230695,4.7343135,2.2266538,4.2118,73.4,2.52708,3.9806447,2.3142858,4.0952377,74.1,2.098153,3.7110896,3.1076326,2.8476236,51.0,3.3142858,2.4571428,57.2
2025-07-11T05:07:30Z,0,29.861,78.8,40,70.6,2,2,51,51,0.0,255,32767,0.0,2127-15-31,0.0,0.12,27.44,0.0,0.0,0.0,0,1.845703125,6,45,05:56,20:31,2025-07-11 05:07:30.639049,Castel Volturno,44.3,2.6230695,4.7343135,2.2266538,4.2118,73.4,2.52708,3.9806447,2.3142858,4.0952377,74.1,2.098153,3.7110896,3.1076326,2.8476236,51.0,3.3142858,2.4571428,57.2
2025-07-11T05:07:41Z,0,29.861,78.8,40,70.7,2,2,38,51,0.0,255,32767,0.0,2127-15-31,0.0,0.12,27.44,0.0,0.0,0.0,0,1.845703125,6,45,05:56,20:31,2025-07-11 05:07:41.193049,Castel Volturno,44.3,2.6230695,4.7343135,2.2266538,4.2118,73.4,2.52708,3.9806447,2.3142858,4.0952377,74.1,2.098153,3.7110896,3.1076326,2.8476236,51.0,3.3142858,2.4571428,57.2
2025-07-11T05:07:51Z,0,29.863,78.8,40,70.7,2,3,86,51,0.0,255,32767,0.0,2127-15-31,0.0,0.12,27.44,0.0,0.0,0.0,0,1.611328125,6,45,05:56,20:31,2025-07-11 05:07:51.748048,Castel Volturno,44.3,2.6230695,4.7343135,2.2266538,4.2118,73.4,2.52708,3.9806447,2.3142858,4.0952377,74.1,2.098153,3.7110896,3.1076326,2.8476236,51.0,3.3142858,2.4571428,57.2
2025-07-11T05:08:02Z,0,29.863,78.8,40,70.6,3,3,32,51,0.0,255,32767,0.0,2127-15-31,0.0,0.12,27.44,0.0,0.0,0.0,0,1.611328125,6,45,05:56,20:31,2025-07-11 05:08:02.302049,Castel Volturno,44.3,2.6230695,4.7343135,2.2266538,4.2118,73.4,2.52708,3.9806447,2.3142858,4.0952377,74.1,2.098153,3.7110896,3.1076326,2.8476236,51.0,3.3142858,2.4571428,57.2
2025-07-11T05:08:13Z,0,29.863,78.8,40,70.7,3,3,71,51,0.0,255,32767,0.0,2127-15-31,0.0,0.12,27.44,0.0,0.0,0.0,0,1.611328125,6,45,05:56,20:31,2025-07-11 05:08:12.878048,Castel Volturno,44.3,2.6230695,4.7343135,2.2266538,4.2118,73.4,2.52708,3.9806447,2.3142858,4.0952377,74.1,2.098153,3.7110896,3.1076326,2.8476236,51.0,3.3142858,2.4571428,57.2
2025-07-11T05:08:23Z,0,29.863,78.8,40,70.7,3,3,57,51,0.0,255,32767,0.0,2127-15-31,0.0,0.12,27.44,0.0,0.0,0.0,0,1.611328125,6,45,05:56,20:31,2025-07-11 05:08:23.434006,Castel Volturno,44.3,2.6230695,4.7343135,2.2266538,4.2118,73.4,2.52708,3.9806447,2.3142858,4.0952377,74.1,2.098153,3.7110896,3.1076326,2.8476236,51.0,3.3142858,2.4571428,57.2
2025-07-11T05:08:34Z,0,29.863,78.8,40,70.7,3,3,51,51,0.0,255,32767,0.0,2127-15-31,0.0,0.12,27.44,0.0,0.0,0.0,0,1.611328125,6,45,05:56,20:31,2025-07-11 05:08:33.988050,Castel Volturno,44.3,2.6230695,4.7343135,2.2266538,4.2118,73.4,2.52708,3.9806447,2.3142858,4.0952377,74.1,2.098153,3.7110896,3.1076326,2.8476236,51.0,3.3142858,2.4571428,57.2
2025-07-11T05:08:44Z,0,29.863,78.8,40,70.7,2,3,63,51,0.0,255,32767,0.0,2127-15-31,0.0,0.12,27.44,0.0,0.0,0.0,0,1.611328125,6,45,05:56,20:31,2025-07-11 05:08:44.542040,Castel Volturno,44.3,2.6230695,4.7343135,2.2266538,4.2118,73.4,2.52708,3.9806447,2.3142858,4.0952377,74.1,2.098153,3.7110896,3.1076326,2.8476236,51.0,3.3142858,2.4571428,57.2
2025-07-11T05:08:55Z,0,29.862,78.8,40,70.7,3,3,34,51,0.0,255,32767,0.0,2127-15-31,0.0,0.12,27.44,0.0,0.0,0.0,0,0.779296875,6,45,05:56,20:31,2025-07-11 05:08:55.096051,Castel Volturno,44.3,2.6230695,4.7343135,2.2266538,4.2118,73.4,2.52708,3.9806447,2.3142858,4.0952377,74.1,2.098153,3.7110896,3.1076326,2.8476236,51.0,3.3142858,2.4571428,57.2
2025-07-11T05:09:05Z,0,29.862,78.8,40,70.7,3,3,26,50,0.0,255,32767,0.0,2127-15-31,0.0,0.12,27.44,0.0,0.0,0.0,0,0.779296875,6,45,05:56,20:31,2025-07-11 05:09:05.650050,Castel Volturno,44.3,2.6230695,4.7343135,2.2266538,4.2118,73.4,2.52708,3.9806447,2.3142858,4.0952377,74.1,2.098153,3.7110896,3.1076326,2.8476236,51.0,3.3142858,2.4571428,57.2
2025-07-11T05:09:16Z,0,29.862,78.8,40,70.7,2,3,76,50,0.0,255,32767,0.0,2127-15-31,0.0,0.12,27.44,0.0,0.0,0.0,0,0.779296875,6,45,05:56,20:31,2025-07-11 05:09:16.204056,Castel Volturno,44.3,2.6230695,4.7343135,2.2266538,4.2118,73.4,2.52708,3.9806447,2.3142858,4.0952377,74.1,2.098153,3.7110896,3.1076326,2.8476236,51.0,3.3142858,2.4571428,57.2
2025-07-11T05:09:26Z,0,29.862,78.8,40,70.7,2,3,35,50,0.0,255,32767,0.0,2127-15-31,0.0,0.12,27.44,0.0,0.0,0.0,0,0.779296875,6,45,05:56,20:31,2025-07-11 05:09:26.758053,Castel Volturno,44.3,2.6230695,4.7343135,2.2266538,4.2118,73.4,2.52708,3.9806447,2.3142858,4.0952377,74.1,2.098153,3.7110896,3.1076326,2.8476236,51.0,3.3142858,2.4571428,57.2
2025-07-11T05:09:37Z,0,29.862,78.8,40,70.8,1,3,65,50,0.0,255,32767,0.0,2127-15-31,0.0,0.12,27.44,0.0,0.0,0.0,0,0.779296875,6,45,05:56,20:31,2025-07-11 05:09:37.344048,Castel Volturno,44.3,2.6230695,4.7343135,2.2266538,4.2118,73.4,2.52708,3.9806447,2.3142858,4.0952377,74.1,2.098153,3.7110896,3.1076326,2.8476236,51.0,3.3142858,2.4571428,57.2
2025-07-11T05:09:48Z,0,29.862,78.8,40,70.8,0,3,65,50,0.0,255,32767,0.0,2127-15-31,0.0,0.12,27.44,0.0,0.0,0.0,0,0.779296875,6,45,05:56,20:31,2025-07-11 05:09:47.898064,Castel Volturno,44.3,2.6230695,4.7343135,2.2266538,4.2118,73.4,2.52708,3.9806447,2.3142858,4.0952377,74.1,2.098153,3.7110896,3.1076326,2.8476236,51.0,3.3142858,2.4571428,57.2
2025-07-11T05:09:58Z,0,29.86,78.8,40,70.8,1,3,63,51,0.0,255,32767,0.0,2127-15-31,0.0,0.12,27.44,0.0,0.0,0.0,0,0.779296875,6,45,05:56,20:31,2025-07-11 05:09:58.452041,Castel Volturno,44.3,2.6230695,4.7343135,2.2266538,4.2118,73.4,2.52708,3.9806447,2.3142858,4.0952377,74.1,2.098153,3.7110896,3.1076326,2.8476236,51.0,3.3142858,2.4571428,57.2
2025-07-11T05:10:09Z,0,29.86,78.8,40,70.8,3,3,80,51,0.0,255,32767,0.0,2127-15-31,0.0,0.12,27.44,0.0,0.0,0.0,0,0.779296875,6,45,05:56,20:31,2025-07-11 05:10:09.006009,Castel Volturno,44.3,2.6230695,4.7343135,2.2266538,4.2118,73.4,2.52708,3.9806447,2.3142858,4.0952377,74.1,2.098153,3.7110896,3.1076326,2.8476236,51.0,3.3142858,2.4571428,57.2
2025-07-11T05:10:19Z,0,29.86,78.8,40,70.8,3,3,59,51,0.0,255,32767,0.0,2127-15-31,0.0,0.12,27.44,0.0,0.0,0.0,0,0.779296875,6,45,05:56,20:31,2025-07-11 05:10:19.560046,Castel Volturno,44.3,2.6230695,4.7343135,2.2266538,4.2118,73.4,2.52708,3.9806447,2.3142858,4.0952377,74.1,2.098153,3.7110896,3.1076326,2.8476236,51.0,3.3142858,2.4571428,57.2
2025-07-11T05:10:30Z,0,29.86,78.8,40,70.8,3,3,23,51,0.0,255,32767,0.0,2127-15-31,0.0,0.12,27.44,0.0,0.0,0.0,0,0.779296875,6,45,05:56,20:31,2025-07-11 05:10:30.114046,Castel Volturno,44.3,2.6230695,4.7343135,2.2266538,4.2118,73.4,2.52708,3.9806447,2.3142858,4.0952377,74.1,2.098153,3.7110896,3.1076326,2.8476236,51.0,3.3142858,2.4571428,57.2
2025-07-11T05:10:41Z,0,29.86,78.8,40,70.9,3,3,69,51,0.0,255,32767,0.0,2127-15-31,0.0,0.12,27.44,0.0,0.0,0.0,0,0.779296875,6,45,05:56,20:31,2025-07-11 05:10:41.200048,Castel Volturno,44.3,2.6230695,4.7343135,2.2266538,4.2118,73.4,2.52708,3.9806447,2.3142858,4.0952377,74.1,2.098153,3.7110896,3.1076326,2.8476236,51.0,3.3142858,2.4571428,57.2
2025-07-11T05:10:51Z,0,29.861,78.7,40,70.9,2,3,77,50,0.0,255,32767,0.0,2127-15-31,0.0,0.12,27.44,0.0,0.0,0.0,0,0.76171875,6,45,05:56,20:31,2025-07-11 05:10:51.754052,Castel Volturno,44.3,2.6230695,4.7343135,2.2266538,4.2118,73.4,2.52708,3.9806447,2.3142858,4.0952377,74.1,2.098153,3.7110896,3.1076326,2.8476236,51.0,3.3142858,2.4571428,57.2
2025-07-11T05:11:02Z,0,29.861,78.7,40,70.9,3,3,42,50,0.0,255,32767,0.0,2127-15-31,0.0,0.12,27.44,0.0,0.0,0.0,0,0.76171875,6,45,05:56,20:31,2025-07-11 05:11:02.309047,Castel Volturno,44.3,2.6230695,4.7343135,2.2266538,4.2118,73.4,2.52708,3.9806447,2.3142858,4.0952377,74.1,2.098153,3.7110896,3.1076326,2.8476236,51.0,3.3142858,2.4571428,57.2
2025-07-11T05:11:13Z,0,29.861,78.7,40,70.9,2,3,14,50,0.0,255,32767,0.0,2127-15-31,0.0,0.12,27.44,0.0,0.0,0.0,0,0.76171875,6,45,05:56,20:31,2025-07-11 05:11:12.863054,Castel Volturno,44.3,2.6230695,4.7343135,2.2266538,4.2118,73.4,2.52708,3.9806447,2.3142858,4.0952377,74.1,2.098153,3.7110896,3.1076326,2.8476236,51.0,3.3142858,2.4571428,57.2
2025-07-11T05:11:23Z,0,29.861,78.7,40,71.0,1,3,58,50,0.0,255,32767,0.0,2127-15-31,0.0,0.12,27.44,0.0,0.0,0.0,0,0.76171875,6,45,05:56,20:31,2025-07-11 05:11:23.416065,Castel Volturno,44.3,2.6230695,4.7343135,2.2266538,4.2118,73.4,2.52708,3.9806447,2.3142858,4.0952377,74.1,2.098153,3.7110896,3.1076326,2.8476236,51.0,3.3142858,2.4571428,57.2
2025-07-11T05:11:34Z,0,29.861,78.7,40,71.0,2,3,78,50,0.0,255,32767,0.0,2127-15-31,0.0,0.12,27.44,0.0,0.0,0.0,0,0.76171875,6,45,05:56,20:31,2025-07-11 05:11:33.970043,Castel Volturno,44.3,2.6230695,4.7343135,2.2266538,4.2118,73.4,2.52708,3.9806447,2.3142858,4.0952377,74.1,2.098153,3.7110896,3.1076326,2.8476236,51.0,3.3142858,2.4571428,57.2
2025-07-11T05:11:44Z,0,29.861,78.7,40,71.0,2,3,26,50,0.0,255,32767,0.0,2127-15-31,0.0,0.12,27.44,0.0,0.0,0.0,0,0.76171875,6,45,05:56,20:31,2025-07-11 05:11:44.501496,Castel Volturno,44.3,2.6230695,4.7343135,2.2266538,4.2118,73.4,2.52708,3.9806447,2.3142858,4.0952377,74.1,2.098153,3.7110896,3.1076326,2.8476236,51.0,3.3142858,2.4571428,57.2
2025-07-11T05:11:55Z,0,29.861,78.7,40,71.0,2,3,40,50,0.0,255,32767,0.0,2127-15-31,0.0,0.12,27.44,0.0,0.0,0.0,0,0.80859375,6,45,05:56,20:31,2025-07-11 05:11:55.102049,Castel Volturno,44.3,2.6230695,4.7343135,2.2266538,4.2118,73.4,2.52708,3.9806447,2.3142858,4.0952377,74.1,2.098153,3.7110896,3.1076326,2.8476236,51.0,3.3142858,2.4571428,57.2
2025-07-11T05:12:05Z,0,29.861,78.7,40,71.0,2,3,61,50,0.0,255,32767,0.0,2127-15-31,0.0,0.12,27.44,0.0,0.0,0.0,0,0.80859375,6,45,05:56,20:31,2025-07-11 05:12:05.652050,Castel Volturno,44.3,2.6230695,4.7343135,2.2266538,4.2118,73.4,2.52708,3.9806447,2.3142858,4.0952377,74.1,2.098153,3.7110896,3.1076326,2.8476236,51.0,3.3142858,2.4571428,57.2
2025-07-11T05:12:16Z,0,29.861,78.7,40,71.0,3,3,64,50,0.0,255,32767,0.0,2127-15-31,0.0,0.12,27.44,0.0,0.0,0.0,0,0.80859375,6,45,05:56,20:31,2025-07-11 05:12:16.206046,Castel Volturno,44.3,2.6230695,4.7343135,2.2266538,4.2118,73.4,2.52708,3.9806447,2.3142858,4.0952377,74.1,2.098153,3.7110896,3.1076326,2.8476236,51.0,3.3142858,2.4571428,57.2
2025-07-11T05:12:26Z,0,29.861,78.7,40,71.0,2,3,33,50,0.0,255,32767,0.0,2127-15-31,0.0,0.12,27.44,0.0,0.0,0.0,0,0.80859375,6,45,05:56,20:31,2025-07-11 05:12:26.760048,Castel Volturno,44.3,2.6230695,4.7343135,2.2266538,4.2118,73.4,2.52708,3.9806447,2.3142858,4.0952377,74.1,2.098153,3.7110896,3.1076326,2.8476236,51.0,3.3142858,2.4571428,57.2
2025-07-11T05:12:37Z,0,29.861,78.7,40,71.0,3,3,41,50,0.0,255,32767,0.0,2127-15-31,0.0,0.12,27.44,0.0,0.0,0.0,0,0.80859375,6,45,05:56,20:31,2025-07-11 05:12:37.314049,Castel Volturno,44.3,2.6230695,4.7343135,2.2266538,4.2118,73.4,2.52708,3.9806447,2.3142858,4.0952377,74.1,2.098153,3.7110896,3.1076326,2.8476236,51.0,3.3142858,2.4571428,57.2
2025-07-11T05:12:48Z,0,29.861,78.7,40,71.0,1,3,41,50,0.0,255,32767,0.0,2127-15-31,0.0,0.12,27.44,0.0,0.0,0.0,0,0.80859375,6,45,05:56,20:31,2025-07-11 05:12:47.868048,Castel Volturno,44.3,2.6230695,4.7343135,2.2266538,4.2118,73.4,2.52708,3.9806447,2.3142858,4.0952377,74.1,2.098153,3.7110896,3.1076326,2.8476236,51.0,3.3142858,2.4571428,57.2
2025-07-11T05:12:58Z,0,29.86,78.7,40,71.0,2,2,65,50,0.0,255,32767,0.0,2127-15-31,0.0,0.12,27.44,0.0,0.0,0.0,0,0.955078125,6,45,05:56,20:31,2025-07-11 05:12:58.422053,Castel Volturno,44.3,2.6230695,4.7343135,2.2266538,4.2118,73.4,2.52708,3.9806447,2.3142858,4.0952377,74.1,2.098153,3.7110896,3.1076326,2.8476236,51.0,3.3142858,2.4571428,57.2
2025-07-11T05:13:09Z,0,29.86,78.7,40,71.0,4,2,63,50,0.0,255,32767,0.0,2127-15-31,0.0,0.12,27.44,0.0,0.0,0.0,0,0.955078125,6,45,05:56,20:31,2025-07-11 05:13:08.977047,Castel Volturno,44.3,2.6230695,4.7343135,2.2266538,4.2118,73.4,2.52708,3.9806447,2.3142858,4.0952377,74.1,2.098153,3.7110896,3.1076326,2.8476236,51.0,3.3142858,2.4571428,57.2
2025-07-11T05:13:19Z,0,29.86,78.7,40,71.1,3,2,57,50,0.0,255,32767,0.0,2127-15-31,0.0,0.12,27.44,0.0,0.0,0.0,0,0.955078125,6,45,05:56,20:31,2025-07-11 05:13:19.531048,Castel Volturno,44.3,2.6230695,4.7343135,2.2266538,4.2118,73.4,2.52708,3.9806447,2.3142858,4.0952377,74.1,2.098153,3.7110896,3.1076326,2.8476236,51.0,3.3142858,2.4571428,57.2
2025-07-11T05:13:30Z,0,29.86,78.7,40,71.1,3,2,60,50,0.0,255,32767,0.0,2127-15-31,0.0,0.12,27.44,0.0,0.0,0.0,0,0.955078125,6,45,05:56,20:31,2025-07-11 05:13:30.085056,Castel Volturno,44.3,2.6230695,4.7343135,2.2266538,4.2118,73.4,2.52708,3.9806447,2.3142858,4.0952377,74.1,2.098153,3.7110896,3.1076326,2.8476236,51.0,3.3142858,2.4571428,57.2
2025-07-11T05:13:40Z,0,29.86,78.7,40,71.1,3,2,31,50,0.0,255,32767,0.0,2127-15-31,0.0,0.12,27.44,0.0,0.0,0.0,0,0.955078125,6,45,05:56,20:31,2025-07-11 05:13:40.629056,Castel Volturno,44.3,2.6230695,4.7343135,2.2266538,4.2118,73.4,2.52708,3.9806447,2.3142858,4.0952377,74.1,2.098153,3.7110896,3.1076326,2.8476236,51.0,3.3142858,2.4571428,57.2
2025-07-11T05:13:51Z,0,29.86,78.7,40,71.1,3,2,81,50,0.0,255,32767,0.0,2127-15-31,0.0,0.12,27.44,0.0,0.0,0.0,0,1.74609375,6,45,05:56,20:31,2025-07-11 05:13:51.173048,Castel Volturno,44.3,2.6230695,4.7343135,2.2266538,4.2118,73.4,2.52708,3.9806447,2.3142858,4.0952377,74.1,2.098153,3.7110896,3.1076326,2.8476236,51.0,3.3142858,2.4571428,57.2
2025-07-11T05:14:01Z,0,29.86,78.7,40,71.1,2,2,63,50,0.0,255,32767,0.0,2127-15-31,0.0,0.12,27.44,0.0,0.0,0.0,0,1.74609375,6,45,05:56,20:31,2025-07-11 05:14:01.727042,Castel Volturno,44.3,2.6230695,4.7343135,2.2266538,4.2118,73.4,2.52708,3.9806447,2.3142858,4.0952377,74.1,2.098153,3.7110896,3.1076326,2.8476236,51.0,3.3142858,2.4571428,57.2
2025-07-11T05:14:12Z,0,29.86,78.7,40,71.2,2,2,29,50,0.0,255,32767,0.0,2127-15-31,0.0,0.12,27.44,0.0,0.0,0.0,0,1.74609375,6,45,05:56,20:31,2025-07-11 05:14:12.281056,Castel Volturno,44.3,2.6230695,4.7343135,2.2266538,4.2118,73.4,2.52708,3.9806447,2.3142858,4.0952377,74.1,2.098153,3.7110896,3.1076326,2.8476236,51.0,3.3142858,2.4571428,57.2
2025-07-11T05:14:23Z,0,29.86,78.7,40,71.2,3,2,66,50,0.0,255,32767,0.0,2127-15-31,0.0,0.12,27.44,0.0,0.0,0.0,0,1.74609375,6,45,05:56,20:31,2025-07-11 05:14:22.836042,Castel Volturno,44.3,2.6230695,4.7343135,2.2266538,4.2118,73.4,2.52708,3.9806447,2.3142858,4.0952377,74.1,2.098153,3.7110896,3.1076326,2.8476236,51.0,3.3142858,2.4571428,57.2
2025-07-11T05:14:33Z,0,29.86,78.7,40,71.2,3,2,64,50,0.0,255,32767,0.0,2127-15-31,0.0,0.12,27.44,0.0,0.0,0.0,0,1.74609375,6,45,05:56,20:31,2025-07-11 05:14:33.390047,Castel Volturno,44.3,2.6230695,4.7343135,2.2266538,4.2118,73.4,2.52708,3.9806447,2.3142858,4.0952377,74.1,2.098153,3.7110896,3.1076326,2.8476236,51.0,3.3142858,2.4571428,57.2
2025-07-11T05:14:44Z,0,29.86,78.7,40,71.2,2,2,57,50,0.0,255,32767,0.0,2127-15-31,0.0,0.12,27.44,0.0,0.0,0.0,0,1.74609375,6,45,05:56,20:31,2025-07-11 05:14:43.944009,Castel Volturno,44.3,2.6230695,4.7343135,2.2266538,4.2118,73.4,2.52708,3.9806447,2.3142858,4.0952377,74.1,2.098153,3.7110896,3.1076326,2.8476236,51.0,3.3142858,2.4571428,57.2
2025-07-11T05:14:54Z,0,29.859,78.7,40,71.2,2,2,65,50,0.0,255,32767,0.0,2127-15-31,0.0,0.12,27.44,0.0,0.0,0.0,0,0.779296875,6,45,05:56,20:31,2025-07-11 05:14:54.499048,Castel Volturno,44.3,2.6230695,4.7343135,2.2266538,4.2118,73.4,2.52708,3.9806447,2.3142858,4.0952377,74.1,2.098153,3.7110896,3.1076326,2.8476236,51.0,3.3142858,2.4571428,57.2
2025-07-11T05:15:05Z,0,29.859,78.7,40,71.2,2,2,43,50,0.0,255,32767,0.0,2127-15-31,0.0,0.12,27.44,0.0,0.0,0.0,0,0.779296875,6,45,05:56,20:31,2025-07-11 05:15:05.053048,Castel Volturno,44.3,2.6230695,4.7343135,2.2266538,4.2118,73.4,2.52708,3.9806447,2.3142858,4.0952377,74.1,2.098153,3.7110896,3.1076326,2.8476236,51.0,3.3142858,2.4571428,57.2
2025-07-11T05:15:15Z,0,29.859,78.7,40,71.2,2,2,41,51,0.0,255,32767,0.0,2127-15-31,0.0,0.12,27.44,0.0,0.0,0.0,0,0.779296875,6,45,05:56,20:31,2025-07-11 05:15:15.608045,Castel Volturno,44.3,2.6230695,4.7343135,2.2266538,4.2118,73.4,2.52708,3.9806447,2.3142858,4.0952377,74.1,2.098153,3.7110896,3.1076326,2.8476236,51.0,3.3142858,2.4571428,57.2
2025-07-11T05:15:26Z,0,29.859,78.7,40,71.2,3,2,70,51,0.0,255,32767,0.0,2127-15-31,0.0,0.12,27.44,0.0,0.0,0.0,0,0.779296875,6,45,05:56,20:31,2025-07-11 05:15:26.162058,Castel Volturno,44.3,2.6230695,4.7343135,2.2266538,4.2118,73.4,2.52708,3.9806447,2.3142858,4.0952377,74.1,2.098153,3.7110896,3.1076326,2.8476236,51.0,3.3142858,2.4571428,57.2
2025-07-11T05:15:36Z,0,29.859,78.7,40,71.2,1,2,34,51,0.0,255,32767,0.0,2127-15-31,0.0,0.12,27.44,0.0,0.0,0.0,0,0.779296875,6,45,05:56,20:31,2025-07-11 05:15:36.747052,Castel Volturno,44.0,2.430027,4.7049127,2.1375687,4.011358,73.8,2.4068148,3.9524086,1.0857143,1.9285715,74.6,1.9025633,3.5626144,2.999761,2.8020062,51.2,1.5285715,1.1571429,57.4
2025-07-11T05:15:48Z,0,29.859,78.7,40,71.2,1,2,44,51,0.0,255,32767,0.0,2127-15-31,0.0,0.12,27.44,0.0,0.0,0.0,0,0.779296875,6,45,05:56,20:31,2025-07-11 05:15:47.813042,Castel Volturno,44.0,2.430027,4.7049127,2.1375687,4.011358,73.8,2.4068148,3.9524086,1.0857143,1.9285715,74.6,1.9025633,3.5626144,2.999761,2.8020062,51.2,1.5285715,1.1571429,57.4
2025-07-11T05:15:58Z,0,29.861,78.7,40,71.2,2,2,81,51,0.0,255,32767,0.0,2127-15-31,0.0,0.12,27.44,0.0,0.0,0.0,0,0.767578125,6,45,05:56,20:31,2025-07-11 05:15:58.359054,Castel Volturno,44.0,2.430027,4.7049127,2.1375687,4.011358,73.8,2.4068148,3.9524086,1.0857143,1.9285715,74.6,1.9025633,3.5626144,2.999761,2.8020062,51.2,1.5285715,1.1571429,57.4
2025-07-11T05:16:09Z,0,29.861,78.7,40,71.3,1,2,19,51,0.0,255,32767,0.0,2127-15-31,0.0,0.12,27.44,0.0,0.0,0.0,0,0.767578125,6,45,05:56,20:31,2025-07-11 05:16:08.913046,Castel Volturno,44.0,2.430027,4.7049127,2.1375687,4.011358,73.8,2.4068148,3.9524086,1.0857143,1.9285715,74.6,1.9025633,3.5626144,2.999761,2.8020062,51.2,1.5285715,1.1571429,57.4
2025-07-11T05:16:19Z,0,29.861,78.7,40,71.3,4,2,18,51,0.0,255,32767,0.0,2127-15-31,0.0,0.12,27.44,0.0,0.0,0.0,0,0.767578125,6,45,05:56,20:31,2025-07-11 05:16:19.467055,Castel Volturno,44.0,2.430027,4.7049127,2.1375687,4.011358,73.8,2.4068148,3.9524086,1.0857143,1.9285715,74.6,1.9025633,3.5626144,2.999761,2.8020062,51.2,1.5285715,1.1571429,57.4
2025-07-11T05:16:30Z,0,29.861,78.7,40,71.3,3,2,18,51,0.0,255,32767,0.0,2127-15-31,0.0,0.12,27.44,0.0,0.0,0.0,0,0.767578125,6,45,05:56,20:31,2025-07-11 05:16:30.030042,Castel Volturno,44.0,2.430027,4.7049127,2.1375687,4.011358,73.8,2.4068148,3.9524086,1.0857143,1.9285715,74.6,1.9025633,3.5626144,2.999761,2.8020062,51.2,1.5285715,1.1571429,57.4
2025-07-11T05:16:40Z,0,29.861,78.7,40,71.3,3,2,80,51,0.0,255,32767,0.0,2127-15-31,0.0,0.12,27.44,0.0,0.0,0.0,0,0.767578125,6,45,05:56,20:31,2025-07-11 05:16:40.584046,Castel Volturno,44.0,2.430027,4.7049127,2.1375687,4.011358,73.8,2.4068148,3.9524086,1.0857143,1.9285715,74.6,1.9025633,3.5626144,2.999761,2.8020062,51.2,1.5285715,1.1571429,57.4
2025-07-11T05:16:51Z,0,29.86,78.6,41,71.3,5,2,18,51,0.0,255,32767,0.0,2127-15-31,0.0,0.12,27.44,0.0,0.0,0.0,0,0.779296875,6,45,05:56,20:31,2025-07-11 05:16:51.138049,Castel Volturno,44.0,2.430027,4.7049127,2.1375687,4.011358,73.8,2.4068148,3.9524086,1.0857143,1.9285715,74.6,1.9025633,3.5626144,2.999761,2.8020062,51.2,1.5285715,1.1571429,57.4
2025-07-11T05:17:01Z,0,29.86,78.6,41,71.3,3,2,23,51,0.0,255,32767,0.0,2127-15-31,0.0,0.12,27.44,0.0,0.0,0.0,0,0.779296875,6,45,05:56,20:31,2025-07-11 05:17:01.691051,Castel Volturno,44.0,2.430027,4.7049127,2.1375687,4.011358,73.8,2.4068148,3.9524086,1.0857143,1.9285715,74.6,1.9025633,3.5626144,2.999761,2.8020062,51.2,1.5285715,1.1571429,57.4
2025-07-11T05:17:12Z,0,29.86,78.6,41,71.3,2,2,80,51,0.0,255,32767,0.0,2127-15-31,0.0,0.12,27.44,0.0,0.0,0.0,0,0.779296875,6,45,05:56,20:31,2025-07-11 05:17:12.245063,Castel Volturno,44.0,2.430027,4.7049127,2.1375687,4.011358,73.8,2.4068148,3.9524086,1.0857143,1.9285715,74.6,1.9025633,3.5626144,2.999761,2.8020062,51.2,1.5285715,1.1571429,57.4
2025-07-11T05:17:22Z,0,29.86,78.6,41,71.3,1,2,19,51,0.0,255,32767,0.0,2127-15-31,0.0,0.12,27.44,0.0,0.0,0.0,0,0.779296875,6,45,05:56,20:31,2025-07-11 05:17:22.799050,Castel Volturno,44.0,2.430027,4.7049127,2.1375687,4.011358,73.8,2.4068148,3.9524086,1.0857143,1.9285715,74.6,1.9025633,3.5626144,2.999761,2.8020062,51.2,1.5285715,1.1571429,57.4
2025-07-11T05:17:33Z,0,29.86,78.6,41,71.3,3,2,85,51,0.0,255,32767,0.0,2127-15-31,0.0,0.12,27.44,0.0,0.0,0.0,0,0.779296875,6,45,05:56,20:31,2025-07-11 05:17:33.354043,Castel Volturno,44.0,2.430027,4.7049127,2.1375687,4.011358,73.8,2.4068148,3.9524086,1.0857143,1.9285715,74.6,1.9025633,3.5626144,2.999761,2.8020062,51.2,1.5285715,1.1571429,57.4
2025-07-11T05:17:44Z,0,29.86,78.6,41,71.4,2,2,71,51,0.0,255,32767,0.0,2127-15-31,0.0,0.12,27.44,0.0,0.0,0.0,0,0.779296875,6,45,05:56,20:31,2025-07-11 05:17:43.908050,Castel Volturno,44.0,2.430027,4.7049127,2.1375687,4.011358,73.8,2.4068148,3.9524086,1.0857143,1.9285715,74.6,1.9025633,3.5626144,2.999761,2.8020062,51.2,1.5285715,1.1571429,57.4
2025-07-11T05:17:54Z,0,29.861,78.6,41,71.4,3,2,22,51,0.0,255,32767,0.0,2127-15-31,0.0,0.12,27.44,0.0,0.0,0.0,0,0.8203125,6,45,05:56,20:31,2025-07-11 05:17:54.462044,Castel Volturno,44.0,2.430027,4.7049127,2.1375687,4.011358,73.8,2.4068148,3.9524086,1.0857143,1.9285715,74.6,1.9025633,3.5626144,2.999761,2.8020062,51.2,1.5285715,1.1571429,57.4
2025-07-11T05:18:05Z,0,29.861,78.6,41,71.3,2,2,21,51,0.0,255,32767,0.0,2127-15-31,0.0,0.12,27.44,0.0,0.0,0.0,0,0.8203125,6,45,05:56,20:31,2025-07-11 05:18:05.016049,Castel Volturno,44.0,2.430027,4.7049127,2.1375687,4.011358,73.8,2.4068148,3.9524086,1.0857143,1.9285715,74.6,1.9025633,3.5626144,2.999761,2.8020062,51.2,1.5285715,1.1571429,57.4
2025-07-11T05:18:15Z,0,29.861,78.6,41,71.3,3,2,9,51,0.0,255,32767,0.0,2127-15-31,0.0,0.12,27.44,0.0,0.0,0.0,0,0.8203125,6,45,05:56,20:31,2025-07-11 05:18:15.570061,Castel Volturno,44.0,2.430027,4.7049127,2.1375687,4.011358,73.8,2.4068148,3.9524086,1.0857143,1.9285715,74.6,1.9025633,3.5626144,2.999761,2.8020062,51.2,1.5285715,1.1571429,57.4
2025-07-11T05:18:26Z,0,29.861,78.6,41,71.3,2,2,48,51,0.0,255,32767,0.0,2127-15-31,0.0,0.12,27.44,0.0,0.0,0.0,0,0.8203125,6,45,05:56,20:31,2025-07-11 05:18:26.108081,Castel Volturno,44.0,2.430027,4.7049127,2.1375687,4.011358,73.8,2.4068148,3.9524086,1.0857143,1.9285715,74.6,1.9025633,3.5626144,2.999761,2.8020062,51.2,1.5285715,1.1571429,57.4
2025-07-11T05:18:36Z,0,29.861,78.6,41,71.3,3,2,65,51,0.0,255,32767,0.0,2127-15-31,0.0,0.12,27.44,0.0,0.0,0.0,0,0.8203125,6,45,05:56,20:31,2025-07-11 05:18:36.685052,Castel Volturno,44.0,2.430027,4.7049127,2.1375687,4.011358,73.8,2.4068148,3.9524086,1.0857143,1.9285715,74.6,1.9025633,3.5626144,2.999761,2.8020062,51.2,1.5285715,1.1571429,57.4
2025-07-11T05:18:47Z,0,29.861,78.6,41,71.4,2,2,39,52,0.0,255,32767,0.0,2127-15-31,0.0,0.12,27.44,0.0,0.0,0.0,0,0.8203125,6,45,05:56,20:31,2025-07-11 05:18:47.244056,Castel Volturno,44.0,2.430027,4.7049127,2.1375687,4.011358,73.8,2.4068148,3.9524086,1.0857143,1.9285715,74.6,1.9025633,3.5626144,2.999761,2.8020062,51.2,1.5285715,1.1571429,57.4
2025-07-11T05:18:57Z,0,29.862,78.6,41,71.3,2,2,46,52,0.0,255,32767,0.0,2127-15-31,0.0,0.12,27.44,0.0,0.0,0.0,0,0.78515625,6,45,05:56,20:31,2025-07-11 05:18:57.798043,Castel Volturno,44.0,2.430027,4.7049127,2.1375687,4.011358,73.8,2.4068148,3.9524086,1.0857143,1.9285715,74.6,1.9025633,3.5626144,2.999761,2.8020062,51.2,1.5285715,1.1571429,57.4
2025-07-11T05:19:08Z,0,29.862,78.6,41,71.3,1,2,75,52,0.0,255,32767,0.0,2127-15-31,0.0,0.12,27.44,0.0,0.0,0.0,0,0.78515625,6,45,05:56,20:31,2025-07-11 05:19:08.353051,Castel Volturno,44.0,2.430027,4.7049127,2.1375687,4.011358,73.8,2.4068148,3.9524086,1.0857143,1.9285715,74.6,1.9025633,3.5626144,2.999761,2.8020062,51.2,1.5285715,1.1571429,57.4
2025-07-11T05:19:19Z,0,29.862,78.6,41,71.3,5,2,86,52,0.0,255,32767,0.0,2127-15-31,0.0,0.12,27.44,0.0,0.0,0.0,0,0.78515625,6,45,05:56,20:31,2025-07-11 05:19:18.907063,Castel Volturno,44.0,2.430027,4.7049127,2.1375687,4.011358,73.8,2.4068148,3.9524086,1.0857143,1.9285715,74.6,1.9025633,3.5626144,2.999761,2.8020062,51.2,1.5285715,1.1571429,57.4
2025-07-11T05:19:29Z,0,29.862,78.6,41,71.3,3,2,43,52,0.0,255,32767,0.0,2127-15-31,0.0,0.12,27.44,0.0,0.0,0.0,0,0.78515625,6,45,05:56,20:31,2025-07-11 05:19:29.708011,Castel Volturno,44.0,2.430027,4.7049127,2.1375687,4.011358,73.8,2.4068148,3.9524086,1.0857143,1.9285715,74.6,1.9025633,3.5626144,2.999761,2.8020062,51.2,1.5285715,1.1571429,57.4
2025-07-11T05:19:40Z,0,29.862,78.6,41,71.3,5,2,32,52,0.0,255,32767,0.0,2127-15-31,0.0,0.12,27.44,0.0,0.0,0.0,0,0.78515625,6,45,05:56,20:31,2025-07-11 05:19:40.262059,Castel Volturno,44.0,2.430027,4.7049127,2.1375687,4.011358,73.8,2.4068148,3.9524086,1.0857143,1.9285715,74.6,1.9025633,3.5626144,2.999761,2.8020062,51.2,1.5285715,1.1571429,57.4
2025-07-11T05:19:51Z,0,29.862,78.5,41,71.3,7,2,11,52,0.0,255,32767,0.0,2127-15-31,0.0,0.12,27.44,0.0,0.0,0.0,0,0.92578125,6,45,05:56,20:31,2025-07-11 05:19:50.824048,Castel Volturno,44.0,2.430027,4.7049127,2.1375687,4.011358,73.8,2.4068148,3.9524086,1.0857143,1.9285715,74.6,1.9025633,3.5626144,2.999761,2.8020062,51.2,1.5285715,1.1571429,57.4
2025-07-11T05:20:01Z,0,29.859,78.5,41,71.4,4,2,96,52,0.0,255,32767,0.0,2127-15-31,0.0,0.12,27.44,0.0,0.0,0.0,0,0.92578125,6,45,05:56,20:31,2025-07-11 05:20:01.380058,Castel Volturno,44.0,2.430027,4.7049127,2.1375687,4.011358,73.8,2.4068148,3.9524086,1.0857143,1.9285715,74.6,1.9025633,3.5626144,2.999761,2.8020062,51.2,1.5285715,1.1571429,57.4
2025-07-11T05:20:12Z,0,29.859,78.5,41,71.3,2,2,84,52,0.0,255,32767,0.0,2127-15-31,0.0,0.12,27.44,0.0,0.0,0.0,0,0.92578125,6,45,05:56,20:31,2025-07-11 05:20:11.934044,Castel Volturno,44.0,2.430027,4.7049127,2.1375687,4.011358,73.8,2.4068148,3.9524086,1.0857143,1.9285715,74.6,1.9025633,3.5626144,2.999761,2.8020062,51.2,1.5285715,1.1571429,57.4
2025-07-11T05:20:22Z,0,29.859,78.5,41,71.3,1,2,57,52,0.0,255,32767,0.0,2127-15-31,0.0,0.12,27.44,0.0,0.0,0.0,0,0.92578125,6,45,05:56,20:31,2025-07-11 05:20:22.488048,Castel Volturno,44.0,2.430027,4.7049127,2.1375687,4.011358,73.8,2.4068148,3.9524086,1.0857143,1.9285715,74.6,1.9025633,3.5626144,2.999761,2.8020062,51.2,1.5285715,1.1571429,57.4
2025-07-11T05:20:33Z,0,29.859,78.5,41,71.3,1,2,41,52,0.0,255,32767,0.0,2127-15-31,0.0,0.12,27.44,0.0,0.0,0.0,0,0.92578125,6,45,05:56,20:31,2025-07-11 05:20:33.042045,Castel Volturno,44.0,2.430027,4.7049127,2.1375687,4.011358,73.8,2.4068148,3.9524086,1.0857143,1.9285715,74.6,1.9025633,3.5626144,2.999761,2.8020062,51.2,1.5285715,1.1571429,57.4
2025-07-11T05:20:43Z,0,29.859,78.5,41,71.3,2,2,71,52,0.0,255,32767,0.0,2127-15-31,0.0,0.12,27.44,0.0,0.0,0.0,0,0.92578125,6,45,05:56,20:31,2025-07-11 05:20:43.595043,Castel Volturno,44.0,2.430027,4.7049127,2.1375687,4.011358,73.8,2.4068148,3.9524086,1.0857143,1.9285715,74.6,1.9025633,3.5626144,2.999761,2.8020062,51.2,1.5285715,1.1571429,57.4
2025-07-11T05:20:54Z,0,29.86,78.6,41,71.4,2,2,57,52,0.0,255,32767,0.0,2127-15-31,0.0,0.12,27.44,0.0,0.0,0.0,0,1.599609375,6,45,05:56,20:31,2025-07-11 05:20:54.676025,Castel Volturno,44.0,2.430027,4.7049127,2.1375687,4.011358,73.8,2.4068148,3.9524086,1.0857143,1.9285715,74.6,1.9025633,3.5626144,2.999761,2.8020062,51.2,1.5285715,1.1571429,57.4
2025-07-11T05:21:05Z,0,29.86,78.6,41,71.4,3,2,40,52,0.0,255,32767,0.0,2127-15-31,0.0,0.12,27.44,0.0,0.0,0.0,0,1.599609375,6,45,05:56,20:31,2025-07-11 05:21:05.230053,Castel Volturno,44.0,2.430027,4.7049127,2.1375687,4.011358,73.8,2.4068148,3.9524086,1.0857143,1.9285715,74.6,1.9025633,3.5626144,2.999761,2.8020062,51.2,1.5285715,1.1571429,57.4
2025-07-11T05:21:15Z,0,29.86,78.6,41,71.4,3,2,38,52,0.0,255,32767,0.0,2127-15-31,0.0,0.12,27.44,0.0,0.0,0.0,0,1.599609375,6,45,05:56,20:31,2025-07-11 05:21:15.784048,Castel Volturno,44.0,2.430027,4.7049127,2.1375687,4.011358,73.8,2.4068148,3.9524086,1.0857143,1.9285715,74.6,1.9025633,3.5626144,2.999761,2.8020062,51.2,1.5285715,1.1571429,57.4
2025-07-11T05:21:26Z,0,29.86,78.6,41,71.4,0,2,56,52,0.0,255,32767,0.0,2127-15-31,0.0,0.12,27.44,0.0,0.0,0.0,0,1.599609375,6,45,05:56,20:31,2025-07-11 05:21:26.338045,Castel Volturno,44.0,2.430027,4.7049127,2.1375687,4.011358,73.8,2.4068148,3.9524086,1.0857143,1.9285715,74.6,1.9025633,3.5626144,2.999761,2.8020062,51.2,1.5285715,1.1571429,57.4
2025-07-11T05:21:37Z,0,29.86,78.6,41,71.4,2,2,64,52,0.0,255,32767,0.0,2127-15-31,0.0,0.12,27.44,0.0,0.0,0.0,0,1.599609375,6,45,05:56,20:31,2025-07-11 05:21:36.892047,Castel Volturno,44.0,2.430027,4.7049127,2.1375687,4.011358,73.8,2.4068148,3.9524086,1.0857143,1.9285715,74.6,1.9025633,3.5626144,2.999761,2.8020062,51.2,1.5285715,1.1571429,57.4
2025-07-11T05:21:47Z,0,29.86,78.6,41,71.4,3,2,35,52,0.0,255,32767,0.0,2127-15-31,0.0,0.12,27.44,0.0,0.0,0.0,0,1.599609375,6,45,05:56,20:31,2025-07-11 05:21:47.446044,Castel Volturno,44.0,2.430027,4.7049127,2.1375687,4.011358,73.8,2.4068148,3.9524086,1.0857143,1.9285715,74.6,1.9025633,3.5626144,2.999761,2.8020062,51.2,1.5285715,1.1571429,57.4
2025-07-11T05:21:58Z,0,29.86,78.5,42,71.4,6,2,92,52,0.0,255,32767,0.0,2127-15-31,0.0,0.12,27.44,0.0,0.0,0.0,0,0.78515625,6,45,05:56,20:31,2025-07-11 05:21:58.002053,Castel Volturno,44.0,2.430027,4.7049127,2.1375687,4.011358,73.8,2.4068148,3.9524086,1.0857143,1.9285715,74.6,1.9025633,3.5626144,2.999761,2.8020062,51.2,1.5285715,1.1571429,57.4
2025-07-11T05:22:08Z,0,29.86,78.5,42,71.4,3,2,29,52,0.0,255,32767,0.0,2127-15-31,0.0,0.12,27.44,0.0,0.0,0.0,0,0.78515625,6,45,05:56,20:31,2025-07-11 05:22:08.556044,Castel Volturno,44.0,2.430027,4.7049127,2.1375687,4.011358,73.8,2.4068148,3.9524086,1.0857143,1.9285715,74.6,1.9025633,3.5626144,2.999761,2.8020062,51.2,1.5285715,1.1571429,57.4
2025-07-11T05:22:19Z,0,29.86,78.5,42,71.4,3,2,30,52,0.0,255,32767,0.0,2127-15-31,0.0,0.12,27.44,0.0,0.0,0.0,0,0.78515625,6,45,05:56,20:31,2025-07-11 05:22:19.110047,Castel Volturno,44.0,2.430027,4.7049127,2.1375687,4.011358,73.8,2.4068148,3.9524086,1.0857143,1.9285715,74.6,1.9025633,3.5626144,2.999761,2.8020062,51.2,1.5285715,1.1571429,57.4
2025-07-11T05:22:29Z,0,29.86,78.5,42,71.4,2,2,355,52,0.0,255,32767,0.0,2127-15-31,0.0,0.12,27.44,0.0,0.0,0.0,0,0.78515625,6,45,05:56,20:31,2025-07-11 05:22:29.664051,Castel Volturno,44.0,2.430027,4.7049127,2.1375687,4.011358,73.8,2.4068148,3.9524086,1.0857143,1.9285715,74.6,1.9025633,3.5626144,2.999761,2.8020062,51.2,1.5285715,1.1571429,57.4
2025-07-11T05:22:40Z,0,29.86,78.5,42,71.4,2,2,285,52,0.0,255,32767,0.0,2127-15-31,0.0,0.12,27.44,0.0,0.0,0.0,0,0.78515625,6,45,05:56,20:31,2025-07-11 05:22:40.217041,Castel Volturno,44.0,2.430027,4.7049127,2.1375687,4.011358,73.8,2.4068148,3.9524086,1.0857143,1.9285715,74.6,1.9025633,3.5626144,2.999761,2.8020062,51.2,1.5285715,1.1571429,57.4
2025-07-11T05:22:51Z,0,29.86,78.5,42,71.4,4,3,18,52,0.0,255,32767,0.0,2127-15-31,0.0,0.12,27.44,0.0,0.0,0.0,0,0.884765625,6,45,05:56,20:31,2025-07-11 05:22:50.814054,Castel Volturno,44.0,2.430027,4.7049127,2.1375687,4.011358,73.8,2.4068148,3.9524086,1.0857143,1.9285715,74.6,1.9025633,3.5626144,2.999761,2.8020062,51.2,1.5285715,1.1571429,57.4
2025-07-11T05:23:01Z,0,29.862,78.5,42,71.3,3,3,85,52,0.0,255,32767,0.0,2127-15-31,0.0,0.12,27.44,0.0,0.0,0.0,0,0.884765625,6,45,05:56,20:31,2025-07-11 05:23:01.368051,Castel Volturno,44.0,2.430027,4.7049127,2.1375687,4.011358,73.8,2.4068148,3.9524086,1.0857143,1.9285715,74.6,1.9025633,3.5626144,2.999761,2.8020062,51.2,1.5285715,1.1571429,57.4
2025-07-11T05:23:12Z,0,29.862,78.5,42,71.3,3,3,28,53,0.0,255,32767,0.0,2127-15-31,0.0,0.12,27.44,0.0,0.0,0.0,0,0.884765625,6,45,05:56,20:31,2025-07-11 05:23:11.948044,Castel Volturno,44.0,2.430027,4.7049127,2.1375687,4.011358,73.8,2.4068148,3.9524086,1.0857143,1.9285715,74.6,1.9025633,3.5626144,2.999761,2.8020062,51.2,1.5285715,1.1571429,57.4
2025-07-11T05:23:22Z,0,29.862,78.5,42,71.4,4,3,90,53,0.0,255,32767,0.0,2127-15-31,0.0,0.12,27.44,0.0,0.0,0.0,0,0.884765625,6,45,05:56,20:31,2025-07-11 05:23:22.502006,Castel Volturno,44.0,2.430027,4.7049127,2.1375687,4.011358,73.8,2.4068148,3.9524086,1.0857143,1.9285715,74.6,1.9025633,3.5626144,2.999761,2.8020062,51.2,1.5285715,1.1571429,57.4
2025-07-11T05:23:33Z,0,29.862,78.5,42,71.3,3,3,80,53,0.0,255,32767,0.0,2127-15-31,0.0,0.12,27.44,0.0,0.0,0.0,0,0.884765625,6,45,05:56,20:31,2025-07-11 05:23:33.056045,Castel Volturno,44.0,2.430027,4.7049127,2.1375687,4.011358,73.8,2.4068148,3.9524086,1.0857143,1.9285715,74.6,1.9025633,3.5626144,2.999761,2.8020062,51.2,1.5285715,1.1571429,57.4
2025-07-11T05:23:43Z,0,29.862,78.5,42,71.4,3,3,74,53,0.0,255,32767,0.0,2127-15-31,0.0,0.12,27.44,0.0,0.0,0.0,0,0.884765625,6,45,05:56,20:31,2025-07-11 05:23:43.611046,Castel Volturno,44.0,2.430027,4.7049127,2.1375687,4.011358,73.8,2.4068148,3.9524086,1.0857143,1.9285715,74.6,1.9025633,3.5626144,2.999761,2.8020062,51.2,1.5285715,1.1571429,57.4
2025-07-11T05:23:54Z,0,29.86,78.5,42,71.4,3,3,73,53,0.0,255,32767,0.0,2127-15-31,0.0,0.12,27.44,0.0,0.0,0.0,0,0.7734375,6,45,05:56,20:31,2025-07-11 05:23:54.166049,Castel Volturno,44.0,2.430027,4.7049127,2.1375687,4.011358,73.8,2.4068148,3.9524086,1.0857143,1.9285715,74.6,1.9025633,3.5626144,2.999761,2.8020062,51.2,1.5285715,1.1571429,57.4
2025-07-11T05:24:04Z,0,29.86,78.5,42,71.4,4,3,80,53,0.0,255,32767,0.0,2127-15-31,0.0,0.12,27.44,0.0,0.0,0.0,0,0.7734375,6,45,05:56,20:31,2025-07-11 05:24:04.722049,Castel Volturno,44.0,2.430027,4.7049127,2.1375687,4.011358,73.8,2.4068148,3.9524086,1.0857143,1.9285715,74.6,1.9025633,3.5626144,2.999761,2.8020062,51.2,1.5285715,1.1571429,57.4
2025-07-11T05:24:15Z,0,29.86,78.5,42,71.3,4,3,19,53,0.0,255,32767,0.0,2127-15-31,0.0,0.12,27.44,0.0,0.0,0.0,0,0.7734375,6,45,05:56,20:31,2025-07-11 05:24:15.292045,Castel Volturno,44.0,2.430027,4.7049127,2.1375687,4.011358,73.8,2.4068148,3.9524086,1.0857143,1.9285715,74.6,1.9025633,3.5626144,2.999761,2.8020062,51.2,1.5285715,1.1571429,57.4
2025-07-11T05:24:26Z,0,29.86,78.5,42,71.3,2,3,36,53,0.0,255,32767,0.0,2127-15-31,0.0,0.12,27.44,0.0,0.0,0.0,0,0.7734375,6,45,05:56,20:31,2025-07-11 05:24:25.846043,Castel Volturno,44.0,2.430027,4.7049127,2.1375687,4.011358,73.8,2.4068148,3.9524086,1.0857143,1.9285715,74.6,1.9025633,3.5626144,2.999761,2.8020062,51.2,1.5285715,1.1571429,57.4
2025-07-11T05:24:36Z,0,29.86,78.5,42,71.4,4,3,80,53,0.0,255,32767,0.0,2127-15-31,0.0,0.12,27.44,0.0,0.0,0.0,0,0.7734375,6,45,05:56,20:31,2025-07-11 05:24:36.401053,Castel Volturno,44.0,2.430027,4.7049127,2.1375687,4.011358,73.8,2.4068148,3.9524086,1.0857143,1.9285715,74.6,1.9025633,3.5626144,2.999761,2.8020062,51.2,1.5285715,1.1571429,57.4
2025-07-11T05:24:47Z,0,29.86,78.5,42,71.4,4,3,63,53,0.0,255,32767,0.0,2127-15-31,0.0,0.12,27.44,0.0,0.0,0.0,0,0.7734375,6,45,05:56,20:31,2025-07-11 05:24:46.955049,Castel Volturno,44.0,2.430027,4.7049127,2.1375687,4.011358,73.8,2.4068148,3.9524086,1.0857143,1.9285715,74.6,1.9025633,3.5626144,2.999761,2.8020062,51.2,1.5285715,1.1571429,57.4
2025-07-11T05:24:57Z,0,29.861,78.5,42,71.3,3,3,78,53,0.0,255,32767,0.0,2127-15-31,0.0,0.12,27.44,0.0,0.0,0.0,0,0.78515625,6,45,05:56,20:31,2025-07-11 05:24:57.509048,Castel Volturno,44.0,2.430027,4.7049127,2.1375687,4.011358,73.8,2.4068148,3.9524086,1.0857143,1.9285715,74.6,1.9025633,3.5626144,2.999761,2.8020062,51.2,1.5285715,1.1571429,57.4
2025-07-11T05:25:08Z,0,29.861,78.5,42,71.3,5,3,42,53,0.0,255,32767,0.0,2127-15-31,0.0,0.12,27.44,0.0,0.0,0.0,0,0.78515625,6,45,05:56,20:31,2025-07-11 05:25:08.063048,Castel Volturno,44.0,2.430027,4.7049127,2.1375687,4.011358,73.8,2.4068148,3.9524086,1.0857143,1.9285715,74.6,1.9025633,3.5626144,2.999761,2.8020062,51.2,1.5285715,1.1571429,57.4
2025-07-11T05:25:18Z,0,29.861,78.5,42,71.3,2,3,70,53,0.0,255,32767,0.0,2127-15-31,0.0,0.12,27.44,0.0,0.0,0.0,0,0.78515625,6,45,05:56,20:31,2025-07-11 05:25:18.617043,Castel Volturno,44.0,2.430027,4.7049127,2.1375687,4.011358,73.8,2.4068148,3.9524086,1.0857143,1.9285715,74.6,1.9025633,3.5626144,2.999761,2.8020062,51.2,1.5285715,1.1571429,57.4
2025-07-11T05:25:29Z,0,29.861,78.5,42,71.3,2,3,51,53,0.0,255,32767,0.0,2127-15-31,0.0,0.12,27.44,0.0,0.0,0.0,0,0.78515625,6,45,05:56,20:31,2025-07-11 05:25:29.171051,Castel Volturno,44.0,2.430027,4.7049127,2.1375687,4.011358,73.8,2.4068148,3.9524086,1.0857143,1.9285715,74.6,1.9025633,3.5626144,2.999761,2.8020062,51.2,1.5285715,1.1571429,57.4
2025-07-11T05:25:39Z,0,29.861,78.5,42,71.3,4,3,59,53,0.0,255,32767,0.0,2127-15-31,0.0,0.12,27.44,0.0,0.0,0.0,0,0.78515625,6,45,05:56,20:31,2025-07-11 05:25:39.725050,Castel Volturno,44.0,2.430027,4.7049127,2.1375687,4.011358,73.8,2.4068148,3.9524086,1.0857143,1.9285715,74.6,1.9025633,3.5626144,2.999761,2.8020062,51.2,1.5285715,1.1571429,57.4
2025-07-11T05:25:50Z,0,29.861,78.5,42,71.3,4,3,74,53,0.0,255,32767,0.0,2127-15-31,0.0,0.12,27.44,0.0,0.0,0.0,0,0.78515625,6,45,05:56,20:31,2025-07-11 05:25:50.279047,Castel Volturno,44.0,2.430027,4.7049127,2.1375687,4.011358,73.8,2.4068148,3.9524086,1.0857143,1.9285715,74.6,1.9025633,3.5626144,2.999761,2.8020062,51.2,1.5285715,1.1571429,57.4
2025-07-11T05:26:01Z,0,29.86,78.5,42,71.3,3,3,80,53,0.0,255,32767,0.0,2127-15-31,0.0,0.12,27.44,0.0,0.0,0.0,0,0.837890625,6,45,05:56,20:31,2025-07-11 05:26:01.330044,Castel Volturno,44.0,2.430027,4.7049127,2.1375687,4.011358,73.8,2.4068148,3.9524086,1.0857143,1.9285715,74.6,1.9025633,3.5626144,2.999761,2.8020062,51.2,1.5285715,1.1571429,57.4
2025-07-11T05:26:12Z,0,29.86,78.5,42,71.3,5,3,25,53,0.0,255,32767,0.0,2127-15-31,0.0,0.12,27.44,0.0,0.0,0.0,0,0.837890625,6,45,05:56,20:31,2025-07-11 05:26:11.885042,Castel Volturno,44.0,2.430027,4.7049127,2.1375687,4.011358,73.8,2.4068148,3.9524086,1.0857143,1.9285715,74.6,1.9025633,3.5626144,2.999761,2.8020062,51.2,1.5285715,1.1571429,57.4
2025-07-11T05:26:22Z,0,29.86,78.5,42,71.3,4,3,75,53,0.0,255,32767,0.0,2127-15-31,0.0,0.12,27.44,0.0,0.0,0.0,0,0.837890625,6,45,05:56,20:31,2025-07-11 05:26:22.439050,Castel Volturno,44.0,2.430027,4.7049127,2.1375687,4.011358,73.8,2.4068148,3.9524086,1.0857143,1.9285715,74.6,1.9025633,3.5626144,2.999761,2.8020062,51.2,1.5285715,1.1571429,57.4
2025-07-11T05:26:33Z,0,29.86,78.5,42,71.4,4,3,88,53,0.0,255,32767,0.0,2127-15-31,0.0,0.12,27.44,0.0,0.0,0.0,0,0.837890625,6,45,05:56,20:31,2025-07-11 05:26:32.993046,Castel Volturno,44.0,2.430027,4.7049127,2.1375687,4.011358,73.8,2.4068148,3.9524086,1.0857143,1.9285715,74.6,1.9025633,3.5626144,2.999761,2.8020062,51.2,1.5285715,1.1571429,57.4
2025-07-11T05:26:43Z,0,29.86,78.5,42,71.4,3,3,65,53,0.0,255,32767,0.0,2127-15-31,0.0,0.12,27.44,0.0,0.0,0.0,0,0.837890625,6,45,05:56,20:31,2025-07-11 05:26:43.547050,Castel Volturno,44.0,2.430027,4.7049127,2.1375687,4.011358,73.8,2.4068148,3.9524086,1.0857143,1.9285715,74.6,1.9025633,3.5626144,2.999761,2.8020062,51.2,1.5285715,1.1571429,57.4
2025-07-11T05:26:54Z,0,29.863,78.5,42,71.3,3,3,83,53,0.0,255,32767,0.0,2127-15-31,0.0,0.12,27.44,0.0,0.0,0.0,0,0.9140625,6,45,05:56,20:31,2025-07-11 05:26:54.101046,Castel Volturno,44.0,2.430027,4.7049127,2.1375687,4.011358,73.8,2.4068148,3.9524086,1.0857143,1.9285715,74.6,1.9025633,3.5626144,2.999761,2.8020062,51.2,1.5285715,1.1571429,57.4
2025-07-11T05:27:04Z,0,29.863,78.5,42,71.3,5,3,67,53,0.0,255,32767,0.0,2127-15-31,0.0,0.12,27.44,0.0,0.0,0.0,0,0.9140625,6,45,05:56,20:31,2025-07-11 05:27:04.655070,Castel Volturno,44.0,2.430027,4.7049127,2.1375687,4.011358,73.8,2.4068148,3.9524086,1.0857143,1.9285715,74.6,1.9025633,3.5626144,2.999761,2.8020062,51.2,1.5285715,1.1571429,57.4
2025-07-11T05:27:15Z,0,29.863,78.5,42,71.3,6,3,90,53,0.0,255,32767,0.0,2127-15-31,0.0,0.12,27.44,0.0,0.0,0.0,0,0.9140625,6,45,05:56,20:31,2025-07-11 05:27:15.209047,Castel Volturno,44.0,2.430027,4.7049127,2.1375687,4.011358,73.8,2.4068148,3.9524086,1.0857143,1.9285715,74.6,1.9025633,3.5626144,2.999761,2.8020062,51.2,1.5285715,1.1571429,57.4
2025-07-11T05:27:25Z,0,29.863,78.5,42,71.3,6,3,34,53,0.0,255,32767,0.0,2127-15-31,0.0,0.12,27.44,0.0,0.0,0.0,0,0.9140625,6,45,05:56,20:31,2025-07-11 05:27:25.763074,Castel Volturno,44.0,2.430027,4.7049127,2.1375687,4.011358,73.8,2.4068148,3.9524086,1.0857143,1.9285715,74.6,1.9025633,3.5626144,2.999761,2.8020062,51.2,1.5285715,1.1571429,57.4
2025-07-11T05:27:36Z,0,29.863,78.5,42,71.3,3,3,22,53,0.0,255,32767,0.0,2127-15-31,0.0,0.12,27.44,0.0,0.0,0.0,0,0.9140625,6,45,05:56,20:31,2025-07-11 05:27:36.319047,Castel Volturno,44.0,2.430027,4.7049127,2.1375687,4.011358,73.8,2.4068148,3.9524086,1.0857143,1.9285715,74.6,1.9025633,3.5626144,2.999761,2.8020062,51.2,1.5285715,1.1571429,57.4
2025-07-11T05:27:47Z,0,29.863,78.5,42,71.3,1,3,65,53,0.0,255,32767,0.0,2127-15-31,0.0,0.12,27.44,0.0,0.0,0.0,0,0.9140625,6,45,05:56,20:31,2025-07-11 05:27:46.886064,Castel Volturno,44.0,2.430027,4.7049127,2.1375687,4.011358,73.8,2.4068148,3.9524086,1.0857143,1.9285715,74.6,1.9025633,3.5626144,2.999761,2.8020062,51.2,1.5285715,1.1571429,57.4
2025-07-11T05:27:57Z,0,29.861,78.5,42,71.3,3,3,63,53,0.0,255,32767,0.0,2127-15-31,0.0,0.12,27.44,0.0,0.0,0.0,0,1.529296875,6,45,05:56,20:31,2025-07-11 05:27:57.440053,Castel Volturno,44.0,2.430027,4.7049127,2.1375687,4.011358,73.8,2.4068148,3.9524086,1.0857143,1.9285715,74.6,1.9025633,3.5626144,2.999761,2.8020062,51.2,1.5285715,1.1571429,57.4
2025-07-11T05:28:08Z,0,29.861,78.5,42,71.3,2,3,49,53,0.0,255,32767,0.0,2127-15-31,0.0,0.12,27.44,0.0,0.0,0.0,0,1.529296875,6,45,05:56,20:31,2025-07-11 05:28:07.994065,Castel Volturno,44.0,2.430027,4.7049127,2.1375687,4.011358,73.8,2.4068148,3.9524086,1.0857143,1.9285715,74.6,1.9025633,3.5626144,2.999761,2.8020062,51.2,1.5285715,1.1571429,57.4
2025-07-11T05:28:18Z,0,29.861,78.5,42,71.3,2,3,39,53,0.0,255,32767,0.0,2127-15-31,0.0,0.12,27.44,0.0,0.0,0.0,0,1.529296875,6,45,05:56,20:31,2025-07-11 05:28:18.581046,Castel Volturno,44.0,2.430027,4.7049127,2.1375687,4.011358,73.8,2.4068148,3.9524086,1.0857143,1.9285715,74.6,1.9025633,3.5626144,2.999761,2.8020062,51.2,1.5285715,1.1571429,57.4
2025-07-11T05:28:29Z,0,29.861,78.5,42,71.3,2,3,11,54,0.0,255,32767,0.0,2127-15-31,0.0,0.12,27.44,0.0,0.0,0.0,0,1.529296875,6,45,05:56,20:31,2025-07-11 05:28:29.136045,Castel Volturno,44.0,2.430027,4.7049127,2.1375687,4.011358,73.8,2.4068148,3.9524086,1.0857143,1.9285715,74.6,1.9025633,3.5626144,2.999761,2.8020062,51.2,1.5285715,1.1571429,57.4
2025-07-11T05:28:39Z,0,29.861,78.5,42,71.3,3,3,60,54,0.0,255,32767,0.0,2127-15-31,0.0,0.12,27.44,0.0,0.0,0.0,0,1.529296875,6,45,05:56,20:31,2025-07-11 05:28:39.690056,Castel Volturno,44.0,2.430027,4.7049127,2.1375687,4.011358,73.8,2.4068148,3.9524086,1.0857143,1.9285715,74.6,1.9025633,3.5626144,2.999761,2.8020062,51.2,1.5285715,1.1571429,57.4
2025-07-11T05:28:50Z,0,29.861,78.5,42,71.3,4,3,73,54,0.0,255,32767,0.0,2127-15-31,0.0,0.12,27.44,0.0,0.0,0.0,0,1.529296875,6,45,05:56,20:31,2025-07-11 05:28:50.244042,Castel Volturno,44.0,2.430027,4.7049127,2.1375687,4.011358,73.8,2.4068148,3.9524086,1.0857143,1.9285715,74.6,1.9025633,3.5626144,2.999761,2.8020062,51.2,1.5285715,1.1571429,57.4
2025-07-11T05:29:00Z,0,29.864,78.5,42,71.3,3,3,81,54,0.0,255,32767,0.0,2127-15-31,0.0,0.12,27.44,0.0,0.0,0.0,0,0.826171875,6,45,05:56,20:31,2025-07-11 05:29:00.798043,Castel Volturno,44.0,2.430027,4.7049127,2.1375687,4.011358,73.8,2.4068148,3.9524086,1.0857143,1.9285715,74.6,1.9025633,3.5626144,2.999761,2.8020062,51.2,1.5285715,1.1571429,57.4
2025-07-11T05:29:11Z,0,29.864,78.5,42,71.3,6,3,92,54,0.0,255,32767,0.0,2127-15-31,0.0,0.12,27.44,0.0,0.0,0.0,0,0.826171875,6,45,05:56,20:31,2025-07-11 05:29:11.352011,Castel Volturno,44.0,2.430027,4.7049127,2.1375687,4.011358,73.8,2.4068148,3.9524086,1.0857143,1.9285715,74.6,1.9025633,3.5626144,2.999761,2.8020062,51.2,1.5285715,1.1571429,57.4
2025-07-11T05:29:22Z,0,29.864,78.5,42,71.3,3,3,79,54,0.0,255,32767,0.0,2127-15-31,0.0,0.12,27.44,0.0,0.0,0.0,0,0.826171875,6,45,05:56,20:31,2025-07-11 05:29:21.907052,Castel Volturno,44.0,2.430027,4.7049127,2.1375687,4.011358,73.8,2.4068148,3.9524086,1.0857143,1.9285715,74.6,1.9025633,3.5626144,2.999761,2.8020062,51.2,1.5285715,1.1571429,57.4
2025-07-11T05:29:32Z,0,29.864,78.5,42,71.3,2,3,61,54,0.0,255,32767,0.0,2127-15-31,0.0,0.12,27.44,0.0,0.0,0.0,0,0.826171875,6,45,05:56,20:31,2025-07-11 05:29:32.461056,Castel Volturno,44.0,2.430027,4.7049127,2.1375687,4.011358,73.8,2.4068148,3.9524086,1.0857143,1.9285715,74.6,1.9025633,3.5626144,2.999761,2.8020062,51.2,1.5285715,1.1571429,57.4
2025-07-11T05:29:43Z,0,29.864,78.5,42,71.3,2,3,80,54,0.0,255,32767,0.0,2127-15-31,0.0,0.12,27.44,0.0,0.0,0.0,0,0.826171875,6,45,05:56,20:31,2025-07-11 05:29:43.015012,Castel Volturno,44.0,2.430027,4.7049127,2.1375687,4.011358,73.8,2.4068148,3.9524086,1.0857143,1.9285715,74.6,1.9025633,3.5626144,2.999761,2.8020062,51.2,1.5285715,1.1571429,57.4
2025-07-11T05:29:53Z,0,29.863,78.4,42,71.3,2,3,49,54,0.0,255,32767,0.0,2127-15-31,0.0,0.12,27.44,0.0,0.0,0.0,0,0.796875,6,45,05:56,20:31,2025-07-11 05:29:53.569042,Castel Volturno,44.0,2.430027,4.7049127,2.1375687,4.011358,73.8,2.4068148,3.9524086,1.0857143,1.9285715,74.6,1.9025633,3.5626144,2.999761,2.8020062,51.2,1.5285715,1.1571429,57.4
2025-07-11T05:30:04Z,0,29.863,78.4,42,71.3,3,3,74,54,0.0,255,32767,0.0,2127-15-31,0.0,0.12,27.44,0.0,0.0,0.0,0,0.796875,6,45,05:56,20:31,2025-07-11 05:30:04.124010,Castel Volturno,44.0,2.430027,4.7049127,2.1375687,4.011358,73.8,2.4068148,3.9524086,1.0857143,1.9285715,74.6,1.9025633,3.5626144,2.999761,2.8020062,51.2,1.5285715,1.1571429,57.4
2025-07-11T05:30:14Z,0,29.863,78.4,42,71.3,2,3,90,54,0.0,255,32767,0.0,2127-15-31,0.0,0.12,27.44,0.0,0.0,0.0,0,0.796875,6,45,05:56,20:31,2025-07-11 05:30:14.674055,Castel Volturno,44.0,2.430027,4.7049127,2.1375687,4.011358,73.8,2.4068148,3.9524086,1.0857143,1.9285715,74.6,1.9025633,3.5626144,2.999761,2.8020062,51.2,1.5285715,1.1571429,57.4
2025-07-11T05:30:25Z,0,29.863,78.4,42,71.3,1,3,95,54,0.0,255,32767,0.0,2127-15-31,0.0,0.12,27.44,0.0,0.0,0.0,0,0.796875,6,45,05:56,20:31,2025-07-11 05:30:25.227048,Castel Volturno,44.0,2.430027,4.7049127,2.1375687,4.011358,73.8,2.4068148,3.9524086,1.0857143,1.9285715,74.6,1.9025633,3.5626144,2.999761,2.8020062,51.2,1.5285715,1.1571429,57.4
2025-07-11T05:30:35Z,0,29.863,78.4,42,71.3,3,3,92,54,0.0,255,32767,0.0,2127-15-31,0.0,0.12,27.44,0.0,0.0,0.0,0,0.796875,6,45,05:56,20:31,2025-07-11 05:30:35.781043,Castel Volturno,44.0,2.430027,4.7049127,2.1375687,4.011358,73.8,2.4068148,3.9524086,1.0857143,1.9285715,74.6,1.9025633,3.5626144,2.999761,2.8020062,51.2,1.5285715,1.1571429,57.4
2025-07-11T05:30:46Z,0,29.863,78.4,42,71.3,2,3,70,54,0.0,255,32767,0.0,2127-15-31,0.0,0.12,27.44,0.0,0.0,0.0,0,0.796875,6,45,05:56,20:31,2025-07-11 05:30:46.335059,Castel Volturno,44.0,2.430027,4.7049127,2.1375687,4.011358,73.8,2.4068148,3.9524086,1.0857143,1.9285715,74.6,1.9025633,3.5626144,2.999761,2.8020062,51.2,1.5285715,1.1571429,57.4
2025-07-11T05:30:57Z,0,29.864,78.4,43,71.3,2,3,82,54,0.0,255,32767,0.0,2127-15-31,0.0,0.12,27.44,0.0,0.0,0.0,0,0.796875,6,45,05:56,20:31,2025-07-11 05:30:56.905053,Castel Volturno,46.3,2.27872,4.6940303,2.0934067,3.8454802,74.6,2.3072882,3.9432685,1.6142857,3.0714285,75.0,1.7341772,3.489011,2.9120948,2.7539418,53.0,2.8857143,1.8428571,58.8
2025-07-11T05:31:08Z,0,29.864,78.4,43,71.3,3,3,44,54,0.0,255,32767,0.0,2127-15-31,0.0,0.12,27.44,0.0,0.0,0.0,0,0.796875,6,45,05:56,20:31,2025-07-11 05:31:07.975047,Castel Volturno,46.3,2.27872,4.6940303,2.0934067,3.8454802,74.6,2.3072882,3.9432685,1.6142857,3.0714285,75.0,1.7341772,3.489011,2.9120948,2.7539418,53.0,2.8857143,1.8428571,58.8
2025-07-11T05:31:18Z,0,29.864,78.4,43,71.3,2,3,56,54,0.0,255,32767,0.0,2127-15-31,0.0,0.12,27.44,0.0,0.0,0.0,0,0.796875,6,45,05:56,20:31,2025-07-11 05:31:18.529042,Castel Volturno,46.3,2.27872,4.6940303,2.0934067,3.8454802,74.6,2.3072882,3.9432685,1.6142857,3.0714285,75.0,1.7341772,3.489011,2.9120948,2.7539418,53.0,2.8857143,1.8428571,58.8
2025-07-11T05:31:29Z,0,29.864,78.4,43,71.3,1,3,75,54,0.0,255,32767,0.0,2127-15-31,0.0,0.12,27.44,0.0,0.0,0.0,0,0.796875,6,45,05:56,20:31,2025-07-11 05:31:29.094042,Castel Volturno,46.3,2.27872,4.6940303,2.0934067,3.8454802,74.6,2.3072882,3.9432685,1.6142857,3.0714285,75.0,1.7341772,3.489011,2.9120948,2.7539418,53.0,2.8857143,1.8428571,58.8
2025-07-11T05:31:39Z,0,29.864,78.4,43,71.3,2,3,22,54,0.0,255,32767,0.0,2127-15-31,0.0,0.12,27.44,0.0,0.0,0.0,0,0.796875,6,45,05:56,20:31,2025-07-11 05:31:39.648012,Castel Volturno,46.3,2.27872,4.6940303,2.0934067,3.8454802,74.6,2.3072882,3.9432685,1.6142857,3.0714285,75.0,1.7341772,3.489011,2.9120948,2.7539418,53.0,2.8857143,1.8428571,58.8
2025-07-11T05:31:50Z,0,29.864,78.4,43,71.3,4,3,44,54,0.0,255,32767,0.0,2127-15-31,0.0,0.12,27.44,0.0,0.0,0.0,0,0.796875,6,45,05:56,20:31,2025-07-11 05:31:50.202052,Castel Volturno,46.3,2.27872,4.6940303,2.0934067,3.8454802,74.6,2.3072882,3.9432685,1.6142857,3.0714285,75.0,1.7341772,3.489011,2.9120948,2.7539418,53.0,2.8857143,1.8428571,58.8
2025-07-11T05:32:00Z,0,29.864,78.4,42,71.3,3,3,80,54,0.0,255,32767,0.0,2127-15-31,0.0,0.12,27.44,0.0,0.0,0.0,0,0.814453125,6,45,05:56,20:31,2025-07-11 05:32:00.756052,Castel Volturno,46.3,2.27872,4.6940303,2.0934067,3.8454802,74.6,2.3072882,3.9432685,1.6142857,3.0714285,75.0,1.7341772,3.489011,2.9120948,2.7539418,53.0,2.8857143,1.8428571,58.8
2025-07-11T05:32:11Z,0,29.864,78.4,42,71.3,3,3,89,54,0.0,255,32767,0.0,2127-15-31,0.0,0.12,27.44,0.0,0.0,0.0,0,0.814453125,6,45,05:56,20:31,2025-07-11 05:32:11.310047,Castel Volturno,46.3,2.27872,4.6940303,2.0934067,3.8454802,74.6,2.3072882,3.9432685,1.6142857,3.0714285,75.0,1.7341772,3.489011,2.9120948,2.7539418,53.0,2.8857143,1.8428571,58.8
2025-07-11T05:32:22Z,0,29.864,78.4,42,71.3,5,3,83,54,0.0,255,32767,0.0,2127-15-31,0.0,0.12,27.44,0.0,0.0,0.0,0,0.814453125,6,45,05:56,20:31,2025-07-11 05:32:21.864038,Castel Volturno,46.3,2.27872,4.6940303,2.0934067,3.8454802,74.6,2.3072882,3.9432685,1.6142857,3.0714285,75.0,1.7341772,3.489011,2.9120948,2.7539418,53.0,2.8857143,1.8428571,58.8
2025-07-11T05:32:32Z,0,29.864,78.4,42,71.3,3,3,24,54,0.0,255,32767,0.0,2127-15-31,0.0,0.12,27.44,0.0,0.0,0.0,0,0.814453125,6,45,05:56,20:31,2025-07-11 05:32:32.419051,Castel Volturno,46.3,2.27872,4.6940303,2.0934067,3.8454802,74.6,2.3072882,3.9432685,1.6142857,3.0714285,75.0,1.7341772,3.489011,2.9120948,2.7539418,53.0,2.8857143,1.8428571,58.8
2025-07-11T05:32:43Z,0,29.864,78.4,42,71.3,3,3,83,54,0.0,255,32767,0.0,2127-15-31,0.0,0.12,27.44,0.0,0.0,0.0,0,0.814453125,6,45,05:56,20:31,2025-07-11 05:32:42.973035,Castel Volturno,46.3,2.27872,4.6940303,2.0934067,3.8454802,74.6,2.3072882,3.9432685,1.6142857,3.0714285,75.0,1.7341772,3.489011,2.9120948,2.7539418,53.0,2.8857143,1.8428571,58.8
2025-07-11T05:32:53Z,0,29.864,78.4,43,71.3,3,3,98,54,0.0,255,32767,0.0,2127-15-31,0.0,0.12,27.44,0.0,0.0,0.0,0,0.796875,6,45,05:56,20:31,2025-07-11 05:32:53.528046,Castel Volturno,46.3,2.27872,4.6940303,2.0934067,3.8454802,74.6,2.3072882,3.9432685,1.6142857,3.0714285,75.0,1.7341772,3.489011,2.9120948,2.7539418,53.0,2.8857143,1.8428571,58.8
2025-07-11T05:33:04Z,0,29.864,78.4,43,71.4,4,3,61,54,0.0,255,32767,0.0,2127-15-31,0.0,0.12,27.44,0.0,0.0,0.0,0,0.796875,6,45,05:56,20:31,2025-07-11 05:33:04.082061,Castel Volturno,46.3,2.27872,4.6940303,2.0934067,3.8454802,74.6,2.3072882,3.9432685,1.6142857,3.0714285,75.0,1.7341772,3.489011,2.9120948,2.7539418,53.0,2.8857143,1.8428571,58.8
2025-07-11T05:33:14Z,0,29.864,78.4,43,71.4,4,3,68,54,0.0,255,32767,0.0,2127-15-31,0.0,0.12,27.44,0.0,0.0,0.0,0,0.796875,6,45,05:56,20:31,2025-07-11 05:33:14.636056,Castel Volturno,46.3,2.27872,4.6940303,2.0934067,3.8454802,74.6,2.3072882,3.9432685,1.6142857,3.0714285,75.0,1.7341772,3.489011,2.9120948,2.7539418,53.0,2.8857143,1.8428571,58.8
2025-07-11T05:33:25Z,0,29.864,78.4,43,71.4,3,3,74,54,0.0,255,32767,0.0,2127-15-31,0.0,0.12,27.44,0.0,0.0,0.0,0,0.796875,6,45,05:56,20:31,2025-07-11 05:33:25.191067,Castel Volturno,46.3,2.27872,4.6940303,2.0934067,3.8454802,74.6,2.3072882,3.9432685,1.6142857,3.0714285,75.0,1.7341772,3.489011,2.9120948,2.7539418,53.0,2.8857143,1.8428571,58.8
2025-07-11T05:33:35Z,0,29.864,78.4,43,71.3,2,3,43,54,0.0,255,32767,0.0,2127-15-31,0.0,0.12,27.44,0.0,0.0,0.0,0,0.796875,6,45,05:56,20:31,2025-07-11 05:33:35.745065,Castel Volturno,46.3,2.27872,4.6940303,2.0934067,3.8454802,74.6,2.3072882,3.9432685,1.6142857,3.0714285,75.0,1.7341772,3.489011,2.9120948,2.7539418,53.0,2.8857143,1.8428571,58.8
2025-07-11T05:33:46Z,0,29.864,78.4,43,71.3,2,3,61,54,0.0,255,32767,0.0,2127-15-31,0.0,0.12,27.44,0.0,0.0,0.0,0,0.796875,6,45,05:56,20:31,2025-07-11 05:33:46.300042,Castel Volturno,46.3,2.27872,4.6940303,2.0934067,3.8454802,74.6,2.3072882,3.9432685,1.6142857,3.0714285,75.0,1.7341772,3.489011,2.9120948,2.7539418,53.0,2.8857143,1.8428571,58.8
2025-07-11T05:33:57Z,0,29.864,78.4,43,71.4,3,3,86,54,0.0,255,32767,0.0,2127-15-31,0.0,0.12,27.44,0.0,0.0,0.0,0,0.908203125,6,45,05:56,20:31,2025-07-11 05:33:56.854042,Castel Volturno,46.3,2.27872,4.6940303,2.0934067,3.8454802,74.6,2.3072882,3.9432685,1.6142857,3.0714285,75.0,1.7341772,3.489011,2.9120948,2.7539418,53.0,2.8857143,1.8428571,58.8
2025-07-11T05:34:07Z,0,29.864,78.4,43,71.4,3,3,17,54,0.0,255,32767,0.0,2127-15-31,0.0,0.12,27.44,0.0,0.0,0.0,0,0.908203125,6,45,05:56,20:31,2025-07-11 05:34:07.408054,Castel Volturno,46.3,2.27872,4.6940303,2.0934067,3.8454802,74.6,2.3072882,3.9432685,1.6142857,3.0714285,75.0,1.7341772,3.489011,2.9120948,2.7539418,53.0,2.8857143,1.8428571,58.8
2025-07-11T05:34:18Z,0,29.864,78.4,43,71.4,2,3,51,54,0.0,255,32767,0.0,2127-15-31,0.0,0.12,27.44,0.0,0.0,0.0,0,0.908203125,6,45,05:56,20:31,2025-07-11 05:34:17.964050,Castel Volturno,46.3,2.27872,4.6940303,2.0934067,3.8454802,74.6,2.3072882,3.9432685,1.6142857,3.0714285,75.0,1.7341772,3.489011,2.9120948,2.7539418,53.0,2.8857143,1.8428571,58.8
2025-07-11T05:34:28Z,0,29.864,78.4,43,71.4,4,3,44,55,0.0,255,32767,0.0,2127-15-31,0.0,0.12,27.44,0.0,0.0,0.0,0,0.908203125,6,45,05:56,20:31,2025-07-11 05:34:28.519049,Castel Volturno,46.3,2.27872,4.6940303,2.0934067,3.8454802,74.6,2.3072882,3.9432685,1.6142857,3.0714285,75.0,1.7341772,3.489011,2.9120948,2.7539418,53.0,2.8857143,1.8428571,58.8
2025-07-11T05:34:39Z,0,29.864,78.4,43,71.4,3,3,70,55,0.0,255,32767,0.0,2127-15-31,0.0,0.12,27.44,0.0,0.0,0.0,0,0.908203125,6,45,05:56,20:31,2025-07-11 05:34:39.073004,Castel Volturno,46.3,2.27872,4.6940303,2.0934067,3.8454802,74.6,2.3072882,3.9432685,1.6142857,3.0714285,75.0,1.7341772,3.489011,2.9120948,2.7539418,53.0,2.8857143,1.8428571,58.8
2025-07-11T05:34:49Z,0,29.864,78.4,43,71.4,2,3,85,55,0.0,255,32767,0.0,2127-15-31,0.0,0.12,27.44,0.0,0.0,0.0,0,0.908203125,6,45,05:56,20:31,2025-07-11 05:34:49.627071,Castel Volturno,46.3,2.27872,4.6940303,2.0934067,3.8454802,74.6,2.3072882,3.9432685,1.6142857,3.0714285,75.0,1.7341772,3.489011,2.9120948,2.7539418,53.0,2.8857143,1.8428571,58.8
2025-07-11T05:35:00Z,0,29.862,78.4,43,71.4,1,3,30,55,0.0,255,32767,0.0,2127-15-31,0.0,0.12,27.44,0.0,0.0,0.0,0,1.4296875,6,45,05:56,20:31,2025-07-11 05:35:00.182075,Castel Volturno,46.3,2.27872,4.6940303,2.0934067,3.8454802,74.6,2.3072882,3.9432685,1.6142857,3.0714285,75.0,1.7341772,3.489011,2.9120948,2.7539418,53.0,2.8857143,1.8428571,58.8
2025-07-11T05:35:10Z,0,29.862,78.4,43,71.4,2,3,101,55,0.0,255,32767,0.0,2127-15-31,0.0,0.12,27.44,0.0,0.0,0.0,0,1.4296875,6,45,05:56,20:31,2025-07-11 05:35:10.735072,Castel Volturno,46.3,2.27872,4.6940303,2.0934067,3.8454802,74.6,2.3072882,3.9432685,1.6142857,3.0714285,75.0,1.7341772,3.489011,2.9120948,2.7539418,53.0,2.8857143,1.8428571,58.8
2025-07-11T05:35:21Z,0,29.862,78.4,43,71.4,3,3,34,55,0.0,255,32767,0.0,2127-15-31,0.0,0.12,27.44,0.0,0.0,0.0,0,1.4296875,6,45,05:56,20:31,2025-07-11 05:35:21.289064,Castel Volturno,46.3,2.27872,4.6940303,2.0934067,3.8454802,74.6,2.3072882,3.9432685,1.6142857,3.0714285,75.0,1.7341772,3.489011,2.9120948,2.7539418,53.0,2.8857143,1.8428571,58.8
2025-07-11T05:35:32Z,0,29.862,78.4,43,71.4,2,3,26,55,0.0,255,32767,0.0,2127-15-31,0.0,0.12,27.44,0.0,0.0,0.0,0,1.4296875,6,45,05:56,20:31,2025-07-11 05:35:31.843044,Castel Volturno,46.3,2.27872,4.6940303,2.0934067,3.8454802,74.6,2.3072882,3.9432685,1.6142857,3.0714285,75.0,1.7341772,3.489011,2.9120948,2.7539418,53.0,2.8857143,1.8428571,58.8
2025-07-11T05:35:42Z,0,29.862,78.4,43,71.4,3,3,67,55,0.0,255,32767,0.0,2127-15-31,0.0,0.12,27.44,0.0,0.0,0.0,0,1.4296875,6,45,05:56,20:31,2025-07-11 05:35:42.397057,Castel Volturno,46.3,2.27872,4.6940303,2.0934067,3.8454802,74.6,2.3072882,3.9432685,1.6142857,3.0714285,75.0,1.7341772,3.489011,2.9120948,2.7539418,53.0,2.8857143,1.8428571,58.8
2025-07-11T05:35:53Z,0,29.862,78.4,43,71.5,3,3,83,55,0.0,255,32767,0.0,2127-15-31,0.0,0.12,27.44,0.0,0.0,0.0,0,0.78515625,6,45,05:56,20:31,2025-07-11 05:35:52.946048,Castel Volturno,46.3,2.27872,4.6940303,2.0934067,3.8454802,74.6,2.3072882,3.9432685,1.6142857,3.0714285,75.0,1.7341772,3.489011,2.9120948,2.7539418,53.0,2.8857143,1.8428571,58.8
2025-07-11T05:36:03Z,0,29.862,78.4,43,71.5,2,3,86,55,0.0,255,32767,0.0,2127-15-31,0.0,0.12,27.44,0.0,0.0,0.0,0,0.78515625,6,45,05:56,20:31,2025-07-11 05:36:03.746051,Castel Volturno,46.3,2.27872,4.6940303,2.0934067,3.8454802,74.6,2.3072882,3.9432685,1.6142857,3.0714285,75.0,1.7341772,3.489011,2.9120948,2.7539418,53.0,2.8857143,1.8428571,58.8
2025-07-11T05:36:15Z,0,29.862,78.4,43,71.5,1,3,88,55,0.0,255,32767,0.0,2127-15-31,0.0,0.12,27.44,0.0,0.0,0.0,0,0.78515625,6,45,05:56,20:31,2025-07-11 05:36:14.816051,Castel Volturno,46.3,2.27872,4.6940303,2.0934067,3.8454802,74.6,2.3072882,3.9432685,1.6142857,3.0714285,75.0,1.7341772,3.489011,2.9120948,2.7539418,53.0,2.8857143,1.8428571,58.8
2025-07-11T05:36:25Z,0,29.862,78.4,43,71.5,2,3,68,55,0.0,255,32767,0.0,2127-15-31,0.0,0.12,27.44,0.0,0.0,0.0,0,0.78515625,6,45,05:56,20:31,2025-07-11 05:36:25.362045,Castel Volturno,46.3,2.27872,4.6940303,2.0934067,3.8454802,74.6,2.3072882,3.9432685,1.6142857,3.0714285,75.0,1.7341772,3.489011,2.9120948,2.7539418,53.0,2.8857143,1.8428571,58.8
2025-07-11T05:36:36Z,0,29.862,78.4,43,71.5,2,3,19,55,0.0,255,32767,0.0,2127-15-31,0.0,0.12,27.44,0.0,0.0,0.0,0,0.78515625,6,45,05:56,20:31,2025-07-11 05:36:35.916051,Castel Volturno,46.3,2.27872,4.6940303,2.0934067,3.8454802,74.6,2.3072882,3.9432685,1.6142857,3.0714285,75.0,1.7341772,3.489011,2.9120948,2.7539418,53.0,2.8857143,1.8428571,58.8
2025-07-11T05:36:46Z,0,29.862,78.4,43,71.5,3,3,56,55,0.0,255,32767,0.0,2127-15-31,0.0,0.12,27.44,0.0,0.0,0.0,0,0.78515625,6,45,05:56,20:31,2025-07-11 05:36:46.469057,Castel Volturno,46.3,2.27872,4.6940303,2.0934067,3.8454802,74.6,2.3072882,3.9432685,1.6142857,3.0714285,75.0,1.7341772,3.489011,2.9120948,2.7539418,53.0,2.8857143,1.8428571,58.8
2025-07-11T05:36:57Z,0,29.863,78.3,43,71.5,3,3,67,55,0.0,255,32767,0.0,2127-15-31,0.0,0.12,27.44,0.0,0.0,0.0,0,0.791015625,6,45,05:56,20:31,2025-07-11 05:36:57.023054,Castel Volturno,46.3,2.27872,4.6940303,2.0934067,3.8454802,74.6,2.3072882,3.9432685,1.6142857,3.0714285,75.0,1.7341772,3.489011,2.9120948,2.7539418,53.0,2.8857143,1.8428571,58.8
2025-07-11T05:37:07Z,0,29.863,78.3,43,71.5,2,3,22,55,0.0,255,32767,0.0,2127-15-31,0.0,0.12,27.44,0.0,0.0,0.0,0,0.791015625,6,45,05:56,20:31,2025-07-11 05:37:07.577046,Castel Volturno,46.3,2.27872,4.6940303,2.0934067,3.8454802,74.6,2.3072882,3.9432685,1.6142857,3.0714285,75.0,1.7341772,3.489011,2.9120948,2.7539418,53.0,2.8857143,1.8428571,58.8
2025-07-11T05:37:18Z,0,29.863,78.3,43,71.6,4,3,44,55,0.0,255,32767,0.0,2127-15-31,0.0,0.12,27.44,0.0,0.0,0.0,0,0.791015625,6,45,05:56,20:31,2025-07-11 05:37:18.122046,Castel Volturno,46.3,2.27872,4.6940303,2.0934067,3.8454802,74.6,2.3072882,3.9432685,1.6142857,3.0714285,75.0,1.7341772,3.489011,2.9120948,2.7539418,53.0,2.8857143,1.8428571,58.8
2025-07-11T05:37:28Z,0,29.863,78.3,43,71.6,3,3,50,55,0.0,255,32767,0.0,2127-15-31,0.0,0.12,27.44,0.0,0.0,0.0,0,0.791015625,6,45,05:56,20:31,2025-07-11 05:37:28.676047,Castel Volturno,46.3,2.27872,4.6940303,2.0934067,3.8454802,74.6,2.3072882,3.9432685,1.6142857,3.0714285,75.0,1.7341772,3.489011,2.9120948,2.7539418,53.0,2.8857143,1.8428571,58.8
2025-07-11T05:37:39Z,0,29.863,78.3,43,71.6,1,3,83,55,0.0,255,32767,0.0,2127-15-31,0.0,0.12,27.44,0.0,0.0,0.0,0,0.791015625,6,45,05:56,20:31,2025-07-11 05:37:39.230046,Castel Volturno,46.3,2.27872,4.6940303,2.0934067,3.8454802,74.6,2.3072882,3.9432685,1.6142857,3.0714285,75.0,1.7341772,3.489011,2.9120948,2.7539418,53.0,2.8857143,1.8428571,58.8
2025-07-11T05:37:49Z,0,29.863,78.3,43,71.6,1,3,38,55,0.0,255,32767,0.0,2127-15-31,0.0,0.12,27.44,0.0,0.0,0.0,0,0.791015625,6,45,05:56,20:31,2025-07-11 05:37:49.784053,Castel Volturno,46.3,2.27872,4.6940303,2.0934067,3.8454802,74.6,2.3072882,3.9432685,1.6142857,3.0714285,75.0,1.7341772,3.489011,2.9120948,2.7539418,53.0,2.8857143,1.8428571,58.8
2025-07-11T05:38:00Z,0,29.862,78.4,43,71.6,1,3,86,55,0.0,255,32767,0.0,2127-15-31,0.0,0.12,27.44,0.0,0.0,0.0,0,0.978515625,6,45,05:56,20:31,2025-07-11 05:38:00.338053,Castel Volturno,46.3,2.27872,4.6940303,2.0934067,3.8454802,74.6,2.3072882,3.9432685,1.6142857,3.0714285,75.0,1.7341772,3.489011,2.9120948,2.7539418,53.0,2.8857143,1.8428571,58.8
2025-07-11T05:38:11Z,0,29.862,78.4,43,71.6,1,3,71,55,0.0,255,32767,0.0,2127-15-31,0.0,0.12,27.44,0.0,0.0,0.0,0,0.978515625,6,45,05:56,20:31,2025-07-11 05:38:10.892076,Castel Volturno,46.3,2.27872,4.6940303,2.0934067,3.8454802,74.6,2.3072882,3.9432685,1.6142857,3.0714285,75.0,1.7341772,3.489011,2.9120948,2.7539418,53.0,2.8857143,1.8428571,58.8
2025-07-11T05:38:21Z,0,29.862,78.4,43,71.6,3,3,69,55,0.0,255,32767,0.0,2127-15-31,0.0,0.12,27.44,0.0,0.0,0.0,0,0.978515625,6,45,05:56,20:31,2025-07-11 05:38:21.446064,Castel Volturno,46.3,2.27872,4.6940303,2.0934067,3.8454802,74.6,2.3072882,3.9432685,1.6142857,3.0714285,75.0,1.7341772,3.489011,2.9120948,2.7539418,53.0,2.8857143,1.8428571,58.8
2025-07-11T05:38:32Z,0,29.862,78.4,43,71.6,2,3,51,55,0.0,255,32767,0.0,2127-15-31,0.0,0.12,27.44,0.0,0.0,0.0,0,0.978515625,6,45,05:56,20:31,2025-07-11 05:38:32.012046,Castel Volturno,46.3,2.27872,4.6940303,2.0934067,3.8454802,74.6,2.3072882,3.9432685,1.6142857,3.0714285,75.0,1.7341772,3.489011,2.9120948,2.7539418,53.0,2.8857143,1.8428571,58.8
2025-07-11T05:38:42Z,0,29.862,78.4,43,71.6,1,3,61,55,0.0,255,32767,0.0,2127-15-31,0.0,0.12,27.44,0.0,0.0,0.0,0,0.978515625,6,45,05:56,20:31,2025-07-11 05:38:42.566040,Castel Volturno,46.3,2.27872,4.6940303,2.0934067,3.8454802,74.6,2.3072882,3.9432685,1.6142857,3.0714285,75.0,1.7341772,3.489011,2.9120948,2.7539418,53.0,2.8857143,1.8428571,58.8
2025-07-11T05:38:53Z,0,29.864,78.4,43,71.6,2,3,69,55,0.0,255,32767,0.0,2127-15-31,0.0,0.12,27.44,0.0,0.0,0.0,0,0.80859375,6,45,05:56,20:31,2025-07-11 05:38:53.120043,Castel Volturno,46.3,2.27872,4.6940303,2.0934067,3.8454802,74.6,2.3072882,3.9432685,1.6142857,3.0714285,75.0,1.7341772,3.489011,2.9120948,2.7539418,53.0,2.8857143,1.8428571,58.8
2025-07-11T05:39:03Z,0,29.864,78.4,43,71.7,1,3,39,55,0.0,255,32767,0.0,2127-15-31,0.0,0.12,27.44,0.0,0.0,0.0,0,0.80859375,6,45,05:56,20:31,2025-07-11 05:39:03.675059,Castel Volturno,46.3,2.27872,4.6940303,2.0934067,3.8454802,74.6,2.3072882,3.9432685,1.6142857,3.0714285,75.0,1.7341772,3.489011,2.9120948,2.7539418,53.0,2.8857143,1.8428571,58.8
2025-07-11T05:39:14Z,0,29.864,78.4,43,71.6,2,3,25,55,0.0,255,32767,0.0,2127-15-31,0.0,0.12,27.44,0.0,0.0,0.0,0,0.80859375,6,45,05:56,20:31,2025-07-11 05:39:14.228010,Castel Volturno,46.3,2.27872,4.6940303,2.0934067,3.8454802,74.6,2.3072882,3.9432685,1.6142857,3.0714285,75.0,1.7341772,3.489011,2.9120948,2.7539418,53.0,2.8857143,1.8428571,58.8
2025-07-11T05:39:24Z,0,29.864,78.4,43,71.6,3,3,41,55,0.0,255,32767,0.0,2127-15-31,0.0,0.12,27.44,0.0,0.0,0.0,0,0.80859375,6,45,05:56,20:31,2025-07-11 05:39:24.782051,Castel Volturno,46.3,2.27872,4.6940303,2.0934067,3.8454802,74.6,2.3072882,3.9432685,1.6142857,3.0714285,75.0,1.7341772,3.489011,2.9120948,2.7539418,53.0,2.8857143,1.8428571,58.8
2025-07-11T05:39:35Z,0,29.864,78.4,43,71.7,2,3,82,55,0.0,255,32767,0.0,2127-15-31,0.0,0.12,27.44,0.0,0.0,0.0,0,0.80859375,6,45,05:56,20:31,2025-07-11 05:39:35.336042,Castel Volturno,46.3,2.27872,4.6940303,2.0934067,3.8454802,74.6,2.3072882,3.9432685,1.6142857,3.0714285,75.0,1.7341772,3.489011,2.9120948,2.7539418,53.0,2.8857143,1.8428571,58.8
2025-07-11T05:39:46Z,0,29.864,78.4,43,71.7,1,3,69,55,0.0,255,32767,0.0,2127-15-31,0.0,0.12,27.44,0.0,0.0,0.0,0,0.80859375,6,45,05:56,20:31,2025-07-11 05:39:45.890044,Castel Volturno,46.3,2.27872,4.6940303,2.0934067,3.8454802,74.6,2.3072882,3.9432685,1.6142857,3.0714285,75.0,1.7341772,3.489011,2.9120948,2.7539418,53.0,2.8857143,1.8428571,58.8
2025-07-11T05:39:56Z,0,29.862,78.4,43,71.7,1,2,86,55,0.0,255,32767,0.0,2127-15-31,0.0,0.12,27.44,0.0,0.0,0.0,0,0.80859375,6,45,05:56,20:31,2025-07-11 05:39:56.444049,Castel Volturno,46.3,2.27872,4.6940303,2.0934067,3.8454802,74.6,2.3072882,3.9432685,1.6142857,3.0714285,75.0,1.7341772,3.489011,2.9120948,2.7539418,53.0,2.8857143,1.8428571,58.8
2025-07-11T05:40:07Z,0,29.862,78.4,43,71.7,1,2,75,55,0.0,255,32767,0.0,2127-15-31,0.0,0.12,27.44,0.0,0.0,0.0,0,0.80859375,6,45,05:56,20:31,2025-07-11 05:40:06.997060,Castel Volturno,46.3,2.27872,4.6940303,2.0934067,3.8454802,74.6,2.3072882,3.9432685,1.6142857,3.0714285,75.0,1.7341772,3.489011,2.9120948,2.7539418,53.0,2.8857143,1.8428571,58.8
2025-07-11T05:40:17Z,0,29.862,78.4,43,71.8,1,2,67,55,0.0,255,32767,0.0,2127-15-31,0.0,0.12,27.44,0.0,0.0,0.0,0,0.80859375,6,45,05:56,20:31,2025-07-11 05:40:17.546043,Castel Volturno,46.3,2.27872,4.6940303,2.0934067,3.8454802,74.6,2.3072882,3.9432685,1.6142857,3.0714285,75.0,1.7341772,3.489011,2.9120948,2.7539418,53.0,2.8857143,1.8428571,58.8
2025-07-11T05:40:28Z,0,29.862,78.4,43,71.8,0,2,67,55,0.0,255,32767,0.0,2127-15-31,0.0,0.12,27.44,0.0,0.0,0.0,0,0.80859375,6,45,05:56,20:31,2025-07-11 05:40:28.100049,Castel Volturno,46.3,2.27872,4.6940303,2.0934067,3.8454802,74.6,2.3072882,3.9432685,1.6142857,3.0714285,75.0,1.7341772,3.489011,2.9120948,2.7539418,53.0,2.8857143,1.8428571,58.8
2025-07-11T05:40:38Z,0,29.862,78.4,43,71.8,1,2,76,55,0.0,255,32767,0.0,2127-15-31,0.0,0.12,27.44,0.0,0.0,0.0,0,0.80859375,6,45,05:56,20:31,2025-07-11 05:40:38.654052,Castel Volturno,46.3,2.27872,4.6940303,2.0934067,3.8454802,74.6,2.3072882,3.9432685,1.6142857,3.0714285,75.0,1.7341772,3.489011,2.9120948,2.7539418,53.0,2.8857143,1.8428571,58.8
2025-07-11T05:40:49Z,0,29.862,78.4,43,71.8,1,2,58,55,0.0,255,32767,0.0,2127-15-31,0.0,0.12,27.44,0.0,0.0,0.0,0,0.80859375,6,45,05:56,20:31,2025-07-11 05:40:49.241052,Castel Volturno,46.3,2.27872,4.6940303,2.0934067,3.8454802,74.6,2.3072882,3.9432685,1.6142857,3.0714285,75.0,1.7341772,3.489011,2.9120948,2.7539418,53.0,2.8857143,1.8428571,58.8
2025-07-11T05:40:59Z,0,29.861,78.4,43,71.9,0,2,58,55,0.0,255,32767,0.0,2127-15-31,0.0,0.12,27.44,0.0,0.0,0.0,0,0.90234375,6,45,05:56,20:31,2025-07-11 05:40:59.795049,Castel Volturno,46.3,2.27872,4.6940303,2.0934067,3.8454802,74.6,2.3072882,3.9432685,1.6142857,3.0714285,75.0,1.7341772,3.489011,2.9120948,2.7539418,53.0,2.8857143,1.8428571,58.8
2025-07-11T05:41:10Z,0,29.861,78.4,43,71.8,0,2,58,55,0.0,255,32767,0.0,2127-15-31,0.0,0.12,27.44,0.0,0.0,0.0,0,0.90234375,6,45,05:56,20:31,2025-07-11 05:41:10.349042,Castel Volturno,46.3,2.27872,4.6940303,2.0934067,3.8454802,74.6,2.3072882,3.9432685,1.6142857,3.0714285,75.0,1.7341772,3.489011,2.9120948,2.7539418,53.0,2.8857143,1.8428571,58.8
2025-07-11T05:41:21Z,0,29.861,78.4,43,71.8,0,2,58,55,0.0,255,32767,0.0,2127-15-31,0.0,0.12,27.44,0.0,0.0,0.0,0,0.90234375,6,45,05:56,20:31,2025-07-11 05:41:21.439042,Castel Volturno,46.3,2.27872,4.6940303,2.0934067,3.8454802,74.6,2.3072882,3.9432685,1.6142857,3.0714285,75.0,1.7341772,3.489011,2.9120948,2.7539418,53.0,2.8857143,1.8428571,58.8
2025-07-11T05:41:32Z,0,29.861,78.4,43,71.9,0,2,58,55,0.0,255,32767,0.0,2127-15-31,0.0,0.12,27.44,0.0,0.0,0.0,0,0.90234375,6,45,05:56,20:31,2025-07-11 05:41:31.987043,Castel Volturno,46.3,2.27872,4.6940303,2.0934067,3.8454802,74.6,2.3072882,3.9432685,1.6142857,3.0714285,75.0,1.7341772,3.489011,2.9120948,2.7539418,53.0,2.8857143,1.8428571,58.8
2025-07-11T05:41:42Z,0,29.861,78.4,43,71.9,2,2,67,55,0.0,255,32767,0.0,2127-15-31,0.0,0.12,27.44,0.0,0.0,0.0,0,0.90234375,6,45,05:56,20:31,2025-07-11 05:41:42.535006,Castel Volturno,46.3,2.27872,4.6940303,2.0934067,3.8454802,74.6,2.3072882,3.9432685,1.6142857,3.0714285,75.0,1.7341772,3.489011,2.9120948,2.7539418,53.0,2.8857143,1.8428571,58.8
2025-07-11T05:41:53Z,0,29.867,78.4,44,71.9,2,2,72,55,0.0,255,32767,0.0,2127-15-31,0.0,0.12,27.44,0.0,0.0,0.0,0,1.32421875,6,45,05:56,20:31,2025-07-11 05:41:53.072044,Castel Volturno,46.3,2.27872,4.6940303,2.0934067,3.8454802,74.6,2.3072882,3.9432685,1.6142857,3.0714285,75.0,1.7341772,3.489011,2.9120948,2.7539418,53.0,2.8857143,1.8428571,58.8
2025-07-11T05:42:03Z,0,29.867,78.4,44,71.9,1,2,74,55,0.0,255,32767,0.0,2127-15-31,0.0,0.12,27.44,0.0,0.0,0.0,0,1.32421875,6,45,05:56,20:31,2025-07-11 05:42:03.596464,Castel Volturno,46.3,2.27872,4.6940303,2.0934067,3.8454802,74.6,2.3072882,3.9432685,1.6142857,3.0714285,75.0,1.7341772,3.489011,2.9120948,2.7539418,53.0,2.8857143,1.8428571,58.8
2025-07-11T05:42:14Z,0,29.867,78.4,44,71.9,0,2,76,55,0.0,255,32767,0.0,2127-15-31,0.0,0.12,27.44,0.0,0.0,0.0,0,1.32421875,6,45,05:56,20:31,2025-07-11 05:42:14.168049,Castel Volturno,46.3,2.27872,4.6940303,2.0934067,3.8454802,74.6,2.3072882,3.9432685,1.6142857,3.0714285,75.0,1.7341772,3.489011,2.9120948,2.7539418,53.0,2.8857143,1.8428571,58.8
2025-07-11T05:42:24Z,0,29.867,78.4,44,71.9,0,2,76,55,0.0,255,32767,0.0,2127-15-31,0.0,0.12,27.44,0.0,0.0,0.0,0,1.32421875,6,45,05:56,20:31,2025-07-11 05:42:24.722050,Castel Volturno,46.3,2.27872,4.6940303,2.0934067,3.8454802,74.6,2.3072882,3.9432685,1.6142857,3.0714285,75.0,1.7341772,3.489011,2.9120948,2.7539418,53.0,2.8857143,1.8428571,58.8
2025-07-11T05:42:35Z,0,29.867,78.4,44,71.9,0,2,76,55,0.0,255,32767,0.0,2127-15-31,0.0,0.12,27.44,0.0,0.0,0.0,0,1.32421875,6,45,05:56,20:31,2025-07-11 05:42:35.274048,Castel Volturno,46.3,2.27872,4.6940303,2.0934067,3.8454802,74.6,2.3072882,3.9432685,1.6142857,3.0714285,75.0,1.7341772,3.489011,2.9120948,2.7539418,53.0,2.8857143,1.8428571,58.8
2025-07-11T05:42:46Z,0,29.867,78.4,44,71.9,0,2,76,55,0.0,255,32767,0.0,2127-15-31,0.0,0.12,27.44,0.0,0.0,0.0,0,1.32421875,6,45,05:56,20:31,2025-07-11 05:42:45.828057,Castel Volturno,46.3,2.27872,4.6940303,2.0934067,3.8454802,74.6,2.3072882,3.9432685,1.6142857,3.0714285,75.0,1.7341772,3.489011,2.9120948,2.7539418,53.0,2.8857143,1.8428571,58.8
2025-07-11T05:42:56Z,0,29.862,78.5,44,72.0,0,2,76,55,0.0,255,32767,0.0,2127-15-31,0.0,0.12,27.44,0.0,0.0,0.0,0,0.80859375,6,45,05:56,20:31,2025-07-11 05:42:56.383050,Castel Volturno,46.3,2.27872,4.6940303,2.0934067,3.8454802,74.6,2.3072882,3.9432685,1.6142857,3.0714285,75.0,1.7341772,3.489011,2.9120948,2.7539418,53.0,2.8857143,1.8428571,58.8
2025-07-11T05:43:07Z,0,29.862,78.5,44,72.0,0,2,76,55,0.0,255,32767,0.0,2127-15-31,0.0,0.12,27.44,0.0,0.0,0.0,0,0.80859375,6,45,05:56,20:31,2025-07-11 05:43:06.957049,Castel Volturno,46.3,2.27872,4.6940303,2.0934067,3.8454802,74.6,2.3072882,3.9432685,1.6142857,3.0714285,75.0,1.7341772,3.489011,2.9120948,2.7539418,53.0,2.8857143,1.8428571,58.8
2025-07-11T05:43:17Z,0,29.862,78.5,44,72.0,1,2,32,55,0.0,255,32767,0.0,2127-15-31,0.0,0.12,27.44,0.0,0.0,0.0,0,0.80859375,6,45,05:56,20:31,2025-07-11 05:43:17.511055,Castel Volturno,46.3,2.27872,4.6940303,2.0934067,3.8454802,74.6,2.3072882,3.9432685,1.6142857,3.0714285,75.0,1.7341772,3.489011,2.9120948,2.7539418,53.0,2.8857143,1.8428571,58.8
2025-07-11T05:43:28Z,0,29.862,78.5,44,72.1,0,2,32,55,0.0,255,32767,0.0,2127-15-31,0.0,0.12,27.44,0.0,0.0,0.0,0,0.80859375,6,45,05:56,20:31,2025-07-11 05:43:28.058042,Castel Volturno,46.3,2.27872,4.6940303,2.0934067,3.8454802,74.6,2.3072882,3.9432685,1.6142857,3.0714285,75.0,1.7341772,3.489011,2.9120948,2.7539418,53.0,2.8857143,1.8428571,58.8
2025-07-11T05:43:38Z,0,29.862,78.5,44,72.1,0,2,50,55,0.0,255,32767,0.0,2127-15-31,0.0,0.12,27.44,0.0,0.0,0.0,0,0.80859375,6,45,05:56,20:31,2025-07-11 05:43:38.612051,Castel Volturno,46.3,2.27872,4.6940303,2.0934067,3.8454802,74.6,2.3072882,3.9432685,1.6142857,3.0714285,75.0,1.7341772,3.489011,2.9120948,2.7539418,53.0,2.8857143,1.8428571,58.8
2025-07-11T05:43:49Z,0,29.862,78.5,44,72.1,1,2,46,55,0.0,255,32767,0.0,2127-15-31,0.0,0.12,27.44,0.0,0.0,0.0,0,0.80859375,6,45,05:56,20:31,2025-07-11 05:43:49.166047,Castel Volturno,46.3,2.27872,4.6940303,2.0934067,3.8454802,74.6,2.3072882,3.9432685,1.6142857,3.0714285,75.0,1.7341772,3.489011,2.9120948,2.7539418,53.0,2.8857143,1.8428571,58.8
2025-07-11T05:43:59Z,0,29.864,78.5,44,72.1,1,2,44,55,0.0,255,32767,0.0,2127-15-31,0.0,0.12,27.44,0.0,0.0,0.0,0,0.814453125,6,45,05:56,20:31,2025-07-11 05:43:59.720041,Castel Volturno,46.3,2.27872,4.6940303,2.0934067,3.8454802,74.6,2.3072882,3.9432685,1.6142857,3.0714285,75.0,1.7341772,3.489011,2.9120948,2.7539418,53.0,2.8857143,1.8428571,58.8
2025-07-11T05:44:10Z,0,29.864,78.5,44,72.1,0,2,44,54,0.0,255,32767,0.0,2127-15-31,0.0,0.12,27.44,0.0,0.0,0.0,0,0.814453125,6,45,05:56,20:31,2025-07-11 05:44:10.274052,Castel Volturno,46.3,2.27872,4.6940303,2.0934067,3.8454802,74.6,2.3072882,3.9432685,1.6142857,3.0714285,75.0,1.7341772,3.489011,2.9120948,2.7539418,53.0,2.8857143,1.8428571,58.8
2025-07-11T05:44:21Z,0,29.864,78.5,44,72.1,0,2,74,54,0.0,255,32767,0.0,2127-15-31,0.0,0.12,27.44,0.0,0.0,0.0,0,0.814453125,6,45,05:56,20:31,2025-07-11 05:44:20.828043,Castel Volturno,46.3,2.27872,4.6940303,2.0934067,3.8454802,74.6,2.3072882,3.9432685,1.6142857,3.0714285,75.0,1.7341772,3.489011,2.9120948,2.7539418,53.0,2.8857143,1.8428571,58.8
2025-07-11T05:44:31Z,0,29.864,78.5,44,72.1,2,2,88,54,0.0,255,32767,0.0,2127-15-31,0.0,0.12,27.44,0.0,0.0,0.0,0,0.814453125,6,45,05:56,20:31,2025-07-11 05:44:31.382042,Castel Volturno,46.3,2.27872,4.6940303,2.0934067,3.8454802,74.6,2.3072882,3.9432685,1.6142857,3.0714285,75.0,1.7341772,3.489011,2.9120948,2.7539418,53.0,2.8857143,1.8428571,58.8
2025-07-11T05:44:42Z,0,29.864,78.5,44,72.2,1,2,86,54,0.0,255,32767,0.0,2127-15-31,0.0,0.12,27.44,0.0,0.0,0.0,0,0.814453125,6,45,05:56,20:31,2025-07-11 05:44:41.936058,Castel Volturno,46.3,2.27872,4.6940303,2.0934067,3.8454802,74.6,2.3072882,3.9432685,1.6142857,3.0714285,75.0,1.7341772,3.489011,2.9120948,2.7539418,53.0,2.8857143,1.8428571,58.8
2025-07-11T05:44:52Z,0,29.865,78.5,44,72.2,0,1,86,54,0.0,255,32767,0.0,2127-15-31,0.0,0.12,27.44,0.0,0.0,0.0,0,0.8203125,6,45,05:56,20:31,2025-07-11 05:44:52.489052,Castel Volturno,46.3,2.27872,4.6940303,2.0934067,3.8454802,74.6,2.3072882,3.9432685,1.6142857,3.0714285,75.0,1.7341772,3.489011,2.9120948,2.7539418,53.0,2.8857143,1.8428571,58.8
2025-07-11T05:45:03Z,0,29.865,78.5,44,72.2,0,1,86,54,0.0,255,32767,0.0,2127-15-31,0.0,0.12,27.44,0.0,0.0,0.0,0,0.8203125,6,45,05:56,20:31,2025-07-11 05:45:03.044059,Castel Volturno,46.3,2.27872,4.6940303,2.0934067,3.8454802,74.6,2.3072882,3.9432685,1.6142857,3.0714285,75.0,1.7341772,3.489011,2.9120948,2.7539418,53.0,2.8857143,1.8428571,58.8
2025-07-11T05:45:13Z,0,29.865,78.5,44,72.3,0,1,86,54,0.0,255,32767,0.0,2127-15-31,0.0,0.12,27.44,0.0,0.0,0.0,0,0.8203125,6,45,05:56,20:31,2025-07-11 05:45:13.599038,Castel Volturno,46.3,2.27872,4.6940303,2.0934067,3.8454802,74.6,2.3072882,3.9432685,1.6142857,3.0714285,75.0,1.7341772,3.489011,2.9120948,2.7539418,53.0,2.8857143,1.8428571,58.8
2025-07-11T05:45:24Z,0,29.865,78.5,44,72.3,0,1,86,54,0.0,255,32767,0.0,2127-15-31,0.0,0.12,27.44,0.0,0.0,0.0,0,0.8203125,6,45,05:56,20:31,2025-07-11 05:45:24.173014,Castel Volturno,46.3,2.27872,4.6940303,2.0934067,3.8454802,74.6,2.3072882,3.9432685,1.6142857,3.0714285,75.0,1.7341772,3.489011,2.9120948,2.7539418,53.0,2.8857143,1.8428571,58.8
2025-07-11T05:45:34Z,0,29.865,78.5,44,72.3,0,1,86,54,0.0,255,32767,0.0,2127-15-31,0.0,0.12,27.44,0.0,0.0,0.0,0,0.8203125,6,45,05:56,20:31,2025-07-11 05:45:34.727053,Castel Volturno,46.3,2.27872,4.6940303,2.0934067,3.8454802,74.6,2.3072882,3.9432685,1.6142857,3.0714285,75.0,1.7341772,3.489011,2.9120948,2.7539418,53.0,2.8857143,1.8428571,58.8
2025-07-11T05:45:45Z,0,29.865,78.5,44,72.4,1,1,86,54,0.0,255,32767,0.0,2127-15-31,0.0,0.12,27.44,0.0,0.0,0.0,0,0.8203125,6,45,05:56,20:31,2025-07-11 05:45:45.281046,Castel Volturno,46.3,2.27872,4.6940303,2.0934067,3.8454802,74.6,2.3072882,3.9432685,1.6142857,3.0714285,75.0,1.7341772,3.489011,2.9120948,2.7539418,53.0,2.8857143,1.8428571,58.8
2025-07-11T05:45:56Z,0,29.867,78.6,44,72.4,0,1,86,54,0.0,255,32767,0.0,2127-15-31,0.0,0.12,27.44,0.0,0.0,0.0,0,0.8203125,6,45,05:56,20:31,2025-07-11 05:45:55.835046,Castel Volturno,46.3,2.27872,4.6940303,2.0934067,3.8454802,74.6,2.3072882,3.9432685,1.6142857,3.0714285,75.0,1.7341772,3.489011,2.9120948,2.7539418,53.0,2.8857143,1.8428571,58.8
2025-07-11T05:46:06Z,0,29.867,78.6,44,72.4,1,1,84,54,0.0,255,32767,0.0,2127-15-31,0.0,0.12,27.44,0.0,0.0,0.0,0,0.8203125,6,45,05:56,20:31,2025-07-11 05:46:06.390047,Castel Volturno,46.3,2.27872,4.6940303,2.0934067,3.8454802,74.6,2.3072882,3.9432685,1.6142857,3.0714285,75.0,1.7341772,3.489011,2.9120948,2.7539418,53.0,2.8857143,1.8428571,58.8
2025-07-11T05:46:17Z,0,29.867,78.6,44,72.4,0,1,85,54,0.0,255,32767,0.0,2127-15-31,0.0,0.12,27.44,0.0,0.0,0.0,0,0.8203125,6,45,05:56,20:31,2025-07-11 05:46:16.944056,Castel Volturno,47.4,2.4027545,4.675813,2.2536423,3.9413943,74.8,2.3648367,3.9281752,1.7,3.0238094,75.2,1.8336916,3.7560704,2.983593,2.9474564,53.8,2.4714286,1.8142858,59.4
2025-07-11T05:46:28Z,0,29.867,78.6,44,72.4,0,1,86,54,0.0,255,32767,0.0,2127-15-31,0.0,0.12,27.44,0.0,0.0,0.0,0,0.8203125,6,45,05:56,20:31,2025-07-11 05:46:27.986046,Castel Volturno,47.4,2.4027545,4.675813,2.2536423,3.9413943,74.8,2.3648367,3.9281752,1.7,3.0238094,75.2,1.8336916,3.7560704,2.983593,2.9474564,53.8,2.4714286,1.8142858,59.4
2025-07-11T05:46:38Z,0,29.867,78.6,44,72.5,1,1,86,54,0.0,255,32767,0.0,2127-15-31,0.0,0.12,27.44,0.0,0.0,0.0,0,0.8203125,6,45,05:56,20:31,2025-07-11 05:46:38.540048,Castel Volturno,47.4,2.4027545,4.675813,2.2536423,3.9413943,74.8,2.3648367,3.9281752,1.7,3.0238094,75.2,1.8336916,3.7560704,2.983593,2.9474564,53.8,2.4714286,1.8142858,59.4
2025-07-11T05:46:49Z,0,29.867,78.6,44,72.5,0,1,86,54,0.0,255,32767,0.0,2127-15-31,0.0,0.12,27.44,0.0,0.0,0.0,0,0.8203125,6,45,05:56,20:31,2025-07-11 05:46:49.094043,Castel Volturno,47.4,2.4027545,4.675813,2.2536423,3.9413943,74.8,2.3648367,3.9281752,1.7,3.0238094,75.2,1.8336916,3.7560704,2.983593,2.9474564,53.8,2.4714286,1.8142858,59.4
2025-07-11T05:46:59Z,0,29.865,78.6,44,72.5,0,1,86,54,0.0,255,32767,0.0,2127-15-31,0.0,0.12,27.44,0.0,0.0,0.0,0,0.837890625,6,45,05:56,20:31,2025-07-11 05:46:59.648046,Castel Volturno,47.4,2.4027545,4.675813,2.2536423,3.9413943,74.8,2.3648367,3.9281752,1.7,3.0238094,75.2,1.8336916,3.7560704,2.983593,2.9474564,53.8,2.4714286,1.8142858,59.4
2025-07-11T05:47:10Z,0,29.865,78.6,44,72.5,0,1,86,54,0.0,255,32767,0.0,2127-15-31,0.0,0.12,27.44,0.0,0.0,0.0,0,0.837890625,6,45,05:56,20:31,2025-07-11 05:47:10.202050,Castel Volturno,47.4,2.4027545,4.675813,2.2536423,3.9413943,74.8,2.3648367,3.9281752,1.7,3.0238094,75.2,1.8336916,3.7560704,2.983593,2.9474564,53.8,2.4714286,1.8142858,59.4
2025-07-11T05:47:20Z,0,29.865,78.6,44,72.6,0,1,86,54,0.0,255,32767,0.0,2127-15-31,0.0,0.12,27.44,0.0,0.0,0.0,0,0.837890625,6,45,05:56,20:31,2025-07-11 05:47:20.756050,Castel Volturno,47.4,2.4027545,4.675813,2.2536423,3.9413943,74.8,2.3648367,3.9281752,1.7,3.0238094,75.2,1.8336916,3.7560704,2.983593,2.9474564,53.8,2.4714286,1.8142858,59.4
2025-07-11T05:47:31Z,0,29.865,78.6,44,72.6,0,1,86,54,0.0,255,32767,0.0,2127-15-31,0.0,0.12,27.44,0.0,0.0,0.0,0,0.837890625,6,45,05:56,20:31,2025-07-11 05:47:31.307039,Castel Volturno,47.4,2.4027545,4.675813,2.2536423,3.9413943,74.8,2.3648367,3.9281752,1.7,3.0238094,75.2,1.8336916,3.7560704,2.983593,2.9474564,53.8,2.4714286,1.8142858,59.4
2025-07-11T05:47:42Z,0,29.865,78.6,44,72.6,0,1,86,54,0.0,255,32767,0.0,2127-15-31,0.0,0.12,27.44,0.0,0.0,0.0,0,0.837890625,6,45,05:56,20:31,2025-07-11 05:47:41.861043,Castel Volturno,47.4,2.4027545,4.675813,2.2536423,3.9413943,74.8,2.3648367,3.9281752,1.7,3.0238094,75.2,1.8336916,3.7560704,2.983593,2.9474564,53.8,2.4714286,1.8142858,59.4
2025-07-11T05:47:52Z,0,29.865,78.6,45,72.6,3,1,87,54,0.0,255,32767,0.0,2127-15-31,0.0,0.12,27.44,0.0,0.0,0.0,0,0.9375,6,45,05:56,20:31,2025-07-11 05:47:52.416079,Castel Volturno,47.4,2.4027545,4.675813,2.2536423,3.9413943,74.8,2.3648367,3.9281752,1.7,3.0238094,75.2,1.8336916,3.7560704,2.983593,2.9474564,53.8,2.4714286,1.8142858,59.4
2025-07-11T05:48:03Z,0,29.865,78.6,45,72.7,3,1,83,54,0.0,255,32767,0.0,2127-15-31,0.0,0.12,27.44,0.0,0.0,0.0,0,0.9375,6,45,05:56,20:31,2025-07-11 05:48:02.970049,Castel Volturno,47.4,2.4027545,4.675813,2.2536423,3.9413943,74.8,2.3648367,3.9281752,1.7,3.0238094,75.2,1.8336916,3.7560704,2.983593,2.9474564,53.8,2.4714286,1.8142858,59.4
2025-07-11T05:48:13Z,0,29.865,78.6,45,72.7,3,1,80,54,0.0,255,32767,0.0,2127-15-31,0.0,0.12,27.44,0.0,0.0,0.0,0,0.9375,6,45,05:56,20:31,2025-07-11 05:48:13.522056,Castel Volturno,47.4,2.4027545,4.675813,2.2536423,3.9413943,74.8,2.3648367,3.9281752,1.7,3.0238094,75.2,1.8336916,3.7560704,2.983593,2.9474564,53.8,2.4714286,1.8142858,59.4
2025-07-11T05:48:24Z,0,29.865,78.6,45,72.7,3,1,81,54,0.0,255,32767,0.0,2127-15-31,0.0,0.12,27.44,0.0,0.0,0.0,0,0.9375,6,45,05:56,20:31,2025-07-11 05:48:24.076049,Castel Volturno,47.4,2.4027545,4.675813,2.2536423,3.9413943,74.8,2.3648367,3.9281752,1.7,3.0238094,75.2,1.8336916,3.7560704,2.983593,2.9474564,53.8,2.4714286,1.8142858,59.4
2025-07-11T05:48:34Z,0,29.865,78.6,45,72.8,4,1,75,54,0.0,255,32767,0.0,2127-15-31,0.0,0.12,27.44,0.0,0.0,0.0,0,0.9375,6,45,05:56,20:31,2025-07-11 05:48:34.628064,Castel Volturno,47.4,2.4027545,4.675813,2.2536423,3.9413943,74.8,2.3648367,3.9281752,1.7,3.0238094,75.2,1.8336916,3.7560704,2.983593,2.9474564,53.8,2.4714286,1.8142858,59.4
2025-07-11T05:48:45Z,0,29.865,78.6,45,72.8,3,1,78,54,0.0,255,32767,0.0,2127-15-31,0.0,0.12,27.44,0.0,0.0,0.0,0,0.9375,6,45,05:56,20:31,2025-07-11 05:48:45.178040,Castel Volturno,47.4,2.4027545,4.675813,2.2536423,3.9413943,74.8,2.3648367,3.9281752,1.7,3.0238094,75.2,1.8336916,3.7560704,2.983593,2.9474564,53.8,2.4714286,1.8142858,59.4
2025-07-11T05:48:55Z,0,29.867,78.6,45,72.8,2,1,78,54,0.0,255,32767,0.0,2127-15-31,0.0,0.12,27.44,0.0,0.0,0.0,0,1.435546875,6,45,05:56,20:31,2025-07-11 05:48:55.753043,Castel Volturno,47.4,2.4027545,4.675813,2.2536423,3.9413943,74.8,2.3648367,3.9281752,1.7,3.0238094,75.2,1.8336916,3.7560704,2.983593,2.9474564,53.8,2.4714286,1.8142858,59.4
2025-07-11T05:49:06Z,0,29.867,78.6,45,72.8,1,1,78,54,0.0,255,32767,0.0,2127-15-31,0.0,0.12,27.44,0.0,0.0,0.0,0,1.435546875,6,45,05:56,20:31,2025-07-11 05:49:06.526053,Castel Volturno,47.4,2.4027545,4.675813,2.2536423,3.9413943,74.8,2.3648367,3.9281752,1.7,3.0238094,75.2,1.8336916,3.7560704,2.983593,2.9474564,53.8,2.4714286,1.8142858,59.4
2025-07-11T05:49:17Z,0,29.867,78.6,45,72.9,2,1,69,54,0.0,255,32767,0.0,2127-15-31,0.0,0.12,27.44,0.0,0.0,0.0,0,1.435546875,6,45,05:56,20:31,2025-07-11 05:49:17.080043,Castel Volturno,47.4,2.4027545,4.675813,2.2536423,3.9413943,74.8,2.3648367,3.9281752,1.7,3.0238094,75.2,1.8336916,3.7560704,2.983593,2.9474564,53.8,2.4714286,1.8142858,59.4
2025-07-11T05:49:27Z,0,29.867,78.6,45,72.9,3,1,72,54,0.0,255,32767,0.0,2127-15-31,0.0,0.12,27.44,0.0,0.0,0.0,0,1.435546875,6,45,05:56,20:31,2025-07-11 05:49:27.634084,Castel Volturno,47.4,2.4027545,4.675813,2.2536423,3.9413943,74.8,2.3648367,3.9281752,1.7,3.0238094,75.2,1.8336916,3.7560704,2.983593,2.9474564,53.8,2.4714286,1.8142858,59.4
2025-07-11T05:49:38Z,0,29.867,78.6,45,72.9,2,1,70,54,0.0,255,32767,0.0,2127-15-31,0.0,0.12,27.44,0.0,0.0,0.0,0,1.435546875,6,45,05:56,20:31,2025-07-11 05:49:38.189050,Castel Volturno,47.4,2.4027545,4.675813,2.2536423,3.9413943,74.8,2.3648367,3.9281752,1.7,3.0238094,75.2,1.8336916,3.7560704,2.983593,2.9474564,53.8,2.4714286,1.8142858,59.4
2025-07-11T05:49:48Z,0,29.867,78.6,45,72.9,3,1,86,54,0.0,255,32767,0.0,2127-15-31,0.0,0.12,27.44,0.0,0.0,0.0,0,1.435546875,6,45,05:56,20:31,2025-07-11 05:49:48.743068,Castel Volturno,47.4,2.4027545,4.675813,2.2536423,3.9413943,74.8,2.3648367,3.9281752,1.7,3.0238094,75.2,1.8336916,3.7560704,2.983593,2.9474564,53.8,2.4714286,1.8142858,59.4
2025-07-11T05:49:59Z,0,29.868,78.7,45,72.9,2,1,82,54,0.0,255,32767,0.0,2127-15-31,0.0,0.12,27.44,0.0,0.0,0.0,0,0.83203125,6,45,05:56,20:31,2025-07-11 05:49:59.297049,Castel Volturno,47.4,2.4027545,4.675813,2.2536423,3.9413943,74.8,2.3648367,3.9281752,1.7,3.0238094,75.2,1.8336916,3.7560704,2.983593,2.9474564,53.8,2.4714286,1.8142858,59.4
2025-07-11T05:50:10Z,0,29.868,78.7,45,72.9,2,1,84,54,0.0,255,32767,0.0,2127-15-31,0.0,0.12,27.44,0.0,0.0,0.0,0,0.83203125,6,45,05:56,20:31,2025-07-11 05:50:09.870068,Castel Volturno,47.4,2.4027545,4.675813,2.2536423,3.9413943,74.8,2.3648367,3.9281752,1.7,3.0238094,75.2,1.8336916,3.7560704,2.983593,2.9474564,53.8,2.4714286,1.8142858,59.4
2025-07-11T05:50:20Z,0,29.868,78.7,45,72.9,1,1,84,54,0.0,255,32767,0.0,2127-15-31,0.0,0.12,27.44,0.0,0.0,0.0,0,0.83203125,6,45,05:56,20:31,2025-07-11 05:50:20.424048,Castel Volturno,47.4,2.4027545,4.675813,2.2536423,3.9413943,74.8,2.3648367,3.9281752,1.7,3.0238094,75.2,1.8336916,3.7560704,2.983593,2.9474564,53.8,2.4714286,1.8142858,59.4
2025-07-11T05:50:31Z,0,29.868,78.7,45,73.0,0,1,84,54,0.0,255,32767,0.0,2127-15-31,0.0,0.12,27.44,0.0,0.0,0.0,0,0.83203125,6,45,05:56,20:31,2025-07-11 05:50:30.978047,Castel Volturno,47.4,2.4027545,4.675813,2.2536423,3.9413943,74.8,2.3648367,3.9281752,1.7,3.0238094,75.2,1.8336916,3.7560704,2.983593,2.9474564,53.8,2.4714286,1.8142858,59.4
2025-07-11T05:50:41Z,0,29.868,78.7,45,73.0,0,1,75,54,0.0,255,32767,0.0,2127-15-31,0.0,0.12,27.44,0.0,0.0,0.0,0,0.83203125,6,45,05:56,20:31,2025-07-11 05:50:41.780048,Castel Volturno,47.4,2.4027545,4.675813,2.2536423,3.9413943,74.8,2.3648367,3.9281752,1.7,3.0238094,75.2,1.8336916,3.7560704,2.983593,2.9474564,53.8,2.4714286,1.8142858,59.4
2025-07-11T05:50:52Z,0,29.864,78.7,45,73.0,2,1,75,54,0.0,255,32767,0.0,2127-15-31,0.0,0.12,27.44,0.0,0.0,0.0,0,0.837890625,6,45,05:56,20:31,2025-07-11 05:50:52.360052,Castel Volturno,47.4,2.4027545,4.675813,2.2536423,3.9413943,74.8,2.3648367,3.9281752,1.7,3.0238094,75.2,1.8336916,3.7560704,2.983593,2.9474564,53.8,2.4714286,1.8142858,59.4
2025-07-11T05:51:03Z,0,29.864,78.7,45,73.0,0,1,75,54,0.0,255,32767,0.0,2127-15-31,0.0,0.12,27.44,0.0,0.0,0.0,0,0.837890625,6,45,05:56,20:31,2025-07-11 05:51:02.909076,Castel Volturno,47.4,2.4027545,4.675813,2.2536423,3.9413943,74.8,2.3648367,3.9281752,1.7,3.0238094,75.2,1.8336916,3.7560704,2.983593,2.9474564,53.8,2.4714286,1.8142858,59.4
2025-07-11T05:51:13Z,0,29.864,78.7,45,73.0,0,1,75,53,0.0,255,32767,0.0,2127-15-31,0.0,0.12,27.44,0.0,0.0,0.0,0,0.837890625,6,45,05:56,20:31,2025-07-11 05:51:13.463045,Castel Volturno,47.4,2.4027545,4.675813,2.2536423,3.9413943,74.8,2.3648367,3.9281752,1.7,3.0238094,75.2,1.8336916,3.7560704,2.983593,2.9474564,53.8,2.4714286,1.8142858,59.4
2025-07-11T05:51:24Z,0,29.864,78.7,45,73.0,0,1,75,53,0.0,255,32767,0.0,2127-15-31,0.0,0.12,27.44,0.0,0.0,0.0,0,0.837890625,6,45,05:56,20:31,2025-07-11 05:51:24.050043,Castel Volturno,47.4,2.4027545,4.675813,2.2536423,3.9413943,74.8,2.3648367,3.9281752,1.7,3.0238094,75.2,1.8336916,3.7560704,2.983593,2.9474564,53.8,2.4714286,1.8142858,59.4
2025-07-11T05:51:35Z,0,29.864,78.7,45,73.0,0,1,75,53,0.0,255,32767,0.0,2127-15-31,0.0,0.12,27.44,0.0,0.0,0.0,0,0.837890625,6,45,05:56,20:31,2025-07-11 05:51:35.120060,Castel Volturno,47.4,2.4027545,4.675813,2.2536423,3.9413943,74.8,2.3648367,3.9281752,1.7,3.0238094,75.2,1.8336916,3.7560704,2.983593,2.9474564,53.8,2.4714286,1.8142858,59.4
2025-07-11T05:51:45Z,0,29.864,78.7,45,73.0,1,1,67,53,0.0,255,32767,0.0,2127-15-31,0.0,0.12,27.44,0.0,0.0,0.0,0,0.837890625,6,45,05:56,20:31,2025-07-11 05:51:45.667079,Castel Volturno,47.4,2.4027545,4.675813,2.2536423,3.9413943,74.8,2.3648367,3.9281752,1.7,3.0238094,75.2,1.8336916,3.7560704,2.983593,2.9474564,53.8,2.4714286,1.8142858,59.4
2025-07-11T05:51:56Z,0,29.867,78.7,45,73.0,1,1,61,53,0.0,255,32767,0.0,2127-15-31,0.0,0.12,27.44,0.0,0.0,0.0,0,0.84375,6,45,05:56,20:31,2025-07-11 05:51:56.219048,Castel Volturno,47.4,2.4027545,4.675813,2.2536423,3.9413943,74.8,2.3648367,3.9281752,1.7,3.0238094,75.2,1.8336916,3.7560704,2.983593,2.9474564,53.8,2.4714286,1.8142858,59.4
2025-07-11T05:52:06Z,0,29.867,78.7,45,73.0,1,1,64,53,0.0,255,32767,0.0,2127-15-31,0.0,0.12,27.44,0.0,0.0,0.0,0,0.84375,6,45,05:56,20:31,2025-07-11 05:52:06.772046,Castel Volturno,47.4,2.4027545,4.675813,2.2536423,3.9413943,74.8,2.3648367,3.9281752,1.7,3.0238094,75.2,1.8336916,3.7560704,2.983593,2.9474564,53.8,2.4714286,1.8142858,59.4
2025-07-11T05:52:17Z,0,29.867,78.7,45,73.0,1,1,64,53,0.0,255,32767,0.0,2127-15-31,0.0,0.12,27.44,0.0,0.0,0.0,0,0.84375,6,45,05:56,20:31,2025-07-11 05:52:17.326046,Castel Volturno,47.4,2.4027545,4.675813,2.2536423,3.9413943,74.8,2.3648367,3.9281752,1.7,3.0238094,75.2,1.8336916,3.7560704,2.983593,2.9474564,53.8,2.4714286,1.8142858,59.4
2025-07-11T05:52:28Z,0,29.867,78.7,45,73.1,0,1,67,53,0.0,255,32767,0.0,2127-15-31,0.0,0.12,27.44,0.0,0.0,0.0,0,0.84375,6,45,05:56,20:31,2025-07-11 05:52:27.881060,Castel Volturno,47.4,2.4027545,4.675813,2.2536423,3.9413943,74.8,2.3648367,3.9281752,1.7,3.0238094,75.2,1.8336916,3.7560704,2.983593,2.9474564,53.8,2.4714286,1.8142858,59.4
2025-07-11T05:52:38Z,0,29.867,78.7,45,73.1,0,1,67,53,0.0,255,32767,0.0,2127-15-31,0.0,0.12,27.44,0.0,0.0,0.0,0,0.84375,6,45,05:56,20:31,2025-07-11 05:52:38.435050,Castel Volturno,47.4,2.4027545,4.675813,2.2536423,3.9413943,74.8,2.3648367,3.9281752,1.7,3.0238094,75.2,1.8336916,3.7560704,2.983593,2.9474564,53.8,2.4714286,1.8142858,59.4
2025-07-11T05:52:49Z,0,29.867,78.7,45,73.1,2,1,62,53,0.0,255,32767,0.0,2127-15-31,0.0,0.12,27.44,0.0,0.0,0.0,0,0.84375,6,45,05:56,20:31,2025-07-11 05:52:48.989053,Castel Volturno,47.4,2.4027545,4.675813,2.2536423,3.9413943,74.8,2.3648367,3.9281752,1.7,3.0238094,75.2,1.8336916,3.7560704,2.983593,2.9474564,53.8,2.4714286,1.8142858,59.4
2025-07-11T05:52:59Z,0,29.866,78.8,44,73.1,1,1,61,53,0.0,255,32767,0.0,2127-15-31,0.0,0.12,27.44,0.0,0.0,0.0,0,0.94921875,6,45,05:56,20:31,2025-07-11 05:52:59.543055,Castel Volturno,47.4,2.4027545,4.675813,2.2536423,3.9413943,74.8,2.3648367,3.9281752,1.7,3.0238094,75.2,1.8336916,3.7560704,2.983593,2.9474564,53.8,2.4714286,1.8142858,59.4
2025-07-11T05:53:10Z,0,29.866,78.8,44,73.1,2,1,31,53,0.0,255,32767,0.0,2127-15-31,0.0,0.12,27.44,0.0,0.0,0.0,0,0.94921875,6,45,05:56,20:31,2025-07-11 05:53:10.098052,Castel Volturno,47.4,2.4027545,4.675813,2.2536423,3.9413943,74.8,2.3648367,3.9281752,1.7,3.0238094,75.2,1.8336916,3.7560704,2.983593,2.9474564,53.8,2.4714286,1.8142858,59.4
2025-07-11T05:53:20Z,0,29.866,78.8,44,73.1,2,1,57,53,0.0,255,32767,0.0,2127-15-31,0.0,0.12,27.44,0.0,0.0,0.0,0,0.94921875,6,45,05:56,20:31,2025-07-11 05:53:20.652038,Castel Volturno,47.4,2.4027545,4.675813,2.2536423,3.9413943,74.8,2.3648367,3.9281752,1.7,3.0238094,75.2,1.8336916,3.7560704,2.983593,2.9474564,53.8,2.4714286,1.8142858,59.4
2025-07-11T05:53:31Z,0,29.866,78.8,44,73.2,2,1,90,53,0.0,255,32767,0.0,2127-15-31,0.0,0.12,27.44,0.0,0.0,0.0,0,0.94921875,6,45,05:56,20:31,2025-07-11 05:53:31.207044,Castel Volturno,47.4,2.4027545,4.675813,2.2536423,3.9413943,74.8,2.3648367,3.9281752,1.7,3.0238094,75.2,1.8336916,3.7560704,2.983593,2.9474564,53.8,2.4714286,1.8142858,59.4
2025-07-11T05:53:41Z,0,29.866,78.8,44,73.1,1,1,75,53,0.0,255,32767,0.0,2127-15-31,0.0,0.12,27.44,0.0,0.0,0.0,0,0.94921875,6,45,05:56,20:31,2025-07-11 05:53:41.760048,Castel Volturno,47.4,2.4027545,4.675813,2.2536423,3.9413943,74.8,2.3648367,3.9281752,1.7,3.0238094,75.2,1.8336916,3.7560704,2.983593,2.9474564,53.8,2.4714286,1.8142858,59.4
2025-07-11T05:53:52Z,0,29.868,78.8,44,73.2,1,1,59,53,0.0,255,32767,0.0,2127-15-31,0.0,0.12,27.44,0.0,0.0,0.0,0,0.849609375,6,45,05:56,20:31,2025-07-11 05:53:52.300053,Castel Volturno,47.4,2.4027545,4.675813,2.2536423,3.9413943,74.8,2.3648367,3.9281752,1.7,3.0238094,75.2,1.8336916,3.7560704,2.983593,2.9474564,53.8,2.4714286,1.8142858,59.4
2025-07-11T05:54:03Z,0,29.868,78.8,44,73.2,0,1,59,53,0.0,255,32767,0.0,2127-15-31,0.0,0.12,27.44,0.0,0.0,0.0,0,0.849609375,6,45,05:56,20:31,2025-07-11 05:54:02.870045,Castel Volturno,47.4,2.4027545,4.675813,2.2536423,3.9413943,74.8,2.3648367,3.9281752,1.7,3.0238094,75.2,1.8336916,3.7560704,2.983593,2.9474564,53.8,2.4714286,1.8142858,59.4
2025-07-11T05:54:13Z,0,29.868,78.8,44,73.3,0,1,59,53,0.0,255,32767,0.0,2127-15-31,0.0,0.12,27.44,0.0,0.0,0.0,0,0.849609375,6,45,05:56,20:31,2025-07-11 05:54:13.424057,Castel Volturno,47.4,2.4027545,4.675813,2.2536423,3.9413943,74.8,2.3648367,3.9281752,1.7,3.0238094,75.2,1.8336916,3.7560704,2.983593,2.9474564,53.8,2.4714286,1.8142858,59.4
2025-07-11T05:54:24Z,0,29.868,78.8,44,73.3,0,1,59,53,0.0,255,32767,0.0,2127-15-31,0.0,0.12,27.44,0.0,0.0,0.0,0,0.849609375,6,45,05:56,20:31,2025-07-11 05:54:23.979047,Castel Volturno,47.4,2.4027545,4.675813,2.2536423,3.9413943,74.8,2.3648367,3.9281752,1.7,3.0238094,75.2,1.8336916,3.7560704,2.983593,2.9474564,53.8,2.4714286,1.8142858,59.4
2025-07-11T05:54:34Z,0,29.868,78.8,44,73.3,1,1,59,53,0.0,255,32767,0.0,2127-15-31,0.0,0.12,27.44,0.0,0.0,0.0,0,0.849609375,6,45,05:56,20:31,2025-07-11 05:54:34.532047,Castel Volturno,47.4,2.4027545,4.675813,2.2536423,3.9413943,74.8,2.3648367,3.9281752,1.7,3.0238094,75.2,1.8336916,3.7560704,2.983593,2.9474564,53.8,2.4714286,1.8142858,59.4
2025-07-11T05:54:45Z,0,29.868,78.8,44,73.3,1,1,72,53,0.0,255,32767,0.0,2127-15-31,0.0,0.12,27.44,0.0,0.0,0.0,0,0.849609375,6,45,05:56,20:31,2025-07-11 05:54:45.086059,Castel Volturno,47.4,2.4027545,4.675813,2.2536423,3.9413943,74.8,2.3648367,3.9281752,1.7,3.0238094,75.2,1.8336916,3.7560704,2.983593,2.9474564,53.8,2.4714286,1.8142858,59.4
2025-07-11T05:54:55Z,0,29.869,78.9,44,73.3,0,1,72,53,0.0,255,32767,0.0,2127-15-31,0.0,0.12,27.44,0.0,0.0,0.0,0,0.908203125,6,45,05:56,20:31,2025-07-11 05:54:55.634061,Castel Volturno,47.4,2.4027545,4.675813,2.2536423,3.9413943,74.8,2.3648367,3.9281752,1.7,3.0238094,75.2,1.8336916,3.7560704,2.983593,2.9474564,53.8,2.4714286,1.8142858,59.4
2025-07-11T05:55:06Z,0,29.869,78.9,44,73.3,1,1,31,53,0.0,255,32767,0.0,2127-15-31,0.0,0.12,27.44,0.0,0.0,0.0,0,0.908203125,6,45,05:56,20:31,2025-07-11 05:55:06.188066,Castel Volturno,47.4,2.4027545,4.675813,2.2536423,3.9413943,74.8,2.3648367,3.9281752,1.7,3.0238094,75.2,1.8336916,3.7560704,2.983593,2.9474564,53.8,2.4714286,1.8142858,59.4
2025-07-11T05:55:16Z,0,29.869,78.9,44,73.3,2,1,36,53,0.0,255,32767,0.0,2127-15-31,0.0,0.12,27.44,0.0,0.0,0.0,0,0.908203125,6,45,05:56,20:31,2025-07-11 05:55:16.742042,Castel Volturno,47.4,2.4027545,4.675813,2.2536423,3.9413943,74.8,2.3648367,3.9281752,1.7,3.0238094,75.2,1.8336916,3.7560704,2.983593,2.9474564,53.8,2.4714286,1.8142858,59.4
2025-07-11T05:55:27Z,0,29.869,78.9,44,73.3,2,1,30,53,0.0,255,32767,0.0,2127-15-31,0.0,0.12,27.44,0.0,0.0,0.0,0,0.908203125,6,45,05:56,20:31,2025-07-11 05:55:27.296047,Castel Volturno,47.4,2.4027545,4.675813,2.2536423,3.9413943,74.8,2.3648367,3.9281752,1.7,3.0238094,75.2,1.8336916,3.7560704,2.983593,2.9474564,53.8,2.4714286,1.8142858,59.4
2025-07-11T05:55:38Z,0,29.869,78.9,44,73.4,1,1,30,53,0.0,255,32767,0.0,2127-15-31,0.0,0.12,27.44,0.0,0.0,0.0,0,0.908203125,6,45,05:56,20:31,2025-07-11 05:55:37.850048,Castel Volturno,47.4,2.4027545,4.675813,2.2536423,3.9413943,74.8,2.3648367,3.9281752,1.7,3.0238094,75.2,1.8336916,3.7560704,2.983593,2.9474564,53.8,2.4714286,1.8142858,59.4
2025-07-11T05:55:48Z,0,29.869,78.9,44,73.4,0,1,30,53,0.0,255,32767,0.0,2127-15-31,0.0,0.12,27.44,0.0,0.0,0.0,0,0.908203125,6,45,05:56,20:31,2025-07-11 05:55:48.405048,Castel Volturno,47.4,2.4027545,4.675813,2.2536423,3.9413943,74.8,2.3648367,3.9281752,1.7,3.0238094,75.2,1.8336916,3.7560704,2.983593,2.9474564,53.8,2.4714286,1.8142858,59.4
2025-07-11T05:55:59Z,0,29.867,78.9,44,73.5,0,1,30,53,0.0,255,32767,0.0,2127-15-31,0.0,0.12,27.44,0.0,0.0,0.0,0,1.3125,6,45,05:56,20:31,2025-07-11 05:55:58.959047,Castel Volturno,47.4,2.4027545,4.675813,2.2536423,3.9413943,74.8,2.3648367,3.9281752,1.7,3.0238094,75.2,1.8336916,3.7560704,2.983593,2.9474564,53.8,2.4714286,1.8142858,59.4
2025-07-11T05:56:09Z,0,29.867,78.9,44,73.4,1,1,30,53,0.0,255,32767,0.0,2127-15-31,0.0,0.12,27.44,0.0,0.0,0.0,0,1.3125,6,45,05:56,20:31,2025-07-11 05:56:09.514013,Castel Volturno,47.4,2.4027545,4.675813,2.2536423,3.9413943,74.8,2.3648367,3.9281752,1.7,3.0238094,75.2,1.8336916,3.7560704,2.983593,2.9474564,53.8,2.4714286,1.8142858,59.4
2025-07-11T05:56:20Z,0,29.867,78.9,44,73.4,0,1,30,53,0.0,255,32767,0.0,2127-15-31,0.0,0.12,27.44,0.0,0.0,0.0,0,1.3125,6,45,05:56,20:31,2025-07-11 05:56:20.068049,Castel Volturno,47.4,2.4027545,4.675813,2.2536423,3.9413943,74.8,2.3648367,3.9281752,1.7,3.0238094,75.2,1.8336916,3.7560704,2.983593,2.9474564,53.8,2.4714286,1.8142858,59.4
2025-07-11T05:56:30Z,0,29.867,78.9,44,73.5,0,1,30,53,0.0,255,32767,0.0,2127-15-31,0.0,0.12,27.44,0.0,0.0,0.0,0,1.3125,6,45,05:56,20:31,2025-07-11 05:56:30.616066,Castel Volturno,47.4,2.4027545,4.675813,2.2536423,3.9413943,74.8,2.3648367,3.9281752,1.7,3.0238094,75.2,1.8336916,3.7560704,2.983593,2.9474564,53.8,2.4714286,1.8142858,59.4
2025-07-11T05:56:41Z,0,29.867,78.9,44,73.5,0,1,30,53,0.0,255,32767,0.0,2127-15-31,0.0,0.12,27.44,0.0,0.0,0.0,0,1.3125,6,45,05:56,20:31,2025-07-11 05:56:41.664048,Castel Volturno,47.4,2.4027545,4.675813,2.2536423,3.9413943,74.8,2.3648367,3.9281752,1.7,3.0238094,75.2,1.8336916,3.7560704,2.983593,2.9474564,53.8,2.4714286,1.8142858,59.4
2025-07-11T05:56:52Z,0,29.868,79.0,44,73.5,0,1,30,53,0.0,255,32767,0.0,2127-15-31,0.0,0.12,27.44,0.0,0.0,0.0,0,0.837890625,6,45,05:56,20:31,2025-07-11 05:56:52.218051,Castel Volturno,47.4,2.4027545,4.675813,2.2536423,3.9413943,74.8,2.3648367,3.9281752,1.7,3.0238094,75.2,1.8336916,3.7560704,2.983593,2.9474564,53.8,2.4714286,1.8142858,59.4
2025-07-11T05:57:02Z,0,29.868,79.0,44,73.6,1,1,16,53,0.0,255,32767,0.0,2127-15-31,0.0,0.12,27.44,0.0,0.0,0.0,0,0.837890625,6,45,05:56,20:31,2025-07-11 05:57:02.772053,Castel Volturno,47.4,2.4027545,4.675813,2.2536423,3.9413943,74.8,2.3648367,3.9281752,1.7,3.0238094,75.2,1.8336916,3.7560704,2.983593,2.9474564,53.8,2.4714286,1.8142858,59.4
2025-07-11T05:57:13Z,0,29.868,79.0,44,73.6,0,1,16,53,0.0,255,32767,0.0,2127-15-31,0.0,0.12,27.44,0.0,0.0,0.0,0,0.837890625,6,45,05:56,20:31,2025-07-11 05:57:13.328047,Castel Volturno,47.4,2.4027545,4.675813,2.2536423,3.9413943,74.8,2.3648367,3.9281752,1.7,3.0238094,75.2,1.8336916,3.7560704,2.983593,2.9474564,53.8,2.4714286,1.8142858,59.4
2025-07-11T05:57:24Z,0,29.868,79.0,44,73.6,0,1,16,53,0.0,255,32767,0.0,2127-15-31,0.0,0.12,27.44,0.0,0.0,0.0,0,0.837890625,6,45,05:56,20:31,2025-07-11 05:57:23.915056,Castel Volturno,47.4,2.4027545,4.675813,2.2536423,3.9413943,74.8,2.3648367,3.9281752,1.7,3.0238094,75.2,1.8336916,3.7560704,2.983593,2.9474564,53.8,2.4714286,1.8142858,59.4
2025-07-11T05:57:34Z,0,29.868,79.0,44,73.5,0,1,16,53,0.0,255,32767,0.0,2127-15-31,0.0,0.12,27.44,0.0,0.0,0.0,0,0.837890625,6,45,05:56,20:31,2025-07-11 05:57:34.469059,Castel Volturno,47.4,2.4027545,4.675813,2.2536423,3.9413943,74.8,2.3648367,3.9281752,1.7,3.0238094,75.2,1.8336916,3.7560704,2.983593,2.9474564,53.8,2.4714286,1.8142858,59.4
2025-07-11T05:57:45Z,0,29.868,79.0,44,73.5,1,1,16,53,0.0,255,32767,0.0,2127-15-31,0.0,0.12,27.44,0.0,0.0,0.0,0,0.837890625,6,45,05:56,20:31,2025-07-11 05:57:45.047043,Castel Volturno,47.4,2.4027545,4.675813,2.2536423,3.9413943,74.8,2.3648367,3.9281752,1.7,3.0238094,75.2,1.8336916,3.7560704,2.983593,2.9474564,53.8,2.4714286,1.8142858,59.4
2025-07-11T05:57:55Z,0,29.868,78.9,44,73.6,1,1,16,53,0.0,255,32767,0.0,2127-15-31,0.0,0.12,27.44,0.0,0.0,0.0,0,0.873046875,6,45,05:56,20:31,2025-07-11 05:57:55.602047,Castel Volturno,47.4,2.4027545,4.675813,2.2536423,3.9413943,74.8,2.3648367,3.9281752,1.7,3.0238094,75.2,1.8336916,3.7560704,2.983593,2.9474564,53.8,2.4714286,1.8142858,59.4
2025-07-11T05:58:06Z,0,29.868,78.9,44,73.6,1,1,84,53,0.0,255,32767,0.0,2127-15-31,0.0,0.12,27.44,0.0,0.0,0.0,0,0.873046875,6,45,05:56,20:31,2025-07-11 05:58:06.156048,Castel Volturno,47.4,2.4027545,4.675813,2.2536423,3.9413943,74.8,2.3648367,3.9281752,1.7,3.0238094,75.2,1.8336916,3.7560704,2.983593,2.9474564,53.8,2.4714286,1.8142858,59.4
2025-07-11T05:58:16Z,0,29.868,78.9,44,73.6,1,1,71,53,0.0,255,32767,0.0,2127-15-31,0.0,0.12,27.44,0.0,0.0,0.0,0,0.873046875,6,45,05:56,20:31,2025-07-11 05:58:16.710046,Castel Volturno,47.4,2.4027545,4.675813,2.2536423,3.9413943,74.8,2.3648367,3.9281752,1.7,3.0238094,75.2,1.8336916,3.7560704,2.983593,2.9474564,53.8,2.4714286,1.8142858,59.4
2025-07-11T05:58:27Z,0,29.868,78.9,44,73.7,1,1,71,53,0.0,255,32767,0.0,2127-15-31,0.0,0.12,27.44,0.0,0.0,0.0,0,0.873046875,6,45,05:56,20:31,2025-07-11 05:58:27.264023,Castel Volturno,47.4,2.4027545,4.675813,2.2536423,3.9413943,74.8,2.3648367,3.9281752,1.7,3.0238094,75.2,1.8336916,3.7560704,2.983593,2.9474564,53.8,2.4714286,1.8142858,59.4
2025-07-11T05:58:38Z,0,29.868,78.9,44,73.7,0,1,71,53,0.0,255,32767,0.0,2127-15-31,0.0,0.12,27.44,0.0,0.0,0.0,0,0.873046875,6,45,05:56,20:31,2025-07-11 05:58:37.818045,Castel Volturno,47.4,2.4027545,4.675813,2.2536423,3.9413943,74.8,2.3648367,3.9281752,1.7,3.0238094,75.2,1.8336916,3.7560704,2.983593,2.9474564,53.8,2.4714286,1.8142858,59.4
2025-07-11T05:58:48Z,0,29.868,78.9,44,73.7,0,1,71,53,0.0,255,32767,0.0,2127-15-31,0.0,0.12,27.44,0.0,0.0,0.0,0,0.873046875,6,45,05:56,20:31,2025-07-11 05:58:48.373064,Castel Volturno,47.4,2.4027545,4.675813,2.2536423,3.9413943,74.8,2.3648367,3.9281752,1.7,3.0238094,75.2,1.8336916,3.7560704,2.983593,2.9474564,53.8,2.4714286,1.8142858,59.4
2025-07-11T05:58:59Z,0,29.869,79.0,44,73.7,0,1,71,53,0.0,255,32767,0.0,2127-15-31,0.0,0.12,27.44,0.0,0.0,0.0,0,0.837890625,6,45,05:56,20:31,2025-07-11 05:58:58.927054,Castel Volturno,47.4,2.4027545,4.675813,2.2536423,3.9413943,74.8,2.3648367,3.9281752,1.7,3.0238094,75.2,1.8336916,3.7560704,2.983593,2.9474564,53.8,2.4714286,1.8142858,59.4
2025-07-11T05:59:09Z,0,29.869,79.0,44,73.7,0,1,71,53,0.0,255,32767,0.0,2127-15-31,0.0,0.12,27.44,0.0,0.0,0.0,0,0.837890625,6,45,05:56,20:31,2025-07-11 05:59:09.481007,Castel Volturno,47.4,2.4027545,4.675813,2.2536423,3.9413943,74.8,2.3648367,3.9281752,1.7,3.0238094,75.2,1.8336916,3.7560704,2.983593,2.9474564,53.8,2.4714286,1.8142858,59.4
2025-07-11T05:59:20Z,0,29.869,79.0,44,73.8,0,1,38,53,0.0,255,32767,0.0,2127-15-31,0.0,0.12,27.44,0.0,0.0,0.0,0,0.837890625,6,45,05:56,20:31,2025-07-11 05:59:20.036046,Castel Volturno,47.4,2.4027545,4.675813,2.2536423,3.9413943,74.8,2.3648367,3.9281752,1.7,3.0238094,75.2,1.8336916,3.7560704,2.983593,2.9474564,53.8,2.4714286,1.8142858,59.4
2025-07-11T05:59:30Z,0,29.869,79.0,44,73.7,0,1,38,53,0.0,255,32767,0.0,2127-15-31,0.0,0.12,27.44,0.0,0.0,0.0,0,0.837890625,6,45,05:56,20:31,2025-07-11 05:59:30.590042,Castel Volturno,47.4,2.4027545,4.675813,2.2536423,3.9413943,74.8,2.3648367,3.9281752,1.7,3.0238094,75.2,1.8336916,3.7560704,2.983593,2.9474564,53.8,2.4714286,1.8142858,59.4
2025-07-11T05:59:41Z,0,29.869,79.0,44,73.8,0,1,38,53,0.0,255,32767,0.0,2127-15-31,0.0,0.12,27.44,0.0,0.0,0.0,0,0.837890625,6,45,05:56,20:31,2025-07-11 05:59:41.144046,Castel Volturno,47.4,2.4027545,4.675813,2.2536423,3.9413943,74.8,2.3648367,3.9281752,1.7,3.0238094,75.2,1.8336916,3.7560704,2.983593,2.9474564,53.8,2.4714286,1.8142858,59.4
2025-07-11T05:59:51Z,0,29.869,79.0,44,73.8,0,1,32,53,0.0,255,32767,0.0,2127-15-31,0.0,0.12,27.44,0.0,0.0,0.0,0,0.84375,6,45,05:56,20:31,2025-07-11 05:59:51.732064,Castel Volturno,47.4,2.4027545,4.675813,2.2536423,3.9413943,74.8,2.3648367,3.9281752,1.7,3.0238094,75.2,1.8336916,3.7560704,2.983593,2.9474564,53.8,2.4714286,1.8142858,59.4
2025-07-11T06:00:02Z,0,29.869,79.0,44,73.8,0,1,31,53,0.0,255,32767,0.0,2127-15-31,0.0,0.12,27.44,0.0,0.0,0.0,0,0.84375,6,45,05:56,20:31,2025-07-11 06:00:02.286055,Castel Volturno,47.4,2.4027545,4.675813,2.2536423,3.9413943,74.8,2.3648367,3.9281752,1.7,3.0238094,75.2,1.8336916,3.7560704,2.983593,2.9474564,53.8,2.4714286,1.8142858,59.4
2025-07-11T06:00:13Z,0,29.869,79.0,44,73.8,0,1,29,53,0.0,255,32767,0.0,2127-15-31,0.0,0.12,27.44,0.0,0.0,0.0,0,0.84375,6,45,05:56,20:31,2025-07-11 06:00:12.840046,Castel Volturno,47.4,2.4027545,4.675813,2.2536423,3.9413943,74.8,2.3648367,3.9281752,1.7,3.0238094,75.2,1.8336916,3.7560704,2.983593,2.9474564,53.8,2.4714286,1.8142858,59.4
2025-07-11T06:00:23Z,0,29.869,79.0,44,73.9,0,1,30,53,0.0,255,32767,0.0,2127-15-31,0.0,0.12,27.44,0.0,0.0,0.0,0,0.84375,6,45,05:56,20:31,2025-07-11 06:00:23.395015,Castel Volturno,47.4,2.4027545,4.675813,2.2536423,3.9413943,74.8,2.3648367,3.9281752,1.7,3.0238094,75.2,1.8336916,3.7560704,2.983593,2.9474564,53.8,2.4714286,1.8142858,59.4
2025-07-11T06:00:34Z,0,29.869,79.0,44,73.9,0,1,29,53,0.0,255,32767,0.0,2127-15-31,0.0,0.12,27.44,0.0,0.0,0.0,0,0.84375,6,45,05:56,20:31,2025-07-11 06:00:33.928462,Castel Volturno,47.4,2.4027545,4.675813,2.2536423,3.9413943,74.8,2.3648367,3.9281752,1.7,3.0238094,75.2,1.8336916,3.7560704,2.983593,2.9474564,53.8,2.4714286,1.8142858,59.4
2025-07-11T06:00:44Z,0,29.869,79.0,44,73.9,0,1,29,53,0.0,255,32767,0.0,2127-15-31,0.0,0.12,27.44,0.0,0.0,0.0,0,0.84375,6,45,05:56,20:31,2025-07-11 06:00:44.497053,Castel Volturno,47.4,2.4027545,4.675813,2.2536423,3.9413943,74.8,2.3648367,3.9281752,1.7,3.0238094,75.2,1.8336916,3.7560704,2.983593,2.9474564,53.8,2.4714286,1.8142858,59.4
2025-07-11T06:00:55Z,0,29.868,79.0,45,74.0,0,0,29,53,0.0,255,32767,0.0,2127-15-31,0.0,0.12,27.44,0.0,0.0,0.0,0,0.849609375,6,45,05:56,20:31,2025-07-11 06:00:55.051005,Castel Volturno,47.4,2.4027545,4.675813,2.2536423,3.9413943,74.8,2.3648367,3.9281752,1.7,3.0238094,75.2,1.8336916,3.7560704,2.983593,2.9474564,53.8,2.4714286,1.8142858,59.4
2025-07-11T06:01:05Z,0,29.868,79.0,45,74.0,0,0,30,53,0.0,255,32767,0.0,2127-15-31,0.0,0.12,27.44,0.0,0.0,0.0,0,0.849609375,6,45,05:56,20:31,2025-07-11 06:01:05.605058,Castel Volturno,47.4,2.4027545,4.675813,2.2536423,3.9413943,74.8,2.3648367,3.9281752,1.7,3.0238094,75.2,1.8336916,3.7560704,2.983593,2.9474564,53.8,2.4714286,1.8142858,59.4
2025-07-11T06:01:16Z,0,29.868,79.0,45,74.0,0,0,29,53,0.0,255,32767,0.0,2127-15-31,0.0,0.12,27.44,0.0,0.0,0.0,0,0.849609375,6,45,05:56,20:31,2025-07-11 06:01:16.158058,Castel Volturno,47.4,2.4027545,4.675813,2.2536423,3.9413943,74.8,2.3648367,3.9281752,1.7,3.0238094,75.2,1.8336916,3.7560704,2.983593,2.9474564,53.8,2.4714286,1.8142858,59.4
2025-07-11T06:01:26Z,0,29.868,79.0,45,74.0,0,0,28,53,0.0,255,32767,0.0,2127-15-31,0.0,0.12,27.44,0.0,0.0,0.0,0,0.849609375,6,45,05:56,20:31,2025-07-11 06:01:26.713064,Castel Volturno,47.4,2.4027545,4.675813,2.2536423,3.9413943,74.8,2.3648367,3.9281752,1.7,3.0238094,75.2,1.8336916,3.7560704,2.983593,2.9474564,53.8,2.4714286,1.8142858,59.4
2025-07-11T06:01:37Z,0,29.868,79.0,45,74.0,0,0,14,52,0.0,255,32767,0.0,2127-15-31,0.0,0.12,27.44,0.0,0.0,0.0,0,0.849609375,6,45,05:56,20:31,2025-07-11 06:01:37.267059,Castel Volturno,47.6,2.4950242,4.6636567,2.18032,3.922927,75.2,2.3537562,3.9180996,2.3285713,4.6190476,75.6,1.9398137,3.6338665,2.948775,2.7898257,54.3,2.7714286,2.7714286,59.8
2025-07-11T06:01:48Z,0,29.868,79.0,45,74.1,0,0,13,52,0.0,255,32767,0.0,2127-15-31,0.0,0.12,27.44,0.0,0.0,0.0,0,0.849609375,6,45,05:56,20:31,2025-07-11 06:01:48.356050,Castel Volturno,47.6,2.4950242,4.6636567,2.18032,3.922927,75.2,2.3537562,3.9180996,2.3285713,4.6190476,75.6,1.9398137,3.6338665,2.948775,2.7898257,54.3,2.7714286,2.7714286,59.8
2025-07-11T06:01:59Z,0,29.867,79.1,44,74.2,0,0,13,52,0.0,255,32767,0.0,2127-15-31,0.0,0.12,27.44,0.0,0.0,0.0,0,0.90234375,6,45,05:56,20:31,2025-07-11 06:01:58.943058,Castel Volturno,47.6,2.4950242,4.6636567,2.18032,3.922927,75.2,2.3537562,3.9180996,2.3285713,4.6190476,75.6,1.9398137,3.6338665,2.948775,2.7898257,54.3,2.7714286,2.7714286,59.8
2025-07-11T06:02:09Z,0,29.867,79.1,44,74.2,0,0,13,52,0.0,255,32767,0.0,2127-15-31,0.0,0.12,27.44,0.0,0.0,0.0,0,0.90234375,6,45,05:56,20:31,2025-07-11 06:02:09.497049,Castel Volturno,47.6,2.4950242,4.6636567,2.18032,3.922927,75.2,2.3537562,3.9180996,2.3285713,4.6190476,75.6,1.9398137,3.6338665,2.948775,2.7898257,54.3,2.7714286,2.7714286,59.8
2025-07-11T06:02:20Z,0,29.867,79.1,44,74.2,0,0,13,52,0.0,255,32767,0.0,2127-15-31,0.0,0.12,27.44,0.0,0.0,0.0,0,0.90234375,6,45,05:56,20:31,2025-07-11 06:02:20.050045,Castel Volturno,47.6,2.4950242,4.6636567,2.18032,3.922927,75.2,2.3537562,3.9180996,2.3285713,4.6190476,75.6,1.9398137,3.6338665,2.948775,2.7898257,54.3,2.7714286,2.7714286,59.8
2025-07-11T06:02:30Z,0,29.867,79.1,44,74.2,0,0,13,52,0.0,255,32767,0.0,2127-15-31,0.0,0.12,27.44,0.0,0.0,0.0,0,0.90234375,6,45,05:56,20:31,2025-07-11 06:02:30.604059,Castel Volturno,47.6,2.4950242,4.6636567,2.18032,3.922927,75.2,2.3537562,3.9180996,2.3285713,4.6190476,75.6,1.9398137,3.6338665,2.948775,2.7898257,54.3,2.7714286,2.7714286,59.8
2025-07-11T06:02:41Z,0,29.867,79.1,44,74.2,0,0,13,52,0.0,255,32767,0.0,2127-15-31,0.0,0.12,27.44,0.0,0.0,0.0,0,0.90234375,6,45,05:56,20:31,2025-07-11 06:02:41.158047,Castel Volturno,47.6,2.4950242,4.6636567,2.18032,3.922927,75.2,2.3537562,3.9180996,2.3285713,4.6190476,75.6,1.9398137,3.6338665,2.948775,2.7898257,54.3,2.7714286,2.7714286,59.8
2025-07-11T06:02:51Z,0,29.867,79.1,45,74.3,0,0,13,52,0.0,255,32767,0.0,2127-15-31,0.0,0.12,27.44,0.0,0.0,0.0,0,1.248046875,6,45,05:56,20:31,2025-07-11 06:02:51.712048,Castel Volturno,47.6,2.4950242,4.6636567,2.18032,3.922927,75.2,2.3537562,3.9180996,2.3285713,4.6190476,75.6,1.9398137,3.6338665,2.948775,2.7898257,54.3,2.7714286,2.7714286,59.8
2025-07-11T06:03:02Z,0,29.867,79.1,45,74.3,0,0,13,52,0.0,255,32767,0.0,2127-15-31,0.0,0.12,27.44,0.0,0.0,0.0,0,1.248046875,6,45,05:56,20:31,2025-07-11 06:03:02.266042,Castel Volturno,47.6,2.4950242,4.6636567,2.18032,3.922927,75.2,2.3537562,3.9180996,2.3285713,4.6190476,75.6,1.9398137,3.6338665,2.948775,2.7898257,54.3,2.7714286,2.7714286,59.8
2025-07-11T06:03:13Z,0,29.867,79.1,45,74.3,0,0,13,52,0.0,255,32767,0.0,2127-15-31,0.0,0.12,27.44,0.0,0.0,0.0,0,1.248046875,6,45,05:56,20:31,2025-07-11 06:03:12.820018,Castel Volturno,47.6,2.4950242,4.6636567,2.18032,3.922927,75.2,2.3537562,3.9180996,2.3285713,4.6190476,75.6,1.9398137,3.6338665,2.948775,2.7898257,54.3,2.7714286,2.7714286,59.8
2025-07-11T06:03:23Z,0,29.867,79.1,45,74.3,0,0,34,52,0.0,255,32767,0.0,2127-15-31,0.0,0.12,27.44,0.0,0.0,0.0,0,1.248046875,6,45,05:56,20:31,2025-07-11 06:03:23.374070,Castel Volturno,47.6,2.4950242,4.6636567,2.18032,3.922927,75.2,2.3537562,3.9180996,2.3285713,4.6190476,75.6,1.9398137,3.6338665,2.948775,2.7898257,54.3,2.7714286,2.7714286,59.8
2025-07-11T06:03:34Z,0,29.867,79.1,45,74.4,1,0,89,52,0.0,255,32767,0.0,2127-15-31,0.0,0.12,27.44,0.0,0.0,0.0,0,1.248046875,6,45,05:56,20:31,2025-07-11 06:03:33.928066,Castel Volturno,47.6,2.4950242,4.6636567,2.18032,3.922927,75.2,2.3537562,3.9180996,2.3285713,4.6190476,75.6,1.9398137,3.6338665,2.948775,2.7898257,54.3,2.7714286,2.7714286,59.8
2025-07-11T06:03:44Z,0,29.867,79.1,45,74.3,1,0,88,52,0.0,255,32767,0.0,2127-15-31,0.0,0.12,27.44,0.0,0.0,0.0,0,1.248046875,6,45,05:56,20:31,2025-07-11 06:03:44.482046,Castel Volturno,47.6,2.4950242,4.6636567,2.18032,3.922927,75.2,2.3537562,3.9180996,2.3285713,4.6190476,75.6,1.9398137,3.6338665,2.948775,2.7898257,54.3,2.7714286,2.7714286,59.8
2025-07-11T06:03:55Z,0,29.872,79.1,45,74.3,1,0,106,52,0.0,255,32767,0.0,2127-15-31,0.0,0.12,27.44,0.0,0.0,0.0,0,0.84375,6,45,05:56,20:31,2025-07-11 06:03:55.028055,Castel Volturno,47.6,2.4950242,4.6636567,2.18032,3.922927,75.2,2.3537562,3.9180996,2.3285713,4.6190476,75.6,1.9398137,3.6338665,2.948775,2.7898257,54.3,2.7714286,2.7714286,59.8
2025-07-11T06:04:05Z,0,29.872,79.1,45,74.4,2,0,99,52,0.0,255,32767,0.0,2127-15-31,0.0,0.12,27.44,0.0,0.0,0.0,0,0.84375,6,45,05:56,20:31,2025-07-11 06:04:05.582048,Castel Volturno,47.6,2.4950242,4.6636567,2.18032,3.922927,75.2,2.3537562,3.9180996,2.3285713,4.6190476,75.6,1.9398137,3.6338665,2.948775,2.7898257,54.3,2.7714286,2.7714286,59.8
2025-07-11T06:04:16Z,0,29.872,79.1,45,74.4,1,0,88,52,0.0,255,32767,0.0,2127-15-31,0.0,0.12,27.44,0.0,0.0,0.0,0,0.84375,6,45,05:56,20:31,2025-07-11 06:04:16.137045,Castel Volturno,47.6,2.4950242,4.6636567,2.18032,3.922927,75.2,2.3537562,3.9180996,2.3285713,4.6190476,75.6,1.9398137,3.6338665,2.948775,2.7898257,54.3,2.7714286,2.7714286,59.8
2025-07-11T06:04:26Z,0,29.872,79.1,45,74.4,2,0,74,52,0.0,255,32767,0.0,2127-15-31,0.0,0.12,27.44,0.0,0.0,0.0,0,0.84375,6,45,05:56,20:31,2025-07-11 06:04:26.691041,Castel Volturno,47.6,2.4950242,4.6636567,2.18032,3.922927,75.2,2.3537562,3.9180996,2.3285713,4.6190476,75.6,1.9398137,3.6338665,2.948775,2.7898257,54.3,2.7714286,2.7714286,59.8
2025-07-11T06:04:37Z,0,29.872,79.1,45,74.5,1,0,74,52,0.0,255,32767,0.0,2127-15-31,0.0,0.12,27.44,0.0,0.0,0.0,0,0.84375,6,45,05:56,20:31,2025-07-11 06:04:37.245053,Castel Volturno,47.6,2.4950242,4.6636567,2.18032,3.922927,75.2,2.3537562,3.9180996,2.3285713,4.6190476,75.6,1.9398137,3.6338665,2.948775,2.7898257,54.3,2.7714286,2.7714286,59.8
2025-07-11T06:04:47Z,0,29.872,79.1,45,74.5,1,0,70,52,0.0,255,32767,0.0,2127-15-31,0.0,0.12,27.44,0.0,0.0,0.0,0,0.84375,6,45,05:56,20:31,2025-07-11 06:04:47.799058,Castel Volturno,47.6,2.4950242,4.6636567,2.18032,3.922927,75.2,2.3537562,3.9180996,2.3285713,4.6190476,75.6,1.9398137,3.6338665,2.948775,2.7898257,54.3,2.7714286,2.7714286,59.8
2025-07-11T06:04:58Z,0,29.873,79.2,45,74.5,1,0,70,52,0.0,255,32767,0.0,2127-15-31,0.0,0.12,27.44,0.0,0.0,0.0,0,0.84375,6,45,05:56,20:31,2025-07-11 06:04:58.353050,Castel Volturno,47.6,2.4950242,4.6636567,2.18032,3.922927,75.2,2.3537562,3.9180996,2.3285713,4.6190476,75.6,1.9398137,3.6338665,2.948775,2.7898257,54.3,2.7714286,2.7714286,59.8
2025-07-11T06:05:09Z,0,29.873,79.2,45,74.6,3,0,82,52,0.0,255,32767,0.0,2127-15-31,0.0,0.12,27.44,0.0,0.0,0.0,0,0.84375,6,45,05:56,20:31,2025-07-11 06:05:08.907061,Castel Volturno,47.6,2.4950242,4.6636567,2.18032,3.922927,75.2,2.3537562,3.9180996,2.3285713,4.6190476,75.6,1.9398137,3.6338665,2.948775,2.7898257,54.3,2.7714286,2.7714286,59.8
2025-07-11T06:05:19Z,0,29.873,79.2,45,74.6,3,0,74,52,0.0,255,32767,0.0,2127-15-31,0.0,0.12,27.44,0.0,0.0,0.0,0,0.84375,6,45,05:56,20:31,2025-07-11 06:05:19.462047,Castel Volturno,47.6,2.4950242,4.6636567,2.18032,3.922927,75.2,2.3537562,3.9180996,2.3285713,4.6190476,75.6,1.9398137,3.6338665,2.948775,2.7898257,54.3,2.7714286,2.7714286,59.8
2025-07-11T06:05:30Z,0,29.873,79.2,45,74.7,2,0,79,52,0.0,255,32767,0.0,2127-15-31,0.0,0.12,27.44,0.0,0.0,0.0,0,0.84375,6,45,05:56,20:31,2025-07-11 06:05:30.016047,Castel Volturno,47.6,2.4950242,4.6636567,2.18032,3.922927,75.2,2.3537562,3.9180996,2.3285713,4.6190476,75.6,1.9398137,3.6338665,2.948775,2.7898257,54.3,2.7714286,2.7714286,59.8
2025-07-11T06:05:40Z,0,29.873,79.2,45,74.6,1,0,89,52,0.0,255,32767,0.0,2127-15-31,0.0,0.12,27.44,0.0,0.0,0.0,0,0.84375,6,45,05:56,20:31,2025-07-11 06:05:40.561046,Castel Volturno,47.6,2.4950242,4.6636567,2.18032,3.922927,75.2,2.3537562,3.9180996,2.3285713,4.6190476,75.6,1.9398137,3.6338665,2.948775,2.7898257,54.3,2.7714286,2.7714286,59.8
2025-07-11T06:05:51Z,0,29.872,79.1,46,74.7,2,0,84,52,0.0,255,32767,0.0,2127-15-31,0.0,0.12,27.44,0.0,0.0,0.0,0,0.84375,6,45,05:56,20:31,2025-07-11 06:05:51.115046,Castel Volturno,47.6,2.4950242,4.6636567,2.18032,3.922927,75.2,2.3537562,3.9180996,2.3285713,4.6190476,75.6,1.9398137,3.6338665,2.948775,2.7898257,54.3,2.7714286,2.7714286,59.8
2025-07-11T06:06:01Z,0,29.872,79.1,46,74.7,2,0,80,52,0.0,255,32767,0.0,2127-15-31,0.0,0.12,27.44,0.0,0.0,0.0,0,0.84375,6,45,05:56,20:31,2025-07-11 06:06:01.669066,Castel Volturno,47.6,2.4950242,4.6636567,2.18032,3.922927,75.2,2.3537562,3.9180996,2.3285713,4.6190476,75.6,1.9398137,3.6338665,2.948775,2.7898257,54.3,2.7714286,2.7714286,59.8
2025-07-11T06:06:12Z,0,29.872,79.1,46,74.7,1,0,80,52,0.0,255,32767,0.0,2127-15-31,0.0,0.12,27.44,0.0,0.0,0.0,0,0.84375,6,45,05:56,20:31,2025-07-11 06:06:12.215048,Castel Volturno,47.6,2.4950242,4.6636567,2.18032,3.922927,75.2,2.3537562,3.9180996,2.3285713,4.6190476,75.6,1.9398137,3.6338665,2.948775,2.7898257,54.3,2.7714286,2.7714286,59.8
2025-07-11T06:06:22Z,0,29.872,79.1,46,74.8,0,0,80,52,0.0,255,32767,0.0,2127-15-31,0.0,0.12,27.44,0.0,0.0,0.0,0,0.84375,6,45,05:56,20:31,2025-07-11 06:06:22.769054,Castel Volturno,47.6,2.4950242,4.6636567,2.18032,3.922927,75.2,2.3537562,3.9180996,2.3285713,4.6190476,75.6,1.9398137,3.6338665,2.948775,2.7898257,54.3,2.7714286,2.7714286,59.8
2025-07-11T06:06:33Z,0,29.872,79.1,46,74.7,1,0,80,52,0.0,255,32767,0.0,2127-15-31,0.0,0.12,27.44,0.0,0.0,0.0,0,0.84375,6,45,05:56,20:31,2025-07-11 06:06:33.323052,Castel Volturno,47.6,2.4950242,4.6636567,2.18032,3.922927,75.2,2.3537562,3.9180996,2.3285713,4.6190476,75.6,1.9398137,3.6338665,2.948775,2.7898257,54.3,2.7714286,2.7714286,59.8
2025-07-11T06:06:44Z,0,29.872,79.1,46,74.8,0,0,80,52,0.0,255,32767,0.0,2127-15-31,0.0,0.12,27.44,0.0,0.0,0.0,0,0.84375,6,45,05:56,20:31,2025-07-11 06:06:43.874042,Castel Volturno,47.6,2.4950242,4.6636567,2.18032,3.922927,75.2,2.3537562,3.9180996,2.3285713,4.6190476,75.6,1.9398137,3.6338665,2.948775,2.7898257,54.3,2.7714286,2.7714286,59.8
2025-07-11T06:06:55Z,0,29.873,79.2,45,74.8,0,0,80,52,0.0,255,32767,0.0,2127-15-31,0.0,0.12,27.44,0.0,0.0,0.0,0,0.84375,6,45,05:56,20:31,2025-07-11 06:06:54.950050,Castel Volturno,47.6,2.4950242,4.6636567,2.18032,3.922927,75.2,2.3537562,3.9180996,2.3285713,4.6190476,75.6,1.9398137,3.6338665,2.948775,2.7898257,54.3,2.7714286,2.7714286,59.8
2025-07-11T06:07:05Z,0,29.873,79.2,45,74.8,0,0,80,52,0.0,255,32767,0.0,2127-15-31,0.0,0.12,27.44,0.0,0.0,0.0,0,0.84375,6,45,05:56,20:31,2025-07-11 06:07:05.505044,Castel Volturno,47.6,2.4950242,4.6636567,2.18032,3.922927,75.2,2.3537562,3.9180996,2.3285713,4.6190476,75.6,1.9398137,3.6338665,2.948775,2.7898257,54.3,2.7714286,2.7714286,59.8
2025-07-11T06:07:16Z,0,29.873,79.2,45,74.8,0,0,80,52,0.0,255,32767,0.0,2127-15-31,0.0,0.12,27.44,0.0,0.0,0.0,0,0.84375,6,45,05:56,20:31,2025-07-11 06:07:16.058044,Castel Volturno,47.6,2.4950242,4.6636567,2.18032,3.922927,75.2,2.3537562,3.9180996,2.3285713,4.6190476,75.6,1.9398137,3.6338665,2.948775,2.7898257,54.3,2.7714286,2.7714286,59.8
2025-07-11T06:07:26Z,0,29.873,79.2,45,74.8,0,0,80,52,0.0,255,32767,0.0,2127-15-31,0.0,0.12,27.44,0.0,0.0,0.0,0,0.84375,6,45,05:56,20:31,2025-07-11 06:07:26.612056,Castel Volturno,47.6,2.4950242,4.6636567,2.18032,3.922927,75.2,2.3537562,3.9180996,2.3285713,4.6190476,75.6,1.9398137,3.6338665,2.948775,2.7898257,54.3,2.7714286,2.7714286,59.8
2025-07-11T06:07:37Z,0,29.873,79.2,45,74.9,0,0,80,52,0.0,255,32767,0.0,2127-15-31,0.0,0.12,27.44,0.0,0.0,0.0,0,0.84375,6,45,05:56,20:31,2025-07-11 06:07:37.166004,Castel Volturno,47.6,2.4950242,4.6636567,2.18032,3.922927,75.2,2.3537562,3.9180996,2.3285713,4.6190476,75.6,1.9398137,3.6338665,2.948775,2.7898257,54.3,2.7714286,2.7714286,59.8
2025-07-11T06:07:47Z,0,29.873,79.2,45,74.9,0,0,88,52,0.0,255,32767,0.0,2127-15-31,0.0,0.12,27.44,0.0,0.0,0.0,0,0.84375,6,45,05:56,20:31,2025-07-11 06:07:47.720011,Castel Volturno,47.6,2.4950242,4.6636567,2.18032,3.922927,75.2,2.3537562,3.9180996,2.3285713,4.6190476,75.6,1.9398137,3.6338665,2.948775,2.7898257,54.3,2.7714286,2.7714286,59.8
2025-07-11T06:07:58Z,20,29.874,79.2,45,74.9,0,0,89,52,0.0,255,32767,0.0,2127-15-31,0.0,0.12,27.44,0.0,0.0,0.0,0,1.04296875,6,45,05:56,20:31,2025-07-11 06:07:58.274011,Castel Volturno,47.6,2.4950242,4.6636567,2.18032,3.922927,75.2,2.3537562,3.9180996,2.3285713,4.6190476,75.6,1.9398137,3.6338665,2.948775,2.7898257,54.3,2.7714286,2.7714286,59.8
2025-07-11T06:08:09Z,20,29.874,79.2,45,74.9,0,0,89,52,0.0,255,32767,0.0,2127-15-31,0.0,0.12,27.44,0.0,0.0,0.0,0,1.04296875,6,45,05:56,20:31,2025-07-11 06:08:08.829053,Castel Volturno,47.6,2.4950242,4.6636567,2.18032,3.922927,75.2,2.3537562,3.9180996,2.3285713,4.6190476,75.6,1.9398137,3.6338665,2.948775,2.7898257,54.3,2.7714286,2.7714286,59.8
2025-07-11T06:08:19Z,20,29.874,79.2,45,74.9,0,0,85,52,0.0,255,32767,0.0,2127-15-31,0.0,0.12,27.44,0.0,0.0,0.0,0,1.04296875,6,45,05:56,20:31,2025-07-11 06:08:19.405055,Castel Volturno,47.6,2.4950242,4.6636567,2.18032,3.922927,75.2,2.3537562,3.9180996,2.3285713,4.6190476,75.6,1.9398137,3.6338665,2.948775,2.7898257,54.3,2.7714286,2.7714286,59.8
2025-07-11T06:08:30Z,20,29.874,79.2,45,74.9,2,0,111,52,0.0,255,32767,0.0,2127-15-31,0.0,0.12,27.44,0.0,0.0,0.0,0,1.04296875,6,45,05:56,20:31,2025-07-11 06:08:29.959014,Castel Volturno,47.6,2.4950242,4.6636567,2.18032,3.922927,75.2,2.3537562,3.9180996,2.3285713,4.6190476,75.6,1.9398137,3.6338665,2.948775,2.7898257,54.3,2.7714286,2.7714286,59.8
2025-07-11T06:08:40Z,20,29.874,79.2,45,74.9,1,0,91,52,0.0,255,32767,0.0,2127-15-31,0.0,0.12,27.44,0.0,0.0,0.0,0,1.04296875,6,45,05:56,20:31,2025-07-11 06:08:40.513051,Castel Volturno,47.6,2.4950242,4.6636567,2.18032,3.922927,75.2,2.3537562,3.9180996,2.3285713,4.6190476,75.6,1.9398137,3.6338665,2.948775,2.7898257,54.3,2.7714286,2.7714286,59.8
2025-07-11T06:08:51Z,20,29.872,79.2,44,74.9,1,1,96,52,0.0,255,32767,0.0,2127-15-31,0.0,0.12,27.44,0.0,0.0,0.0,0,1.974609375,6,45,05:56,20:31,2025-07-11 06:08:51.066058,Castel Volturno,47.6,2.4950242,4.6636567,2.18032,3.922927,75.2,2.3537562,3.9180996,2.3285713,4.6190476,75.6,1.9398137,3.6338665,2.948775,2.7898257,54.3,2.7714286,2.7714286,59.8
2025-07-11T06:09:01Z,20,29.872,79.2,44,75.0,1,1,86,52,0.0,255,32767,0.0,2127-15-31,0.0,0.12,27.44,0.0,0.0,0.0,0,1.974609375,6,45,05:56,20:31,2025-07-11 06:09:01.620048,Castel Volturno,47.6,2.4950242,4.6636567,2.18032,3.922927,75.2,2.3537562,3.9180996,2.3285713,4.6190476,75.6,1.9398137,3.6338665,2.948775,2.7898257,54.3,2.7714286,2.7714286,59.8
2025-07-11T06:09:12Z,20,29.872,79.2,44,75.0,0,1,86,52,0.0,255,32767,0.0,2127-15-31,0.0,0.12,27.44,0.0,0.0,0.0,0,1.974609375,6,45,05:56,20:31,2025-07-11 06:09:12.174045,Castel Volturno,47.6,2.4950242,4.6636567,2.18032,3.922927,75.2,2.3537562,3.9180996,2.3285713,4.6190476,75.6,1.9398137,3.6338665,2.948775,2.7898257,54.3,2.7714286,2.7714286,59.8
2025-07-11T06:09:22Z,20,29.872,79.2,44,75.0,2,1,80,52,0.0,255,32767,0.0,2127-15-31,0.0,0.12,27.44,0.0,0.0,0.0,0,1.974609375,6,45,05:56,20:31,2025-07-11 06:09:22.728055,Castel Volturno,47.6,2.4950242,4.6636567,2.18032,3.922927,75.2,2.3537562,3.9180996,2.3285713,4.6190476,75.6,1.9398137,3.6338665,2.948775,2.7898257,54.3,2.7714286,2.7714286,59.8
2025-07-11T06:09:33Z,20,29.872,79.2,44,75.0,3,1,84,52,0.0,255,32767,0.0,2127-15-31,0.0,0.12,27.44,0.0,0.0,0.0,0,1.974609375,6,45,05:56,20:31,2025-07-11 06:09:33.282013,Castel Volturno,47.6,2.4950242,4.6636567,2.18032,3.922927,75.2,2.3537562,3.9180996,2.3285713,4.6190476,75.6,1.9398137,3.6338665,2.948775,2.7898257,54.3,2.7714286,2.7714286,59.8
2025-07-11T06:09:44Z,20,29.872,79.2,44,75.0,4,1,67,52,0.0,255,32767,0.0,2127-15-31,0.0,0.12,27.44,0.0,0.0,0.0,0,1.974609375,6,45,05:56,20:31,2025-07-11 06:09:43.836046,Castel Volturno,47.6,2.4950242,4.6636567,2.18032,3.922927,75.2,2.3537562,3.9180996,2.3285713,4.6190476,75.6,1.9398137,3.6338665,2.948775,2.7898257,54.3,2.7714286,2.7714286,59.8
2025-07-11T06:09:54Z,20,29.873,79.2,45,75.1,3,1,78,52,0.0,255,32767,0.0,2127-15-31,0.0,0.12,27.44,0.0,0.0,0.0,0,0.84375,6,45,05:56,20:31,2025-07-11 06:09:54.386059,Castel Volturno,47.6,2.4950242,4.6636567,2.18032,3.922927,75.2,2.3537562,3.9180996,2.3285713,4.6190476,75.6,1.9398137,3.6338665,2.948775,2.7898257,54.3,2.7714286,2.7714286,59.8
2025-07-11T06:10:05Z,20,29.873,79.2,45,75.0,2,1,48,52,0.0,255,32767,0.0,2127-15-31,0.0,0.12,27.44,0.0,0.0,0.0,0,0.84375,6,45,05:56,20:31,2025-07-11 06:10:04.940049,Castel Volturno,47.6,2.4950242,4.6636567,2.18032,3.922927,75.2,2.3537562,3.9180996,2.3285713,4.6190476,75.6,1.9398137,3.6338665,2.948775,2.7898257,54.3,2.7714286,2.7714286,59.8
2025-07-11T06:10:15Z,20,29.873,79.2,45,75.0,2,1,63,52,0.0,255,32767,0.0,2127-15-31,0.0,0.12,27.44,0.0,0.0,0.0,0,0.84375,6,45,05:56,20:31,2025-07-11 06:10:15.494060,Castel Volturno,47.6,2.4950242,4.6636567,2.18032,3.922927,75.2,2.3537562,3.9180996,2.3285713,4.6190476,75.6,1.9398137,3.6338665,2.948775,2.7898257,54.3,2.7714286,2.7714286,59.8
2025-07-11T06:10:26Z,20,29.873,79.2,45,75.1,2,1,97,52,0.0,255,32767,0.0,2127-15-31,0.0,0.12,27.44,0.0,0.0,0.0,0,0.84375,6,45,05:56,20:31,2025-07-11 06:10:26.047048,Castel Volturno,47.6,2.4950242,4.6636567,2.18032,3.922927,75.2,2.3537562,3.9180996,2.3285713,4.6190476,75.6,1.9398137,3.6338665,2.948775,2.7898257,54.3,2.7714286,2.7714286,59.8
2025-07-11T06:10:36Z,20,29.873,79.2,45,75.1,1,1,97,52,0.0,255,32767,0.0,2127-15-31,0.0,0.12,27.44,0.0,0.0,0.0,0,0.84375,6,45,05:56,20:31,2025-07-11 06:10:36.599049,Castel Volturno,47.6,2.4950242,4.6636567,2.18032,3.922927,75.2,2.3537562,3.9180996,2.3285713,4.6190476,75.6,1.9398137,3.6338665,2.948775,2.7898257,54.3,2.7714286,2.7714286,59.8
2025-07-11T06:10:47Z,20,29.873,79.2,45,75.0,2,1,88,52,0.0,255,32767,0.0,2127-15-31,0.0,0.12,27.44,0.0,0.0,0.0,0,0.84375,6,45,05:56,20:31,2025-07-11 06:10:47.151051,Castel Volturno,47.6,2.4950242,4.6636567,2.18032,3.922927,75.2,2.3537562,3.9180996,2.3285713,4.6190476,75.6,1.9398137,3.6338665,2.948775,2.7898257,54.3,2.7714286,2.7714286,59.8
2025-07-11T06:10:57Z,20,29.874,79.3,44,75.1,2,1,88,52,0.0,255,32767,0.0,2127-15-31,0.0,0.12,27.44,0.0,0.0,0.0,0,0.890625,6,45,05:56,20:31,2025-07-11 06:10:57.697066,Castel Volturno,47.6,2.4950242,4.6636567,2.18032,3.922927,75.2,2.3537562,3.9180996,2.3285713,4.6190476,75.6,1.9398137,3.6338665,2.948775,2.7898257,54.3,2.7714286,2.7714286,59.8
2025-07-11T06:11:08Z,20,29.874,79.3,44,75.1,2,1,67,52,0.0,255,32767,0.0,2127-15-31,0.0,0.12,27.44,0.0,0.0,0.0,0,0.890625,6,45,05:56,20:31,2025-07-11 06:11:08.241048,Castel Volturno,47.6,2.4950242,4.6636567,2.18032,3.922927,75.2,2.3537562,3.9180996,2.3285713,4.6190476,75.6,1.9398137,3.6338665,2.948775,2.7898257,54.3,2.7714286,2.7714286,59.8
2025-07-11T06:11:18Z,20,29.874,79.3,44,75.1,2,1,81,52,0.0,255,32767,0.0,2127-15-31,0.0,0.12,27.44,0.0,0.0,0.0,0,0.890625,6,45,05:56,20:31,2025-07-11 06:11:18.785048,Castel Volturno,47.6,2.4950242,4.6636567,2.18032,3.922927,75.2,2.3537562,3.9180996,2.3285713,4.6190476,75.6,1.9398137,3.6338665,2.948775,2.7898257,54.3,2.7714286,2.7714286,59.8
2025-07-11T06:11:29Z,20,29.874,79.3,44,75.1,2,1,67,52,0.0,255,32767,0.0,2127-15-31,0.0,0.12,27.44,0.0,0.0,0.0,0,0.890625,6,45,05:56,20:31,2025-07-11 06:11:29.330043,Castel Volturno,47.6,2.4950242,4.6636567,2.18032,3.922927,75.2,2.3537562,3.9180996,2.3285713,4.6190476,75.6,1.9398137,3.6338665,2.948775,2.7898257,54.3,2.7714286,2.7714286,59.8
2025-07-11T06:11:40Z,20,29.874,79.3,44,75.1,2,1,63,52,0.0,255,32767,0.0,2127-15-31,0.0,0.12,27.44,0.0,0.0,0.0,0,0.890625,6,45,05:56,20:31,2025-07-11 06:11:39.875044,Castel Volturno,47.6,2.4950242,4.6636567,2.18032,3.922927,75.2,2.3537562,3.9180996,2.3285713,4.6190476,75.6,1.9398137,3.6338665,2.948775,2.7898257,54.3,2.7714286,2.7714286,59.8
2025-07-11T06:11:50Z,20,29.873,79.3,44,75.1,1,1,67,52,0.0,255,32767,0.0,2127-15-31,0.0,0.12,27.44,0.0,0.0,0.0,0,0.849609375,6,45,05:56,20:31,2025-07-11 06:11:50.430055,Castel Volturno,47.6,2.4950242,4.6636567,2.18032,3.922927,75.2,2.3537562,3.9180996,2.3285713,4.6190476,75.6,1.9398137,3.6338665,2.948775,2.7898257,54.3,2.7714286,2.7714286,59.8
2025-07-11T06:12:01Z,20,29.873,79.3,44,75.1,1,1,94,52,0.0,255,32767,0.0,2127-15-31,0.0,0.12,27.44,0.0,0.0,0.0,0,0.849609375,6,45,05:56,20:31,2025-07-11 06:12:01.519052,Castel Volturno,47.6,2.4950242,4.6636567,2.18032,3.922927,75.2,2.3537562,3.9180996,2.3285713,4.6190476,75.6,1.9398137,3.6338665,2.948775,2.7898257,54.3,2.7714286,2.7714286,59.8
2025-07-11T06:12:12Z,20,29.873,79.3,44,75.1,0,1,94,52,0.0,255,32767,0.0,2127-15-31,0.0,0.12,27.44,0.0,0.0,0.0,0,0.849609375,6,45,05:56,20:31,2025-07-11 06:12:12.072048,Castel Volturno,47.6,2.4950242,4.6636567,2.18032,3.922927,75.2,2.3537562,3.9180996,2.3285713,4.6190476,75.6,1.9398137,3.6338665,2.948775,2.7898257,54.3,2.7714286,2.7714286,59.8
2025-07-11T06:12:22Z,20,29.873,79.3,44,75.2,1,1,71,52,0.0,255,32767,0.0,2127-15-31,0.0,0.12,27.44,0.0,0.0,0.0,0,0.849609375,6,45,05:56,20:31,2025-07-11 06:12:22.626046,Castel Volturno,47.6,2.4950242,4.6636567,2.18032,3.922927,75.2,2.3537562,3.9180996,2.3285713,4.6190476,75.6,1.9398137,3.6338665,2.948775,2.7898257,54.3,2.7714286,2.7714286,59.8
2025-07-11T06:12:33Z,20,29.873,79.3,44,75.1,0,1,59,52,0.0,255,32767,0.0,2127-15-31,0.0,0.12,27.44,0.0,0.0,0.0,0,0.849609375,6,45,05:56,20:31,2025-07-11 06:12:33.159579,Castel Volturno,47.6,2.4950242,4.6636567,2.18032,3.922927,75.2,2.3537562,3.9180996,2.3285713,4.6190476,75.6,1.9398137,3.6338665,2.948775,2.7898257,54.3,2.7714286,2.7714286,59.8
2025-07-11T06:12:43Z,20,29.873,79.3,44,75.1,1,1,69,52,0.0,255,32767,0.0,2127-15-31,0.0,0.12,27.44,0.0,0.0,0.0,0,0.849609375,6,45,05:56,20:31,2025-07-11 06:12:43.736045,Castel Volturno,47.6,2.4950242,4.6636567,2.18032,3.922927,75.2,2.3537562,3.9180996,2.3285713,4.6190476,75.6,1.9398137,3.6338665,2.948775,2.7898257,54.3,2.7714286,2.7714286,59.8
2025-07-11T06:12:54Z,20,29.874,79.3,44,75.2,1,1,88,52,0.0,255,32767,0.0,2127-15-31,0.0,0.12,27.44,0.0,0.0,0.0,0,0.849609375,6,45,05:56,20:31,2025-07-11 06:12:54.290046,Castel Volturno,47.6,2.4950242,4.6636567,2.18032,3.922927,75.2,2.3537562,3.9180996,2.3285713,4.6190476,75.6,1.9398137,3.6338665,2.948775,2.7898257,54.3,2.7714286,2.7714286,59.8
2025-07-11T06:13:05Z,20,29.874,79.3,44,75.2,1,1,88,52,0.0,255,32767,0.0,2127-15-31,0.0,0.12,27.44,0.0,0.0,0.0,0,0.849609375,6,45,05:56,20:31,2025-07-11 06:13:05.082057,Castel Volturno,47.6,2.4950242,4.6636567,2.18032,3.922927,75.2,2.3537562,3.9180996,2.3285713,4.6190476,75.6,1.9398137,3.6338665,2.948775,2.7898257,54.3,2.7714286,2.7714286,59.8
2025-07-11T06:13:15Z,20,29.874,79.3,44,75.3,0,1,88,52,0.0,255,32767,0.0,2127-15-31,0.0,0.12,27.44,0.0,0.0,0.0,0,0.849609375,6,45,05:56,20:31,2025-07-11 06:13:15.628055,Castel Volturno,47.6,2.4950242,4.6636567,2.18032,3.922927,75.2,2.3537562,3.9180996,2.3285713,4.6190476,75.6,1.9398137,3.6338665,2.948775,2.7898257,54.3,2.7714286,2.7714286,59.8
2025-07-11T06:13:26Z,20,29.874,79.3,44,75.2,0,1,53,52,0.0,255,32767,0.0,2127-15-31,0.0,0.12,27.44,0.0,0.0,0.0,0,0.849609375,6,45,05:56,20:31,2025-07-11 06:13:26.173015,Castel Volturno,47.6,2.4950242,4.6636567,2.18032,3.922927,75.2,2.3537562,3.9180996,2.3285713,4.6190476,75.6,1.9398137,3.6338665,2.948775,2.7898257,54.3,2.7714286,2.7714286,59.8
2025-07-11T06:13:36Z,20,29.874,79.3,44,75.2,0,1,48,52,0.0,255,32767,0.0,2127-15-31,0.0,0.12,27.44,0.0,0.0,0.0,0,0.849609375,6,45,05:56,20:31,2025-07-11 06:13:36.726054,Castel Volturno,47.6,2.4950242,4.6636567,2.18032,3.922927,75.2,2.3537562,3.9180996,2.3285713,4.6190476,75.6,1.9398137,3.6338665,2.948775,2.7898257,54.3,2.7714286,2.7714286,59.8
2025-07-11T06:13:47Z,20,29.874,79.3,44,75.3,0,1,48,52,0.0,255,32767,0.0,2127-15-31,0.0,0.12,27.44,0.0,0.0,0.0,0,0.849609375,6,45,05:56,20:31,2025-07-11 06:13:47.280050,Castel Volturno,47.6,2.4950242,4.6636567,2.18032,3.922927,75.2,2.3537562,3.9180996,2.3285713,4.6190476,75.6,1.9398137,3.6338665,2.948775,2.7898257,54.3,2.7714286,2.7714286,59.8
2025-07-11T06:13:58Z,20,29.875,79.3,44,75.2,0,1,83,52,0.0,255,32767,0.0,2127-15-31,0.0,0.12,27.44,0.0,0.0,0.0,0,0.931640625,6,45,05:56,20:31,2025-07-11 06:13:57.835009,Castel Volturno,47.6,2.4950242,4.6636567,2.18032,3.922927,75.2,2.3537562,3.9180996,2.3285713,4.6190476,75.6,1.9398137,3.6338665,2.948775,2.7898257,54.3,2.7714286,2.7714286,59.8
2025-07-11T06:14:08Z,20,29.875,79.3,44,75.2,0,1,31,52,0.0,255,32767,0.0,2127-15-31,0.0,0.12,27.44,0.0,0.0,0.0,0,0.931640625,6,45,05:56,20:31,2025-07-11 06:14:08.389044,Castel Volturno,47.6,2.4950242,4.6636567,2.18032,3.922927,75.2,2.3537562,3.9180996,2.3285713,4.6190476,75.6,1.9398137,3.6338665,2.948775,2.7898257,54.3,2.7714286,2.7714286,59.8
2025-07-11T06:14:19Z,20,29.875,79.3,44,75.3,1,1,48,52,0.0,255,32767,0.0,2127-15-31,0.0,0.12,27.44,0.0,0.0,0.0,0,0.931640625,6,45,05:56,20:31,2025-07-11 06:14:18.944056,Castel Volturno,47.6,2.4950242,4.6636567,2.18032,3.922927,75.2,2.3537562,3.9180996,2.3285713,4.6190476,75.6,1.9398137,3.6338665,2.948775,2.7898257,54.3,2.7714286,2.7714286,59.8
2025-07-11T06:14:29Z,20,29.875,79.3,44,75.3,0,1,44,52,0.0,255,32767,0.0,2127-15-31,0.0,0.12,27.44,0.0,0.0,0.0,0,0.931640625,6,45,05:56,20:31,2025-07-11 06:14:29.499053,Castel Volturno,47.6,2.4950242,4.6636567,2.18032,3.922927,75.2,2.3537562,3.9180996,2.3285713,4.6190476,75.6,1.9398137,3.6338665,2.948775,2.7898257,54.3,2.7714286,2.7714286,59.8
2025-07-11T06:14:40Z,20,29.875,79.3,44,75.3,0,1,44,52,0.0,255,32767,0.0,2127-15-31,0.0,0.12,27.44,0.0,0.0,0.0,0,0.931640625,6,45,05:56,20:31,2025-07-11 06:14:40.053037,Castel Volturno,47.6,2.4950242,4.6636567,2.18032,3.922927,75.2,2.3537562,3.9180996,2.3285713,4.6190476,75.6,1.9398137,3.6338665,2.948775,2.7898257,54.3,2.7714286,2.7714286,59.8
2025-07-11T06:14:50Z,20,29.873,79.3,44,75.3,1,1,44,52,0.0,255,32767,0.0,2127-15-31,0.0,0.12,27.44,0.0,0.0,0.0,0,1.025390625,6,45,05:56,20:31,2025-07-11 06:14:50.607059,Castel Volturno,47.6,2.4950242,4.6636567,2.18032,3.922927,75.2,2.3537562,3.9180996,2.3285713,4.6190476,75.6,1.9398137,3.6338665,2.948775,2.7898257,54.3,2.7714286,2.7714286,59.8
2025-07-11T06:15:01Z,20,29.873,79.3,44,75.3,0,1,44,52,0.0,255,32767,0.0,2127-15-31,0.0,0.12,27.44,0.0,0.0,0.0,0,1.025390625,6,45,05:56,20:31,2025-07-11 06:15:01.161056,Castel Volturno,47.6,2.4950242,4.6636567,2.18032,3.922927,75.2,2.3537562,3.9180996,2.3285713,4.6190476,75.6,1.9398137,3.6338665,2.948775,2.7898257,54.3,2.7714286,2.7714286,59.8
2025-07-11T06:15:11Z,20,29.873,79.3,44,75.3,0,1,44,52,0.0,255,32767,0.0,2127-15-31,0.0,0.12,27.44,0.0,0.0,0.0,0,1.025390625,6,45,05:56,20:31,2025-07-11 06:15:11.714014,Castel Volturno,47.6,2.4950242,4.6636567,2.18032,3.922927,75.2,2.3537562,3.9180996,2.3285713,4.6190476,75.6,1.9398137,3.6338665,2.948775,2.7898257,54.3,2.7714286,2.7714286,59.8
2025-07-11T06:15:22Z,20,29.873,79.3,44,75.3,0,1,44,52,0.0,255,32767,0.0,2127-15-31,0.0,0.12,27.44,0.0,0.0,0.0,0,1.025390625,6,45,05:56,20:31,2025-07-11 06:15:22.268052,Castel Volturno,47.6,2.4950242,4.6636567,2.18032,3.922927,75.2,2.3537562,3.9180996,2.3285713,4.6190476,75.6,1.9398137,3.6338665,2.948775,2.7898257,54.3,2.7714286,2.7714286,59.8
2025-07-11T06:15:33Z,20,29.873,79.3,44,75.4,0,1,44,52,0.0,255,32767,0.0,2127-15-31,0.0,0.12,27.44,0.0,0.0,0.0,0,1.025390625,6,45,05:56,20:31,2025-07-11 06:15:32.822049,Castel Volturno,47.6,2.4950242,4.6636567,2.18032,3.922927,75.2,2.3537562,3.9180996,2.3285713,4.6190476,75.6,1.9398137,3.6338665,2.948775,2.7898257,54.3,2.7714286,2.7714286,59.8
2025-07-11T06:15:43Z,20,29.873,79.3,44,75.4,0,1,44,52,0.0,255,32767,0.0,2127-15-31,0.0,0.12,27.44,0.0,0.0,0.0,0,1.025390625,6,45,05:56,20:31,2025-07-11 06:15:43.376041,Castel Volturno,47.6,2.4950242,4.6636567,2.18032,3.922927,75.2,2.3537562,3.9180996,2.3285713,4.6190476,75.6,1.9398137,3.6338665,2.948775,2.7898257,54.3,2.7714286,2.7714286,59.8
2025-07-11T06:15:54Z,20,29.874,79.4,44,75.4,0,1,44,52,0.0,255,32767,0.0,2127-15-31,0.0,0.12,27.44,0.0,0.0,0.0,0,1.828125,6,45,05:56,20:31,2025-07-11 06:15:53.930015,Castel Volturno,47.6,2.4950242,4.6636567,2.18032,3.922927,75.2,2.3537562,3.9180996,2.3285713,4.6190476,75.6,1.9398137,3.6338665,2.948775,2.7898257,54.3,2.7714286,2.7714286,59.8
2025-07-11T06:16:04Z,20,29.874,79.4,44,75.4,0,1,42,52,0.0,255,32767,0.0,2127-15-31,0.0,0.12,27.44,0.0,0.0,0.0,0,1.828125,6,45,05:56,20:31,2025-07-11 06:16:04.484050,Castel Volturno,47.6,2.4950242,4.6636567,2.18032,3.922927,75.2,2.3537562,3.9180996,2.3285713,4.6190476,75.6,1.9398137,3.6338665,2.948775,2.7898257,54.3,2.7714286,2.7714286,59.8
2025-07-11T06:16:15Z,20,29.874,79.4,44,75.4,0,1,42,52,0.0,255,32767,0.0,2127-15-31,0.0,0.12,27.44,0.0,0.0,0.0,0,1.828125,6,45,05:56,20:31,2025-07-11 06:16:15.053050,Castel Volturno,47.6,2.4950242,4.6636567,2.18032,3.922927,75.2,2.3537562,3.9180996,2.3285713,4.6190476,75.6,1.9398137,3.6338665,2.948775,2.7898257,54.3,2.7714286,2.7714286,59.8
2025-07-11T06:16:25Z,20,29.874,79.4,44,75.4,0,1,42,52,0.0,255,32767,0.0,2127-15-31,0.0,0.12,27.44,0.0,0.0,0.0,0,1.828125,6,45,05:56,20:31,2025-07-11 06:16:25.606073,Castel Volturno,47.6,2.4950242,4.6636567,2.18032,3.922927,75.2,2.3537562,3.9180996,2.3285713,4.6190476,75.6,1.9398137,3.6338665,2.948775,2.7898257,54.3,2.7714286,2.7714286,59.8
2025-07-11T06:16:36Z,20,29.874,79.4,44,75.5,0,1,42,52,0.0,255,32767,0.0,2127-15-31,0.0,0.12,27.44,0.0,0.0,0.0,0,1.828125,6,45,05:56,20:31,2025-07-11 06:16:36.153052,Castel Volturno,47.6,2.4950242,4.6636567,2.18032,3.922927,75.2,2.3537562,3.9180996,2.3285713,4.6190476,75.6,1.9398137,3.6338665,2.948775,2.7898257,54.3,2.7714286,2.7714286,59.8
2025-07-11T06:16:46Z,20,29.874,79.4,44,75.5,0,1,42,52,0.0,255,32767,0.0,2127-15-31,0.0,0.12,27.44,0.0,0.0,0.0,0,1.828125,6,45,05:56,20:31,2025-07-11 06:16:46.732057,Castel Volturno,47.6,2.4950242,4.6636567,2.18032,3.922927,75.2,2.3537562,3.9180996,2.3285713,4.6190476,75.6,1.9398137,3.6338665,2.948775,2.7898257,54.3,2.7714286,2.7714286,59.8
2025-07-11T06:16:57Z,20,29.879,79.4,44,75.5,0,1,52,52,0.0,255,32767,0.0,2127-15-31,0.0,0.12,27.44,0.0,0.0,0.0,0,0.849609375,6,45,05:56,20:31,2025-07-11 06:16:57.286059,Castel Volturno,46.4,3.1488175,4.7071557,3.8888888,5.246881,75.7,3.1481287,3.95669,9.275362,20.990337,76.2,2.5167608,6.481481,3.8467577,4.69319,54.2,13.478261,12.594203,59.8
2025-07-11T06:17:08Z,20,29.879,79.4,44,75.5,0,1,51,52,0.0,255,32767,0.0,2127-15-31,0.0,0.12,27.44,0.0,0.0,0.0,0,0.849609375,6,45,05:56,20:31,2025-07-11 06:17:08.592051,Castel Volturno,46.4,3.1488175,4.7071557,3.8888888,5.246881,75.7,3.1481287,3.95669,9.275362,20.990337,76.2,2.5167608,6.481481,3.8467577,4.69319,54.2,13.478261,12.594203,59.8
2025-07-11T06:17:19Z,20,29.879,79.4,44,75.5,2,1,60,52,0.0,255,32767,0.0,2127-15-31,0.0,0.12,27.44,0.0,0.0,0.0,0,0.849609375,6,45,05:56,20:31,2025-07-11 06:17:19.146059,Castel Volturno,46.4,3.1488175,4.7071557,3.8888888,5.246881,75.7,3.1481287,3.95669,9.275362,20.990337,76.2,2.5167608,6.481481,3.8467577,4.69319,54.2,13.478261,12.594203,59.8
2025-07-11T06:17:29Z,20,29.879,79.4,44,75.6,1,1,71,52,0.0,255,32767,0.0,2127-15-31,0.0,0.12,27.44,0.0,0.0,0.0,0,0.849609375,6,45,05:56,20:31,2025-07-11 06:17:29.700011,Castel Volturno,46.4,3.1488175,4.7071557,3.8888888,5.246881,75.7,3.1481287,3.95669,9.275362,20.990337,76.2,2.5167608,6.481481,3.8467577,4.69319,54.2,13.478261,12.594203,59.8
2025-07-11T06:17:40Z,20,29.879,79.4,44,75.6,4,1,72,52,0.0,255,32767,0.0,2127-15-31,0.0,0.12,27.44,0.0,0.0,0.0,0,0.849609375,6,45,05:56,20:31,2025-07-11 06:17:40.254061,Castel Volturno,46.4,3.1488175,4.7071557,3.8888888,5.246881,75.7,3.1481287,3.95669,9.275362,20.990337,76.2,2.5167608,6.481481,3.8467577,4.69319,54.2,13.478261,12.594203,59.8
2025-07-11T06:17:50Z,20,29.878,79.4,45,75.6,2,1,75,52,0.0,255,32767,0.0,2127-15-31,0.0,0.12,27.44,0.0,0.0,0.0,0,0.884765625,6,45,05:56,20:31,2025-07-11 06:17:50.786069,Castel Volturno,46.4,3.1488175,4.7071557,3.8888888,5.246881,75.7,3.1481287,3.95669,9.275362,20.990337,76.2,2.5167608,6.481481,3.8467577,4.69319,54.2,13.478261,12.594203,59.8
2025-07-11T06:18:01Z,20,29.878,79.4,45,75.6,2,1,90,52,0.0,255,32767,0.0,2127-15-31,0.0,0.12,27.44,0.0,0.0,0.0,0,0.884765625,6,45,05:56,20:31,2025-07-11 06:18:01.375043,Castel Volturno,46.4,3.1488175,4.7071557,3.8888888,5.246881,75.7,3.1481287,3.95669,9.275362,20.990337,76.2,2.5167608,6.481481,3.8467577,4.69319,54.2,13.478261,12.594203,59.8
2025-07-11T06:18:12Z,20,29.878,79.4,45,75.6,1,1,51,52,0.0,255,32767,0.0,2127-15-31,0.0,0.12,27.44,0.0,0.0,0.0,0,0.884765625,6,45,05:56,20:31,2025-07-11 06:18:11.929054,Castel Volturno,46.4,3.1488175,4.7071557,3.8888888,5.246881,75.7,3.1481287,3.95669,9.275362,20.990337,76.2,2.5167608,6.481481,3.8467577,4.69319,54.2,13.478261,12.594203,59.8
2025-07-11T06:18:22Z,20,29.878,79.4,45,75.6,0,1,51,52,0.0,255,32767,0.0,2127-15-31,0.0,0.12,27.44,0.0,0.0,0.0,0,0.884765625,6,45,05:56,20:31,2025-07-11 06:18:22.482056,Castel Volturno,46.4,3.1488175,4.7071557,3.8888888,5.246881,75.7,3.1481287,3.95669,9.275362,20.990337,76.2,2.5167608,6.481481,3.8467577,4.69319,54.2,13.478261,12.594203,59.8
2025-07-11T06:18:33Z,20,29.878,79.4,45,75.7,1,1,51,52,0.0,255,32767,0.0,2127-15-31,0.0,0.12,27.44,0.0,0.0,0.0,0,0.884765625,6,45,05:56,20:31,2025-07-11 06:18:33.036064,Castel Volturno,46.4,3.1488175,4.7071557,3.8888888,5.246881,75.7,3.1481287,3.95669,9.275362,20.990337,76.2,2.5167608,6.481481,3.8467577,4.69319,54.2,13.478261,12.594203,59.8
2025-07-11T06:18:43Z,20,29.878,79.4,45,75.7,0,1,51,52,0.0,255,32767,0.0,2127-15-31,0.0,0.12,27.44,0.0,0.0,0.0,0,0.884765625,6,45,05:56,20:31,2025-07-11 06:18:43.588111,Castel Volturno,46.4,3.1488175,4.7071557,3.8888888,5.246881,75.7,3.1481287,3.95669,9.275362,20.990337,76.2,2.5167608,6.481481,3.8467577,4.69319,54.2,13.478261,12.594203,59.8
2025-07-11T06:18:54Z,20,29.879,79.4,44,75.7,0,1,51,52,0.0,255,32767,0.0,2127-15-31,0.0,0.12,27.44,0.0,0.0,0.0,0,0.849609375,6,45,05:56,20:31,2025-07-11 06:18:54.142071,Castel Volturno,46.4,3.1488175,4.7071557,3.8888888,5.246881,75.7,3.1481287,3.95669,9.275362,20.990337,76.2,2.5167608,6.481481,3.8467577,4.69319,54.2,13.478261,12.594203,59.8
2025-07-11T06:19:04Z,20,29.879,79.4,44,75.7,1,1,61,52,0.0,255,32767,0.0,2127-15-31,0.0,0.12,27.44,0.0,0.0,0.0,0,0.849609375,6,45,05:56,20:31,2025-07-11 06:19:04.696052,Castel Volturno,46.4,3.1488175,4.7071557,3.8888888,5.246881,75.7,3.1481287,3.95669,9.275362,20.990337,76.2,2.5167608,6.481481,3.8467577,4.69319,54.2,13.478261,12.594203,59.8
2025-07-11T06:19:15Z,20,29.879,79.4,44,75.7,1,1,82,52,0.0,255,32767,0.0,2127-15-31,0.0,0.12,27.44,0.0,0.0,0.0,0,0.849609375,6,45,05:56,20:31,2025-07-11 06:19:15.278043,Castel Volturno,46.4,3.1488175,4.7071557,3.8888888,5.246881,75.7,3.1481287,3.95669,9.275362,20.990337,76.2,2.5167608,6.481481,3.8467577,4.69319,54.2,13.478261,12.594203,59.8
2025-07-11T06:19:26Z,20,29.879,79.4,44,75.7,0,1,99,52,0.0,255,32767,0.0,2127-15-31,0.0,0.12,27.44,0.0,0.0,0.0,0,0.849609375,6,45,05:56,20:31,2025-07-11 06:19:25.832059,Castel Volturno,46.4,3.1488175,4.7071557,3.8888888,5.246881,75.7,3.1481287,3.95669,9.275362,20.990337,76.2,2.5167608,6.481481,3.8467577,4.69319,54.2,13.478261,12.594203,59.8
2025-07-11T06:19:36Z,20,29.879,79.4,44,75.7,1,1,57,52,0.0,255,32767,0.0,2127-15-31,0.0,0.12,27.44,0.0,0.0,0.0,0,0.849609375,6,45,05:56,20:31,2025-07-11 06:19:36.386059,Castel Volturno,46.4,3.1488175,4.7071557,3.8888888,5.246881,75.7,3.1481287,3.95669,9.275362,20.990337,76.2,2.5167608,6.481481,3.8467577,4.69319,54.2,13.478261,12.594203,59.8
2025-07-11T06:19:47Z,20,29.879,79.4,44,75.8,1,1,59,52,0.0,255,32767,0.0,2127-15-31,0.0,0.12,27.44,0.0,0.0,0.0,0,0.849609375,6,45,05:56,20:31,2025-07-11 06:19:46.932086,Castel Volturno,46.4,3.1488175,4.7071557,3.8888888,5.246881,75.7,3.1481287,3.95669,9.275362,20.990337,76.2,2.5167608,6.481481,3.8467577,4.69319,54.2,13.478261,12.594203,59.8
2025-07-11T06:19:57Z,20,29.877,79.4,44,75.8,0,1,59,52,0.0,255,32767,0.0,2127-15-31,0.0,0.12,27.44,0.0,0.0,0.0,0,0.861328125,6,45,05:56,20:31,2025-07-11 06:19:57.477050,Castel Volturno,46.4,3.1488175,4.7071557,3.8888888,5.246881,75.7,3.1481287,3.95669,9.275362,20.990337,76.2,2.5167608,6.481481,3.8467577,4.69319,54.2,13.478261,12.594203,59.8
2025-07-11T06:20:08Z,20,29.877,79.4,44,75.8,1,1,84,52,0.0,255,32767,0.0,2127-15-31,0.0,0.12,27.44,0.0,0.0,0.0,0,0.861328125,6,45,05:56,20:31,2025-07-11 06:20:08.030050,Castel Volturno,46.4,3.1488175,4.7071557,3.8888888,5.246881,75.7,3.1481287,3.95669,9.275362,20.990337,76.2,2.5167608,6.481481,3.8467577,4.69319,54.2,13.478261,12.594203,59.8
2025-07-11T06:20:18Z,20,29.877,79.4,44,75.8,3,1,80,52,0.0,255,32767,0.0,2127-15-31,0.0,0.12,27.44,0.0,0.0,0.0,0,0.861328125,6,45,05:56,20:31,2025-07-11 06:20:18.584048,Castel Volturno,46.4,3.1488175,4.7071557,3.8888888,5.246881,75.7,3.1481287,3.95669,9.275362,20.990337,76.2,2.5167608,6.481481,3.8467577,4.69319,54.2,13.478261,12.594203,59.8
2025-07-11T06:20:29Z,20,29.877,79.4,44,75.9,1,1,63,52,0.0,255,32767,0.0,2127-15-31,0.0,0.12,27.44,0.0,0.0,0.0,0,0.861328125,6,45,05:56,20:31,2025-07-11 06:20:29.138067,Castel Volturno,46.4,3.1488175,4.7071557,3.8888888,5.246881,75.7,3.1481287,3.95669,9.275362,20.990337,76.2,2.5167608,6.481481,3.8467577,4.69319,54.2,13.478261,12.594203,59.8
2025-07-11T06:20:39Z,20,29.877,79.4,44,75.9,1,1,75,52,0.0,255,32767,0.0,2127-15-31,0.0,0.12,27.44,0.0,0.0,0.0,0,0.861328125,6,45,05:56,20:31,2025-07-11 06:20:39.690060,Castel Volturno,46.4,3.1488175,4.7071557,3.8888888,5.246881,75.7,3.1481287,3.95669,9.275362,20.990337,76.2,2.5167608,6.481481,3.8467577,4.69319,54.2,13.478261,12.594203,59.8
2025-07-11T06:20:50Z,20,29.877,79.5,44,75.8,2,1,46,52,0.0,255,32767,0.0,2127-15-31,0.0,0.12,27.44,0.0,0.0,0.0,0,0.8671875,6,45,05:56,20:31,2025-07-11 06:20:50.236061,Castel Volturno,46.4,3.1488175,4.7071557,3.8888888,5.246881,75.7,3.1481287,3.95669,9.275362,20.990337,76.2,2.5167608,6.481481,3.8467577,4.69319,54.2,13.478261,12.594203,59.8
2025-07-11T06:21:00Z,20,29.877,79.5,44,75.8,3,1,105,52,0.0,255,32767,0.0,2127-15-31,0.0,0.12,27.44,0.0,0.0,0.0,0,0.8671875,6,45,05:56,20:31,2025-07-11 06:21:00.785054,Castel Volturno,46.4,3.1488175,4.7071557,3.8888888,5.246881,75.7,3.1481287,3.95669,9.275362,20.990337,76.2,2.5167608,6.481481,3.8467577,4.69319,54.2,13.478261,12.594203,59.8
2025-07-11T06:21:11Z,20,29.877,79.5,44,75.9,3,1,90,52,0.0,255,32767,0.0,2127-15-31,0.0,0.12,27.44,0.0,0.0,0.0,0,0.8671875,6,45,05:56,20:31,2025-07-11 06:21:11.338031,Castel Volturno,46.4,3.1488175,4.7071557,3.8888888,5.246881,75.7,3.1481287,3.95669,9.275362,20.990337,76.2,2.5167608,6.481481,3.8467577,4.69319,54.2,13.478261,12.594203,59.8
2025-07-11T06:21:22Z,20,29.877,79.5,44,75.9,2,1,57,52,0.0,255,32767,0.0,2127-15-31,0.0,0.12,27.44,0.0,0.0,0.0,0,0.8671875,6,45,05:56,20:31,2025-07-11 06:21:21.893047,Castel Volturno,46.4,3.1488175,4.7071557,3.8888888,5.246881,75.7,3.1481287,3.95669,9.275362,20.990337,76.2,2.5167608,6.481481,3.8467577,4.69319,54.2,13.478261,12.594203,59.8
2025-07-11T06:21:32Z,20,29.877,79.5,44,75.9,2,1,16,52,0.0,255,32767,0.0,2127-15-31,0.0,0.12,27.44,0.0,0.0,0.0,0,0.8671875,6,45,05:56,20:31,2025-07-11 06:21:32.447012,Castel Volturno,46.4,3.1488175,4.7071557,3.8888888,5.246881,75.7,3.1481287,3.95669,9.275362,20.990337,76.2,2.5167608,6.481481,3.8467577,4.69319,54.2,13.478261,12.594203,59.8
2025-07-11T06:21:43Z,20,29.877,79.5,44,75.9,3,1,59,52,0.0,255,32767,0.0,2127-15-31,0.0,0.12,27.44,0.0,0.0,0.0,0,0.8671875,6,45,05:56,20:31,2025-07-11 06:21:43.002048,Castel Volturno,46.4,3.1488175,4.7071557,3.8888888,5.246881,75.7,3.1481287,3.95669,9.275362,20.990337,76.2,2.5167608,6.481481,3.8467577,4.69319,54.2,13.478261,12.594203,59.8
2025-07-11T06:21:53Z,20,29.877,79.5,43,75.9,3,1,80,52,0.0,255,32767,0.0,2127-15-31,0.0,0.12,27.44,0.0,0.0,0.0,0,0.99609375,6,45,05:56,20:31,2025-07-11 06:21:53.556055,Castel Volturno,46.4,3.1488175,4.7071557,3.8888888,5.246881,75.7,3.1481287,3.95669,9.275362,20.990337,76.2,2.5167608,6.481481,3.8467577,4.69319,54.2,13.478261,12.594203,59.8
2025-07-11T06:22:04Z,20,29.877,79.5,43,75.9,4,1,82,52,0.0,255,32767,0.0,2127-15-31,0.0,0.12,27.44,0.0,0.0,0.0,0,0.99609375,6,45,05:56,20:31,2025-07-11 06:22:04.110050,Castel Volturno,46.4,3.1488175,4.7071557,3.8888888,5.246881,75.7,3.1481287,3.95669,9.275362,20.990337,76.2,2.5167608,6.481481,3.8467577,4.69319,54.2,13.478261,12.594203,59.8
2025-07-11T06:22:15Z,20,29.877,79.5,43,75.9,2,1,84,52,0.0,255,32767,0.0,2127-15-31,0.0,0.12,27.44,0.0,0.0,0.0,0,0.99609375,6,45,05:56,20:31,2025-07-11 06:22:15.206019,Castel Volturno,46.4,3.1488175,4.7071557,3.8888888,5.246881,75.7,3.1481287,3.95669,9.275362,20.990337,76.2,2.5167608,6.481481,3.8467577,4.69319,54.2,13.478261,12.594203,59.8
2025-07-11T06:22:25Z,20,29.877,79.5,43,75.9,2,1,58,52,0.0,255,32767,0.0,2127-15-31,0.0,0.12,27.44,0.0,0.0,0.0,0,0.99609375,6,45,05:56,20:31,2025-07-11 06:22:25.760069,Castel Volturno,46.4,3.1488175,4.7071557,3.8888888,5.246881,75.7,3.1481287,3.95669,9.275362,20.990337,76.2,2.5167608,6.481481,3.8467577,4.69319,54.2,13.478261,12.594203,59.8
2025-07-11T06:22:36Z,20,29.877,79.5,43,75.9,2,1,89,52,0.0,255,32767,0.0,2127-15-31,0.0,0.12,27.44,0.0,0.0,0.0,0,0.99609375,6,45,05:56,20:31,2025-07-11 06:22:36.314059,Castel Volturno,46.4,3.1488175,4.7071557,3.8888888,5.246881,75.7,3.1481287,3.95669,9.275362,20.990337,76.2,2.5167608,6.481481,3.8467577,4.69319,54.2,13.478261,12.594203,59.8
2025-07-11T06:22:47Z,20,29.877,79.5,43,75.9,1,1,84,52,0.0,255,32767,0.0,2127-15-31,0.0,0.12,27.44,0.0,0.0,0.0,0,0.99609375,6,45,05:56,20:31,2025-07-11 06:22:46.861053,Castel Volturno,46.4,3.1488175,4.7071557,3.8888888,5.246881,75.7,3.1481287,3.95669,9.275362,20.990337,76.2,2.5167608,6.481481,3.8467577,4.69319,54.2,13.478261,12.594203,59.8
2025-07-11T06:22:57Z,20,29.879,79.5,44,75.9,1,1,59,52,0.0,255,32767,0.0,2127-15-31,0.0,0.12,27.44,0.0,0.0,0.0,0,1.728515625,6,45,05:56,20:31,2025-07-11 06:22:57.444029,Castel Volturno,46.4,3.1488175,4.7071557,3.8888888,5.246881,75.7,3.1481287,3.95669,9.275362,20.990337,76.2,2.5167608,6.481481,3.8467577,4.69319,54.2,13.478261,12.594203,59.8
2025-07-11T06:23:08Z,20,29.879,79.5,44,75.9,1,1,65,52,0.0,255,32767,0.0,2127-15-31,0.0,0.12,27.44,0.0,0.0,0.0,0,1.728515625,6,45,05:56,20:31,2025-07-11 06:23:07.995043,Castel Volturno,46.4,3.1488175,4.7071557,3.8888888,5.246881,75.7,3.1481287,3.95669,9.275362,20.990337,76.2,2.5167608,6.481481,3.8467577,4.69319,54.2,13.478261,12.594203,59.8
2025-07-11T06:23:18Z,20,29.879,79.5,44,75.9,0,1,52,52,0.0,255,32767,0.0,2127-15-31,0.0,0.12,27.44,0.0,0.0,0.0,0,1.728515625,6,45,05:56,20:31,2025-07-11 06:23:18.546061,Castel Volturno,46.4,3.1488175,4.7071557,3.8888888,5.246881,75.7,3.1481287,3.95669,9.275362,20.990337,76.2,2.5167608,6.481481,3.8467577,4.69319,54.2,13.478261,12.594203,59.8
2025-07-11T06:23:29Z,20,29.879,79.5,44,75.9,1,1,50,52,0.0,255,32767,0.0,2127-15-31,0.0,0.12,27.44,0.0,0.0,0.0,0,1.728515625,6,45,05:56,20:31,2025-07-11 06:23:29.096014,Castel Volturno,46.4,3.1488175,4.7071557,3.8888888,5.246881,75.7,3.1481287,3.95669,9.275362,20.990337,76.2,2.5167608,6.481481,3.8467577,4.69319,54.2,13.478261,12.594203,59.8
2025-07-11T06:23:39Z,20,29.879,79.5,44,75.9,3,1,49,52,0.0,255,32767,0.0,2127-15-31,0.0,0.12,27.44,0.0,0.0,0.0,0,1.728515625,6,45,05:56,20:31,2025-07-11 06:23:39.649058,Castel Volturno,46.4,3.1488175,4.7071557,3.8888888,5.246881,75.7,3.1481287,3.95669,9.275362,20.990337,76.2,2.5167608,6.481481,3.8467577,4.69319,54.2,13.478261,12.594203,59.8
2025-07-11T06:23:50Z,20,29.878,79.6,43,75.9,1,1,28,52,0.0,255,32767,0.0,2127-15-31,0.0,0.12,27.44,0.0,0.0,0.0,0,0.84375,6,45,05:56,20:31,2025-07-11 06:23:50.222005,Castel Volturno,46.4,3.1488175,4.7071557,3.8888888,5.246881,75.7,3.1481287,3.95669,9.275362,20.990337,76.2,2.5167608,6.481481,3.8467577,4.69319,54.2,13.478261,12.594203,59.8
2025-07-11T06:24:00Z,20,29.878,79.6,43,75.9,1,1,73,52,0.0,255,32767,0.0,2127-15-31,0.0,0.12,27.44,0.0,0.0,0.0,0,0.84375,6,45,05:56,20:31,2025-07-11 06:24:00.776069,Castel Volturno,46.4,3.1488175,4.7071557,3.8888888,5.246881,75.7,3.1481287,3.95669,9.275362,20.990337,76.2,2.5167608,6.481481,3.8467577,4.69319,54.2,13.478261,12.594203,59.8
2025-07-11T06:24:11Z,20,29.878,79.6,43,75.9,2,1,67,52,0.0,255,32767,0.0,2127-15-31,0.0,0.12,27.44,0.0,0.0,0.0,0,0.84375,6,45,05:56,20:31,2025-07-11 06:24:11.331058,Castel Volturno,46.4,3.1488175,4.7071557,3.8888888,5.246881,75.7,3.1481287,3.95669,9.275362,20.990337,76.2,2.5167608,6.481481,3.8467577,4.69319,54.2,13.478261,12.594203,59.8
2025-07-11T06:24:22Z,20,29.878,79.6,43,75.9,1,1,49,52,0.0,255,32767,0.0,2127-15-31,0.0,0.12,27.44,0.0,0.0,0.0,0,0.84375,6,45,05:56,20:31,2025-07-11 06:24:21.877044,Castel Volturno,46.4,3.1488175,4.7071557,3.8888888,5.246881,75.7,3.1481287,3.95669,9.275362,20.990337,76.2,2.5167608,6.481481,3.8467577,4.69319,54.2,13.478261,12.594203,59.8
2025-07-11T06:24:32Z,20,29.878,79.6,43,75.9,1,1,78,52,0.0,255,32767,0.0,2127-15-31,0.0,0.12,27.44,0.0,0.0,0.0,0,0.84375,6,45,05:56,20:31,2025-07-11 06:24:32.447041,Castel Volturno,46.4,3.1488175,4.7071557,3.8888888,5.246881,75.7,3.1481287,3.95669,9.275362,20.990337,76.2,2.5167608,6.481481,3.8467577,4.69319,54.2,13.478261,12.594203,59.8
2025-07-11T06:24:43Z,20,29.878,79.6,43,75.9,1,1,52,52,0.0,255,32767,0.0,2127-15-31,0.0,0.12,27.44,0.0,0.0,0.0,0,0.84375,6,45,05:56,20:31,2025-07-11 06:24:43.110055,Castel Volturno,46.4,3.1488175,4.7071557,3.8888888,5.246881,75.7,3.1481287,3.95669,9.275362,20.990337,76.2,2.5167608,6.481481,3.8467577,4.69319,54.2,13.478261,12.594203,59.8
2025-07-11T06:24:53Z,20,29.881,79.5,43,75.9,1,1,74,52,0.0,255,32767,0.0,2127-15-31,0.0,0.12,27.44,0.0,0.0,0.0,0,0.84375,6,45,05:56,20:31,2025-07-11 06:24:53.664053,Castel Volturno,46.4,3.1488175,4.7071557,3.8888888,5.246881,75.7,3.1481287,3.95669,9.275362,20.990337,76.2,2.5167608,6.481481,3.8467577,4.69319,54.2,13.478261,12.594203,59.8
2025-07-11T06:25:04Z,20,29.881,79.5,43,75.9,1,1,56,52,0.0,255,32767,0.0,2127-15-31,0.0,0.12,27.44,0.0,0.0,0.0,0,0.84375,6,45,05:56,20:31,2025-07-11 06:25:04.210043,Castel Volturno,46.4,3.1488175,4.7071557,3.8888888,5.246881,75.7,3.1481287,3.95669,9.275362,20.990337,76.2,2.5167608,6.481481,3.8467577,4.69319,54.2,13.478261,12.594203,59.8
2025-07-11T06:25:14Z,20,29.881,79.5,43,75.9,1,1,43,52,0.0,255,32767,0.0,2127-15-31,0.0,0.12,27.44,0.0,0.0,0.0,0,0.84375,6,45,05:56,20:31,2025-07-11 06:25:14.764051,Castel Volturno,46.4,3.1488175,4.7071557,3.8888888,5.246881,75.7,3.1481287,3.95669,9.275362,20.990337,76.2,2.5167608,6.481481,3.8467577,4.69319,54.2,13.478261,12.594203,59.8
2025-07-11T06:25:25Z,20,29.881,79.5,43,75.9,1,1,35,52,0.0,255,32767,0.0,2127-15-31,0.0,0.12,27.44,0.0,0.0,0.0,0,0.84375,6,45,05:56,20:31,2025-07-11 06:25:25.319043,Castel Volturno,46.4,3.1488175,4.7071557,3.8888888,5.246881,75.7,3.1481287,3.95669,9.275362,20.990337,76.2,2.5167608,6.481481,3.8467577,4.69319,54.2,13.478261,12.594203,59.8
2025-07-11T06:25:36Z,20,29.881,79.5,43,75.9,2,1,26,52,0.0,255,32767,0.0,2127-15-31,0.0,0.12,27.44,0.0,0.0,0.0,0,0.84375,6,45,05:56,20:31,2025-07-11 06:25:35.873046,Castel Volturno,46.4,3.1488175,4.7071557,3.8888888,5.246881,75.7,3.1481287,3.95669,9.275362,20.990337,76.2,2.5167608,6.481481,3.8467577,4.69319,54.2,13.478261,12.594203,59.8
2025-07-11T06:25:46Z,20,29.881,79.5,43,75.9,1,1,49,52,0.0,255,32767,0.0,2127-15-31,0.0,0.12,27.44,0.0,0.0,0.0,0,0.84375,6,45,05:56,20:31,2025-07-11 06:25:46.427045,Castel Volturno,46.4,3.1488175,4.7071557,3.8888888,5.246881,75.7,3.1481287,3.95669,9.275362,20.990337,76.2,2.5167608,6.481481,3.8467577,4.69319,54.2,13.478261,12.594203,59.8
2025-07-11T06:25:57Z,20,29.88,79.6,43,75.9,1,1,50,52,0.0,255,32767,0.0,2127-15-31,0.0,0.12,27.44,0.0,0.0,0.0,0,0.84375,6,45,05:56,20:31,2025-07-11 06:25:56.981063,Castel Volturno,46.4,3.1488175,4.7071557,3.8888888,5.246881,75.7,3.1481287,3.95669,9.275362,20.990337,76.2,2.5167608,6.481481,3.8467577,4.69319,54.2,13.478261,12.594203,59.8
2025-07-11T06:26:07Z,20,29.88,79.6,43,75.9,0,1,49,52,0.0,255,32767,0.0,2127-15-31,0.0,0.12,27.44,0.0,0.0,0.0,0,0.84375,6,45,05:56,20:31,2025-07-11 06:26:07.535049,Castel Volturno,46.4,3.1488175,4.7071557,3.8888888,5.246881,75.7,3.1481287,3.95669,9.275362,20.990337,76.2,2.5167608,6.481481,3.8467577,4.69319,54.2,13.478261,12.594203,59.8
2025-07-11T06:26:18Z,20,29.88,79.6,43,75.9,2,1,65,52,0.0,255,32767,0.0,2127-15-31,0.0,0.12,27.44,0.0,0.0,0.0,0,0.84375,6,45,05:56,20:31,2025-07-11 06:26:18.089058,Castel Volturno,46.4,3.1488175,4.7071557,3.8888888,5.246881,75.7,3.1481287,3.95669,9.275362,20.990337,76.2,2.5167608,6.481481,3.8467577,4.69319,54.2,13.478261,12.594203,59.8
2025-07-11T06:26:28Z,20,29.88,79.6,43,75.9,2,1,30,52,0.0,255,32767,0.0,2127-15-31,0.0,0.12,27.44,0.0,0.0,0.0,0,0.84375,6,45,05:56,20:31,2025-07-11 06:26:28.643051,Castel Volturno,46.4,3.1488175,4.7071557,3.8888888,5.246881,75.7,3.1481287,3.95669,9.275362,20.990337,76.2,2.5167608,6.481481,3.8467577,4.69319,54.2,13.478261,12.594203,59.8
2025-07-11T06:26:39Z,20,29.88,79.6,43,75.9,2,1,52,52,0.0,255,32767,0.0,2127-15-31,0.0,0.12,27.44,0.0,0.0,0.0,0,0.84375,6,45,05:56,20:31,2025-07-11 06:26:39.197040,Castel Volturno,46.4,3.1488175,4.7071557,3.8888888,5.246881,75.7,3.1481287,3.95669,9.275362,20.990337,76.2,2.5167608,6.481481,3.8467577,4.69319,54.2,13.478261,12.594203,59.8
2025-07-11T06:26:49Z,20,29.88,79.6,43,75.9,2,1,40,52,0.0,255,32767,0.0,2127-15-31,0.0,0.12,27.44,0.0,0.0,0.0,0,0.84375,6,45,05:56,20:31,2025-07-11 06:26:49.750059,Castel Volturno,46.4,3.1488175,4.7071557,3.8888888,5.246881,75.7,3.1481287,3.95669,9.275362,20.990337,76.2,2.5167608,6.481481,3.8467577,4.69319,54.2,13.478261,12.594203,59.8
2025-07-11T06:27:00Z,20,29.88,79.6,43,75.9,2,1,40,52,0.0,255,32767,0.0,2127-15-31,0.0,0.12,27.44,0.0,0.0,0.0,0,0.84375,6,45,05:56,20:31,2025-07-11 06:27:00.305047,Castel Volturno,46.4,3.1488175,4.7071557,3.8888888,5.246881,75.7,3.1481287,3.95669,9.275362,20.990337,76.2,2.5167608,6.481481,3.8467577,4.69319,54.2,13.478261,12.594203,59.8
2025-07-11T06:27:11Z,20,29.88,79.6,43,75.9,1,1,67,52,0.0,255,32767,0.0,2127-15-31,0.0,0.12,27.44,0.0,0.0,0.0,0,0.84375,6,45,05:56,20:31,2025-07-11 06:27:10.857046,Castel Volturno,46.4,3.1488175,4.7071557,3.8888888,5.246881,75.7,3.1481287,3.95669,9.275362,20.990337,76.2,2.5167608,6.481481,3.8467577,4.69319,54.2,13.478261,12.594203,59.8
2025-07-11T06:27:22Z,20,29.88,79.6,43,75.9,0,1,70,52,0.0,255,32767,0.0,2127-15-31,0.0,0.12,27.44,0.0,0.0,0.0,0,0.84375,6,45,05:56,20:31,2025-07-11 06:27:21.939047,Castel Volturno,46.4,3.1488175,4.7071557,3.8888888,5.246881,75.7,3.1481287,3.95669,9.275362,20.990337,76.2,2.5167608,6.481481,3.8467577,4.69319,54.2,13.478261,12.594203,59.8
2025-07-11T06:27:32Z,20,29.88,79.6,43,75.9,2,1,36,52,0.0,255,32767,0.0,2127-15-31,0.0,0.12,27.44,0.0,0.0,0.0,0,0.84375,6,45,05:56,20:31,2025-07-11 06:27:32.484049,Castel Volturno,46.4,3.1488175,4.7071557,3.8888888,5.246881,75.7,3.1481287,3.95669,9.275362,20.990337,76.2,2.5167608,6.481481,3.8467577,4.69319,54.2,13.478261,12.594203,59.8
2025-07-11T06:27:43Z,20,29.88,79.6,43,75.9,2,1,62,52,0.0,255,32767,0.0,2127-15-31,0.0,0.12,27.44,0.0,0.0,0.0,0,0.84375,6,45,05:56,20:31,2025-07-11 06:27:43.031050,Castel Volturno,46.4,3.1488175,4.7071557,3.8888888,5.246881,75.7,3.1481287,3.95669,9.275362,20.990337,76.2,2.5167608,6.481481,3.8467577,4.69319,54.2,13.478261,12.594203,59.8
2025-07-11T06:27:53Z,20,29.88,79.6,42,75.9,2,1,78,52,0.0,255,32767,0.0,2127-15-31,0.0,0.12,27.44,0.0,0.0,0.0,0,0.896484375,6,45,05:56,20:31,2025-07-11 06:27:53.580063,Castel Volturno,46.4,3.1488175,4.7071557,3.8888888,5.246881,75.7,3.1481287,3.95669,9.275362,20.990337,76.2,2.5167608,6.481481,3.8467577,4.69319,54.2,13.478261,12.594203,59.8
2025-07-11T06:28:04Z,20,29.88,79.6,42,75.9,2,1,84,52,0.0,255,32767,0.0,2127-15-31,0.0,0.12,27.44,0.0,0.0,0.0,0,0.896484375,6,45,05:56,20:31,2025-07-11 06:28:04.133094,Castel Volturno,46.4,3.1488175,4.7071557,3.8888888,5.246881,75.7,3.1481287,3.95669,9.275362,20.990337,76.2,2.5167608,6.481481,3.8467577,4.69319,54.2,13.478261,12.594203,59.8
2025-07-11T06:28:14Z,20,29.88,79.6,42,75.9,2,1,76,52,0.0,255,32767,0.0,2127-15-31,0.0,0.12,27.44,0.0,0.0,0.0,0,0.896484375,6,45,05:56,20:31,2025-07-11 06:28:14.686026,Castel Volturno,46.4,3.1488175,4.7071557,3.8888888,5.246881,75.7,3.1481287,3.95669,9.275362,20.990337,76.2,2.5167608,6.481481,3.8467577,4.69319,54.2,13.478261,12.594203,59.8
2025-07-11T06:28:25Z,20,29.88,79.6,42,75.9,3,1,57,52,0.0,255,32767,0.0,2127-15-31,0.0,0.12,27.44,0.0,0.0,0.0,0,0.896484375,6,45,05:56,20:31,2025-07-11 06:28:25.236043,Castel Volturno,46.4,3.1488175,4.7071557,3.8888888,5.246881,75.7,3.1481287,3.95669,9.275362,20.990337,76.2,2.5167608,6.481481,3.8467577,4.69319,54.2,13.478261,12.594203,59.8
2025-07-11T06:28:35Z,20,29.88,79.6,42,75.9,1,1,59,52,0.0,255,32767,0.0,2127-15-31,0.0,0.12,27.44,0.0,0.0,0.0,0,0.896484375,6,45,05:56,20:31,2025-07-11 06:28:35.789047,Castel Volturno,46.4,3.1488175,4.7071557,3.8888888,5.246881,75.7,3.1481287,3.95669,9.275362,20.990337,76.2,2.5167608,6.481481,3.8467577,4.69319,54.2,13.478261,12.594203,59.8
2025-07-11T06:28:46Z,20,29.88,79.6,42,75.9,1,1,59,52,0.0,255,32767,0.0,2127-15-31,0.0,0.12,27.44,0.0,0.0,0.0,0,0.896484375,6,45,05:56,20:31,2025-07-11 06:28:46.343047,Castel Volturno,46.4,3.1488175,4.7071557,3.8888888,5.246881,75.7,3.1481287,3.95669,9.275362,20.990337,76.2,2.5167608,6.481481,3.8467577,4.69319,54.2,13.478261,12.594203,59.8
2025-07-11T06:28:57Z,20,29.879,79.6,42,75.9,3,2,44,52,0.0,255,32767,0.0,2127-15-31,0.0,0.12,27.44,0.0,0.0,0.0,0,0.978515625,6,45,05:56,20:31,2025-07-11 06:28:56.893014,Castel Volturno,46.4,3.1488175,4.7071557,3.8888888,5.246881,75.7,3.1481287,3.95669,9.275362,20.990337,76.2,2.5167608,6.481481,3.8467577,4.69319,54.2,13.478261,12.594203,59.8
2025-07-11T06:29:07Z,20,29.879,79.6,42,75.8,2,2,69,52,0.0,255,32767,0.0,2127-15-31,0.0,0.12,27.44,0.0,0.0,0.0,0,0.978515625,6,45,05:56,20:31,2025-07-11 06:29:07.442042,Castel Volturno,46.4,3.1488175,4.7071557,3.8888888,5.246881,75.7,3.1481287,3.95669,9.275362,20.990337,76.2,2.5167608,6.481481,3.8467577,4.69319,54.2,13.478261,12.594203,59.8
2025-07-11T06:29:18Z,20,29.879,79.6,42,75.8,1,2,70,52,0.0,255,32767,0.0,2127-15-31,0.0,0.12,27.44,0.0,0.0,0.0,0,0.978515625,6,45,05:56,20:31,2025-07-11 06:29:17.989049,Castel Volturno,46.4,3.1488175,4.7071557,3.8888888,5.246881,75.7,3.1481287,3.95669,9.275362,20.990337,76.2,2.5167608,6.481481,3.8467577,4.69319,54.2,13.478261,12.594203,59.8
2025-07-11T06:29:28Z,20,29.879,79.6,42,75.9,2,2,79,52,0.0,255,32767,0.0,2127-15-31,0.0,0.12,27.44,0.0,0.0,0.0,0,0.978515625,6,45,05:56,20:31,2025-07-11 06:29:28.571047,Castel Volturno,46.4,3.1488175,4.7071557,3.8888888,5.246881,75.7,3.1481287,3.95669,9.275362,20.990337,76.2,2.5167608,6.481481,3.8467577,4.69319,54.2,13.478261,12.594203,59.8
2025-07-11T06:29:39Z,20,29.879,79.6,42,75.9,4,2,67,52,0.0,255,32767,0.0,2127-15-31,0.0,0.12,27.44,0.0,0.0,0.0,0,0.978515625,6,45,05:56,20:31,2025-07-11 06:29:39.116018,Castel Volturno,46.4,3.1488175,4.7071557,3.8888888,5.246881,75.7,3.1481287,3.95669,9.275362,20.990337,76.2,2.5167608,6.481481,3.8467577,4.69319,54.2,13.478261,12.594203,59.8
2025-07-11T06:29:49Z,20,29.88,79.6,42,75.9,2,2,80,52,0.0,255,32767,0.0,2127-15-31,0.0,0.12,27.44,0.0,0.0,0.0,0,1.59375,6,45,05:56,20:31,2025-07-11 06:29:49.670049,Castel Volturno,46.4,3.1488175,4.7071557,3.8888888,5.246881,75.7,3.1481287,3.95669,9.275362,20.990337,76.2,2.5167608,6.481481,3.8467577,4.69319,54.2,13.478261,12.594203,59.8
2025-07-11T06:30:00Z,20,29.88,79.6,42,75.8,2,2,83,52,0.0,255,32767,0.0,2127-15-31,0.0,0.12,27.44,0.0,0.0,0.0,0,1.59375,6,45,05:56,20:31,2025-07-11 06:30:00.224080,Castel Volturno,46.4,3.1488175,4.7071557,3.8888888,5.246881,75.7,3.1481287,3.95669,9.275362,20.990337,76.2,2.5167608,6.481481,3.8467577,4.69319,54.2,13.478261,12.594203,59.8
2025-07-11T06:30:10Z,20,29.88,79.6,42,75.9,2,2,78,52,0.0,255,32767,0.0,2127-15-31,0.0,0.12,27.44,0.0,0.0,0.0,0,1.59375,6,45,05:56,20:31,2025-07-11 06:30:10.770053,Castel Volturno,46.4,3.1488175,4.7071557,3.8888888,5.246881,75.7,3.1481287,3.95669,9.275362,20.990337,76.2,2.5167608,6.481481,3.8467577,4.69319,54.2,13.478261,12.594203,59.8
2025-07-11T06:30:21Z,20,29.88,79.6,42,75.8,2,2,46,52,0.0,255,32767,0.0,2127-15-31,0.0,0.12,27.44,0.0,0.0,0.0,0,1.59375,6,45,05:56,20:31,2025-07-11 06:30:21.317033,Castel Volturno,46.4,3.1488175,4.7071557,3.8888888,5.246881,75.7,3.1481287,3.95669,9.275362,20.990337,76.2,2.5167608,6.481481,3.8467577,4.69319,54.2,13.478261,12.594203,59.8
2025-07-11T06:30:32Z,20,29.88,79.6,42,75.9,1,2,46,52,0.0,255,32767,0.0,2127-15-31,0.0,0.12,27.44,0.0,0.0,0.0,0,1.59375,6,45,05:56,20:31,2025-07-11 06:30:31.867050,Castel Volturno,46.4,3.1488175,4.7071557,3.8888888,5.246881,75.7,3.1481287,3.95669,9.275362,20.990337,76.2,2.5167608,6.481481,3.8467577,4.69319,54.2,13.478261,12.594203,59.8
2025-07-11T06:30:42Z,20,29.88,79.6,42,75.9,1,2,58,52,0.0,255,32767,0.0,2127-15-31,0.0,0.12,27.44,0.0,0.0,0.0,0,1.59375,6,45,05:56,20:31,2025-07-11 06:30:42.414055,Castel Volturno,46.4,3.1488175,4.7071557,3.8888888,5.246881,75.7,3.1481287,3.95669,9.275362,20.990337,76.2,2.5167608,6.481481,3.8467577,4.69319,54.2,13.478261,12.594203,59.8
2025-07-11T06:30:53Z,20,29.882,79.6,42,75.8,3,2,44,52,0.0,255,32767,0.0,2127-15-31,0.0,0.12,27.44,0.0,0.0,0.0,0,0.84375,6,45,05:56,20:31,2025-07-11 06:30:52.991055,Castel Volturno,46.4,3.1488175,4.7071557,3.8888888,5.246881,75.7,3.1481287,3.95669,9.275362,20.990337,76.2,2.5167608,6.481481,3.8467577,4.69319,54.2,13.478261,12.594203,59.8
2025-07-11T06:31:03Z,20,29.882,79.6,42,75.9,2,2,57,52,0.0,255,32767,0.0,2127-15-31,0.0,0.12,27.44,0.0,0.0,0.0,0,0.84375,6,45,05:56,20:31,2025-07-11 06:31:03.513529,Castel Volturno,46.4,3.1488175,4.7071557,3.8888888,5.246881,75.7,3.1481287,3.95669,9.275362,20.990337,76.2,2.5167608,6.481481,3.8467577,4.69319,54.2,13.478261,12.594203,59.8
2025-07-11T06:31:14Z,20,29.882,79.6,42,75.9,1,2,55,52,0.0,255,32767,0.0,2127-15-31,0.0,0.12,27.44,0.0,0.0,0.0,0,0.84375,6,45,05:56,20:31,2025-07-11 06:31:14.104049,Castel Volturno,46.4,3.1488175,4.7071557,3.8888888,5.246881,75.7,3.1481287,3.95669,9.275362,20.990337,76.2,2.5167608,6.481481,3.8467577,4.69319,54.2,13.478261,12.594203,59.8
2025-07-11T06:31:24Z,20,29.882,79.6,42,75.9,0,2,55,52,0.0,255,32767,0.0,2127-15-31,0.0,0.12,27.44,0.0,0.0,0.0,0,0.84375,6,45,05:56,20:31,2025-07-11 06:31:24.658061,Castel Volturno,46.4,3.1488175,4.7071557,3.8888888,5.246881,75.7,3.1481287,3.95669,9.275362,20.990337,76.2,2.5167608,6.481481,3.8467577,4.69319,54.2,13.478261,12.594203,59.8
2025-07-11T06:31:35Z,20,29.882,79.6,42,75.9,0,2,55,52,0.0,255,32767,0.0,2127-15-31,0.0,0.12,27.44,0.0,0.0,0.0,0,0.84375,6,45,05:56,20:31,2025-07-11 06:31:35.245049,Castel Volturno,46.4,3.1488175,4.7071557,3.8888888,5.246881,75.7,3.1481287,3.95669,9.275362,20.990337,76.2,2.5167608,6.481481,3.8467577,4.69319,54.2,13.478261,12.594203,59.8
2025-07-11T06:31:45Z,20,29.882,79.6,42,75.9,0,2,63,52,0.0,255,32767,0.0,2127-15-31,0.0,0.12,27.44,0.0,0.0,0.0,0,0.84375,6,45,05:56,20:31,2025-07-11 06:31:45.789044,Castel Volturno,46.4,3.1488175,4.7071557,3.8888888,5.246881,75.7,3.1481287,3.95669,9.275362,20.990337,76.2,2.5167608,6.481481,3.8467577,4.69319,54.2,13.478261,12.594203,59.8
2025-07-11T06:31:56Z,20,29.88,79.6,43,75.9,2,2,82,52,0.0,255,32767,0.0,2127-15-31,0.0,0.12,27.44,0.0,0.0,0.0,0,0.84375,6,45,05:56,20:31,2025-07-11 06:31:56.336047,Castel Volturno,46.4,3.1488175,4.7071557,3.8888888,5.246881,75.7,3.1481287,3.95669,9.275362,20.990337,76.2,2.5167608,6.481481,3.8467577,4.69319,54.2,13.478261,12.594203,59.8
2025-07-11T06:32:07Z,20,29.88,79.6,43,75.9,3,2,85,52,0.0,255,32767,0.0,2127-15-31,0.0,0.12,27.44,0.0,0.0,0.0,0,0.84375,6,45,05:56,20:31,2025-07-11 06:32:06.890060,Castel Volturno,46.4,3.1488175,4.7071557,3.8888888,5.246881,75.7,3.1481287,3.95669,9.275362,20.990337,76.2,2.5167608,6.481481,3.8467577,4.69319,54.2,13.478261,12.594203,59.8
2025-07-11T06:32:17Z,20,29.88,79.6,43,75.8,1,2,87,52,0.0,255,32767,0.0,2127-15-31,0.0,0.12,27.44,0.0,0.0,0.0,0,0.84375,6,45,05:56,20:31,2025-07-11 06:32:17.436063,Castel Volturno,44.8,3.5602357,4.718295,4.831104,5.949282,76.1,3.5695693,3.965572,4.1285715,7.714286,76.7,2.8670275,8.05184,4.319908,5.726947,53.7,5.2285714,4.6285715,59.5
2025-07-11T06:32:28Z,20,29.88,79.6,43,75.8,1,2,87,52,0.0,255,32767,0.0,2127-15-31,0.0,0.12,27.44,0.0,0.0,0.0,0,0.84375,6,45,05:56,20:31,2025-07-11 06:32:28.516042,Castel Volturno,44.8,3.5602357,4.718295,4.831104,5.949282,76.1,3.5695693,3.965572,4.1285715,7.714286,76.7,2.8670275,8.05184,4.319908,5.726947,53.7,5.2285714,4.6285715,59.5
2025-07-11T06:32:39Z,20,29.88,79.6,43,75.9,2,2,88,52,0.0,255,32767,0.0,2127-15-31,0.0,0.12,27.44,0.0,0.0,0.0,0,0.84375,6,45,05:56,20:31,2025-07-11 06:32:39.061047,Castel Volturno,44.8,3.5602357,4.718295,4.831104,5.949282,76.1,3.5695693,3.965572,4.1285715,7.714286,76.7,2.8670275,8.05184,4.319908,5.726947,53.7,5.2285714,4.6285715,59.5
2025-07-11T06:32:49Z,20,29.88,79.6,44,75.9,2,2,83,52,0.0,255,32767,0.0,2127-15-31,0.0,0.12,27.44,0.0,0.0,0.0,0,0.84375,6,45,05:56,20:31,2025-07-11 06:32:49.615044,Castel Volturno,44.8,3.5602357,4.718295,4.831104,5.949282,76.1,3.5695693,3.965572,4.1285715,7.714286,76.7,2.8670275,8.05184,4.319908,5.726947,53.7,5.2285714,4.6285715,59.5
2025-07-11T06:33:00Z,20,29.88,79.6,44,75.9,1,2,83,52,0.0,255,32767,0.0,2127-15-31,0.0,0.12,27.44,0.0,0.0,0.0,0,0.84375,6,45,05:56,20:31,2025-07-11 06:33:00.169053,Castel Volturno,44.8,3.5602357,4.718295,4.831104,5.949282,76.1,3.5695693,3.965572,4.1285715,7.714286,76.7,2.8670275,8.05184,4.319908,5.726947,53.7,5.2285714,4.6285715,59.5
2025-07-11T06:33:10Z,20,29.88,79.6,44,75.9,0,2,83,52,0.0,255,32767,0.0,2127-15-31,0.0,0.12,27.44,0.0,0.0,0.0,0,0.84375,6,45,05:56,20:31,2025-07-11 06:33:10.723058,Castel Volturno,44.8,3.5602357,4.718295,4.831104,5.949282,76.1,3.5695693,3.965572,4.1285715,7.714286,76.7,2.8670275,8.05184,4.319908,5.726947,53.7,5.2285714,4.6285715,59.5
2025-07-11T06:33:21Z,20,29.88,79.6,44,75.9,2,2,83,52,0.0,255,32767,0.0,2127-15-31,0.0,0.12,27.44,0.0,0.0,0.0,0,0.84375,6,45,05:56,20:31,2025-07-11 06:33:21.277070,Castel Volturno,44.8,3.5602357,4.718295,4.831104,5.949282,76.1,3.5695693,3.965572,4.1285715,7.714286,76.7,2.8670275,8.05184,4.319908,5.726947,53.7,5.2285714,4.6285715,59.5
2025-07-11T06:33:32Z,20,29.88,79.6,44,75.9,1,2,83,52,0.0,255,32767,0.0,2127-15-31,0.0,0.12,27.44,0.0,0.0,0.0,0,0.84375,6,45,05:56,20:31,2025-07-11 06:33:31.831045,Castel Volturno,44.8,3.5602357,4.718295,4.831104,5.949282,76.1,3.5695693,3.965572,4.1285715,7.714286,76.7,2.8670275,8.05184,4.319908,5.726947,53.7,5.2285714,4.6285715,59.5
2025-07-11T06:33:42Z,20,29.88,79.6,44,75.9,0,2,79,52,0.0,255,32767,0.0,2127-15-31,0.0,0.12,27.44,0.0,0.0,0.0,0,0.84375,6,45,05:56,20:31,2025-07-11 06:33:42.418074,Castel Volturno,44.8,3.5602357,4.718295,4.831104,5.949282,76.1,3.5695693,3.965572,4.1285715,7.714286,76.7,2.8670275,8.05184,4.319908,5.726947,53.7,5.2285714,4.6285715,59.5
2025-07-11T06:33:53Z,20,29.881,79.6,44,75.9,0,1,79,52,0.0,255,32767,0.0,2127-15-31,0.0,0.12,27.44,0.0,0.0,0.0,0,0.849609375,6,45,05:56,20:31,2025-07-11 06:33:52.972055,Castel Volturno,44.8,3.5602357,4.718295,4.831104,5.949282,76.1,3.5695693,3.965572,4.1285715,7.714286,76.7,2.8670275,8.05184,4.319908,5.726947,53.7,5.2285714,4.6285715,59.5
2025-07-11T06:34:03Z,20,29.881,79.6,44,76.0,1,1,46,52,0.0,255,32767,0.0,2127-15-31,0.0,0.12,27.44,0.0,0.0,0.0,0,0.849609375,6,45,05:56,20:31,2025-07-11 06:34:03.527018,Castel Volturno,44.8,3.5602357,4.718295,4.831104,5.949282,76.1,3.5695693,3.965572,4.1285715,7.714286,76.7,2.8670275,8.05184,4.319908,5.726947,53.7,5.2285714,4.6285715,59.5
2025-07-11T06:34:14Z,20,29.881,79.6,44,76.0,1,1,42,52,0.0,255,32767,0.0,2127-15-31,0.0,0.12,27.44,0.0,0.0,0.0,0,0.849609375,6,45,05:56,20:31,2025-07-11 06:34:14.080059,Castel Volturno,44.8,3.5602357,4.718295,4.831104,5.949282,76.1,3.5695693,3.965572,4.1285715,7.714286,76.7,2.8670275,8.05184,4.319908,5.726947,53.7,5.2285714,4.6285715,59.5
2025-07-11T06:34:24Z,20,29.881,79.6,44,76.0,2,1,38,52,0.0,255,32767,0.0,2127-15-31,0.0,0.12,27.44,0.0,0.0,0.0,0,0.849609375,6,45,05:56,20:31,2025-07-11 06:34:24.634057,Castel Volturno,44.8,3.5602357,4.718295,4.831104,5.949282,76.1,3.5695693,3.965572,4.1285715,7.714286,76.7,2.8670275,8.05184,4.319908,5.726947,53.7,5.2285714,4.6285715,59.5
2025-07-11T06:34:35Z,20,29.881,79.6,44,76.0,1,1,24,52,0.0,255,32767,0.0,2127-15-31,0.0,0.12,27.44,0.0,0.0,0.0,0,0.849609375,6,45,05:56,20:31,2025-07-11 06:34:35.188053,Castel Volturno,44.8,3.5602357,4.718295,4.831104,5.949282,76.1,3.5695693,3.965572,4.1285715,7.714286,76.7,2.8670275,8.05184,4.319908,5.726947,53.7,5.2285714,4.6285715,59.5
2025-07-11T06:34:45Z,20,29.881,79.6,44,76.0,2,1,20,52,0.0,255,32767,0.0,2127-15-31,0.0,0.12,27.44,0.0,0.0,0.0,0,0.849609375,6,45,05:56,20:31,2025-07-11 06:34:45.735058,Castel Volturno,44.8,3.5602357,4.718295,4.831104,5.949282,76.1,3.5695693,3.965572,4.1285715,7.714286,76.7,2.8670275,8.05184,4.319908,5.726947,53.7,5.2285714,4.6285715,59.5
2025-07-11T06:34:56Z,20,29.882,79.6,43,76.0,1,1,31,52,0.0,255,32767,0.0,2127-15-31,0.0,0.12,27.44,0.0,0.0,0.0,0,0.861328125,6,45,05:56,20:31,2025-07-11 06:34:56.281010,Castel Volturno,44.8,3.5602357,4.718295,4.831104,5.949282,76.1,3.5695693,3.965572,4.1285715,7.714286,76.7,2.8670275,8.05184,4.319908,5.726947,53.7,5.2285714,4.6285715,59.5
2025-07-11T06:35:07Z,20,29.882,79.6,43,76.0,2,1,44,52,0.0,255,32767,0.0,2127-15-31,0.0,0.12,27.44,0.0,0.0,0.0,0,0.861328125,6,45,05:56,20:31,2025-07-11 06:35:06.835049,Castel Volturno,44.8,3.5602357,4.718295,4.831104,5.949282,76.1,3.5695693,3.965572,4.1285715,7.714286,76.7,2.8670275,8.05184,4.319908,5.726947,53.7,5.2285714,4.6285715,59.5
2025-07-11T06:35:17Z,20,29.882,79.6,43,76.0,1,1,40,52,0.0,255,32767,0.0,2127-15-31,0.0,0.12,27.44,0.0,0.0,0.0,0,0.861328125,6,45,05:56,20:31,2025-07-11 06:35:17.384014,Castel Volturno,44.8,3.5602357,4.718295,4.831104,5.949282,76.1,3.5695693,3.965572,4.1285715,7.714286,76.7,2.8670275,8.05184,4.319908,5.726947,53.7,5.2285714,4.6285715,59.5
2025-07-11T06:35:28Z,20,29.882,79.6,43,76.0,1,1,40,52,0.0,255,32767,0.0,2127-15-31,0.0,0.12,27.44,0.0,0.0,0.0,0,0.861328125,6,45,05:56,20:31,2025-07-11 06:35:27.938066,Castel Volturno,44.8,3.5602357,4.718295,4.831104,5.949282,76.1,3.5695693,3.965572,4.1285715,7.714286,76.7,2.8670275,8.05184,4.319908,5.726947,53.7,5.2285714,4.6285715,59.5
2025-07-11T06:35:38Z,20,29.882,79.6,43,76.1,1,1,57,52,0.0,255,32767,0.0,2127-15-31,0.0,0.12,27.44,0.0,0.0,0.0,0,0.861328125,6,45,05:56,20:31,2025-07-11 06:35:38.487051,Castel Volturno,44.8,3.5602357,4.718295,4.831104,5.949282,76.1,3.5695693,3.965572,4.1285715,7.714286,76.7,2.8670275,8.05184,4.319908,5.726947,53.7,5.2285714,4.6285715,59.5
2025-07-11T06:35:49Z,20,29.88,79.7,43,76.0,2,2,90,52,0.0,255,32767,0.0,2127-15-31,0.0,0.12,27.44,0.0,0.0,0.0,0,0.966796875,6,45,05:56,20:31,2025-07-11 06:35:49.074041,Castel Volturno,44.8,3.5602357,4.718295,4.831104,5.949282,76.1,3.5695693,3.965572,4.1285715,7.714286,76.7,2.8670275,8.05184,4.319908,5.726947,53.7,5.2285714,4.6285715,59.5
2025-07-11T06:35:59Z,20,29.88,79.7,43,76.0,3,2,19,52,0.0,255,32767,0.0,2127-15-31,0.0,0.12,27.44,0.0,0.0,0.0,0,0.966796875,6,45,05:56,20:31,2025-07-11 06:35:59.628043,Castel Volturno,44.8,3.5602357,4.718295,4.831104,5.949282,76.1,3.5695693,3.965572,4.1285715,7.714286,76.7,2.8670275,8.05184,4.319908,5.726947,53.7,5.2285714,4.6285715,59.5
2025-07-11T06:36:10Z,20,29.88,79.7,43,76.1,2,2,61,52,0.0,255,32767,0.0,2127-15-31,0.0,0.12,27.44,0.0,0.0,0.0,0,0.966796875,6,45,05:56,20:31,2025-07-11 06:36:10.182063,Castel Volturno,44.8,3.5602357,4.718295,4.831104,5.949282,76.1,3.5695693,3.965572,4.1285715,7.714286,76.7,2.8670275,8.05184,4.319908,5.726947,53.7,5.2285714,4.6285715,59.5
2025-07-11T06:36:20Z,20,29.88,79.7,43,76.1,1,2,75,52,0.0,255,32767,0.0,2127-15-31,0.0,0.12,27.44,0.0,0.0,0.0,0,0.966796875,6,45,05:56,20:31,2025-07-11 06:36:20.736056,Castel Volturno,44.8,3.5602357,4.718295,4.831104,5.949282,76.1,3.5695693,3.965572,4.1285715,7.714286,76.7,2.8670275,8.05184,4.319908,5.726947,53.7,5.2285714,4.6285715,59.5
2025-07-11T06:36:31Z,20,29.88,79.7,43,76.1,1,2,65,52,0.0,255,32767,0.0,2127-15-31,0.0,0.12,27.44,0.0,0.0,0.0,0,0.966796875,6,45,05:56,20:31,2025-07-11 06:36:31.290056,Castel Volturno,44.8,3.5602357,4.718295,4.831104,5.949282,76.1,3.5695693,3.965572,4.1285715,7.714286,76.7,2.8670275,8.05184,4.319908,5.726947,53.7,5.2285714,4.6285715,59.5
2025-07-11T06:36:42Z,20,29.88,79.7,43,76.1,1,2,65,52,0.0,255,32767,0.0,2127-15-31,0.0,0.12,27.44,0.0,0.0,0.0,0,0.966796875,6,45,05:56,20:31,2025-07-11 06:36:41.846051,Castel Volturno,44.8,3.5602357,4.718295,4.831104,5.949282,76.1,3.5695693,3.965572,4.1285715,7.714286,76.7,2.8670275,8.05184,4.319908,5.726947,53.7,5.2285714,4.6285715,59.5
2025-07-11T06:36:52Z,20,29.882,79.7,44,76.1,1,2,56,52,0.0,255,32767,0.0,2127-15-31,0.0,0.12,27.44,0.0,0.0,0.0,0,1.55859375,6,45,05:56,20:31,2025-07-11 06:36:52.400051,Castel Volturno,44.8,3.5602357,4.718295,4.831104,5.949282,76.1,3.5695693,3.965572,4.1285715,7.714286,76.7,2.8670275,8.05184,4.319908,5.726947,53.7,5.2285714,4.6285715,59.5
2025-07-11T06:37:03Z,20,29.882,79.7,44,76.1,1,2,57,52,0.0,255,32767,0.0,2127-15-31,0.0,0.12,27.44,0.0,0.0,0.0,0,1.55859375,6,45,05:56,20:31,2025-07-11 06:37:02.945050,Castel Volturno,44.8,3.5602357,4.718295,4.831104,5.949282,76.1,3.5695693,3.965572,4.1285715,7.714286,76.7,2.8670275,8.05184,4.319908,5.726947,53.7,5.2285714,4.6285715,59.5
2025-07-11T06:37:13Z,20,29.882,79.7,44,76.1,0,2,49,52,0.0,255,32767,0.0,2127-15-31,0.0,0.12,27.44,0.0,0.0,0.0,0,1.55859375,6,45,05:56,20:31,2025-07-11 06:37:13.499043,Castel Volturno,44.8,3.5602357,4.718295,4.831104,5.949282,76.1,3.5695693,3.965572,4.1285715,7.714286,76.7,2.8670275,8.05184,4.319908,5.726947,53.7,5.2285714,4.6285715,59.5
2025-07-11T06:37:24Z,20,29.882,79.7,44,76.1,0,2,22,52,0.0,255,32767,0.0,2127-15-31,0.0,0.12,27.44,0.0,0.0,0.0,0,1.55859375,6,45,05:56,20:31,2025-07-11 06:37:24.053057,Castel Volturno,44.8,3.5602357,4.718295,4.831104,5.949282,76.1,3.5695693,3.965572,4.1285715,7.714286,76.7,2.8670275,8.05184,4.319908,5.726947,53.7,5.2285714,4.6285715,59.5
2025-07-11T06:37:35Z,20,29.882,79.7,44,76.1,0,2,59,52,0.0,255,32767,0.0,2127-15-31,0.0,0.12,27.44,0.0,0.0,0.0,0,1.55859375,6,45,05:56,20:31,2025-07-11 06:37:35.144018,Castel Volturno,44.8,3.5602357,4.718295,4.831104,5.949282,76.1,3.5695693,3.965572,4.1285715,7.714286,76.7,2.8670275,8.05184,4.319908,5.726947,53.7,5.2285714,4.6285715,59.5
2025-07-11T06:37:45Z,20,29.882,79.7,44,76.2,0,2,37,52,0.0,255,32767,0.0,2127-15-31,0.0,0.12,27.44,0.0,0.0,0.0,0,1.55859375,6,45,05:56,20:31,2025-07-11 06:37:45.698043,Castel Volturno,44.8,3.5602357,4.718295,4.831104,5.949282,76.1,3.5695693,3.965572,4.1285715,7.714286,76.7,2.8670275,8.05184,4.319908,5.726947,53.7,5.2285714,4.6285715,59.5
2025-07-11T06:37:56Z,20,29.888,79.7,44,76.2,0,1,37,52,0.0,255,32767,0.0,2127-15-31,0.0,0.12,27.44,0.0,0.0,0.0,0,1.01953125,6,45,05:56,20:31,2025-07-11 06:37:56.285047,Castel Volturno,44.8,3.5602357,4.718295,4.831104,5.949282,76.1,3.5695693,3.965572,4.1285715,7.714286,76.7,2.8670275,8.05184,4.319908,5.726947,53.7,5.2285714,4.6285715,59.5
2025-07-11T06:38:07Z,20,29.888,79.7,44,76.2,0,1,37,52,0.0,255,32767,0.0,2127-15-31,0.0,0.12,27.44,0.0,0.0,0.0,0,1.01953125,6,45,05:56,20:31,2025-07-11 06:38:06.834012,Castel Volturno,44.8,3.5602357,4.718295,4.831104,5.949282,76.1,3.5695693,3.965572,4.1285715,7.714286,76.7,2.8670275,8.05184,4.319908,5.726947,53.7,5.2285714,4.6285715,59.5
2025-07-11T06:38:17Z,20,29.888,79.7,44,76.2,0,1,37,52,0.0,255,32767,0.0,2127-15-31,0.0,0.12,27.44,0.0,0.0,0.0,0,1.01953125,6,45,05:56,20:31,2025-07-11 06:38:17.382048,Castel Volturno,44.8,3.5602357,4.718295,4.831104,5.949282,76.1,3.5695693,3.965572,4.1285715,7.714286,76.7,2.8670275,8.05184,4.319908,5.726947,53.7,5.2285714,4.6285715,59.5
2025-07-11T06:38:28Z,20,29.888,79.7,44,76.3,0,1,54,52,0.0,255,32767,0.0,2127-15-31,0.0,0.12,27.44,0.0,0.0,0.0,0,1.01953125,6,45,05:56,20:31,2025-07-11 06:38:27.932014,Castel Volturno,44.8,3.5602357,4.718295,4.831104,5.949282,76.1,3.5695693,3.965572,4.1285715,7.714286,76.7,2.8670275,8.05184,4.319908,5.726947,53.7,5.2285714,4.6285715,59.5
2025-07-11T06:38:38Z,20,29.888,79.7,44,76.3,0,1,87,52,0.0,255,32767,0.0,2127-15-31,0.0,0.12,27.44,0.0,0.0,0.0,0,1.01953125,6,45,05:56,20:31,2025-07-11 06:38:38.485046,Castel Volturno,44.8,3.5602357,4.718295,4.831104,5.949282,76.1,3.5695693,3.965572,4.1285715,7.714286,76.7,2.8670275,8.05184,4.319908,5.726947,53.7,5.2285714,4.6285715,59.5
2025-07-11T06:38:49Z,20,29.882,79.7,44,76.3,2,1,99,52,0.0,255,32767,0.0,2127-15-31,0.0,0.12,27.44,0.0,0.0,0.0,0,0.84375,6,45,05:56,20:31,2025-07-11 06:38:49.032051,Castel Volturno,44.8,3.5602357,4.718295,4.831104,5.949282,76.1,3.5695693,3.965572,4.1285715,7.714286,76.7,2.8670275,8.05184,4.319908,5.726947,53.7,5.2285714,4.6285715,59.5
2025-07-11T06:38:59Z,20,29.882,79.7,44,76.3,2,1,88,52,0.0,255,32767,0.0,2127-15-31,0.0,0.12,27.44,0.0,0.0,0.0,0,0.84375,6,45,05:56,20:31,2025-07-11 06:38:59.579049,Castel Volturno,44.8,3.5602357,4.718295,4.831104,5.949282,76.1,3.5695693,3.965572,4.1285715,7.714286,76.7,2.8670275,8.05184,4.319908,5.726947,53.7,5.2285714,4.6285715,59.5
2025-07-11T06:39:10Z,20,29.882,79.7,44,76.2,2,1,62,52,0.0,255,32767,0.0,2127-15-31,0.0,0.12,27.44,0.0,0.0,0.0,0,0.84375,6,45,05:56,20:31,2025-07-11 06:39:10.124054,Castel Volturno,44.8,3.5602357,4.718295,4.831104,5.949282,76.1,3.5695693,3.965572,4.1285715,7.714286,76.7,2.8670275,8.05184,4.319908,5.726947,53.7,5.2285714,4.6285715,59.5
2025-07-11T06:39:20Z,20,29.882,79.7,44,76.2,2,1,30,52,0.0,255,32767,0.0,2127-15-31,0.0,0.12,27.44,0.0,0.0,0.0,0,0.84375,6,45,05:56,20:31,2025-07-11 06:39:20.672060,Castel Volturno,44.8,3.5602357,4.718295,4.831104,5.949282,76.1,3.5695693,3.965572,4.1285715,7.714286,76.7,2.8670275,8.05184,4.319908,5.726947,53.7,5.2285714,4.6285715,59.5
2025-07-11T06:39:31Z,20,29.882,79.7,44,76.4,2,1,83,52,0.0,255,32767,0.0,2127-15-31,0.0,0.12,27.44,0.0,0.0,0.0,0,0.84375,6,45,05:56,20:31,2025-07-11 06:39:31.226035,Castel Volturno,44.8,3.5602357,4.718295,4.831104,5.949282,76.1,3.5695693,3.965572,4.1285715,7.714286,76.7,2.8670275,8.05184,4.319908,5.726947,53.7,5.2285714,4.6285715,59.5
2025-07-11T06:39:41Z,20,29.882,79.7,44,76.4,3,1,81,52,0.0,255,32767,0.0,2127-15-31,0.0,0.12,27.44,0.0,0.0,0.0,0,0.84375,6,45,05:56,20:31,2025-07-11 06:39:41.772009,Castel Volturno,44.8,3.5602357,4.718295,4.831104,5.949282,76.1,3.5695693,3.965572,4.1285715,7.714286,76.7,2.8670275,8.05184,4.319908,5.726947,53.7,5.2285714,4.6285715,59.5
2025-07-11T06:39:52Z,20,29.883,79.7,45,76.4,3,1,64,52,0.0,255,32767,0.0,2127-15-31,0.0,0.12,27.44,0.0,0.0,0.0,0,0.849609375,6,45,05:56,20:31,2025-07-11 06:39:52.327053,Castel Volturno,44.8,3.5602357,4.718295,4.831104,5.949282,76.1,3.5695693,3.965572,4.1285715,7.714286,76.7,2.8670275,8.05184,4.319908,5.726947,53.7,5.2285714,4.6285715,59.5
2025-07-11T06:40:03Z,20,29.883,79.7,45,76.4,2,1,66,52,0.0,255,32767,0.0,2127-15-31,0.0,0.12,27.44,0.0,0.0,0.0,0,0.849609375,6,45,05:56,20:31,2025-07-11 06:40:02.881054,Castel Volturno,44.8,3.5602357,4.718295,4.831104,5.949282,76.1,3.5695693,3.965572,4.1285715,7.714286,76.7,2.8670275,8.05184,4.319908,5.726947,53.7,5.2285714,4.6285715,59.5
2025-07-11T06:40:13Z,20,29.883,79.7,45,76.4,1,1,66,52,0.0,255,32767,0.0,2127-15-31,0.0,0.12,27.44,0.0,0.0,0.0,0,0.849609375,6,45,05:56,20:31,2025-07-11 06:40:13.425055,Castel Volturno,44.8,3.5602357,4.718295,4.831104,5.949282,76.1,3.5695693,3.965572,4.1285715,7.714286,76.7,2.8670275,8.05184,4.319908,5.726947,53.7,5.2285714,4.6285715,59.5
2025-07-11T06:40:24Z,20,29.883,79.7,45,76.4,0,1,60,52,0.0,255,32767,0.0,2127-15-31,0.0,0.12,27.44,0.0,0.0,0.0,0,0.849609375,6,45,05:56,20:31,2025-07-11 06:40:23.972049,Castel Volturno,44.8,3.5602357,4.718295,4.831104,5.949282,76.1,3.5695693,3.965572,4.1285715,7.714286,76.7,2.8670275,8.05184,4.319908,5.726947,53.7,5.2285714,4.6285715,59.5
2025-07-11T06:40:34Z,20,29.883,79.7,45,76.4,0,1,60,52,0.0,255,32767,0.0,2127-15-31,0.0,0.12,27.44,0.0,0.0,0.0,0,0.849609375,6,45,05:56,20:31,2025-07-11 06:40:34.520049,Castel Volturno,44.8,3.5602357,4.718295,4.831104,5.949282,76.1,3.5695693,3.965572,4.1285715,7.714286,76.7,2.8670275,8.05184,4.319908,5.726947,53.7,5.2285714,4.6285715,59.5
2025-07-11T06:40:45Z,20,29.883,79.7,45,76.4,1,1,73,52,0.0,255,32767,0.0,2127-15-31,0.0,0.12,27.44,0.0,0.0,0.0,0,0.849609375,6,45,05:56,20:31,2025-07-11 06:40:45.074056,Castel Volturno,44.8,3.5602357,4.718295,4.831104,5.949282,76.1,3.5695693,3.965572,4.1285715,7.714286,76.7,2.8670275,8.05184,4.319908,5.726947,53.7,5.2285714,4.6285715,59.5
2025-07-11T06:40:55Z,20,29.883,79.8,45,76.4,3,1,46,52,0.0,255,32767,0.0,2127-15-31,0.0,0.12,27.44,0.0,0.0,0.0,0,0.849609375,6,45,05:56,20:31,2025-07-11 06:40:55.629061,Castel Volturno,44.8,3.5602357,4.718295,4.831104,5.949282,76.1,3.5695693,3.965572,4.1285715,7.714286,76.7,2.8670275,8.05184,4.319908,5.726947,53.7,5.2285714,4.6285715,59.5
2025-07-11T06:41:06Z,20,29.883,79.8,45,76.4,2,1,53,45,0.0,255,32767,0.0,2127-15-31,0.0,0.12,27.44,0.0,0.0,0.0,0,0.849609375,6,45,05:56,20:31,2025-07-11 06:41:06.176065,Castel Volturno,44.8,3.5602357,4.718295,4.831104,5.949282,76.1,3.5695693,3.965572,4.1285715,7.714286,76.7,2.8670275,8.05184,4.319908,5.726947,53.7,5.2285714,4.6285715,59.5
2025-07-11T06:41:16Z,20,29.883,79.8,45,76.4,1,1,17,45,0.0,255,32767,0.0,2127-15-31,0.0,0.12,27.44,0.0,0.0,0.0,0,0.849609375,6,45,05:56,20:31,2025-07-11 06:41:16.729041,Castel Volturno,44.8,3.5602357,4.718295,4.831104,5.949282,76.1,3.5695693,3.965572,4.1285715,7.714286,76.7,2.8670275,8.05184,4.319908,5.726947,53.7,5.2285714,4.6285715,59.5
2025-07-11T06:41:27Z,20,29.883,79.8,45,76.4,1,1,17,45,0.0,255,32767,0.0,2127-15-31,0.0,0.12,27.44,0.0,0.0,0.0,0,0.849609375,6,45,05:56,20:31,2025-07-11 06:41:27.283041,Castel Volturno,44.8,3.5602357,4.718295,4.831104,5.949282,76.1,3.5695693,3.965572,4.1285715,7.714286,76.7,2.8670275,8.05184,4.319908,5.726947,53.7,5.2285714,4.6285715,59.5
2025-07-11T06:41:38Z,20,29.883,79.8,45,76.5,1,1,49,45,0.0,255,32767,0.0,2127-15-31,0.0,0.12,27.44,0.0,0.0,0.0,0,0.849609375,6,45,05:56,20:31,2025-07-11 06:41:37.829045,Castel Volturno,44.8,3.5602357,4.718295,4.831104,5.949282,76.1,3.5695693,3.965572,4.1285715,7.714286,76.7,2.8670275,8.05184,4.319908,5.726947,53.7,5.2285714,4.6285715,59.5
2025-07-11T06:41:48Z,20,29.885,79.8,44,76.5,0,1,53,45,0.0,255,32767,0.0,2127-15-31,0.0,0.12,27.44,0.0,0.0,0.0,0,0.861328125,6,45,05:56,20:31,2025-07-11 06:41:48.379058,Castel Volturno,44.8,3.5602357,4.718295,4.831104,5.949282,76.1,3.5695693,3.965572,4.1285715,7.714286,76.7,2.8670275,8.05184,4.319908,5.726947,53.7,5.2285714,4.6285715,59.5
2025-07-11T06:41:59Z,20,29.885,79.8,44,76.5,0,1,53,46,0.0,255,32767,0.0,2127-15-31,0.0,0.12,27.44,0.0,0.0,0.0,0,0.861328125,6,45,05:56,20:31,2025-07-11 06:41:58.927050,Castel Volturno,44.8,3.5602357,4.718295,4.831104,5.949282,76.1,3.5695693,3.965572,4.1285715,7.714286,76.7,2.8670275,8.05184,4.319908,5.726947,53.7,5.2285714,4.6285715,59.5
2025-07-11T06:42:09Z,20,29.885,79.8,44,76.5,1,1,55,46,0.0,255,32767,0.0,2127-15-31,0.0,0.12,27.44,0.0,0.0,0.0,0,0.861328125,6,45,05:56,20:31,2025-07-11 06:42:09.480041,Castel Volturno,44.8,3.5602357,4.718295,4.831104,5.949282,76.1,3.5695693,3.965572,4.1285715,7.714286,76.7,2.8670275,8.05184,4.319908,5.726947,53.7,5.2285714,4.6285715,59.5
2025-07-11T06:42:20Z,20,29.885,79.8,44,76.5,0,1,57,46,0.0,255,32767,0.0,2127-15-31,0.0,0.12,27.44,0.0,0.0,0.0,0,0.861328125,6,45,05:56,20:31,2025-07-11 06:42:20.028042,Castel Volturno,44.8,3.5602357,4.718295,4.831104,5.949282,76.1,3.5695693,3.965572,4.1285715,7.714286,76.7,2.8670275,8.05184,4.319908,5.726947,53.7,5.2285714,4.6285715,59.5
2025-07-11T06:42:30Z,20,29.885,79.8,44,76.6,0,1,57,46,0.0,255,32767,0.0,2127-15-31,0.0,0.12,27.44,0.0,0.0,0.0,0,0.861328125,6,45,05:56,20:31,2025-07-11 06:42:30.582050,Castel Volturno,44.8,3.5602357,4.718295,4.831104,5.949282,76.1,3.5695693,3.965572,4.1285715,7.714286,76.7,2.8670275,8.05184,4.319908,5.726947,53.7,5.2285714,4.6285715,59.5
2025-07-11T06:42:41Z,20,29.885,79.8,44,76.6,0,1,57,46,0.0,255,32767,0.0,2127-15-31,0.0,0.12,27.44,0.0,0.0,0.0,0,0.861328125,6,45,05:56,20:31,2025-07-11 06:42:41.642048,Castel Volturno,44.8,3.5602357,4.718295,4.831104,5.949282,76.1,3.5695693,3.965572,4.1285715,7.714286,76.7,2.8670275,8.05184,4.319908,5.726947,53.7,5.2285714,4.6285715,59.5
2025-07-11T06:42:52Z,20,29.882,79.8,45,76.5,0,1,57,46,0.0,255,32767,0.0,2127-15-31,0.0,0.12,27.44,0.0,0.0,0.0,0,0.955078125,6,45,05:56,20:31,2025-07-11 06:42:52.191040,Castel Volturno,44.8,3.5602357,4.718295,4.831104,5.949282,76.1,3.5695693,3.965572,4.1285715,7.714286,76.7,2.8670275,8.05184,4.319908,5.726947,53.7,5.2285714,4.6285715,59.5
2025-07-11T06:43:02Z,20,29.882,79.8,45,76.5,0,1,57,46,0.0,255,32767,0.0,2127-15-31,0.0,0.12,27.44,0.0,0.0,0.0,0,0.955078125,6,45,05:56,20:31,2025-07-11 06:43:02.721013,Castel Volturno,44.8,3.5602357,4.718295,4.831104,5.949282,76.1,3.5695693,3.965572,4.1285715,7.714286,76.7,2.8670275,8.05184,4.319908,5.726947,53.7,5.2285714,4.6285715,59.5
2025-07-11T06:43:13Z,20,29.882,79.8,45,76.6,0,1,57,46,0.0,255,32767,0.0,2127-15-31,0.0,0.12,27.44,0.0,0.0,0.0,0,0.955078125,6,45,05:56,20:31,2025-07-11 06:43:13.291049,Castel Volturno,44.8,3.5602357,4.718295,4.831104,5.949282,76.1,3.5695693,3.965572,4.1285715,7.714286,76.7,2.8670275,8.05184,4.319908,5.726947,53.7,5.2285714,4.6285715,59.5
2025-07-11T06:43:24Z,20,29.882,79.8,45,76.6,1,1,88,46,0.0,255,32767,0.0,2127-15-31,0.0,0.12,27.44,0.0,0.0,0.0,0,0.955078125,6,45,05:56,20:31,2025-07-11 06:43:23.845047,Castel Volturno,44.8,3.5602357,4.718295,4.831104,5.949282,76.1,3.5695693,3.965572,4.1285715,7.714286,76.7,2.8670275,8.05184,4.319908,5.726947,53.7,5.2285714,4.6285715,59.5
2025-07-11T06:43:34Z,20,29.882,79.8,45,76.6,3,1,68,45,0.0,255,32767,0.0,2127-15-31,0.0,0.12,27.44,0.0,0.0,0.0,0,0.955078125,6,45,05:56,20:31,2025-07-11 06:43:34.398012,Castel Volturno,44.8,3.5602357,4.718295,4.831104,5.949282,76.1,3.5695693,3.965572,4.1285715,7.714286,76.7,2.8670275,8.05184,4.319908,5.726947,53.7,5.2285714,4.6285715,59.5
2025-07-11T06:43:45Z,20,29.882,79.8,45,76.6,5,1,84,45,0.0,255,32767,0.0,2127-15-31,0.0,0.12,27.44,0.0,0.0,0.0,0,0.955078125,6,45,05:56,20:31,2025-07-11 06:43:44.952055,Castel Volturno,44.8,3.5602357,4.718295,4.831104,5.949282,76.1,3.5695693,3.965572,4.1285715,7.714286,76.7,2.8670275,8.05184,4.319908,5.726947,53.7,5.2285714,4.6285715,59.5
2025-07-11T06:43:55Z,20,29.885,79.9,45,76.6,4,1,84,45,0.0,255,32767,0.0,2127-15-31,0.0,0.12,27.44,0.0,0.0,0.0,0,1.4765625,6,45,05:56,20:31,2025-07-11 06:43:55.506050,Castel Volturno,44.8,3.5602357,4.718295,4.831104,5.949282,76.1,3.5695693,3.965572,4.1285715,7.714286,76.7,2.8670275,8.05184,4.319908,5.726947,53.7,5.2285714,4.6285715,59.5
2025-07-11T06:44:06Z,20,29.885,79.9,45,76.6,2,1,84,45,0.0,255,32767,0.0,2127-15-31,0.0,0.12,27.44,0.0,0.0,0.0,0,1.4765625,6,45,05:56,20:31,2025-07-11 06:44:06.060044,Castel Volturno,44.8,3.5602357,4.718295,4.831104,5.949282,76.1,3.5695693,3.965572,4.1285715,7.714286,76.7,2.8670275,8.05184,4.319908,5.726947,53.7,5.2285714,4.6285715,59.5
2025-07-11T06:44:16Z,20,29.885,79.9,45,76.7,1,1,85,45,0.0,255,32767,0.0,2127-15-31,0.0,0.12,27.44,0.0,0.0,0.0,0,1.4765625,6,45,05:56,20:31,2025-07-11 06:44:16.615060,Castel Volturno,44.8,3.5602357,4.718295,4.831104,5.949282,76.1,3.5695693,3.965572,4.1285715,7.714286,76.7,2.8670275,8.05184,4.319908,5.726947,53.7,5.2285714,4.6285715,59.5
2025-07-11T06:44:27Z,20,29.885,79.9,45,76.7,3,1,101,44,0.0,255,32767,0.0,2127-15-31,0.0,0.12,27.44,0.0,0.0,0.0,0,1.4765625,6,45,05:56,20:31,2025-07-11 06:44:27.169051,Castel Volturno,44.8,3.5602357,4.718295,4.831104,5.949282,76.1,3.5695693,3.965572,4.1285715,7.714286,76.7,2.8670275,8.05184,4.319908,5.726947,53.7,5.2285714,4.6285715,59.5
2025-07-11T06:44:37Z,20,29.885,79.9,45,76.6,2,1,80,44,0.0,255,32767,0.0,2127-15-31,0.0,0.12,27.44,0.0,0.0,0.0,0,1.4765625,6,45,05:56,20:31,2025-07-11 06:44:37.723043,Castel Volturno,44.8,3.5602357,4.718295,4.831104,5.949282,76.1,3.5695693,3.965572,4.1285715,7.714286,76.7,2.8670275,8.05184,4.319908,5.726947,53.7,5.2285714,4.6285715,59.5
2025-07-11T06:44:48Z,20,29.885,79.9,45,76.7,1,1,114,44,0.0,255,32767,0.0,2127-15-31,0.0,0.12,27.44,0.0,0.0,0.0,0,0.849609375,6,45,05:56,20:31,2025-07-11 06:44:48.277008,Castel Volturno,44.8,3.5602357,4.718295,4.831104,5.949282,76.1,3.5695693,3.965572,4.1285715,7.714286,76.7,2.8670275,8.05184,4.319908,5.726947,53.7,5.2285714,4.6285715,59.5
2025-07-11T06:44:59Z,20,29.885,79.9,45,76.7,2,1,82,44,0.0,255,32767,0.0,2127-15-31,0.0,0.12,27.44,0.0,0.0,0.0,0,0.849609375,6,45,05:56,20:31,2025-07-11 06:44:58.831048,Castel Volturno,44.8,3.5602357,4.718295,4.831104,5.949282,76.1,3.5695693,3.965572,4.1285715,7.714286,76.7,2.8670275,8.05184,4.319908,5.726947,53.7,5.2285714,4.6285715,59.5
2025-07-11T06:45:09Z,20,29.885,79.9,45,76.7,2,1,103,44,0.0,255,32767,0.0,2127-15-31,0.0,0.12,27.44,0.0,0.0,0.0,0,0.849609375,6,45,05:56,20:31,2025-07-11 06:45:09.387034,Castel Volturno,44.8,3.5602357,4.718295,4.831104,5.949282,76.1,3.5695693,3.965572,4.1285715,7.714286,76.7,2.8670275,8.05184,4.319908,5.726947,53.7,5.2285714,4.6285715,59.5
2025-07-11T06:45:20Z,20,29.885,79.9,45,76.7,1,1,106,44,0.0,255,32767,0.0,2127-15-31,0.0,0.12,27.44,0.0,0.0,0.0,0,0.849609375,6,45,05:56,20:31,2025-07-11 06:45:19.949044,Castel Volturno,44.8,3.5602357,4.718295,4.831104,5.949282,76.1,3.5695693,3.965572,4.1285715,7.714286,76.7,2.8670275,8.05184,4.319908,5.726947,53.7,5.2285714,4.6285715,59.5
2025-07-11T06:45:30Z,20,29.885,79.9,45,76.8,1,1,88,44,0.0,255,32767,0.0,2127-15-31,0.0,0.12,27.44,0.0,0.0,0.0,0,0.849609375,6,45,05:56,20:31,2025-07-11 06:45:30.503009,Castel Volturno,44.8,3.5602357,4.718295,4.831104,5.949282,76.1,3.5695693,3.965572,4.1285715,7.714286,76.7,2.8670275,8.05184,4.319908,5.726947,53.7,5.2285714,4.6285715,59.5
2025-07-11T06:45:41Z,20,29.885,79.9,45,76.7,2,1,57,44,0.0,255,32767,0.0,2127-15-31,0.0,0.12,27.44,0.0,0.0,0.0,0,0.849609375,6,45,05:56,20:31,2025-07-11 06:45:41.057046,Castel Volturno,44.8,3.5602357,4.718295,4.831104,5.949282,76.1,3.5695693,3.965572,4.1285715,7.714286,76.7,2.8670275,8.05184,4.319908,5.726947,53.7,5.2285714,4.6285715,59.5
2025-07-11T06:45:51Z,20,29.887,80.0,45,76.7,1,1,71,44,0.0,255,32767,0.0,2127-15-31,0.0,0.12,27.44,0.0,0.0,0.0,0,0.85546875,6,45,05:56,20:31,2025-07-11 06:45:51.611054,Castel Volturno,44.8,3.5602357,4.718295,4.831104,5.949282,76.1,3.5695693,3.965572,4.1285715,7.714286,76.7,2.8670275,8.05184,4.319908,5.726947,53.7,5.2285714,4.6285715,59.5
2025-07-11T06:46:02Z,20,29.887,80.0,45,76.8,1,1,82,44,0.0,255,32767,0.0,2127-15-31,0.0,0.12,27.44,0.0,0.0,0.0,0,0.85546875,6,45,05:56,20:31,2025-07-11 06:46:02.165047,Castel Volturno,44.8,3.5602357,4.718295,4.831104,5.949282,76.1,3.5695693,3.965572,4.1285715,7.714286,76.7,2.8670275,8.05184,4.319908,5.726947,53.7,5.2285714,4.6285715,59.5
2025-07-11T06:46:12Z,20,29.887,80.0,45,76.8,2,1,71,43,0.0,255,32767,0.0,2127-15-31,0.0,0.12,27.44,0.0,0.0,0.0,0,0.85546875,6,45,05:56,20:31,2025-07-11 06:46:12.719057,Castel Volturno,44.8,3.5602357,4.718295,4.831104,5.949282,76.1,3.5695693,3.965572,4.1285715,7.714286,76.7,2.8670275,8.05184,4.319908,5.726947,53.7,5.2285714,4.6285715,59.5
2025-07-11T06:46:23Z,20,29.887,80.0,45,76.8,2,1,88,43,0.0,255,32767,0.0,2127-15-31,0.0,0.12,27.44,0.0,0.0,0.0,0,0.85546875,6,45,05:56,20:31,2025-07-11 06:46:23.273048,Castel Volturno,44.8,3.5602357,4.718295,4.831104,5.949282,76.1,3.5695693,3.965572,4.1285715,7.714286,76.7,2.8670275,8.05184,4.319908,5.726947,53.7,5.2285714,4.6285715,59.5
2025-07-11T06:46:34Z,20,29.887,80.0,45,76.8,2,1,82,43,0.0,255,32767,0.0,2127-15-31,0.0,0.12,27.44,0.0,0.0,0.0,0,0.85546875,6,45,05:56,20:31,2025-07-11 06:46:33.827046,Castel Volturno,44.8,3.5602357,4.718295,4.831104,5.949282,76.1,3.5695693,3.965572,4.1285715,7.714286,76.7,2.8670275,8.05184,4.319908,5.726947,53.7,5.2285714,4.6285715,59.5
2025-07-11T06:46:44Z,20,29.887,80.0,45,76.8,2,1,75,43,0.0,255,32767,0.0,2127-15-31,0.0,0.12,27.44,0.0,0.0,0.0,0,0.85546875,6,45,05:56,20:31,2025-07-11 06:46:44.381029,Castel Volturno,44.8,3.5602357,4.718295,4.831104,5.949282,76.1,3.5695693,3.965572,4.1285715,7.714286,76.7,2.8670275,8.05184,4.319908,5.726947,53.7,5.2285714,4.6285715,59.5
2025-07-11T06:46:55Z,20,29.887,80.0,45,76.9,2,1,90,43,0.0,255,32767,0.0,2127-15-31,0.0,0.12,27.44,0.0,0.0,0.0,0,0.85546875,6,45,05:56,20:31,2025-07-11 06:46:54.935047,Castel Volturno,44.8,3.5602357,4.718295,4.831104,5.949282,76.1,3.5695693,3.965572,4.1285715,7.714286,76.7,2.8670275,8.05184,4.319908,5.726947,53.7,5.2285714,4.6285715,59.5
2025-07-11T06:47:05Z,20,29.887,80.0,45,76.9,1,1,84,43,0.0,255,32767,0.0,2127-15-31,0.0,0.12,27.44,0.0,0.0,0.0,0,0.85546875,6,45,05:56,20:31,2025-07-11 06:47:05.490061,Castel Volturno,44.8,3.5602357,4.718295,4.831104,5.949282,76.1,3.5695693,3.965572,4.1285715,7.714286,76.7,2.8670275,8.05184,4.319908,5.726947,53.7,5.2285714,4.6285715,59.5
2025-07-11T06:47:16Z,20,29.887,80.0,45,76.9,3,1,88,43,0.0,255,32767,0.0,2127-15-31,0.0,0.12,27.44,0.0,0.0,0.0,0,0.85546875,6,45,05:56,20:31,2025-07-11 06:47:16.035049,Castel Volturno,44.8,3.5602357,4.718295,4.831104,5.949282,76.1,3.5695693,3.965572,4.1285715,7.714286,76.7,2.8670275,8.05184,4.319908,5.726947,53.7,5.2285714,4.6285715,59.5
2025-07-11T06:47:26Z,20,29.887,80.0,45,76.9,3,1,88,43,0.0,255,32767,0.0,2127-15-31,0.0,0.12,27.44,0.0,0.0,0.0,0,0.85546875,6,45,05:56,20:31,2025-07-11 06:47:26.590050,Castel Volturno,44.8,3.5602357,4.718295,4.831104,5.949282,76.1,3.5695693,3.965572,4.1285715,7.714286,76.7,2.8670275,8.05184,4.319908,5.726947,53.7,5.2285714,4.6285715,59.5
2025-07-11T06:47:37Z,20,29.887,80.0,45,76.9,2,1,77,43,0.0,255,32767,0.0,2127-15-31,0.0,0.12,27.44,0.0,0.0,0.0,0,0.85546875,6,45,05:56,20:31,2025-07-11 06:47:37.156047,Castel Volturno,43.3,3.815431,4.6568737,5.027957,6.161294,76.4,3.6967764,3.903827,2.942029,5.7246375,77.2,3.0645752,8.379928,4.519431,6.05448,53.2,4.594203,3.4347825,59.3
2025-07-11T06:47:48Z,20,29.887,80.1,46,76.9,4,1,82,43,0.0,255,32767,0.0,2127-15-31,0.0,0.12,27.44,0.0,0.0,0.0,0,0.890625,6,45,05:56,20:31,2025-07-11 06:47:48.202041,Castel Volturno,43.3,3.815431,4.6568737,5.027957,6.161294,76.4,3.6967764,3.903827,2.942029,5.7246375,77.2,3.0645752,8.379928,4.519431,6.05448,53.2,4.594203,3.4347825,59.3
2025-07-11T06:47:58Z,20,29.887,80.1,46,76.9,4,1,86,43,0.0,255,32767,0.0,2127-15-31,0.0,0.12,27.44,0.0,0.0,0.0,0,0.890625,6,45,05:56,20:31,2025-07-11 06:47:58.752050,Castel Volturno,43.3,3.815431,4.6568737,5.027957,6.161294,76.4,3.6967764,3.903827,2.942029,5.7246375,77.2,3.0645752,8.379928,4.519431,6.05448,53.2,4.594203,3.4347825,59.3
2025-07-11T06:48:09Z,20,29.887,80.1,46,76.9,3,1,88,43,0.0,255,32767,0.0,2127-15-31,0.0,0.12,27.44,0.0,0.0,0.0,0,0.890625,6,45,05:56,20:31,2025-07-11 06:48:09.299049,Castel Volturno,43.3,3.815431,4.6568737,5.027957,6.161294,76.4,3.6967764,3.903827,2.942029,5.7246375,77.2,3.0645752,8.379928,4.519431,6.05448,53.2,4.594203,3.4347825,59.3
2025-07-11T06:48:20Z,20,29.887,80.1,46,76.9,2,1,74,43,0.0,255,32767,0.0,2127-15-31,0.0,0.12,27.44,0.0,0.0,0.0,0,0.890625,6,45,05:56,20:31,2025-07-11 06:48:19.847044,Castel Volturno,43.3,3.815431,4.6568737,5.027957,6.161294,76.4,3.6967764,3.903827,2.942029,5.7246375,77.2,3.0645752,8.379928,4.519431,6.05448,53.2,4.594203,3.4347825,59.3
2025-07-11T06:48:30Z,20,29.887,80.1,46,76.9,2,1,91,43,0.0,255,32767,0.0,2127-15-31,0.0,0.12,27.44,0.0,0.0,0.0,0,0.890625,6,45,05:56,20:31,2025-07-11 06:48:30.402057,Castel Volturno,43.3,3.815431,4.6568737,5.027957,6.161294,76.4,3.6967764,3.903827,2.942029,5.7246375,77.2,3.0645752,8.379928,4.519431,6.05448,53.2,4.594203,3.4347825,59.3
2025-07-11T06:48:41Z,20,29.887,80.1,46,76.9,3,1,80,43,0.0,255,32767,0.0,2127-15-31,0.0,0.12,27.44,0.0,0.0,0.0,0,0.890625,6,45,05:56,20:31,2025-07-11 06:48:40.955047,Castel Volturno,43.3,3.815431,4.6568737,5.027957,6.161294,76.4,3.6967764,3.903827,2.942029,5.7246375,77.2,3.0645752,8.379928,4.519431,6.05448,53.2,4.594203,3.4347825,59.3
2025-07-11T06:48:51Z,20,29.885,80.0,46,76.9,3,2,92,43,0.0,255,32767,0.0,2127-15-31,0.0,0.12,27.44,0.0,0.0,0.0,0,0.8671875,6,45,05:56,20:31,2025-07-11 06:48:51.501047,Castel Volturno,43.3,3.815431,4.6568737,5.027957,6.161294,76.4,3.6967764,3.903827,2.942029,5.7246375,77.2,3.0645752,8.379928,4.519431,6.05448,53.2,4.594203,3.4347825,59.3
2025-07-11T06:49:02Z,20,29.885,80.0,46,76.9,2,2,89,43,0.0,255,32767,0.0,2127-15-31,0.0,0.12,27.44,0.0,0.0,0.0,0,0.8671875,6,45,05:56,20:31,2025-07-11 06:49:02.050008,Castel Volturno,43.3,3.815431,4.6568737,5.027957,6.161294,76.4,3.6967764,3.903827,2.942029,5.7246375,77.2,3.0645752,8.379928,4.519431,6.05448,53.2,4.594203,3.4347825,59.3
2025-07-11T06:49:12Z,20,29.885,80.0,46,76.9,1,2,89,43,0.0,255,32767,0.0,2127-15-31,0.0,0.12,27.44,0.0,0.0,0.0,0,0.8671875,6,45,05:56,20:31,2025-07-11 06:49:12.597051,Castel Volturno,43.3,3.815431,4.6568737,5.027957,6.161294,76.4,3.6967764,3.903827,2.942029,5.7246375,77.2,3.0645752,8.379928,4.519431,6.05448,53.2,4.594203,3.4347825,59.3
2025-07-11T06:49:23Z,20,29.885,80.0,46,76.9,0,2,90,43,0.0,255,32767,0.0,2127-15-31,0.0,0.12,27.44,0.0,0.0,0.0,0,0.8671875,6,45,05:56,20:31,2025-07-11 06:49:23.150018,Castel Volturno,43.3,3.815431,4.6568737,5.027957,6.161294,76.4,3.6967764,3.903827,2.942029,5.7246375,77.2,3.0645752,8.379928,4.519431,6.05448,53.2,4.594203,3.4347825,59.3
2025-07-11T06:49:33Z,20,29.885,80.0,46,76.9,1,2,98,43,0.0,255,32767,0.0,2127-15-31,0.0,0.12,27.44,0.0,0.0,0.0,0,0.8671875,6,45,05:56,20:31,2025-07-11 06:49:33.704061,Castel Volturno,43.3,3.815431,4.6568737,5.027957,6.161294,76.4,3.6967764,3.903827,2.942029,5.7246375,77.2,3.0645752,8.379928,4.519431,6.05448,53.2,4.594203,3.4347825,59.3
2025-07-11T06:49:44Z,20,29.885,80.0,46,76.9,2,2,105,43,0.0,255,32767,0.0,2127-15-31,0.0,0.12,27.44,0.0,0.0,0.0,0,0.8671875,6,45,05:56,20:31,2025-07-11 06:49:44.254049,Castel Volturno,43.3,3.815431,4.6568737,5.027957,6.161294,76.4,3.6967764,3.903827,2.942029,5.7246375,77.2,3.0645752,8.379928,4.519431,6.05448,53.2,4.594203,3.4347825,59.3
2025-07-11T06:49:55Z,20,29.883,80.1,46,76.9,1,2,114,43,0.0,255,32767,0.0,2127-15-31,0.0,0.12,27.44,0.0,0.0,0.0,0,0.943359375,6,45,05:56,20:31,2025-07-11 06:49:54.808048,Castel Volturno,43.3,3.815431,4.6568737,5.027957,6.161294,76.4,3.6967764,3.903827,2.942029,5.7246375,77.2,3.0645752,8.379928,4.519431,6.05448,53.2,4.594203,3.4347825,59.3
2025-07-11T06:50:05Z,20,29.883,80.1,46,77.0,0,2,128,43,0.0,255,32767,0.0,2127-15-31,0.0,0.12,27.44,0.0,0.0,0.0,0,0.943359375,6,45,05:56,20:31,2025-07-11 06:50:05.339844,Castel Volturno,43.3,3.815431,4.6568737,5.027957,6.161294,76.4,3.6967764,3.903827,2.942029,5.7246375,77.2,3.0645752,8.379928,4.519431,6.05448,53.2,4.594203,3.4347825,59.3
2025-07-11T06:50:16Z,20,29.883,80.1,46,76.9,1,2,63,43,0.0,255,32767,0.0,2127-15-31,0.0,0.12,27.44,0.0,0.0,0.0,0,0.943359375,6,45,05:56,20:31,2025-07-11 06:50:15.904052,Castel Volturno,43.3,3.815431,4.6568737,5.027957,6.161294,76.4,3.6967764,3.903827,2.942029,5.7246375,77.2,3.0645752,8.379928,4.519431,6.05448,53.2,4.594203,3.4347825,59.3
2025-07-11T06:50:26Z,20,29.883,80.1,46,77.0,0,2,100,43,0.0,255,32767,0.0,2127-15-31,0.0,0.12,27.44,0.0,0.0,0.0,0,0.943359375,6,45,05:56,20:31,2025-07-11 06:50:26.458046,Castel Volturno,43.3,3.815431,4.6568737,5.027957,6.161294,76.4,3.6967764,3.903827,2.942029,5.7246375,77.2,3.0645752,8.379928,4.519431,6.05448,53.2,4.594203,3.4347825,59.3
2025-07-11T06:50:37Z,20,29.883,80.1,46,77.0,1,2,100,43,0.0,255,32767,0.0,2127-15-31,0.0,0.12,27.44,0.0,0.0,0.0,0,0.943359375,6,45,05:56,20:31,2025-07-11 06:50:37.009017,Castel Volturno,43.3,3.815431,4.6568737,5.027957,6.161294,76.4,3.6967764,3.903827,2.942029,5.7246375,77.2,3.0645752,8.379928,4.519431,6.05448,53.2,4.594203,3.4347825,59.3
2025-07-11T06:50:47Z,20,29.883,80.1,46,77.0,0,2,104,43,0.0,255,32767,0.0,2127-15-31,0.0,0.12,27.44,0.0,0.0,0.0,0,1.39453125,6,45,05:56,20:31,2025-07-11 06:50:47.749016,Castel Volturno,43.3,3.815431,4.6568737,5.027957,6.161294,76.4,3.6967764,3.903827,2.942029,5.7246375,77.2,3.0645752,8.379928,4.519431,6.05448,53.2,4.594203,3.4347825,59.3
2025-07-11T06:50:58Z,20,29.885,80.1,46,77.0,0,2,104,43,0.0,255,32767,0.0,2127-15-31,0.0,0.12,27.44,0.0,0.0,0.0,0,1.39453125,6,45,05:56,20:31,2025-07-11 06:50:58.299043,Castel Volturno,43.3,3.815431,4.6568737,5.027957,6.161294,76.4,3.6967764,3.903827,2.942029,5.7246375,77.2,3.0645752,8.379928,4.519431,6.05448,53.2,4.594203,3.4347825,59.3
2025-07-11T06:51:09Z,20,29.885,80.1,46,77.0,0,2,104,43,0.0,255,32767,0.0,2127-15-31,0.0,0.12,27.44,0.0,0.0,0.0,0,1.39453125,6,45,05:56,20:31,2025-07-11 06:51:08.846042,Castel Volturno,43.3,3.815431,4.6568737,5.027957,6.161294,76.4,3.6967764,3.903827,2.942029,5.7246375,77.2,3.0645752,8.379928,4.519431,6.05448,53.2,4.594203,3.4347825,59.3
2025-07-11T06:51:19Z,20,29.885,80.1,46,77.0,0,2,105,43,0.0,255,32767,0.0,2127-15-31,0.0,0.12,27.44,0.0,0.0,0.0,0,1.39453125,6,45,05:56,20:31,2025-07-11 06:51:19.392013,Castel Volturno,43.3,3.815431,4.6568737,5.027957,6.161294,76.4,3.6967764,3.903827,2.942029,5.7246375,77.2,3.0645752,8.379928,4.519431,6.05448,53.2,4.594203,3.4347825,59.3
2025-07-11T06:51:30Z,20,29.885,80.1,46,77.0,1,2,270,43,0.0,255,32767,0.0,2127-15-31,0.0,0.12,27.44,0.0,0.0,0.0,0,1.39453125,6,45,05:56,20:31,2025-07-11 06:51:29.939058,Castel Volturno,43.3,3.815431,4.6568737,5.027957,6.161294,76.4,3.6967764,3.903827,2.942029,5.7246375,77.2,3.0645752,8.379928,4.519431,6.05448,53.2,4.594203,3.4347825,59.3
2025-07-11T06:51:40Z,20,29.885,80.1,46,77.0,1,2,271,43,0.0,255,32767,0.0,2127-15-31,0.0,0.12,27.44,0.0,0.0,0.0,0,1.39453125,6,45,05:56,20:31,2025-07-11 06:51:40.487050,Castel Volturno,43.3,3.815431,4.6568737,5.027957,6.161294,76.4,3.6967764,3.903827,2.942029,5.7246375,77.2,3.0645752,8.379928,4.519431,6.05448,53.2,4.594203,3.4347825,59.3
2025-07-11T06:51:51Z,20,29.885,80.1,46,77.0,1,2,166,43,0.0,255,32767,0.0,2127-15-31,0.0,0.12,27.44,0.0,0.0,0.0,0,0.85546875,6,45,05:56,20:31,2025-07-11 06:51:51.034016,Castel Volturno,43.3,3.815431,4.6568737,5.027957,6.161294,76.4,3.6967764,3.903827,2.942029,5.7246375,77.2,3.0645752,8.379928,4.519431,6.05448,53.2,4.594203,3.4347825,59.3
2025-07-11T06:52:01Z,20,29.885,80.1,46,77.0,1,2,102,43,0.0,255,32767,0.0,2127-15-31,0.0,0.12,27.44,0.0,0.0,0.0,0,0.85546875,6,45,05:56,20:31,2025-07-11 06:52:01.588048,Castel Volturno,43.3,3.815431,4.6568737,5.027957,6.161294,76.4,3.6967764,3.903827,2.942029,5.7246375,77.2,3.0645752,8.379928,4.519431,6.05448,53.2,4.594203,3.4347825,59.3
2025-07-11T06:52:12Z,20,29.885,80.1,46,77.0,3,2,70,43,0.0,255,32767,0.0,2127-15-31,0.0,0.12,27.44,0.0,0.0,0.0,0,0.85546875,6,45,05:56,20:31,2025-07-11 06:52:12.142043,Castel Volturno,43.3,3.815431,4.6568737,5.027957,6.161294,76.4,3.6967764,3.903827,2.942029,5.7246375,77.2,3.0645752,8.379928,4.519431,6.05448,53.2,4.594203,3.4347825,59.3
2025-07-11T06:52:22Z,20,29.885,80.1,46,77.0,3,2,60,43,0.0,255,32767,0.0,2127-15-31,0.0,0.12,27.44,0.0,0.0,0.0,0,0.85546875,6,45,05:56,20:31,2025-07-11 06:52:22.696052,Castel Volturno,43.3,3.815431,4.6568737,5.027957,6.161294,76.4,3.6967764,3.903827,2.942029,5.7246375,77.2,3.0645752,8.379928,4.519431,6.05448,53.2,4.594203,3.4347825,59.3
2025-07-11T06:52:33Z,20,29.885,80.1,46,77.0,2,2,70,43,0.0,255,32767,0.0,2127-15-31,0.0,0.12,27.44,0.0,0.0,0.0,0,0.85546875,6,45,05:56,20:31,2025-07-11 06:52:33.250044,Castel Volturno,43.3,3.815431,4.6568737,5.027957,6.161294,76.4,3.6967764,3.903827,2.942029,5.7246375,77.2,3.0645752,8.379928,4.519431,6.05448,53.2,4.594203,3.4347825,59.3
2025-07-11T06:52:44Z,20,29.885,80.1,46,77.0,1,2,74,43,0.0,255,32767,0.0,2127-15-31,0.0,0.12,27.44,0.0,0.0,0.0,0,0.85546875,6,45,05:56,20:31,2025-07-11 06:52:43.830046,Castel Volturno,43.3,3.815431,4.6568737,5.027957,6.161294,76.4,3.6967764,3.903827,2.942029,5.7246375,77.2,3.0645752,8.379928,4.519431,6.05448,53.2,4.594203,3.4347825,59.3
2025-07-11T06:52:55Z,20,29.887,80.1,46,77.0,3,2,90,43,0.0,255,32767,0.0,2127-15-31,0.0,0.12,27.44,0.0,0.0,0.0,0,0.966796875,6,45,05:56,20:31,2025-07-11 06:52:54.876009,Castel Volturno,43.3,3.815431,4.6568737,5.027957,6.161294,76.4,3.6967764,3.903827,2.942029,5.7246375,77.2,3.0645752,8.379928,4.519431,6.05448,53.2,4.594203,3.4347825,59.3
2025-07-11T06:53:05Z,20,29.887,80.1,46,77.0,3,2,60,43,0.0,255,32767,0.0,2127-15-31,0.0,0.12,27.44,0.0,0.0,0.0,0,0.966796875,6,45,05:56,20:31,2025-07-11 06:53:05.430043,Castel Volturno,43.3,3.815431,4.6568737,5.027957,6.161294,76.4,3.6967764,3.903827,2.942029,5.7246375,77.2,3.0645752,8.379928,4.519431,6.05448,53.2,4.594203,3.4347825,59.3
2025-07-11T06:53:16Z,20,29.887,80.1,46,77.0,1,2,48,42,0.0,255,32767,0.0,2127-15-31,0.0,0.12,27.44,0.0,0.0,0.0,0,0.966796875,6,45,05:56,20:31,2025-07-11 06:53:15.984055,Castel Volturno,43.3,3.815431,4.6568737,5.027957,6.161294,76.4,3.6967764,3.903827,2.942029,5.7246375,77.2,3.0645752,8.379928,4.519431,6.05448,53.2,4.594203,3.4347825,59.3
2025-07-11T06:53:26Z,20,29.887,80.1,46,77.0,1,2,79,42,0.0,255,32767,0.0,2127-15-31,0.0,0.12,27.44,0.0,0.0,0.0,0,0.966796875,6,45,05:56,20:31,2025-07-11 06:53:26.538046,Castel Volturno,43.3,3.815431,4.6568737,5.027957,6.161294,76.4,3.6967764,3.903827,2.942029,5.7246375,77.2,3.0645752,8.379928,4.519431,6.05448,53.2,4.594203,3.4347825,59.3
2025-07-11T06:53:37Z,20,29.887,80.1,46,77.0,0,2,79,42,0.0,255,32767,0.0,2127-15-31,0.0,0.12,27.44,0.0,0.0,0.0,0,0.966796875,6,45,05:56,20:31,2025-07-11 06:53:37.101055,Castel Volturno,43.3,3.815431,4.6568737,5.027957,6.161294,76.4,3.6967764,3.903827,2.942029,5.7246375,77.2,3.0645752,8.379928,4.519431,6.05448,53.2,4.594203,3.4347825,59.3
2025-07-11T06:53:47Z,20,29.887,80.1,44,77.1,0,2,78,42,0.0,255,32767,0.0,2127-15-31,0.0,0.12,27.44,0.0,0.0,0.0,0,0.85546875,6,45,05:56,20:31,2025-07-11 06:53:47.745048,Castel Volturno,43.3,3.815431,4.6568737,5.027957,6.161294,76.4,3.6967764,3.903827,2.942029,5.7246375,77.2,3.0645752,8.379928,4.519431,6.05448,53.2,4.594203,3.4347825,59.3
2025-07-11T06:53:58Z,20,29.883,80.1,44,77.1,3,2,83,42,0.0,255,32767,0.0,2127-15-31,0.0,0.12,27.44,0.0,0.0,0.0,0,0.85546875,6,45,05:56,20:31,2025-07-11 06:53:58.299066,Castel Volturno,43.3,3.815431,4.6568737,5.027957,6.161294,76.4,3.6967764,3.903827,2.942029,5.7246375,77.2,3.0645752,8.379928,4.519431,6.05448,53.2,4.594203,3.4347825,59.3
2025-07-11T06:54:09Z,20,29.883,80.1,44,77.1,2,2,74,42,0.0,255,32767,0.0,2127-15-31,0.0,0.12,27.44,0.0,0.0,0.0,0,0.85546875,6,45,05:56,20:31,2025-07-11 06:54:08.853011,Castel Volturno,43.3,3.815431,4.6568737,5.027957,6.161294,76.4,3.6967764,3.903827,2.942029,5.7246375,77.2,3.0645752,8.379928,4.519431,6.05448,53.2,4.594203,3.4347825,59.3
2025-07-11T06:54:19Z,20,29.883,80.1,44,77.1,0,2,74,42,0.0,255,32767,0.0,2127-15-31,0.0,0.12,27.44,0.0,0.0,0.0,0,0.85546875,6,45,05:56,20:31,2025-07-11 06:54:19.407024,Castel Volturno,43.3,3.815431,4.6568737,5.027957,6.161294,76.4,3.6967764,3.903827,2.942029,5.7246375,77.2,3.0645752,8.379928,4.519431,6.05448,53.2,4.594203,3.4347825,59.3
2025-07-11T06:54:30Z,20,29.883,80.1,44,77.1,0,2,74,42,0.0,255,32767,0.0,2127-15-31,0.0,0.12,27.44,0.0,0.0,0.0,0,0.85546875,6,45,05:56,20:31,2025-07-11 06:54:29.961073,Castel Volturno,43.3,3.815431,4.6568737,5.027957,6.161294,76.4,3.6967764,3.903827,2.942029,5.7246375,77.2,3.0645752,8.379928,4.519431,6.05448,53.2,4.594203,3.4347825,59.3
2025-07-11T06:54:40Z,20,29.883,80.1,44,77.1,0,2,71,42,0.0,255,32767,0.0,2127-15-31,0.0,0.12,27.44,0.0,0.0,0.0,0,0.85546875,6,45,05:56,20:31,2025-07-11 06:54:40.515010,Castel Volturno,43.3,3.815431,4.6568737,5.027957,6.161294,76.4,3.6967764,3.903827,2.942029,5.7246375,77.2,3.0645752,8.379928,4.519431,6.05448,53.2,4.594203,3.4347825,59.3
2025-07-11T06:54:51Z,20,29.882,80.1,42,77.1,1,2,76,42,0.0,255,32767,0.0,2127-15-31,0.0,0.12,27.44,0.0,0.0,0.0,0,0.85546875,6,45,05:56,20:31,2025-07-11 06:54:51.070041,Castel Volturno,43.3,3.815431,4.6568737,5.027957,6.161294,76.4,3.6967764,3.903827,2.942029,5.7246375,77.2,3.0645752,8.379928,4.519431,6.05448,53.2,4.594203,3.4347825,59.3
2025-07-11T06:55:01Z,20,29.882,80.1,42,77.1,2,2,58,42,0.0,255,32767,0.0,2127-15-31,0.0,0.12,27.44,0.0,0.0,0.0,0,0.85546875,6,45,05:56,20:31,2025-07-11 06:55:01.624051,Castel Volturno,43.3,3.815431,4.6568737,5.027957,6.161294,76.4,3.6967764,3.903827,2.942029,5.7246375,77.2,3.0645752,8.379928,4.519431,6.05448,53.2,4.594203,3.4347825,59.3
2025-07-11T06:55:12Z,20,29.882,80.1,42,77.1,4,2,91,42,0.0,255,32767,0.0,2127-15-31,0.0,0.12,27.44,0.0,0.0,0.0,0,0.85546875,6,45,05:56,20:31,2025-07-11 06:55:12.168045,Castel Volturno,43.3,3.815431,4.6568737,5.027957,6.161294,76.4,3.6967764,3.903827,2.942029,5.7246375,77.2,3.0645752,8.379928,4.519431,6.05448,53.2,4.594203,3.4347825,59.3
2025-07-11T06:55:22Z,20,29.882,80.1,42,77.1,4,2,86,42,0.0,255,32767,0.0,2127-15-31,0.0,0.12,27.44,0.0,0.0,0.0,0,0.85546875,6,45,05:56,20:31,2025-07-11 06:55:22.722068,Castel Volturno,43.3,3.815431,4.6568737,5.027957,6.161294,76.4,3.6967764,3.903827,2.942029,5.7246375,77.2,3.0645752,8.379928,4.519431,6.05448,53.2,4.594203,3.4347825,59.3
2025-07-11T06:55:33Z,20,29.882,80.1,42,77.1,3,2,80,42,0.0,255,32767,0.0,2127-15-31,0.0,0.12,27.44,0.0,0.0,0.0,0,0.85546875,6,45,05:56,20:31,2025-07-11 06:55:33.276038,Castel Volturno,43.3,3.815431,4.6568737,5.027957,6.161294,76.4,3.6967764,3.903827,2.942029,5.7246375,77.2,3.0645752,8.379928,4.519431,6.05448,53.2,4.594203,3.4347825,59.3
2025-07-11T06:55:44Z,20,29.882,80.1,42,77.1,1,2,80,42,0.0,255,32767,0.0,2127-15-31,0.0,0.12,27.44,0.0,0.0,0.0,0,0.85546875,6,45,05:56,20:31,2025-07-11 06:55:43.830010,Castel Volturno,43.3,3.815431,4.6568737,5.027957,6.161294,76.4,3.6967764,3.903827,2.942029,5.7246375,77.2,3.0645752,8.379928,4.519431,6.05448,53.2,4.594203,3.4347825,59.3
2025-07-11T06:55:54Z,20,29.884,80.2,43,77.1,1,2,75,41,0.0,255,32767,0.0,2127-15-31,0.0,0.12,27.44,0.0,0.0,0.0,0,0.8671875,6,45,05:56,20:31,2025-07-11 06:55:54.384051,Castel Volturno,43.3,3.815431,4.6568737,5.027957,6.161294,76.4,3.6967764,3.903827,2.942029,5.7246375,77.2,3.0645752,8.379928,4.519431,6.05448,53.2,4.594203,3.4347825,59.3
2025-07-11T06:56:05Z,20,29.884,80.2,43,77.1,0,2,75,41,0.0,255,32767,0.0,2127-15-31,0.0,0.12,27.44,0.0,0.0,0.0,0,0.8671875,6,45,05:56,20:31,2025-07-11 06:56:04.938049,Castel Volturno,43.3,3.815431,4.6568737,5.027957,6.161294,76.4,3.6967764,3.903827,2.942029,5.7246375,77.2,3.0645752,8.379928,4.519431,6.05448,53.2,4.594203,3.4347825,59.3
2025-07-11T06:56:15Z,20,29.884,80.2,43,77.1,1,2,75,41,0.0,255,32767,0.0,2127-15-31,0.0,0.12,27.44,0.0,0.0,0.0,0,0.8671875,6,45,05:56,20:31,2025-07-11 06:56:15.469488,Castel Volturno,43.3,3.815431,4.6568737,5.027957,6.161294,76.4,3.6967764,3.903827,2.942029,5.7246375,77.2,3.0645752,8.379928,4.519431,6.05448,53.2,4.594203,3.4347825,59.3
2025-07-11T06:56:26Z,20,29.884,80.2,43,77.1,1,2,103,41,0.0,255,32767,0.0,2127-15-31,0.0,0.12,27.44,0.0,0.0,0.0,0,0.8671875,6,45,05:56,20:31,2025-07-11 06:56:26.061044,Castel Volturno,43.3,3.815431,4.6568737,5.027957,6.161294,76.4,3.6967764,3.903827,2.942029,5.7246375,77.2,3.0645752,8.379928,4.519431,6.05448,53.2,4.594203,3.4347825,59.3
2025-07-11T06:56:36Z,20,29.884,80.2,43,77.1,2,2,104,41,0.0,255,32767,0.0,2127-15-31,0.0,0.12,27.44,0.0,0.0,0.0,0,0.8671875,6,45,05:56,20:31,2025-07-11 06:56:36.614072,Castel Volturno,43.3,3.815431,4.6568737,5.027957,6.161294,76.4,3.6967764,3.903827,2.942029,5.7246375,77.2,3.0645752,8.379928,4.519431,6.05448,53.2,4.594203,3.4347825,59.3
2025-07-11T06:56:47Z,20,29.884,80.2,43,77.1,0,2,105,40,0.0,255,32767,0.0,2127-15-31,0.0,0.12,27.44,0.0,0.0,0.0,0,0.8671875,6,45,05:56,20:31,2025-07-11 06:56:47.168054,Castel Volturno,43.3,3.815431,4.6568737,5.027957,6.161294,76.4,3.6967764,3.903827,2.942029,5.7246375,77.2,3.0645752,8.379928,4.519431,6.05448,53.2,4.594203,3.4347825,59.3
2025-07-11T06:56:57Z,20,29.883,80.2,44,77.2,0,2,104,40,0.0,255,32767,0.0,2127-15-31,0.0,0.12,27.44,0.0,0.0,0.0,0,0.955078125,6,45,05:56,20:31,2025-07-11 06:56:57.754016,Castel Volturno,43.3,3.815431,4.6568737,5.027957,6.161294,76.4,3.6967764,3.903827,2.942029,5.7246375,77.2,3.0645752,8.379928,4.519431,6.05448,53.2,4.594203,3.4347825,59.3
2025-07-11T06:57:08Z,20,29.883,80.2,44,77.1,0,2,104,40,0.0,255,32767,0.0,2127-15-31,0.0,0.12,27.44,0.0,0.0,0.0,0,0.955078125,6,45,05:56,20:31,2025-07-11 06:57:08.308050,Castel Volturno,43.3,3.815431,4.6568737,5.027957,6.161294,76.4,3.6967764,3.903827,2.942029,5.7246375,77.2,3.0645752,8.379928,4.519431,6.05448,53.2,4.594203,3.4347825,59.3
2025-07-11T06:57:19Z,20,29.883,80.2,44,77.2,0,2,104,40,0.0,255,32767,0.0,2127-15-31,0.0,0.12,27.44,0.0,0.0,0.0,0,0.955078125,6,45,05:56,20:31,2025-07-11 06:57:18.862051,Castel Volturno,43.3,3.815431,4.6568737,5.027957,6.161294,76.4,3.6967764,3.903827,2.942029,5.7246375,77.2,3.0645752,8.379928,4.519431,6.05448,53.2,4.594203,3.4347825,59.3
2025-07-11T06:57:29Z,20,29.883,80.2,44,77.2,0,2,104,40,0.0,255,32767,0.0,2127-15-31,0.0,0.12,27.44,0.0,0.0,0.0,0,0.955078125,6,45,05:56,20:31,2025-07-11 06:57:29.416053,Castel Volturno,43.3,3.815431,4.6568737,5.027957,6.161294,76.4,3.6967764,3.903827,2.942029,5.7246375,77.2,3.0645752,8.379928,4.519431,6.05448,53.2,4.594203,3.4347825,59.3
2025-07-11T06:57:40Z,20,29.883,80.2,44,77.2,0,2,104,40,0.0,255,32767,0.0,2127-15-31,0.0,0.12,27.44,0.0,0.0,0.0,0,0.955078125,6,45,05:56,20:31,2025-07-11 06:57:39.970051,Castel Volturno,43.3,3.815431,4.6568737,5.027957,6.161294,76.4,3.6967764,3.903827,2.942029,5.7246375,77.2,3.0645752,8.379928,4.519431,6.05448,53.2,4.594203,3.4347825,59.3
2025-07-11T06:57:50Z,20,29.883,80.2,44,77.2,0,2,101,40,0.0,255,32767,0.0,2127-15-31,0.0,0.12,27.44,0.0,0.0,0.0,0,1.3359375,6,45,05:56,20:31,2025-07-11 06:57:50.524016,Castel Volturno,43.3,3.815431,4.6568737,5.027957,6.161294,76.4,3.6967764,3.903827,2.942029,5.7246375,77.2,3.0645752,8.379928,4.519431,6.05448,53.2,4.594203,3.4347825,59.3
2025-07-11T06:58:01Z,20,29.883,80.2,44,77.2,0,2,101,40,0.0,255,32767,0.0,2127-15-31,0.0,0.12,27.44,0.0,0.0,0.0,0,1.3359375,6,45,05:56,20:31,2025-07-11 06:58:01.588047,Castel Volturno,43.3,3.815431,4.6568737,5.027957,6.161294,76.4,3.6967764,3.903827,2.942029,5.7246375,77.2,3.0645752,8.379928,4.519431,6.05448,53.2,4.594203,3.4347825,59.3
2025-07-11T06:58:12Z,20,29.883,80.2,44,77.3,0,2,21,40,0.0,255,32767,0.0,2127-15-31,0.0,0.12,27.44,0.0,0.0,0.0,0,1.3359375,6,45,05:56,20:31,2025-07-11 06:58:12.135043,Castel Volturno,43.3,3.815431,4.6568737,5.027957,6.161294,76.4,3.6967764,3.903827,2.942029,5.7246375,77.2,3.0645752,8.379928,4.519431,6.05448,53.2,4.594203,3.4347825,59.3
2025-07-11T06:58:22Z,20,29.883,80.2,44,77.3,1,2,61,40,0.0,255,32767,0.0,2127-15-31,0.0,0.12,27.44,0.0,0.0,0.0,0,1.3359375,6,45,05:56,20:31,2025-07-11 06:58:22.681054,Castel Volturno,43.3,3.815431,4.6568737,5.027957,6.161294,76.4,3.6967764,3.903827,2.942029,5.7246375,77.2,3.0645752,8.379928,4.519431,6.05448,53.2,4.594203,3.4347825,59.3
2025-07-11T06:58:33Z,20,29.883,80.2,44,77.3,2,2,117,40,0.0,255,32767,0.0,2127-15-31,0.0,0.12,27.44,0.0,0.0,0.0,0,1.3359375,6,45,05:56,20:31,2025-07-11 06:58:33.227047,Castel Volturno,43.3,3.815431,4.6568737,5.027957,6.161294,76.4,3.6967764,3.903827,2.942029,5.7246375,77.2,3.0645752,8.379928,4.519431,6.05448,53.2,4.594203,3.4347825,59.3
2025-07-11T06:58:43Z,20,29.883,80.2,44,77.3,1,2,108,40,0.0,255,32767,0.0,2127-15-31,0.0,0.12,27.44,0.0,0.0,0.0,0,1.3359375,6,45,05:56,20:31,2025-07-11 06:58:43.778050,Castel Volturno,43.3,3.815431,4.6568737,5.027957,6.161294,76.4,3.6967764,3.903827,2.942029,5.7246375,77.2,3.0645752,8.379928,4.519431,6.05448,53.2,4.594203,3.4347825,59.3
2025-07-11T06:58:54Z,20,29.884,80.2,44,77.3,0,1,108,40,0.0,255,32767,0.0,2127-15-31,0.0,0.12,27.44,0.0,0.0,0.0,0,0.85546875,6,45,05:56,20:31,2025-07-11 06:58:54.323046,Castel Volturno,43.3,3.815431,4.6568737,5.027957,6.161294,76.4,3.6967764,3.903827,2.942029,5.7246375,77.2,3.0645752,8.379928,4.519431,6.05448,53.2,4.594203,3.4347825,59.3
2025-07-11T06:59:05Z,20,29.884,80.2,44,77.3,0,1,108,40,0.0,255,32767,0.0,2127-15-31,0.0,0.12,27.44,0.0,0.0,0.0,0,0.85546875,6,45,05:56,20:31,2025-07-11 06:59:04.870049,Castel Volturno,43.3,3.815431,4.6568737,5.027957,6.161294,76.4,3.6967764,3.903827,2.942029,5.7246375,77.2,3.0645752,8.379928,4.519431,6.05448,53.2,4.594203,3.4347825,59.3
2025-07-11T06:59:15Z,20,29.884,80.2,44,77.3,1,1,119,40,0.0,255,32767,0.0,2127-15-31,0.0,0.12,27.44,0.0,0.0,0.0,0,0.85546875,6,45,05:56,20:31,2025-07-11 06:59:15.417011,Castel Volturno,43.3,3.815431,4.6568737,5.027957,6.161294,76.4,3.6967764,3.903827,2.942029,5.7246375,77.2,3.0645752,8.379928,4.519431,6.05448,53.2,4.594203,3.4347825,59.3
2025-07-11T06:59:26Z,20,29.884,80.2,44,77.3,0,1,122,40,0.0,255,32767,0.0,2127-15-31,0.0,0.12,27.44,0.0,0.0,0.0,0,0.85546875,6,45,05:56,20:31,2025-07-11 06:59:25.963012,Castel Volturno,43.3,3.815431,4.6568737,5.027957,6.161294,76.4,3.6967764,3.903827,2.942029,5.7246375,77.2,3.0645752,8.379928,4.519431,6.05448,53.2,4.594203,3.4347825,59.3
2025-07-11T06:59:36Z,20,29.884,80.2,44,77.3,0,1,130,40,0.0,255,32767,0.0,2127-15-31,0.0,0.12,27.44,0.0,0.0,0.0,0,0.85546875,6,45,05:56,20:31,2025-07-11 06:59:36.520057,Castel Volturno,43.3,3.815431,4.6568737,5.027957,6.161294,76.4,3.6967764,3.903827,2.942029,5.7246375,77.2,3.0645752,8.379928,4.519431,6.05448,53.2,4.594203,3.4347825,59.3
2025-07-11T06:59:47Z,20,29.884,80.2,44,77.4,1,1,194,40,0.0,255,32767,0.0,2127-15-31,0.0,0.12,27.44,0.0,0.0,0.0,0,0.85546875,6,45,05:56,20:31,2025-07-11 06:59:47.067049,Castel Volturno,43.3,3.815431,4.6568737,5.027957,6.161294,76.4,3.6967764,3.903827,2.942029,5.7246375,77.2,3.0645752,8.379928,4.519431,6.05448,53.2,4.594203,3.4347825,59.3
2025-07-11T06:59:57Z,20,29.884,80.3,45,77.4,0,1,267,40,0.0,255,32767,0.0,2127-15-31,0.0,0.12,27.44,0.0,0.0,0.0,0,0.873046875,6,45,05:56,20:31,2025-07-11 06:59:57.621052,Castel Volturno,43.3,3.815431,4.6568737,5.027957,6.161294,76.4,3.6967764,3.903827,2.942029,5.7246375,77.2,3.0645752,8.379928,4.519431,6.05448,53.2,4.594203,3.4347825,59.3
2025-07-11T07:00:08Z,20,29.884,80.3,45,77.4,0,1,267,40,0.0,255,32767,0.0,2127-15-31,0.0,0.12,27.44,0.0,0.0,0.0,0,0.873046875,6,45,05:56,20:31,2025-07-11 07:00:08.176046,Castel Volturno,43.3,3.815431,4.6568737,5.027957,6.161294,76.4,3.6967764,3.903827,2.942029,5.7246375,77.2,3.0645752,8.379928,4.519431,6.05448,53.2,4.594203,3.4347825,59.3
2025-07-11T07:00:18Z,20,29.884,80.3,45,77.4,1,1,313,40,0.0,255,32767,0.0,2127-15-31,0.0,0.12,27.44,0.0,0.0,0.0,0,0.873046875,6,45,05:56,20:31,2025-07-11 07:00:18.725050,Castel Volturno,43.3,3.815431,4.6568737,5.027957,6.161294,76.4,3.6967764,3.903827,2.942029,5.7246375,77.2,3.0645752,8.379928,4.519431,6.05448,53.2,4.594203,3.4347825,59.3
2025-07-11T07:00:29Z,20,29.884,80.3,45,77.4,1,1,311,40,0.0,255,32767,0.0,2127-15-31,0.0,0.12,27.44,0.0,0.0,0.0,0,0.873046875,6,45,05:56,20:31,2025-07-11 07:00:29.279049,Castel Volturno,43.3,3.815431,4.6568737,5.027957,6.161294,76.4,3.6967764,3.903827,2.942029,5.7246375,77.2,3.0645752,8.379928,4.519431,6.05448,53.2,4.594203,3.4347825,59.3
2025-07-11T07:00:40Z,20,29.884,80.3,45,77.5,2,1,311,40,0.0,255,32767,0.0,2127-15-31,0.0,0.12,27.44,0.0,0.0,0.0,0,0.873046875,6,45,05:56,20:31,2025-07-11 07:00:39.834042,Castel Volturno,43.3,3.815431,4.6568737,5.027957,6.161294,76.4,3.6967764,3.903827,2.942029,5.7246375,77.2,3.0645752,8.379928,4.519431,6.05448,53.2,4.594203,3.4347825,59.3
2025-07-11T07:00:50Z,20,29.885,80.3,44,77.5,1,1,312,40,0.0,255,32767,0.0,2127-15-31,0.0,0.12,27.44,0.0,0.0,0.0,0,0.85546875,6,45,05:56,20:31,2025-07-11 07:00:50.387009,Castel Volturno,43.3,3.815431,4.6568737,5.027957,6.161294,76.4,3.6967764,3.903827,2.942029,5.7246375,77.2,3.0645752,8.379928,4.519431,6.05448,53.2,4.594203,3.4347825,59.3
2025-07-11T07:01:01Z,20,29.885,80.3,44,77.5,1,1,333,40,0.0,255,32767,0.0,2127-15-31,0.0,0.12,27.44,0.0,0.0,0.0,0,0.85546875,6,45,05:56,20:31,2025-07-11 07:01:00.933058,Castel Volturno,43.3,3.815431,4.6568737,5.027957,6.161294,76.4,3.6967764,3.903827,2.942029,5.7246375,77.2,3.0645752,8.379928,4.519431,6.05448,53.2,4.594203,3.4347825,59.3
2025-07-11T07:01:11Z,20,29.885,80.3,44,77.5,3,1,105,40,0.0,255,32767,0.0,2127-15-31,0.0,0.12,27.44,0.0,0.0,0.0,0,0.85546875,6,45,05:56,20:31,2025-07-11 07:01:11.482045,Castel Volturno,43.3,3.815431,4.6568737,5.027957,6.161294,76.4,3.6967764,3.903827,2.942029,5.7246375,77.2,3.0645752,8.379928,4.519431,6.05448,53.2,4.594203,3.4347825,59.3
2025-07-11T07:01:22Z,20,29.885,80.3,44,77.5,3,1,101,40,0.0,255,32767,0.0,2127-15-31,0.0,0.12,27.44,0.0,0.0,0.0,0,0.85546875,6,45,05:56,20:31,2025-07-11 07:01:22.035052,Castel Volturno,43.3,3.815431,4.6568737,5.027957,6.161294,76.4,3.6967764,3.903827,2.942029,5.7246375,77.2,3.0645752,8.379928,4.519431,6.05448,53.2,4.594203,3.4347825,59.3
2025-07-11T07:01:32Z,20,29.885,80.3,44,77.5,3,1,113,40,0.0,255,32767,0.0,2127-15-31,0.0,0.12,27.44,0.0,0.0,0.0,0,0.85546875,6,45,05:56,20:31,2025-07-11 07:01:32.589047,Castel Volturno,43.3,3.815431,4.6568737,5.027957,6.161294,76.4,3.6967764,3.903827,2.942029,5.7246375,77.2,3.0645752,8.379928,4.519431,6.05448,53.2,4.594203,3.4347825,59.3
2025-07-11T07:01:43Z,20,29.885,80.3,44,77.5,2,1,145,40,0.0,255,32767,0.0,2127-15-31,0.0,0.12,27.44,0.0,0.0,0.0,0,0.85546875,6,45,05:56,20:31,2025-07-11 07:01:43.143026,Castel Volturno,43.3,3.815431,4.6568737,5.027957,6.161294,76.4,3.6967764,3.903827,2.942029,5.7246375,77.2,3.0645752,8.379928,4.519431,6.05448,53.2,4.594203,3.4347825,59.3
2025-07-11T07:01:53Z,20,29.883,80.3,44,77.5,1,1,128,40,0.0,255,32767,0.0,2127-15-31,0.0,0.12,27.44,0.0,0.0,0.0,0,0.85546875,6,45,05:56,20:31,2025-07-11 07:01:53.688052,Castel Volturno,43.3,3.815431,4.6568737,5.027957,6.161294,76.4,3.6967764,3.903827,2.942029,5.7246375,77.2,3.0645752,8.379928,4.519431,6.05448,53.2,4.594203,3.4347825,59.3
2025-07-11T07:02:04Z,20,29.883,80.3,44,77.6,0,1,169,40,0.0,255,32767,0.0,2127-15-31,0.0,0.12,27.44,0.0,0.0,0.0,0,0.85546875,6,45,05:56,20:31,2025-07-11 07:02:04.234054,Castel Volturno,43.3,3.815431,4.6568737,5.027957,6.161294,76.4,3.6967764,3.903827,2.942029,5.7246375,77.2,3.0645752,8.379928,4.519431,6.05448,53.2,4.594203,3.4347825,59.3
2025-07-11T07:02:14Z,20,29.883,80.3,44,77.6,1,1,215,40,0.0,255,32767,0.0,2127-15-31,0.0,0.12,27.44,0.0,0.0,0.0,0,0.85546875,6,45,05:56,20:31,2025-07-11 07:02:14.788010,Castel Volturno,43.3,3.815431,4.6568737,5.027957,6.161294,76.4,3.6967764,3.903827,2.942029,5.7246375,77.2,3.0645752,8.379928,4.519431,6.05448,53.2,4.594203,3.4347825,59.3
2025-07-11T07:02:25Z,20,29.883,80.3,44,77.6,1,1,238,40,0.0,255,32767,0.0,2127-15-31,0.0,0.12,27.44,0.0,0.0,0.0,0,0.85546875,6,45,05:56,20:31,2025-07-11 07:02:25.343044,Castel Volturno,43.3,3.815431,4.6568737,5.027957,6.161294,76.4,3.6967764,3.903827,2.942029,5.7246375,77.2,3.0645752,8.379928,4.519431,6.05448,53.2,4.594203,3.4347825,59.3
2025-07-11T07:02:36Z,20,29.883,80.3,44,77.6,0,1,219,40,0.0,255,32767,0.0,2127-15-31,0.0,0.12,27.44,0.0,0.0,0.0,0,0.85546875,6,45,05:56,20:31,2025-07-11 07:02:35.889046,Castel Volturno,43.3,3.815431,4.6568737,5.027957,6.161294,76.4,3.6967764,3.903827,2.942029,5.7246375,77.2,3.0645752,8.379928,4.519431,6.05448,53.2,4.594203,3.4347825,59.3
2025-07-11T07:02:46Z,20,29.883,80.3,44,77.5,0,1,213,40,0.0,255,32767,0.0,2127-15-31,0.0,0.12,27.44,0.0,0.0,0.0,0,0.85546875,6,45,05:56,20:31,2025-07-11 07:02:46.438010,Castel Volturno,43.3,3.815431,4.6568737,5.027957,6.161294,76.4,3.6967764,3.903827,2.942029,5.7246375,77.2,3.0645752,8.379928,4.519431,6.05448,53.2,4.594203,3.4347825,59.3
2025-07-11T07:02:57Z,20,29.883,80.3,45,77.5,1,1,209,42,0.0,255,32767,0.0,2127-15-31,0.0,0.12,27.44,0.0,0.0,0.0,0,0.8671875,6,45,05:56,20:31,2025-07-11 07:02:56.992011,Castel Volturno,40.0,4.906723,4.6788526,7.771053,8.438512,77.0,5.0631075,3.922563,7.9857144,15.95238,78.1,4.0572724,12.951755,6.019996,9.089713,51.9,11.7,9.571428,58.4
2025-07-11T07:03:08Z,20,29.883,80.3,45,77.6,0,1,199,42,0.0,255,32767,0.0,2127-15-31,0.0,0.12,27.44,0.0,0.0,0.0,0,0.8671875,6,45,05:56,20:31,2025-07-11 07:03:08.062070,Castel Volturno,40.0,4.906723,4.6788526,7.771053,8.438512,77.0,5.0631075,3.922563,7.9857144,15.95238,78.1,4.0572724,12.951755,6.019996,9.089713,51.9,11.7,9.571428,58.4
2025-07-11T07:03:18Z,20,29.883,80.3,45,77.6,0,1,199,42,0.0,255,32767,0.0,2127-15-31,0.0,0.12,27.44,0.0,0.0,0.0,0,0.8671875,6,45,05:56,20:31,2025-07-11 07:03:18.617065,Castel Volturno,40.0,4.906723,4.6788526,7.771053,8.438512,77.0,5.0631075,3.922563,7.9857144,15.95238,78.1,4.0572724,12.951755,6.019996,9.089713,51.9,11.7,9.571428,58.4
2025-07-11T07:03:29Z,20,29.883,80.3,45,77.6,0,1,199,42,0.0,255,32767,0.0,2127-15-31,0.0,0.12,27.44,0.0,0.0,0.0,0,0.8671875,6,45,05:56,20:31,2025-07-11 07:03:29.162054,Castel Volturno,40.0,4.906723,4.6788526,7.771053,8.438512,77.0,5.0631075,3.922563,7.9857144,15.95238,78.1,4.0572724,12.951755,6.019996,9.089713,51.9,11.7,9.571428,58.4
2025-07-11T07:03:39Z,20,29.883,80.3,45,77.6,0,1,199,42,0.0,255,32767,0.0,2127-15-31,0.0,0.12,27.44,0.0,0.0,0.0,0,0.8671875,6,45,05:56,20:31,2025-07-11 07:03:39.716052,Castel Volturno,40.0,4.906723,4.6788526,7.771053,8.438512,77.0,5.0631075,3.922563,7.9857144,15.95238,78.1,4.0572724,12.951755,6.019996,9.089713,51.9,11.7,9.571428,58.4
2025-07-11T07:03:50Z,20,29.882,80.3,45,77.6,1,1,100,42,0.0,255,32767,0.0,2127-15-31,0.0,0.12,27.44,0.0,0.0,0.0,0,0.919921875,6,45,05:56,20:31,2025-07-11 07:03:50.270060,Castel Volturno,40.0,4.906723,4.6788526,7.771053,8.438512,77.0,5.0631075,3.922563,7.9857144,15.95238,78.1,4.0572724,12.951755,6.019996,9.089713,51.9,11.7,9.571428,58.4
2025-07-11T07:04:01Z,20,29.882,80.3,45,77.6,0,1,99,42,0.0,255,32767,0.0,2127-15-31,0.0,0.12,27.44,0.0,0.0,0.0,0,0.919921875,6,45,05:56,20:31,2025-07-11 07:04:00.826060,Castel Volturno,40.0,4.906723,4.6788526,7.771053,8.438512,77.0,5.0631075,3.922563,7.9857144,15.95238,78.1,4.0572724,12.951755,6.019996,9.089713,51.9,11.7,9.571428,58.4
2025-07-11T07:04:11Z,20,29.882,80.3,45,77.6,1,1,83,42,0.0,255,32767,0.0,2127-15-31,0.0,0.12,27.44,0.0,0.0,0.0,0,0.919921875,6,45,05:56,20:31,2025-07-11 07:04:11.372049,Castel Volturno,40.0,4.906723,4.6788526,7.771053,8.438512,77.0,5.0631075,3.922563,7.9857144,15.95238,78.1,4.0572724,12.951755,6.019996,9.089713,51.9,11.7,9.571428,58.4
2025-07-11T07:04:22Z,20,29.882,80.3,45,77.6,1,1,55,42,0.0,255,32767,0.0,2127-15-31,0.0,0.12,27.44,0.0,0.0,0.0,0,0.919921875,6,45,05:56,20:31,2025-07-11 07:04:21.917047,Castel Volturno,40.0,4.906723,4.6788526,7.771053,8.438512,77.0,5.0631075,3.922563,7.9857144,15.95238,78.1,4.0572724,12.951755,6.019996,9.089713,51.9,11.7,9.571428,58.4
2025-07-11T07:04:32Z,20,29.882,80.3,45,77.6,1,1,55,42,0.0,255,32767,0.0,2127-15-31,0.0,0.12,27.44,0.0,0.0,0.0,0,0.919921875,6,45,05:56,20:31,2025-07-11 07:04:32.471051,Castel Volturno,40.0,4.906723,4.6788526,7.771053,8.438512,77.0,5.0631075,3.922563,7.9857144,15.95238,78.1,4.0572724,12.951755,6.019996,9.089713,51.9,11.7,9.571428,58.4
2025-07-11T07:04:43Z,20,29.882,80.3,45,77.7,0,1,53,42,0.0,255,32767,0.0,2127-15-31,0.0,0.12,27.44,0.0,0.0,0.0,0,0.919921875,6,45,05:56,20:31,2025-07-11 07:04:43.025046,Castel Volturno,40.0,4.906723,4.6788526,7.771053,8.438512,77.0,5.0631075,3.922563,7.9857144,15.95238,78.1,4.0572724,12.951755,6.019996,9.089713,51.9,11.7,9.571428,58.4
2025-07-11T07:04:53Z,20,29.882,80.4,44,77.6,0,1,28,42,0.0,255,32767,0.0,2127-15-31,0.0,0.12,27.44,0.0,0.0,0.0,0,1.294921875,6,45,05:56,20:31,2025-07-11 07:04:53.569044,Castel Volturno,40.0,4.906723,4.6788526,7.771053,8.438512,77.0,5.0631075,3.922563,7.9857144,15.95238,78.1,4.0572724,12.951755,6.019996,9.089713,51.9,11.7,9.571428,58.4
2025-07-11T07:05:04Z,20,29.882,80.4,44,77.6,4,1,16,42,0.0,255,32767,0.0,2127-15-31,0.0,0.12,27.44,0.0,0.0,0.0,0,1.294921875,6,45,05:56,20:31,2025-07-11 07:05:04.123056,Castel Volturno,40.0,4.906723,4.6788526,7.771053,8.438512,77.0,5.0631075,3.922563,7.9857144,15.95238,78.1,4.0572724,12.951755,6.019996,9.089713,51.9,11.7,9.571428,58.4
2025-07-11T07:05:14Z,20,29.882,80.4,44,77.7,3,1,76,42,0.0,255,32767,0.0,2127-15-31,0.0,0.12,27.44,0.0,0.0,0.0,0,1.294921875,6,45,05:56,20:31,2025-07-11 07:05:14.676051,Castel Volturno,40.0,4.906723,4.6788526,7.771053,8.438512,77.0,5.0631075,3.922563,7.9857144,15.95238,78.1,4.0572724,12.951755,6.019996,9.089713,51.9,11.7,9.571428,58.4
2025-07-11T07:05:25Z,20,29.882,80.4,44,77.7,2,1,62,42,0.0,255,32767,0.0,2127-15-31,0.0,0.12,27.44,0.0,0.0,0.0,0,1.294921875,6,45,05:56,20:31,2025-07-11 07:05:25.229015,Castel Volturno,40.0,4.906723,4.6788526,7.771053,8.438512,77.0,5.0631075,3.922563,7.9857144,15.95238,78.1,4.0572724,12.951755,6.019996,9.089713,51.9,11.7,9.571428,58.4
2025-07-11T07:05:35Z,20,29.882,80.4,44,77.7,2,1,46,42,0.0,255,32767,0.0,2127-15-31,0.0,0.12,27.44,0.0,0.0,0.0,0,1.294921875,6,45,05:56,20:31,2025-07-11 07:05:35.783058,Castel Volturno,40.0,4.906723,4.6788526,7.771053,8.438512,77.0,5.0631075,3.922563,7.9857144,15.95238,78.1,4.0572724,12.951755,6.019996,9.089713,51.9,11.7,9.571428,58.4
2025-07-11T07:05:46Z,20,29.882,80.4,44,77.7,0,1,44,42,0.0,255,32767,0.0,2127-15-31,0.0,0.12,27.44,0.0,0.0,0.0,0,1.294921875,6,45,05:56,20:31,2025-07-11 07:05:46.337052,Castel Volturno,40.0,4.906723,4.6788526,7.771053,8.438512,77.0,5.0631075,3.922563,7.9857144,15.95238,78.1,4.0572724,12.951755,6.019996,9.089713,51.9,11.7,9.571428,58.4
2025-07-11T07:05:57Z,20,29.884,80.4,43,77.8,1,1,84,42,0.0,255,32767,0.0,2127-15-31,0.0,0.12,27.44,0.0,0.0,0.0,0,0.85546875,6,45,05:56,20:31,2025-07-11 07:05:56.881036,Castel Volturno,40.0,4.906723,4.6788526,7.771053,8.438512,77.0,5.0631075,3.922563,7.9857144,15.95238,78.1,4.0572724,12.951755,6.019996,9.089713,51.9,11.7,9.571428,58.4
2025-07-11T07:06:07Z,20,29.884,80.4,43,77.8,1,1,39,42,0.0,255,32767,0.0,2127-15-31,0.0,0.12,27.44,0.0,0.0,0.0,0,0.85546875,6,45,05:56,20:31,2025-07-11 07:06:07.429016,Castel Volturno,40.0,4.906723,4.6788526,7.771053,8.438512,77.0,5.0631075,3.922563,7.9857144,15.95238,78.1,4.0572724,12.951755,6.019996,9.089713,51.9,11.7,9.571428,58.4
2025-07-11T07:06:18Z,20,29.884,80.4,43,77.8,5,1,74,42,0.0,255,32767,0.0,2127-15-31,0.0,0.12,27.44,0.0,0.0,0.0,0,0.85546875,6,45,05:56,20:31,2025-07-11 07:06:17.982069,Castel Volturno,40.0,4.906723,4.6788526,7.771053,8.438512,77.0,5.0631075,3.922563,7.9857144,15.95238,78.1,4.0572724,12.951755,6.019996,9.089713,51.9,11.7,9.571428,58.4
2025-07-11T07:06:28Z,20,29.884,80.4,43,77.8,4,1,82,42,0.0,255,32767,0.0,2127-15-31,0.0,0.12,27.44,0.0,0.0,0.0,0,0.85546875,6,45,05:56,20:31,2025-07-11 07:06:28.536054,Castel Volturno,40.0,4.906723,4.6788526,7.771053,8.438512,77.0,5.0631075,3.922563,7.9857144,15.95238,78.1,4.0572724,12.951755,6.019996,9.089713,51.9,11.7,9.571428,58.4
2025-07-11T07:06:39Z,20,29.884,80.4,43,77.8,3,1,76,42,0.0,255,32767,0.0,2127-15-31,0.0,0.12,27.44,0.0,0.0,0.0,0,0.85546875,6,45,05:56,20:31,2025-07-11 07:06:39.083017,Castel Volturno,40.0,4.906723,4.6788526,7.771053,8.438512,77.0,5.0631075,3.922563,7.9857144,15.95238,78.1,4.0572724,12.951755,6.019996,9.089713,51.9,11.7,9.571428,58.4
2025-07-11T07:06:49Z,20,29.883,80.4,43,77.8,3,1,52,42,0.0,255,32767,0.0,2127-15-31,0.0,0.12,27.44,0.0,0.0,0.0,0,0.85546875,6,45,05:56,20:31,2025-07-11 07:06:49.634012,Castel Volturno,40.0,4.906723,4.6788526,7.771053,8.438512,77.0,5.0631075,3.922563,7.9857144,15.95238,78.1,4.0572724,12.951755,6.019996,9.089713,51.9,11.7,9.571428,58.4
2025-07-11T07:07:00Z,20,29.883,80.4,43,77.8,3,1,43,42,0.0,255,32767,0.0,2127-15-31,0.0,0.12,27.44,0.0,0.0,0.0,0,0.85546875,6,45,05:56,20:31,2025-07-11 07:07:00.180023,Castel Volturno,40.0,4.906723,4.6788526,7.771053,8.438512,77.0,5.0631075,3.922563,7.9857144,15.95238,78.1,4.0572724,12.951755,6.019996,9.089713,51.9,11.7,9.571428,58.4
2025-07-11T07:07:10Z,20,29.883,80.4,43,77.8,3,1,28,42,0.0,255,32767,0.0,2127-15-31,0.0,0.12,27.44,0.0,0.0,0.0,0,0.85546875,6,45,05:56,20:31,2025-07-11 07:07:10.734056,Castel Volturno,40.0,4.906723,4.6788526,7.771053,8.438512,77.0,5.0631075,3.922563,7.9857144,15.95238,78.1,4.0572724,12.951755,6.019996,9.089713,51.9,11.7,9.571428,58.4
2025-07-11T07:07:21Z,20,29.883,80.4,43,77.8,1,1,34,42,0.0,255,32767,0.0,2127-15-31,0.0,0.12,27.44,0.0,0.0,0.0,0,0.85546875,6,45,05:56,20:31,2025-07-11 07:07:21.285045,Castel Volturno,40.0,4.906723,4.6788526,7.771053,8.438512,77.0,5.0631075,3.922563,7.9857144,15.95238,78.1,4.0572724,12.951755,6.019996,9.089713,51.9,11.7,9.571428,58.4
2025-07-11T07:07:32Z,20,29.883,80.4,43,77.8,1,1,34,42,0.0,255,32767,0.0,2127-15-31,0.0,0.12,27.44,0.0,0.0,0.0,0,0.85546875,6,45,05:56,20:31,2025-07-11 07:07:31.839016,Castel Volturno,40.0,4.906723,4.6788526,7.771053,8.438512,77.0,5.0631075,3.922563,7.9857144,15.95238,78.1,4.0572724,12.951755,6.019996,9.089713,51.9,11.7,9.571428,58.4
2025-07-11T07:07:42Z,20,29.883,80.4,43,77.8,0,1,34,42,0.0,255,32767,0.0,2127-15-31,0.0,0.12,27.44,0.0,0.0,0.0,0,0.85546875,6,45,05:56,20:31,2025-07-11 07:07:42.409042,Castel Volturno,40.0,4.906723,4.6788526,7.771053,8.438512,77.0,5.0631075,3.922563,7.9857144,15.95238,78.1,4.0572724,12.951755,6.019996,9.089713,51.9,11.7,9.571428,58.4
2025-07-11T07:07:53Z,20,29.883,80.4,43,77.8,0,1,36,42,0.0,255,32767,0.0,2127-15-31,0.0,0.12,27.44,0.0,0.0,0.0,0,1.72265625,6,45,05:56,20:31,2025-07-11 07:07:52.952010,Castel Volturno,40.0,4.906723,4.6788526,7.771053,8.438512,77.0,5.0631075,3.922563,7.9857144,15.95238,78.1,4.0572724,12.951755,6.019996,9.089713,51.9,11.7,9.571428,58.4
2025-07-11T07:08:03Z,20,29.883,80.4,43,77.9,0,1,79,42,0.0,255,32767,0.0,2127-15-31,0.0,0.12,27.44,0.0,0.0,0.0,0,1.72265625,6,45,05:56,20:31,2025-07-11 07:08:03.496049,Castel Volturno,40.0,4.906723,4.6788526,7.771053,8.438512,77.0,5.0631075,3.922563,7.9857144,15.95238,78.1,4.0572724,12.951755,6.019996,9.089713,51.9,11.7,9.571428,58.4
2025-07-11T07:08:14Z,20,29.883,80.4,43,77.9,3,1,78,42,0.0,255,32767,0.0,2127-15-31,0.0,0.12,27.44,0.0,0.0,0.0,0,1.72265625,6,45,05:56,20:31,2025-07-11 07:08:14.535040,Castel Volturno,40.0,4.906723,4.6788526,7.771053,8.438512,77.0,5.0631075,3.922563,7.9857144,15.95238,78.1,4.0572724,12.951755,6.019996,9.089713,51.9,11.7,9.571428,58.4
2025-07-11T07:08:25Z,20,29.883,80.4,43,77.9,3,1,66,42,0.0,255,32767,0.0,2127-15-31,0.0,0.12,27.44,0.0,0.0,0.0,0,1.72265625,6,45,05:56,20:31,2025-07-11 07:08:25.078045,Castel Volturno,40.0,4.906723,4.6788526,7.771053,8.438512,77.0,5.0631075,3.922563,7.9857144,15.95238,78.1,4.0572724,12.951755,6.019996,9.089713,51.9,11.7,9.571428,58.4
2025-07-11T07:08:35Z,20,29.883,80.4,43,77.9,1,1,57,42,0.0,255,32767,0.0,2127-15-31,0.0,0.12,27.44,0.0,0.0,0.0,0,1.72265625,6,45,05:56,20:31,2025-07-11 07:08:35.625014,Castel Volturno,40.0,4.906723,4.6788526,7.771053,8.438512,77.0,5.0631075,3.922563,7.9857144,15.95238,78.1,4.0572724,12.951755,6.019996,9.089713,51.9,11.7,9.571428,58.4
2025-07-11T07:08:46Z,20,29.883,80.4,43,77.9,1,1,57,42,0.0,255,32767,0.0,2127-15-31,0.0,0.12,27.44,0.0,0.0,0.0,0,1.72265625,6,45,05:56,20:31,2025-07-11 07:08:46.177051,Castel Volturno,40.0,4.906723,4.6788526,7.771053,8.438512,77.0,5.0631075,3.922563,7.9857144,15.95238,78.1,4.0572724,12.951755,6.019996,9.089713,51.9,11.7,9.571428,58.4
2025-07-11T07:08:56Z,20,29.884,80.5,43,77.9,0,1,57,42,0.0,255,32767,0.0,2127-15-31,0.0,0.12,27.44,0.0,0.0,0.0,0,0.85546875,6,45,05:56,20:31,2025-07-11 07:08:56.747051,Castel Volturno,40.0,4.906723,4.6788526,7.771053,8.438512,77.0,5.0631075,3.922563,7.9857144,15.95238,78.1,4.0572724,12.951755,6.019996,9.089713,51.9,11.7,9.571428,58.4
2025-07-11T07:09:07Z,20,29.884,80.5,43,77.9,0,1,152,42,0.0,255,32767,0.0,2127-15-31,0.0,0.12,27.44,0.0,0.0,0.0,0,0.85546875,6,45,05:56,20:31,2025-07-11 07:09:07.460055,Castel Volturno,40.0,4.906723,4.6788526,7.771053,8.438512,77.0,5.0631075,3.922563,7.9857144,15.95238,78.1,4.0572724,12.951755,6.019996,9.089713,51.9,11.7,9.571428,58.4
2025-07-11T07:09:18Z,20,29.884,80.5,43,77.9,0,1,54,42,0.0,255,32767,0.0,2127-15-31,0.0,0.12,27.44,0.0,0.0,0.0,0,0.85546875,6,45,05:56,20:31,2025-07-11 07:09:18.014052,Castel Volturno,40.0,4.906723,4.6788526,7.771053,8.438512,77.0,5.0631075,3.922563,7.9857144,15.95238,78.1,4.0572724,12.951755,6.019996,9.089713,51.9,11.7,9.571428,58.4
2025-07-11T07:09:28Z,20,29.884,80.5,43,78.0,2,1,58,42,0.0,255,32767,0.0,2127-15-31,0.0,0.12,27.44,0.0,0.0,0.0,0,0.85546875,6,45,05:56,20:31,2025-07-11 07:09:28.567057,Castel Volturno,40.0,4.906723,4.6788526,7.771053,8.438512,77.0,5.0631075,3.922563,7.9857144,15.95238,78.1,4.0572724,12.951755,6.019996,9.089713,51.9,11.7,9.571428,58.4
2025-07-11T07:09:39Z,20,29.884,80.5,43,78.0,2,1,63,42,0.0,255,32767,0.0,2127-15-31,0.0,0.12,27.44,0.0,0.0,0.0,0,0.85546875,6,45,05:56,20:31,2025-07-11 07:09:39.150058,Castel Volturno,40.0,4.906723,4.6788526,7.771053,8.438512,77.0,5.0631075,3.922563,7.9857144,15.95238,78.1,4.0572724,12.951755,6.019996,9.089713,51.9,11.7,9.571428,58.4
2025-07-11T07:09:49Z,20,29.883,80.5,42,77.9,1,1,36,42,0.0,255,32767,0.0,2127-15-31,0.0,0.12,27.44,0.0,0.0,0.0,0,0.861328125,6,45,05:56,20:31,2025-07-11 07:09:49.703009,Castel Volturno,40.0,4.906723,4.6788526,7.771053,8.438512,77.0,5.0631075,3.922563,7.9857144,15.95238,78.1,4.0572724,12.951755,6.019996,9.089713,51.9,11.7,9.571428,58.4
2025-07-11T07:10:00Z,20,29.883,80.5,42,78.0,0,1,69,42,0.0,255,32767,0.0,2127-15-31,0.0,0.12,27.44,0.0,0.0,0.0,0,0.861328125,6,45,05:56,20:31,2025-07-11 07:10:00.257021,Castel Volturno,40.0,4.906723,4.6788526,7.771053,8.438512,77.0,5.0631075,3.922563,7.9857144,15.95238,78.1,4.0572724,12.951755,6.019996,9.089713,51.9,11.7,9.571428,58.4
2025-07-11T07:10:11Z,20,29.883,80.5,42,78.0,0,1,93,42,0.0,255,32767,0.0,2127-15-31,0.0,0.12,27.44,0.0,0.0,0.0,0,0.861328125,6,45,05:56,20:31,2025-07-11 07:10:10.807055,Castel Volturno,40.0,4.906723,4.6788526,7.771053,8.438512,77.0,5.0631075,3.922563,7.9857144,15.95238,78.1,4.0572724,12.951755,6.019996,9.089713,51.9,11.7,9.571428,58.4
2025-07-11T07:10:21Z,20,29.883,80.5,42,78.0,2,1,109,42,0.0,255,32767,0.0,2127-15-31,0.0,0.12,27.44,0.0,0.0,0.0,0,0.861328125,6,45,05:56,20:31,2025-07-11 07:10:21.360063,Castel Volturno,40.0,4.906723,4.6788526,7.771053,8.438512,77.0,5.0631075,3.922563,7.9857144,15.95238,78.1,4.0572724,12.951755,6.019996,9.089713,51.9,11.7,9.571428,58.4
2025-07-11T07:10:32Z,20,29.883,80.5,42,78.0,2,1,85,42,0.0,255,32767,0.0,2127-15-31,0.0,0.12,27.44,0.0,0.0,0.0,0,0.861328125,6,45,05:56,20:31,2025-07-11 07:10:31.913059,Castel Volturno,40.0,4.906723,4.6788526,7.771053,8.438512,77.0,5.0631075,3.922563,7.9857144,15.95238,78.1,4.0572724,12.951755,6.019996,9.089713,51.9,11.7,9.571428,58.4
2025-07-11T07:10:42Z,20,29.883,80.5,42,78.0,3,1,78,42,0.0,255,32767,0.0,2127-15-31,0.0,0.12,27.44,0.0,0.0,0.0,0,0.861328125,6,45,05:56,20:31,2025-07-11 07:10:42.461060,Castel Volturno,40.0,4.906723,4.6788526,7.771053,8.438512,77.0,5.0631075,3.922563,7.9857144,15.95238,78.1,4.0572724,12.951755,6.019996,9.089713,51.9,11.7,9.571428,58.4
2025-07-11T07:10:53Z,20,29.884,80.5,43,78.0,3,1,94,42,0.0,255,32767,0.0,2127-15-31,0.0,0.12,27.44,0.0,0.0,0.0,0,0.908203125,6,45,05:56,20:31,2025-07-11 07:10:53.015047,Castel Volturno,40.0,4.906723,4.6788526,7.771053,8.438512,77.0,5.0631075,3.922563,7.9857144,15.95238,78.1,4.0572724,12.951755,6.019996,9.089713,51.9,11.7,9.571428,58.4
2025-07-11T07:11:03Z,20,29.884,80.5,43,78.0,1,1,104,42,0.0,255,32767,0.0,2127-15-31,0.0,0.12,27.44,0.0,0.0,0.0,0,0.908203125,6,45,05:56,20:31,2025-07-11 07:11:03.561028,Castel Volturno,40.0,4.906723,4.6788526,7.771053,8.438512,77.0,5.0631075,3.922563,7.9857144,15.95238,78.1,4.0572724,12.951755,6.019996,9.089713,51.9,11.7,9.571428,58.4
2025-07-11T07:11:14Z,20,29.884,80.5,43,78.0,0,1,107,42,0.0,255,32767,0.0,2127-15-31,0.0,0.12,27.44,0.0,0.0,0.0,0,0.908203125,6,45,05:56,20:31,2025-07-11 07:11:14.115048,Castel Volturno,40.0,4.906723,4.6788526,7.771053,8.438512,77.0,5.0631075,3.922563,7.9857144,15.95238,78.1,4.0572724,12.951755,6.019996,9.089713,51.9,11.7,9.571428,58.4
2025-07-11T07:11:24Z,20,29.884,80.5,43,78.0,0,1,107,42,0.0,255,32767,0.0,2127-15-31,0.0,0.12,27.44,0.0,0.0,0.0,0,0.908203125,6,45,05:56,20:31,2025-07-11 07:11:24.661054,Castel Volturno,40.0,4.906723,4.6788526,7.771053,8.438512,77.0,5.0631075,3.922563,7.9857144,15.95238,78.1,4.0572724,12.951755,6.019996,9.089713,51.9,11.7,9.571428,58.4
2025-07-11T07:11:35Z,20,29.884,80.5,43,78.0,1,1,109,42,0.0,255,32767,0.0,2127-15-31,0.0,0.12,27.44,0.0,0.0,0.0,0,0.908203125,6,45,05:56,20:31,2025-07-11 07:11:35.215054,Castel Volturno,40.0,4.906723,4.6788526,7.771053,8.438512,77.0,5.0631075,3.922563,7.9857144,15.95238,78.1,4.0572724,12.951755,6.019996,9.089713,51.9,11.7,9.571428,58.4
2025-07-11T07:11:45Z,20,29.884,80.5,43,78.0,1,1,123,42,0.0,255,32767,0.0,2127-15-31,0.0,0.12,27.44,0.0,0.0,0.0,0,0.908203125,6,45,05:56,20:31,2025-07-11 07:11:45.760049,Castel Volturno,40.0,4.906723,4.6788526,7.771053,8.438512,77.0,5.0631075,3.922563,7.9857144,15.95238,78.1,4.0572724,12.951755,6.019996,9.089713,51.9,11.7,9.571428,58.4
2025-07-11T07:11:56Z,20,29.882,80.5,44,78.0,1,1,158,42,0.0,255,32767,0.0,2127-15-31,0.0,0.12,27.44,0.0,0.0,0.0,0,1.23046875,6,45,05:56,20:31,2025-07-11 07:11:56.342062,Castel Volturno,40.0,4.906723,4.6788526,7.771053,8.438512,77.0,5.0631075,3.922563,7.9857144,15.95238,78.1,4.0572724,12.951755,6.019996,9.089713,51.9,11.7,9.571428,58.4
2025-07-11T07:12:07Z,20,29.882,80.5,44,78.1,0,1,188,42,0.0,255,32767,0.0,2127-15-31,0.0,0.12,27.44,0.0,0.0,0.0,0,1.23046875,6,45,05:56,20:31,2025-07-11 07:12:06.889055,Castel Volturno,40.0,4.906723,4.6788526,7.771053,8.438512,77.0,5.0631075,3.922563,7.9857144,15.95238,78.1,4.0572724,12.951755,6.019996,9.089713,51.9,11.7,9.571428,58.4
2025-07-11T07:12:17Z,20,29.882,80.5,44,78.1,1,1,276,42,0.0,255,32767,0.0,2127-15-31,0.0,0.12,27.44,0.0,0.0,0.0,0,1.23046875,6,45,05:56,20:31,2025-07-11 07:12:17.438048,Castel Volturno,40.0,4.906723,4.6788526,7.771053,8.438512,77.0,5.0631075,3.922563,7.9857144,15.95238,78.1,4.0572724,12.951755,6.019996,9.089713,51.9,11.7,9.571428,58.4
2025-07-11T07:12:28Z,20,29.882,80.5,44,78.2,1,1,303,42,0.0,255,32767,0.0,2127-15-31,0.0,0.12,27.44,0.0,0.0,0.0,0,1.23046875,6,45,05:56,20:31,2025-07-11 07:12:27.984047,Castel Volturno,40.0,4.906723,4.6788526,7.771053,8.438512,77.0,5.0631075,3.922563,7.9857144,15.95238,78.1,4.0572724,12.951755,6.019996,9.089713,51.9,11.7,9.571428,58.4
2025-07-11T07:12:38Z,20,29.882,80.5,44,78.2,1,1,340,42,0.0,255,32767,0.0,2127-15-31,0.0,0.12,27.44,0.0,0.0,0.0,0,1.23046875,6,45,05:56,20:31,2025-07-11 07:12:38.529068,Castel Volturno,40.0,4.906723,4.6788526,7.771053,8.438512,77.0,5.0631075,3.922563,7.9857144,15.95238,78.1,4.0572724,12.951755,6.019996,9.089713,51.9,11.7,9.571428,58.4
2025-07-11T07:12:49Z,20,29.883,80.5,44,78.2,1,1,51,42,0.0,255,32767,0.0,2127-15-31,0.0,0.12,27.44,0.0,0.0,0.0,0,2.1796875,6,45,05:56,20:31,2025-07-11 07:12:49.102044,Castel Volturno,40.0,4.906723,4.6788526,7.771053,8.438512,77.0,5.0631075,3.922563,7.9857144,15.95238,78.1,4.0572724,12.951755,6.019996,9.089713,51.9,11.7,9.571428,58.4
2025-07-11T07:12:59Z,20,29.883,80.5,44,78.2,3,1,71,42,0.0,255,32767,0.0,2127-15-31,0.0,0.12,27.44,0.0,0.0,0.0,0,2.1796875,6,45,05:56,20:31,2025-07-11 07:12:59.647057,Castel Volturno,40.0,4.906723,4.6788526,7.771053,8.438512,77.0,5.0631075,3.922563,7.9857144,15.95238,78.1,4.0572724,12.951755,6.019996,9.089713,51.9,11.7,9.571428,58.4
2025-07-11T07:13:10Z,20,29.883,80.5,44,78.2,2,1,96,42,0.0,255,32767,0.0,2127-15-31,0.0,0.12,27.44,0.0,0.0,0.0,0,2.1796875,6,45,05:56,20:31,2025-07-11 07:13:10.200014,Castel Volturno,40.0,4.906723,4.6788526,7.771053,8.438512,77.0,5.0631075,3.922563,7.9857144,15.95238,78.1,4.0572724,12.951755,6.019996,9.089713,51.9,11.7,9.571428,58.4
2025-07-11T07:13:21Z,20,29.883,80.5,44,78.2,1,1,88,42,0.0,255,32767,0.0,2127-15-31,0.0,0.12,27.44,0.0,0.0,0.0,0,2.1796875,6,45,05:56,20:31,2025-07-11 07:13:21.274057,Castel Volturno,40.0,4.906723,4.6788526,7.771053,8.438512,77.0,5.0631075,3.922563,7.9857144,15.95238,78.1,4.0572724,12.951755,6.019996,9.089713,51.9,11.7,9.571428,58.4
2025-07-11T07:13:32Z,20,29.883,80.5,44,78.2,0,1,88,42,0.0,255,32767,0.0,2127-15-31,0.0,0.12,27.44,0.0,0.0,0.0,0,2.1796875,6,45,05:56,20:31,2025-07-11 07:13:31.824045,Castel Volturno,40.0,4.906723,4.6788526,7.771053,8.438512,77.0,5.0631075,3.922563,7.9857144,15.95238,78.1,4.0572724,12.951755,6.019996,9.089713,51.9,11.7,9.571428,58.4
2025-07-11T07:13:42Z,20,29.883,80.5,44,78.2,0,1,88,42,0.0,255,32767,0.0,2127-15-31,0.0,0.12,27.44,0.0,0.0,0.0,0,2.1796875,6,45,05:56,20:31,2025-07-11 07:13:42.378048,Castel Volturno,40.0,4.906723,4.6788526,7.771053,8.438512,77.0,5.0631075,3.922563,7.9857144,15.95238,78.1,4.0572724,12.951755,6.019996,9.089713,51.9,11.7,9.571428,58.4
2025-07-11T07:13:53Z,20,29.884,80.6,43,78.2,0,2,88,42,0.0,255,32767,0.0,2127-15-31,0.0,0.12,27.44,0.0,0.0,0.0,0,0.85546875,6,45,05:56,20:31,2025-07-11 07:13:52.923060,Castel Volturno,40.0,4.906723,4.6788526,7.771053,8.438512,77.0,5.0631075,3.922563,7.9857144,15.95238,78.1,4.0572724,12.951755,6.019996,9.089713,51.9,11.7,9.571428,58.4
2025-07-11T07:14:03Z,20,29.884,80.6,43,78.2,1,2,13,42,0.0,255,32767,0.0,2127-15-31,0.0,0.12,27.44,0.0,0.0,0.0,0,0.85546875,6,45,05:56,20:31,2025-07-11 07:14:03.467049,Castel Volturno,40.0,4.906723,4.6788526,7.771053,8.438512,77.0,5.0631075,3.922563,7.9857144,15.95238,78.1,4.0572724,12.951755,6.019996,9.089713,51.9,11.7,9.571428,58.4
2025-07-11T07:14:14Z,20,29.884,80.6,43,78.3,3,2,62,42,0.0,255,32767,0.0,2127-15-31,0.0,0.12,27.44,0.0,0.0,0.0,0,0.85546875,6,45,05:56,20:31,2025-07-11 07:14:14.012062,Castel Volturno,40.0,4.906723,4.6788526,7.771053,8.438512,77.0,5.0631075,3.922563,7.9857144,15.95238,78.1,4.0572724,12.951755,6.019996,9.089713,51.9,11.7,9.571428,58.4
2025-07-11T07:14:24Z,20,29.884,80.6,43,78.3,2,2,348,42,0.0,255,32767,0.0,2127-15-31,0.0,0.12,27.44,0.0,0.0,0.0,0,0.85546875,6,45,05:56,20:31,2025-07-11 07:14:24.567042,Castel Volturno,40.0,4.906723,4.6788526,7.771053,8.438512,77.0,5.0631075,3.922563,7.9857144,15.95238,78.1,4.0572724,12.951755,6.019996,9.089713,51.9,11.7,9.571428,58.4
2025-07-11T07:14:35Z,20,29.884,80.6,43,78.3,3,2,58,42,0.0,255,32767,0.0,2127-15-31,0.0,0.12,27.44,0.0,0.0,0.0,0,0.85546875,6,45,05:56,20:31,2025-07-11 07:14:35.121067,Castel Volturno,40.0,4.906723,4.6788526,7.771053,8.438512,77.0,5.0631075,3.922563,7.9857144,15.95238,78.1,4.0572724,12.951755,6.019996,9.089713,51.9,11.7,9.571428,58.4
2025-07-11T07:14:45Z,20,29.884,80.6,43,78.3,1,2,80,42,0.0,255,32767,0.0,2127-15-31,0.0,0.12,27.44,0.0,0.0,0.0,0,0.85546875,6,45,05:56,20:31,2025-07-11 07:14:45.675046,Castel Volturno,40.0,4.906723,4.6788526,7.771053,8.438512,77.0,5.0631075,3.922563,7.9857144,15.95238,78.1,4.0572724,12.951755,6.019996,9.089713,51.9,11.7,9.571428,58.4
2025-07-11T07:14:56Z,20,29.884,80.6,43,78.3,1,2,84,42,0.0,255,32767,0.0,2127-15-31,0.0,0.12,27.44,0.0,0.0,0.0,0,0.85546875,6,45,05:56,20:31,2025-07-11 07:14:56.229054,Castel Volturno,40.0,4.906723,4.6788526,7.771053,8.438512,77.0,5.0631075,3.922563,7.9857144,15.95238,78.1,4.0572724,12.951755,6.019996,9.089713,51.9,11.7,9.571428,58.4
2025-07-11T07:15:06Z,20,29.884,80.6,43,78.3,4,2,96,41,0.0,255,32767,0.0,2127-15-31,0.0,0.12,27.44,0.0,0.0,0.0,0,0.85546875,6,45,05:56,20:31,2025-07-11 07:15:06.784054,Castel Volturno,40.0,4.906723,4.6788526,7.771053,8.438512,77.0,5.0631075,3.922563,7.9857144,15.95238,78.1,4.0572724,12.951755,6.019996,9.089713,51.9,11.7,9.571428,58.4
2025-07-11T07:15:17Z,20,29.884,80.6,43,78.4,5,2,69,41,0.0,255,32767,0.0,2127-15-31,0.0,0.12,27.44,0.0,0.0,0.0,0,0.85546875,6,45,05:56,20:31,2025-07-11 07:15:17.315554,Castel Volturno,40.0,4.906723,4.6788526,7.771053,8.438512,77.0,5.0631075,3.922563,7.9857144,15.95238,78.1,4.0572724,12.951755,6.019996,9.089713,51.9,11.7,9.571428,58.4
2025-07-11T07:15:28Z,20,29.884,80.6,43,78.4,3,2,78,41,0.0,255,32767,0.0,2127-15-31,0.0,0.12,27.44,0.0,0.0,0.0,0,0.85546875,6,45,05:56,20:31,2025-07-11 07:15:27.904056,Castel Volturno,40.0,4.906723,4.6788526,7.771053,8.438512,77.0,5.0631075,3.922563,7.9857144,15.95238,78.1,4.0572724,12.951755,6.019996,9.089713,51.9,11.7,9.571428,58.4
2025-07-11T07:15:38Z,20,29.884,80.6,43,78.4,3,2,82,41,0.0,255,32767,0.0,2127-15-31,0.0,0.12,27.44,0.0,0.0,0.0,0,0.85546875,6,45,05:56,20:31,2025-07-11 07:15:38.448054,Castel Volturno,40.0,4.906723,4.6788526,7.771053,8.438512,77.0,5.0631075,3.922563,7.9857144,15.95238,78.1,4.0572724,12.951755,6.019996,9.089713,51.9,11.7,9.571428,58.4
2025-07-11T07:15:49Z,20,29.88,80.6,44,78.4,3,2,68,41,0.0,255,32767,0.0,2127-15-31,0.0,0.12,27.44,0.0,0.0,0.0,0,0.85546875,6,45,05:56,20:31,2025-07-11 07:15:49.002059,Castel Volturno,40.0,4.906723,4.6788526,7.771053,8.438512,77.0,5.0631075,3.922563,7.9857144,15.95238,78.1,4.0572724,12.951755,6.019996,9.089713,51.9,11.7,9.571428,58.4
2025-07-11T07:15:59Z,20,29.88,80.6,44,78.3,2,2,67,41,0.0,255,32767,0.0,2127-15-31,0.0,0.12,27.44,0.0,0.0,0.0,0,0.85546875,6,45,05:56,20:31,2025-07-11 07:15:59.556033,Castel Volturno,40.0,4.906723,4.6788526,7.771053,8.438512,77.0,5.0631075,3.922563,7.9857144,15.95238,78.1,4.0572724,12.951755,6.019996,9.089713,51.9,11.7,9.571428,58.4
2025-07-11T07:16:10Z,20,29.88,80.6,44,78.3,1,2,77,41,0.0,255,32767,0.0,2127-15-31,0.0,0.12,27.44,0.0,0.0,0.0,0,0.85546875,6,45,05:56,20:31,2025-07-11 07:16:10.103040,Castel Volturno,40.0,4.906723,4.6788526,7.771053,8.438512,77.0,5.0631075,3.922563,7.9857144,15.95238,78.1,4.0572724,12.951755,6.019996,9.089713,51.9,11.7,9.571428,58.4
2025-07-11T07:16:20Z,20,29.88,80.6,44,78.3,2,2,105,41,0.0,255,32767,0.0,2127-15-31,0.0,0.12,27.44,0.0,0.0,0.0,0,0.85546875,6,45,05:56,20:31,2025-07-11 07:16:20.689045,Castel Volturno,40.0,4.906723,4.6788526,7.771053,8.438512,77.0,5.0631075,3.922563,7.9857144,15.95238,78.1,4.0572724,12.951755,6.019996,9.089713,51.9,11.7,9.571428,58.4
2025-07-11T07:16:31Z,20,29.88,80.6,44,78.3,1,2,107,41,0.0,255,32767,0.0,2127-15-31,0.0,0.12,27.44,0.0,0.0,0.0,0,0.85546875,6,45,05:56,20:31,2025-07-11 07:16:31.243056,Castel Volturno,40.0,4.906723,4.6788526,7.771053,8.438512,77.0,5.0631075,3.922563,7.9857144,15.95238,78.1,4.0572724,12.951755,6.019996,9.089713,51.9,11.7,9.571428,58.4
2025-07-11T07:16:41Z,20,29.88,80.6,44,78.3,1,2,89,41,0.0,255,32767,0.0,2127-15-31,0.0,0.12,27.44,0.0,0.0,0.0,0,0.85546875,6,45,05:56,20:31,2025-07-11 07:16:41.797039,Castel Volturno,40.0,4.906723,4.6788526,7.771053,8.438512,77.0,5.0631075,3.922563,7.9857144,15.95238,78.1,4.0572724,12.951755,6.019996,9.089713,51.9,11.7,9.571428,58.4
2025-07-11T07:16:52Z,20,29.884,80.7,44,78.3,1,2,107,41,0.0,255,32767,0.0,2127-15-31,0.0,0.12,27.44,0.0,0.0,0.0,0,0.861328125,6,45,05:56,20:31,2025-07-11 07:16:52.350044,Castel Volturno,40.0,4.906723,4.6788526,7.771053,8.438512,77.0,5.0631075,3.922563,7.9857144,15.95238,78.1,4.0572724,12.951755,6.019996,9.089713,51.9,11.7,9.571428,58.4
                                                                                                                                                                                                                                                                                                                                                  