Date;Time;barometer;temperature;wind_speed;rain_rate;datetime;station_id
02-01-2025;02:40:00;1025.6999999999998;4.550000000000001;0.9;0.2;2025-01-02 02:40:00;1
02-01-2025;02:50:00;1025.6666666666667;4.633333333333334;0.7666666666666666;0.0;2025-01-02 02:50:00;1
02-01-2025;03:00:00;1025.533333333333;4.6000000000000005;0.5000000000000001;0.0;2025-01-02 03:00:00;1
02-01-2025;03:10:00;1025.5;4.550000000000001;0.30000000000000004;0.0;2025-01-02 03:10:00;1
03-01-2025;13:40:00;1012.7;13.25;5.6;1.0;2025-01-03 13:40:00;1
03-01-2025;13:50:00;1012.6333333333333;13.066666666666668;5.166666666666667;0.2;2025-01-03 13:50:00;1
03-01-2025;14:00:00;1012.5666666666666;12.799999999999999;4.6000000000000005;0.2;2025-01-03 14:00:00;1
03-01-2025;14:10:00;1012.6;12.666666666666666;4.133333333333333;0.4;2025-01-03 14:10:00;1
03-01-2025;14:20:00;1012.6666666666666;12.6;3.533333333333333;0.8;2025-01-03 14:20:00;1
03-01-2025;14:30:00;1012.6333333333333;12.5;2.8666666666666667;0.2;2025-01-03 14:30:00;1
03-01-2025;14:40:00;1012.6;12.4;2.233333333333333;0.2;2025-01-03 14:40:00;1
03-01-2025;14:50:00;1012.4666666666667;12.333333333333334;1.8666666666666665;0.2;2025-01-03 14:50:00;1
03-01-2025;15:00:00;1012.4;12.266666666666666;1.4333333333333333;0.2;2025-01-03 15:00:00;1
03-01-2025;15:10:00;1012.3;12.233333333333334;1.2666666666666666;0.0;2025-01-03 15:10:00;1
03-01-2025;15:20:00;1012.2666666666665;12.2;1.1333333333333333;0.0;2025-01-03 15:20:00;1
03-01-2025;15:30:00;1012.2000000000002;12.2;1.2;0.0;2025-01-03 15:30:00;1
03-01-2025;15:40:00;1012.1;12.233333333333334;1.5666666666666667;0.2;2025-01-03 15:40:00;1
03-01-2025;15:50:00;1012.0666666666667;12.433333333333332;2.1;0.0;2025-01-03 15:50:00;1
03-01-2025;16:00:00;1012.0333333333333;12.6;1.9666666666666668;0.0;2025-01-03 16:00:00;1
03-01-2025;16:10:00;1012.05;12.749999999999998;1.9;0.0;2025-01-03 16:10:00;1
03-01-2025;20:00:00;1012.4;12.05;1.5499999999999998;0.2;2025-01-03 20:00:00;1
03-01-2025;20:10:00;1012.4333333333334;11.966666666666667;1.4666666666666668;0.0;2025-01-03 20:10:00;1
03-01-2025;20:20:00;1012.5;11.9;1.5666666666666667;0.0;2025-01-03 20:20:00;1
03-01-2025;20:30:00;1012.5;11.850000000000001;1.75;0.0;2025-01-03 20:30:00;1
03-01-2025;21:30:00;1012.6500000000001;12.649999999999999;3.0;0.2;2025-01-03 21:30:00;1
03-01-2025;21:40:00;1012.6333333333333;12.633333333333333;3.1999999999999997;0.2;2025-01-03 21:40:00;1
03-01-2025;21:50:00;1012.5666666666666;12.6;3.3666666666666667;0.8;2025-01-03 21:50:00;1
03-01-2025;22:00:00;1012.6;12.466666666666669;2.766666666666667;0.0;2025-01-03 22:00:00;1
03-01-2025;22:10:00;1012.6333333333333;12.4;2.0333333333333337;0.4;2025-01-03 22:10:00;1
03-01-2025;22:20:00;1012.7333333333332;12.333333333333334;1.3333333333333333;0.2;2025-01-03 22:20:00;1
03-01-2025;22:30:00;1012.7666666666668;12.333333333333334;0.7999999999999999;0.0;2025-01-03 22:30:00;1
03-01-2025;22:40:00;1012.8333333333334;12.3;0.43333333333333335;0.0;2025-01-03 22:40:00;1
03-01-2025;22:50:00;1012.9333333333334;12.3;0.5333333333333333;0.4;2025-01-03 22:50:00;1
03-01-2025;23:00:00;1012.9666666666667;12.233333333333334;0.8666666666666667;0.2;2025-01-03 23:00:00;1
03-01-2025;23:10:00;1012.9666666666666;12.166666666666666;1.2;1.8;2025-01-03 23:10:00;1
03-01-2025;23:20:00;1012.9;12.066666666666668;1.5333333333333332;0.2;2025-01-03 23:20:00;1
03-01-2025;23:30:00;1012.9666666666666;12.033333333333333;1.5666666666666667;0.0;2025-01-03 23:30:00;1
03-01-2025;23:40:00;1012.9333333333334;11.966666666666667;1.8;0.0;2025-01-03 23:40:00;1
03-01-2025;23:50:00;1012.95;11.95;1.75;0.0;2025-01-03 23:50:00;1
07-01-2025;15:40:00;1008.7;15.65;4.449999999999999;0.2;2025-01-07 15:40:00;1
07-01-2025;15:50:00;1008.7333333333332;15.566666666666668;4.566666666666666;0.0;2025-01-07 15:50:00;1
07-01-2025;16:00:00;1008.8333333333334;15.4;4.633333333333333;0.0;2025-01-07 16:00:00;1
07-01-2025;16:10:00;1008.9;15.350000000000001;4.549999999999999;0.0;2025-01-07 16:10:00;1
08-01-2025;05:50:00;1013.45;9.95;1.1;0.2;2025-01-08 05:50:00;1
08-01-2025;06:00:00;1013.5;9.866666666666667;1.0666666666666667;0.0;2025-01-08 06:00:00;1
08-01-2025;06:10:00;1013.6;9.700000000000001;1.0999999999999999;0.0;2025-01-08 06:10:00;1
08-01-2025;06:20:00;1013.6;9.600000000000001;1.2;0.0;2025-01-08 06:20:00;1
09-01-2025;07:10:00;1015.1;11.25;0.75;0.2;2025-01-09 07:10:00;1
09-01-2025;07:20:00;1015.0666666666666;11.200000000000001;0.9;0.2;2025-01-09 07:20:00;1
09-01-2025;07:30:00;1015.0;11.133333333333333;1.0;0.0;2025-01-09 07:30:00;1
09-01-2025;07:40:00;1014.9333333333334;11.133333333333333;0.9;0.2;2025-01-09 07:40:00;1
09-01-2025;07:50:00;1014.9;11.166666666666666;0.6;0.2;2025-01-09 07:50:00;1
09-01-2025;08:00:00;1014.9;11.233333333333334;0.6;0.2;2025-01-09 08:00:00;1
09-01-2025;08:10:00;1014.9;11.266666666666666;0.7999999999999999;0.4;2025-01-09 08:10:00;1
09-01-2025;08:20:00;1014.9;11.333333333333334;1.1333333333333335;0.0;2025-01-09 08:20:00;1
09-01-2025;08:30:00;1014.9;11.4;1.2999999999999998;0.0;2025-01-09 08:30:00;1
09-01-2025;08:40:00;1014.9;11.466666666666667;1.4000000000000001;0.2;2025-01-09 08:40:00;1
09-01-2025;08:50:00;1014.9333333333334;11.566666666666668;1.4333333333333333;0.0;2025-01-09 08:50:00;1
09-01-2025;09:00:00;1014.9666666666666;11.666666666666666;1.3999999999999997;0.0;2025-01-09 09:00:00;1
09-01-2025;09:10:00;1015.0333333333333;11.766666666666667;1.1666666666666667;0.0;2025-01-09 09:10:00;1
09-01-2025;09:20:00;1015.0333333333333;11.833333333333334;1.3333333333333333;0.4;2025-01-09 09:20:00;1
09-01-2025;09:30:00;1015.0;11.9;1.6666666666666667;0.6;2025-01-09 09:30:00;1
09-01-2025;09:40:00;1014.9333333333334;12.0;2.1666666666666665;0.2;2025-01-09 09:40:00;1
09-01-2025;09:50:00;1014.8666666666667;12.1;2.266666666666666;0.0;2025-01-09 09:50:00;1
09-01-2025;10:00:00;1014.8666666666667;12.233333333333334;2.233333333333333;0.0;2025-01-09 10:00:00;1
09-01-2025;10:10:00;1014.8499999999999;12.3;2.2;0.0;2025-01-09 10:10:00;1
09-01-2025;10:30:00;1014.8;12.7;3.1500000000000004;0.2;2025-01-09 10:30:00;1
09-01-2025;10:40:00;1014.7666666666668;12.833333333333334;3.266666666666667;0.0;2025-01-09 10:40:00;1
09-01-2025;10:50:00;1014.6333333333333;13.133333333333333;3.233333333333334;0.0;2025-01-09 10:50:00;1
09-01-2025;11:00:00;1014.5500000000001;13.35;3.25;0.0;2025-01-09 11:00:00;1
09-01-2025;11:20:00;1013.95;13.850000000000001;3.65;0.2;2025-01-09 11:20:00;1
09-01-2025;11:30:00;1013.8666666666667;13.933333333333332;3.533333333333333;0.0;2025-01-09 11:30:00;1
09-01-2025;11:40:00;1013.8333333333334;14.166666666666666;3.3333333333333335;0.0;2025-01-09 11:40:00;1
09-01-2025;11:50:00;1013.8;14.3;3.1;0.0;2025-01-09 11:50:00;1
09-01-2025;21:00:00;1012.05;13.1;1.9500000000000002;0.2;2025-01-09 21:00:00;1
09-01-2025;21:10:00;1011.9333333333334;13.0;1.8666666666666665;0.0;2025-01-09 21:10:00;1
09-01-2025;21:20:00;1011.8000000000001;12.833333333333334;1.5999999999999999;0.0;2025-01-09 21:20:00;1
09-01-2025;21:30:00;1011.7;12.75;1.5499999999999998;0.0;2025-01-09 21:30:00;1
11-01-2025;15:10:00;1008.1500000000001;15.0;1.6;0.2;2025-01-11 15:10:00;1
11-01-2025;15:20:00;1008.0666666666666;14.866666666666667;1.6666666666666667;0.2;2025-01-11 15:20:00;1
11-01-2025;15:30:00;1008.0333333333333;14.633333333333333;1.8333333333333333;0.2;2025-01-11 15:30:00;1
11-01-2025;15:40:00;1008.0333333333334;14.4;1.8666666666666665;0.0;2025-01-11 15:40:00;1
11-01-2025;15:50:00;1008.1333333333333;14.233333333333333;1.8666666666666665;0.0;2025-01-11 15:50:00;1
11-01-2025;16:00:00;1008.1333333333333;14.1;1.7333333333333334;0.2;2025-01-11 16:00:00;1
11-01-2025;16:10:00;1008.1333333333333;14.0;1.5;0.2;2025-01-11 16:10:00;1
11-01-2025;16:20:00;1008.1;13.9;1.6000000000000003;0.4;2025-01-11 16:20:00;1
11-01-2025;16:30:00;1008.1;13.799999999999999;1.6333333333333335;0.6;2025-01-11 16:30:00;1
11-01-2025;16:40:00;1008.0333333333333;13.666666666666666;2.3666666666666667;0.4;2025-01-11 16:40:00;1
11-01-2025;16:50:00;1007.9666666666667;13.299999999999999;3.066666666666667;0.4;2025-01-11 16:50:00;1
11-01-2025;17:00:00;1007.8000000000001;12.833333333333334;4.533333333333334;0.4;2025-01-11 17:00:00;1
11-01-2025;17:10:00;1007.6999999999999;12.299999999999999;5.5;0.4;2025-01-11 17:10:00;1
11-01-2025;17:20:00;1007.6666666666666;11.966666666666667;5.966666666666666;0.4;2025-01-11 17:20:00;1
11-01-2025;17:30:00;1007.7666666666668;11.666666666666666;5.366666666666667;0.0;2025-01-11 17:30:00;1
11-01-2025;17:40:00;1007.8333333333334;11.533333333333333;4.866666666666666;0.2;2025-01-11 17:40:00;1
11-01-2025;17:50:00;1007.8000000000001;11.433333333333332;5.033333333333333;0.2;2025-01-11 17:50:00;1
11-01-2025;18:00:00;1007.7666666666665;11.333333333333334;5.633333333333333;0.2;2025-01-11 18:00:00;1
11-01-2025;18:10:00;1007.7666666666668;11.166666666666666;6.033333333333334;0.4;2025-01-11 18:10:00;1
11-01-2025;18:20:00;1007.8;11.0;6.166666666666667;0.4;2025-01-11 18:20:00;1
11-01-2025;18:30:00;1007.8;10.833333333333334;6.033333333333334;0.2;2025-01-11 18:30:00;1
11-01-2025;18:40:00;1007.9;10.633333333333333;5.933333333333334;0.2;2025-01-11 18:40:00;1
11-01-2025;18:50:00;1008.0666666666666;10.533333333333333;5.266666666666667;0.2;2025-01-11 18:50:00;1
11-01-2025;19:00:00;1008.2333333333332;10.6;4.3999999999999995;0.2;2025-01-11 19:00:00;1
11-01-2025;19:10:00;1008.3;10.733333333333334;3.1333333333333333;0.2;2025-01-11 19:10:00;1
11-01-2025;19:20:00;1008.2666666666668;10.733333333333334;2.366666666666667;0.2;2025-01-11 19:20:00;1
11-01-2025;19:30:00;1008.1333333333333;10.6;2.8000000000000003;0.4;2025-01-11 19:30:00;1
11-01-2025;19:40:00;1008.0666666666666;10.4;4.333333333333333;0.4;2025-01-11 19:40:00;1
11-01-2025;19:50:00;1008.0333333333333;10.233333333333334;5.8;0.2;2025-01-11 19:50:00;1
11-01-2025;20:00:00;1008.1666666666666;10.166666666666666;6.233333333333333;0.4;2025-01-11 20:00:00;1
11-01-2025;20:10:00;1008.2666666666668;10.133333333333333;6.066666666666666;0.2;2025-01-11 20:10:00;1
11-01-2025;20:20:00;1008.4;10.133333333333333;4.8999999999999995;0.4;2025-01-11 20:20:00;1
11-01-2025;20:30:00;1008.4666666666666;10.133333333333333;3.9333333333333336;0.2;2025-01-11 20:30:00;1
11-01-2025;20:40:00;1008.5666666666666;10.166666666666666;2.8333333333333335;0.0;2025-01-11 20:40:00;1
11-01-2025;20:50:00;1008.6333333333333;10.166666666666666;2.466666666666667;0.2;2025-01-11 20:50:00;1
11-01-2025;21:00:00;1008.6333333333333;10.1;2.3333333333333335;0.4;2025-01-11 21:00:00;1
11-01-2025;21:10:00;1008.5666666666666;10.033333333333333;2.466666666666667;0.2;2025-01-11 21:10:00;1
11-01-2025;21:20:00;1008.4666666666667;10.066666666666666;3.233333333333333;0.2;2025-01-11 21:20:00;1
11-01-2025;21:30:00;1008.4;10.1;3.7999999999999994;0.2;2025-01-11 21:30:00;1
11-01-2025;21:40:00;1008.3333333333334;10.133333333333333;4.3;0.2;2025-01-11 21:40:00;1
11-01-2025;21:50:00;1008.2666666666665;10.166666666666666;4.533333333333332;0.2;2025-01-11 21:50:00;1
11-01-2025;22:00:00;1008.2000000000002;10.233333333333333;5.199999999999999;0.0;2025-01-11 22:00:00;1
11-01-2025;22:10:00;1008.1666666666666;10.266666666666667;5.366666666666667;0.2;2025-01-11 22:10:00;1
11-01-2025;22:20:00;1008.2000000000002;10.266666666666667;5.566666666666666;0.2;2025-01-11 22:20:00;1
11-01-2025;22:30:00;1008.2333333333332;10.266666666666667;5.533333333333334;0.0;2025-01-11 22:30:00;1
11-01-2025;22:40:00;1008.1999999999999;10.233333333333334;5.566666666666666;0.2;2025-01-11 22:40:00;1
11-01-2025;22:50:00;1008.1333333333333;10.1;5.666666666666667;0.0;2025-01-11 22:50:00;1
11-01-2025;23:00:00;1008.0333333333333;9.933333333333334;5.766666666666667;0.2;2025-01-11 23:00:00;1
11-01-2025;23:10:00;1007.9666666666667;9.8;6.2;0.2;2025-01-11 23:10:00;1
11-01-2025;23:20:00;1007.9;9.733333333333333;6.466666666666666;0.2;2025-01-11 23:20:00;1
11-01-2025;23:30:00;1007.9;9.7;6.7;0.2;2025-01-11 23:30:00;1
11-01-2025;23:40:00;1007.9;9.633333333333333;6.666666666666667;0.2;2025-01-11 23:40:00;1
11-01-2025;23:50:00;1007.9;9.533333333333333;6.8;0.2;2025-01-11 23:50:00;1
12-01-2025;00:00:00;1007.8666666666667;9.4;6.466666666666666;0.2;2025-01-12 00:00:00;1
12-01-2025;00:10:00;1007.8333333333334;9.333333333333334;6.2;0.0;2025-01-12 00:10:00;1
12-01-2025;00:20:00;1007.7666666666668;9.266666666666667;5.6000000000000005;0.2;2025-01-12 00:20:00;1
12-01-2025;00:30:00;1007.7333333333332;9.2;5.233333333333333;0.2;2025-01-12 00:30:00;1
12-01-2025;00:40:00;1007.7333333333332;9.166666666666666;5.233333333333333;0.2;2025-01-12 00:40:00;1
12-01-2025;00:50:00;1007.7333333333332;9.133333333333333;5.366666666666666;0.2;2025-01-12 00:50:00;1
12-01-2025;01:00:00;1007.7333333333332;9.033333333333333;5.3999999999999995;0.2;2025-01-12 01:00:00;1
12-01-2025;01:10:00;1007.6666666666666;8.9;5.6000000000000005;0.2;2025-01-12 01:10:00;1
12-01-2025;01:20:00;1007.6333333333333;8.766666666666666;5.466666666666668;0.2;2025-01-12 01:20:00;1
12-01-2025;01:30:00;1007.6;8.766666666666667;5.666666666666667;0.2;2025-01-12 01:30:00;1
12-01-2025;01:40:00;1007.6;8.666666666666666;5.233333333333333;0.2;2025-01-12 01:40:00;1
12-01-2025;01:50:00;1007.6;8.566666666666668;5.133333333333333;0.0;2025-01-12 01:50:00;1
12-01-2025;02:00:00;1007.6;8.4;5.033333333333333;0.2;2025-01-12 02:00:00;1
12-01-2025;02:10:00;1007.6;8.266666666666667;4.8999999999999995;0.0;2025-01-12 02:10:00;1
12-01-2025;02:20:00;1007.6666666666666;8.133333333333333;4.6;0.2;2025-01-12 02:20:00;1
12-01-2025;02:30:00;1007.7666666666668;7.966666666666666;4.5;0.0;2025-01-12 02:30:00;1
12-01-2025;02:40:00;1007.8666666666667;7.8;4.8;0.2;2025-01-12 02:40:00;1
12-01-2025;02:50:00;1007.9;7.566666666666666;5.0;0.0;2025-01-12 02:50:00;1
12-01-2025;03:00:00;1007.9;7.366666666666666;5.0;0.2;2025-01-12 03:00:00;1
12-01-2025;03:10:00;1007.9;7.2;4.8999999999999995;0.0;2025-01-12 03:10:00;1
12-01-2025;03:20:00;1007.8666666666667;7.066666666666666;4.833333333333333;0.2;2025-01-12 03:20:00;1
12-01-2025;03:30:00;1007.7999999999998;7.0;4.733333333333333;0.2;2025-01-12 03:30:00;1
12-01-2025;03:40:00;1007.6333333333333;6.966666666666666;4.7;0.2;2025-01-12 03:40:00;1
12-01-2025;03:50:00;1007.5;7.0;4.8;0.2;2025-01-12 03:50:00;1
12-01-2025;04:00:00;1007.3666666666667;6.966666666666668;4.9;0.2;2025-01-12 04:00:00;1
12-01-2025;04:10:00;1007.2999999999998;6.966666666666668;4.933333333333333;0.4;2025-01-12 04:10:00;1
12-01-2025;04:20:00;1007.2666666666668;6.933333333333334;4.933333333333334;0.2;2025-01-12 04:20:00;1
12-01-2025;04:30:00;1007.1999999999999;6.8999999999999995;4.733333333333333;0.6;2025-01-12 04:30:00;1
12-01-2025;04:40:00;1007.0666666666666;6.866666666666667;4.766666666666667;0.8;2025-01-12 04:40:00;1
12-01-2025;04:50:00;1006.9;7.0;4.699999999999999;0.2;2025-01-12 04:50:00;1
12-01-2025;05:00:00;1006.8666666666667;7.1000000000000005;4.833333333333333;0.0;2025-01-12 05:00:00;1
12-01-2025;05:10:00;1006.9333333333333;7.333333333333333;4.766666666666667;0.2;2025-01-12 05:10:00;1
12-01-2025;05:20:00;1007.0666666666667;7.3999999999999995;4.8999999999999995;0.0;2025-01-12 05:20:00;1
12-01-2025;05:30:00;1007.1;7.533333333333334;5.1000000000000005;0.2;2025-01-12 05:30:00;1
12-01-2025;05:40:00;1007.2333333333335;7.599999999999999;5.566666666666666;0.2;2025-01-12 05:40:00;1
12-01-2025;05:50:00;1007.2999999999998;7.633333333333333;6.2;0.2;2025-01-12 05:50:00;1
12-01-2025;06:00:00;1007.3666666666667;7.633333333333333;6.766666666666667;0.0;2025-01-12 06:00:00;1
12-01-2025;06:10:00;1007.3333333333334;7.533333333333334;7.066666666666667;0.0;2025-01-12 06:10:00;1
12-01-2025;06:20:00;1007.4333333333334;7.3999999999999995;7.166666666666667;0.2;2025-01-12 06:20:00;1
12-01-2025;06:30:00;1007.5666666666666;7.2;6.8999999999999995;0.0;2025-01-12 06:30:00;1
12-01-2025;06:40:00;1007.7333333333332;7.0;6.6000000000000005;0.2;2025-01-12 06:40:00;1
12-01-2025;06:50:00;1007.9;6.833333333333333;6.5;0.0;2025-01-12 06:50:00;1
12-01-2025;07:00:00;1008.0333333333333;6.733333333333333;6.400000000000001;0.2;2025-01-12 07:00:00;1
12-01-2025;07:10:00;1008.1999999999999;6.6000000000000005;6.333333333333333;0.0;2025-01-12 07:10:00;1
12-01-2025;07:20:00;1008.2666666666668;6.5;6.266666666666667;0.2;2025-01-12 07:20:00;1
12-01-2025;07:30:00;1008.4;6.433333333333334;5.966666666666666;0.0;2025-01-12 07:30:00;1
12-01-2025;07:40:00;1008.4666666666666;6.433333333333334;6.1000000000000005;0.0;2025-01-12 07:40:00;1
12-01-2025;07:50:00;1008.5;6.45;5.8;0.0;2025-01-12 07:50:00;1
17-01-2025;12:50:00;1024.3000000000002;11.35;5.949999999999999;0.2;2025-01-17 12:50:00;1
17-01-2025;13:00:00;1024.1333333333334;11.466666666666667;5.766666666666667;0.0;2025-01-17 13:00:00;1
17-01-2025;13:10:00;1023.9666666666667;11.733333333333334;5.766666666666666;0.0;2025-01-17 13:10:00;1
17-01-2025;13:20:00;1023.85;11.850000000000001;5.35;0.0;2025-01-17 13:20:00;1
18-01-2025;01:30:00;1020.4;10.6;5.75;0.2;2025-01-18 01:30:00;1
18-01-2025;01:40:00;1020.3000000000001;10.5;5.266666666666667;0.0;2025-01-18 01:40:00;1
18-01-2025;01:50:00;1020.2999999999998;10.4;4.433333333333334;0.2;2025-01-18 01:50:00;1
18-01-2025;02:00:00;1020.3666666666667;10.366666666666667;4.8999999999999995;0.0;2025-01-18 02:00:00;1
18-01-2025;02:10:00;1020.5333333333334;10.4;5.366666666666667;0.0;2025-01-18 02:10:00;1
18-01-2025;02:20:00;1020.5;10.433333333333335;5.833333333333333;0.0;2025-01-18 02:20:00;1
18-01-2025;02:30:00;1020.4666666666667;10.366666666666667;5.566666666666667;0.2;2025-01-18 02:30:00;1
18-01-2025;02:40:00;1020.3666666666667;10.266666666666667;5.3;0.2;2025-01-18 02:40:00;1
18-01-2025;02:50:00;1020.4;10.166666666666666;4.9;0.0;2025-01-18 02:50:00;1
18-01-2025;03:00:00;1020.3333333333334;10.166666666666666;4.433333333333334;0.0;2025-01-18 03:00:00;1
18-01-2025;03:10:00;1020.35;10.2;4.2;0.0;2025-01-18 03:10:00;1
18-01-2025;03:30:00;1020.2;9.95;5.75;0.2;2025-01-18 03:30:00;1
18-01-2025;03:40:00;1020.3000000000001;9.833333333333334;5.866666666666667;0.2;2025-01-18 03:40:00;1
18-01-2025;03:50:00;1020.4333333333334;9.633333333333333;6.233333333333333;0.4;2025-01-18 03:50:00;1
18-01-2025;04:00:00;1020.4333333333333;9.433333333333335;6.266666666666667;0.2;2025-01-18 04:00:00;1
18-01-2025;04:10:00;1020.0999999999999;9.433333333333334;6.1000000000000005;0.2;2025-01-18 04:10:00;1
18-01-2025;04:20:00;1019.6999999999999;9.466666666666667;5.766666666666667;0.2;2025-01-18 04:20:00;1
18-01-2025;04:30:00;1019.4;9.6;5.266666666666667;0.2;2025-01-18 04:30:00;1
18-01-2025;04:40:00;1019.3000000000001;9.633333333333333;5.033333333333333;0.2;2025-01-18 04:40:00;1
18-01-2025;04:50:00;1019.1666666666666;9.766666666666666;5.3999999999999995;0.0;2025-01-18 04:50:00;1
18-01-2025;05:00:00;1019.2666666666668;9.766666666666666;5.7;0.0;2025-01-18 05:00:00;1
18-01-2025;05:10:00;1019.4666666666667;9.766666666666666;5.8;0.2;2025-01-18 05:10:00;1
18-01-2025;05:20:00;1019.6666666666666;9.7;5.5;0.2;2025-01-18 05:20:00;1
18-01-2025;05:30:00;1019.6666666666666;9.7;5.133333333333334;0.2;2025-01-18 05:30:00;1
18-01-2025;05:40:00;1019.6666666666666;9.7;5.133333333333333;0.2;2025-01-18 05:40:00;1
18-01-2025;05:50:00;1019.7333333333332;9.7;4.8999999999999995;0.2;2025-01-18 05:50:00;1
18-01-2025;06:00:00;1019.6666666666666;9.733333333333334;5.0;0.4;2025-01-18 06:00:00;1
18-01-2025;06:10:00;1019.5333333333333;9.766666666666666;5.133333333333334;0.0;2025-01-18 06:10:00;1
18-01-2025;06:20:00;1019.4;9.833333333333334;5.166666666666667;0.2;2025-01-18 06:20:00;1
18-01-2025;06:30:00;1019.2333333333332;9.9;5.133333333333334;0.0;2025-01-18 06:30:00;1
18-01-2025;06:40:00;1019.1999999999999;10.033333333333333;5.1000000000000005;0.0;2025-01-18 06:40:00;1
18-01-2025;06:50:00;1019.15;10.1;5.15;0.0;2025-01-18 06:50:00;1
18-01-2025;23:10:00;1018.6500000000001;10.850000000000001;4.05;0.2;2025-01-18 23:10:00;1
18-01-2025;23:20:00;1018.6333333333333;10.933333333333332;3.966666666666667;0.0;2025-01-18 23:20:00;1
18-01-2025;23:30:00;1018.5666666666667;11.0;4.233333333333333;0.0;2025-01-18 23:30:00;1
18-01-2025;23:40:00;1018.5;11.05;4.25;0.0;2025-01-18 23:40:00;1
20-01-2025;02:30:00;1018.3499999999999;11.100000000000001;2.25;0.2;2025-01-20 02:30:00;1
20-01-2025;02:40:00;1018.3000000000001;10.966666666666667;2.3333333333333335;0.0;2025-01-20 02:40:00;1
20-01-2025;02:50:00;1018.2666666666665;10.799999999999999;2.6;0.2;2025-01-20 02:50:00;1
20-01-2025;03:00:00;1018.3666666666668;10.733333333333334;2.2666666666666666;0.0;2025-01-20 03:00:00;1
20-01-2025;03:10:00;1018.4333333333333;10.699999999999998;1.5666666666666667;0.0;2025-01-20 03:10:00;1
20-01-2025;03:20:00;1018.5;10.649999999999999;0.9500000000000002;0.0;2025-01-20 03:20:00;1
20-01-2025;09:40:00;1017.9;12.35;0.65;0.2;2025-01-20 09:40:00;1
20-01-2025;09:50:00;1017.9666666666667;12.6;0.8000000000000002;0.0;2025-01-20 09:50:00;1
20-01-2025;10:00:00;1018.0333333333333;12.9;1.0333333333333334;0.0;2025-01-20 10:00:00;1
20-01-2025;10:10:00;1018.1;13.1;1.35;0.0;2025-01-20 10:10:00;1
20-01-2025;18:30:00;1016.7;12.85;1.35;0.2;2025-01-20 18:30:00;1
20-01-2025;18:40:00;1016.7;12.733333333333334;1.0333333333333334;0.2;2025-01-20 18:40:00;1
20-01-2025;18:50:00;1016.7;12.466666666666667;0.7999999999999999;0.0;2025-01-20 18:50:00;1
20-01-2025;19:00:00;1016.7;12.299999999999999;0.7666666666666666;0.0;2025-01-20 19:00:00;1
20-01-2025;19:10:00;1016.7;12.2;0.95;0.0;2025-01-20 19:10:00;1
20-01-2025;19:30:00;1016.7;12.1;0.8500000000000001;0.2;2025-01-20 19:30:00;1
20-01-2025;19:40:00;1016.7;12.033333333333333;0.6333333333333334;0.2;2025-01-20 19:40:00;1
20-01-2025;19:50:00;1016.7;11.933333333333332;0.4666666666666666;0.0;2025-01-20 19:50:00;1
20-01-2025;20:00:00;1016.7;11.833333333333334;0.4333333333333333;0.0;2025-01-20 20:00:00;1
20-01-2025;20:10:00;1016.7;11.8;0.6666666666666666;0.0;2025-01-20 20:10:00;1
20-01-2025;20:20:00;1016.7;11.8;0.5666666666666667;0.2;2025-01-20 20:20:00;1
20-01-2025;20:30:00;1016.7;11.766666666666667;0.3333333333333333;0.0;2025-01-20 20:30:00;1
20-01-2025;20:40:00;1016.7333333333332;11.699999999999998;0.0333333333333333;0.2;2025-01-20 20:40:00;1
20-01-2025;20:50:00;1016.7666666666668;11.633333333333333;0.06666666666666664;0.0;2025-01-20 20:50:00;1
20-01-2025;21:00:00;1016.8;11.6;0.1333333333333333;0.4;2025-01-20 21:00:00;1
20-01-2025;21:10:00;1016.7666666666668;11.533333333333333;0.5333333333333333;0.6;2025-01-20 21:10:00;1
20-01-2025;21:20:00;1016.7666666666668;11.433333333333332;1.0666666666666667;0.8;2025-01-20 21:20:00;1
20-01-2025;21:30:00;1016.7333333333332;11.266666666666666;1.5333333333333332;0.6;2025-01-20 21:30:00;1
20-01-2025;21:40:00;1016.7333333333332;11.166666666666666;1.6666666666666667;0.2;2025-01-20 21:40:00;1
20-01-2025;21:50:00;1016.6666666666666;11.1;1.7000000000000002;0.2;2025-01-20 21:50:00;1
20-01-2025;22:00:00;1016.6333333333333;11.0;1.7333333333333332;0.0;2025-01-20 22:00:00;1
20-01-2025;22:10:00;1016.6;10.799999999999999;1.8333333333333333;0.0;2025-01-20 22:10:00;1
20-01-2025;22:20:00;1016.6;10.65;1.7999999999999998;0.0;2025-01-20 22:20:00;1
21-01-2025;03:40:00;1015.6;8.5;0.9;0.2;2025-01-21 03:40:00;1
21-01-2025;03:50:00;1015.5;8.533333333333333;1.0999999999999999;0.8;2025-01-21 03:50:00;1
21-01-2025;04:00:00;1015.4;8.533333333333333;1.3333333333333333;1.0;2025-01-21 04:00:00;1
21-01-2025;04:10:00;1015.3;8.5;1.5333333333333332;0.0;2025-01-21 04:10:00;1
21-01-2025;04:20:00;1015.3333333333334;8.4;1.3333333333333333;0.0;2025-01-21 04:20:00;1
21-01-2025;04:30:00;1015.35;8.350000000000001;1.2999999999999998;0.0;2025-01-21 04:30:00;1
21-01-2025;18:40:00;1016.1500000000001;10.7;1.25;0.2;2025-01-21 18:40:00;1
21-01-2025;18:50:00;1016.1333333333333;10.6;1.2;1.2;2025-01-21 18:50:00;1
21-01-2025;19:00:00;1016.1333333333333;10.433333333333332;1.0;2.6;2025-01-21 19:00:00;1
21-01-2025;19:10:00;1016.1999999999999;10.266666666666666;0.9333333333333335;0.0;2025-01-21 19:10:00;1
21-01-2025;19:20:00;1016.3000000000001;10.2;1.0666666666666667;0.2;2025-01-21 19:20:00;1
21-01-2025;19:30:00;1016.4;10.2;1.3;0.2;2025-01-21 19:30:00;1
21-01-2025;19:40:00;1016.4;10.166666666666666;1.5333333333333332;0.2;2025-01-21 19:40:00;1
21-01-2025;19:50:00;1016.4;10.166666666666666;1.4000000000000001;0.0;2025-01-21 19:50:00;1
21-01-2025;20:00:00;1016.4;10.166666666666666;1.3;0.0;2025-01-21 20:00:00;1
21-01-2025;20:10:00;1016.4;10.2;1.1500000000000001;0.0;2025-01-21 20:10:00;1
21-01-2025;23:50:00;1016.6;8.0;1.75;0.2;2025-01-21 23:50:00;1
22-01-2025;00:00:00;1016.6;8.0;1.8;0.0;2025-01-22 00:00:00;1
22-01-2025;00:10:00;1016.6;8.0;1.6666666666666667;0.0;2025-01-22 00:10:00;1
22-01-2025;00:20:00;1016.6;7.949999999999999;1.5;0.0;2025-01-22 00:20:00;1
28-01-2025;09:00:00;1010.4;12.6;2.05;0.2;2025-01-28 09:00:00;1
28-01-2025;09:10:00;1010.3000000000001;12.6;1.9666666666666668;0.0;2025-01-28 09:10:00;1
28-01-2025;09:20:00;1010.1333333333333;12.566666666666668;1.8999999999999997;0.0;2025-01-28 09:20:00;1
28-01-2025;09:30:00;1010.0666666666666;12.666666666666666;1.6666666666666667;0.0;2025-01-28 09:30:00;1
28-01-2025;09:40:00;1010.0666666666667;12.833333333333334;1.7333333333333334;0.2;2025-01-28 09:40:00;1
28-01-2025;09:50:00;1010.0666666666667;13.166666666666666;2.066666666666667;0.0;2025-01-28 09:50:00;1
28-01-2025;10:00:00;1010.0;13.6;2.6;0.0;2025-01-28 10:00:00;1
28-01-2025;10:10:00;1009.95;13.849999999999998;2.9000000000000004;0.0;2025-01-28 10:10:00;1
28-01-2025;12:50:00;1007.55;15.25;6.5;1.0;2025-01-28 12:50:00;1
28-01-2025;13:00:00;1007.4666666666667;15.0;6.333333333333333;1.0;2025-01-28 13:00:00;1
28-01-2025;13:10:00;1007.2666666666668;14.533333333333333;6.1000000000000005;0.0;2025-01-28 13:10:00;1
28-01-2025;13:20:00;1007.1999999999999;14.433333333333332;5.933333333333334;0.0;2025-01-28 13:20:00;1
28-01-2025;13:30:00;1007.2333333333335;14.333333333333334;5.8999999999999995;0.4;2025-01-28 13:30:00;1
28-01-2025;13:40:00;1007.3000000000001;14.266666666666666;5.366666666666667;0.2;2025-01-28 13:40:00;1
28-01-2025;13:50:00;1007.3333333333334;14.166666666666666;5.066666666666666;1.8;2025-01-28 13:50:00;1
28-01-2025;14:00:00;1007.3;14.200000000000001;4.633333333333334;0.2;2025-01-28 14:00:00;1
28-01-2025;14:10:00;1007.2666666666668;14.433333333333332;4.6;0.0;2025-01-28 14:10:00;1
28-01-2025;14:20:00;1007.2999999999998;14.833333333333334;4.333333333333333;0.0;2025-01-28 14:20:00;1
28-01-2025;14:30:00;1007.3;15.100000000000001;4.2;0.0;2025-01-28 14:30:00;1
29-01-2025;11:20:00;1013.1;11.05;0.75;0.2;2025-01-29 11:20:00;1
29-01-2025;11:30:00;1013.1333333333333;11.066666666666668;0.6666666666666666;0.2;2025-01-29 11:30:00;1
29-01-2025;11:40:00;1013.2000000000002;11.1;0.7000000000000001;0.2;2025-01-29 11:40:00;1
29-01-2025;11:50:00;1013.2666666666668;11.1;1.0;0.2;2025-01-29 11:50:00;1
29-01-2025;12:00:00;1013.3333333333334;11.033333333333333;1.4666666666666668;0.2;2025-01-29 12:00:00;1
29-01-2025;12:10:00;1013.3333333333334;10.966666666666667;2.0;0.2;2025-01-29 12:10:00;1
29-01-2025;12:20:00;1013.3000000000001;10.9;2.3;0.4;2025-01-29 12:20:00;1
29-01-2025;12:30:00;1013.1999999999999;10.966666666666669;2.3000000000000003;0.4;2025-01-29 12:30:00;1
29-01-2025;12:40:00;1013.0333333333334;10.933333333333332;2.433333333333333;0.2;2025-01-29 12:40:00;1
29-01-2025;12:50:00;1012.9;10.9;3.033333333333333;0.0;2025-01-29 12:50:00;1
29-01-2025;13:00:00;1012.7333333333332;10.733333333333334;3.766666666666666;0.0;2025-01-29 13:00:00;1
29-01-2025;13:10:00;1012.6999999999999;10.700000000000001;4.1;0.0;2025-01-29 13:10:00;1
29-01-2025;13:40:00;1012.3;10.55;2.55;0.2;2025-01-29 13:40:00;1
29-01-2025;13:50:00;1012.2666666666668;10.633333333333333;2.5;0.0;2025-01-29 13:50:00;1
29-01-2025;14:00:00;1012.2333333333332;10.700000000000001;2.3333333333333335;0.0;2025-01-29 14:00:00;1
29-01-2025;14:10:00;1012.2;10.733333333333333;2.1666666666666665;0.2;2025-01-29 14:10:00;1
29-01-2025;14:20:00;1012.2333333333332;10.7;1.9333333333333333;0.0;2025-01-29 14:20:00;1
29-01-2025;14:30:00;1012.2666666666668;10.7;2.1;0.0;2025-01-29 14:30:00;1
29-01-2025;14:40:00;1012.3666666666667;10.666666666666666;2.0;0.2;2025-01-29 14:40:00;1
29-01-2025;14:50:00;1012.3666666666667;10.566666666666665;2.0666666666666664;0.2;2025-01-29 14:50:00;1
29-01-2025;15:00:00;1012.4333333333334;10.466666666666667;2.033333333333333;0.0;2025-01-29 15:00:00;1
29-01-2025;15:10:00;1012.4333333333334;10.4;2.1666666666666665;0.0;2025-01-29 15:10:00;1
29-01-2025;15:20:00;1012.5;10.4;2.3;0.0;2025-01-29 15:20:00;1
29-01-2025;16:50:00;1011.75;10.3;2.3;0.2;2025-01-29 16:50:00;1
29-01-2025;17:00:00;1011.8666666666667;10.200000000000001;2.1666666666666665;0.0;2025-01-29 17:00:00;1
29-01-2025;17:10:00;1012.0333333333333;10.033333333333333;1.7333333333333334;0.0;2025-01-29 17:10:00;1
29-01-2025;17:20:00;1012.05;9.9;1.75;0.0;2025-01-29 17:20:00;1
31-01-2025;05:50:00;1022.05;4.35;0.4;0.2;2025-01-31 05:50:00;1
31-01-2025;06:00:00;1022.0666666666666;4.333333333333333;0.26666666666666666;0.0;2025-01-31 06:00:00;1
31-01-2025;06:10:00;1022.0666666666666;4.333333333333333;0.16666666666666666;0.0;2025-01-31 06:10:00;1
31-01-2025;06:20:00;1022.05;4.35;0.15;0.0;2025-01-31 06:20:00;1
02-02-2025;22:20:00;1011.45;12.4;3.7;0.2;2025-02-02 22:20:00;1
02-02-2025;22:30:00;1011.4666666666667;12.4;3.4;0.2;2025-02-02 22:30:00;1
02-02-2025;22:40:00;1011.5;12.300000000000002;3.1999999999999997;0.0;2025-02-02 22:40:00;1
02-02-2025;22:50:00;1011.5333333333333;12.333333333333334;2.466666666666667;0.0;2025-02-02 22:50:00;1
02-02-2025;23:00:00;1011.55;12.3;2.3000000000000003;0.0;2025-02-02 23:00:00;1
03-02-2025;09:00:00;1013.3;11.8;1.5;0.2;2025-02-03 09:00:00;1
03-02-2025;09:10:00;1013.3333333333334;11.833333333333334;1.3;0.0;2025-02-03 09:10:00;1
03-02-2025;09:20:00;1013.4333333333334;11.833333333333334;0.9333333333333335;0.0;2025-02-03 09:20:00;1
03-02-2025;09:30:00;1013.5666666666666;11.833333333333334;0.7333333333333334;0.0;2025-02-03 09:30:00;1
03-02-2025;09:40:00;1013.6666666666666;11.833333333333334;0.7000000000000001;0.2;2025-02-03 09:40:00;1
03-02-2025;09:50:00;1013.7;11.933333333333332;0.6666666666666666;0.0;2025-02-03 09:50:00;1
03-02-2025;10:00:00;1013.7;12.066666666666668;0.7333333333333333;0.0;2025-02-03 10:00:00;1
03-02-2025;10:10:00;1013.7;12.15;0.7;0.0;2025-02-03 10:10:00;1
08-02-2025;10:40:00;1024.0;12.6;2.45;0.2;2025-02-08 10:40:00;1
08-02-2025;10:50:00;1023.9666666666666;12.733333333333334;2.5;0.0;2025-02-08 10:50:00;1
08-02-2025;11:00:00;1023.9;12.799999999999999;2.6;0.0;2025-02-08 11:00:00;1
08-02-2025;11:10:00;1023.9;12.799999999999999;2.6;0.2;2025-02-08 11:10:00;1
08-02-2025;11:20:00;1023.9;12.666666666666666;2.3333333333333335;0.0;2025-02-08 11:20:00;1
08-02-2025;11:30:00;1023.9;12.633333333333333;1.9333333333333333;0.0;2025-02-08 11:30:00;1
08-02-2025;11:40:00;1023.8666666666667;12.633333333333333;1.2666666666666666;0.2;2025-02-08 11:40:00;1
08-02-2025;11:50:00;1023.7999999999998;12.633333333333333;0.6666666666666666;0.0;2025-02-08 11:50:00;1
08-02-2025;12:00:00;1023.6999999999999;12.6;0.19999999999999998;0.2;2025-02-08 12:00:00;1
08-02-2025;12:10:00;1023.6333333333333;12.666666666666666;0.2333333333333333;0.0;2025-02-08 12:10:00;1
08-02-2025;12:20:00;1023.5333333333333;12.799999999999999;0.4666666666666666;0.0;2025-02-08 12:20:00;1
08-02-2025;12:30:00;1023.4666666666667;12.933333333333332;0.7999999999999999;0.0;2025-02-08 12:30:00;1
08-02-2025;12:40:00;1023.4;12.966666666666669;1.0;0.2;2025-02-08 12:40:00;1
08-02-2025;12:50:00;1023.3666666666667;12.9;1.0999999999999999;0.0;2025-02-08 12:50:00;1
08-02-2025;13:00:00;1023.3333333333334;12.866666666666667;1.0333333333333334;0.0;2025-02-08 13:00:00;1
08-02-2025;13:10:00;1023.2666666666665;12.9;0.9;0.0;2025-02-08 13:10:00;1
08-02-2025;13:20:00;1023.2000000000002;12.966666666666667;1.0;0.2;2025-02-08 13:20:00;1
08-02-2025;13:30:00;1023.1;13.0;1.2;0.0;2025-02-08 13:30:00;1
08-02-2025;13:40:00;1023.0333333333334;13.066666666666668;1.3;0.2;2025-02-08 13:40:00;1
08-02-2025;13:50:00;1022.9333333333334;13.1;1.2;0.0;2025-02-08 13:50:00;1
08-02-2025;14:00:00;1022.8666666666667;13.133333333333333;0.9;0.2;2025-02-08 14:00:00;1
08-02-2025;14:10:00;1022.7666666666668;13.1;0.8666666666666667;0.0;2025-02-08 14:10:00;1
08-02-2025;14:20:00;1022.7666666666668;13.1;0.9333333333333332;0.0;2025-02-08 14:20:00;1
08-02-2025;14:30:00;1022.7500000000001;13.1;1.0999999999999999;0.0;2025-02-08 14:30:00;1
14-02-2025;10:00:00;1008.8499999999999;13.35;5.449999999999999;0.2;2025-02-14 10:00:00;1
14-02-2025;10:10:00;1008.9;13.433333333333332;5.566666666666666;0.0;2025-02-14 10:10:00;1
14-02-2025;10:20:00;1008.9333333333334;13.566666666666665;5.566666666666666;0.0;2025-02-14 10:20:00;1
14-02-2025;10:30:00;1008.95;13.549999999999999;5.449999999999999;0.0;2025-02-14 10:30:00;1
14-02-2025;11:30:00;1008.45;14.0;7.449999999999999;0.6;2025-02-14 11:30:00;1
14-02-2025;11:40:00;1008.4333333333334;13.833333333333334;6.733333333333333;0.4;2025-02-14 11:40:00;1
14-02-2025;11:50:00;1008.4666666666666;13.533333333333331;6.2;0.4;2025-02-14 11:50:00;1
14-02-2025;12:00:00;1008.4333333333333;13.299999999999999;5.233333333333334;0.0;2025-02-14 12:00:00;1
14-02-2025;12:10:00;1008.3666666666667;13.133333333333333;4.933333333333334;0.0;2025-02-14 12:10:00;1
14-02-2025;12:20:00;1008.2333333333332;13.133333333333333;4.566666666666667;0.4;2025-02-14 12:20:00;1
14-02-2025;12:30:00;1008.0666666666666;13.266666666666666;4.2666666666666675;0.0;2025-02-14 12:30:00;1
14-02-2025;12:40:00;1007.9000000000001;13.866666666666667;4.666666666666667;0.0;2025-02-14 12:40:00;1
14-02-2025;12:50:00;1007.8000000000001;14.200000000000001;4.950000000000001;0.0;2025-02-14 12:50:00;1
14-02-2025;16:50:00;1006.8;11.4;2.75;2.2;2025-02-14 16:50:00;1
14-02-2025;17:00:00;1006.7333333333332;10.966666666666667;2.433333333333333;4.6;2025-02-14 17:00:00;1
14-02-2025;17:10:00;1006.8000000000001;10.333333333333334;2.1333333333333333;1.4;2025-02-14 17:10:00;1
14-02-2025;17:20:00;1006.7333333333332;10.0;1.5;1.8;2025-02-14 17:20:00;1
14-02-2025;17:30:00;1006.7666666666668;9.766666666666666;1.5;5.0;2025-02-14 17:30:00;1
14-02-2025;17:40:00;1006.7333333333332;9.733333333333333;1.5666666666666667;3.2;2025-02-14 17:40:00;1
14-02-2025;17:50:00;1006.7;9.799999999999999;1.3666666666666665;0.0;2025-02-14 17:50:00;1
14-02-2025;18:00:00;1006.7333333333332;9.9;1.7;0.0;2025-02-14 18:00:00;1
14-02-2025;18:10:00;1006.7499999999999;9.9;1.7499999999999996;0.0;2025-02-14 18:10:00;1
15-02-2025;00:10:00;1005.6;10.649999999999999;2.7;0.2;2025-02-15 00:10:00;1
15-02-2025;00:20:00;1005.5333333333333;10.733333333333334;2.5333333333333337;0.0;2025-02-15 00:20:00;1
15-02-2025;00:30:00;1005.4;10.766666666666666;2.4333333333333336;0.2;2025-02-15 00:30:00;1
15-02-2025;00:40:00;1005.2666666666668;10.733333333333334;2.9333333333333336;0.4;2025-02-15 00:40:00;1
15-02-2025;00:50:00;1005.1333333333332;10.633333333333333;3.5666666666666664;0.8;2025-02-15 00:50:00;1
15-02-2025;01:00:00;1005.0333333333334;10.6;3.733333333333333;0.8;2025-02-15 01:00:00;1
15-02-2025;01:10:00;1005.0;10.633333333333333;3.3333333333333335;0.4;2025-02-15 01:10:00;1
15-02-2025;01:20:00;1004.9666666666667;10.700000000000001;2.866666666666667;0.0;2025-02-15 01:20:00;1
15-02-2025;01:30:00;1004.9;10.733333333333333;2.5333333333333337;0.0;2025-02-15 01:30:00;1
15-02-2025;01:40:00;1004.8499999999999;10.75;2.5500000000000007;0.0;2025-02-15 01:40:00;1
15-02-2025;05:10:00;1003.0;10.2;3.65;0.2;2025-02-15 05:10:00;1
15-02-2025;05:20:00;1003.0333333333333;10.1;2.8666666666666667;0.6;2025-02-15 05:20:00;1
15-02-2025;05:30:00;1003.1999999999999;9.933333333333334;1.8333333333333333;0.4;2025-02-15 05:30:00;1
15-02-2025;05:40:00;1003.1999999999999;9.8;0.8333333333333334;0.6;2025-02-15 05:40:00;1
15-02-2025;05:50:00;1003.0333333333334;9.733333333333333;1.1333333333333335;1.4;2025-02-15 05:50:00;1
15-02-2025;06:00:00;1002.8000000000001;9.7;2.1;1.0;2025-02-15 06:00:00;1
15-02-2025;06:10:00;1002.5333333333334;9.733333333333333;2.9000000000000004;0.2;2025-02-15 06:10:00;1
15-02-2025;06:20:00;1002.6333333333333;9.733333333333333;3.266666666666666;0.0;2025-02-15 06:20:00;1
15-02-2025;06:30:00;1002.8000000000001;9.666666666666666;3.3000000000000003;0.2;2025-02-15 06:30:00;1
15-02-2025;06:40:00;1002.9666666666667;9.633333333333333;3.933333333333333;1.2;2025-02-15 06:40:00;1
15-02-2025;06:50:00;1002.9666666666666;9.6;3.8666666666666667;0.2;2025-02-15 06:50:00;1
15-02-2025;07:00:00;1002.9666666666667;9.6;3.6666666666666665;0.0;2025-02-15 07:00:00;1
15-02-2025;07:10:00;1002.9333333333333;9.533333333333333;2.8666666666666667;0.0;2025-02-15 07:10:00;1
15-02-2025;07:20:00;1002.9499999999999;9.5;2.75;0.0;2025-02-15 07:20:00;1
15-02-2025;09:30:00;1004.5;9.8;3.65;0.4;2025-02-15 09:30:00;1
15-02-2025;09:40:00;1004.4333333333334;9.833333333333334;3.6666666666666665;1.4;2025-02-15 09:40:00;1
15-02-2025;09:50:00;1004.4;9.833333333333334;3.4;1.6;2025-02-15 09:50:00;1
15-02-2025;10:00:00;1004.3666666666667;9.933333333333332;3.266666666666667;0.8;2025-02-15 10:00:00;1
15-02-2025;10:10:00;1004.4333333333334;9.966666666666667;3.0;0.4;2025-02-15 10:10:00;1
15-02-2025;10:20:00;1004.4666666666666;10.066666666666668;2.9;0.2;2025-02-15 10:20:00;1
15-02-2025;10:30:00;1004.5;10.200000000000001;2.966666666666667;0.0;2025-02-15 10:30:00;1
15-02-2025;10:40:00;1004.5333333333333;10.433333333333334;3.266666666666667;0.0;2025-02-15 10:40:00;1
15-02-2025;10:50:00;1004.5666666666666;10.6;3.3333333333333335;0.2;2025-02-15 10:50:00;1
15-02-2025;11:00:00;1004.6;10.7;3.233333333333333;0.4;2025-02-15 11:00:00;1
15-02-2025;11:10:00;1004.6;10.766666666666666;2.8666666666666667;0.2;2025-02-15 11:10:00;1
15-02-2025;11:20:00;1004.5666666666666;10.933333333333332;2.5666666666666664;0.0;2025-02-15 11:20:00;1
15-02-2025;11:30:00;1004.5;11.133333333333333;2.733333333333333;0.0;2025-02-15 11:30:00;1
15-02-2025;11:40:00;1004.4499999999999;11.25;2.75;0.0;2025-02-15 11:40:00;1
15-02-2025;13:50:00;1003.95;11.05;3.35;0.2;2025-02-15 13:50:00;1
15-02-2025;14:00:00;1003.9333333333334;11.200000000000001;2.966666666666667;0.0;2025-02-15 14:00:00;1
15-02-2025;14:10:00;1003.9333333333334;11.5;2.466666666666667;0.0;2025-02-15 14:10:00;1
15-02-2025;14:20:00;1003.95;11.649999999999999;2.2;0.0;2025-02-15 14:20:00;1
15-02-2025;16:30:00;1005.15;10.35;2.4;0.2;2025-02-15 16:30:00;1
15-02-2025;16:40:00;1005.1999999999999;10.200000000000001;2.3666666666666667;0.0;2025-02-15 16:40:00;1
15-02-2025;16:50:00;1005.3;9.899999999999999;2.1666666666666665;0.0;2025-02-15 16:50:00;1
15-02-2025;17:00:00;1005.3;9.799999999999999;1.85;0.0;2025-02-15 17:00:00;1
17-02-2025;08:30:00;1011.3;8.3;1.2000000000000002;0.2;2025-02-17 08:30:00;1
17-02-2025;08:40:00;1011.3666666666667;8.566666666666666;0.9333333333333335;0.0;2025-02-17 08:40:00;1
17-02-2025;08:50:00;1011.5;9.166666666666666;0.6666666666666666;0.0;2025-02-17 08:50:00;1
17-02-2025;09:00:00;1011.55;9.45;0.44999999999999996;0.0;2025-02-17 09:00:00;1
24-02-2025;20:20:00;1023.6;12.649999999999999;0.75;0.2;2025-02-24 20:20:00;1
24-02-2025;20:30:00;1023.5333333333333;12.566666666666668;0.7999999999999999;0.0;2025-02-24 20:30:00;1
24-02-2025;20:40:00;1023.4666666666667;12.433333333333332;0.8333333333333334;0.0;2025-02-24 20:40:00;1
24-02-2025;20:50:00;1023.4;12.349999999999998;0.9;0.0;2025-02-24 20:50:00;1
24-02-2025;23:10:00;1023.25;12.0;0.9;0.2;2025-02-24 23:10:00;1
24-02-2025;23:20:00;1023.1999999999999;11.966666666666667;1.0999999999999999;0.0;2025-02-24 23:20:00;1
24-02-2025;23:30:00;1023.1333333333333;11.933333333333332;1.3333333333333333;0.0;2025-02-24 23:30:00;1
24-02-2025;23:40:00;1023.0666666666666;11.9;1.3;0.0;2025-02-24 23:40:00;1
24-02-2025;23:50:00;1023.0333333333334;11.866666666666667;1.4000000000000001;0.4;2025-02-24 23:50:00;1
25-02-2025;00:00:00;1023.0;11.833333333333334;1.5;0.2;2025-02-25 00:00:00;1
25-02-2025;00:10:00;1022.9333333333334;11.766666666666667;1.7333333333333334;0.0;2025-02-25 00:10:00;1
25-02-2025;00:20:00;1022.8333333333334;11.699999999999998;1.5666666666666667;0.0;2025-02-25 00:20:00;1
25-02-2025;00:30:00;1022.75;11.649999999999999;1.4500000000000002;0.0;2025-02-25 00:30:00;1
25-02-2025;01:00:00;1022.6;11.149999999999999;1.7999999999999998;0.4;2025-02-25 01:00:00;1
25-02-2025;01:10:00;1022.6;11.066666666666668;1.8;0.2;2025-02-25 01:10:00;1
25-02-2025;01:20:00;1022.5;10.9;1.7333333333333334;0.0;2025-02-25 01:20:00;1
25-02-2025;01:30:00;1022.4666666666667;10.766666666666666;1.7666666666666666;0.0;2025-02-25 01:30:00;1
25-02-2025;01:40:00;1022.4000000000001;10.7;1.75;0.0;2025-02-25 01:40:00;1
25-02-2025;08:00:00;1020.45;11.55;3.75;0.2;2025-02-25 08:00:00;1
25-02-2025;08:10:00;1020.4666666666667;11.533333333333333;3.6999999999999997;0.0;2025-02-25 08:10:00;1
25-02-2025;08:20:00;1020.5;11.533333333333331;3.5666666666666664;0.0;2025-02-25 08:20:00;1
25-02-2025;08:30:00;1020.5;11.549999999999997;3.4999999999999996;0.0;2025-02-25 08:30:00;1
25-02-2025;11:10:00;1020.3499999999999;13.9;2.7;0.2;2025-02-25 11:10:00;1
25-02-2025;11:20:00;1020.3333333333334;13.766666666666666;2.8000000000000003;0.6;2025-02-25 11:20:00;1
25-02-2025;11:30:00;1020.1999999999999;13.5;2.8666666666666667;1.8;2025-02-25 11:30:00;1
25-02-2025;11:40:00;1020.0666666666666;13.299999999999999;2.733333333333334;1.4;2025-02-25 11:40:00;1
25-02-2025;11:50:00;1019.9666666666666;13.133333333333333;2.7000000000000006;0.0;2025-02-25 11:50:00;1
25-02-2025;12:00:00;1019.9333333333333;13.1;2.6333333333333333;0.8;2025-02-25 12:00:00;1
25-02-2025;12:10:00;1019.9;13.066666666666668;2.6999999999999997;1.0;2025-02-25 12:10:00;1
25-02-2025;12:20:00;1019.7333333333332;13.066666666666668;2.6;0.0;2025-02-25 12:20:00;1
25-02-2025;12:30:00;1019.5666666666666;13.066666666666665;2.466666666666667;0.2;2025-02-25 12:30:00;1
25-02-2025;12:40:00;1019.4;13.166666666666666;2.533333333333333;0.0;2025-02-25 12:40:00;1
25-02-2025;12:50:00;1019.2333333333332;13.233333333333334;2.6999999999999997;0.0;2025-02-25 12:50:00;1
25-02-2025;13:00:00;1019.1499999999999;13.3;2.8499999999999996;0.0;2025-02-25 13:00:00;1
25-02-2025;22:20:00;1016.45;12.15;3.05;0.2;2025-02-25 22:20:00;1
25-02-2025;22:30:00;1016.4333333333334;12.066666666666668;3.033333333333333;0.0;2025-02-25 22:30:00;1
25-02-2025;22:40:00;1016.3333333333334;11.9;2.8333333333333335;0.0;2025-02-25 22:40:00;1
25-02-2025;22:50:00;1016.3;11.850000000000001;2.75;0.0;2025-02-25 22:50:00;1
25-02-2025;23:20:00;1016.1;11.8;2.2;0.4;2025-02-25 23:20:00;1
25-02-2025;23:30:00;1016.0666666666666;11.700000000000001;2.266666666666667;6.6;2025-02-25 23:30:00;1
25-02-2025;23:40:00;1016.0333333333334;11.533333333333333;2.6333333333333333;4.0;2025-02-25 23:40:00;1
25-02-2025;23:50:00;1016.0;11.533333333333331;2.033333333333333;1.6;2025-02-25 23:50:00;1
26-02-2025;00:00:00;1015.9666666666667;11.566666666666665;1.7666666666666666;2.2;2025-02-26 00:00:00;1
26-02-2025;00:10:00;1015.9;11.633333333333333;1.5666666666666667;0.2;2025-02-26 00:10:00;1
26-02-2025;00:20:00;1015.7666666666668;11.633333333333333;1.6333333333333335;0.0;2025-02-26 00:20:00;1
26-02-2025;00:30:00;1015.7333333333332;11.633333333333333;1.5666666666666667;0.0;2025-02-26 00:30:00;1
26-02-2025;00:40:00;1015.7;11.6;1.5;0.0;2025-02-26 00:40:00;1
26-02-2025;06:00:00;1012.7;11.8;2.35;0.2;2025-02-26 06:00:00;1
26-02-2025;06:10:00;1012.7;11.8;2.5;0.2;2025-02-26 06:10:00;1
26-02-2025;06:20:00;1012.6666666666666;11.833333333333334;2.6999999999999997;0.0;2025-02-26 06:20:00;1
26-02-2025;06:30:00;1012.6666666666666;11.9;2.9333333333333336;0.2;2025-02-26 06:30:00;1
26-02-2025;06:40:00;1012.6333333333333;11.966666666666667;2.9333333333333336;0.0;2025-02-26 06:40:00;1
26-02-2025;06:50:00;1012.6666666666666;11.966666666666669;2.966666666666667;0.0;2025-02-26 06:50:00;1
26-02-2025;07:00:00;1012.6499999999999;11.950000000000003;2.85;0.0;2025-02-26 07:00:00;1
26-02-2025;08:10:00;1013.0;12.55;2.8;0.2;2025-02-26 08:10:00;1
26-02-2025;08:20:00;1012.9666666666667;12.366666666666667;2.9333333333333336;0.2;2025-02-26 08:20:00;1
26-02-2025;08:30:00;1012.9666666666666;12.266666666666666;2.8000000000000003;0.0;2025-02-26 08:30:00;1
26-02-2025;08:40:00;1012.9;12.133333333333333;2.3666666666666667;0.4;2025-02-26 08:40:00;1
26-02-2025;08:50:00;1012.8666666666667;12.2;2.0;0.4;2025-02-26 08:50:00;1
26-02-2025;09:00:00;1012.8000000000001;12.2;1.9000000000000001;0.6;2025-02-26 09:00:00;1
26-02-2025;09:10:00;1012.7999999999998;12.233333333333333;2.066666666666667;1.0;2025-02-26 09:10:00;1
26-02-2025;09:20:00;1012.7333333333335;12.266666666666667;2.433333333333333;1.2;2025-02-26 09:20:00;1
26-02-2025;09:30:00;1012.6999999999999;12.3;3.1666666666666665;5.4;2025-02-26 09:30:00;1
26-02-2025;09:40:00;1012.5666666666666;12.3;3.733333333333333;0.8;2025-02-26 09:40:00;1
26-02-2025;09:50:00;1012.6;12.3;3.533333333333333;0.2;2025-02-26 09:50:00;1
26-02-2025;10:00:00;1012.6;12.4;3.1999999999999997;0.4;2025-02-26 10:00:00;1
26-02-2025;10:10:00;1012.6333333333333;12.566666666666668;2.9;0.0;2025-02-26 10:10:00;1
26-02-2025;10:20:00;1012.5666666666666;12.9;2.9333333333333336;0.0;2025-02-26 10:20:00;1
26-02-2025;10:30:00;1012.55;13.05;2.9000000000000004;0.0;2025-02-26 10:30:00;1
26-02-2025;11:20:00;1012.4;12.85;2.75;0.8;2025-02-26 11:20:00;1
26-02-2025;11:30:00;1012.4333333333334;12.9;2.6;2.8;2025-02-26 11:30:00;1
26-02-2025;11:40:00;1012.3666666666667;12.9;1.8333333333333333;0.0;2025-02-26 11:40:00;1
26-02-2025;11:50:00;1012.3333333333334;13.1;1.6333333333333335;0.4;2025-02-26 11:50:00;1
26-02-2025;12:00:00;1012.1999999999999;13.333333333333334;1.2333333333333334;0.0;2025-02-26 12:00:00;1
26-02-2025;12:10:00;1012.0333333333333;13.766666666666666;1.2666666666666668;0.0;2025-02-26 12:10:00;1
26-02-2025;12:20:00;1011.9499999999999;13.999999999999998;1.05;0.0;2025-02-26 12:20:00;1
26-02-2025;12:50:00;1011.5;12.8;3.45;0.2;2025-02-26 12:50:00;1
26-02-2025;13:00:00;1011.4;12.799999999999999;3.0666666666666664;0.8;2025-02-26 13:00:00;1
26-02-2025;13:10:00;1011.3000000000001;12.800000000000002;2.5;0.2;2025-02-26 13:10:00;1
26-02-2025;13:20:00;1011.2;12.9;2.033333333333333;0.6;2025-02-26 13:20:00;1
26-02-2025;13:30:00;1011.1333333333333;13.033333333333333;1.7333333333333332;1.6;2025-02-26 13:30:00;1
26-02-2025;13:40:00;1011.0333333333333;13.233333333333334;1.4000000000000001;0.2;2025-02-26 13:40:00;1
26-02-2025;13:50:00;1010.8666666666667;13.433333333333332;0.9333333333333332;0.0;2025-02-26 13:50:00;1
26-02-2025;14:00:00;1010.6999999999999;13.666666666666666;0.7000000000000001;0.0;2025-02-26 14:00:00;1
26-02-2025;14:10:00;1010.5666666666666;13.799999999999999;1.0;0.0;2025-02-26 14:10:00;1
26-02-2025;14:20:00;1010.5;13.866666666666667;2.033333333333333;0.4;2025-02-26 14:20:00;1
26-02-2025;14:30:00;1010.4333333333334;13.799999999999999;2.9333333333333336;0.2;2025-02-26 14:30:00;1
26-02-2025;14:40:00;1010.3000000000001;13.766666666666667;2.966666666666667;0.6;2025-02-26 14:40:00;1
26-02-2025;14:50:00;1010.1666666666666;13.799999999999999;2.733333333333333;0.0;2025-02-26 14:50:00;1
26-02-2025;15:00:00;1010.0333333333333;13.800000000000002;3.1;0.0;2025-02-26 15:00:00;1
26-02-2025;15:10:00;1009.9666666666667;13.766666666666666;3.6666666666666665;0.6;2025-02-26 15:10:00;1
26-02-2025;15:20:00;1009.9333333333334;13.7;3.6;0.2;2025-02-26 15:20:00;1
26-02-2025;15:30:00;1010.1999999999999;13.366666666666665;3.6666666666666665;0.0;2025-02-26 15:30:00;1
26-02-2025;15:40:00;1010.4333333333334;12.733333333333334;4.033333333333334;1.4;2025-02-26 15:40:00;1
26-02-2025;15:50:00;1010.5666666666666;12.0;4.3;1.2;2025-02-26 15:50:00;1
26-02-2025;16:00:00;1010.5333333333334;11.633333333333333;3.366666666666667;0.8;2025-02-26 16:00:00;1
26-02-2025;16:10:00;1010.5666666666666;11.566666666666668;2.1333333333333333;0.4;2025-02-26 16:10:00;1
26-02-2025;16:20:00;1010.6333333333333;11.633333333333333;1.5333333333333334;0.4;2025-02-26 16:20:00;1
26-02-2025;16:30:00;1010.6666666666666;11.633333333333333;1.4333333333333336;0.6;2025-02-26 16:30:00;1
26-02-2025;16:40:00;1010.6666666666666;11.666666666666666;1.6333333333333337;0.8;2025-02-26 16:40:00;1
26-02-2025;16:50:00;1010.7;11.633333333333333;1.9333333333333336;0.8;2025-02-26 16:50:00;1
26-02-2025;17:00:00;1010.7;11.6;2.3000000000000003;0.2;2025-02-26 17:00:00;1
26-02-2025;17:10:00;1010.7;11.533333333333333;2.6666666666666665;0.8;2025-02-26 17:10:00;1
26-02-2025;17:20:00;1010.7;11.5;2.733333333333334;1.4;2025-02-26 17:20:00;1
26-02-2025;17:30:00;1010.7;11.5;2.766666666666667;0.6;2025-02-26 17:30:00;1
26-02-2025;17:40:00;1010.7;11.466666666666667;2.6333333333333333;0.6;2025-02-26 17:40:00;1
26-02-2025;17:50:00;1010.7;11.433333333333332;2.4000000000000004;0.4;2025-02-26 17:50:00;1
26-02-2025;18:00:00;1010.7666666666668;11.366666666666667;2.266666666666667;0.0;2025-02-26 18:00:00;1
26-02-2025;18:10:00;1010.8333333333334;11.366666666666667;2.3000000000000003;0.2;2025-02-26 18:10:00;1
26-02-2025;18:20:00;1010.9333333333333;11.333333333333334;2.233333333333334;0.0;2025-02-26 18:20:00;1
26-02-2025;18:30:00;1010.9666666666667;11.299999999999999;1.9666666666666668;0.0;2025-02-26 18:30:00;1
26-02-2025;18:40:00;1011.0333333333333;11.233333333333334;1.666666666666667;0.0;2025-02-26 18:40:00;1
26-02-2025;18:50:00;1011.0666666666666;11.2;1.6333333333333337;0.2;2025-02-26 18:50:00;1
26-02-2025;19:00:00;1011.1333333333333;11.166666666666666;1.7333333333333336;0.0;2025-02-26 19:00:00;1
26-02-2025;19:10:00;1011.2333333333332;11.133333333333333;1.8333333333333337;0.2;2025-02-26 19:10:00;1
26-02-2025;19:20:00;1011.3333333333334;11.066666666666668;1.6333333333333337;0.0;2025-02-26 19:20:00;1
26-02-2025;19:30:00;1011.4;11.0;1.0333333333333334;0.4;2025-02-26 19:30:00;1
26-02-2025;19:40:00;1011.3333333333334;10.9;0.4333333333333336;0.2;2025-02-26 19:40:00;1
26-02-2025;19:50:00;1011.2666666666668;10.799999999999999;0.03333333333333363;0.4;2025-02-26 19:50:00;1
26-02-2025;20:00:00;1011.2;10.733333333333334;0.23333333333333361;0.0;2025-02-26 20:00:00;1
26-02-2025;20:10:00;1011.2;10.7;0.33333333333333365;0.2;2025-02-26 20:10:00;1
26-02-2025;20:20:00;1011.2;10.7;0.6000000000000003;0.2;2025-02-26 20:20:00;1
26-02-2025;20:30:00;1011.2;10.7;0.6333333333333336;0.2;2025-02-26 20:30:00;1
26-02-2025;20:40:00;1011.2;10.7;0.7000000000000003;0.0;2025-02-26 20:40:00;1
26-02-2025;20:50:00;1011.2;10.7;0.7666666666666669;0.2;2025-02-26 20:50:00;1
26-02-2025;21:00:00;1011.2;10.666666666666666;0.9000000000000004;0.2;2025-02-26 21:00:00;1
26-02-2025;21:10:00;1011.2666666666668;10.633333333333333;1.2333333333333336;0.2;2025-02-26 21:10:00;1
26-02-2025;21:20:00;1011.3333333333334;10.633333333333333;1.3333333333333337;0.2;2025-02-26 21:20:00;1
26-02-2025;21:30:00;1011.4333333333334;10.6;1.566666666666667;0.2;2025-02-26 21:30:00;1
26-02-2025;21:40:00;1011.5;10.533333333333333;1.4333333333333336;0.4;2025-02-26 21:40:00;1
26-02-2025;21:50:00;1011.5666666666666;10.433333333333334;1.3666666666666671;0.2;2025-02-26 21:50:00;1
26-02-2025;22:00:00;1011.6;10.366666666666667;1.166666666666667;0.2;2025-02-26 22:00:00;1
26-02-2025;22:10:00;1011.6333333333333;10.333333333333334;1.3333333333333337;0.6;2025-02-26 22:10:00;1
26-02-2025;22:20:00;1011.6666666666666;10.3;1.566666666666667;0.4;2025-02-26 22:20:00;1
26-02-2025;22:30:00;1011.7333333333335;10.266666666666667;1.7333333333333336;0.6;2025-02-26 22:30:00;1
26-02-2025;22:40:00;1011.7333333333332;10.200000000000001;1.866666666666667;0.4;2025-02-26 22:40:00;1
26-02-2025;22:50:00;1011.7333333333335;10.1;1.9333333333333336;0.4;2025-02-26 22:50:00;1
26-02-2025;23:00:00;1011.7;10.0;1.8666666666666671;0.4;2025-02-26 23:00:00;1
26-02-2025;23:10:00;1011.7;9.866666666666665;1.8000000000000005;0.2;2025-02-26 23:10:00;1
26-02-2025;23:20:00;1011.7;9.700000000000001;1.566666666666667;0.2;2025-02-26 23:20:00;1
26-02-2025;23:30:00;1011.7;9.566666666666666;1.1333333333333335;0.0;2025-02-26 23:30:00;1
26-02-2025;23:40:00;1011.7333333333332;9.5;0.566666666666667;0.2;2025-02-26 23:40:00;1
26-02-2025;23:50:00;1011.7666666666668;9.533333333333333;0.266666666666667;0.2;2025-02-26 23:50:00;1
27-02-2025;00:00:00;1011.8;9.566666666666666;0.4333333333333336;0.0;2025-02-27 00:00:00;1
27-02-2025;00:10:00;1011.7333333333332;9.566666666666666;0.8333333333333336;0.0;2025-02-27 00:10:00;1
27-02-2025;00:20:00;1011.6999999999999;9.5;1.166666666666667;0.2;2025-02-27 00:20:00;1
27-02-2025;00:30:00;1011.7000000000002;9.433333333333334;1.2666666666666668;0.0;2025-02-27 00:30:00;1
27-02-2025;00:40:00;1011.8333333333334;9.366666666666667;1.3000000000000005;0.0;2025-02-27 00:40:00;1
27-02-2025;00:50:00;1011.9;9.350000000000001;1.2500000000000004;0.0;2025-02-27 00:50:00;1
27-02-2025;02:20:00;1011.6;9.25;1.95;0.2;2025-02-27 02:20:00;1
27-02-2025;02:30:00;1011.4333333333334;9.266666666666667;2.233333333333333;0.0;2025-02-27 02:30:00;1
27-02-2025;02:40:00;1011.1999999999999;9.233333333333333;2.4666666666666663;0.0;2025-02-27 02:40:00;1
27-02-2025;02:50:00;1011.05;9.25;2.7;0.0;2025-02-27 02:50:00;1
27-02-2025;05:50:00;1011.1500000000001;7.9;1.4;0.2;2025-02-27 05:50:00;1
27-02-2025;06:00:00;1011.1666666666666;7.833333333333333;1.3333333333333333;0.0;2025-02-27 06:00:00;1
27-02-2025;06:10:00;1011.1666666666666;7.7;1.1666666666666667;0.0;2025-02-27 06:10:00;1
27-02-2025;06:20:00;1011.2;7.65;1.05;0.0;2025-02-27 06:20:00;1
01-03-2025;17:50:00;1016.4;12.95;2.05;0.2;2025-03-01 17:50:00;1
01-03-2025;18:00:00;1016.4;12.833333333333334;1.9333333333333333;0.0;2025-03-01 18:00:00;1
01-03-2025;18:10:00;1016.2333333333332;12.666666666666666;2.1666666666666665;0.0;2025-03-01 18:10:00;1
01-03-2025;18:20:00;1016.1;12.600000000000001;2.4;0.2;2025-03-01 18:20:00;1
01-03-2025;18:30:00;1016.0333333333333;12.6;2.6;0.0;2025-03-01 18:30:00;1
01-03-2025;18:40:00;1016.1999999999999;12.566666666666668;2.6;0.0;2025-03-01 18:40:00;1
01-03-2025;18:50:00;1016.3;12.45;2.45;0.0;2025-03-01 18:50:00;1
10-03-2025;12:40:00;1007.8499999999999;17.5;2.3;0.2;2025-03-10 12:40:00;1
10-03-2025;12:50:00;1007.8000000000001;17.5;2.1666666666666665;0.0;2025-03-10 12:50:00;1
10-03-2025;13:00:00;1007.7333333333332;17.5;2.466666666666667;0.0;2025-03-10 13:00:00;1
10-03-2025;13:10:00;1007.7;17.55;2.5500000000000003;0.0;2025-03-10 13:10:00;1
10-03-2025;20:30:00;1005.5;15.9;1.95;0.2;2025-03-10 20:30:00;1
10-03-2025;20:40:00;1005.2666666666668;15.799999999999999;1.7666666666666666;0.0;2025-03-10 20:40:00;1
10-03-2025;20:50:00;1005.0999999999999;15.633333333333335;1.5333333333333332;0.0;2025-03-10 20:50:00;1
10-03-2025;21:00:00;1004.8499999999999;15.500000000000002;1.2999999999999998;0.0;2025-03-10 21:00:00;1
10-03-2025;21:50:00;1004.9;16.1;0.9500000000000001;0.2;2025-03-10 21:50:00;1
10-03-2025;22:00:00;1004.9;15.966666666666667;1.0666666666666667;0.0;2025-03-10 22:00:00;1
10-03-2025;22:10:00;1004.7999999999998;15.766666666666666;1.2;0.0;2025-03-10 22:10:00;1
10-03-2025;22:20:00;1004.7499999999999;15.649999999999999;1.4;0.0;2025-03-10 22:20:00;1
11-03-2025;03:00:00;1003.3;15.55;0.9;0.4;2025-03-11 03:00:00;1
11-03-2025;03:10:00;1003.1333333333332;15.433333333333332;1.2333333333333334;0.2;2025-03-11 03:10:00;1
11-03-2025;03:20:00;1002.9333333333334;15.200000000000001;1.5999999999999999;0.2;2025-03-11 03:20:00;1
11-03-2025;03:30:00;1002.7333333333332;15.133333333333333;1.7666666666666666;0.2;2025-03-11 03:30:00;1
11-03-2025;03:40:00;1002.7333333333332;15.033333333333333;1.5333333333333332;0.0;2025-03-11 03:40:00;1
11-03-2025;03:50:00;1002.9333333333334;15.0;1.4333333333333336;0.0;2025-03-11 03:50:00;1
11-03-2025;04:00:00;1003.2999999999998;14.966666666666667;1.9666666666666668;0.0;2025-03-11 04:00:00;1
11-03-2025;04:10:00;1003.6666666666666;15.0;2.6;1.0;2025-03-11 04:10:00;1
11-03-2025;04:20:00;1003.6666666666666;14.966666666666669;2.8333333333333335;0.8;2025-03-11 04:20:00;1
11-03-2025;04:30:00;1003.5666666666666;14.933333333333335;2.1666666666666665;0.8;2025-03-11 04:30:00;1
11-03-2025;04:40:00;1003.4333333333333;14.833333333333334;1.5333333333333332;0.0;2025-03-11 04:40:00;1
11-03-2025;04:50:00;1003.4333333333334;14.733333333333334;1.4333333333333333;0.0;2025-03-11 04:50:00;1
11-03-2025;05:00:00;1003.4000000000001;14.650000000000002;1.5999999999999999;0.0;2025-03-11 05:00:00;1
11-03-2025;05:50:00;1003.95;14.4;0.95;0.6;2025-03-11 05:50:00;1
11-03-2025;06:00:00;1004.0666666666666;14.366666666666667;0.7999999999999999;0.2;2025-03-11 06:00:00;1
11-03-2025;06:10:00;1004.2333333333332;14.366666666666667;0.6666666666666666;0.0;2025-03-11 06:10:00;1
11-03-2025;06:20:00;1004.4;14.4;0.5333333333333333;0.2;2025-03-11 06:20:00;1
11-03-2025;06:30:00;1004.4666666666667;14.466666666666667;0.5333333333333333;0.0;2025-03-11 06:30:00;1
11-03-2025;06:40:00;1004.5;14.5;0.7333333333333334;0.4;2025-03-11 06:40:00;1
11-03-2025;06:50:00;1004.5333333333333;14.466666666666669;1.2;0.0;2025-03-11 06:50:00;1
11-03-2025;07:00:00;1004.6333333333333;14.466666666666669;1.5666666666666667;0.0;2025-03-11 07:00:00;1
11-03-2025;07:10:00;1004.7;14.450000000000003;1.6500000000000001;0.0;2025-03-11 07:10:00;1
12-03-2025;11:50:00;1001.05;17.0;2.4;0.2;2025-03-12 11:50:00;1
12-03-2025;12:00:00;1000.9333333333334;17.066666666666666;2.3666666666666667;0.0;2025-03-12 12:00:00;1
12-03-2025;12:10:00;1000.6666666666666;17.099999999999998;2.8666666666666667;0.0;2025-03-12 12:10:00;1
12-03-2025;12:20:00;1000.55;17.15;3.05;0.0;2025-03-12 12:20:00;1
12-03-2025;18:20:00;998.55;14.45;4.65;0.2;2025-03-12 18:20:00;1
12-03-2025;18:30:00;998.5;14.033333333333331;4.266666666666667;2.0;2025-03-12 18:30:00;1
12-03-2025;18:40:00;998.5;13.299999999999999;3.766666666666667;0.2;2025-03-12 18:40:00;1
12-03-2025;18:50:00;998.6;13.066666666666668;2.966666666666667;0.4;2025-03-12 18:50:00;1
12-03-2025;19:00:00;998.4333333333334;13.0;2.266666666666667;0.4;2025-03-12 19:00:00;1
12-03-2025;19:10:00;998.1999999999999;12.966666666666667;1.9333333333333333;0.4;2025-03-12 19:10:00;1
12-03-2025;19:20:00;998.0333333333333;12.933333333333332;1.7333333333333334;0.2;2025-03-12 19:20:00;1
12-03-2025;19:30:00;998.1333333333333;12.9;2.1333333333333333;0.0;2025-03-12 19:30:00;1
12-03-2025;19:40:00;998.1333333333333;12.9;2.466666666666667;0.0;2025-03-12 19:40:00;1
12-03-2025;19:50:00;998.1000000000001;12.9;2.6500000000000004;0.0;2025-03-12 19:50:00;1
12-03-2025;22:40:00;998.4;12.5;1.9500000000000002;0.6;2025-03-12 22:40:00;1
12-03-2025;22:50:00;998.4;12.533333333333333;1.9333333333333336;0.2;2025-03-12 22:50:00;1
12-03-2025;23:00:00;998.3333333333334;12.6;2.1;0.0;2025-03-12 23:00:00;1
12-03-2025;23:10:00;998.2666666666668;12.633333333333333;2.1333333333333333;0.0;2025-03-12 23:10:00;1
12-03-2025;23:20:00;998.2;12.699999999999998;2.4;0.0;2025-03-12 23:20:00;1
12-03-2025;23:30:00;998.2;12.799999999999999;2.766666666666667;0.2;2025-03-12 23:30:00;1
12-03-2025;23:40:00;998.2;12.9;3.1666666666666665;0.0;2025-03-12 23:40:00;1
12-03-2025;23:50:00;998.1333333333333;13.0;3.533333333333333;0.0;2025-03-12 23:50:00;1
13-03-2025;00:00:00;998.0999999999999;13.05;3.6499999999999995;0.0;2025-03-13 00:00:00;1
13-03-2025;01:10:00;998.2;13.45;3.55;0.2;2025-03-13 01:10:00;1
13-03-2025;01:20:00;998.2333333333332;13.4;3.133333333333333;0.0;2025-03-13 01:20:00;1
13-03-2025;01:30:00;998.2333333333332;13.299999999999999;2.733333333333333;0.0;2025-03-13 01:30:00;1
13-03-2025;01:40:00;998.2499999999999;13.25;2.4499999999999997;0.0;2025-03-13 01:40:00;1
13-03-2025;10:20:00;1001.6;15.3;5.300000000000001;0.2;2025-03-13 10:20:00;1
13-03-2025;10:30:00;1001.6666666666666;15.333333333333334;5.0;0.0;2025-03-13 10:30:00;1
13-03-2025;10:40:00;1001.8000000000001;15.433333333333332;4.866666666666667;0.0;2025-03-13 10:40:00;1
13-03-2025;10:50:00;1001.9;15.45;4.85;0.0;2025-03-13 10:50:00;1
13-03-2025;12:30:00;1002.95;15.25;5.550000000000001;0.4;2025-03-13 12:30:00;1
13-03-2025;12:40:00;1002.9;15.233333333333334;4.866666666666667;0.4;2025-03-13 12:40:00;1
13-03-2025;12:50:00;1002.7666666666668;15.200000000000001;3.9;0.0;2025-03-13 12:50:00;1
13-03-2025;13:00:00;1002.6999999999999;15.5;3.966666666666667;0.0;2025-03-13 13:00:00;1
13-03-2025;13:10:00;1002.6500000000001;15.65;4.2;0.0;2025-03-13 13:10:00;1
13-03-2025;17:30:00;1003.2;15.0;2.05;0.2;2025-03-13 17:30:00;1
13-03-2025;17:40:00;1003.2333333333332;14.733333333333334;2.1666666666666665;0.4;2025-03-13 17:40:00;1
13-03-2025;17:50:00;1003.2666666666668;14.333333333333334;2.1333333333333333;3.2;2025-03-13 17:50:00;1
13-03-2025;18:00:00;1003.3;14.033333333333333;2.3333333333333335;0.2;2025-03-13 18:00:00;1
13-03-2025;18:10:00;1003.2666666666668;13.966666666666667;2.033333333333333;0.2;2025-03-13 18:10:00;1
13-03-2025;18:20:00;1003.3000000000001;14.033333333333333;1.4333333333333333;1.2;2025-03-13 18:20:00;1
13-03-2025;18:30:00;1003.2666666666668;14.066666666666668;1.0;0.6;2025-03-13 18:30:00;1
13-03-2025;18:40:00;1003.3666666666667;14.066666666666668;0.7666666666666666;0.0;2025-03-13 18:40:00;1
13-03-2025;18:50:00;1003.4;14.0;1.4000000000000001;0.2;2025-03-13 18:50:00;1
13-03-2025;19:00:00;1003.6;13.966666666666667;2.1;0.0;2025-03-13 19:00:00;1
13-03-2025;19:10:00;1003.6999999999999;13.933333333333332;3.1;0.0;2025-03-13 19:10:00;1
13-03-2025;19:20:00;1003.8;13.95;3.45;0.0;2025-03-13 19:20:00;1
14-03-2025;01:00:00;1004.4;13.6;1.25;0.2;2025-03-14 01:00:00;1
14-03-2025;01:10:00;1004.4333333333334;13.5;1.4333333333333333;0.2;2025-03-14 01:10:00;1
14-03-2025;01:20:00;1004.5;13.366666666666667;2.1999999999999997;0.2;2025-03-14 01:20:00;1
14-03-2025;01:30:00;1004.4333333333334;13.266666666666666;2.7000000000000006;0.2;2025-03-14 01:30:00;1
14-03-2025;01:40:00;1004.3333333333334;13.233333333333334;3.4333333333333336;0.2;2025-03-14 01:40:00;1
14-03-2025;01:50:00;1004.2333333333332;13.166666666666666;3.5666666666666664;0.2;2025-03-14 01:50:00;1
14-03-2025;02:00:00;1004.2;13.133333333333333;3.533333333333333;0.2;2025-03-14 02:00:00;1
14-03-2025;02:10:00;1004.3000000000001;13.066666666666668;3.0;0.2;2025-03-14 02:10:00;1
14-03-2025;02:20:00;1004.3333333333334;13.033333333333331;2.9;0.0;2025-03-14 02:20:00;1
14-03-2025;02:30:00;1004.4;12.966666666666667;3.3000000000000003;0.2;2025-03-14 02:30:00;1
14-03-2025;02:40:00;1004.2333333333332;12.933333333333332;3.9;0.4;2025-03-14 02:40:00;1
14-03-2025;02:50:00;1004.0666666666666;12.933333333333332;4.066666666666666;0.0;2025-03-14 02:50:00;1
14-03-2025;03:00:00;1003.8333333333334;13.0;3.533333333333333;0.2;2025-03-14 03:00:00;1
14-03-2025;03:10:00;1003.6333333333332;13.1;2.8666666666666667;0.0;2025-03-14 03:10:00;1
14-03-2025;03:20:00;1003.5;13.133333333333333;2.066666666666667;0.2;2025-03-14 03:20:00;1
14-03-2025;03:30:00;1003.3333333333334;13.066666666666665;1.5999999999999999;0.0;2025-03-14 03:30:00;1
14-03-2025;03:40:00;1003.1333333333333;13.0;1.4333333333333333;0.2;2025-03-14 03:40:00;1
14-03-2025;03:50:00;1002.9666666666666;12.9;1.7333333333333332;0.0;2025-03-14 03:50:00;1
14-03-2025;04:00:00;1002.7666666666668;12.833333333333334;1.8999999999999997;0.2;2025-03-14 04:00:00;1
14-03-2025;04:10:00;1002.5999999999999;12.700000000000001;1.7999999999999998;0.0;2025-03-14 04:10:00;1
14-03-2025;04:20:00;1002.5666666666666;12.633333333333333;1.6333333333333335;0.0;2025-03-14 04:20:00;1
14-03-2025;04:30:00;1002.55;12.6;1.6;0.0;2025-03-14 04:30:00;1
14-03-2025;04:50:00;1003.3499999999999;12.6;0.9;0.2;2025-03-14 04:50:00;1
14-03-2025;05:00:00;1003.3000000000001;12.666666666666666;1.0;0.2;2025-03-14 05:00:00;1
14-03-2025;05:10:00;1003.3333333333334;12.799999999999999;1.1333333333333333;0.2;2025-03-14 05:10:00;1
14-03-2025;05:20:00;1003.2333333333332;12.833333333333334;1.9666666666666668;0.0;2025-03-14 05:20:00;1
14-03-2025;05:30:00;1003.6;12.866666666666667;2.3333333333333335;0.2;2025-03-14 05:30:00;1
14-03-2025;05:40:00;1003.9666666666667;12.9;2.466666666666667;0.6;2025-03-14 05:40:00;1
14-03-2025;05:50:00;1004.6333333333333;12.933333333333332;1.9666666666666666;0.6;2025-03-14 05:50:00;1
14-03-2025;06:00:00;1005.0;12.933333333333332;1.8;0.6;2025-03-14 06:00:00;1
14-03-2025;06:10:00;1005.4;12.9;1.8;0.2;2025-03-14 06:10:00;1
14-03-2025;06:20:00;1005.5666666666666;12.866666666666667;2.1;0.2;2025-03-14 06:20:00;1
14-03-2025;06:30:00;1005.7333333333332;12.833333333333334;1.8333333333333333;0.2;2025-03-14 06:30:00;1
14-03-2025;06:40:00;1005.7333333333335;12.8;1.4333333333333333;0.0;2025-03-14 06:40:00;1
14-03-2025;06:50:00;1005.6666666666666;12.8;1.3;0.0;2025-03-14 06:50:00;1
14-03-2025;07:00:00;1005.1999999999999;12.8;1.7;0.2;2025-03-14 07:00:00;1
14-03-2025;07:10:00;1004.9333333333334;12.733333333333334;2.8333333333333335;0.2;2025-03-14 07:10:00;1
14-03-2025;07:20:00;1004.6;12.666666666666666;3.3666666666666667;0.0;2025-03-14 07:20:00;1
14-03-2025;07:30:00;1004.4333333333334;12.6;3.5666666666666664;0.6;2025-03-14 07:30:00;1
14-03-2025;07:40:00;1003.9333333333333;12.633333333333333;2.733333333333333;0.0;2025-03-14 07:40:00;1
14-03-2025;07:50:00;1003.5666666666666;12.766666666666666;2.4;0.0;2025-03-14 07:50:00;1
14-03-2025;08:00:00;1003.3499999999999;12.85;2.1999999999999997;0.0;2025-03-14 08:00:00;1
14-03-2025;08:20:00;1003.75;13.350000000000001;1.35;0.2;2025-03-14 08:20:00;1
14-03-2025;08:30:00;1003.4666666666667;13.466666666666667;1.5;0.0;2025-03-14 08:30:00;1
14-03-2025;08:40:00;1002.9666666666667;13.6;3.1333333333333333;0.0;2025-03-14 08:40:00;1
14-03-2025;08:50:00;1002.6;13.7;3.9000000000000004;0.0;2025-03-14 08:50:00;1
14-03-2025;12:10:00;1001.95;19.5;4.2;0.2;2025-03-14 12:10:00;1
14-03-2025;12:20:00;1001.9;19.533333333333335;3.9;0.0;2025-03-14 12:20:00;1
14-03-2025;12:30:00;1001.7333333333332;19.6;3.3333333333333335;0.0;2025-03-14 12:30:00;1
14-03-2025;12:40:00;1001.6999999999998;19.75;3.2;0.0;2025-03-14 12:40:00;1
16-03-2025;20:30:00;1015.05;11.4;3.75;0.2;2025-03-16 20:30:00;1
16-03-2025;20:40:00;1015.0666666666666;11.333333333333334;3.533333333333333;0.0;2025-03-16 20:40:00;1
16-03-2025;20:50:00;1015.1333333333333;11.200000000000001;3.033333333333333;0.0;2025-03-16 20:50:00;1
16-03-2025;21:00:00;1015.2333333333332;10.9;2.8000000000000003;0.2;2025-03-16 21:00:00;1
16-03-2025;21:10:00;1015.2333333333332;10.5;2.533333333333333;0.2;2025-03-16 21:10:00;1
16-03-2025;21:20:00;1015.1;10.066666666666666;2.1333333333333333;0.8;2025-03-16 21:20:00;1
16-03-2025;21:30:00;1015.0;9.9;1.8;0.0;2025-03-16 21:30:00;1
16-03-2025;21:40:00;1014.9666666666667;9.799999999999999;1.4333333333333333;0.0;2025-03-16 21:40:00;1
16-03-2025;21:50:00;1015.0;9.799999999999999;1.5;0.0;2025-03-16 21:50:00;1
16-03-2025;23:40:00;1014.9000000000001;9.35;1.3;0.2;2025-03-16 23:40:00;1
16-03-2025;23:50:00;1014.9;9.633333333333333;1.9333333333333336;0.4;2025-03-16 23:50:00;1
17-03-2025;00:00:00;1014.9;9.966666666666667;2.1666666666666665;0.0;2025-03-17 00:00:00;1
17-03-2025;00:10:00;1014.8000000000001;10.066666666666666;2.4333333333333336;0.0;2025-03-17 00:10:00;1
17-03-2025;00:20:00;1014.75;10.0;2.05;0.0;2025-03-17 00:20:00;1
17-03-2025;01:00:00;1015.3;9.75;2.5;0.4;2025-03-17 01:00:00;1
17-03-2025;01:10:00;1015.3;9.799999999999999;2.3000000000000003;0.0;2025-03-17 01:10:00;1
17-03-2025;01:20:00;1015.2333333333332;9.9;2.0;0.0;2025-03-17 01:20:00;1
17-03-2025;01:30:00;1015.1999999999999;9.850000000000001;1.4500000000000002;0.0;2025-03-17 01:30:00;1
17-03-2025;02:20:00;1014.95;9.05;1.7999999999999998;0.4;2025-03-17 02:20:00;1
17-03-2025;02:30:00;1014.8000000000001;8.966666666666667;1.6333333333333335;0.0;2025-03-17 02:30:00;1
17-03-2025;02:40:00;1014.5666666666666;8.766666666666666;1.7;0.0;2025-03-17 02:40:00;1
17-03-2025;02:50:00;1014.4499999999998;8.649999999999999;1.6999999999999997;0.0;2025-03-17 02:50:00;1
17-03-2025;06:10:00;1014.25;6.3;0.8500000000000001;0.2;2025-03-17 06:10:00;1
17-03-2025;06:20:00;1014.2666666666668;6.3999999999999995;0.9666666666666667;0.0;2025-03-17 06:20:00;1
17-03-2025;06:30:00;1014.3333333333334;6.533333333333332;1.0;0.0;2025-03-17 06:30:00;1
17-03-2025;06:40:00;1014.35;6.6499999999999995;1.0999999999999999;0.0;2025-03-17 06:40:00;1
26-03-2025;15:00:00;1005.2;15.100000000000001;2.55;0.2;2025-03-26 15:00:00;1
26-03-2025;15:10:00;1005.2666666666668;14.866666666666667;2.8000000000000003;0.4;2025-03-26 15:10:00;1
26-03-2025;15:20:00;1005.3333333333334;14.5;2.533333333333333;0.4;2025-03-26 15:20:00;1
26-03-2025;15:30:00;1005.3333333333334;14.233333333333334;2.2666666666666666;0.4;2025-03-26 15:30:00;1
26-03-2025;15:40:00;1005.3333333333334;14.133333333333333;1.5666666666666664;0.2;2025-03-26 15:40:00;1
26-03-2025;15:50:00;1005.4;14.066666666666668;1.4000000000000001;0.2;2025-03-26 15:50:00;1
26-03-2025;16:00:00;1005.4333333333334;14.0;1.3999999999999997;0.4;2025-03-26 16:00:00;1
26-03-2025;16:10:00;1005.4;13.966666666666667;1.3333333333333333;0.4;2025-03-26 16:10:00;1
26-03-2025;16:20:00;1005.3333333333334;13.866666666666667;1.2666666666666668;0.4;2025-03-26 16:20:00;1
26-03-2025;16:30:00;1005.1999999999999;13.866666666666667;1.6666666666666667;0.0;2025-03-26 16:30:00;1
26-03-2025;16:40:00;1005.1;13.866666666666667;2.2666666666666666;0.0;2025-03-26 16:40:00;1
26-03-2025;16:50:00;1005.0;13.95;2.5999999999999996;0.0;2025-03-26 16:50:00;1
26-03-2025;21:50:00;1004.6;12.55;0.6;0.2;2025-03-26 21:50:00;1
26-03-2025;22:00:00;1004.6;12.5;0.6333333333333333;0.2;2025-03-26 22:00:00;1
26-03-2025;22:10:00;1004.5666666666667;12.4;0.6333333333333333;0.2;2025-03-26 22:10:00;1
26-03-2025;22:20:00;1004.5333333333333;12.299999999999999;0.9666666666666667;0.2;2025-03-26 22:20:00;1
26-03-2025;22:30:00;1004.4333333333334;12.200000000000001;1.1;0.0;2025-03-26 22:30:00;1
26-03-2025;22:40:00;1004.3333333333334;12.133333333333333;1.0999999999999999;0.2;2025-03-26 22:40:00;1
26-03-2025;22:50:00;1004.1666666666666;12.1;0.8000000000000002;0.0;2025-03-26 22:50:00;1
26-03-2025;23:00:00;1004.0666666666666;12.033333333333331;0.5;0.0;2025-03-26 23:00:00;1
26-03-2025;23:10:00;1004.0;11.999999999999998;0.3;0.0;2025-03-26 23:10:00;1
27-03-2025;02:20:00;1002.75;11.8;0.15;0.2;2025-03-27 02:20:00;1
27-03-2025;02:30:00;1002.7333333333332;11.8;0.13333333333333333;0.4;2025-03-27 02:30:00;1
27-03-2025;02:40:00;1002.7333333333332;11.766666666666666;0.2333333333333333;0.4;2025-03-27 02:40:00;1
27-03-2025;02:50:00;1002.6666666666666;11.700000000000001;0.43333333333333335;0.4;2025-03-27 02:50:00;1
27-03-2025;03:00:00;1002.6333333333333;11.6;0.6666666666666666;0.8;2025-03-27 03:00:00;1
27-03-2025;03:10:00;1002.6;11.533333333333333;0.7000000000000001;1.0;2025-03-27 03:10:00;1
27-03-2025;03:20:00;1002.6;11.466666666666667;0.7000000000000001;1.0;2025-03-27 03:20:00;1
27-03-2025;03:30:00;1002.5333333333333;11.433333333333332;0.4333333333333334;0.8;2025-03-27 03:30:00;1
27-03-2025;03:40:00;1002.4333333333334;11.366666666666667;0.23333333333333336;0.4;2025-03-27 03:40:00;1
27-03-2025;03:50:00;1002.2666666666668;11.333333333333334;0.30000000000000004;0.2;2025-03-27 03:50:00;1
27-03-2025;04:00:00;1002.0666666666666;11.266666666666667;0.7000000000000001;0.2;2025-03-27 04:00:00;1
27-03-2025;04:10:00;1001.9;11.233333333333333;1.0;0.0;2025-03-27 04:10:00;1
27-03-2025;04:20:00;1001.8;11.2;1.0333333333333334;0.0;2025-03-27 04:20:00;1
27-03-2025;04:30:00;1001.8;11.2;0.95;0.0;2025-03-27 04:30:00;1
27-03-2025;07:10:00;1001.2;11.2;0.8;0.2;2025-03-27 07:10:00;1
27-03-2025;07:20:00;1001.1666666666666;11.266666666666666;0.7000000000000001;0.0;2025-03-27 07:20:00;1
27-03-2025;07:30:00;1001.1333333333333;11.433333333333332;0.7333333333333334;0.0;2025-03-27 07:30:00;1
27-03-2025;07:40:00;1001.1;11.5;0.75;0.0;2025-03-27 07:40:00;1
27-03-2025;11:30:00;1000.7;12.9;2.55;0.6;2025-03-27 11:30:00;1
27-03-2025;11:40:00;1000.7;12.6;2.466666666666667;1.6;2025-03-27 11:40:00;1
27-03-2025;11:50:00;1000.6666666666666;12.299999999999999;2.3;4.6;2025-03-27 11:50:00;1
27-03-2025;12:00:00;1000.7333333333332;11.966666666666667;2.1666666666666665;3.6;2025-03-27 12:00:00;1
27-03-2025;12:10:00;1000.6666666666666;11.799999999999999;1.833333333333333;0.6;2025-03-27 12:10:00;1
27-03-2025;12:20:00;1000.5333333333334;11.666666666666666;1.5666666666666667;1.2;2025-03-27 12:20:00;1
27-03-2025;12:30:00;1000.3666666666667;11.733333333333334;1.1666666666666667;0.2;2025-03-27 12:30:00;1
27-03-2025;12:40:00;1000.3333333333334;11.799999999999999;1.5333333333333334;0.0;2025-03-27 12:40:00;1
27-03-2025;12:50:00;1000.3333333333334;11.733333333333333;1.8333333333333333;0.0;2025-03-27 12:50:00;1
27-03-2025;13:00:00;1000.1999999999999;11.6;2.3000000000000003;0.0;2025-03-27 13:00:00;1
27-03-2025;13:10:00;1000.0333333333333;11.633333333333335;2.2666666666666666;0.2;2025-03-27 13:10:00;1
27-03-2025;13:20:00;999.9;11.766666666666667;2.5666666666666664;0.0;2025-03-27 13:20:00;1
27-03-2025;13:30:00;999.7666666666668;11.966666666666667;2.766666666666667;0.0;2025-03-27 13:30:00;1
27-03-2025;13:40:00;999.6333333333332;12.133333333333333;3.033333333333333;0.0;2025-03-27 13:40:00;1
27-03-2025;13:50:00;999.5333333333334;12.333333333333334;3.0666666666666664;0.2;2025-03-27 13:50:00;1
27-03-2025;14:00:00;999.4666666666667;12.433333333333332;2.9333333333333336;0.0;2025-03-27 14:00:00;1
27-03-2025;14:10:00;999.4333333333334;12.566666666666668;2.7000000000000006;0.0;2025-03-27 14:10:00;1
27-03-2025;14:20:00;999.4;12.600000000000001;2.5500000000000007;0.0;2025-03-27 14:20:00;1
28-03-2025;20:30:00;999.1;12.0;1.2;0.2;2025-03-28 20:30:00;1
28-03-2025;20:40:00;999.1;11.933333333333332;1.2;0.0;2025-03-28 20:40:00;1
28-03-2025;20:50:00;999.0666666666667;11.866666666666667;1.0999999999999999;0.0;2025-03-28 20:50:00;1
28-03-2025;21:00:00;999.0500000000001;11.8;1.2;0.0;2025-03-28 21:00:00;1
29-03-2025;02:40:00;997.3499999999999;10.5;0.3;0.2;2025-03-29 02:40:00;1
29-03-2025;02:50:00;997.3000000000001;10.433333333333334;0.3;0.0;2025-03-29 02:50:00;1
29-03-2025;03:00:00;997.1999999999999;10.3;0.4333333333333333;0.0;2025-03-29 03:00:00;1
29-03-2025;03:10:00;997.1500000000001;10.25;0.6499999999999999;0.0;2025-03-29 03:10:00;1
29-03-2025;05:30:00;996.6;10.149999999999999;0.8;0.2;2025-03-29 05:30:00;1
29-03-2025;05:40:00;996.6;10.166666666666666;0.8666666666666667;0.2;2025-03-29 05:40:00;1
29-03-2025;05:50:00;996.6333333333333;10.133333333333333;1.0333333333333334;0.0;2025-03-29 05:50:00;1
29-03-2025;06:00:00;996.6666666666666;10.1;1.3333333333333333;0.0;2025-03-29 06:00:00;1
29-03-2025;06:10:00;996.7;10.066666666666668;1.5999999999999999;0.2;2025-03-29 06:10:00;1
29-03-2025;06:20:00;996.7;10.066666666666666;1.6666666666666667;0.4;2025-03-29 06:20:00;1
29-03-2025;06:30:00;996.7333333333335;10.133333333333333;1.5999999999999999;0.0;2025-03-29 06:30:00;1
29-03-2025;06:40:00;996.7666666666665;10.166666666666666;1.5666666666666667;0.0;2025-03-29 06:40:00;1
29-03-2025;06:50:00;996.8;10.2;1.6666666666666667;0.2;2025-03-29 06:50:00;1
29-03-2025;07:00:00;996.8;10.233333333333333;1.8333333333333333;0.2;2025-03-29 07:00:00;1
29-03-2025;07:10:00;996.7666666666668;10.299999999999999;1.9333333333333333;0.0;2025-03-29 07:10:00;1
29-03-2025;07:20:00;996.7333333333332;10.366666666666667;2.0;0.0;2025-03-29 07:20:00;1
29-03-2025;07:30:00;996.7;10.4;2.033333333333333;0.2;2025-03-29 07:30:00;1
29-03-2025;07:40:00;996.7;10.4;2.1333333333333333;0.2;2025-03-29 07:40:00;1
29-03-2025;07:50:00;996.7;10.4;2.2666666666666666;0.2;2025-03-29 07:50:00;1
29-03-2025;08:00:00;996.7;10.366666666666667;2.333333333333333;0.4;2025-03-29 08:00:00;1
29-03-2025;08:10:00;996.7;10.333333333333334;2.4666666666666663;0.2;2025-03-29 08:10:00;1
29-03-2025;08:20:00;996.7333333333332;10.4;2.3333333333333335;0.4;2025-03-29 08:20:00;1
29-03-2025;08:30:00;996.7666666666668;10.566666666666666;2.2333333333333334;0.2;2025-03-29 08:30:00;1
29-03-2025;08:40:00;996.8;10.766666666666666;2.0;0.0;2025-03-29 08:40:00;1
29-03-2025;08:50:00;996.8333333333334;10.833333333333334;2.1333333333333333;0.4;2025-03-29 08:50:00;1
29-03-2025;09:00:00;996.8666666666667;10.833333333333334;2.1333333333333333;0.2;2025-03-29 09:00:00;1
29-03-2025;09:10:00;996.9666666666667;10.833333333333334;2.1333333333333333;0.2;2025-03-29 09:10:00;1
29-03-2025;09:20:00;997.0666666666666;10.866666666666667;2.0666666666666664;0.2;2025-03-29 09:20:00;1
29-03-2025;09:30:00;997.1666666666666;10.933333333333335;2.1333333333333333;0.0;2025-03-29 09:30:00;1
29-03-2025;09:40:00;997.2;10.966666666666667;2.5;0.2;2025-03-29 09:40:00;1
29-03-2025;09:50:00;997.2333333333332;11.066666666666668;2.733333333333334;0.0;2025-03-29 09:50:00;1
29-03-2025;10:00:00;997.2666666666668;11.166666666666666;2.9;0.2;2025-03-29 10:00:00;1
29-03-2025;10:10:00;997.2666666666668;11.300000000000002;2.8333333333333335;0.0;2025-03-29 10:10:00;1
29-03-2025;10:20:00;997.2333333333332;11.433333333333332;2.7999999999999994;0.0;2025-03-29 10:20:00;1
29-03-2025;10:30:00;997.2;11.533333333333333;2.8000000000000003;0.2;2025-03-29 10:30:00;1
29-03-2025;10:40:00;997.2;11.566666666666668;2.8333333333333335;0.0;2025-03-29 10:40:00;1
29-03-2025;10:50:00;997.2;11.566666666666665;3.0666666666666664;0.0;2025-03-29 10:50:00;1
29-03-2025;11:00:00;997.2;11.549999999999999;3.2499999999999996;0.0;2025-03-29 11:00:00;1
29-03-2025;12:20:00;997.3;12.350000000000001;3.45;0.2;2025-03-29 12:20:00;1
29-03-2025;12:30:00;997.3;12.266666666666666;3.3000000000000003;0.0;2025-03-29 12:30:00;1
29-03-2025;12:40:00;997.3;12.166666666666666;2.766666666666667;0.0;2025-03-29 12:40:00;1
29-03-2025;12:50:00;997.3;12.1;2.2;0.0;2025-03-29 12:50:00;1
29-03-2025;13:20:00;997.2;11.850000000000001;1.45;0.4;2025-03-29 13:20:00;1
29-03-2025;13:30:00;997.2333333333332;11.799999999999999;1.5999999999999999;0.2;2025-03-29 13:30:00;1
29-03-2025;13:40:00;997.2333333333332;11.733333333333334;1.7;0.0;2025-03-29 13:40:00;1
29-03-2025;13:50:00;997.2666666666668;11.666666666666666;1.5999999999999999;0.0;2025-03-29 13:50:00;1
29-03-2025;14:00:00;997.2666666666668;11.6;1.2666666666666666;0.4;2025-03-29 14:00:00;1
29-03-2025;14:10:00;997.3;11.566666666666665;1.2333333333333332;0.8;2025-03-29 14:10:00;1
29-03-2025;14:20:00;997.2666666666668;11.566666666666668;1.4000000000000001;0.8;2025-03-29 14:20:00;1
29-03-2025;14:30:00;997.2333333333332;11.566666666666668;1.6333333333333335;0.4;2025-03-29 14:30:00;1
29-03-2025;14:40:00;997.2;11.633333333333333;1.6666666666666667;0.6;2025-03-29 14:40:00;1
29-03-2025;14:50:00;997.2;11.700000000000001;1.6333333333333335;0.2;2025-03-29 14:50:00;1
29-03-2025;15:00:00;997.2;11.8;1.6000000000000003;0.2;2025-03-29 15:00:00;1
29-03-2025;15:10:00;997.2;11.833333333333334;1.5333333333333332;0.0;2025-03-29 15:10:00;1
29-03-2025;15:20:00;997.2;11.9;1.5333333333333332;0.2;2025-03-29 15:20:00;1
29-03-2025;15:30:00;997.2;12.0;1.5666666666666667;0.0;2025-03-29 15:30:00;1
29-03-2025;15:40:00;997.2;12.1;1.5333333333333332;0.0;2025-03-29 15:40:00;1
29-03-2025;15:50:00;997.2;12.149999999999999;1.4999999999999998;0.0;2025-03-29 15:50:00;1
29-03-2025;17:00:00;997.3;12.3;1.25;0.2;2025-03-29 17:00:00;1
29-03-2025;17:10:00;997.3333333333334;12.3;1.3333333333333333;0.0;2025-03-29 17:10:00;1
29-03-2025;17:20:00;997.3666666666667;12.3;1.4666666666666668;0.0;2025-03-29 17:20:00;1
29-03-2025;17:30:00;997.4;12.3;1.6;0.0;2025-03-29 17:30:00;1
29-03-2025;18:00:00;997.6;12.1;1.25;0.2;2025-03-29 18:00:00;1
29-03-2025;18:10:00;997.6333333333333;12.1;1.2333333333333334;0.0;2025-03-29 18:10:00;1
29-03-2025;18:20:00;997.7333333333335;12.1;1.2333333333333332;0.0;2025-03-29 18:20:00;1
29-03-2025;18:30:00;997.8666666666667;12.1;1.2;0.0;2025-03-29 18:30:00;1
29-03-2025;18:40:00;998.0333333333333;12.1;1.4666666666666666;0.2;2025-03-29 18:40:00;1
29-03-2025;18:50:00;998.1666666666666;12.066666666666668;1.633333333333333;0.0;2025-03-29 18:50:00;1
29-03-2025;19:00:00;998.2999999999998;11.966666666666667;1.633333333333333;0.4;2025-03-29 19:00:00;1
29-03-2025;19:10:00;998.4666666666667;11.799999999999999;1.3333333333333333;0.4;2025-03-29 19:10:00;1
29-03-2025;19:20:00;998.6333333333332;11.666666666666666;1.2333333333333332;0.4;2025-03-29 19:20:00;1
29-03-2025;19:30:00;998.8000000000001;11.633333333333333;1.3333333333333333;0.2;2025-03-29 19:30:00;1
29-03-2025;19:40:00;998.9;11.666666666666666;1.5666666666666664;0.2;2025-03-29 19:40:00;1
29-03-2025;19:50:00;998.9666666666667;11.7;1.8333333333333333;0.4;2025-03-29 19:50:00;1
29-03-2025;20:00:00;999.0333333333333;11.7;2.1;0.4;2025-03-29 20:00:00;1
29-03-2025;20:10:00;999.1333333333332;11.733333333333334;2.2333333333333334;0.2;2025-03-29 20:10:00;1
29-03-2025;20:20:00;999.2333333333332;11.766666666666666;2.3000000000000003;0.2;2025-03-29 20:20:00;1
29-03-2025;20:30:00;999.3;11.733333333333334;2.1666666666666665;0.2;2025-03-29 20:30:00;1
29-03-2025;20:40:00;999.3333333333334;11.700000000000001;2.0999999999999996;0.0;2025-03-29 20:40:00;1
29-03-2025;20:50:00;999.3666666666667;11.633333333333333;1.7999999999999998;0.2;2025-03-29 20:50:00;1
29-03-2025;21:00:00;999.4;11.6;1.5999999999999999;0.2;2025-03-29 21:00:00;1
29-03-2025;21:10:00;999.4;11.5;1.4333333333333333;0.2;2025-03-29 21:10:00;1
29-03-2025;21:20:00;999.4333333333334;11.5;1.633333333333333;0.0;2025-03-29 21:20:00;1
29-03-2025;21:30:00;999.5;11.466666666666667;1.7;0.0;2025-03-29 21:30:00;1
29-03-2025;21:40:00;999.6333333333333;11.5;1.7999999999999998;0.0;2025-03-29 21:40:00;1
29-03-2025;21:50:00;999.7333333333332;11.5;1.8999999999999997;0.2;2025-03-29 21:50:00;1
29-03-2025;22:00:00;999.8;11.566666666666668;2.233333333333333;0.0;2025-03-29 22:00:00;1
29-03-2025;22:10:00;999.8;11.566666666666668;2.233333333333333;0.0;2025-03-29 22:10:00;1
29-03-2025;22:20:00;999.8;11.55;2.1499999999999995;0.0;2025-03-29 22:20:00;1
29-03-2025;22:50:00;999.9;11.55;1.6;0.2;2025-03-29 22:50:00;1
29-03-2025;23:00:00;999.9333333333334;11.5;1.7;0.0;2025-03-29 23:00:00;1
29-03-2025;23:10:00;999.9666666666666;11.433333333333332;1.6666666666666667;0.0;2025-03-29 23:10:00;1
29-03-2025;23:20:00;1000.0;11.366666666666667;1.5999999999999999;0.0;2025-03-29 23:20:00;1
29-03-2025;23:30:00;1000.0;11.299999999999999;1.5666666666666667;0.2;2025-03-29 23:30:00;1
29-03-2025;23:40:00;1000.0333333333333;11.233333333333334;1.7333333333333334;0.0;2025-03-29 23:40:00;1
29-03-2025;23:50:00;1000.0666666666666;11.2;1.9666666666666668;0.0;2025-03-29 23:50:00;1
30-03-2025;00:00:00;1000.1;11.2;1.9000000000000001;0.2;2025-03-30 00:00:00;1
30-03-2025;00:10:00;1000.1;11.2;1.8;0.0;2025-03-30 00:10:00;1
30-03-2025;00:20:00;1000.1;11.233333333333334;1.5666666666666667;0.0;2025-03-30 00:20:00;1
30-03-2025;00:30:00;1000.1;11.266666666666666;1.3333333333333333;0.0;2025-03-30 00:30:00;1
30-03-2025;00:40:00;1000.1333333333333;11.266666666666667;1.0666666666666667;0.2;2025-03-30 00:40:00;1
30-03-2025;00:50:00;1000.1666666666666;11.233333333333333;0.9;0.0;2025-03-30 00:50:00;1
30-03-2025;01:00:00;1000.2;11.2;1.0;0.0;2025-03-30 01:00:00;1
30-03-2025;01:10:00;1000.2;11.2;1.0499999999999998;0.0;2025-03-30 01:10:00;1
30-03-2025;02:00:00;1000.1500000000001;11.9;2.25;0.2;2025-03-30 02:00:00;1
30-03-2025;02:10:00;1000.1666666666666;11.866666666666667;2.2333333333333334;0.0;2025-03-30 02:10:00;1
30-03-2025;02:20:00;1000.1666666666666;11.866666666666667;2.3666666666666667;0.0;2025-03-30 02:20:00;1
30-03-2025;02:30:00;1000.2;11.85;2.4;0.0;2025-03-30 02:30:00;1
31-03-2025;06:10:00;1003.65;11.2;1.7;0.2;2025-03-31 06:10:00;1
31-03-2025;06:20:00;1003.6999999999999;11.200000000000001;1.5999999999999999;0.0;2025-03-31 06:20:00;1
31-03-2025;06:30:00;1003.8;11.166666666666666;1.5;0.0;2025-03-31 06:30:00;1
31-03-2025;06:40:00;1003.8;11.266666666666666;1.5;0.4;2025-03-31 06:40:00;1
31-03-2025;06:50:00;1003.8;11.366666666666667;1.6666666666666667;0.2;2025-03-31 06:50:00;1
31-03-2025;07:00:00;1003.8;11.366666666666665;2.1333333333333333;0.0;2025-03-31 07:00:00;1
31-03-2025;07:10:00;1003.7666666666668;11.266666666666666;2.233333333333333;0.4;2025-03-31 07:10:00;1
31-03-2025;07:20:00;1003.7333333333332;11.133333333333333;2.3333333333333335;0.4;2025-03-31 07:20:00;1
31-03-2025;07:30:00;1003.7;11.166666666666666;2.266666666666667;0.2;2025-03-31 07:30:00;1
31-03-2025;07:40:00;1003.7;11.266666666666666;2.5000000000000004;0.0;2025-03-31 07:40:00;1
31-03-2025;07:50:00;1003.6333333333333;11.466666666666667;2.866666666666667;0.2;2025-03-31 07:50:00;1
31-03-2025;08:00:00;1003.5666666666666;11.666666666666666;3.1666666666666665;0.0;2025-03-31 08:00:00;1
31-03-2025;08:10:00;1003.4666666666667;11.866666666666667;3.1999999999999997;0.0;2025-03-31 08:10:00;1
31-03-2025;08:20:00;1003.45;11.95;3.1500000000000004;0.0;2025-03-31 08:20:00;1
06-04-2025;15:20:00;1004.45;13.649999999999999;6.05;0.2;2025-04-06 15:20:00;1
06-04-2025;15:30:00;1004.4333333333334;13.466666666666667;5.8;5.4;2025-04-06 15:30:00;1
06-04-2025;15:40:00;1004.5666666666666;12.866666666666667;5.633333333333333;1.2;2025-04-06 15:40:00;1
06-04-2025;15:50:00;1004.7666666666665;12.933333333333332;5.066666666666666;2.0;2025-04-06 15:50:00;1
06-04-2025;16:00:00;1004.9666666666667;12.799999999999999;4.966666666666666;0.8;2025-04-06 16:00:00;1
06-04-2025;16:10:00;1005.1333333333332;12.600000000000001;4.733333333333333;0.4;2025-04-06 16:10:00;1
06-04-2025;16:20:00;1005.2999999999998;12.1;4.966666666666667;0.4;2025-04-06 16:20:00;1
06-04-2025;16:30:00;1005.4666666666666;11.5;5.6000000000000005;0.4;2025-04-06 16:30:00;1
06-04-2025;16:40:00;1005.5666666666666;11.033333333333333;6.166666666666667;0.0;2025-04-06 16:40:00;1
06-04-2025;16:50:00;1005.7333333333332;10.933333333333335;5.866666666666667;0.2;2025-04-06 16:50:00;1
06-04-2025;17:00:00;1005.8666666666667;10.866666666666667;5.766666666666666;0.0;2025-04-06 17:00:00;1
06-04-2025;17:10:00;1006.0;10.733333333333334;6.133333333333333;0.0;2025-04-06 17:10:00;1
06-04-2025;17:20:00;1006.1666666666666;10.6;6.666666666666667;0.0;2025-04-06 17:20:00;1
06-04-2025;17:30:00;1006.3666666666667;10.5;6.433333333333334;0.2;2025-04-06 17:30:00;1
06-04-2025;17:40:00;1006.3666666666667;10.4;6.7;0.0;2025-04-06 17:40:00;1
06-04-2025;17:50:00;1006.4666666666667;10.233333333333333;6.8999999999999995;0.0;2025-04-06 17:50:00;1
06-04-2025;18:00:00;1006.5666666666666;10.133333333333333;7.733333333333334;0.2;2025-04-06 18:00:00;1
06-04-2025;18:10:00;1006.8666666666667;10.066666666666668;7.900000000000001;0.0;2025-04-06 18:10:00;1
06-04-2025;18:20:00;1007.0333333333333;10.066666666666666;8.466666666666667;0.0;2025-04-06 18:20:00;1
06-04-2025;18:30:00;1007.1500000000001;10.05;8.5;0.0;2025-04-06 18:30:00;1
06-04-2025;22:30:00;1010.65;11.149999999999999;7.0;0.2;2025-04-06 22:30:00;1
06-04-2025;22:40:00;1010.8000000000001;11.133333333333333;7.133333333333333;0.0;2025-04-06 22:40:00;1
06-04-2025;22:50:00;1011.0333333333333;11.033333333333331;6.666666666666667;0.0;2025-04-06 22:50:00;1
06-04-2025;23:00:00;1011.1;10.95;6.35;0.0;2025-04-06 23:00:00;1
15-04-2025;00:50:00;1006.25;17.15;5.65;0.2;2025-04-15 00:50:00;1
15-04-2025;01:00:00;1006.4;17.066666666666666;6.033333333333334;0.0;2025-04-15 01:00:00;1
15-04-2025;01:10:00;1006.5;17.0;6.133333333333333;0.0;2025-04-15 01:10:00;1
15-04-2025;01:20:00;1006.6;16.950000000000003;6.399999999999999;0.0;2025-04-15 01:20:00;1
15-04-2025;02:30:00;1006.9;17.0;6.35;0.2;2025-04-15 02:30:00;1
15-04-2025;02:40:00;1006.9666666666667;16.933333333333334;6.233333333333333;0.4;2025-04-15 02:40:00;1
15-04-2025;02:50:00;1007.0333333333333;16.766666666666666;5.833333333333333;0.0;2025-04-15 02:50:00;1
15-04-2025;03:00:00;1007.1999999999999;16.666666666666668;4.8;0.0;2025-04-15 03:00:00;1
15-04-2025;03:10:00;1007.25;16.6;4.2;0.0;2025-04-15 03:10:00;1
15-04-2025;03:30:00;1007.1500000000001;17.15;4.55;0.2;2025-04-15 03:30:00;1
15-04-2025;03:40:00;1007.1333333333333;17.033333333333335;4.2;0.0;2025-04-15 03:40:00;1
15-04-2025;03:50:00;1007.1333333333333;16.833333333333336;4.2;0.0;2025-04-15 03:50:00;1
15-04-2025;04:00:00;1007.1666666666666;16.566666666666666;4.233333333333333;1.0;2025-04-15 04:00:00;1
15-04-2025;04:10:00;1007.1666666666666;16.333333333333332;4.3999999999999995;1.4;2025-04-15 04:10:00;1
15-04-2025;04:20:00;1007.1;16.1;4.133333333333334;1.0;2025-04-15 04:20:00;1
15-04-2025;04:30:00;1006.9666666666667;15.966666666666667;3.8666666666666667;0.4;2025-04-15 04:30:00;1
15-04-2025;04:40:00;1006.9333333333334;15.833333333333334;3.6999999999999997;0.0;2025-04-15 04:40:00;1
15-04-2025;04:50:00;1006.9666666666667;15.733333333333334;3.7999999999999994;0.0;2025-04-15 04:50:00;1
15-04-2025;05:00:00;1007.05;15.65;3.749999999999999;0.0;2025-04-15 05:00:00;1
15-04-2025;06:20:00;1007.2;15.850000000000001;2.7;0.2;2025-04-15 06:20:00;1
15-04-2025;06:30:00;1007.2;15.866666666666667;2.5666666666666664;0.0;2025-04-15 06:30:00;1
15-04-2025;06:40:00;1007.2333333333332;15.866666666666667;2.8333333333333335;0.0;2025-04-15 06:40:00;1
15-04-2025;06:50:00;1007.2499999999999;15.850000000000001;2.75;0.0;2025-04-15 06:50:00;1
15-04-2025;07:20:00;1007.6;16.0;3.8499999999999996;0.8;2025-04-15 07:20:00;1
15-04-2025;07:30:00;1007.6333333333333;16.033333333333335;3.5666666666666664;0.4;2025-04-15 07:30:00;1
15-04-2025;07:40:00;1007.7333333333335;16.066666666666666;3.266666666666667;0.0;2025-04-15 07:40:00;1
15-04-2025;07:50:00;1007.8000000000001;16.1;2.8333333333333335;0.8;2025-04-15 07:50:00;1
15-04-2025;08:00:00;1007.8333333333334;16.133333333333336;2.5333333333333337;0.4;2025-04-15 08:00:00;1
15-04-2025;08:10:00;1007.8;16.266666666666666;2.0333333333333337;0.2;2025-04-15 08:10:00;1
15-04-2025;08:20:00;1007.9;16.433333333333334;1.5999999999999999;0.0;2025-04-15 08:20:00;1
15-04-2025;08:30:00;1008.0;16.599999999999998;1.2;0.0;2025-04-15 08:30:00;1
15-04-2025;08:40:00;1008.1;16.65;0.9500000000000001;0.0;2025-04-15 08:40:00;1
17-04-2025;05:40:00;1004.9;14.05;5.6;0.2;2025-04-17 05:40:00;1
17-04-2025;05:50:00;1004.9333333333334;13.966666666666667;5.0;0.0;2025-04-17 05:50:00;1
17-04-2025;06:00:00;1005.0;13.866666666666667;4.166666666666667;0.0;2025-04-17 06:00:00;1
17-04-2025;06:10:00;1005.0500000000001;13.850000000000001;3.35;0.0;2025-04-17 06:10:00;1
17-04-2025;07:30:00;1005.95;14.45;3.1500000000000004;0.2;2025-04-17 07:30:00;1
17-04-2025;07:40:00;1006.0;14.466666666666667;3.0666666666666664;0.0;2025-04-17 07:40:00;1
17-04-2025;07:50:00;1006.1999999999999;14.5;3.0333333333333337;0.0;2025-04-17 07:50:00;1
17-04-2025;08:00:00;1006.3;14.5;2.95;0.0;2025-04-17 08:00:00;1
17-04-2025;09:00:00;1007.2;14.850000000000001;4.3;0.2;2025-04-17 09:00:00;1
17-04-2025;09:10:00;1007.2333333333332;14.966666666666667;3.8333333333333335;0.0;2025-04-17 09:10:00;1
17-04-2025;09:20:00;1007.2333333333332;15.233333333333334;3.1;0.0;2025-04-17 09:20:00;1
17-04-2025;09:30:00;1007.2333333333332;15.5;3.4;0.0;2025-04-17 09:30:00;1
17-04-2025;09:40:00;1007.2333333333332;15.633333333333333;3.6;0.2;2025-04-17 09:40:00;1
17-04-2025;09:50:00;1007.2666666666668;15.866666666666665;4.133333333333334;0.0;2025-04-17 09:50:00;1
17-04-2025;10:00:00;1007.2333333333332;16.366666666666664;4.633333333333334;0.0;2025-04-17 10:00:00;1
17-04-2025;10:10:00;1007.2;16.749999999999996;5.2;0.0;2025-04-17 10:10:00;1
17-04-2025;11:40:00;1007.7;16.3;5.699999999999999;0.6;2025-04-17 11:40:00;1
17-04-2025;11:50:00;1007.6666666666666;16.433333333333334;5.666666666666667;0.4;2025-04-17 11:50:00;1
17-04-2025;12:00:00;1007.6333333333333;16.6;5.8;0.0;2025-04-17 12:00:00;1
17-04-2025;12:10:00;1007.6333333333333;16.866666666666667;6.3;0.0;2025-04-17 12:10:00;1
17-04-2025;12:20:00;1007.6666666666666;16.86666666666667;6.466666666666666;0.0;2025-04-17 12:20:00;1
17-04-2025;12:30:00;1007.6666666666666;16.533333333333335;6.033333333333334;0.6;2025-04-17 12:30:00;1
17-04-2025;12:40:00;1007.6666666666666;16.266666666666666;6.0;0.4;2025-04-17 12:40:00;1
17-04-2025;12:50:00;1007.5666666666666;16.53333333333333;5.8999999999999995;0.0;2025-04-17 12:50:00;1
17-04-2025;13:00:00;1007.4333333333334;17.2;6.0;0.0;2025-04-17 13:00:00;1
17-04-2025;13:10:00;1007.35;17.65;6.0;0.0;2025-04-17 13:10:00;1
17-04-2025;14:10:00;1007.6;16.4;4.4;1.0;2025-04-17 14:10:00;1
17-04-2025;14:20:00;1007.6;16.733333333333334;4.333333333333333;0.0;2025-04-17 14:20:00;1
17-04-2025;14:30:00;1007.5333333333334;17.333333333333332;4.3999999999999995;0.0;2025-04-17 14:30:00;1
17-04-2025;14:40:00;1007.5000000000001;17.700000000000003;4.5;0.0;2025-04-17 14:40:00;1
17-04-2025;20:00:00;1011.0;14.0;1.7;0.2;2025-04-17 20:00:00;1
17-04-2025;20:10:00;1011.1333333333333;13.9;1.6333333333333335;0.0;2025-04-17 20:10:00;1
17-04-2025;20:20:00;1011.3333333333334;13.733333333333333;1.5333333333333332;0.0;2025-04-17 20:20:00;1
17-04-2025;20:30:00;1011.45;13.649999999999999;1.5499999999999998;0.0;2025-04-17 20:30:00;1
18-04-2025;04:40:00;1011.75;10.899999999999999;2.25;1.6;2025-04-18 04:40:00;1
18-04-2025;04:50:00;1011.7666666666668;10.799999999999999;2.066666666666667;0.4;2025-04-18 04:50:00;1
18-04-2025;05:00:00;1011.8;10.666666666666666;1.7;0.0;2025-04-18 05:00:00;1
18-04-2025;05:10:00;1011.7666666666668;10.666666666666666;1.2333333333333334;0.0;2025-04-18 05:10:00;1
18-04-2025;05:20:00;1011.7500000000001;10.7;1.0;0.0;2025-04-18 05:20:00;1
18-04-2025;09:40:00;1013.8;15.600000000000001;3.2;0.2;2025-04-18 09:40:00;1
18-04-2025;09:50:00;1013.8;15.966666666666667;3.3333333333333335;0.0;2025-04-18 09:50:00;1
18-04-2025;10:00:00;1013.8;16.666666666666664;3.6666666666666665;0.0;2025-04-18 10:00:00;1
18-04-2025;10:10:00;1013.8;17.049999999999997;3.75;0.0;2025-04-18 10:10:00;1
24-04-2025;11:30:00;1008.8499999999999;16.65;4.7;0.8;2025-04-24 11:30:00;1
24-04-2025;11:40:00;1008.8666666666667;16.366666666666667;4.3;1.2;2025-04-24 11:40:00;1
24-04-2025;11:50:00;1008.9;15.766666666666666;3.8333333333333335;0.6;2025-04-24 11:50:00;1
24-04-2025;12:00:00;1008.8666666666667;15.433333333333332;3.1999999999999997;0.4;2025-04-24 12:00:00;1
24-04-2025;12:10:00;1008.8333333333334;15.133333333333333;2.7999999999999994;0.8;2025-04-24 12:10:00;1
24-04-2025;12:20:00;1008.8;14.966666666666667;2.3333333333333335;0.8;2025-04-24 12:20:00;1
24-04-2025;12:30:00;1008.7666666666668;14.833333333333334;2.033333333333333;0.8;2025-04-24 12:30:00;1
24-04-2025;12:40:00;1008.7333333333332;14.833333333333334;1.7333333333333332;0.2;2025-04-24 12:40:00;1
24-04-2025;12:50:00;1008.6333333333333;14.933333333333332;1.5666666666666664;0.4;2025-04-24 12:50:00;1
24-04-2025;13:00:00;1008.4666666666667;15.166666666666666;1.5999999999999999;0.0;2025-04-24 13:00:00;1
24-04-2025;13:10:00;1008.2666666666668;15.466666666666667;1.5666666666666667;0.0;2025-04-24 13:10:00;1
24-04-2025;13:20:00;1008.0666666666667;15.833333333333334;1.4666666666666668;0.0;2025-04-24 13:20:00;1
24-04-2025;13:30:00;1007.9666666666666;16.233333333333334;1.1333333333333335;0.2;2025-04-24 13:30:00;1
24-04-2025;13:40:00;1008.0;16.400000000000002;1.2333333333333334;0.0;2025-04-24 13:40:00;1
24-04-2025;13:50:00;1008.1;16.233333333333334;1.8666666666666665;0.0;2025-04-24 13:50:00;1
24-04-2025;14:00:00;1008.2;15.799999999999999;2.5666666666666664;0.2;2025-04-24 14:00:00;1
24-04-2025;14:10:00;1008.1;15.4;3.0666666666666664;0.2;2025-04-24 14:10:00;1
24-04-2025;14:20:00;1007.9666666666667;15.200000000000001;2.566666666666667;0.0;2025-04-24 14:20:00;1
24-04-2025;14:30:00;1007.8333333333334;15.200000000000001;1.633333333333333;0.2;2025-04-24 14:30:00;1
24-04-2025;14:40:00;1007.9;15.333333333333334;1.0333333333333334;0.0;2025-04-24 14:40:00;1
24-04-2025;14:50:00;1007.9;15.333333333333334;1.0333333333333334;0.0;2025-04-24 14:50:00;1
24-04-2025;15:00:00;1007.8666666666667;15.233333333333334;1.4666666666666668;0.4;2025-04-24 15:00:00;1
24-04-2025;15:10:00;1007.6999999999999;15.166666666666666;1.5;0.6;2025-04-24 15:10:00;1
24-04-2025;15:20:00;1007.6333333333333;15.299999999999999;1.5666666666666667;0.2;2025-04-24 15:20:00;1
24-04-2025;15:30:00;1007.5333333333333;15.566666666666668;1.8;0.0;2025-04-24 15:30:00;1
24-04-2025;15:40:00;1007.4333333333334;15.766666666666666;2.1666666666666665;0.0;2025-04-24 15:40:00;1
24-04-2025;15:50:00;1007.35;15.9;2.4000000000000004;0.0;2025-04-24 15:50:00;1
25-04-2025;11:50:00;1008.6;17.299999999999997;1.95;0.6;2025-04-25 11:50:00;1
25-04-2025;12:00:00;1008.5333333333333;17.3;1.7333333333333334;0.0;2025-04-25 12:00:00;1
25-04-2025;12:10:00;1008.4;17.400000000000002;1.8999999999999997;0.0;2025-04-25 12:10:00;1
25-04-2025;12:20:00;1008.3333333333334;17.799999999999997;2.3333333333333335;0.2;2025-04-25 12:20:00;1
25-04-2025;12:30:00;1008.2666666666665;18.3;2.8666666666666667;0.0;2025-04-25 12:30:00;1
25-04-2025;12:40:00;1008.2333333333335;18.666666666666668;3.233333333333333;0.0;2025-04-25 12:40:00;1
25-04-2025;12:50:00;1008.2;18.8;3.1999999999999997;0.0;2025-04-25 12:50:00;1
26-04-2025;12:00:00;1009.0;17.95;2.75;0.4;2025-04-26 12:00:00;1
26-04-2025;12:10:00;1009.0666666666666;17.833333333333332;2.3333333333333335;0.2;2025-04-26 12:10:00;1
26-04-2025;12:20:00;1009.1333333333333;17.333333333333332;2.1666666666666665;0.8;2025-04-26 12:20:00;1
26-04-2025;12:30:00;1009.1333333333333;16.833333333333332;2.0;5.8;2025-04-26 12:30:00;1
26-04-2025;12:40:00;1009.0333333333333;16.466666666666665;2.1333333333333333;0.4;2025-04-26 12:40:00;1
26-04-2025;12:50:00;1008.9333333333334;16.6;2.0;0.0;2025-04-26 12:50:00;1
26-04-2025;13:00:00;1008.9;17.099999999999998;1.7333333333333334;0.0;2025-04-26 13:00:00;1
26-04-2025;13:10:00;1008.9;17.4;1.6500000000000001;0.0;2025-04-26 13:10:00;1
26-04-2025;14:10:00;1009.2;16.35;2.5;0.4;2025-04-26 14:10:00;1
26-04-2025;14:20:00;1009.2;16.266666666666666;2.566666666666667;1.8;2025-04-26 14:20:00;1
26-04-2025;14:30:00;1009.2;16.133333333333336;2.6666666666666665;0.4;2025-04-26 14:30:00;1
26-04-2025;14:40:00;1009.2333333333332;16.233333333333334;2.6999999999999997;0.2;2025-04-26 14:40:00;1
26-04-2025;14:50:00;1009.2333333333332;16.366666666666664;2.5666666666666664;0.0;2025-04-26 14:50:00;1
26-04-2025;15:00:00;1009.2333333333332;16.400000000000002;2.3666666666666667;0.0;2025-04-26 15:00:00;1
26-04-2025;15:10:00;1009.2;16.300000000000004;2.3;0.0;2025-04-26 15:10:00;1
26-04-2025;16:20:00;1010.0;15.55;2.8;0.6;2025-04-26 16:20:00;1
26-04-2025;16:30:00;1009.9666666666667;15.4;2.3333333333333335;0.6;2025-04-26 16:30:00;1
26-04-2025;16:40:00;1009.9;15.133333333333333;1.7333333333333332;1.6;2025-04-26 16:40:00;1
26-04-2025;16:50:00;1009.8333333333334;15.066666666666668;1.3333333333333333;0.6;2025-04-26 16:50:00;1
26-04-2025;17:00:00;1009.7333333333332;15.066666666666665;1.1666666666666667;0.0;2025-04-26 17:00:00;1
26-04-2025;17:10:00;1009.6666666666666;15.166666666666666;0.8666666666666667;0.0;2025-04-26 17:10:00;1
26-04-2025;17:20:00;1009.6666666666666;15.299999999999999;1.0333333333333334;0.2;2025-04-26 17:20:00;1
26-04-2025;17:30:00;1009.7333333333332;15.466666666666667;1.2;0.0;2025-04-26 17:30:00;1
26-04-2025;17:40:00;1009.8;15.633333333333335;1.4333333333333333;0.0;2025-04-26 17:40:00;1
26-04-2025;17:50:00;1009.8;15.700000000000003;1.3499999999999999;0.0;2025-04-26 17:50:00;1
27-04-2025;17:10:00;1014.6;19.4;2.8;0.4;2025-04-27 17:10:00;1
27-04-2025;17:20:00;1014.5666666666666;19.133333333333336;3.0666666666666664;0.2;2025-04-27 17:20:00;1
27-04-2025;17:30:00;1014.5666666666666;18.733333333333334;3.3000000000000003;0.0;2025-04-27 17:30:00;1
27-04-2025;17:40:00;1014.5666666666666;18.46666666666667;3.066666666666667;0.0;2025-04-27 17:40:00;1
27-04-2025;17:50:00;1014.5999999999999;18.4;2.8000000000000003;0.0;2025-04-27 17:50:00;1
28-04-2025;17:00:00;1017.5;17.0;1.85;0.2;2025-04-28 17:00:00;1
28-04-2025;17:10:00;1017.4;17.0;1.8333333333333333;0.4;2025-04-28 17:10:00;1
28-04-2025;17:20:00;1017.3000000000001;17.066666666666666;1.7666666666666666;0.4;2025-04-28 17:20:00;1
28-04-2025;17:30:00;1017.2333333333332;17.166666666666668;1.5999999999999999;0.0;2025-04-28 17:30:00;1
28-04-2025;17:40:00;1017.2666666666668;17.266666666666666;1.5;0.0;2025-04-28 17:40:00;1
28-04-2025;17:50:00;1017.2666666666668;17.3;1.7;0.2;2025-04-28 17:50:00;1
28-04-2025;18:00:00;1017.2333333333332;17.400000000000002;2.033333333333333;0.0;2025-04-28 18:00:00;1
28-04-2025;18:10:00;1017.1666666666666;17.46666666666667;2.2333333333333334;0.0;2025-04-28 18:10:00;1
28-04-2025;18:20:00;1017.15;17.5;2.1500000000000004;0.0;2025-04-28 18:20:00;1
04-05-2025;19:20:00;1009.2;16.799999999999997;1.2;0.2;2025-05-04 19:20:00;1
04-05-2025;19:30:00;1009.2;16.833333333333332;1.2;0.0;2025-05-04 19:30:00;1
04-05-2025;19:40:00;1009.2;16.999999999999996;1.0999999999999999;0.0;2025-05-04 19:40:00;1
04-05-2025;19:50:00;1009.2;17.049999999999997;1.15;0.0;2025-05-04 19:50:00;1
13-05-2025;16:30:00;1010.3499999999999;18.5;2.95;0.2;2025-05-13 16:30:00;1
13-05-2025;16:40:00;1010.3666666666667;18.533333333333335;2.8000000000000003;0.0;2025-05-13 16:40:00;1
13-05-2025;16:50:00;1010.3666666666667;18.566666666666666;2.6999999999999997;0.0;2025-05-13 16:50:00;1
13-05-2025;17:00:00;1010.4;18.55;2.5;0.0;2025-05-13 17:00:00;1
15-05-2025;15:10:00;1003.4;19.25;1.75;0.2;2025-05-15 15:10:00;1
15-05-2025;15:20:00;1003.3000000000001;19.233333333333334;1.7;0.0;2025-05-15 15:20:00;1
15-05-2025;15:30:00;1003.0333333333333;19.233333333333334;1.4333333333333336;0.0;2025-05-15 15:30:00;1
15-05-2025;15:40:00;1002.7333333333332;19.3;1.1333333333333335;0.0;2025-05-15 15:40:00;1
15-05-2025;15:50:00;1002.4333333333334;19.3;0.7999999999999999;0.2;2025-05-15 15:50:00;1
15-05-2025;16:00:00;1002.2333333333332;19.266666666666666;0.6666666666666666;0.0;2025-05-15 16:00:00;1
15-05-2025;16:10:00;1002.1;19.166666666666668;0.7666666666666666;0.0;2025-05-15 16:10:00;1
15-05-2025;16:20:00;1002.0500000000001;19.15;0.8499999999999999;0.0;2025-05-15 16:20:00;1
15-05-2025;17:10:00;1001.4;18.4;1.15;0.2;2025-05-15 17:10:00;1
15-05-2025;17:20:00;1001.3666666666667;18.3;1.2333333333333334;0.2;2025-05-15 17:20:00;1
15-05-2025;17:30:00;1001.3;18.133333333333336;1.1666666666666667;0.0;2025-05-15 17:30:00;1
15-05-2025;17:40:00;1001.3;17.833333333333332;1.4000000000000001;0.0;2025-05-15 17:40:00;1
15-05-2025;17:50:00;1001.3;17.666666666666668;1.1333333333333333;0.2;2025-05-15 17:50:00;1
15-05-2025;18:00:00;1001.3;17.566666666666666;0.7000000000000001;0.2;2025-05-15 18:00:00;1
15-05-2025;18:10:00;1001.3;17.7;0.3333333333333333;0.0;2025-05-15 18:10:00;1
15-05-2025;18:20:00;1001.3;17.666666666666668;0.6;0.0;2025-05-15 18:20:00;1
15-05-2025;18:30:00;1001.3;17.65;0.8999999999999999;0.0;2025-05-15 18:30:00;1
15-05-2025;19:00:00;1001.5;16.85;0.75;0.2;2025-05-15 19:00:00;1
15-05-2025;19:10:00;1001.5;16.766666666666666;0.6666666666666666;0.0;2025-05-15 19:10:00;1
15-05-2025;19:20:00;1001.4333333333334;16.633333333333336;0.4666666666666666;0.2;2025-05-15 19:20:00;1
15-05-2025;19:30:00;1001.3666666666667;16.6;0.6;0.0;2025-05-15 19:30:00;1
15-05-2025;19:40:00;1001.2666666666668;16.6;0.9;0.2;2025-05-15 19:40:00;1
15-05-2025;19:50:00;1001.1999999999999;16.633333333333333;1.4000000000000001;0.0;2025-05-15 19:50:00;1
15-05-2025;20:00:00;1001.1333333333333;16.7;1.8333333333333333;0.0;2025-05-15 20:00:00;1
15-05-2025;20:10:00;1001.1;16.75;2.05;0.0;2025-05-15 20:10:00;1
15-05-2025;20:30:00;1001.1;16.95;1.35;0.2;2025-05-15 20:30:00;1
15-05-2025;20:40:00;1001.1333333333333;16.966666666666665;1.4333333333333336;0.0;2025-05-15 20:40:00;1
15-05-2025;20:50:00;1001.1666666666666;16.966666666666665;1.6666666666666667;0.0;2025-05-15 20:50:00;1
15-05-2025;21:00:00;1001.2;17.0;1.7;0.0;2025-05-15 21:00:00;1
15-05-2025;22:20:00;1000.8;17.6;2.2;0.2;2025-05-15 22:20:00;1
15-05-2025;22:30:00;1000.7666666666668;17.6;2.2666666666666666;0.0;2025-05-15 22:30:00;1
15-05-2025;22:40:00;1000.7;17.533333333333335;2.4;0.2;2025-05-15 22:40:00;1
15-05-2025;22:50:00;1000.7;17.433333333333334;2.3666666666666667;0.0;2025-05-15 22:50:00;1
15-05-2025;23:00:00;1000.7666666666668;17.3;2.1;0.0;2025-05-15 23:00:00;1
15-05-2025;23:10:00;1000.8000000000002;17.25;1.8000000000000003;0.0;2025-05-15 23:10:00;1
15-05-2025;23:30:00;1001.05;16.700000000000003;1.45;0.2;2025-05-15 23:30:00;1
15-05-2025;23:40:00;1001.0333333333333;16.566666666666666;1.4000000000000001;0.0;2025-05-15 23:40:00;1
15-05-2025;23:50:00;1000.9666666666667;16.36666666666667;1.1666666666666667;0.2;2025-05-15 23:50:00;1
16-05-2025;00:00:00;1000.9333333333334;16.166666666666668;0.8333333333333334;0.0;2025-05-16 00:00:00;1
16-05-2025;00:10:00;1000.8333333333334;16.033333333333335;0.4000000000000001;0.2;2025-05-16 00:10:00;1
16-05-2025;00:20:00;1000.8333333333334;15.9;0.2333333333333333;0.0;2025-05-16 00:20:00;1
16-05-2025;00:30:00;1000.7666666666668;15.866666666666667;0.5666666666666665;0.0;2025-05-16 00:30:00;1
16-05-2025;00:40:00;1000.7666666666668;15.866666666666667;1.1666666666666667;0.2;2025-05-16 00:40:00;1
16-05-2025;00:50:00;1000.7;15.9;1.4666666666666668;0.0;2025-05-16 00:50:00;1
16-05-2025;01:00:00;1000.6666666666666;15.866666666666667;1.3333333333333333;0.0;2025-05-16 01:00:00;1
16-05-2025;01:10:00;1000.65;15.850000000000001;1.0999999999999999;0.0;2025-05-16 01:10:00;1
16-05-2025;02:20:00;1000.1500000000001;15.7;0.8999999999999999;0.2;2025-05-16 02:20:00;1
16-05-2025;02:30:00;1000.1666666666666;15.633333333333333;0.6666666666666666;0.0;2025-05-16 02:30:00;1
16-05-2025;02:40:00;1000.1666666666666;15.666666666666666;0.6;0.0;2025-05-16 02:40:00;1
16-05-2025;02:50:00;1000.1499999999999;15.65;0.6000000000000001;0.0;2025-05-16 02:50:00;1
23-05-2025;06:00:00;1005.0;17.049999999999997;3.6999999999999997;1.0;2025-05-23 06:00:00;1
23-05-2025;06:10:00;1005.1;16.900000000000002;3.6999999999999997;9.8;2025-05-23 06:10:00;1
23-05-2025;06:20:00;1005.1333333333333;16.666666666666668;4.133333333333333;0.4;2025-05-23 06:20:00;1
23-05-2025;06:30:00;1005.1666666666666;16.900000000000002;3.3333333333333335;0.2;2025-05-23 06:30:00;1
23-05-2025;06:40:00;1005.1999999999999;17.066666666666666;3.1999999999999997;0.0;2025-05-23 06:40:00;1
23-05-2025;06:50:00;1005.3333333333334;17.1;3.3333333333333335;0.0;2025-05-23 06:50:00;1
23-05-2025;07:00:00;1005.4499999999999;17.1;3.3999999999999995;0.0;2025-05-23 07:00:00;1
18-06-2025;10:10:00;1015.45;23.25;3.85;0.2;2025-06-18 10:10:00;1
18-06-2025;10:20:00;1015.4666666666667;23.433333333333334;3.4333333333333336;0.4;2025-06-18 10:20:00;1
18-06-2025;10:30:00;1015.3000000000001;23.666666666666668;3.033333333333333;0.2;2025-06-18 10:30:00;1
18-06-2025;10:40:00;1015.4;24.3;3.233333333333333;0.0;2025-06-18 10:40:00;1
18-06-2025;10:50:00;1015.3666666666667;24.900000000000002;3.6333333333333333;0.0;2025-06-18 10:50:00;1
18-06-2025;11:00:00;1015.4;25.35;3.8499999999999996;0.0;2025-06-18 11:00:00;1
07-07-2025;03:50:00;1005.75;23.75;2.9;1.2;2025-07-07 03:50:00;1
07-07-2025;04:00:00;1005.6333333333333;23.633333333333336;3.233333333333333;3.4;2025-07-07 04:00:00;1
07-07-2025;04:10:00;1005.9;23.166666666666668;3.633333333333333;6.0;2025-07-07 04:10:00;1
07-07-2025;04:20:00;1005.9;22.5;4.566666666666666;0.0;2025-07-07 04:20:00;1
07-07-2025;04:30:00;1006.1999999999999;21.7;5.666666666666667;0.0;2025-07-07 04:30:00;1
07-07-2025;04:40:00;1006.3333333333334;21.233333333333334;6.633333333333333;2.0;2025-07-07 04:40:00;1
07-07-2025;04:50:00;1006.5666666666666;20.833333333333332;5.733333333333333;5.6;2025-07-07 04:50:00;1
07-07-2025;05:00:00;1006.6999999999999;20.766666666666666;4.533333333333333;6.0;2025-07-07 05:00:00;1
07-07-2025;05:10:00;1006.9000000000001;20.766666666666666;2.9666666666666663;1.2;2025-07-07 05:10:00;1
07-07-2025;05:20:00;1007.0333333333333;21.0;2.633333333333333;0.0;2025-07-07 05:20:00;1
07-07-2025;05:30:00;1007.1333333333333;21.133333333333333;2.3333333333333335;0.0;2025-07-07 05:30:00;1
07-07-2025;05:40:00;1006.9;21.2;2.5333333333333328;0.2;2025-07-07 05:40:00;1
07-07-2025;05:50:00;1006.7333333333335;21.13333333333333;2.6999999999999997;0.4;2025-07-07 05:50:00;1
07-07-2025;06:00:00;1006.6;21.166666666666668;2.733333333333333;0.0;2025-07-07 06:00:00;1
07-07-2025;06:10:00;1006.6333333333333;21.266666666666666;2.866666666666666;0.0;2025-07-07 06:10:00;1
07-07-2025;06:20:00;1006.6;21.4;3.049999999999999;0.0;2025-07-07 06:20:00;1
08-07-2025;03:20:00;1003.05;22.65;3.5;11.0;2025-07-08 03:20:00;1
08-07-2025;03:30:00;1003.3333333333334;22.633333333333336;3.2000000000000006;0.6;2025-07-08 03:30:00;1
08-07-2025;03:40:00;1003.8000000000001;22.53333333333333;2.966666666666667;2.6;2025-07-08 03:40:00;1
08-07-2025;03:50:00;1004.1333333333333;22.3;3.9333333333333336;3.6;2025-07-08 03:50:00;1
08-07-2025;04:00:00;1004.1666666666666;22.166666666666668;4.166666666666667;0.2;2025-07-08 04:00:00;1
08-07-2025;04:10:00;1004.1666666666666;22.0;4.033333333333333;0.0;2025-07-08 04:10:00;1
08-07-2025;04:20:00;1004.1333333333333;22.0;2.9333333333333336;0.0;2025-07-08 04:20:00;1
08-07-2025;04:30:00;1004.2;21.9;2.7500000000000004;0.0;2025-07-08 04:30:00;1
13-07-2025;16:30:00;1013.1500000000001;25.45;2.7;0.2;2025-07-13 16:30:00;1
13-07-2025;16:40:00;1013.1666666666666;25.566666666666666;2.1333333333333333;0.2;2025-07-13 16:40:00;1
13-07-2025;16:50:00;1013.1999999999999;25.766666666666666;1.5999999999999999;0.0;2025-07-13 16:50:00;1
13-07-2025;17:00:00;1013.2333333333335;26.266666666666666;1.2;0.0;2025-07-13 17:00:00;1
13-07-2025;17:10:00;1013.25;26.5;1.3;0.0;2025-07-13 17:10:00;1
26-07-2025;14:10:00;1007.3499999999999;27.05;4.8;0.2;2025-07-26 14:10:00;1
26-07-2025;14:20:00;1007.3666666666667;26.96666666666667;4.433333333333334;0.0;2025-07-26 14:20:00;1
26-07-2025;14:30:00;1007.4333333333333;26.933333333333334;3.6999999999999997;0.0;2025-07-26 14:30:00;1
26-07-2025;14:40:00;1007.5;26.849999999999998;3.25;0.0;2025-07-26 14:40:00;1
26-07-2025;15:30:00;1007.75;26.35;3.45;0.4;2025-07-26 15:30:00;1
26-07-2025;15:40:00;1007.7333333333332;26.2;3.5666666666666664;0.0;2025-07-26 15:40:00;1
26-07-2025;15:50:00;1007.7333333333332;26.133333333333336;3.4;0.2;2025-07-26 15:50:00;1
26-07-2025;16:00:00;1007.7;26.166666666666668;3.4;0.0;2025-07-26 16:00:00;1
26-07-2025;16:10:00;1007.8333333333334;26.433333333333337;3.3333333333333335;0.0;2025-07-26 16:10:00;1
26-07-2025;16:20:00;1007.9;26.500000000000004;3.55;0.0;2025-07-26 16:20:00;1
28-07-2025;07:20:00;1003.1500000000001;23.75;2.0;2.2;2025-07-28 07:20:00;1
28-07-2025;07:30:00;1003.1333333333333;23.599999999999998;1.7666666666666666;0.2;2025-07-28 07:30:00;1
28-07-2025;07:40:00;1003.1;23.3;1.4333333333333333;0.0;2025-07-28 07:40:00;1
28-07-2025;07:50:00;1003.1;23.166666666666668;1.2333333333333334;0.0;2025-07-28 07:50:00;1
28-07-2025;08:00:00;1003.1;23.1;1.2000000000000002;0.0;2025-07-28 08:00:00;1
28-07-2025;08:50:00;1002.75;24.85;1.6;0.2;2025-07-28 08:50:00;1
28-07-2025;09:00:00;1002.6999999999999;24.833333333333332;1.4666666666666668;0.0;2025-07-28 09:00:00;1
28-07-2025;09:10:00;1002.6333333333333;24.8;1.6333333333333335;0.0;2025-07-28 09:10:00;1
28-07-2025;09:20:00;1002.6;25.0;1.4000000000000001;0.0;2025-07-28 09:20:00;1
15-08-2025;17:10:00;1011.25;24.799999999999997;2.15;0.2;2025-08-15 17:10:00;1
15-08-2025;17:20:00;1011.2333333333332;24.53333333333333;2.9666666666666663;0.2;2025-08-15 17:20:00;1
15-08-2025;17:30:00;1011.4333333333334;24.166666666666668;3.2999999999999994;0.0;2025-08-15 17:30:00;1
15-08-2025;17:40:00;1011.6666666666666;23.833333333333332;3.2999999999999994;0.2;2025-08-15 17:40:00;1
15-08-2025;17:50:00;1011.7666666666668;24.0;2.533333333333333;0.0;2025-08-15 17:50:00;1
15-08-2025;18:00:00;1011.6;24.133333333333336;2.433333333333333;0.0;2025-08-15 18:00:00;1
15-08-2025;18:10:00;1011.3000000000001;24.63333333333333;2.3666666666666667;0.0;2025-08-15 18:10:00;1
15-08-2025;18:20:00;1011.0333333333334;24.799999999999997;2.0;0.2;2025-08-15 18:20:00;1
15-08-2025;18:30:00;1010.8333333333334;25.066666666666666;1.3333333333333333;0.0;2025-08-15 18:30:00;1
15-08-2025;18:40:00;1010.6333333333333;24.899999999999995;1.4333333333333333;0.0;2025-08-15 18:40:00;1
15-08-2025;18:50:00;1010.6;24.849999999999994;1.55;0.0;2025-08-15 18:50:00;1
16-08-2025;17:00:00;1008.15;24.55;7.2;1.0;2025-08-16 17:00:00;1
16-08-2025;17:10:00;1008.4333333333334;24.333333333333332;6.733333333333333;0.0;2025-08-16 17:10:00;1
16-08-2025;17:20:00;1008.7666666666665;24.03333333333333;5.333333333333333;0.0;2025-08-16 17:20:00;1
16-08-2025;17:30:00;1009.0333333333333;24.066666666666666;3.9;0.2;2025-08-16 17:30:00;1
16-08-2025;17:40:00;1009.0333333333333;24.133333333333336;2.766666666666667;0.0;2025-08-16 17:40:00;1
16-08-2025;17:50:00;1009.0333333333333;24.133333333333336;2.3666666666666667;0.0;2025-08-16 17:50:00;1
16-08-2025;18:00:00;1008.95;24.1;2.5;0.0;2025-08-16 18:00:00;1
18-08-2025;16:10:00;1010.4;22.549999999999997;4.35;0.2;2025-08-18 16:10:00;1
18-08-2025;16:20:00;1010.4333333333334;22.599999999999998;3.8333333333333335;0.0;2025-08-18 16:20:00;1
18-08-2025;16:30:00;1010.4333333333333;22.566666666666663;3.4;0.0;2025-08-18 16:30:00;1
18-08-2025;16:40:00;1010.4499999999999;22.65;2.8999999999999995;0.0;2025-08-18 16:40:00;1
21-08-2025;10:10:00;1004.65;28.25;4.15;0.2;2025-08-21 10:10:00;1
21-08-2025;10:20:00;1004.7333333333332;28.433333333333334;4.766666666666667;0.0;2025-08-21 10:20:00;1
21-08-2025;10:30:00;1004.8666666666667;28.933333333333334;5.533333333333334;0.0;2025-08-21 10:30:00;1
21-08-2025;10:40:00;1004.9;29.2;5.9;0.0;2025-08-21 10:40:00;1
22-08-2025;04:10:00;1006.6;21.1;5.65;0.4;2025-08-22 04:10:00;1
22-08-2025;04:20:00;1006.4333333333334;20.7;4.833333333333333;3.2;2025-08-22 04:20:00;1
22-08-2025;04:30:00;1006.2333333333335;20.066666666666666;3.9000000000000004;3.4;2025-08-22 04:30:00;1
22-08-2025;04:40:00;1006.0666666666666;20.166666666666668;2.266666666666667;0.2;2025-08-22 04:40:00;1
22-08-2025;04:50:00;1006.0333333333334;20.133333333333333;1.6333333333333335;0.0;2025-08-22 04:50:00;1
22-08-2025;05:00:00;1006.0;19.833333333333336;1.4666666666666668;0.0;2025-08-22 05:00:00;1
22-08-2025;05:10:00;1005.9499999999999;19.700000000000003;1.4500000000000002;0.0;2025-08-22 05:10:00;1
29-08-2025;07:30:00;1006.8;26.1;2.85;0.4;2025-08-29 07:30:00;1
29-08-2025;07:40:00;1006.7666666666668;25.96666666666667;3.0;0.0;2025-08-29 07:40:00;1
29-08-2025;07:50:00;1006.6666666666666;25.900000000000002;3.1;0.0;2025-08-29 07:50:00;1
29-08-2025;08:00:00;1006.6;25.950000000000003;3.1500000000000004;0.0;2025-08-29 08:00:00;1
30-08-2025;03:30:00;1004.0999999999999;21.25;5.15;2.2;2025-08-30 03:30:00;1
30-08-2025;03:40:00;1004.1999999999999;21.266666666666666;4.733333333333333;0.0;2025-08-30 03:40:00;1
30-08-2025;03:50:00;1004.5666666666666;21.36666666666667;4.066666666666666;0.2;2025-08-30 03:50:00;1
30-08-2025;04:00:00;1005.2666666666668;21.433333333333334;4.266666666666667;0.0;2025-08-30 04:00:00;1
30-08-2025;04:10:00;1005.6666666666666;21.066666666666666;4.166666666666666;0.2;2025-08-30 04:10:00;1
30-08-2025;04:20:00;1005.8000000000001;20.466666666666665;3.6999999999999997;4.6;2025-08-30 04:20:00;1
30-08-2025;04:30:00;1005.8666666666667;19.900000000000002;2.8666666666666667;6.2;2025-08-30 04:30:00;1
30-08-2025;04:40:00;1006.0;19.733333333333334;2.433333333333333;2.0;2025-08-30 04:40:00;1
30-08-2025;04:50:00;1006.2333333333332;19.7;2.566666666666666;2.2;2025-08-30 04:50:00;1
30-08-2025;05:00:00;1006.4666666666667;19.599999999999998;2.5999999999999996;1.0;2025-08-30 05:00:00;1
30-08-2025;05:10:00;1006.6666666666666;19.4;2.6999999999999997;0.6;2025-08-30 05:10:00;1
30-08-2025;05:20:00;1006.6666666666666;19.166666666666668;2.733333333333333;0.2;2025-08-30 05:20:00;1
30-08-2025;05:30:00;1006.6666666666666;19.099999999999998;3.233333333333333;0.0;2025-08-30 05:30:00;1
30-08-2025;05:40:00;1006.8666666666667;19.2;3.3333333333333335;0.2;2025-08-30 05:40:00;1
30-08-2025;05:50:00;1007.1;19.366666666666664;3.1666666666666665;0.0;2025-08-30 05:50:00;1
30-08-2025;06:00:00;1007.2666666666665;19.4;3.133333333333333;0.0;2025-08-30 06:00:00;1
30-08-2025;06:10:00;1007.3;19.4;3.2499999999999996;0.0;2025-08-30 06:10:00;1
02-09-2025;09:50:00;1010.05;25.3;2.55;0.2;2025-09-02 09:50:00;1
02-09-2025;10:00:00;1010.0333333333333;25.633333333333336;2.966666666666667;0.0;2025-09-02 10:00:00;1
02-09-2025;10:10:00;1009.9333333333334;26.3;3.4;0.0;2025-09-02 10:10:00;1
02-09-2025;10:20:00;1009.9000000000001;26.700000000000003;3.8999999999999995;0.0;2025-09-02 10:20:00;1
02-09-2025;12:30:00;1009.9;27.0;4.8;0.2;2025-09-02 12:30:00;1
02-09-2025;12:40:00;1009.7333333333332;27.03333333333333;4.666666666666667;0.0;2025-09-02 12:40:00;1
02-09-2025;12:50:00;1009.3666666666667;26.96666666666667;4.466666666666667;0.0;2025-09-02 12:50:00;1
02-09-2025;13:00:00;1009.15;27.000000000000004;4.45;0.0;2025-09-02 13:00:00;1
02-09-2025;16:10:00;1009.5;25.15;2.5999999999999996;0.6;2025-09-02 16:10:00;1
02-09-2025;16:20:00;1009.5333333333333;25.099999999999998;2.6999999999999997;0.0;2025-09-02 16:20:00;1
02-09-2025;16:30:00;1009.5333333333333;24.8;3.5;0.2;2025-09-02 16:30:00;1
02-09-2025;16:40:00;1009.5333333333333;24.400000000000002;3.766666666666667;0.0;2025-09-02 16:40:00;1
02-09-2025;16:50:00;1009.5333333333334;23.933333333333337;4.1;0.0;2025-09-02 16:50:00;1
02-09-2025;17:00:00;1009.5500000000002;23.700000000000003;3.9999999999999996;0.0;2025-09-02 17:00:00;1
10-09-2025;17:10:00;1008.1500000000001;26.45;2.5;0.2;2025-09-10 17:10:00;1
10-09-2025;17:20:00;1008.0666666666666;26.400000000000002;2.433333333333333;0.0;2025-09-10 17:20:00;1
10-09-2025;17:30:00;1008.0666666666667;26.333333333333332;2.6;0.0;2025-09-10 17:30:00;1
10-09-2025;17:40:00;1008.0;26.25;2.55;0.0;2025-09-10 17:40:00;1
10-09-2025;22:10:00;1009.0999999999999;21.9;4.25;9.8;2025-09-10 22:10:00;1
10-09-2025;22:20:00;1009.1666666666666;21.599999999999998;3.8666666666666667;3.2;2025-09-10 22:20:00;1
10-09-2025;22:30:00;1009.4;21.133333333333333;3.4333333333333336;0.0;2025-09-10 22:30:00;1
10-09-2025;22:40:00;1009.5;21.133333333333336;3.5999999999999996;0.0;2025-09-10 22:40:00;1
10-09-2025;22:50:00;1009.6;21.166666666666668;3.733333333333333;0.6;2025-09-10 22:50:00;1
10-09-2025;23:00:00;1009.5;21.099999999999998;3.0666666666666664;0.4;2025-09-10 23:00:00;1
10-09-2025;23:10:00;1009.6;20.933333333333334;2.8666666666666667;0.8;2025-09-10 23:10:00;1
10-09-2025;23:20:00;1009.6;20.833333333333332;2.4999999999999996;0.4;2025-09-10 23:20:00;1
10-09-2025;23:30:00;1009.8333333333334;20.76666666666667;2.1666666666666665;0.2;2025-09-10 23:30:00;1
10-09-2025;23:40:00;1009.9;20.8;1.5999999999999999;0.8;2025-09-10 23:40:00;1
10-09-2025;23:50:00;1010.0333333333333;20.833333333333332;1.6333333333333335;0.4;2025-09-10 23:50:00;1
11-09-2025;00:00:00;1010.0;20.833333333333332;1.8333333333333333;0.4;2025-09-11 00:00:00;1
11-09-2025;00:10:00;1010.0;20.866666666666667;2.1666666666666665;1.6;2025-09-11 00:10:00;1
11-09-2025;00:20:00;1010.1333333333333;20.900000000000002;1.8999999999999997;0.8;2025-09-11 00:20:00;1
11-09-2025;00:30:00;1010.1666666666666;20.566666666666666;2.266666666666666;3.0;2025-09-11 00:30:00;1
11-09-2025;00:40:00;1010.0;20.266666666666666;2.4;8.0;2025-09-11 00:40:00;1
11-09-2025;00:50:00;1009.6999999999999;19.933333333333334;2.1;0.6;2025-09-11 00:50:00;1
11-09-2025;01:00:00;1009.5333333333333;20.033333333333335;1.1666666666666665;0.2;2025-09-11 01:00:00;1
11-09-2025;01:10:00;1009.4333333333334;20.066666666666666;0.3333333333333332;0.0;2025-09-11 01:10:00;1
11-09-2025;01:20:00;1009.3666666666667;20.166666666666668;0.26666666666666655;0.0;2025-09-11 01:20:00;1
11-09-2025;01:30:00;1009.3;20.200000000000003;0.2999999999999998;0.0;2025-09-11 01:30:00;1
11-09-2025;02:00:00;1009.45;20.3;0.4;0.2;2025-09-11 02:00:00;1
11-09-2025;02:10:00;1009.5;20.3;0.5333333333333333;0.0;2025-09-11 02:10:00;1
11-09-2025;02:20:00;1009.5333333333333;20.3;0.8333333333333334;0.0;2025-09-11 02:20:00;1
11-09-2025;02:30:00;1009.55;20.3;0.85;0.0;2025-09-11 02:30:00;1
11-09-2025;03:30:00;1009.3499999999999;20.35;0.95;0.2;2025-09-11 03:30:00;1
11-09-2025;03:40:00;1009.3333333333334;20.333333333333332;0.9333333333333332;0.0;2025-09-11 03:40:00;1
11-09-2025;03:50:00;1009.4;20.3;0.8666666666666667;0.0;2025-09-11 03:50:00;1
11-09-2025;04:00:00;1009.3999999999999;20.3;1.0;0.0;2025-09-11 04:00:00;1
11-09-2025;06:40:00;1011.1;20.15;1.9;0.2;2025-09-11 06:40:00;1
11-09-2025;06:50:00;1011.1;20.366666666666667;1.9333333333333333;0.0;2025-09-11 06:50:00;1
11-09-2025;07:00:00;1011.1;20.666666666666668;1.7333333333333334;0.0;2025-09-11 07:00:00;1
11-09-2025;07:10:00;1011.1;20.9;1.6;0.0;2025-09-11 07:10:00;1
23-09-2025;09:40:00;1012.1500000000001;21.299999999999997;2.5;0.4;2025-09-23 09:40:00;1
23-09-2025;09:50:00;1012.1999999999999;21.133333333333333;2.2666666666666666;0.4;2025-09-23 09:50:00;1
23-09-2025;10:00:00;1012.1999999999999;20.900000000000002;1.5666666666666667;0.2;2025-09-23 10:00:00;1
23-09-2025;10:10:00;1012.2333333333335;20.766666666666666;1.7666666666666666;0.4;2025-09-23 10:10:00;1
23-09-2025;10:20:00;1012.2333333333332;20.833333333333332;1.7666666666666666;0.2;2025-09-23 10:20:00;1
23-09-2025;10:30:00;1012.2000000000002;20.833333333333332;2.233333333333333;0.0;2025-09-23 10:30:00;1
23-09-2025;10:40:00;1012.1666666666666;20.8;2.3;0.0;2025-09-23 10:40:00;1
23-09-2025;10:50:00;1012.1;20.7;2.55;0.0;2025-09-23 10:50:00;1
23-09-2025;22:40:00;1011.3;20.4;2.9;0.4;2025-09-23 22:40:00;1
23-09-2025;22:50:00;1011.2333333333332;20.333333333333332;2.766666666666667;0.0;2025-09-23 22:50:00;1
23-09-2025;23:00:00;1011.0;20.266666666666666;2.2666666666666666;0.2;2025-09-23 23:00:00;1
23-09-2025;23:10:00;1010.8000000000001;20.2;1.7666666666666666;0.0;2025-09-23 23:10:00;1
23-09-2025;23:20:00;1010.5666666666666;20.166666666666668;1.5;0.0;2025-09-23 23:20:00;1
23-09-2025;23:30:00;1010.4999999999999;20.150000000000002;1.5;0.0;2025-09-23 23:30:00;1
24-09-2025;04:30:00;1009.8;20.3;1.1;1.2;2025-09-24 04:30:00;1
24-09-2025;04:40:00;1009.7333333333332;20.266666666666666;1.0333333333333334;0.2;2025-09-24 04:40:00;1
24-09-2025;04:50:00;1009.7333333333332;20.166666666666668;1.0;0.0;2025-09-24 04:50:00;1
24-09-2025;05:00:00;1009.7333333333332;20.066666666666666;0.6666666666666666;0.0;2025-09-24 05:00:00;1
24-09-2025;05:10:00;1009.8;20.0;0.55;0.0;2025-09-24 05:10:00;1
24-09-2025;05:50:00;1009.75;19.85;1.5499999999999998;0.2;2025-09-24 05:50:00;1
24-09-2025;06:00:00;1010.0666666666666;19.933333333333334;1.6666666666666667;0.8;2025-09-24 06:00:00;1
24-09-2025;06:10:00;1010.5666666666667;19.2;3.0666666666666664;0.2;2025-09-24 06:10:00;1
24-09-2025;06:20:00;1011.0666666666666;18.433333333333334;3.766666666666666;8.4;2025-09-24 06:20:00;1
24-09-2025;06:30:00;1011.1666666666666;17.566666666666666;4.133333333333333;7.4;2025-09-24 06:30:00;1
24-09-2025;06:40:00;1011.1;17.433333333333334;3.0;7.0;2025-09-24 06:40:00;1
24-09-2025;06:50:00;1010.8666666666667;17.433333333333334;2.4333333333333336;0.6;2025-09-24 06:50:00;1
24-09-2025;07:00:00;1010.8666666666667;17.5;2.1999999999999997;0.8;2025-09-24 07:00:00;1
24-09-2025;07:10:00;1010.9;17.666666666666668;2.3000000000000003;0.2;2025-09-24 07:10:00;1
24-09-2025;07:20:00;1010.8666666666668;17.76666666666667;2.966666666666667;0.6;2025-09-24 07:20:00;1
24-09-2025;07:30:00;1010.7666666666668;17.866666666666667;3.1999999999999997;0.8;2025-09-24 07:30:00;1
24-09-2025;07:40:00;1010.6333333333333;18.0;3.1666666666666665;0.0;2025-09-24 07:40:00;1
24-09-2025;07:50:00;1010.6666666666666;18.266666666666666;2.8333333333333335;0.0;2025-09-24 07:50:00;1
24-09-2025;08:00:00;1010.65;18.4;2.75;0.0;2025-09-24 08:00:00;1
24-09-2025;13:30:00;1010.9;21.7;3.2;0.2;2025-09-24 13:30:00;1
24-09-2025;13:40:00;1010.8333333333334;21.8;3.6;0.0;2025-09-24 13:40:00;1
24-09-2025;13:50:00;1010.7333333333332;21.966666666666665;4.1000000000000005;0.0;2025-09-24 13:50:00;1
24-09-2025;14:00:00;1010.65;22.099999999999998;4.15;0.0;2025-09-24 14:00:00;1
01-10-2025;16:20:00;1010.05;18.55;2.8499999999999996;0.2;2025-10-01 16:20:00;1
01-10-2025;16:30:00;1010.1333333333333;18.366666666666667;2.8000000000000003;0.2;2025-10-01 16:30:00;1
01-10-2025;16:40:00;1010.2333333333332;18.099999999999998;2.933333333333333;0.0;2025-10-01 16:40:00;1
01-10-2025;16:50:00;1010.3333333333334;18.133333333333333;2.966666666666667;0.0;2025-10-01 16:50:00;1
01-10-2025;17:00:00;1010.3499999999999;18.2;3.0999999999999996;0.0;2025-10-01 17:00:00;1
01-10-2025;17:50:00;1010.6500000000001;18.1;2.5;0.2;2025-10-01 17:50:00;1
01-10-2025;18:00:00;1010.6666666666666;18.066666666666666;2.3000000000000003;0.0;2025-10-01 18:00:00;1
01-10-2025;18:10:00;1010.6666666666666;18.033333333333335;2.1666666666666665;0.0;2025-10-01 18:10:00;1
01-10-2025;18:20:00;1010.7;18.0;1.9500000000000002;0.0;2025-10-01 18:20:00;1
05-10-2025;06:40:00;1008.9;15.850000000000001;2.35;0.6;2025-10-05 06:40:00;1
05-10-2025;06:50:00;1008.9333333333334;15.833333333333334;2.033333333333333;0.0;2025-10-05 06:50:00;1
05-10-2025;07:00:00;1008.9666666666666;15.766666666666667;1.7333333333333334;0.2;2025-10-05 07:00:00;1
05-10-2025;07:10:00;1009.0666666666666;15.633333333333333;1.4333333333333333;0.0;2025-10-05 07:10:00;1
05-10-2025;07:20:00;1009.1666666666666;15.433333333333332;1.5;0.2;2025-10-05 07:20:00;1
05-10-2025;07:30:00;1009.1666666666666;15.266666666666666;1.2666666666666666;0.0;2025-10-05 07:30:00;1
05-10-2025;07:40:00;1009.1999999999999;15.2;1.0;0.2;2025-10-05 07:40:00;1
05-10-2025;07:50:00;1009.2666666666668;15.233333333333334;0.6333333333333333;0.0;2025-10-05 07:50:00;1
05-10-2025;08:00:00;1009.4;15.299999999999999;0.5666666666666668;0.0;2025-10-05 08:00:00;1
05-10-2025;08:10:00;1009.4499999999999;15.35;0.6500000000000001;0.0;2025-10-05 08:10:00;1
05-10-2025;08:50:00;1009.25;15.55;5.4;0.4;2025-10-05 08:50:00;1
05-10-2025;09:00:00;1009.1666666666666;15.566666666666668;5.4;0.0;2025-10-05 09:00:00;1
05-10-2025;09:10:00;1009.0666666666666;15.6;5.3;0.0;2025-10-05 09:10:00;1
05-10-2025;09:20:00;1009.0666666666666;15.733333333333333;4.8;0.0;2025-10-05 09:20:00;1
05-10-2025;09:30:00;1009.1333333333333;15.833333333333334;3.6999999999999997;0.2;2025-10-05 09:30:00;1
05-10-2025;09:40:00;1009.0666666666666;15.966666666666669;3.533333333333333;0.8;2025-10-05 09:40:00;1
05-10-2025;09:50:00;1008.8333333333334;16.133333333333336;3.9666666666666663;0.2;2025-10-05 09:50:00;1
05-10-2025;10:00:00;1008.6999999999999;16.366666666666664;4.866666666666666;0.2;2025-10-05 10:00:00;1
05-10-2025;10:10:00;1008.5333333333333;16.6;4.733333333333333;0.0;2025-10-05 10:10:00;1
05-10-2025;10:20:00;1008.4666666666666;17.000000000000004;4.766666666666667;0.0;2025-10-05 10:20:00;1
05-10-2025;10:30:00;1008.3;17.200000000000003;4.75;0.0;2025-10-05 10:30:00;1
05-10-2025;11:20:00;1008.3;17.75;3.4;0.6;2025-10-05 11:20:00;1
05-10-2025;11:30:00;1008.2333333333332;17.633333333333333;3.3666666666666667;4.0;2025-10-05 11:30:00;1
05-10-2025;11:40:00;1008.0333333333333;17.666666666666668;2.6333333333333333;0.4;2025-10-05 11:40:00;1
05-10-2025;11:50:00;1008.0666666666667;17.900000000000002;2.7999999999999994;0.0;2025-10-05 11:50:00;1
05-10-2025;12:00:00;1008.0666666666666;18.2;2.733333333333333;0.0;2025-10-05 12:00:00;1
05-10-2025;12:10:00;1008.1499999999999;18.3;2.9499999999999997;0.0;2025-10-05 12:10:00;1
05-10-2025;13:20:00;1007.5;18.6;2.7;0.2;2025-10-05 13:20:00;1
05-10-2025;13:30:00;1007.4333333333334;18.599999999999998;2.8000000000000003;0.0;2025-10-05 13:30:00;1
05-10-2025;13:40:00;1007.2333333333332;18.666666666666668;2.766666666666667;0.0;2025-10-05 13:40:00;1
05-10-2025;13:50:00;1007.1999999999999;18.6;2.8000000000000003;0.0;2025-10-05 13:50:00;1
15-10-2025;17:10:00;1013.4;17.799999999999997;3.35;0.2;2025-10-15 17:10:00;1
15-10-2025;17:20:00;1013.4;17.733333333333334;3.466666666666667;0.0;2025-10-15 17:20:00;1
15-10-2025;17:30:00;1013.4666666666666;17.566666666666666;3.4333333333333336;0.2;2025-10-15 17:30:00;1
15-10-2025;17:40:00;1013.5666666666666;17.4;3.3333333333333335;0.0;2025-10-15 17:40:00;1
15-10-2025;17:50:00;1013.6666666666666;17.23333333333333;3.4;0.0;2025-10-15 17:50:00;1
15-10-2025;18:00:00;1013.7;17.066666666666666;3.533333333333333;0.2;2025-10-15 18:00:00;1
15-10-2025;18:10:00;1013.7;16.933333333333334;3.1999999999999997;0.0;2025-10-15 18:10:00;1
15-10-2025;18:20:00;1013.7;16.766666666666666;2.8666666666666667;0.2;2025-10-15 18:20:00;1
15-10-2025;18:30:00;1013.7;16.633333333333336;2.9333333333333336;0.0;2025-10-15 18:30:00;1
15-10-2025;18:40:00;1013.7;16.5;3.3333333333333335;0.0;2025-10-15 18:40:00;1
15-10-2025;18:50:00;1013.6666666666666;16.4;3.6999999999999997;0.2;2025-10-15 18:50:00;1
15-10-2025;19:00:00;1013.6333333333333;16.3;3.9666666666666663;0.0;2025-10-15 19:00:00;1
15-10-2025;19:10:00;1013.6;16.166666666666668;4.2;0.2;2025-10-15 19:10:00;1
15-10-2025;19:20:00;1013.6;16.033333333333335;4.0;0.2;2025-10-15 19:20:00;1
15-10-2025;19:30:00;1013.6;15.966666666666667;3.3666666666666667;0.0;2025-10-15 19:30:00;1
15-10-2025;19:40:00;1013.6;16.066666666666666;3.1333333333333333;0.2;2025-10-15 19:40:00;1
15-10-2025;19:50:00;1013.6;16.200000000000003;3.1999999999999997;0.0;2025-10-15 19:50:00;1
15-10-2025;20:00:00;1013.5333333333334;16.3;3.6666666666666665;0.0;2025-10-15 20:00:00;1
15-10-2025;20:10:00;1013.5000000000001;16.3;3.7;0.0;2025-10-15 20:10:00;1
16-10-2025;11:00:00;1012.5;16.9;5.0;0.2;2025-10-16 11:00:00;1
16-10-2025;11:10:00;1012.4333333333334;16.8;5.066666666666666;0.0;2025-10-16 11:10:00;1
16-10-2025;11:20:00;1012.3666666666667;16.733333333333334;5.033333333333333;0.2;2025-10-16 11:20:00;1
16-10-2025;11:30:00;1012.2666666666668;16.666666666666668;5.333333333333333;0.0;2025-10-16 11:30:00;1
16-10-2025;11:40:00;1012.2333333333332;16.500000000000004;5.233333333333333;0.0;2025-10-16 11:40:00;1
16-10-2025;11:50:00;1012.1666666666666;16.233333333333334;4.566666666666666;0.8;2025-10-16 11:50:00;1
16-10-2025;12:00:00;1012.1;15.933333333333332;3.5;0.8;2025-10-16 12:00:00;1
16-10-2025;12:10:00;1011.9666666666667;15.799999999999999;2.533333333333333;0.8;2025-10-16 12:10:00;1
16-10-2025;12:20:00;1011.8000000000001;16.066666666666666;2.866666666666667;0.4;2025-10-16 12:20:00;1
16-10-2025;12:30:00;1011.6666666666666;16.466666666666665;3.5333333333333337;0.0;2025-10-16 12:30:00;1
16-10-2025;12:40:00;1011.6;16.866666666666664;4.133333333333334;0.0;2025-10-16 12:40:00;1
16-10-2025;12:50:00;1011.6;16.9;4.1000000000000005;0.0;2025-10-16 12:50:00;1
16-10-2025;13:20:00;1011.4;16.4;4.1;0.2;2025-10-16 13:20:00;1
16-10-2025;13:30:00;1011.3333333333334;16.233333333333334;4.1;0.6;2025-10-16 13:30:00;1
16-10-2025;13:40:00;1011.3333333333334;15.966666666666667;3.8333333333333335;0.8;2025-10-16 13:40:00;1
16-10-2025;13:50:00;1011.2666666666668;15.833333333333334;3.4999999999999996;0.4;2025-10-16 13:50:00;1
16-10-2025;14:00:00;1011.2333333333332;15.766666666666666;3.1666666666666665;0.0;2025-10-16 14:00:00;1
16-10-2025;14:10:00;1011.1666666666666;15.7;3.0666666666666664;0.0;2025-10-16 14:10:00;1
16-10-2025;14:20:00;1011.1500000000001;15.7;3.1499999999999995;0.0;2025-10-16 14:20:00;1
16-10-2025;15:10:00;1011.05;15.649999999999999;3.4;0.2;2025-10-16 15:10:00;1
16-10-2025;15:20:00;1011.0333333333333;15.666666666666666;3.3666666666666667;0.0;2025-10-16 15:20:00;1
16-10-2025;15:30:00;1011.0;15.7;3.5;0.0;2025-10-16 15:30:00;1
16-10-2025;15:40:00;1011.0;15.7;3.733333333333333;0.2;2025-10-16 15:40:00;1
16-10-2025;15:50:00;1011.0;15.7;3.6666666666666665;0.0;2025-10-16 15:50:00;1
16-10-2025;16:00:00;1011.0333333333334;15.766666666666666;3.266666666666667;0.0;2025-10-16 16:00:00;1
16-10-2025;16:10:00;1011.0333333333334;15.766666666666666;2.8000000000000003;0.2;2025-10-16 16:10:00;1
16-10-2025;16:20:00;1011.0;15.733333333333334;2.866666666666667;0.0;2025-10-16 16:20:00;1
16-10-2025;16:30:00;1010.9333333333334;15.633333333333333;2.9;0.0;2025-10-16 16:30:00;1
16-10-2025;16:40:00;1010.9;15.633333333333333;2.9333333333333336;0.2;2025-10-16 16:40:00;1
16-10-2025;16:50:00;1010.8333333333334;15.733333333333333;2.9333333333333336;0.0;2025-10-16 16:50:00;1
16-10-2025;17:00:00;1010.7666666666668;15.799999999999999;3.033333333333333;0.0;2025-10-16 17:00:00;1
16-10-2025;17:10:00;1010.7;16.03333333333333;3.5;0.0;2025-10-16 17:10:00;1
16-10-2025;17:20:00;1010.7;16.266666666666666;3.9333333333333336;0.2;2025-10-16 17:20:00;1
16-10-2025;17:30:00;1010.6666666666666;16.599999999999998;4.533333333333333;0.0;2025-10-16 17:30:00;1
16-10-2025;17:40:00;1010.6666666666666;16.733333333333334;4.699999999999999;0.0;2025-10-16 17:40:00;1
16-10-2025;17:50:00;1010.6499999999999;16.8;4.75;0.0;2025-10-16 17:50:00;1
17-10-2025;06:10:00;1009.4;16.65;1.55;0.2;2025-10-17 06:10:00;1
17-10-2025;06:20:00;1009.4333333333334;16.666666666666668;1.6333333333333335;0.0;2025-10-17 06:20:00;1
17-10-2025;06:30:00;1009.4666666666666;16.7;2.066666666666667;0.0;2025-10-17 06:30:00;1
17-10-2025;06:40:00;1009.5;16.75;2.3;0.0;2025-10-17 06:40:00;1
21-10-2025;10:30:00;1007.3499999999999;18.450000000000003;1.35;0.2;2025-10-21 10:30:00;1
21-10-2025;10:40:00;1007.3333333333334;18.333333333333332;1.1666666666666667;0.6;2025-10-21 10:40:00;1
21-10-2025;10:50:00;1007.3666666666667;18.066666666666666;0.9666666666666667;0.6;2025-10-21 10:50:00;1
21-10-2025;11:00:00;1007.3666666666667;17.733333333333334;1.2333333333333334;0.4;2025-10-21 11:00:00;1
21-10-2025;11:10:00;1007.3666666666667;17.400000000000002;1.366666666666667;1.0;2025-10-21 11:10:00;1
21-10-2025;11:20:00;1007.2666666666668;17.133333333333336;1.7;0.6;2025-10-21 11:20:00;1
21-10-2025;11:30:00;1007.1333333333332;16.96666666666667;1.7666666666666666;0.4;2025-10-21 11:30:00;1
21-10-2025;11:40:00;1006.9666666666667;16.866666666666664;1.9333333333333333;0.2;2025-10-21 11:40:00;1
21-10-2025;11:50:00;1006.9333333333334;16.8;1.7666666666666666;0.0;2025-10-21 11:50:00;1
21-10-2025;12:00:00;1006.8333333333334;16.866666666666667;1.2;0.2;2025-10-21 12:00:00;1
21-10-2025;12:10:00;1006.7333333333332;16.9;0.9;0.0;2025-10-21 12:10:00;1
21-10-2025;12:20:00;1006.5;17.0;0.7666666666666666;0.2;2025-10-21 12:20:00;1
21-10-2025;12:30:00;1006.3333333333334;17.099999999999998;0.7333333333333334;0.0;2025-10-21 12:30:00;1
21-10-2025;12:40:00;1006.1999999999999;17.3;0.8666666666666666;0.0;2025-10-21 12:40:00;1
21-10-2025;12:50:00;1006.15;17.400000000000002;0.7999999999999998;0.0;2025-10-21 12:50:00;1
21-10-2025;15:20:00;1004.8;17.8;3.15;0.2;2025-10-21 15:20:00;1
21-10-2025;15:30:00;1004.8;17.8;2.966666666666667;0.0;2025-10-21 15:30:00;1
21-10-2025;15:40:00;1004.7333333333332;17.8;2.6333333333333333;0.0;2025-10-21 15:40:00;1
21-10-2025;15:50:00;1004.6999999999999;17.8;2.5;0.0;2025-10-21 15:50:00;1
23-10-2025;19:40:00;999.9;21.45;6.3;0.2;2025-10-23 19:40:00;1
23-10-2025;19:50:00;999.9;21.46666666666667;5.966666666666666;0.0;2025-10-23 19:50:00;1
23-10-2025;20:00:00;999.6999999999999;21.433333333333334;5.633333333333333;0.2;2025-10-23 20:00:00;1
23-10-2025;20:10:00;999.5333333333333;21.433333333333334;5.733333333333333;0.0;2025-10-23 20:10:00;1
23-10-2025;20:20:00;999.4;21.333333333333332;5.566666666666666;0.0;2025-10-23 20:20:00;1
23-10-2025;20:30:00;999.4;21.3;5.550000000000001;0.0;2025-10-23 20:30:00;1
25-10-2025;06:00:00;1010.9;15.55;1.35;0.2;2025-10-25 06:00:00;1
25-10-2025;06:10:00;1010.9;15.566666666666668;1.4333333333333336;0.0;2025-10-25 06:10:00;1
25-10-2025;06:20:00;1010.8333333333334;15.6;1.4666666666666668;0.0;2025-10-25 06:20:00;1
25-10-2025;06:30:00;1010.8000000000001;15.6;1.4000000000000001;0.0;2025-10-25 06:30:00;1
25-10-2025;07:50:00;1011.5;16.05;0.6000000000000001;0.2;2025-10-25 07:50:00;1
25-10-2025;08:00:00;1011.5;16.3;0.9;0.0;2025-10-25 08:00:00;1
25-10-2025;08:10:00;1011.5666666666666;16.8;1.2666666666666666;0.0;2025-10-25 08:10:00;1
25-10-2025;08:20:00;1011.5999999999999;17.099999999999998;1.7;0.0;2025-10-25 08:20:00;1
26-10-2025;02:50:00;1005.55;20.8;4.8;0.2;2025-10-26 02:50:00;1
26-10-2025;03:00:00;1005.5;20.8;4.566666666666666;0.0;2025-10-26 03:00:00;1
26-10-2025;03:10:00;1005.3333333333334;20.8;4.3999999999999995;0.0;2025-10-26 03:10:00;1
26-10-2025;03:20:00;1005.25;20.8;4.35;0.0;2025-10-26 03:20:00;1
26-10-2025;20:20:00;1005.3;17.75;2.7;0.2;2025-10-26 20:20:00;1
26-10-2025;20:30:00;1005.3;17.599999999999998;2.6666666666666665;0.2;2025-10-26 20:30:00;1
26-10-2025;20:40:00;1005.3;17.400000000000002;2.7000000000000006;0.0;2025-10-26 20:40:00;1
26-10-2025;20:50:00;1005.3666666666667;17.3;3.1999999999999997;0.0;2025-10-26 20:50:00;1
26-10-2025;21:00:00;1005.4;17.3;3.5;0.0;2025-10-26 21:00:00;1
26-10-2025;23:00:00;1006.0;15.55;3.85;0.6;2025-10-26 23:00:00;1
26-10-2025;23:10:00;1005.8666666666667;15.433333333333332;3.266666666666667;0.4;2025-10-26 23:10:00;1
26-10-2025;23:20:00;1005.6333333333333;15.200000000000001;2.5;0.0;2025-10-26 23:20:00;1
26-10-2025;23:30:00;1005.4666666666667;15.1;1.7333333333333334;0.0;2025-10-26 23:30:00;1
26-10-2025;23:40:00;1005.4333333333334;15.0;1.3333333333333333;0.2;2025-10-26 23:40:00;1
26-10-2025;23:50:00;1005.4333333333334;14.866666666666665;1.3333333333333333;0.0;2025-10-26 23:50:00;1
27-10-2025;00:00:00;1005.4333333333333;14.733333333333333;1.4333333333333333;0.0;2025-10-27 00:00:00;1
27-10-2025;00:10:00;1005.4;14.649999999999999;1.7;0.0;2025-10-27 00:10:00;1
27-10-2025;19:10:00;1008.95;16.299999999999997;2.1;0.2;2025-10-27 19:10:00;1
27-10-2025;19:20:00;1008.9333333333334;16.3;1.9666666666666668;0.0;2025-10-27 19:20:00;1
27-10-2025;19:30:00;1008.8333333333334;16.2;1.8333333333333333;0.0;2025-10-27 19:30:00;1
27-10-2025;19:40:00;1008.7999999999998;16.1;1.4333333333333333;0.2;2025-10-27 19:40:00;1
27-10-2025;19:50:00;1008.7333333333332;15.933333333333335;1.2666666666666666;0.0;2025-10-27 19:50:00;1
27-10-2025;20:00:00;1008.8333333333334;15.833333333333334;1.1333333333333333;0.0;2025-10-27 20:00:00;1
27-10-2025;20:10:00;1008.8666666666667;15.766666666666667;1.0666666666666667;0.0;2025-10-27 20:10:00;1
27-10-2025;20:20:00;1008.8666666666667;15.699999999999998;1.0999999999999999;0.2;2025-10-27 20:20:00;1
27-10-2025;20:30:00;1008.7666666666668;15.633333333333333;1.0666666666666667;0.0;2025-10-27 20:30:00;1
27-10-2025;20:40:00;1008.8000000000001;15.633333333333333;1.2666666666666666;0.0;2025-10-27 20:40:00;1
27-10-2025;20:50:00;1008.8000000000001;15.633333333333333;1.3333333333333333;0.8;2025-10-27 20:50:00;1
27-10-2025;21:00:00;1008.8666666666667;15.566666666666665;1.5333333333333332;0.0;2025-10-27 21:00:00;1
27-10-2025;21:10:00;1008.8666666666667;15.466666666666669;1.5333333333333332;0.0;2025-10-27 21:10:00;1
27-10-2025;21:20:00;1008.9666666666667;15.4;1.6666666666666667;0.0;2025-10-27 21:20:00;1
27-10-2025;21:30:00;1009.0666666666666;15.433333333333335;1.5;0.2;2025-10-27 21:30:00;1
27-10-2025;21:40:00;1009.0666666666666;15.433333333333332;1.5999999999999999;0.0;2025-10-27 21:40:00;1
27-10-2025;21:50:00;1009.1333333333333;15.433333333333335;1.4666666666666668;0.0;2025-10-27 21:50:00;1
27-10-2025;22:00:00;1009.0666666666666;15.4;1.1333333333333333;0.0;2025-10-27 22:00:00;1
27-10-2025;22:10:00;1009.0666666666666;15.433333333333332;1.0333333333333332;1.8;2025-10-27 22:10:00;1
27-10-2025;22:20:00;1008.9333333333334;15.4;0.9333333333333332;0.0;2025-10-27 22:20:00;1
27-10-2025;22:30:00;1008.9333333333334;15.366666666666667;1.1333333333333333;0.2;2025-10-27 22:30:00;1
27-10-2025;22:40:00;1008.8666666666667;15.333333333333334;0.7666666666666666;0.0;2025-10-27 22:40:00;1
27-10-2025;22:50:00;1008.9;15.366666666666667;0.7666666666666666;0.0;2025-10-27 22:50:00;1
27-10-2025;23:00:00;1008.8666666666667;15.366666666666667;1.0;0.2;2025-10-27 23:00:00;1
27-10-2025;23:10:00;1008.8666666666667;15.266666666666667;1.5666666666666664;0.2;2025-10-27 23:10:00;1
27-10-2025;23:20:00;1008.8333333333334;15.133333333333333;1.5666666666666664;0.0;2025-10-27 23:20:00;1
27-10-2025;23:30:00;1008.8333333333334;15.066666666666668;1.3666666666666665;0.0;2025-10-27 23:30:00;1
27-10-2025;23:40:00;1008.85;15.05;1.15;0.0;2025-10-27 23:40:00;1
03-11-2025;08:50:00;1012.6;18.75;2.3;0.6;2025-11-03 08:50:00;1
03-11-2025;09:00:00;1012.5666666666666;18.7;2.066666666666667;0.8;2025-11-03 09:00:00;1
03-11-2025;09:10:00;1012.5666666666667;18.666666666666668;1.9000000000000001;0.2;2025-11-03 09:10:00;1
03-11-2025;09:20:00;1012.5666666666666;18.8;2.0;0.0;2025-11-03 09:20:00;1
03-11-2025;09:30:00;1012.5666666666666;19.0;2.2333333333333334;0.0;2025-11-03 09:30:00;1
03-11-2025;09:40:00;1012.55;19.1;2.3499999999999996;0.0;2025-11-03 09:40:00;1
03-11-2025;11:10:00;1012.7;19.45;3.65;0.6;2025-11-03 11:10:00;1
03-11-2025;11:20:00;1012.7;19.2;3.766666666666667;0.2;2025-11-03 11:20:00;1
03-11-2025;11:30:00;1012.7;18.766666666666666;3.633333333333333;0.0;2025-11-03 11:30:00;1
03-11-2025;11:40:00;1012.7666666666668;18.400000000000002;3.466666666666667;0.4;2025-11-03 11:40:00;1
03-11-2025;11:50:00;1012.8000000000001;18.299999999999997;2.8333333333333335;0.2;2025-11-03 11:50:00;1
03-11-2025;12:00:00;1012.8000000000001;18.46666666666667;2.3000000000000003;0.0;2025-11-03 12:00:00;1
03-11-2025;12:10:00;1012.7333333333332;18.933333333333334;2.1999999999999997;0.0;2025-11-03 12:10:00;1
03-11-2025;12:20:00;1012.7;19.200000000000003;2.25;0.0;2025-11-03 12:20:00;1
07-11-2025;20:30:00;1007.3499999999999;15.35;1.75;0.4;2025-11-07 20:30:00;1
07-11-2025;20:40:00;1007.3666666666667;15.200000000000001;1.2666666666666666;0.2;2025-11-07 20:40:00;1
07-11-2025;20:50:00;1007.4666666666667;14.9;0.6666666666666666;0.2;2025-11-07 20:50:00;1
07-11-2025;21:00:00;1007.5666666666666;14.733333333333334;0.3;0.0;2025-11-07 21:00:00;1
07-11-2025;21:10:00;1007.6666666666666;14.633333333333333;0.5333333333333333;0.0;2025-11-07 21:10:00;1
07-11-2025;21:20:00;1007.7;14.649999999999999;0.7999999999999999;0.0;2025-11-07 21:20:00;1
07-11-2025;23:00:00;1008.05;14.05;1.1;0.2;2025-11-07 23:00:00;1
07-11-2025;23:10:00;1007.9333333333334;13.966666666666667;1.2333333333333334;0.2;2025-11-07 23:10:00;1
07-11-2025;23:20:00;1007.7333333333332;13.799999999999999;1.633333333333333;0.2;2025-11-07 23:20:00;1
07-11-2025;23:30:00;1007.6333333333333;13.633333333333333;2.033333333333333;0.2;2025-11-07 23:30:00;1
07-11-2025;23:40:00;1007.5;13.5;2.233333333333333;0.0;2025-11-07 23:40:00;1
07-11-2025;23:50:00;1007.3333333333334;13.4;2.1333333333333333;0.0;2025-11-07 23:50:00;1
08-11-2025;00:00:00;1007.2;13.350000000000001;2.1;0.0;2025-11-08 00:00:00;1
08-11-2025;00:30:00;1006.6;13.3;1.9000000000000001;0.2;2025-11-08 00:30:00;1
08-11-2025;00:40:00;1006.6;13.266666666666666;1.5666666666666667;0.0;2025-11-08 00:40:00;1
08-11-2025;00:50:00;1006.5666666666666;13.166666666666666;1.2;0.0;2025-11-08 00:50:00;1
08-11-2025;01:00:00;1006.6;13.1;1.0;0.0;2025-11-08 01:00:00;1
08-11-2025;02:00:00;1006.85;13.2;0.8999999999999999;0.4;2025-11-08 02:00:00;1
08-11-2025;02:10:00;1006.8000000000001;13.2;1.2333333333333334;0.2;2025-11-08 02:10:00;1
08-11-2025;02:20:00;1006.7333333333332;13.2;1.1333333333333333;0.0;2025-11-08 02:20:00;1
08-11-2025;02:30:00;1006.6999999999999;13.166666666666666;1.1;0.0;2025-11-08 02:30:00;1
08-11-2025;02:40:00;1006.6999999999999;13.15;0.7000000000000002;0.0;2025-11-08 02:40:00;1
08-11-2025;04:00:00;1006.3;13.05;1.0;0.2;2025-11-08 04:00:00;1
08-11-2025;04:10:00;1006.3;13.066666666666668;1.0666666666666667;0.0;2025-11-08 04:10:00;1
08-11-2025;04:20:00;1006.3;13.066666666666665;1.1666666666666667;0.0;2025-11-08 04:20:00;1
08-11-2025;04:30:00;1006.3;13.1;1.05;0.0;2025-11-08 04:30:00;1
08-11-2025;13:00:00;1007.9;17.4;1.75;0.2;2025-11-08 13:00:00;1
08-11-2025;13:10:00;1007.9;17.400000000000002;1.8;0.0;2025-11-08 13:10:00;1
08-11-2025;13:20:00;1007.8666666666667;17.433333333333334;2.0;0.0;2025-11-08 13:20:00;1
08-11-2025;13:30:00;1007.85;17.5;1.9500000000000002;0.0;2025-11-08 13:30:00;1
08-11-2025;20:40:00;1009.3;15.05;2.45;0.2;2025-11-08 20:40:00;1
08-11-2025;20:50:00;1009.3;15.066666666666668;2.4;0.0;2025-11-08 20:50:00;1
08-11-2025;21:00:00;1009.3;15.033333333333333;2.1666666666666665;0.0;2025-11-08 21:00:00;1
08-11-2025;21:10:00;1009.3;15.0;2.05;0.0;2025-11-08 21:10:00;1
08-11-2025;22:40:00;1009.5;14.3;0.30000000000000004;0.2;2025-11-08 22:40:00;1
08-11-2025;22:50:00;1009.5;14.233333333333334;0.46666666666666673;0.0;2025-11-08 22:50:00;1
08-11-2025;23:00:00;1009.5;14.133333333333333;0.6666666666666666;0.0;2025-11-08 23:00:00;1
08-11-2025;23:10:00;1009.5;14.1;0.7666666666666666;0.0;2025-11-08 23:10:00;1
08-11-2025;23:20:00;1009.5;14.1;1.0;0.8;2025-11-08 23:20:00;1
08-11-2025;23:30:00;1009.5;14.1;1.3333333333333333;0.8;2025-11-08 23:30:00;1
08-11-2025;23:40:00;1009.5;14.066666666666668;1.7666666666666666;0.8;2025-11-08 23:40:00;1
08-11-2025;23:50:00;1009.5333333333333;14.0;2.0;0.6;2025-11-08 23:50:00;1
09-11-2025;00:00:00;1009.5333333333333;13.9;2.2333333333333334;0.6;2025-11-09 00:00:00;1
09-11-2025;00:10:00;1009.5333333333333;13.833333333333334;2.1999999999999997;0.4;2025-11-09 00:10:00;1
09-11-2025;00:20:00;1009.5;13.8;1.9333333333333333;0.4;2025-11-09 00:20:00;1
09-11-2025;00:30:00;1009.5333333333334;13.8;1.2666666666666666;0.4;2025-11-09 00:30:00;1
09-11-2025;00:40:00;1009.5333333333334;13.8;0.7333333333333333;0.4;2025-11-09 00:40:00;1
09-11-2025;00:50:00;1009.5333333333334;13.8;0.5666666666666667;0.2;2025-11-09 00:50:00;1
09-11-2025;01:00:00;1009.5;13.766666666666667;0.7666666666666666;0.2;2025-11-09 01:00:00;1
09-11-2025;01:10:00;1009.5333333333333;13.733333333333333;1.0333333333333334;0.0;2025-11-09 01:10:00;1
09-11-2025;01:20:00;1009.5;13.666666666666666;1.1666666666666667;0.2;2025-11-09 01:20:00;1
09-11-2025;01:30:00;1009.4666666666667;13.633333333333333;1.2;0.2;2025-11-09 01:30:00;1
09-11-2025;01:40:00;1009.4;13.6;1.2333333333333334;0.2;2025-11-09 01:40:00;1
09-11-2025;01:50:00;1009.4;13.6;1.1333333333333335;0.0;2025-11-09 01:50:00;1
09-11-2025;02:00:00;1009.3666666666667;13.633333333333333;1.0666666666666667;0.0;2025-11-09 02:00:00;1
09-11-2025;02:10:00;1009.3333333333334;13.666666666666666;1.2;0.2;2025-11-09 02:10:00;1
09-11-2025;02:20:00;1009.1999999999999;13.7;1.3666666666666665;0.0;2025-11-09 02:20:00;1
09-11-2025;02:30:00;1009.0333333333333;13.733333333333334;1.4666666666666668;0.0;2025-11-09 02:30:00;1
09-11-2025;02:40:00;1008.8999999999999;13.75;1.4000000000000004;0.0;2025-11-09 02:40:00;1
09-11-2025;05:10:00;1008.6;13.8;1.1;0.2;2025-11-09 05:10:00;1
09-11-2025;05:20:00;1008.5666666666666;13.933333333333332;1.3333333333333333;0.0;2025-11-09 05:20:00;1
09-11-2025;05:30:00;1008.5;14.166666666666666;1.6666666666666667;0.0;2025-11-09 05:30:00;1
09-11-2025;05:40:00;1008.5;14.3;1.9;0.0;2025-11-09 05:40:00;1
18-11-2025;02:30:00;1007.7;15.45;2.0;0.2;2025-11-18 02:30:00;1
18-11-2025;02:40:00;1007.5666666666666;15.5;1.9333333333333336;0.0;2025-11-18 02:40:00;1
18-11-2025;02:50:00;1007.4333333333334;15.6;1.8666666666666665;0.0;2025-11-18 02:50:00;1
18-11-2025;03:00:00;1007.3500000000001;15.649999999999999;1.9;0.0;2025-11-18 03:00:00;1
18-11-2025;07:30:00;1007.1;15.6;1.9;1.4;2025-11-18 07:30:00;1
18-11-2025;07:40:00;1007.0666666666666;15.666666666666666;2.0;1.6;2025-11-18 07:40:00;1
18-11-2025;07:50:00;1007.1333333333333;15.666666666666666;1.9666666666666668;0.2;2025-11-18 07:50:00;1
18-11-2025;08:00:00;1007.3000000000001;15.633333333333333;1.7333333333333336;0.2;2025-11-18 08:00:00;1
18-11-2025;08:10:00;1007.5666666666666;15.433333333333332;1.8;0.0;2025-11-18 08:10:00;1
18-11-2025;08:20:00;1007.7333333333332;15.299999999999999;2.066666666666667;0.0;2025-11-18 08:20:00;1
18-11-2025;08:30:00;1007.9;15.266666666666667;2.3000000000000003;2.0;2025-11-18 08:30:00;1
18-11-2025;08:40:00;1007.9;15.333333333333334;2.2;0.4;2025-11-18 08:40:00;1
18-11-2025;08:50:00;1007.9;15.366666666666667;2.1333333333333337;0.0;2025-11-18 08:50:00;1
18-11-2025;09:00:00;1007.6666666666666;15.433333333333332;2.166666666666667;0.2;2025-11-18 09:00:00;1
18-11-2025;09:10:00;1007.5;15.466666666666667;2.566666666666667;0.0;2025-11-18 09:10:00;1
18-11-2025;09:20:00;1007.2666666666668;15.533333333333333;2.966666666666667;0.0;2025-11-18 09:20:00;1
18-11-2025;09:30:00;1007.2333333333332;15.566666666666668;3.466666666666667;0.4;2025-11-18 09:30:00;1
18-11-2025;09:40:00;1007.3666666666668;15.6;3.9;0.2;2025-11-18 09:40:00;1
18-11-2025;09:50:00;1007.6333333333333;15.6;3.6666666666666665;0.0;2025-11-18 09:50:00;1
18-11-2025;10:00:00;1007.9;15.533333333333331;3.3666666666666667;0.8;2025-11-18 10:00:00;1
18-11-2025;10:10:00;1007.9666666666667;15.4;3.033333333333333;5.6;2025-11-18 10:10:00;1
18-11-2025;10:20:00;1008.0999999999999;15.233333333333333;2.9;9.0;2025-11-18 10:20:00;1
18-11-2025;10:30:00;1008.1;15.1;2.6999999999999997;2.8;2025-11-18 10:30:00;1
18-11-2025;10:40:00;1008.1999999999999;15.0;2.066666666666667;3.2;2025-11-18 10:40:00;1
18-11-2025;10:50:00;1008.2000000000002;14.9;1.4333333333333333;1.6;2025-11-18 10:50:00;1
18-11-2025;11:00:00;1008.1333333333333;14.799999999999999;1.2;0.8;2025-11-18 11:00:00;1
18-11-2025;11:10:00;1008.0;14.700000000000001;1.2;0.8;2025-11-18 11:10:00;1
18-11-2025;11:20:00;1007.7666666666668;14.666666666666666;2.066666666666667;0.8;2025-11-18 11:20:00;1
18-11-2025;11:30:00;1007.6999999999999;14.666666666666666;1.9333333333333336;0.4;2025-11-18 11:30:00;1
18-11-2025;11:40:00;1007.5666666666667;14.7;1.6333333333333335;0.2;2025-11-18 11:40:00;1
18-11-2025;11:50:00;1007.4666666666667;14.733333333333334;0.9333333333333335;0.4;2025-11-18 11:50:00;1
18-11-2025;12:00:00;1007.3666666666667;14.766666666666666;0.9333333333333335;0.2;2025-11-18 12:00:00;1
18-11-2025;12:10:00;1007.3333333333334;14.8;1.3;0.0;2025-11-18 12:10:00;1
18-11-2025;12:20:00;1007.3000000000001;14.833333333333334;1.6333333333333335;0.2;2025-11-18 12:20:00;1
18-11-2025;12:30:00;1007.2666666666668;14.833333333333334;1.8;0.0;2025-11-18 12:30:00;1
18-11-2025;12:40:00;1007.2666666666668;14.833333333333334;1.7666666666666666;0.0;2025-11-18 12:40:00;1
18-11-2025;12:50:00;1007.3;14.8;1.7;0.0;2025-11-18 12:50:00;1
18-11-2025;13:30:00;1007.25;14.75;2.2;0.2;2025-11-18 13:30:00;1
18-11-2025;13:40:00;1007.3666666666667;14.633333333333333;2.033333333333333;0.2;2025-11-18 13:40:00;1
18-11-2025;13:50:00;1007.4333333333334;14.433333333333332;1.4666666666666668;3.2;2025-11-18 13:50:00;1
18-11-2025;14:00:00;1007.2333333333332;14.299999999999999;1.6666666666666667;3.6;2025-11-18 14:00:00;1
18-11-2025;14:10:00;1006.9666666666667;14.333333333333334;1.8333333333333333;1.2;2025-11-18 14:10:00;1
18-11-2025;14:20:00;1006.8666666666667;14.433333333333332;2.1;0.0;2025-11-18 14:20:00;1
18-11-2025;14:30:00;1006.8666666666667;14.5;2.2333333333333334;0.0;2025-11-18 14:30:00;1
18-11-2025;14:40:00;1006.8999999999999;14.5;2.25;0.0;2025-11-18 14:40:00;1
18-11-2025;15:20:00;1006.9;15.149999999999999;1.15;0.2;2025-11-18 15:20:00;1
18-11-2025;15:30:00;1006.8666666666667;15.166666666666666;1.1333333333333333;0.0;2025-11-18 15:30:00;1
18-11-2025;15:40:00;1006.8666666666667;15.2;1.0;0.2;2025-11-18 15:40:00;1
18-11-2025;15:50:00;1006.8;15.2;0.7999999999999999;0.0;2025-11-18 15:50:00;1
18-11-2025;16:00:00;1006.8;15.166666666666666;0.6333333333333333;0.0;2025-11-18 16:00:00;1
18-11-2025;16:10:00;1006.8;15.150000000000002;0.44999999999999996;0.0;2025-11-18 16:10:00;1
18-11-2025;17:10:00;1007.1500000000001;14.7;0.15;0.2;2025-11-18 17:10:00;1
18-11-2025;17:20:00;1007.1666666666666;14.7;0.16666666666666666;0.0;2025-11-18 17:20:00;1
18-11-2025;17:30:00;1007.2333333333335;14.7;0.26666666666666666;0.0;2025-11-18 17:30:00;1
18-11-2025;17:40:00;1007.25;14.7;0.4;0.0;2025-11-18 17:40:00;1
18-11-2025;19:00:00;1008.0;14.5;1.05;0.2;2025-11-18 19:00:00;1
18-11-2025;19:10:00;1008.0666666666666;14.5;0.9;0.0;2025-11-18 19:10:00;1
18-11-2025;19:20:00;1008.1666666666666;14.5;1.0333333333333334;0.0;2025-11-18 19:20:00;1
18-11-2025;19:30:00;1008.2333333333332;14.5;0.6666666666666666;0.0;2025-11-18 19:30:00;1
18-11-2025;19:40:00;1008.3000000000001;14.5;0.6666666666666666;0.2;2025-11-18 19:40:00;1
18-11-2025;19:50:00;1008.3666666666667;14.466666666666667;0.5333333333333333;0.6;2025-11-18 19:50:00;1
18-11-2025;20:00:00;1008.3666666666667;14.433333333333332;0.7999999999999999;0.4;2025-11-18 20:00:00;1
18-11-2025;20:10:00;1008.3666666666667;14.4;1.0999999999999999;0.6;2025-11-18 20:10:00;1
18-11-2025;20:20:00;1008.4;14.433333333333335;1.4333333333333336;0.4;2025-11-18 20:20:00;1
18-11-2025;20:30:00;1008.4666666666667;14.466666666666667;1.5666666666666667;0.8;2025-11-18 20:30:00;1
18-11-2025;20:40:00;1008.4666666666666;14.5;1.5;0.4;2025-11-18 20:40:00;1
18-11-2025;20:50:00;1008.4333333333333;14.5;1.4666666666666668;1.0;2025-11-18 20:50:00;1
18-11-2025;21:00:00;1008.4333333333333;14.466666666666669;1.3;0.4;2025-11-18 21:00:00;1
18-11-2025;21:10:00;1008.4666666666667;14.4;1.366666666666667;0.6;2025-11-18 21:10:00;1
18-11-2025;21:20:00;1008.5;14.300000000000002;1.2000000000000002;0.2;2025-11-18 21:20:00;1
18-11-2025;21:30:00;1008.5;14.166666666666666;1.3999999999999997;0.0;2025-11-18 21:30:00;1
18-11-2025;21:40:00;1008.5;14.033333333333333;1.3999999999999997;0.0;2025-11-18 21:40:00;1
18-11-2025;21:50:00;1008.5;13.950000000000001;1.5999999999999996;0.0;2025-11-18 21:50:00;1
18-11-2025;23:10:00;1008.7;13.9;2.75;0.2;2025-11-18 23:10:00;1
18-11-2025;23:20:00;1008.6333333333333;13.9;2.9333333333333336;0.0;2025-11-18 23:20:00;1
18-11-2025;23:30:00;1008.5666666666666;13.933333333333335;3.4333333333333336;0.0;2025-11-18 23:30:00;1
18-11-2025;23:40:00;1008.5;13.950000000000001;3.7;0.0;2025-11-18 23:40:00;1
19-11-2025;03:00:00;1007.8499999999999;13.3;2.05;0.2;2025-11-19 03:00:00;1
19-11-2025;03:10:00;1007.8333333333334;13.366666666666667;2.1333333333333333;0.0;2025-11-19 03:10:00;1
19-11-2025;03:20:00;1007.7666666666665;13.366666666666667;2.766666666666666;0.0;2025-11-19 03:20:00;1
19-11-2025;03:30:00;1007.75;13.4;3.05;0.0;2025-11-19 03:30:00;1
19-11-2025;03:50:00;1007.6;13.05;2.8;0.2;2025-11-19 03:50:00;1
19-11-2025;04:00:00;1007.5333333333333;13.033333333333333;2.533333333333333;0.0;2025-11-19 04:00:00;1
19-11-2025;04:10:00;1007.4666666666667;13.066666666666668;2.1;0.0;2025-11-19 04:10:00;1
19-11-2025;04:20:00;1007.4;13.05;2.0;0.0;2025-11-19 04:20:00;1
19-11-2025;06:00:00;1007.3;13.350000000000001;1.75;0.2;2025-11-19 06:00:00;1
19-11-2025;06:10:00;1007.3333333333334;13.366666666666667;1.8;0.0;2025-11-19 06:10:00;1
19-11-2025;06:20:00;1007.4333333333334;13.4;1.8333333333333333;0.0;2025-11-19 06:20:00;1
19-11-2025;06:30:00;1007.5000000000001;13.4;1.95;0.0;2025-11-19 06:30:00;1
20-11-2025;11:00:00;1007.0;14.350000000000001;2.55;0.2;2025-11-20 11:00:00;1
20-11-2025;11:10:00;1007.0;14.4;2.1999999999999997;0.0;2025-11-20 11:10:00;1
20-11-2025;11:20:00;1006.9333333333334;14.533333333333333;1.4333333333333333;0.0;2025-11-20 11:20:00;1
20-11-2025;11:30:00;1006.9000000000001;14.600000000000001;1.45;0.0;2025-11-20 11:30:00;1
20-11-2025;11:50:00;1006.5;15.25;1.8;0.2;2025-11-20 11:50:00;1
20-11-2025;12:00:00;1006.4;15.366666666666667;1.5666666666666667;0.0;2025-11-20 12:00:00;1
20-11-2025;12:10:00;1006.2333333333332;15.566666666666665;1.5666666666666667;0.0;2025-11-20 12:10:00;1
20-11-2025;12:20:00;1006.0999999999999;15.649999999999999;1.55;0.0;2025-11-20 12:20:00;1
20-11-2025;14:10:00;1004.75;16.799999999999997;4.55;1.4;2025-11-20 14:10:00;1
20-11-2025;14:20:00;1004.6333333333333;16.599999999999998;4.166666666666667;0.2;2025-11-20 14:20:00;1
20-11-2025;14:30:00;1004.4666666666666;16.3;3.6;0.0;2025-11-20 14:30:00;1
20-11-2025;14:40:00;1004.3666666666667;16.433333333333334;3.6666666666666665;0.0;2025-11-20 14:40:00;1
20-11-2025;14:50:00;1004.3499999999999;16.55;3.8000000000000003;0.0;2025-11-20 14:50:00;1
20-11-2025;15:40:00;1005.0;15.649999999999999;4.65;0.2;2025-11-20 15:40:00;1
20-11-2025;15:50:00;1005.0333333333333;15.233333333333334;4.333333333333333;0.4;2025-11-20 15:50:00;1
20-11-2025;16:00:00;1005.0666666666666;14.466666666666667;3.766666666666667;2.0;2025-11-20 16:00:00;1
20-11-2025;16:10:00;1005.1;14.0;3.4;1.0;2025-11-20 16:10:00;1
20-11-2025;16:20:00;1005.1666666666666;13.833333333333334;2.6999999999999997;0.6;2025-11-20 16:20:00;1
20-11-2025;16:30:00;1005.2666666666668;13.866666666666667;1.866666666666667;0.2;2025-11-20 16:30:00;1
20-11-2025;16:40:00;1005.3666666666667;13.933333333333332;1.2;0.4;2025-11-20 16:40:00;1
20-11-2025;16:50:00;1005.4;13.933333333333332;1.0333333333333334;0.2;2025-11-20 16:50:00;1
20-11-2025;17:00:00;1005.4;13.866666666666667;1.2;0.4;2025-11-20 17:00:00;1
20-11-2025;17:10:00;1005.2999999999998;13.733333333333334;1.866666666666667;0.6;2025-11-20 17:10:00;1
20-11-2025;17:20:00;1005.1999999999999;13.533333333333333;2.433333333333333;0.4;2025-11-20 17:20:00;1
20-11-2025;17:30:00;1005.1999999999999;13.366666666666667;2.533333333333333;0.8;2025-11-20 17:30:00;1
20-11-2025;17:40:00;1005.1999999999999;13.3;2.6;0.8;2025-11-20 17:40:00;1
20-11-2025;17:50:00;1005.2000000000002;13.3;2.6;1.0;2025-11-20 17:50:00;1
20-11-2025;18:00:00;1005.0666666666666;13.333333333333334;2.6999999999999997;0.4;2025-11-20 18:00:00;1
20-11-2025;18:10:00;1005.0666666666667;13.366666666666667;2.733333333333333;0.2;2025-11-20 18:10:00;1
20-11-2025;18:20:00;1005.0333333333333;13.4;2.8000000000000003;0.2;2025-11-20 18:20:00;1
20-11-2025;18:30:00;1005.0;13.433333333333335;3.0666666666666664;0.4;2025-11-20 18:30:00;1
20-11-2025;18:40:00;1004.9333333333334;13.5;3.0666666666666664;0.2;2025-11-20 18:40:00;1
20-11-2025;18:50:00;1004.9;13.566666666666668;2.966666666666667;0.2;2025-11-20 18:50:00;1
20-11-2025;19:00:00;1004.9333333333334;13.566666666666668;2.8000000000000003;0.4;2025-11-20 19:00:00;1
20-11-2025;19:10:00;1004.9333333333333;13.533333333333333;2.733333333333334;0.4;2025-11-20 19:10:00;1
20-11-2025;19:20:00;1004.9;13.466666666666667;2.6333333333333333;1.0;2025-11-20 19:20:00;1
20-11-2025;19:30:00;1004.9;13.4;2.533333333333333;0.2;2025-11-20 19:30:00;1
20-11-2025;19:40:00;1005.0333333333333;13.299999999999999;2.3333333333333335;0.4;2025-11-20 19:40:00;1
20-11-2025;19:50:00;1005.1333333333333;13.166666666666666;2.1333333333333333;0.4;2025-11-20 19:50:00;1
20-11-2025;20:00:00;1005.2333333333332;13.033333333333333;1.9333333333333333;0.8;2025-11-20 20:00:00;1
20-11-2025;20:10:00;1005.2333333333332;12.933333333333332;1.9333333333333336;0.2;2025-11-20 20:10:00;1
20-11-2025;20:20:00;1005.2333333333332;12.933333333333332;1.9666666666666668;0.2;2025-11-20 20:20:00;1
20-11-2025;20:30:00;1005.1333333333333;12.966666666666669;2.1666666666666665;0.4;2025-11-20 20:30:00;1
20-11-2025;20:40:00;1005.0666666666666;13.0;2.3000000000000003;0.8;2025-11-20 20:40:00;1
20-11-2025;20:50:00;1005.0333333333334;13.0;2.533333333333333;0.8;2025-11-20 20:50:00;1
20-11-2025;21:00:00;1005.1333333333333;13.0;2.5;0.8;2025-11-20 21:00:00;1
20-11-2025;21:10:00;1005.1333333333333;13.0;2.433333333333333;1.2;2025-11-20 21:10:00;1
20-11-2025;21:20:00;1005.1666666666666;13.0;2.433333333333333;0.8;2025-11-20 21:20:00;1
20-11-2025;21:30:00;1005.1;13.0;2.3000000000000003;0.4;2025-11-20 21:30:00;1
20-11-2025;21:40:00;1005.1;12.966666666666667;2.033333333333333;0.4;2025-11-20 21:40:00;1
20-11-2025;21:50:00;1005.1;12.933333333333332;1.5999999999999999;0.2;2025-11-20 21:50:00;1
20-11-2025;22:00:00;1005.1;12.9;1.2333333333333334;0.0;2025-11-20 22:00:00;1
20-11-2025;22:10:00;1005.1;12.933333333333335;0.9666666666666668;0.6;2025-11-20 22:10:00;1
20-11-2025;22:20:00;1005.1;12.933333333333332;0.8666666666666667;0.4;2025-11-20 22:20:00;1
20-11-2025;22:30:00;1005.0666666666666;12.933333333333335;0.9333333333333332;1.0;2025-11-20 22:30:00;1
20-11-2025;22:40:00;1005.1333333333333;12.9;1.2333333333333334;0.4;2025-11-20 22:40:00;1
20-11-2025;22:50:00;1005.1333333333333;12.866666666666667;1.6333333333333335;0.4;2025-11-20 22:50:00;1
20-11-2025;23:00:00;1005.1666666666666;12.833333333333334;1.8333333333333333;1.0;2025-11-20 23:00:00;1
20-11-2025;23:10:00;1005.1;12.8;1.7666666666666668;0.4;2025-11-20 23:10:00;1
20-11-2025;23:20:00;1005.1;12.733333333333334;1.3333333333333333;0.2;2025-11-20 23:20:00;1
20-11-2025;23:30:00;1005.0333333333333;12.666666666666666;0.8333333333333334;0.4;2025-11-20 23:30:00;1
20-11-2025;23:40:00;1004.9333333333334;12.6;0.7999999999999999;0.6;2025-11-20 23:40:00;1
20-11-2025;23:50:00;1004.7666666666668;12.533333333333331;1.0;0.4;2025-11-20 23:50:00;1
21-11-2025;00:00:00;1004.6333333333332;12.466666666666667;1.5333333333333332;0.0;2025-11-21 00:00:00;1
21-11-2025;00:10:00;1004.5333333333334;12.4;1.5999999999999999;0.0;2025-11-21 00:10:00;1
21-11-2025;00:20:00;1004.5;12.4;1.65;0.0;2025-11-21 00:20:00;1
21-11-2025;00:50:00;1004.4;12.45;1.8;0.2;2025-11-21 00:50:00;1
21-11-2025;01:00:00;1004.4;12.466666666666667;1.4333333333333333;0.0;2025-11-21 01:00:00;1
21-11-2025;01:10:00;1004.3666666666667;12.5;1.1666666666666667;0.0;2025-11-21 01:10:00;1
21-11-2025;01:20:00;1004.35;12.5;0.8499999999999999;0.0;2025-11-21 01:20:00;1
21-11-2025;02:00:00;1004.3;12.4;1.95;0.2;2025-11-21 02:00:00;1
21-11-2025;02:10:00;1004.3;12.366666666666667;2.0;0.2;2025-11-21 02:10:00;1
21-11-2025;02:20:00;1004.2666666666668;12.333333333333334;2.033333333333333;0.2;2025-11-21 02:20:00;1
21-11-2025;02:30:00;1004.2333333333332;12.266666666666666;2.0666666666666664;0.0;2025-11-21 02:30:00;1
21-11-2025;02:40:00;1004.2333333333332;12.233333333333334;1.9333333333333333;0.0;2025-11-21 02:40:00;1
21-11-2025;02:50:00;1004.2499999999999;12.2;1.8499999999999999;0.0;2025-11-21 02:50:00;1
21-11-2025;03:10:00;1004.25;12.05;1.45;0.2;2025-11-21 03:10:00;1
21-11-2025;03:20:00;1004.2333333333332;12.0;1.5999999999999999;0.2;2025-11-21 03:20:00;1
21-11-2025;03:30:00;1004.1666666666666;11.9;1.9333333333333333;0.4;2025-11-21 03:30:00;1
21-11-2025;03:40:00;1004.0666666666666;11.833333333333334;2.3;0.4;2025-11-21 03:40:00;1
21-11-2025;03:50:00;1003.9333333333334;11.833333333333334;2.766666666666667;0.4;2025-11-21 03:50:00;1
21-11-2025;04:00:00;1003.8333333333334;11.833333333333334;3.1666666666666665;0.0;2025-11-21 04:00:00;1
21-11-2025;04:10:00;1003.6666666666666;11.833333333333334;3.1;0.0;2025-11-21 04:10:00;1
21-11-2025;04:20:00;1003.5333333333333;11.766666666666667;2.966666666666667;0.2;2025-11-21 04:20:00;1
21-11-2025;04:30:00;1003.4333333333334;11.733333333333333;2.6999999999999997;0.0;2025-11-21 04:30:00;1
21-11-2025;04:40:00;1003.4;11.666666666666666;2.566666666666667;0.0;2025-11-21 04:40:00;1
21-11-2025;04:50:00;1003.4;11.649999999999999;2.4000000000000004;0.0;2025-11-21 04:50:00;1
21-11-2025;07:20:00;1004.25;11.05;1.15;0.2;2025-11-21 07:20:00;1
21-11-2025;07:30:00;1004.2333333333332;11.033333333333333;1.4333333333333333;0.2;2025-11-21 07:30:00;1
21-11-2025;07:40:00;1004.2666666666668;11.0;1.6666666666666667;0.2;2025-11-21 07:40:00;1
21-11-2025;07:50:00;1004.4;11.0;1.7;0.2;2025-11-21 07:50:00;1
21-11-2025;08:00:00;1004.5333333333333;11.0;1.3333333333333333;0.0;2025-11-21 08:00:00;1
21-11-2025;08:10:00;1004.6999999999999;11.0;1.0999999999999999;0.0;2025-11-21 08:10:00;1
21-11-2025;08:20:00;1004.8333333333334;11.033333333333331;0.8666666666666666;0.2;2025-11-21 08:20:00;1
21-11-2025;08:30:00;1005.0;11.066666666666665;0.7666666666666666;0.2;2025-11-21 08:30:00;1
21-11-2025;08:40:00;1005.1333333333333;11.1;0.7999999999999998;0.4;2025-11-21 08:40:00;1
21-11-2025;08:50:00;1005.2666666666668;11.1;0.9333333333333332;0.2;2025-11-21 08:50:00;1
21-11-2025;09:00:00;1005.3333333333334;11.1;0.9666666666666667;0.6;2025-11-21 09:00:00;1
21-11-2025;09:10:00;1005.3333333333334;11.1;0.8666666666666666;0.4;2025-11-21 09:10:00;1
21-11-2025;09:20:00;1005.3;11.066666666666665;0.6666666666666666;0.2;2025-11-21 09:20:00;1
21-11-2025;09:30:00;1005.2333333333332;11.066666666666668;0.8666666666666666;0.2;2025-11-21 09:30:00;1
21-11-2025;09:40:00;1005.1666666666666;11.166666666666666;1.0333333333333332;0.2;2025-11-21 09:40:00;1
21-11-2025;09:50:00;1005.1666666666666;11.299999999999999;1.5666666666666664;0.0;2025-11-21 09:50:00;1
21-11-2025;10:00:00;1005.2666666666668;11.466666666666667;1.7333333333333332;0.0;2025-11-21 10:00:00;1
21-11-2025;10:10:00;1005.3666666666667;11.600000000000001;1.8999999999999997;0.0;2025-11-21 10:10:00;1
21-11-2025;10:20:00;1005.4;11.766666666666666;1.7333333333333332;0.2;2025-11-21 10:20:00;1
21-11-2025;10:30:00;1005.4333333333333;11.833333333333334;1.633333333333333;0.0;2025-11-21 10:30:00;1
21-11-2025;10:40:00;1005.4333333333334;11.866666666666667;1.5666666666666664;0.0;2025-11-21 10:40:00;1
21-11-2025;10:50:00;1005.45;11.85;1.5999999999999996;0.0;2025-11-21 10:50:00;1
21-11-2025;11:40:00;1005.3499999999999;11.850000000000001;1.25;0.2;2025-11-21 11:40:00;1
21-11-2025;11:50:00;1005.1999999999999;11.866666666666667;1.3666666666666665;0.0;2025-11-21 11:50:00;1
21-11-2025;12:00:00;1005.0333333333333;11.9;1.5;0.0;2025-11-21 12:00:00;1
21-11-2025;12:10:00;1004.9;11.9;1.7;0.0;2025-11-21 12:10:00;1
21-11-2025;12:30:00;1005.3499999999999;11.95;1.75;0.2;2025-11-21 12:30:00;1
21-11-2025;12:40:00;1005.3333333333334;11.9;1.5333333333333332;0.2;2025-11-21 12:40:00;1
21-11-2025;12:50:00;1005.2666666666668;11.833333333333334;1.1;0.2;2025-11-21 12:50:00;1
21-11-2025;13:00:00;1005.1666666666666;11.866666666666667;0.8333333333333334;0.2;2025-11-21 13:00:00;1
21-11-2025;13:10:00;1005.1;11.9;0.9666666666666667;0.0;2025-11-21 13:10:00;1
21-11-2025;13:20:00;1005.0;11.9;1.3333333333333333;0.0;2025-11-21 13:20:00;1
21-11-2025;13:30:00;1004.9333333333334;11.766666666666667;1.5333333333333332;0.2;2025-11-21 13:30:00;1
21-11-2025;13:40:00;1004.8666666666667;11.733333333333334;1.4000000000000001;0.0;2025-11-21 13:40:00;1
21-11-2025;13:50:00;1004.9333333333334;11.733333333333334;1.2;0.0;2025-11-21 13:50:00;1
21-11-2025;14:00:00;1004.95;11.8;1.1;0.0;2025-11-21 14:00:00;1
21-11-2025;19:00:00;1005.4;11.0;2.5;0.2;2025-11-21 19:00:00;1
21-11-2025;19:10:00;1005.4666666666667;11.0;2.3333333333333335;0.0;2025-11-21 19:10:00;1
21-11-2025;19:20:00;1005.6;11.0;2.233333333333333;0.0;2025-11-21 19:20:00;1
21-11-2025;19:30:00;1005.6666666666666;11.0;2.233333333333333;0.0;2025-11-21 19:30:00;1
21-11-2025;19:40:00;1005.7;11.0;2.1666666666666665;0.2;2025-11-21 19:40:00;1
21-11-2025;19:50:00;1005.8000000000001;11.033333333333333;1.633333333333333;0.2;2025-11-21 19:50:00;1
21-11-2025;20:00:00;1005.9666666666667;11.033333333333333;1.2;0.2;2025-11-21 20:00:00;1
21-11-2025;20:10:00;1006.3333333333334;11.0;1.1333333333333335;0.4;2025-11-21 20:10:00;1
21-11-2025;20:20:00;1006.5333333333333;10.466666666666667;2.3666666666666667;0.8;2025-11-21 20:20:00;1
21-11-2025;20:30:00;1006.6666666666666;9.866666666666665;2.8333333333333335;1.4;2025-11-21 20:30:00;1
21-11-2025;20:40:00;1006.5666666666666;9.233333333333333;2.9333333333333336;1.2;2025-11-21 20:40:00;1
21-11-2025;20:50:00;1006.5333333333333;9.066666666666666;2.1;0.4;2025-11-21 20:50:00;1
21-11-2025;21:00:00;1006.4333333333334;9.066666666666666;1.9666666666666668;0.2;2025-11-21 21:00:00;1
21-11-2025;21:10:00;1006.3333333333334;9.166666666666666;1.8999999999999997;0.2;2025-11-21 21:10:00;1
21-11-2025;21:20:00;1006.2666666666668;9.299999999999999;1.7333333333333334;0.0;2025-11-21 21:20:00;1
21-11-2025;21:30:00;1006.1333333333332;9.4;1.6666666666666667;0.2;2025-11-21 21:30:00;1
21-11-2025;21:40:00;1006.0666666666666;9.466666666666667;1.7333333333333332;0.2;2025-11-21 21:40:00;1
21-11-2025;21:50:00;1005.9333333333333;9.533333333333333;1.633333333333333;0.2;2025-11-21 21:50:00;1
21-11-2025;22:00:00;1005.9666666666667;9.533333333333333;1.5333333333333332;0.0;2025-11-21 22:00:00;1
21-11-2025;22:10:00;1005.9333333333334;9.5;1.5;0.0;2025-11-21 22:10:00;1
21-11-2025;22:20:00;1005.9666666666666;9.4;1.8;0.2;2025-11-21 22:20:00;1
21-11-2025;22:30:00;1005.9666666666666;9.333333333333334;2.3333333333333335;0.2;2025-11-21 22:30:00;1
21-11-2025;22:40:00;1006.0666666666666;9.266666666666667;2.6333333333333333;0.4;2025-11-21 22:40:00;1
21-11-2025;22:50:00;1006.1666666666666;9.233333333333333;2.566666666666667;0.8;2025-11-21 22:50:00;1
21-11-2025;23:00:00;1006.2333333333332;9.2;2.033333333333333;1.0;2025-11-21 23:00:00;1
21-11-2025;23:10:00;1006.1666666666666;9.2;1.5999999999999999;1.2;2025-11-21 23:10:00;1
21-11-2025;23:20:00;1006.0333333333333;9.2;1.4666666666666668;0.6;2025-11-21 23:20:00;1
21-11-2025;23:30:00;1005.8666666666667;9.2;1.5666666666666667;0.0;2025-11-21 23:30:00;1
21-11-2025;23:40:00;1005.8333333333334;9.166666666666666;1.5666666666666667;0.0;2025-11-21 23:40:00;1
21-11-2025;23:50:00;1005.8;9.149999999999999;1.6;0.0;2025-11-21 23:50:00;1
22-11-2025;01:00:00;1004.9;9.1;1.65;0.2;2025-11-22 01:00:00;1
22-11-2025;01:10:00;1004.8666666666667;9.133333333333333;1.5;0.0;2025-11-22 01:10:00;1
22-11-2025;01:20:00;1004.9666666666667;9.2;1.3666666666666665;0.0;2025-11-22 01:20:00;1
22-11-2025;01:30:00;1004.95;9.25;1.2999999999999998;0.0;2025-11-22 01:30:00;1
22-11-2025;01:50:00;1005.7;9.350000000000001;2.5;0.2;2025-11-22 01:50:00;1
22-11-2025;02:00:00;1005.5666666666666;9.266666666666667;2.8000000000000003;0.4;2025-11-22 02:00:00;1
22-11-2025;02:10:00;1005.4;9.133333333333333;2.3666666666666667;0.6;2025-11-22 02:10:00;1
22-11-2025;02:20:00;1005.1999999999999;9.033333333333333;2.6;0.4;2025-11-22 02:20:00;1
22-11-2025;02:30:00;1005.0666666666666;8.966666666666667;2.4;0.4;2025-11-22 02:30:00;1
22-11-2025;02:40:00;1004.9333333333334;8.933333333333334;2.6666666666666665;0.0;2025-11-22 02:40:00;1
22-11-2025;02:50:00;1004.9666666666666;8.866666666666667;2.1333333333333333;0.0;2025-11-22 02:50:00;1
22-11-2025;03:00:00;1005.0;8.850000000000001;1.7999999999999998;0.0;2025-11-22 03:00:00;1
22-11-2025;04:50:00;1006.2;8.6;2.25;0.2;2025-11-22 04:50:00;1
22-11-2025;05:00:00;1006.2;8.6;1.8666666666666665;0.6;2025-11-22 05:00:00;1
22-11-2025;05:10:00;1006.2333333333332;8.6;1.4333333333333333;0.2;2025-11-22 05:10:00;1
22-11-2025;05:20:00;1006.2333333333332;8.533333333333333;0.7333333333333334;0.0;2025-11-22 05:20:00;1
22-11-2025;05:30:00;1006.3333333333334;8.5;0.7333333333333334;0.0;2025-11-22 05:30:00;1
22-11-2025;05:40:00;1006.35;8.5;0.7500000000000001;0.0;2025-11-22 05:40:00;1
22-11-2025;10:30:00;1008.25;8.75;3.45;0.2;2025-11-22 10:30:00;1
22-11-2025;10:40:00;1008.4;8.700000000000001;3.4;0.0;2025-11-22 10:40:00;1
22-11-2025;10:50:00;1008.6333333333333;8.700000000000001;3.233333333333333;0.0;2025-11-22 10:50:00;1
22-11-2025;11:00:00;1008.6666666666666;8.799999999999999;3.3333333333333335;0.0;2025-11-22 11:00:00;1
22-11-2025;11:10:00;1008.5;8.833333333333334;3.6666666666666665;0.2;2025-11-22 11:10:00;1
22-11-2025;11:20:00;1008.0333333333333;8.700000000000001;4.366666666666666;0.2;2025-11-22 11:20:00;1
22-11-2025;11:30:00;1007.6;8.466666666666667;4.866666666666666;0.2;2025-11-22 11:30:00;1
22-11-2025;11:40:00;1007.4;8.333333333333334;4.766666666666667;0.0;2025-11-22 11:40:00;1
22-11-2025;11:50:00;1007.4666666666667;8.3;4.1000000000000005;0.0;2025-11-22 11:50:00;1
22-11-2025;12:00:00;1007.6;8.3;3.6500000000000004;0.0;2025-11-22 12:00:00;1
22-11-2025;15:20:00;1008.3499999999999;7.35;6.1;0.2;2025-11-22 15:20:00;1
22-11-2025;15:30:00;1008.3666666666667;7.366666666666667;5.566666666666666;0.0;2025-11-22 15:30:00;1
22-11-2025;15:40:00;1008.4333333333334;7.366666666666667;4.666666666666667;0.0;2025-11-22 15:40:00;1
22-11-2025;15:50:00;1008.45;7.350000000000001;4.1;0.0;2025-11-22 15:50:00;1
22-11-2025;20:30:00;1009.25;4.85;1.2999999999999998;0.2;2025-11-22 20:30:00;1
22-11-2025;20:40:00;1009.2666666666668;4.8999999999999995;1.3;0.0;2025-11-22 20:40:00;1
22-11-2025;20:50:00;1009.3;5.0;1.4666666666666668;0.0;2025-11-22 20:50:00;1
22-11-2025;21:00:00;1009.3;5.050000000000001;1.5;0.0;2025-11-22 21:00:00;1
24-11-2025;06:40:00;1013.8;8.45;1.65;0.2;2025-11-24 06:40:00;1
24-11-2025;06:50:00;1013.8;8.433333333333334;1.8333333333333333;0.2;2025-11-24 06:50:00;1
24-11-2025;07:00:00;1013.7666666666668;8.466666666666667;1.9000000000000001;0.2;2025-11-24 07:00:00;1
24-11-2025;07:10:00;1013.7333333333332;8.533333333333333;1.9666666666666668;0.0;2025-11-24 07:10:00;1
24-11-2025;07:20:00;1013.7;8.566666666666666;1.5999999999999999;0.0;2025-11-24 07:20:00;1
24-11-2025;07:30:00;1013.7;8.55;1.5499999999999998;0.0;2025-11-24 07:30:00;1
24-11-2025;12:00:00;1011.1;14.75;3.7;0.6;2025-11-24 12:00:00;1
24-11-2025;12:10:00;1011.0666666666666;14.799999999999999;3.4333333333333336;0.2;2025-11-24 12:10:00;1
24-11-2025;12:20:00;1010.9333333333334;14.833333333333334;3.1;0.0;2025-11-24 12:20:00;1
24-11-2025;12:30:00;1010.7333333333332;14.833333333333334;3.3666666666666667;0.0;2025-11-24 12:30:00;1
24-11-2025;12:40:00;1010.5999999999999;14.8;3.6;0.0;2025-11-24 12:40:00;1
24-11-2025;13:20:00;1009.45;14.2;3.25;1.4;2025-11-24 13:20:00;1
24-11-2025;13:30:00;1009.3000000000001;14.133333333333333;3.1;0.0;2025-11-24 13:30:00;1
24-11-2025;13:40:00;1009.1;14.0;2.8333333333333335;1.0;2025-11-24 13:40:00;1
24-11-2025;13:50:00;1009.0999999999999;13.866666666666667;3.0;0.2;2025-11-24 13:50:00;1
24-11-2025;14:00:00;1009.1666666666666;13.666666666666666;4.033333333333334;0.8;2025-11-24 14:00:00;1
24-11-2025;14:10:00;1009.3000000000001;13.566666666666668;4.6000000000000005;2.4;2025-11-24 14:10:00;1
24-11-2025;14:20:00;1009.2999999999998;13.566666666666668;5.266666666666667;0.8;2025-11-24 14:20:00;1
24-11-2025;14:30:00;1009.3666666666667;13.700000000000001;4.633333333333334;2.0;2025-11-24 14:30:00;1
24-11-2025;14:40:00;1009.4333333333333;13.700000000000001;4.4;0.2;2025-11-24 14:40:00;1
24-11-2025;14:50:00;1009.4666666666667;13.533333333333333;3.7000000000000006;0.2;2025-11-24 14:50:00;1
24-11-2025;15:00:00;1009.4666666666666;13.366666666666667;3.1333333333333333;0.0;2025-11-24 15:00:00;1
24-11-2025;15:10:00;1009.4333333333333;13.266666666666667;2.3333333333333335;0.2;2025-11-24 15:10:00;1
24-11-2025;15:20:00;1009.3333333333334;13.266666666666666;1.4666666666666668;0.2;2025-11-24 15:20:00;1
24-11-2025;15:30:00;1009.1999999999999;13.266666666666667;1.2333333333333336;0.8;2025-11-24 15:30:00;1
24-11-2025;15:40:00;1009.0666666666666;13.266666666666666;1.4666666666666668;0.6;2025-11-24 15:40:00;1
24-11-2025;15:50:00;1008.9666666666667;13.166666666666666;1.9000000000000004;0.4;2025-11-24 15:50:00;1
24-11-2025;16:00:00;1009.0333333333334;13.066666666666665;1.966666666666667;0.4;2025-11-24 16:00:00;1
24-11-2025;16:10:00;1009.0333333333334;13.0;1.8333333333333333;0.6;2025-11-24 16:10:00;1
24-11-2025;16:20:00;1009.0666666666666;13.0;1.5666666666666667;2.4;2025-11-24 16:20:00;1
24-11-2025;16:30:00;1008.9333333333334;13.0;1.666666666666667;0.2;2025-11-24 16:30:00;1
24-11-2025;16:40:00;1008.8333333333334;12.966666666666669;1.9333333333333336;0.2;2025-11-24 16:40:00;1
24-11-2025;16:50:00;1008.7333333333332;12.933333333333335;2.266666666666667;0.2;2025-11-24 16:50:00;1
24-11-2025;17:00:00;1008.6333333333333;12.9;2.233333333333334;0.0;2025-11-24 17:00:00;1
24-11-2025;17:10:00;1008.5666666666666;12.9;2.1;0.0;2025-11-24 17:10:00;1
24-11-2025;17:20:00;1008.5666666666666;12.9;2.0000000000000004;0.2;2025-11-24 17:20:00;1
24-11-2025;17:30:00;1008.6333333333333;12.9;2.1;0.0;2025-11-24 17:30:00;1
24-11-2025;17:40:00;1008.7666666666668;12.933333333333335;2.3333333333333335;0.4;2025-11-24 17:40:00;1
24-11-2025;17:50:00;1008.8000000000001;12.966666666666667;2.4000000000000004;0.0;2025-11-24 17:50:00;1
24-11-2025;18:00:00;1008.8000000000001;13.0;2.066666666666667;0.2;2025-11-24 18:00:00;1
24-11-2025;18:10:00;1008.6666666666666;12.966666666666669;1.666666666666667;0.0;2025-11-24 18:10:00;1
24-11-2025;18:20:00;1008.5666666666667;12.933333333333335;1.5000000000000002;0.0;2025-11-24 18:20:00;1
24-11-2025;18:30:00;1008.4666666666666;12.9;1.7000000000000004;0.2;2025-11-24 18:30:00;1
24-11-2025;18:40:00;1008.4;12.933333333333332;2.0000000000000004;0.0;2025-11-24 18:40:00;1
24-11-2025;18:50:00;1008.3333333333334;12.966666666666669;2.8333333333333335;0.0;2025-11-24 18:50:00;1
24-11-2025;19:00:00;1008.3;13.0;3.3;0.0;2025-11-24 19:00:00;1
24-11-2025;22:00:00;1007.1;14.8;4.1;0.2;2025-11-24 22:00:00;1
24-11-2025;22:10:00;1007.0666666666666;14.866666666666667;4.466666666666667;0.0;2025-11-24 22:10:00;1
24-11-2025;22:20:00;1006.9333333333334;14.933333333333332;4.533333333333333;0.2;2025-11-24 22:20:00;1
24-11-2025;22:30:00;1006.8000000000001;15.033333333333333;4.933333333333334;0.0;2025-11-24 22:30:00;1
24-11-2025;22:40:00;1006.5666666666666;15.1;4.933333333333334;0.0;2025-11-24 22:40:00;1
24-11-2025;22:50:00;1006.4999999999999;15.149999999999999;5.2;0.0;2025-11-24 22:50:00;1
24-11-2025;23:10:00;1006.2;14.95;5.5;0.4;2025-11-24 23:10:00;1
24-11-2025;23:20:00;1006.2;15.0;5.533333333333334;0.0;2025-11-24 23:20:00;1
24-11-2025;23:30:00;1006.1666666666666;14.966666666666669;5.3;0.0;2025-11-24 23:30:00;1
24-11-2025;23:40:00;1006.0666666666666;14.866666666666667;4.966666666666666;0.2;2025-11-24 23:40:00;1
24-11-2025;23:50:00;1005.9;14.799999999999999;5.166666666666667;0.8;2025-11-24 23:50:00;1
25-11-2025;00:00:00;1005.7333333333335;14.866666666666667;5.466666666666666;0.0;2025-11-25 00:00:00;1
25-11-2025;00:10:00;1005.6;15.0;5.666666666666667;0.0;2025-11-25 00:10:00;1
25-11-2025;00:20:00;1005.4666666666667;15.1;5.366666666666667;0.2;2025-11-25 00:20:00;1
25-11-2025;00:30:00;1005.3000000000001;15.266666666666666;5.666666666666667;0.0;2025-11-25 00:30:00;1
25-11-2025;00:40:00;1005.2333333333332;15.433333333333332;5.833333333333333;0.0;2025-11-25 00:40:00;1
25-11-2025;00:50:00;1005.0999999999999;15.4;5.633333333333333;0.0;2025-11-25 00:50:00;1
25-11-2025;01:00:00;1005.0333333333333;15.266666666666666;5.3;0.4;2025-11-25 01:00:00;1
25-11-2025;01:10:00;1004.8666666666667;15.066666666666665;5.0;0.2;2025-11-25 01:10:00;1
25-11-2025;01:20:00;1004.7666666666665;15.033333333333333;4.966666666666667;0.4;2025-11-25 01:20:00;1
25-11-2025;01:30:00;1004.6333333333333;15.033333333333331;5.266666666666667;0.2;2025-11-25 01:30:00;1
25-11-2025;01:40:00;1004.5;15.0;5.166666666666667;0.0;2025-11-25 01:40:00;1
25-11-2025;01:50:00;1004.3666666666668;14.933333333333332;4.966666666666667;0.2;2025-11-25 01:50:00;1
25-11-2025;02:00:00;1004.2000000000002;14.933333333333332;4.266666666666667;0.0;2025-11-25 02:00:00;1
25-11-2025;02:10:00;1004.0666666666666;15.066666666666668;4.333333333333333;0.0;2025-11-25 02:10:00;1
25-11-2025;02:20:00;1004.0;15.2;4.5;0.0;2025-11-25 02:20:00;1
25-11-2025;02:40:00;1003.9;15.350000000000001;5.3;0.2;2025-11-25 02:40:00;1
25-11-2025;02:50:00;1003.8666666666667;15.233333333333334;5.066666666666666;0.0;2025-11-25 02:50:00;1
25-11-2025;03:00:00;1003.7999999999998;15.166666666666666;4.733333333333333;0.2;2025-11-25 03:00:00;1
25-11-2025;03:10:00;1003.6666666666666;15.133333333333333;4.266666666666667;0.2;2025-11-25 03:10:00;1
25-11-2025;03:20:00;1003.5666666666666;15.266666666666666;4.333333333333333;0.0;2025-11-25 03:20:00;1
25-11-2025;03:30:00;1003.4666666666667;15.366666666666667;4.566666666666666;0.2;2025-11-25 03:30:00;1
25-11-2025;03:40:00;1003.3666666666667;15.4;4.866666666666667;0.0;2025-11-25 03:40:00;1
25-11-2025;03:50:00;1003.2333333333332;15.4;4.866666666666666;0.0;2025-11-25 03:50:00;1
25-11-2025;04:00:00;1003.1499999999999;15.350000000000001;4.699999999999999;0.0;2025-11-25 04:00:00;1
25-11-2025;04:20:00;1002.75;15.4;5.1;0.2;2025-11-25 04:20:00;1
25-11-2025;04:30:00;1002.6333333333333;15.466666666666667;5.5;0.2;2025-11-25 04:30:00;1
25-11-2025;04:40:00;1002.5333333333333;15.533333333333333;5.433333333333334;0.0;2025-11-25 04:40:00;1
25-11-2025;04:50:00;1002.4666666666667;15.533333333333333;5.8999999999999995;0.2;2025-11-25 04:50:00;1
25-11-2025;05:00:00;1002.4333333333333;15.299999999999999;5.833333333333333;1.0;2025-11-25 05:00:00;1
25-11-2025;05:10:00;1002.3666666666667;15.066666666666668;5.8999999999999995;0.6;2025-11-25 05:10:00;1
25-11-2025;05:20:00;1002.2333333333335;15.0;5.733333333333333;0.0;2025-11-25 05:20:00;1
25-11-2025;05:30:00;1002.1333333333333;15.033333333333333;5.433333333333333;0.4;2025-11-25 05:30:00;1
25-11-2025;05:40:00;1002.1;14.933333333333332;5.866666666666666;0.4;2025-11-25 05:40:00;1
25-11-2025;05:50:00;1002.0666666666666;14.766666666666666;5.800000000000001;0.2;2025-11-25 05:50:00;1
25-11-2025;06:00:00;1002.1;14.6;5.433333333333334;0.0;2025-11-25 06:00:00;1
25-11-2025;06:10:00;1002.0666666666666;14.533333333333333;4.333333333333333;0.2;2025-11-25 06:10:00;1
25-11-2025;06:20:00;1002.0333333333334;14.533333333333333;3.633333333333333;0.0;2025-11-25 06:20:00;1
25-11-2025;06:30:00;1001.9333333333334;14.566666666666668;3.3666666666666667;0.0;2025-11-25 06:30:00;1
25-11-2025;06:40:00;1001.9000000000001;14.6;3.3;0.0;2025-11-25 06:40:00;1
25-11-2025;09:40:00;1001.25;17.1;4.949999999999999;0.2;2025-11-25 09:40:00;1
25-11-2025;09:50:00;1001.2333333333332;17.266666666666666;5.2;0.0;2025-11-25 09:50:00;1
25-11-2025;10:00:00;1001.2333333333332;17.633333333333336;5.733333333333334;0.0;2025-11-25 10:00:00;1
25-11-2025;10:10:00;1001.2;17.75;6.050000000000001;0.0;2025-11-25 10:10:00;1
25-11-2025;12:00:00;999.15;16.35;6.5;2.2;2025-11-25 12:00:00;1
25-11-2025;12:10:00;999.0666666666666;16.400000000000002;6.666666666666667;1.0;2025-11-25 12:10:00;1
25-11-2025;12:20:00;998.9;16.433333333333334;7.3999999999999995;0.0;2025-11-25 12:20:00;1
25-11-2025;12:30:00;998.7333333333332;16.633333333333333;8.333333333333334;0.0;2025-11-25 12:30:00;1
25-11-2025;12:40:00;998.5999999999999;16.833333333333332;8.633333333333333;0.2;2025-11-25 12:40:00;1
25-11-2025;12:50:00;998.3333333333334;16.933333333333334;7.933333333333334;0.0;2025-11-25 12:50:00;1
25-11-2025;13:00:00;998.1;17.099999999999998;7.166666666666667;0.0;2025-11-25 13:00:00;1
25-11-2025;13:10:00;997.9;17.0;6.933333333333334;0.0;2025-11-25 13:10:00;1
25-11-2025;13:20:00;997.8333333333334;16.633333333333333;6.866666666666667;0.8;2025-11-25 13:20:00;1
25-11-2025;13:30:00;997.7666666666665;16.066666666666666;7.433333333333334;0.2;2025-11-25 13:30:00;1
25-11-2025;13:40:00;997.4333333333334;15.666666666666666;7.666666666666667;0.6;2025-11-25 13:40:00;1
25-11-2025;13:50:00;997.0333333333333;15.666666666666666;7.9;0.6;2025-11-25 13:50:00;1
25-11-2025;14:00:00;996.6666666666666;15.800000000000002;7.666666666666667;0.2;2025-11-25 14:00:00;1
25-11-2025;14:10:00;996.4;15.9;7.400000000000001;0.0;2025-11-25 14:10:00;1
25-11-2025;14:20:00;996.2333333333335;15.9;7.099999999999999;0.2;2025-11-25 14:20:00;1
25-11-2025;14:30:00;996.1666666666666;15.833333333333334;6.966666666666666;1.6;2025-11-25 14:30:00;1
25-11-2025;14:40:00;996.5333333333333;15.733333333333334;7.633333333333333;1.6;2025-11-25 14:40:00;1
25-11-2025;14:50:00;996.8000000000001;15.4;7.6000000000000005;2.0;2025-11-25 14:50:00;1
25-11-2025;15:00:00;996.9666666666666;15.066666666666668;6.7;2.2;2025-11-25 15:00:00;1
25-11-2025;15:10:00;996.9333333333334;14.666666666666666;5.000000000000001;6.4;2025-11-25 15:10:00;1
25-11-2025;15:20:00;997.0666666666666;14.366666666666667;3.9333333333333336;0.8;2025-11-25 15:20:00;1
25-11-2025;15:30:00;997.1999999999999;14.066666666666668;3.4666666666666672;0.8;2025-11-25 15:30:00;1
25-11-2025;15:40:00;997.2333333333335;13.800000000000002;2.900000000000001;1.4;2025-11-25 15:40:00;1
25-11-2025;15:50:00;997.2666666666668;13.633333333333335;2.233333333333334;0.6;2025-11-25 15:50:00;1
25-11-2025;16:00:00;997.4000000000001;13.533333333333331;1.833333333333334;0.8;2025-11-25 16:00:00;1
25-11-2025;16:10:00;997.4666666666666;13.5;1.633333333333334;0.2;2025-11-25 16:10:00;1
25-11-2025;16:20:00;997.4666666666667;13.5;1.6333333333333337;0.6;2025-11-25 16:20:00;1
25-11-2025;16:30:00;997.4;13.5;1.6333333333333337;0.4;2025-11-25 16:30:00;1
25-11-2025;16:40:00;997.4666666666667;13.466666666666667;1.633333333333334;0.0;2025-11-25 16:40:00;1
25-11-2025;16:50:00;997.5333333333333;13.4;1.6000000000000005;0.8;2025-11-25 16:50:00;1
25-11-2025;17:00:00;997.5333333333333;13.366666666666667;1.833333333333334;0.4;2025-11-25 17:00:00;1
25-11-2025;17:10:00;997.5333333333334;13.333333333333334;1.9333333333333342;0.2;2025-11-25 17:10:00;1
25-11-2025;17:20:00;997.6;13.366666666666667;2.0666666666666678;0.4;2025-11-25 17:20:00;1
25-11-2025;17:30:00;997.7333333333332;13.333333333333334;1.9000000000000004;0.4;2025-11-25 17:30:00;1
25-11-2025;17:40:00;997.8;13.166666666666666;1.5666666666666673;1.0;2025-11-25 17:40:00;1
25-11-2025;17:50:00;997.8;12.966666666666669;1.333333333333334;0.6;2025-11-25 17:50:00;1
25-11-2025;18:00:00;997.8333333333334;12.8;1.133333333333334;0.0;2025-11-25 18:00:00;1
25-11-2025;18:10:00;997.8666666666667;12.8;1.133333333333334;0.0;2025-11-25 18:10:00;1
25-11-2025;18:20:00;997.9333333333334;12.8;1.0333333333333339;0.2;2025-11-25 18:20:00;1
25-11-2025;18:30:00;997.9666666666666;12.833333333333334;0.6666666666666673;0.4;2025-11-25 18:30:00;1
25-11-2025;18:40:00;998.1;12.766666666666666;1.4000000000000006;0.4;2025-11-25 18:40:00;1
25-11-2025;18:50:00;998.1999999999999;12.5;2.2666666666666675;0.8;2025-11-25 18:50:00;1
25-11-2025;19:00:00;998.4666666666666;12.166666666666666;3.133333333333334;0.2;2025-11-25 19:00:00;1
25-11-2025;19:10:00;998.6999999999999;11.966666666666667;2.833333333333334;0.4;2025-11-25 19:10:00;1
25-11-2025;19:20:00;998.9333333333334;11.966666666666667;2.433333333333334;0.8;2025-11-25 19:20:00;1
25-11-2025;19:30:00;999.0;12.0;2.1333333333333337;1.0;2025-11-25 19:30:00;1
25-11-2025;19:40:00;999.0;12.0;1.7000000000000004;0.2;2025-11-25 19:40:00;1
25-11-2025;19:50:00;999.0333333333333;12.0;1.0666666666666673;0.6;2025-11-25 19:50:00;1
25-11-2025;20:00:00;999.1999999999999;12.033333333333333;0.8000000000000006;0.8;2025-11-25 20:00:00;1
25-11-2025;20:10:00;999.4;12.066666666666668;0.7000000000000006;1.0;2025-11-25 20:10:00;1
25-11-2025;20:20:00;999.5666666666667;12.1;0.8000000000000006;0.8;2025-11-25 20:20:00;1
25-11-2025;20:30:00;999.6;12.1;0.8333333333333339;1.0;2025-11-25 20:30:00;1
25-11-2025;20:40:00;999.5666666666666;12.066666666666668;0.8333333333333339;0.8;2025-11-25 20:40:00;1
25-11-2025;20:50:00;999.5666666666667;12.033333333333331;0.7000000000000006;0.8;2025-11-25 20:50:00;1
25-11-2025;21:00:00;999.6666666666666;11.966666666666667;0.733333333333334;0.4;2025-11-25 21:00:00;1
25-11-2025;21:10:00;999.8000000000001;11.933333333333332;0.733333333333334;0.2;2025-11-25 21:10:00;1
25-11-2025;21:20:00;999.9666666666667;11.9;1.0000000000000007;0.6;2025-11-25 21:20:00;1
25-11-2025;21:30:00;1000.0666666666666;11.9;0.8666666666666673;0.6;2025-11-25 21:30:00;1
25-11-2025;21:40:00;1000.0666666666666;11.866666666666667;1.233333333333334;0.8;2025-11-25 21:40:00;1
25-11-2025;21:50:00;1000.0333333333333;11.800000000000002;1.5333333333333339;0.6;2025-11-25 21:50:00;1
25-11-2025;22:00:00;999.9;11.700000000000001;2.1666666666666674;0.0;2025-11-25 22:00:00;1
25-11-2025;22:10:00;999.9;11.6;2.4666666666666672;0.2;2025-11-25 22:10:00;1
25-11-2025;22:20:00;999.9;11.466666666666667;2.7333333333333343;0.0;2025-11-25 22:20:00;1
25-11-2025;22:30:00;999.9666666666667;11.333333333333334;2.9666666666666672;0.0;2025-11-25 22:30:00;1
25-11-2025;22:40:00;1000.0;11.25;3.1000000000000005;0.0;2025-11-25 22:40:00;1
26-11-2025;01:40:00;1000.4;10.8;2.05;0.2;2025-11-26 01:40:00;1
26-11-2025;01:50:00;1000.4333333333334;10.766666666666666;1.9333333333333333;0.0;2025-11-26 01:50:00;1
26-11-2025;02:00:00;1000.4666666666666;10.666666666666666;1.8;0.0;2025-11-26 02:00:00;1
26-11-2025;02:10:00;1000.5;10.6;1.7;0.0;2025-11-26 02:10:00;1
26-11-2025;06:40:00;1002.6;9.5;0.8;0.2;2025-11-26 06:40:00;1
26-11-2025;06:50:00;1002.6;9.466666666666667;0.6666666666666666;0.0;2025-11-26 06:50:00;1
26-11-2025;07:00:00;1002.5333333333334;9.366666666666667;0.8000000000000002;0.0;2025-11-26 07:00:00;1
26-11-2025;07:10:00;1002.5000000000001;9.3;0.8500000000000001;0.0;2025-11-26 07:10:00;1
26-11-2025;08:10:00;1002.8499999999999;9.05;1.4;0.2;2025-11-26 08:10:00;1
26-11-2025;08:20:00;1002.8666666666667;9.133333333333333;1.5666666666666667;0.0;2025-11-26 08:20:00;1
26-11-2025;08:30:00;1003.0;9.233333333333334;1.7666666666666666;0.0;2025-11-26 08:30:00;1
26-11-2025;08:40:00;1003.05;9.3;1.7999999999999998;0.0;2025-11-26 08:40:00;1
26-11-2025;09:40:00;1003.95;10.7;1.35;0.2;2025-11-26 09:40:00;1
26-11-2025;09:50:00;1003.9333333333334;10.633333333333333;1.6000000000000003;0.0;2025-11-26 09:50:00;1
26-11-2025;10:00:00;1003.9;10.5;1.8666666666666665;0.0;2025-11-26 10:00:00;1
26-11-2025;10:10:00;1003.8499999999999;10.45;1.9999999999999998;0.0;2025-11-26 10:10:00;1
26-11-2025;10:40:00;1003.8;10.6;2.25;0.2;2025-11-26 10:40:00;1
26-11-2025;10:50:00;1003.8;10.666666666666666;2.433333333333333;0.0;2025-11-26 10:50:00;1
26-11-2025;11:00:00;1003.8333333333334;10.733333333333334;2.9666666666666663;0.0;2025-11-26 11:00:00;1
26-11-2025;11:10:00;1003.8000000000001;10.766666666666666;3.466666666666667;0.0;2025-11-26 11:10:00;1
26-11-2025;11:20:00;1003.7666666666668;10.9;3.1999999999999997;0.4;2025-11-26 11:20:00;1
26-11-2025;11:30:00;1003.6333333333333;11.166666666666666;2.6;0.2;2025-11-26 11:30:00;1
26-11-2025;11:40:00;1003.5333333333334;11.466666666666667;1.9666666666666668;0.0;2025-11-26 11:40:00;1
26-11-2025;11:50:00;1003.4666666666666;11.766666666666666;2.033333333333333;0.0;2025-11-26 11:50:00;1
26-11-2025;12:00:00;1003.4499999999998;11.899999999999999;2.0999999999999996;0.0;2025-11-26 12:00:00;1
26-11-2025;15:40:00;1003.3;11.35;2.1;0.4;2025-11-26 15:40:00;1
26-11-2025;15:50:00;1003.2666666666668;11.233333333333334;2.3333333333333335;0.4;2025-11-26 15:50:00;1
26-11-2025;16:00:00;1003.2666666666668;11.0;2.7000000000000006;0.4;2025-11-26 16:00:00;1
26-11-2025;16:10:00;1003.3000000000001;10.799999999999999;3.0;0.2;2025-11-26 16:10:00;1
26-11-2025;16:20:00;1003.3666666666667;10.633333333333333;2.6666666666666665;0.2;2025-11-26 16:20:00;1
26-11-2025;16:30:00;1003.3000000000001;10.466666666666667;2.8333333333333335;0.0;2025-11-26 16:30:00;1
26-11-2025;16:40:00;1003.1333333333332;10.333333333333334;3.4333333333333336;0.2;2025-11-26 16:40:00;1
26-11-2025;16:50:00;1003.0666666666666;10.233333333333333;4.266666666666667;0.2;2025-11-26 16:50:00;1
26-11-2025;17:00:00;1003.1333333333333;10.233333333333334;4.266666666666667;0.0;2025-11-26 17:00:00;1
26-11-2025;17:10:00;1003.3333333333334;10.299999999999999;3.533333333333333;0.0;2025-11-26 17:10:00;1
26-11-2025;17:20:00;1003.4;10.350000000000001;3.1500000000000004;0.0;2025-11-26 17:20:00;1
26-11-2025;20:30:00;1003.95;9.75;2.75;0.2;2025-11-26 20:30:00;1
26-11-2025;20:40:00;1003.9666666666667;9.666666666666666;2.966666666666667;0.6;2025-11-26 20:40:00;1
26-11-2025;20:50:00;1004.0666666666666;9.533333333333333;2.8333333333333335;0.6;2025-11-26 20:50:00;1
26-11-2025;21:00:00;1004.1333333333333;9.366666666666667;2.2666666666666666;0.8;2025-11-26 21:00:00;1
26-11-2025;21:10:00;1004.2;9.266666666666666;1.6333333333333335;0.8;2025-11-26 21:10:00;1
26-11-2025;21:20:00;1004.2;9.2;1.3666666666666665;0.8;2025-11-26 21:20:00;1
26-11-2025;21:30:00;1004.2;9.2;1.6333333333333335;0.4;2025-11-26 21:30:00;1
26-11-2025;21:40:00;1004.2333333333335;9.2;1.6333333333333335;0.4;2025-11-26 21:40:00;1
26-11-2025;21:50:00;1004.2333333333332;9.2;1.3333333333333333;0.4;2025-11-26 21:50:00;1
26-11-2025;22:00:00;1004.2333333333335;9.2;1.1333333333333335;0.2;2025-11-26 22:00:00;1
26-11-2025;22:10:00;1004.1;9.2;1.2333333333333334;0.2;2025-11-26 22:10:00;1
26-11-2025;22:20:00;1004.0;9.233333333333334;1.7000000000000002;0.0;2025-11-26 22:20:00;1
26-11-2025;22:30:00;1003.8666666666667;9.299999999999999;2.1333333333333333;0.2;2025-11-26 22:30:00;1
26-11-2025;22:40:00;1003.7333333333332;9.366666666666667;2.3333333333333335;0.0;2025-11-26 22:40:00;1
26-11-2025;22:50:00;1003.6999999999999;9.433333333333332;2.4;0.0;2025-11-26 22:50:00;1
26-11-2025;23:00:00;1003.6500000000001;9.45;2.4;0.0;2025-11-26 23:00:00;1
30-11-2025;07:00:00;1012.4;2.75;0.0;0.2;2025-11-30 07:00:00;1
30-11-2025;07:10:00;1012.4666666666667;2.6666666666666665;0.0;0.0;2025-11-30 07:10:00;1
30-11-2025;07:20:00;1012.6333333333333;2.6333333333333333;0.0;0.0;2025-11-30 07:20:00;1
30-11-2025;07:30:00;1012.7;2.6;0.0;0.0;2025-11-30 07:30:00;1
02-12-2025;03:50:00;1013.75;10.0;1.5;0.2;2025-12-02 03:50:00;1
02-12-2025;04:00:00;1013.6999999999999;9.9;1.6333333333333335;0.0;2025-12-02 04:00:00;1
02-12-2025;04:10:00;1013.5666666666666;9.8;1.8333333333333333;0.0;2025-12-02 04:10:00;1
02-12-2025;04:20:00;1013.4999999999999;9.75;2.1;0.0;2025-12-02 04:20:00;1
02-12-2025;05:00:00;1013.3;9.2;0.2;0.2;2025-12-02 05:00:00;1
02-12-2025;05:10:00;1013.2666666666668;9.133333333333333;0.5333333333333333;0.0;2025-12-02 05:10:00;1
02-12-2025;05:20:00;1013.2333333333332;8.966666666666667;0.9;0.0;2025-12-02 05:20:00;1
02-12-2025;05:30:00;1013.2;8.899999999999999;1.1500000000000001;0.0;2025-12-02 05:30:00;1
02-12-2025;10:10:00;1014.45;11.6;2.8;0.4;2025-12-02 10:10:00;1
02-12-2025;10:20:00;1014.4333333333334;11.466666666666667;2.5;2.8;2025-12-02 10:20:00;1
02-12-2025;10:30:00;1014.4333333333333;11.233333333333334;2.3666666666666667;1.4;2025-12-02 10:30:00;1
02-12-2025;10:40:00;1014.3666666666667;11.0;1.8666666666666665;1.0;2025-12-02 10:40:00;1
02-12-2025;10:50:00;1014.2333333333332;10.866666666666667;1.9000000000000001;0.8;2025-12-02 10:50:00;1
02-12-2025;11:00:00;1014.0333333333333;10.8;2.1;0.8;2025-12-02 11:00:00;1
02-12-2025;11:10:00;1013.8666666666667;10.833333333333334;2.0;0.6;2025-12-02 11:10:00;1
02-12-2025;11:20:00;1013.7666666666668;10.833333333333334;1.9000000000000001;0.4;2025-12-02 11:20:00;1
02-12-2025;11:30:00;1013.6333333333332;10.833333333333334;1.6666666666666667;0.0;2025-12-02 11:30:00;1
02-12-2025;11:40:00;1013.4333333333334;10.866666666666667;1.7333333333333334;0.8;2025-12-02 11:40:00;1
02-12-2025;11:50:00;1013.2333333333332;10.966666666666667;1.9666666666666668;0.6;2025-12-02 11:50:00;1
02-12-2025;12:00:00;1013.0666666666666;11.066666666666668;2.3666666666666667;0.4;2025-12-02 12:00:00;1
02-12-2025;12:10:00;1012.9666666666667;11.133333333333333;2.1;0.0;2025-12-02 12:10:00;1
02-12-2025;12:20:00;1012.9;11.166666666666666;1.5666666666666667;0.0;2025-12-02 12:20:00;1
02-12-2025;12:30:00;1012.8000000000001;11.233333333333333;1.0999999999999999;0.2;2025-12-02 12:30:00;1
02-12-2025;12:40:00;1012.5999999999999;11.266666666666667;1.2666666666666666;0.0;2025-12-02 12:40:00;1
02-12-2025;12:50:00;1012.3666666666667;11.333333333333334;1.5333333333333332;0.2;2025-12-02 12:50:00;1
02-12-2025;13:00:00;1012.1;11.4;1.8;0.0;2025-12-02 13:00:00;1
02-12-2025;13:10:00;1011.9;11.5;1.8666666666666665;0.0;2025-12-02 13:10:00;1
02-12-2025;13:20:00;1011.7333333333335;11.666666666666666;1.7333333333333334;0.0;2025-12-02 13:20:00;1
02-12-2025;13:30:00;1011.6333333333333;11.799999999999999;1.5999999999999999;0.2;2025-12-02 13:30:00;1
02-12-2025;13:40:00;1011.5666666666667;11.9;1.5999999999999999;0.0;2025-12-02 13:40:00;1
02-12-2025;13:50:00;1011.4666666666666;11.966666666666667;1.8666666666666665;0.0;2025-12-02 13:50:00;1
02-12-2025;14:00:00;1011.4499999999998;12.0;1.95;0.0;2025-12-02 14:00:00;1
02-12-2025;15:00:00;1011.55;11.95;0.8;0.2;2025-12-02 15:00:00;1
02-12-2025;15:10:00;1011.5666666666666;11.866666666666667;1.0333333333333334;0.2;2025-12-02 15:10:00;1
02-12-2025;15:20:00;1011.4666666666667;11.733333333333334;1.6333333333333335;0.6;2025-12-02 15:20:00;1
02-12-2025;15:30:00;1011.3333333333334;11.700000000000001;2.3000000000000003;1.0;2025-12-02 15:30:00;1
02-12-2025;15:40:00;1011.1666666666666;11.733333333333334;2.4333333333333336;0.0;2025-12-02 15:40:00;1
02-12-2025;15:50:00;1011.1333333333333;11.766666666666666;2.1;0.0;2025-12-02 15:50:00;1
02-12-2025;16:00:00;1011.1;11.749999999999998;1.85;0.0;2025-12-02 16:00:00;1
02-12-2025;17:10:00;1011.2;11.350000000000001;0.3;0.2;2025-12-02 17:10:00;1
02-12-2025;17:20:00;1011.1333333333333;11.333333333333334;0.6333333333333333;0.0;2025-12-02 17:20:00;1
02-12-2025;17:30:00;1011.0666666666666;11.266666666666667;1.0;0.2;2025-12-02 17:30:00;1
02-12-2025;17:40:00;1011.0;11.199999999999998;1.3333333333333333;0.2;2025-12-02 17:40:00;1
02-12-2025;17:50:00;1011.0333333333333;11.1;1.2666666666666668;0.0;2025-12-02 17:50:00;1
02-12-2025;18:00:00;1011.0666666666666;11.0;0.9666666666666667;0.0;2025-12-02 18:00:00;1
02-12-2025;18:10:00;1011.1;10.950000000000001;0.9;0.0;2025-12-02 18:10:00;1
02-12-2025;19:30:00;1011.1;11.0;2.15;0.2;2025-12-02 19:30:00;1
02-12-2025;19:40:00;1011.1999999999999;11.0;2.1333333333333333;0.0;2025-12-02 19:40:00;1
02-12-2025;19:50:00;1011.3000000000001;11.033333333333333;2.1666666666666665;0.0;2025-12-02 19:50:00;1
02-12-2025;20:00:00;1011.4;11.05;2.25;0.0;2025-12-02 20:00:00;1
02-12-2025;20:20:00;1012.75;9.75;4.300000000000001;0.2;2025-12-02 20:20:00;1
02-12-2025;20:30:00;1012.6;9.5;4.166666666666667;4.0;2025-12-02 20:30:00;1
02-12-2025;20:40:00;1012.4333333333334;9.066666666666666;4.466666666666667;1.2;2025-12-02 20:40:00;1
02-12-2025;20:50:00;1012.1;9.033333333333333;4.2;1.4;2025-12-02 20:50:00;1
02-12-2025;21:00:00;1011.8333333333334;9.1;4.066666666666666;0.6;2025-12-02 21:00:00;1
02-12-2025;21:10:00;1011.6;9.233333333333333;3.4333333333333336;0.2;2025-12-02 21:10:00;1
02-12-2025;21:20:00;1011.5333333333333;9.333333333333334;2.5;0.0;2025-12-02 21:20:00;1
02-12-2025;21:30:00;1011.6333333333333;9.333333333333334;1.6333333333333335;0.0;2025-12-02 21:30:00;1
02-12-2025;21:40:00;1011.7333333333332;9.233333333333333;1.1;0.2;2025-12-02 21:40:00;1
02-12-2025;21:50:00;1011.7666666666668;9.166666666666666;1.4666666666666668;0.0;2025-12-02 21:50:00;1
02-12-2025;22:00:00;1011.6999999999999;9.2;2.033333333333333;0.0;2025-12-02 22:00:00;1
02-12-2025;22:10:00;1011.6500000000001;9.25;2.5;0.0;2025-12-02 22:10:00;1
03-12-2025;17:40:00;1008.3;11.0;1.5;0.2;2025-12-03 17:40:00;1
03-12-2025;17:50:00;1008.2666666666668;10.933333333333332;1.7;0.0;2025-12-03 17:50:00;1
03-12-2025;18:00:00;1008.2333333333332;10.866666666666667;1.9000000000000001;0.0;2025-12-03 18:00:00;1
03-12-2025;18:10:00;1008.2;10.75;2.0;0.0;2025-12-03 18:10:00;1
05-12-2025;01:40:00;1001.6;11.0;2.45;0.2;2025-12-05 01:40:00;1
05-12-2025;01:50:00;1001.6333333333333;10.966666666666667;2.3333333333333335;0.2;2025-12-05 01:50:00;1
05-12-2025;02:00:00;1001.6333333333333;10.866666666666667;2.066666666666667;0.4;2025-12-05 02:00:00;1
05-12-2025;02:10:00;1001.4666666666667;10.766666666666666;2.1;0.4;2025-12-05 02:10:00;1
05-12-2025;02:20:00;1001.3333333333334;10.7;2.1666666666666665;0.2;2025-12-05 02:20:00;1
05-12-2025;02:30:00;1001.2333333333332;10.666666666666666;1.8999999999999997;0.6;2025-12-05 02:30:00;1
05-12-2025;02:40:00;1001.2333333333332;10.566666666666665;1.7666666666666666;0.2;2025-12-05 02:40:00;1
05-12-2025;02:50:00;1001.1666666666666;10.466666666666667;1.5333333333333332;0.0;2025-12-05 02:50:00;1
05-12-2025;03:00:00;1001.1;10.4;1.4666666666666668;0.0;2025-12-05 03:00:00;1
05-12-2025;03:10:00;1001.0500000000001;10.4;1.4000000000000001;0.0;2025-12-05 03:10:00;1
16-12-2025;17:10:00;1014.8499999999999;13.05;2.1;0.2;2025-12-16 17:10:00;1
16-12-2025;17:20:00;1014.8000000000001;13.0;2.2333333333333334;0.6;2025-12-16 17:20:00;1
16-12-2025;17:30:00;1014.7333333333332;13.0;2.4333333333333336;0.2;2025-12-16 17:30:00;1
16-12-2025;17:40:00;1014.7;13.0;2.3666666666666667;0.2;2025-12-16 17:40:00;1
16-12-2025;17:50:00;1014.7;12.966666666666667;2.3000000000000003;0.2;2025-12-16 17:50:00;1
16-12-2025;18:00:00;1014.7;12.9;2.266666666666667;0.2;2025-12-16 18:00:00;1
16-12-2025;18:10:00;1014.6;12.933333333333335;2.466666666666667;0.0;2025-12-16 18:10:00;1
16-12-2025;18:20:00;1014.4333333333334;12.966666666666667;2.533333333333333;0.2;2025-12-16 18:20:00;1
16-12-2025;18:30:00;1014.2666666666668;12.866666666666665;2.1999999999999997;0.0;2025-12-16 18:30:00;1
16-12-2025;18:40:00;1014.2333333333332;12.733333333333333;2.433333333333333;0.0;2025-12-16 18:40:00;1
16-12-2025;18:50:00;1014.2499999999999;12.649999999999999;2.4;0.0;2025-12-16 18:50:00;1
16-12-2025;21:40:00;1014.0;13.9;5.6;0.2;2025-12-16 21:40:00;1
16-12-2025;21:50:00;1014.0;13.866666666666667;5.5;0.0;2025-12-16 21:50:00;1
16-12-2025;22:00:00;1013.9333333333334;13.766666666666667;4.933333333333333;0.0;2025-12-16 22:00:00;1
16-12-2025;22:10:00;1013.9333333333334;13.633333333333333;4.233333333333333;0.0;2025-12-16 22:10:00;1
16-12-2025;22:20:00;1014.0666666666666;13.5;3.533333333333333;0.2;2025-12-16 22:20:00;1
16-12-2025;22:30:00;1014.4333333333334;13.299999999999999;3.0;0.6;2025-12-16 22:30:00;1
16-12-2025;22:40:00;1014.7333333333332;13.0;2.3333333333333335;0.8;2025-12-16 22:40:00;1
16-12-2025;22:50:00;1014.9;12.700000000000001;1.6666666666666667;0.4;2025-12-16 22:50:00;1
16-12-2025;23:00:00;1014.9333333333334;12.566666666666668;1.6666666666666667;0.6;2025-12-16 23:00:00;1
16-12-2025;23:10:00;1014.9333333333333;12.533333333333331;2.066666666666667;0.2;2025-12-16 23:10:00;1
16-12-2025;23:20:00;1014.9666666666667;12.6;2.9;0.2;2025-12-16 23:20:00;1
16-12-2025;23:30:00;1014.9666666666667;12.666666666666666;3.266666666666667;0.0;2025-12-16 23:30:00;1
16-12-2025;23:40:00;1015.0999999999999;12.766666666666666;3.1333333333333333;0.0;2025-12-16 23:40:00;1
16-12-2025;23:50:00;1015.1499999999999;12.8;2.85;0.0;2025-12-16 23:50:00;1
17-12-2025;03:40:00;1016.2;13.15;0.7000000000000001;0.2;2025-12-17 03:40:00;1
17-12-2025;03:50:00;1016.2;13.033333333333333;0.5333333333333333;0.0;2025-12-17 03:50:00;1
17-12-2025;04:00:00;1016.2666666666668;12.9;0.5666666666666667;0.0;2025-12-17 04:00:00;1
17-12-2025;04:10:00;1016.3000000000001;12.850000000000001;0.7;0.0;2025-12-17 04:10:00;1
23-12-2025;14:00:00;1004.8499999999999;13.05;2.1500000000000004;0.2;2025-12-23 14:00:00;1
23-12-2025;14:10:00;1004.8666666666667;13.0;2.1333333333333333;0.0;2025-12-23 14:10:00;1
23-12-2025;14:20:00;1004.7666666666665;12.9;1.9333333333333336;0.0;2025-12-23 14:20:00;1
23-12-2025;14:30:00;1004.6333333333333;12.733333333333334;1.8666666666666665;0.0;2025-12-23 14:30:00;1
23-12-2025;14:40:00;1004.4333333333334;12.566666666666668;1.9000000000000001;1.4;2025-12-23 14:40:00;1
23-12-2025;14:50:00;1004.3000000000001;12.4;2.3666666666666667;1.6;2025-12-23 14:50:00;1
23-12-2025;15:00:00;1004.1666666666666;12.366666666666667;2.6;0.6;2025-12-23 15:00:00;1
23-12-2025;15:10:00;1004.0333333333333;12.333333333333334;2.6333333333333333;0.0;2025-12-23 15:10:00;1
23-12-2025;15:20:00;1003.9;12.366666666666667;2.4;0.0;2025-12-23 15:20:00;1
23-12-2025;15:30:00;1003.8499999999999;12.350000000000001;2.3;0.0;2025-12-23 15:30:00;1
23-12-2025;16:00:00;1004.3;12.350000000000001;1.55;0.2;2025-12-23 16:00:00;1
23-12-2025;16:10:00;1004.3666666666667;12.299999999999999;1.4666666666666668;1.6;2025-12-23 16:10:00;1
23-12-2025;16:20:00;1004.4;12.200000000000001;1.2;1.2;2025-12-23 16:20:00;1
23-12-2025;16:30:00;1004.3000000000001;12.1;1.5;1.0;2025-12-23 16:30:00;1
23-12-2025;16:40:00;1004.1333333333333;12.0;1.7;0.8;2025-12-23 16:40:00;1
23-12-2025;16:50:00;1003.9666666666666;11.933333333333332;1.7666666666666666;0.8;2025-12-23 16:50:00;1
23-12-2025;17:00:00;1003.7999999999998;11.9;1.8666666666666665;0.4;2025-12-23 17:00:00;1
23-12-2025;17:10:00;1003.5333333333333;11.866666666666667;2.1;0.8;2025-12-23 17:10:00;1
23-12-2025;17:20:00;1003.2666666666668;11.799999999999999;2.3000000000000003;0.6;2025-12-23 17:20:00;1
23-12-2025;17:30:00;1003.1333333333333;11.733333333333334;2.1;0.0;2025-12-23 17:30:00;1
23-12-2025;17:40:00;1003.1333333333333;11.7;1.6333333333333335;0.2;2025-12-23 17:40:00;1
23-12-2025;17:50:00;1003.2666666666668;11.733333333333334;1.3333333333333333;0.0;2025-12-23 17:50:00;1
23-12-2025;18:00:00;1003.5;11.699999999999998;1.2333333333333334;0.0;2025-12-23 18:00:00;1
23-12-2025;18:10:00;1003.7666666666668;11.666666666666666;1.3666666666666665;0.2;2025-12-23 18:10:00;1
23-12-2025;18:20:00;1004.0;11.6;1.8666666666666665;0.2;2025-12-23 18:20:00;1
23-12-2025;18:30:00;1004.1333333333333;11.6;2.3666666666666667;0.4;2025-12-23 18:30:00;1
23-12-2025;18:40:00;1004.2;11.533333333333331;3.3333333333333335;0.8;2025-12-23 18:40:00;1
23-12-2025;18:50:00;1004.2;11.5;3.7999999999999994;0.4;2025-12-23 18:50:00;1
23-12-2025;19:00:00;1004.1333333333333;11.366666666666665;4.333333333333333;0.4;2025-12-23 19:00:00;1
23-12-2025;19:10:00;1004.1333333333333;11.266666666666666;4.333333333333333;1.0;2025-12-23 19:10:00;1
23-12-2025;19:20:00;1004.0333333333333;11.1;4.066666666666666;0.4;2025-12-23 19:20:00;1
23-12-2025;19:30:00;1003.8333333333334;11.0;3.5;0.6;2025-12-23 19:30:00;1
23-12-2025;19:40:00;1003.4;10.933333333333332;2.7999999999999994;0.2;2025-12-23 19:40:00;1
23-12-2025;19:50:00;1003.1666666666666;10.966666666666667;2.633333333333333;0.2;2025-12-23 19:50:00;1
23-12-2025;20:00:00;1003.1;10.966666666666667;2.433333333333333;0.0;2025-12-23 20:00:00;1
23-12-2025;20:10:00;1003.2;11.033333333333333;2.1999999999999997;0.0;2025-12-23 20:10:00;1
23-12-2025;20:20:00;1003.2;11.0;1.8999999999999997;0.0;2025-12-23 20:20:00;1
23-12-2025;22:30:00;1003.45;10.25;4.699999999999999;0.6;2025-12-23 22:30:00;1
23-12-2025;22:40:00;1003.4333333333334;10.233333333333333;4.6000000000000005;1.2;2025-12-23 22:40:00;1
23-12-2025;22:50:00;1003.3000000000001;10.166666666666666;4.433333333333334;0.8;2025-12-23 22:50:00;1
23-12-2025;23:00:00;1003.1999999999999;10.033333333333333;3.9666666666666663;0.2;2025-12-23 23:00:00;1
23-12-2025;23:10:00;1003.0333333333333;9.933333333333334;3.733333333333333;0.0;2025-12-23 23:10:00;1
23-12-2025;23:20:00;1002.9333333333334;9.866666666666667;3.9;0.0;2025-12-23 23:20:00;1
23-12-2025;23:30:00;1002.85;9.850000000000001;3.8999999999999995;0.0;2025-12-23 23:30:00;1
24-12-2025;01:50:00;1002.7;9.55;4.0;0.2;2025-12-24 01:50:00;1
24-12-2025;02:00:00;1002.6999999999999;9.566666666666666;3.966666666666667;0.8;2025-12-24 02:00:00;1
24-12-2025;02:10:00;1002.7333333333335;9.6;3.666666666666666;0.4;2025-12-24 02:10:00;1
24-12-2025;02:20:00;1002.7;9.6;3.1666666666666665;0.2;2025-12-24 02:20:00;1
24-12-2025;02:30:00;1002.7;9.6;2.9;0.0;2025-12-24 02:30:00;1
24-12-2025;02:40:00;1002.7;9.566666666666665;3.0666666666666664;0.0;2025-12-24 02:40:00;1
24-12-2025;02:50:00;1002.7;9.533333333333333;3.0;0.2;2025-12-24 02:50:00;1
24-12-2025;03:00:00;1002.7333333333332;9.5;2.766666666666667;0.2;2025-12-24 03:00:00;1
24-12-2025;03:10:00;1002.8000000000001;9.5;2.6333333333333333;0.0;2025-12-24 03:10:00;1
24-12-2025;03:20:00;1002.8333333333334;9.466666666666667;3.1;1.0;2025-12-24 03:20:00;1
24-12-2025;03:30:00;1002.8333333333334;9.433333333333332;3.6333333333333333;0.8;2025-12-24 03:30:00;1
24-12-2025;03:40:00;1002.7666666666668;9.4;4.1;0.6;2025-12-24 03:40:00;1
24-12-2025;03:50:00;1002.6999999999999;9.4;4.266666666666667;0.2;2025-12-24 03:50:00;1
24-12-2025;04:00:00;1002.6333333333333;9.433333333333335;4.3;0.2;2025-12-24 04:00:00;1
24-12-2025;04:10:00;1002.6666666666666;9.466666666666667;4.566666666666666;0.2;2025-12-24 04:10:00;1
24-12-2025;04:20:00;1002.7333333333332;9.5;4.366666666666666;0.4;2025-12-24 04:20:00;1
24-12-2025;04:30:00;1002.8333333333334;9.5;4.5;0.0;2025-12-24 04:30:00;1
24-12-2025;04:40:00;1002.8666666666667;9.5;4.1000000000000005;0.2;2025-12-24 04:40:00;1
24-12-2025;04:50:00;1002.9;9.5;3.966666666666667;0.0;2025-12-24 04:50:00;1
24-12-2025;05:00:00;1002.9;9.533333333333333;3.533333333333333;0.0;2025-12-24 05:00:00;1
24-12-2025;05:10:00;1002.8666666666667;9.533333333333333;3.3333333333333335;0.2;2025-12-24 05:10:00;1
24-12-2025;05:20:00;1002.8666666666667;9.533333333333333;3.266666666666666;0.0;2025-12-24 05:20:00;1
24-12-2025;05:30:00;1002.9333333333334;9.533333333333333;3.3;0.0;2025-12-24 05:30:00;1
24-12-2025;05:40:00;1002.9666666666667;9.566666666666666;3.266666666666666;1.0;2025-12-24 05:40:00;1
24-12-2025;05:50:00;1003.0999999999999;9.633333333333333;3.1666666666666665;0.6;2025-12-24 05:50:00;1
24-12-2025;06:00:00;1003.1999999999999;9.666666666666666;3.3333333333333335;0.0;2025-12-24 06:00:00;1
24-12-2025;06:10:00;1003.3666666666667;9.7;3.233333333333333;0.2;2025-12-24 06:10:00;1
24-12-2025;06:20:00;1003.3666666666667;9.766666666666666;2.8000000000000003;0.2;2025-12-24 06:20:00;1
24-12-2025;06:30:00;1003.4666666666667;9.866666666666667;2.1333333333333333;0.0;2025-12-24 06:30:00;1
24-12-2025;06:40:00;1003.6333333333332;9.966666666666667;1.7333333333333334;0.0;2025-12-24 06:40:00;1
24-12-2025;06:50:00;1003.8;10.0;1.75;0.0;2025-12-24 06:50:00;1
24-12-2025;07:50:00;1003.9;10.0;2.1500000000000004;0.2;2025-12-24 07:50:00;1
24-12-2025;08:00:00;1004.0;9.933333333333334;2.3333333333333335;0.0;2025-12-24 08:00:00;1
24-12-2025;08:10:00;1004.0333333333333;9.866666666666667;2.8333333333333335;0.0;2025-12-24 08:10:00;1
24-12-2025;08:20:00;1004.05;9.85;2.8999999999999995;0.0;2025-12-24 08:20:00;1
24-12-2025;09:20:00;1005.3;8.95;3.9499999999999997;1.2;2025-12-24 09:20:00;1
24-12-2025;09:30:00;1005.1999999999999;9.133333333333333;3.533333333333333;0.2;2025-12-24 09:30:00;1
24-12-2025;09:40:00;1005.1333333333333;9.666666666666666;3.266666666666667;0.0;2025-12-24 09:40:00;1
24-12-2025;09:50:00;1005.1333333333333;10.4;3.233333333333333;0.0;2025-12-24 09:50:00;1
24-12-2025;10:00:00;1005.2;10.850000000000001;3.4999999999999996;0.0;2025-12-24 10:00:00;1
24-12-2025;10:50:00;1005.2;10.6;4.35;0.4;2025-12-24 10:50:00;1
24-12-2025;11:00:00;1005.2666666666668;10.666666666666666;4.266666666666667;0.0;2025-12-24 11:00:00;1
24-12-2025;11:10:00;1005.2666666666668;10.433333333333334;5.3999999999999995;0.2;2025-12-24 11:10:00;1
24-12-2025;11:20:00;1005.2666666666668;10.266666666666667;5.866666666666667;0.2;2025-12-24 11:20:00;1
24-12-2025;11:30:00;1005.1333333333333;10.033333333333333;6.0;0.0;2025-12-24 11:30:00;1
24-12-2025;11:40:00;1005.0;10.166666666666666;4.833333333333333;0.0;2025-12-24 11:40:00;1
24-12-2025;11:50:00;1004.95;10.25;4.25;0.0;2025-12-24 11:50:00;1
24-12-2025;12:30:00;1005.2;9.75;3.35;0.4;2025-12-24 12:30:00;1
24-12-2025;12:40:00;1005.1666666666666;9.733333333333333;3.1666666666666665;0.4;2025-12-24 12:40:00;1
24-12-2025;12:50:00;1005.1;9.7;2.733333333333333;0.2;2025-12-24 12:50:00;1
24-12-2025;13:00:00;1005.1;9.7;2.6666666666666665;0.2;2025-12-24 13:00:00;1
24-12-2025;13:10:00;1005.1;9.666666666666666;2.733333333333333;0.0;2025-12-24 13:10:00;1
24-12-2025;13:20:00;1005.0666666666667;9.666666666666666;2.8666666666666667;0.0;2025-12-24 13:20:00;1
24-12-2025;13:30:00;1005.0333333333333;9.766666666666666;3.033333333333333;0.2;2025-12-24 13:30:00;1
24-12-2025;13:40:00;1005.0;9.933333333333332;3.4;0.0;2025-12-24 13:40:00;1
24-12-2025;13:50:00;1005.0333333333334;10.0;4.066666666666666;0.0;2025-12-24 13:50:00;1
24-12-2025;14:00:00;1005.1333333333333;9.866666666666667;4.7;0.0;2025-12-24 14:00:00;1
24-12-2025;14:10:00;1005.2666666666668;9.700000000000001;4.8999999999999995;0.2;2025-12-24 14:10:00;1
24-12-2025;14:20:00;1005.4;9.6;4.466666666666666;0.2;2025-12-24 14:20:00;1
24-12-2025;14:30:00;1005.5;9.6;3.533333333333333;0.2;2025-12-24 14:30:00;1
24-12-2025;14:40:00;1005.6666666666666;9.533333333333333;2.733333333333333;0.2;2025-12-24 14:40:00;1
24-12-2025;14:50:00;1005.8333333333334;9.366666666666667;2.733333333333333;0.8;2025-12-24 14:50:00;1
24-12-2025;15:00:00;1005.9666666666667;9.166666666666666;2.8666666666666667;1.4;2025-12-24 15:00:00;1
24-12-2025;15:10:00;1006.0333333333333;9.033333333333333;2.9;0.6;2025-12-24 15:10:00;1
24-12-2025;15:20:00;1006.0666666666666;9.0;2.6;0.2;2025-12-24 15:20:00;1
24-12-2025;15:30:00;1006.1;9.0;2.5;0.0;2025-12-24 15:30:00;1
24-12-2025;15:40:00;1006.1;9.033333333333333;2.6;0.0;2025-12-24 15:40:00;1
24-12-2025;15:50:00;1006.1;9.066666666666668;2.5;0.2;2025-12-24 15:50:00;1
24-12-2025;16:00:00;1006.1;9.066666666666668;2.3666666666666667;0.4;2025-12-24 16:00:00;1
24-12-2025;16:10:00;1006.1;9.033333333333333;2.066666666666667;0.6;2025-12-24 16:10:00;1
24-12-2025;16:20:00;1006.1333333333333;9.0;1.9333333333333333;0.4;2025-12-24 16:20:00;1
24-12-2025;16:30:00;1006.1666666666666;9.0;2.0666666666666664;0.2;2025-12-24 16:30:00;1
24-12-2025;16:40:00;1006.1666666666666;9.033333333333333;2.1333333333333333;0.0;2025-12-24 16:40:00;1
24-12-2025;16:50:00;1006.1666666666666;9.066666666666668;1.9333333333333333;0.2;2025-12-24 16:50:00;1
24-12-2025;17:00:00;1006.1666666666666;9.1;1.3666666666666665;0.0;2025-12-24 17:00:00;1
24-12-2025;17:10:00;1006.2333333333335;9.066666666666666;1.0666666666666667;0.0;2025-12-24 17:10:00;1
24-12-2025;17:20:00;1006.3666666666667;9.033333333333333;0.8333333333333331;0.2;2025-12-24 17:20:00;1
24-12-2025;17:30:00;1006.5666666666666;9.0;0.8666666666666666;0.0;2025-12-24 17:30:00;1
24-12-2025;17:40:00;1006.7999999999998;8.966666666666667;0.8999999999999998;0.0;2025-12-24 17:40:00;1
24-12-2025;17:50:00;1006.9333333333334;8.933333333333334;1.2666666666666664;0.4;2025-12-24 17:50:00;1
24-12-2025;18:00:00;1006.9;8.9;1.7999999999999998;0.2;2025-12-24 18:00:00;1
24-12-2025;18:10:00;1006.7333333333332;8.966666666666667;2.1999999999999997;0.4;2025-12-24 18:10:00;1
24-12-2025;18:20:00;1006.6333333333333;9.1;2.4;0.2;2025-12-24 18:20:00;1
24-12-2025;18:30:00;1006.6333333333333;9.266666666666666;2.0666666666666664;0.2;2025-12-24 18:30:00;1
24-12-2025;18:40:00;1006.7333333333332;9.366666666666667;1.9666666666666666;0.2;2025-12-24 18:40:00;1
24-12-2025;18:50:00;1006.7666666666668;9.333333333333334;1.7666666666666666;0.0;2025-12-24 18:50:00;1
24-12-2025;19:00:00;1006.8666666666667;9.333333333333334;1.8999999999999997;0.0;2025-12-24 19:00:00;1
24-12-2025;19:10:00;1006.9;9.299999999999999;1.7999999999999996;0.0;2025-12-24 19:10:00;1
24-12-2025;19:50:00;1007.2;9.55;1.7999999999999998;0.2;2025-12-24 19:50:00;1
24-12-2025;20:00:00;1007.2666666666668;9.466666666666667;1.5999999999999999;0.0;2025-12-24 20:00:00;1
24-12-2025;20:10:00;1007.3666666666667;9.299999999999999;1.2333333333333334;0.0;2025-12-24 20:10:00;1
24-12-2025;20:20:00;1007.4;9.2;1.2;0.0;2025-12-24 20:20:00;1
24-12-2025;21:00:00;1008.35;8.95;2.95;0.2;2025-12-24 21:00:00;1
24-12-2025;21:10:00;1008.5;8.9;2.6999999999999997;0.6;2025-12-24 21:10:00;1
24-12-2025;21:20:00;1008.6999999999999;8.799999999999999;2.1;0.6;2025-12-24 21:20:00;1
24-12-2025;21:30:00;1008.7666666666668;8.766666666666667;1.7333333333333334;0.6;2025-12-24 21:30:00;1
24-12-2025;21:40:00;1008.7333333333332;8.766666666666666;2.033333333333333;0.6;2025-12-24 21:40:00;1
24-12-2025;21:50:00;1008.7;8.833333333333334;2.6;0.2;2025-12-24 21:50:00;1
24-12-2025;22:00:00;1008.6333333333333;8.866666666666667;2.9333333333333336;0.2;2025-12-24 22:00:00;1
24-12-2025;22:10:00;1008.6333333333333;8.933333333333332;2.733333333333334;0.0;2025-12-24 22:10:00;1
24-12-2025;22:20:00;1008.6666666666666;8.966666666666667;2.3666666666666667;0.0;2025-12-24 22:20:00;1
24-12-2025;22:30:00;1008.8333333333334;9.0;1.9666666666666668;0.2;2025-12-24 22:30:00;1
24-12-2025;22:40:00;1008.9333333333334;8.933333333333335;2.0;0.0;2025-12-24 22:40:00;1
24-12-2025;22:50:00;1009.0;8.9;2.1999999999999997;0.0;2025-12-24 22:50:00;1
24-12-2025;23:00:00;1009.0;8.850000000000001;2.55;0.0;2025-12-24 23:00:00;1
01-01-2025;20:30:00;1030.2;5.05;1.7;0.2;2025-01-01 20:30:00;2
01-01-2025;20:40:00;1030.2333333333333;4.933333333333334;1.7333333333333334;0.0;2025-01-01 20:40:00;2
01-01-2025;20:50:00;1030.2666666666667;4.7;1.7999999999999998;0.0;2025-01-01 20:50:00;2
01-01-2025;21:00:00;1030.3;4.550000000000001;1.8499999999999999;0.0;2025-01-01 21:00:00;2
02-01-2025;04:10:00;1028.6;4.65;2.4000000000000004;0.2;2025-01-02 04:10:00;2
02-01-2025;04:20:00;1028.5333333333333;4.566666666666666;2.1333333333333333;0.0;2025-01-02 04:20:00;2
02-01-2025;04:30:00;1028.4333333333334;4.433333333333334;1.8;0.0;2025-01-02 04:30:00;2
02-01-2025;04:40:00;1028.3500000000001;4.35;1.6500000000000001;0.0;2025-01-02 04:40:00;2
03-01-2025;14:10:00;1015.9;14.95;5.2;0.4;2025-01-03 14:10:00;2
03-01-2025;14:20:00;1015.8666666666667;14.966666666666667;5.1000000000000005;0.0;2025-01-03 14:20:00;2
03-01-2025;14:30:00;1015.7666666666665;15.033333333333333;4.933333333333334;0.0;2025-01-03 14:30:00;2
03-01-2025;14:40:00;1015.6999999999999;15.05;4.8;0.0;2025-01-03 14:40:00;2
03-01-2025;22:10:00;1015.9;14.350000000000001;5.4;0.4;2025-01-03 22:10:00;2
03-01-2025;22:20:00;1015.9;14.433333333333332;5.5;0.4;2025-01-03 22:20:00;2
03-01-2025;22:30:00;1015.9666666666667;14.466666666666667;5.566666666666667;0.0;2025-01-03 22:30:00;2
03-01-2025;22:40:00;1015.9666666666667;14.5;5.466666666666666;0.0;2025-01-03 22:40:00;2
03-01-2025;22:50:00;1016.0;14.45;5.35;0.0;2025-01-03 22:50:00;2
07-01-2025;09:40:00;1013.5;16.6;3.2;0.2;2025-01-07 09:40:00;2
07-01-2025;09:50:00;1013.5333333333333;16.633333333333336;3.6666666666666665;0.0;2025-01-07 09:50:00;2
07-01-2025;10:00:00;1013.5333333333334;16.666666666666668;4.033333333333334;0.0;2025-01-07 10:00:00;2
07-01-2025;10:10:00;1013.6;16.7;4.500000000000001;0.0;2025-01-07 10:10:00;2
07-01-2025;23:30:00;1015.7;14.5;4.3;0.2;2025-01-07 23:30:00;2
07-01-2025;23:40:00;1015.7666666666668;14.333333333333334;3.533333333333333;0.4;2025-01-07 23:40:00;2
07-01-2025;23:50:00;1015.8666666666667;14.066666666666668;2.3666666666666667;0.0;2025-01-07 23:50:00;2
08-01-2025;00:00:00;1015.9;14.0;1.3;0.0;2025-01-08 00:00:00;2
08-01-2025;00:10:00;1015.9;14.0;0.95;0.0;2025-01-08 00:10:00;2
09-01-2025;05:50:00;1018.2;10.05;1.15;0.2;2025-01-09 05:50:00;2
09-01-2025;06:00:00;1018.2;10.066666666666666;1.2666666666666666;0.2;2025-01-09 06:00:00;2
09-01-2025;06:10:00;1018.1666666666666;10.133333333333333;1.4333333333333333;0.0;2025-01-09 06:10:00;2
09-01-2025;06:20:00;1018.1666666666666;10.166666666666666;1.366666666666667;0.0;2025-01-09 06:20:00;2
09-01-2025;06:30:00;1018.15;10.2;1.3000000000000003;0.0;2025-01-09 06:30:00;2
10-01-2025;04:00:00;1014.6;9.7;0.55;0.2;2025-01-10 04:00:00;2
10-01-2025;04:10:00;1014.5666666666666;9.4;0.3666666666666667;0.0;2025-01-10 04:10:00;2
10-01-2025;04:20:00;1014.5;8.866666666666667;0.19999999999999998;0.0;2025-01-10 04:20:00;2
10-01-2025;04:30:00;1014.5;8.650000000000002;0.0;0.0;2025-01-10 04:30:00;2
11-01-2025;15:30:00;1011.1500000000001;15.2;0.3;0.6;2025-01-11 15:30:00;2
11-01-2025;15:40:00;1011.1333333333333;15.1;0.19999999999999998;0.6;2025-01-11 15:40:00;2
11-01-2025;15:50:00;1011.1;14.966666666666667;0.0;0.8;2025-01-11 15:50:00;2
11-01-2025;16:00:00;1011.1333333333333;14.799999999999999;0.0;0.4;2025-01-11 16:00:00;2
11-01-2025;16:10:00;1011.1666666666666;14.766666666666666;0.39999999999999997;0.6;2025-01-11 16:10:00;2
11-01-2025;16:20:00;1011.1666666666666;14.700000000000001;0.43333333333333335;0.6;2025-01-11 16:20:00;2
11-01-2025;16:30:00;1011.1333333333333;14.733333333333334;0.5666666666666667;0.6;2025-01-11 16:30:00;2
11-01-2025;16:40:00;1011.1333333333333;14.666666666666666;0.26666666666666666;0.6;2025-01-11 16:40:00;2
11-01-2025;16:50:00;1011.1333333333333;14.566666666666668;0.5666666666666668;0.6;2025-01-11 16:50:00;2
11-01-2025;17:00:00;1011.1;14.366666666666667;0.9333333333333335;0.6;2025-01-11 17:00:00;2
11-01-2025;17:10:00;1011.0;14.066666666666665;0.8666666666666667;0.4;2025-01-11 17:10:00;2
11-01-2025;17:20:00;1010.9333333333334;13.766666666666666;0.7000000000000001;0.2;2025-01-11 17:20:00;2
11-01-2025;17:30:00;1010.9;13.566666666666665;0.6000000000000001;0.2;2025-01-11 17:30:00;2
11-01-2025;17:40:00;1010.9;13.5;0.6666666666666666;0.2;2025-01-11 17:40:00;2
11-01-2025;17:50:00;1010.8333333333334;13.5;0.5000000000000001;0.2;2025-01-11 17:50:00;2
11-01-2025;18:00:00;1010.7666666666668;13.466666666666669;0.10000000000000014;0.2;2025-01-11 18:00:00;2
11-01-2025;18:10:00;1010.7;13.4;0.0;0.4;2025-01-11 18:10:00;2
11-01-2025;18:20:00;1010.7666666666668;13.333333333333334;0.0;0.2;2025-01-11 18:20:00;2
11-01-2025;18:30:00;1010.8333333333334;13.3;0.033333333333333486;0.4;2025-01-11 18:30:00;2
11-01-2025;18:40:00;1010.9333333333334;13.3;0.8333333333333335;0.4;2025-01-11 18:40:00;2
11-01-2025;18:50:00;1010.9333333333333;12.9;2.966666666666667;0.4;2025-01-11 18:50:00;2
11-01-2025;19:00:00;1010.9666666666667;12.333333333333334;5.5;0.2;2025-01-11 19:00:00;2
11-01-2025;19:10:00;1011.0;11.6;6.766666666666667;0.2;2025-01-11 19:10:00;2
11-01-2025;19:20:00;1011.1;11.1;6.5;2.0;2025-01-11 19:20:00;2
11-01-2025;19:30:00;1011.1;10.700000000000001;6.3;1.4;2025-01-11 19:30:00;2
11-01-2025;19:40:00;1011.1333333333333;10.433333333333332;6.233333333333333;0.8;2025-01-11 19:40:00;2
11-01-2025;19:50:00;1011.2666666666668;10.299999999999999;5.933333333333334;0.6;2025-01-11 19:50:00;2
11-01-2025;20:00:00;1011.5;10.3;4.8;0.2;2025-01-11 20:00:00;2
11-01-2025;20:10:00;1011.6666666666666;10.366666666666667;4.266666666666667;0.4;2025-01-11 20:10:00;2
11-01-2025;20:20:00;1011.7;10.466666666666667;4.033333333333334;0.4;2025-01-11 20:20:00;2
11-01-2025;20:30:00;1011.7;10.433333333333334;4.266666666666667;0.4;2025-01-11 20:30:00;2
11-01-2025;20:40:00;1011.7;10.299999999999999;4.233333333333333;0.2;2025-01-11 20:40:00;2
11-01-2025;20:50:00;1011.6666666666666;10.133333333333333;4.433333333333334;0.2;2025-01-11 20:50:00;2
11-01-2025;21:00:00;1011.6;9.966666666666667;4.533333333333333;0.4;2025-01-11 21:00:00;2
11-01-2025;21:10:00;1011.5333333333333;9.833333333333334;4.833333333333333;0.2;2025-01-11 21:10:00;2
11-01-2025;21:20:00;1011.5;9.666666666666666;5.266666666666667;0.4;2025-01-11 21:20:00;2
11-01-2025;21:30:00;1011.5;9.5;5.833333333333333;0.2;2025-01-11 21:30:00;2
11-01-2025;21:40:00;1011.5;9.333333333333334;6.166666666666667;0.2;2025-01-11 21:40:00;2
11-01-2025;21:50:00;1011.4666666666667;9.166666666666666;6.366666666666667;0.2;2025-01-11 21:50:00;2
11-01-2025;22:00:00;1011.4333333333334;9.033333333333333;6.5;0.0;2025-01-11 22:00:00;2
11-01-2025;22:10:00;1011.4333333333334;8.9;6.533333333333334;0.2;2025-01-11 22:10:00;2
11-01-2025;22:20:00;1011.4333333333333;8.8;6.466666666666666;0.2;2025-01-11 22:20:00;2
11-01-2025;22:30:00;1011.4333333333334;8.733333333333333;6.066666666666666;0.2;2025-01-11 22:30:00;2
11-01-2025;22:40:00;1011.4;8.7;5.733333333333333;0.2;2025-01-11 22:40:00;2
11-01-2025;22:50:00;1011.3333333333334;8.666666666666666;5.3999999999999995;0.2;2025-01-11 22:50:00;2
11-01-2025;23:00:00;1011.1999999999999;8.633333333333333;5.5;0.0;2025-01-11 23:00:00;2
11-01-2025;23:10:00;1011.0333333333333;8.533333333333333;6.133333333333333;0.2;2025-01-11 23:10:00;2
11-01-2025;23:20:00;1010.8666666666668;8.433333333333332;6.733333333333333;0.2;2025-01-11 23:20:00;2
11-01-2025;23:30:00;1010.7666666666668;8.333333333333334;7.2;0.2;2025-01-11 23:30:00;2
11-01-2025;23:40:00;1010.6666666666666;8.3;7.366666666666667;0.0;2025-01-11 23:40:00;2
11-01-2025;23:50:00;1010.6;8.266666666666666;7.533333333333334;0.2;2025-01-11 23:50:00;2
12-01-2025;00:00:00;1010.5;8.233333333333334;7.533333333333332;0.2;2025-01-12 00:00:00;2
12-01-2025;00:10:00;1010.4;8.2;7.6000000000000005;0.2;2025-01-12 00:10:00;2
12-01-2025;00:20:00;1010.3333333333334;8.166666666666666;7.900000000000001;0.2;2025-01-12 00:20:00;2
12-01-2025;00:30:00;1010.2333333333332;8.166666666666666;8.366666666666667;0.2;2025-01-12 00:30:00;2
12-01-2025;00:40:00;1010.1333333333333;8.166666666666666;8.433333333333334;0.2;2025-01-12 00:40:00;2
12-01-2025;00:50:00;1010.0;8.166666666666666;8.5;0.2;2025-01-12 00:50:00;2
12-01-2025;01:00:00;1009.9;8.133333333333333;8.566666666666668;0.2;2025-01-12 01:00:00;2
12-01-2025;01:10:00;1009.8333333333334;8.066666666666666;8.866666666666667;0.2;2025-01-12 01:10:00;2
12-01-2025;01:20:00;1009.7333333333332;8.033333333333333;9.233333333333334;0.2;2025-01-12 01:20:00;2
12-01-2025;01:30:00;1009.6666666666666;7.966666666666666;9.666666666666666;0.0;2025-01-12 01:30:00;2
12-01-2025;01:40:00;1009.5666666666666;7.866666666666667;10.766666666666667;0.2;2025-01-12 01:40:00;2
12-01-2025;01:50:00;1009.5666666666667;7.733333333333333;11.600000000000001;0.2;2025-01-12 01:50:00;2
12-01-2025;02:00:00;1009.6666666666666;7.6000000000000005;12.333333333333334;0.2;2025-01-12 02:00:00;2
12-01-2025;02:10:00;1009.8333333333334;7.5;12.266666666666667;0.0;2025-01-12 02:10:00;2
12-01-2025;02:20:00;1010.0;7.3999999999999995;11.9;0.0;2025-01-12 02:20:00;2
12-01-2025;02:30:00;1010.1333333333333;7.3;11.266666666666667;0.0;2025-01-12 02:30:00;2
12-01-2025;02:40:00;1010.2333333333332;7.133333333333334;10.733333333333334;0.2;2025-01-12 02:40:00;2
12-01-2025;02:50:00;1010.2333333333332;6.933333333333334;10.566666666666668;0.2;2025-01-12 02:50:00;2
12-01-2025;03:00:00;1010.1666666666666;6.7;10.200000000000001;0.2;2025-01-12 03:00:00;2
12-01-2025;03:10:00;1010.1666666666666;6.533333333333334;10.033333333333333;0.2;2025-01-12 03:10:00;2
12-01-2025;03:20:00;1010.2666666666668;6.3999999999999995;9.5;0.4;2025-01-12 03:20:00;2
12-01-2025;03:30:00;1010.3333333333334;6.3;9.066666666666668;0.4;2025-01-12 03:30:00;2
12-01-2025;03:40:00;1010.2666666666665;6.233333333333333;8.433333333333335;0.2;2025-01-12 03:40:00;2
12-01-2025;03:50:00;1010.1666666666666;6.2;8.066666666666668;0.4;2025-01-12 03:50:00;2
12-01-2025;04:00:00;1010.0333333333333;6.166666666666667;8.0;0.2;2025-01-12 04:00:00;2
12-01-2025;04:10:00;1009.9333333333334;6.133333333333333;7.966666666666668;0.4;2025-01-12 04:10:00;2
12-01-2025;04:20:00;1009.8666666666667;6.1;7.733333333333334;0.6;2025-01-12 04:20:00;2
12-01-2025;04:30:00;1009.9;6.066666666666666;7.433333333333334;0.2;2025-01-12 04:30:00;2
12-01-2025;04:40:00;1009.9666666666667;6.066666666666666;7.1000000000000005;0.2;2025-01-12 04:40:00;2
12-01-2025;04:50:00;1010.0;6.066666666666666;6.966666666666668;0.0;2025-01-12 04:50:00;2
12-01-2025;05:00:00;1010.0333333333333;6.1;6.766666666666667;0.2;2025-01-12 05:00:00;2
12-01-2025;05:10:00;1010.0666666666666;6.1;6.666666666666667;0.0;2025-01-12 05:10:00;2
12-01-2025;05:20:00;1010.1666666666666;6.133333333333333;6.800000000000001;0.0;2025-01-12 05:20:00;2
12-01-2025;05:30:00;1010.2666666666668;6.166666666666667;6.966666666666668;0.0;2025-01-12 05:30:00;2
12-01-2025;05:40:00;1010.3666666666667;6.2;6.966666666666668;0.2;2025-01-12 05:40:00;2
12-01-2025;05:50:00;1010.4333333333334;6.166666666666667;6.666666666666667;0.2;2025-01-12 05:50:00;2
12-01-2025;06:00:00;1010.5;6.133333333333333;6.400000000000001;0.0;2025-01-12 06:00:00;2
12-01-2025;06:10:00;1010.5333333333333;6.1;6.300000000000001;0.2;2025-01-12 06:10:00;2
12-01-2025;06:20:00;1010.5666666666666;6.066666666666666;6.633333333333334;0.2;2025-01-12 06:20:00;2
12-01-2025;06:30:00;1010.6666666666666;6.0;7.2;0.2;2025-01-12 06:30:00;2
12-01-2025;06:40:00;1010.8666666666668;5.933333333333334;7.400000000000001;0.0;2025-01-12 06:40:00;2
12-01-2025;06:50:00;1011.1333333333333;5.9;7.0;0.2;2025-01-12 06:50:00;2
12-01-2025;07:00:00;1011.3666666666667;5.866666666666667;6.466666666666668;0.4;2025-01-12 07:00:00;2
12-01-2025;07:10:00;1011.6;5.833333333333333;5.666666666666667;0.2;2025-01-12 07:10:00;2
12-01-2025;07:20:00;1011.7333333333332;5.7;5.800000000000001;0.4;2025-01-12 07:20:00;2
12-01-2025;07:30:00;1011.8666666666667;5.533333333333334;6.0;0.2;2025-01-12 07:30:00;2
12-01-2025;07:40:00;1011.9333333333334;5.333333333333333;7.0;0.4;2025-01-12 07:40:00;2
12-01-2025;07:50:00;1012.0333333333333;5.199999999999999;7.133333333333334;0.4;2025-01-12 07:50:00;2
12-01-2025;08:00:00;1012.1;5.1000000000000005;7.166666666666667;0.2;2025-01-12 08:00:00;2
12-01-2025;08:10:00;1012.1999999999999;5.066666666666666;7.033333333333334;0.4;2025-01-12 08:10:00;2
12-01-2025;08:20:00;1012.3666666666668;5.033333333333332;6.666666666666668;0.2;2025-01-12 08:20:00;2
12-01-2025;08:30:00;1012.4666666666666;5.033333333333332;6.600000000000001;0.2;2025-01-12 08:30:00;2
12-01-2025;08:40:00;1012.5333333333334;5.0;6.066666666666667;0.2;2025-01-12 08:40:00;2
12-01-2025;08:50:00;1012.5333333333333;5.033333333333334;6.0;0.0;2025-01-12 08:50:00;2
12-01-2025;09:00:00;1012.5666666666666;5.1000000000000005;6.066666666666667;0.0;2025-01-12 09:00:00;2
12-01-2025;09:10:00;1012.6;5.15;6.300000000000002;0.0;2025-01-12 09:10:00;2
16-01-2025;06:50:00;1024.0;7.25;3.3499999999999996;0.2;2025-01-16 06:50:00;2
16-01-2025;07:00:00;1024.0333333333333;7.133333333333333;3.266666666666667;0.2;2025-01-16 07:00:00;2
16-01-2025;07:10:00;1024.1333333333332;6.8999999999999995;3.4;0.2;2025-01-16 07:10:00;2
16-01-2025;07:20:00;1024.1666666666667;6.733333333333333;3.8000000000000003;0.0;2025-01-16 07:20:00;2
16-01-2025;07:30:00;1024.1666666666667;6.666666666666667;4.933333333333334;0.0;2025-01-16 07:30:00;2
16-01-2025;07:40:00;1024.15;6.65;5.5;0.0;2025-01-16 07:40:00;2
18-01-2025;01:00:00;1023.25;10.7;8.6;0.2;2025-01-18 01:00:00;2
18-01-2025;01:10:00;1023.2666666666668;10.4;8.299999999999999;0.2;2025-01-18 01:10:00;2
18-01-2025;01:20:00;1023.1999999999999;9.866666666666667;7.7;0.2;2025-01-18 01:20:00;2
18-01-2025;01:30:00;1023.1999999999999;9.633333333333333;7.266666666666667;0.2;2025-01-18 01:30:00;2
18-01-2025;01:40:00;1023.2333333333332;9.533333333333333;7.233333333333334;0.0;2025-01-18 01:40:00;2
18-01-2025;01:50:00;1023.3333333333334;9.433333333333332;7.466666666666666;0.2;2025-01-18 01:50:00;2
18-01-2025;02:00:00;1023.2999999999998;9.333333333333334;8.033333333333333;0.2;2025-01-18 02:00:00;2
18-01-2025;02:10:00;1023.2333333333332;9.233333333333333;8.166666666666666;0.2;2025-01-18 02:10:00;2
18-01-2025;02:20:00;1023.1666666666666;9.2;8.366666666666667;0.2;2025-01-18 02:20:00;2
18-01-2025;02:30:00;1023.1666666666666;9.2;8.066666666666665;0.0;2025-01-18 02:30:00;2
18-01-2025;02:40:00;1023.1333333333333;9.166666666666666;8.033333333333333;0.2;2025-01-18 02:40:00;2
18-01-2025;02:50:00;1022.9;9.1;8.033333333333333;0.2;2025-01-18 02:50:00;2
18-01-2025;03:00:00;1022.5333333333334;9.033333333333333;8.266666666666667;0.2;2025-01-18 03:00:00;2
18-01-2025;03:10:00;1022.1666666666666;8.966666666666667;8.566666666666666;0.2;2025-01-18 03:10:00;2
18-01-2025;03:20:00;1021.9666666666667;8.933333333333334;8.500000000000002;0.0;2025-01-18 03:20:00;2
18-01-2025;03:30:00;1022.0;8.966666666666667;8.033333333333333;0.0;2025-01-18 03:30:00;2
18-01-2025;03:40:00;1021.9666666666667;9.066666666666668;8.333333333333334;0.2;2025-01-18 03:40:00;2
18-01-2025;03:50:00;1022.0333333333333;9.133333333333333;8.9;0.0;2025-01-18 03:50:00;2
18-01-2025;04:00:00;1021.9666666666667;9.133333333333333;10.0;0.0;2025-01-18 04:00:00;2
18-01-2025;04:10:00;1022.0666666666666;9.066666666666668;10.533333333333333;0.2;2025-01-18 04:10:00;2
18-01-2025;04:20:00;1022.1999999999999;9.033333333333333;10.833333333333334;0.2;2025-01-18 04:20:00;2
18-01-2025;04:30:00;1022.2666666666668;8.966666666666667;9.833333333333334;0.0;2025-01-18 04:30:00;2
18-01-2025;04:40:00;1022.3000000000001;8.966666666666667;8.766666666666667;0.2;2025-01-18 04:40:00;2
18-01-2025;04:50:00;1022.3333333333334;9.0;7.966666666666666;0.0;2025-01-18 04:50:00;2
18-01-2025;05:00:00;1022.4;9.1;8.166666666666666;0.0;2025-01-18 05:00:00;2
18-01-2025;05:10:00;1022.4499999999999;9.149999999999999;8.200000000000001;0.0;2025-01-18 05:10:00;2
18-01-2025;20:40:00;1021.0;10.05;6.85;0.2;2025-01-18 20:40:00;2
18-01-2025;20:50:00;1020.9333333333334;9.933333333333332;6.533333333333334;0.2;2025-01-18 20:50:00;2
18-01-2025;21:00:00;1020.9;9.766666666666666;6.266666666666667;0.0;2025-01-18 21:00:00;2
18-01-2025;21:10:00;1020.9333333333334;9.666666666666666;6.033333333333334;0.0;2025-01-18 21:10:00;2
18-01-2025;21:20:00;1021.0;9.649999999999999;6.1;0.0;2025-01-18 21:20:00;2
20-01-2025;00:40:00;1022.1;12.05;6.449999999999999;1.2;2025-01-20 00:40:00;2
20-01-2025;00:50:00;1022.0666666666666;11.966666666666667;6.666666666666667;0.0;2025-01-20 00:50:00;2
20-01-2025;01:00:00;1022.0333333333334;11.766666666666666;6.733333333333333;0.2;2025-01-20 01:00:00;2
20-01-2025;01:10:00;1021.9;11.633333333333335;6.166666666666667;0.0;2025-01-20 01:10:00;2
20-01-2025;01:20:00;1021.7666666666668;11.533333333333331;5.733333333333333;0.0;2025-01-20 01:20:00;2
20-01-2025;01:30:00;1021.6500000000001;11.5;5.6;0.0;2025-01-20 01:30:00;2
20-01-2025;01:50:00;1021.7;11.15;4.4;0.2;2025-01-20 01:50:00;2
20-01-2025;02:00:00;1021.7;11.0;4.133333333333334;0.0;2025-01-20 02:00:00;2
20-01-2025;02:10:00;1021.7666666666668;10.733333333333334;3.733333333333333;0.0;2025-01-20 02:10:00;2
20-01-2025;02:20:00;1021.8333333333334;10.7;3.3333333333333335;0.0;2025-01-20 02:20:00;2
20-01-2025;02:30:00;1021.9333333333334;10.7;2.866666666666667;0.4;2025-01-20 02:30:00;2
20-01-2025;02:40:00;1021.9666666666666;10.633333333333333;2.466666666666667;1.0;2025-01-20 02:40:00;2
20-01-2025;02:50:00;1021.9666666666667;10.5;2.533333333333333;1.0;2025-01-20 02:50:00;2
20-01-2025;03:00:00;1022.0;10.266666666666667;2.8666666666666667;1.0;2025-01-20 03:00:00;2
20-01-2025;03:10:00;1022.0666666666666;10.066666666666668;2.6666666666666665;0.6;2025-01-20 03:10:00;2
20-01-2025;03:20:00;1022.0666666666666;9.9;2.4;1.0;2025-01-20 03:20:00;2
20-01-2025;03:30:00;1021.8666666666667;9.866666666666667;2.066666666666667;0.8;2025-01-20 03:30:00;2
20-01-2025;03:40:00;1021.6666666666666;9.866666666666667;2.3000000000000003;1.2;2025-01-20 03:40:00;2
20-01-2025;03:50:00;1021.6;9.933333333333332;2.6666666666666665;1.0;2025-01-20 03:50:00;2
20-01-2025;04:00:00;1021.6;9.966666666666667;3.0666666666666664;0.6;2025-01-20 04:00:00;2
20-01-2025;04:10:00;1021.5333333333333;10.0;3.3000000000000003;0.4;2025-01-20 04:10:00;2
20-01-2025;04:20:00;1021.4333333333334;9.933333333333335;3.3000000000000003;0.4;2025-01-20 04:20:00;2
20-01-2025;04:30:00;1021.4;9.866666666666667;3.4;0.4;2025-01-20 04:30:00;2
20-01-2025;04:40:00;1021.4;9.766666666666667;3.6666666666666665;0.2;2025-01-20 04:40:00;2
20-01-2025;04:50:00;1021.3333333333334;9.7;3.766666666666666;0.2;2025-01-20 04:50:00;2
20-01-2025;05:00:00;1021.3333333333334;9.633333333333333;3.6333333333333333;0.2;2025-01-20 05:00:00;2
20-01-2025;05:10:00;1021.3333333333334;9.6;3.1;0.0;2025-01-20 05:10:00;2
20-01-2025;05:20:00;1021.4;9.6;2.6999999999999997;0.0;2025-01-20 05:20:00;2
20-01-2025;05:30:00;1021.4;9.566666666666665;2.1333333333333333;0.2;2025-01-20 05:30:00;2
20-01-2025;05:40:00;1021.4;9.533333333333333;1.9000000000000001;0.4;2025-01-20 05:40:00;2
20-01-2025;05:50:00;1021.4;9.5;1.5999999999999999;0.2;2025-01-20 05:50:00;2
20-01-2025;06:00:00;1021.4;9.5;1.6666666666666667;0.2;2025-01-20 06:00:00;2
20-01-2025;06:10:00;1021.4;9.533333333333333;1.7666666666666666;0.2;2025-01-20 06:10:00;2
20-01-2025;06:20:00;1021.3333333333334;9.566666666666668;1.8999999999999997;0.2;2025-01-20 06:20:00;2
20-01-2025;06:30:00;1021.2666666666668;9.566666666666668;1.8666666666666665;0.2;2025-01-20 06:30:00;2
20-01-2025;06:40:00;1021.2;9.533333333333333;1.9000000000000001;0.0;2025-01-20 06:40:00;2
20-01-2025;06:50:00;1021.1666666666666;9.533333333333333;2.033333333333333;0.0;2025-01-20 06:50:00;2
20-01-2025;07:00:00;1021.15;9.55;2.1999999999999997;0.0;2025-01-20 07:00:00;2
20-01-2025;07:20:00;1021.45;9.5;0.7;0.2;2025-01-20 07:20:00;2
20-01-2025;07:30:00;1021.4666666666667;9.5;0.6666666666666666;0.2;2025-01-20 07:30:00;2
20-01-2025;07:40:00;1021.5;9.5;0.5;0.6;2025-01-20 07:40:00;2
20-01-2025;07:50:00;1021.4666666666666;9.5;0.9666666666666667;0.8;2025-01-20 07:50:00;2
20-01-2025;08:00:00;1021.4666666666666;9.466666666666667;1.5666666666666664;0.0;2025-01-20 08:00:00;2
20-01-2025;08:10:00;1021.4666666666666;9.4;2.1999999999999997;0.0;2025-01-20 08:10:00;2
20-01-2025;08:20:00;1021.4666666666667;9.333333333333334;2.3666666666666667;0.2;2025-01-20 08:20:00;2
20-01-2025;08:30:00;1021.3666666666667;9.3;2.3666666666666667;0.0;2025-01-20 08:30:00;2
20-01-2025;08:40:00;1021.2666666666668;9.333333333333334;2.6;0.0;2025-01-20 08:40:00;2
20-01-2025;08:50:00;1021.2;9.366666666666667;2.9333333333333336;0.2;2025-01-20 08:50:00;2
20-01-2025;09:00:00;1021.2;9.4;3.0666666666666664;0.0;2025-01-20 09:00:00;2
20-01-2025;09:10:00;1021.2666666666668;9.4;3.133333333333333;0.0;2025-01-20 09:10:00;2
20-01-2025;09:20:00;1021.3000000000002;9.4;2.9499999999999993;0.0;2025-01-20 09:20:00;2
20-01-2025;22:10:00;1019.9;10.9;2.2;0.6;2025-01-20 22:10:00;2
20-01-2025;22:20:00;1019.9;10.833333333333334;2.1;0.2;2025-01-20 22:20:00;2
20-01-2025;22:30:00;1019.9333333333333;10.700000000000001;1.9333333333333333;0.0;2025-01-20 22:30:00;2
20-01-2025;22:40:00;1019.9333333333334;10.566666666666666;1.7;0.0;2025-01-20 22:40:00;2
20-01-2025;22:50:00;1019.95;10.5;1.5999999999999999;0.0;2025-01-20 22:50:00;2
21-01-2025;02:00:00;1019.25;8.850000000000001;0.9;0.2;2025-01-21 02:00:00;2
21-01-2025;02:10:00;1019.2333333333332;8.833333333333334;0.9333333333333332;0.0;2025-01-21 02:10:00;2
21-01-2025;02:20:00;1019.2;8.766666666666667;0.8666666666666667;0.0;2025-01-21 02:20:00;2
21-01-2025;02:30:00;1019.2666666666668;8.7;1.0999999999999999;0.0;2025-01-21 02:30:00;2
21-01-2025;02:40:00;1019.2666666666668;8.866666666666665;1.8666666666666665;0.2;2025-01-21 02:40:00;2
21-01-2025;02:50:00;1019.1999999999999;9.1;2.0666666666666664;0.2;2025-01-21 02:50:00;2
21-01-2025;03:00:00;1019.0333333333333;9.333333333333334;2.0;0.0;2025-01-21 03:00:00;2
21-01-2025;03:10:00;1018.9;9.433333333333334;1.4000000000000001;0.0;2025-01-21 03:10:00;2
21-01-2025;03:20:00;1018.8333333333334;9.566666666666666;1.3;0.0;2025-01-21 03:20:00;2
21-01-2025;03:30:00;1018.7666666666668;9.666666666666666;1.2666666666666668;0.2;2025-01-21 03:30:00;2
21-01-2025;03:40:00;1018.7666666666668;9.6;1.0999999999999999;0.0;2025-01-21 03:40:00;2
21-01-2025;03:50:00;1018.7333333333332;9.4;1.2333333333333334;0.0;2025-01-21 03:50:00;2
21-01-2025;04:00:00;1018.7499999999999;9.25;1.25;0.0;2025-01-21 04:00:00;2
21-01-2025;06:40:00;1018.75;8.75;2.4;0.2;2025-01-21 06:40:00;2
21-01-2025;06:50:00;1018.7333333333332;8.799999999999999;1.7666666666666666;0.8;2025-01-21 06:50:00;2
21-01-2025;07:00:00;1018.7333333333332;8.866666666666667;1.3666666666666665;0.8;2025-01-21 07:00:00;2
21-01-2025;07:10:00;1018.6666666666666;8.9;0.9333333333333332;0.2;2025-01-21 07:10:00;2
21-01-2025;07:20:00;1018.5333333333333;8.933333333333335;1.5333333333333332;0.0;2025-01-21 07:20:00;2
21-01-2025;07:30:00;1018.4;9.1;2.033333333333333;0.0;2025-01-21 07:30:00;2
21-01-2025;07:40:00;1018.3;9.2;2.2;0.0;2025-01-21 07:40:00;2
21-01-2025;20:40:00;1019.8;10.149999999999999;2.05;0.2;2025-01-21 20:40:00;2
21-01-2025;20:50:00;1019.8;10.066666666666666;1.8333333333333333;0.0;2025-01-21 20:50:00;2
21-01-2025;21:00:00;1019.8333333333334;9.833333333333334;1.3666666666666665;0.0;2025-01-21 21:00:00;2
21-01-2025;21:10:00;1019.85;9.7;0.9999999999999998;0.0;2025-01-21 21:10:00;2
22-01-2025;06:30:00;1019.9;5.35;2.0;0.2;2025-01-22 06:30:00;2
22-01-2025;06:40:00;1019.8666666666667;5.266666666666667;2.066666666666667;0.0;2025-01-22 06:40:00;2
22-01-2025;06:50:00;1019.8666666666667;5.2;2.0333333333333337;0.0;2025-01-22 06:50:00;2
22-01-2025;07:00:00;1019.85;5.15;2.0;0.0;2025-01-22 07:00:00;2
22-01-2025;14:20:00;1019.0;13.2;0.8;0.2;2025-01-22 14:20:00;2
22-01-2025;14:30:00;1019.0666666666666;13.066666666666668;0.7333333333333334;0.0;2025-01-22 14:30:00;2
22-01-2025;14:40:00;1019.1333333333333;12.733333333333334;1.7;0.0;2025-01-22 14:40:00;2
22-01-2025;14:50:00;1019.1333333333333;12.299999999999999;2.6666666666666665;0.0;2025-01-22 14:50:00;2
22-01-2025;15:00:00;1019.1333333333333;11.9;3.366666666666667;0.2;2025-01-22 15:00:00;2
22-01-2025;15:10:00;1019.1333333333333;11.566666666666668;3.1666666666666665;0.2;2025-01-22 15:10:00;2
22-01-2025;15:20:00;1019.2333333333332;11.433333333333335;2.766666666666667;0.0;2025-01-22 15:20:00;2
22-01-2025;15:30:00;1019.2333333333332;11.4;2.6666666666666665;0.0;2025-01-22 15:30:00;2
22-01-2025;15:40:00;1019.2499999999999;11.450000000000001;2.6;0.0;2025-01-22 15:40:00;2
23-01-2025;01:10:00;1018.7;7.5;0.15;0.2;2025-01-23 01:10:00;2
23-01-2025;01:20:00;1018.7;7.433333333333334;0.09999999999999999;0.0;2025-01-23 01:20:00;2
23-01-2025;01:30:00;1018.7;7.366666666666667;0.0;0.0;2025-01-23 01:30:00;2
23-01-2025;01:40:00;1018.7;7.3;0.0;0.0;2025-01-23 01:40:00;2
24-01-2025;02:20:00;1015.7;6.15;1.5;0.2;2025-01-24 02:20:00;2
24-01-2025;02:30:00;1015.6666666666666;6.1000000000000005;1.5999999999999999;0.0;2025-01-24 02:30:00;2
24-01-2025;02:40:00;1015.6666666666666;6.033333333333334;1.7;0.0;2025-01-24 02:40:00;2
24-01-2025;02:50:00;1015.7;6.0;1.7499999999999998;0.0;2025-01-24 02:50:00;2
25-01-2025;02:40:00;1023.05;6.8;0.0;0.2;2025-01-25 02:40:00;2
25-01-2025;02:50:00;1023.0666666666666;6.833333333333333;0.0;0.0;2025-01-25 02:50:00;2
25-01-2025;03:00:00;1023.0666666666666;6.933333333333333;0.0;0.0;2025-01-25 03:00:00;2
25-01-2025;03:10:00;1023.05;6.999999999999999;0.0;0.0;2025-01-25 03:10:00;2
25-01-2025;23:30:00;1022.25;9.75;0.0;0.2;2025-01-25 23:30:00;2
25-01-2025;23:40:00;1022.1666666666666;9.833333333333334;0.0;0.0;2025-01-25 23:40:00;2
25-01-2025;23:50:00;1022.0333333333333;9.833333333333334;0.0;0.0;2025-01-25 23:50:00;2
26-01-2025;00:00:00;1021.9499999999999;9.85;0.0;0.0;2025-01-26 00:00:00;2
27-01-2025;00:40:00;1023.1;11.85;1.25;0.2;2025-01-27 00:40:00;2
27-01-2025;00:50:00;1023.1333333333333;11.733333333333334;0.8666666666666667;0.0;2025-01-27 00:50:00;2
27-01-2025;01:00:00;1023.1666666666666;11.299999999999999;1.2;0.0;2025-01-27 01:00:00;2
27-01-2025;01:10:00;1023.2;11.1;0.9;0.0;2025-01-27 01:10:00;2
27-01-2025;04:00:00;1022.8;8.05;0.0;0.2;2025-01-27 04:00:00;2
27-01-2025;04:10:00;1022.8;8.166666666666666;0.0;0.0;2025-01-27 04:10:00;2
27-01-2025;04:20:00;1022.7666666666668;8.366666666666667;0.0;0.0;2025-01-27 04:20:00;2
27-01-2025;04:30:00;1022.7500000000001;8.45;0.0;0.0;2025-01-27 04:30:00;2
28-01-2025;11:20:00;1011.85;16.55;6.949999999999999;0.2;2025-01-28 11:20:00;2
28-01-2025;11:30:00;1011.7333333333332;16.566666666666666;7.166666666666667;0.0;2025-01-28 11:30:00;2
28-01-2025;11:40:00;1011.5333333333333;16.599999999999998;7.233333333333333;0.0;2025-01-28 11:40:00;2
28-01-2025;11:50:00;1011.4499999999999;16.65;7.550000000000001;0.0;2025-01-28 11:50:00;2
28-01-2025;12:30:00;1011.1;16.35;5.7;1.2;2025-01-28 12:30:00;2
28-01-2025;12:40:00;1011.0666666666666;16.2;5.6000000000000005;0.4;2025-01-28 12:40:00;2
28-01-2025;12:50:00;1011.0;15.933333333333335;4.966666666666667;0.2;2025-01-28 12:50:00;2
28-01-2025;13:00:00;1010.8666666666667;15.866666666666667;4.466666666666667;0.2;2025-01-28 13:00:00;2
28-01-2025;13:10:00;1010.6999999999999;15.9;3.733333333333333;1.0;2025-01-28 13:10:00;2
28-01-2025;13:20:00;1010.5666666666666;16.03333333333333;3.7000000000000006;0.6;2025-01-28 13:20:00;2
28-01-2025;13:30:00;1010.5333333333334;16.266666666666666;3.3666666666666667;0.0;2025-01-28 13:30:00;2
28-01-2025;13:40:00;1010.5666666666667;16.566666666666666;3.633333333333333;0.0;2025-01-28 13:40:00;2
28-01-2025;13:50:00;1010.6;16.75;3.6999999999999993;0.0;2025-01-28 13:50:00;2
29-01-2025;11:00:00;1016.6;10.1;1.35;0.4;2025-01-29 11:00:00;2
29-01-2025;11:10:00;1016.6666666666666;10.133333333333333;0.9333333333333335;0.6;2025-01-29 11:10:00;2
29-01-2025;11:20:00;1016.8333333333334;10.2;0.6666666666666666;0.4;2025-01-29 11:20:00;2
29-01-2025;11:30:00;1016.8000000000001;10.333333333333334;0.6333333333333333;0.6;2025-01-29 11:30:00;2
29-01-2025;11:40:00;1016.7333333333332;10.466666666666667;1.2333333333333334;1.4;2025-01-29 11:40:00;2
29-01-2025;11:50:00;1016.6;10.633333333333333;1.0;0.4;2025-01-29 11:50:00;2
29-01-2025;12:00:00;1016.5666666666667;10.799999999999999;1.0333333333333334;0.0;2025-01-29 12:00:00;2
29-01-2025;12:10:00;1016.5;11.033333333333333;0.7333333333333334;0.0;2025-01-29 12:10:00;2
29-01-2025;12:20:00;1016.45;11.150000000000002;0.8;0.0;2025-01-29 12:20:00;2
29-01-2025;15:10:00;1016.2;10.850000000000001;3.05;0.2;2025-01-29 15:10:00;2
29-01-2025;15:20:00;1016.1666666666666;10.799999999999999;3.0;0.0;2025-01-29 15:20:00;2
29-01-2025;15:30:00;1016.1;10.700000000000001;2.8000000000000003;0.2;2025-01-29 15:30:00;2
29-01-2025;15:40:00;1015.9;10.666666666666666;2.733333333333333;0.2;2025-01-29 15:40:00;2
29-01-2025;15:50:00;1015.5666666666667;10.666666666666666;3.266666666666667;0.2;2025-01-29 15:50:00;2
29-01-2025;16:00:00;1015.3333333333334;10.666666666666666;3.8666666666666667;0.2;2025-01-29 16:00:00;2
29-01-2025;16:10:00;1015.2333333333332;10.533333333333333;3.6999999999999997;0.0;2025-01-29 16:10:00;2
29-01-2025;16:20:00;1015.3;10.333333333333334;3.0;0.0;2025-01-29 16:20:00;2
29-01-2025;16:30:00;1015.3;10.2;2.4;0.0;2025-01-29 16:30:00;2
29-01-2025;18:50:00;1015.45;7.15;1.55;0.2;2025-01-29 18:50:00;2
29-01-2025;19:00:00;1015.5;7.033333333333334;1.0333333333333334;0.0;2025-01-29 19:00:00;2
29-01-2025;19:10:00;1015.6333333333332;6.8;0.3666666666666667;0.0;2025-01-29 19:10:00;2
29-01-2025;19:20:00;1015.6999999999998;6.749999999999999;0.0;0.0;2025-01-29 19:20:00;2
30-01-2025;03:00:00;1017.05;2.8;0.75;0.2;2025-01-30 03:00:00;2
30-01-2025;03:10:00;1017.0333333333333;2.6333333333333333;0.7000000000000001;0.0;2025-01-30 03:10:00;2
30-01-2025;03:20:00;1017.0666666666666;2.3000000000000003;0.4666666666666666;0.0;2025-01-30 03:20:00;2
30-01-2025;03:30:00;1017.05;2.2;0.29999999999999993;0.0;2025-01-30 03:30:00;2
31-01-2025;01:20:00;1024.45;5.45;1.9;0.2;2025-01-31 01:20:00;2
31-01-2025;01:30:00;1024.5333333333335;5.433333333333334;1.7333333333333334;0.0;2025-01-31 01:30:00;2
31-01-2025;01:40:00;1024.6333333333334;5.4;1.5999999999999999;0.0;2025-01-31 01:40:00;2
31-01-2025;01:50:00;1024.7;5.4;1.5;0.0;2025-01-31 01:50:00;2
31-01-2025;23:30:00;1025.2;6.6;1.7000000000000002;0.2;2025-01-31 23:30:00;2
31-01-2025;23:40:00;1025.2333333333333;6.466666666666666;1.7;0.0;2025-01-31 23:40:00;2
31-01-2025;23:50:00;1025.3000000000002;6.266666666666667;1.7000000000000002;0.0;2025-01-31 23:50:00;2
01-02-2025;00:00:00;1025.3500000000001;6.15;1.75;0.0;2025-02-01 00:00:00;2
01-02-2025;06:50:00;1024.45;3.6;2.05;0.2;2025-02-01 06:50:00;2
01-02-2025;07:00:00;1024.4666666666667;3.533333333333333;2.066666666666667;0.0;2025-02-01 07:00:00;2
01-02-2025;07:10:00;1024.5666666666666;3.4333333333333336;2.1333333333333333;0.0;2025-02-01 07:10:00;2
01-02-2025;07:20:00;1024.6;3.4;2.1500000000000004;0.0;2025-02-01 07:20:00;2
08-02-2025;09:40:00;1027.1;11.25;1.6;0.2;2025-02-08 09:40:00;2
08-02-2025;09:50:00;1027.1;11.299999999999999;1.7;0.4;2025-02-08 09:50:00;2
08-02-2025;10:00:00;1027.0666666666666;11.433333333333332;2.233333333333333;0.0;2025-02-08 10:00:00;2
08-02-2025;10:10:00;1027.0666666666666;11.666666666666666;2.6333333333333333;0.0;2025-02-08 10:10:00;2
08-02-2025;10:20:00;1027.05;11.8;3.0000000000000004;0.0;2025-02-08 10:20:00;2
08-02-2025;10:50:00;1027.2;12.3;3.8499999999999996;0.2;2025-02-08 10:50:00;2
08-02-2025;11:00:00;1027.2;12.433333333333332;3.766666666666667;0.0;2025-02-08 11:00:00;2
08-02-2025;11:10:00;1027.1666666666667;12.666666666666666;3.6666666666666665;0.0;2025-02-08 11:10:00;2
08-02-2025;11:20:00;1027.1499999999999;12.75;3.55;0.0;2025-02-08 11:20:00;2
08-02-2025;11:40:00;1026.95;12.7;4.0;0.2;2025-02-08 11:40:00;2
08-02-2025;11:50:00;1026.9333333333334;12.666666666666666;4.0;0.0;2025-02-08 11:50:00;2
08-02-2025;12:00:00;1026.9333333333334;12.6;4.2;0.2;2025-02-08 12:00:00;2
08-02-2025;12:10:00;1026.9333333333334;12.6;4.2;0.0;2025-02-08 12:10:00;2
08-02-2025;12:20:00;1026.9333333333334;12.633333333333333;4.266666666666667;0.2;2025-02-08 12:20:00;2
08-02-2025;12:30:00;1026.8333333333333;12.699999999999998;4.366666666666667;0.0;2025-02-08 12:30:00;2
08-02-2025;12:40:00;1026.7333333333333;12.799999999999999;4.433333333333334;0.2;2025-02-08 12:40:00;2
08-02-2025;12:50:00;1026.6333333333332;12.9;4.466666666666667;0.2;2025-02-08 12:50:00;2
08-02-2025;13:00:00;1026.5666666666666;13.033333333333333;4.233333333333333;0.2;2025-02-08 13:00:00;2
08-02-2025;13:10:00;1026.5;13.166666666666666;4.166666666666667;0.0;2025-02-08 13:10:00;2
08-02-2025;13:20:00;1026.4;13.266666666666667;3.9;0.2;2025-02-08 13:20:00;2
08-02-2025;13:30:00;1026.3333333333333;13.3;3.533333333333333;0.0;2025-02-08 13:30:00;2
08-02-2025;13:40:00;1026.2333333333333;13.333333333333334;3.1666666666666665;0.0;2025-02-08 13:40:00;2
08-02-2025;13:50:00;1026.1999999999998;13.349999999999998;3.0;0.0;2025-02-08 13:50:00;2
13-02-2025;00:50:00;1021.6;8.850000000000001;1.35;0.2;2025-02-13 00:50:00;2
13-02-2025;01:00:00;1021.5666666666666;8.833333333333334;1.5666666666666667;0.0;2025-02-13 01:00:00;2
13-02-2025;01:10:00;1021.5;8.833333333333334;1.7333333333333334;0.0;2025-02-13 01:10:00;2
13-02-2025;01:20:00;1021.4499999999999;8.8;1.65;0.0;2025-02-13 01:20:00;2
13-02-2025;01:40:00;1021.4;8.75;1.5;0.2;2025-02-13 01:40:00;2
13-02-2025;01:50:00;1021.3333333333334;8.733333333333333;1.4000000000000001;0.0;2025-02-13 01:50:00;2
13-02-2025;02:00:00;1021.2666666666668;8.7;1.3333333333333333;0.0;2025-02-13 02:00:00;2
13-02-2025;02:10:00;1021.2;8.7;1.2;0.0;2025-02-13 02:10:00;2
14-02-2025;06:30:00;1013.2;9.600000000000001;3.9499999999999997;0.2;2025-02-14 06:30:00;2
14-02-2025;06:40:00;1013.1666666666666;9.799999999999999;3.7999999999999994;0.0;2025-02-14 06:40:00;2
14-02-2025;06:50:00;1013.1333333333333;10.166666666666666;3.8333333333333335;0.0;2025-02-14 06:50:00;2
14-02-2025;07:00:00;1013.1;10.3;3.85;0.0;2025-02-14 07:00:00;2
14-02-2025;09:50:00;1012.2;14.65;4.65;0.8;2025-02-14 09:50:00;2
14-02-2025;10:00:00;1012.2333333333332;14.700000000000001;4.233333333333333;0.2;2025-02-14 10:00:00;2
14-02-2025;10:10:00;1012.2666666666668;14.733333333333334;3.9;0.0;2025-02-14 10:10:00;2
14-02-2025;10:20:00;1012.3;15.133333333333333;3.6333333333333333;0.0;2025-02-14 10:20:00;2
14-02-2025;10:30:00;1012.3;15.299999999999999;3.75;0.0;2025-02-14 10:30:00;2
14-02-2025;16:40:00;1009.95;12.3;3.55;1.8;2025-02-14 16:40:00;2
14-02-2025;16:50:00;1009.8000000000001;12.299999999999999;3.5666666666666664;2.2;2025-02-14 16:50:00;2
14-02-2025;17:00:00;1009.6;12.5;3.766666666666667;2.2;2025-02-14 17:00:00;2
14-02-2025;17:10:00;1009.5;13.0;4.266666666666667;0.0;2025-02-14 17:10:00;2
14-02-2025;17:20:00;1009.4666666666666;13.433333333333332;4.166666666666667;0.0;2025-02-14 17:20:00;2
14-02-2025;17:30:00;1009.4499999999998;13.549999999999997;3.55;0.0;2025-02-14 17:30:00;2
15-02-2025;04:10:00;1005.5;9.2;5.1;0.2;2025-02-15 04:10:00;2
15-02-2025;04:20:00;1005.5;9.366666666666667;5.066666666666666;0.0;2025-02-15 04:20:00;2
15-02-2025;04:30:00;1005.4333333333334;9.666666666666666;4.8999999999999995;0.0;2025-02-15 04:30:00;2
15-02-2025;04:40:00;1005.5333333333333;9.866666666666665;5.3;0.0;2025-02-15 04:40:00;2
15-02-2025;04:50:00;1005.6666666666666;10.0;5.966666666666666;0.4;2025-02-15 04:50:00;2
15-02-2025;05:00:00;1005.8666666666667;10.1;7.066666666666667;1.0;2025-02-15 05:00:00;2
15-02-2025;05:10:00;1005.8333333333334;10.0;5.933333333333334;0.2;2025-02-15 05:10:00;2
15-02-2025;05:20:00;1005.6666666666666;9.9;4.433333333333334;0.2;2025-02-15 05:20:00;2
15-02-2025;05:30:00;1005.5333333333333;9.766666666666667;2.9;0.0;2025-02-15 05:30:00;2
15-02-2025;05:40:00;1005.5333333333334;9.6;2.6333333333333333;0.0;2025-02-15 05:40:00;2
15-02-2025;05:50:00;1005.6;9.5;2.7;0.0;2025-02-15 05:50:00;2
15-02-2025;06:30:00;1005.55;9.25;2.55;0.6;2025-02-15 06:30:00;2
15-02-2025;06:40:00;1005.6666666666666;9.299999999999999;2.6999999999999997;0.0;2025-02-15 06:40:00;2
15-02-2025;06:50:00;1005.6999999999999;9.433333333333334;2.9333333333333336;0.2;2025-02-15 06:50:00;2
15-02-2025;07:00:00;1005.6666666666666;9.466666666666667;3.1;0.0;2025-02-15 07:00:00;2
15-02-2025;07:10:00;1005.5666666666666;9.433333333333335;3.1666666666666665;0.0;2025-02-15 07:10:00;2
15-02-2025;07:20:00;1005.55;9.350000000000001;3.0999999999999996;0.0;2025-02-15 07:20:00;2
15-02-2025;09:00:00;1006.35;10.25;8.3;0.4;2025-02-15 09:00:00;2
15-02-2025;09:10:00;1006.4333333333334;10.266666666666667;7.466666666666666;0.2;2025-02-15 09:10:00;2
15-02-2025;09:20:00;1006.5666666666666;10.4;6.3;0.0;2025-02-15 09:20:00;2
15-02-2025;09:30:00;1006.6333333333333;10.5;6.0;0.0;2025-02-15 09:30:00;2
15-02-2025;09:40:00;1006.6500000000001;10.6;6.1000000000000005;0.0;2025-02-15 09:40:00;2
15-02-2025;17:00:00;1008.8499999999999;10.8;3.45;0.2;2025-02-15 17:00:00;2
15-02-2025;17:10:00;1008.9;10.566666666666666;3.3666666666666667;0.0;2025-02-15 17:10:00;2
15-02-2025;17:20:00;1008.9666666666667;10.133333333333333;3.366666666666667;0.0;2025-02-15 17:20:00;2
15-02-2025;17:30:00;1009.0;10.0;3.1500000000000004;0.0;2025-02-15 17:30:00;2
17-02-2025;01:30:00;1013.3;5.1;1.5;0.2;2025-02-17 01:30:00;2
17-02-2025;01:40:00;1013.3;5.066666666666666;1.4000000000000001;0.0;2025-02-17 01:40:00;2
17-02-2025;01:50:00;1013.3;5.0;1.3666666666666665;0.0;2025-02-17 01:50:00;2
17-02-2025;02:00:00;1013.3;4.95;1.2999999999999998;0.0;2025-02-17 02:00:00;2
19-02-2025;04:00:00;1022.7;8.95;2.35;0.2;2025-02-19 04:00:00;2
19-02-2025;04:10:00;1022.7;8.9;2.1999999999999997;0.0;2025-02-19 04:10:00;2
19-02-2025;04:20:00;1022.7;8.766666666666667;2.0;0.0;2025-02-19 04:20:00;2
19-02-2025;04:30:00;1022.7;8.666666666666666;1.9000000000000001;0.0;2025-02-19 04:30:00;2
19-02-2025;04:40:00;1022.7333333333332;8.566666666666668;1.8333333333333333;0.2;2025-02-19 04:40:00;2
19-02-2025;04:50:00;1022.8333333333334;8.5;2.033333333333333;0.0;2025-02-19 04:50:00;2
19-02-2025;05:00:00;1022.9666666666667;8.433333333333332;2.4;0.0;2025-02-19 05:00:00;2
19-02-2025;05:10:00;1023.0500000000001;8.4;2.75;0.0;2025-02-19 05:10:00;2
23-02-2025;06:10:00;1029.8;3.75;1.5499999999999998;0.2;2025-02-23 06:10:00;2
23-02-2025;06:20:00;1029.8;3.6999999999999997;1.5;0.0;2025-02-23 06:20:00;2
23-02-2025;06:30:00;1029.8;3.6666666666666665;1.3333333333333333;0.0;2025-02-23 06:30:00;2
23-02-2025;06:40:00;1029.8;3.65;1.2999999999999998;0.0;2025-02-23 06:40:00;2
24-02-2025;19:20:00;1027.2;13.850000000000001;2.5;0.2;2025-02-24 19:20:00;2
24-02-2025;19:30:00;1027.1666666666667;13.833333333333334;2.566666666666667;0.0;2025-02-24 19:30:00;2
24-02-2025;19:40:00;1027.1333333333334;13.733333333333334;2.6;0.0;2025-02-24 19:40:00;2
24-02-2025;19:50:00;1027.0666666666666;13.6;2.4333333333333336;0.4;2025-02-24 19:50:00;2
24-02-2025;20:00:00;1027.0;13.4;2.0;0.0;2025-02-24 20:00:00;2
24-02-2025;20:10:00;1026.9333333333334;13.233333333333334;1.6666666666666667;0.0;2025-02-24 20:10:00;2
24-02-2025;20:20:00;1026.9;13.066666666666668;1.3;0.2;2025-02-24 20:20:00;2
24-02-2025;20:30:00;1026.9333333333334;12.933333333333332;1.1;0.0;2025-02-24 20:30:00;2
24-02-2025;20:40:00;1027.0;12.799999999999999;0.7000000000000001;0.0;2025-02-24 20:40:00;2
24-02-2025;20:50:00;1027.05;12.75;0.6000000000000001;0.0;2025-02-24 20:50:00;2
24-02-2025;22:10:00;1026.9;12.8;1.25;0.2;2025-02-24 22:10:00;2
24-02-2025;22:20:00;1026.9;12.733333333333334;1.0999999999999999;0.2;2025-02-24 22:20:00;2
24-02-2025;22:30:00;1026.8333333333333;12.633333333333333;0.9333333333333332;0.0;2025-02-24 22:30:00;2
24-02-2025;22:40:00;1026.7666666666667;12.533333333333333;0.7333333333333334;0.0;2025-02-24 22:40:00;2
24-02-2025;22:50:00;1026.7;12.5;0.7000000000000001;0.0;2025-02-24 22:50:00;2
25-02-2025;00:00:00;1026.35;11.9;0.4;0.2;2025-02-25 00:00:00;2
25-02-2025;00:10:00;1026.3333333333333;11.9;0.8000000000000002;0.2;2025-02-25 00:10:00;2
25-02-2025;00:20:00;1026.3;11.9;1.0333333333333334;0.4;2025-02-25 00:20:00;2
25-02-2025;00:30:00;1026.2333333333333;11.866666666666667;1.1666666666666667;1.6;2025-02-25 00:30:00;2
25-02-2025;00:40:00;1026.2333333333333;11.833333333333334;0.9666666666666667;0.6;2025-02-25 00:40:00;2
25-02-2025;00:50:00;1026.1666666666665;11.8;1.2;0.2;2025-02-25 00:50:00;2
25-02-2025;01:00:00;1026.1333333333332;11.766666666666666;1.3333333333333333;0.0;2025-02-25 01:00:00;2
25-02-2025;01:10:00;1025.9666666666665;11.733333333333334;1.7;1.2;2025-02-25 01:10:00;2
25-02-2025;01:20:00;1025.8;11.7;2.1;0.0;2025-02-25 01:20:00;2
25-02-2025;01:30:00;1025.6333333333332;11.7;2.866666666666667;0.0;2025-02-25 01:30:00;2
25-02-2025;01:40:00;1025.533333333333;11.7;3.3666666666666667;0.2;2025-02-25 01:40:00;2
25-02-2025;01:50:00;1025.466666666667;11.7;3.566666666666667;0.0;2025-02-25 01:50:00;2
25-02-2025;02:00:00;1025.4;11.666666666666666;3.1999999999999997;0.0;2025-02-25 02:00:00;2
25-02-2025;02:10:00;1025.35;11.65;3.0;0.0;2025-02-25 02:10:00;2
25-02-2025;06:30:00;1023.8;11.25;1.2;0.2;2025-02-25 06:30:00;2
25-02-2025;06:40:00;1023.8;11.233333333333334;1.0;0.2;2025-02-25 06:40:00;2
25-02-2025;06:50:00;1023.8;11.2;0.5333333333333333;0.2;2025-02-25 06:50:00;2
25-02-2025;07:00:00;1023.8;11.2;0.19999999999999998;0.0;2025-02-25 07:00:00;2
25-02-2025;07:10:00;1023.7666666666668;11.2;0.13333333333333333;0.0;2025-02-25 07:10:00;2
25-02-2025;07:20:00;1023.7500000000001;11.2;0.2;0.0;2025-02-25 07:20:00;2
25-02-2025;11:20:00;1023.6;15.350000000000001;1.2;0.2;2025-02-25 11:20:00;2
25-02-2025;11:30:00;1023.6;15.566666666666668;1.2666666666666666;0.0;2025-02-25 11:30:00;2
25-02-2025;11:40:00;1023.5;15.866666666666665;1.5666666666666664;0.0;2025-02-25 11:40:00;2
25-02-2025;11:50:00;1023.4499999999999;16.099999999999998;1.8999999999999997;0.0;2025-02-25 11:50:00;2
26-02-2025;07:00:00;1015.95;14.3;2.95;0.2;2025-02-26 07:00:00;2
26-02-2025;07:10:00;1015.9666666666667;14.266666666666666;2.9333333333333336;0.6;2025-02-26 07:10:00;2
26-02-2025;07:20:00;1015.9666666666666;14.166666666666666;2.8666666666666667;1.0;2025-02-26 07:20:00;2
26-02-2025;07:30:00;1015.9333333333333;14.1;3.066666666666667;0.2;2025-02-26 07:30:00;2
26-02-2025;07:40:00;1015.9333333333333;14.033333333333333;3.3666666666666667;0.2;2025-02-26 07:40:00;2
26-02-2025;07:50:00;1015.9666666666667;14.033333333333333;3.8333333333333335;1.0;2025-02-26 07:50:00;2
26-02-2025;08:00:00;1016.0333333333333;13.899999999999999;3.7999999999999994;0.6;2025-02-26 08:00:00;2
26-02-2025;08:10:00;1015.8666666666667;13.699999999999998;3.6999999999999997;1.6;2025-02-26 08:10:00;2
26-02-2025;08:20:00;1015.8333333333334;13.399999999999999;3.5666666666666664;4.4;2025-02-26 08:20:00;2
26-02-2025;08:30:00;1015.7333333333332;13.433333333333335;3.1;0.0;2025-02-26 08:30:00;2
26-02-2025;08:40:00;1015.8333333333334;13.799999999999999;2.866666666666667;0.0;2025-02-26 08:40:00;2
26-02-2025;08:50:00;1015.8;14.149999999999999;2.5000000000000004;0.0;2025-02-26 08:50:00;2
26-02-2025;12:30:00;1015.0;15.1;2.0;0.2;2025-02-26 12:30:00;2
26-02-2025;12:40:00;1014.9333333333334;15.166666666666666;1.866666666666667;0.0;2025-02-26 12:40:00;2
26-02-2025;12:50:00;1014.8333333333334;15.666666666666666;1.7333333333333334;0.0;2025-02-26 12:50:00;2
26-02-2025;13:00:00;1014.75;15.9;1.7000000000000002;0.0;2025-02-26 13:00:00;2
26-02-2025;14:50:00;1013.8;13.5;3.8499999999999996;0.2;2025-02-26 14:50:00;2
26-02-2025;15:00:00;1013.8;13.433333333333332;2.966666666666667;0.6;2025-02-26 15:00:00;2
26-02-2025;15:10:00;1013.8;13.333333333333334;1.9666666666666668;0.8;2025-02-26 15:10:00;2
26-02-2025;15:20:00;1013.9333333333334;13.266666666666666;1.4333333333333333;1.0;2025-02-26 15:20:00;2
26-02-2025;15:30:00;1013.9666666666667;13.233333333333334;1.2333333333333332;0.6;2025-02-26 15:30:00;2
26-02-2025;15:40:00;1013.9;13.233333333333334;0.9333333333333332;0.8;2025-02-26 15:40:00;2
26-02-2025;15:50:00;1013.7333333333332;13.299999999999999;1.2000000000000002;1.4;2025-02-26 15:50:00;2
26-02-2025;16:00:00;1013.6666666666666;13.233333333333334;2.4333333333333336;0.8;2025-02-26 16:00:00;2
26-02-2025;16:10:00;1013.7333333333332;12.9;3.7999999999999994;2.4;2025-02-26 16:10:00;2
26-02-2025;16:20:00;1013.8000000000001;12.533333333333333;4.666666666666667;0.4;2025-02-26 16:20:00;2
26-02-2025;16:30:00;1013.9;12.200000000000001;4.8999999999999995;0.4;2025-02-26 16:30:00;2
26-02-2025;16:40:00;1014.0333333333333;12.066666666666668;4.8999999999999995;0.2;2025-02-26 16:40:00;2
26-02-2025;16:50:00;1014.1333333333333;11.9;4.866666666666666;0.4;2025-02-26 16:50:00;2
26-02-2025;17:00:00;1014.2333333333332;11.800000000000002;4.566666666666666;0.4;2025-02-26 17:00:00;2
26-02-2025;17:10:00;1014.2666666666668;11.633333333333333;3.933333333333333;0.8;2025-02-26 17:10:00;2
26-02-2025;17:20:00;1014.3;11.466666666666667;3.1999999999999997;0.6;2025-02-26 17:20:00;2
26-02-2025;17:30:00;1014.3;11.366666666666667;2.1999999999999997;0.2;2025-02-26 17:30:00;2
26-02-2025;17:40:00;1014.3;11.366666666666667;1.2;0.0;2025-02-26 17:40:00;2
26-02-2025;17:50:00;1014.2666666666668;11.4;0.4000000000000001;0.0;2025-02-26 17:50:00;2
26-02-2025;18:00:00;1014.2666666666665;11.4;0.06666666666666667;0.0;2025-02-26 18:00:00;2
26-02-2025;18:10:00;1014.2666666666668;11.433333333333335;0.10000000000000002;0.2;2025-02-26 18:10:00;2
26-02-2025;18:20:00;1014.3333333333334;11.5;0.7333333333333334;0.4;2025-02-26 18:20:00;2
26-02-2025;18:30:00;1014.3666666666667;11.566666666666668;1.3333333333333333;0.0;2025-02-26 18:30:00;2
26-02-2025;18:40:00;1014.4333333333333;11.566666666666668;1.7;0.4;2025-02-26 18:40:00;2
26-02-2025;18:50:00;1014.4666666666667;11.533333333333333;1.5999999999999999;0.0;2025-02-26 18:50:00;2
26-02-2025;19:00:00;1014.5666666666666;11.466666666666667;1.4333333333333336;0.2;2025-02-26 19:00:00;2
26-02-2025;19:10:00;1014.6333333333333;11.266666666666666;1.7;0.2;2025-02-26 19:10:00;2
26-02-2025;19:20:00;1014.7;11.1;1.9333333333333333;0.4;2025-02-26 19:20:00;2
26-02-2025;19:30:00;1014.7333333333335;10.933333333333332;1.9333333333333336;0.2;2025-02-26 19:30:00;2
26-02-2025;19:40:00;1014.7333333333332;10.9;1.2333333333333332;0.2;2025-02-26 19:40:00;2
26-02-2025;19:50:00;1014.7333333333335;10.833333333333334;0.4666666666666666;0.0;2025-02-26 19:50:00;2
26-02-2025;20:00:00;1014.7;10.833333333333334;0.0;0.2;2025-02-26 20:00:00;2
26-02-2025;20:10:00;1014.7;10.866666666666667;0.0;0.2;2025-02-26 20:10:00;2
26-02-2025;20:20:00;1014.7333333333332;10.9;0.3;0.2;2025-02-26 20:20:00;2
26-02-2025;20:30:00;1014.7666666666668;10.866666666666667;1.366666666666667;0.4;2025-02-26 20:30:00;2
26-02-2025;20:40:00;1014.8;11.0;2.3000000000000003;0.2;2025-02-26 20:40:00;2
26-02-2025;20:50:00;1014.8;11.166666666666666;2.766666666666666;0.4;2025-02-26 20:50:00;2
26-02-2025;21:00:00;1014.8333333333334;11.366666666666667;2.466666666666667;0.2;2025-02-26 21:00:00;2
26-02-2025;21:10:00;1014.8666666666667;11.4;2.1666666666666665;0.2;2025-02-26 21:10:00;2
26-02-2025;21:20:00;1014.9;11.333333333333334;1.6666666666666663;0.6;2025-02-26 21:20:00;2
26-02-2025;21:30:00;1014.9333333333334;11.233333333333334;1.2666666666666666;0.8;2025-02-26 21:30:00;2
26-02-2025;21:40:00;1015.0;11.066666666666668;2.1;0.8;2025-02-26 21:40:00;2
26-02-2025;21:50:00;1015.0666666666666;10.933333333333332;3.1666666666666665;0.8;2025-02-26 21:50:00;2
26-02-2025;22:00:00;1015.1;10.799999999999999;3.8000000000000007;0.4;2025-02-26 22:00:00;2
26-02-2025;22:10:00;1015.1;10.766666666666666;3.0666666666666664;0.4;2025-02-26 22:10:00;2
26-02-2025;22:20:00;1015.1;10.733333333333334;2.0333333333333337;0.2;2025-02-26 22:20:00;2
26-02-2025;22:30:00;1015.0666666666667;10.666666666666666;1.0333333333333334;0.0;2025-02-26 22:30:00;2
26-02-2025;22:40:00;1015.0333333333333;10.5;0.3;0.2;2025-02-26 22:40:00;2
26-02-2025;22:50:00;1015.0;10.333333333333334;0.19999999999999998;0.0;2025-02-26 22:50:00;2
26-02-2025;23:00:00;1015.0;10.233333333333333;0.7333333333333334;0.0;2025-02-26 23:00:00;2
26-02-2025;23:10:00;1015.0;10.2;1.1;0.0;2025-02-26 23:10:00;2
27-02-2025;00:30:00;1015.0;9.9;0.8;0.2;2025-02-27 00:30:00;2
27-02-2025;00:40:00;1015.0333333333333;9.866666666666667;0.7666666666666666;0.0;2025-02-27 00:40:00;2
27-02-2025;00:50:00;1015.0666666666666;9.8;0.8666666666666667;0.0;2025-02-27 00:50:00;2
27-02-2025;01:00:00;1015.1;9.8;0.65;0.0;2025-02-27 01:00:00;2
01-03-2025;02:10:00;1019.7;7.25;1.9;0.2;2025-03-01 02:10:00;2
01-03-2025;02:20:00;1019.6333333333333;7.166666666666667;1.8333333333333333;0.0;2025-03-01 02:20:00;2
01-03-2025;02:30:00;1019.5333333333333;6.966666666666666;1.8666666666666665;0.0;2025-03-01 02:30:00;2
01-03-2025;02:40:00;1019.4499999999999;6.85;1.7999999999999998;0.0;2025-03-01 02:40:00;2
01-03-2025;17:10:00;1019.5;12.55;2.0999999999999996;0.2;2025-03-01 17:10:00;2
01-03-2025;17:20:00;1019.5;12.366666666666667;2.233333333333333;0.2;2025-03-01 17:20:00;2
01-03-2025;17:30:00;1019.4;12.0;2.6999999999999997;0.2;2025-03-01 17:30:00;2
01-03-2025;17:40:00;1019.2333333333332;11.566666666666668;3.3666666666666667;0.0;2025-03-01 17:40:00;2
01-03-2025;17:50:00;1019.1333333333333;11.233333333333334;3.9;0.0;2025-03-01 17:50:00;2
01-03-2025;18:00:00;1019.1;11.05;4.199999999999999;0.0;2025-03-01 18:00:00;2
10-03-2025;11:50:00;1011.55;17.65;5.35;0.2;2025-03-10 11:50:00;2
10-03-2025;12:00:00;1011.5333333333333;17.566666666666666;5.266666666666667;0.0;2025-03-10 12:00:00;2
10-03-2025;12:10:00;1011.5;17.53333333333333;5.0;0.0;2025-03-10 12:10:00;2
10-03-2025;12:20:00;1011.5;17.5;4.85;0.0;2025-03-10 12:20:00;2
10-03-2025;13:20:00;1010.6;18.15;4.3;0.2;2025-03-10 13:20:00;2
10-03-2025;13:30:00;1010.5666666666666;18.23333333333333;4.433333333333334;0.0;2025-03-10 13:30:00;2
10-03-2025;13:40:00;1010.4666666666667;18.53333333333333;4.366666666666666;0.0;2025-03-10 13:40:00;2
10-03-2025;13:50:00;1010.45;18.599999999999998;4.3999999999999995;0.0;2025-03-10 13:50:00;2
10-03-2025;17:50:00;1008.6;16.1;1.6;0.2;2025-03-10 17:50:00;2
10-03-2025;18:00:00;1008.6666666666666;15.933333333333332;1.3333333333333333;0.0;2025-03-10 18:00:00;2
10-03-2025;18:10:00;1008.6666666666666;15.6;0.7333333333333334;0.0;2025-03-10 18:10:00;2
10-03-2025;18:20:00;1008.75;15.45;0.4;0.0;2025-03-10 18:20:00;2
10-03-2025;22:30:00;1007.75;14.25;1.35;0.2;2025-03-10 22:30:00;2
10-03-2025;22:40:00;1007.7666666666668;14.233333333333334;1.6333333333333335;0.0;2025-03-10 22:40:00;2
10-03-2025;22:50:00;1007.7666666666668;14.2;2.0;0.0;2025-03-10 22:50:00;2
10-03-2025;23:00:00;1007.7500000000001;14.2;2.25;0.0;2025-03-10 23:00:00;2
11-03-2025;03:00:00;1006.55;16.200000000000003;3.0999999999999996;0.6;2025-03-11 03:00:00;2
11-03-2025;03:10:00;1006.4;16.066666666666666;3.1666666666666665;0.2;2025-03-11 03:10:00;2
11-03-2025;03:20:00;1006.1999999999999;15.833333333333334;2.6666666666666665;0.0;2025-03-11 03:20:00;2
11-03-2025;03:30:00;1006.3000000000001;15.666666666666666;2.5666666666666664;0.0;2025-03-11 03:30:00;2
11-03-2025;03:40:00;1006.8333333333334;15.633333333333333;2.3333333333333335;0.0;2025-03-11 03:40:00;2
11-03-2025;03:50:00;1007.2333333333332;15.666666666666666;2.5666666666666664;0.2;2025-03-11 03:50:00;2
11-03-2025;04:00:00;1007.4666666666667;15.7;2.5;0.6;2025-03-11 04:00:00;2
11-03-2025;04:10:00;1007.0;15.6;2.1;0.8;2025-03-11 04:10:00;2
11-03-2025;04:20:00;1006.5999999999999;15.433333333333332;1.4333333333333333;0.0;2025-03-11 04:20:00;2
11-03-2025;04:30:00;1006.3666666666668;15.200000000000001;1.3333333333333333;0.0;2025-03-11 04:30:00;2
11-03-2025;04:40:00;1006.4000000000001;15.100000000000001;1.3;0.0;2025-03-11 04:40:00;2
11-03-2025;05:00:00;1006.6500000000001;14.95;1.2000000000000002;0.2;2025-03-11 05:00:00;2
11-03-2025;05:10:00;1006.8333333333334;14.966666666666667;1.3666666666666665;0.0;2025-03-11 05:10:00;2
11-03-2025;05:20:00;1007.0333333333334;14.966666666666667;1.6333333333333335;0.0;2025-03-11 05:20:00;2
11-03-2025;05:30:00;1007.2666666666668;14.933333333333335;1.4666666666666668;0.2;2025-03-11 05:30:00;2
11-03-2025;05:40:00;1007.4000000000001;14.833333333333334;1.7;0.0;2025-03-11 05:40:00;2
11-03-2025;05:50:00;1007.5333333333333;14.733333333333334;1.6666666666666667;0.0;2025-03-11 05:50:00;2
11-03-2025;06:00:00;1007.6;14.7;2.1;0.0;2025-03-11 06:00:00;2
11-03-2025;07:20:00;1008.0;14.75;2.6;0.2;2025-03-11 07:20:00;2
11-03-2025;07:30:00;1008.1;14.933333333333332;2.4;0.0;2025-03-11 07:30:00;2
11-03-2025;07:40:00;1008.1666666666666;15.233333333333334;1.8666666666666665;0.0;2025-03-11 07:40:00;2
11-03-2025;07:50:00;1008.3;15.400000000000002;1.6999999999999997;0.0;2025-03-11 07:50:00;2
12-03-2025;05:10:00;1006.25;12.25;1.25;0.2;2025-03-12 05:10:00;2
12-03-2025;05:20:00;1006.1666666666666;12.0;1.0666666666666667;0.0;2025-03-12 05:20:00;2
12-03-2025;05:30:00;1006.1;11.6;0.7666666666666666;0.0;2025-03-12 05:30:00;2
12-03-2025;05:40:00;1006.0500000000001;11.5;0.5;0.0;2025-03-12 05:40:00;2
12-03-2025;17:40:00;1001.6;15.1;3.0;0.2;2025-03-12 17:40:00;2
12-03-2025;17:50:00;1001.6666666666666;14.799999999999999;3.1333333333333333;0.0;2025-03-12 17:50:00;2
12-03-2025;18:00:00;1001.7666666666668;14.266666666666666;3.3333333333333335;0.2;2025-03-12 18:00:00;2
12-03-2025;18:10:00;1001.7666666666668;14.1;2.966666666666667;0.4;2025-03-12 18:10:00;2
12-03-2025;18:20:00;1001.6666666666666;14.0;2.5999999999999996;0.8;2025-03-12 18:20:00;2
12-03-2025;18:30:00;1001.4333333333334;13.866666666666665;2.3333333333333335;0.4;2025-03-12 18:30:00;2
12-03-2025;18:40:00;1001.2333333333332;13.699999999999998;1.933333333333333;0.6;2025-03-12 18:40:00;2
12-03-2025;18:50:00;1001.0666666666666;13.5;1.8333333333333333;0.0;2025-03-12 18:50:00;2
12-03-2025;19:00:00;1001.0333333333334;13.333333333333334;1.7;0.0;2025-03-12 19:00:00;2
12-03-2025;19:10:00;1001.0;13.25;1.7499999999999998;0.0;2025-03-12 19:10:00;2
12-03-2025;23:10:00;1001.45;14.5;3.5;0.2;2025-03-12 23:10:00;2
12-03-2025;23:20:00;1001.4;14.533333333333333;3.5;0.0;2025-03-12 23:20:00;2
12-03-2025;23:30:00;1001.3666666666667;14.566666666666668;3.5;0.0;2025-03-12 23:30:00;2
12-03-2025;23:40:00;1001.3999999999999;14.6;3.45;0.0;2025-03-12 23:40:00;2
13-03-2025;12:40:00;1006.3;15.45;3.0999999999999996;0.4;2025-03-13 12:40:00;2
13-03-2025;12:50:00;1006.2333333333332;15.866666666666667;2.9;0.0;2025-03-13 12:50:00;2
13-03-2025;13:00:00;1006.1333333333333;16.46666666666667;2.766666666666666;0.0;2025-03-13 13:00:00;2
13-03-2025;13:10:00;1006.0500000000001;17.000000000000004;2.5;0.0;2025-03-13 13:10:00;2
13-03-2025;17:50:00;1006.5;15.4;3.2;1.2;2025-03-13 17:50:00;2
13-03-2025;18:00:00;1006.5;15.366666666666667;3.3000000000000003;0.0;2025-03-13 18:00:00;2
13-03-2025;18:10:00;1006.5;15.266666666666666;3.3666666666666667;0.0;2025-03-13 18:10:00;2
13-03-2025;18:20:00;1006.5;15.249999999999998;3.5;0.0;2025-03-13 18:20:00;2
14-03-2025;00:30:00;1007.4;15.1;5.85;0.2;2025-03-14 00:30:00;2
14-03-2025;00:40:00;1007.4666666666667;15.1;5.433333333333333;0.0;2025-03-14 00:40:00;2
14-03-2025;00:50:00;1007.5999999999999;15.1;5.3999999999999995;0.0;2025-03-14 00:50:00;2
14-03-2025;01:00:00;1007.7333333333332;15.066666666666668;5.366666666666667;0.4;2025-03-14 01:00:00;2
14-03-2025;01:10:00;1007.7666666666668;14.966666666666667;5.733333333333333;0.2;2025-03-14 01:10:00;2
14-03-2025;01:20:00;1007.7333333333332;14.866666666666667;5.633333333333333;0.2;2025-03-14 01:20:00;2
14-03-2025;01:30:00;1007.6;14.766666666666666;5.7;0.2;2025-03-14 01:30:00;2
14-03-2025;01:40:00;1007.4666666666666;14.666666666666666;6.133333333333334;0.2;2025-03-14 01:40:00;2
14-03-2025;01:50:00;1007.4333333333334;14.533333333333333;6.266666666666667;0.2;2025-03-14 01:50:00;2
14-03-2025;02:00:00;1007.5;14.466666666666667;6.733333333333333;0.2;2025-03-14 02:00:00;2
14-03-2025;02:10:00;1007.5333333333333;14.433333333333332;6.766666666666667;0.2;2025-03-14 02:10:00;2
14-03-2025;02:20:00;1007.4333333333334;14.4;7.033333333333332;0.4;2025-03-14 02:20:00;2
14-03-2025;02:30:00;1007.3000000000001;14.333333333333334;6.733333333333334;0.0;2025-03-14 02:30:00;2
14-03-2025;02:40:00;1007.1999999999999;14.266666666666666;6.466666666666666;0.2;2025-03-14 02:40:00;2
14-03-2025;02:50:00;1007.0;14.200000000000001;6.0;0.0;2025-03-14 02:50:00;2
14-03-2025;03:00:00;1006.9333333333334;14.066666666666668;5.633333333333333;0.2;2025-03-14 03:00:00;2
14-03-2025;03:10:00;1006.8333333333334;13.933333333333332;5.033333333333332;0.0;2025-03-14 03:10:00;2
14-03-2025;03:20:00;1006.5666666666666;13.833333333333334;5.1;0.0;2025-03-14 03:20:00;2
14-03-2025;03:30:00;1006.1333333333333;13.8;5.7;0.2;2025-03-14 03:30:00;2
14-03-2025;03:40:00;1005.9666666666667;13.8;6.233333333333333;0.0;2025-03-14 03:40:00;2
14-03-2025;03:50:00;1005.9;13.833333333333334;6.2;0.0;2025-03-14 03:50:00;2
14-03-2025;04:00:00;1006.0;13.85;5.8500000000000005;0.0;2025-03-14 04:00:00;2
14-03-2025;04:30:00;1006.5;13.95;3.75;0.4;2025-03-14 04:30:00;2
14-03-2025;04:40:00;1006.5;13.933333333333332;3.6;0.2;2025-03-14 04:40:00;2
14-03-2025;04:50:00;1006.4333333333334;13.9;3.1666666666666665;0.6;2025-03-14 04:50:00;2
14-03-2025;05:00:00;1006.3666666666667;13.800000000000002;2.5666666666666664;0.4;2025-03-14 05:00:00;2
14-03-2025;05:10:00;1006.6;13.766666666666666;1.8333333333333333;0.0;2025-03-14 05:10:00;2
14-03-2025;05:20:00;1007.1;13.833333333333334;1.5;0.0;2025-03-14 05:20:00;2
14-03-2025;05:30:00;1007.6333333333333;13.966666666666667;1.4666666666666668;1.0;2025-03-14 05:30:00;2
14-03-2025;05:40:00;1008.1333333333333;14.066666666666668;1.5666666666666664;1.0;2025-03-14 05:40:00;2
14-03-2025;05:50:00;1008.3666666666667;14.066666666666668;1.5666666666666664;0.6;2025-03-14 05:50:00;2
14-03-2025;06:00:00;1008.6666666666666;13.966666666666667;1.5666666666666664;0.0;2025-03-14 06:00:00;2
14-03-2025;06:10:00;1008.6;13.866666666666667;1.5;0.2;2025-03-14 06:10:00;2
14-03-2025;06:20:00;1008.5;13.766666666666666;1.3;0.4;2025-03-14 06:20:00;2
14-03-2025;06:30:00;1008.4;13.733333333333334;1.0333333333333334;0.2;2025-03-14 06:30:00;2
14-03-2025;06:40:00;1008.0;13.633333333333333;1.0333333333333332;0.2;2025-03-14 06:40:00;2
14-03-2025;06:50:00;1007.7333333333332;13.700000000000001;1.8666666666666665;0.2;2025-03-14 06:50:00;2
14-03-2025;07:00:00;1007.3666666666667;13.766666666666666;2.6999999999999997;0.2;2025-03-14 07:00:00;2
14-03-2025;07:10:00;1007.0333333333333;13.833333333333334;3.3666666666666667;1.6;2025-03-14 07:10:00;2
14-03-2025;07:20:00;1006.8000000000001;13.766666666666666;3.5666666666666664;0.0;2025-03-14 07:20:00;2
14-03-2025;07:30:00;1006.3666666666667;13.7;4.2;0.0;2025-03-14 07:30:00;2
14-03-2025;07:40:00;1006.4000000000001;13.7;4.7;0.0;2025-03-14 07:40:00;2
22-03-2025;03:20:00;1019.8;6.1;1.35;0.2;2025-03-22 03:20:00;2
22-03-2025;03:30:00;1019.6999999999999;6.166666666666667;1.3666666666666665;0.0;2025-03-22 03:30:00;2
22-03-2025;03:40:00;1019.5666666666666;6.2;1.2333333333333334;0.0;2025-03-22 03:40:00;2
22-03-2025;03:50:00;1019.4499999999999;6.250000000000001;1.25;0.0;2025-03-22 03:50:00;2
23-03-2025;01:50:00;1012.25;12.149999999999999;2.75;0.2;2025-03-23 01:50:00;2
23-03-2025;02:00:00;1012.0333333333333;12.133333333333333;2.5;0.0;2025-03-23 02:00:00;2
23-03-2025;02:10:00;1011.9;12.133333333333333;2.2333333333333334;0.2;2025-03-23 02:10:00;2
23-03-2025;02:20:00;1011.6333333333333;12.033333333333331;2.066666666666667;0.2;2025-03-23 02:20:00;2
23-03-2025;02:30:00;1011.6666666666666;11.866666666666667;2.1;0.0;2025-03-23 02:30:00;2
23-03-2025;02:40:00;1011.4666666666667;11.6;2.066666666666667;0.2;2025-03-23 02:40:00;2
23-03-2025;02:50:00;1011.1666666666666;11.4;1.8333333333333333;0.0;2025-03-23 02:50:00;2
23-03-2025;03:00:00;1010.6333333333333;11.333333333333334;2.1666666666666665;0.0;2025-03-23 03:00:00;2
23-03-2025;03:10:00;1010.3499999999999;11.3;2.45;0.0;2025-03-23 03:10:00;2
24-03-2025;02:20:00;1011.75;13.05;0.0;0.2;2025-03-24 02:20:00;2
24-03-2025;02:30:00;1011.7333333333332;13.033333333333333;0.0;0.0;2025-03-24 02:30:00;2
24-03-2025;02:40:00;1011.7;13.066666666666668;0.0;0.0;2025-03-24 02:40:00;2
24-03-2025;02:50:00;1011.7;13.0;0.0;0.0;2025-03-24 02:50:00;2
25-03-2025;04:00:00;1016.5;10.45;0.3;0.2;2025-03-25 04:00:00;2
25-03-2025;04:10:00;1016.5;10.4;0.19999999999999998;0.0;2025-03-25 04:10:00;2
25-03-2025;04:20:00;1016.4666666666667;10.5;0.0;0.0;2025-03-25 04:20:00;2
25-03-2025;04:30:00;1016.45;10.55;0.0;0.0;2025-03-25 04:30:00;2
25-03-2025;15:00:00;1016.25;16.25;1.65;0.4;2025-03-25 15:00:00;2
25-03-2025;15:10:00;1016.1666666666666;16.166666666666668;1.5666666666666664;0.0;2025-03-25 15:10:00;2
25-03-2025;15:20:00;1016.0333333333333;16.066666666666666;1.5666666666666664;0.0;2025-03-25 15:20:00;2
25-03-2025;15:30:00;1016.0;16.0;1.8499999999999996;0.0;2025-03-25 15:30:00;2
27-03-2025;02:30:00;1006.1500000000001;11.4;1.6;0.2;2025-03-27 02:30:00;2
27-03-2025;02:40:00;1006.1333333333333;11.4;1.8;0.4;2025-03-27 02:40:00;2
27-03-2025;02:50:00;1006.0333333333333;11.366666666666667;2.066666666666667;0.2;2025-03-27 02:50:00;2
27-03-2025;03:00:00;1005.9666666666667;11.333333333333334;2.3000000000000003;0.6;2025-03-27 03:00:00;2
27-03-2025;03:10:00;1005.9;11.3;2.0666666666666664;0.2;2025-03-27 03:10:00;2
27-03-2025;03:20:00;1005.8333333333334;11.266666666666666;1.6333333333333335;0.2;2025-03-27 03:20:00;2
27-03-2025;03:30:00;1005.7666666666668;11.233333333333334;1.3;0.0;2025-03-27 03:30:00;2
27-03-2025;03:40:00;1005.6666666666666;11.2;1.2666666666666666;0.0;2025-03-27 03:40:00;2
27-03-2025;03:50:00;1005.6500000000001;11.2;1.4;0.0;2025-03-27 03:50:00;2
28-03-2025;07:10:00;1003.6;10.850000000000001;1.7;0.2;2025-03-28 07:10:00;2
28-03-2025;07:20:00;1003.6333333333333;10.966666666666667;1.6333333333333335;0.0;2025-03-28 07:20:00;2
28-03-2025;07:30:00;1003.6333333333333;11.133333333333333;1.5666666666666664;0.0;2025-03-28 07:30:00;2
28-03-2025;07:40:00;1003.7;11.25;1.5;0.0;2025-03-28 07:40:00;2
29-03-2025;03:00:00;1000.5;10.7;1.3;0.2;2025-03-29 03:00:00;2
29-03-2025;03:10:00;1000.4666666666667;10.733333333333334;1.0666666666666667;0.0;2025-03-29 03:10:00;2
29-03-2025;03:20:00;1000.3333333333334;10.799999999999999;0.9333333333333335;0.0;2025-03-29 03:20:00;2
29-03-2025;03:30:00;1000.3;10.85;0.8500000000000001;0.0;2025-03-29 03:30:00;2
29-03-2025;04:30:00;1000.1;10.850000000000001;0.9;0.2;2025-03-29 04:30:00;2
29-03-2025;04:40:00;1000.1;10.833333333333334;0.8333333333333334;0.0;2025-03-29 04:40:00;2
29-03-2025;04:50:00;1000.0666666666667;10.833333333333334;0.8333333333333334;0.2;2025-03-29 04:50:00;2
29-03-2025;05:00:00;1000.0333333333333;10.866666666666667;0.8666666666666667;0.0;2025-03-29 05:00:00;2
29-03-2025;05:10:00;1000.0;10.866666666666667;0.9333333333333335;0.0;2025-03-29 05:10:00;2
29-03-2025;05:20:00;999.9666666666667;10.833333333333334;1.0333333333333334;0.0;2025-03-29 05:20:00;2
29-03-2025;05:30:00;999.9;10.8;1.1666666666666667;0.2;2025-03-29 05:30:00;2
29-03-2025;05:40:00;999.8666666666667;10.833333333333334;1.4333333333333333;0.0;2025-03-29 05:40:00;2
29-03-2025;05:50:00;999.8666666666667;10.9;1.7;0.0;2025-03-29 05:50:00;2
29-03-2025;06:00:00;999.9;11.0;1.7666666666666666;0.2;2025-03-29 06:00:00;2
29-03-2025;06:10:00;999.9;11.066666666666668;1.633333333333333;0.0;2025-03-29 06:10:00;2
29-03-2025;06:20:00;999.9333333333334;11.133333333333333;1.2333333333333334;0.0;2025-03-29 06:20:00;2
29-03-2025;06:30:00;999.9666666666666;11.199999999999998;0.8666666666666667;0.0;2025-03-29 06:30:00;2
29-03-2025;06:40:00;1000.0333333333333;11.299999999999999;0.9;0.2;2025-03-29 06:40:00;2
29-03-2025;06:50:00;1000.0666666666666;11.366666666666667;1.2;0.0;2025-03-29 06:50:00;2
29-03-2025;07:00:00;1000.1;11.4;1.5666666666666667;0.2;2025-03-29 07:00:00;2
29-03-2025;07:10:00;1000.0666666666667;11.433333333333335;1.7000000000000002;0.2;2025-03-29 07:10:00;2
29-03-2025;07:20:00;1000.0;11.466666666666667;1.8666666666666665;0.2;2025-03-29 07:20:00;2
29-03-2025;07:30:00;999.9;11.533333333333333;2.033333333333333;0.2;2025-03-29 07:30:00;2
29-03-2025;07:40:00;999.8666666666667;11.666666666666666;2.0333333333333337;0.2;2025-03-29 07:40:00;2
29-03-2025;07:50:00;999.8333333333334;11.866666666666667;2.0;0.2;2025-03-29 07:50:00;2
29-03-2025;08:00:00;999.8666666666667;12.1;1.7333333333333334;0.0;2025-03-29 08:00:00;2
29-03-2025;08:10:00;999.9;12.200000000000001;1.4666666666666668;0.0;2025-03-29 08:10:00;2
29-03-2025;08:20:00;1000.0;12.333333333333334;0.9;0.0;2025-03-29 08:20:00;2
29-03-2025;08:30:00;1000.0333333333333;12.6;0.4333333333333334;0.2;2025-03-29 08:30:00;2
29-03-2025;08:40:00;1000.0666666666666;13.033333333333333;0.10000000000000007;0.0;2025-03-29 08:40:00;2
29-03-2025;08:50:00;1000.0666666666667;13.433333333333332;0.16666666666666674;0.0;2025-03-29 08:50:00;2
29-03-2025;09:00:00;1000.1;13.599999999999998;0.2500000000000001;0.0;2025-03-29 09:00:00;2
29-03-2025;09:20:00;1000.4;13.3;1.1;0.2;2025-03-29 09:20:00;2
29-03-2025;09:30:00;1000.4333333333334;13.299999999999999;1.1;0.0;2025-03-29 09:30:00;2
29-03-2025;09:40:00;1000.4666666666666;13.233333333333334;1.1;0.0;2025-03-29 09:40:00;2
29-03-2025;09:50:00;1000.5333333333333;13.1;1.0;0.0;2025-03-29 09:50:00;2
29-03-2025;10:00:00;1000.5666666666666;12.833333333333334;1.0333333333333334;0.2;2025-03-29 10:00:00;2
29-03-2025;10:10:00;1000.5666666666666;12.666666666666666;1.1333333333333333;0.0;2025-03-29 10:10:00;2
29-03-2025;10:20:00;1000.5666666666667;12.733333333333334;1.2666666666666666;0.0;2025-03-29 10:20:00;2
29-03-2025;10:30:00;1000.5500000000001;12.850000000000001;1.3;0.0;2025-03-29 10:30:00;2
29-03-2025;12:00:00;1000.7;13.05;2.05;0.6;2025-03-29 12:00:00;2
29-03-2025;12:10:00;1000.7;13.266666666666666;2.1;0.6;2025-03-29 12:10:00;2
29-03-2025;12:20:00;1000.7;13.466666666666667;2.1333333333333333;0.2;2025-03-29 12:20:00;2
29-03-2025;12:30:00;1000.7;13.6;1.9666666666666668;0.2;2025-03-29 12:30:00;2
29-03-2025;12:40:00;1000.6666666666666;13.5;1.2666666666666666;0.8;2025-03-29 12:40:00;2
29-03-2025;12:50:00;1000.6333333333333;13.333333333333334;0.46666666666666673;0.2;2025-03-29 12:50:00;2
29-03-2025;13:00:00;1000.5666666666666;13.166666666666666;0.03333333333333333;0.6;2025-03-29 13:00:00;2
29-03-2025;13:10:00;1000.5;13.033333333333333;0.0;0.6;2025-03-29 13:10:00;2
29-03-2025;13:20:00;1000.4333333333334;13.299999999999999;0.4666666666666666;0.2;2025-03-29 13:20:00;2
29-03-2025;13:30:00;1000.4;13.366666666666667;1.3333333333333333;0.2;2025-03-29 13:30:00;2
29-03-2025;13:40:00;1000.3333333333334;13.366666666666667;2.2666666666666666;0.0;2025-03-29 13:40:00;2
29-03-2025;13:50:00;1000.2666666666668;13.066666666666668;2.7000000000000006;0.0;2025-03-29 13:50:00;2
29-03-2025;14:00:00;1000.2;12.899999999999999;2.8333333333333335;0.2;2025-03-29 14:00:00;2
29-03-2025;14:10:00;1000.2;12.666666666666666;2.733333333333333;0.0;2025-03-29 14:10:00;2
29-03-2025;14:20:00;1000.2;12.366666666666665;2.8000000000000003;0.0;2025-03-29 14:20:00;2
29-03-2025;14:30:00;1000.2666666666668;12.166666666666666;2.766666666666667;1.0;2025-03-29 14:30:00;2
29-03-2025;14:40:00;1000.3333333333334;12.066666666666665;2.733333333333333;1.4;2025-03-29 14:40:00;2
29-03-2025;14:50:00;1000.4;11.966666666666667;2.6999999999999997;1.6;2025-03-29 14:50:00;2
29-03-2025;15:00:00;1000.4;11.866666666666667;2.9333333333333336;2.2;2025-03-29 15:00:00;2
29-03-2025;15:10:00;1000.3333333333334;11.833333333333334;3.233333333333333;1.4;2025-03-29 15:10:00;2
29-03-2025;15:20:00;1000.2666666666668;11.966666666666669;3.4;0.4;2025-03-29 15:20:00;2
29-03-2025;15:30:00;1000.2666666666668;12.133333333333333;3.4333333333333336;0.6;2025-03-29 15:30:00;2
29-03-2025;15:40:00;1000.3333333333334;12.299999999999999;3.466666666666667;0.6;2025-03-29 15:40:00;2
29-03-2025;15:50:00;1000.4333333333333;12.233333333333334;3.733333333333333;0.2;2025-03-29 15:50:00;2
29-03-2025;16:00:00;1000.4666666666667;12.133333333333333;3.6333333333333333;0.2;2025-03-29 16:00:00;2
29-03-2025;16:10:00;1000.5;12.033333333333333;3.6666666666666665;0.2;2025-03-29 16:10:00;2
29-03-2025;16:20:00;1000.5;12.066666666666668;3.4;0.0;2025-03-29 16:20:00;2
29-03-2025;16:30:00;1000.5333333333333;12.033333333333333;3.3333333333333335;0.0;2025-03-29 16:30:00;2
29-03-2025;16:40:00;1000.5666666666666;11.933333333333332;3.2999999999999994;0.2;2025-03-29 16:40:00;2
29-03-2025;16:50:00;1000.6;11.866666666666667;3.1666666666666665;0.2;2025-03-29 16:50:00;2
29-03-2025;17:00:00;1000.6;11.866666666666667;2.9666666666666663;0.0;2025-03-29 17:00:00;2
29-03-2025;17:10:00;1000.6;11.9;2.6666666666666665;0.4;2025-03-29 17:10:00;2
29-03-2025;17:20:00;1000.6333333333333;11.9;2.4;0.2;2025-03-29 17:20:00;2
29-03-2025;17:30:00;1000.7333333333335;11.933333333333332;2.1;0.0;2025-03-29 17:30:00;2
29-03-2025;17:40:00;1000.8666666666667;11.933333333333335;2.1;0.0;2025-03-29 17:40:00;2
29-03-2025;17:50:00;1000.9666666666667;11.933333333333332;2.0666666666666664;0.2;2025-03-29 17:50:00;2
29-03-2025;18:00:00;1001.0333333333333;11.9;2.1333333333333333;0.2;2025-03-29 18:00:00;2
29-03-2025;18:10:00;1001.1;11.866666666666667;1.8666666666666665;0.0;2025-03-29 18:10:00;2
29-03-2025;18:20:00;1001.1999999999999;11.799999999999999;1.9000000000000001;0.2;2025-03-29 18:20:00;2
29-03-2025;18:30:00;1001.3333333333334;11.700000000000001;1.7000000000000002;0.0;2025-03-29 18:30:00;2
29-03-2025;18:40:00;1001.4666666666667;11.633333333333333;1.2333333333333334;0.0;2025-03-29 18:40:00;2
29-03-2025;18:50:00;1001.5500000000001;11.6;0.8000000000000003;0.0;2025-03-29 18:50:00;2
29-03-2025;21:40:00;1003.0;11.3;1.9;0.2;2025-03-29 21:40:00;2
29-03-2025;21:50:00;1003.0333333333333;11.266666666666666;1.9333333333333333;0.0;2025-03-29 21:50:00;2
29-03-2025;22:00:00;1003.1333333333333;11.233333333333334;2.0666666666666664;0.2;2025-03-29 22:00:00;2
29-03-2025;22:10:00;1003.1666666666666;11.166666666666666;2.233333333333333;0.2;2025-03-29 22:10:00;2
29-03-2025;22:20:00;1003.2;11.1;2.3333333333333335;0.2;2025-03-29 22:20:00;2
29-03-2025;22:30:00;1003.2333333333332;11.033333333333333;2.4;0.2;2025-03-29 22:30:00;2
29-03-2025;22:40:00;1003.2333333333335;10.966666666666667;2.5333333333333337;0.2;2025-03-29 22:40:00;2
29-03-2025;22:50:00;1003.2333333333332;10.933333333333332;2.6666666666666665;0.2;2025-03-29 22:50:00;2
29-03-2025;23:00:00;1003.2333333333335;10.9;2.6666666666666665;0.0;2025-03-29 23:00:00;2
29-03-2025;23:10:00;1003.2999999999998;10.9;2.6333333333333333;0.0;2025-03-29 23:10:00;2
29-03-2025;23:20:00;1003.3499999999999;10.9;2.6;0.0;2025-03-29 23:20:00;2
29-03-2025;23:40:00;1003.4;10.9;2.7;0.2;2025-03-29 23:40:00;2
29-03-2025;23:50:00;1003.4;10.866666666666667;2.6;0.0;2025-03-29 23:50:00;2
30-03-2025;00:00:00;1003.4;10.833333333333334;2.4333333333333336;0.0;2025-03-30 00:00:00;2
30-03-2025;00:10:00;1003.4;10.8;2.3000000000000003;0.0;2025-03-30 00:10:00;2
30-03-2025;02:10:00;1003.7;10.7;2.25;0.2;2025-03-30 02:10:00;2
30-03-2025;02:20:00;1003.7;10.7;2.1;0.0;2025-03-30 02:20:00;2
30-03-2025;02:30:00;1003.7333333333332;10.7;1.9666666666666668;0.2;2025-03-30 02:30:00;2
30-03-2025;02:40:00;1003.7333333333332;10.7;1.8;0.0;2025-03-30 02:40:00;2
30-03-2025;02:50:00;1003.7666666666668;10.7;1.7666666666666668;0.0;2025-03-30 02:50:00;2
30-03-2025;03:00:00;1003.7333333333332;10.7;1.7;0.2;2025-03-30 03:00:00;2
30-03-2025;03:10:00;1003.7333333333332;10.7;1.6666666666666667;0.2;2025-03-30 03:10:00;2
30-03-2025;03:20:00;1003.7;10.666666666666666;1.7;0.0;2025-03-30 03:20:00;2
30-03-2025;03:30:00;1003.7;10.633333333333333;1.8333333333333333;0.0;2025-03-30 03:30:00;2
30-03-2025;03:40:00;1003.7;10.6;2.0;0.2;2025-03-30 03:40:00;2
30-03-2025;03:50:00;1003.7;10.566666666666665;2.1;0.0;2025-03-30 03:50:00;2
30-03-2025;04:00:00;1003.7333333333332;10.533333333333333;2.1666666666666665;0.0;2025-03-30 04:00:00;2
30-03-2025;04:10:00;1003.7499999999999;10.5;2.15;0.0;2025-03-30 04:10:00;2
30-03-2025;16:40:00;1007.8499999999999;18.4;3.0999999999999996;0.2;2025-03-30 16:40:00;2
30-03-2025;16:50:00;1007.8666666666667;18.133333333333336;2.6;0.2;2025-03-30 16:50:00;2
30-03-2025;17:00:00;1007.8666666666667;17.46666666666667;2.3666666666666667;0.0;2025-03-30 17:00:00;2
30-03-2025;17:10:00;1008.0;17.066666666666666;2.466666666666667;0.0;2025-03-30 17:10:00;2
30-03-2025;17:20:00;1008.05;16.799999999999997;2.9;0.0;2025-03-30 17:20:00;2
31-03-2025;06:40:00;1006.75;9.95;3.05;0.2;2025-03-31 06:40:00;2
31-03-2025;06:50:00;1006.6666666666666;10.133333333333333;3.6666666666666665;0.0;2025-03-31 06:50:00;2
31-03-2025;07:00:00;1006.5666666666666;10.3;3.733333333333333;0.0;2025-03-31 07:00:00;2
31-03-2025;07:10:00;1006.5;10.45;4.3999999999999995;0.0;2025-03-31 07:10:00;2
31-03-2025;08:50:00;1007.05;11.25;3.2;0.2;2025-03-31 08:50:00;2
31-03-2025;09:00:00;1007.0666666666666;11.366666666666667;3.3666666666666667;0.0;2025-03-31 09:00:00;2
31-03-2025;09:10:00;1007.1333333333333;11.633333333333333;3.466666666666667;0.0;2025-03-31 09:10:00;2
31-03-2025;09:20:00;1007.1666666666666;11.933333333333332;3.6;0.0;2025-03-31 09:20:00;2
31-03-2025;09:30:00;1007.2;12.1;3.6333333333333333;0.2;2025-03-31 09:30:00;2
31-03-2025;09:40:00;1007.2;12.133333333333333;3.733333333333333;0.2;2025-03-31 09:40:00;2
31-03-2025;09:50:00;1007.2;12.1;3.6;0.2;2025-03-31 09:50:00;2
31-03-2025;10:00:00;1007.1666666666666;12.166666666666666;3.1;0.0;2025-03-31 10:00:00;2
31-03-2025;10:10:00;1007.1333333333333;12.299999999999999;2.6333333333333333;0.0;2025-03-31 10:10:00;2
31-03-2025;10:20:00;1007.1;12.4;2.3;0.0;2025-03-31 10:20:00;2
01-04-2025;10:00:00;1004.9;12.35;3.55;0.2;2025-04-01 10:00:00;2
01-04-2025;10:10:00;1004.9;12.633333333333333;3.233333333333333;0.0;2025-04-01 10:10:00;2
01-04-2025;10:20:00;1004.9;13.0;3.033333333333333;0.0;2025-04-01 10:20:00;2
01-04-2025;10:30:00;1004.9;13.25;2.75;0.0;2025-04-01 10:30:00;2
06-04-2025;16:30:00;1008.8499999999999;12.649999999999999;8.399999999999999;1.0;2025-04-06 16:30:00;2
06-04-2025;16:40:00;1008.8333333333334;12.366666666666667;7.866666666666666;1.4;2025-04-06 16:40:00;2
06-04-2025;16:50:00;1008.8;11.833333333333334;6.933333333333334;0.6;2025-04-06 16:50:00;2
06-04-2025;17:00:00;1008.8333333333334;11.733333333333334;6.833333333333333;0.0;2025-04-06 17:00:00;2
06-04-2025;17:10:00;1009.0;11.566666666666668;6.866666666666667;0.0;2025-04-06 17:10:00;2
06-04-2025;17:20:00;1009.1000000000001;11.55;7.100000000000001;0.0;2025-04-06 17:20:00;2
06-04-2025;17:50:00;1009.95;10.55;6.95;0.4;2025-04-06 17:50:00;2
06-04-2025;18:00:00;1010.0666666666666;10.366666666666667;6.833333333333333;1.0;2025-04-06 18:00:00;2
06-04-2025;18:10:00;1010.2333333333332;10.033333333333333;6.933333333333334;0.2;2025-04-06 18:10:00;2
06-04-2025;18:20:00;1010.3666666666667;9.9;7.2;0.0;2025-04-06 18:20:00;2
06-04-2025;18:30:00;1010.4666666666666;9.766666666666667;7.433333333333334;0.0;2025-04-06 18:30:00;2
06-04-2025;18:40:00;1010.55;9.700000000000001;7.4;0.0;2025-04-06 18:40:00;2
14-04-2025;04:10:00;1013.6500000000001;14.8;2.15;0.2;2025-04-14 04:10:00;2
14-04-2025;04:20:00;1013.7333333333332;14.966666666666667;1.7666666666666666;0.0;2025-04-14 04:20:00;2
14-04-2025;04:30:00;1013.8000000000001;15.4;1.4000000000000001;0.0;2025-04-14 04:30:00;2
14-04-2025;04:40:00;1013.9;15.75;0.8500000000000001;0.0;2025-04-14 04:40:00;2
14-04-2025;17:00:00;1010.55;18.200000000000003;8.9;0.2;2025-04-14 17:00:00;2
14-04-2025;17:10:00;1010.5333333333333;18.3;8.733333333333334;0.0;2025-04-14 17:10:00;2
14-04-2025;17:20:00;1010.4666666666667;18.533333333333335;8.833333333333334;0.0;2025-04-14 17:20:00;2
14-04-2025;17:30:00;1010.45;18.65;8.85;0.0;2025-04-14 17:30:00;2
15-04-2025;03:10:00;1010.0;17.3;9.15;0.2;2025-04-15 03:10:00;2
15-04-2025;03:20:00;1010.0333333333333;17.166666666666668;8.333333333333334;0.6;2025-04-15 03:20:00;2
15-04-2025;03:30:00;1010.0333333333333;16.866666666666664;7.633333333333333;0.4;2025-04-15 03:30:00;2
15-04-2025;03:40:00;1010.0;16.733333333333334;6.7;0.2;2025-04-15 03:40:00;2
15-04-2025;03:50:00;1009.9333333333334;16.666666666666668;6.433333333333334;0.0;2025-04-15 03:50:00;2
15-04-2025;04:00:00;1009.8666666666667;16.633333333333333;6.2;0.0;2025-04-15 04:00:00;2
15-04-2025;04:10:00;1009.8666666666667;16.666666666666668;5.933333333333334;0.2;2025-04-15 04:10:00;2
15-04-2025;04:20:00;1009.8333333333334;16.666666666666668;5.366666666666667;0.2;2025-04-15 04:20:00;2
15-04-2025;04:30:00;1009.8333333333334;16.7;4.566666666666666;0.0;2025-04-15 04:30:00;2
15-04-2025;04:40:00;1009.8333333333334;16.7;4.366666666666667;0.0;2025-04-15 04:40:00;2
15-04-2025;04:50:00;1009.85;16.7;4.45;0.0;2025-04-15 04:50:00;2
15-04-2025;07:50:00;1011.1500000000001;17.1;4.75;0.4;2025-04-15 07:50:00;2
15-04-2025;08:00:00;1011.1666666666666;17.133333333333336;4.5;0.0;2025-04-15 08:00:00;2
15-04-2025;08:10:00;1011.2;17.166666666666668;4.433333333333334;0.0;2025-04-15 08:10:00;2
15-04-2025;08:20:00;1011.2;17.2;4.45;0.0;2025-04-15 08:20:00;2
16-04-2025;20:00:00;1006.8;20.3;3.1;0.2;2025-04-16 20:00:00;2
16-04-2025;20:10:00;1006.6333333333333;20.333333333333332;3.4333333333333336;0.0;2025-04-16 20:10:00;2
16-04-2025;20:20:00;1006.3000000000001;20.3;3.733333333333333;0.0;2025-04-16 20:20:00;2
16-04-2025;20:30:00;1006.2;20.4;3.9999999999999996;0.0;2025-04-16 20:30:00;2
17-04-2025;04:10:00;1007.3499999999999;14.8;4.2;0.4;2025-04-17 04:10:00;2
17-04-2025;04:20:00;1007.3666666666667;14.700000000000001;4.733333333333333;0.2;2025-04-17 04:20:00;2
17-04-2025;04:30:00;1007.3666666666667;14.466666666666667;5.8;0.0;2025-04-17 04:30:00;2
17-04-2025;04:40:00;1007.4666666666667;14.366666666666667;6.5;0.0;2025-04-17 04:40:00;2
17-04-2025;04:50:00;1007.5;14.3;6.85;0.0;2025-04-17 04:50:00;2
17-04-2025;06:00:00;1008.3;14.75;5.7;0.2;2025-04-17 06:00:00;2
17-04-2025;06:10:00;1008.3;14.733333333333334;5.8999999999999995;0.0;2025-04-17 06:10:00;2
17-04-2025;06:20:00;1008.2666666666668;14.733333333333334;5.566666666666667;0.0;2025-04-17 06:20:00;2
17-04-2025;06:30:00;1008.2500000000001;14.750000000000002;5.750000000000001;0.0;2025-04-17 06:30:00;2
17-04-2025;11:10:00;1010.7;17.799999999999997;3.0999999999999996;0.2;2025-04-17 11:10:00;2
17-04-2025;11:20:00;1010.7;18.5;3.1666666666666665;0.0;2025-04-17 11:20:00;2
17-04-2025;11:30:00;1010.7666666666668;19.53333333333333;3.4666666666666663;0.0;2025-04-17 11:30:00;2
17-04-2025;11:40:00;1010.8000000000001;19.949999999999996;3.55;0.0;2025-04-17 11:40:00;2
24-04-2025;10:10:00;1012.4;17.5;2.45;0.6;2025-04-24 10:10:00;2
24-04-2025;10:20:00;1012.3666666666667;17.0;2.2333333333333334;0.8;2025-04-24 10:20:00;2
24-04-2025;10:30:00;1012.4333333333334;16.233333333333334;1.7000000000000002;1.0;2025-04-24 10:30:00;2
24-04-2025;10:40:00;1012.4666666666667;16.0;1.3;0.0;2025-04-24 10:40:00;2
24-04-2025;10:50:00;1012.5666666666666;15.866666666666667;1.0666666666666667;0.6;2025-04-24 10:50:00;2
24-04-2025;11:00:00;1012.5666666666666;15.733333333333334;1.0333333333333332;0.8;2025-04-24 11:00:00;2
24-04-2025;11:10:00;1012.4666666666667;15.533333333333333;1.2333333333333334;0.2;2025-04-24 11:10:00;2
24-04-2025;11:20:00;1012.3333333333334;15.466666666666667;1.2666666666666668;2.2;2025-04-24 11:20:00;2
24-04-2025;11:30:00;1012.2666666666668;15.4;1.1333333333333333;0.6;2025-04-24 11:30:00;2
24-04-2025;11:40:00;1012.2333333333332;15.733333333333334;0.8666666666666667;2.0;2025-04-24 11:40:00;2
24-04-2025;11:50:00;1012.1666666666666;16.599999999999998;1.2666666666666666;0.2;2025-04-24 11:50:00;2
24-04-2025;12:00:00;1012.1;17.400000000000002;1.7666666666666668;0.0;2025-04-24 12:00:00;2
24-04-2025;12:10:00;1012.0333333333333;18.0;2.066666666666667;0.0;2025-04-24 12:10:00;2
24-04-2025;12:20:00;1012.05;18.0;1.9000000000000001;0.0;2025-04-24 12:20:00;2
24-04-2025;12:50:00;1011.6500000000001;17.45;2.3;3.2;2025-04-24 12:50:00;2
24-04-2025;13:00:00;1011.6;17.599999999999998;2.033333333333333;0.2;2025-04-24 13:00:00;2
24-04-2025;13:10:00;1011.5333333333333;17.9;2.033333333333333;0.0;2025-04-24 13:10:00;2
24-04-2025;13:20:00;1011.4666666666667;18.266666666666666;2.5;0.0;2025-04-24 13:20:00;2
24-04-2025;13:30:00;1011.45;18.45;3.0;0.0;2025-04-24 13:30:00;2
25-04-2025;02:10:00;1011.7;9.45;0.7;0.2;2025-04-25 02:10:00;2
25-04-2025;02:20:00;1011.7;9.433333333333332;0.7666666666666666;0.0;2025-04-25 02:20:00;2
25-04-2025;02:30:00;1011.7;9.4;0.9666666666666668;0.0;2025-04-25 02:30:00;2
25-04-2025;02:40:00;1011.7;9.5;1.1;0.0;2025-04-25 02:40:00;2
28-04-2025;16:10:00;1020.5;20.700000000000003;1.15;0.2;2025-04-28 16:10:00;2
28-04-2025;16:20:00;1020.5;20.433333333333334;1.3333333333333333;0.2;2025-04-28 16:20:00;2
28-04-2025;16:30:00;1020.4333333333334;20.133333333333336;1.5999999999999999;0.0;2025-04-28 16:30:00;2
28-04-2025;16:40:00;1020.4;19.9;1.9333333333333336;0.0;2025-04-28 16:40:00;2
28-04-2025;16:50:00;1020.3499999999999;19.9;2.0500000000000003;0.0;2025-04-28 16:50:00;2
01-05-2025;03:30:00;1018.4;11.7;2.0;0.2;2025-05-01 03:30:00;2
01-05-2025;03:40:00;1018.4;11.666666666666666;1.9666666666666668;0.0;2025-05-01 03:40:00;2
01-05-2025;03:50:00;1018.4;11.5;1.9666666666666666;0.0;2025-05-01 03:50:00;2
01-05-2025;04:00:00;1018.4;11.5;1.7999999999999998;0.0;2025-05-01 04:00:00;2
02-05-2025;04:20:00;1019.1;13.4;1.15;0.2;2025-05-02 04:20:00;2
02-05-2025;04:30:00;1019.1666666666666;13.366666666666667;1.3;0.0;2025-05-02 04:30:00;2
02-05-2025;04:40:00;1019.2666666666668;13.266666666666666;1.4333333333333333;0.0;2025-05-02 04:40:00;2
02-05-2025;04:50:00;1019.3;13.149999999999999;1.45;0.0;2025-05-02 04:50:00;2
03-05-2025;01:00:00;1020.4;16.75;1.6;0.2;2025-05-03 01:00:00;2
03-05-2025;01:10:00;1020.3666666666667;16.433333333333334;1.1333333333333335;0.0;2025-05-03 01:10:00;2
03-05-2025;01:20:00;1020.2666666666665;16.2;1.1666666666666667;0.0;2025-05-03 01:20:00;2
03-05-2025;01:30:00;1020.1999999999999;16.200000000000003;1.25;0.0;2025-05-03 01:30:00;2
03-05-2025;23:50:00;1017.25;16.65;2.0;0.2;2025-05-03 23:50:00;2
04-05-2025;00:00:00;1017.1666666666666;16.666666666666668;2.1;0.0;2025-05-04 00:00:00;2
04-05-2025;00:10:00;1017.0666666666666;16.566666666666666;1.9666666666666668;0.0;2025-05-04 00:10:00;2
04-05-2025;00:20:00;1017.0;16.5;1.85;0.0;2025-05-04 00:20:00;2
04-05-2025;07:10:00;1015.2;18.6;0.0;0.2;2025-05-04 07:10:00;2
04-05-2025;07:20:00;1015.1333333333333;19.066666666666666;0.03333333333333333;0.0;2025-05-04 07:20:00;2
04-05-2025;07:30:00;1015.0333333333333;19.833333333333332;0.3;0.0;2025-05-04 07:30:00;2
04-05-2025;07:40:00;1015.0;20.1;0.45;0.0;2025-05-04 07:40:00;2
04-05-2025;16:00:00;1012.8;19.3;1.0;0.2;2025-05-04 16:00:00;2
04-05-2025;16:10:00;1012.9;19.133333333333336;0.9666666666666667;0.0;2025-05-04 16:10:00;2
04-05-2025;16:20:00;1012.9333333333334;18.96666666666667;0.5333333333333333;0.0;2025-05-04 16:20:00;2
04-05-2025;16:30:00;1012.95;18.900000000000002;0.45000000000000007;0.0;2025-05-04 16:30:00;2
04-05-2025;17:20:00;1013.0;18.049999999999997;0.3;0.2;2025-05-04 17:20:00;2
04-05-2025;17:30:00;1012.9;17.866666666666664;0.2333333333333333;0.0;2025-05-04 17:30:00;2
04-05-2025;17:40:00;1012.7333333333332;17.333333333333332;0.5333333333333333;0.2;2025-05-04 17:40:00;2
04-05-2025;17:50:00;1012.7;16.96666666666667;0.5666666666666668;0.0;2025-05-04 17:50:00;2
04-05-2025;18:00:00;1012.6666666666666;16.666666666666668;1.0333333333333334;0.0;2025-05-04 18:00:00;2
04-05-2025;18:10:00;1012.65;16.700000000000003;1.05;0.0;2025-05-04 18:10:00;2
07-05-2025;19:00:00;1012.25;18.200000000000003;4.7;0.2;2025-05-07 19:00:00;2
07-05-2025;19:10:00;1012.2666666666668;18.133333333333336;4.7;0.0;2025-05-07 19:10:00;2
07-05-2025;19:20:00;1012.3666666666667;18.033333333333335;4.733333333333333;0.0;2025-05-07 19:20:00;2
07-05-2025;19:30:00;1012.4;18.0;4.6;0.0;2025-05-07 19:30:00;2
12-05-2025;05:20:00;1011.3;12.0;1.65;0.2;2025-05-12 05:20:00;2
12-05-2025;05:30:00;1011.3333333333334;12.033333333333333;1.5666666666666667;0.0;2025-05-12 05:30:00;2
12-05-2025;05:40:00;1011.4333333333334;12.233333333333334;1.4333333333333333;0.0;2025-05-12 05:40:00;2
12-05-2025;05:50:00;1011.45;12.350000000000001;1.35;0.0;2025-05-12 05:50:00;2
13-05-2025;16:20:00;1014.25;18.4;4.15;0.8;2025-05-13 16:20:00;2
13-05-2025;16:30:00;1014.1666666666666;18.466666666666665;3.5666666666666664;0.4;2025-05-13 16:30:00;2
13-05-2025;16:40:00;1014.0333333333333;18.566666666666666;3.0;0.0;2025-05-13 16:40:00;2
13-05-2025;16:50:00;1013.9333333333334;18.7;2.6666666666666665;0.0;2025-05-13 16:50:00;2
13-05-2025;17:00:00;1013.9;18.75;2.8;0.0;2025-05-13 17:00:00;2
14-05-2025;02:10:00;1015.3499999999999;12.350000000000001;0.85;0.2;2025-05-14 02:10:00;2
14-05-2025;02:20:00;1015.3666666666667;12.366666666666667;0.9333333333333332;0.0;2025-05-14 02:20:00;2
14-05-2025;02:30:00;1015.4;12.4;1.3;0.0;2025-05-14 02:30:00;2
14-05-2025;02:40:00;1015.4;12.4;1.4500000000000002;0.0;2025-05-14 02:40:00;2
15-05-2025;14:40:00;1007.7;18.95;3.1;0.2;2025-05-15 14:40:00;2
15-05-2025;14:50:00;1007.6;18.466666666666665;2.733333333333333;6.4;2025-05-15 14:50:00;2
15-05-2025;15:00:00;1007.3666666666667;17.566666666666666;2.466666666666667;1.2;2025-05-15 15:00:00;2
15-05-2025;15:10:00;1007.0333333333333;17.533333333333335;1.5333333333333332;0.8;2025-05-15 15:10:00;2
15-05-2025;15:20:00;1006.6666666666666;17.766666666666666;1.0666666666666667;0.0;2025-05-15 15:20:00;2
15-05-2025;15:30:00;1006.3333333333334;18.200000000000003;0.5;0.2;2025-05-15 15:30:00;2
15-05-2025;15:40:00;1006.0666666666666;18.400000000000002;0.2333333333333333;0.0;2025-05-15 15:40:00;2
15-05-2025;15:50:00;1005.7999999999998;18.566666666666666;0.06666666666666667;0.0;2025-05-15 15:50:00;2
15-05-2025;16:00:00;1005.6999999999998;18.549999999999997;0.05;0.0;2025-05-15 16:00:00;2
15-05-2025;17:50:00;1005.05;17.6;0.4;0.2;2025-05-15 17:50:00;2
15-05-2025;18:00:00;1005.0666666666666;17.5;0.26666666666666666;0.0;2025-05-15 18:00:00;2
15-05-2025;18:10:00;1005.0666666666666;17.3;0.5;0.2;2025-05-15 18:10:00;2
15-05-2025;18:20:00;1005.0333333333334;17.133333333333336;1.0999999999999999;0.2;2025-05-15 18:20:00;2
15-05-2025;18:30:00;1005.0;17.033333333333335;1.1333333333333333;0.2;2025-05-15 18:30:00;2
15-05-2025;18:40:00;1005.0;16.966666666666665;1.2;0.2;2025-05-15 18:40:00;2
15-05-2025;18:50:00;1004.9666666666667;16.966666666666665;1.1333333333333335;0.0;2025-05-15 18:50:00;2
15-05-2025;19:00:00;1004.9333333333334;16.933333333333334;1.5;0.0;2025-05-15 19:00:00;2
15-05-2025;19:10:00;1004.8666666666667;16.866666666666664;1.5333333333333332;0.2;2025-05-15 19:10:00;2
15-05-2025;19:20:00;1004.8333333333334;16.8;1.6333333333333335;0.0;2025-05-15 19:20:00;2
15-05-2025;19:30:00;1004.8;16.766666666666666;1.8666666666666665;0.0;2025-05-15 19:30:00;2
15-05-2025;19:40:00;1004.6999999999999;16.8;2.0;0.2;2025-05-15 19:40:00;2
15-05-2025;19:50:00;1004.5666666666666;16.8;2.1999999999999997;0.0;2025-05-15 19:50:00;2
15-05-2025;20:00:00;1004.4666666666667;16.76666666666667;2.4;0.0;2025-05-15 20:00:00;2
15-05-2025;20:10:00;1004.45;16.75;2.5;0.0;2025-05-15 20:10:00;2
15-05-2025;23:40:00;1004.55;15.7;2.5;0.2;2025-05-15 23:40:00;2
15-05-2025;23:50:00;1004.5333333333333;15.7;2.3333333333333335;0.0;2025-05-15 23:50:00;2
16-05-2025;00:00:00;1004.5;15.666666666666666;2.1;0.2;2025-05-16 00:00:00;2
16-05-2025;00:10:00;1004.4666666666667;15.6;2.2666666666666666;0.0;2025-05-16 00:10:00;2
16-05-2025;00:20:00;1004.4333333333334;15.533333333333333;2.3666666666666667;0.2;2025-05-16 00:20:00;2
16-05-2025;00:30:00;1004.4;15.466666666666667;2.433333333333333;0.2;2025-05-16 00:30:00;2
16-05-2025;00:40:00;1004.3666666666667;15.4;2.3000000000000003;0.2;2025-05-16 00:40:00;2
16-05-2025;00:50:00;1004.2999999999998;15.333333333333334;2.3000000000000003;0.2;2025-05-16 00:50:00;2
16-05-2025;01:00:00;1004.2333333333332;15.3;2.2666666666666666;0.0;2025-05-16 01:00:00;2
16-05-2025;01:10:00;1004.2;15.3;2.2;0.2;2025-05-16 01:10:00;2
16-05-2025;01:20:00;1004.1333333333333;15.266666666666666;2.2;0.0;2025-05-16 01:20:00;2
16-05-2025;01:30:00;1004.0666666666666;15.200000000000001;2.3666666666666667;0.0;2025-05-16 01:30:00;2
16-05-2025;01:40:00;1004.0;15.15;2.4499999999999997;0.0;2025-05-16 01:40:00;2
16-05-2025;02:20:00;1003.8;14.9;2.3;0.2;2025-05-16 02:20:00;2
16-05-2025;02:30:00;1003.8;14.9;2.266666666666667;0.0;2025-05-16 02:30:00;2
16-05-2025;02:40:00;1003.8;14.866666666666667;2.1999999999999997;0.0;2025-05-16 02:40:00;2
16-05-2025;02:50:00;1003.8;14.85;2.25;0.0;2025-05-16 02:50:00;2
20-05-2025;17:00:00;1015.4;20.700000000000003;3.0;0.2;2025-05-20 17:00:00;2
20-05-2025;17:10:00;1015.4666666666667;20.633333333333336;2.466666666666667;0.0;2025-05-20 17:10:00;2
20-05-2025;17:20:00;1015.2333333333332;20.433333333333334;1.8333333333333333;0.0;2025-05-20 17:20:00;2
20-05-2025;17:30:00;1015.0333333333333;20.333333333333332;1.6666666666666667;0.4;2025-05-20 17:30:00;2
20-05-2025;17:40:00;1014.8666666666668;20.200000000000003;2.0;0.0;2025-05-20 17:40:00;2
20-05-2025;17:50:00;1015.0;20.333333333333332;1.8999999999999997;0.0;2025-05-20 17:50:00;2
20-05-2025;18:00:00;1015.1;20.35;2.0;0.0;2025-05-20 18:00:00;2
23-05-2025;05:10:00;1008.45;19.299999999999997;4.0;0.4;2025-05-23 05:10:00;2
23-05-2025;05:20:00;1008.5333333333333;18.933333333333334;3.9333333333333336;2.0;2025-05-23 05:20:00;2
23-05-2025;05:30:00;1008.6666666666666;18.233333333333334;4.433333333333334;0.2;2025-05-23 05:30:00;2
23-05-2025;05:40:00;1008.7999999999998;17.933333333333334;4.6000000000000005;0.0;2025-05-23 05:40:00;2
23-05-2025;05:50:00;1008.8666666666667;17.933333333333334;5.233333333333333;0.0;2025-05-23 05:50:00;2
23-05-2025;06:00:00;1008.9;18.0;5.35;0.0;2025-05-23 06:00:00;2
04-06-2025;04:40:00;1018.8;14.75;1.15;0.2;2025-06-04 04:40:00;2
04-06-2025;04:50:00;1018.8;14.933333333333332;1.1666666666666667;0.0;2025-06-04 04:50:00;2
04-06-2025;05:00:00;1018.8333333333334;15.166666666666666;1.0;0.0;2025-06-04 05:00:00;2
04-06-2025;05:10:00;1018.85;15.3;0.9999999999999999;0.0;2025-06-04 05:10:00;2
06-06-2025;04:00:00;1018.4;16.05;1.05;0.2;2025-06-06 04:00:00;2
06-06-2025;04:10:00;1018.4;16.033333333333335;1.1666666666666667;0.0;2025-06-06 04:10:00;2
06-06-2025;04:20:00;1018.4666666666666;16.099999999999998;1.3;0.0;2025-06-06 04:20:00;2
06-06-2025;04:30:00;1018.4999999999999;16.15;1.3499999999999999;0.0;2025-06-06 04:30:00;2
07-06-2025;04:50:00;1018.7;17.6;0.0;0.2;2025-06-07 04:50:00;2
07-06-2025;05:00:00;1018.7;17.633333333333333;0.0;0.0;2025-06-07 05:00:00;2
07-06-2025;05:10:00;1018.7;17.8;0.0;0.0;2025-06-07 05:10:00;2
07-06-2025;05:20:00;1018.7;17.85;0.0;0.0;2025-06-07 05:20:00;2
15-06-2025;05:50:00;1017.6500000000001;23.549999999999997;0.0;0.2;2025-06-15 05:50:00;2
15-06-2025;06:00:00;1017.6666666666666;24.03333333333333;0.0;0.0;2025-06-15 06:00:00;2
15-06-2025;06:10:00;1017.6999999999999;24.799999999999997;0.0;0.0;2025-06-15 06:10:00;2
15-06-2025;06:20:00;1017.75;25.25;0.0;0.0;2025-06-15 06:20:00;2
18-06-2025;08:10:00;1016.9;21.85;3.3499999999999996;0.2;2025-06-18 08:10:00;2
18-06-2025;08:20:00;1016.8000000000001;21.900000000000002;3.1666666666666665;0.4;2025-06-18 08:20:00;2
18-06-2025;08:30:00;1016.6333333333333;22.166666666666668;2.6999999999999997;0.2;2025-06-18 08:30:00;2
18-06-2025;08:40:00;1016.6;22.633333333333336;3.1999999999999997;0.0;2025-06-18 08:40:00;2
18-06-2025;08:50:00;1016.7666666666668;23.066666666666666;4.066666666666666;0.0;2025-06-18 08:50:00;2
18-06-2025;09:00:00;1016.9000000000001;23.25;4.75;0.0;2025-06-18 09:00:00;2
18-06-2025;09:20:00;1017.7;23.2;5.7;0.2;2025-06-18 09:20:00;2
18-06-2025;09:30:00;1017.7666666666668;23.166666666666668;5.833333333333333;0.0;2025-06-18 09:30:00;2
18-06-2025;09:40:00;1017.9333333333334;23.2;5.666666666666667;0.0;2025-06-18 09:40:00;2
18-06-2025;09:50:00;1018.0999999999999;23.266666666666666;5.833333333333333;0.2;2025-06-18 09:50:00;2
18-06-2025;10:00:00;1018.2666666666668;23.400000000000002;6.5;0.0;2025-06-18 10:00:00;2
18-06-2025;10:10:00;1018.3333333333334;23.2;8.033333333333333;0.0;2025-06-18 10:10:00;2
18-06-2025;10:20:00;1018.0999999999999;22.966666666666665;8.266666666666667;0.2;2025-06-18 10:20:00;2
18-06-2025;10:30:00;1017.8333333333334;22.866666666666664;7.533333333333334;0.0;2025-06-18 10:30:00;2
18-06-2025;10:40:00;1017.6666666666666;23.2;6.6000000000000005;0.0;2025-06-18 10:40:00;2
18-06-2025;10:50:00;1017.7;23.449999999999996;6.3500000000000005;0.0;2025-06-18 10:50:00;2
02-07-2025;04:10:00;1014.3499999999999;22.0;0.7;0.2;2025-07-02 04:10:00;2
02-07-2025;04:20:00;1014.3666666666667;21.733333333333334;1.0333333333333332;0.0;2025-07-02 04:20:00;2
02-07-2025;04:30:00;1014.4333333333334;21.3;1.5999999999999999;0.0;2025-07-02 04:30:00;2
02-07-2025;04:40:00;1014.45;21.1;1.7;0.0;2025-07-02 04:40:00;2
07-07-2025;05:00:00;1010.0;22.0;4.25;1.4;2025-07-07 05:00:00;2
07-07-2025;05:10:00;1009.9666666666667;21.933333333333334;4.166666666666667;0.0;2025-07-07 05:10:00;2
07-07-2025;05:20:00;1009.9333333333333;21.866666666666664;3.866666666666667;0.0;2025-07-07 05:20:00;2
07-07-2025;05:30:00;1009.8499999999999;21.9;4.200000000000001;0.0;2025-07-07 05:30:00;2
07-07-2025;08:10:00;1010.25;25.7;2.0;0.4;2025-07-07 08:10:00;2
07-07-2025;08:20:00;1009.9;25.433333333333334;2.6666666666666665;1.6;2025-07-07 08:20:00;2
07-07-2025;08:30:00;1009.3333333333334;24.566666666666663;4.3;1.0;2025-07-07 08:30:00;2
07-07-2025;08:40:00;1009.1666666666666;23.866666666666664;4.8;0.4;2025-07-07 08:40:00;2
07-07-2025;08:50:00;1009.2333333333332;23.26666666666667;5.233333333333333;0.0;2025-07-07 08:50:00;2
07-07-2025;09:00:00;1009.4;23.03333333333333;4.933333333333333;0.0;2025-07-07 09:00:00;2
07-07-2025;09:10:00;1009.4;22.999999999999996;5.6;0.0;2025-07-07 09:10:00;2
08-07-2025;03:10:00;1006.55;25.25;6.15;0.2;2025-07-08 03:10:00;2
08-07-2025;03:20:00;1006.6333333333333;25.03333333333333;5.533333333333334;6.8;2025-07-08 03:20:00;2
08-07-2025;03:30:00;1006.8000000000001;24.600000000000005;5.666666666666667;0.0;2025-07-08 03:30:00;2
08-07-2025;03:40:00;1006.9333333333334;24.866666666666664;5.766666666666666;0.0;2025-07-08 03:40:00;2
08-07-2025;03:50:00;1007.0;25.0;6.499999999999999;0.0;2025-07-08 03:50:00;2
13-07-2025;15:10:00;1018.6500000000001;27.549999999999997;1.2;0.8;2025-07-13 15:10:00;2
13-07-2025;15:20:00;1018.6333333333333;27.5;0.8666666666666667;0.0;2025-07-13 15:20:00;2
13-07-2025;15:30:00;1018.6333333333333;27.4;0.6;0.0;2025-07-13 15:30:00;2
13-07-2025;15:40:00;1018.6500000000001;27.4;0.45;0.0;2025-07-13 15:40:00;2
13-07-2025;16:00:00;1017.625;25.799999999999997;3.75;0.2;2025-07-13 16:00:00;2
13-07-2025;16:10:00;1017.3499999999999;25.8;3.966666666666667;0.2;2025-07-13 16:10:00;2
13-07-2025;16:20:00;1016.9166666666666;25.73333333333333;4.466666666666668;0.0;2025-07-13 16:20:00;2
13-07-2025;16:30:00;1016.6999999999999;26.033333333333335;3.466666666666667;0.0;2025-07-13 16:30:00;2
13-07-2025;16:40:00;1016.6500000000001;26.150000000000002;3.0;0.0;2025-07-13 16:40:00;2
26-07-2025;02:00:00;1009.45;27.45;2.55;0.2;2025-07-26 02:00:00;2
26-07-2025;02:10:00;1009.5;27.266666666666666;2.1666666666666665;0.0;2025-07-26 02:10:00;2
26-07-2025;02:20:00;1009.6;26.966666666666665;1.7;0.0;2025-07-26 02:20:00;2
26-07-2025;02:30:00;1009.7;26.849999999999998;0.7499999999999998;0.0;2025-07-26 02:30:00;2
26-07-2025;03:20:00;1010.725;27.0;4.5;0.2;2025-07-26 03:20:00;2
26-07-2025;03:30:00;1010.35;26.833333333333332;3.6999999999999997;0.0;2025-07-26 03:30:00;2
26-07-2025;03:40:00;1009.9166666666666;26.566666666666663;3.0666666666666664;0.0;2025-07-26 03:40:00;2
26-07-2025;03:50:00;1009.6999999999999;26.449999999999996;2.4999999999999996;0.0;2025-07-26 03:50:00;2
26-07-2025;10:00:00;1011.8;26.549999999999997;1.65;0.2;2025-07-26 10:00:00;2
26-07-2025;10:10:00;1011.9333333333334;26.5;1.2333333333333334;0.2;2025-07-26 10:10:00;2
26-07-2025;10:20:00;1012.2666666666668;26.366666666666664;0.7999999999999999;0.0;2025-07-26 10:20:00;2
26-07-2025;10:30:00;1012.3000000000001;26.366666666666664;0.39999999999999997;0.2;2025-07-26 10:30:00;2
26-07-2025;10:40:00;1012.1333333333333;26.299999999999997;0.9666666666666667;0.0;2025-07-26 10:40:00;2
26-07-2025;10:50:00;1011.8000000000001;26.366666666666664;1.3333333333333333;0.2;2025-07-26 10:50:00;2
26-07-2025;11:00:00;1011.6333333333333;26.400000000000002;1.7666666666666668;0.0;2025-07-26 11:00:00;2
26-07-2025;11:10:00;1011.4;26.666666666666668;1.8;0.0;2025-07-26 11:10:00;2
26-07-2025;11:20:00;1011.3;26.75;1.9000000000000001;0.0;2025-07-26 11:20:00;2
26-07-2025;12:30:00;1011.25;28.15;3.0;0.2;2025-07-26 12:30:00;2
26-07-2025;12:40:00;1011.3000000000001;28.233333333333334;3.233333333333333;0.0;2025-07-26 12:40:00;2
26-07-2025;12:50:00;1011.5333333333333;28.2;3.866666666666667;0.0;2025-07-26 12:50:00;2
26-07-2025;13:00:00;1011.5999999999999;28.299999999999997;4.300000000000001;0.0;2025-07-26 13:00:00;2
26-07-2025;13:20:00;1011.55;26.65;4.0;0.4;2025-07-26 13:20:00;2
26-07-2025;13:30:00;1011.5;26.433333333333334;3.9;0.2;2025-07-26 13:30:00;2
26-07-2025;13:40:00;1011.4666666666667;26.166666666666668;3.6333333333333333;0.2;2025-07-26 13:40:00;2
26-07-2025;13:50:00;1011.3666666666668;26.366666666666664;3.5333333333333337;0.0;2025-07-26 13:50:00;2
26-07-2025;14:00:00;1011.3000000000001;27.03333333333333;3.3000000000000003;0.0;2025-07-26 14:00:00;2
26-07-2025;14:10:00;1011.2;27.499999999999996;3.1;0.0;2025-07-26 14:10:00;2
26-07-2025;14:50:00;1011.4;25.75;5.65;0.2;2025-07-26 14:50:00;2
26-07-2025;15:00:00;1011.4;26.099999999999998;5.366666666666667;0.2;2025-07-26 15:00:00;2
26-07-2025;15:10:00;1011.3333333333334;26.566666666666666;5.233333333333333;0.0;2025-07-26 15:10:00;2
26-07-2025;15:20:00;1011.2666666666668;27.2;5.5;0.0;2025-07-26 15:20:00;2
26-07-2025;15:30:00;1011.2;27.4;5.85;0.0;2025-07-26 15:30:00;2
28-07-2025;11:20:00;1005.45;27.75;4.4;0.6;2025-07-28 11:20:00;2
28-07-2025;11:30:00;1005.4;27.766666666666666;5.066666666666667;0.0;2025-07-28 11:30:00;2
28-07-2025;11:40:00;1005.3666666666667;27.833333333333332;6.033333333333334;0.0;2025-07-28 11:40:00;2
28-07-2025;11:50:00;1005.3499999999999;27.95;6.8500000000000005;0.0;2025-07-28 11:50:00;2
28-07-2025;13:50:00;1005.2;24.35;7.0;0.6;2025-07-28 13:50:00;2
28-07-2025;14:00:00;1005.0;24.96666666666667;6.433333333333334;0.0;2025-07-28 14:00:00;2
28-07-2025;14:10:00;1004.6999999999999;26.0;6.166666666666667;0.0;2025-07-28 14:10:00;2
28-07-2025;14:20:00;1004.55;26.799999999999997;6.1;0.0;2025-07-28 14:20:00;2
10-08-2025;03:00:00;1017.2;21.6;1.6;0.2;2025-08-10 03:00:00;2
10-08-2025;03:10:00;1017.2;21.6;1.7333333333333334;0.0;2025-08-10 03:10:00;2
10-08-2025;03:20:00;1017.2;21.333333333333332;1.9000000000000001;0.0;2025-08-10 03:20:00;2
10-08-2025;03:30:00;1017.2;21.2;1.9500000000000002;0.0;2025-08-10 03:30:00;2
12-08-2025;16:50:00;1013.0;29.549999999999997;2.8;1.8;2025-08-12 16:50:00;2
12-08-2025;17:00:00;1012.8666666666667;28.933333333333334;3.3333333333333335;0.4;2025-08-12 17:00:00;2
12-08-2025;17:10:00;1012.8000000000001;27.7;4.166666666666667;0.0;2025-08-12 17:10:00;2
12-08-2025;17:20:00;1012.9;27.433333333333337;3.6666666666666665;0.0;2025-08-12 17:20:00;2
12-08-2025;17:30:00;1013.05;27.300000000000004;3.3000000000000003;0.0;2025-08-12 17:30:00;2
16-08-2025;17:30:00;1012.4000000000001;28.6;0.8;0.2;2025-08-16 17:30:00;2
16-08-2025;17:40:00;1012.3666666666667;28.233333333333334;1.9333333333333336;0.0;2025-08-16 17:40:00;2
16-08-2025;17:50:00;1012.3333333333334;27.5;3.0999999999999996;0.2;2025-08-16 17:50:00;2
16-08-2025;18:00:00;1012.0666666666666;27.066666666666663;4.133333333333334;0.0;2025-08-16 18:00:00;2
16-08-2025;18:10:00;1011.9666666666666;26.73333333333333;4.066666666666666;0.0;2025-08-16 18:10:00;2
16-08-2025;18:20:00;1011.8999999999999;26.699999999999996;4.1499999999999995;0.0;2025-08-16 18:20:00;2
22-08-2025;03:20:00;1009.4;23.65;6.05;2.0;2025-08-22 03:20:00;2
22-08-2025;03:30:00;1009.4333333333334;23.3;4.966666666666666;1.0;2025-08-22 03:30:00;2
22-08-2025;03:40:00;1009.4;22.53333333333333;3.4666666666666663;1.0;2025-08-22 03:40:00;2
22-08-2025;03:50:00;1009.4333333333334;22.46666666666667;3.9333333333333336;1.4;2025-08-22 03:50:00;2
22-08-2025;04:00:00;1009.4666666666667;22.400000000000002;4.266666666666667;0.0;2025-08-22 04:00:00;2
22-08-2025;04:10:00;1009.5333333333333;22.366666666666664;3.966666666666667;0.0;2025-08-22 04:10:00;2
22-08-2025;04:20:00;1009.55;22.199999999999996;3.1;0.0;2025-08-22 04:20:00;2
22-08-2025;07:10:00;1010.1;24.799999999999997;0.9;0.6;2025-08-22 07:10:00;2
22-08-2025;07:20:00;1010.1;24.7;1.3;0.4;2025-08-22 07:20:00;2
22-08-2025;07:30:00;1010.1;24.733333333333334;1.8;0.0;2025-08-22 07:30:00;2
22-08-2025;07:40:00;1010.1666666666666;24.866666666666664;2.6;0.0;2025-08-22 07:40:00;2
22-08-2025;07:50:00;1010.2;25.049999999999997;2.8499999999999996;0.0;2025-08-22 07:50:00;2
29-08-2025;06:40:00;1010.1;27.75;1.95;0.2;2025-08-29 06:40:00;2
29-08-2025;06:50:00;1010.0666666666666;27.599999999999998;1.9666666666666668;0.0;2025-08-29 06:50:00;2
29-08-2025;07:00:00;1010.0;27.333333333333332;2.033333333333333;0.0;2025-08-29 07:00:00;2
29-08-2025;07:10:00;1009.9499999999999;27.2;2.05;0.0;2025-08-29 07:10:00;2
30-08-2025;04:20:00;1009.45;21.75;5.1;2.2;2025-08-30 04:20:00;2
30-08-2025;04:30:00;1009.4333333333334;21.433333333333334;4.066666666666666;2.6;2025-08-30 04:30:00;2
30-08-2025;04:40:00;1009.3333333333334;20.833333333333332;3.033333333333333;0.4;2025-08-30 04:40:00;2
30-08-2025;04:50:00;1009.2666666666668;20.5;1.9333333333333333;0.2;2025-08-30 04:50:00;2
30-08-2025;05:00:00;1009.3333333333334;20.26666666666667;1.2666666666666666;0.0;2025-08-30 05:00:00;2
30-08-2025;05:10:00;1009.6333333333333;20.133333333333333;0.9666666666666667;0.0;2025-08-30 05:10:00;2
30-08-2025;05:20:00;1009.7999999999998;20.166666666666668;1.2666666666666666;0.0;2025-08-30 05:20:00;2
30-08-2025;05:30:00;1009.9666666666667;20.233333333333334;1.7333333333333332;0.2;2025-08-30 05:30:00;2
30-08-2025;05:40:00;1010.0999999999999;20.366666666666667;1.6666666666666667;0.0;2025-08-30 05:40:00;2
30-08-2025;05:50:00;1010.3000000000001;20.466666666666665;2.033333333333333;0.0;2025-08-30 05:50:00;2
30-08-2025;06:00:00;1010.4000000000001;20.55;2.3499999999999996;0.0;2025-08-30 06:00:00;2
30-08-2025;11:30:00;1010.95;27.5;2.85;0.4;2025-08-30 11:30:00;2
30-08-2025;11:40:00;1010.9666666666667;26.933333333333334;2.4333333333333336;1.0;2025-08-30 11:40:00;2
30-08-2025;11:50:00;1010.9666666666667;26.066666666666666;2.1999999999999997;0.2;2025-08-30 11:50:00;2
30-08-2025;12:00:00;1010.9;25.833333333333332;2.3000000000000003;0.0;2025-08-30 12:00:00;2
30-08-2025;12:10:00;1010.7666666666668;25.933333333333337;2.733333333333333;0.0;2025-08-30 12:10:00;2
30-08-2025;12:20:00;1010.6500000000001;26.1;2.8499999999999996;0.0;2025-08-30 12:20:00;2
30-08-2025;16:30:00;1011.05;25.5;5.699999999999999;0.2;2025-08-30 16:30:00;2
30-08-2025;16:40:00;1011.0;25.46666666666667;5.266666666666667;0.0;2025-08-30 16:40:00;2
30-08-2025;16:50:00;1010.8666666666668;25.400000000000002;4.666666666666667;0.0;2025-08-30 16:50:00;2
30-08-2025;17:00:00;1010.8000000000002;25.6;4.85;0.0;2025-08-30 17:00:00;2
02-09-2025;12:30:00;1012.9000000000001;25.799999999999997;3.9;1.0;2025-09-02 12:30:00;2
02-09-2025;12:40:00;1012.7666666666668;25.666666666666668;3.533333333333333;0.6;2025-09-02 12:40:00;2
02-09-2025;12:50:00;1012.5333333333333;25.399999999999995;2.6999999999999997;0.0;2025-09-02 12:50:00;2
02-09-2025;13:00:00;1012.5333333333334;25.833333333333332;2.533333333333333;0.0;2025-09-02 13:00:00;2
02-09-2025;13:10:00;1012.5500000000002;26.049999999999997;2.4;0.0;2025-09-02 13:10:00;2
10-09-2025;09:20:00;1012.2;26.45;4.0;0.2;2025-09-10 09:20:00;2
10-09-2025;09:30:00;1012.1999999999999;26.46666666666667;3.9666666666666663;0.2;2025-09-10 09:30:00;2
10-09-2025;09:40:00;1012.2000000000002;26.5;4.2;0.0;2025-09-10 09:40:00;2
10-09-2025;09:50:00;1012.1333333333333;26.633333333333336;4.466666666666666;0.0;2025-09-10 09:50:00;2
10-09-2025;10:00:00;1012.1;26.700000000000003;4.75;0.0;2025-09-10 10:00:00;2
10-09-2025;21:00:00;1011.85;25.95;2.0;0.4;2025-09-10 21:00:00;2
10-09-2025;21:10:00;1011.8000000000001;25.766666666666666;2.5;0.6;2025-09-10 21:10:00;2
10-09-2025;21:20:00;1012.0;25.266666666666666;3.9333333333333336;0.8;2025-09-10 21:20:00;2
10-09-2025;21:30:00;1012.1666666666666;24.333333333333332;5.666666666666667;6.2;2025-09-10 21:30:00;2
10-09-2025;21:40:00;1012.4666666666667;23.333333333333332;5.666666666666667;15.6;2025-09-10 21:40:00;2
10-09-2025;21:50:00;1012.4333333333334;22.46666666666667;4.433333333333334;10.0;2025-09-10 21:50:00;2
10-09-2025;22:00:00;1012.2666666666668;22.03333333333333;2.766666666666667;1.8;2025-09-10 22:00:00;2
10-09-2025;22:10:00;1012.4333333333334;21.8;1.7333333333333334;1.4;2025-09-10 22:10:00;2
10-09-2025;22:20:00;1012.8333333333334;21.833333333333332;1.9666666666666668;0.2;2025-09-10 22:20:00;2
10-09-2025;22:30:00;1013.1999999999999;21.833333333333332;1.9000000000000001;2.0;2025-09-10 22:30:00;2
10-09-2025;22:40:00;1013.1333333333333;21.8;2.5;1.0;2025-09-10 22:40:00;2
10-09-2025;22:50:00;1013.0666666666666;21.7;2.0000000000000004;1.6;2025-09-10 22:50:00;2
10-09-2025;23:00:00;1012.9666666666667;21.700000000000003;1.8666666666666665;1.6;2025-09-10 23:00:00;2
10-09-2025;23:10:00;1012.9666666666667;21.799999999999997;1.3666666666666665;0.8;2025-09-10 23:10:00;2
10-09-2025;23:20:00;1012.8333333333334;21.766666666666666;1.0999999999999999;0.4;2025-09-10 23:20:00;2
10-09-2025;23:30:00;1012.8333333333334;21.633333333333336;1.2333333333333334;0.0;2025-09-10 23:30:00;2
10-09-2025;23:40:00;1012.9333333333334;21.433333333333334;1.3666666666666665;0.0;2025-09-10 23:40:00;2
10-09-2025;23:50:00;1013.1;21.333333333333332;2.066666666666667;0.0;2025-09-10 23:50:00;2
11-09-2025;00:00:00;1013.4333333333334;21.266666666666666;2.1;0.2;2025-09-11 00:00:00;2
11-09-2025;00:10:00;1013.5;21.266666666666666;2.5;0.0;2025-09-11 00:10:00;2
11-09-2025;00:20:00;1013.5333333333333;21.3;1.9000000000000001;0.0;2025-09-11 00:20:00;2
11-09-2025;00:30:00;1013.3499999999999;21.35;1.75;0.0;2025-09-11 00:30:00;2
11-09-2025;03:00:00;1013.1;19.950000000000003;2.2;0.6;2025-09-11 03:00:00;2
11-09-2025;03:10:00;1013.0;19.866666666666667;1.6333333333333335;0.2;2025-09-11 03:10:00;2
11-09-2025;03:20:00;1012.9;19.666666666666668;0.6333333333333333;0.0;2025-09-11 03:20:00;2
11-09-2025;03:30:00;1012.8;19.533333333333335;0.5;0.0;2025-09-11 03:30:00;2
11-09-2025;03:40:00;1012.8;19.45;0.5;0.0;2025-09-11 03:40:00;2
13-09-2025;05:30:00;1019.3;16.9;1.5;0.2;2025-09-13 05:30:00;2
13-09-2025;05:40:00;1019.3;16.833333333333332;1.4333333333333333;0.0;2025-09-13 05:40:00;2
13-09-2025;05:50:00;1019.3333333333334;16.8;1.4666666666666668;0.0;2025-09-13 05:50:00;2
13-09-2025;06:00:00;1019.35;16.75;1.4500000000000002;0.0;2025-09-13 06:00:00;2
22-09-2025;03:50:00;1014.4;17.95;0.1;0.2;2025-09-22 03:50:00;2
22-09-2025;04:00:00;1014.4;18.0;0.06666666666666667;0.0;2025-09-22 04:00:00;2
22-09-2025;04:10:00;1014.4;18.099999999999998;0.0;0.0;2025-09-22 04:10:00;2
22-09-2025;04:20:00;1014.4;18.15;0.0;0.0;2025-09-22 04:20:00;2
23-09-2025;07:50:00;1014.65;21.700000000000003;2.3499999999999996;0.2;2025-09-23 07:50:00;2
23-09-2025;08:00:00;1014.7333333333332;21.5;2.466666666666667;0.6;2025-09-23 08:00:00;2
23-09-2025;08:10:00;1015.0;21.166666666666668;2.6666666666666665;0.8;2025-09-23 08:10:00;2
23-09-2025;08:20:00;1015.1;20.900000000000002;2.9333333333333336;1.0;2025-09-23 08:20:00;2
23-09-2025;08:30:00;1015.2666666666665;20.733333333333334;2.733333333333334;2.0;2025-09-23 08:30:00;2
23-09-2025;08:40:00;1015.2666666666668;20.599999999999998;2.266666666666667;1.2;2025-09-23 08:40:00;2
23-09-2025;08:50:00;1015.4;20.433333333333334;1.4000000000000001;1.4;2025-09-23 08:50:00;2
23-09-2025;09:00:00;1015.4333333333333;20.333333333333332;1.0666666666666667;0.8;2025-09-23 09:00:00;2
23-09-2025;09:10:00;1015.4666666666667;20.333333333333332;1.2;0.6;2025-09-23 09:10:00;2
23-09-2025;09:20:00;1015.3333333333334;20.433333333333334;2.1;0.8;2025-09-23 09:20:00;2
23-09-2025;09:30:00;1015.2000000000002;20.566666666666666;2.7999999999999994;0.8;2025-09-23 09:30:00;2
23-09-2025;09:40:00;1015.0666666666666;20.7;3.3000000000000003;0.2;2025-09-23 09:40:00;2
23-09-2025;09:50:00;1015.1333333333333;20.8;3.3000000000000003;0.0;2025-09-23 09:50:00;2
23-09-2025;10:00:00;1015.1;20.933333333333334;3.266666666666667;0.0;2025-09-23 10:00:00;2
23-09-2025;10:10:00;1015.1500000000001;21.0;3.2;0.0;2025-09-23 10:10:00;2
23-09-2025;21:40:00;1015.2;21.6;4.35;0.2;2025-09-23 21:40:00;2
23-09-2025;21:50:00;1015.1666666666666;21.266666666666666;4.233333333333333;1.4;2025-09-23 21:50:00;2
23-09-2025;22:00:00;1014.9;20.566666666666666;4.333333333333333;2.2;2025-09-23 22:00:00;2
23-09-2025;22:10:00;1014.5;20.066666666666666;3.9333333333333336;1.4;2025-09-23 22:10:00;2
23-09-2025;22:20:00;1014.2333333333332;19.6;3.9333333333333336;0.2;2025-09-23 22:20:00;2
23-09-2025;22:30:00;1014.3333333333334;19.26666666666667;3.8333333333333335;0.0;2025-09-23 22:30:00;2
23-09-2025;22:40:00;1014.4333333333334;19.099999999999998;3.1666666666666665;0.0;2025-09-23 22:40:00;2
23-09-2025;22:50:00;1014.5;19.05;2.75;0.0;2025-09-23 22:50:00;2
24-09-2025;05:00:00;1013.0;20.3;2.05;0.4;2025-09-24 05:00:00;2
24-09-2025;05:10:00;1013.1;20.533333333333335;2.8666666666666667;1.2;2025-09-24 05:10:00;2
24-09-2025;05:20:00;1013.2666666666665;20.866666666666667;3.3000000000000003;0.2;2025-09-24 05:20:00;2
24-09-2025;05:30:00;1013.4333333333334;20.96666666666667;3.3000000000000003;0.4;2025-09-24 05:30:00;2
24-09-2025;05:40:00;1013.6;20.833333333333332;2.3333333333333335;0.0;2025-09-24 05:40:00;2
24-09-2025;05:50:00;1013.5999999999999;20.5;2.4;2.2;2025-09-24 05:50:00;2
24-09-2025;06:00:00;1013.5333333333333;20.166666666666668;2.766666666666667;3.0;2025-09-24 06:00:00;2
24-09-2025;06:10:00;1013.3666666666667;19.833333333333336;3.1333333333333333;0.6;2025-09-24 06:10:00;2
24-09-2025;06:20:00;1013.3333333333334;19.76666666666667;3.5;0.0;2025-09-24 06:20:00;2
24-09-2025;06:30:00;1013.2666666666668;19.866666666666667;4.466666666666667;0.0;2025-09-24 06:30:00;2
24-09-2025;06:40:00;1013.2500000000001;20.0;5.35;0.0;2025-09-24 06:40:00;2
24-09-2025;11:10:00;1014.25;23.0;0.8;0.4;2025-09-24 11:10:00;2
24-09-2025;11:20:00;1014.2333333333332;23.03333333333333;0.6333333333333333;0.8;2025-09-24 11:20:00;2
24-09-2025;11:30:00;1014.1;23.03333333333333;0.6666666666666666;0.4;2025-09-24 11:30:00;2
24-09-2025;11:40:00;1014.0333333333333;22.866666666666664;1.3;0.2;2025-09-24 11:40:00;2
24-09-2025;11:50:00;1014.0333333333333;22.566666666666666;1.7333333333333334;0.0;2025-09-24 11:50:00;2
24-09-2025;12:00:00;1014.0666666666666;22.3;1.5999999999999999;0.0;2025-09-24 12:00:00;2
24-09-2025;12:10:00;1014.0333333333333;22.166666666666668;1.4333333333333333;0.0;2025-09-24 12:10:00;2
24-09-2025;12:20:00;1013.9666666666667;22.099999999999998;1.2333333333333334;0.2;2025-09-24 12:20:00;2
24-09-2025;12:30:00;1013.9666666666667;22.066666666666666;0.9666666666666667;0.2;2025-09-24 12:30:00;2
24-09-2025;12:40:00;1014.0666666666666;22.133333333333336;0.7000000000000001;0.0;2025-09-24 12:40:00;2
24-09-2025;12:50:00;1014.1666666666666;22.266666666666666;1.0333333333333334;0.2;2025-09-24 12:50:00;2
24-09-2025;13:00:00;1014.2666666666668;22.46666666666667;1.7;0.0;2025-09-24 13:00:00;2
24-09-2025;13:10:00;1014.2666666666668;22.7;2.466666666666667;0.0;2025-09-24 13:10:00;2
24-09-2025;13:20:00;1014.2500000000001;22.849999999999994;2.7;0.0;2025-09-24 13:20:00;2
24-09-2025;17:40:00;1013.95;23.45;0.35;0.4;2025-09-24 17:40:00;2
24-09-2025;17:50:00;1014.0333333333333;23.366666666666664;0.3666666666666667;0.0;2025-09-24 17:50:00;2
24-09-2025;18:00:00;1014.1333333333333;23.099999999999998;0.9666666666666668;0.0;2025-09-24 18:00:00;2
24-09-2025;18:10:00;1014.2;22.95;1.3000000000000003;0.0;2025-09-24 18:10:00;2
30-09-2025;23:40:00;1016.9;18.25;0.9500000000000001;0.2;2025-09-30 23:40:00;2
30-09-2025;23:50:00;1016.9666666666667;18.033333333333335;1.2333333333333334;0.0;2025-09-30 23:50:00;2
01-10-2025;00:00:00;1016.9666666666667;17.666666666666668;1.6666666666666667;0.0;2025-10-01 00:00:00;2
01-10-2025;00:10:00;1017.0500000000001;17.45;1.6999999999999997;0.0;2025-10-01 00:10:00;2
01-10-2025;03:00:00;1015.9;17.6;0.4;0.4;2025-10-01 03:00:00;2
01-10-2025;03:10:00;1015.8000000000001;17.633333333333333;0.9333333333333332;0.8;2025-10-01 03:10:00;2
01-10-2025;03:20:00;1015.6666666666666;17.633333333333333;1.4333333333333336;0.2;2025-10-01 03:20:00;2
01-10-2025;03:30:00;1015.5333333333333;17.5;1.8333333333333333;0.0;2025-10-01 03:30:00;2
01-10-2025;03:40:00;1015.4666666666667;17.266666666666666;1.866666666666667;0.0;2025-10-01 03:40:00;2
01-10-2025;03:50:00;1015.4;17.15;1.9000000000000004;0.0;2025-10-01 03:50:00;2
01-10-2025;04:30:00;1015.05;16.45;1.65;0.2;2025-10-01 04:30:00;2
01-10-2025;04:40:00;1015.0333333333333;16.433333333333334;1.9000000000000001;0.0;2025-10-01 04:40:00;2
01-10-2025;04:50:00;1015.0;16.400000000000002;2.1;0.0;2025-10-01 04:50:00;2
01-10-2025;05:00:00;1015.0;16.35;2.1500000000000004;0.0;2025-10-01 05:00:00;2
05-10-2025;06:00:00;1012.55;16.7;3.05;0.8;2025-10-05 06:00:00;2
05-10-2025;06:10:00;1012.4666666666667;16.2;2.966666666666667;1.8;2025-10-05 06:10:00;2
05-10-2025;06:20:00;1012.4;15.366666666666667;2.766666666666667;1.2;2025-10-05 06:20:00;2
05-10-2025;06:30:00;1012.3666666666667;14.9;2.733333333333333;0.4;2025-10-05 06:30:00;2
05-10-2025;06:40:00;1012.5;14.700000000000001;2.8333333333333335;0.4;2025-10-05 06:40:00;2
05-10-2025;06:50:00;1012.6333333333333;14.566666666666668;2.733333333333333;0.4;2025-10-05 06:50:00;2
05-10-2025;07:00:00;1012.7333333333335;14.533333333333333;2.433333333333333;0.0;2025-10-05 07:00:00;2
05-10-2025;07:10:00;1012.7999999999998;14.5;1.8999999999999997;0.0;2025-10-05 07:10:00;2
05-10-2025;07:20:00;1012.7666666666668;14.533333333333331;1.6333333333333335;0.0;2025-10-05 07:20:00;2
05-10-2025;07:30:00;1012.6999999999999;14.6;1.4666666666666668;0.2;2025-10-05 07:30:00;2
05-10-2025;07:40:00;1012.5666666666666;14.733333333333333;1.5;0.0;2025-10-05 07:40:00;2
05-10-2025;07:50:00;1012.5666666666667;14.966666666666667;1.5333333333333332;0.0;2025-10-05 07:50:00;2
05-10-2025;08:00:00;1012.5333333333333;15.233333333333334;1.6333333333333335;0.0;2025-10-05 08:00:00;2
05-10-2025;08:10:00;1012.3666666666667;15.766666666666667;3.6666666666666665;0.2;2025-10-05 08:10:00;2
05-10-2025;08:20:00;1012.1;16.333333333333332;6.366666666666667;0.0;2025-10-05 08:20:00;2
05-10-2025;08:30:00;1011.9333333333334;16.933333333333334;8.766666666666667;0.0;2025-10-05 08:30:00;2
05-10-2025;08:40:00;1011.9000000000001;17.15;9.3;0.0;2025-10-05 08:40:00;2
05-10-2025;11:10:00;1011.25;19.05;2.15;1.6;2025-10-05 11:10:00;2
05-10-2025;11:20:00;1011.2333333333332;18.900000000000002;1.7666666666666666;1.0;2025-10-05 11:20:00;2
05-10-2025;11:30:00;1011.2333333333332;18.933333333333334;1.4666666666666668;0.0;2025-10-05 11:30:00;2
05-10-2025;11:40:00;1011.3666666666667;19.466666666666665;1.5;0.0;2025-10-05 11:40:00;2
05-10-2025;11:50:00;1011.4499999999999;19.9;1.75;0.0;2025-10-05 11:50:00;2
15-10-2025;03:40:00;1017.6500000000001;15.850000000000001;1.7000000000000002;0.2;2025-10-15 03:40:00;2
15-10-2025;03:50:00;1017.6333333333333;15.766666666666666;1.8;0.0;2025-10-15 03:50:00;2
15-10-2025;04:00:00;1017.5;15.633333333333335;1.9666666666666668;0.2;2025-10-15 04:00:00;2
15-10-2025;04:10:00;1017.3666666666668;15.5;1.9000000000000001;0.0;2025-10-15 04:10:00;2
15-10-2025;04:20:00;1017.1999999999999;15.433333333333332;1.7666666666666668;0.0;2025-10-15 04:20:00;2
15-10-2025;04:30:00;1017.15;15.4;1.6;0.0;2025-10-15 04:30:00;2
15-10-2025;16:40:00;1016.45;17.8;4.1;0.2;2025-10-15 16:40:00;2
15-10-2025;16:50:00;1016.4666666666667;17.666666666666668;4.066666666666666;0.0;2025-10-15 16:50:00;2
15-10-2025;17:00:00;1016.5;17.400000000000002;4.033333333333333;0.2;2025-10-15 17:00:00;2
15-10-2025;17:10:00;1016.5;17.2;3.966666666666667;0.0;2025-10-15 17:10:00;2
15-10-2025;17:20:00;1016.5;17.03333333333333;3.9333333333333336;0.0;2025-10-15 17:20:00;2
15-10-2025;17:30:00;1016.5;16.949999999999996;3.9;0.0;2025-10-15 17:30:00;2
15-10-2025;17:50:00;1016.6;16.7;3.8;0.2;2025-10-15 17:50:00;2
15-10-2025;18:00:00;1016.6;16.766666666666666;4.1000000000000005;0.0;2025-10-15 18:00:00;2
15-10-2025;18:10:00;1016.5666666666667;16.933333333333334;4.9;0.0;2025-10-15 18:10:00;2
15-10-2025;18:20:00;1016.5500000000001;17.05;5.4;0.0;2025-10-15 18:20:00;2
16-10-2025;10:30:00;1015.3;17.5;6.65;0.2;2025-10-16 10:30:00;2
16-10-2025;10:40:00;1015.3333333333334;17.233333333333334;6.7;0.0;2025-10-16 10:40:00;2
16-10-2025;10:50:00;1015.4;16.833333333333332;6.8;0.4;2025-10-16 10:50:00;2
16-10-2025;11:00:00;1015.4333333333334;16.366666666666664;6.900000000000001;0.6;2025-10-16 11:00:00;2
16-10-2025;11:10:00;1015.4;16.099999999999998;6.866666666666667;0.8;2025-10-16 11:10:00;2
16-10-2025;11:20:00;1015.3333333333334;15.933333333333332;6.866666666666667;1.0;2025-10-16 11:20:00;2
16-10-2025;11:30:00;1015.1999999999999;15.9;6.833333333333333;0.8;2025-10-16 11:30:00;2
16-10-2025;11:40:00;1015.0666666666666;15.933333333333335;7.133333333333334;0.2;2025-10-16 11:40:00;2
16-10-2025;11:50:00;1014.9666666666667;15.866666666666667;7.3999999999999995;0.0;2025-10-16 11:50:00;2
16-10-2025;12:00:00;1014.9666666666667;15.666666666666666;7.8;0.2;2025-10-16 12:00:00;2
16-10-2025;12:10:00;1015.0;15.366666666666667;7.699999999999999;0.8;2025-10-16 12:10:00;2
16-10-2025;12:20:00;1014.9666666666666;15.133333333333335;7.3999999999999995;1.2;2025-10-16 12:20:00;2
16-10-2025;12:30:00;1014.9;15.1;6.966666666666666;1.0;2025-10-16 12:30:00;2
16-10-2025;12:40:00;1014.7999999999998;15.166666666666666;6.5;0.0;2025-10-16 12:40:00;2
16-10-2025;12:50:00;1014.7333333333332;15.266666666666666;6.333333333333333;0.2;2025-10-16 12:50:00;2
16-10-2025;13:00:00;1014.7;15.3;6.099999999999999;0.0;2025-10-16 13:00:00;2
16-10-2025;13:10:00;1014.6333333333333;15.3;6.066666666666666;0.2;2025-10-16 13:10:00;2
16-10-2025;13:20:00;1014.5666666666666;15.366666666666669;5.8;0.0;2025-10-16 13:20:00;2
16-10-2025;13:30:00;1014.4666666666667;15.433333333333332;5.733333333333333;0.0;2025-10-16 13:30:00;2
16-10-2025;13:40:00;1014.4333333333334;15.466666666666669;5.866666666666667;0.0;2025-10-16 13:40:00;2
16-10-2025;13:50:00;1014.3666666666667;15.4;5.866666666666667;0.4;2025-10-16 13:50:00;2
16-10-2025;14:00:00;1014.2999999999998;15.333333333333336;5.833333333333333;0.2;2025-10-16 14:00:00;2
16-10-2025;14:10:00;1014.2333333333332;15.3;5.6000000000000005;0.0;2025-10-16 14:10:00;2
16-10-2025;14:20:00;1014.2;15.333333333333334;5.5;0.0;2025-10-16 14:20:00;2
16-10-2025;14:30:00;1014.2;15.35;5.35;0.0;2025-10-16 14:30:00;2
16-10-2025;15:20:00;1014.2;15.95;4.65;0.2;2025-10-16 15:20:00;2
16-10-2025;15:30:00;1014.2;15.9;4.733333333333333;0.0;2025-10-16 15:30:00;2
16-10-2025;15:40:00;1014.1333333333333;15.799999999999999;4.666666666666667;0.2;2025-10-16 15:40:00;2
16-10-2025;15:50:00;1014.1333333333333;15.733333333333334;4.8;0.0;2025-10-16 15:50:00;2
16-10-2025;16:00:00;1014.1333333333333;15.666666666666666;4.7;0.0;2025-10-16 16:00:00;2
16-10-2025;16:10:00;1014.1333333333333;15.633333333333333;4.666666666666667;0.0;2025-10-16 16:10:00;2
16-10-2025;16:20:00;1014.0666666666666;15.6;4.433333333333334;0.2;2025-10-16 16:20:00;2
16-10-2025;16:30:00;1014.0;15.6;4.366666666666666;0.0;2025-10-16 16:30:00;2
16-10-2025;16:40:00;1014.0;15.566666666666665;4.266666666666667;0.0;2025-10-16 16:40:00;2
16-10-2025;16:50:00;1014.0;15.533333333333333;4.066666666666667;0.0;2025-10-16 16:50:00;2
16-10-2025;17:00:00;1014.0;15.5;3.8000000000000003;0.2;2025-10-16 17:00:00;2
16-10-2025;17:10:00;1014.0;15.466666666666667;3.4333333333333336;0.0;2025-10-16 17:10:00;2
16-10-2025;17:20:00;1013.9666666666667;15.4;3.4666666666666663;0.0;2025-10-16 17:20:00;2
16-10-2025;17:30:00;1013.9333333333334;15.333333333333334;3.4333333333333336;0.0;2025-10-16 17:30:00;2
16-10-2025;17:40:00;1013.9333333333334;15.266666666666666;3.466666666666667;0.2;2025-10-16 17:40:00;2
16-10-2025;17:50:00;1013.9666666666666;15.233333333333334;3.233333333333333;0.0;2025-10-16 17:50:00;2
16-10-2025;18:00:00;1014.0666666666666;15.233333333333334;3.0666666666666664;0.0;2025-10-16 18:00:00;2
16-10-2025;18:10:00;1014.0999999999999;15.250000000000002;2.8999999999999995;0.0;2025-10-16 18:10:00;2
17-10-2025;02:30:00;1013.1;15.4;2.05;0.2;2025-10-17 02:30:00;2
17-10-2025;02:40:00;1013.1;15.366666666666667;2.033333333333333;0.2;2025-10-17 02:40:00;2
17-10-2025;02:50:00;1013.0333333333334;15.3;2.1;0.4;2025-10-17 02:50:00;2
17-10-2025;03:00:00;1012.9333333333334;15.266666666666666;2.0333333333333337;0.4;2025-10-17 03:00:00;2
17-10-2025;03:10:00;1012.8333333333334;15.233333333333334;2.1;0.0;2025-10-17 03:10:00;2
17-10-2025;03:20:00;1012.7666666666668;15.166666666666666;2.1666666666666665;0.2;2025-10-17 03:20:00;2
17-10-2025;03:30:00;1012.6999999999999;15.133333333333333;2.466666666666667;0.0;2025-10-17 03:30:00;2
17-10-2025;03:40:00;1012.6333333333333;15.1;2.766666666666667;0.2;2025-10-17 03:40:00;2
17-10-2025;03:50:00;1012.6;15.1;3.0666666666666664;0.0;2025-10-17 03:50:00;2
17-10-2025;04:00:00;1012.5666666666667;15.133333333333333;3.1666666666666665;0.0;2025-10-17 04:00:00;2
17-10-2025;04:10:00;1012.5500000000001;15.149999999999999;3.1999999999999997;0.0;2025-10-17 04:10:00;2
19-10-2025;05:40:00;1019.7;11.3;2.6;0.2;2025-10-19 05:40:00;2
19-10-2025;05:50:00;1019.7;11.366666666666667;2.5;0.0;2025-10-19 05:50:00;2
19-10-2025;06:00:00;1019.7333333333332;11.4;2.3000000000000003;0.0;2025-10-19 06:00:00;2
19-10-2025;06:10:00;1019.7499999999999;11.450000000000001;2.35;0.0;2025-10-19 06:10:00;2
21-10-2025;10:00:00;1010.4;17.95;1.0;0.4;2025-10-21 10:00:00;2
21-10-2025;10:10:00;1010.4;17.866666666666664;1.2333333333333334;0.8;2025-10-21 10:10:00;2
21-10-2025;10:20:00;1010.3666666666667;17.900000000000002;1.7666666666666666;0.0;2025-10-21 10:20:00;2
21-10-2025;10:30:00;1010.4;17.96666666666667;2.3000000000000003;0.2;2025-10-21 10:30:00;2
21-10-2025;10:40:00;1010.4333333333333;18.133333333333333;2.1999999999999997;0.6;2025-10-21 10:40:00;2
21-10-2025;10:50:00;1010.4333333333334;18.166666666666668;1.5;0.6;2025-10-21 10:50:00;2
21-10-2025;11:00:00;1010.4333333333333;18.3;1.0333333333333332;0.4;2025-10-21 11:00:00;2
21-10-2025;11:10:00;1010.2999999999998;18.466666666666665;1.1333333333333333;0.0;2025-10-21 11:10:00;2
21-10-2025;11:20:00;1010.1999999999999;18.633333333333336;1.3333333333333333;0.0;2025-10-21 11:20:00;2
21-10-2025;11:30:00;1010.1;18.7;1.5;0.0;2025-10-21 11:30:00;2
21-10-2025;12:30:00;1009.1;18.35;3.8499999999999996;0.2;2025-10-21 12:30:00;2
21-10-2025;12:40:00;1009.0333333333333;18.466666666666665;3.6333333333333333;0.0;2025-10-21 12:40:00;2
21-10-2025;12:50:00;1008.9;18.566666666666666;3.6333333333333333;0.0;2025-10-21 12:50:00;2
21-10-2025;13:00:00;1008.8499999999999;18.65;3.3000000000000007;0.0;2025-10-21 13:00:00;2
21-10-2025;13:20:00;1008.4;18.4;3.1500000000000004;0.8;2025-10-21 13:20:00;2
21-10-2025;13:30:00;1008.3333333333334;18.5;3.533333333333333;0.2;2025-10-21 13:30:00;2
21-10-2025;13:40:00;1008.2999999999998;18.7;3.966666666666667;0.0;2025-10-21 13:40:00;2
21-10-2025;13:50:00;1008.1333333333333;18.833333333333332;4.3;0.0;2025-10-21 13:50:00;2
21-10-2025;14:00:00;1008.1;18.9;4.3;0.0;2025-10-21 14:00:00;2
23-10-2025;02:10:00;1010.7;15.600000000000001;0.4;0.2;2025-10-23 02:10:00;2
23-10-2025;02:20:00;1010.7;15.633333333333333;0.3;0.0;2025-10-23 02:20:00;2
23-10-2025;02:30:00;1010.7;15.600000000000001;0.3;0.0;2025-10-23 02:30:00;2
23-10-2025;02:40:00;1010.7;15.5;0.04999999999999999;0.0;2025-10-23 02:40:00;2
23-10-2025;19:40:00;1003.1;21.9;5.35;0.2;2025-10-23 19:40:00;2
23-10-2025;19:50:00;1002.9666666666667;21.599999999999998;5.1000000000000005;0.2;2025-10-23 19:50:00;2
23-10-2025;20:00:00;1002.8666666666668;21.133333333333336;4.833333333333333;0.0;2025-10-23 20:00:00;2
23-10-2025;20:10:00;1002.9333333333334;21.099999999999998;4.6000000000000005;0.0;2025-10-23 20:10:00;2
23-10-2025;20:20:00;1003.0500000000001;21.15;4.6;0.0;2025-10-23 20:20:00;2
24-10-2025;23:30:00;1014.3499999999999;18.8;2.85;0.2;2025-10-24 23:30:00;2
24-10-2025;23:40:00;1014.3666666666667;18.566666666666666;2.3666666666666667;0.0;2025-10-24 23:40:00;2
24-10-2025;23:50:00;1014.3333333333334;18.266666666666666;1.9333333333333333;0.0;2025-10-24 23:50:00;2
25-10-2025;00:00:00;1014.3500000000001;18.15;1.65;0.0;2025-10-25 00:00:00;2
26-10-2025;20:00:00;1008.4;18.65;3.9499999999999997;0.4;2025-10-26 20:00:00;2
26-10-2025;20:10:00;1008.4;18.7;4.433333333333334;0.4;2025-10-26 20:10:00;2
26-10-2025;20:20:00;1008.3666666666667;18.666666666666668;4.733333333333333;0.0;2025-10-26 20:20:00;2
26-10-2025;20:30:00;1008.5666666666666;18.966666666666665;5.433333333333334;0.0;2025-10-26 20:30:00;2
26-10-2025;20:40:00;1008.6499999999999;19.05;5.450000000000001;0.0;2025-10-26 20:40:00;2
26-10-2025;21:00:00;1008.55;18.55;4.9;0.2;2025-10-26 21:00:00;2
26-10-2025;21:10:00;1008.6;18.566666666666666;5.466666666666666;0.0;2025-10-26 21:10:00;2
26-10-2025;21:20:00;1008.6666666666666;18.633333333333336;5.933333333333334;0.0;2025-10-26 21:20:00;2
26-10-2025;21:30:00;1008.8;18.650000000000002;6.1;0.0;2025-10-26 21:30:00;2
26-10-2025;22:40:00;1008.8499999999999;16.7;5.199999999999999;0.2;2025-10-26 22:40:00;2
26-10-2025;22:50:00;1008.8333333333334;16.5;4.6;0.4;2025-10-26 22:50:00;2
26-10-2025;23:00:00;1008.6999999999999;16.266666666666666;4.033333333333332;0.0;2025-10-26 23:00:00;2
26-10-2025;23:10:00;1008.5;16.5;3.8333333333333335;0.0;2025-10-26 23:10:00;2
26-10-2025;23:20:00;1008.4;16.966666666666665;4.533333333333332;0.2;2025-10-26 23:20:00;2
26-10-2025;23:30:00;1008.4333333333334;17.5;5.366666666666666;0.0;2025-10-26 23:30:00;2
26-10-2025;23:40:00;1008.5;17.96666666666667;6.199999999999999;0.0;2025-10-26 23:40:00;2
26-10-2025;23:50:00;1008.5;18.200000000000003;6.549999999999999;0.0;2025-10-26 23:50:00;2
27-10-2025;20:20:00;1011.9;17.85;6.25;0.4;2025-10-27 20:20:00;2
27-10-2025;20:30:00;1011.9333333333334;17.733333333333334;6.3;0.0;2025-10-27 20:30:00;2
27-10-2025;20:40:00;1011.8333333333334;17.599999999999998;6.166666666666667;0.0;2025-10-27 20:40:00;2
27-10-2025;20:50:00;1011.8000000000001;17.700000000000003;6.2;0.0;2025-10-27 20:50:00;2
27-10-2025;21:00:00;1011.7333333333332;18.033333333333335;6.2;0.2;2025-10-27 21:00:00;2
27-10-2025;21:10:00;1011.8333333333334;18.400000000000002;5.933333333333334;0.0;2025-10-27 21:10:00;2
27-10-2025;21:20:00;1011.9333333333334;18.733333333333334;6.0;0.0;2025-10-27 21:20:00;2
27-10-2025;21:30:00;1012.0;18.85;5.799999999999999;0.0;2025-10-27 21:30:00;2
27-10-2025;23:30:00;1011.8;17.8;4.65;0.2;2025-10-27 23:30:00;2
27-10-2025;23:40:00;1011.8;17.666666666666668;3.8333333333333335;0.0;2025-10-27 23:40:00;2
27-10-2025;23:50:00;1011.8;17.46666666666667;2.3666666666666667;0.0;2025-10-27 23:50:00;2
28-10-2025;00:00:00;1011.7666666666668;17.133333333333333;1.3;0.0;2025-10-28 00:00:00;2
28-10-2025;00:10:00;1011.7666666666668;16.866666666666667;0.7000000000000001;0.2;2025-10-28 00:10:00;2
28-10-2025;00:20:00;1011.7666666666668;16.666666666666668;0.3333333333333333;0.0;2025-10-28 00:20:00;2
28-10-2025;00:30:00;1011.8;16.533333333333335;0.13333333333333333;0.0;2025-10-28 00:30:00;2
28-10-2025;00:40:00;1011.8;16.5;0.0;0.0;2025-10-28 00:40:00;2
28-10-2025;10:30:00;1016.3;19.799999999999997;3.2;0.2;2025-10-28 10:30:00;2
28-10-2025;10:40:00;1016.3333333333334;19.933333333333334;3.1333333333333333;0.0;2025-10-28 10:40:00;2
28-10-2025;10:50:00;1016.4333333333334;20.099999999999998;3.1333333333333333;0.0;2025-10-28 10:50:00;2
28-10-2025;11:00:00;1016.45;20.2;3.0;0.0;2025-10-28 11:00:00;2
31-10-2025;02:30:00;1016.0;16.85;1.4;0.2;2025-10-31 02:30:00;2
31-10-2025;02:40:00;1016.0;16.833333333333332;1.0;0.0;2025-10-31 02:40:00;2
31-10-2025;02:50:00;1015.9666666666667;16.766666666666666;0.8333333333333334;0.0;2025-10-31 02:50:00;2
31-10-2025;03:00:00;1015.95;16.75;0.75;0.0;2025-10-31 03:00:00;2
31-10-2025;03:30:00;1015.8;16.7;1.55;0.2;2025-10-31 03:30:00;2
31-10-2025;03:40:00;1015.8;16.7;1.5333333333333332;0.0;2025-10-31 03:40:00;2
31-10-2025;03:50:00;1015.8333333333334;16.666666666666668;1.5;0.0;2025-10-31 03:50:00;2
31-10-2025;04:00:00;1015.85;16.650000000000002;1.3499999999999999;0.0;2025-10-31 04:00:00;2
31-10-2025;05:00:00;1015.8;16.4;1.2999999999999998;0.2;2025-10-31 05:00:00;2
31-10-2025;05:10:00;1015.7333333333332;16.4;0.9666666666666667;0.2;2025-10-31 05:10:00;2
31-10-2025;05:20:00;1015.6666666666666;16.4;0.9333333333333332;0.0;2025-10-31 05:20:00;2
31-10-2025;05:30:00;1015.5666666666666;16.4;1.0666666666666667;0.2;2025-10-31 05:30:00;2
31-10-2025;05:40:00;1015.5333333333334;16.366666666666664;1.5333333333333334;0.0;2025-10-31 05:40:00;2
31-10-2025;05:50:00;1015.5333333333333;16.266666666666666;1.5666666666666664;0.0;2025-10-31 05:50:00;2
31-10-2025;06:00:00;1015.5666666666666;16.166666666666668;1.5333333333333332;0.0;2025-10-31 06:00:00;2
31-10-2025;06:10:00;1015.6;16.1;1.3333333333333333;0.2;2025-10-31 06:10:00;2
31-10-2025;06:20:00;1015.6666666666666;16.1;1.4666666666666668;0.0;2025-10-31 06:20:00;2
31-10-2025;06:30:00;1015.7333333333332;16.133333333333336;1.4000000000000001;0.0;2025-10-31 06:30:00;2
31-10-2025;06:40:00;1015.8;16.15;1.5500000000000003;0.0;2025-10-31 06:40:00;2
02-11-2025;00:10:00;1020.8;14.6;0.1;0.2;2025-11-02 00:10:00;2
02-11-2025;00:20:00;1020.6999999999999;14.566666666666668;0.2333333333333333;0.0;2025-11-02 00:20:00;2
02-11-2025;00:30:00;1020.5666666666666;14.433333333333332;0.3666666666666667;0.0;2025-11-02 00:30:00;2
02-11-2025;00:40:00;1020.4499999999999;14.399999999999999;0.45000000000000007;0.0;2025-11-02 00:40:00;2
03-11-2025;09:50:00;1015.8;19.6;3.2;0.6;2025-11-03 09:50:00;2
03-11-2025;10:00:00;1015.8;19.53333333333333;3.0666666666666664;0.0;2025-11-03 10:00:00;2
03-11-2025;10:10:00;1015.8;19.433333333333334;2.6666666666666665;0.0;2025-11-03 10:10:00;2
03-11-2025;10:20:00;1015.8;19.549999999999997;2.55;0.0;2025-11-03 10:20:00;2
06-11-2025;23:20:00;1014.25;9.05;1.55;0.2;2025-11-06 23:20:00;2
06-11-2025;23:30:00;1014.2666666666668;9.033333333333333;1.5999999999999999;0.0;2025-11-06 23:30:00;2
06-11-2025;23:40:00;1014.3;8.933333333333332;1.6333333333333335;0.0;2025-11-06 23:40:00;2
06-11-2025;23:50:00;1014.3;8.899999999999999;1.7;0.0;2025-11-06 23:50:00;2
07-11-2025;14:10:00;1010.4;17.9;1.95;0.2;2025-11-07 14:10:00;2
07-11-2025;14:20:00;1010.3666666666667;17.933333333333334;1.7;0.0;2025-11-07 14:20:00;2
07-11-2025;14:30:00;1010.3666666666667;18.03333333333333;1.2333333333333332;0.0;2025-11-07 14:30:00;2
07-11-2025;14:40:00;1010.35;18.099999999999998;0.8999999999999999;0.0;2025-11-07 14:40:00;2
07-11-2025;18:40:00;1010.3499999999999;15.45;0.1;0.2;2025-11-07 18:40:00;2
07-11-2025;18:50:00;1010.3666666666667;15.4;0.39999999999999997;0.2;2025-11-07 18:50:00;2
07-11-2025;19:00:00;1010.3666666666667;15.366666666666667;0.9;0.0;2025-11-07 19:00:00;2
07-11-2025;19:10:00;1010.4;15.233333333333334;1.3666666666666665;0.0;2025-11-07 19:10:00;2
07-11-2025;19:20:00;1010.4333333333334;15.066666666666668;1.5333333333333332;0.2;2025-11-07 19:20:00;2
07-11-2025;19:30:00;1010.4666666666666;14.866666666666667;1.5999999999999999;0.2;2025-11-07 19:30:00;2
07-11-2025;19:40:00;1010.5;14.700000000000001;1.6000000000000003;0.6;2025-11-07 19:40:00;2
07-11-2025;19:50:00;1010.5;14.633333333333333;1.6333333333333335;0.2;2025-11-07 19:50:00;2
07-11-2025;20:00:00;1010.5;14.566666666666668;1.2;0.0;2025-11-07 20:00:00;2
07-11-2025;20:10:00;1010.5;14.566666666666665;0.9333333333333335;0.0;2025-11-07 20:10:00;2
07-11-2025;20:20:00;1010.5;14.549999999999999;0.6000000000000001;0.0;2025-11-07 20:20:00;2
07-11-2025;21:50:00;1011.45;14.25;2.8;0.2;2025-11-07 21:50:00;2
07-11-2025;22:00:00;1011.4666666666667;14.200000000000001;2.9333333333333336;0.0;2025-11-07 22:00:00;2
07-11-2025;22:10:00;1011.4666666666666;14.1;2.8333333333333335;0.2;2025-11-07 22:10:00;2
07-11-2025;22:20:00;1011.3333333333334;14.0;2.033333333333333;0.6;2025-11-07 22:20:00;2
07-11-2025;22:30:00;1011.1333333333332;13.9;1.5;0.8;2025-11-07 22:30:00;2
07-11-2025;22:40:00;1010.9;13.866666666666667;1.7666666666666668;0.6;2025-11-07 22:40:00;2
07-11-2025;22:50:00;1010.7333333333335;13.9;2.6999999999999997;0.0;2025-11-07 22:50:00;2
07-11-2025;23:00:00;1010.4666666666667;13.966666666666667;3.6;0.2;2025-11-07 23:00:00;2
07-11-2025;23:10:00;1010.2333333333332;13.966666666666669;3.9333333333333336;0.0;2025-11-07 23:10:00;2
07-11-2025;23:20:00;1010.0333333333334;13.933333333333335;4.2;0.2;2025-11-07 23:20:00;2
07-11-2025;23:30:00;1010.0;13.866666666666667;3.966666666666667;0.0;2025-11-07 23:30:00;2
07-11-2025;23:40:00;1010.0;13.833333333333334;3.733333333333333;0.0;2025-11-07 23:40:00;2
07-11-2025;23:50:00;1010.0;13.8;3.55;0.0;2025-11-07 23:50:00;2
08-11-2025;19:20:00;1011.6500000000001;14.649999999999999;1.65;0.2;2025-11-08 19:20:00;2
08-11-2025;19:30:00;1011.6666666666666;14.633333333333333;1.8;0.2;2025-11-08 19:30:00;2
08-11-2025;19:40:00;1011.7;14.533333333333333;2.033333333333333;0.2;2025-11-08 19:40:00;2
08-11-2025;19:50:00;1011.7333333333332;14.433333333333332;2.1666666666666665;0.0;2025-11-08 19:50:00;2
08-11-2025;20:00:00;1011.8333333333334;14.366666666666667;2.2333333333333334;0.0;2025-11-08 20:00:00;2
08-11-2025;20:10:00;1011.9666666666666;14.366666666666667;2.2;0.0;2025-11-08 20:10:00;2
08-11-2025;20:20:00;1012.1;14.433333333333332;2.1999999999999997;0.2;2025-11-08 20:20:00;2
08-11-2025;20:30:00;1012.2666666666668;14.5;2.1666666666666674;0.2;2025-11-08 20:30:00;2
08-11-2025;20:40:00;1012.4;14.533333333333333;2.0;0.0;2025-11-08 20:40:00;2
08-11-2025;20:50:00;1012.4333333333334;14.533333333333333;2.1;0.0;2025-11-08 20:50:00;2
08-11-2025;21:00:00;1012.4000000000001;14.5;2.0500000000000003;0.0;2025-11-08 21:00:00;2
08-11-2025;21:20:00;1012.5;14.45;2.9000000000000004;0.2;2025-11-08 21:20:00;2
08-11-2025;21:30:00;1012.5;14.4;2.6333333333333333;0.2;2025-11-08 21:30:00;2
08-11-2025;21:40:00;1012.5;14.299999999999999;2.566666666666667;0.0;2025-11-08 21:40:00;2
08-11-2025;21:50:00;1012.5333333333333;14.233333333333334;2.4;0.0;2025-11-08 21:50:00;2
08-11-2025;22:00:00;1012.55;14.2;2.55;0.0;2025-11-08 22:00:00;2
08-11-2025;23:50:00;1012.5;14.15;2.2;0.2;2025-11-08 23:50:00;2
09-11-2025;00:00:00;1012.5;14.266666666666666;2.1666666666666665;0.6;2025-11-09 00:00:00;2
09-11-2025;00:10:00;1012.5;14.366666666666667;2.1333333333333333;0.4;2025-11-09 00:10:00;2
09-11-2025;00:20:00;1012.5;14.4;2.233333333333333;0.2;2025-11-09 00:20:00;2
09-11-2025;00:30:00;1012.4333333333334;14.333333333333334;2.266666666666667;0.0;2025-11-09 00:30:00;2
09-11-2025;00:40:00;1012.3666666666667;14.333333333333334;2.066666666666667;0.0;2025-11-09 00:40:00;2
09-11-2025;00:50:00;1012.2666666666668;14.366666666666667;2.0;0.0;2025-11-09 00:50:00;2
09-11-2025;01:00:00;1012.2666666666668;14.466666666666667;2.1333333333333333;0.2;2025-11-09 01:00:00;2
09-11-2025;01:10:00;1012.2333333333332;14.6;2.733333333333333;0.0;2025-11-09 01:10:00;2
09-11-2025;01:20:00;1012.2666666666668;14.666666666666666;3.1666666666666665;0.0;2025-11-09 01:20:00;2
09-11-2025;01:30:00;1012.2500000000001;14.7;3.45;0.0;2025-11-09 01:30:00;2
09-11-2025;02:30:00;1012.05;14.4;3.85;0.2;2025-11-09 02:30:00;2
09-11-2025;02:40:00;1011.9666666666667;14.4;3.733333333333333;0.8;2025-11-09 02:40:00;2
09-11-2025;02:50:00;1011.8666666666667;14.4;3.5666666666666664;0.0;2025-11-09 02:50:00;2
09-11-2025;03:00:00;1011.8666666666667;14.366666666666667;3.1666666666666665;0.0;2025-11-09 03:00:00;2
09-11-2025;03:10:00;1011.8999999999999;14.350000000000001;3.0;0.0;2025-11-09 03:10:00;2
11-11-2025;04:40:00;1017.0;7.300000000000001;1.6;0.2;2025-11-11 04:40:00;2
11-11-2025;04:50:00;1017.0333333333333;7.266666666666667;1.6666666666666667;0.0;2025-11-11 04:50:00;2
11-11-2025;05:00:00;1017.0666666666666;7.3;1.7666666666666666;0.0;2025-11-11 05:00:00;2
11-11-2025;05:10:00;1017.1;7.35;1.8499999999999999;0.0;2025-11-11 05:10:00;2
12-11-2025;01:20:00;1021.3;7.0;1.5499999999999998;0.2;2025-11-12 01:20:00;2
12-11-2025;01:30:00;1021.3333333333334;7.033333333333334;1.6666666666666667;0.0;2025-11-12 01:30:00;2
12-11-2025;01:40:00;1021.3333333333334;7.033333333333334;1.8333333333333333;0.0;2025-11-12 01:40:00;2
12-11-2025;01:50:00;1021.4;7.050000000000001;1.9;0.0;2025-11-12 01:50:00;2
12-11-2025;23:40:00;1024.85;8.1;1.85;0.2;2025-11-12 23:40:00;2
12-11-2025;23:50:00;1024.8666666666668;8.0;1.7;0.0;2025-11-12 23:50:00;2
13-11-2025;00:00:00;1024.8666666666666;7.833333333333333;1.3333333333333333;0.0;2025-11-13 00:00:00;2
13-11-2025;00:10:00;1024.85;7.75;1.25;0.0;2025-11-13 00:10:00;2
13-11-2025;22:00:00;1025.35;9.75;1.25;0.2;2025-11-13 22:00:00;2
13-11-2025;22:10:00;1025.3666666666668;9.666666666666666;1.2;0.0;2025-11-13 22:10:00;2
13-11-2025;22:20:00;1025.3666666666666;9.566666666666666;1.1;0.0;2025-11-13 22:20:00;2
13-11-2025;22:30:00;1025.35;9.5;1.1;0.0;2025-11-13 22:30:00;2
15-11-2025;01:10:00;1020.55;8.15;1.1;0.2;2025-11-15 01:10:00;2
15-11-2025;01:20:00;1020.5333333333333;8.033333333333333;1.1333333333333333;0.0;2025-11-15 01:20:00;2
15-11-2025;01:30:00;1020.4666666666667;7.8;1.2666666666666666;0.0;2025-11-15 01:30:00;2
15-11-2025;01:40:00;1020.45;7.699999999999999;1.2999999999999998;0.0;2025-11-15 01:40:00;2
18-11-2025;02:50:00;1010.7;15.25;2.0;0.2;2025-11-18 02:50:00;2
18-11-2025;03:00:00;1010.6666666666666;15.233333333333334;1.6666666666666667;0.0;2025-11-18 03:00:00;2
18-11-2025;03:10:00;1010.6;15.2;1.2666666666666666;0.0;2025-11-18 03:10:00;2
18-11-2025;03:20:00;1010.5500000000001;15.2;1.0999999999999999;0.0;2025-11-18 03:20:00;2
18-11-2025;07:10:00;1010.15;15.149999999999999;3.9;0.2;2025-11-18 07:10:00;2
18-11-2025;07:20:00;1010.2333333333332;15.166666666666666;3.3333333333333335;3.6;2025-11-18 07:20:00;2
18-11-2025;07:30:00;1010.4666666666667;15.133333333333333;3.3666666666666667;3.0;2025-11-18 07:30:00;2
18-11-2025;07:40:00;1010.4666666666667;15.166666666666666;2.6999999999999997;1.4;2025-11-18 07:40:00;2
18-11-2025;07:50:00;1010.5333333333333;15.233333333333334;2.6666666666666665;0.6;2025-11-18 07:50:00;2
18-11-2025;08:00:00;1010.6;15.333333333333334;1.9000000000000001;0.8;2025-11-18 08:00:00;2
18-11-2025;08:10:00;1010.6666666666666;15.4;1.8666666666666665;0.0;2025-11-18 08:10:00;2
18-11-2025;08:20:00;1010.7;15.433333333333335;1.5;0.0;2025-11-18 08:20:00;2
18-11-2025;08:30:00;1010.7666666666668;15.5;1.3999999999999997;0.2;2025-11-18 08:30:00;2
18-11-2025;08:40:00;1010.8333333333334;15.566666666666668;1.5;0.0;2025-11-18 08:40:00;2
18-11-2025;08:50:00;1010.9333333333334;15.6;2.033333333333333;0.0;2025-11-18 08:50:00;2
18-11-2025;09:00:00;1010.95;15.6;2.3499999999999996;0.0;2025-11-18 09:00:00;2
18-11-2025;09:30:00;1011.0;14.649999999999999;3.55;5.8;2025-11-18 09:30:00;2
18-11-2025;09:40:00;1010.9666666666667;14.5;3.233333333333333;2.4;2025-11-18 09:40:00;2
18-11-2025;09:50:00;1010.9333333333334;14.433333333333332;2.6333333333333333;0.4;2025-11-18 09:50:00;2
18-11-2025;10:00:00;1010.7666666666668;14.4;2.6;0.2;2025-11-18 10:00:00;2
18-11-2025;10:10:00;1010.6999999999999;14.566666666666665;2.533333333333333;0.4;2025-11-18 10:10:00;2
18-11-2025;10:20:00;1010.7333333333332;14.666666666666666;2.6;0.6;2025-11-18 10:20:00;2
18-11-2025;10:30:00;1010.9;14.666666666666666;2.6666666666666665;1.6;2025-11-18 10:30:00;2
18-11-2025;10:40:00;1011.0;14.6;3.0;1.6;2025-11-18 10:40:00;2
18-11-2025;10:50:00;1011.0333333333333;14.5;3.7999999999999994;0.6;2025-11-18 10:50:00;2
18-11-2025;11:00:00;1011.0666666666666;14.466666666666667;3.4;0.8;2025-11-18 11:00:00;2
18-11-2025;11:10:00;1011.0333333333333;14.5;3.1666666666666665;0.0;2025-11-18 11:10:00;2
18-11-2025;11:20:00;1010.8666666666668;14.666666666666666;3.0;0.0;2025-11-18 11:20:00;2
18-11-2025;11:30:00;1010.7500000000001;14.75;3.25;0.0;2025-11-18 11:30:00;2
18-11-2025;12:20:00;1010.45;15.1;2.8499999999999996;0.2;2025-11-18 12:20:00;2
18-11-2025;12:30:00;1010.4333333333334;15.033333333333333;3.5;0.2;2025-11-18 12:30:00;2
18-11-2025;12:40:00;1010.4333333333333;14.833333333333334;4.2;0.6;2025-11-18 12:40:00;2
18-11-2025;12:50:00;1010.4;14.533333333333333;4.7;1.0;2025-11-18 12:50:00;2
18-11-2025;13:00:00;1010.5;14.233333333333334;4.3;0.4;2025-11-18 13:00:00;2
18-11-2025;13:10:00;1010.5666666666666;14.033333333333333;3.8333333333333335;5.0;2025-11-18 13:10:00;2
18-11-2025;13:20:00;1010.5666666666666;14.133333333333333;3.466666666666667;6.4;2025-11-18 13:20:00;2
18-11-2025;13:30:00;1010.3000000000001;14.466666666666667;3.6666666666666665;4.8;2025-11-18 13:30:00;2
18-11-2025;13:40:00;1010.0666666666666;14.9;3.8000000000000003;0.2;2025-11-18 13:40:00;2
18-11-2025;13:50:00;1009.9;15.166666666666666;3.5666666666666664;0.0;2025-11-18 13:50:00;2
18-11-2025;14:00:00;1009.9333333333333;15.266666666666666;3.0;0.0;2025-11-18 14:00:00;2
18-11-2025;14:10:00;1009.9499999999999;15.249999999999998;2.8;0.0;2025-11-18 14:10:00;2
18-11-2025;17:50:00;1010.45;14.850000000000001;2.4;0.2;2025-11-18 17:50:00;2
18-11-2025;18:00:00;1010.5;14.866666666666667;2.5;0.4;2025-11-18 18:00:00;2
18-11-2025;18:10:00;1010.5333333333333;14.866666666666667;2.6333333333333333;0.0;2025-11-18 18:10:00;2
18-11-2025;18:20:00;1010.6999999999999;14.833333333333334;2.733333333333333;0.0;2025-11-18 18:20:00;2
18-11-2025;18:30:00;1010.8666666666667;14.8;2.966666666666667;0.4;2025-11-18 18:30:00;2
18-11-2025;18:40:00;1011.0333333333334;14.766666666666666;3.1;0.8;2025-11-18 18:40:00;2
18-11-2025;18:50:00;1011.1333333333333;14.733333333333334;3.1;4.0;2025-11-18 18:50:00;2
18-11-2025;19:00:00;1011.1666666666666;14.7;2.8333333333333335;2.2;2025-11-18 19:00:00;2
18-11-2025;19:10:00;1011.2;14.7;2.6666666666666665;0.8;2025-11-18 19:10:00;2
18-11-2025;19:20:00;1011.1333333333333;14.666666666666666;2.9;0.6;2025-11-18 19:20:00;2
18-11-2025;19:30:00;1011.2666666666668;14.633333333333333;3.0333333333333337;0.6;2025-11-18 19:30:00;2
18-11-2025;19:40:00;1011.3666666666667;14.633333333333333;3.1333333333333333;0.6;2025-11-18 19:40:00;2
18-11-2025;19:50:00;1011.5;14.666666666666666;2.566666666666667;1.0;2025-11-18 19:50:00;2
18-11-2025;20:00:00;1011.4333333333334;14.7;2.3000000000000003;0.6;2025-11-18 20:00:00;2
18-11-2025;20:10:00;1011.4333333333334;14.666666666666666;2.1;0.6;2025-11-18 20:10:00;2
18-11-2025;20:20:00;1011.5;14.6;2.1333333333333333;0.2;2025-11-18 20:20:00;2
18-11-2025;20:30:00;1011.5666666666666;14.5;1.9333333333333333;0.2;2025-11-18 20:30:00;2
18-11-2025;20:40:00;1011.5666666666666;14.4;1.8333333333333333;0.0;2025-11-18 20:40:00;2
18-11-2025;20:50:00;1011.5666666666666;14.333333333333334;1.9333333333333336;0.0;2025-11-18 20:50:00;2
18-11-2025;21:00:00;1011.55;14.3;2.1000000000000005;0.0;2025-11-18 21:00:00;2
19-11-2025;00:50:00;1011.4;13.8;2.65;0.2;2025-11-19 00:50:00;2
19-11-2025;01:00:00;1011.3333333333334;13.8;2.5666666666666664;0.0;2025-11-19 01:00:00;2
19-11-2025;01:10:00;1011.3333333333334;13.8;2.4;0.0;2025-11-19 01:10:00;2
19-11-2025;01:20:00;1011.3000000000001;13.8;2.3499999999999996;0.0;2025-11-19 01:20:00;2
19-11-2025;07:10:00;1011.1;12.95;3.4;0.2;2025-11-19 07:10:00;2
19-11-2025;07:20:00;1011.1333333333333;12.933333333333332;3.4333333333333336;0.2;2025-11-19 07:20:00;2
19-11-2025;07:30:00;1011.2333333333335;12.933333333333332;3.266666666666666;0.0;2025-11-19 07:30:00;2
19-11-2025;07:40:00;1011.3333333333334;12.933333333333335;3.266666666666667;2.4;2025-11-19 07:40:00;2
19-11-2025;07:50:00;1011.4333333333334;12.966666666666667;3.266666666666667;0.0;2025-11-19 07:50:00;2
19-11-2025;08:00:00;1011.4666666666666;13.0;3.633333333333333;0.0;2025-11-19 08:00:00;2
19-11-2025;08:10:00;1011.5;13.05;3.7499999999999996;0.0;2025-11-19 08:10:00;2
19-11-2025;22:00:00;1011.05;10.95;0.75;0.2;2025-11-19 22:00:00;2
19-11-2025;22:10:00;1011.0333333333333;10.933333333333332;0.5333333333333333;0.0;2025-11-19 22:10:00;2
19-11-2025;22:20:00;1011.0;10.866666666666667;0.7000000000000001;0.0;2025-11-19 22:20:00;2
19-11-2025;22:30:00;1011.0;10.9;0.8;0.0;2025-11-19 22:30:00;2
20-11-2025;05:10:00;1009.55;8.7;0.3;0.2;2025-11-20 05:10:00;2
20-11-2025;05:20:00;1009.5666666666666;8.733333333333334;0.19999999999999998;0.0;2025-11-20 05:20:00;2
20-11-2025;05:30:00;1009.5666666666666;8.766666666666667;0.03333333333333333;0.0;2025-11-20 05:30:00;2
20-11-2025;05:40:00;1009.55;8.850000000000001;0.0;0.0;2025-11-20 05:40:00;2
20-11-2025;10:00:00;1010.75;14.05;0.8;1.0;2025-11-20 10:00:00;2
20-11-2025;10:10:00;1010.6666666666666;14.166666666666666;1.0;3.4;2025-11-20 10:10:00;2
20-11-2025;10:20:00;1010.4666666666666;14.666666666666666;0.8666666666666667;1.2;2025-11-20 10:20:00;2
20-11-2025;10:30:00;1010.3000000000001;15.399999999999999;0.7000000000000001;0.2;2025-11-20 10:30:00;2
20-11-2025;10:40:00;1010.1666666666666;16.366666666666664;0.39999999999999997;0.0;2025-11-20 10:40:00;2
20-11-2025;10:50:00;1010.0666666666666;16.799999999999997;0.3;0.0;2025-11-20 10:50:00;2
20-11-2025;11:00:00;1010.05;17.099999999999998;0.35;0.0;2025-11-20 11:00:00;2
20-11-2025;13:30:00;1008.4;17.799999999999997;3.45;0.2;2025-11-20 13:30:00;2
20-11-2025;13:40:00;1008.3000000000001;17.599999999999998;3.0;3.2;2025-11-20 13:40:00;2
20-11-2025;13:50:00;1008.0666666666666;17.299999999999997;3.266666666666667;0.2;2025-11-20 13:50:00;2
20-11-2025;14:00:00;1007.8000000000001;17.333333333333332;3.1666666666666665;0.0;2025-11-20 14:00:00;2
20-11-2025;14:10:00;1007.5333333333334;17.566666666666666;3.9333333333333336;0.0;2025-11-20 14:10:00;2
20-11-2025;14:20:00;1007.45;17.700000000000003;3.8000000000000003;0.0;2025-11-20 14:20:00;2
20-11-2025;15:10:00;1008.25;15.95;6.35;0.4;2025-11-20 15:10:00;2
20-11-2025;15:20:00;1008.2333333333332;15.799999999999999;5.599999999999999;3.6;2025-11-20 15:20:00;2
20-11-2025;15:30:00;1008.2333333333332;15.466666666666667;4.466666666666666;1.6;2025-11-20 15:30:00;2
20-11-2025;15:40:00;1008.1666666666666;15.5;3.0666666666666664;0.4;2025-11-20 15:40:00;2
20-11-2025;15:50:00;1008.1999999999999;15.333333333333334;2.8000000000000003;0.2;2025-11-20 15:50:00;2
20-11-2025;16:00:00;1008.1666666666666;15.200000000000001;2.6666666666666665;3.4;2025-11-20 16:00:00;2
20-11-2025;16:10:00;1008.1666666666666;15.066666666666668;2.5666666666666664;0.4;2025-11-20 16:10:00;2
20-11-2025;16:20:00;1008.0333333333333;15.1;2.0;0.6;2025-11-20 16:20:00;2
20-11-2025;16:30:00;1007.9666666666667;15.166666666666666;1.8;0.4;2025-11-20 16:30:00;2
20-11-2025;16:40:00;1007.9;15.266666666666666;1.7666666666666666;0.6;2025-11-20 16:40:00;2
20-11-2025;16:50:00;1007.9666666666667;15.299999999999999;1.7;0.2;2025-11-20 16:50:00;2
20-11-2025;17:00:00;1008.0333333333333;15.233333333333334;1.6666666666666667;1.2;2025-11-20 17:00:00;2
20-11-2025;17:10:00;1008.0333333333333;15.133333333333333;1.7333333333333334;0.8;2025-11-20 17:10:00;2
20-11-2025;17:20:00;1007.8666666666668;15.033333333333331;2.166666666666667;0.8;2025-11-20 17:20:00;2
20-11-2025;17:30:00;1007.7333333333332;14.9;2.1666666666666665;0.6;2025-11-20 17:30:00;2
20-11-2025;17:40:00;1007.6666666666666;14.766666666666666;2.1666666666666665;0.4;2025-11-20 17:40:00;2
20-11-2025;17:50:00;1007.7333333333332;14.633333333333333;2.3333333333333335;0.4;2025-11-20 17:50:00;2
20-11-2025;18:00:00;1007.7666666666668;14.633333333333333;2.6666666666666665;0.4;2025-11-20 18:00:00;2
20-11-2025;18:10:00;1007.8333333333334;14.666666666666666;2.9333333333333336;0.4;2025-11-20 18:10:00;2
20-11-2025;18:20:00;1007.9333333333334;14.6;2.966666666666667;0.4;2025-11-20 18:20:00;2
20-11-2025;18:30:00;1008.0333333333333;14.566666666666668;3.1333333333333333;0.4;2025-11-20 18:30:00;2
20-11-2025;18:40:00;1008.0;14.466666666666667;3.233333333333333;0.4;2025-11-20 18:40:00;2
20-11-2025;18:50:00;1007.8666666666667;14.5;3.266666666666667;0.4;2025-11-20 18:50:00;2
20-11-2025;19:00:00;1007.7000000000002;14.433333333333332;3.1999999999999997;0.2;2025-11-20 19:00:00;2
20-11-2025;19:10:00;1007.6666666666666;14.6;3.133333333333333;0.2;2025-11-20 19:10:00;2
20-11-2025;19:20:00;1007.6666666666666;14.866666666666667;2.9333333333333336;0.2;2025-11-20 19:20:00;2
20-11-2025;19:30:00;1007.7;15.166666666666666;3.033333333333333;0.0;2025-11-20 19:30:00;2
20-11-2025;19:40:00;1007.7666666666668;15.233333333333334;3.4333333333333336;0.2;2025-11-20 19:40:00;2
20-11-2025;19:50:00;1007.8333333333334;15.199999999999998;3.9333333333333336;1.2;2025-11-20 19:50:00;2
20-11-2025;20:00:00;1007.9666666666667;15.233333333333334;4.333333333333333;1.6;2025-11-20 20:00:00;2
20-11-2025;20:10:00;1008.0333333333333;15.133333333333333;4.2;1.4;2025-11-20 20:10:00;2
20-11-2025;20:20:00;1008.1333333333333;15.0;3.633333333333334;0.6;2025-11-20 20:20:00;2
20-11-2025;20:30:00;1008.1666666666666;14.733333333333334;2.6999999999999997;0.8;2025-11-20 20:30:00;2
20-11-2025;20:40:00;1008.1;14.533333333333333;1.6666666666666667;0.4;2025-11-20 20:40:00;2
20-11-2025;20:50:00;1008.0666666666666;14.299999999999999;0.9333333333333335;0.8;2025-11-20 20:50:00;2
20-11-2025;21:00:00;1008.0333333333333;14.033333333333333;0.7999999999999999;0.4;2025-11-20 21:00:00;2
20-11-2025;21:10:00;1008.1333333333333;13.866666666666667;0.8333333333333334;0.2;2025-11-20 21:10:00;2
20-11-2025;21:20:00;1008.1333333333333;13.833333333333334;1.0666666666666667;0.4;2025-11-20 21:20:00;2
20-11-2025;21:30:00;1008.1666666666666;13.866666666666667;0.9333333333333332;1.2;2025-11-20 21:30:00;2
20-11-2025;21:40:00;1008.1666666666666;13.9;0.8666666666666667;0.6;2025-11-20 21:40:00;2
20-11-2025;21:50:00;1008.2;13.866666666666667;0.7333333333333334;0.4;2025-11-20 21:50:00;2
20-11-2025;22:00:00;1008.2;13.833333333333334;0.9333333333333332;0.6;2025-11-20 22:00:00;2
20-11-2025;22:10:00;1008.2333333333332;13.866666666666667;1.5;0.2;2025-11-20 22:10:00;2
20-11-2025;22:20:00;1008.3000000000001;13.9;1.9666666666666668;0.4;2025-11-20 22:20:00;2
20-11-2025;22:30:00;1008.2666666666668;13.966666666666667;2.1666666666666665;0.8;2025-11-20 22:30:00;2
20-11-2025;22:40:00;1008.1999999999999;13.966666666666667;2.533333333333333;1.2;2025-11-20 22:40:00;2
20-11-2025;22:50:00;1008.1999999999999;14.0;3.1999999999999997;0.4;2025-11-20 22:50:00;2
20-11-2025;23:00:00;1008.2666666666668;13.866666666666667;3.2999999999999994;0.6;2025-11-20 23:00:00;2
20-11-2025;23:10:00;1008.3000000000001;13.666666666666666;2.5666666666666664;0.8;2025-11-20 23:10:00;2
20-11-2025;23:20:00;1008.1333333333333;13.433333333333335;1.4666666666666668;0.0;2025-11-20 23:20:00;2
20-11-2025;23:30:00;1007.9666666666667;13.433333333333332;1.4666666666666668;0.0;2025-11-20 23:30:00;2
20-11-2025;23:40:00;1007.85;13.45;1.5500000000000003;0.0;2025-11-20 23:40:00;2
21-11-2025;00:40:00;1007.5;13.5;1.75;2.0;2025-11-21 00:40:00;2
21-11-2025;00:50:00;1007.5333333333333;13.433333333333332;1.7666666666666666;0.4;2025-11-21 00:50:00;2
21-11-2025;01:00:00;1007.5333333333334;13.4;1.8666666666666665;0.0;2025-11-21 01:00:00;2
21-11-2025;01:10:00;1007.5333333333333;13.466666666666667;1.8666666666666665;0.0;2025-11-21 01:10:00;2
21-11-2025;01:20:00;1007.5333333333334;13.566666666666668;1.7;0.4;2025-11-21 01:20:00;2
21-11-2025;01:30:00;1007.5333333333333;13.566666666666668;1.4333333333333333;0.6;2025-11-21 01:30:00;2
21-11-2025;01:40:00;1007.6;13.399999999999999;1.4333333333333336;2.2;2025-11-21 01:40:00;2
21-11-2025;01:50:00;1007.5333333333333;13.200000000000001;1.4666666666666668;1.6;2025-11-21 01:50:00;2
21-11-2025;02:00:00;1007.4666666666667;12.933333333333332;1.5333333333333332;0.8;2025-11-21 02:00:00;2
21-11-2025;02:10:00;1007.4;12.733333333333333;1.1666666666666667;0.2;2025-11-21 02:10:00;2
21-11-2025;02:20:00;1007.4;12.5;0.8666666666666667;0.2;2025-11-21 02:20:00;2
21-11-2025;02:30:00;1007.4666666666667;12.533333333333333;0.8333333333333334;0.0;2025-11-21 02:30:00;2
21-11-2025;02:40:00;1007.4666666666666;12.700000000000001;1.3666666666666665;0.2;2025-11-21 02:40:00;2
21-11-2025;02:50:00;1007.4333333333334;12.799999999999999;1.2666666666666668;0.6;2025-11-21 02:50:00;2
21-11-2025;03:00:00;1007.3000000000001;12.633333333333335;0.8666666666666668;0.4;2025-11-21 03:00:00;2
21-11-2025;03:10:00;1007.1;12.366666666666667;0.13333333333333333;0.4;2025-11-21 03:10:00;2
21-11-2025;03:20:00;1007.0;12.200000000000001;0.8333333333333334;0.2;2025-11-21 03:20:00;2
21-11-2025;03:30:00;1006.9333333333334;12.133333333333333;1.5;0.0;2025-11-21 03:30:00;2
21-11-2025;03:40:00;1007.0;12.1;1.9666666666666668;0.0;2025-11-21 03:40:00;2
21-11-2025;03:50:00;1007.0;12.1;1.8000000000000003;0.0;2025-11-21 03:50:00;2
21-11-2025;06:00:00;1006.9;11.65;1.35;2.8;2025-11-21 06:00:00;2
21-11-2025;06:10:00;1006.8333333333334;11.633333333333333;1.6000000000000003;2.0;2025-11-21 06:10:00;2
21-11-2025;06:20:00;1006.7666666666668;11.600000000000001;1.6666666666666667;0.2;2025-11-21 06:20:00;2
21-11-2025;06:30:00;1006.8333333333334;11.733333333333334;2.566666666666667;0.0;2025-11-21 06:30:00;2
21-11-2025;06:40:00;1006.9333333333334;11.833333333333334;3.0666666666666664;0.0;2025-11-21 06:40:00;2
21-11-2025;06:50:00;1007.0;11.933333333333335;3.3000000000000003;0.0;2025-11-21 06:50:00;2
21-11-2025;07:00:00;1007.0333333333333;12.1;3.733333333333333;0.2;2025-11-21 07:00:00;2
21-11-2025;07:10:00;1007.1;12.266666666666666;3.6666666666666665;0.0;2025-11-21 07:10:00;2
21-11-2025;07:20:00;1007.3000000000001;12.366666666666667;3.266666666666667;0.2;2025-11-21 07:20:00;2
21-11-2025;07:30:00;1007.5;12.366666666666667;2.466666666666667;0.6;2025-11-21 07:30:00;2
21-11-2025;07:40:00;1007.6666666666666;12.266666666666666;2.4;1.6;2025-11-21 07:40:00;2
21-11-2025;07:50:00;1007.7;12.166666666666666;2.8000000000000003;1.2;2025-11-21 07:50:00;2
21-11-2025;08:00:00;1007.7;12.133333333333333;3.733333333333334;0.8;2025-11-21 08:00:00;2
21-11-2025;08:10:00;1007.8333333333334;12.1;3.966666666666667;0.2;2025-11-21 08:10:00;2
21-11-2025;08:20:00;1008.0333333333333;12.0;3.3666666666666667;0.2;2025-11-21 08:20:00;2
21-11-2025;08:30:00;1008.1999999999999;11.833333333333334;2.033333333333333;0.8;2025-11-21 08:30:00;2
21-11-2025;08:40:00;1008.2666666666668;11.766666666666667;1.3333333333333333;0.6;2025-11-21 08:40:00;2
21-11-2025;08:50:00;1008.2333333333332;11.833333333333334;1.3666666666666665;0.2;2025-11-21 08:50:00;2
21-11-2025;09:00:00;1008.2000000000002;11.866666666666667;2.4;0.0;2025-11-21 09:00:00;2
21-11-2025;09:10:00;1008.1333333333333;11.866666666666667;3.0;0.0;2025-11-21 09:10:00;2
21-11-2025;09:20:00;1008.1;11.8;3.55;0.0;2025-11-21 09:20:00;2
21-11-2025;09:40:00;1008.55;11.6;2.45;0.6;2025-11-21 09:40:00;2
21-11-2025;09:50:00;1008.5;11.733333333333334;2.1999999999999997;0.2;2025-11-21 09:50:00;2
21-11-2025;10:00:00;1008.6;11.899999999999999;1.9333333333333333;0.0;2025-11-21 10:00:00;2
21-11-2025;10:10:00;1008.6;11.966666666666667;2.1333333333333333;0.0;2025-11-21 10:10:00;2
21-11-2025;10:20:00;1008.6333333333333;11.933333333333332;2.3666666666666667;0.0;2025-11-21 10:20:00;2
21-11-2025;10:30:00;1008.6666666666666;11.933333333333332;2.3000000000000003;0.2;2025-11-21 10:30:00;2
21-11-2025;10:40:00;1008.6666666666666;12.166666666666666;1.7666666666666666;0.0;2025-11-21 10:40:00;2
21-11-2025;10:50:00;1008.6666666666666;12.4;1.5;0.0;2025-11-21 10:50:00;2
21-11-2025;11:00:00;1008.6;12.55;1.5;0.0;2025-11-21 11:00:00;2
21-11-2025;11:20:00;1008.0;12.55;2.45;0.2;2025-11-21 11:20:00;2
21-11-2025;11:30:00;1008.0333333333333;12.533333333333333;2.3666666666666667;0.0;2025-11-21 11:30:00;2
21-11-2025;11:40:00;1008.1;12.433333333333332;2.0;0.0;2025-11-21 11:40:00;2
21-11-2025;11:50:00;1008.2333333333332;12.466666666666667;1.2666666666666668;0.2;2025-11-21 11:50:00;2
21-11-2025;12:00:00;1008.3666666666667;12.5;0.7000000000000001;0.0;2025-11-21 12:00:00;2
21-11-2025;12:10:00;1008.4;12.566666666666668;0.43333333333333335;0.0;2025-11-21 12:10:00;2
21-11-2025;12:20:00;1008.45;12.55;0.45;0.0;2025-11-21 12:20:00;2
21-11-2025;12:40:00;1008.4;12.6;1.2;0.2;2025-11-21 12:40:00;2
21-11-2025;12:50:00;1008.4;12.700000000000001;1.4000000000000001;0.0;2025-11-21 12:50:00;2
21-11-2025;13:00:00;1008.2666666666668;12.766666666666666;1.8666666666666665;0.0;2025-11-21 13:00:00;2
21-11-2025;13:10:00;1008.2500000000001;12.85;1.95;0.0;2025-11-21 13:10:00;2
21-11-2025;13:40:00;1008.2;13.25;1.55;0.2;2025-11-21 13:40:00;2
21-11-2025;13:50:00;1008.0666666666666;13.266666666666666;1.8;0.2;2025-11-21 13:50:00;2
21-11-2025;14:00:00;1007.8666666666667;13.266666666666666;2.466666666666667;0.0;2025-11-21 14:00:00;2
21-11-2025;14:10:00;1007.7333333333335;13.4;2.7999999999999994;0.0;2025-11-21 14:10:00;2
21-11-2025;14:20:00;1007.7;13.450000000000001;3.05;0.0;2025-11-21 14:20:00;2
21-11-2025;17:00:00;1008.3;12.0;3.1;0.2;2025-11-21 17:00:00;2
21-11-2025;17:10:00;1008.2666666666668;11.966666666666667;3.0;0.0;2025-11-21 17:10:00;2
21-11-2025;17:20:00;1008.3000000000001;11.9;2.733333333333333;0.0;2025-11-21 17:20:00;2
21-11-2025;17:30:00;1008.3000000000001;11.850000000000001;2.5999999999999996;0.0;2025-11-21 17:30:00;2
21-11-2025;19:10:00;1009.0;11.55;3.8000000000000003;0.2;2025-11-21 19:10:00;2
21-11-2025;19:20:00;1009.1666666666666;11.299999999999999;4.833333333333333;0.8;2025-11-21 19:20:00;2
21-11-2025;19:30:00;1009.2333333333332;10.866666666666667;5.466666666666668;1.6;2025-11-21 19:30:00;2
21-11-2025;19:40:00;1009.3666666666667;10.6;4.3;4.2;2025-11-21 19:40:00;2
21-11-2025;19:50:00;1009.3000000000001;10.466666666666667;2.533333333333333;0.2;2025-11-21 19:50:00;2
21-11-2025;20:00:00;1009.3000000000001;10.333333333333334;2.4;1.0;2025-11-21 20:00:00;2
21-11-2025;20:10:00;1009.2333333333332;10.266666666666667;3.233333333333334;0.4;2025-11-21 20:10:00;2
21-11-2025;20:20:00;1009.2333333333335;10.133333333333333;3.6666666666666674;0.2;2025-11-21 20:20:00;2
21-11-2025;20:30:00;1009.2666666666665;10.0;3.0;0.0;2025-11-21 20:30:00;2
21-11-2025;20:40:00;1009.3333333333334;9.933333333333332;1.8;0.0;2025-11-21 20:40:00;2
21-11-2025;20:50:00;1009.3333333333334;9.9;1.5999999999999999;0.2;2025-11-21 20:50:00;2
21-11-2025;21:00:00;1009.4;9.9;1.5999999999999999;0.0;2025-11-21 21:00:00;2
21-11-2025;21:10:00;1009.3666666666667;9.866666666666667;1.7333333333333332;0.2;2025-11-21 21:10:00;2
21-11-2025;21:20:00;1009.3333333333334;9.833333333333334;1.4666666666666668;0.2;2025-11-21 21:20:00;2
21-11-2025;21:30:00;1009.1666666666666;9.8;1.5999999999999999;0.2;2025-11-21 21:30:00;2
21-11-2025;21:40:00;1009.0333333333333;9.8;2.1666666666666665;0.0;2025-11-21 21:40:00;2
21-11-2025;21:50:00;1008.9333333333334;9.866666666666667;2.766666666666667;0.0;2025-11-21 21:50:00;2
21-11-2025;22:00:00;1008.9333333333334;9.9;3.1999999999999997;1.0;2025-11-21 22:00:00;2
21-11-2025;22:10:00;1009.0333333333333;9.933333333333332;3.1;0.0;2025-11-21 22:10:00;2
21-11-2025;22:20:00;1009.1666666666666;9.833333333333334;2.6;0.0;2025-11-21 22:20:00;2
21-11-2025;22:30:00;1009.3000000000001;9.766666666666666;2.1;0.2;2025-11-21 22:30:00;2
21-11-2025;22:40:00;1009.3666666666667;9.733333333333334;1.9666666666666668;0.2;2025-11-21 22:40:00;2
21-11-2025;22:50:00;1009.3333333333334;9.733333333333333;2.3000000000000003;0.2;2025-11-21 22:50:00;2
21-11-2025;23:00:00;1009.2666666666668;9.733333333333334;2.6;0.0;2025-11-21 23:00:00;2
21-11-2025;23:10:00;1009.1333333333333;9.7;2.6666666666666665;0.0;2025-11-21 23:10:00;2
21-11-2025;23:20:00;1009.1;9.7;2.6;0.0;2025-11-21 23:20:00;2
22-11-2025;01:00:00;1008.65;9.8;4.0;0.2;2025-11-22 01:00:00;2
22-11-2025;01:10:00;1008.8333333333334;9.6;4.2;0.8;2025-11-22 01:10:00;2
22-11-2025;01:20:00;1008.9333333333334;9.266666666666666;4.633333333333334;0.4;2025-11-22 01:20:00;2
22-11-2025;01:30:00;1008.8333333333334;9.166666666666666;4.033333333333333;0.4;2025-11-22 01:30:00;2
22-11-2025;01:40:00;1008.5333333333333;9.2;3.3666666666666667;0.2;2025-11-22 01:40:00;2
22-11-2025;01:50:00;1008.3333333333334;9.200000000000001;3.3000000000000003;0.0;2025-11-22 01:50:00;2
22-11-2025;02:00:00;1008.2666666666668;9.1;3.4;0.2;2025-11-22 02:00:00;2
22-11-2025;02:10:00;1008.3000000000001;8.933333333333334;3.866666666666667;0.0;2025-11-22 02:10:00;2
22-11-2025;02:20:00;1008.3000000000001;8.8;3.9666666666666663;0.0;2025-11-22 02:20:00;2
22-11-2025;02:30:00;1008.3000000000001;8.75;4.0;0.0;2025-11-22 02:30:00;2
22-11-2025;04:00:00;1008.9;9.149999999999999;1.1;0.2;2025-11-22 04:00:00;2
22-11-2025;04:10:00;1009.0;9.166666666666666;1.5;0.4;2025-11-22 04:10:00;2
22-11-2025;04:20:00;1009.1999999999999;9.133333333333333;2.1666666666666665;0.0;2025-11-22 04:20:00;2
22-11-2025;04:30:00;1009.3333333333334;9.033333333333333;2.8000000000000003;0.0;2025-11-22 04:30:00;2
22-11-2025;04:40:00;1009.4;8.95;3.0500000000000003;0.0;2025-11-22 04:40:00;2
22-11-2025;06:40:00;1009.7;8.2;1.5;0.2;2025-11-22 06:40:00;2
22-11-2025;06:50:00;1009.8333333333334;8.299999999999999;1.4000000000000001;0.0;2025-11-22 06:50:00;2
22-11-2025;07:00:00;1010.1666666666666;8.466666666666667;1.3666666666666665;0.0;2025-11-22 07:00:00;2
22-11-2025;07:10:00;1010.4666666666667;8.366666666666667;2.2666666666666666;0.2;2025-11-22 07:10:00;2
22-11-2025;07:20:00;1010.4666666666667;8.233333333333334;2.6666666666666665;1.6;2025-11-22 07:20:00;2
22-11-2025;07:30:00;1010.3666666666668;8.0;4.1000000000000005;0.6;2025-11-22 07:30:00;2
22-11-2025;07:40:00;1010.2666666666665;7.8999999999999995;3.866666666666667;0.2;2025-11-22 07:40:00;2
22-11-2025;07:50:00;1010.3666666666667;7.933333333333333;4.1000000000000005;0.0;2025-11-22 07:50:00;2
22-11-2025;08:00:00;1010.3666666666667;8.166666666666666;3.0;0.0;2025-11-22 08:00:00;2
22-11-2025;08:10:00;1010.3499999999999;8.4;2.6;0.0;2025-11-22 08:10:00;2
22-11-2025;13:00:00;1010.95;10.55;3.5;0.2;2025-11-22 13:00:00;2
22-11-2025;13:10:00;1010.9333333333334;10.333333333333334;3.8000000000000003;0.2;2025-11-22 13:10:00;2
22-11-2025;13:20:00;1010.8333333333334;10.0;4.5;0.0;2025-11-22 13:20:00;2
22-11-2025;13:30:00;1010.6666666666666;9.799999999999999;5.133333333333334;0.2;2025-11-22 13:30:00;2
22-11-2025;13:40:00;1010.3666666666667;9.666666666666666;5.8;0.0;2025-11-22 13:40:00;2
22-11-2025;13:50:00;1010.1333333333333;9.566666666666665;5.766666666666667;0.0;2025-11-22 13:50:00;2
22-11-2025;14:00:00;1010.0;9.5;5.75;0.0;2025-11-22 14:00:00;2
22-11-2025;14:30:00;1011.05;9.65;4.449999999999999;0.2;2025-11-22 14:30:00;2
22-11-2025;14:40:00;1011.1;9.533333333333333;5.333333333333333;0.4;2025-11-22 14:40:00;2
22-11-2025;14:50:00;1011.1666666666666;9.266666666666667;6.633333333333333;0.6;2025-11-22 14:50:00;2
22-11-2025;15:00:00;1011.2;9.200000000000001;7.599999999999999;0.2;2025-11-22 15:00:00;2
22-11-2025;15:10:00;1011.3000000000001;9.033333333333333;7.366666666666667;0.2;2025-11-22 15:10:00;2
22-11-2025;15:20:00;1011.4333333333334;8.9;6.166666666666667;0.4;2025-11-22 15:20:00;2
22-11-2025;15:30:00;1011.6;8.666666666666666;4.533333333333334;0.2;2025-11-22 15:30:00;2
22-11-2025;15:40:00;1011.6999999999999;8.633333333333333;3.4333333333333336;0.2;2025-11-22 15:40:00;2
22-11-2025;15:50:00;1011.7666666666668;8.666666666666666;3.0333333333333337;0.0;2025-11-22 15:50:00;2
22-11-2025;16:00:00;1011.8;8.633333333333333;2.9666666666666672;0.2;2025-11-22 16:00:00;2
22-11-2025;16:10:00;1011.7333333333332;8.5;2.733333333333334;0.4;2025-11-22 16:10:00;2
22-11-2025;16:20:00;1011.4666666666667;8.366666666666667;2.0333333333333337;0.6;2025-11-22 16:20:00;2
22-11-2025;16:30:00;1011.1999999999999;8.266666666666667;2.0333333333333337;0.2;2025-11-22 16:30:00;2
22-11-2025;16:40:00;1011.0;8.233333333333333;2.266666666666667;0.0;2025-11-22 16:40:00;2
22-11-2025;16:50:00;1011.0;8.2;3.1666666666666674;0.0;2025-11-22 16:50:00;2
22-11-2025;17:00:00;1011.0;8.2;3.4500000000000006;0.0;2025-11-22 17:00:00;2
22-11-2025;22:20:00;1013.3;5.05;2.5;0.2;2025-11-22 22:20:00;2
22-11-2025;22:30:00;1013.4;5.0;2.433333333333333;0.0;2025-11-22 22:30:00;2
22-11-2025;22:40:00;1013.5666666666666;4.8999999999999995;2.3666666666666667;0.0;2025-11-22 22:40:00;2
22-11-2025;22:50:00;1013.6499999999999;4.8;2.25;0.0;2025-11-22 22:50:00;2
24-11-2025;05:50:00;1017.25;7.0;2.2;0.2;2025-11-24 05:50:00;2
24-11-2025;06:00:00;1017.2666666666668;7.0;2.066666666666667;0.4;2025-11-24 06:00:00;2
24-11-2025;06:10:00;1017.2333333333332;7.0;1.8333333333333333;0.0;2025-11-24 06:10:00;2
24-11-2025;06:20:00;1017.1;6.966666666666666;1.8333333333333333;0.0;2025-11-24 06:20:00;2
24-11-2025;06:30:00;1017.0000000000001;6.949999999999999;1.85;0.0;2025-11-24 06:30:00;2
24-11-2025;10:30:00;1015.6;12.55;2.2;0.2;2025-11-24 10:30:00;2
24-11-2025;10:40:00;1015.6;12.9;2.1;0.0;2025-11-24 10:40:00;2
24-11-2025;10:50:00;1015.5333333333334;13.066666666666668;2.4333333333333336;0.0;2025-11-24 10:50:00;2
24-11-2025;11:00:00;1015.5000000000001;13.25;2.5500000000000003;0.0;2025-11-24 11:00:00;2
24-11-2025;13:40:00;1012.2;16.15;6.7;1.4;2025-11-24 13:40:00;2
24-11-2025;13:50:00;1012.3000000000001;15.933333333333332;6.766666666666667;0.4;2025-11-24 13:50:00;2
24-11-2025;14:00:00;1012.3000000000001;15.666666666666666;6.766666666666667;0.4;2025-11-24 14:00:00;2
24-11-2025;14:10:00;1012.4;15.299999999999999;6.166666666666667;0.2;2025-11-24 14:10:00;2
24-11-2025;14:20:00;1012.3333333333334;15.133333333333333;5.566666666666666;0.6;2025-11-24 14:20:00;2
24-11-2025;14:30:00;1012.3666666666667;14.800000000000002;5.0;0.8;2025-11-24 14:30:00;2
24-11-2025;14:40:00;1012.2333333333332;14.600000000000001;4.366666666666666;0.6;2025-11-24 14:40:00;2
24-11-2025;14:50:00;1012.0666666666666;14.466666666666669;3.6666666666666665;1.2;2025-11-24 14:50:00;2
24-11-2025;15:00:00;1011.8666666666667;14.633333333333333;3.466666666666667;1.0;2025-11-24 15:00:00;2
24-11-2025;15:10:00;1011.7333333333335;14.9;3.9;0.8;2025-11-24 15:10:00;2
24-11-2025;15:20:00;1011.8333333333334;15.033333333333333;4.766666666666667;0.2;2025-11-24 15:20:00;2
24-11-2025;15:30:00;1011.9333333333334;15.133333333333333;5.366666666666666;0.2;2025-11-24 15:30:00;2
24-11-2025;15:40:00;1011.9333333333334;15.066666666666665;4.966666666666667;0.8;2025-11-24 15:40:00;2
24-11-2025;15:50:00;1011.7333333333332;15.133333333333333;4.7;0.6;2025-11-24 15:50:00;2
24-11-2025;16:00:00;1011.5666666666666;15.266666666666666;4.233333333333333;0.2;2025-11-24 16:00:00;2
24-11-2025;16:10:00;1011.5;15.533333333333333;4.8;0.0;2025-11-24 16:10:00;2
24-11-2025;16:20:00;1011.5;15.766666666666666;4.833333333333333;0.0;2025-11-24 16:20:00;2
24-11-2025;16:30:00;1011.4666666666667;15.933333333333332;4.966666666666666;0.2;2025-11-24 16:30:00;2
24-11-2025;16:40:00;1011.4333333333334;16.133333333333333;4.566666666666666;0.0;2025-11-24 16:40:00;2
24-11-2025;16:50:00;1011.4333333333334;16.366666666666667;4.566666666666666;0.0;2025-11-24 16:50:00;2
24-11-2025;17:00:00;1011.45;16.5;4.5;0.0;2025-11-24 17:00:00;2
24-11-2025;17:20:00;1011.45;16.35;5.2;0.2;2025-11-24 17:20:00;2
24-11-2025;17:30:00;1011.4333333333334;16.400000000000002;5.133333333333334;0.2;2025-11-24 17:30:00;2
24-11-2025;17:40:00;1011.4;16.46666666666667;5.0;0.0;2025-11-24 17:40:00;2
24-11-2025;17:50:00;1011.3333333333334;16.6;4.833333333333333;0.0;2025-11-24 17:50:00;2
24-11-2025;18:00:00;1011.3000000000001;16.65;4.75;0.0;2025-11-24 18:00:00;2
25-11-2025;05:10:00;1005.0;16.65;4.95;0.8;2025-11-25 05:10:00;2
25-11-2025;05:20:00;1004.9333333333334;16.633333333333336;4.833333333333333;0.0;2025-11-25 05:20:00;2
25-11-2025;05:30:00;1004.7666666666668;16.6;4.7;0.0;2025-11-25 05:30:00;2
25-11-2025;05:40:00;1004.7;16.65;4.8;0.0;2025-11-25 05:40:00;2
25-11-2025;09:10:00;1003.9;18.4;5.199999999999999;0.2;2025-11-25 09:10:00;2
25-11-2025;09:20:00;1003.9333333333334;18.466666666666665;5.166666666666667;0.0;2025-11-25 09:20:00;2
25-11-2025;09:30:00;1004.0333333333333;18.633333333333333;5.133333333333333;0.0;2025-11-25 09:30:00;2
25-11-2025;09:40:00;1004.1;18.75;5.049999999999999;0.0;2025-11-25 09:40:00;2
25-11-2025;13:10:00;1000.6;17.549999999999997;5.699999999999999;0.2;2025-11-25 13:10:00;2
25-11-2025;13:20:00;1000.3666666666667;17.066666666666666;5.966666666666666;2.2;2025-11-25 13:20:00;2
25-11-2025;13:30:00;1000.0;16.5;6.833333333333333;2.8;2025-11-25 13:30:00;2
25-11-2025;13:40:00;999.5;16.400000000000002;7.266666666666666;0.2;2025-11-25 13:40:00;2
25-11-2025;13:50:00;999.1999999999999;16.666666666666668;7.633333333333333;0.4;2025-11-25 13:50:00;2
25-11-2025;14:00:00;999.0666666666666;16.833333333333332;7.333333333333333;0.0;2025-11-25 14:00:00;2
25-11-2025;14:10:00;999.2333333333332;16.566666666666666;6.866666666666667;0.0;2025-11-25 14:10:00;2
25-11-2025;14:20:00;999.5333333333333;16.23333333333333;5.6000000000000005;3.6;2025-11-25 14:20:00;2
25-11-2025;14:30:00;999.8333333333334;15.666666666666666;5.666666666666667;6.2;2025-11-25 14:30:00;2
25-11-2025;14:40:00;999.9666666666667;15.299999999999999;5.5;1.6;2025-11-25 14:40:00;2
25-11-2025;14:50:00;1000.0333333333333;15.0;5.933333333333333;0.2;2025-11-25 14:50:00;2
25-11-2025;15:00:00;1000.1;14.799999999999999;5.366666666666666;0.2;2025-11-25 15:00:00;2
25-11-2025;15:10:00;1000.2333333333332;14.766666666666666;5.3;1.0;2025-11-25 15:10:00;2
25-11-2025;15:20:00;1000.2333333333332;14.700000000000001;5.033333333333333;0.8;2025-11-25 15:20:00;2
25-11-2025;15:30:00;1000.2333333333332;14.633333333333333;4.833333333333333;0.6;2025-11-25 15:30:00;2
25-11-2025;15:40:00;1000.2666666666668;14.733333333333334;4.6000000000000005;0.2;2025-11-25 15:40:00;2
25-11-2025;15:50:00;1000.4;14.700000000000001;4.566666666666666;0.0;2025-11-25 15:50:00;2
25-11-2025;16:00:00;1000.4;14.733333333333334;3.9000000000000004;0.8;2025-11-25 16:00:00;2
25-11-2025;16:10:00;1000.3666666666667;14.6;3.4333333333333336;0.4;2025-11-25 16:10:00;2
25-11-2025;16:20:00;1000.3666666666667;14.533333333333331;2.766666666666667;0.0;2025-11-25 16:20:00;2
25-11-2025;16:30:00;1000.4666666666667;14.566666666666668;2.3666666666666667;0.0;2025-11-25 16:30:00;2
25-11-2025;16:40:00;1000.5666666666666;14.6;2.4;0.8;2025-11-25 16:40:00;2
25-11-2025;16:50:00;1000.6;14.566666666666668;3.1333333333333333;0.4;2025-11-25 16:50:00;2
25-11-2025;17:00:00;1000.6333333333333;14.333333333333334;3.8333333333333335;0.4;2025-11-25 17:00:00;2
25-11-2025;17:10:00;1000.6;14.133333333333333;3.1;0.8;2025-11-25 17:10:00;2
25-11-2025;17:20:00;1000.6333333333333;13.966666666666667;1.8666666666666665;0.4;2025-11-25 17:20:00;2
25-11-2025;17:30:00;1000.7333333333335;13.933333333333332;1.0333333333333334;0.0;2025-11-25 17:30:00;2
25-11-2025;17:40:00;1000.9;13.799999999999999;1.2333333333333334;0.0;2025-11-25 17:40:00;2
25-11-2025;17:50:00;1001.0;13.733333333333334;1.6666666666666667;0.2;2025-11-25 17:50:00;2
25-11-2025;18:00:00;1001.0666666666666;13.733333333333334;1.9333333333333333;0.2;2025-11-25 18:00:00;2
25-11-2025;18:10:00;1001.1333333333333;13.766666666666666;3.2999999999999994;0.4;2025-11-25 18:10:00;2
25-11-2025;18:20:00;1001.2333333333332;13.733333333333334;4.266666666666667;1.6;2025-11-25 18:20:00;2
25-11-2025;18:30:00;1001.3;13.6;5.566666666666666;0.8;2025-11-25 18:30:00;2
25-11-2025;18:40:00;1001.4;13.566666666666668;5.866666666666667;0.4;2025-11-25 18:40:00;2
25-11-2025;18:50:00;1001.5666666666666;13.6;6.233333333333334;0.4;2025-11-25 18:50:00;2
25-11-2025;19:00:00;1001.8333333333334;13.766666666666666;6.366666666666667;0.0;2025-11-25 19:00:00;2
25-11-2025;19:10:00;1001.9666666666667;13.833333333333334;5.8999999999999995;0.2;2025-11-25 19:10:00;2
25-11-2025;19:20:00;1002.0666666666666;13.9;5.733333333333333;0.6;2025-11-25 19:20:00;2
25-11-2025;19:30:00;1002.0333333333334;13.799999999999999;5.1000000000000005;0.2;2025-11-25 19:30:00;2
25-11-2025;19:40:00;1002.0666666666667;13.766666666666666;4.733333333333333;0.4;2025-11-25 19:40:00;2
25-11-2025;19:50:00;1002.0666666666666;13.733333333333334;4.1;0.2;2025-11-25 19:50:00;2
25-11-2025;20:00:00;1002.1333333333333;13.733333333333333;4.033333333333333;0.8;2025-11-25 20:00:00;2
25-11-2025;20:10:00;1002.1666666666666;13.766666666666667;3.9;0.4;2025-11-25 20:10:00;2
25-11-2025;20:20:00;1002.3333333333334;13.699999999999998;3.8666666666666667;0.4;2025-11-25 20:20:00;2
25-11-2025;20:30:00;1002.4666666666667;13.566666666666668;3.533333333333333;0.4;2025-11-25 20:30:00;2
25-11-2025;20:40:00;1002.6333333333333;13.4;3.033333333333333;0.8;2025-11-25 20:40:00;2
25-11-2025;20:50:00;1002.6666666666666;13.333333333333334;2.6999999999999997;0.4;2025-11-25 20:50:00;2
25-11-2025;21:00:00;1002.7333333333332;13.366666666666667;2.6666666666666665;0.4;2025-11-25 21:00:00;2
25-11-2025;21:10:00;1002.7333333333332;13.333333333333334;1.9666666666666668;0.4;2025-11-25 21:10:00;2
25-11-2025;21:20:00;1002.7333333333332;13.200000000000001;1.7333333333333334;0.2;2025-11-25 21:20:00;2
25-11-2025;21:30:00;1002.6;13.033333333333333;1.6666666666666667;0.2;2025-11-25 21:30:00;2
25-11-2025;21:40:00;1002.5666666666666;12.9;2.6333333333333333;0.0;2025-11-25 21:40:00;2
25-11-2025;21:50:00;1002.5333333333333;12.799999999999999;2.6666666666666665;0.2;2025-11-25 21:50:00;2
25-11-2025;22:00:00;1002.6333333333333;12.666666666666666;2.3;0.0;2025-11-25 22:00:00;2
25-11-2025;22:10:00;1002.6666666666666;12.6;1.8666666666666665;0.0;2025-11-25 22:10:00;2
25-11-2025;22:20:00;1002.7;12.55;1.8499999999999999;0.0;2025-11-25 22:20:00;2
26-11-2025;04:40:00;1004.95;10.1;0.75;0.2;2025-11-26 04:40:00;2
26-11-2025;04:50:00;1004.9666666666667;9.933333333333332;0.7999999999999999;0.0;2025-11-26 04:50:00;2
26-11-2025;05:00:00;1005.0;9.700000000000001;0.9666666666666667;0.0;2025-11-26 05:00:00;2
26-11-2025;05:10:00;1005.0;9.450000000000001;0.8;0.0;2025-11-26 05:10:00;2
26-11-2025;05:50:00;1005.25;10.45;0.55;0.2;2025-11-26 05:50:00;2
26-11-2025;06:00:00;1005.1666666666666;10.5;0.43333333333333335;0.4;2025-11-26 06:00:00;2
26-11-2025;06:10:00;1005.0666666666666;10.5;0.7000000000000001;0.0;2025-11-26 06:10:00;2
26-11-2025;06:20:00;1005.1666666666666;10.466666666666667;1.2333333333333334;0.0;2025-11-26 06:20:00;2
26-11-2025;06:30:00;1005.25;10.4;1.75;0.0;2025-11-26 06:30:00;2
26-11-2025;07:50:00;1005.85;10.350000000000001;0.5;0.2;2025-11-26 07:50:00;2
26-11-2025;08:00:00;1005.8666666666667;10.433333333333334;0.43333333333333335;0.0;2025-11-26 08:00:00;2
26-11-2025;08:10:00;1005.9;10.633333333333333;0.5666666666666667;0.0;2025-11-26 08:10:00;2
26-11-2025;08:20:00;1005.9999999999999;10.75;0.44999999999999996;0.0;2025-11-26 08:20:00;2
26-11-2025;08:40:00;1006.8;11.0;2.45;1.0;2025-11-26 08:40:00;2
26-11-2025;08:50:00;1006.6999999999999;11.233333333333334;2.1;2.0;2025-11-26 08:50:00;2
26-11-2025;09:00:00;1006.5666666666666;11.299999999999999;1.9333333333333333;0.0;2025-11-26 09:00:00;2
26-11-2025;09:10:00;1006.5666666666667;11.566666666666668;1.133333333333333;0.0;2025-11-26 09:10:00;2
26-11-2025;09:20:00;1006.6;11.500000000000002;0.9999999999999998;0.0;2025-11-26 09:20:00;2
26-11-2025;10:30:00;1006.8;12.8;2.2;0.2;2025-11-26 10:30:00;2
26-11-2025;10:40:00;1006.7666666666668;13.1;2.3666666666666667;0.0;2025-11-26 10:40:00;2
26-11-2025;10:50:00;1006.6999999999999;13.366666666666667;2.4;0.0;2025-11-26 10:50:00;2
26-11-2025;11:00:00;1006.8000000000001;13.5;1.8666666666666665;0.0;2025-11-26 11:00:00;2
26-11-2025;11:10:00;1006.9666666666667;12.933333333333332;1.9666666666666668;0.4;2025-11-26 11:10:00;2
26-11-2025;11:20:00;1007.0333333333334;12.533333333333333;1.3333333333333333;2.0;2025-11-26 11:20:00;2
26-11-2025;11:30:00;1007.0;12.333333333333334;1.1666666666666667;0.2;2025-11-26 11:30:00;2
26-11-2025;11:40:00;1006.8666666666667;12.566666666666668;0.6333333333333333;0.0;2025-11-26 11:40:00;2
26-11-2025;11:50:00;1006.8666666666667;12.666666666666666;0.6333333333333333;0.2;2025-11-26 11:50:00;2
26-11-2025;12:00:00;1006.8666666666667;12.666666666666666;0.6;0.0;2025-11-26 12:00:00;2
26-11-2025;12:10:00;1006.9333333333334;12.533333333333331;0.5666666666666668;0.0;2025-11-26 12:10:00;2
26-11-2025;12:20:00;1006.7333333333332;12.266666666666666;1.9333333333333336;0.0;2025-11-26 12:20:00;2
26-11-2025;12:30:00;1006.4666666666667;11.866666666666667;3.233333333333334;0.2;2025-11-26 12:30:00;2
26-11-2025;12:40:00;1006.3000000000001;11.766666666666666;3.466666666666667;0.2;2025-11-26 12:40:00;2
26-11-2025;12:50:00;1006.3333333333334;11.933333333333332;2.6333333333333333;0.0;2025-11-26 12:50:00;2
26-11-2025;13:00:00;1006.3333333333334;12.200000000000001;2.3333333333333335;0.0;2025-11-26 13:00:00;2
26-11-2025;13:10:00;1006.25;12.3;2.5;0.0;2025-11-26 13:10:00;2
26-11-2025;19:40:00;1007.25;10.45;4.05;0.6;2025-11-26 19:40:00;2
26-11-2025;19:50:00;1007.2666666666668;10.4;4.166666666666667;0.6;2025-11-26 19:50:00;2
26-11-2025;20:00:00;1007.3333333333334;10.366666666666667;4.133333333333334;1.0;2025-11-26 20:00:00;2
26-11-2025;20:10:00;1007.3333333333334;10.266666666666667;3.9000000000000004;1.2;2025-11-26 20:10:00;2
26-11-2025;20:20:00;1007.3333333333334;10.166666666666666;3.4333333333333336;0.8;2025-11-26 20:20:00;2
26-11-2025;20:30:00;1007.3;10.0;2.966666666666667;0.4;2025-11-26 20:30:00;2
26-11-2025;20:40:00;1007.2666666666668;9.799999999999999;2.4000000000000004;0.2;2025-11-26 20:40:00;2
26-11-2025;20:50:00;1007.1999999999999;9.7;1.9666666666666668;0.4;2025-11-26 20:50:00;2
26-11-2025;21:00:00;1007.1;9.666666666666666;1.9666666666666668;0.4;2025-11-26 21:00:00;2
26-11-2025;21:10:00;1006.9;9.666666666666666;2.6333333333333333;0.4;2025-11-26 21:10:00;2
26-11-2025;21:20:00;1006.7666666666668;9.6;3.3000000000000003;0.2;2025-11-26 21:20:00;2
26-11-2025;21:30:00;1006.6333333333333;9.533333333333333;4.033333333333333;0.2;2025-11-26 21:30:00;2
26-11-2025;21:40:00;1006.6666666666666;9.5;4.3;0.0;2025-11-26 21:40:00;2
26-11-2025;21:50:00;1006.6333333333333;9.5;4.7;0.0;2025-11-26 21:50:00;2
26-11-2025;22:00:00;1006.6500000000001;9.5;4.75;0.0;2025-11-26 22:00:00;2
30-11-2025;01:40:00;1014.5;4.65;1.3;0.2;2025-11-30 01:40:00;2
30-11-2025;01:50:00;1014.5;4.633333333333333;1.5;0.0;2025-11-30 01:50:00;2
30-11-2025;02:00:00;1014.5666666666666;4.6;1.7333333333333334;0.0;2025-11-30 02:00:00;2
30-11-2025;02:10:00;1014.5999999999999;4.6;1.8;0.0;2025-11-30 02:10:00;2
30-11-2025;23:40:00;1018.3;4.6;1.4;0.2;2025-11-30 23:40:00;2
30-11-2025;23:50:00;1018.3;4.7;1.5333333333333332;0.0;2025-11-30 23:50:00;2
01-12-2025;00:00:00;1018.3;4.833333333333333;1.7666666666666668;0.0;2025-12-01 00:00:00;2
01-12-2025;00:10:00;1018.3;4.95;1.9500000000000004;0.0;2025-12-01 00:10:00;2
01-12-2025;17:00:00;1018.45;13.05;2.45;0.2;2025-12-01 17:00:00;2
01-12-2025;17:10:00;1018.4333333333334;12.866666666666667;2.5333333333333337;0.0;2025-12-01 17:10:00;2
01-12-2025;17:20:00;1018.3666666666667;12.6;2.6333333333333333;0.0;2025-12-01 17:20:00;2
01-12-2025;17:30:00;1018.4;12.4;2.4;0.0;2025-12-01 17:30:00;2
01-12-2025;17:40:00;1018.4;12.266666666666667;2.1333333333333333;0.2;2025-12-01 17:40:00;2
01-12-2025;17:50:00;1018.4;12.133333333333333;1.8666666666666665;0.0;2025-12-01 17:50:00;2
01-12-2025;18:00:00;1018.4666666666667;12.033333333333333;1.9333333333333333;0.2;2025-12-01 18:00:00;2
01-12-2025;18:10:00;1018.5666666666666;12.0;1.9333333333333333;0.0;2025-12-01 18:10:00;2
01-12-2025;18:20:00;1018.7333333333332;11.966666666666667;2.033333333333333;1.2;2025-12-01 18:20:00;2
01-12-2025;18:30:00;1018.8333333333334;11.933333333333332;1.7666666666666664;1.2;2025-12-01 18:30:00;2
01-12-2025;18:40:00;1018.9;11.866666666666667;1.6666666666666667;1.6;2025-12-01 18:40:00;2
01-12-2025;18:50:00;1018.9;11.799999999999999;1.4333333333333333;0.8;2025-12-01 18:50:00;2
01-12-2025;19:00:00;1018.8666666666667;11.700000000000001;1.5;0.8;2025-12-01 19:00:00;2
01-12-2025;19:10:00;1018.8333333333334;11.633333333333333;1.5666666666666664;0.4;2025-12-01 19:10:00;2
01-12-2025;19:20:00;1018.8;11.533333333333333;1.5999999999999999;0.4;2025-12-01 19:20:00;2
01-12-2025;19:30:00;1018.7666666666668;11.466666666666667;1.633333333333333;0.2;2025-12-01 19:30:00;2
01-12-2025;19:40:00;1018.7666666666665;11.366666666666667;1.3666666666666665;0.0;2025-12-01 19:40:00;2
01-12-2025;19:50:00;1018.7666666666668;11.333333333333334;1.0333333333333332;0.0;2025-12-01 19:50:00;2
01-12-2025;20:00:00;1018.8;11.3;0.6999999999999998;0.0;2025-12-01 20:00:00;2
01-12-2025;21:30:00;1018.8499999999999;11.25;0.25;0.2;2025-12-01 21:30:00;2
01-12-2025;21:40:00;1018.8666666666667;11.200000000000001;0.16666666666666666;0.2;2025-12-01 21:40:00;2
01-12-2025;21:50:00;1018.8666666666667;11.166666666666666;0.16666666666666666;0.2;2025-12-01 21:50:00;2
01-12-2025;22:00:00;1018.7999999999998;11.133333333333333;0.6;0.2;2025-12-01 22:00:00;2
01-12-2025;22:10:00;1018.6999999999999;11.133333333333333;1.2333333333333334;0.0;2025-12-01 22:10:00;2
01-12-2025;22:20:00;1018.6333333333333;11.1;1.6333333333333335;0.2;2025-12-01 22:20:00;2
01-12-2025;22:30:00;1018.5333333333333;11.166666666666666;1.4000000000000001;0.0;2025-12-01 22:30:00;2
01-12-2025;22:40:00;1018.4666666666667;11.233333333333334;1.2333333333333332;0.0;2025-12-01 22:40:00;2
01-12-2025;22:50:00;1018.4;11.3;1.0;0.0;2025-12-01 22:50:00;2
02-12-2025;01:20:00;1017.6500000000001;10.5;0.8500000000000001;0.2;2025-12-02 01:20:00;2
02-12-2025;01:30:00;1017.5333333333333;10.466666666666667;1.0999999999999999;0.2;2025-12-02 01:30:00;2
02-12-2025;01:40:00;1017.3666666666667;10.466666666666667;1.6333333333333335;0.2;2025-12-02 01:40:00;2
02-12-2025;01:50:00;1017.2333333333335;10.5;1.7;0.0;2025-12-02 01:50:00;2
02-12-2025;02:00:00;1017.2333333333332;10.566666666666668;1.7;0.0;2025-12-02 02:00:00;2
02-12-2025;02:10:00;1017.25;10.6;1.5499999999999998;0.0;2025-12-02 02:10:00;2
02-12-2025;08:50:00;1016.3;10.25;3.05;0.2;2025-12-02 08:50:00;2
02-12-2025;09:00:00;1016.4333333333334;10.266666666666667;3.133333333333333;0.0;2025-12-02 09:00:00;2
02-12-2025;09:10:00;1016.7333333333332;10.266666666666667;3.4;0.4;2025-12-02 09:10:00;2
02-12-2025;09:20:00;1017.1;10.333333333333334;3.033333333333333;1.2;2025-12-02 09:20:00;2
02-12-2025;09:30:00;1017.4;10.433333333333334;2.733333333333333;4.2;2025-12-02 09:30:00;2
02-12-2025;09:40:00;1017.4;10.633333333333333;2.1333333333333333;1.0;2025-12-02 09:40:00;2
02-12-2025;09:50:00;1017.3666666666667;10.9;2.233333333333333;0.6;2025-12-02 09:50:00;2
02-12-2025;10:00:00;1017.2333333333332;11.166666666666666;2.0666666666666664;0.2;2025-12-02 10:00:00;2
02-12-2025;10:10:00;1017.2;11.333333333333334;2.1333333333333333;0.0;2025-12-02 10:10:00;2
02-12-2025;10:20:00;1017.1666666666666;11.4;2.0;0.0;2025-12-02 10:20:00;2
02-12-2025;10:30:00;1017.1333333333333;11.366666666666667;2.1666666666666665;0.2;2025-12-02 10:30:00;2
02-12-2025;10:40:00;1017.0;11.366666666666667;2.533333333333333;0.2;2025-12-02 10:40:00;2
02-12-2025;10:50:00;1016.8666666666668;11.4;3.0666666666666664;0.2;2025-12-02 10:50:00;2
02-12-2025;11:00:00;1016.7333333333332;11.466666666666667;3.4;0.0;2025-12-02 11:00:00;2
02-12-2025;11:10:00;1016.6333333333333;11.466666666666669;3.6333333333333333;0.0;2025-12-02 11:10:00;2
02-12-2025;11:20:00;1016.6;11.450000000000003;3.6;0.0;2025-12-02 11:20:00;2
02-12-2025;12:00:00;1015.8499999999999;11.850000000000001;4.05;0.2;2025-12-02 12:00:00;2
02-12-2025;12:10:00;1015.7666666666668;11.933333333333332;3.9666666666666663;0.0;2025-12-02 12:10:00;2
02-12-2025;12:20:00;1015.5999999999999;12.1;3.9;0.0;2025-12-02 12:20:00;2
02-12-2025;12:30:00;1015.5;12.2;3.9499999999999997;0.0;2025-12-02 12:30:00;2
02-12-2025;13:40:00;1014.7;12.2;4.1;0.6;2025-12-02 13:40:00;2
02-12-2025;13:50:00;1014.7;12.200000000000001;4.133333333333334;0.4;2025-12-02 13:50:00;2
02-12-2025;14:00:00;1014.7;12.166666666666666;4.033333333333334;0.6;2025-12-02 14:00:00;2
02-12-2025;14:10:00;1014.7;12.2;4.066666666666667;0.4;2025-12-02 14:10:00;2
02-12-2025;14:20:00;1014.7;12.2;3.6999999999999997;0.0;2025-12-02 14:20:00;2
02-12-2025;14:30:00;1014.6333333333333;12.233333333333333;3.733333333333333;0.2;2025-12-02 14:30:00;2
02-12-2025;14:40:00;1014.5333333333333;12.266666666666667;3.766666666666666;0.2;2025-12-02 14:40:00;2
02-12-2025;14:50:00;1014.3666666666667;12.366666666666667;4.033333333333333;0.2;2025-12-02 14:50:00;2
02-12-2025;15:00:00;1014.1666666666666;12.366666666666667;3.8666666666666667;0.0;2025-12-02 15:00:00;2
02-12-2025;15:10:00;1013.9666666666666;12.299999999999999;3.733333333333333;0.0;2025-12-02 15:10:00;2
02-12-2025;15:20:00;1013.8499999999999;12.2;3.6499999999999995;0.0;2025-12-02 15:20:00;2
02-12-2025;17:30:00;1014.1;11.3;1.45;0.2;2025-12-02 17:30:00;2
02-12-2025;17:40:00;1014.1333333333333;11.333333333333334;1.5999999999999999;0.2;2025-12-02 17:40:00;2
02-12-2025;17:50:00;1014.2666666666668;11.366666666666667;1.9666666666666668;0.2;2025-12-02 17:50:00;2
02-12-2025;18:00:00;1014.4333333333334;11.4;1.7333333333333334;0.2;2025-12-02 18:00:00;2
02-12-2025;18:10:00;1014.5333333333333;11.533333333333333;2.3000000000000003;0.8;2025-12-02 18:10:00;2
02-12-2025;18:20:00;1014.5333333333333;11.5;2.466666666666667;1.8;2025-12-02 18:20:00;2
02-12-2025;18:30:00;1014.4666666666667;11.466666666666669;3.1;0.8;2025-12-02 18:30:00;2
02-12-2025;18:40:00;1014.5333333333334;11.333333333333334;2.6999999999999997;0.4;2025-12-02 18:40:00;2
02-12-2025;18:50:00;1014.4666666666667;11.366666666666667;2.9666666666666663;2.6;2025-12-02 18:50:00;2
02-12-2025;19:00:00;1014.3666666666668;11.266666666666666;3.233333333333333;1.8;2025-12-02 19:00:00;2
02-12-2025;19:10:00;1014.3000000000001;11.133333333333333;3.366666666666666;0.6;2025-12-02 19:10:00;2
02-12-2025;19:20:00;1014.5666666666666;10.966666666666669;2.6666666666666665;2.0;2025-12-02 19:20:00;2
02-12-2025;19:30:00;1015.0;10.566666666666668;3.0666666666666664;1.2;2025-12-02 19:30:00;2
02-12-2025;19:40:00;1015.0666666666666;10.066666666666668;4.533333333333333;1.4;2025-12-02 19:40:00;2
02-12-2025;19:50:00;1014.9666666666667;9.5;6.166666666666667;2.0;2025-12-02 19:50:00;2
02-12-2025;20:00:00;1014.9;9.333333333333334;5.5;0.6;2025-12-02 20:00:00;2
02-12-2025;20:10:00;1015.1;9.266666666666667;3.6666666666666665;0.2;2025-12-02 20:10:00;2
02-12-2025;20:20:00;1015.2333333333332;9.266666666666667;2.066666666666667;0.0;2025-12-02 20:20:00;2
02-12-2025;20:30:00;1015.1;9.166666666666666;1.9000000000000001;0.0;2025-12-02 20:30:00;2
02-12-2025;20:40:00;1015.0000000000001;9.1;2.0;0.0;2025-12-02 20:40:00;2
02-12-2025;21:20:00;1014.75;8.350000000000001;3.1;0.2;2025-12-02 21:20:00;2
02-12-2025;21:30:00;1014.7666666666668;8.366666666666667;3.4333333333333336;0.0;2025-12-02 21:30:00;2
02-12-2025;21:40:00;1014.8333333333334;8.4;3.966666666666667;0.0;2025-12-02 21:40:00;2
02-12-2025;21:50:00;1014.85;8.4;4.15;0.0;2025-12-02 21:50:00;2
03-12-2025;05:00:00;1013.9;4.7;1.9;0.2;2025-12-03 05:00:00;2
03-12-2025;05:10:00;1013.8666666666667;4.633333333333334;1.9000000000000001;0.0;2025-12-03 05:10:00;2
03-12-2025;05:20:00;1013.8666666666667;4.5;1.8;0.0;2025-12-03 05:20:00;2
03-12-2025;05:30:00;1013.85;4.4;1.8000000000000003;0.0;2025-12-03 05:30:00;2
04-12-2025;18:40:00;1004.6;12.4;0.0;0.2;2025-12-04 18:40:00;2
04-12-2025;18:50:00;1004.6;12.466666666666667;0.0;0.6;2025-12-04 18:50:00;2
04-12-2025;19:00:00;1004.6;12.633333333333335;0.5333333333333333;0.0;2025-12-04 19:00:00;2
04-12-2025;19:10:00;1004.6;12.833333333333334;1.2;0.0;2025-12-04 19:10:00;2
04-12-2025;19:20:00;1004.6;12.95;1.8;0.0;2025-12-04 19:20:00;2
04-12-2025;22:10:00;1005.2;12.0;2.1;0.8;2025-12-04 22:10:00;2
04-12-2025;22:20:00;1005.2333333333332;11.733333333333334;2.4;6.2;2025-12-04 22:20:00;2
04-12-2025;22:30:00;1005.2333333333332;11.466666666666667;2.8000000000000003;7.0;2025-12-04 22:30:00;2
04-12-2025;22:40:00;1005.2333333333332;11.233333333333334;4.266666666666667;5.4;2025-12-04 22:40:00;2
04-12-2025;22:50:00;1005.1666666666666;11.200000000000001;4.633333333333334;6.0;2025-12-04 22:50:00;2
04-12-2025;23:00:00;1005.2333333333332;11.066666666666668;3.9;3.4;2025-12-04 23:00:00;2
04-12-2025;23:10:00;1005.1666666666666;11.066666666666668;2.9333333333333336;0.8;2025-12-04 23:10:00;2
04-12-2025;23:20:00;1005.1333333333333;11.033333333333331;2.1666666666666665;0.4;2025-12-04 23:20:00;2
04-12-2025;23:30:00;1005.0;11.0;1.8;0.2;2025-12-04 23:30:00;2
04-12-2025;23:40:00;1004.8333333333334;10.966666666666667;2.2333333333333334;0.2;2025-12-04 23:40:00;2
04-12-2025;23:50:00;1004.7666666666668;10.933333333333332;2.866666666666667;0.0;2025-12-04 23:50:00;2
05-12-2025;00:00:00;1004.6333333333332;10.9;3.733333333333333;0.0;2025-12-05 00:00:00;2
05-12-2025;00:10:00;1004.6499999999999;10.850000000000001;3.9499999999999997;0.0;2025-12-05 00:10:00;2
05-12-2025;02:40:00;1004.3499999999999;10.9;2.5;0.2;2025-12-05 02:40:00;2
05-12-2025;02:50:00;1004.3000000000001;10.866666666666667;2.3000000000000003;0.2;2025-12-05 02:50:00;2
05-12-2025;03:00:00;1004.2666666666668;10.8;2.066666666666667;0.0;2025-12-05 03:00:00;2
05-12-2025;03:10:00;1004.1333333333333;10.766666666666666;1.6666666666666667;0.0;2025-12-05 03:10:00;2
05-12-2025;03:20:00;1004.1000000000001;10.749999999999998;1.55;0.0;2025-12-05 03:20:00;2
05-12-2025;11:30:00;1004.55;12.35;0.6000000000000001;0.2;2025-12-05 11:30:00;2
05-12-2025;11:40:00;1004.5333333333333;12.766666666666666;0.7000000000000001;0.0;2025-12-05 11:40:00;2
05-12-2025;11:50:00;1004.5;13.366666666666665;0.43333333333333335;0.0;2025-12-05 11:50:00;2
05-12-2025;12:00:00;1004.5;13.749999999999998;0.45;0.0;2025-12-05 12:00:00;2
06-12-2025;02:00:00;1009.8499999999999;6.199999999999999;0.0;0.2;2025-12-06 02:00:00;2
06-12-2025;02:10:00;1009.9;6.066666666666666;0.0;0.0;2025-12-06 02:10:00;2
06-12-2025;02:20:00;1009.9333333333334;5.766666666666666;0.0;0.0;2025-12-06 02:20:00;2
06-12-2025;02:30:00;1009.95;5.6;0.0;0.0;2025-12-06 02:30:00;2
06-12-2025;22:10:00;1012.9;7.0;0.0;0.2;2025-12-06 22:10:00;2
06-12-2025;22:20:00;1012.9666666666667;7.1000000000000005;0.0;0.0;2025-12-06 22:20:00;2
06-12-2025;22:30:00;1013.0666666666666;7.233333333333333;0.03333333333333333;0.0;2025-12-06 22:30:00;2
06-12-2025;22:40:00;1013.15;7.3;0.05;0.0;2025-12-06 22:40:00;2
07-12-2025;05:00:00;1013.3;4.800000000000001;1.75;0.2;2025-12-07 05:00:00;2
07-12-2025;05:10:00;1013.3;4.8;1.7333333333333334;0.0;2025-12-07 05:10:00;2
07-12-2025;05:20:00;1013.3;4.8999999999999995;1.7;0.0;2025-12-07 05:20:00;2
07-12-2025;05:30:00;1013.3;4.9;1.7499999999999998;0.0;2025-12-07 05:30:00;2
08-12-2025;06:00:00;1018.5;4.4;1.6;0.2;2025-12-08 06:00:00;2
08-12-2025;06:10:00;1018.5666666666666;4.4;1.6666666666666667;0.0;2025-12-08 06:10:00;2
08-12-2025;06:20:00;1018.6666666666666;4.366666666666667;2.033333333333333;0.0;2025-12-08 06:20:00;2
08-12-2025;06:30:00;1018.7;4.3500000000000005;2.05;0.0;2025-12-08 06:30:00;2
09-12-2025;06:10:00;1024.5;4.6;1.5;0.2;2025-12-09 06:10:00;2
09-12-2025;06:20:00;1024.5;4.6000000000000005;1.6333333333333335;0.0;2025-12-09 06:20:00;2
09-12-2025;06:30:00;1024.5;4.533333333333334;1.7333333333333334;0.0;2025-12-09 06:30:00;2
09-12-2025;06:40:00;1024.5;4.550000000000001;1.8;0.0;2025-12-09 06:40:00;2
10-12-2025;03:30:00;1023.75;6.1;1.7999999999999998;0.2;2025-12-10 03:30:00;2
10-12-2025;03:40:00;1023.7333333333332;6.0;1.8;0.0;2025-12-10 03:40:00;2
10-12-2025;03:50:00;1023.7333333333332;5.866666666666667;1.8;0.0;2025-12-10 03:50:00;2
10-12-2025;04:00:00;1023.7499999999999;5.8;1.85;0.0;2025-12-10 04:00:00;2
10-12-2025;23:50:00;1024.95;5.6;1.85;0.2;2025-12-10 23:50:00;2
11-12-2025;00:00:00;1024.9666666666667;5.666666666666667;1.7666666666666668;0.0;2025-12-11 00:00:00;2
11-12-2025;00:10:00;1024.9333333333334;5.866666666666667;1.7333333333333334;0.0;2025-12-11 00:10:00;2
11-12-2025;00:20:00;1024.95;5.950000000000001;1.6;0.0;2025-12-11 00:20:00;2
11-12-2025;22:30:00;1023.1;5.95;0.8500000000000001;0.2;2025-12-11 22:30:00;2
11-12-2025;22:40:00;1023.1;5.8999999999999995;1.0666666666666667;0.0;2025-12-11 22:40:00;2
11-12-2025;22:50:00;1023.1;5.8;1.2666666666666668;0.0;2025-12-11 22:50:00;2
11-12-2025;23:00:00;1023.1;5.749999999999999;1.45;0.0;2025-12-11 23:00:00;2
12-12-2025;06:40:00;1022.5;4.1;1.45;0.2;2025-12-12 06:40:00;2
12-12-2025;06:50:00;1022.5333333333333;4.233333333333333;1.5;0.0;2025-12-12 06:50:00;2
12-12-2025;07:00:00;1022.5666666666666;4.5;1.5999999999999999;0.0;2025-12-12 07:00:00;2
12-12-2025;07:10:00;1022.6;4.6000000000000005;1.45;0.0;2025-12-12 07:10:00;2
13-12-2025;04:50:00;1023.9;3.8499999999999996;1.65;0.2;2025-12-13 04:50:00;2
13-12-2025;05:00:00;1023.9;3.733333333333333;1.5999999999999999;0.0;2025-12-13 05:00:00;2
13-12-2025;05:10:00;1023.9;3.633333333333333;1.8;0.0;2025-12-13 05:10:00;2
13-12-2025;05:20:00;1023.9;3.55;1.85;0.0;2025-12-13 05:20:00;2
14-12-2025;03:30:00;1026.5;4.85;1.4500000000000002;0.2;2025-12-14 03:30:00;2
14-12-2025;03:40:00;1026.5;4.8999999999999995;1.5;0.0;2025-12-14 03:40:00;2
14-12-2025;03:50:00;1026.5;4.833333333333333;1.5666666666666667;0.0;2025-12-14 03:50:00;2
14-12-2025;04:00:00;1026.5;4.800000000000001;1.5499999999999998;0.0;2025-12-14 04:00:00;2
15-12-2025;03:20:00;1027.1;3.45;1.0;0.2;2025-12-15 03:20:00;2
15-12-2025;03:30:00;1027.0666666666666;3.4;1.0333333333333334;0.0;2025-12-15 03:30:00;2
15-12-2025;03:40:00;1027.0;3.3666666666666667;1.0;0.0;2025-12-15 03:40:00;2
15-12-2025;03:50:00;1026.95;3.3;1.15;0.0;2025-12-15 03:50:00;2
16-12-2025;16:30:00;1017.6;12.15;1.8;0.2;2025-12-16 16:30:00;2
16-12-2025;16:40:00;1017.6;12.033333333333333;1.9333333333333336;0.4;2025-12-16 16:40:00;2
16-12-2025;16:50:00;1017.6333333333333;11.799999999999999;2.0000000000000004;0.4;2025-12-16 16:50:00;2
16-12-2025;17:00:00;1017.6333333333333;11.633333333333333;1.8666666666666665;0.2;2025-12-16 17:00:00;2
16-12-2025;17:10:00;1017.6333333333333;11.466666666666667;1.6666666666666667;0.2;2025-12-16 17:10:00;2
16-12-2025;17:20:00;1017.5666666666666;11.433333333333332;2.0;0.0;2025-12-16 17:20:00;2
16-12-2025;17:30:00;1017.4666666666667;11.5;2.6333333333333333;0.2;2025-12-16 17:30:00;2
16-12-2025;17:40:00;1017.3666666666667;11.6;3.4;0.0;2025-12-16 17:40:00;2
16-12-2025;17:50:00;1017.3;11.633333333333333;3.6333333333333333;0.0;2025-12-16 17:50:00;2
16-12-2025;18:00:00;1017.3;11.633333333333333;3.766666666666667;0.0;2025-12-16 18:00:00;2
16-12-2025;18:10:00;1017.2666666666668;11.733333333333334;3.766666666666666;0.2;2025-12-16 18:10:00;2
16-12-2025;18:20:00;1017.2333333333332;11.899999999999999;3.9666666666666663;0.0;2025-12-16 18:20:00;2
16-12-2025;18:30:00;1017.1666666666666;12.033333333333333;3.8666666666666667;0.0;2025-12-16 18:30:00;2
16-12-2025;18:40:00;1017.1499999999999;12.1;3.8499999999999996;0.0;2025-12-16 18:40:00;2
16-12-2025;19:50:00;1017.2;12.25;3.0;0.2;2025-12-16 19:50:00;2
16-12-2025;20:00:00;1017.1333333333333;12.233333333333334;3.1;0.0;2025-12-16 20:00:00;2
16-12-2025;20:10:00;1017.0333333333333;12.2;3.1333333333333333;0.0;2025-12-16 20:10:00;2
16-12-2025;20:20:00;1017.0;12.2;3.2;0.0;2025-12-16 20:20:00;2
16-12-2025;21:00:00;1016.9000000000001;13.6;6.85;0.2;2025-12-16 21:00:00;2
16-12-2025;21:10:00;1016.7666666666668;13.700000000000001;7.1000000000000005;0.2;2025-12-16 21:10:00;2
16-12-2025;21:20:00;1016.5666666666667;13.966666666666667;7.333333333333333;0.6;2025-12-16 21:20:00;2
16-12-2025;21:30:00;1016.6999999999999;14.0;6.2;1.2;2025-12-16 21:30:00;2
16-12-2025;21:40:00;1016.8666666666667;14.333333333333334;5.766666666666667;5.0;2025-12-16 21:40:00;2
16-12-2025;21:50:00;1017.0333333333333;14.700000000000001;6.133333333333333;0.0;2025-12-16 21:50:00;2
16-12-2025;22:00:00;1017.0333333333333;15.033333333333333;6.566666666666667;0.0;2025-12-16 22:00:00;2
16-12-2025;22:10:00;1017.1333333333333;15.200000000000001;6.6000000000000005;0.0;2025-12-16 22:10:00;2
16-12-2025;22:20:00;1017.3000000000001;15.299999999999999;5.7;0.2;2025-12-16 22:20:00;2
16-12-2025;22:30:00;1017.4333333333334;15.466666666666667;5.766666666666667;0.0;2025-12-16 22:30:00;2
16-12-2025;22:40:00;1017.5333333333333;15.5;5.3;0.2;2025-12-16 22:40:00;2
16-12-2025;22:50:00;1017.6;15.566666666666668;5.366666666666667;0.2;2025-12-16 22:50:00;2
16-12-2025;23:00:00;1017.6666666666666;15.6;4.9;0.2;2025-12-16 23:00:00;2
16-12-2025;23:10:00;1017.6666666666666;15.700000000000001;4.5;0.2;2025-12-16 23:10:00;2
16-12-2025;23:20:00;1017.6666666666666;15.799999999999999;4.566666666666667;0.0;2025-12-16 23:20:00;2
16-12-2025;23:30:00;1017.6999999999999;15.933333333333335;4.933333333333334;0.0;2025-12-16 23:30:00;2
16-12-2025;23:40:00;1017.75;16.0;5.500000000000001;0.0;2025-12-16 23:40:00;2
17-12-2025;22:40:00;1026.55;10.5;1.2999999999999998;0.2;2025-12-17 22:40:00;2
17-12-2025;22:50:00;1026.6000000000001;10.5;1.3;0.0;2025-12-17 22:50:00;2
17-12-2025;23:00:00;1026.7333333333333;10.4;1.3;0.0;2025-12-17 23:00:00;2
17-12-2025;23:10:00;1026.8;10.4;1.35;0.0;2025-12-17 23:10:00;2
18-12-2025;05:50:00;1027.9;8.1;1.3;0.2;2025-12-18 05:50:00;2
18-12-2025;06:00:00;1027.8666666666666;8.066666666666666;1.2333333333333334;0.0;2025-12-18 06:00:00;2
18-12-2025;06:10:00;1027.8666666666668;7.966666666666666;1.3;0.0;2025-12-18 06:10:00;2
18-12-2025;06:20:00;1027.8;7.949999999999999;1.3;0.0;2025-12-18 06:20:00;2
19-12-2025;06:00:00;1026.6;7.1;2.35;0.2;2025-12-19 06:00:00;2
19-12-2025;06:10:00;1026.6333333333332;7.033333333333334;2.033333333333333;0.0;2025-12-19 06:10:00;2
19-12-2025;06:20:00;1026.6666666666667;6.8999999999999995;1.6666666666666667;0.0;2025-12-19 06:20:00;2
19-12-2025;06:30:00;1026.7;6.8;1.4;0.0;2025-12-19 06:30:00;2
23-12-2025;00:50:00;1011.1500000000001;13.05;2.7;0.2;2025-12-23 00:50:00;2
23-12-2025;01:00:00;1011.1333333333333;12.933333333333332;2.6333333333333333;0.0;2025-12-23 01:00:00;2
23-12-2025;01:10:00;1011.1333333333333;12.700000000000001;2.5;0.0;2025-12-23 01:10:00;2
23-12-2025;01:20:00;1011.1500000000001;12.600000000000001;2.3;0.0;2025-12-23 01:20:00;2
23-12-2025;09:30:00;1009.55;13.6;1.7999999999999998;0.2;2025-12-23 09:30:00;2
23-12-2025;09:40:00;1009.5666666666666;13.6;1.9666666666666666;0.0;2025-12-23 09:40:00;2
23-12-2025;09:50:00;1009.5666666666667;13.666666666666666;1.7333333333333332;0.2;2025-12-23 09:50:00;2
23-12-2025;10:00:00;1009.6;13.733333333333334;1.5666666666666664;0.0;2025-12-23 10:00:00;2
23-12-2025;10:10:00;1009.5666666666666;13.766666666666666;1.1666666666666665;0.2;2025-12-23 10:10:00;2
23-12-2025;10:20:00;1009.5333333333334;13.700000000000001;1.4333333333333333;0.0;2025-12-23 10:20:00;2
23-12-2025;10:30:00;1009.4666666666667;13.699999999999998;1.5666666666666664;0.0;2025-12-23 10:30:00;2
23-12-2025;10:40:00;1009.45;13.7;1.7999999999999996;0.0;2025-12-23 10:40:00;2
23-12-2025;12:00:00;1008.8499999999999;13.85;4.4;0.2;2025-12-23 12:00:00;2
23-12-2025;12:10:00;1008.8333333333334;13.666666666666666;3.9333333333333336;0.4;2025-12-23 12:10:00;2
23-12-2025;12:20:00;1008.7666666666665;13.266666666666666;3.266666666666667;1.0;2025-12-23 12:20:00;2
23-12-2025;12:30:00;1008.6333333333333;13.133333333333333;2.6666666666666665;1.2;2025-12-23 12:30:00;2
23-12-2025;12:40:00;1008.5;13.066666666666668;2.3000000000000003;0.6;2025-12-23 12:40:00;2
23-12-2025;12:50:00;1008.4333333333334;13.066666666666668;1.7666666666666666;0.2;2025-12-23 12:50:00;2
23-12-2025;13:00:00;1008.3666666666667;13.0;1.5;0.2;2025-12-23 13:00:00;2
23-12-2025;13:10:00;1008.3000000000001;12.9;1.3666666666666665;1.4;2025-12-23 13:10:00;2
23-12-2025;13:20:00;1008.2333333333332;12.766666666666666;1.5666666666666667;0.4;2025-12-23 13:20:00;2
23-12-2025;13:30:00;1008.2666666666668;12.633333333333335;1.2666666666666666;0.4;2025-12-23 13:30:00;2
23-12-2025;13:40:00;1008.2333333333332;12.533333333333331;0.7999999999999999;0.6;2025-12-23 13:40:00;2
23-12-2025;13:50:00;1008.0666666666666;12.533333333333333;0.6;0.6;2025-12-23 13:50:00;2
23-12-2025;14:00:00;1007.8666666666667;12.533333333333333;1.3;1.0;2025-12-23 14:00:00;2
23-12-2025;14:10:00;1007.6999999999999;12.5;2.6666666666666665;0.8;2025-12-23 14:10:00;2
23-12-2025;14:20:00;1007.5666666666666;12.4;3.5000000000000004;0.8;2025-12-23 14:20:00;2
23-12-2025;14:30:00;1007.4;12.333333333333334;3.6333333333333333;0.8;2025-12-23 14:30:00;2
23-12-2025;14:40:00;1007.2000000000002;12.3;3.3000000000000007;0.4;2025-12-23 14:40:00;2
23-12-2025;14:50:00;1007.0;12.266666666666666;3.333333333333334;0.4;2025-12-23 14:50:00;2
23-12-2025;15:00:00;1006.8666666666667;12.200000000000001;3.633333333333334;0.4;2025-12-23 15:00:00;2
23-12-2025;15:10:00;1006.8666666666667;12.133333333333333;3.9666666666666672;0.0;2025-12-23 15:10:00;2
23-12-2025;15:20:00;1006.9333333333334;12.1;3.933333333333334;0.0;2025-12-23 15:20:00;2
23-12-2025;15:30:00;1007.0;12.1;3.766666666666667;0.0;2025-12-23 15:30:00;2
23-12-2025;15:40:00;1007.0;12.066666666666668;3.6333333333333333;0.8;2025-12-23 15:40:00;2
23-12-2025;15:50:00;1007.0333333333333;12.0;3.7000000000000006;1.2;2025-12-23 15:50:00;2
23-12-2025;16:00:00;1007.0666666666666;11.933333333333332;3.8;1.2;2025-12-23 16:00:00;2
23-12-2025;16:10:00;1007.0666666666666;11.9;3.9;1.0;2025-12-23 16:10:00;2
23-12-2025;16:20:00;1007.0333333333334;11.866666666666667;4.066666666666666;0.8;2025-12-23 16:20:00;2
23-12-2025;16:30:00;1007.0333333333333;11.833333333333334;4.266666666666667;1.0;2025-12-23 16:30:00;2
23-12-2025;16:40:00;1006.9333333333334;11.8;4.533333333333334;1.2;2025-12-23 16:40:00;2
23-12-2025;16:50:00;1006.6;11.8;4.6000000000000005;0.8;2025-12-23 16:50:00;2
23-12-2025;17:00:00;1006.3000000000001;11.766666666666667;4.7;0.4;2025-12-23 17:00:00;2
23-12-2025;17:10:00;1006.1333333333333;11.733333333333333;4.6;0.0;2025-12-23 17:10:00;2
23-12-2025;17:20:00;1006.1666666666666;11.7;4.433333333333334;0.0;2025-12-23 17:20:00;2
23-12-2025;17:30:00;1006.1333333333333;11.733333333333333;4.233333333333333;0.0;2025-12-23 17:30:00;2
23-12-2025;17:40:00;1006.1;11.766666666666667;4.233333333333333;0.2;2025-12-23 17:40:00;2
23-12-2025;17:50:00;1006.2333333333332;11.833333333333334;4.266666666666667;0.2;2025-12-23 17:50:00;2
23-12-2025;18:00:00;1006.4333333333334;11.9;4.133333333333333;0.6;2025-12-23 18:00:00;2
23-12-2025;18:10:00;1006.6666666666666;11.966666666666667;4.266666666666667;0.2;2025-12-23 18:10:00;2
23-12-2025;18:20:00;1006.7333333333332;11.966666666666667;4.533333333333334;0.4;2025-12-23 18:20:00;2
23-12-2025;18:30:00;1006.8666666666667;11.933333333333332;4.833333333333333;1.2;2025-12-23 18:30:00;2
23-12-2025;18:40:00;1006.9333333333334;11.866666666666667;4.766666666666667;1.0;2025-12-23 18:40:00;2
23-12-2025;18:50:00;1006.8666666666667;11.800000000000002;4.3;0.8;2025-12-23 18:50:00;2
23-12-2025;19:00:00;1006.7333333333335;11.700000000000001;3.8000000000000003;0.2;2025-12-23 19:00:00;2
23-12-2025;19:10:00;1006.6666666666666;11.633333333333333;3.1999999999999997;0.2;2025-12-23 19:10:00;2
23-12-2025;19:20:00;1006.5666666666667;11.6;3.3000000000000003;0.4;2025-12-23 19:20:00;2
23-12-2025;19:30:00;1006.4;11.566666666666665;3.6999999999999997;0.2;2025-12-23 19:30:00;2
23-12-2025;19:40:00;1006.2;11.533333333333333;3.9333333333333336;0.0;2025-12-23 19:40:00;2
23-12-2025;19:50:00;1006.2;11.433333333333332;4.0;0.0;2025-12-23 19:50:00;2
23-12-2025;20:00:00;1006.2;11.399999999999999;3.8500000000000005;0.0;2025-12-23 20:00:00;2
23-12-2025;20:50:00;1006.05;10.7;3.35;0.4;2025-12-23 20:50:00;2
23-12-2025;21:00:00;1005.9333333333334;10.700000000000001;3.3000000000000003;0.2;2025-12-23 21:00:00;2
23-12-2025;21:10:00;1005.7666666666668;10.766666666666666;3.1999999999999997;0.2;2025-12-23 21:10:00;2
23-12-2025;21:20:00;1005.5666666666667;10.966666666666667;3.3666666666666667;0.0;2025-12-23 21:20:00;2
23-12-2025;21:30:00;1005.4666666666666;11.1;3.4;0.0;2025-12-23 21:30:00;2
23-12-2025;21:40:00;1005.4;11.149999999999999;3.3999999999999995;0.0;2025-12-23 21:40:00;2
23-12-2025;22:00:00;1005.75;10.7;3.6999999999999997;0.4;2025-12-23 22:00:00;2
23-12-2025;22:10:00;1005.8666666666667;10.799999999999999;4.6000000000000005;0.4;2025-12-23 22:10:00;2
23-12-2025;22:20:00;1006.0666666666666;10.833333333333334;4.933333333333333;0.4;2025-12-23 22:20:00;2
23-12-2025;22:30:00;1006.0;10.966666666666667;4.8999999999999995;0.0;2025-12-23 22:30:00;2
23-12-2025;22:40:00;1005.8666666666668;11.033333333333333;4.166666666666667;0.0;2025-12-23 22:40:00;2
23-12-2025;22:50:00;1005.8000000000002;11.15;4.1;0.0;2025-12-23 22:50:00;2
23-12-2025;23:10:00;1005.6;11.1;4.9;0.2;2025-12-23 23:10:00;2
23-12-2025;23:20:00;1005.5666666666666;11.033333333333333;5.0;0.8;2025-12-23 23:20:00;2
23-12-2025;23:30:00;1005.5;11.0;5.1;0.0;2025-12-23 23:30:00;2
23-12-2025;23:40:00;1005.5;10.933333333333332;4.333333333333333;0.0;2025-12-23 23:40:00;2
23-12-2025;23:50:00;1005.5;10.95;3.8999999999999995;0.0;2025-12-23 23:50:00;2
24-12-2025;01:50:00;1005.05;11.0;5.6;0.4;2025-12-24 01:50:00;2
24-12-2025;02:00:00;1005.0666666666666;11.066666666666668;5.8;0.0;2025-12-24 02:00:00;2
24-12-2025;02:10:00;1005.0666666666666;11.166666666666666;6.0;0.0;2025-12-24 02:10:00;2
24-12-2025;02:20:00;1005.0666666666667;11.1;5.7;0.4;2025-12-24 02:20:00;2
24-12-2025;02:30:00;1005.1333333333333;11.066666666666668;5.566666666666666;0.4;2025-12-24 02:30:00;2
24-12-2025;02:40:00;1005.2333333333332;11.033333333333331;5.633333333333333;0.6;2025-12-24 02:40:00;2
24-12-2025;02:50:00;1005.3;10.966666666666667;5.633333333333333;0.6;2025-12-24 02:50:00;2
24-12-2025;03:00:00;1005.2333333333332;10.933333333333332;5.533333333333334;0.2;2025-12-24 03:00:00;2
24-12-2025;03:10:00;1005.1666666666666;10.966666666666667;5.2;0.2;2025-12-24 03:10:00;2
24-12-2025;03:20:00;1005.1;11.1;4.833333333333333;0.6;2025-12-24 03:20:00;2
24-12-2025;03:30:00;1005.0666666666666;11.133333333333333;4.133333333333334;0.6;2025-12-24 03:30:00;2
24-12-2025;03:40:00;1005.0;11.166666666666666;3.766666666666667;0.4;2025-12-24 03:40:00;2
24-12-2025;03:50:00;1004.9666666666667;11.200000000000001;3.5666666666666664;0.8;2025-12-24 03:50:00;2
24-12-2025;04:00:00;1004.9666666666667;11.366666666666667;3.6333333333333333;0.2;2025-12-24 04:00:00;2
24-12-2025;04:10:00;1005.0333333333333;11.633333333333333;3.5666666666666664;0.4;2025-12-24 04:10:00;2
24-12-2025;04:20:00;1005.1333333333332;11.966666666666667;3.6333333333333333;0.0;2025-12-24 04:20:00;2
24-12-2025;04:30:00;1005.2666666666665;12.233333333333334;3.6333333333333333;0.0;2025-12-24 04:30:00;2
24-12-2025;04:40:00;1005.3499999999999;12.350000000000001;3.75;0.0;2025-12-24 04:40:00;2
24-12-2025;05:00:00;1005.5;12.05;4.15;0.2;2025-12-24 05:00:00;2
24-12-2025;05:10:00;1005.5333333333333;12.1;3.8666666666666667;0.2;2025-12-24 05:10:00;2
24-12-2025;05:20:00;1005.6;12.299999999999999;3.6333333333333333;0.0;2025-12-24 05:20:00;2
24-12-2025;05:30:00;1005.6;12.266666666666666;3.3666666666666667;0.0;2025-12-24 05:30:00;2
24-12-2025;05:40:00;1005.7666666666668;12.133333333333335;3.766666666666667;1.6;2025-12-24 05:40:00;2
24-12-2025;05:50:00;1005.8333333333334;11.733333333333334;4.533333333333334;1.4;2025-12-24 05:50:00;2
24-12-2025;06:00:00;1005.8666666666667;11.6;4.6;0.0;2025-12-24 06:00:00;2
24-12-2025;06:10:00;1005.6666666666666;11.700000000000001;4.3;0.0;2025-12-24 06:10:00;2
24-12-2025;06:20:00;1005.55;11.850000000000001;3.749999999999999;0.0;2025-12-24 06:20:00;2
24-12-2025;07:50:00;1006.5;12.8;4.25;0.4;2025-12-24 07:50:00;2
24-12-2025;08:00:00;1006.5;12.966666666666667;4.6000000000000005;0.0;2025-12-24 08:00:00;2
24-12-2025;08:10:00;1006.5;13.166666666666666;4.666666666666667;0.0;2025-12-24 08:10:00;2
24-12-2025;08:20:00;1006.5;13.3;5.0;0.0;2025-12-24 08:20:00;2
24-12-2025;09:20:00;1007.4;12.7;9.100000000000001;0.2;2025-12-24 09:20:00;2
24-12-2025;09:30:00;1007.5;12.6;9.166666666666666;0.0;2025-12-24 09:30:00;2
24-12-2025;09:40:00;1007.6;12.333333333333334;9.5;0.0;2025-12-24 09:40:00;2
24-12-2025;09:50:00;1007.7;12.2;9.3;0.0;2025-12-24 09:50:00;2
24-12-2025;10:10:00;1007.75;10.8;7.800000000000001;0.2;2025-12-24 10:10:00;2
24-12-2025;10:20:00;1007.8666666666667;10.866666666666667;7.433333333333334;0.0;2025-12-24 10:20:00;2
24-12-2025;10:30:00;1007.9333333333334;10.966666666666667;6.733333333333334;0.0;2025-12-24 10:30:00;2
24-12-2025;10:40:00;1008.1333333333333;11.0;5.733333333333333;0.2;2025-12-24 10:40:00;2
24-12-2025;10:50:00;1008.1666666666666;10.666666666666666;4.833333333333333;0.2;2025-12-24 10:50:00;2
24-12-2025;11:00:00;1008.1999999999999;10.333333333333334;4.066666666666666;3.0;2025-12-24 11:00:00;2
24-12-2025;11:10:00;1007.9333333333334;10.266666666666666;3.4;0.8;2025-12-24 11:10:00;2
24-12-2025;11:20:00;1007.7333333333335;10.700000000000001;3.433333333333333;0.0;2025-12-24 11:20:00;2
24-12-2025;11:30:00;1007.6333333333333;11.133333333333333;3.5;0.2;2025-12-24 11:30:00;2
24-12-2025;11:40:00;1007.6;11.466666666666669;4.0;0.0;2025-12-24 11:40:00;2
24-12-2025;11:50:00;1007.4666666666667;11.5;4.666666666666667;0.2;2025-12-24 11:50:00;2
24-12-2025;12:00:00;1007.4;11.466666666666667;5.5;0.2;2025-12-24 12:00:00;2
24-12-2025;12:10:00;1007.4666666666667;11.333333333333334;6.233333333333333;0.0;2025-12-24 12:10:00;2
24-12-2025;12:20:00;1007.6999999999999;11.133333333333335;5.833333333333333;0.6;2025-12-24 12:20:00;2
24-12-2025;12:30:00;1007.8333333333334;10.966666666666667;6.099999999999999;4.0;2025-12-24 12:30:00;2
24-12-2025;12:40:00;1007.8333333333334;10.833333333333334;6.033333333333334;3.2;2025-12-24 12:40:00;2
24-12-2025;12:50:00;1007.7666666666665;10.9;5.8;0.8;2025-12-24 12:50:00;2
24-12-2025;13:00:00;1007.7000000000002;11.033333333333333;5.266666666666667;0.6;2025-12-24 13:00:00;2
24-12-2025;13:10:00;1007.5;11.200000000000001;4.999999999999999;0.0;2025-12-24 13:10:00;2
24-12-2025;13:20:00;1007.3333333333334;11.4;5.5;0.0;2025-12-24 13:20:00;2
24-12-2025;13:30:00;1007.2;11.500000000000002;5.65;0.0;2025-12-24 13:30:00;2
24-12-2025;13:50:00;1007.5;11.55;5.699999999999999;0.2;2025-12-24 13:50:00;2
24-12-2025;14:00:00;1007.6999999999999;11.566666666666668;5.133333333333333;0.0;2025-12-24 14:00:00;2
24-12-2025;14:10:00;1008.0;11.566666666666668;4.1;0.0;2025-12-24 14:10:00;2
24-12-2025;14:20:00;1008.2333333333332;11.5;4.033333333333334;0.0;2025-12-24 14:20:00;2
24-12-2025;14:30:00;1008.3333333333334;11.266666666666666;4.5;0.6;2025-12-24 14:30:00;2
24-12-2025;14:40:00;1008.4333333333333;10.966666666666667;5.300000000000001;0.6;2025-12-24 14:40:00;2
24-12-2025;14:50:00;1008.4;10.766666666666667;5.166666666666667;0.6;2025-12-24 14:50:00;2
24-12-2025;15:00:00;1008.3666666666667;10.866666666666667;4.566666666666667;0.4;2025-12-24 15:00:00;2
24-12-2025;15:10:00;1008.3;11.1;4.233333333333333;0.2;2025-12-24 15:10:00;2
24-12-2025;15:20:00;1008.3333333333334;11.166666666666666;4.3999999999999995;0.0;2025-12-24 15:20:00;2
24-12-2025;15:30:00;1008.3666666666667;11.066666666666668;4.6000000000000005;0.2;2025-12-24 15:30:00;2
24-12-2025;15:40:00;1008.4333333333334;10.966666666666669;4.7;0.4;2025-12-24 15:40:00;2
24-12-2025;15:50:00;1008.5333333333333;10.9;5.166666666666667;0.2;2025-12-24 15:50:00;2
24-12-2025;16:00:00;1008.5666666666666;10.799999999999999;5.866666666666667;0.4;2025-12-24 16:00:00;2
24-12-2025;16:10:00;1008.5333333333333;10.666666666666666;6.099999999999999;0.2;2025-12-24 16:10:00;2
24-12-2025;16:20:00;1008.5333333333334;10.666666666666666;6.033333333333334;0.2;2025-12-24 16:20:00;2
24-12-2025;16:30:00;1008.5;10.666666666666666;5.966666666666666;0.8;2025-12-24 16:30:00;2
24-12-2025;16:40:00;1008.5;10.6;6.233333333333333;0.8;2025-12-24 16:40:00;2
24-12-2025;16:50:00;1008.4;10.433333333333334;5.833333333333333;0.2;2025-12-24 16:50:00;2
24-12-2025;17:00:00;1008.4;10.333333333333334;5.433333333333334;0.0;2025-12-24 17:00:00;2
24-12-2025;17:10:00;1008.5;10.366666666666667;4.9;0.0;2025-12-24 17:10:00;2
24-12-2025;17:20:00;1008.55;10.4;4.85;0.0;2025-12-24 17:20:00;2
24-12-2025;18:30:00;1009.3;10.7;3.3;0.2;2025-12-24 18:30:00;2
24-12-2025;18:40:00;1009.3333333333334;10.666666666666666;3.6;0.2;2025-12-24 18:40:00;2
24-12-2025;18:50:00;1009.3666666666667;10.6;4.1000000000000005;0.2;2025-12-24 18:50:00;2
24-12-2025;19:00:00;1009.4333333333334;10.533333333333333;4.866666666666667;0.4;2025-12-24 19:00:00;2
24-12-2025;19:10:00;1009.5666666666666;10.466666666666667;4.966666666666668;0.0;2025-12-24 19:10:00;2
24-12-2025;19:20:00;1009.8000000000001;10.4;4.6000000000000005;0.0;2025-12-24 19:20:00;2
24-12-2025;19:30:00;1010.1333333333333;10.333333333333334;3.766666666666667;0.2;2025-12-24 19:30:00;2
24-12-2025;19:40:00;1010.4;10.266666666666667;3.1666666666666665;0.4;2025-12-24 19:40:00;2
24-12-2025;19:50:00;1010.6666666666666;10.133333333333333;2.566666666666667;0.6;2025-12-24 19:50:00;2
24-12-2025;20:00:00;1010.8000000000001;10.066666666666666;2.566666666666667;1.0;2025-12-24 20:00:00;2
24-12-2025;20:10:00;1010.9;9.966666666666667;2.3333333333333335;1.0;2025-12-24 20:10:00;2
24-12-2025;20:20:00;1010.9333333333333;9.933333333333335;2.233333333333334;0.6;2025-12-24 20:20:00;2
24-12-2025;20:30:00;1011.0;9.866666666666667;2.3000000000000003;0.8;2025-12-24 20:30:00;2
24-12-2025;20:40:00;1011.0666666666666;9.833333333333334;2.9333333333333336;0.8;2025-12-24 20:40:00;2
24-12-2025;20:50:00;1011.1333333333333;9.8;3.6333333333333333;0.6;2025-12-24 20:50:00;2
24-12-2025;21:00:00;1011.2333333333332;9.700000000000001;3.9;0.8;2025-12-24 21:00:00;2
24-12-2025;21:10:00;1011.2666666666668;9.566666666666666;3.6;0.4;2025-12-24 21:10:00;2
24-12-2025;21:20:00;1011.3333333333334;9.466666666666667;3.133333333333334;0.6;2025-12-24 21:20:00;2
24-12-2025;21:30:00;1011.2666666666668;9.366666666666667;2.9666666666666672;0.6;2025-12-24 21:30:00;2
24-12-2025;21:40:00;1011.3333333333334;9.333333333333334;3.1;0.2;2025-12-24 21:40:00;2
24-12-2025;21:50:00;1011.2666666666668;9.3;3.5666666666666664;0.2;2025-12-24 21:50:00;2
24-12-2025;22:00:00;1011.3333333333334;9.266666666666666;3.8333333333333335;0.0;2025-12-24 22:00:00;2
24-12-2025;22:10:00;1011.3666666666667;9.200000000000001;3.8666666666666667;0.0;2025-12-24 22:10:00;2
24-12-2025;22:20:00;1011.4499999999999;9.149999999999999;3.75;0.0;2025-12-24 22:20:00;2
24-12-2025;23:00:00;1011.5;9.1;3.25;0.2;2025-12-24 23:00:00;2
24-12-2025;23:10:00;1011.5;9.1;3.0666666666666664;0.0;2025-12-24 23:10:00;2
24-12-2025;23:20:00;1011.5333333333333;9.1;2.766666666666667;0.0;2025-12-24 23:20:00;2
24-12-2025;23:30:00;1011.55;9.1;2.6000000000000005;0.0;2025-12-24 23:30:00;2
25-12-2025;00:00:00;1011.95;9.2;2.45;0.2;2025-12-25 00:00:00;2
25-12-2025;00:10:00;1011.9666666666667;9.233333333333333;2.5;0.2;2025-12-25 00:10:00;2
25-12-2025;00:20:00;1011.9333333333334;9.266666666666667;2.733333333333333;0.0;2025-12-25 00:20:00;2
25-12-2025;00:30:00;1011.9333333333333;9.3;2.6;0.0;2025-12-25 00:30:00;2
25-12-2025;00:40:00;1011.9333333333333;9.3;2.9;0.0;2025-12-25 00:40:00;2
25-12-2025;00:50:00;1011.9666666666666;9.3;3.1333333333333333;0.2;2025-12-25 00:50:00;2
25-12-2025;01:00:00;1012.1;9.3;2.9;0.0;2025-12-25 01:00:00;2
25-12-2025;01:10:00;1012.1666666666666;9.266666666666667;2.533333333333333;0.0;2025-12-25 01:10:00;2
25-12-2025;01:20:00;1012.2;9.25;2.15;0.0;2025-12-25 01:20:00;2
25-12-2025;02:10:00;1012.7;9.1;1.8499999999999999;0.6;2025-12-25 02:10:00;2
25-12-2025;02:20:00;1012.7;9.033333333333333;2.233333333333333;0.2;2025-12-25 02:20:00;2
25-12-2025;02:30:00;1012.7333333333332;8.899999999999999;2.8666666666666667;0.2;2025-12-25 02:30:00;2
25-12-2025;02:40:00;1012.7666666666668;8.733333333333333;2.8666666666666667;0.0;2025-12-25 02:40:00;2
25-12-2025;02:50:00;1012.8;8.633333333333333;2.733333333333333;0.0;2025-12-25 02:50:00;2
25-12-2025;03:00:00;1012.8;8.6;2.6999999999999993;0.0;2025-12-25 03:00:00;2
25-12-2025;05:50:00;1013.6500000000001;8.9;2.05;0.2;2025-12-25 05:50:00;2
25-12-2025;06:00:00;1013.5333333333333;8.9;2.3333333333333335;0.0;2025-12-25 06:00:00;2
25-12-2025;06:10:00;1013.4333333333334;8.9;2.6999999999999997;0.4;2025-12-25 06:10:00;2
25-12-2025;06:20:00;1013.3666666666667;8.933333333333334;3.1666666666666665;0.0;2025-12-25 06:20:00;2
25-12-2025;06:30:00;1013.4666666666666;9.0;3.4666666666666663;0.0;2025-12-25 06:30:00;2
25-12-2025;06:40:00;1013.4999999999999;9.05;3.7499999999999996;0.0;2025-12-25 06:40:00;2
25-12-2025;07:40:00;1015.0;9.1;1.4;0.2;2025-12-25 07:40:00;2
25-12-2025;07:50:00;1015.1;9.133333333333333;1.3333333333333333;0.0;2025-12-25 07:50:00;2
25-12-2025;08:00:00;1015.2333333333332;9.166666666666666;1.5999999999999999;0.2;2025-12-25 08:00:00;2
25-12-2025;08:10:00;1015.3;9.166666666666666;1.8;0.0;2025-12-25 08:10:00;2
25-12-2025;08:20:00;1015.3666666666667;9.133333333333333;2.1666666666666665;0.0;2025-12-25 08:20:00;2
25-12-2025;08:30:00;1015.4;9.1;2.35;0.0;2025-12-25 08:30:00;2
29-12-2025;02:10:00;1020.45;1.6;2.0;0.2;2025-12-29 02:10:00;2
29-12-2025;02:20:00;1020.4666666666667;1.6333333333333335;2.0;0.0;2025-12-29 02:20:00;2
29-12-2025;02:30:00;1020.4666666666667;1.5333333333333332;1.9000000000000001;0.0;2025-12-29 02:30:00;2
29-12-2025;02:40:00;1020.5;1.5499999999999998;1.85;0.0;2025-12-29 02:40:00;2
30-12-2025;04:30:00;1014.1;2.0;1.7;0.2;2025-12-30 04:30:00;2
30-12-2025;04:40:00;1014.0666666666666;1.9000000000000001;1.8;0.0;2025-12-30 04:40:00;2
30-12-2025;04:50:00;1014.0;1.7333333333333334;1.9333333333333333;0.0;2025-12-30 04:50:00;2
30-12-2025;05:00:00;1014.0;1.6500000000000001;1.95;0.0;2025-12-30 05:00:00;2
03-01-2025;08:10:00;921.6;6.0;4.45;0.4;2025-01-03 08:10:00;3
03-01-2025;08:20:00;921.5666666666666;6.033333333333334;3.5666666666666664;0.8;2025-01-03 08:20:00;3
03-01-2025;08:30:00;921.4666666666667;6.133333333333333;3.1999999999999997;0.2;2025-01-03 08:30:00;3
03-01-2025;08:40:00;921.4666666666667;6.266666666666667;2.933333333333333;0.0;2025-01-03 08:40:00;3
03-01-2025;08:50:00;921.4666666666667;6.366666666666667;3.133333333333333;0.8;2025-01-03 08:50:00;3
03-01-2025;09:00:00;921.4333333333334;6.466666666666666;2.8666666666666667;1.2;2025-01-03 09:00:00;3
03-01-2025;09:10:00;921.4000000000001;6.566666666666667;2.266666666666666;0.4;2025-01-03 09:10:00;3
03-01-2025;09:20:00;921.4333333333334;6.699999999999999;2.733333333333333;0.6;2025-01-03 09:20:00;3
03-01-2025;09:30:00;921.6333333333332;6.766666666666667;2.933333333333333;0.0;2025-01-03 09:30:00;3
03-01-2025;09:40:00;921.7333333333332;6.833333333333333;2.733333333333333;0.0;2025-01-03 09:40:00;3
03-01-2025;09:50:00;921.8;6.85;2.1999999999999997;0.0;2025-01-03 09:50:00;3
03-01-2025;12:10:00;919.95;7.7;7.65;0.2;2025-01-03 12:10:00;3
03-01-2025;12:20:00;919.8666666666667;7.7;6.6000000000000005;0.0;2025-01-03 12:20:00;3
03-01-2025;12:30:00;919.6999999999999;7.733333333333334;5.1000000000000005;0.0;2025-01-03 12:30:00;3
03-01-2025;12:40:00;919.55;7.750000000000001;3.4000000000000004;0.0;2025-01-03 12:40:00;3
03-01-2025;13:50:00;918.25;8.05;5.25;0.2;2025-01-03 13:50:00;3
03-01-2025;14:00:00;918.1666666666666;8.033333333333333;5.366666666666667;0.0;2025-01-03 14:00:00;3
03-01-2025;14:10:00;918.0333333333333;8.033333333333333;4.066666666666666;0.2;2025-01-03 14:10:00;3
03-01-2025;14:20:00;918.1;8.1;4.466666666666666;0.2;2025-01-03 14:20:00;3
03-01-2025;14:30:00;918.1333333333333;8.166666666666666;3.8333333333333335;0.0;2025-01-03 14:30:00;3
03-01-2025;14:40:00;918.2333333333332;8.0;4.533333333333333;0.2;2025-01-03 14:40:00;3
03-01-2025;14:50:00;918.2333333333332;7.833333333333333;4.433333333333334;0.4;2025-01-03 14:50:00;3
03-01-2025;15:00:00;918.3666666666667;7.466666666666666;4.633333333333334;1.0;2025-01-03 15:00:00;3
03-01-2025;15:10:00;918.3333333333334;7.3;4.633333333333334;0.0;2025-01-03 15:10:00;3
03-01-2025;15:20:00;918.3666666666668;7.166666666666667;3.766666666666666;0.2;2025-01-03 15:20:00;3
03-01-2025;15:30:00;918.3333333333334;7.466666666666666;3.8333333333333335;0.2;2025-01-03 15:30:00;3
03-01-2025;15:40:00;918.4333333333333;7.7;4.333333333333333;0.2;2025-01-03 15:40:00;3
03-01-2025;15:50:00;918.4333333333334;7.966666666666666;5.166666666666667;0.0;2025-01-03 15:50:00;3
03-01-2025;16:00:00;918.3333333333334;8.066666666666666;5.733333333333333;0.0;2025-01-03 16:00:00;3
03-01-2025;16:10:00;918.2333333333332;8.266666666666666;5.266666666666667;0.4;2025-01-03 16:10:00;3
03-01-2025;16:20:00;918.1333333333333;8.366666666666667;5.3999999999999995;0.2;2025-01-03 16:20:00;3
03-01-2025;16:30:00;918.2000000000002;8.299999999999999;5.300000000000001;0.2;2025-01-03 16:30:00;3
03-01-2025;16:40:00;918.1666666666666;8.266666666666667;4.933333333333334;0.0;2025-01-03 16:40:00;3
03-01-2025;16:50:00;918.1999999999999;8.133333333333333;4.533333333333333;0.0;2025-01-03 16:50:00;3
03-01-2025;17:00:00;918.15;8.149999999999999;3.85;0.0;2025-01-03 17:00:00;3
03-01-2025;17:30:00;918.175;8.3;5.1;1.0;2025-01-03 17:30:00;3
03-01-2025;17:40:00;918.25;7.966666666666668;4.433333333333334;3.0;2025-01-03 17:40:00;3
03-01-2025;17:50:00;918.3166666666666;7.6000000000000005;4.066666666666666;2.6;2025-01-03 17:50:00;3
03-01-2025;18:00:00;918.4;7.233333333333333;3.033333333333333;0.2;2025-01-03 18:00:00;3
03-01-2025;18:10:00;918.5;7.166666666666667;4.166666666666667;0.2;2025-01-03 18:10:00;3
03-01-2025;18:20:00;918.6333333333333;7.133333333333333;3.8333333333333335;0.0;2025-01-03 18:20:00;3
03-01-2025;18:30:00;918.6666666666666;7.1;4.7;0.0;2025-01-03 18:30:00;3
03-01-2025;18:40:00;918.65;7.1;3.7999999999999994;0.0;2025-01-03 18:40:00;3
03-01-2025;20:20:00;918.95;7.3;2.85;0.2;2025-01-03 20:20:00;3
03-01-2025;20:30:00;918.9333333333334;7.266666666666667;2.766666666666667;0.0;2025-01-03 20:30:00;3
03-01-2025;20:40:00;918.9333333333333;7.233333333333333;2.733333333333334;0.0;2025-01-03 20:40:00;3
03-01-2025;20:50:00;918.9;7.2;2.8000000000000003;0.0;2025-01-03 20:50:00;3
03-01-2025;22:20:00;918.8;7.5;2.55;0.2;2025-01-03 22:20:00;3
03-01-2025;22:30:00;918.8333333333334;7.5;2.733333333333333;2.0;2025-01-03 22:30:00;3
03-01-2025;22:40:00;918.9666666666667;7.566666666666666;4.066666666666666;1.2;2025-01-03 22:40:00;3
03-01-2025;22:50:00;919.1;7.5;4.466666666666667;0.2;2025-01-03 22:50:00;3
03-01-2025;23:00:00;919.2;7.566666666666666;5.333333333333333;0.2;2025-01-03 23:00:00;3
03-01-2025;23:10:00;919.2;7.566666666666666;5.266666666666667;0.2;2025-01-03 23:10:00;3
03-01-2025;23:20:00;919.1666666666666;7.633333333333333;5.066666666666666;0.2;2025-01-03 23:20:00;3
03-01-2025;23:30:00;919.1333333333333;7.6;4.133333333333334;0.0;2025-01-03 23:30:00;3
03-01-2025;23:40:00;919.0666666666666;7.6;3.433333333333333;0.2;2025-01-03 23:40:00;3
03-01-2025;23:50:00;919.0333333333333;7.533333333333334;3.0666666666666664;0.2;2025-01-03 23:50:00;3
04-01-2025;00:00:00;918.9666666666667;7.5;3.4666666666666663;0.0;2025-01-04 00:00:00;3
04-01-2025;00:10:00;918.9333333333334;7.466666666666668;3.3666666666666667;0.0;2025-01-04 00:10:00;3
04-01-2025;00:20:00;918.8666666666667;7.566666666666666;3.266666666666667;0.0;2025-01-04 00:20:00;3
04-01-2025;00:30:00;918.8666666666667;7.5;3.0666666666666664;0.6;2025-01-04 00:30:00;3
04-01-2025;00:40:00;918.8333333333334;7.433333333333333;2.6999999999999997;0.6;2025-01-04 00:40:00;3
04-01-2025;00:50:00;918.8000000000001;7.333333333333333;2.1999999999999997;0.4;2025-01-04 00:50:00;3
04-01-2025;01:00:00;918.6999999999999;7.266666666666666;1.8666666666666665;0.4;2025-01-04 01:00:00;3
04-01-2025;01:10:00;918.6333333333333;7.2;2.1;0.0;2025-01-04 01:10:00;3
04-01-2025;01:20:00;918.6333333333333;7.133333333333333;1.7;0.2;2025-01-04 01:20:00;3
04-01-2025;01:30:00;918.6333333333333;7.166666666666667;1.2333333333333332;0.0;2025-01-04 01:30:00;3
04-01-2025;01:40:00;918.6;7.2;0.9666666666666665;0.0;2025-01-04 01:40:00;3
04-01-2025;01:50:00;918.5500000000001;7.2;1.4499999999999997;0.0;2025-01-04 01:50:00;3
05-01-2025;08:10:00;922.6500000000001;4.949999999999999;1.4500000000000002;0.2;2025-01-05 08:10:00;3
05-01-2025;08:20:00;922.6999999999999;5.166666666666667;1.866666666666667;0.0;2025-01-05 08:20:00;3
05-01-2025;08:30:00;922.7666666666668;5.466666666666666;2.2;0.0;2025-01-05 08:30:00;3
05-01-2025;08:40:00;922.8;5.65;2.2;0.0;2025-01-05 08:40:00;3
07-01-2025;16:30:00;915.9;9.5;3.85;0.2;2025-01-07 16:30:00;3
07-01-2025;16:40:00;915.9333333333334;9.466666666666667;3.1333333333333333;0.0;2025-01-07 16:40:00;3
07-01-2025;16:50:00;916.0;9.433333333333334;2.966666666666667;0.0;2025-01-07 16:50:00;3
07-01-2025;17:00:00;916.0500000000001;9.4;2.95;0.0;2025-01-07 17:00:00;3
07-01-2025;17:40:00;916.1;9.55;2.95;0.4;2025-01-07 17:40:00;3
07-01-2025;17:50:00;916.1333333333333;9.633333333333333;3.5666666666666664;0.2;2025-01-07 17:50:00;3
07-01-2025;18:00:00;916.1666666666666;9.733333333333334;4.133333333333334;0.0;2025-01-07 18:00:00;3
07-01-2025;18:10:00;916.3000000000001;9.8;4.6;0.0;2025-01-07 18:10:00;3
07-01-2025;18:20:00;916.4333333333334;9.8;3.8000000000000003;0.6;2025-01-07 18:20:00;3
07-01-2025;18:30:00;916.5333333333333;9.6;4.0;1.0;2025-01-07 18:30:00;3
07-01-2025;18:40:00;916.5666666666666;9.466666666666667;3.4333333333333336;1.0;2025-01-07 18:40:00;3
07-01-2025;18:50:00;916.5333333333334;9.333333333333334;3.033333333333333;0.0;2025-01-07 18:50:00;3
07-01-2025;19:00:00;916.6;9.4;2.5;0.0;2025-01-07 19:00:00;3
07-01-2025;19:10:00;916.6;9.4;2.05;0.0;2025-01-07 19:10:00;3
08-01-2025;01:10:00;918.8;7.9;4.0;0.2;2025-01-08 01:10:00;3
08-01-2025;01:20:00;918.8333333333334;7.733333333333334;3.5;0.2;2025-01-08 01:20:00;3
08-01-2025;01:30:00;918.9333333333334;7.333333333333333;3.4333333333333336;0.0;2025-01-08 01:30:00;3
08-01-2025;01:40:00;918.9666666666666;7.433333333333334;3.033333333333333;0.0;2025-01-08 01:40:00;3
08-01-2025;01:50:00;919.0;7.6000000000000005;3.633333333333333;0.6;2025-01-08 01:50:00;3
08-01-2025;02:00:00;919.0;7.733333333333334;4.3999999999999995;0.0;2025-01-08 02:00:00;3
08-01-2025;02:10:00;919.0;7.733333333333333;4.5;0.0;2025-01-08 02:10:00;3
08-01-2025;02:20:00;919.0;7.6499999999999995;4.6;0.0;2025-01-08 02:20:00;3
08-01-2025;03:20:00;918.8499999999999;7.9;3.3499999999999996;0.2;2025-01-08 03:20:00;3
08-01-2025;03:30:00;918.8666666666667;7.8;3.3333333333333335;0.0;2025-01-08 03:30:00;3
08-01-2025;03:40:00;918.9333333333334;7.7;4.266666666666667;0.0;2025-01-08 03:40:00;3
08-01-2025;03:50:00;918.95;7.6;4.250000000000001;0.0;2025-01-08 03:50:00;3
08-01-2025;07:50:00;920.7;5.85;2.75;0.2;2025-01-08 07:50:00;3
08-01-2025;08:00:00;920.7666666666668;5.866666666666667;2.6999999999999997;0.0;2025-01-08 08:00:00;3
08-01-2025;08:10:00;920.9333333333334;5.866666666666667;2.3666666666666667;0.0;2025-01-08 08:10:00;3
08-01-2025;08:20:00;921.0;5.850000000000001;2.55;0.0;2025-01-08 08:20:00;3
09-01-2025;09:20:00;920.9;8.149999999999999;3.9;0.2;2025-01-09 09:20:00;3
09-01-2025;09:30:00;920.9;8.166666666666666;3.6999999999999997;0.0;2025-01-09 09:30:00;3
09-01-2025;09:40:00;920.9;8.233333333333333;3.5999999999999996;0.2;2025-01-09 09:40:00;3
09-01-2025;09:50:00;920.9;8.3;3.233333333333333;0.0;2025-01-09 09:50:00;3
09-01-2025;10:00:00;920.8333333333334;8.333333333333334;2.8666666666666667;0.0;2025-01-09 10:00:00;3
09-01-2025;10:10:00;920.8000000000001;8.3;2.5999999999999996;0.0;2025-01-09 10:10:00;3
09-01-2025;10:50:00;920.6500000000001;8.45;2.0999999999999996;0.4;2025-01-09 10:50:00;3
09-01-2025;11:00:00;920.6999999999999;8.466666666666667;2.3666666666666667;0.2;2025-01-09 11:00:00;3
09-01-2025;11:10:00;920.7000000000002;8.533333333333333;3.133333333333333;0.0;2025-01-09 11:10:00;3
09-01-2025;11:20:00;920.6333333333332;8.566666666666668;3.733333333333333;0.2;2025-01-09 11:20:00;3
09-01-2025;11:30:00;920.4666666666667;8.633333333333333;3.866666666666667;0.0;2025-01-09 11:30:00;3
09-01-2025;11:40:00;920.2333333333332;8.633333333333333;4.1000000000000005;0.0;2025-01-09 11:40:00;3
09-01-2025;11:50:00;920.0999999999999;8.649999999999999;4.300000000000001;0.0;2025-01-09 11:50:00;3
10-01-2025;01:20:00;917.8;8.850000000000001;2.9000000000000004;0.2;2025-01-10 01:20:00;3
10-01-2025;01:30:00;917.8333333333334;8.9;3.233333333333333;0.0;2025-01-10 01:30:00;3
10-01-2025;01:40:00;917.8666666666667;8.866666666666667;3.966666666666667;0.0;2025-01-10 01:40:00;3
10-01-2025;01:50:00;917.9;8.850000000000001;4.1;0.0;2025-01-10 01:50:00;3
11-01-2025;01:40:00;917.6;7.6;2.9;0.2;2025-01-11 01:40:00;3
11-01-2025;01:50:00;917.6;7.566666666666666;2.9333333333333336;0.0;2025-01-11 01:50:00;3
11-01-2025;02:00:00;917.5666666666667;7.566666666666667;3.3333333333333335;0.0;2025-01-11 02:00:00;3
11-01-2025;02:10:00;917.5666666666666;7.8;3.6999999999999997;0.0;2025-01-11 02:10:00;3
11-01-2025;02:20:00;917.5333333333334;8.033333333333333;3.6;0.2;2025-01-11 02:20:00;3
11-01-2025;02:30:00;917.5333333333334;8.2;4.2;0.0;2025-01-11 02:30:00;3
11-01-2025;02:40:00;917.4666666666667;8.133333333333333;3.9;0.0;2025-01-11 02:40:00;3
11-01-2025;02:50:00;917.4;8.1;4.7;0.2;2025-01-11 02:50:00;3
11-01-2025;03:00:00;917.3333333333334;8.166666666666666;5.366666666666667;0.0;2025-01-11 03:00:00;3
11-01-2025;03:10:00;917.2666666666665;8.333333333333334;5.3999999999999995;0.0;2025-01-11 03:10:00;3
11-01-2025;03:20:00;917.2666666666668;8.433333333333334;4.466666666666666;0.0;2025-01-11 03:20:00;3
11-01-2025;03:30:00;917.2333333333332;8.433333333333332;2.766666666666667;0.2;2025-01-11 03:30:00;3
11-01-2025;03:40:00;917.2333333333335;8.466666666666667;2.6;0.0;2025-01-11 03:40:00;3
11-01-2025;03:50:00;917.1666666666666;8.5;2.6999999999999997;0.0;2025-01-11 03:50:00;3
11-01-2025;04:00:00;917.1500000000001;8.55;2.9499999999999997;0.0;2025-01-11 04:00:00;3
11-01-2025;05:10:00;916.8499999999999;8.35;3.3;0.2;2025-01-11 05:10:00;3
11-01-2025;05:20:00;916.9;8.299999999999999;3.233333333333333;0.0;2025-01-11 05:20:00;3
11-01-2025;05:30:00;916.9333333333333;8.133333333333333;4.066666666666666;0.0;2025-01-11 05:30:00;3
11-01-2025;05:40:00;917.0;8.1;4.3;0.0;2025-01-11 05:40:00;3
11-01-2025;15:40:00;914.7;8.75;1.35;0.2;2025-01-11 15:40:00;3
11-01-2025;15:50:00;914.6666666666666;8.733333333333333;1.3666666666666665;0.2;2025-01-11 15:50:00;3
11-01-2025;16:00:00;914.6;8.566666666666666;1.0999999999999999;1.2;2025-01-11 16:00:00;3
11-01-2025;16:10:00;914.5666666666666;8.533333333333333;1.0999999999999999;0.6;2025-01-11 16:10:00;3
11-01-2025;16:20:00;914.5666666666667;8.433333333333334;0.9;1.0;2025-01-11 16:20:00;3
11-01-2025;16:30:00;914.5666666666667;8.333333333333334;1.1666666666666667;1.0;2025-01-11 16:30:00;3
11-01-2025;16:40:00;914.5333333333333;8.066666666666666;1.0;1.0;2025-01-11 16:40:00;3
11-01-2025;16:50:00;914.5333333333334;7.866666666666667;1.4666666666666668;0.6;2025-01-11 16:50:00;3
11-01-2025;17:00:00;914.5333333333334;7.766666666666667;1.5333333333333332;0.6;2025-01-11 17:00:00;3
11-01-2025;17:10:00;914.5;7.766666666666666;1.8;0.8;2025-01-11 17:10:00;3
11-01-2025;17:20:00;914.4666666666667;7.8;1.5333333333333332;0.6;2025-01-11 17:20:00;3
11-01-2025;17:30:00;914.4333333333334;7.766666666666667;2.3000000000000003;0.4;2025-01-11 17:30:00;3
11-01-2025;17:40:00;914.4666666666666;7.666666666666667;2.6999999999999997;1.0;2025-01-11 17:40:00;3
11-01-2025;17:50:00;914.4333333333333;7.466666666666666;2.7999999999999994;0.8;2025-01-11 17:50:00;3
11-01-2025;18:00:00;914.4333333333334;7.266666666666667;2.5666666666666664;0.4;2025-01-11 18:00:00;3
11-01-2025;18:10:00;914.4;7.033333333333334;2.5999999999999996;0.6;2025-01-11 18:10:00;3
11-01-2025;18:20:00;914.3666666666667;6.733333333333333;4.166666666666667;0.4;2025-01-11 18:20:00;3
11-01-2025;18:30:00;914.3333333333334;6.466666666666666;4.233333333333333;0.2;2025-01-11 18:30:00;3
11-01-2025;18:40:00;914.2666666666665;6.2;5.966666666666666;0.4;2025-01-11 18:40:00;3
11-01-2025;18:50:00;914.2000000000002;5.966666666666666;7.0666666666666655;0.2;2025-01-11 18:50:00;3
11-01-2025;19:00:00;914.1333333333333;5.766666666666667;8.266666666666666;0.2;2025-01-11 19:00:00;3
11-01-2025;19:10:00;914.1;5.666666666666667;7.0666666666666655;0.2;2025-01-11 19:10:00;3
11-01-2025;19:20:00;914.1;5.566666666666666;6.199999999999999;0.2;2025-01-11 19:20:00;3
11-01-2025;19:30:00;914.0333333333334;5.3999999999999995;7.433333333333333;0.2;2025-01-11 19:30:00;3
11-01-2025;19:40:00;913.9666666666667;5.233333333333333;8.733333333333333;0.2;2025-01-11 19:40:00;3
11-01-2025;19:50:00;913.9;5.1000000000000005;9.433333333333332;0.2;2025-01-11 19:50:00;3
11-01-2025;20:00:00;913.8666666666667;5.033333333333333;8.1;0.2;2025-01-11 20:00:00;3
11-01-2025;20:10:00;913.8666666666667;4.933333333333334;7.333333333333332;0.2;2025-01-11 20:10:00;3
11-01-2025;20:20:00;913.8333333333334;4.9;6.666666666666667;0.2;2025-01-11 20:20:00;3
11-01-2025;20:30:00;913.8666666666667;4.966666666666667;5.566666666666666;0.2;2025-01-11 20:30:00;3
11-01-2025;20:40:00;913.9;4.966666666666667;7.3;0.2;2025-01-11 20:40:00;3
11-01-2025;20:50:00;913.9333333333334;4.933333333333334;7.166666666666667;0.2;2025-01-11 20:50:00;3
11-01-2025;21:00:00;913.9;4.8;8.966666666666667;0.4;2025-01-11 21:00:00;3
11-01-2025;21:10:00;913.8000000000001;4.7;7.666666666666667;0.2;2025-01-11 21:10:00;3
11-01-2025;21:20:00;913.7333333333332;4.6000000000000005;7.933333333333333;0.4;2025-01-11 21:20:00;3
11-01-2025;21:30:00;913.7;4.366666666666666;8.966666666666667;0.2;2025-01-11 21:30:00;3
11-01-2025;21:40:00;913.7;4.133333333333334;9.933333333333332;0.2;2025-01-11 21:40:00;3
11-01-2025;21:50:00;913.6;3.9;11.533333333333333;0.4;2025-01-11 21:50:00;3
11-01-2025;22:00:00;913.5;3.8000000000000003;10.033333333333333;0.2;2025-01-11 22:00:00;3
11-01-2025;22:10:00;913.3666666666667;3.733333333333333;11.433333333333332;0.2;2025-01-11 22:10:00;3
11-01-2025;22:20:00;913.3333333333334;3.6666666666666665;10.166666666666666;0.2;2025-01-11 22:20:00;3
11-01-2025;22:30:00;913.3;3.5;10.233333333333333;0.2;2025-01-11 22:30:00;3
11-01-2025;22:40:00;913.2666666666668;3.366666666666667;9.799999999999999;0.4;2025-01-11 22:40:00;3
11-01-2025;22:50:00;913.2333333333332;3.1666666666666665;10.9;0.4;2025-01-11 22:50:00;3
11-01-2025;23:00:00;913.1333333333333;3.033333333333333;11.466666666666667;0.2;2025-01-11 23:00:00;3
11-01-2025;23:10:00;913.0666666666666;2.8333333333333335;11.166666666666666;0.4;2025-01-11 23:10:00;3
11-01-2025;23:20:00;913.1666666666666;2.6999999999999997;10.633333333333333;0.2;2025-01-11 23:20:00;3
11-01-2025;23:30:00;913.2000000000002;2.566666666666667;10.466666666666667;0.2;2025-01-11 23:30:00;3
11-01-2025;23:40:00;913.1666666666666;2.433333333333333;9.7;0.4;2025-01-11 23:40:00;3
11-01-2025;23:50:00;912.9333333333334;2.266666666666666;8.566666666666665;0.2;2025-01-11 23:50:00;3
12-01-2025;00:00:00;913.0666666666666;2.1333333333333333;9.833333333333334;0.2;2025-01-12 00:00:00;3
12-01-2025;00:10:00;913.0666666666666;2.0;8.0;0.4;2025-01-12 00:10:00;3
12-01-2025;00:20:00;913.1;1.8666666666666665;9.866666666666667;0.4;2025-01-12 00:20:00;3
12-01-2025;00:30:00;912.9333333333334;1.7333333333333334;7.599999999999999;0.6;2025-01-12 00:30:00;3
12-01-2025;00:40:00;913.0333333333333;1.5999999999999999;10.066666666666666;0.4;2025-01-12 00:40:00;3
12-01-2025;00:50:00;912.7333333333332;1.4666666666666668;11.4;0.6;2025-01-12 00:50:00;3
12-01-2025;01:00:00;912.7333333333332;1.366666666666667;11.399999999999999;0.8;2025-01-12 01:00:00;3
12-01-2025;01:10:00;912.6333333333333;1.3;11.299999999999999;0.4;2025-01-12 01:10:00;3
12-01-2025;01:20:00;912.7666666666668;1.2666666666666666;7.366666666666667;0.4;2025-01-12 01:20:00;3
12-01-2025;01:30:00;912.5666666666666;1.2666666666666668;7.3;0.4;2025-01-12 01:30:00;3
12-01-2025;01:40:00;912.3666666666667;1.2;6.133333333333333;0.4;2025-01-12 01:40:00;3
12-01-2025;01:50:00;912.4333333333333;1.1666666666666667;7.133333333333334;0.4;2025-01-12 01:50:00;3
12-01-2025;02:00:00;912.4333333333334;1.1;7.199999999999999;0.4;2025-01-12 02:00:00;3
12-01-2025;02:10:00;912.5333333333333;1.0333333333333334;8.233333333333334;0.4;2025-01-12 02:10:00;3
12-01-2025;02:20:00;912.5;0.8666666666666667;8.833333333333334;0.8;2025-01-12 02:20:00;3
12-01-2025;02:30:00;912.5666666666666;0.6;11.1;1.0;2025-01-12 02:30:00;3
12-01-2025;02:40:00;912.6333333333333;0.3333333333333333;9.0;0.8;2025-01-12 02:40:00;3
12-01-2025;02:50:00;912.6666666666666;0.16666666666666666;10.733333333333334;0.2;2025-01-12 02:50:00;3
12-01-2025;03:00:00;912.6666666666666;0.06666666666666667;7.9333333333333345;0.0;2025-01-12 03:00:00;3
12-01-2025;03:10:00;912.5;0.0;10.200000000000001;0.0;2025-01-12 03:10:00;3
12-01-2025;03:20:00;912.45;-0.05;7.950000000000001;0.0;2025-01-12 03:20:00;3
12-01-2025;07:20:00;911.2;-0.3;15.05;0.2;2025-01-12 07:20:00;3
12-01-2025;07:30:00;911.1999999999999;-0.3333333333333333;16.266666666666666;0.0;2025-01-12 07:30:00;3
12-01-2025;07:40:00;911.0;-0.3666666666666667;15.1;0.0;2025-01-12 07:40:00;3
12-01-2025;07:50:00;910.95;-0.4;16.849999999999998;0.0;2025-01-12 07:50:00;3
13-01-2025;13:20:00;918.7;-0.15000000000000002;7.949999999999999;0.2;2025-01-13 13:20:00;3
13-01-2025;13:30:00;918.7666666666668;-0.10000000000000002;9.966666666666667;0.0;2025-01-13 13:30:00;3
13-01-2025;13:40:00;918.8666666666667;-0.06666666666666667;10.0;0.0;2025-01-13 13:40:00;3
13-01-2025;13:50:00;918.9;-0.05;11.15;0.0;2025-01-13 13:50:00;3
14-01-2025;10:30:00;923.2;-0.2;11.8;0.2;2025-01-14 10:30:00;3
14-01-2025;10:40:00;923.1999999999999;-0.19999999999999998;11.566666666666668;0.0;2025-01-14 10:40:00;3
14-01-2025;10:50:00;923.2333333333335;-0.13333333333333333;12.166666666666666;0.2;2025-01-14 10:50:00;3
14-01-2025;11:00:00;923.1333333333333;-0.10000000000000002;11.733333333333334;0.0;2025-01-14 11:00:00;3
14-01-2025;11:10:00;923.0333333333334;-0.06666666666666667;13.833333333333334;0.2;2025-01-14 11:10:00;3
14-01-2025;11:20:00;922.8666666666667;-0.10000000000000002;15.733333333333334;0.2;2025-01-14 11:20:00;3
14-01-2025;11:30:00;922.7999999999998;-0.06666666666666667;13.199999999999998;0.0;2025-01-14 11:30:00;3
14-01-2025;11:40:00;922.6666666666666;0.03333333333333333;10.666666666666666;0.2;2025-01-14 11:40:00;3
14-01-2025;11:50:00;922.6666666666666;0.20000000000000004;7.533333333333334;0.0;2025-01-14 11:50:00;3
14-01-2025;12:00:00;922.6;0.19999999999999998;9.9;0.2;2025-01-14 12:00:00;3
14-01-2025;12:10:00;922.5666666666666;0.16666666666666666;9.166666666666666;0.2;2025-01-14 12:10:00;3
14-01-2025;12:20:00;922.4;0.13333333333333333;10.299999999999999;0.0;2025-01-14 12:20:00;3
14-01-2025;12:30:00;922.1666666666666;0.20000000000000004;8.6;0.2;2025-01-14 12:30:00;3
14-01-2025;12:40:00;922.0333333333333;0.26666666666666666;7.866666666666666;0.0;2025-01-14 12:40:00;3
14-01-2025;12:50:00;921.9333333333334;0.26666666666666666;7.366666666666667;0.2;2025-01-14 12:50:00;3
14-01-2025;13:00:00;921.9;0.19999999999999998;6.3;0.0;2025-01-14 13:00:00;3
14-01-2025;13:10:00;921.7666666666665;0.13333333333333333;7.5;0.2;2025-01-14 13:10:00;3
14-01-2025;13:20:00;921.6;0.06666666666666667;9.433333333333332;0.0;2025-01-14 13:20:00;3
14-01-2025;13:30:00;921.5333333333333;0.06666666666666667;9.2;0.0;2025-01-14 13:30:00;3
14-01-2025;13:40:00;921.5333333333334;0.03333333333333333;9.033333333333333;0.2;2025-01-14 13:40:00;3
14-01-2025;13:50:00;921.5;0.03333333333333333;8.0;0.0;2025-01-14 13:50:00;3
14-01-2025;14:00:00;921.4;0.03333333333333333;10.033333333333331;0.0;2025-01-14 14:00:00;3
14-01-2025;14:10:00;921.3;0.05;10.799999999999997;0.0;2025-01-14 14:10:00;3
18-01-2025;00:50:00;925.0;3.8;9.15;0.4;2025-01-18 00:50:00;3
18-01-2025;01:00:00;924.9333333333334;3.8;9.533333333333333;0.2;2025-01-18 01:00:00;3
18-01-2025;01:10:00;924.8333333333334;3.9;8.833333333333334;0.2;2025-01-18 01:10:00;3
18-01-2025;01:20:00;924.8333333333334;3.933333333333333;6.633333333333333;0.0;2025-01-18 01:20:00;3
18-01-2025;01:30:00;924.9;4.0;4.599999999999999;0.2;2025-01-18 01:30:00;3
18-01-2025;01:40:00;924.9666666666667;3.933333333333333;5.399999999999999;0.0;2025-01-18 01:40:00;3
18-01-2025;01:50:00;924.9333333333333;3.9666666666666663;6.833333333333333;0.2;2025-01-18 01:50:00;3
18-01-2025;02:00:00;924.9;3.9666666666666663;7.333333333333333;0.2;2025-01-18 02:00:00;3
18-01-2025;02:10:00;925.0;3.9;8.433333333333334;0.2;2025-01-18 02:10:00;3
18-01-2025;02:20:00;925.0;3.7999999999999994;6.6000000000000005;0.2;2025-01-18 02:20:00;3
18-01-2025;02:30:00;925.0666666666666;3.633333333333333;6.833333333333333;0.0;2025-01-18 02:30:00;3
18-01-2025;02:40:00;924.9333333333334;3.5999999999999996;5.6000000000000005;0.2;2025-01-18 02:40:00;3
18-01-2025;02:50:00;924.8666666666667;3.5999999999999996;5.833333333333333;0.0;2025-01-18 02:50:00;3
18-01-2025;03:00:00;924.6666666666666;3.633333333333333;7.533333333333334;0.2;2025-01-18 03:00:00;3
18-01-2025;03:10:00;924.5666666666666;3.6999999999999997;9.233333333333333;0.2;2025-01-18 03:10:00;3
18-01-2025;03:20:00;924.7000000000002;3.6999999999999993;10.066666666666666;0.2;2025-01-18 03:20:00;3
18-01-2025;03:30:00;924.8000000000001;3.733333333333333;7.666666666666667;0.2;2025-01-18 03:30:00;3
18-01-2025;03:40:00;924.9666666666667;3.7;6.2;0.4;2025-01-18 03:40:00;3
18-01-2025;03:50:00;924.9666666666667;3.7999999999999994;6.7;0.4;2025-01-18 03:50:00;3
18-01-2025;04:00:00;925.0666666666666;3.9;7.3;0.4;2025-01-18 04:00:00;3
18-01-2025;04:10:00;925.0;4.066666666666666;6.866666666666667;0.6;2025-01-18 04:10:00;3
18-01-2025;04:20:00;924.9666666666667;4.066666666666666;8.066666666666666;0.6;2025-01-18 04:20:00;3
18-01-2025;04:30:00;924.8666666666667;4.033333333333333;9.366666666666667;0.8;2025-01-18 04:30:00;3
18-01-2025;04:40:00;924.9;3.9;9.433333333333334;0.8;2025-01-18 04:40:00;3
18-01-2025;04:50:00;924.9333333333334;3.7999999999999994;8.4;0.8;2025-01-18 04:50:00;3
18-01-2025;05:00:00;924.8000000000001;3.733333333333333;6.433333333333333;1.2;2025-01-18 05:00:00;3
18-01-2025;05:10:00;924.6333333333333;3.733333333333333;7.033333333333334;0.6;2025-01-18 05:10:00;3
18-01-2025;05:20:00;924.4333333333334;3.7999999999999994;7.433333333333333;0.6;2025-01-18 05:20:00;3
18-01-2025;05:30:00;924.4333333333333;3.8666666666666667;8.1;0.6;2025-01-18 05:30:00;3
18-01-2025;05:40:00;924.4;3.866666666666666;7.166666666666667;0.4;2025-01-18 05:40:00;3
18-01-2025;05:50:00;924.3000000000001;3.8333333333333326;6.733333333333333;0.2;2025-01-18 05:50:00;3
18-01-2025;06:00:00;924.1666666666666;3.8;9.466666666666667;0.0;2025-01-18 06:00:00;3
18-01-2025;06:10:00;924.1333333333333;3.766666666666666;10.366666666666667;0.2;2025-01-18 06:10:00;3
18-01-2025;06:20:00;924.1333333333333;3.766666666666666;10.466666666666667;0.0;2025-01-18 06:20:00;3
18-01-2025;06:30:00;924.15;3.8333333333333335;6.933333333333333;0.0;2025-01-18 06:30:00;3
18-01-2025;06:40:00;924.0499999999998;3.9;6.966666666666666;0.4;2025-01-18 06:40:00;3
18-01-2025;06:50:00;924.0500000000001;3.9;7.133333333333333;0.0;2025-01-18 06:50:00;3
18-01-2025;07:00:00;923.9666666666667;3.8333333333333335;8.399999999999999;0.2;2025-01-18 07:00:00;3
18-01-2025;07:10:00;923.8666666666667;3.9;10.266666666666666;0.2;2025-01-18 07:10:00;3
18-01-2025;07:20:00;923.7333333333335;3.9;10.699999999999998;0.0;2025-01-18 07:20:00;3
18-01-2025;07:30:00;923.6666666666666;3.933333333333333;9.766666666666666;0.0;2025-01-18 07:30:00;3
18-01-2025;07:40:00;923.6500000000001;3.8499999999999996;7.349999999999999;0.0;2025-01-18 07:40:00;3
18-01-2025;20:40:00;923.05;4.8;5.95;0.2;2025-01-18 20:40:00;3
18-01-2025;20:50:00;923.1;5.0;5.233333333333333;0.0;2025-01-18 20:50:00;3
18-01-2025;21:00:00;923.1333333333333;5.3;5.566666666666666;0.0;2025-01-18 21:00:00;3
18-01-2025;21:10:00;923.1666666666666;5.366666666666667;5.466666666666666;0.0;2025-01-18 21:10:00;3
18-01-2025;21:20:00;923.1666666666666;5.2;7.866666666666667;0.2;2025-01-18 21:20:00;3
18-01-2025;21:30:00;923.1333333333333;5.033333333333334;8.200000000000001;0.0;2025-01-18 21:30:00;3
18-01-2025;21:40:00;923.1333333333333;5.033333333333334;8.5;0.0;2025-01-18 21:40:00;3
18-01-2025;21:50:00;923.1333333333333;5.066666666666666;7.333333333333333;0.0;2025-01-18 21:50:00;3
18-01-2025;22:00:00;923.1666666666666;5.033333333333333;6.433333333333334;0.2;2025-01-18 22:00:00;3
18-01-2025;22:10:00;923.1333333333333;5.033333333333333;7.266666666666666;0.0;2025-01-18 22:10:00;3
18-01-2025;22:20:00;923.1333333333333;5.066666666666666;7.166666666666667;0.0;2025-01-18 22:20:00;3
18-01-2025;22:30:00;923.1;5.05;8.4;0.0;2025-01-18 22:30:00;3
20-01-2025;15:10:00;922.1;7.3;1.9;0.2;2025-01-20 15:10:00;3
20-01-2025;15:20:00;922.0666666666666;7.333333333333333;1.9333333333333333;0.0;2025-01-20 15:20:00;3
20-01-2025;15:30:00;922.0333333333334;7.466666666666666;1.8333333333333333;0.0;2025-01-20 15:30:00;3
20-01-2025;15:40:00;921.9666666666667;7.633333333333333;1.9666666666666668;0.2;2025-01-20 15:40:00;3
20-01-2025;15:50:00;921.9;7.766666666666667;1.9000000000000001;0.0;2025-01-20 15:50:00;3
20-01-2025;16:00:00;921.8333333333334;7.866666666666667;1.9333333333333336;0.0;2025-01-20 16:00:00;3
20-01-2025;16:10:00;921.8;7.9;1.8;0.0;2025-01-20 16:10:00;3
20-01-2025;23:10:00;922.1;6.45;1.3;0.2;2025-01-20 23:10:00;3
20-01-2025;23:20:00;922.1;6.2;1.4333333333333333;0.0;2025-01-20 23:20:00;3
20-01-2025;23:30:00;922.1333333333333;5.733333333333333;1.9333333333333333;0.4;2025-01-20 23:30:00;3
20-01-2025;23:40:00;922.1333333333333;5.233333333333333;2.033333333333333;1.4;2025-01-20 23:40:00;3
20-01-2025;23:50:00;922.1333333333333;4.933333333333334;2.266666666666666;1.2;2025-01-20 23:50:00;3
21-01-2025;00:00:00;922.1;4.8999999999999995;2.033333333333333;1.2;2025-01-21 00:00:00;3
21-01-2025;00:10:00;922.0;4.966666666666667;1.6666666666666667;1.0;2025-01-21 00:10:00;3
21-01-2025;00:20:00;921.8000000000001;5.1000000000000005;1.3333333333333333;0.8;2025-01-21 00:20:00;3
21-01-2025;00:30:00;921.5666666666666;5.3999999999999995;1.0999999999999999;0.2;2025-01-21 00:30:00;3
21-01-2025;00:40:00;921.3666666666667;5.7;1.0666666666666667;0.0;2025-01-21 00:40:00;3
21-01-2025;00:50:00;921.2333333333332;5.933333333333334;1.0333333333333334;0.0;2025-01-21 00:50:00;3
21-01-2025;01:00:00;921.1499999999999;5.949999999999999;1.05;0.0;2025-01-21 01:00:00;3
21-01-2025;01:20:00;921.2;6.0;1.75;0.2;2025-01-21 01:20:00;3
21-01-2025;01:30:00;921.2;6.0;2.2666666666666666;0.0;2025-01-21 01:30:00;3
21-01-2025;01:40:00;921.2333333333332;6.066666666666666;2.3666666666666667;0.0;2025-01-21 01:40:00;3
21-01-2025;01:50:00;921.2499999999999;6.1;2.6;0.0;2025-01-21 01:50:00;3
21-01-2025;04:30:00;920.2;5.25;2.3;0.2;2025-01-21 04:30:00;3
21-01-2025;04:40:00;920.2;5.3999999999999995;2.1999999999999997;0.0;2025-01-21 04:40:00;3
21-01-2025;04:50:00;920.2;5.5;2.1666666666666665;0.0;2025-01-21 04:50:00;3
21-01-2025;05:00:00;920.2;5.6;1.9000000000000001;0.0;2025-01-21 05:00:00;3
21-01-2025;05:50:00;920.25;5.4;1.6;0.2;2025-01-21 05:50:00;3
21-01-2025;06:00:00;920.2333333333332;5.433333333333334;1.7666666666666668;0.0;2025-01-21 06:00:00;3
21-01-2025;06:10:00;920.2333333333332;5.433333333333334;1.7666666666666668;0.0;2025-01-21 06:10:00;3
21-01-2025;06:20:00;920.2499999999999;5.5;1.8500000000000003;0.0;2025-01-21 06:20:00;3
21-01-2025;06:50:00;920.4;5.6;2.45;0.2;2025-01-21 06:50:00;3
21-01-2025;07:00:00;920.3666666666667;5.6;2.2333333333333334;0.0;2025-01-21 07:00:00;3
21-01-2025;07:10:00;920.3666666666667;5.633333333333333;2.066666666666667;0.0;2025-01-21 07:10:00;3
21-01-2025;07:20:00;920.35;5.6499999999999995;1.8499999999999999;0.0;2025-01-21 07:20:00;3
21-01-2025;09:00:00;920.95;5.15;1.75;0.8;2025-01-21 09:00:00;3
21-01-2025;09:10:00;920.9;5.1000000000000005;1.5999999999999999;0.6;2025-01-21 09:10:00;3
21-01-2025;09:20:00;920.7666666666668;5.033333333333334;1.4333333333333333;0.0;2025-01-21 09:20:00;3
21-01-2025;09:30:00;920.6666666666666;5.466666666666666;1.3333333333333333;0.2;2025-01-21 09:30:00;3
21-01-2025;09:40:00;920.6666666666666;6.1000000000000005;1.1333333333333333;0.0;2025-01-21 09:40:00;3
21-01-2025;09:50:00;920.7333333333332;6.7;0.8333333333333334;0.0;2025-01-21 09:50:00;3
21-01-2025;10:00:00;920.8;6.850000000000001;0.8;0.0;2025-01-21 10:00:00;3
21-01-2025;21:00:00;921.55;4.4;1.4500000000000002;0.4;2025-01-21 21:00:00;3
21-01-2025;21:10:00;921.5333333333333;4.433333333333334;1.3;0.6;2025-01-21 21:10:00;3
21-01-2025;21:20:00;921.5;4.6000000000000005;1.3666666666666665;0.4;2025-01-21 21:20:00;3
21-01-2025;21:30:00;921.5666666666667;4.8999999999999995;1.5333333333333334;0.0;2025-01-21 21:30:00;3
21-01-2025;21:40:00;921.6;5.133333333333334;1.4333333333333336;0.0;2025-01-21 21:40:00;3
21-01-2025;21:50:00;921.6500000000001;5.25;1.2500000000000002;0.0;2025-01-21 21:50:00;3
22-01-2025;01:10:00;921.6;4.9;0.8;0.2;2025-01-22 01:10:00;3
22-01-2025;01:20:00;921.5666666666666;4.8;0.5333333333333333;0.0;2025-01-22 01:20:00;3
22-01-2025;01:30:00;921.5333333333334;4.7;0.6666666666666666;0.0;2025-01-22 01:30:00;3
22-01-2025;01:40:00;921.5;4.65;0.65;0.0;2025-01-22 01:40:00;3
22-01-2025;14:20:00;920.95;6.65;0.8500000000000001;0.2;2025-01-22 14:20:00;3
22-01-2025;14:30:00;920.9333333333334;6.7;1.5333333333333332;0.0;2025-01-22 14:30:00;3
22-01-2025;14:40:00;920.9333333333334;6.666666666666667;1.9666666666666668;0.0;2025-01-22 14:40:00;3
22-01-2025;14:50:00;920.95;6.699999999999999;2.5;0.0;2025-01-22 14:50:00;3
25-01-2025;03:00:00;925.05;8.25;1.75;0.2;2025-01-25 03:00:00;3
25-01-2025;03:10:00;925.0333333333333;8.200000000000001;1.7333333333333334;0.0;2025-01-25 03:10:00;3
25-01-2025;03:20:00;925.0;8.166666666666666;1.8333333333333333;0.0;2025-01-25 03:20:00;3
25-01-2025;03:30:00;925.0;8.15;1.9;0.0;2025-01-25 03:30:00;3
25-01-2025;08:40:00;926.05;8.149999999999999;1.0;0.2;2025-01-25 08:40:00;3
25-01-2025;08:50:00;926.0666666666666;8.133333333333333;1.5333333333333332;0.0;2025-01-25 08:50:00;3
25-01-2025;09:00:00;926.0;8.2;1.3;0.0;2025-01-25 09:00:00;3
25-01-2025;09:10:00;926.0;8.2;1.75;0.0;2025-01-25 09:10:00;3
28-01-2025;10:00:00;917.1;9.75;5.25;0.2;2025-01-28 10:00:00;3
28-01-2025;10:10:00;917.1333333333333;9.9;5.233333333333333;0.0;2025-01-28 10:10:00;3
28-01-2025;10:20:00;917.1666666666666;10.266666666666667;6.633333333333333;0.0;2025-01-28 10:20:00;3
28-01-2025;10:30:00;917.1333333333333;10.5;6.733333333333333;0.2;2025-01-28 10:30:00;3
28-01-2025;10:40:00;917.0333333333333;10.6;6.733333333333333;0.0;2025-01-28 10:40:00;3
28-01-2025;10:50:00;916.9333333333334;10.466666666666667;5.466666666666666;0.0;2025-01-28 10:50:00;3
28-01-2025;11:00:00;916.8000000000001;10.4;6.2;0.0;2025-01-28 11:00:00;3
28-01-2025;11:10:00;916.6333333333332;10.366666666666667;6.5;0.2;2025-01-28 11:10:00;3
28-01-2025;11:20:00;916.3666666666667;10.333333333333334;6.533333333333334;0.0;2025-01-28 11:20:00;3
28-01-2025;11:30:00;916.1333333333333;10.266666666666666;6.2;0.0;2025-01-28 11:30:00;3
28-01-2025;11:40:00;916.0;10.2;6.250000000000001;0.0;2025-01-28 11:40:00;3
28-01-2025;13:10:00;914.3;9.5;7.050000000000001;0.4;2025-01-28 13:10:00;3
28-01-2025;13:20:00;914.3333333333334;9.200000000000001;6.366666666666667;1.0;2025-01-28 13:20:00;3
28-01-2025;13:30:00;914.3333333333334;8.866666666666665;4.833333333333333;2.4;2025-01-28 13:30:00;3
28-01-2025;13:40:00;914.3666666666667;8.666666666666666;4.033333333333333;1.4;2025-01-28 13:40:00;3
28-01-2025;13:50:00;914.2999999999998;8.9;4.966666666666666;1.2;2025-01-28 13:50:00;3
28-01-2025;14:00:00;914.2666666666668;9.166666666666666;4.266666666666667;1.2;2025-01-28 14:00:00;3
28-01-2025;14:10:00;914.3000000000001;9.333333333333334;5.7;0.2;2025-01-28 14:10:00;3
28-01-2025;14:20:00;914.4666666666667;9.466666666666667;5.433333333333333;0.2;2025-01-28 14:20:00;3
28-01-2025;14:30:00;914.6333333333333;9.600000000000001;6.133333333333333;0.0;2025-01-28 14:30:00;3
28-01-2025;14:40:00;914.8333333333334;9.833333333333334;5.533333333333332;0.2;2025-01-28 14:40:00;3
28-01-2025;14:50:00;915.0;9.966666666666667;4.8;0.6;2025-01-28 14:50:00;3
28-01-2025;15:00:00;915.1333333333333;10.033333333333333;5.066666666666666;0.4;2025-01-28 15:00:00;3
28-01-2025;15:10:00;915.1666666666666;9.966666666666667;4.133333333333332;0.6;2025-01-28 15:10:00;3
28-01-2025;15:20:00;915.1666666666666;9.866666666666667;4.3;0.4;2025-01-28 15:20:00;3
28-01-2025;15:30:00;915.2333333333332;9.8;3.5333333333333328;0.0;2025-01-28 15:30:00;3
28-01-2025;15:40:00;915.2333333333332;9.733333333333334;3.5;0.0;2025-01-28 15:40:00;3
28-01-2025;15:50:00;915.2499999999999;9.700000000000001;2.5999999999999996;0.0;2025-01-28 15:50:00;3
28-01-2025;16:40:00;915.65;9.6;2.55;0.2;2025-01-28 16:40:00;3
28-01-2025;16:50:00;915.6666666666666;9.166666666666666;2.6;0.0;2025-01-28 16:50:00;3
28-01-2025;17:00:00;915.8000000000001;8.633333333333333;2.5;0.0;2025-01-28 17:00:00;3
28-01-2025;17:10:00;915.8000000000001;8.35;2.7;0.0;2025-01-28 17:10:00;3
29-01-2025;11:10:00;918.7;6.65;2.9;0.4;2025-01-29 11:10:00;3
29-01-2025;11:20:00;918.7;6.433333333333334;3.2999999999999994;0.4;2025-01-29 11:20:00;3
29-01-2025;11:30:00;918.6666666666666;6.066666666666666;3.133333333333333;0.6;2025-01-29 11:30:00;3
29-01-2025;11:40:00;918.6333333333333;5.7;3.233333333333333;0.6;2025-01-29 11:40:00;3
29-01-2025;11:50:00;918.6;5.366666666666667;2.966666666666667;0.6;2025-01-29 11:50:00;3
29-01-2025;12:00:00;918.6;4.933333333333333;3.3666666666666667;1.6;2025-01-29 12:00:00;3
29-01-2025;12:10:00;918.5666666666666;4.566666666666666;4.033333333333334;1.6;2025-01-29 12:10:00;3
29-01-2025;12:20:00;918.4666666666667;4.3;4.133333333333334;1.0;2025-01-29 12:20:00;3
29-01-2025;12:30:00;918.3000000000001;4.3;3.8000000000000003;0.4;2025-01-29 12:30:00;3
29-01-2025;12:40:00;918.1333333333333;4.433333333333333;3.266666666666667;0.6;2025-01-29 12:40:00;3
29-01-2025;12:50:00;918.0;4.733333333333333;2.7000000000000006;0.0;2025-01-29 12:50:00;3
29-01-2025;13:00:00;917.9;4.933333333333333;3.4333333333333336;0.2;2025-01-29 13:00:00;3
29-01-2025;13:10:00;917.8333333333334;5.033333333333333;2.6666666666666665;0.2;2025-01-29 13:10:00;3
29-01-2025;13:20:00;917.8;5.0;2.4;0.4;2025-01-29 13:20:00;3
29-01-2025;13:30:00;917.8;5.033333333333334;1.2333333333333334;0.2;2025-01-29 13:30:00;3
29-01-2025;13:40:00;917.7333333333332;5.033333333333334;1.7333333333333334;0.4;2025-01-29 13:40:00;3
29-01-2025;13:50:00;917.6666666666666;5.033333333333334;2.0;0.4;2025-01-29 13:50:00;3
29-01-2025;14:00:00;917.6;5.233333333333333;2.1;0.4;2025-01-29 14:00:00;3
29-01-2025;14:10:00;917.6;5.533333333333334;1.3333333333333333;0.6;2025-01-29 14:10:00;3
29-01-2025;14:20:00;917.6;5.666666666666667;1.0999999999999999;0.4;2025-01-29 14:20:00;3
29-01-2025;14:30:00;917.5666666666667;5.5;0.7666666666666666;0.6;2025-01-29 14:30:00;3
29-01-2025;14:40:00;917.5;5.266666666666667;1.4000000000000001;0.6;2025-01-29 14:40:00;3
29-01-2025;14:50:00;917.4;5.233333333333333;1.7999999999999998;0.6;2025-01-29 14:50:00;3
29-01-2025;15:00:00;917.3000000000001;5.2;1.9666666666666668;0.4;2025-01-29 15:00:00;3
29-01-2025;15:10:00;917.2333333333332;5.266666666666667;1.7999999999999998;0.6;2025-01-29 15:10:00;3
29-01-2025;15:20:00;917.2333333333332;5.233333333333333;1.6666666666666667;0.0;2025-01-29 15:20:00;3
29-01-2025;15:30:00;917.2333333333332;5.266666666666667;1.7333333333333334;0.6;2025-01-29 15:30:00;3
29-01-2025;15:40:00;917.1999999999999;5.266666666666667;1.9000000000000001;0.6;2025-01-29 15:40:00;3
29-01-2025;15:50:00;917.1333333333333;5.3;2.1666666666666665;0.6;2025-01-29 15:50:00;3
29-01-2025;16:00:00;917.0666666666666;5.3;2.3000000000000003;0.4;2025-01-29 16:00:00;3
29-01-2025;16:10:00;917.0333333333334;5.3999999999999995;2.3000000000000003;0.2;2025-01-29 16:10:00;3
29-01-2025;16:20:00;917.0666666666666;5.5;1.9000000000000001;0.2;2025-01-29 16:20:00;3
29-01-2025;16:30:00;917.1666666666666;5.566666666666666;1.3666666666666665;0.0;2025-01-29 16:30:00;3
29-01-2025;16:40:00;917.1999999999999;5.3;1.1666666666666667;0.0;2025-01-29 16:40:00;3
29-01-2025;16:50:00;917.1999999999999;5.1499999999999995;0.95;0.0;2025-01-29 16:50:00;3
29-01-2025;18:30:00;916.7;5.050000000000001;3.3499999999999996;0.2;2025-01-29 18:30:00;3
29-01-2025;18:40:00;916.7333333333332;5.066666666666666;3.733333333333333;0.0;2025-01-29 18:40:00;3
29-01-2025;18:50:00;916.8000000000001;5.1000000000000005;3.6999999999999993;0.0;2025-01-29 18:50:00;3
29-01-2025;19:00:00;916.85;5.199999999999999;3.6499999999999995;0.0;2025-01-29 19:00:00;3
03-02-2025;14:10:00;919.25;6.9;1.3;0.2;2025-02-03 14:10:00;3
03-02-2025;14:20:00;919.2333333333332;6.8;1.2666666666666666;1.0;2025-02-03 14:20:00;3
03-02-2025;14:30:00;919.2333333333332;6.733333333333333;0.9666666666666667;1.2;2025-02-03 14:30:00;3
03-02-2025;14:40:00;919.2333333333332;6.699999999999999;1.0;0.6;2025-02-03 14:40:00;3
03-02-2025;14:50:00;919.2666666666668;6.800000000000001;1.0666666666666667;0.8;2025-02-03 14:50:00;3
03-02-2025;15:00:00;919.3333333333334;6.833333333333333;1.2333333333333334;0.0;2025-02-03 15:00:00;3
03-02-2025;15:10:00;919.4;6.9;1.3333333333333333;0.0;2025-02-03 15:10:00;3
03-02-2025;15:20:00;919.4499999999999;6.9;1.2999999999999998;0.0;2025-02-03 15:20:00;3
03-02-2025;15:40:00;919.6;6.95;1.15;0.2;2025-02-03 15:40:00;3
03-02-2025;15:50:00;919.6333333333333;6.8999999999999995;1.3;0.0;2025-02-03 15:50:00;3
03-02-2025;16:00:00;919.6666666666666;6.933333333333334;1.2666666666666668;0.0;2025-02-03 16:00:00;3
03-02-2025;16:10:00;919.7;6.95;1.25;0.0;2025-02-03 16:10:00;3
08-02-2025;14:10:00;927.45;7.15;5.5;0.2;2025-02-08 14:10:00;3
08-02-2025;14:20:00;927.4333333333334;7.2;6.433333333333334;0.0;2025-02-08 14:20:00;3
08-02-2025;14:30:00;927.4;7.266666666666667;4.866666666666667;0.0;2025-02-08 14:30:00;3
08-02-2025;14:40:00;927.4;7.3;5.500000000000001;0.0;2025-02-08 14:40:00;3
08-02-2025;15:30:00;927.3;8.0;7.4;0.2;2025-02-08 15:30:00;3
08-02-2025;15:40:00;927.3;7.966666666666666;6.066666666666666;0.0;2025-02-08 15:40:00;3
08-02-2025;15:50:00;927.3;7.8999999999999995;4.5;0.0;2025-02-08 15:50:00;3
08-02-2025;16:00:00;927.3;7.85;3.0000000000000004;0.0;2025-02-08 16:00:00;3
14-02-2025;20:40:00;912.8;7.050000000000001;3.55;0.2;2025-02-14 20:40:00;3
14-02-2025;20:50:00;912.8666666666667;6.733333333333333;3.6333333333333333;0.0;2025-02-14 20:50:00;3
14-02-2025;21:00:00;912.9;6.166666666666667;2.9333333333333336;0.2;2025-02-14 21:00:00;3
14-02-2025;21:10:00;912.9333333333334;5.8;2.433333333333333;0.4;2025-02-14 21:10:00;3
14-02-2025;21:20:00;912.9333333333334;5.633333333333333;1.9666666666666668;0.4;2025-02-14 21:20:00;3
14-02-2025;21:30:00;912.9;5.7;2.533333333333333;0.4;2025-02-14 21:30:00;3
14-02-2025;21:40:00;912.8666666666667;5.966666666666666;3.3666666666666667;0.6;2025-02-14 21:40:00;3
14-02-2025;21:50:00;912.7666666666668;6.0;4.333333333333333;0.0;2025-02-14 21:50:00;3
14-02-2025;22:00:00;912.7666666666668;5.8999999999999995;4.233333333333333;0.0;2025-02-14 22:00:00;3
14-02-2025;22:10:00;912.7500000000001;5.6499999999999995;4.4;0.0;2025-02-14 22:10:00;3
14-02-2025;22:30:00;912.6500000000001;5.85;2.55;0.2;2025-02-14 22:30:00;3
14-02-2025;22:40:00;912.6;6.0;2.5666666666666664;0.0;2025-02-14 22:40:00;3
14-02-2025;22:50:00;912.5;6.266666666666666;3.0666666666666664;0.2;2025-02-14 22:50:00;3
14-02-2025;23:00:00;912.4333333333334;6.466666666666666;3.5;0.2;2025-02-14 23:00:00;3
14-02-2025;23:10:00;912.4;6.566666666666666;3.933333333333333;0.0;2025-02-14 23:10:00;3
14-02-2025;23:20:00;912.3666666666667;6.566666666666666;4.033333333333332;0.0;2025-02-14 23:20:00;3
14-02-2025;23:30:00;912.3499999999999;6.6;3.999999999999999;0.0;2025-02-14 23:30:00;3
15-02-2025;01:50:00;911.1500000000001;5.949999999999999;2.25;0.2;2025-02-15 01:50:00;3
15-02-2025;02:00:00;911.1333333333333;5.966666666666666;2.1;0.6;2025-02-15 02:00:00;3
15-02-2025;02:10:00;911.1;6.0;1.8333333333333333;0.0;2025-02-15 02:10:00;3
15-02-2025;02:20:00;911.0;6.133333333333333;2.266666666666666;0.2;2025-02-15 02:20:00;3
15-02-2025;02:30:00;910.8666666666667;6.333333333333333;2.6999999999999997;0.0;2025-02-15 02:30:00;3
15-02-2025;02:40:00;910.6666666666666;6.366666666666667;3.033333333333333;0.0;2025-02-15 02:40:00;3
15-02-2025;02:50:00;910.5333333333333;6.333333333333333;2.766666666666666;0.4;2025-02-15 02:50:00;3
15-02-2025;03:00:00;910.3333333333334;6.233333333333333;2.466666666666667;0.0;2025-02-15 03:00:00;3
15-02-2025;03:10:00;910.2333333333335;6.266666666666667;3.233333333333333;0.0;2025-02-15 03:10:00;3
15-02-2025;03:20:00;910.1166666666667;6.266666666666667;4.166666666666667;0.2;2025-02-15 03:20:00;3
15-02-2025;03:30:00;910.0500000000001;6.133333333333333;4.466666666666667;0.2;2025-02-15 03:30:00;3
15-02-2025;03:40:00;909.8833333333332;5.966666666666668;3.466666666666667;0.2;2025-02-15 03:40:00;3
15-02-2025;03:50:00;909.7000000000002;5.933333333333334;3.5666666666666664;0.0;2025-02-15 03:50:00;3
15-02-2025;04:00:00;909.5;6.033333333333334;3.733333333333334;0.0;2025-02-15 04:00:00;3
15-02-2025;04:10:00;909.4;6.1;4.300000000000001;0.0;2025-02-15 04:10:00;3
15-02-2025;04:30:00;909.1;6.0;7.95;0.2;2025-02-15 04:30:00;3
15-02-2025;04:40:00;908.9333333333334;6.0;8.166666666666666;0.0;2025-02-15 04:40:00;3
15-02-2025;04:50:00;908.7666666666668;6.066666666666666;7.8;0.2;2025-02-15 04:50:00;3
15-02-2025;05:00:00;908.6333333333333;6.1000000000000005;5.433333333333334;0.0;2025-02-15 05:00:00;3
15-02-2025;05:10:00;908.7666666666668;6.1000000000000005;4.233333333333333;0.2;2025-02-15 05:10:00;3
15-02-2025;05:20:00;908.8666666666667;5.8999999999999995;4.133333333333333;1.0;2025-02-15 05:20:00;3
15-02-2025;05:30:00;908.9666666666667;5.766666666666666;4.366666666666666;1.8;2025-02-15 05:30:00;3
15-02-2025;05:40:00;909.0333333333333;5.333333333333333;3.166666666666666;0.8;2025-02-15 05:40:00;3
15-02-2025;05:50:00;909.0666666666666;5.1000000000000005;2.9333333333333336;2.8;2025-02-15 05:50:00;3
15-02-2025;06:00:00;909.1333333333333;4.833333333333333;3.1;3.6;2025-02-15 06:00:00;3
15-02-2025;06:10:00;909.0333333333334;4.966666666666668;5.566666666666667;1.6;2025-02-15 06:10:00;3
15-02-2025;06:20:00;908.9333333333334;5.1;6.100000000000001;0.2;2025-02-15 06:20:00;3
15-02-2025;06:30:00;908.8333333333334;5.333333333333333;5.966666666666668;0.0;2025-02-15 06:30:00;3
15-02-2025;06:40:00;908.7666666666668;5.466666666666666;5.6000000000000005;0.0;2025-02-15 06:40:00;3
15-02-2025;06:50:00;908.7500000000001;5.55;5.9;0.0;2025-02-15 06:50:00;3
15-02-2025;08:20:00;909.35;5.25;6.9;0.2;2025-02-15 08:20:00;3
15-02-2025;08:30:00;909.3666666666667;5.366666666666667;7.466666666666666;0.0;2025-02-15 08:30:00;3
15-02-2025;08:40:00;909.3666666666667;5.433333333333334;8.7;0.0;2025-02-15 08:40:00;3
15-02-2025;08:50:00;909.4499999999999;5.5;9.299999999999999;0.0;2025-02-15 08:50:00;3
15-02-2025;09:20:00;909.95;4.9;1.7999999999999998;0.6;2025-02-15 09:20:00;3
15-02-2025;09:30:00;910.0333333333333;4.733333333333333;1.5333333333333332;0.8;2025-02-15 09:30:00;3
15-02-2025;09:40:00;910.1;4.366666666666667;2.1333333333333333;1.2;2025-02-15 09:40:00;3
15-02-2025;09:50:00;910.1333333333333;4.033333333333333;3.9666666666666663;1.8;2025-02-15 09:50:00;3
15-02-2025;10:00:00;910.1333333333333;3.8000000000000003;5.0;1.6;2025-02-15 10:00:00;3
15-02-2025;10:10:00;910.1666666666666;3.6999999999999997;6.066666666666666;1.0;2025-02-15 10:10:00;3
15-02-2025;10:20:00;910.1666666666666;3.8666666666666667;4.966666666666666;0.4;2025-02-15 10:20:00;3
15-02-2025;10:30:00;910.1333333333333;4.1;6.0;0.2;2025-02-15 10:30:00;3
15-02-2025;10:40:00;910.1;4.366666666666666;6.599999999999999;0.0;2025-02-15 10:40:00;3
15-02-2025;10:50:00;910.1;4.733333333333333;6.266666666666666;0.0;2025-02-15 10:50:00;3
15-02-2025;11:00:00;910.1;4.8999999999999995;5.799999999999999;0.0;2025-02-15 11:00:00;3
15-02-2025;11:40:00;910.05;5.55;6.300000000000001;0.2;2025-02-15 11:40:00;3
15-02-2025;11:50:00;910.0666666666666;5.5;6.466666666666666;0.0;2025-02-15 11:50:00;3
15-02-2025;12:00:00;910.1333333333333;5.3999999999999995;6.2;0.0;2025-02-15 12:00:00;3
15-02-2025;12:10:00;910.1333333333333;5.3;4.4;0.0;2025-02-15 12:10:00;3
15-02-2025;12:20:00;910.0666666666666;5.2;3.1666666666666665;0.4;2025-02-15 12:20:00;3
15-02-2025;12:30:00;910.0;5.066666666666667;2.866666666666667;0.0;2025-02-15 12:30:00;3
15-02-2025;12:40:00;909.9333333333334;4.8999999999999995;3.1;0.2;2025-02-15 12:40:00;3
15-02-2025;12:50:00;909.9666666666667;4.466666666666667;4.466666666666667;0.2;2025-02-15 12:50:00;3
15-02-2025;13:00:00;909.8666666666667;4.133333333333334;5.066666666666666;0.8;2025-02-15 13:00:00;3
15-02-2025;13:10:00;909.7666666666668;4.233333333333333;5.333333333333333;0.8;2025-02-15 13:10:00;3
15-02-2025;13:20:00;909.6666666666666;4.766666666666667;6.0;0.0;2025-02-15 13:20:00;3
15-02-2025;13:30:00;909.6333333333333;5.233333333333333;5.1000000000000005;0.0;2025-02-15 13:30:00;3
15-02-2025;13:40:00;909.6999999999999;5.333333333333333;5.3999999999999995;0.2;2025-02-15 13:40:00;3
15-02-2025;13:50:00;909.8000000000001;4.766666666666667;3.466666666666667;0.0;2025-02-15 13:50:00;3
15-02-2025;14:00:00;909.9333333333334;4.333333333333333;2.966666666666667;0.4;2025-02-15 14:00:00;3
15-02-2025;14:10:00;910.0;3.866666666666667;2.1666666666666665;0.2;2025-02-15 14:10:00;3
15-02-2025;14:20:00;910.0;3.966666666666667;1.3666666666666665;0.0;2025-02-15 14:20:00;3
15-02-2025;14:30:00;910.0;4.033333333333334;2.6333333333333333;0.2;2025-02-15 14:30:00;3
15-02-2025;14:40:00;910.0333333333333;4.333333333333333;3.4;0.2;2025-02-15 14:40:00;3
15-02-2025;14:50:00;910.1;4.666666666666667;3.6999999999999997;0.0;2025-02-15 14:50:00;3
15-02-2025;15:00:00;910.1333333333333;4.966666666666668;2.6333333333333333;0.0;2025-02-15 15:00:00;3
15-02-2025;15:10:00;910.1500000000001;5.050000000000001;1.9;0.0;2025-02-15 15:10:00;3
15-02-2025;17:00:00;910.8499999999999;5.550000000000001;0.95;0.2;2025-02-15 17:00:00;3
15-02-2025;17:10:00;910.8666666666667;5.466666666666666;1.7666666666666666;0.0;2025-02-15 17:10:00;3
15-02-2025;17:20:00;910.9666666666667;5.466666666666668;2.6;0.0;2025-02-15 17:20:00;3
15-02-2025;17:30:00;911.0;5.5;2.95;0.0;2025-02-15 17:30:00;3
15-02-2025;21:10:00;912.0;4.65;6.3;0.2;2025-02-15 21:10:00;3
15-02-2025;21:20:00;912.0;4.7;5.466666666666666;0.0;2025-02-15 21:20:00;3
15-02-2025;21:30:00;912.0;4.866666666666666;7.466666666666666;0.0;2025-02-15 21:30:00;3
15-02-2025;21:40:00;912.05;4.949999999999999;6.699999999999999;0.0;2025-02-15 21:40:00;3
17-02-2025;02:00:00;915.4;5.55;2.0;0.2;2025-02-17 02:00:00;3
17-02-2025;02:10:00;915.3666666666667;5.466666666666666;1.9666666666666668;0.0;2025-02-17 02:10:00;3
17-02-2025;02:20:00;915.2999999999998;5.433333333333334;2.033333333333333;0.0;2025-02-17 02:20:00;3
17-02-2025;02:30:00;915.2499999999999;5.4;2.0;0.0;2025-02-17 02:30:00;3
20-02-2025;04:50:00;927.1500000000001;5.55;1.2999999999999998;0.2;2025-02-20 04:50:00;3
20-02-2025;05:00:00;927.1666666666666;5.533333333333334;1.3;0.0;2025-02-20 05:00:00;3
20-02-2025;05:10:00;927.2;5.5;1.3333333333333333;0.0;2025-02-20 05:10:00;3
20-02-2025;05:20:00;927.2;5.45;1.3;0.0;2025-02-20 05:20:00;3
24-02-2025;21:40:00;928.2;6.5;1.25;0.2;2025-02-24 21:40:00;3
24-02-2025;21:50:00;928.2;6.533333333333334;1.5666666666666667;0.0;2025-02-24 21:50:00;3
24-02-2025;22:00:00;928.1666666666666;6.533333333333334;1.7;0.0;2025-02-24 22:00:00;3
24-02-2025;22:10:00;928.15;6.6;2.0999999999999996;0.0;2025-02-24 22:10:00;3
25-02-2025;01:40:00;926.95;5.3;1.15;0.2;2025-02-25 01:40:00;3
25-02-2025;01:50:00;926.9;5.3;1.5333333333333332;0.0;2025-02-25 01:50:00;3
25-02-2025;02:00:00;926.8000000000001;5.366666666666666;1.8333333333333333;0.0;2025-02-25 02:00:00;3
25-02-2025;02:10:00;926.75;5.3999999999999995;2.2;0.0;2025-02-25 02:10:00;3
25-02-2025;03:20:00;926.1;6.199999999999999;2.8499999999999996;0.2;2025-02-25 03:20:00;3
25-02-2025;03:30:00;926.0833333333334;6.2;3.4;0.2;2025-02-25 03:30:00;3
25-02-2025;03:40:00;926.0500000000001;6.233333333333333;3.3333333333333335;0.0;2025-02-25 03:40:00;3
25-02-2025;03:50:00;925.9833333333332;6.2;3.4;0.0;2025-02-25 03:50:00;3
25-02-2025;04:00:00;925.9;6.2;2.4333333333333336;0.2;2025-02-25 04:00:00;3
25-02-2025;04:10:00;925.8333333333334;6.233333333333334;2.2666666666666666;0.0;2025-02-25 04:10:00;3
25-02-2025;04:20:00;925.8;6.333333333333333;2.2666666666666666;0.0;2025-02-25 04:20:00;3
25-02-2025;04:30:00;925.7666666666668;6.433333333333334;3.0;0.2;2025-02-25 04:30:00;3
25-02-2025;04:40:00;925.7333333333332;6.5;3.266666666666667;0.0;2025-02-25 04:40:00;3
25-02-2025;04:50:00;925.6666666666666;6.5;2.9333333333333336;0.0;2025-02-25 04:50:00;3
25-02-2025;05:00:00;925.6333333333333;6.5;2.3000000000000003;0.0;2025-02-25 05:00:00;3
25-02-2025;05:10:00;925.6;6.5;2.233333333333333;0.2;2025-02-25 05:10:00;3
25-02-2025;05:20:00;925.6;6.5;2.1333333333333333;0.0;2025-02-25 05:20:00;3
25-02-2025;05:30:00;925.5666666666667;6.5;1.9333333333333333;0.0;2025-02-25 05:30:00;3
25-02-2025;05:40:00;925.5500000000001;6.5;1.7500000000000002;0.0;2025-02-25 05:40:00;3
25-02-2025;06:10:00;925.5;6.4;1.9000000000000001;0.4;2025-02-25 06:10:00;3
25-02-2025;06:20:00;925.5;6.4;3.6;0.0;2025-02-25 06:20:00;3
25-02-2025;06:30:00;925.5;6.4;4.2;0.0;2025-02-25 06:30:00;3
25-02-2025;06:40:00;925.5;6.4;5.2;0.0;2025-02-25 06:40:00;3
25-02-2025;08:00:00;925.55;6.55;1.3;0.4;2025-02-25 08:00:00;3
25-02-2025;08:10:00;925.5666666666666;6.6000000000000005;1.5333333333333332;1.2;2025-02-25 08:10:00;3
25-02-2025;08:20:00;925.5333333333334;6.666666666666667;2.1333333333333333;0.4;2025-02-25 08:20:00;3
25-02-2025;08:30:00;925.5666666666667;6.7;2.1999999999999997;0.0;2025-02-25 08:30:00;3
25-02-2025;08:40:00;925.5666666666666;6.7;1.8999999999999997;0.2;2025-02-25 08:40:00;3
25-02-2025;08:50:00;925.6;6.733333333333333;1.7333333333333334;0.0;2025-02-25 08:50:00;3
25-02-2025;09:00:00;925.6333333333333;6.766666666666667;1.4666666666666668;0.0;2025-02-25 09:00:00;3
25-02-2025;09:10:00;925.65;6.8;1.6500000000000001;0.0;2025-02-25 09:10:00;3
25-02-2025;09:30:00;925.7;6.5;1.75;0.2;2025-02-25 09:30:00;3
25-02-2025;09:40:00;925.7;6.5;1.5999999999999999;0.0;2025-02-25 09:40:00;3
25-02-2025;09:50:00;925.7;6.5;2.066666666666667;0.0;2025-02-25 09:50:00;3
25-02-2025;10:00:00;925.7;6.55;1.7000000000000002;0.0;2025-02-25 10:00:00;3
25-02-2025;21:30:00;922.45;7.0;3.05;0.2;2025-02-25 21:30:00;3
25-02-2025;21:40:00;922.4;7.033333333333334;3.1999999999999997;0.0;2025-02-25 21:40:00;3
25-02-2025;21:50:00;922.3333333333334;7.1000000000000005;3.9666666666666663;0.0;2025-02-25 21:50:00;3
25-02-2025;22:00:00;922.3;7.15;4.049999999999999;0.0;2025-02-25 22:00:00;3
25-02-2025;22:20:00;921.95;7.25;3.55;0.2;2025-02-25 22:20:00;3
25-02-2025;22:30:00;921.9333333333334;7.266666666666667;3.6999999999999997;0.0;2025-02-25 22:30:00;3
25-02-2025;22:40:00;921.9;7.3;3.466666666666667;0.0;2025-02-25 22:40:00;3
25-02-2025;22:50:00;921.9;7.3;3.5500000000000003;0.0;2025-02-25 22:50:00;3
26-02-2025;03:20:00;919.8499999999999;7.55;2.7;0.2;2025-02-26 03:20:00;3
26-02-2025;03:30:00;919.8333333333334;7.533333333333334;2.8333333333333335;0.0;2025-02-26 03:30:00;3
26-02-2025;03:40:00;919.7666666666665;7.466666666666666;3.366666666666667;0.0;2025-02-26 03:40:00;3
26-02-2025;03:50:00;919.7333333333335;7.5;3.3333333333333335;0.4;2025-02-26 03:50:00;3
26-02-2025;04:00:00;919.7;7.5;3.4000000000000004;0.4;2025-02-26 04:00:00;3
26-02-2025;04:10:00;919.6666666666666;7.5;3.1999999999999997;0.8;2025-02-26 04:10:00;3
26-02-2025;04:20:00;919.6333333333333;7.433333333333334;3.6;1.8;2025-02-26 04:20:00;3
26-02-2025;04:30:00;919.5666666666667;7.366666666666667;3.4;0.6;2025-02-26 04:30:00;3
26-02-2025;04:40:00;919.5;7.3;3.466666666666667;0.0;2025-02-26 04:40:00;3
26-02-2025;04:50:00;919.4333333333334;7.266666666666667;3.1;0.2;2025-02-26 04:50:00;3
26-02-2025;05:00:00;919.3666666666667;7.266666666666666;3.5333333333333337;0.0;2025-02-26 05:00:00;3
26-02-2025;05:10:00;919.3000000000001;7.333333333333333;3.6;0.0;2025-02-26 05:10:00;3
26-02-2025;05:20:00;919.25;7.35;4.050000000000001;0.0;2025-02-26 05:20:00;3
26-02-2025;05:40:00;919.1;7.2;3.1;0.4;2025-02-26 05:40:00;3
26-02-2025;05:50:00;919.0666666666666;7.166666666666667;2.9;0.8;2025-02-26 05:50:00;3
26-02-2025;06:00:00;918.9666666666667;7.266666666666667;3.6;0.4;2025-02-26 06:00:00;3
26-02-2025;06:10:00;918.8666666666667;7.366666666666667;4.433333333333334;0.4;2025-02-26 06:10:00;3
26-02-2025;06:20:00;918.7666666666668;7.5;4.533333333333334;0.2;2025-02-26 06:20:00;3
26-02-2025;06:30:00;918.7333333333332;7.5;5.333333333333333;0.0;2025-02-26 06:30:00;3
26-02-2025;06:40:00;918.7333333333335;7.533333333333334;5.3;0.0;2025-02-26 06:40:00;3
26-02-2025;06:50:00;918.75;7.550000000000001;6.549999999999999;0.0;2025-02-26 06:50:00;3
26-02-2025;07:40:00;918.8499999999999;7.55;5.05;0.2;2025-02-26 07:40:00;3
26-02-2025;07:50:00;918.8666666666667;7.5;4.566666666666667;0.8;2025-02-26 07:50:00;3
26-02-2025;08:00:00;918.9333333333334;7.3999999999999995;4.566666666666666;0.2;2025-02-26 08:00:00;3
26-02-2025;08:10:00;918.9666666666666;7.333333333333333;3.6333333333333333;0.0;2025-02-26 08:10:00;3
26-02-2025;08:20:00;918.9666666666667;7.3999999999999995;4.3;0.2;2025-02-26 08:20:00;3
26-02-2025;08:30:00;918.9333333333334;7.533333333333332;5.166666666666667;0.0;2025-02-26 08:30:00;3
26-02-2025;08:40:00;918.9;7.7;5.733333333333333;0.4;2025-02-26 08:40:00;3
26-02-2025;08:50:00;918.8666666666667;7.8;4.8;0.2;2025-02-26 08:50:00;3
26-02-2025;09:00:00;918.8333333333334;7.900000000000001;3.3333333333333335;0.2;2025-02-26 09:00:00;3
26-02-2025;09:10:00;918.8333333333334;7.966666666666666;2.9333333333333336;0.0;2025-02-26 09:10:00;3
26-02-2025;09:20:00;918.8666666666667;7.933333333333334;3.5;0.4;2025-02-26 09:20:00;3
26-02-2025;09:30:00;918.9;7.733333333333333;4.033333333333334;0.8;2025-02-26 09:30:00;3
26-02-2025;09:40:00;918.9;7.533333333333334;4.833333333333333;0.8;2025-02-26 09:40:00;3
26-02-2025;09:50:00;918.8666666666667;7.433333333333334;4.333333333333333;0.6;2025-02-26 09:50:00;3
26-02-2025;10:00:00;918.8000000000001;7.566666666666667;4.433333333333334;0.6;2025-02-26 10:00:00;3
26-02-2025;10:10:00;918.7333333333332;7.8;4.066666666666666;0.2;2025-02-26 10:10:00;3
26-02-2025;10:20:00;918.7333333333335;8.0;4.433333333333334;0.8;2025-02-26 10:20:00;3
26-02-2025;10:30:00;918.8333333333334;7.800000000000001;4.133333333333334;0.2;2025-02-26 10:30:00;3
26-02-2025;10:40:00;918.9;7.433333333333334;2.966666666666667;1.2;2025-02-26 10:40:00;3
26-02-2025;10:50:00;918.9;7.233333333333333;2.8000000000000003;0.8;2025-02-26 10:50:00;3
26-02-2025;11:00:00;918.7999999999998;7.433333333333334;2.8000000000000003;2.0;2025-02-26 11:00:00;3
26-02-2025;11:10:00;918.7333333333332;7.766666666666667;3.233333333333334;0.2;2025-02-26 11:10:00;3
26-02-2025;11:20:00;918.6666666666666;7.966666666666666;3.233333333333333;0.2;2025-02-26 11:20:00;3
26-02-2025;11:30:00;918.6166666666667;8.033333333333333;4.166666666666667;0.2;2025-02-26 11:30:00;3
26-02-2025;11:40:00;918.5500000000001;8.033333333333333;4.7;0.0;2025-02-26 11:40:00;3
26-02-2025;11:50:00;918.5166666666668;8.1;4.8999999999999995;0.0;2025-02-26 11:50:00;3
26-02-2025;12:00:00;918.5;8.149999999999999;4.4;0.0;2025-02-26 12:00:00;3
26-02-2025;12:30:00;918.2;8.1;5.75;0.2;2025-02-26 12:30:00;3
26-02-2025;12:40:00;918.1333333333333;8.133333333333333;4.833333333333333;0.0;2025-02-26 12:40:00;3
26-02-2025;12:50:00;918.0;8.033333333333333;4.6;0.0;2025-02-26 12:50:00;3
26-02-2025;13:00:00;917.9;8.033333333333333;4.0;0.2;2025-02-26 13:00:00;3
26-02-2025;13:10:00;917.8000000000001;8.0;4.766666666666667;0.0;2025-02-26 13:10:00;3
26-02-2025;13:20:00;917.6666666666666;8.166666666666666;4.8999999999999995;0.0;2025-02-26 13:20:00;3
26-02-2025;13:30:00;917.6;8.200000000000001;5.1499999999999995;0.0;2025-02-26 13:30:00;3
26-02-2025;15:50:00;916.3;7.699999999999999;3.25;0.2;2025-02-26 15:50:00;3
26-02-2025;16:00:00;916.3333333333334;7.733333333333333;2.9333333333333336;0.0;2025-02-26 16:00:00;3
26-02-2025;16:10:00;916.4666666666667;7.733333333333333;3.1;0.6;2025-02-26 16:10:00;3
26-02-2025;16:20:00;916.6;7.533333333333332;3.7999999999999994;0.4;2025-02-26 16:20:00;3
26-02-2025;16:30:00;916.6666666666666;7.333333333333333;4.066666666666666;0.6;2025-02-26 16:30:00;3
26-02-2025;16:40:00;916.6666666666666;7.133333333333333;4.366666666666667;1.6;2025-02-26 16:40:00;3
26-02-2025;16:50:00;916.7333333333332;6.966666666666668;4.166666666666667;1.0;2025-02-26 16:50:00;3
26-02-2025;17:00:00;916.8000000000001;6.7;4.966666666666668;0.2;2025-02-26 17:00:00;3
26-02-2025;17:10:00;916.8333333333334;6.5;4.666666666666667;0.4;2025-02-26 17:10:00;3
26-02-2025;17:20:00;916.7666666666665;6.366666666666667;4.633333333333334;0.0;2025-02-26 17:20:00;3
26-02-2025;17:30:00;916.7333333333335;6.433333333333333;3.6666666666666665;0.0;2025-02-26 17:30:00;3
26-02-2025;17:40:00;916.7;6.566666666666666;2.6;0.0;2025-02-26 17:40:00;3
26-02-2025;17:50:00;916.7;6.7;1.6333333333333337;0.2;2025-02-26 17:50:00;3
26-02-2025;18:00:00;916.7;6.633333333333333;2.0333333333333337;0.2;2025-02-26 18:00:00;3
26-02-2025;18:10:00;916.7333333333335;6.533333333333334;2.6333333333333337;0.4;2025-02-26 18:10:00;3
26-02-2025;18:20:00;916.7666666666665;6.433333333333334;2.866666666666667;0.2;2025-02-26 18:20:00;3
26-02-2025;18:30:00;916.7666666666668;6.366666666666667;2.5333333333333337;0.4;2025-02-26 18:30:00;3
26-02-2025;18:40:00;916.7333333333332;6.3;2.366666666666667;0.2;2025-02-26 18:40:00;3
26-02-2025;18:50:00;916.7;6.3;2.566666666666667;0.2;2025-02-26 18:50:00;3
26-02-2025;19:00:00;916.6666666666666;6.333333333333333;2.633333333333334;0.4;2025-02-26 19:00:00;3
26-02-2025;19:10:00;916.6333333333333;6.366666666666667;2.9666666666666672;0.4;2025-02-26 19:10:00;3
26-02-2025;19:20:00;916.6333333333333;6.433333333333334;3.366666666666667;0.2;2025-02-26 19:20:00;3
26-02-2025;19:30:00;916.6;6.566666666666666;3.266666666666667;0.2;2025-02-26 19:30:00;3
26-02-2025;19:40:00;916.5666666666667;6.666666666666667;4.033333333333334;1.0;2025-02-26 19:40:00;3
26-02-2025;19:50:00;916.4666666666666;6.733333333333333;3.833333333333334;1.0;2025-02-26 19:50:00;3
26-02-2025;20:00:00;916.4333333333333;6.766666666666667;3.866666666666667;1.0;2025-02-26 20:00:00;3
26-02-2025;20:10:00;916.4;6.833333333333333;2.1666666666666674;0.4;2025-02-26 20:10:00;3
26-02-2025;20:20:00;916.3666666666667;6.866666666666667;1.833333333333334;1.0;2025-02-26 20:20:00;3
26-02-2025;20:30:00;916.3666666666667;6.9;1.7000000000000004;1.2;2025-02-26 20:30:00;3
26-02-2025;20:40:00;916.3666666666667;6.933333333333334;1.9666666666666675;1.2;2025-02-26 20:40:00;3
26-02-2025;20:50:00;916.4;6.266666666666667;1.8666666666666671;1.2;2025-02-26 20:50:00;3
26-02-2025;21:00:00;916.4;5.633333333333334;1.7666666666666675;1.2;2025-02-26 21:00:00;3
26-02-2025;21:10:00;916.4333333333334;4.966666666666668;1.9666666666666675;1.2;2025-02-26 21:10:00;3
26-02-2025;21:20:00;916.4333333333333;4.8999999999999995;2.900000000000001;0.8;2025-02-26 21:20:00;3
26-02-2025;21:30:00;916.4666666666667;4.733333333333333;3.366666666666667;1.0;2025-02-26 21:30:00;3
26-02-2025;21:40:00;916.5;4.3999999999999995;3.400000000000001;1.2;2025-02-26 21:40:00;3
26-02-2025;21:50:00;916.5666666666666;4.2;2.6666666666666674;0.8;2025-02-26 21:50:00;3
26-02-2025;22:00:00;916.6333333333333;4.1000000000000005;2.333333333333334;0.6;2025-02-26 22:00:00;3
26-02-2025;22:10:00;916.6666666666666;4.2;2.2666666666666675;0.8;2025-02-26 22:10:00;3
26-02-2025;22:20:00;916.7;4.3;2.8000000000000007;1.0;2025-02-26 22:20:00;3
26-02-2025;22:30:00;916.6666666666666;4.3999999999999995;2.633333333333334;1.0;2025-02-26 22:30:00;3
26-02-2025;22:40:00;916.6666666666666;4.366666666666667;3.2333333333333343;0.8;2025-02-26 22:40:00;3
26-02-2025;22:50:00;916.6333333333333;4.3;3.3000000000000007;1.0;2025-02-26 22:50:00;3
26-02-2025;23:00:00;916.6333333333333;4.266666666666667;3.4333333333333336;1.0;2025-02-26 23:00:00;3
26-02-2025;23:10:00;916.6333333333333;4.333333333333334;2.6000000000000005;0.4;2025-02-26 23:10:00;3
26-02-2025;23:20:00;916.7000000000002;4.433333333333334;2.4666666666666672;0.8;2025-02-26 23:20:00;3
26-02-2025;23:30:00;916.7666666666668;4.433333333333334;2.8000000000000007;0.4;2025-02-26 23:30:00;3
26-02-2025;23:40:00;916.8;4.433333333333334;3.3000000000000007;0.2;2025-02-26 23:40:00;3
26-02-2025;23:50:00;916.8;4.3;3.0333333333333337;0.4;2025-02-26 23:50:00;3
27-02-2025;00:00:00;916.8666666666667;3.966666666666667;2.9000000000000004;0.2;2025-02-27 00:00:00;3
27-02-2025;00:10:00;916.9333333333334;3.5999999999999996;2.6;0.0;2025-02-27 00:10:00;3
27-02-2025;00:20:00;917.0333333333333;3.3333333333333335;3.100000000000001;0.2;2025-02-27 00:20:00;3
27-02-2025;00:30:00;917.0333333333333;3.3333333333333335;2.9666666666666672;0.0;2025-02-27 00:30:00;3
27-02-2025;00:40:00;917.0333333333333;3.3333333333333335;3.100000000000001;0.2;2025-02-27 00:40:00;3
27-02-2025;00:50:00;917.0;3.3666666666666667;2.333333333333334;0.0;2025-02-27 00:50:00;3
27-02-2025;01:00:00;916.9666666666667;3.3333333333333335;1.7666666666666675;0.0;2025-02-27 01:00:00;3
27-02-2025;01:10:00;916.9666666666667;3.266666666666667;1.4333333333333338;0.2;2025-02-27 01:10:00;3
27-02-2025;01:20:00;916.9333333333334;3.1666666666666665;1.333333333333334;0.0;2025-02-27 01:20:00;3
27-02-2025;01:30:00;916.9333333333334;3.1333333333333333;1.4666666666666675;0.0;2025-02-27 01:30:00;3
27-02-2025;01:40:00;916.9;3.15;1.500000000000001;0.0;2025-02-27 01:40:00;3
27-02-2025;02:20:00;916.75;3.4;1.7000000000000002;0.2;2025-02-27 02:20:00;3
27-02-2025;02:30:00;916.7666666666668;3.4;2.566666666666667;0.0;2025-02-27 02:30:00;3
27-02-2025;02:40:00;916.7333333333332;3.3333333333333335;2.4;0.2;2025-02-27 02:40:00;3
27-02-2025;02:50:00;916.6999999999999;3.1666666666666665;2.2666666666666666;0.0;2025-02-27 02:50:00;3
27-02-2025;03:00:00;916.5666666666666;3.0666666666666664;1.2;0.0;2025-02-27 03:00:00;3
27-02-2025;03:10:00;916.4999999999999;3.0;1.15;0.0;2025-02-27 03:10:00;3
27-02-2025;05:40:00;916.3;4.45;0.3;0.2;2025-02-27 05:40:00;3
27-02-2025;05:50:00;916.3;4.466666666666667;0.19999999999999998;0.0;2025-02-27 05:50:00;3
27-02-2025;06:00:00;916.3;4.5;0.0;0.0;2025-02-27 06:00:00;3
27-02-2025;06:10:00;916.3;4.5;0.0;0.0;2025-02-27 06:10:00;3
01-03-2025;18:00:00;921.6;7.4;3.3;0.2;2025-03-01 18:00:00;3
01-03-2025;18:10:00;921.5666666666666;7.466666666666666;3.0;0.2;2025-03-01 18:10:00;3
01-03-2025;18:20:00;921.5333333333334;7.433333333333334;2.1999999999999997;0.0;2025-03-01 18:20:00;3
01-03-2025;18:30:00;921.4666666666667;7.5;2.566666666666667;0.0;2025-03-01 18:30:00;3
01-03-2025;18:40:00;921.4666666666667;7.466666666666666;2.9333333333333336;0.2;2025-03-01 18:40:00;3
01-03-2025;18:50:00;921.5;7.5;3.866666666666667;0.0;2025-03-01 18:50:00;3
01-03-2025;19:00:00;921.5666666666666;7.400000000000001;4.2;0.0;2025-03-01 19:00:00;3
01-03-2025;19:10:00;921.6;7.350000000000001;4.550000000000001;0.0;2025-03-01 19:10:00;3
10-03-2025;19:50:00;913.4;13.05;4.5;0.2;2025-03-10 19:50:00;3
10-03-2025;20:00:00;913.4;12.933333333333332;3.9333333333333336;0.0;2025-03-10 20:00:00;3
10-03-2025;20:10:00;913.5;12.766666666666666;3.5;0.0;2025-03-10 20:10:00;3
10-03-2025;20:20:00;913.5;12.749999999999998;2.85;0.0;2025-03-10 20:20:00;3
10-03-2025;20:40:00;913.1;12.8;5.55;0.2;2025-03-10 20:40:00;3
10-03-2025;20:50:00;913.1333333333333;12.766666666666666;7.166666666666667;0.0;2025-03-10 20:50:00;3
10-03-2025;21:00:00;913.2;12.733333333333333;9.066666666666666;0.0;2025-03-10 21:00:00;3
10-03-2025;21:10:00;913.2;12.599999999999998;9.850000000000001;0.0;2025-03-10 21:10:00;3
11-03-2025;03:20:00;910.7;11.0;4.05;0.4;2025-03-11 03:20:00;3
11-03-2025;03:30:00;910.5333333333333;10.9;4.2;0.2;2025-03-11 03:30:00;3
11-03-2025;03:40:00;910.2666666666668;10.9;4.0;0.0;2025-03-11 03:40:00;3
11-03-2025;03:50:00;910.1999999999999;10.866666666666667;4.8;0.0;2025-03-11 03:50:00;3
11-03-2025;04:00:00;910.3333333333334;10.866666666666667;4.466666666666667;0.0;2025-03-11 04:00:00;3
11-03-2025;04:10:00;910.7333333333332;10.733333333333334;3.8333333333333335;0.4;2025-03-11 04:10:00;3
11-03-2025;04:20:00;911.1333333333333;10.6;3.766666666666667;6.8;2025-03-11 04:20:00;3
11-03-2025;04:30:00;911.4333333333334;10.233333333333334;3.8666666666666667;2.0;2025-03-11 04:30:00;3
11-03-2025;04:40:00;911.5333333333333;9.799999999999999;4.566666666666666;0.2;2025-03-11 04:40:00;3
11-03-2025;04:50:00;911.6;9.466666666666667;3.4;0.0;2025-03-11 04:50:00;3
11-03-2025;05:00:00;911.6333333333333;9.566666666666666;2.5;0.0;2025-03-11 05:00:00;3
11-03-2025;05:10:00;911.6500000000001;9.7;1.7000000000000002;0.0;2025-03-11 05:10:00;3
11-03-2025;05:30:00;911.6;9.55;3.0;0.2;2025-03-11 05:30:00;3
11-03-2025;05:40:00;911.5;9.4;2.766666666666667;0.0;2025-03-11 05:40:00;3
11-03-2025;05:50:00;911.4666666666667;9.033333333333333;2.7999999999999994;0.0;2025-03-11 05:50:00;3
11-03-2025;06:00:00;911.4;9.233333333333334;2.9;0.0;2025-03-11 06:00:00;3
11-03-2025;06:10:00;911.4333333333334;9.5;3.4;0.2;2025-03-11 06:10:00;3
11-03-2025;06:20:00;911.3333333333334;9.966666666666667;3.1;0.2;2025-03-11 06:20:00;3
11-03-2025;06:30:00;911.3666666666667;9.9;3.033333333333333;0.0;2025-03-11 06:30:00;3
11-03-2025;06:40:00;911.4666666666667;9.733333333333334;2.066666666666667;0.0;2025-03-11 06:40:00;3
11-03-2025;06:50:00;911.6;9.600000000000001;1.8000000000000003;0.0;2025-03-11 06:50:00;3
12-03-2025;12:10:00;909.0;12.100000000000001;3.55;0.2;2025-03-12 12:10:00;3
12-03-2025;12:20:00;908.7333333333332;12.633333333333333;3.466666666666667;0.0;2025-03-12 12:20:00;3
12-03-2025;12:30:00;908.4;13.666666666666666;4.533333333333333;0.0;2025-03-12 12:30:00;3
12-03-2025;12:40:00;908.2;14.099999999999998;4.45;0.0;2025-03-12 12:40:00;3
12-03-2025;13:00:00;907.25;15.15;9.95;0.2;2025-03-12 13:00:00;3
12-03-2025;13:10:00;907.1666666666666;15.1;7.833333333333333;0.0;2025-03-12 13:10:00;3
12-03-2025;13:20:00;907.0666666666666;15.033333333333333;8.299999999999999;0.0;2025-03-12 13:20:00;3
12-03-2025;13:30:00;906.9499999999999;14.9;5.6;0.0;2025-03-12 13:30:00;3
12-03-2025;18:40:00;906.1;8.8;2.95;0.2;2025-03-12 18:40:00;3
12-03-2025;18:50:00;906.0666666666666;8.633333333333335;2.733333333333333;0.0;2025-03-12 18:50:00;3
12-03-2025;19:00:00;906.1;8.233333333333334;3.5666666666666664;0.2;2025-03-12 19:00:00;3
12-03-2025;19:10:00;906.0;8.1;4.3;0.4;2025-03-12 19:10:00;3
12-03-2025;19:20:00;905.9666666666667;7.866666666666667;4.633333333333334;0.4;2025-03-12 19:20:00;3
12-03-2025;19:30:00;905.8666666666667;7.733333333333333;5.833333333333333;0.4;2025-03-12 19:30:00;3
12-03-2025;19:40:00;905.8666666666667;7.766666666666666;6.0;0.4;2025-03-12 19:40:00;3
12-03-2025;19:50:00;905.8333333333334;7.8999999999999995;6.166666666666667;0.4;2025-03-12 19:50:00;3
12-03-2025;20:00:00;905.8000000000001;8.033333333333333;4.7;0.2;2025-03-12 20:00:00;3
12-03-2025;20:10:00;905.7666666666668;8.133333333333333;4.3;0.0;2025-03-12 20:10:00;3
12-03-2025;20:20:00;905.7666666666668;8.266666666666667;4.233333333333333;0.0;2025-03-12 20:20:00;3
12-03-2025;20:30:00;905.8;8.350000000000001;4.65;0.0;2025-03-12 20:30:00;3
13-03-2025;00:10:00;905.6;8.25;4.2;0.2;2025-03-13 00:10:00;3
13-03-2025;00:20:00;905.6;8.166666666666666;4.633333333333334;0.0;2025-03-13 00:20:00;3
13-03-2025;00:30:00;905.6666666666666;8.233333333333334;3.6666666666666665;0.2;2025-03-13 00:30:00;3
13-03-2025;00:40:00;905.7333333333332;8.299999999999999;3.5;1.0;2025-03-13 00:40:00;3
13-03-2025;00:50:00;905.7666666666668;8.5;2.966666666666667;0.0;2025-03-13 00:50:00;3
13-03-2025;01:00:00;905.7333333333332;8.566666666666668;4.0;0.0;2025-03-13 01:00:00;3
13-03-2025;01:10:00;905.7;8.6;4.3;0.0;2025-03-13 01:10:00;3
13-03-2025;01:30:00;905.6500000000001;8.55;3.65;0.2;2025-03-13 01:30:00;3
13-03-2025;01:40:00;905.6500000000001;8.533333333333333;3.6666666666666665;0.0;2025-03-13 01:40:00;3
13-03-2025;01:50:00;905.6500000000001;8.466666666666667;5.066666666666666;0.0;2025-03-13 01:50:00;3
13-03-2025;02:00:00;905.5833333333334;8.466666666666667;6.233333333333333;0.0;2025-03-13 02:00:00;3
13-03-2025;02:10:00;905.6666666666666;8.5;6.533333333333334;0.2;2025-03-13 02:10:00;3
13-03-2025;02:20:00;905.6999999999999;8.533333333333333;5.466666666666666;0.0;2025-03-13 02:20:00;3
13-03-2025;02:30:00;905.6333333333333;8.566666666666666;4.166666666666667;0.0;2025-03-13 02:30:00;3
13-03-2025;02:40:00;905.4333333333333;8.6;3.4666666666666663;0.2;2025-03-13 02:40:00;3
13-03-2025;02:50:00;905.3;8.7;2.9666666666666663;0.2;2025-03-13 02:50:00;3
13-03-2025;03:00:00;905.3;8.766666666666667;2.8666666666666667;0.0;2025-03-13 03:00:00;3
13-03-2025;03:10:00;905.2666666666668;8.8;3.8333333333333335;0.0;2025-03-13 03:10:00;3
13-03-2025;03:20:00;905.25;8.8;4.6;0.0;2025-03-13 03:20:00;3
13-03-2025;04:00:00;905.35;8.9;7.1;0.4;2025-03-13 04:00:00;3
13-03-2025;04:10:00;905.3333333333334;8.9;6.6000000000000005;1.0;2025-03-13 04:10:00;3
13-03-2025;04:20:00;905.5333333333333;8.933333333333335;8.200000000000001;0.0;2025-03-13 04:20:00;3
13-03-2025;04:30:00;905.6333333333332;8.9;7.900000000000001;0.0;2025-03-13 04:30:00;3
13-03-2025;04:40:00;905.8;8.900000000000002;9.05;0.0;2025-03-13 04:40:00;3
13-03-2025;06:30:00;906.6500000000001;8.55;3.4;3.4;2025-03-13 06:30:00;3
13-03-2025;06:40:00;906.5333333333333;8.666666666666666;3.266666666666667;1.0;2025-03-13 06:40:00;3
13-03-2025;06:50:00;906.6;8.833333333333334;4.533333333333334;0.0;2025-03-13 06:50:00;3
13-03-2025;07:00:00;906.6999999999999;8.833333333333334;4.133333333333333;0.0;2025-03-13 07:00:00;3
13-03-2025;07:10:00;906.9333333333334;8.833333333333334;4.499999999999999;0.2;2025-03-13 07:10:00;3
13-03-2025;07:20:00;907.0999999999999;8.866666666666667;4.699999999999999;0.0;2025-03-13 07:20:00;3
13-03-2025;07:30:00;907.2666666666665;8.933333333333332;4.066666666666666;0.0;2025-03-13 07:30:00;3
13-03-2025;07:40:00;907.3999999999999;8.95;4.05;0.0;2025-03-13 07:40:00;3
13-03-2025;10:10:00;908.8;8.75;5.45;0.2;2025-03-13 10:10:00;3
13-03-2025;10:20:00;908.9;8.700000000000001;6.166666666666667;0.0;2025-03-13 10:20:00;3
13-03-2025;10:30:00;909.0;8.733333333333333;6.3999999999999995;0.0;2025-03-13 10:30:00;3
13-03-2025;10:40:00;909.1500000000001;8.75;7.85;0.0;2025-03-13 10:40:00;3
13-03-2025;11:10:00;909.3499999999999;8.95;2.5;0.2;2025-03-13 11:10:00;3
13-03-2025;11:20:00;909.4333333333334;8.866666666666667;3.6999999999999997;0.2;2025-03-13 11:20:00;3
13-03-2025;11:30:00;909.5499999999998;8.700000000000001;5.933333333333333;0.0;2025-03-13 11:30:00;3
13-03-2025;11:40:00;909.75;8.6;6.733333333333333;0.0;2025-03-13 11:40:00;3
13-03-2025;11:50:00;909.8249999999999;8.55;7.05;0.0;2025-03-13 11:50:00;3
13-03-2025;17:10:00;910.55;7.8;4.1;0.2;2025-03-13 17:10:00;3
13-03-2025;17:20:00;910.5333333333333;7.833333333333333;4.466666666666667;0.2;2025-03-13 17:20:00;3
13-03-2025;17:30:00;910.4666666666667;7.933333333333333;5.666666666666667;0.2;2025-03-13 17:30:00;3
13-03-2025;17:40:00;910.4;8.133333333333333;4.8;0.0;2025-03-13 17:40:00;3
13-03-2025;17:50:00;910.3666666666667;8.3;3.966666666666667;0.0;2025-03-13 17:50:00;3
13-03-2025;18:00:00;910.3499999999999;8.4;2.8000000000000003;0.0;2025-03-13 18:00:00;3
14-03-2025;01:10:00;912.05;9.65;4.4;0.2;2025-03-14 01:10:00;3
14-03-2025;01:20:00;912.0666666666666;9.533333333333333;4.1000000000000005;0.2;2025-03-14 01:20:00;3
14-03-2025;01:30:00;912.1;9.299999999999999;4.766666666666667;0.4;2025-03-14 01:30:00;3
14-03-2025;01:40:00;912.1333333333333;9.133333333333333;4.4;0.2;2025-03-14 01:40:00;3
14-03-2025;01:50:00;912.0666666666666;8.9;4.466666666666666;0.4;2025-03-14 01:50:00;3
14-03-2025;02:00:00;911.9000000000001;8.766666666666667;3.533333333333333;0.6;2025-03-14 02:00:00;3
14-03-2025;02:10:00;911.7333333333332;8.7;3.6666666666666665;0.2;2025-03-14 02:10:00;3
14-03-2025;02:20:00;911.7333333333332;8.733333333333333;4.133333333333333;0.2;2025-03-14 02:20:00;3
14-03-2025;02:30:00;911.8333333333334;8.700000000000001;4.333333333333333;0.2;2025-03-14 02:30:00;3
14-03-2025;02:40:00;911.7666666666665;8.6;5.3;0.2;2025-03-14 02:40:00;3
14-03-2025;02:50:00;911.5333333333333;8.533333333333333;5.133333333333334;0.4;2025-03-14 02:50:00;3
14-03-2025;03:00:00;911.1333333333333;8.466666666666667;4.866666666666666;0.4;2025-03-14 03:00:00;3
14-03-2025;03:10:00;910.7666666666668;8.466666666666667;4.1;0.2;2025-03-14 03:10:00;3
14-03-2025;03:20:00;910.4333333333334;8.666666666666666;4.966666666666666;0.0;2025-03-14 03:20:00;3
14-03-2025;03:30:00;910.4333333333334;9.1;4.866666666666666;0.0;2025-03-14 03:30:00;3
14-03-2025;03:40:00;910.4500000000002;9.399999999999999;5.0;0.0;2025-03-14 03:40:00;3
14-03-2025;04:00:00;910.5;9.85;5.05;0.2;2025-03-14 04:00:00;3
14-03-2025;04:10:00;910.3333333333334;9.733333333333333;4.7;0.0;2025-03-14 04:10:00;3
14-03-2025;04:20:00;910.1666666666666;9.799999999999999;4.3;0.2;2025-03-14 04:20:00;3
14-03-2025;04:30:00;910.0666666666666;9.666666666666666;3.3333333333333335;0.0;2025-03-14 04:30:00;3
14-03-2025;04:40:00;910.1666666666666;9.799999999999999;3.2999999999999994;0.0;2025-03-14 04:40:00;3
14-03-2025;04:50:00;910.2;9.75;2.8999999999999995;0.0;2025-03-14 04:50:00;3
14-03-2025;05:50:00;911.8;9.5;3.35;0.2;2025-03-14 05:50:00;3
14-03-2025;06:00:00;911.9333333333334;9.200000000000001;2.966666666666667;0.6;2025-03-14 06:00:00;3
14-03-2025;06:10:00;912.1666666666666;8.833333333333334;2.6;0.6;2025-03-14 06:10:00;3
14-03-2025;06:20:00;912.2666666666668;8.700000000000001;1.7333333333333334;0.4;2025-03-14 06:20:00;3
14-03-2025;06:30:00;912.4333333333334;8.7;1.9000000000000001;0.0;2025-03-14 06:30:00;3
14-03-2025;06:40:00;912.6333333333333;8.6;1.9333333333333336;0.2;2025-03-14 06:40:00;3
14-03-2025;06:50:00;912.6666666666666;8.566666666666665;1.866666666666667;0.0;2025-03-14 06:50:00;3
14-03-2025;07:00:00;912.5666666666666;8.5;1.7;0.2;2025-03-14 07:00:00;3
14-03-2025;07:10:00;912.4;8.466666666666667;1.3666666666666665;0.0;2025-03-14 07:10:00;3
14-03-2025;07:20:00;912.3000000000001;8.466666666666667;1.0666666666666667;0.0;2025-03-14 07:20:00;3
14-03-2025;07:30:00;912.25;8.5;0.5;0.0;2025-03-14 07:30:00;3
16-03-2025;04:20:00;915.7;8.4;4.1;1.2;2025-03-16 04:20:00;3
16-03-2025;04:30:00;915.7333333333332;8.4;3.4;0.0;2025-03-16 04:30:00;3
16-03-2025;04:40:00;915.9;8.366666666666667;2.5666666666666664;0.0;2025-03-16 04:40:00;3
16-03-2025;04:50:00;915.9499999999998;8.35;2.6999999999999997;0.0;2025-03-16 04:50:00;3
16-03-2025;05:40:00;916.7;7.55;2.75;0.2;2025-03-16 05:40:00;3
16-03-2025;05:50:00;916.7;7.466666666666666;2.8333333333333335;0.0;2025-03-16 05:50:00;3
16-03-2025;06:00:00;916.7333333333332;7.333333333333333;2.1666666666666665;0.0;2025-03-16 06:00:00;3
16-03-2025;06:10:00;916.7499999999999;7.25;2.45;0.0;2025-03-16 06:10:00;3
16-03-2025;19:40:00;920.1;4.4;2.05;0.2;2025-03-16 19:40:00;3
16-03-2025;19:50:00;920.1;4.566666666666667;2.3000000000000003;0.0;2025-03-16 19:50:00;3
16-03-2025;20:00:00;920.1666666666666;4.633333333333334;2.766666666666667;0.0;2025-03-16 20:00:00;3
16-03-2025;20:10:00;920.2666666666668;4.533333333333333;2.566666666666667;0.0;2025-03-16 20:10:00;3
16-03-2025;20:20:00;920.2666666666668;4.3;2.4;0.4;2025-03-16 20:20:00;3
16-03-2025;20:30:00;920.1999999999999;4.233333333333333;1.7666666666666666;0.2;2025-03-16 20:30:00;3
16-03-2025;20:40:00;920.1666666666666;4.3999999999999995;2.2666666666666666;0.0;2025-03-16 20:40:00;3
16-03-2025;20:50:00;920.2000000000002;4.7;2.1999999999999997;0.0;2025-03-16 20:50:00;3
16-03-2025;21:00:00;920.2500000000001;4.85;2.3;0.0;2025-03-16 21:00:00;3
17-03-2025;03:00:00;919.5999999999999;3.05;2.55;0.6;2025-03-17 03:00:00;3
17-03-2025;03:10:00;919.4666666666667;3.266666666666667;2.0666666666666664;0.2;2025-03-17 03:10:00;3
17-03-2025;03:20:00;919.2333333333332;3.5;1.1666666666666667;0.0;2025-03-17 03:20:00;3
17-03-2025;03:30:00;919.1333333333333;3.766666666666667;1.7666666666666666;0.0;2025-03-17 03:30:00;3
17-03-2025;03:40:00;919.1;3.8;2.0999999999999996;0.0;2025-03-17 03:40:00;3
17-03-2025;14:30:00;920.1;4.65;3.05;0.2;2025-03-17 14:30:00;3
17-03-2025;14:40:00;920.1333333333333;4.6000000000000005;3.033333333333333;0.4;2025-03-17 14:40:00;3
17-03-2025;14:50:00;920.1333333333333;4.5;2.4333333333333336;0.2;2025-03-17 14:50:00;3
17-03-2025;15:00:00;920.0666666666666;4.6;3.2000000000000006;0.0;2025-03-17 15:00:00;3
17-03-2025;15:10:00;919.9333333333334;4.8;2.5333333333333337;0.2;2025-03-17 15:10:00;3
17-03-2025;15:20:00;919.8000000000001;5.033333333333332;2.6666666666666665;0.0;2025-03-17 15:20:00;3
17-03-2025;15:30:00;919.6666666666666;5.2;2.5;0.0;2025-03-17 15:30:00;3
17-03-2025;15:40:00;919.6;5.25;3.25;0.0;2025-03-17 15:40:00;3
17-03-2025;22:00:00;920.1;5.35;0.8;0.2;2025-03-17 22:00:00;3
17-03-2025;22:10:00;920.1;5.3;0.5333333333333333;0.0;2025-03-17 22:10:00;3
17-03-2025;22:20:00;920.1;5.166666666666667;0.4333333333333333;0.0;2025-03-17 22:20:00;3
17-03-2025;22:30:00;920.1;5.1;0.29999999999999993;0.0;2025-03-17 22:30:00;3
23-03-2025;01:30:00;915.3;11.3;7.300000000000001;0.2;2025-03-23 01:30:00;3
23-03-2025;01:40:00;915.1;11.700000000000001;5.5;0.0;2025-03-23 01:40:00;3
23-03-2025;01:50:00;914.7666666666668;12.0;2.9333333333333336;0.0;2025-03-23 01:50:00;3
23-03-2025;02:00:00;914.8333333333334;12.233333333333334;2.8333333333333335;0.2;2025-03-23 02:00:00;3
23-03-2025;02:10:00;915.1333333333333;12.366666666666667;4.8;0.0;2025-03-23 02:10:00;3
23-03-2025;02:20:00;915.5;12.5;6.6000000000000005;0.0;2025-03-23 02:20:00;3
23-03-2025;02:30:00;915.5666666666666;12.4;5.733333333333333;0.2;2025-03-23 02:30:00;3
23-03-2025;02:40:00;915.4;12.066666666666668;3.6999999999999997;0.0;2025-03-23 02:40:00;3
23-03-2025;02:50:00;915.0666666666666;12.066666666666668;2.9666666666666672;0.0;2025-03-23 02:50:00;3
23-03-2025;03:00:00;914.95;12.000000000000002;3.550000000000001;0.0;2025-03-23 03:00:00;3
23-03-2025;05:00:00;914.1;11.85;7.25;0.4;2025-03-23 05:00:00;3
23-03-2025;05:10:00;913.9666666666667;12.166666666666666;6.133333333333333;0.2;2025-03-23 05:10:00;3
23-03-2025;05:20:00;913.6666666666666;12.799999999999999;6.433333333333334;0.0;2025-03-23 05:20:00;3
23-03-2025;05:30:00;913.4;13.433333333333332;5.433333333333334;0.0;2025-03-23 05:30:00;3
23-03-2025;05:40:00;913.2333333333332;13.666666666666666;5.966666666666666;0.2;2025-03-23 05:40:00;3
23-03-2025;05:50:00;913.2666666666668;13.833333333333334;5.0;0.2;2025-03-23 05:50:00;3
23-03-2025;06:00:00;913.2333333333332;13.833333333333334;4.3999999999999995;0.0;2025-03-23 06:00:00;3
23-03-2025;06:10:00;913.4333333333334;13.766666666666666;3.4333333333333336;0.0;2025-03-23 06:10:00;3
23-03-2025;06:20:00;913.6333333333333;13.233333333333334;3.533333333333333;0.2;2025-03-23 06:20:00;3
23-03-2025;06:30:00;913.8333333333334;12.799999999999999;4.7;0.0;2025-03-23 06:30:00;3
23-03-2025;06:40:00;913.9333333333334;12.633333333333333;4.633333333333334;0.0;2025-03-23 06:40:00;3
23-03-2025;06:50:00;913.95;12.7;4.3;0.0;2025-03-23 06:50:00;3
26-03-2025;18:50:00;911.3;8.0;3.3499999999999996;0.2;2025-03-26 18:50:00;3
26-03-2025;19:00:00;911.3;8.033333333333333;3.5;0.0;2025-03-26 19:00:00;3
26-03-2025;19:10:00;911.3;8.200000000000001;4.1;0.0;2025-03-26 19:10:00;3
26-03-2025;19:20:00;911.3;8.25;4.25;0.0;2025-03-26 19:20:00;3
26-03-2025;22:00:00;911.25;7.35;0.4;0.2;2025-03-26 22:00:00;3
26-03-2025;22:10:00;911.2333333333332;7.266666666666667;0.5333333333333333;0.0;2025-03-26 22:10:00;3
26-03-2025;22:20:00;911.1999999999999;7.233333333333333;0.5666666666666668;0.0;2025-03-26 22:20:00;3
26-03-2025;22:30:00;911.15;7.199999999999999;0.8500000000000001;0.0;2025-03-26 22:30:00;3
27-03-2025;01:50:00;909.55;6.949999999999999;0.75;0.2;2025-03-27 01:50:00;3
27-03-2025;02:00:00;909.5;6.8999999999999995;0.7000000000000001;0.0;2025-03-27 02:00:00;3
27-03-2025;02:10:00;909.4333333333334;6.833333333333333;0.7000000000000001;0.0;2025-03-27 02:10:00;3
27-03-2025;02:20:00;909.3666666666667;6.833333333333333;0.7999999999999999;0.0;2025-03-27 02:20:00;3
27-03-2025;02:30:00;909.3333333333334;6.833333333333333;1.2;0.2;2025-03-27 02:30:00;3
27-03-2025;02:40:00;909.2666666666665;6.766666666666667;1.6000000000000003;0.4;2025-03-27 02:40:00;3
27-03-2025;02:50:00;909.2000000000002;6.666666666666667;1.6000000000000003;0.6;2025-03-27 02:50:00;3
27-03-2025;03:00:00;909.1333333333333;6.533333333333334;1.0000000000000002;0.4;2025-03-27 03:00:00;3
27-03-2025;03:10:00;909.1;6.400000000000001;0.5333333333333335;0.2;2025-03-27 03:10:00;3
27-03-2025;03:20:00;909.0666666666666;6.333333333333333;0.6000000000000001;0.2;2025-03-27 03:20:00;3
27-03-2025;03:30:00;909.0;6.3;0.9666666666666668;0.2;2025-03-27 03:30:00;3
27-03-2025;03:40:00;908.9;6.333333333333333;1.3;0.0;2025-03-27 03:40:00;3
27-03-2025;03:50:00;908.8333333333334;6.333333333333333;1.3;0.2;2025-03-27 03:50:00;3
27-03-2025;04:00:00;908.8;6.333333333333333;1.7;0.0;2025-03-27 04:00:00;3
27-03-2025;04:10:00;908.8;6.3;1.5666666666666667;0.2;2025-03-27 04:10:00;3
27-03-2025;04:20:00;908.7666666666665;6.266666666666666;1.4666666666666666;0.0;2025-03-27 04:20:00;3
27-03-2025;04:30:00;908.7333333333335;6.166666666666667;1.2333333333333334;0.0;2025-03-27 04:30:00;3
27-03-2025;04:40:00;908.7;6.1;1.25;0.0;2025-03-27 04:40:00;3
27-03-2025;05:00:00;908.4;5.7;0.85;0.2;2025-03-27 05:00:00;3
27-03-2025;05:10:00;908.3666666666667;5.933333333333334;0.9333333333333332;0.0;2025-03-27 05:10:00;3
27-03-2025;05:20:00;908.3333333333334;6.033333333333334;0.7000000000000001;0.0;2025-03-27 05:20:00;3
27-03-2025;05:30:00;908.3;6.2;0.8;0.0;2025-03-27 05:30:00;3
27-03-2025;14:00:00;906.8499999999999;6.1;3.45;0.6;2025-03-27 14:00:00;3
27-03-2025;14:10:00;906.7666666666668;5.966666666666666;4.266666666666667;1.6;2025-03-27 14:10:00;3
27-03-2025;14:20:00;906.6666666666666;6.166666666666667;4.433333333333334;1.8;2025-03-27 14:20:00;3
27-03-2025;14:30:00;906.5333333333334;6.7;4.733333333333333;0.8;2025-03-27 14:30:00;3
27-03-2025;14:40:00;906.4666666666667;7.133333333333333;4.033333333333333;0.4;2025-03-27 14:40:00;3
27-03-2025;14:50:00;906.4;7.1000000000000005;4.333333333333333;0.2;2025-03-27 14:50:00;3
27-03-2025;15:00:00;906.4;7.099999999999999;3.733333333333333;0.0;2025-03-27 15:00:00;3
27-03-2025;15:10:00;906.4;7.199999999999999;3.733333333333333;0.0;2025-03-27 15:10:00;3
27-03-2025;15:20:00;906.4;7.3;3.6499999999999995;0.0;2025-03-27 15:20:00;3
27-03-2025;21:00:00;907.6500000000001;6.3;2.7;0.4;2025-03-27 21:00:00;3
27-03-2025;21:10:00;907.6666666666666;6.3999999999999995;2.2666666666666666;0.0;2025-03-27 21:10:00;3
27-03-2025;21:20:00;907.6333333333333;6.5;2.3666666666666667;0.0;2025-03-27 21:20:00;3
27-03-2025;21:30:00;907.6666666666666;6.566666666666666;2.6333333333333333;0.2;2025-03-27 21:30:00;3
27-03-2025;21:40:00;907.6333333333333;6.5;2.6999999999999997;0.0;2025-03-27 21:40:00;3
27-03-2025;21:50:00;907.6333333333333;6.466666666666666;2.9333333333333336;0.0;2025-03-27 21:50:00;3
27-03-2025;22:00:00;907.6;6.449999999999999;2.45;0.0;2025-03-27 22:00:00;3
28-03-2025;06:50:00;906.75;7.15;2.4000000000000004;0.2;2025-03-28 06:50:00;3
28-03-2025;07:00:00;906.7666666666668;7.266666666666667;2.1666666666666665;0.0;2025-03-28 07:00:00;3
28-03-2025;07:10:00;906.8;7.3999999999999995;1.9333333333333333;0.0;2025-03-28 07:10:00;3
28-03-2025;07:20:00;906.8;7.449999999999999;1.8499999999999999;0.0;2025-03-28 07:20:00;3
28-03-2025;15:20:00;906.05;7.0;1.85;0.2;2025-03-28 15:20:00;3
28-03-2025;15:30:00;906.0666666666666;6.933333333333334;1.8999999999999997;0.2;2025-03-28 15:30:00;3
28-03-2025;15:40:00;906.1;6.8;1.7666666666666666;0.4;2025-03-28 15:40:00;3
28-03-2025;15:50:00;906.0666666666667;7.033333333333334;1.8666666666666665;0.2;2025-03-28 15:50:00;3
28-03-2025;16:00:00;906.0;7.233333333333333;1.8999999999999997;0.2;2025-03-28 16:00:00;3
28-03-2025;16:10:00;905.9333333333334;7.366666666666667;2.1999999999999997;0.4;2025-03-28 16:10:00;3
28-03-2025;16:20:00;905.9;7.4;2.033333333333333;0.2;2025-03-28 16:20:00;3
28-03-2025;16:30:00;905.8666666666667;7.466666666666666;1.8;0.8;2025-03-28 16:30:00;3
28-03-2025;16:40:00;905.7999999999998;7.533333333333334;1.9666666666666668;0.0;2025-03-28 16:40:00;3
28-03-2025;16:50:00;905.7333333333332;7.566666666666666;2.1333333333333333;0.0;2025-03-28 16:50:00;3
28-03-2025;17:00:00;905.7;7.55;2.5;0.0;2025-03-28 17:00:00;3
28-03-2025;17:30:00;905.8499999999999;6.45;2.1;0.2;2025-03-28 17:30:00;3
28-03-2025;17:40:00;905.8666666666667;6.3999999999999995;2.066666666666667;1.0;2025-03-28 17:40:00;3
28-03-2025;17:50:00;905.9333333333334;6.266666666666667;1.7;1.8;2025-03-28 17:50:00;3
28-03-2025;18:00:00;905.9333333333333;6.1000000000000005;1.6666666666666667;0.4;2025-03-28 18:00:00;3
28-03-2025;18:10:00;905.9333333333334;6.0;1.3666666666666665;0.0;2025-03-28 18:10:00;3
28-03-2025;18:20:00;905.9;5.966666666666668;1.1333333333333335;0.0;2025-03-28 18:20:00;3
28-03-2025;18:30:00;905.9;6.0;0.9;0.0;2025-03-28 18:30:00;3
28-03-2025;19:50:00;905.9;6.75;1.1;0.2;2025-03-28 19:50:00;3
28-03-2025;20:00:00;905.9;6.766666666666667;1.0999999999999999;0.0;2025-03-28 20:00:00;3
28-03-2025;20:10:00;905.9;6.733333333333333;1.3333333333333333;0.0;2025-03-28 20:10:00;3
28-03-2025;20:20:00;905.9;6.6499999999999995;1.3499999999999999;0.0;2025-03-28 20:20:00;3
29-03-2025;06:50:00;903.7;5.75;1.65;0.2;2025-03-29 06:50:00;3
29-03-2025;07:00:00;903.6666666666666;5.766666666666667;1.6333333333333335;0.2;2025-03-29 07:00:00;3
29-03-2025;07:10:00;903.6333333333333;5.733333333333333;1.6333333333333335;0.2;2025-03-29 07:10:00;3
29-03-2025;07:20:00;903.5666666666666;5.7;2.233333333333333;0.2;2025-03-29 07:20:00;3
29-03-2025;07:30:00;903.5333333333334;5.666666666666667;2.9;0.2;2025-03-29 07:30:00;3
29-03-2025;07:40:00;903.5;5.666666666666667;3.2999999999999994;0.2;2025-03-29 07:40:00;3
29-03-2025;07:50:00;903.5;5.8;3.133333333333333;0.0;2025-03-29 07:50:00;3
29-03-2025;08:00:00;903.5333333333333;5.966666666666668;2.3666666666666667;0.2;2025-03-29 08:00:00;3
29-03-2025;08:10:00;903.6;6.1000000000000005;1.933333333333333;0.0;2025-03-29 08:10:00;3
29-03-2025;08:20:00;903.6999999999999;6.133333333333333;1.8666666666666665;0.0;2025-03-29 08:20:00;3
29-03-2025;08:30:00;903.7666666666668;6.1;2.233333333333333;0.2;2025-03-29 08:30:00;3
29-03-2025;08:40:00;903.8;6.199999999999999;2.4666666666666663;0.4;2025-03-29 08:40:00;3
29-03-2025;08:50:00;903.8333333333334;6.300000000000001;2.2666666666666666;0.0;2025-03-29 08:50:00;3
29-03-2025;09:00:00;903.9;6.4;2.1666666666666665;0.2;2025-03-29 09:00:00;3
29-03-2025;09:10:00;903.9333333333334;6.333333333333333;2.0;0.0;2025-03-29 09:10:00;3
29-03-2025;09:20:00;903.9666666666667;6.266666666666667;2.4666666666666663;0.2;2025-03-29 09:20:00;3
29-03-2025;09:30:00;904.0;6.166666666666667;2.9333333333333336;0.2;2025-03-29 09:30:00;3
29-03-2025;09:40:00;904.0666666666666;6.1000000000000005;3.3666666666666667;0.0;2025-03-29 09:40:00;3
29-03-2025;09:50:00;904.1333333333333;6.0;3.733333333333333;0.0;2025-03-29 09:50:00;3
29-03-2025;10:00:00;904.1666666666666;5.933333333333334;3.1333333333333333;0.2;2025-03-29 10:00:00;3
29-03-2025;10:10:00;904.2;5.866666666666667;2.9333333333333336;0.0;2025-03-29 10:10:00;3
29-03-2025;10:20:00;904.2333333333332;5.866666666666667;2.166666666666666;0.2;2025-03-29 10:20:00;3
29-03-2025;10:30:00;904.2666666666668;5.866666666666667;2.733333333333333;0.4;2025-03-29 10:30:00;3
29-03-2025;10:40:00;904.3;5.866666666666667;2.233333333333333;0.4;2025-03-29 10:40:00;3
29-03-2025;10:50:00;904.3333333333334;5.8;2.3999999999999995;0.4;2025-03-29 10:50:00;3
29-03-2025;11:00:00;904.3666666666667;5.733333333333333;2.1999999999999997;0.2;2025-03-29 11:00:00;3
29-03-2025;11:10:00;904.4;5.733333333333333;2.3666666666666667;0.0;2025-03-29 11:10:00;3
29-03-2025;11:20:00;904.4;5.833333333333333;1.933333333333333;0.2;2025-03-29 11:20:00;3
29-03-2025;11:30:00;904.4;5.933333333333334;1.7666666666666664;0.0;2025-03-29 11:30:00;3
29-03-2025;11:40:00;904.4333333333334;6.033333333333334;1.7999999999999996;0.2;2025-03-29 11:40:00;3
29-03-2025;11:50:00;904.4666666666666;6.066666666666666;2.3333333333333335;0.0;2025-03-29 11:50:00;3
29-03-2025;12:00:00;904.5;6.133333333333333;2.4999999999999996;0.0;2025-03-29 12:00:00;3
29-03-2025;12:10:00;904.5;6.1499999999999995;2.749999999999999;0.0;2025-03-29 12:10:00;3
29-03-2025;13:10:00;904.25;6.300000000000001;1.85;0.2;2025-03-29 13:10:00;3
29-03-2025;13:20:00;904.2333333333332;6.433333333333334;1.9666666666666668;0.0;2025-03-29 13:20:00;3
29-03-2025;13:30:00;904.1666666666666;6.566666666666667;2.0;0.0;2025-03-29 13:30:00;3
29-03-2025;13:40:00;904.1;6.733333333333333;2.1333333333333333;0.0;2025-03-29 13:40:00;3
29-03-2025;13:50:00;904.0333333333333;6.833333333333333;2.1333333333333333;0.2;2025-03-29 13:50:00;3
29-03-2025;14:00:00;904.0;6.8999999999999995;2.266666666666667;0.0;2025-03-29 14:00:00;3
29-03-2025;14:10:00;904.0;6.933333333333334;2.2;0.0;2025-03-29 14:10:00;3
29-03-2025;14:20:00;904.0;6.9;2.2;0.0;2025-03-29 14:20:00;3
29-03-2025;17:40:00;904.5;6.9;1.5;0.2;2025-03-29 17:40:00;3
29-03-2025;17:50:00;904.5;6.8999999999999995;1.4000000000000001;0.0;2025-03-29 17:50:00;3
29-03-2025;18:00:00;904.5333333333333;6.8;1.1333333333333335;0.0;2025-03-29 18:00:00;3
29-03-2025;18:10:00;904.5666666666666;6.766666666666667;1.2;0.2;2025-03-29 18:10:00;3
29-03-2025;18:20:00;904.6333333333333;6.7;2.1333333333333333;0.0;2025-03-29 18:20:00;3
29-03-2025;18:30:00;904.7333333333335;6.766666666666667;2.8666666666666667;0.0;2025-03-29 18:30:00;3
29-03-2025;18:40:00;904.8000000000001;6.800000000000001;3.35;0.0;2025-03-29 18:40:00;3
29-03-2025;19:20:00;905.45;6.5;1.5499999999999998;0.2;2025-03-29 19:20:00;3
29-03-2025;19:30:00;905.5;6.5;1.9333333333333333;0.0;2025-03-29 19:30:00;3
29-03-2025;19:40:00;905.6;6.533333333333334;1.5333333333333332;0.2;2025-03-29 19:40:00;3
29-03-2025;19:50:00;905.6999999999999;6.566666666666666;1.4666666666666666;0.2;2025-03-29 19:50:00;3
29-03-2025;20:00:00;905.7666666666668;6.6;0.8666666666666666;0.0;2025-03-29 20:00:00;3
29-03-2025;20:10:00;905.8333333333334;6.533333333333334;1.4666666666666666;0.0;2025-03-29 20:10:00;3
29-03-2025;20:20:00;905.8666666666667;6.433333333333334;2.033333333333333;0.2;2025-03-29 20:20:00;3
29-03-2025;20:30:00;905.9;6.333333333333333;2.333333333333333;0.0;2025-03-29 20:30:00;3
29-03-2025;20:40:00;905.9;6.266666666666667;2.433333333333333;0.2;2025-03-29 20:40:00;3
29-03-2025;20:50:00;905.9333333333334;6.233333333333333;2.5999999999999996;0.0;2025-03-29 20:50:00;3
29-03-2025;21:00:00;905.9666666666666;6.2;2.7999999999999994;0.0;2025-03-29 21:00:00;3
29-03-2025;21:10:00;906.0;6.2;2.5499999999999994;0.0;2025-03-29 21:10:00;3
29-03-2025;21:40:00;906.25;6.05;3.8499999999999996;0.2;2025-03-29 21:40:00;3
29-03-2025;21:50:00;906.3000000000001;6.066666666666666;4.466666666666667;0.0;2025-03-29 21:50:00;3
29-03-2025;22:00:00;906.3666666666667;6.133333333333333;4.133333333333334;0.2;2025-03-29 22:00:00;3
29-03-2025;22:10:00;906.4;6.166666666666667;5.366666666666667;0.0;2025-03-29 22:10:00;3
29-03-2025;22:20:00;906.4;6.233333333333333;4.566666666666666;0.2;2025-03-29 22:20:00;3
29-03-2025;22:30:00;906.4333333333334;6.300000000000001;4.566666666666667;0.0;2025-03-29 22:30:00;3
29-03-2025;22:40:00;906.5;6.3;3.266666666666667;0.2;2025-03-29 22:40:00;3
29-03-2025;22:50:00;906.5666666666666;6.266666666666667;2.8000000000000003;0.0;2025-03-29 22:50:00;3
29-03-2025;23:00:00;906.6333333333333;6.2;2.766666666666667;0.0;2025-03-29 23:00:00;3
29-03-2025;23:10:00;906.6500000000001;6.2;2.7;0.0;2025-03-29 23:10:00;3
30-03-2025;00:10:00;906.75;6.0;6.3;0.2;2025-03-30 00:10:00;3
30-03-2025;00:20:00;906.7666666666668;6.0;6.1000000000000005;0.0;2025-03-30 00:20:00;3
30-03-2025;00:30:00;906.8;6.0;5.366666666666666;0.0;2025-03-30 00:30:00;3
30-03-2025;00:40:00;906.8;6.0;4.3999999999999995;0.0;2025-03-30 00:40:00;3
31-03-2025;06:20:00;910.5;7.35;5.1;0.2;2025-03-31 06:20:00;3
31-03-2025;06:30:00;910.5;7.066666666666666;4.233333333333333;0.4;2025-03-31 06:30:00;3
31-03-2025;06:40:00;910.5;6.7;3.2999999999999994;1.0;2025-03-31 06:40:00;3
31-03-2025;06:50:00;910.5;6.5;2.6666666666666665;0.6;2025-03-31 06:50:00;3
31-03-2025;07:00:00;910.5;6.533333333333334;2.8666666666666667;0.8;2025-03-31 07:00:00;3
31-03-2025;07:10:00;910.5;6.633333333333333;2.966666666666667;0.2;2025-03-31 07:10:00;3
31-03-2025;07:20:00;910.4666666666667;6.766666666666667;3.5;0.4;2025-03-31 07:20:00;3
31-03-2025;07:30:00;910.4333333333334;6.8999999999999995;3.8000000000000003;0.2;2025-03-31 07:30:00;3
31-03-2025;07:40:00;910.4;6.933333333333334;4.066666666666667;0.2;2025-03-31 07:40:00;3
31-03-2025;07:50:00;910.4;6.866666666666667;4.366666666666666;0.2;2025-03-31 07:50:00;3
31-03-2025;08:00:00;910.3666666666667;6.733333333333334;4.5;0.0;2025-03-31 08:00:00;3
31-03-2025;08:10:00;910.3333333333334;6.599999999999999;5.533333333333334;0.2;2025-03-31 08:10:00;3
31-03-2025;08:20:00;910.3;6.466666666666666;5.733333333333333;0.0;2025-03-31 08:20:00;3
31-03-2025;08:30:00;910.3;6.3999999999999995;6.3;0.2;2025-03-31 08:30:00;3
31-03-2025;08:40:00;910.2666666666668;6.333333333333333;5.7;0.2;2025-03-31 08:40:00;3
31-03-2025;08:50:00;910.2333333333332;6.366666666666667;5.066666666666666;0.0;2025-03-31 08:50:00;3
31-03-2025;09:00:00;910.1666666666666;6.366666666666667;4.3;0.0;2025-03-31 09:00:00;3
31-03-2025;09:10:00;910.15;6.4;3.8499999999999996;0.0;2025-03-31 09:10:00;3
01-04-2025;15:10:00;906.8499999999999;7.15;10.55;0.2;2025-04-01 15:10:00;3
01-04-2025;15:20:00;906.8666666666667;7.166666666666667;8.9;0.0;2025-04-01 15:20:00;3
01-04-2025;15:30:00;906.8000000000001;7.2;7.599999999999999;0.0;2025-04-01 15:30:00;3
01-04-2025;15:40:00;906.75;7.2;7.899999999999999;0.0;2025-04-01 15:40:00;3
02-04-2025;05:30:00;911.8499999999999;7.75;5.3;0.4;2025-04-02 05:30:00;3
02-04-2025;05:40:00;911.9666666666667;7.7;5.833333333333333;0.0;2025-04-02 05:40:00;3
02-04-2025;05:50:00;912.0666666666666;7.566666666666666;6.733333333333333;0.0;2025-04-02 05:50:00;3
02-04-2025;06:00:00;912.1499999999999;7.5;7.35;0.0;2025-04-02 06:00:00;3
02-04-2025;10:10:00;914.95;9.0;6.5;0.2;2025-04-02 10:10:00;3
02-04-2025;10:20:00;915.0;9.0;5.466666666666666;0.0;2025-04-02 10:20:00;3
02-04-2025;10:30:00;915.1;8.966666666666667;5.633333333333333;0.0;2025-04-02 10:30:00;3
02-04-2025;10:40:00;915.1500000000001;8.95;4.85;0.0;2025-04-02 10:40:00;3
02-04-2025;16:10:00;916.25;10.350000000000001;3.25;0.2;2025-04-02 16:10:00;3
02-04-2025;16:20:00;916.3000000000001;10.4;4.166666666666667;0.0;2025-04-02 16:20:00;3
02-04-2025;16:30:00;916.3666666666667;10.5;4.833333333333333;0.0;2025-04-02 16:30:00;3
02-04-2025;16:40:00;916.4;10.55;5.8;0.0;2025-04-02 16:40:00;3
06-04-2025;16:00:00;911.6500000000001;7.9;3.6500000000000004;1.8;2025-04-06 16:00:00;3
06-04-2025;16:10:00;911.6999999999999;7.666666666666667;5.0;1.8;2025-04-06 16:10:00;3
06-04-2025;16:20:00;911.7666666666668;7.066666666666666;7.3;0.8;2025-04-06 16:20:00;3
06-04-2025;16:30:00;911.8333333333334;6.433333333333334;9.6;0.4;2025-04-06 16:30:00;3
06-04-2025;16:40:00;911.9333333333333;5.833333333333333;10.233333333333334;0.6;2025-04-06 16:40:00;3
06-04-2025;16:50:00;912.0666666666666;5.366666666666667;10.299999999999999;0.4;2025-04-06 16:50:00;3
06-04-2025;17:00:00;912.3000000000001;4.933333333333334;8.566666666666666;0.6;2025-04-06 17:00:00;3
06-04-2025;17:10:00;912.4333333333334;4.5;6.733333333333334;0.4;2025-04-06 17:10:00;3
06-04-2025;17:20:00;912.5333333333333;4.133333333333333;4.933333333333334;0.2;2025-04-06 17:20:00;3
06-04-2025;17:30:00;912.6333333333332;3.8333333333333335;4.866666666666666;0.0;2025-04-06 17:30:00;3
06-04-2025;17:40:00;912.8666666666667;3.5666666666666664;5.7;0.0;2025-04-06 17:40:00;3
06-04-2025;17:50:00;913.0;3.4499999999999997;5.9;0.0;2025-04-06 17:50:00;3
14-04-2025;16:10:00;915.7;13.75;10.1;0.2;2025-04-14 16:10:00;3
14-04-2025;16:20:00;915.7666666666668;13.666666666666666;8.766666666666667;0.4;2025-04-14 16:20:00;3
14-04-2025;16:30:00;915.8000000000001;13.6;7.933333333333334;0.0;2025-04-14 16:30:00;3
14-04-2025;16:40:00;915.9333333333334;13.766666666666666;6.900000000000001;0.0;2025-04-14 16:40:00;3
14-04-2025;16:50:00;916.1;14.0;6.266666666666667;0.2;2025-04-14 16:50:00;3
14-04-2025;17:00:00;916.2666666666665;13.966666666666667;4.633333333333333;0.0;2025-04-14 17:00:00;3
14-04-2025;17:10:00;916.4;13.933333333333332;5.766666666666667;0.0;2025-04-14 17:10:00;3
14-04-2025;17:20:00;916.4;13.799999999999999;6.550000000000001;0.0;2025-04-14 17:20:00;3
14-04-2025;23:20:00;916.05;12.8;8.0;0.2;2025-04-14 23:20:00;3
14-04-2025;23:30:00;916.0333333333333;12.6;7.1000000000000005;0.2;2025-04-14 23:30:00;3
14-04-2025;23:40:00;915.8333333333334;12.6;7.366666666666667;0.2;2025-04-14 23:40:00;3
14-04-2025;23:50:00;915.6333333333333;12.733333333333334;5.566666666666666;0.2;2025-04-14 23:50:00;3
15-04-2025;00:00:00;915.3666666666668;13.266666666666666;6.333333333333333;0.4;2025-04-15 00:00:00;3
15-04-2025;00:10:00;915.2333333333335;13.433333333333332;4.3;0.0;2025-04-15 00:10:00;3
15-04-2025;00:20:00;915.1;13.8;4.733333333333333;0.0;2025-04-15 00:20:00;3
15-04-2025;00:30:00;915.0500000000001;13.8;3.3;0.0;2025-04-15 00:30:00;3
15-04-2025;01:30:00;914.55;11.9;14.6;0.4;2025-04-15 01:30:00;3
15-04-2025;01:40:00;914.5;12.1;11.5;0.2;2025-04-15 01:40:00;3
15-04-2025;01:50:00;914.4;12.300000000000002;9.4;0.0;2025-04-15 01:50:00;3
15-04-2025;02:00:00;914.6;12.5;6.666666666666667;0.0;2025-04-15 02:00:00;3
15-04-2025;02:10:00;914.7;12.5;7.35;0.0;2025-04-15 02:10:00;3
15-04-2025;03:20:00;915.1;11.399999999999999;4.3;0.8;2025-04-15 03:20:00;3
15-04-2025;03:30:00;915.0666666666666;11.433333333333332;4.166666666666667;0.6;2025-04-15 03:30:00;3
15-04-2025;03:40:00;915.0;11.399999999999999;3.633333333333333;0.0;2025-04-15 03:40:00;3
15-04-2025;03:50:00;915.0;11.466666666666669;3.6666666666666665;0.6;2025-04-15 03:50:00;3
15-04-2025;04:00:00;915.0833333333334;11.433333333333335;3.4666666666666663;2.0;2025-04-15 04:00:00;3
15-04-2025;04:10:00;915.25;11.366666666666667;4.1000000000000005;1.2;2025-04-15 04:10:00;3
15-04-2025;04:20:00;915.3166666666666;11.366666666666667;5.333333333333333;2.4;2025-04-15 04:20:00;3
15-04-2025;04:30:00;915.1999999999999;11.300000000000002;5.1000000000000005;1.2;2025-04-15 04:30:00;3
15-04-2025;04:40:00;915.0333333333333;11.333333333333334;5.633333333333333;0.8;2025-04-15 04:40:00;3
15-04-2025;04:50:00;914.9;11.333333333333334;4.766666666666667;0.0;2025-04-15 04:50:00;3
15-04-2025;05:00:00;915.0;11.433333333333332;5.7;0.0;2025-04-15 05:00:00;3
15-04-2025;05:10:00;915.05;11.45;5.3500000000000005;0.0;2025-04-15 05:10:00;3
15-04-2025;05:40:00;915.4;11.55;4.25;0.2;2025-04-15 05:40:00;3
15-04-2025;05:50:00;915.4333333333334;11.566666666666668;5.033333333333333;0.8;2025-04-15 05:50:00;3
15-04-2025;06:00:00;915.4666666666667;11.566666666666665;4.866666666666666;0.8;2025-04-15 06:00:00;3
15-04-2025;06:10:00;915.4666666666667;11.633333333333333;5.533333333333334;0.0;2025-04-15 06:10:00;3
15-04-2025;06:20:00;915.3666666666667;11.700000000000001;4.533333333333333;0.0;2025-04-15 06:20:00;3
15-04-2025;06:30:00;915.4;11.799999999999999;4.266666666666667;0.2;2025-04-15 06:30:00;3
15-04-2025;06:40:00;915.4;11.866666666666667;2.966666666666667;0.2;2025-04-15 06:40:00;3
15-04-2025;06:50:00;915.5333333333334;11.833333333333334;3.1;0.0;2025-04-15 06:50:00;3
15-04-2025;07:00:00;915.6;11.733333333333334;3.3000000000000003;0.0;2025-04-15 07:00:00;3
15-04-2025;07:10:00;915.6500000000001;11.650000000000002;4.25;0.0;2025-04-15 07:10:00;3
15-04-2025;07:50:00;915.6;11.45;4.15;0.2;2025-04-15 07:50:00;3
15-04-2025;08:00:00;915.6;11.566666666666668;3.466666666666667;0.0;2025-04-15 08:00:00;3
15-04-2025;08:10:00;915.6333333333333;11.766666666666667;3.4333333333333336;0.0;2025-04-15 08:10:00;3
15-04-2025;08:20:00;915.65;11.900000000000002;3.2;0.0;2025-04-15 08:20:00;3
16-04-2025;20:20:00;912.8;17.75;8.25;0.2;2025-04-16 20:20:00;3
16-04-2025;20:30:00;912.6999999999999;17.966666666666665;8.799999999999999;0.0;2025-04-16 20:30:00;3
16-04-2025;20:40:00;912.5333333333333;18.3;8.633333333333333;0.0;2025-04-16 20:40:00;3
16-04-2025;20:50:00;912.45;18.5;8.5;0.0;2025-04-16 20:50:00;3
17-04-2025;05:30:00;912.0;9.25;3.2;0.2;2025-04-17 05:30:00;3
17-04-2025;05:40:00;912.0666666666666;9.133333333333333;3.266666666666667;1.0;2025-04-17 05:40:00;3
17-04-2025;05:50:00;912.1666666666666;8.933333333333332;3.4333333333333336;0.8;2025-04-17 05:50:00;3
17-04-2025;06:00:00;912.2666666666668;8.733333333333333;3.6;0.0;2025-04-17 06:00:00;3
17-04-2025;06:10:00;912.3666666666667;8.533333333333333;4.166666666666667;0.0;2025-04-17 06:10:00;3
17-04-2025;06:20:00;912.4666666666667;8.366666666666665;3.233333333333333;0.0;2025-04-17 06:20:00;3
17-04-2025;06:30:00;912.5666666666666;8.233333333333333;3.6666666666666665;0.2;2025-04-17 06:30:00;3
17-04-2025;06:40:00;912.6333333333333;8.2;2.6333333333333333;0.0;2025-04-17 06:40:00;3
17-04-2025;06:50:00;912.7;8.2;2.5333333333333337;0.0;2025-04-17 06:50:00;3
17-04-2025;07:00:00;912.8000000000001;8.299999999999999;2.6666666666666665;0.0;2025-04-17 07:00:00;3
17-04-2025;07:10:00;912.9;8.4;3.266666666666667;0.2;2025-04-17 07:10:00;3
17-04-2025;07:20:00;913.0333333333334;8.466666666666667;3.233333333333334;0.2;2025-04-17 07:20:00;3
17-04-2025;07:30:00;913.1;8.366666666666667;2.9;0.0;2025-04-17 07:30:00;3
17-04-2025;07:40:00;913.1666666666666;8.200000000000001;2.733333333333334;0.0;2025-04-17 07:40:00;3
17-04-2025;07:50:00;913.2;8.100000000000001;3.0500000000000003;0.0;2025-04-17 07:50:00;3
17-04-2025;08:10:00;913.8;7.95;4.25;0.2;2025-04-17 08:10:00;3
17-04-2025;08:20:00;913.8666666666667;7.966666666666666;3.8666666666666667;0.0;2025-04-17 08:20:00;3
17-04-2025;08:30:00;913.8666666666667;8.0;3.5;0.2;2025-04-17 08:30:00;3
17-04-2025;08:40:00;913.9;8.033333333333333;2.9;0.2;2025-04-17 08:40:00;3
17-04-2025;08:50:00;914.0;8.033333333333333;3.4333333333333336;0.0;2025-04-17 08:50:00;3
17-04-2025;09:00:00;914.1666666666666;8.033333333333333;4.033333333333334;0.0;2025-04-17 09:00:00;3
17-04-2025;09:10:00;914.25;8.0;4.75;0.0;2025-04-17 09:10:00;3
17-04-2025;09:40:00;914.4;8.2;3.0999999999999996;0.2;2025-04-17 09:40:00;3
17-04-2025;09:50:00;914.4333333333334;8.333333333333334;3.0666666666666664;0.0;2025-04-17 09:50:00;3
17-04-2025;10:00:00;914.4666666666666;8.433333333333332;2.533333333333333;0.0;2025-04-17 10:00:00;3
17-04-2025;10:10:00;914.5;8.5;2.5999999999999996;0.0;2025-04-17 10:10:00;3
17-04-2025;11:20:00;914.9;8.75;1.7000000000000002;0.4;2025-04-17 11:20:00;3
17-04-2025;11:30:00;914.9;8.799999999999999;2.6;0.0;2025-04-17 11:30:00;3
17-04-2025;11:40:00;914.8333333333334;9.266666666666666;3.9333333333333336;0.0;2025-04-17 11:40:00;3
17-04-2025;11:50:00;914.8000000000001;9.45;4.85;0.0;2025-04-17 11:50:00;3
17-04-2025;12:20:00;914.8499999999999;8.8;2.5999999999999996;2.4;2025-04-17 12:20:00;3
17-04-2025;12:30:00;914.8666666666667;8.799999999999999;2.5;0.2;2025-04-17 12:30:00;3
17-04-2025;12:40:00;914.9;8.799999999999999;3.1999999999999997;0.0;2025-04-17 12:40:00;3
17-04-2025;12:50:00;914.9;8.833333333333334;3.233333333333334;0.0;2025-04-17 12:50:00;3
17-04-2025;13:00:00;914.9;8.849999999999998;3.7;0.0;2025-04-17 13:00:00;3
17-04-2025;14:20:00;914.3499999999999;8.8;6.800000000000001;0.2;2025-04-17 14:20:00;3
17-04-2025;14:30:00;914.4333333333333;8.566666666666668;5.3999999999999995;0.6;2025-04-17 14:30:00;3
17-04-2025;14:40:00;914.5999999999999;8.433333333333334;3.566666666666667;0.2;2025-04-17 14:40:00;3
17-04-2025;14:50:00;914.7666666666665;8.466666666666667;2.033333333333333;0.0;2025-04-17 14:50:00;3
17-04-2025;15:00:00;914.8666666666667;8.733333333333333;4.066666666666666;0.0;2025-04-17 15:00:00;3
17-04-2025;15:10:00;914.9;8.9;5.25;0.0;2025-04-17 15:10:00;3
17-04-2025;15:30:00;914.95;9.0;4.25;0.4;2025-04-17 15:30:00;3
17-04-2025;15:40:00;914.9666666666667;9.033333333333333;4.133333333333334;0.0;2025-04-17 15:40:00;3
17-04-2025;15:50:00;915.0333333333333;9.0;4.433333333333334;0.0;2025-04-17 15:50:00;3
17-04-2025;16:00:00;915.0999999999999;8.95;4.65;0.0;2025-04-17 16:00:00;3
17-04-2025;17:20:00;915.9;8.8;3.1;0.2;2025-04-17 17:20:00;3
17-04-2025;17:30:00;915.9;8.733333333333334;3.3000000000000003;0.0;2025-04-17 17:30:00;3
17-04-2025;17:40:00;915.9333333333333;8.666666666666666;3.066666666666667;0.0;2025-04-17 17:40:00;3
17-04-2025;17:50:00;915.9499999999999;8.6;3.3000000000000003;0.0;2025-04-17 17:50:00;3
18-04-2025;00:50:00;918.45;8.100000000000001;4.45;2.0;2025-04-18 00:50:00;3
18-04-2025;01:00:00;918.4;8.233333333333334;3.6666666666666665;0.8;2025-04-18 01:00:00;3
18-04-2025;01:10:00;918.4333333333334;8.266666666666667;3.033333333333333;1.2;2025-04-18 01:10:00;3
18-04-2025;01:20:00;918.5;7.933333333333333;2.733333333333333;0.2;2025-04-18 01:20:00;3
18-04-2025;01:30:00;918.5666666666667;7.433333333333334;2.966666666666667;0.0;2025-04-18 01:30:00;3
18-04-2025;01:40:00;918.5333333333333;7.2;3.3666666666666667;0.2;2025-04-18 01:40:00;3
18-04-2025;01:50:00;918.4666666666667;7.3999999999999995;5.0;0.0;2025-04-18 01:50:00;3
18-04-2025;02:00:00;918.4333333333334;7.766666666666666;4.8999999999999995;0.0;2025-04-18 02:00:00;3
18-04-2025;02:10:00;918.4;7.999999999999999;4.95;0.0;2025-04-18 02:10:00;3
18-04-2025;03:30:00;918.0;8.5;7.3;0.4;2025-04-18 03:30:00;3
18-04-2025;03:40:00;918.0;8.5;6.833333333333333;0.0;2025-04-18 03:40:00;3
18-04-2025;03:50:00;918.0;8.4;6.733333333333333;0.4;2025-04-18 03:50:00;3
18-04-2025;04:00:00;918.0333333333333;8.4;5.766666666666667;0.0;2025-04-18 04:00:00;3
18-04-2025;04:10:00;918.1;8.4;4.966666666666666;0.0;2025-04-18 04:10:00;3
18-04-2025;04:20:00;918.1500000000001;8.5;4.299999999999999;0.0;2025-04-18 04:20:00;3
18-04-2025;05:10:00;917.8;6.1;3.3;1.0;2025-04-18 05:10:00;3
18-04-2025;05:20:00;917.8000000000001;6.466666666666666;2.8666666666666667;0.4;2025-04-18 05:20:00;3
18-04-2025;05:30:00;917.8666666666667;7.133333333333333;4.333333333333333;0.4;2025-04-18 05:30:00;3
18-04-2025;05:40:00;917.8666666666667;7.599999999999999;4.533333333333334;0.0;2025-04-18 05:40:00;3
18-04-2025;05:50:00;917.9;7.866666666666667;4.333333333333333;0.0;2025-04-18 05:50:00;3
18-04-2025;06:00:00;918.0333333333334;7.699999999999999;2.533333333333333;0.0;2025-04-18 06:00:00;3
18-04-2025;06:10:00;918.1666666666666;7.433333333333333;1.8666666666666665;1.4;2025-04-18 06:10:00;3
18-04-2025;06:20:00;918.3666666666667;7.0;2.433333333333333;0.2;2025-04-18 06:20:00;3
18-04-2025;06:30:00;918.5;6.866666666666667;2.233333333333334;0.0;2025-04-18 06:30:00;3
18-04-2025;06:40:00;918.6;6.7;2.4333333333333336;0.0;2025-04-18 06:40:00;3
18-04-2025;06:50:00;918.6500000000001;6.7;2.1;0.0;2025-04-18 06:50:00;3
18-04-2025;08:00:00;919.1500000000001;6.9;1.7;0.2;2025-04-18 08:00:00;3
18-04-2025;08:10:00;919.1999999999999;7.0;1.7666666666666666;0.0;2025-04-18 08:10:00;3
18-04-2025;08:20:00;919.3000000000001;7.0;1.7333333333333334;0.0;2025-04-18 08:20:00;3
18-04-2025;08:30:00;919.3499999999999;7.05;1.6;0.0;2025-04-18 08:30:00;3
18-04-2025;13:50:00;920.1;7.4;3.0;0.4;2025-04-18 13:50:00;3
18-04-2025;14:00:00;920.1;7.3999999999999995;2.6;1.6;2025-04-18 14:00:00;3
18-04-2025;14:10:00;920.0666666666667;7.3999999999999995;2.1999999999999997;0.0;2025-04-18 14:10:00;3
18-04-2025;14:20:00;920.0666666666666;7.5;2.3333333333333335;0.0;2025-04-18 14:20:00;3
18-04-2025;14:30:00;920.05;7.550000000000001;2.6;0.0;2025-04-18 14:30:00;3
18-04-2025;16:30:00;920.25;8.05;2.3;0.2;2025-04-18 16:30:00;3
18-04-2025;16:40:00;920.2666666666668;8.066666666666666;2.3333333333333335;0.0;2025-04-18 16:40:00;3
18-04-2025;16:50:00;920.2666666666668;8.166666666666666;2.8333333333333335;0.0;2025-04-18 16:50:00;3
18-04-2025;17:00:00;920.3;8.2;2.5;0.0;2025-04-18 17:00:00;3
23-04-2025;15:00:00;917.7;11.2;3.0;0.8;2025-04-23 15:00:00;3
23-04-2025;15:10:00;917.7333333333332;10.633333333333333;2.0;7.6;2025-04-23 15:10:00;3
23-04-2025;15:20:00;917.8333333333334;9.966666666666667;1.3666666666666665;6.8;2025-04-23 15:20:00;3
23-04-2025;15:30:00;917.9666666666667;9.833333333333334;1.0333333333333334;1.4;2025-04-23 15:30:00;3
23-04-2025;15:40:00;918.0666666666666;10.133333333333333;1.6333333333333335;0.8;2025-04-23 15:40:00;3
23-04-2025;15:50:00;918.1;10.200000000000001;1.7333333333333334;0.2;2025-04-23 15:50:00;3
23-04-2025;16:00:00;918.0;10.266666666666666;1.4333333333333333;0.2;2025-04-23 16:00:00;3
23-04-2025;16:10:00;917.9;10.366666666666667;1.1666666666666667;0.2;2025-04-23 16:10:00;3
23-04-2025;16:20:00;917.8;10.533333333333333;1.2666666666666666;0.4;2025-04-23 16:20:00;3
23-04-2025;16:30:00;917.8;10.666666666666666;1.2333333333333334;0.2;2025-04-23 16:30:00;3
23-04-2025;16:40:00;917.8;10.666666666666666;1.4333333333333336;0.2;2025-04-23 16:40:00;3
23-04-2025;16:50:00;917.8333333333334;10.733333333333333;0.8666666666666667;0.4;2025-04-23 16:50:00;3
23-04-2025;17:00:00;917.8333333333334;10.666666666666666;0.5333333333333333;0.2;2025-04-23 17:00:00;3
23-04-2025;17:10:00;917.7999999999998;10.666666666666666;0.3666666666666667;0.2;2025-04-23 17:10:00;3
23-04-2025;17:20:00;917.7333333333332;10.699999999999998;0.7333333333333334;0.0;2025-04-23 17:20:00;3
23-04-2025;17:30:00;917.7;10.766666666666666;0.7333333333333334;0.0;2025-04-23 17:30:00;3
23-04-2025;17:40:00;917.7;10.8;0.55;0.0;2025-04-23 17:40:00;3
23-04-2025;19:00:00;917.6;10.2;0.65;0.2;2025-04-23 19:00:00;3
23-04-2025;19:10:00;917.5666666666666;10.2;0.7000000000000001;0.0;2025-04-23 19:10:00;3
23-04-2025;19:20:00;917.5;10.166666666666666;1.3666666666666665;0.0;2025-04-23 19:20:00;3
23-04-2025;19:30:00;917.4499999999999;10.15;1.4;0.0;2025-04-23 19:30:00;3
24-04-2025;02:00:00;916.45;10.3;2.9499999999999997;0.4;2025-04-24 02:00:00;3
24-04-2025;02:10:00;916.4333333333334;10.266666666666666;2.433333333333333;0.0;2025-04-24 02:10:00;3
24-04-2025;02:20:00;916.4;10.166666666666666;2.2666666666666666;0.2;2025-04-24 02:20:00;3
24-04-2025;02:30:00;916.4;10.0;1.5;0.0;2025-04-24 02:30:00;3
24-04-2025;02:40:00;916.4;9.866666666666667;1.6333333333333335;0.0;2025-04-24 02:40:00;3
24-04-2025;02:50:00;916.4;9.850000000000001;1.8;0.0;2025-04-24 02:50:00;3
24-04-2025;08:50:00;916.05;9.7;1.5;0.2;2025-04-24 08:50:00;3
24-04-2025;09:00:00;916.0333333333333;9.666666666666666;2.533333333333333;0.2;2025-04-24 09:00:00;3
24-04-2025;09:10:00;916.0666666666666;9.766666666666666;2.6333333333333333;0.0;2025-04-24 09:10:00;3
24-04-2025;09:20:00;916.0666666666667;9.8;2.533333333333333;0.0;2025-04-24 09:20:00;3
24-04-2025;09:30:00;916.1;9.9;1.5;0.0;2025-04-24 09:30:00;3
24-04-2025;12:00:00;915.8499999999999;9.05;2.5500000000000003;0.8;2025-04-24 12:00:00;3
24-04-2025;12:10:00;915.8333333333334;8.966666666666667;2.533333333333333;1.8;2025-04-24 12:10:00;3
24-04-2025;12:20:00;915.8000000000001;8.966666666666667;1.5333333333333332;1.2;2025-04-24 12:20:00;3
24-04-2025;12:30:00;915.6999999999999;8.933333333333335;1.4666666666666668;0.6;2025-04-24 12:30:00;3
24-04-2025;12:40:00;915.6333333333333;9.1;1.3333333333333333;0.6;2025-04-24 12:40:00;3
24-04-2025;12:50:00;915.6;9.233333333333334;1.2666666666666666;0.8;2025-04-24 12:50:00;3
24-04-2025;13:00:00;915.5666666666666;9.266666666666666;1.5666666666666667;0.4;2025-04-24 13:00:00;3
24-04-2025;13:10:00;915.5;9.200000000000001;1.7333333333333334;0.4;2025-04-24 13:10:00;3
24-04-2025;13:20:00;915.4;9.1;2.033333333333333;0.0;2025-04-24 13:20:00;3
24-04-2025;13:30:00;915.3000000000001;9.266666666666667;2.1666666666666665;0.2;2025-04-24 13:30:00;3
24-04-2025;13:40:00;915.1999999999999;9.366666666666667;2.233333333333333;0.0;2025-04-24 13:40:00;3
24-04-2025;13:50:00;915.1;9.466666666666667;1.8666666666666665;0.0;2025-04-24 13:50:00;3
24-04-2025;14:00:00;915.0666666666666;9.333333333333334;2.033333333333333;0.2;2025-04-24 14:00:00;3
24-04-2025;14:10:00;915.0666666666666;9.233333333333334;1.6333333333333335;0.2;2025-04-24 14:10:00;3
24-04-2025;14:20:00;915.0666666666666;9.166666666666666;2.8000000000000003;0.2;2025-04-24 14:20:00;3
24-04-2025;14:30:00;915.0666666666667;8.933333333333334;2.9;0.2;2025-04-24 14:30:00;3
24-04-2025;14:40:00;915.0333333333333;8.700000000000001;2.966666666666667;2.2;2025-04-24 14:40:00;3
24-04-2025;14:50:00;915.0666666666666;8.5;1.9000000000000001;0.4;2025-04-24 14:50:00;3
24-04-2025;15:00:00;915.0;8.6;1.4000000000000001;0.4;2025-04-24 15:00:00;3
24-04-2025;15:10:00;914.9333333333334;8.866666666666665;1.1333333333333335;0.2;2025-04-24 15:10:00;3
24-04-2025;15:20:00;914.8333333333334;9.1;1.6333333333333335;0.0;2025-04-24 15:20:00;3
24-04-2025;15:30:00;914.7666666666665;9.299999999999999;1.7666666666666666;0.2;2025-04-24 15:30:00;3
24-04-2025;15:40:00;914.7000000000002;9.433333333333332;1.9000000000000001;0.0;2025-04-24 15:40:00;3
24-04-2025;15:50:00;914.6333333333333;9.6;1.9666666666666668;0.0;2025-04-24 15:50:00;3
24-04-2025;16:00:00;914.6;9.649999999999999;2.1;0.0;2025-04-24 16:00:00;3
26-04-2025;04:20:00;914.5;8.75;0.4;0.2;2025-04-26 04:20:00;3
26-04-2025;04:30:00;914.5;8.733333333333333;0.6333333333333334;0.0;2025-04-26 04:30:00;3
26-04-2025;04:40:00;914.5;8.733333333333333;0.6;0.0;2025-04-26 04:40:00;3
26-04-2025;04:50:00;914.5;8.75;0.9;0.0;2025-04-26 04:50:00;3
26-04-2025;10:20:00;916.5;10.05;1.35;0.2;2025-04-26 10:20:00;3
26-04-2025;10:30:00;916.5;10.166666666666666;1.3666666666666665;0.2;2025-04-26 10:30:00;3
26-04-2025;10:40:00;916.5;10.4;1.1666666666666667;0.0;2025-04-26 10:40:00;3
26-04-2025;10:50:00;916.4666666666667;10.533333333333333;1.9000000000000001;0.2;2025-04-26 10:50:00;3
26-04-2025;11:00:00;916.4666666666667;10.733333333333334;2.033333333333333;0.0;2025-04-26 11:00:00;3
26-04-2025;11:10:00;916.4666666666667;10.666666666666666;2.2666666666666666;0.0;2025-04-26 11:10:00;3
26-04-2025;11:20:00;916.5;10.6;2.0666666666666664;0.0;2025-04-26 11:20:00;3
26-04-2025;11:30:00;916.5333333333333;10.299999999999999;1.6666666666666667;0.4;2025-04-26 11:30:00;3
26-04-2025;11:40:00;916.5333333333333;10.066666666666666;1.4333333333333333;1.6;2025-04-26 11:40:00;3
26-04-2025;11:50:00;916.5333333333333;9.966666666666667;1.3999999999999997;0.6;2025-04-26 11:50:00;3
26-04-2025;12:00:00;916.5;9.933333333333332;1.6666666666666667;0.6;2025-04-26 12:00:00;3
26-04-2025;12:10:00;916.4666666666667;10.066666666666668;1.5999999999999999;0.2;2025-04-26 12:10:00;3
26-04-2025;12:20:00;916.4666666666667;10.533333333333333;1.2333333333333334;0.0;2025-04-26 12:20:00;3
26-04-2025;12:30:00;916.4333333333334;11.166666666666666;1.1333333333333335;0.0;2025-04-26 12:30:00;3
26-04-2025;12:40:00;916.45;11.599999999999998;1.1500000000000001;0.0;2025-04-26 12:40:00;3
26-04-2025;14:30:00;916.55;10.6;1.1;0.4;2025-04-26 14:30:00;3
26-04-2025;14:40:00;916.5333333333333;10.6;1.0333333333333334;0.2;2025-04-26 14:40:00;3
26-04-2025;14:50:00;916.5;10.733333333333334;1.0333333333333334;0.6;2025-04-26 14:50:00;3
26-04-2025;15:00:00;916.5333333333334;10.833333333333334;1.4666666666666668;0.2;2025-04-26 15:00:00;3
26-04-2025;15:10:00;916.5666666666667;10.733333333333334;2.033333333333333;0.0;2025-04-26 15:10:00;3
26-04-2025;15:20:00;916.6;10.700000000000001;2.233333333333333;0.2;2025-04-26 15:20:00;3
26-04-2025;15:30:00;916.6333333333333;10.833333333333334;2.433333333333333;0.2;2025-04-26 15:30:00;3
26-04-2025;15:40:00;916.6666666666666;11.066666666666668;2.6;0.0;2025-04-26 15:40:00;3
26-04-2025;15:50:00;916.7333333333332;11.133333333333333;2.733333333333333;0.0;2025-04-26 15:50:00;3
26-04-2025;16:00:00;916.7666666666668;11.133333333333333;3.3333333333333335;0.0;2025-04-26 16:00:00;3
26-04-2025;16:10:00;916.8333333333334;11.133333333333333;3.433333333333333;0.2;2025-04-26 16:10:00;3
26-04-2025;16:20:00;916.8666666666667;11.033333333333333;3.6666666666666665;0.0;2025-04-26 16:20:00;3
26-04-2025;16:30:00;916.9333333333334;10.9;4.333333333333333;0.0;2025-04-26 16:30:00;3
26-04-2025;16:40:00;916.95;10.850000000000001;4.8;0.0;2025-04-26 16:40:00;3
28-04-2025;14:10:00;924.4;12.0;1.3;2.8;2025-04-28 14:10:00;3
28-04-2025;14:20:00;924.4;12.299999999999999;1.4333333333333333;0.2;2025-04-28 14:20:00;3
28-04-2025;14:30:00;924.3333333333334;12.533333333333333;1.9000000000000001;0.0;2025-04-28 14:30:00;3
28-04-2025;14:40:00;924.1999999999999;12.933333333333332;2.0;0.0;2025-04-28 14:40:00;3
28-04-2025;14:50:00;924.0999999999999;12.95;2.1500000000000004;0.0;2025-04-28 14:50:00;3
28-04-2025;16:00:00;924.45;12.7;1.4;0.2;2025-04-28 16:00:00;3
28-04-2025;16:10:00;924.4333333333334;12.466666666666667;1.3666666666666665;0.4;2025-04-28 16:10:00;3
28-04-2025;16:20:00;924.4333333333333;12.233333333333334;1.5333333333333332;0.2;2025-04-28 16:20:00;3
28-04-2025;16:30:00;924.4;12.299999999999999;1.4000000000000001;0.0;2025-04-28 16:30:00;3
28-04-2025;16:40:00;924.3333333333334;12.5;1.5;0.0;2025-04-28 16:40:00;3
28-04-2025;16:50:00;924.2666666666668;12.6;1.5;0.2;2025-04-28 16:50:00;3
28-04-2025;17:00:00;924.2;12.433333333333332;1.366666666666667;0.0;2025-04-28 17:00:00;3
28-04-2025;17:10:00;924.2;12.466666666666667;0.8333333333333334;0.0;2025-04-28 17:10:00;3
28-04-2025;17:20:00;924.2;12.45;0.45000000000000007;0.0;2025-04-28 17:20:00;3
28-04-2025;17:40:00;924.4;12.35;1.4;0.2;2025-04-28 17:40:00;3
28-04-2025;17:50:00;924.3666666666667;12.466666666666667;1.5999999999999999;0.0;2025-04-28 17:50:00;3
28-04-2025;18:00:00;924.3333333333334;12.399999999999999;1.7333333333333334;0.0;2025-04-28 18:00:00;3
28-04-2025;18:10:00;924.3666666666667;12.466666666666667;1.6333333333333335;0.0;2025-04-28 18:10:00;3
28-04-2025;18:20:00;924.4;12.299999999999999;1.5666666666666667;0.2;2025-04-28 18:20:00;3
28-04-2025;18:30:00;924.4;12.433333333333335;2.1333333333333333;0.0;2025-04-28 18:30:00;3
28-04-2025;18:40:00;924.3666666666667;12.633333333333333;3.0666666666666664;0.0;2025-04-28 18:40:00;3
28-04-2025;18:50:00;924.3499999999999;12.850000000000001;3.6999999999999997;0.0;2025-04-28 18:50:00;3
28-04-2025;19:30:00;924.9;12.1;3.85;0.2;2025-04-28 19:30:00;3
28-04-2025;19:40:00;924.9666666666667;12.233333333333334;3.466666666666667;0.4;2025-04-28 19:40:00;3
28-04-2025;19:50:00;925.0333333333333;12.399999999999999;3.1;0.0;2025-04-28 19:50:00;3
28-04-2025;20:00:00;925.1;12.533333333333333;2.6;0.0;2025-04-28 20:00:00;3
28-04-2025;20:10:00;925.1;12.566666666666668;2.4;0.0;2025-04-28 20:10:00;3
28-04-2025;20:20:00;925.1;12.566666666666665;2.4333333333333336;0.2;2025-04-28 20:20:00;3
28-04-2025;20:30:00;925.1;12.633333333333333;2.9333333333333336;0.0;2025-04-28 20:30:00;3
28-04-2025;20:40:00;925.0666666666666;12.633333333333333;2.9333333333333336;0.0;2025-04-28 20:40:00;3
28-04-2025;20:50:00;925.05;12.649999999999999;3.1500000000000004;0.0;2025-04-28 20:50:00;3
04-05-2025;18:30:00;916.8499999999999;11.4;2.25;0.2;2025-05-04 18:30:00;3
04-05-2025;18:40:00;916.8333333333334;11.566666666666668;2.8333333333333335;0.0;2025-05-04 18:40:00;3
04-05-2025;18:50:00;916.8666666666667;11.966666666666667;3.233333333333333;0.0;2025-05-04 18:50:00;3
04-05-2025;19:00:00;916.8499999999999;12.049999999999999;3.3999999999999995;0.0;2025-05-04 19:00:00;3
07-05-2025;21:10:00;917.0;11.649999999999999;2.6;0.2;2025-05-07 21:10:00;3
07-05-2025;21:20:00;917.0333333333333;11.533333333333333;3.1;0.2;2025-05-07 21:20:00;3
07-05-2025;21:30:00;917.0666666666666;11.199999999999998;2.6666666666666665;0.0;2025-05-07 21:30:00;3
07-05-2025;21:40:00;917.0333333333333;10.466666666666667;1.8333333333333333;0.0;2025-05-07 21:40:00;3
07-05-2025;21:50:00;917.0;10.05;0.7000000000000002;0.0;2025-05-07 21:50:00;3
07-05-2025;22:30:00;916.9;8.95;0.5;0.2;2025-05-07 22:30:00;3
07-05-2025;22:40:00;916.8666666666667;9.0;0.7666666666666666;0.0;2025-05-07 22:40:00;3
07-05-2025;22:50:00;916.8;9.033333333333333;1.0666666666666667;0.0;2025-05-07 22:50:00;3
07-05-2025;23:00:00;916.8;9.1;1.1;0.0;2025-05-07 23:00:00;3
11-05-2025;12:50:00;918.75;11.25;1.3;0.2;2025-05-11 12:50:00;3
11-05-2025;13:00:00;918.7666666666668;11.233333333333334;1.7666666666666668;0.2;2025-05-11 13:00:00;3
11-05-2025;13:10:00;918.7666666666668;11.299999999999999;1.9333333333333336;0.2;2025-05-11 13:10:00;3
11-05-2025;13:20:00;918.6999999999999;11.299999999999999;2.266666666666667;0.4;2025-05-11 13:20:00;3
11-05-2025;13:30:00;918.6;11.433333333333332;1.8333333333333333;0.6;2025-05-11 13:30:00;3
11-05-2025;13:40:00;918.5333333333333;11.5;1.4666666666666668;0.2;2025-05-11 13:40:00;3
11-05-2025;13:50:00;918.5;11.633333333333333;1.1333333333333333;0.0;2025-05-11 13:50:00;3
11-05-2025;14:00:00;918.4666666666667;11.666666666666666;1.1333333333333333;0.0;2025-05-11 14:00:00;3
11-05-2025;14:10:00;918.45;11.7;1.2;0.0;2025-05-11 14:10:00;3
11-05-2025;14:30:00;918.1500000000001;11.7;1.4;0.2;2025-05-11 14:30:00;3
11-05-2025;14:40:00;918.1666666666666;11.733333333333334;1.4000000000000001;0.0;2025-05-11 14:40:00;3
11-05-2025;14:50:00;918.1333333333333;11.766666666666666;1.4333333333333333;0.0;2025-05-11 14:50:00;3
11-05-2025;15:00:00;918.1;11.733333333333334;1.6666666666666667;0.0;2025-05-11 15:00:00;3
11-05-2025;15:10:00;918.0333333333334;11.633333333333333;2.3666666666666667;0.2;2025-05-11 15:10:00;3
11-05-2025;15:20:00;918.0;11.299999999999999;2.5666666666666664;0.0;2025-05-11 15:20:00;3
11-05-2025;15:30:00;917.9;11.0;2.6333333333333333;0.0;2025-05-11 15:30:00;3
11-05-2025;15:40:00;917.8499999999999;10.75;2.2;0.0;2025-05-11 15:40:00;3
13-05-2025;11:30:00;918.1750000000001;13.05;1.45;1.4;2025-05-13 11:30:00;3
13-05-2025;11:40:00;918.1500000000001;12.9;1.5;0.4;2025-05-13 11:40:00;3
13-05-2025;11:50:00;918.1500000000001;12.633333333333333;1.5;0.0;2025-05-13 11:50:00;3
13-05-2025;12:00:00;918.1666666666666;12.5;1.2333333333333334;0.8;2025-05-13 12:00:00;3
13-05-2025;12:10:00;918.1666666666666;12.433333333333332;1.2666666666666666;3.2;2025-05-13 12:10:00;3
13-05-2025;12:20:00;918.1333333333333;12.633333333333335;1.7333333333333332;1.0;2025-05-13 12:20:00;3
13-05-2025;12:30:00;918.0666666666667;12.800000000000002;2.3;0.0;2025-05-13 12:30:00;3
13-05-2025;12:40:00;917.9666666666667;13.133333333333333;2.6999999999999997;0.2;2025-05-13 12:40:00;3
13-05-2025;12:50:00;917.9333333333334;13.333333333333334;2.6333333333333333;0.0;2025-05-13 12:50:00;3
13-05-2025;13:00:00;917.9333333333334;13.6;2.6999999999999997;0.0;2025-05-13 13:00:00;3
13-05-2025;13:10:00;918.0;13.7;2.5999999999999996;0.0;2025-05-13 13:10:00;3
13-05-2025;14:40:00;918.1500000000001;12.25;1.9;0.4;2025-05-13 14:40:00;3
13-05-2025;14:50:00;918.3000000000001;12.033333333333333;2.266666666666667;1.4;2025-05-13 14:50:00;3
13-05-2025;15:00:00;918.4333333333334;11.5;2.466666666666667;0.2;2025-05-13 15:00:00;3
13-05-2025;15:10:00;918.5666666666666;11.166666666666666;2.8666666666666667;0.0;2025-05-13 15:10:00;3
13-05-2025;15:20:00;918.5666666666666;10.9;2.8000000000000003;0.4;2025-05-13 15:20:00;3
13-05-2025;15:30:00;918.6;10.9;3.9;0.4;2025-05-13 15:30:00;3
13-05-2025;15:40:00;918.6;11.0;3.933333333333333;0.2;2025-05-13 15:40:00;3
13-05-2025;15:50:00;918.5333333333333;11.133333333333333;3.733333333333334;0.2;2025-05-13 15:50:00;3
13-05-2025;16:00:00;918.4666666666667;11.433333333333332;2.966666666666667;0.4;2025-05-13 16:00:00;3
13-05-2025;16:10:00;918.3333333333334;11.933333333333332;3.1333333333333333;0.2;2025-05-13 16:10:00;3
13-05-2025;16:20:00;918.1999999999999;12.4;3.4000000000000004;0.2;2025-05-13 16:20:00;3
13-05-2025;16:30:00;918.0333333333333;12.566666666666668;3.0666666666666664;0.0;2025-05-13 16:30:00;3
13-05-2025;16:40:00;917.9;12.6;2.166666666666667;0.0;2025-05-13 16:40:00;3
13-05-2025;16:50:00;917.8499999999999;12.6;1.7500000000000004;0.0;2025-05-13 16:50:00;3
15-05-2025;13:00:00;913.3499999999999;12.05;1.85;0.6;2025-05-15 13:00:00;3
15-05-2025;13:10:00;913.2666666666668;12.133333333333333;1.9333333333333336;0.2;2025-05-15 13:10:00;3
15-05-2025;13:20:00;913.1333333333332;12.333333333333334;1.2333333333333334;0.0;2025-05-15 13:20:00;3
15-05-2025;13:30:00;913.0;12.4;1.6666666666666667;0.0;2025-05-15 13:30:00;3
15-05-2025;13:40:00;912.9;12.533333333333333;1.4333333333333333;0.0;2025-05-15 13:40:00;3
15-05-2025;13:50:00;912.7666666666668;12.766666666666666;1.7333333333333332;0.2;2025-05-15 13:50:00;3
15-05-2025;14:00:00;912.6333333333332;13.133333333333333;1.5999999999999999;0.0;2025-05-15 14:00:00;3
15-05-2025;14:10:00;912.5333333333334;13.433333333333332;1.4666666666666668;0.0;2025-05-15 14:10:00;3
15-05-2025;14:20:00;912.4666666666667;13.4;1.5666666666666667;0.0;2025-05-15 14:20:00;3
15-05-2025;14:30:00;912.4;13.166666666666666;1.0999999999999999;0.2;2025-05-15 14:30:00;3
15-05-2025;14:40:00;912.2666666666668;12.966666666666667;1.2;0.0;2025-05-15 14:40:00;3
15-05-2025;14:50:00;912.1666666666666;12.933333333333332;1.0999999999999999;0.0;2025-05-15 14:50:00;3
15-05-2025;15:00:00;912.0;12.9;1.5333333333333332;0.2;2025-05-15 15:00:00;3
15-05-2025;15:10:00;911.8000000000001;12.733333333333334;1.8333333333333333;0.0;2025-05-15 15:10:00;3
15-05-2025;15:20:00;911.4666666666667;12.533333333333333;2.3333333333333335;0.2;2025-05-15 15:20:00;3
15-05-2025;15:30:00;911.1666666666666;12.4;2.3333333333333335;0.0;2025-05-15 15:30:00;3
15-05-2025;15:40:00;910.9;12.233333333333334;2.6333333333333333;0.0;2025-05-15 15:40:00;3
15-05-2025;15:50:00;910.6999999999999;12.133333333333335;2.3;0.2;2025-05-15 15:50:00;3
15-05-2025;16:00:00;910.5666666666666;12.1;2.6666666666666665;0.0;2025-05-15 16:00:00;3
15-05-2025;16:10:00;910.5;12.199999999999998;2.1666666666666665;0.0;2025-05-15 16:10:00;3
15-05-2025;16:20:00;910.5;12.249999999999998;2.3;0.0;2025-05-15 16:20:00;3
15-05-2025;17:50:00;909.45;11.95;3.2;0.2;2025-05-15 17:50:00;3
15-05-2025;18:00:00;909.4666666666667;11.866666666666667;3.1666666666666665;0.0;2025-05-15 18:00:00;3
15-05-2025;18:10:00;909.5333333333333;11.733333333333334;3.266666666666667;0.0;2025-05-15 18:10:00;3
15-05-2025;18:20:00;909.5333333333333;11.6;3.266666666666666;0.0;2025-05-15 18:20:00;3
15-05-2025;18:30:00;909.5333333333333;11.5;3.233333333333333;0.2;2025-05-15 18:30:00;3
15-05-2025;18:40:00;909.4666666666667;11.433333333333332;3.0;0.2;2025-05-15 18:40:00;3
15-05-2025;18:50:00;909.4666666666667;11.433333333333332;3.3333333333333335;0.0;2025-05-15 18:50:00;3
15-05-2025;19:00:00;909.4333333333334;11.466666666666669;3.633333333333333;0.0;2025-05-15 19:00:00;3
15-05-2025;19:10:00;909.45;11.5;3.9;0.0;2025-05-15 19:10:00;3
16-05-2025;00:30:00;908.7;10.0;6.15;0.2;2025-05-16 00:30:00;3
16-05-2025;00:40:00;908.6333333333333;10.0;5.266666666666667;0.0;2025-05-16 00:40:00;3
16-05-2025;00:50:00;908.5666666666666;10.0;3.7000000000000006;0.0;2025-05-16 00:50:00;3
16-05-2025;01:00:00;908.5;10.0;2.8500000000000005;0.0;2025-05-16 01:00:00;3
16-05-2025;05:30:00;908.4;10.6;6.7;0.2;2025-05-16 05:30:00;3
16-05-2025;05:40:00;908.4;10.633333333333333;6.6000000000000005;0.0;2025-05-16 05:40:00;3
16-05-2025;05:50:00;908.4333333333334;10.699999999999998;6.8;0.0;2025-05-16 05:50:00;3
16-05-2025;06:00:00;908.4;10.749999999999998;6.749999999999999;0.0;2025-05-16 06:00:00;3
20-05-2025;17:30:00;920.75;14.2;2.45;0.2;2025-05-20 17:30:00;3
20-05-2025;17:40:00;920.8666666666667;14.466666666666667;2.3000000000000003;0.0;2025-05-20 17:40:00;3
20-05-2025;17:50:00;920.6;14.700000000000001;2.3333333333333335;0.0;2025-05-20 17:50:00;3
20-05-2025;18:00:00;920.3666666666667;14.966666666666667;3.6;0.2;2025-05-20 18:00:00;3
20-05-2025;18:10:00;919.9666666666667;15.033333333333333;3.8000000000000003;0.0;2025-05-20 18:10:00;3
20-05-2025;18:20:00;919.8666666666667;15.266666666666666;3.1999999999999997;0.0;2025-05-20 18:20:00;3
20-05-2025;18:30:00;919.9;15.399999999999999;2.25;0.0;2025-05-20 18:30:00;3
20-05-2025;22:10:00;919.25;17.0;5.6;0.2;2025-05-20 22:10:00;3
20-05-2025;22:20:00;919.1999999999999;16.933333333333334;5.166666666666667;0.0;2025-05-20 22:20:00;3
20-05-2025;22:30:00;919.1333333333333;17.033333333333335;4.966666666666666;0.0;2025-05-20 22:30:00;3
20-05-2025;22:40:00;919.1;17.0;5.3999999999999995;0.0;2025-05-20 22:40:00;3
21-05-2025;14:30:00;918.3;12.7;2.7;0.2;2025-05-21 14:30:00;3
21-05-2025;14:40:00;918.2333333333332;12.700000000000001;3.6999999999999997;0.6;2025-05-21 14:40:00;3
21-05-2025;14:50:00;918.1;12.699999999999998;4.466666666666666;0.8;2025-05-21 14:50:00;3
21-05-2025;15:00:00;918.0333333333334;12.533333333333333;4.266666666666667;1.8;2025-05-21 15:00:00;3
21-05-2025;15:10:00;917.9666666666667;12.5;5.933333333333333;0.8;2025-05-21 15:10:00;3
21-05-2025;15:20:00;917.9666666666667;12.5;5.699999999999999;0.2;2025-05-21 15:20:00;3
21-05-2025;15:30:00;917.9333333333334;12.633333333333333;5.899999999999999;0.0;2025-05-21 15:30:00;3
21-05-2025;15:40:00;917.9333333333333;12.633333333333333;3.599999999999999;0.0;2025-05-21 15:40:00;3
21-05-2025;15:50:00;917.9;12.65;3.6999999999999984;0.0;2025-05-21 15:50:00;3
21-05-2025;18:00:00;917.55;12.95;3.85;0.2;2025-05-21 18:00:00;3
21-05-2025;18:10:00;917.5333333333333;12.933333333333332;3.766666666666667;0.0;2025-05-21 18:10:00;3
21-05-2025;18:20:00;917.5333333333334;13.033333333333333;2.966666666666667;0.0;2025-05-21 18:20:00;3
21-05-2025;18:30:00;917.5500000000002;13.05;2.8000000000000003;0.0;2025-05-21 18:30:00;3
23-05-2025;07:30:00;914.05;12.9;3.2;0.2;2025-05-23 07:30:00;3
23-05-2025;07:40:00;914.0333333333333;12.866666666666667;3.9666666666666663;0.0;2025-05-23 07:40:00;3
23-05-2025;07:50:00;914.0333333333334;12.800000000000002;4.366666666666666;0.4;2025-05-23 07:50:00;3
23-05-2025;08:00:00;914.1;12.700000000000001;4.033333333333332;0.0;2025-05-23 08:00:00;3
23-05-2025;08:10:00;914.2333333333335;12.666666666666666;3.0999999999999996;0.0;2025-05-23 08:10:00;3
23-05-2025;08:20:00;914.3000000000001;12.65;3.2499999999999996;0.0;2025-05-23 08:20:00;3
29-05-2025;07:00:00;920.5;13.1;1.65;0.2;2025-05-29 07:00:00;3
29-05-2025;07:10:00;920.2666666666668;13.1;1.4333333333333333;0.2;2025-05-29 07:10:00;3
29-05-2025;07:20:00;920.0333333333333;13.233333333333333;0.8666666666666666;0.0;2025-05-29 07:20:00;3
29-05-2025;07:30:00;919.8;13.766666666666666;0.3333333333333333;0.2;2025-05-29 07:30:00;3
29-05-2025;07:40:00;919.9;14.066666666666665;0.43333333333333335;0.0;2025-05-29 07:40:00;3
29-05-2025;07:50:00;919.9666666666667;14.233333333333333;1.0;0.0;2025-05-29 07:50:00;3
29-05-2025;08:00:00;920.0500000000001;14.0;1.5;0.0;2025-05-29 08:00:00;3
18-06-2025;07:10:00;922.8499999999999;18.25;4.45;0.2;2025-06-18 07:10:00;3
18-06-2025;07:20:00;923.0;18.633333333333333;5.933333333333334;0.2;2025-06-18 07:20:00;3
18-06-2025;07:30:00;923.0333333333333;18.9;5.3;0.0;2025-06-18 07:30:00;3
18-06-2025;07:40:00;923.0;19.233333333333334;5.0;0.0;2025-06-18 07:40:00;3
18-06-2025;07:50:00;922.8000000000001;19.366666666666667;2.966666666666667;0.0;2025-06-18 07:50:00;3
18-06-2025;08:00:00;922.6999999999999;19.633333333333333;2.5;0.2;2025-06-18 08:00:00;3
18-06-2025;08:10:00;922.6666666666666;19.2;2.0333333333333337;0.0;2025-06-18 08:10:00;3
18-06-2025;08:20:00;922.7666666666668;18.433333333333334;2.1999999999999997;0.0;2025-06-18 08:20:00;3
18-06-2025;08:30:00;923.1;17.5;2.2666666666666666;0.0;2025-06-18 08:30:00;3
18-06-2025;08:40:00;923.4333333333334;16.766666666666666;2.533333333333333;0.2;2025-06-18 08:40:00;3
18-06-2025;08:50:00;923.6999999999999;16.400000000000002;2.266666666666667;0.2;2025-06-18 08:50:00;3
18-06-2025;09:00:00;923.9;16.3;2.2666666666666666;0.2;2025-06-18 09:00:00;3
18-06-2025;09:10:00;924.1666666666666;16.333333333333332;2.466666666666667;0.0;2025-06-18 09:10:00;3
18-06-2025;09:20:00;924.4333333333334;16.166666666666668;2.8000000000000003;0.0;2025-06-18 09:20:00;3
18-06-2025;09:30:00;924.6666666666666;15.933333333333332;2.6333333333333333;0.2;2025-06-18 09:30:00;3
18-06-2025;09:40:00;924.7333333333332;15.700000000000001;2.4;0.2;2025-06-18 09:40:00;3
18-06-2025;09:50:00;924.3666666666668;15.700000000000001;1.9333333333333336;0.4;2025-06-18 09:50:00;3
18-06-2025;10:00:00;924.1;16.033333333333335;2.4;0.4;2025-06-18 10:00:00;3
18-06-2025;10:10:00;923.9333333333334;16.633333333333333;2.266666666666667;0.2;2025-06-18 10:10:00;3
18-06-2025;10:20:00;924.1999999999999;17.633333333333333;2.5;0.0;2025-06-18 10:20:00;3
18-06-2025;10:30:00;924.3000000000001;18.566666666666666;2.3333333333333335;0.0;2025-06-18 10:30:00;3
18-06-2025;10:40:00;924.3499999999999;19.15;2.55;0.0;2025-06-18 10:40:00;3
18-06-2025;15:10:00;923.4;18.049999999999997;3.85;0.2;2025-06-18 15:10:00;3
18-06-2025;15:20:00;923.3666666666667;18.099999999999998;3.3000000000000003;0.0;2025-06-18 15:20:00;3
18-06-2025;15:30:00;923.3;18.2;2.966666666666667;0.0;2025-06-18 15:30:00;3
18-06-2025;15:40:00;923.3;18.35;2.95;0.0;2025-06-18 15:40:00;3
07-07-2025;09:40:00;917.75;19.95;3.7;0.2;2025-07-07 09:40:00;3
07-07-2025;09:50:00;917.9333333333334;19.966666666666665;4.066666666666666;0.6;2025-07-07 09:50:00;3
07-07-2025;10:00:00;918.1999999999999;19.966666666666665;5.3999999999999995;0.4;2025-07-07 10:00:00;3
07-07-2025;10:10:00;918.1;19.533333333333335;5.8;0.0;2025-07-07 10:10:00;3
07-07-2025;10:20:00;917.9333333333334;18.933333333333334;5.3;0.2;2025-07-07 10:20:00;3
07-07-2025;10:30:00;917.6999999999999;18.433333333333334;4.366666666666666;0.0;2025-07-07 10:30:00;3
07-07-2025;10:40:00;917.6;18.366666666666664;3.7999999999999994;0.2;2025-07-07 10:40:00;3
07-07-2025;10:50:00;917.6;18.166666666666668;4.0666666666666655;0.0;2025-07-07 10:50:00;3
07-07-2025;11:00:00;917.7666666666668;18.066666666666666;4.1;0.0;2025-07-07 11:00:00;3
07-07-2025;11:10:00;917.9000000000001;17.9;4.25;0.0;2025-07-07 11:10:00;3
08-07-2025;04:00:00;914.7;19.0;1.45;3.6;2025-07-08 04:00:00;3
08-07-2025;04:10:00;914.8000000000001;19.0;3.3333333333333335;13.4;2025-07-08 04:10:00;3
08-07-2025;04:20:00;914.9333333333334;18.8;3.4;0.6;2025-07-08 04:20:00;3
08-07-2025;04:30:00;914.9666666666666;18.866666666666667;3.9666666666666663;0.0;2025-07-08 04:30:00;3
08-07-2025;04:40:00;914.9;18.666666666666668;3.0;0.0;2025-07-08 04:40:00;3
08-07-2025;04:50:00;914.8333333333334;18.366666666666664;3.4;0.0;2025-07-08 04:50:00;3
08-07-2025;05:00:00;914.8;18.400000000000002;3.0666666666666664;0.2;2025-07-08 05:00:00;3
08-07-2025;05:10:00;914.7666666666668;18.5;2.8333333333333335;0.0;2025-07-08 05:10:00;3
08-07-2025;05:20:00;914.7333333333332;18.633333333333333;2.766666666666667;0.0;2025-07-08 05:20:00;3
08-07-2025;05:30:00;914.7;18.65;2.8500000000000005;0.0;2025-07-08 05:30:00;3
08-07-2025;11:20:00;915.8;21.1;1.8;0.2;2025-07-08 11:20:00;3
08-07-2025;11:30:00;915.7666666666668;21.03333333333333;2.3000000000000003;0.0;2025-07-08 11:30:00;3
08-07-2025;11:40:00;915.6999999999999;21.066666666666666;2.6;0.0;2025-07-08 11:40:00;3
08-07-2025;11:50:00;915.65;21.15;3.2;0.0;2025-07-08 11:50:00;3
26-07-2025;12:00:00;918.9;21.4;4.449999999999999;0.2;2025-07-26 12:00:00;3
26-07-2025;12:10:00;918.6333333333333;21.766666666666666;5.233333333333333;0.2;2025-07-26 12:10:00;3
26-07-2025;12:20:00;918.3000000000001;22.400000000000002;5.266666666666667;0.2;2025-07-26 12:20:00;3
26-07-2025;12:30:00;918.1333333333333;23.033333333333335;5.433333333333333;0.0;2025-07-26 12:30:00;3
26-07-2025;12:40:00;918.2333333333332;23.36666666666667;3.9;0.0;2025-07-26 12:40:00;3
26-07-2025;12:50:00;918.3499999999999;23.5;3.6499999999999995;0.0;2025-07-26 12:50:00;3
26-07-2025;15:20:00;918.5;19.9;2.3499999999999996;0.4;2025-07-26 15:20:00;3
26-07-2025;15:30:00;918.3333333333334;20.099999999999998;1.9666666666666666;0.4;2025-07-26 15:30:00;3
26-07-2025;15:40:00;918.1666666666666;20.066666666666666;1.4333333333333333;0.0;2025-07-26 15:40:00;3
26-07-2025;15:50:00;918.0;20.133333333333336;0.9666666666666667;0.0;2025-07-26 15:50:00;3
26-07-2025;16:00:00;918.2333333333332;19.8;1.5666666666666667;0.2;2025-07-26 16:00:00;3
26-07-2025;16:10:00;918.4666666666667;19.466666666666665;1.8333333333333333;0.0;2025-07-26 16:10:00;3
26-07-2025;16:20:00;918.6666666666666;19.133333333333336;2.033333333333333;1.0;2025-07-26 16:20:00;3
26-07-2025;16:30:00;918.5333333333333;18.833333333333332;1.4666666666666668;0.4;2025-07-26 16:30:00;3
26-07-2025;16:40:00;918.3333333333334;18.733333333333334;1.5333333333333334;0.0;2025-07-26 16:40:00;3
26-07-2025;16:50:00;918.1999999999999;18.833333333333336;1.5;0.0;2025-07-26 16:50:00;3
26-07-2025;17:00:00;918.15;18.950000000000003;1.6;0.0;2025-07-26 17:00:00;3
28-07-2025;12:40:00;912.0;18.45;5.800000000000001;0.4;2025-07-28 12:40:00;3
28-07-2025;12:50:00;912.1333333333333;18.53333333333333;4.533333333333333;0.0;2025-07-28 12:50:00;3
28-07-2025;13:00:00;912.1666666666666;18.73333333333333;5.466666666666666;0.0;2025-07-28 13:00:00;3
28-07-2025;13:10:00;912.3;18.75;3.5;0.0;2025-07-28 13:10:00;3
28-07-2025;16:20:00;911.1;16.85;3.7;0.8;2025-07-28 16:20:00;3
28-07-2025;16:30:00;911.1;16.766666666666666;3.3333333333333335;0.4;2025-07-28 16:30:00;3
28-07-2025;16:40:00;911.0666666666667;16.599999999999998;3.466666666666667;0.0;2025-07-28 16:40:00;3
28-07-2025;16:50:00;911.0333333333333;16.433333333333334;2.766666666666667;0.0;2025-07-28 16:50:00;3
28-07-2025;17:00:00;911.0;16.35;2.8500000000000005;0.0;2025-07-28 17:00:00;3
30-07-2025;19:20:00;920.1500000000001;15.600000000000001;2.1;7.0;2025-07-30 19:20:00;3
30-07-2025;19:30:00;920.1666666666666;16.166666666666668;1.7666666666666668;0.0;2025-07-30 19:30:00;3
30-07-2025;19:40:00;920.1666666666666;16.7;2.0;0.0;2025-07-30 19:40:00;3
30-07-2025;19:50:00;920.2;17.349999999999998;1.75;0.0;2025-07-30 19:50:00;3
30-07-2025;20:10:00;920.2;17.05;1.3;0.2;2025-07-30 20:10:00;3
30-07-2025;20:20:00;920.2666666666668;17.033333333333335;1.5;0.0;2025-07-30 20:20:00;3
30-07-2025;20:30:00;920.2666666666668;16.933333333333334;1.6333333333333335;0.0;2025-07-30 20:30:00;3
30-07-2025;20:40:00;920.3000000000001;16.9;1.6500000000000001;0.0;2025-07-30 20:40:00;3
12-08-2025;15:30:00;920.95;25.549999999999997;3.3;0.2;2025-08-12 15:30:00;3
12-08-2025;15:40:00;921.0;25.666666666666668;3.0666666666666664;0.0;2025-08-12 15:40:00;3
12-08-2025;15:50:00;921.1999999999999;25.833333333333332;2.6333333333333333;0.2;2025-08-12 15:50:00;3
12-08-2025;16:00:00;921.2666666666668;25.7;2.166666666666667;0.0;2025-08-12 16:00:00;3
12-08-2025;16:10:00;921.3000000000001;25.833333333333332;1.8666666666666665;0.0;2025-08-12 16:10:00;3
12-08-2025;16:20:00;921.25;25.799999999999997;1.4999999999999998;0.0;2025-08-12 16:20:00;3
12-08-2025;20:10:00;921.9;25.200000000000003;3.2;0.2;2025-08-12 20:10:00;3
12-08-2025;20:20:00;921.8666666666667;25.03333333333333;3.1333333333333333;0.0;2025-08-12 20:20:00;3
12-08-2025;20:30:00;921.9;24.76666666666667;3.3666666666666667;0.0;2025-08-12 20:30:00;3
12-08-2025;20:40:00;921.9;24.6;3.25;0.0;2025-08-12 20:40:00;3
13-08-2025;16:50:00;922.6;19.450000000000003;5.4;3.4;2025-08-13 16:50:00;3
13-08-2025;17:00:00;922.6;19.766666666666666;6.033333333333334;2.2;2025-08-13 17:00:00;3
13-08-2025;17:10:00;922.6333333333333;20.26666666666667;6.0;0.2;2025-08-13 17:10:00;3
13-08-2025;17:20:00;922.5666666666666;21.0;5.699999999999999;0.0;2025-08-13 17:20:00;3
13-08-2025;17:30:00;922.4666666666667;21.400000000000002;5.233333333333333;0.0;2025-08-13 17:30:00;3
13-08-2025;17:40:00;922.3499999999999;21.700000000000003;5.05;0.0;2025-08-13 17:40:00;3
14-08-2025;16:50:00;922.4000000000001;18.25;4.4;5.2;2025-08-14 16:50:00;3
14-08-2025;17:00:00;922.2666666666668;18.066666666666666;4.366666666666666;1.2;2025-08-14 17:00:00;3
14-08-2025;17:10:00;922.0333333333333;18.13333333333333;4.533333333333333;1.2;2025-08-14 17:10:00;3
14-08-2025;17:20:00;921.9666666666667;19.366666666666664;4.1000000000000005;0.2;2025-08-14 17:20:00;3
14-08-2025;17:30:00;922.0;19.866666666666664;3.233333333333333;0.0;2025-08-14 17:30:00;3
14-08-2025;17:40:00;922.0500000000001;20.566666666666666;2.1333333333333333;0.0;2025-08-14 17:40:00;3
14-08-2025;17:50:00;922.1500000000001;20.3;1.3666666666666665;0.0;2025-08-14 17:50:00;3
14-08-2025;18:00:00;922.1833333333334;20.3;1.5999999999999999;0.2;2025-08-14 18:00:00;3
14-08-2025;18:10:00;922.2;19.53333333333333;1.7333333333333334;0.2;2025-08-14 18:10:00;3
14-08-2025;18:20:00;922.2333333333332;19.366666666666664;1.9333333333333333;0.0;2025-08-14 18:20:00;3
14-08-2025;18:30:00;922.2666666666668;19.433333333333334;2.1333333333333333;0.2;2025-08-14 18:30:00;3
14-08-2025;18:40:00;922.4333333333333;19.333333333333332;2.233333333333334;0.6;2025-08-14 18:40:00;3
14-08-2025;18:50:00;922.6666666666666;19.566666666666666;2.3333333333333335;0.0;2025-08-14 18:50:00;3
14-08-2025;19:00:00;922.8666666666667;20.0;2.2333333333333334;0.0;2025-08-14 19:00:00;3
14-08-2025;19:10:00;922.8666666666668;20.566666666666666;2.0333333333333337;0.6;2025-08-14 19:10:00;3
14-08-2025;19:20:00;922.7333333333335;20.233333333333334;1.866666666666667;0.4;2025-08-14 19:20:00;3
14-08-2025;19:30:00;922.5333333333333;20.0;2.066666666666667;0.0;2025-08-14 19:30:00;3
14-08-2025;19:40:00;922.4;20.133333333333336;3.0666666666666664;0.4;2025-08-14 19:40:00;3
14-08-2025;19:50:00;922.4666666666667;20.2;2.8666666666666667;0.2;2025-08-14 19:50:00;3
14-08-2025;20:00:00;922.6333333333332;20.466666666666665;3.133333333333333;0.0;2025-08-14 20:00:00;3
14-08-2025;20:10:00;922.8;20.8;2.6333333333333333;0.0;2025-08-14 20:10:00;3
14-08-2025;20:20:00;922.8;21.4;3.4499999999999997;0.0;2025-08-14 20:20:00;3
15-08-2025;15:50:00;922.1;20.6;3.8;0.2;2025-08-15 15:50:00;3
15-08-2025;16:00:00;922.1333333333333;20.2;3.233333333333333;0.4;2025-08-15 16:00:00;3
15-08-2025;16:10:00;922.1666666666666;19.7;2.8000000000000003;0.6;2025-08-15 16:10:00;3
15-08-2025;16:20:00;922.0666666666666;19.166666666666664;2.066666666666667;0.4;2025-08-15 16:20:00;3
15-08-2025;16:30:00;921.9;18.866666666666664;2.3333333333333335;0.4;2025-08-15 16:30:00;3
15-08-2025;16:40:00;921.7666666666668;18.7;2.166666666666667;0.0;2025-08-15 16:40:00;3
15-08-2025;16:50:00;921.6333333333333;18.633333333333333;1.9333333333333336;0.0;2025-08-15 16:50:00;3
15-08-2025;17:00:00;921.6;18.7;1.4500000000000006;0.0;2025-08-15 17:00:00;3
15-08-2025;17:20:00;922.0;20.5;2.5;0.2;2025-08-15 17:20:00;3
15-08-2025;17:30:00;921.9666666666667;20.766666666666666;2.3666666666666667;0.0;2025-08-15 17:30:00;3
15-08-2025;17:40:00;921.9666666666667;21.166666666666668;2.266666666666667;0.0;2025-08-15 17:40:00;3
15-08-2025;17:50:00;921.95;21.45;2.3000000000000003;0.0;2025-08-15 17:50:00;3
16-08-2025;15:20:00;919.0;21.9;1.5999999999999999;0.2;2025-08-16 15:20:00;3
16-08-2025;15:30:00;919.0;21.599999999999998;1.7333333333333332;0.0;2025-08-16 15:30:00;3
16-08-2025;15:40:00;918.9666666666667;21.133333333333333;1.7333333333333332;0.0;2025-08-16 15:40:00;3
16-08-2025;15:50:00;918.95;20.9;2.1499999999999995;0.0;2025-08-16 15:50:00;3
16-08-2025;16:10:00;919.2;18.95;1.55;2.8;2025-08-16 16:10:00;3
16-08-2025;16:20:00;919.4666666666667;18.7;1.9666666666666668;0.2;2025-08-16 16:20:00;3
16-08-2025;16:30:00;919.6666666666666;18.366666666666664;2.1333333333333333;0.8;2025-08-16 16:30:00;3
16-08-2025;16:40:00;919.6666666666666;17.966666666666665;2.6666666666666665;1.0;2025-08-16 16:40:00;3
16-08-2025;16:50:00;919.4;17.933333333333334;2.0;2.4;2025-08-16 16:50:00;3
16-08-2025;17:00:00;919.3333333333334;17.900000000000002;1.5666666666666667;0.2;2025-08-16 17:00:00;3
16-08-2025;17:10:00;919.3666666666667;17.866666666666667;1.4666666666666668;0.0;2025-08-16 17:10:00;3
16-08-2025;17:20:00;919.4666666666667;17.666666666666668;1.7666666666666666;0.0;2025-08-16 17:20:00;3
16-08-2025;17:30:00;919.5;17.6;1.9999999999999998;0.0;2025-08-16 17:30:00;3
17-08-2025;22:20:00;918.4;20.799999999999997;0.0;0.2;2025-08-17 22:20:00;3
17-08-2025;22:30:00;918.4;20.866666666666664;0.4666666666666666;0.0;2025-08-17 22:30:00;3
17-08-2025;22:40:00;918.4;20.866666666666664;0.4666666666666666;0.0;2025-08-17 22:40:00;3
17-08-2025;22:50:00;918.4;20.949999999999996;0.7;0.0;2025-08-17 22:50:00;3
18-08-2025;15:00:00;919.7;20.7;2.0999999999999996;0.8;2025-08-18 15:00:00;3
18-08-2025;15:10:00;919.8666666666667;20.03333333333333;1.7999999999999998;3.2;2025-08-18 15:10:00;3
18-08-2025;15:20:00;920.3000000000001;18.833333333333332;2.6666666666666665;5.0;2025-08-18 15:20:00;3
18-08-2025;15:30:00;920.6999999999999;17.666666666666668;3.266666666666667;2.6;2025-08-18 15:30:00;3
18-08-2025;15:40:00;921.0;17.066666666666663;3.6666666666666665;8.2;2025-08-18 15:40:00;3
18-08-2025;15:50:00;921.0333333333333;16.8;2.7999999999999994;3.4;2025-08-18 15:50:00;3
18-08-2025;16:00:00;921.0;17.099999999999998;1.8666666666666665;3.4;2025-08-18 16:00:00;3
18-08-2025;16:10:00;920.9666666666667;17.133333333333336;1.7;0.2;2025-08-18 16:10:00;3
18-08-2025;16:20:00;920.9;16.933333333333334;2.1666666666666665;0.4;2025-08-18 16:20:00;3
18-08-2025;16:30:00;920.8000000000001;16.933333333333334;2.533333333333333;0.2;2025-08-18 16:30:00;3
18-08-2025;16:40:00;920.6;17.46666666666667;3.133333333333333;0.0;2025-08-18 16:40:00;3
18-08-2025;16:50:00;920.5;17.900000000000002;2.9333333333333336;0.0;2025-08-18 16:50:00;3
18-08-2025;17:00:00;920.5;18.333333333333336;2.6333333333333333;0.2;2025-08-18 17:00:00;3
18-08-2025;17:10:00;920.5333333333333;17.96666666666667;1.7999999999999998;0.0;2025-08-18 17:10:00;3
18-08-2025;17:20:00;920.5666666666666;17.866666666666667;1.5999999999999999;0.4;2025-08-18 17:20:00;3
18-08-2025;17:30:00;920.5666666666667;17.5;1.3999999999999997;0.2;2025-08-18 17:30:00;3
18-08-2025;17:40:00;920.5666666666667;17.866666666666667;1.2999999999999998;0.2;2025-08-18 17:40:00;3
18-08-2025;17:50:00;920.5;18.366666666666667;1.2;0.0;2025-08-18 17:50:00;3
18-08-2025;18:00:00;920.4;18.8;1.333333333333333;0.0;2025-08-18 18:00:00;3
18-08-2025;18:10:00;920.3499999999999;18.900000000000002;1.5499999999999996;0.0;2025-08-18 18:10:00;3
23-08-2025;12:30:00;919.1;19.700000000000003;1.4;0.2;2025-08-23 12:30:00;3
23-08-2025;12:40:00;919.1333333333333;19.599999999999998;1.1666666666666667;0.0;2025-08-23 12:40:00;3
23-08-2025;12:50:00;919.1333333333333;19.46666666666667;1.2;0.0;2025-08-23 12:50:00;3
23-08-2025;13:00:00;919.15;19.4;0.8;0.0;2025-08-23 13:00:00;3
23-08-2025;13:30:00;919.05;19.4;1.4;0.2;2025-08-23 13:30:00;3
23-08-2025;13:40:00;919.0333333333333;19.3;1.3666666666666665;0.0;2025-08-23 13:40:00;3
23-08-2025;13:50:00;919.0;19.266666666666666;0.8666666666666667;0.0;2025-08-23 13:50:00;3
23-08-2025;14:00:00;919.0;19.2;0.8500000000000001;0.0;2025-08-23 14:00:00;3
23-08-2025;16:20:00;919.15;16.4;5.05;1.0;2025-08-23 16:20:00;3
23-08-2025;16:30:00;919.1666666666666;16.433333333333334;4.033333333333333;2.0;2025-08-23 16:30:00;3
23-08-2025;16:40:00;919.0666666666666;16.766666666666666;2.733333333333333;0.0;2025-08-23 16:40:00;3
23-08-2025;16:50:00;919.1666666666666;17.099999999999998;1.5666666666666667;0.0;2025-08-23 16:50:00;3
23-08-2025;17:00:00;919.15;17.4;1.35;0.0;2025-08-23 17:00:00;3
23-08-2025;18:20:00;919.1500000000001;17.95;0.0;0.2;2025-08-23 18:20:00;3
23-08-2025;18:30:00;919.1;17.933333333333334;0.19999999999999998;0.0;2025-08-23 18:30:00;3
23-08-2025;18:40:00;919.0666666666666;17.866666666666664;0.5333333333333333;0.0;2025-08-23 18:40:00;3
23-08-2025;18:50:00;919.05;17.849999999999998;0.8;0.0;2025-08-23 18:50:00;3
29-08-2025;22:20:00;916.9;19.15;1.65;0.2;2025-08-29 22:20:00;3
29-08-2025;22:30:00;916.9;19.2;1.6333333333333335;0.0;2025-08-29 22:30:00;3
29-08-2025;22:40:00;916.9;19.333333333333332;1.8;0.0;2025-08-29 22:40:00;3
29-08-2025;22:50:00;916.9;19.35;1.6500000000000004;0.0;2025-08-29 22:50:00;3
30-08-2025;05:20:00;917.4;14.45;1.6;7.6;2025-08-30 05:20:00;3
30-08-2025;05:30:00;917.1666666666666;14.433333333333332;1.2666666666666666;11.2;2025-08-30 05:30:00;3
30-08-2025;05:40:00;916.8666666666667;14.433333333333332;1.0333333333333334;3.4;2025-08-30 05:40:00;3
30-08-2025;05:50:00;916.6333333333333;14.533333333333333;1.3333333333333333;0.2;2025-08-30 05:50:00;3
30-08-2025;06:00:00;916.6666666666666;14.6;1.7000000000000002;0.2;2025-08-30 06:00:00;3
30-08-2025;06:10:00;916.6666666666666;14.566666666666665;1.5333333333333334;0.8;2025-08-30 06:10:00;3
30-08-2025;06:20:00;916.6999999999999;14.566666666666668;1.4666666666666668;0.4;2025-08-30 06:20:00;3
30-08-2025;06:30:00;916.6333333333333;14.6;1.2333333333333334;0.0;2025-08-30 06:30:00;3
30-08-2025;06:40:00;916.6333333333333;14.699999999999998;1.5;0.2;2025-08-30 06:40:00;3
30-08-2025;06:50:00;916.5;14.799999999999999;0.8666666666666668;0.0;2025-08-30 06:50:00;3
30-08-2025;07:00:00;916.4;14.866666666666667;0.8000000000000002;0.0;2025-08-30 07:00:00;3
30-08-2025;07:10:00;916.3;14.9;0.40000000000000013;0.0;2025-08-30 07:10:00;3
30-08-2025;13:20:00;917.75;13.1;2.75;7.6;2025-08-30 13:20:00;3
30-08-2025;13:30:00;917.6;13.766666666666666;2.1;5.6;2025-08-30 13:30:00;3
30-08-2025;13:40:00;917.3000000000001;14.966666666666669;1.2666666666666666;0.2;2025-08-30 13:40:00;3
30-08-2025;13:50:00;917.1999999999999;16.099999999999998;1.4666666666666668;0.0;2025-08-30 13:50:00;3
30-08-2025;14:00:00;917.1666666666666;16.666666666666668;1.7333333333333336;0.0;2025-08-30 14:00:00;3
30-08-2025;14:10:00;917.2;16.6;2.0000000000000004;0.0;2025-08-30 14:10:00;3
30-08-2025;14:50:00;917.15;15.85;3.0;0.2;2025-08-30 14:50:00;3
30-08-2025;15:00:00;917.3000000000001;15.6;2.766666666666667;0.2;2025-08-30 15:00:00;3
30-08-2025;15:10:00;917.3666666666667;15.366666666666667;2.1666666666666665;2.4;2025-08-30 15:10:00;3
30-08-2025;15:20:00;917.5666666666666;15.699999999999998;1.5999999999999999;0.0;2025-08-30 15:20:00;3
30-08-2025;15:30:00;917.6;16.166666666666668;1.0333333333333334;0.2;2025-08-30 15:30:00;3
30-08-2025;15:40:00;917.6666666666666;16.400000000000002;1.1666666666666667;0.0;2025-08-30 15:40:00;3
30-08-2025;15:50:00;917.6666666666666;16.466666666666665;1.9666666666666668;0.0;2025-08-30 15:50:00;3
30-08-2025;16:00:00;917.65;16.449999999999996;2.6500000000000004;0.0;2025-08-30 16:00:00;3
02-09-2025;10:00:00;920.9000000000001;19.4;2.95;0.4;2025-09-02 10:00:00;3
02-09-2025;10:10:00;920.7333333333332;19.333333333333332;3.0;0.2;2025-09-02 10:10:00;3
02-09-2025;10:20:00;920.4000000000001;19.2;2.5;0.0;2025-09-02 10:20:00;3
02-09-2025;10:30:00;920.1999999999999;19.566666666666666;2.3;0.0;2025-09-02 10:30:00;3
02-09-2025;10:40:00;920.1;19.75;1.9;0.0;2025-09-02 10:40:00;3
02-09-2025;16:20:00;919.75;18.049999999999997;2.5999999999999996;9.2;2025-09-02 16:20:00;3
02-09-2025;16:30:00;919.6333333333333;18.03333333333333;2.3666666666666667;1.0;2025-09-02 16:30:00;3
02-09-2025;16:40:00;919.5333333333333;17.933333333333334;1.5333333333333332;0.2;2025-09-02 16:40:00;3
02-09-2025;16:50:00;919.4;17.96666666666667;1.2;0.2;2025-09-02 16:50:00;3
02-09-2025;17:00:00;919.3333333333334;17.96666666666667;1.2;0.0;2025-09-02 17:00:00;3
02-09-2025;17:10:00;919.2999999999998;18.0;1.5333333333333332;0.0;2025-09-02 17:10:00;3
02-09-2025;17:20:00;919.3;18.0;2.1;0.0;2025-09-02 17:20:00;3
03-09-2025;05:20:00;920.5;15.2;1.05;0.2;2025-09-03 05:20:00;3
03-09-2025;05:30:00;920.5;15.166666666666666;1.1333333333333335;0.0;2025-09-03 05:30:00;3
03-09-2025;05:40:00;920.5333333333333;15.033333333333333;1.0666666666666667;0.0;2025-09-03 05:40:00;3
03-09-2025;05:50:00;920.55;15.0;1.1;0.0;2025-09-03 05:50:00;3
10-09-2025;17:20:00;918.75;20.75;4.0;0.2;2025-09-10 17:20:00;3
10-09-2025;17:30:00;918.6999999999999;20.7;3.5666666666666664;0.0;2025-09-10 17:30:00;3
10-09-2025;17:40:00;918.6333333333333;20.433333333333334;3.1333333333333333;0.0;2025-09-10 17:40:00;3
10-09-2025;17:50:00;918.6;20.45;3.45;0.0;2025-09-10 17:50:00;3
10-09-2025;22:40:00;918.4;18.799999999999997;7.4;1.8;2025-09-10 22:40:00;3
10-09-2025;22:50:00;918.4333333333334;18.599999999999998;6.099999999999999;1.2;2025-09-10 22:50:00;3
10-09-2025;23:00:00;918.5;18.4;6.3;0.0;2025-09-10 23:00:00;3
10-09-2025;23:10:00;918.6999999999999;18.23333333333333;3.9333333333333322;0.4;2025-09-10 23:10:00;3
10-09-2025;23:20:00;919.1;17.7;3.4999999999999996;1.4;2025-09-10 23:20:00;3
10-09-2025;23:30:00;919.6;16.866666666666667;2.6999999999999993;0.2;2025-09-10 23:30:00;3
10-09-2025;23:40:00;919.8666666666668;16.6;2.7999999999999994;0.4;2025-09-10 23:40:00;3
10-09-2025;23:50:00;919.9333333333333;16.633333333333336;2.3333333333333326;0.6;2025-09-10 23:50:00;3
11-09-2025;00:00:00;919.7999999999998;16.633333333333336;1.6999999999999993;0.8;2025-09-11 00:00:00;3
11-09-2025;00:10:00;919.7333333333332;16.633333333333336;1.4666666666666661;0.6;2025-09-11 00:10:00;3
11-09-2025;00:20:00;919.5666666666666;16.6;1.666666666666666;0.2;2025-09-11 00:20:00;3
11-09-2025;00:30:00;919.4666666666667;16.633333333333336;1.8333333333333328;0.0;2025-09-11 00:30:00;3
11-09-2025;00:40:00;919.3000000000001;16.7;2.7333333333333325;0.2;2025-09-11 00:40:00;3
11-09-2025;00:50:00;919.1333333333332;16.833333333333332;2.9666666666666663;0.6;2025-09-11 00:50:00;3
11-09-2025;01:00:00;919.0;16.933333333333334;2.9333333333333322;0.0;2025-09-11 01:00:00;3
11-09-2025;01:10:00;918.8666666666667;17.033333333333335;1.8999999999999997;0.2;2025-09-11 01:10:00;3
11-09-2025;01:20:00;918.9333333333334;17.1;1.8666666666666663;0.2;2025-09-11 01:20:00;3
11-09-2025;01:30:00;918.8666666666667;17.133333333333333;1.7333333333333332;0.6;2025-09-11 01:30:00;3
11-09-2025;01:40:00;918.8333333333334;17.166666666666668;2.1999999999999997;0.4;2025-09-11 01:40:00;3
11-09-2025;01:50:00;918.6;17.133333333333336;1.933333333333333;0.0;2025-09-11 01:50:00;3
11-09-2025;02:00:00;918.4666666666667;16.933333333333334;1.6333333333333329;0.0;2025-09-11 02:00:00;3
11-09-2025;02:10:00;918.35;16.799999999999997;1.1499999999999995;0.0;2025-09-11 02:10:00;3
11-09-2025;03:00:00;918.8499999999999;16.6;1.75;0.2;2025-09-11 03:00:00;3
11-09-2025;03:10:00;918.8666666666667;16.566666666666666;1.6333333333333335;0.0;2025-09-11 03:10:00;3
11-09-2025;03:20:00;918.9;16.5;2.1333333333333333;0.0;2025-09-11 03:20:00;3
11-09-2025;03:30:00;918.95;16.45;2.0500000000000003;0.0;2025-09-11 03:30:00;3
17-09-2025;21:50:00;925.55;17.25;4.3;0.2;2025-09-17 21:50:00;3
17-09-2025;22:00:00;925.5666666666666;17.233333333333334;3.8333333333333335;0.0;2025-09-17 22:00:00;3
17-09-2025;22:10:00;925.6333333333333;17.133333333333336;3.6;0.0;2025-09-17 22:10:00;3
17-09-2025;22:20:00;925.6500000000001;17.150000000000002;3.0000000000000004;0.0;2025-09-17 22:20:00;3
23-09-2025;10:00:00;921.5;16.2;0.8;1.0;2025-09-23 10:00:00;3
23-09-2025;10:10:00;921.5;16.066666666666666;0.7666666666666666;0.6;2025-09-23 10:10:00;3
23-09-2025;10:20:00;921.4;15.766666666666666;0.6333333333333333;0.4;2025-09-23 10:20:00;3
23-09-2025;10:30:00;921.3666666666667;15.633333333333335;0.5666666666666667;0.6;2025-09-23 10:30:00;3
23-09-2025;10:40:00;921.2333333333332;15.533333333333331;0.7333333333333334;0.6;2025-09-23 10:40:00;3
23-09-2025;10:50:00;921.2333333333332;15.5;1.5666666666666664;1.0;2025-09-23 10:50:00;3
23-09-2025;11:00:00;921.2333333333332;15.566666666666668;2.0;1.0;2025-09-23 11:00:00;3
23-09-2025;11:10:00;921.3;15.466666666666667;3.1666666666666665;0.4;2025-09-23 11:10:00;3
23-09-2025;11:20:00;921.2333333333332;15.266666666666666;2.766666666666666;0.8;2025-09-23 11:20:00;3
23-09-2025;11:30:00;921.1333333333333;15.333333333333334;2.5999999999999996;0.4;2025-09-23 11:30:00;3
23-09-2025;11:40:00;921.0666666666666;15.700000000000001;2.8333333333333335;0.0;2025-09-23 11:40:00;3
23-09-2025;11:50:00;921.0666666666666;16.166666666666668;3.533333333333333;0.2;2025-09-23 11:50:00;3
23-09-2025;12:00:00;921.1;16.366666666666664;3.633333333333333;0.0;2025-09-23 12:00:00;3
23-09-2025;12:10:00;921.0333333333334;16.633333333333336;2.3666666666666667;0.0;2025-09-23 12:10:00;3
23-09-2025;12:20:00;920.9333333333334;17.066666666666666;1.9000000000000001;0.2;2025-09-23 12:20:00;3
23-09-2025;12:30:00;920.8333333333334;17.633333333333336;1.6666666666666667;0.0;2025-09-23 12:30:00;3
23-09-2025;12:40:00;920.8;18.03333333333333;1.6666666666666667;0.0;2025-09-23 12:40:00;3
23-09-2025;12:50:00;920.8;18.25;1.2999999999999998;0.0;2025-09-23 12:50:00;3
23-09-2025;15:10:00;920.45;18.9;1.65;0.2;2025-09-23 15:10:00;3
23-09-2025;15:20:00;920.4;18.966666666666665;1.4666666666666668;0.0;2025-09-23 15:20:00;3
23-09-2025;15:30:00;920.3000000000001;18.8;1.6333333333333335;0.0;2025-09-23 15:30:00;3
23-09-2025;15:40:00;920.25;18.75;1.6500000000000004;0.0;2025-09-23 15:40:00;3
23-09-2025;22:40:00;920.6;16.8;0.6;2.0;2025-09-23 22:40:00;3
23-09-2025;22:50:00;920.6333333333333;16.7;0.7999999999999999;0.6;2025-09-23 22:50:00;3
23-09-2025;23:00:00;920.6666666666666;16.533333333333335;1.2;0.0;2025-09-23 23:00:00;3
23-09-2025;23:10:00;920.5333333333333;16.433333333333334;0.9999999999999999;0.6;2025-09-23 23:10:00;3
23-09-2025;23:20:00;920.3000000000001;16.366666666666667;0.9333333333333332;1.0;2025-09-23 23:20:00;3
23-09-2025;23:30:00;920.1;16.233333333333334;1.2999999999999998;0.2;2025-09-23 23:30:00;3
23-09-2025;23:40:00;920.0666666666666;16.233333333333334;1.6666666666666663;0.0;2025-09-23 23:40:00;3
23-09-2025;23:50:00;920.0666666666666;16.2;2.1333333333333333;0.2;2025-09-23 23:50:00;3
24-09-2025;00:00:00;920.1;16.333333333333332;2.1666666666666665;0.2;2025-09-24 00:00:00;3
24-09-2025;00:10:00;920.0666666666667;16.433333333333334;2.4;0.2;2025-09-24 00:10:00;3
24-09-2025;00:20:00;920.0333333333334;16.633333333333336;2.433333333333333;0.4;2025-09-24 00:20:00;3
24-09-2025;00:30:00;919.9;16.666666666666668;2.1;0.0;2025-09-24 00:30:00;3
24-09-2025;00:40:00;919.7333333333335;16.8;2.2666666666666666;0.2;2025-09-24 00:40:00;3
24-09-2025;00:50:00;919.5333333333333;16.8;2.3000000000000003;0.0;2025-09-24 00:50:00;3
24-09-2025;01:00:00;919.3666666666667;16.833333333333332;2.4666666666666663;0.0;2025-09-24 01:00:00;3
24-09-2025;01:10:00;919.25;16.75;2.25;0.0;2025-09-24 01:10:00;3
24-09-2025;04:20:00;919.0;16.5;2.1500000000000004;0.2;2025-09-24 04:20:00;3
24-09-2025;04:30:00;918.9333333333334;16.366666666666667;1.9666666666666668;0.0;2025-09-24 04:30:00;3
24-09-2025;04:40:00;918.85;16.166666666666668;1.8333333333333333;0.0;2025-09-24 04:40:00;3
24-09-2025;04:50:00;918.75;16.033333333333335;1.7666666666666666;0.2;2025-09-24 04:50:00;3
24-09-2025;05:00:00;918.75;15.966666666666669;2.0666666666666664;0.0;2025-09-24 05:00:00;3
24-09-2025;05:10:00;918.8000000000001;15.9;1.9333333333333333;0.0;2025-09-24 05:10:00;3
24-09-2025;05:20:00;918.85;15.9;1.9;0.0;2025-09-24 05:20:00;3
24-09-2025;06:50:00;919.7;15.95;1.2000000000000002;0.2;2025-09-24 06:50:00;3
24-09-2025;07:00:00;919.7333333333332;15.966666666666667;1.4333333333333333;0.0;2025-09-24 07:00:00;3
24-09-2025;07:10:00;919.6666666666666;15.966666666666667;1.2666666666666666;0.2;2025-09-24 07:10:00;3
24-09-2025;07:20:00;919.7000000000002;15.933333333333332;1.6666666666666667;0.6;2025-09-24 07:20:00;3
24-09-2025;07:30:00;919.6666666666666;15.933333333333332;1.2333333333333332;0.0;2025-09-24 07:30:00;3
24-09-2025;07:40:00;919.7;16.066666666666666;0.8666666666666666;0.0;2025-09-24 07:40:00;3
24-09-2025;07:50:00;919.7;16.15;0.29999999999999993;0.0;2025-09-24 07:50:00;3
24-09-2025;10:10:00;920.1;17.6;1.65;0.2;2025-09-24 10:10:00;3
24-09-2025;10:20:00;920.1;17.633333333333336;1.5;0.0;2025-09-24 10:20:00;3
24-09-2025;10:30:00;920.1;17.8;1.3666666666666665;0.0;2025-09-24 10:30:00;3
24-09-2025;10:40:00;920.1;17.900000000000002;1.2;0.0;2025-09-24 10:40:00;3
24-09-2025;13:00:00;920.0;16.35;2.0999999999999996;0.4;2025-09-24 13:00:00;3
24-09-2025;13:10:00;920.0;16.3;2.433333333333333;0.6;2025-09-24 13:10:00;3
24-09-2025;13:20:00;919.9333333333334;16.2;2.8333333333333335;0.8;2025-09-24 13:20:00;3
24-09-2025;13:30:00;919.8333333333334;16.2;2.766666666666667;0.8;2025-09-24 13:30:00;3
24-09-2025;13:40:00;919.7666666666668;16.2;2.3666666666666667;0.8;2025-09-24 13:40:00;3
24-09-2025;13:50:00;919.6666666666666;16.23333333333333;2.3000000000000003;0.8;2025-09-24 13:50:00;3
24-09-2025;14:00:00;919.6;16.2;2.2666666666666666;0.4;2025-09-24 14:00:00;3
24-09-2025;14:10:00;919.4666666666667;16.066666666666666;2.5333333333333337;0.0;2025-09-24 14:10:00;3
24-09-2025;14:20:00;919.4666666666667;15.933333333333335;2.3666666666666667;0.0;2025-09-24 14:20:00;3
24-09-2025;14:30:00;919.45;15.850000000000001;2.3;0.0;2025-09-24 14:30:00;3
25-09-2025;04:30:00;921.45;12.149999999999999;1.5;0.2;2025-09-25 04:30:00;3
25-09-2025;04:40:00;921.4666666666667;12.266666666666666;2.533333333333333;0.0;2025-09-25 04:40:00;3
25-09-2025;04:50:00;921.5;12.4;2.1;0.0;2025-09-25 04:50:00;3
25-09-2025;05:00:00;921.5;12.55;2.65;0.0;2025-09-25 05:00:00;3
28-09-2025;16:10:00;917.8;15.9;1.95;0.2;2025-09-28 16:10:00;3
28-09-2025;16:20:00;917.8333333333334;15.333333333333334;1.5333333333333332;0.0;2025-09-28 16:20:00;3
28-09-2025;16:30:00;917.9333333333334;14.4;2.1333333333333333;0.0;2025-09-28 16:30:00;3
28-09-2025;16:40:00;918.0000000000001;13.950000000000001;1.8000000000000003;0.0;2025-09-28 16:40:00;3
01-10-2025;15:20:00;918.0;14.05;2.3;0.2;2025-10-01 15:20:00;3
01-10-2025;15:30:00;917.9666666666667;13.766666666666666;2.9666666666666663;1.0;2025-10-01 15:30:00;3
01-10-2025;15:40:00;917.9;13.200000000000001;3.4;1.0;2025-10-01 15:40:00;3
01-10-2025;15:50:00;917.9;12.799999999999999;4.3;0.6;2025-10-01 15:50:00;3
01-10-2025;16:00:00;917.8666666666667;12.5;4.233333333333333;1.0;2025-10-01 16:00:00;3
01-10-2025;16:10:00;917.8333333333334;12.299999999999999;3.9999999999999996;1.0;2025-10-01 16:10:00;3
01-10-2025;16:20:00;917.8333333333334;12.133333333333333;3.666666666666666;0.6;2025-10-01 16:20:00;3
01-10-2025;16:30:00;917.9;11.966666666666667;3.9666666666666663;0.2;2025-10-01 16:30:00;3
01-10-2025;16:40:00;918.0333333333333;11.799999999999999;3.8333333333333326;0.2;2025-10-01 16:40:00;3
01-10-2025;16:50:00;918.1;11.700000000000001;4.166666666666666;0.2;2025-10-01 16:50:00;3
01-10-2025;17:00:00;918.1666666666666;11.699999999999998;4.8;0.2;2025-10-01 17:00:00;3
01-10-2025;17:10:00;918.1666666666666;11.700000000000001;5.333333333333333;0.2;2025-10-01 17:10:00;3
01-10-2025;17:20:00;918.2333333333335;11.766666666666666;5.733333333333333;0.2;2025-10-01 17:20:00;3
01-10-2025;17:30:00;918.2666666666665;11.666666666666666;5.633333333333333;0.0;2025-10-01 17:30:00;3
01-10-2025;17:40:00;918.2666666666668;11.6;6.933333333333333;0.0;2025-10-01 17:40:00;3
01-10-2025;17:50:00;918.25;11.5;7.299999999999999;0.0;2025-10-01 17:50:00;3
01-10-2025;18:30:00;918.3;11.7;5.5;0.2;2025-10-01 18:30:00;3
01-10-2025;18:40:00;918.2666666666668;11.733333333333334;5.3999999999999995;0.0;2025-10-01 18:40:00;3
01-10-2025;18:50:00;918.2333333333332;11.799999999999999;5.8999999999999995;0.0;2025-10-01 18:50:00;3
01-10-2025;19:00:00;918.2;11.85;5.55;0.0;2025-10-01 19:00:00;3
02-10-2025;01:50:00;917.4;9.7;6.95;0.2;2025-10-02 01:50:00;3
02-10-2025;02:00:00;917.4;9.733333333333333;6.733333333333333;0.0;2025-10-02 02:00:00;3
02-10-2025;02:10:00;917.4333333333333;9.766666666666667;7.1000000000000005;0.0;2025-10-02 02:10:00;3
02-10-2025;02:20:00;917.4499999999999;9.8;6.7;0.0;2025-10-02 02:20:00;3
05-10-2025;07:20:00;916.5;12.5;5.0;0.2;2025-10-05 07:20:00;3
05-10-2025;07:30:00;916.5;12.333333333333334;4.533333333333333;0.0;2025-10-05 07:30:00;3
05-10-2025;07:40:00;916.5666666666666;12.700000000000001;3.8333333333333335;0.8;2025-10-05 07:40:00;3
05-10-2025;07:50:00;916.6666666666666;12.966666666666667;5.1000000000000005;0.0;2025-10-05 07:50:00;3
05-10-2025;08:00:00;916.8000000000001;13.466666666666667;5.766666666666667;0.0;2025-10-05 08:00:00;3
05-10-2025;08:10:00;916.85;13.45;6.55;0.0;2025-10-05 08:10:00;3
05-10-2025;08:40:00;917.5;12.149999999999999;6.5;0.2;2025-10-05 08:40:00;3
05-10-2025;08:50:00;917.4666666666667;12.299999999999999;6.766666666666667;0.4;2025-10-05 08:50:00;3
05-10-2025;09:00:00;917.4333333333334;12.433333333333332;5.8;0.2;2025-10-05 09:00:00;3
05-10-2025;09:10:00;917.4666666666667;12.5;5.333333333333333;0.0;2025-10-05 09:10:00;3
05-10-2025;09:20:00;917.4666666666666;12.566666666666668;4.466666666666666;0.4;2025-10-05 09:20:00;3
05-10-2025;09:30:00;917.5;12.700000000000001;4.766666666666667;0.0;2025-10-05 09:30:00;3
05-10-2025;09:40:00;917.5666666666666;12.833333333333334;4.033333333333334;0.2;2025-10-05 09:40:00;3
05-10-2025;09:50:00;917.6999999999999;12.833333333333334;3.0;1.4;2025-10-05 09:50:00;3
05-10-2025;10:00:00;917.6666666666666;12.833333333333334;3.1;3.2;2025-10-05 10:00:00;3
05-10-2025;10:10:00;917.5;12.933333333333332;4.133333333333334;0.8;2025-10-05 10:10:00;3
05-10-2025;10:20:00;917.3666666666667;13.133333333333333;5.066666666666667;0.2;2025-10-05 10:20:00;3
05-10-2025;10:30:00;917.2666666666665;13.333333333333334;4.233333333333333;0.0;2025-10-05 10:30:00;3
05-10-2025;10:40:00;917.1666666666666;13.466666666666667;3.9333333333333336;0.0;2025-10-05 10:40:00;3
05-10-2025;10:50:00;917.0666666666666;13.5;3.5;0.2;2025-10-05 10:50:00;3
05-10-2025;11:00:00;917.0666666666667;13.533333333333333;3.9000000000000004;0.0;2025-10-05 11:00:00;3
05-10-2025;11:10:00;917.0333333333334;13.666666666666666;3.1666666666666665;0.0;2025-10-05 11:10:00;3
05-10-2025;11:20:00;917.0000000000001;13.75;3.2;0.0;2025-10-05 11:20:00;3
05-10-2025;11:40:00;916.25;14.45;4.55;0.2;2025-10-05 11:40:00;3
05-10-2025;11:50:00;916.1999999999999;14.433333333333332;4.933333333333334;0.0;2025-10-05 11:50:00;3
05-10-2025;12:00:00;916.4666666666667;14.333333333333334;4.466666666666668;0.0;2025-10-05 12:00:00;3
05-10-2025;12:10:00;916.5666666666666;14.133333333333335;5.0;0.4;2025-10-05 12:10:00;3
05-10-2025;12:20:00;916.9000000000001;13.9;4.2;2.2;2025-10-05 12:20:00;3
05-10-2025;12:30:00;916.9;13.866666666666665;3.8666666666666667;2.2;2025-10-05 12:30:00;3
05-10-2025;12:40:00;916.9333333333334;14.0;3.533333333333333;0.2;2025-10-05 12:40:00;3
05-10-2025;12:50:00;916.8666666666667;14.066666666666668;3.266666666666667;0.2;2025-10-05 12:50:00;3
05-10-2025;13:00:00;916.9;14.066666666666668;3.1999999999999997;0.0;2025-10-05 13:00:00;3
05-10-2025;13:10:00;916.9;13.799999999999999;3.5666666666666664;0.0;2025-10-05 13:10:00;3
05-10-2025;13:20:00;916.8333333333334;13.633333333333335;3.1999999999999997;0.2;2025-10-05 13:20:00;3
05-10-2025;13:30:00;916.5666666666666;13.5;2.4;0.0;2025-10-05 13:30:00;3
05-10-2025;13:40:00;916.3333333333334;13.666666666666666;1.7333333333333334;0.2;2025-10-05 13:40:00;3
05-10-2025;13:50:00;916.1333333333333;13.966666666666667;2.0;0.0;2025-10-05 13:50:00;3
05-10-2025;14:00:00;916.1333333333333;14.133333333333333;2.566666666666667;0.0;2025-10-05 14:00:00;3
05-10-2025;14:10:00;916.15;14.2;2.5500000000000003;0.0;2025-10-05 14:10:00;3
05-10-2025;20:10:00;916.1;12.45;1.7999999999999998;0.2;2025-10-05 20:10:00;3
05-10-2025;20:20:00;916.1333333333333;12.4;1.6666666666666667;0.0;2025-10-05 20:20:00;3
05-10-2025;20:30:00;916.2000000000002;12.366666666666667;0.9;0.0;2025-10-05 20:30:00;3
05-10-2025;20:40:00;916.3333333333334;12.333333333333334;0.9333333333333332;0.2;2025-10-05 20:40:00;3
05-10-2025;20:50:00;916.4333333333334;12.299999999999999;0.7333333333333334;0.0;2025-10-05 20:50:00;3
05-10-2025;21:00:00;916.4666666666667;12.200000000000001;1.0;0.0;2025-10-05 21:00:00;3
05-10-2025;21:10:00;916.45;12.15;0.8;0.0;2025-10-05 21:10:00;3
15-10-2025;13:40:00;921.0;12.149999999999999;6.45;0.2;2025-10-15 13:40:00;3
15-10-2025;13:50:00;920.9333333333334;12.133333333333333;6.8999999999999995;0.0;2025-10-15 13:50:00;3
15-10-2025;14:00:00;920.8333333333334;12.166666666666666;5.233333333333333;0.0;2025-10-15 14:00:00;3
15-10-2025;14:10:00;920.75;12.150000000000002;5.6499999999999995;0.0;2025-10-15 14:10:00;3
15-10-2025;15:30:00;920.6500000000001;12.05;5.05;0.2;2025-10-15 15:30:00;3
15-10-2025;15:40:00;920.6999999999999;12.033333333333333;4.0;0.0;2025-10-15 15:40:00;3
15-10-2025;15:50:00;920.7333333333332;12.0;3.1;0.2;2025-10-15 15:50:00;3
15-10-2025;16:00:00;920.8;11.966666666666667;4.133333333333334;0.2;2025-10-15 16:00:00;3
15-10-2025;16:10:00;920.7666666666665;11.966666666666667;4.8;0.0;2025-10-15 16:10:00;3
15-10-2025;16:20:00;920.7666666666668;11.933333333333332;4.766666666666667;0.2;2025-10-15 16:20:00;3
15-10-2025;16:30:00;920.7333333333332;11.866666666666667;3.1999999999999997;0.2;2025-10-15 16:30:00;3
15-10-2025;16:40:00;920.7333333333335;11.733333333333334;2.8666666666666667;0.2;2025-10-15 16:40:00;3
15-10-2025;16:50:00;920.7;11.633333333333333;3.633333333333333;0.0;2025-10-15 16:50:00;3
15-10-2025;17:00:00;920.7333333333335;11.6;3.8333333333333335;0.2;2025-10-15 17:00:00;3
15-10-2025;17:10:00;920.7666666666665;11.533333333333333;5.366666666666667;0.0;2025-10-15 17:10:00;3
15-10-2025;17:20:00;920.8;11.466666666666667;5.8;0.2;2025-10-15 17:20:00;3
15-10-2025;17:30:00;920.8666666666667;11.366666666666667;6.033333333333334;0.2;2025-10-15 17:30:00;3
15-10-2025;17:40:00;920.8666666666667;11.300000000000002;5.833333333333333;0.2;2025-10-15 17:40:00;3
15-10-2025;17:50:00;920.9333333333333;11.200000000000001;5.333333333333333;0.4;2025-10-15 17:50:00;3
15-10-2025;18:00:00;920.9333333333333;11.1;6.2;0.2;2025-10-15 18:00:00;3
15-10-2025;18:10:00;920.9666666666667;11.033333333333333;5.3999999999999995;0.4;2025-10-15 18:10:00;3
15-10-2025;18:20:00;920.9;11.0;5.166666666666667;0.2;2025-10-15 18:20:00;3
15-10-2025;18:30:00;920.8000000000001;10.966666666666667;5.366666666666667;0.0;2025-10-15 18:30:00;3
15-10-2025;18:40:00;920.8000000000001;10.966666666666667;6.533333333333334;0.2;2025-10-15 18:40:00;3
15-10-2025;18:50:00;920.8000000000001;10.933333333333332;7.166666666666667;0.0;2025-10-15 18:50:00;3
15-10-2025;19:00:00;920.8333333333334;10.9;6.633333333333333;0.0;2025-10-15 19:00:00;3
15-10-2025;19:10:00;920.8;10.833333333333334;6.3999999999999995;0.2;2025-10-15 19:10:00;3
15-10-2025;19:20:00;920.8;10.766666666666667;6.766666666666667;0.2;2025-10-15 19:20:00;3
15-10-2025;19:30:00;920.7666666666665;10.733333333333333;5.900000000000001;0.2;2025-10-15 19:30:00;3
15-10-2025;19:40:00;920.8000000000001;10.666666666666666;5.966666666666668;0.0;2025-10-15 19:40:00;3
15-10-2025;19:50:00;920.7666666666668;10.6;6.266666666666668;0.2;2025-10-15 19:50:00;3
15-10-2025;20:00:00;920.7333333333335;10.566666666666668;7.133333333333334;0.2;2025-10-15 20:00:00;3
15-10-2025;20:10:00;920.6666666666666;10.566666666666666;7.666666666666667;0.0;2025-10-15 20:10:00;3
15-10-2025;20:20:00;920.6666666666666;10.633333333333333;6.666666666666667;0.2;2025-10-15 20:20:00;3
15-10-2025;20:30:00;920.7;10.699999999999998;6.2;0.0;2025-10-15 20:30:00;3
15-10-2025;20:40:00;920.7;10.733333333333334;4.966666666666668;0.2;2025-10-15 20:40:00;3
15-10-2025;20:50:00;920.7;10.733333333333334;5.900000000000001;0.0;2025-10-15 20:50:00;3
15-10-2025;21:00:00;920.7;10.7;8.866666666666667;0.0;2025-10-15 21:00:00;3
15-10-2025;21:10:00;920.7;10.7;10.600000000000001;0.0;2025-10-15 21:10:00;3
15-10-2025;21:50:00;920.4;10.9;7.0;0.2;2025-10-15 21:50:00;3
15-10-2025;22:00:00;920.4666666666667;10.966666666666667;6.466666666666666;0.0;2025-10-15 22:00:00;3
15-10-2025;22:10:00;920.5333333333333;11.066666666666668;5.666666666666667;0.0;2025-10-15 22:10:00;3
15-10-2025;22:20:00;920.6;11.15;4.1;0.0;2025-10-15 22:20:00;3
16-10-2025;05:40:00;918.75;10.25;8.7;0.2;2025-10-16 05:40:00;3
16-10-2025;05:50:00;918.6999999999999;10.233333333333333;7.0;0.4;2025-10-16 05:50:00;3
16-10-2025;06:00:00;918.5666666666666;10.233333333333333;5.366666666666667;0.2;2025-10-16 06:00:00;3
16-10-2025;06:10:00;918.5333333333333;10.266666666666667;3.8333333333333335;0.0;2025-10-16 06:10:00;3
16-10-2025;06:20:00;918.5666666666667;10.266666666666667;3.766666666666667;0.0;2025-10-16 06:20:00;3
16-10-2025;06:30:00;918.7;10.25;4.1;0.0;2025-10-16 06:30:00;3
16-10-2025;07:00:00;918.8499999999999;10.1;5.65;0.2;2025-10-16 07:00:00;3
16-10-2025;07:10:00;918.8666666666667;10.1;4.766666666666667;0.0;2025-10-16 07:10:00;3
16-10-2025;07:20:00;918.9;10.1;6.033333333333334;0.0;2025-10-16 07:20:00;3
16-10-2025;07:30:00;919.0666666666666;10.1;5.433333333333334;0.2;2025-10-16 07:30:00;3
16-10-2025;07:40:00;919.1333333333333;10.066666666666665;6.033333333333334;0.0;2025-10-16 07:40:00;3
16-10-2025;07:50:00;919.1333333333333;10.033333333333333;5.3999999999999995;0.0;2025-10-16 07:50:00;3
16-10-2025;08:00:00;919.0666666666666;10.0;6.266666666666666;0.4;2025-10-16 08:00:00;3
16-10-2025;08:10:00;918.9666666666667;10.033333333333333;6.8;0.2;2025-10-16 08:10:00;3
16-10-2025;08:20:00;919.0;10.1;8.066666666666666;0.0;2025-10-16 08:20:00;3
16-10-2025;08:30:00;918.9666666666667;10.2;7.166666666666667;0.2;2025-10-16 08:30:00;3
16-10-2025;08:40:00;919.0666666666666;10.266666666666667;6.833333333333333;0.0;2025-10-16 08:40:00;3
16-10-2025;08:50:00;919.0666666666667;10.333333333333334;6.099999999999999;0.2;2025-10-16 08:50:00;3
16-10-2025;09:00:00;919.1666666666666;10.333333333333334;5.899999999999999;0.2;2025-10-16 09:00:00;3
16-10-2025;09:10:00;919.2666666666668;10.333333333333334;6.466666666666666;0.2;2025-10-16 09:10:00;3
16-10-2025;09:20:00;919.3333333333334;10.3;7.166666666666665;0.2;2025-10-16 09:20:00;3
16-10-2025;09:30:00;919.3666666666667;10.3;8.433333333333332;0.4;2025-10-16 09:30:00;3
16-10-2025;09:40:00;919.3333333333334;10.333333333333334;8.033333333333331;0.2;2025-10-16 09:40:00;3
16-10-2025;09:50:00;919.2666666666668;10.366666666666667;7.866666666666666;0.0;2025-10-16 09:50:00;3
16-10-2025;10:00:00;919.2999999999998;10.4;6.166666666666665;0.0;2025-10-16 10:00:00;3
16-10-2025;10:10:00;919.3833333333333;10.366666666666667;6.099999999999999;0.2;2025-10-16 10:10:00;3
16-10-2025;10:20:00;919.5500000000001;10.366666666666667;4.7333333333333325;0.6;2025-10-16 10:20:00;3
16-10-2025;10:30:00;919.5500000000001;10.366666666666667;6.999999999999999;0.6;2025-10-16 10:30:00;3
16-10-2025;10:40:00;919.5;10.4;6.899999999999999;0.4;2025-10-16 10:40:00;3
16-10-2025;10:50:00;919.4;10.4;6.899999999999999;0.4;2025-10-16 10:50:00;3
16-10-2025;11:00:00;919.3333333333334;10.433333333333334;5.8;0.0;2025-10-16 11:00:00;3
16-10-2025;11:10:00;919.2333333333332;10.433333333333332;5.966666666666666;0.0;2025-10-16 11:10:00;3
16-10-2025;11:20:00;919.1999999999999;10.45;6.6499999999999995;0.0;2025-10-16 11:20:00;3
16-10-2025;12:40:00;918.7;10.5;6.550000000000001;0.2;2025-10-16 12:40:00;3
16-10-2025;12:50:00;918.6666666666666;10.466666666666667;7.966666666666668;0.0;2025-10-16 12:50:00;3
16-10-2025;13:00:00;918.6166666666667;10.433333333333334;7.2;0.0;2025-10-16 13:00:00;3
16-10-2025;13:10:00;918.5500000000001;10.4;8.5;0.0;2025-10-16 13:10:00;3
16-10-2025;13:20:00;918.5166666666668;10.366666666666667;7.3;0.2;2025-10-16 13:20:00;3
16-10-2025;13:30:00;918.4666666666666;10.333333333333334;6.8;0.2;2025-10-16 13:30:00;3
16-10-2025;13:40:00;918.4333333333333;10.3;5.2;0.6;2025-10-16 13:40:00;3
16-10-2025;13:50:00;918.4333333333333;10.3;5.3;0.4;2025-10-16 13:50:00;3
16-10-2025;14:00:00;918.4333333333334;10.3;5.933333333333334;0.2;2025-10-16 14:00:00;3
16-10-2025;14:10:00;918.4333333333333;10.333333333333334;5.533333333333334;0.4;2025-10-16 14:10:00;3
16-10-2025;14:20:00;918.4;10.366666666666667;6.033333333333334;0.0;2025-10-16 14:20:00;3
16-10-2025;14:30:00;918.3666666666667;10.366666666666667;6.433333333333334;0.2;2025-10-16 14:30:00;3
16-10-2025;14:40:00;918.3666666666667;10.333333333333334;6.599999999999999;0.0;2025-10-16 14:40:00;3
16-10-2025;14:50:00;918.3666666666667;10.266666666666667;5.766666666666667;0.2;2025-10-16 14:50:00;3
16-10-2025;15:00:00;918.4;10.233333333333333;4.566666666666667;0.0;2025-10-16 15:00:00;3
16-10-2025;15:10:00;918.3666666666667;10.2;5.166666666666667;0.2;2025-10-16 15:10:00;3
16-10-2025;15:20:00;918.4;10.2;4.266666666666667;0.2;2025-10-16 15:20:00;3
16-10-2025;15:30:00;918.4;10.233333333333334;3.8333333333333335;0.4;2025-10-16 15:30:00;3
16-10-2025;15:40:00;918.3666666666668;10.266666666666666;2.6333333333333333;0.4;2025-10-16 15:40:00;3
16-10-2025;15:50:00;918.3666666666668;10.3;4.1;0.6;2025-10-16 15:50:00;3
16-10-2025;16:00:00;918.3000000000001;10.333333333333334;4.466666666666667;0.0;2025-10-16 16:00:00;3
16-10-2025;16:10:00;918.3333333333334;10.4;5.533333333333334;0.2;2025-10-16 16:10:00;3
16-10-2025;16:20:00;918.3000000000001;10.5;3.733333333333333;0.2;2025-10-16 16:20:00;3
16-10-2025;16:30:00;918.3000000000001;10.533333333333333;4.666666666666667;0.0;2025-10-16 16:30:00;3
16-10-2025;16:40:00;918.2333333333332;10.533333333333333;6.766666666666667;0.0;2025-10-16 16:40:00;3
16-10-2025;16:50:00;918.1499999999999;10.5;8.75;0.0;2025-10-16 16:50:00;3
16-10-2025;18:40:00;918.1500000000001;10.45;10.0;0.2;2025-10-16 18:40:00;3
16-10-2025;18:50:00;918.1999999999999;10.466666666666667;8.133333333333333;0.0;2025-10-16 18:50:00;3
16-10-2025;19:00:00;918.2333333333335;10.433333333333334;5.566666666666666;0.0;2025-10-16 19:00:00;3
16-10-2025;19:10:00;918.25;10.45;4.0;0.0;2025-10-16 19:10:00;3
16-10-2025;19:50:00;918.3;10.5;4.1;0.2;2025-10-16 19:50:00;3
16-10-2025;20:00:00;918.3333333333334;10.533333333333333;5.333333333333333;0.0;2025-10-16 20:00:00;3
16-10-2025;20:10:00;918.5;10.633333333333333;6.2;0.0;2025-10-16 20:10:00;3
16-10-2025;20:20:00;918.5;10.649999999999999;7.150000000000001;0.0;2025-10-16 20:20:00;3
16-10-2025;23:00:00;917.6;10.8;6.3;0.2;2025-10-16 23:00:00;3
16-10-2025;23:10:00;917.6;10.833333333333334;5.766666666666667;0.0;2025-10-16 23:10:00;3
16-10-2025;23:20:00;917.5333333333334;10.866666666666667;5.8;0.0;2025-10-16 23:20:00;3
16-10-2025;23:30:00;917.5000000000001;10.9;5.05;0.0;2025-10-16 23:30:00;3
17-10-2025;03:40:00;916.9;11.05;4.9;0.2;2025-10-17 03:40:00;3
17-10-2025;03:50:00;916.9;11.0;3.9333333333333336;0.0;2025-10-17 03:50:00;3
17-10-2025;04:00:00;916.9;10.966666666666667;2.9333333333333336;0.0;2025-10-17 04:00:00;3
17-10-2025;04:10:00;916.9;10.95;2.1500000000000004;0.0;2025-10-17 04:10:00;3
17-10-2025;04:30:00;917.1;10.9;2.7;0.2;2025-10-17 04:30:00;3
17-10-2025;04:40:00;917.1;10.933333333333332;3.3000000000000003;0.0;2025-10-17 04:40:00;3
17-10-2025;04:50:00;917.0666666666667;10.966666666666669;3.766666666666667;0.0;2025-10-17 04:50:00;3
17-10-2025;05:00:00;917.0500000000001;11.0;4.8500000000000005;0.0;2025-10-17 05:00:00;3
17-10-2025;20:00:00;920.95;12.399999999999999;0.35;0.2;2025-10-17 20:00:00;3
17-10-2025;20:10:00;921.0;12.299999999999999;0.6666666666666666;0.4;2025-10-17 20:10:00;3
17-10-2025;20:20:00;921.0333333333333;12.166666666666666;1.4333333333333333;0.0;2025-10-17 20:20:00;3
17-10-2025;20:30:00;921.0666666666666;12.166666666666666;1.8333333333333333;0.0;2025-10-17 20:30:00;3
17-10-2025;20:40:00;921.05;12.2;2.1;0.0;2025-10-17 20:40:00;3
17-10-2025;21:30:00;921.45;12.25;1.1;0.2;2025-10-17 21:30:00;3
17-10-2025;21:40:00;921.4666666666667;12.299999999999999;1.0999999999999999;0.0;2025-10-17 21:40:00;3
17-10-2025;21:50:00;921.5333333333333;12.4;1.0333333333333332;0.0;2025-10-17 21:50:00;3
17-10-2025;22:00:00;921.55;12.450000000000001;1.0499999999999998;0.0;2025-10-17 22:00:00;3
17-10-2025;23:00:00;921.6500000000001;12.55;1.05;0.2;2025-10-17 23:00:00;3
17-10-2025;23:10:00;921.6666666666666;12.5;0.9666666666666667;0.0;2025-10-17 23:10:00;3
17-10-2025;23:20:00;921.7;12.433333333333332;0.8333333333333334;0.0;2025-10-17 23:20:00;3
17-10-2025;23:30:00;921.7;12.4;0.8;0.0;2025-10-17 23:30:00;3
18-10-2025;01:40:00;921.9;12.0;0.9;0.2;2025-10-18 01:40:00;3
18-10-2025;01:50:00;921.8666666666667;12.033333333333333;0.8666666666666667;0.0;2025-10-18 01:50:00;3
18-10-2025;02:00:00;921.8333333333334;12.066666666666668;1.0666666666666667;0.0;2025-10-18 02:00:00;3
18-10-2025;02:10:00;921.8;12.1;0.9;0.0;2025-10-18 02:10:00;3
18-10-2025;02:20:00;921.8;12.066666666666665;0.6333333333333333;2.6;2025-10-18 02:20:00;3
18-10-2025;02:30:00;921.8;12.066666666666668;0.3666666666666667;0.4;2025-10-18 02:30:00;3
18-10-2025;02:40:00;921.8333333333334;12.066666666666665;0.19999999999999998;0.2;2025-10-18 02:40:00;3
18-10-2025;02:50:00;921.8666666666667;12.1;0.7666666666666666;0.0;2025-10-18 02:50:00;3
18-10-2025;03:00:00;921.9333333333334;12.166666666666666;1.2333333333333332;0.2;2025-10-18 03:00:00;3
18-10-2025;03:10:00;921.9333333333333;12.233333333333334;2.1;0.0;2025-10-18 03:10:00;3
18-10-2025;03:20:00;921.9333333333334;12.266666666666666;1.8999999999999997;0.0;2025-10-18 03:20:00;3
18-10-2025;03:30:00;921.9;12.249999999999998;1.8499999999999999;0.0;2025-10-18 03:30:00;3
21-10-2025;10:50:00;915.45;12.45;3.65;0.6;2025-10-21 10:50:00;3
21-10-2025;11:00:00;915.4;12.466666666666667;3.1;0.6;2025-10-21 11:00:00;3
21-10-2025;11:10:00;915.2666666666668;12.533333333333333;2.1333333333333333;0.4;2025-10-21 11:10:00;3
21-10-2025;11:20:00;915.1666666666666;12.566666666666668;1.7333333333333334;0.4;2025-10-21 11:20:00;3
21-10-2025;11:30:00;915.0666666666667;12.666666666666666;2.066666666666667;0.2;2025-10-21 11:30:00;3
21-10-2025;11:40:00;914.9666666666667;12.733333333333334;2.4333333333333336;0.6;2025-10-21 11:40:00;3
21-10-2025;11:50:00;914.8333333333334;12.8;4.5;0.6;2025-10-21 11:50:00;3
21-10-2025;12:00:00;914.7666666666668;12.8;4.966666666666668;0.2;2025-10-21 12:00:00;3
21-10-2025;12:10:00;914.6999999999999;12.8;5.5;0.2;2025-10-21 12:10:00;3
21-10-2025;12:20:00;914.6333333333333;12.833333333333334;4.1000000000000005;0.0;2025-10-21 12:20:00;3
21-10-2025;12:30:00;914.4666666666666;12.933333333333332;3.0;0.0;2025-10-21 12:30:00;3
21-10-2025;12:40:00;914.3333333333334;13.100000000000001;1.866666666666667;0.2;2025-10-21 12:40:00;3
21-10-2025;12:50:00;914.2333333333332;13.266666666666666;1.7666666666666668;0.0;2025-10-21 12:50:00;3
21-10-2025;13:00:00;914.1666666666666;13.333333333333334;2.066666666666667;0.0;2025-10-21 13:00:00;3
21-10-2025;13:10:00;914.15;13.350000000000001;2.2500000000000004;0.0;2025-10-21 13:10:00;3
21-10-2025;13:40:00;914.0;12.8;3.0999999999999996;0.2;2025-10-21 13:40:00;3
21-10-2025;13:50:00;914.0333333333333;12.8;3.0;0.6;2025-10-21 13:50:00;3
21-10-2025;14:00:00;914.0666666666666;12.8;2.733333333333333;0.8;2025-10-21 14:00:00;3
21-10-2025;14:10:00;913.9666666666667;12.8;2.966666666666667;0.0;2025-10-21 14:10:00;3
21-10-2025;14:20:00;913.8333333333334;12.866666666666667;3.5666666666666664;0.0;2025-10-21 14:20:00;3
21-10-2025;14:30:00;913.6666666666666;13.033333333333333;3.233333333333333;0.2;2025-10-21 14:30:00;3
21-10-2025;14:40:00;913.6333333333333;13.233333333333334;3.0666666666666664;0.0;2025-10-21 14:40:00;3
21-10-2025;14:50:00;913.6;13.4;2.3666666666666667;0.0;2025-10-21 14:50:00;3
21-10-2025;15:00:00;913.6;13.450000000000001;2.5;0.0;2025-10-21 15:00:00;3
21-10-2025;15:30:00;913.5;13.7;2.95;0.2;2025-10-21 15:30:00;3
21-10-2025;15:40:00;913.3666666666667;13.733333333333334;3.6999999999999997;0.0;2025-10-21 15:40:00;3
21-10-2025;15:50:00;913.1666666666666;13.833333333333334;4.133333333333333;0.0;2025-10-21 15:50:00;3
21-10-2025;16:00:00;913.05;13.850000000000001;4.499999999999999;0.0;2025-10-21 16:00:00;3
23-10-2025;20:00:00;909.1;16.55;3.0;0.2;2025-10-23 20:00:00;3
23-10-2025;20:10:00;909.2666666666668;16.599999999999998;3.466666666666667;0.0;2025-10-23 20:10:00;3
23-10-2025;20:20:00;909.5333333333333;16.400000000000002;4.766666666666667;0.6;2025-10-23 20:20:00;3
23-10-2025;20:30:00;909.8666666666667;16.333333333333332;4.166666666666667;3.4;2025-10-23 20:30:00;3
23-10-2025;20:40:00;909.9666666666667;16.166666666666668;3.533333333333333;0.6;2025-10-23 20:40:00;3
23-10-2025;20:50:00;910.0333333333334;16.433333333333334;3.466666666666667;0.0;2025-10-23 20:50:00;3
23-10-2025;21:00:00;910.1;16.5;3.9000000000000004;0.0;2025-10-23 21:00:00;3
23-10-2025;21:10:00;910.2;16.65;4.6000000000000005;0.0;2025-10-23 21:10:00;3
25-10-2025;04:50:00;919.0;11.05;2.15;0.2;2025-10-25 04:50:00;3
25-10-2025;05:00:00;918.9333333333334;11.133333333333333;1.8666666666666665;0.0;2025-10-25 05:00:00;3
25-10-2025;05:10:00;918.8666666666667;11.266666666666666;1.6666666666666667;0.0;2025-10-25 05:10:00;3
25-10-2025;05:20:00;918.8;11.349999999999998;1.0500000000000003;0.0;2025-10-25 05:20:00;3
25-10-2025;05:40:00;918.7;11.350000000000001;3.45;0.2;2025-10-25 05:40:00;3
25-10-2025;05:50:00;918.6666666666666;11.366666666666667;2.8333333333333335;0.0;2025-10-25 05:50:00;3
25-10-2025;06:00:00;918.5666666666666;11.366666666666667;2.9;0.0;2025-10-25 06:00:00;3
25-10-2025;06:10:00;918.55;11.4;2.5999999999999996;0.0;2025-10-25 06:10:00;3
25-10-2025;07:50:00;919.1500000000001;11.5;1.5;0.2;2025-10-25 07:50:00;3
25-10-2025;08:00:00;919.1666666666666;11.533333333333333;1.5666666666666667;0.2;2025-10-25 08:00:00;3
25-10-2025;08:10:00;919.2;11.533333333333333;1.4333333333333333;0.2;2025-10-25 08:10:00;3
25-10-2025;08:20:00;919.2666666666668;11.566666666666668;1.7000000000000002;1.6;2025-10-25 08:20:00;3
25-10-2025;08:30:00;919.3333333333334;11.566666666666665;1.5;0.2;2025-10-25 08:30:00;3
25-10-2025;08:40:00;919.4333333333333;11.566666666666665;1.6666666666666667;0.0;2025-10-25 08:40:00;3
25-10-2025;08:50:00;919.4666666666667;11.533333333333333;1.933333333333333;0.0;2025-10-25 08:50:00;3
25-10-2025;09:00:00;919.5;11.533333333333331;2.6;0.0;2025-10-25 09:00:00;3
25-10-2025;09:10:00;919.5333333333333;11.433333333333332;3.1666666666666665;0.2;2025-10-25 09:10:00;3
25-10-2025;09:20:00;919.5666666666666;11.433333333333332;3.1999999999999997;0.0;2025-10-25 09:20:00;3
25-10-2025;09:30:00;919.6333333333333;11.466666666666667;2.8666666666666667;0.0;2025-10-25 09:30:00;3
25-10-2025;09:40:00;919.6500000000001;11.6;2.3;0.0;2025-10-25 09:40:00;3
25-10-2025;20:50:00;916.65;13.5;4.449999999999999;0.2;2025-10-25 20:50:00;3
25-10-2025;21:00:00;916.6666666666666;13.533333333333333;5.033333333333333;0.0;2025-10-25 21:00:00;3
25-10-2025;21:10:00;916.6666666666666;13.5;4.6000000000000005;0.0;2025-10-25 21:10:00;3
25-10-2025;21:20:00;916.75;13.5;4.85;0.0;2025-10-25 21:20:00;3
26-10-2025;00:10:00;915.55;14.3;5.5;0.2;2025-10-26 00:10:00;3
26-10-2025;00:20:00;915.6;14.333333333333334;4.6000000000000005;1.0;2025-10-26 00:20:00;3
26-10-2025;00:30:00;915.6;14.4;5.333333333333333;0.0;2025-10-26 00:30:00;3
26-10-2025;00:40:00;915.5;14.566666666666665;3.9333333333333336;0.0;2025-10-26 00:40:00;3
26-10-2025;00:50:00;915.3333333333334;14.633333333333333;4.233333333333333;0.2;2025-10-26 00:50:00;3
26-10-2025;01:00:00;915.1999999999999;14.633333333333333;3.6999999999999997;0.0;2025-10-26 01:00:00;3
26-10-2025;01:10:00;915.2666666666668;14.6;4.833333333333333;0.0;2025-10-26 01:10:00;3
26-10-2025;01:20:00;915.2999999999998;14.666666666666666;5.1000000000000005;0.2;2025-10-26 01:20:00;3
26-10-2025;01:30:00;915.3000000000001;14.799999999999999;5.433333333333334;0.0;2025-10-26 01:30:00;3
26-10-2025;01:40:00;915.1666666666666;15.033333333333333;4.766666666666667;1.0;2025-10-26 01:40:00;3
26-10-2025;01:50:00;915.1333333333333;15.200000000000001;4.633333333333334;0.0;2025-10-26 01:50:00;3
26-10-2025;02:00:00;915.1666666666666;15.3;4.6000000000000005;0.2;2025-10-26 02:00:00;3
26-10-2025;02:10:00;915.1333333333333;15.3;4.166666666666667;0.2;2025-10-26 02:10:00;3
26-10-2025;02:20:00;915.0666666666666;15.3;4.8;0.0;2025-10-26 02:20:00;3
26-10-2025;02:30:00;914.9333333333334;15.3;4.166666666666667;0.0;2025-10-26 02:30:00;3
26-10-2025;02:40:00;914.9000000000001;15.3;4.8;0.0;2025-10-26 02:40:00;3
26-10-2025;03:00:00;914.5;15.350000000000001;4.05;0.2;2025-10-26 03:00:00;3
26-10-2025;03:10:00;914.3333333333334;15.366666666666667;4.3999999999999995;0.0;2025-10-26 03:10:00;3
26-10-2025;03:20:00;914.2333333333332;15.4;4.6000000000000005;0.2;2025-10-26 03:20:00;3
26-10-2025;03:30:00;914.1999999999999;15.4;3.366666666666667;0.0;2025-10-26 03:30:00;3
26-10-2025;03:40:00;914.2666666666668;15.433333333333332;2.3000000000000003;0.0;2025-10-26 03:40:00;3
26-10-2025;03:50:00;914.3000000000001;15.45;1.9500000000000002;0.0;2025-10-26 03:50:00;3
26-10-2025;05:20:00;913.75;15.850000000000001;2.3;0.6;2025-10-26 05:20:00;3
26-10-2025;05:30:00;913.6666666666666;15.866666666666667;2.766666666666667;0.4;2025-10-26 05:30:00;3
26-10-2025;05:40:00;913.6333333333333;15.933333333333332;3.0;0.0;2025-10-26 05:40:00;3
26-10-2025;05:50:00;913.5;15.966666666666669;3.633333333333333;0.4;2025-10-26 05:50:00;3
26-10-2025;06:00:00;913.5333333333333;16.03333333333333;3.6999999999999997;0.0;2025-10-26 06:00:00;3
26-10-2025;06:10:00;913.6333333333333;16.066666666666666;3.1666666666666665;0.0;2025-10-26 06:10:00;3
26-10-2025;06:20:00;913.6999999999999;16.1;2.466666666666667;0.2;2025-10-26 06:20:00;3
26-10-2025;06:30:00;913.7666666666668;16.1;3.033333333333333;0.0;2025-10-26 06:30:00;3
26-10-2025;06:40:00;913.7999999999998;16.1;3.466666666666667;0.0;2025-10-26 06:40:00;3
26-10-2025;06:50:00;913.8499999999999;16.1;4.35;0.0;2025-10-26 06:50:00;3
26-10-2025;08:10:00;914.7;16.15;3.4499999999999997;0.2;2025-10-26 08:10:00;3
26-10-2025;08:20:00;914.7333333333332;16.133333333333336;3.6999999999999997;0.0;2025-10-26 08:20:00;3
26-10-2025;08:30:00;914.6999999999999;16.1;3.533333333333333;0.0;2025-10-26 08:30:00;3
26-10-2025;08:40:00;914.6999999999999;16.1;4.15;0.0;2025-10-26 08:40:00;3
26-10-2025;22:00:00;913.4;10.8;2.3;0.2;2025-10-26 22:00:00;3
26-10-2025;22:10:00;913.4;10.733333333333334;1.8666666666666665;0.0;2025-10-26 22:10:00;3
26-10-2025;22:20:00;913.3666666666667;10.633333333333333;1.5333333333333332;0.0;2025-10-26 22:20:00;3
26-10-2025;22:30:00;913.4;10.649999999999999;1.15;0.0;2025-10-26 22:30:00;3
26-10-2025;22:50:00;913.3499999999999;10.45;3.5;0.2;2025-10-26 22:50:00;3
26-10-2025;23:00:00;913.3666666666667;10.4;3.033333333333333;0.0;2025-10-26 23:00:00;3
26-10-2025;23:10:00;913.4;10.299999999999999;2.1999999999999997;0.0;2025-10-26 23:10:00;3
26-10-2025;23:20:00;913.4;10.25;1.5499999999999998;0.0;2025-10-26 23:20:00;3
26-10-2025;23:40:00;913.2;9.5;2.1;0.4;2025-10-26 23:40:00;3
26-10-2025;23:50:00;913.3000000000001;9.466666666666667;2.3333333333333335;0.0;2025-10-26 23:50:00;3
27-10-2025;00:00:00;913.4333333333334;9.366666666666667;2.1333333333333333;0.4;2025-10-27 00:00:00;3
27-10-2025;00:10:00;913.4333333333334;9.433333333333334;2.1666666666666665;0.4;2025-10-27 00:10:00;3
27-10-2025;00:20:00;913.3000000000001;9.6;1.7666666666666666;0.0;2025-10-27 00:20:00;3
27-10-2025;00:30:00;913.1;9.8;1.7333333333333334;0.0;2025-10-27 00:30:00;3
27-10-2025;00:40:00;913.05;9.9;1.75;0.0;2025-10-27 00:40:00;3
27-10-2025;01:20:00;913.1500000000001;10.0;2.2;0.2;2025-10-27 01:20:00;3
27-10-2025;01:30:00;913.1;10.0;1.8;0.0;2025-10-27 01:30:00;3
27-10-2025;01:40:00;913.0333333333334;10.0;1.1333333333333335;0.0;2025-10-27 01:40:00;3
27-10-2025;01:50:00;912.95;10.0;1.0500000000000003;0.0;2025-10-27 01:50:00;3
27-10-2025;20:00:00;916.3499999999999;10.4;2.8499999999999996;0.2;2025-10-27 20:00:00;3
27-10-2025;20:10:00;916.3000000000001;10.466666666666667;2.6;0.0;2025-10-27 20:10:00;3
27-10-2025;20:20:00;916.3666666666667;10.5;2.6333333333333333;0.0;2025-10-27 20:20:00;3
27-10-2025;20:30:00;916.4;10.4;2.4;0.0;2025-10-27 20:30:00;3
27-10-2025;20:40:00;916.4333333333334;10.333333333333334;2.3666666666666667;0.2;2025-10-27 20:40:00;3
27-10-2025;20:50:00;916.3333333333334;10.4;2.9333333333333336;0.0;2025-10-27 20:50:00;3
27-10-2025;21:00:00;916.3000000000001;10.566666666666666;3.4000000000000004;0.2;2025-10-27 21:00:00;3
27-10-2025;21:10:00;916.3333333333334;10.666666666666666;3.566666666666667;0.0;2025-10-27 21:10:00;3
27-10-2025;21:20:00;916.4333333333334;10.733333333333334;3.8333333333333335;0.0;2025-10-27 21:20:00;3
27-10-2025;21:30:00;916.5666666666666;10.766666666666666;3.1999999999999997;0.2;2025-10-27 21:30:00;3
27-10-2025;21:40:00;916.6666666666666;10.8;3.733333333333333;0.8;2025-10-27 21:40:00;3
27-10-2025;21:50:00;916.7666666666665;10.833333333333334;2.933333333333333;0.0;2025-10-27 21:50:00;3
27-10-2025;22:00:00;916.7333333333335;10.866666666666667;3.4;0.0;2025-10-27 22:00:00;3
27-10-2025;22:10:00;916.6999999999999;10.9;3.1333333333333333;0.4;2025-10-27 22:10:00;3
27-10-2025;22:20:00;916.6333333333333;10.933333333333335;3.6333333333333333;0.0;2025-10-27 22:20:00;3
27-10-2025;22:30:00;916.5666666666666;11.0;3.5;0.0;2025-10-27 22:30:00;3
27-10-2025;22:40:00;916.55;11.05;3.5999999999999996;0.0;2025-10-27 22:40:00;3
27-10-2025;23:10:00;916.3499999999999;11.25;3.65;0.8;2025-10-27 23:10:00;3
27-10-2025;23:20:00;916.4;11.299999999999999;2.966666666666667;0.2;2025-10-27 23:20:00;3
27-10-2025;23:30:00;916.4333333333333;11.366666666666667;2.8333333333333335;0.0;2025-10-27 23:30:00;3
27-10-2025;23:40:00;916.5;11.299999999999999;2.5666666666666664;0.0;2025-10-27 23:40:00;3
27-10-2025;23:50:00;916.5;11.25;3.05;0.0;2025-10-27 23:50:00;3
28-10-2025;00:30:00;916.45;11.25;1.65;0.2;2025-10-28 00:30:00;3
28-10-2025;00:40:00;916.4666666666667;11.233333333333334;2.6666666666666665;0.0;2025-10-28 00:40:00;3
28-10-2025;00:50:00;916.5;11.2;3.9333333333333336;0.0;2025-10-28 00:50:00;3
28-10-2025;01:00:00;916.5;11.2;4.9;0.0;2025-10-28 01:00:00;3
28-10-2025;02:40:00;916.3499999999999;10.850000000000001;2.5;0.2;2025-10-28 02:40:00;3
28-10-2025;02:50:00;916.3666666666667;10.799999999999999;2.533333333333333;0.0;2025-10-28 02:50:00;3
28-10-2025;03:00:00;916.4;10.733333333333334;2.733333333333333;0.0;2025-10-28 03:00:00;3
28-10-2025;03:10:00;916.4;10.7;2.9499999999999997;0.0;2025-10-28 03:10:00;3
29-10-2025;06:50:00;923.6500000000001;12.0;3.2;0.2;2025-10-29 06:50:00;3
29-10-2025;07:00:00;923.6999999999999;12.033333333333333;2.966666666666667;0.0;2025-10-29 07:00:00;3
29-10-2025;07:10:00;923.8000000000001;12.033333333333331;3.733333333333333;0.0;2025-10-29 07:10:00;3
29-10-2025;07:20:00;923.8499999999999;12.1;3.6499999999999995;0.0;2025-10-29 07:20:00;3
31-10-2025;07:20:00;920.8;14.55;1.6;0.2;2025-10-31 07:20:00;3
31-10-2025;07:30:00;920.9;14.566666666666668;1.4000000000000001;0.0;2025-10-31 07:30:00;3
31-10-2025;07:40:00;921.0333333333333;14.5;1.3333333333333333;0.0;2025-10-31 07:40:00;3
31-10-2025;07:50:00;921.1;14.5;1.2;0.0;2025-10-31 07:50:00;3
31-10-2025;08:30:00;921.2;15.05;0.85;0.2;2025-10-31 08:30:00;3
31-10-2025;08:40:00;921.2;15.166666666666666;0.8666666666666667;0.0;2025-10-31 08:40:00;3
31-10-2025;08:50:00;921.2;15.433333333333332;0.9;0.0;2025-10-31 08:50:00;3
31-10-2025;09:00:00;921.2;15.599999999999998;0.8500000000000001;0.0;2025-10-31 09:00:00;3
03-11-2025;11:30:00;920.6;13.2;2.25;0.4;2025-11-03 11:30:00;3
03-11-2025;11:40:00;920.6;13.133333333333333;2.3666666666666667;0.6;2025-11-03 11:40:00;3
03-11-2025;11:50:00;920.5333333333334;13.066666666666668;2.2666666666666666;1.2;2025-11-03 11:50:00;3
03-11-2025;12:00:00;920.5333333333333;13.1;2.9;0.6;2025-11-03 12:00:00;3
03-11-2025;12:10:00;920.5;13.233333333333333;2.6333333333333333;0.0;2025-11-03 12:10:00;3
03-11-2025;12:20:00;920.5333333333333;13.4;2.2333333333333334;0.0;2025-11-03 12:20:00;3
03-11-2025;12:30:00;920.5;13.566666666666668;0.8333333333333334;0.2;2025-11-03 12:30:00;3
03-11-2025;12:40:00;920.4666666666667;13.666666666666666;0.5333333333333333;0.0;2025-11-03 12:40:00;3
03-11-2025;12:50:00;920.4333333333334;13.733333333333334;0.8333333333333334;0.0;2025-11-03 12:50:00;3
03-11-2025;13:00:00;920.4;13.750000000000002;1.25;0.0;2025-11-03 13:00:00;3
07-11-2025;17:30:00;914.3;10.45;1.2999999999999998;0.2;2025-11-07 17:30:00;3
07-11-2025;17:40:00;914.3333333333334;10.466666666666667;1.0999999999999999;0.0;2025-11-07 17:40:00;3
07-11-2025;17:50:00;914.3333333333334;10.533333333333333;0.9999999999999999;0.0;2025-11-07 17:50:00;3
07-11-2025;18:00:00;914.35;10.450000000000001;0.7999999999999999;0.0;2025-11-07 18:00:00;3
07-11-2025;20:30:00;914.75;9.6;0.55;0.2;2025-11-07 20:30:00;3
07-11-2025;20:40:00;914.8000000000001;9.5;0.6333333333333334;0.2;2025-11-07 20:40:00;3
07-11-2025;20:50:00;914.9;9.333333333333334;1.0999999999999999;0.0;2025-11-07 20:50:00;3
07-11-2025;21:00:00;914.9666666666667;9.266666666666667;1.3333333333333333;0.0;2025-11-07 21:00:00;3
07-11-2025;21:10:00;915.0;9.366666666666667;1.0666666666666667;0.2;2025-11-07 21:10:00;3
07-11-2025;21:20:00;915.0333333333333;9.466666666666667;0.9333333333333332;0.0;2025-11-07 21:20:00;3
07-11-2025;21:30:00;915.0666666666666;9.5;0.7000000000000001;0.0;2025-11-07 21:30:00;3
07-11-2025;21:40:00;915.0666666666666;9.4;1.3666666666666665;0.0;2025-11-07 21:40:00;3
07-11-2025;21:50:00;915.0;9.4;2.1666666666666665;0.2;2025-11-07 21:50:00;3
07-11-2025;22:00:00;914.9;9.333333333333334;2.7000000000000006;0.2;2025-11-07 22:00:00;3
07-11-2025;22:10:00;914.8000000000001;9.333333333333334;2.6666666666666665;0.4;2025-11-07 22:10:00;3
07-11-2025;22:20:00;914.6999999999999;9.333333333333334;2.4333333333333336;0.2;2025-11-07 22:20:00;3
07-11-2025;22:30:00;914.6333333333333;9.333333333333334;1.9333333333333333;0.4;2025-11-07 22:30:00;3
07-11-2025;22:40:00;914.6;9.3;1.4333333333333333;0.4;2025-11-07 22:40:00;3
07-11-2025;22:50:00;914.6333333333333;9.233333333333333;1.1666666666666667;0.4;2025-11-07 22:50:00;3
07-11-2025;23:00:00;914.6500000000001;9.133333333333333;0.9666666666666667;0.0;2025-11-07 23:00:00;3
07-11-2025;23:10:00;914.6500000000001;9.033333333333333;1.4666666666666668;0.2;2025-11-07 23:10:00;3
07-11-2025;23:20:00;914.5833333333334;8.933333333333334;1.5333333333333332;0.2;2025-11-07 23:20:00;3
07-11-2025;23:30:00;914.6;8.833333333333334;1.6333333333333335;0.0;2025-11-07 23:30:00;3
07-11-2025;23:40:00;914.6333333333333;8.766666666666667;1.3;0.2;2025-11-07 23:40:00;3
07-11-2025;23:50:00;914.6666666666666;8.6;1.0;0.2;2025-11-07 23:50:00;3
08-11-2025;00:00:00;914.5666666666666;8.466666666666667;1.0;0.2;2025-11-08 00:00:00;3
08-11-2025;00:10:00;914.3666666666667;8.4;1.5;0.2;2025-11-08 00:10:00;3
08-11-2025;00:20:00;914.1333333333333;8.566666666666668;1.7666666666666666;0.2;2025-11-08 00:20:00;3
08-11-2025;00:30:00;913.9;8.733333333333333;2.233333333333333;0.0;2025-11-08 00:30:00;3
08-11-2025;00:40:00;913.7333333333335;8.866666666666667;1.8666666666666665;0.2;2025-11-08 00:40:00;3
08-11-2025;00:50:00;913.6333333333333;8.833333333333334;1.5999999999999999;0.0;2025-11-08 00:50:00;3
08-11-2025;01:00:00;913.6333333333333;8.933333333333334;1.4333333333333333;0.0;2025-11-08 01:00:00;3
08-11-2025;01:10:00;913.6500000000001;8.95;1.5;0.0;2025-11-08 01:10:00;3
08-11-2025;03:00:00;913.55;8.9;0.9;0.2;2025-11-08 03:00:00;3
08-11-2025;03:10:00;913.5;8.933333333333334;0.6;0.2;2025-11-08 03:10:00;3
08-11-2025;03:20:00;913.4333333333334;8.866666666666665;0.8000000000000002;0.0;2025-11-08 03:20:00;3
08-11-2025;03:30:00;913.4333333333334;8.666666666666666;0.8000000000000002;0.0;2025-11-08 03:30:00;3
08-11-2025;03:40:00;913.45;8.5;1.2000000000000002;0.0;2025-11-08 03:40:00;3
08-11-2025;06:20:00;913.75;8.6;0.95;0.2;2025-11-08 06:20:00;3
08-11-2025;06:30:00;913.7666666666668;8.533333333333333;0.8666666666666667;0.0;2025-11-08 06:30:00;3
08-11-2025;06:40:00;913.8333333333334;8.533333333333333;0.7666666666666666;0.0;2025-11-08 06:40:00;3
08-11-2025;06:50:00;913.85;8.55;0.6499999999999999;0.0;2025-11-08 06:50:00;3
08-11-2025;19:40:00;916.25;10.149999999999999;2.25;0.2;2025-11-08 19:40:00;3
08-11-2025;19:50:00;916.2666666666668;10.066666666666666;2.3333333333333335;0.2;2025-11-08 19:50:00;3
08-11-2025;20:00:00;916.3333333333334;10.0;2.533333333333333;0.6;2025-11-08 20:00:00;3
08-11-2025;20:10:00;916.3666666666667;10.0;2.4;0.4;2025-11-08 20:10:00;3
08-11-2025;20:20:00;916.4;10.133333333333333;2.3666666666666667;0.4;2025-11-08 20:20:00;3
08-11-2025;20:30:00;916.4333333333333;10.200000000000001;2.8000000000000003;0.0;2025-11-08 20:30:00;3
08-11-2025;20:40:00;916.4666666666667;10.266666666666666;3.3666666666666667;0.0;2025-11-08 20:40:00;3
08-11-2025;20:50:00;916.5;10.25;3.8499999999999996;0.0;2025-11-08 20:50:00;3
08-11-2025;22:20:00;916.6500000000001;10.350000000000001;1.4;0.2;2025-11-08 22:20:00;3
08-11-2025;22:30:00;916.6;10.333333333333334;1.3666666666666665;0.2;2025-11-08 22:30:00;3
08-11-2025;22:40:00;916.5333333333333;10.333333333333334;2.1999999999999997;0.4;2025-11-08 22:40:00;3
08-11-2025;22:50:00;916.5333333333334;10.233333333333334;2.1333333333333333;0.2;2025-11-08 22:50:00;3
08-11-2025;23:00:00;916.6;10.2;2.1333333333333333;0.2;2025-11-08 23:00:00;3
08-11-2025;23:10:00;916.7000000000002;10.1;1.4666666666666668;0.2;2025-11-08 23:10:00;3
08-11-2025;23:20:00;916.7666666666668;10.1;1.9333333333333336;0.4;2025-11-08 23:20:00;3
08-11-2025;23:30:00;916.8;10.066666666666666;2.1;0.4;2025-11-08 23:30:00;3
08-11-2025;23:40:00;916.7666666666668;10.1;3.0;1.0;2025-11-08 23:40:00;3
08-11-2025;23:50:00;916.6999999999999;10.066666666666665;3.366666666666667;0.8;2025-11-08 23:50:00;3
09-11-2025;00:00:00;916.6333333333333;9.966666666666667;3.4333333333333336;0.6;2025-11-09 00:00:00;3
09-11-2025;00:10:00;916.5666666666666;9.9;3.8000000000000007;0.6;2025-11-09 00:10:00;3
09-11-2025;00:20:00;916.5333333333334;9.866666666666667;3.2000000000000006;0.2;2025-11-09 00:20:00;3
09-11-2025;00:30:00;916.5;9.866666666666667;3.1;0.2;2025-11-09 00:30:00;3
09-11-2025;00:40:00;916.5;9.799999999999999;2.266666666666667;0.2;2025-11-09 00:40:00;3
09-11-2025;00:50:00;916.5;9.733333333333334;2.566666666666667;0.0;2025-11-09 00:50:00;3
09-11-2025;01:00:00;916.5;9.733333333333333;3.0;0.4;2025-11-09 01:00:00;3
09-11-2025;01:10:00;916.5;9.733333333333334;3.1333333333333333;0.0;2025-11-09 01:10:00;3
09-11-2025;01:20:00;916.5;9.766666666666666;3.1333333333333333;0.2;2025-11-09 01:20:00;3
09-11-2025;01:30:00;916.4333333333334;9.700000000000001;3.4000000000000004;0.4;2025-11-09 01:30:00;3
09-11-2025;01:40:00;916.3333333333334;9.7;3.4000000000000004;0.2;2025-11-09 01:40:00;3
09-11-2025;01:50:00;916.1999999999999;9.633333333333333;3.1666666666666665;0.0;2025-11-09 01:50:00;3
09-11-2025;02:00:00;916.1;9.6;3.2000000000000006;0.0;2025-11-09 02:00:00;3
09-11-2025;02:10:00;916.0333333333333;9.566666666666666;2.8000000000000003;0.2;2025-11-09 02:10:00;3
09-11-2025;02:20:00;915.9333333333334;9.6;3.233333333333334;0.0;2025-11-09 02:20:00;3
09-11-2025;02:30:00;915.8666666666667;9.7;2.866666666666667;0.0;2025-11-09 02:30:00;3
09-11-2025;02:40:00;915.8;9.75;3.3500000000000005;0.0;2025-11-09 02:40:00;3
11-11-2025;00:00:00;919.6;8.6;1.7;0.2;2025-11-11 00:00:00;3
11-11-2025;00:10:00;919.6;8.633333333333333;1.7333333333333334;0.0;2025-11-11 00:10:00;3
11-11-2025;00:20:00;919.6;8.7;1.7666666666666666;0.0;2025-11-11 00:20:00;3
11-11-2025;00:30:00;919.6;8.75;1.95;0.0;2025-11-11 00:30:00;3
12-11-2025;14:50:00;925.7;13.7;1.0;0.2;2025-11-12 14:50:00;3
12-11-2025;15:00:00;925.7333333333332;13.666666666666666;0.7999999999999999;0.0;2025-11-12 15:00:00;3
12-11-2025;15:10:00;925.7666666666668;13.666666666666666;0.5666666666666667;0.0;2025-11-12 15:10:00;3
12-11-2025;15:20:00;925.8;13.65;0.5;0.0;2025-11-12 15:20:00;3
14-11-2025;06:20:00;926.2;9.55;2.7;0.2;2025-11-14 06:20:00;3
14-11-2025;06:30:00;926.2333333333332;9.433333333333332;2.1666666666666665;0.0;2025-11-14 06:30:00;3
14-11-2025;06:40:00;926.2666666666668;9.200000000000001;1.8333333333333333;0.0;2025-11-14 06:40:00;3
14-11-2025;06:50:00;926.3;9.100000000000001;1.45;0.0;2025-11-14 06:50:00;3
18-11-2025;02:10:00;915.9;11.25;3.15;0.2;2025-11-18 02:10:00;3
18-11-2025;02:20:00;915.8666666666667;11.200000000000001;3.033333333333333;0.0;2025-11-18 02:20:00;3
18-11-2025;02:30:00;915.7999999999998;11.133333333333333;2.8000000000000003;0.0;2025-11-18 02:30:00;3
18-11-2025;02:40:00;915.7499999999999;11.1;3.2;0.0;2025-11-18 02:40:00;3
18-11-2025;03:20:00;915.6;10.850000000000001;1.7;0.2;2025-11-18 03:20:00;3
18-11-2025;03:30:00;915.5666666666666;10.866666666666667;1.8666666666666665;0.0;2025-11-18 03:30:00;3
18-11-2025;03:40:00;915.5;10.866666666666667;2.533333333333333;0.0;2025-11-18 03:40:00;3
18-11-2025;03:50:00;915.4499999999999;10.9;2.5999999999999996;0.0;2025-11-18 03:50:00;3
18-11-2025;11:00:00;915.45;11.25;1.4;0.2;2025-11-18 11:00:00;3
18-11-2025;11:10:00;915.4333333333334;11.1;1.3666666666666665;0.0;2025-11-18 11:10:00;3
18-11-2025;11:20:00;915.3666666666667;10.833333333333334;1.4666666666666668;0.4;2025-11-18 11:20:00;3
18-11-2025;11:30:00;915.1999999999999;10.633333333333333;1.5333333333333332;1.4;2025-11-18 11:30:00;3
18-11-2025;11:40:00;914.9333333333334;10.5;1.5333333333333334;1.0;2025-11-18 11:40:00;3
18-11-2025;11:50:00;914.8000000000001;10.433333333333332;1.5666666666666667;1.0;2025-11-18 11:50:00;3
18-11-2025;12:00:00;914.7333333333332;10.4;1.5999999999999999;0.6;2025-11-18 12:00:00;3
18-11-2025;12:10:00;914.8;10.4;1.5333333333333334;0.6;2025-11-18 12:10:00;3
18-11-2025;12:20:00;914.8;10.366666666666667;1.5;0.6;2025-11-18 12:20:00;3
18-11-2025;12:30:00;914.7666666666668;10.333333333333334;1.3;0.6;2025-11-18 12:30:00;3
18-11-2025;12:40:00;914.7666666666665;10.266666666666667;1.3333333333333333;1.0;2025-11-18 12:40:00;3
18-11-2025;12:50:00;914.8000000000001;10.299999999999999;1.2333333333333334;0.8;2025-11-18 12:50:00;3
18-11-2025;13:00:00;914.8333333333334;10.3;1.7666666666666668;0.0;2025-11-18 13:00:00;3
18-11-2025;13:10:00;914.7666666666668;10.4;2.1;0.0;2025-11-18 13:10:00;3
18-11-2025;13:20:00;914.7;10.4;2.4500000000000006;0.0;2025-11-18 13:20:00;3
18-11-2025;14:10:00;914.4;10.8;1.5499999999999998;0.2;2025-11-18 14:10:00;3
18-11-2025;14:20:00;914.4333333333334;10.766666666666666;1.5999999999999999;0.2;2025-11-18 14:20:00;3
18-11-2025;14:30:00;914.4333333333333;10.766666666666666;1.3666666666666665;0.0;2025-11-18 14:30:00;3
18-11-2025;14:40:00;914.4333333333334;10.6;1.6666666666666667;0.0;2025-11-18 14:40:00;3
18-11-2025;14:50:00;914.4;10.55;1.6500000000000001;0.0;2025-11-18 14:50:00;3
18-11-2025;17:40:00;915.0;10.350000000000001;2.05;0.4;2025-11-18 17:40:00;3
18-11-2025;17:50:00;915.0;10.333333333333334;1.8333333333333333;0.4;2025-11-18 17:50:00;3
18-11-2025;18:00:00;915.0333333333333;10.3;1.4000000000000001;0.0;2025-11-18 18:00:00;3
18-11-2025;18:10:00;915.0666666666666;10.3;1.4666666666666668;0.2;2025-11-18 18:10:00;3
18-11-2025;18:20:00;915.1;10.3;1.2666666666666666;0.0;2025-11-18 18:20:00;3
18-11-2025;18:30:00;915.2333333333335;10.3;1.5999999999999999;0.0;2025-11-18 18:30:00;3
18-11-2025;18:40:00;915.3000000000001;10.266666666666667;1.5333333333333332;0.2;2025-11-18 18:40:00;3
18-11-2025;18:50:00;915.4;10.233333333333333;1.8333333333333333;0.2;2025-11-18 18:50:00;3
18-11-2025;19:00:00;915.3666666666667;10.433333333333334;1.9000000000000001;0.2;2025-11-18 19:00:00;3
18-11-2025;19:10:00;915.4333333333333;10.633333333333335;2.0;0.0;2025-11-18 19:10:00;3
18-11-2025;19:20:00;915.5;10.800000000000002;2.066666666666667;0.0;2025-11-18 19:20:00;3
18-11-2025;19:30:00;915.55;10.750000000000002;1.9;0.0;2025-11-18 19:30:00;3
18-11-2025;21:20:00;915.95;10.649999999999999;1.65;0.2;2025-11-18 21:20:00;3
18-11-2025;21:30:00;915.9666666666667;10.6;1.8666666666666665;0.2;2025-11-18 21:30:00;3
18-11-2025;21:40:00;916.0333333333333;10.5;2.0999999999999996;0.0;2025-11-18 21:40:00;3
18-11-2025;21:50:00;916.0333333333333;10.466666666666667;2.1999999999999997;0.0;2025-11-18 21:50:00;3
18-11-2025;22:00:00;916.05;10.45;2.15;0.0;2025-11-18 22:00:00;3
18-11-2025;22:50:00;915.8;10.55;1.8;0.2;2025-11-18 22:50:00;3
18-11-2025;23:00:00;915.8333333333334;10.533333333333333;1.5333333333333332;0.0;2025-11-18 23:00:00;3
18-11-2025;23:10:00;915.8333333333334;10.466666666666667;1.2333333333333334;0.0;2025-11-18 23:10:00;3
18-11-2025;23:20:00;915.85;10.45;1.1500000000000001;0.0;2025-11-18 23:20:00;3
19-11-2025;00:50:00;915.3499999999999;10.25;1.25;0.2;2025-11-19 00:50:00;3
19-11-2025;01:00:00;915.3000000000001;10.233333333333333;1.1333333333333333;0.0;2025-11-19 01:00:00;3
19-11-2025;01:10:00;915.2333333333332;10.2;1.1333333333333333;0.2;2025-11-19 01:10:00;3
19-11-2025;01:20:00;915.2333333333335;10.166666666666666;1.2333333333333334;0.2;2025-11-19 01:20:00;3
19-11-2025;01:30:00;915.2666666666665;10.200000000000001;1.1333333333333333;0.2;2025-11-19 01:30:00;3
19-11-2025;01:40:00;915.2666666666668;10.200000000000001;1.0333333333333334;0.2;2025-11-19 01:40:00;3
19-11-2025;01:50:00;915.1999999999999;10.299999999999999;0.7000000000000001;0.0;2025-11-19 01:50:00;3
19-11-2025;02:00:00;915.1333333333333;10.333333333333334;0.7333333333333333;0.0;2025-11-19 02:00:00;3
19-11-2025;02:10:00;915.1;10.366666666666667;0.7666666666666666;0.2;2025-11-19 02:10:00;3
19-11-2025;02:20:00;915.0;10.299999999999999;1.2999999999999998;0.2;2025-11-19 02:20:00;3
19-11-2025;02:30:00;914.9333333333334;10.333333333333334;1.6666666666666667;0.0;2025-11-19 02:30:00;3
19-11-2025;02:40:00;914.8333333333334;10.399999999999999;1.8999999999999997;0.0;2025-11-19 02:40:00;3
19-11-2025;02:50:00;914.85;10.5;1.6999999999999997;0.0;2025-11-19 02:50:00;3
19-11-2025;23:10:00;915.0;9.4;2.1;0.2;2025-11-19 23:10:00;3
19-11-2025;23:20:00;915.0;9.4;1.7999999999999998;0.0;2025-11-19 23:20:00;3
19-11-2025;23:30:00;914.9666666666667;9.366666666666667;1.4666666666666668;0.0;2025-11-19 23:30:00;3
19-11-2025;23:40:00;914.95;9.35;1.0;0.0;2025-11-19 23:40:00;3
20-11-2025;15:20:00;912.1500000000001;9.6;6.699999999999999;0.6;2025-11-20 15:20:00;3
20-11-2025;15:30:00;912.1333333333333;9.6;5.733333333333333;0.6;2025-11-20 15:30:00;3
20-11-2025;15:40:00;912.1333333333333;9.6;3.6999999999999997;0.2;2025-11-20 15:40:00;3
20-11-2025;15:50:00;912.1333333333333;9.533333333333333;3.2999999999999994;0.0;2025-11-20 15:50:00;3
20-11-2025;16:00:00;912.1666666666666;9.466666666666667;2.6999999999999997;1.0;2025-11-20 16:00:00;3
20-11-2025;16:10:00;912.1999999999999;9.3;3.9;1.4;2025-11-20 16:10:00;3
20-11-2025;16:20:00;912.2666666666668;9.266666666666667;4.366666666666666;3.6;2025-11-20 16:20:00;3
20-11-2025;16:30:00;912.2333333333332;9.166666666666666;4.733333333333333;3.8;2025-11-20 16:30:00;3
20-11-2025;16:40:00;912.2166666666667;9.200000000000001;5.0;3.8;2025-11-20 16:40:00;3
20-11-2025;16:50:00;912.25;9.233333333333334;5.833333333333333;0.2;2025-11-20 16:50:00;3
20-11-2025;17:00:00;912.3166666666666;9.233333333333333;6.266666666666667;0.2;2025-11-20 17:00:00;3
20-11-2025;17:10:00;912.3666666666667;9.133333333333333;5.7;0.4;2025-11-20 17:10:00;3
20-11-2025;17:20:00;912.3333333333334;9.0;4.533333333333334;0.4;2025-11-20 17:20:00;3
20-11-2025;17:30:00;912.3666666666667;8.833333333333334;4.466666666666667;0.4;2025-11-20 17:30:00;3
20-11-2025;17:40:00;912.3666666666667;8.766666666666667;3.266666666666666;0.0;2025-11-20 17:40:00;3
20-11-2025;17:50:00;912.4333333333334;8.733333333333333;2.3000000000000003;0.4;2025-11-20 17:50:00;3
20-11-2025;18:00:00;912.4666666666666;8.833333333333334;3.1666666666666665;0.4;2025-11-20 18:00:00;3
20-11-2025;18:10:00;912.5;8.833333333333334;4.1000000000000005;2.0;2025-11-20 18:10:00;3
20-11-2025;18:20:00;912.5333333333333;8.799999999999999;5.966666666666666;2.0;2025-11-20 18:20:00;3
20-11-2025;18:30:00;912.5;8.8;4.966666666666666;0.6;2025-11-20 18:30:00;3
20-11-2025;18:40:00;912.4333333333334;8.8;7.0666666666666655;0.0;2025-11-20 18:40:00;3
20-11-2025;18:50:00;912.3666666666667;8.866666666666667;6.933333333333333;0.0;2025-11-20 18:50:00;3
20-11-2025;19:00:00;912.3499999999999;8.85;8.499999999999998;0.0;2025-11-20 19:00:00;3
20-11-2025;19:30:00;912.2;8.850000000000001;6.15;0.2;2025-11-20 19:30:00;3
20-11-2025;19:40:00;912.1666666666666;8.833333333333334;7.066666666666666;0.2;2025-11-20 19:40:00;3
20-11-2025;19:50:00;912.1;8.8;6.1000000000000005;0.2;2025-11-20 19:50:00;3
20-11-2025;20:00:00;912.0333333333333;8.733333333333333;4.8999999999999995;0.2;2025-11-20 20:00:00;3
20-11-2025;20:10:00;912.0;8.433333333333332;2.9;0.0;2025-11-20 20:10:00;3
20-11-2025;20:20:00;912.0333333333334;8.133333333333335;3.1;0.0;2025-11-20 20:20:00;3
20-11-2025;20:30:00;912.0666666666667;8.0;3.233333333333333;0.4;2025-11-20 20:30:00;3
20-11-2025;20:40:00;912.0333333333334;8.066666666666668;2.733333333333333;0.8;2025-11-20 20:40:00;3
20-11-2025;20:50:00;911.9666666666667;8.166666666666666;2.3000000000000003;0.8;2025-11-20 20:50:00;3
20-11-2025;21:00:00;911.9666666666667;8.166666666666666;2.1333333333333333;1.2;2025-11-20 21:00:00;3
20-11-2025;21:10:00;912.1;8.2;2.8333333333333335;0.4;2025-11-20 21:10:00;3
20-11-2025;21:20:00;912.2333333333332;8.2;3.6999999999999997;0.2;2025-11-20 21:20:00;3
20-11-2025;21:30:00;912.2666666666668;8.133333333333333;3.5999999999999996;0.0;2025-11-20 21:30:00;3
20-11-2025;21:40:00;912.2666666666668;8.1;3.4666666666666663;0.2;2025-11-20 21:40:00;3
20-11-2025;21:50:00;912.2333333333332;8.0;2.566666666666667;0.0;2025-11-20 21:50:00;3
20-11-2025;22:00:00;912.1999999999999;8.066666666666666;2.8666666666666667;0.2;2025-11-20 22:00:00;3
20-11-2025;22:10:00;912.1;8.066666666666668;2.6666666666666665;0.0;2025-11-20 22:10:00;3
20-11-2025;22:20:00;912.0;8.233333333333333;2.8000000000000003;0.0;2025-11-20 22:20:00;3
20-11-2025;22:30:00;911.95;8.25;2.45;0.0;2025-11-20 22:30:00;3
20-11-2025;23:20:00;911.6500000000001;8.55;6.85;0.4;2025-11-20 23:20:00;3
20-11-2025;23:30:00;911.6999999999999;8.433333333333332;5.433333333333334;1.0;2025-11-20 23:30:00;3
20-11-2025;23:40:00;911.7333333333332;8.200000000000001;3.733333333333334;0.8;2025-11-20 23:40:00;3
20-11-2025;23:50:00;911.8;8.0;1.8333333333333333;0.6;2025-11-20 23:50:00;3
21-11-2025;00:00:00;911.7666666666665;7.833333333333333;0.9666666666666668;0.2;2025-11-21 00:00:00;3
21-11-2025;00:10:00;911.7333333333335;7.666666666666667;0.6;0.6;2025-11-21 00:10:00;3
21-11-2025;00:20:00;911.6666666666666;7.566666666666666;0.0;0.4;2025-11-21 00:20:00;3
21-11-2025;00:30:00;911.5666666666667;7.466666666666666;0.3666666666666667;0.2;2025-11-21 00:30:00;3
21-11-2025;00:40:00;911.4333333333333;7.3999999999999995;0.8000000000000002;0.2;2025-11-21 00:40:00;3
21-11-2025;00:50:00;911.3333333333334;7.366666666666667;1.5333333333333334;0.0;2025-11-21 00:50:00;3
21-11-2025;01:00:00;911.3;7.366666666666667;1.7333333333333334;0.0;2025-11-21 01:00:00;3
21-11-2025;01:10:00;911.3;7.4;1.9500000000000002;0.0;2025-11-21 01:10:00;3
21-11-2025;02:00:00;911.05;7.25;0.25;0.2;2025-11-21 02:00:00;3
21-11-2025;02:10:00;911.0666666666666;7.166666666666667;0.5;0.0;2025-11-21 02:10:00;3
21-11-2025;02:20:00;911.1333333333333;7.033333333333334;0.6;0.0;2025-11-21 02:20:00;3
21-11-2025;02:30:00;911.1;6.966666666666666;1.1333333333333335;0.4;2025-11-21 02:30:00;3
21-11-2025;02:40:00;911.0;6.833333333333333;2.066666666666667;0.6;2025-11-21 02:40:00;3
21-11-2025;02:50:00;910.8333333333334;6.7;2.4;1.0;2025-11-21 02:50:00;3
21-11-2025;03:00:00;910.8000000000001;6.566666666666666;2.3000000000000003;0.6;2025-11-21 03:00:00;3
21-11-2025;03:10:00;910.8666666666667;6.533333333333334;1.8666666666666665;0.6;2025-11-21 03:10:00;3
21-11-2025;03:20:00;910.9666666666667;6.266666666666667;1.7000000000000002;0.8;2025-11-21 03:20:00;3
21-11-2025;03:30:00;910.9666666666666;5.8999999999999995;1.6333333333333335;0.6;2025-11-21 03:30:00;3
21-11-2025;03:40:00;910.9;5.533333333333334;1.1333333333333335;0.6;2025-11-21 03:40:00;3
21-11-2025;03:50:00;910.7999999999998;5.4;1.0000000000000002;0.4;2025-11-21 03:50:00;3
21-11-2025;04:00:00;910.7666666666668;5.433333333333334;0.9666666666666667;0.2;2025-11-21 04:00:00;3
21-11-2025;04:10:00;910.6999999999999;5.466666666666666;0.7999999999999999;0.4;2025-11-21 04:10:00;3
21-11-2025;04:20:00;910.6333333333333;5.533333333333334;0.7333333333333334;0.2;2025-11-21 04:20:00;3
21-11-2025;04:30:00;910.4333333333334;5.566666666666666;0.8666666666666667;0.2;2025-11-21 04:30:00;3
21-11-2025;04:40:00;910.3000000000001;5.566666666666666;1.0999999999999999;0.0;2025-11-21 04:40:00;3
21-11-2025;04:50:00;910.1;5.533333333333332;1.1333333333333333;0.2;2025-11-21 04:50:00;3
21-11-2025;05:00:00;910.0333333333333;5.566666666666667;0.6666666666666666;0.0;2025-11-21 05:00:00;3
21-11-2025;05:10:00;909.9666666666667;5.666666666666667;0.2666666666666668;0.0;2025-11-21 05:10:00;3
21-11-2025;05:20:00;910.0;5.75;0.0;0.0;2025-11-21 05:20:00;3
21-11-2025;08:30:00;911.2;6.1;0.0;0.2;2025-11-21 08:30:00;3
21-11-2025;08:40:00;911.2;6.033333333333334;0.3;0.4;2025-11-21 08:40:00;3
21-11-2025;08:50:00;911.2;5.900000000000001;0.7666666666666666;0.4;2025-11-21 08:50:00;3
21-11-2025;09:00:00;911.2;5.833333333333333;0.9666666666666667;0.6;2025-11-21 09:00:00;3
21-11-2025;09:10:00;911.1666666666666;5.8;1.3;0.2;2025-11-21 09:10:00;3
21-11-2025;09:20:00;911.1999999999999;5.8;1.2333333333333334;0.2;2025-11-21 09:20:00;3
21-11-2025;09:30:00;911.3000000000001;5.833333333333333;1.5;0.2;2025-11-21 09:30:00;3
21-11-2025;09:40:00;911.4333333333334;5.8;1.1666666666666667;0.4;2025-11-21 09:40:00;3
21-11-2025;09:50:00;911.5666666666666;5.766666666666667;0.7666666666666666;0.0;2025-11-21 09:50:00;3
21-11-2025;10:00:00;911.6;5.666666666666667;0.3;0.2;2025-11-21 10:00:00;3
21-11-2025;10:10:00;911.6666666666666;5.666666666666667;0.0;0.2;2025-11-21 10:10:00;3
21-11-2025;10:20:00;911.6;5.666666666666667;0.0;0.6;2025-11-21 10:20:00;3
21-11-2025;10:30:00;911.6;5.733333333333333;0.0;0.2;2025-11-21 10:30:00;3
21-11-2025;10:40:00;911.5;5.966666666666666;0.26666666666666666;0.0;2025-11-21 10:40:00;3
21-11-2025;10:50:00;911.4666666666667;6.266666666666667;0.43333333333333335;0.2;2025-11-21 10:50:00;3
21-11-2025;11:00:00;911.3666666666667;6.533333333333334;0.6;0.0;2025-11-21 11:00:00;3
21-11-2025;11:10:00;911.3666666666667;6.633333333333333;0.7333333333333334;0.0;2025-11-21 11:10:00;3
21-11-2025;11:20:00;911.3499999999999;6.6499999999999995;0.8500000000000001;0.0;2025-11-21 11:20:00;3
21-11-2025;13:10:00;911.1500000000001;6.1;0.0;0.2;2025-11-21 13:10:00;3
21-11-2025;13:20:00;911.1666666666666;6.133333333333333;0.0;0.0;2025-11-21 13:20:00;3
21-11-2025;13:30:00;911.1666666666666;6.166666666666667;0.2333333333333333;0.0;2025-11-21 13:30:00;3
21-11-2025;13:40:00;911.1499999999999;6.2;0.35;0.0;2025-11-21 13:40:00;3
21-11-2025;14:00:00;911.05;6.1;0.4;0.2;2025-11-21 14:00:00;3
21-11-2025;14:10:00;911.0333333333333;6.066666666666666;0.26666666666666666;0.0;2025-11-21 14:10:00;3
21-11-2025;14:20:00;911.1;6.0;0.26666666666666666;0.0;2025-11-21 14:20:00;3
21-11-2025;14:30:00;911.0500000000002;5.95;0.0;0.0;2025-11-21 14:30:00;3
21-11-2025;17:10:00;911.8499999999999;5.25;0.0;0.2;2025-11-21 17:10:00;3
21-11-2025;17:20:00;911.9;5.266666666666667;0.0;0.0;2025-11-21 17:20:00;3
21-11-2025;17:30:00;911.9;5.266666666666667;0.0;0.0;2025-11-21 17:30:00;3
21-11-2025;17:40:00;911.8999999999999;5.3;0.0;0.0;2025-11-21 17:40:00;3
21-11-2025;19:50:00;911.6500000000001;6.0;2.2;0.2;2025-11-21 19:50:00;3
21-11-2025;20:00:00;911.6;6.033333333333334;2.0;0.0;2025-11-21 20:00:00;3
21-11-2025;20:10:00;911.6;5.966666666666666;1.2666666666666666;0.0;2025-11-21 20:10:00;3
21-11-2025;20:20:00;911.6000000000001;5.949999999999999;1.0499999999999998;0.0;2025-11-21 20:20:00;3
21-11-2025;20:40:00;912.2;4.9;1.7000000000000002;0.6;2025-11-21 20:40:00;3
21-11-2025;20:50:00;912.1666666666666;4.866666666666666;1.7;1.0;2025-11-21 20:50:00;3
21-11-2025;21:00:00;912.1;4.766666666666667;1.4000000000000001;0.8;2025-11-21 21:00:00;3
21-11-2025;21:10:00;912.0;4.699999999999999;1.1666666666666667;0.4;2025-11-21 21:10:00;3
21-11-2025;21:20:00;911.8833333333333;4.633333333333333;0.6;0.2;2025-11-21 21:20:00;3
21-11-2025;21:30:00;911.75;4.6;0.3;0.2;2025-11-21 21:30:00;3
21-11-2025;21:40:00;911.7166666666667;4.6;0.0;0.2;2025-11-21 21:40:00;3
21-11-2025;21:50:00;911.6999999999999;4.6;0.3666666666666667;0.2;2025-11-21 21:50:00;3
21-11-2025;22:00:00;911.7333333333335;4.533333333333332;0.9;0.2;2025-11-21 22:00:00;3
21-11-2025;22:10:00;911.6833333333334;4.466666666666668;1.3666666666666665;0.0;2025-11-21 22:10:00;3
21-11-2025;22:20:00;911.6500000000001;4.366666666666666;1.3666666666666665;0.2;2025-11-21 22:20:00;3
21-11-2025;22:30:00;911.6166666666667;4.366666666666666;1.1666666666666667;0.0;2025-11-21 22:30:00;3
21-11-2025;22:40:00;911.6333333333333;4.466666666666666;0.7000000000000001;0.2;2025-11-21 22:40:00;3
21-11-2025;22:50:00;911.6666666666666;4.666666666666667;1.0333333333333334;0.4;2025-11-21 22:50:00;3
21-11-2025;23:00:00;911.6666666666666;4.833333333333333;1.6000000000000003;0.2;2025-11-21 23:00:00;3
21-11-2025;23:10:00;911.6333333333333;5.000000000000001;2.466666666666667;0.2;2025-11-21 23:10:00;3
21-11-2025;23:20:00;911.6;5.066666666666667;2.4333333333333336;0.0;2025-11-21 23:20:00;3
21-11-2025;23:30:00;911.5666666666666;5.133333333333334;2.233333333333333;0.0;2025-11-21 23:30:00;3
21-11-2025;23:40:00;911.5333333333334;5.1;2.033333333333333;0.2;2025-11-21 23:40:00;3
21-11-2025;23:50:00;911.4333333333334;5.1;2.266666666666667;0.0;2025-11-21 23:50:00;3
22-11-2025;00:00:00;911.3666666666667;5.066666666666666;3.0;0.0;2025-11-22 00:00:00;3
22-11-2025;00:10:00;911.3;5.05;3.5;0.0;2025-11-22 00:10:00;3
22-11-2025;01:50:00;910.5;5.3;2.25;0.2;2025-11-22 01:50:00;3
22-11-2025;02:00:00;910.5666666666666;5.2;1.9666666666666668;0.2;2025-11-22 02:00:00;3
22-11-2025;02:10:00;910.6666666666666;4.966666666666667;1.5999999999999999;0.2;2025-11-22 02:10:00;3
22-11-2025;02:20:00;910.9333333333334;4.666666666666667;1.4666666666666668;0.6;2025-11-22 02:20:00;3
22-11-2025;02:30:00;911.1999999999999;3.9333333333333336;1.9666666666666668;0.8;2025-11-22 02:30:00;3
22-11-2025;02:40:00;911.4666666666667;3.233333333333333;2.066666666666667;1.8;2025-11-22 02:40:00;3
22-11-2025;02:50:00;911.4;2.6;1.9000000000000001;1.0;2025-11-22 02:50:00;3
22-11-2025;03:00:00;911.1;2.8666666666666667;1.8999999999999997;0.6;2025-11-22 03:00:00;3
22-11-2025;03:10:00;910.8000000000001;3.4;2.466666666666667;0.6;2025-11-22 03:10:00;3
22-11-2025;03:20:00;910.7333333333332;3.8333333333333335;2.8666666666666667;0.2;2025-11-22 03:20:00;3
22-11-2025;03:30:00;910.8666666666668;3.766666666666666;2.766666666666666;0.0;2025-11-22 03:30:00;3
22-11-2025;03:40:00;910.9666666666666;3.533333333333333;2.533333333333333;0.0;2025-11-22 03:40:00;3
22-11-2025;03:50:00;911.0;3.4;2.6;0.0;2025-11-22 03:50:00;3
22-11-2025;05:40:00;911.55;3.9;1.85;0.2;2025-11-22 05:40:00;3
22-11-2025;05:50:00;911.6333333333333;3.9333333333333336;1.5333333333333334;0.0;2025-11-22 05:50:00;3
22-11-2025;06:00:00;911.6999999999999;3.9;1.4000000000000001;0.0;2025-11-22 06:00:00;3
22-11-2025;06:10:00;911.8;3.9;1.3;0.0;2025-11-22 06:10:00;3
22-11-2025;07:50:00;912.5;2.85;1.25;0.8;2025-11-22 07:50:00;3
22-11-2025;08:00:00;912.5333333333333;2.9;0.8333333333333334;0.2;2025-11-22 08:00:00;3
22-11-2025;08:10:00;912.5333333333333;3.0;0.6999999999999998;0.2;2025-11-22 08:10:00;3
22-11-2025;08:20:00;912.4666666666667;2.9333333333333336;0.8333333333333334;0.0;2025-11-22 08:20:00;3
22-11-2025;08:30:00;912.4333333333334;2.9;1.2333333333333334;0.2;2025-11-22 08:30:00;3
22-11-2025;08:40:00;912.4333333333334;2.9;1.3666666666666665;0.0;2025-11-22 08:40:00;3
22-11-2025;08:50:00;912.4666666666666;2.9;1.2;0.2;2025-11-22 08:50:00;3
22-11-2025;09:00:00;912.4;2.933333333333333;1.4333333333333336;0.0;2025-11-22 09:00:00;3
22-11-2025;09:10:00;912.3666666666667;3.1;1.5;0.0;2025-11-22 09:10:00;3
22-11-2025;09:20:00;912.35;3.2;1.6;0.0;2025-11-22 09:20:00;3
22-11-2025;10:00:00;913.3;2.85;0.6499999999999999;0.4;2025-11-22 10:00:00;3
22-11-2025;10:10:00;913.3666666666667;2.766666666666667;0.6666666666666666;0.4;2025-11-22 10:10:00;3
22-11-2025;10:20:00;913.4333333333334;2.466666666666667;1.1666666666666667;0.2;2025-11-22 10:20:00;3
22-11-2025;10:30:00;913.5;2.2333333333333334;1.2000000000000002;0.8;2025-11-22 10:30:00;3
22-11-2025;10:40:00;913.5;2.033333333333333;1.7333333333333334;0.4;2025-11-22 10:40:00;3
22-11-2025;10:50:00;913.5;2.033333333333333;1.8;0.2;2025-11-22 10:50:00;3
22-11-2025;11:00:00;913.4666666666667;1.9333333333333333;2.2333333333333334;0.4;2025-11-22 11:00:00;3
22-11-2025;11:10:00;913.4666666666667;1.7666666666666666;2.066666666666667;0.2;2025-11-22 11:10:00;3
22-11-2025;11:20:00;913.4666666666667;1.4000000000000001;1.9333333333333336;0.2;2025-11-22 11:20:00;3
22-11-2025;11:30:00;913.3666666666667;1.0;2.033333333333333;0.6;2025-11-22 11:30:00;3
22-11-2025;11:40:00;913.2333333333332;0.6666666666666666;2.3333333333333335;0.4;2025-11-22 11:40:00;3
22-11-2025;11:50:00;913.1;0.7999999999999999;2.066666666666667;0.2;2025-11-22 11:50:00;3
22-11-2025;12:00:00;913.0666666666667;1.2666666666666666;1.7000000000000002;0.2;2025-11-22 12:00:00;3
22-11-2025;12:10:00;913.0333333333333;1.7333333333333332;1.6000000000000003;0.2;2025-11-22 12:10:00;3
22-11-2025;12:20:00;913.0666666666666;2.1666666666666665;1.666666666666667;0.2;2025-11-22 12:20:00;3
22-11-2025;12:30:00;913.0333333333334;2.233333333333333;1.7666666666666668;0.4;2025-11-22 12:30:00;3
22-11-2025;12:40:00;913.0;2.1;1.2666666666666668;0.4;2025-11-22 12:40:00;3
22-11-2025;12:50:00;912.9333333333334;1.8333333333333333;1.6000000000000003;0.2;2025-11-22 12:50:00;3
22-11-2025;13:00:00;912.9;1.7;1.8333333333333333;0.4;2025-11-22 13:00:00;3
22-11-2025;13:10:00;912.9333333333333;1.7666666666666666;1.9666666666666668;0.2;2025-11-22 13:10:00;3
22-11-2025;13:20:00;912.9333333333334;1.5666666666666667;1.8666666666666665;0.2;2025-11-22 13:20:00;3
22-11-2025;13:30:00;912.8666666666667;1.3999999999999997;2.0;0.4;2025-11-22 13:30:00;3
22-11-2025;13:40:00;912.6999999999999;1.2;2.3333333333333335;0.4;2025-11-22 13:40:00;3
22-11-2025;13:50:00;912.5666666666666;1.1333333333333333;2.5333333333333337;0.4;2025-11-22 13:50:00;3
22-11-2025;14:00:00;912.5333333333333;1.0333333333333334;2.1666666666666665;0.4;2025-11-22 14:00:00;3
22-11-2025;14:10:00;912.6;0.9666666666666668;2.1333333333333333;0.4;2025-11-22 14:10:00;3
22-11-2025;14:20:00;912.7333333333332;0.7666666666666666;1.666666666666667;0.6;2025-11-22 14:20:00;3
22-11-2025;14:30:00;912.9000000000001;0.7333333333333334;1.6000000000000003;0.2;2025-11-22 14:30:00;3
22-11-2025;14:40:00;913.0666666666666;0.7333333333333334;0.8666666666666668;0.6;2025-11-22 14:40:00;3
22-11-2025;14:50:00;913.1999999999999;0.8333333333333334;0.4666666666666668;0.4;2025-11-22 14:50:00;3
22-11-2025;15:00:00;913.3000000000001;0.7000000000000001;0.0;0.2;2025-11-22 15:00:00;3
22-11-2025;15:10:00;913.3333333333334;0.5666666666666668;0.7333333333333335;0.0;2025-11-22 15:10:00;3
22-11-2025;15:20:00;913.3000000000001;0.4666666666666666;1.566666666666667;0.0;2025-11-22 15:20:00;3
22-11-2025;15:30:00;913.1999999999999;0.5333333333333333;2.4000000000000004;0.0;2025-11-22 15:30:00;3
22-11-2025;15:40:00;913.1666666666666;0.6666666666666666;2.6666666666666665;0.4;2025-11-22 15:40:00;3
22-11-2025;15:50:00;913.1333333333333;0.8333333333333334;2.766666666666667;0.4;2025-11-22 15:50:00;3
22-11-2025;16:00:00;913.1333333333333;1.0666666666666667;2.8333333333333335;0.2;2025-11-22 16:00:00;3
22-11-2025;16:10:00;913.0666666666666;1.1666666666666667;2.7000000000000006;0.0;2025-11-22 16:10:00;3
22-11-2025;16:20:00;913.1333333333333;1.3666666666666665;2.1;0.2;2025-11-22 16:20:00;3
22-11-2025;16:30:00;913.2666666666668;1.4666666666666668;1.4666666666666668;0.2;2025-11-22 16:30:00;3
22-11-2025;16:40:00;913.4;1.4333333333333336;1.0000000000000002;0.0;2025-11-22 16:40:00;3
22-11-2025;16:50:00;913.4333333333333;1.5;0.9666666666666668;0.0;2025-11-22 16:50:00;3
22-11-2025;17:00:00;913.4;1.45;1.0500000000000003;0.0;2025-11-22 17:00:00;3
22-11-2025;17:50:00;913.2;1.65;1.7000000000000002;0.2;2025-11-22 17:50:00;3
22-11-2025;18:00:00;913.2333333333332;1.5333333333333332;1.8;0.0;2025-11-22 18:00:00;3
22-11-2025;18:10:00;913.2666666666668;1.7333333333333334;1.6666666666666667;0.0;2025-11-22 18:10:00;3
22-11-2025;18:20:00;913.3;1.75;1.4;0.0;2025-11-22 18:20:00;3
23-11-2025;05:50:00;916.75;2.7;1.3;0.2;2025-11-23 05:50:00;3
23-11-2025;06:00:00;916.8333333333334;2.6333333333333333;0.8666666666666666;0.0;2025-11-23 06:00:00;3
23-11-2025;06:10:00;916.9333333333334;2.6;1.3;0.0;2025-11-23 06:10:00;3
23-11-2025;06:20:00;917.0666666666666;2.4333333333333336;1.2999999999999998;0.0;2025-11-23 06:20:00;3
23-11-2025;06:30:00;917.1333333333333;2.4;2.033333333333333;0.2;2025-11-23 06:30:00;3
23-11-2025;06:40:00;917.2666666666668;2.3666666666666667;2.0;0.0;2025-11-23 06:40:00;3
23-11-2025;06:50:00;917.3333333333334;2.333333333333333;1.8999999999999997;0.0;2025-11-23 06:50:00;3
23-11-2025;07:00:00;917.4666666666667;2.3;1.7333333333333332;0.0;2025-11-23 07:00:00;3
23-11-2025;07:10:00;917.5666666666666;2.2666666666666666;1.4666666666666661;0.2;2025-11-23 07:10:00;3
23-11-2025;07:20:00;917.7333333333332;2.2666666666666666;1.5333333333333332;0.0;2025-11-23 07:20:00;3
23-11-2025;07:30:00;917.8666666666668;2.2666666666666666;1.1666666666666663;0.0;2025-11-23 07:30:00;3
23-11-2025;07:40:00;918.0;2.3;1.5666666666666664;0.2;2025-11-23 07:40:00;3
23-11-2025;07:50:00;918.1;2.4;1.633333333333333;0.0;2025-11-23 07:50:00;3
23-11-2025;08:00:00;918.1999999999999;2.533333333333333;1.633333333333333;0.0;2025-11-23 08:00:00;3
23-11-2025;08:10:00;918.3000000000001;2.733333333333333;0.9999999999999997;0.0;2025-11-23 08:10:00;3
23-11-2025;08:20:00;918.4;2.8333333333333335;0.7333333333333331;0.2;2025-11-23 08:20:00;3
23-11-2025;08:30:00;918.4666666666667;2.9;0.8666666666666663;0.0;2025-11-23 08:30:00;3
23-11-2025;08:40:00;918.5666666666666;2.9;1.3666666666666665;0.2;2025-11-23 08:40:00;3
23-11-2025;08:50:00;918.6666666666666;2.8333333333333335;1.5666666666666664;0.0;2025-11-23 08:50:00;3
23-11-2025;09:00:00;918.7666666666668;2.9333333333333336;1.5999999999999999;0.0;2025-11-23 09:00:00;3
23-11-2025;09:10:00;918.8333333333334;3.0666666666666664;1.5666666666666664;0.2;2025-11-23 09:10:00;3
23-11-2025;09:20:00;918.9;3.3000000000000003;1.8999999999999997;0.0;2025-11-23 09:20:00;3
23-11-2025;09:30:00;919.0;3.433333333333333;2.3666666666666667;0.2;2025-11-23 09:30:00;3
23-11-2025;09:40:00;919.0666666666666;3.5333333333333337;2.1333333333333333;0.0;2025-11-23 09:40:00;3
23-11-2025;09:50:00;919.1;3.6666666666666665;2.1999999999999997;0.0;2025-11-23 09:50:00;3
23-11-2025;10:00:00;919.1;3.7;2.05;0.0;2025-11-23 10:00:00;3
24-11-2025;06:40:00;919.4;6.550000000000001;5.85;0.2;2025-11-24 06:40:00;3
24-11-2025;06:50:00;919.3666666666667;6.666666666666667;4.7;0.2;2025-11-24 06:50:00;3
24-11-2025;07:00:00;919.3666666666667;6.966666666666666;3.6333333333333333;0.0;2025-11-24 07:00:00;3
24-11-2025;07:10:00;919.3666666666667;7.2;3.733333333333333;0.0;2025-11-24 07:10:00;3
24-11-2025;07:20:00;919.4333333333334;7.333333333333333;4.933333333333334;0.2;2025-11-24 07:20:00;3
24-11-2025;07:30:00;919.4333333333333;7.333333333333333;4.866666666666667;0.0;2025-11-24 07:30:00;3
24-11-2025;07:40:00;919.4666666666667;7.333333333333333;4.5;0.0;2025-11-24 07:40:00;3
24-11-2025;07:50:00;919.45;7.35;3.75;0.0;2025-11-24 07:50:00;3
24-11-2025;08:20:00;919.5;7.5;4.05;0.2;2025-11-24 08:20:00;3
24-11-2025;08:30:00;919.5333333333333;7.6000000000000005;3.533333333333333;0.2;2025-11-24 08:30:00;3
24-11-2025;08:40:00;919.5333333333333;7.766666666666667;2.533333333333333;0.0;2025-11-24 08:40:00;3
24-11-2025;08:50:00;919.5333333333333;7.933333333333334;3.6;0.0;2025-11-24 08:50:00;3
24-11-2025;09:00:00;919.5;8.0;4.15;0.0;2025-11-24 09:00:00;3
24-11-2025;12:00:00;918.2;8.8;3.25;0.2;2025-11-24 12:00:00;3
24-11-2025;12:10:00;918.1;8.700000000000001;3.3666666666666667;0.0;2025-11-24 12:10:00;3
24-11-2025;12:20:00;917.9;8.566666666666668;2.5;0.2;2025-11-24 12:20:00;3
24-11-2025;12:30:00;917.7000000000002;8.566666666666665;3.033333333333333;0.0;2025-11-24 12:30:00;3
24-11-2025;12:40:00;917.5;8.799999999999999;2.966666666666667;0.0;2025-11-24 12:40:00;3
24-11-2025;12:50:00;917.4;8.95;2.95;0.0;2025-11-24 12:50:00;3
24-11-2025;14:10:00;915.95;8.2;4.6;0.4;2025-11-24 14:10:00;3
24-11-2025;14:20:00;915.9666666666667;8.166666666666666;4.3;0.6;2025-11-24 14:20:00;3
24-11-2025;14:30:00;916.0333333333333;8.033333333333333;4.066666666666667;1.0;2025-11-24 14:30:00;3
24-11-2025;14:40:00;916.0333333333334;8.066666666666668;3.766666666666667;1.0;2025-11-24 14:40:00;3
24-11-2025;14:50:00;916.0666666666667;8.033333333333333;4.933333333333334;0.8;2025-11-24 14:50:00;3
24-11-2025;15:00:00;916.0666666666667;8.133333333333333;5.433333333333334;2.6;2025-11-24 15:00:00;3
24-11-2025;15:10:00;916.0;8.233333333333333;6.433333333333334;0.2;2025-11-24 15:10:00;3
24-11-2025;15:20:00;915.9;8.4;4.866666666666667;0.2;2025-11-24 15:20:00;3
24-11-2025;15:30:00;915.7666666666668;8.433333333333332;6.1000000000000005;0.6;2025-11-24 15:30:00;3
24-11-2025;15:40:00;915.6999999999999;8.533333333333333;5.233333333333333;0.4;2025-11-24 15:40:00;3
24-11-2025;15:50:00;915.6999999999999;8.533333333333333;7.533333333333334;1.2;2025-11-24 15:50:00;3
24-11-2025;16:00:00;915.7666666666668;8.466666666666667;7.333333333333333;0.6;2025-11-24 16:00:00;3
24-11-2025;16:10:00;915.7666666666665;8.399999999999999;7.333333333333335;0.6;2025-11-24 16:10:00;3
24-11-2025;16:20:00;915.6666666666666;8.399999999999999;4.933333333333334;0.2;2025-11-24 16:20:00;3
24-11-2025;16:30:00;915.6;8.5;3.933333333333334;0.2;2025-11-24 16:30:00;3
24-11-2025;16:40:00;915.4666666666667;8.533333333333333;4.666666666666667;0.2;2025-11-24 16:40:00;3
24-11-2025;16:50:00;915.4666666666667;8.533333333333333;6.833333333333333;0.2;2025-11-24 16:50:00;3
24-11-2025;17:00:00;915.4333333333334;8.466666666666667;6.466666666666666;0.2;2025-11-24 17:00:00;3
24-11-2025;17:10:00;915.5;8.366666666666667;6.366666666666667;0.4;2025-11-24 17:10:00;3
24-11-2025;17:20:00;915.4666666666667;8.333333333333334;7.5;0.4;2025-11-24 17:20:00;3
24-11-2025;17:30:00;915.4666666666667;8.4;6.366666666666666;0.2;2025-11-24 17:30:00;3
24-11-2025;17:40:00;915.4666666666667;8.466666666666667;5.400000000000001;0.0;2025-11-24 17:40:00;3
24-11-2025;17:50:00;915.5333333333333;8.566666666666668;3.1;0.6;2025-11-24 17:50:00;3
24-11-2025;18:00:00;915.5;8.6;4.866666666666667;0.2;2025-11-24 18:00:00;3
24-11-2025;18:10:00;915.5666666666666;8.633333333333333;5.633333333333333;1.0;2025-11-24 18:10:00;3
24-11-2025;18:20:00;915.6;8.566666666666668;5.633333333333334;0.8;2025-11-24 18:20:00;3
24-11-2025;18:30:00;915.6;8.533333333333333;5.266666666666667;0.2;2025-11-24 18:30:00;3
24-11-2025;18:40:00;915.4666666666667;8.5;5.233333333333333;0.0;2025-11-24 18:40:00;3
24-11-2025;18:50:00;915.3333333333334;8.5;6.033333333333334;0.6;2025-11-24 18:50:00;3
24-11-2025;19:00:00;915.2333333333332;8.466666666666667;5.699999999999999;1.2;2025-11-24 19:00:00;3
24-11-2025;19:10:00;915.2333333333332;8.433333333333332;5.866666666666667;0.0;2025-11-24 19:10:00;3
24-11-2025;19:20:00;915.1333333333333;8.4;4.5;0.0;2025-11-24 19:20:00;3
24-11-2025;19:30:00;915.1500000000001;8.4;4.550000000000001;0.0;2025-11-24 19:30:00;3
24-11-2025;20:40:00;914.8;8.0;3.8;0.2;2025-11-24 20:40:00;3
24-11-2025;20:50:00;914.7666666666668;8.0;3.8666666666666667;0.0;2025-11-24 20:50:00;3
24-11-2025;21:00:00;914.5666666666666;8.033333333333333;3.733333333333333;0.0;2025-11-24 21:00:00;3
24-11-2025;21:10:00;914.5;8.05;4.05;0.0;2025-11-24 21:10:00;3
24-11-2025;22:00:00;914.25;7.8;4.2;0.2;2025-11-24 22:00:00;3
24-11-2025;22:10:00;914.1999999999999;7.8;4.8999999999999995;0.2;2025-11-24 22:10:00;3
24-11-2025;22:20:00;914.1666666666666;7.833333333333333;2.6999999999999997;0.0;2025-11-24 22:20:00;3
24-11-2025;22:30:00;914.0666666666666;7.866666666666667;3.766666666666666;0.2;2025-11-24 22:30:00;3
24-11-2025;22:40:00;914.0;7.9;3.233333333333333;0.2;2025-11-24 22:40:00;3
24-11-2025;22:50:00;913.9666666666667;7.9;5.5;0.2;2025-11-24 22:50:00;3
24-11-2025;23:00:00;913.9333333333334;7.933333333333334;7.5;0.0;2025-11-24 23:00:00;3
24-11-2025;23:10:00;913.7999999999998;7.966666666666668;7.2;0.0;2025-11-24 23:10:00;3
24-11-2025;23:20:00;913.6999999999998;8.0;7.2;0.0;2025-11-24 23:20:00;3
25-11-2025;02:20:00;911.6500000000001;8.8;5.35;0.2;2025-11-25 02:20:00;3
25-11-2025;02:30:00;911.5666666666666;8.866666666666667;5.533333333333334;0.2;2025-11-25 02:30:00;3
25-11-2025;02:40:00;911.5;8.933333333333334;6.633333333333334;0.2;2025-11-25 02:40:00;3
25-11-2025;02:50:00;911.4;8.9;6.300000000000001;0.6;2025-11-25 02:50:00;3
25-11-2025;03:00:00;911.3666666666667;8.833333333333334;6.933333333333334;0.2;2025-11-25 03:00:00;3
25-11-2025;03:10:00;911.3;8.833333333333334;5.666666666666667;0.0;2025-11-25 03:10:00;3
25-11-2025;03:20:00;911.3;8.9;7.433333333333334;0.0;2025-11-25 03:20:00;3
25-11-2025;03:30:00;911.1999999999999;8.9;7.7;0.2;2025-11-25 03:30:00;3
25-11-2025;03:40:00;911.0666666666666;8.833333333333334;7.3;0.2;2025-11-25 03:40:00;3
25-11-2025;03:50:00;910.9333333333334;8.8;5.733333333333333;0.2;2025-11-25 03:50:00;3
25-11-2025;04:00:00;910.8333333333334;8.833333333333334;5.366666666666667;0.2;2025-11-25 04:00:00;3
25-11-2025;04:10:00;910.7333333333332;8.966666666666667;6.333333333333333;0.0;2025-11-25 04:10:00;3
25-11-2025;04:20:00;910.5666666666666;9.0;7.033333333333334;0.4;2025-11-25 04:20:00;3
25-11-2025;04:30:00;910.4666666666667;9.033333333333333;6.8999999999999995;0.0;2025-11-25 04:30:00;3
25-11-2025;04:40:00;910.3666666666667;9.033333333333333;6.633333333333334;0.4;2025-11-25 04:40:00;3
25-11-2025;04:50:00;910.1999999999999;9.066666666666666;7.0;0.4;2025-11-25 04:50:00;3
25-11-2025;05:00:00;910.1333333333332;9.1;7.7;0.2;2025-11-25 05:00:00;3
25-11-2025;05:10:00;910.0;9.133333333333333;7.333333333333333;0.2;2025-11-25 05:10:00;3
25-11-2025;05:20:00;909.9666666666667;9.166666666666666;6.3999999999999995;0.2;2025-11-25 05:20:00;3
25-11-2025;05:30:00;909.8333333333334;9.233333333333333;4.8999999999999995;0.4;2025-11-25 05:30:00;3
25-11-2025;05:40:00;909.7666666666665;9.266666666666667;5.666666666666667;0.8;2025-11-25 05:40:00;3
25-11-2025;05:50:00;909.7333333333335;9.333333333333334;5.3;0.8;2025-11-25 05:50:00;3
25-11-2025;06:00:00;909.7666666666668;9.366666666666667;5.8999999999999995;1.6;2025-11-25 06:00:00;3
25-11-2025;06:10:00;909.6666666666666;9.433333333333332;5.833333333333333;1.2;2025-11-25 06:10:00;3
25-11-2025;06:20:00;909.6666666666666;9.333333333333334;7.3;1.0;2025-11-25 06:20:00;3
25-11-2025;06:30:00;909.5666666666666;9.266666666666667;7.466666666666666;0.2;2025-11-25 06:30:00;3
25-11-2025;06:40:00;909.5666666666666;9.299999999999999;7.266666666666667;0.0;2025-11-25 06:40:00;3
25-11-2025;06:50:00;909.4000000000001;9.533333333333333;6.733333333333333;0.6;2025-11-25 06:50:00;3
25-11-2025;07:00:00;909.2333333333332;9.700000000000001;5.6000000000000005;0.4;2025-11-25 07:00:00;3
25-11-2025;07:10:00;909.1666666666666;9.766666666666666;4.866666666666666;0.2;2025-11-25 07:10:00;3
25-11-2025;07:20:00;909.1666666666666;9.933333333333335;4.666666666666667;0.2;2025-11-25 07:20:00;3
25-11-2025;07:30:00;909.1333333333333;10.066666666666666;4.666666666666667;0.0;2025-11-25 07:30:00;3
25-11-2025;07:40:00;909.1333333333333;10.066666666666666;5.633333333333333;0.0;2025-11-25 07:40:00;3
25-11-2025;07:50:00;909.1;9.95;5.549999999999999;0.0;2025-11-25 07:50:00;3
25-11-2025;08:10:00;909.1;10.2;4.6;0.2;2025-11-25 08:10:00;3
25-11-2025;08:20:00;909.1;10.266666666666666;4.566666666666666;0.0;2025-11-25 08:20:00;3
25-11-2025;08:30:00;909.1333333333333;10.333333333333334;3.6;0.0;2025-11-25 08:30:00;3
25-11-2025;08:40:00;909.15;10.4;3.9000000000000004;0.0;2025-11-25 08:40:00;3
25-11-2025;09:10:00;909.1500000000001;10.6;5.4;0.2;2025-11-25 09:10:00;3
25-11-2025;09:20:00;909.1333333333333;10.566666666666666;5.1000000000000005;0.0;2025-11-25 09:20:00;3
25-11-2025;09:30:00;909.0333333333334;10.299999999999999;5.533333333333334;0.0;2025-11-25 09:30:00;3
25-11-2025;09:40:00;909.1333333333332;10.066666666666668;6.8999999999999995;6.0;2025-11-25 09:40:00;3
25-11-2025;09:50:00;909.2333333333332;9.866666666666667;6.166666666666667;0.4;2025-11-25 09:50:00;3
25-11-2025;10:00:00;909.4333333333334;9.833333333333334;5.233333333333333;0.0;2025-11-25 10:00:00;3
25-11-2025;10:10:00;909.4333333333334;9.833333333333334;3.6999999999999997;0.2;2025-11-25 10:10:00;3
25-11-2025;10:20:00;909.4333333333333;9.8;4.500000000000001;0.0;2025-11-25 10:20:00;3
25-11-2025;10:30:00;909.3666666666667;9.8;3.9333333333333336;0.0;2025-11-25 10:30:00;3
25-11-2025;10:40:00;909.3;9.8;4.2;0.0;2025-11-25 10:40:00;3
25-11-2025;11:30:00;907.95;9.8;8.45;0.2;2025-11-25 11:30:00;3
25-11-2025;11:40:00;907.8166666666666;9.833333333333334;6.933333333333334;0.0;2025-11-25 11:40:00;3
25-11-2025;11:50:00;907.5500000000001;9.9;6.633333333333333;0.2;2025-11-25 11:50:00;3
25-11-2025;12:00:00;907.4499999999999;9.966666666666667;7.033333333333334;0.2;2025-11-25 12:00:00;3
25-11-2025;12:10:00;907.3666666666667;10.0;9.466666666666667;0.0;2025-11-25 12:10:00;3
25-11-2025;12:20:00;907.2333333333332;10.0;8.066666666666665;0.0;2025-11-25 12:20:00;3
25-11-2025;12:30:00;907.0999999999999;10.0;7.466666666666666;1.2;2025-11-25 12:30:00;3
25-11-2025;12:40:00;906.9000000000001;10.0;5.066666666666666;0.4;2025-11-25 12:40:00;3
25-11-2025;12:50:00;906.8000000000001;10.0;5.833333333333333;2.4;2025-11-25 12:50:00;3
25-11-2025;13:00:00;906.5666666666667;10.033333333333333;6.133333333333333;2.6;2025-11-25 13:00:00;3
25-11-2025;13:10:00;906.2999999999998;10.066666666666668;6.033333333333334;2.0;2025-11-25 13:10:00;3
25-11-2025;13:20:00;906.0333333333333;10.1;7.1000000000000005;3.0;2025-11-25 13:20:00;3
25-11-2025;13:30:00;905.7999999999998;10.1;5.466666666666668;3.6;2025-11-25 13:30:00;3
25-11-2025;13:40:00;905.6;10.133333333333333;7.133333333333334;5.2;2025-11-25 13:40:00;3
25-11-2025;13:50:00;905.4666666666667;10.166666666666666;5.9333333333333345;4.6;2025-11-25 13:50:00;3
25-11-2025;14:00:00;905.3000000000001;10.166666666666666;6.300000000000001;1.8;2025-11-25 14:00:00;3
25-11-2025;14:10:00;905.1666666666666;10.1;5.766666666666668;0.4;2025-11-25 14:10:00;3
25-11-2025;14:20:00;905.0;10.066666666666668;5.366666666666667;0.6;2025-11-25 14:20:00;3
25-11-2025;14:30:00;904.9333333333334;10.0;7.066666666666667;0.0;2025-11-25 14:30:00;3
25-11-2025;14:40:00;904.8666666666667;9.933333333333334;7.400000000000001;0.0;2025-11-25 14:40:00;3
25-11-2025;14:50:00;904.7666666666668;9.833333333333334;7.666666666666667;0.2;2025-11-25 14:50:00;3
25-11-2025;15:00:00;904.6999999999999;9.8;7.966666666666669;0.0;2025-11-25 15:00:00;3
25-11-2025;15:10:00;904.7000000000002;9.8;6.366666666666668;0.0;2025-11-25 15:10:00;3
25-11-2025;15:20:00;904.6999999999999;9.8;7.1333333333333355;0.4;2025-11-25 15:20:00;3
25-11-2025;15:30:00;904.6666666666666;9.833333333333334;6.766666666666668;0.4;2025-11-25 15:30:00;3
25-11-2025;15:40:00;904.7666666666668;9.866666666666667;7.0;1.8;2025-11-25 15:40:00;3
25-11-2025;15:50:00;904.7333333333335;9.933333333333334;6.166666666666668;1.6;2025-11-25 15:50:00;3
25-11-2025;16:00:00;904.5333333333333;10.0;5.333333333333335;3.8;2025-11-25 16:00:00;3
25-11-2025;16:10:00;904.4666666666666;9.966666666666667;5.500000000000001;0.6;2025-11-25 16:10:00;3
25-11-2025;16:20:00;904.5999999999999;9.766666666666667;5.633333333333334;1.8;2025-11-25 16:20:00;3
25-11-2025;16:30:00;904.9;9.500000000000002;4.733333333333334;3.0;2025-11-25 16:30:00;3
25-11-2025;16:40:00;905.0;9.333333333333334;4.4333333333333345;1.4;2025-11-25 16:40:00;3
25-11-2025;16:50:00;905.1;9.3;3.166666666666668;2.0;2025-11-25 16:50:00;3
25-11-2025;17:00:00;905.2333333333332;9.233333333333334;2.8666666666666676;0.8;2025-11-25 17:00:00;3
25-11-2025;17:10:00;905.3666666666667;9.133333333333333;4.400000000000001;1.6;2025-11-25 17:10:00;3
25-11-2025;17:20:00;905.4;9.033333333333333;5.533333333333334;0.6;2025-11-25 17:20:00;3
25-11-2025;17:30:00;905.4;9.033333333333333;5.600000000000001;0.6;2025-11-25 17:30:00;3
25-11-2025;17:40:00;905.3666666666667;9.066666666666668;4.133333333333334;0.8;2025-11-25 17:40:00;3
25-11-2025;17:50:00;905.4;9.066666666666668;3.400000000000001;1.0;2025-11-25 17:50:00;3
25-11-2025;18:00:00;905.3666666666667;9.033333333333333;2.666666666666668;0.6;2025-11-25 18:00:00;3
25-11-2025;18:10:00;905.2999999999998;8.966666666666667;2.4000000000000012;0.4;2025-11-25 18:10:00;3
25-11-2025;18:20:00;905.3000000000001;8.9;2.900000000000001;0.2;2025-11-25 18:20:00;3
25-11-2025;18:30:00;905.3333333333334;8.766666666666667;4.133333333333334;0.2;2025-11-25 18:30:00;3
25-11-2025;18:40:00;905.3333333333334;8.566666666666668;4.066666666666667;0.2;2025-11-25 18:40:00;3
25-11-2025;18:50:00;905.2999999999998;8.266666666666667;4.000000000000001;0.0;2025-11-25 18:50:00;3
25-11-2025;19:00:00;905.2666666666668;8.033333333333333;3.7333333333333343;0.0;2025-11-25 19:00:00;3
25-11-2025;19:10:00;905.3666666666667;7.966666666666666;3.900000000000001;0.2;2025-11-25 19:10:00;3
25-11-2025;19:20:00;905.5;8.033333333333333;3.6333333333333346;2.2;2025-11-25 19:20:00;3
25-11-2025;19:30:00;905.7666666666668;7.966666666666668;2.7333333333333347;3.0;2025-11-25 19:30:00;3
25-11-2025;19:40:00;906.0;7.7;3.0000000000000013;2.0;2025-11-25 19:40:00;3
25-11-2025;19:50:00;906.2333333333332;7.333333333333333;2.8333333333333353;3.0;2025-11-25 19:50:00;3
25-11-2025;20:00:00;906.3333333333334;7.033333333333334;3.066666666666668;1.6;2025-11-25 20:00:00;3
25-11-2025;20:10:00;906.4;6.866666666666667;3.1666666666666683;1.0;2025-11-25 20:10:00;3
25-11-2025;20:20:00;906.4333333333334;6.7;3.033333333333335;1.2;2025-11-25 20:20:00;3
25-11-2025;20:30:00;906.4666666666666;6.566666666666666;3.4666666666666686;0.8;2025-11-25 20:30:00;3
25-11-2025;20:40:00;906.5333333333333;6.466666666666666;2.4666666666666686;0.4;2025-11-25 20:40:00;3
25-11-2025;20:50:00;906.5666666666666;6.366666666666667;3.4666666666666686;0.4;2025-11-25 20:50:00;3
25-11-2025;21:00:00;906.6999999999999;6.133333333333333;3.1000000000000014;0.6;2025-11-25 21:00:00;3
25-11-2025;21:10:00;906.7666666666668;5.8999999999999995;3.3333333333333353;0.2;2025-11-25 21:10:00;3
25-11-2025;21:20:00;906.8333333333334;5.900000000000001;2.766666666666669;0.2;2025-11-25 21:20:00;3
25-11-2025;21:30:00;906.8666666666667;6.0;2.800000000000002;0.4;2025-11-25 21:30:00;3
25-11-2025;21:40:00;907.0;6.066666666666666;3.5666666666666687;0.4;2025-11-25 21:40:00;3
25-11-2025;21:50:00;907.1666666666666;5.966666666666666;3.800000000000002;0.4;2025-11-25 21:50:00;3
25-11-2025;22:00:00;907.3333333333334;5.866666666666667;3.8666666666666685;0.8;2025-11-25 22:00:00;3
25-11-2025;22:10:00;907.4333333333334;5.766666666666667;3.2000000000000015;1.0;2025-11-25 22:10:00;3
25-11-2025;22:20:00;907.4333333333333;5.7;1.8000000000000018;0.6;2025-11-25 22:20:00;3
25-11-2025;22:30:00;907.3333333333334;5.633333333333334;1.4666666666666686;0.4;2025-11-25 22:30:00;3
25-11-2025;22:40:00;907.2333333333332;5.633333333333333;1.3666666666666683;0.2;2025-11-25 22:40:00;3
25-11-2025;22:50:00;907.2;5.666666666666667;2.033333333333335;0.2;2025-11-25 22:50:00;3
25-11-2025;23:00:00;907.2166666666667;5.866666666666667;2.0666666666666687;0.0;2025-11-25 23:00:00;3
25-11-2025;23:10:00;907.25;6.0;2.466666666666668;0.0;2025-11-25 23:10:00;3
25-11-2025;23:20:00;907.2749999999999;6.1;2.700000000000003;0.0;2025-11-25 23:20:00;3
26-11-2025;00:20:00;907.5;6.6;3.55;0.4;2025-11-26 00:20:00;3
26-11-2025;00:30:00;907.4666666666667;6.633333333333333;3.1333333333333333;0.4;2025-11-26 00:30:00;3
26-11-2025;00:40:00;907.5;6.6000000000000005;3.8333333333333335;1.0;2025-11-26 00:40:00;3
26-11-2025;00:50:00;907.5333333333333;6.566666666666667;4.3;1.2;2025-11-26 00:50:00;3
26-11-2025;01:00:00;907.6666666666666;6.566666666666666;4.533333333333334;0.0;2025-11-26 01:00:00;3
26-11-2025;01:10:00;907.6666666666666;6.7;4.433333333333334;0.2;2025-11-26 01:10:00;3
26-11-2025;01:20:00;907.7000000000002;6.766666666666667;3.8000000000000007;0.0;2025-11-26 01:20:00;3
26-11-2025;01:30:00;907.6666666666666;6.733333333333333;4.533333333333334;0.0;2025-11-26 01:30:00;3
26-11-2025;01:40:00;907.7;6.699999999999999;4.450000000000001;0.0;2025-11-26 01:40:00;3
26-11-2025;03:30:00;908.3249999999999;6.6;2.1;0.2;2025-11-26 03:30:00;3
26-11-2025;03:40:00;908.3499999999999;6.533333333333334;2.1666666666666665;0.0;2025-11-26 03:40:00;3
26-11-2025;03:50:00;908.4499999999999;6.233333333333333;2.3666666666666667;0.0;2025-11-26 03:50:00;3
26-11-2025;04:00:00;908.5;6.05;2.0;0.0;2025-11-26 04:00:00;3
26-11-2025;08:30:00;909.95;5.85;4.7;0.2;2025-11-26 08:30:00;3
26-11-2025;08:40:00;909.9666666666667;5.599999999999999;4.066666666666666;0.4;2025-11-26 08:40:00;3
26-11-2025;08:50:00;910.0333333333333;5.566666666666666;3.3000000000000003;0.4;2025-11-26 08:50:00;3
26-11-2025;09:00:00;910.0166666666668;5.7;2.2666666666666666;0.2;2025-11-26 09:00:00;3
26-11-2025;09:10:00;910.0500000000001;5.933333333333334;2.3333333333333335;0.0;2025-11-26 09:10:00;3
26-11-2025;09:20:00;910.0833333333334;6.066666666666666;2.6333333333333333;0.2;2025-11-26 09:20:00;3
26-11-2025;09:30:00;910.1333333333333;6.266666666666667;2.2333333333333334;0.0;2025-11-26 09:30:00;3
26-11-2025;09:40:00;910.1999999999999;6.533333333333332;2.466666666666667;0.2;2025-11-26 09:40:00;3
26-11-2025;09:50:00;910.2333333333335;6.933333333333334;2.3000000000000003;0.0;2025-11-26 09:50:00;3
26-11-2025;10:00:00;910.2666666666665;7.233333333333333;2.5;0.0;2025-11-26 10:00:00;3
26-11-2025;10:10:00;910.25;7.550000000000001;1.9;0.0;2025-11-26 10:10:00;3
26-11-2025;15:00:00;909.1;6.45;1.25;0.2;2025-11-26 15:00:00;3
26-11-2025;15:10:00;909.1;6.366666666666667;1.0333333333333334;0.0;2025-11-26 15:10:00;3
26-11-2025;15:20:00;909.2333333333335;6.2;1.3333333333333333;0.2;2025-11-26 15:20:00;3
26-11-2025;15:30:00;909.4666666666667;5.766666666666667;1.7666666666666666;1.2;2025-11-26 15:30:00;3
26-11-2025;15:40:00;909.6666666666666;5.366666666666667;1.9666666666666668;3.0;2025-11-26 15:40:00;3
26-11-2025;15:50:00;909.7000000000002;5.0;1.2;1.6;2025-11-26 15:50:00;3
26-11-2025;16:00:00;909.6333333333333;4.8999999999999995;0.39999999999999997;0.8;2025-11-26 16:00:00;3
26-11-2025;16:10:00;909.6;4.866666666666666;0.0;0.4;2025-11-26 16:10:00;3
26-11-2025;16:20:00;909.6;4.833333333333333;0.19999999999999998;0.0;2025-11-26 16:20:00;3
26-11-2025;16:30:00;909.6;4.8999999999999995;0.5;0.0;2025-11-26 16:30:00;3
26-11-2025;16:40:00;909.5666666666666;4.966666666666666;1.0999999999999999;0.0;2025-11-26 16:40:00;3
26-11-2025;16:50:00;909.5333333333334;5.166666666666667;1.6333333333333335;0.2;2025-11-26 16:50:00;3
26-11-2025;17:00:00;909.5333333333333;5.266666666666667;1.8666666666666665;0.0;2025-11-26 17:00:00;3
26-11-2025;17:10:00;909.5;5.3999999999999995;1.7;0.0;2025-11-26 17:10:00;3
26-11-2025;17:20:00;909.5;5.466666666666666;1.3666666666666665;0.2;2025-11-26 17:20:00;3
26-11-2025;17:30:00;909.5;5.633333333333333;1.5;0.0;2025-11-26 17:30:00;3
26-11-2025;17:40:00;909.5;5.666666666666667;1.5333333333333332;0.0;2025-11-26 17:40:00;3
26-11-2025;17:50:00;909.4666666666667;5.833333333333333;2.0;0.2;2025-11-26 17:50:00;3
26-11-2025;18:00:00;909.3666666666667;5.866666666666666;1.7333333333333332;0.0;2025-11-26 18:00:00;3
26-11-2025;18:10:00;909.3000000000001;5.900000000000001;1.7999999999999998;0.0;2025-11-26 18:10:00;3
26-11-2025;18:20:00;909.25;5.800000000000001;1.3999999999999997;0.0;2025-11-26 18:20:00;3
26-11-2025;19:40:00;909.1500000000001;6.0;1.5;0.2;2025-11-26 19:40:00;3
26-11-2025;19:50:00;909.1666666666666;6.1000000000000005;1.2666666666666666;0.0;2025-11-26 19:50:00;3
26-11-2025;20:00:00;909.1999999999999;6.2;0.6999999999999998;0.0;2025-11-26 20:00:00;3
26-11-2025;20:10:00;909.25;6.3;0.3999999999999999;0.0;2025-11-26 20:10:00;3
26-11-2025;20:30:00;909.55;4.45;3.1;0.8;2025-11-26 20:30:00;3
26-11-2025;20:40:00;909.6;4.333333333333333;3.033333333333333;0.6;2025-11-26 20:40:00;3
26-11-2025;20:50:00;909.6666666666666;4.1000000000000005;3.1;1.0;2025-11-26 20:50:00;3
26-11-2025;21:00:00;909.7;3.933333333333333;2.533333333333333;0.4;2025-11-26 21:00:00;3
26-11-2025;21:10:00;909.7666666666668;3.733333333333333;2.3;0.6;2025-11-26 21:10:00;3
26-11-2025;21:20:00;909.8000000000001;3.6;2.1999999999999997;0.4;2025-11-26 21:20:00;3
26-11-2025;21:30:00;909.8333333333334;3.4;2.3333333333333335;0.4;2025-11-26 21:30:00;3
26-11-2025;21:40:00;909.8333333333334;3.3666666666666667;1.9333333333333336;0.4;2025-11-26 21:40:00;3
26-11-2025;21:50:00;909.8333333333334;3.4;1.4666666666666668;0.4;2025-11-26 21:50:00;3
26-11-2025;22:00:00;909.8333333333334;3.466666666666667;1.2666666666666666;0.4;2025-11-26 22:00:00;3
26-11-2025;22:10:00;909.7666666666665;3.5666666666666664;1.3333333333333333;0.2;2025-11-26 22:10:00;3
26-11-2025;22:20:00;909.7666666666668;3.6;1.3999999999999997;0.2;2025-11-26 22:20:00;3
26-11-2025;22:30:00;909.7333333333332;3.6;1.9666666666666668;0.4;2025-11-26 22:30:00;3
26-11-2025;22:40:00;909.6666666666666;3.6666666666666665;2.1;0.4;2025-11-26 22:40:00;3
26-11-2025;22:50:00;909.5333333333333;3.8333333333333335;2.1666666666666665;0.2;2025-11-26 22:50:00;3
26-11-2025;23:00:00;909.4333333333334;4.233333333333333;1.4666666666666668;0.0;2025-11-26 23:00:00;3
26-11-2025;23:10:00;909.4;4.6;1.1666666666666667;0.0;2025-11-26 23:10:00;3
26-11-2025;23:20:00;909.4;4.85;0.95;0.0;2025-11-26 23:20:00;3
27-11-2025;17:20:00;911.55;5.1;3.8;0.2;2025-11-27 17:20:00;3
27-11-2025;17:30:00;911.5666666666666;5.066666666666666;5.3;0.0;2025-11-27 17:30:00;3
27-11-2025;17:40:00;911.6333333333333;5.0;5.233333333333333;0.0;2025-11-27 17:40:00;3
27-11-2025;17:50:00;911.6833333333334;4.933333333333334;5.533333333333334;0.0;2025-11-27 17:50:00;3
27-11-2025;18:00:00;911.75;4.966666666666667;4.2;0.2;2025-11-27 18:00:00;3
27-11-2025;18:10:00;911.85;5.1000000000000005;5.1000000000000005;0.0;2025-11-27 18:10:00;3
27-11-2025;18:20:00;911.9333333333334;5.2;4.933333333333334;0.0;2025-11-27 18:20:00;3
27-11-2025;18:30:00;912.0;5.25;5.25;0.0;2025-11-27 18:30:00;3
27-11-2025;20:40:00;913.225;4.0;5.1;0.2;2025-11-27 20:40:00;3
27-11-2025;20:50:00;913.25;3.9333333333333336;5.5;0.0;2025-11-27 20:50:00;3
27-11-2025;21:00:00;913.25;3.8333333333333335;5.733333333333334;0.0;2025-11-27 21:00:00;3
27-11-2025;21:10:00;913.25;3.75;6.350000000000001;0.0;2025-11-27 21:10:00;3
02-12-2025;01:10:00;920.25;8.149999999999999;2.95;0.2;2025-12-02 01:10:00;3
02-12-2025;01:20:00;920.2333333333332;8.066666666666666;2.8333333333333335;0.0;2025-12-02 01:20:00;3
02-12-2025;01:30:00;920.2;7.966666666666666;2.6666666666666665;0.0;2025-12-02 01:30:00;3
02-12-2025;01:40:00;920.2;7.9;2.8;0.0;2025-12-02 01:40:00;3
02-12-2025;03:00:00;919.9;7.65;2.8499999999999996;0.2;2025-12-02 03:00:00;3
02-12-2025;03:10:00;919.8666666666667;7.666666666666667;2.6333333333333333;0.0;2025-12-02 03:10:00;3
02-12-2025;03:20:00;919.7999999999998;7.633333333333333;2.6333333333333333;0.0;2025-12-02 03:20:00;3
02-12-2025;03:30:00;919.7499999999999;7.6;2.5;0.0;2025-12-02 03:30:00;3
02-12-2025;05:30:00;919.2;7.45;1.75;0.4;2025-12-02 05:30:00;3
02-12-2025;05:40:00;919.1666666666666;7.3999999999999995;1.5666666666666667;1.2;2025-12-02 05:40:00;3
02-12-2025;05:50:00;919.1333333333333;7.433333333333334;2.3333333333333335;0.0;2025-12-02 05:50:00;3
02-12-2025;06:00:00;919.1;7.5;2.5333333333333337;0.0;2025-12-02 06:00:00;3
02-12-2025;06:10:00;919.1;7.6;3.4000000000000004;0.2;2025-12-02 06:10:00;3
02-12-2025;06:20:00;919.1;7.566666666666666;2.4000000000000004;0.0;2025-12-02 06:20:00;3
02-12-2025;06:30:00;919.1;7.466666666666666;2.566666666666667;0.0;2025-12-02 06:30:00;3
02-12-2025;06:40:00;919.1;7.4;1.9500000000000006;0.0;2025-12-02 06:40:00;3
02-12-2025;10:10:00;919.95;7.300000000000001;3.95;0.4;2025-12-02 10:10:00;3
02-12-2025;10:20:00;919.9333333333334;7.266666666666667;3.8000000000000003;1.0;2025-12-02 10:20:00;3
02-12-2025;10:30:00;919.9333333333333;7.033333333333334;2.8333333333333335;1.4;2025-12-02 10:30:00;3
02-12-2025;10:40:00;919.7999999999998;6.766666666666667;2.6;1.2;2025-12-02 10:40:00;3
02-12-2025;10:50:00;919.6666666666666;6.466666666666666;2.033333333333333;1.4;2025-12-02 10:50:00;3
02-12-2025;11:00:00;919.4333333333334;6.433333333333334;1.8666666666666665;1.2;2025-12-02 11:00:00;3
02-12-2025;11:10:00;919.2333333333332;6.566666666666666;2.733333333333333;1.2;2025-12-02 11:10:00;3
02-12-2025;11:20:00;919.0333333333333;6.766666666666667;2.4;0.8;2025-12-02 11:20:00;3
02-12-2025;11:30:00;918.9;6.8999999999999995;2.1666666666666665;0.0;2025-12-02 11:30:00;3
02-12-2025;11:40:00;918.8333333333334;6.866666666666667;1.4000000000000001;0.4;2025-12-02 11:40:00;3
02-12-2025;11:50:00;918.8;6.733333333333334;2.3666666666666667;0.4;2025-12-02 11:50:00;3
02-12-2025;12:00:00;918.8;6.566666666666667;2.4333333333333336;0.2;2025-12-02 12:00:00;3
02-12-2025;12:10:00;918.7666666666665;6.433333333333334;2.6333333333333333;0.2;2025-12-02 12:10:00;3
02-12-2025;12:20:00;918.6;6.533333333333334;1.9333333333333336;0.2;2025-12-02 12:20:00;3
02-12-2025;12:30:00;918.4;6.933333333333334;1.7333333333333334;0.0;2025-12-02 12:30:00;3
02-12-2025;12:40:00;918.1666666666666;7.433333333333333;1.7;0.0;2025-12-02 12:40:00;3
02-12-2025;12:50:00;918.0333333333333;7.833333333333333;2.1;0.0;2025-12-02 12:50:00;3
02-12-2025;13:00:00;917.9333333333334;7.900000000000001;1.9666666666666668;0.2;2025-12-02 13:00:00;3
02-12-2025;13:10:00;917.8333333333334;7.8999999999999995;2.1333333333333333;0.0;2025-12-02 13:10:00;3
02-12-2025;13:20:00;917.7666666666668;7.8;2.1666666666666665;0.0;2025-12-02 13:20:00;3
02-12-2025;13:30:00;917.7;7.749999999999999;2.75;0.0;2025-12-02 13:30:00;3
02-12-2025;14:50:00;917.3499999999999;7.6;1.45;0.4;2025-12-02 14:50:00;3
02-12-2025;15:00:00;917.3666666666667;7.566666666666666;1.5666666666666667;0.8;2025-12-02 15:00:00;3
02-12-2025;15:10:00;917.4333333333334;7.466666666666666;1.9333333333333336;0.4;2025-12-02 15:10:00;3
02-12-2025;15:20:00;917.5;7.266666666666667;2.466666666666667;0.0;2025-12-02 15:20:00;3
02-12-2025;15:30:00;917.5333333333333;7.033333333333334;2.266666666666667;1.2;2025-12-02 15:30:00;3
02-12-2025;15:40:00;917.5;6.833333333333333;2.0333333333333337;1.4;2025-12-02 15:40:00;3
02-12-2025;15:50:00;917.4;6.733333333333333;2.0;1.0;2025-12-02 15:50:00;3
02-12-2025;16:00:00;917.3000000000001;6.666666666666667;2.066666666666667;0.4;2025-12-02 16:00:00;3
02-12-2025;16:10:00;917.1999999999999;6.6000000000000005;2.0333333333333337;0.6;2025-12-02 16:10:00;3
02-12-2025;16:20:00;917.1;6.633333333333333;2.0;0.8;2025-12-02 16:20:00;3
02-12-2025;16:30:00;917.0;6.7;2.0;0.6;2025-12-02 16:30:00;3
02-12-2025;16:40:00;916.9333333333334;6.866666666666667;1.7333333333333334;0.2;2025-12-02 16:40:00;3
02-12-2025;16:50:00;916.9333333333334;7.3;2.266666666666667;0.0;2025-12-02 16:50:00;3
02-12-2025;17:00:00;917.0;7.6000000000000005;3.266666666666667;0.0;2025-12-02 17:00:00;3
02-12-2025;17:10:00;917.0666666666666;7.733333333333333;3.6666666666666674;0.0;2025-12-02 17:10:00;3
02-12-2025;17:20:00;917.1333333333333;7.433333333333334;3.4333333333333336;0.4;2025-12-02 17:20:00;3
02-12-2025;17:30:00;917.1333333333333;7.266666666666667;2.8333333333333335;0.4;2025-12-02 17:30:00;3
02-12-2025;17:40:00;917.1;7.2;3.3333333333333335;0.0;2025-12-02 17:40:00;3
02-12-2025;17:50:00;917.0;7.233333333333333;3.466666666666667;0.2;2025-12-02 17:50:00;3
02-12-2025;18:00:00;917.0;7.266666666666667;4.033333333333334;0.0;2025-12-02 18:00:00;3
02-12-2025;18:10:00;917.0333333333333;7.266666666666667;3.5;0.0;2025-12-02 18:10:00;3
02-12-2025;18:20:00;917.1;7.25;3.4;0.0;2025-12-02 18:20:00;3
02-12-2025;19:40:00;916.7;7.050000000000001;3.9499999999999997;0.2;2025-12-02 19:40:00;3
02-12-2025;19:50:00;916.8333333333334;7.033333333333334;3.5999999999999996;0.0;2025-12-02 19:50:00;3
02-12-2025;20:00:00;916.9666666666667;7.066666666666667;2.4;0.0;2025-12-02 20:00:00;3
02-12-2025;20:10:00;917.05;6.9;2.4499999999999997;0.0;2025-12-02 20:10:00;3
02-12-2025;20:40:00;917.25;6.75;2.35;0.2;2025-12-02 20:40:00;3
02-12-2025;20:50:00;917.3000000000001;6.766666666666667;1.5666666666666667;0.2;2025-12-02 20:50:00;3
02-12-2025;21:00:00;917.3666666666667;6.466666666666666;0.9333333333333332;0.2;2025-12-02 21:00:00;3
02-12-2025;21:10:00;917.4;5.933333333333334;1.0333333333333332;0.0;2025-12-02 21:10:00;3
02-12-2025;21:20:00;917.4333333333333;5.266666666666667;1.5;0.2;2025-12-02 21:20:00;3
02-12-2025;21:30:00;917.4333333333334;4.8999999999999995;1.7333333333333332;0.2;2025-12-02 21:30:00;3
02-12-2025;21:40:00;917.4;4.8;1.633333333333333;0.0;2025-12-02 21:40:00;3
02-12-2025;21:50:00;917.3333333333334;4.8;1.8666666666666665;0.2;2025-12-02 21:50:00;3
02-12-2025;22:00:00;917.2833333333333;4.866666666666666;1.7000000000000002;0.2;2025-12-02 22:00:00;3
02-12-2025;22:10:00;917.25;4.966666666666666;1.8333333333333333;0.0;2025-12-02 22:10:00;3
02-12-2025;22:20:00;917.1833333333334;5.166666666666667;1.6666666666666667;0.2;2025-12-02 22:20:00;3
02-12-2025;22:30:00;917.1333333333333;5.333333333333333;1.8333333333333333;0.0;2025-12-02 22:30:00;3
02-12-2025;22:40:00;917.1;5.533333333333334;1.9666666666666666;0.0;2025-12-02 22:40:00;3
02-12-2025;22:50:00;917.1;5.6;2.1499999999999995;0.0;2025-12-02 22:50:00;3
03-12-2025;04:40:00;916.1500000000001;5.05;1.7;0.2;2025-12-03 04:40:00;3
03-12-2025;04:50:00;916.1666666666666;5.133333333333333;2.0;0.0;2025-12-03 04:50:00;3
03-12-2025;05:00:00;916.1666666666666;5.3;1.8999999999999997;0.0;2025-12-03 05:00:00;3
03-12-2025;05:10:00;916.1499999999999;5.3999999999999995;1.9999999999999998;0.0;2025-12-03 05:10:00;3
04-12-2025;07:50:00;909.95;8.5;4.75;0.2;2025-12-04 07:50:00;3
04-12-2025;08:00:00;909.9;8.466666666666667;4.633333333333334;0.0;2025-12-04 08:00:00;3
04-12-2025;08:10:00;909.8333333333334;8.299999999999999;4.833333333333333;0.0;2025-12-04 08:10:00;3
04-12-2025;08:20:00;909.8;8.033333333333333;4.5;0.0;2025-12-04 08:20:00;3
04-12-2025;08:30:00;909.6999999999999;7.766666666666666;4.6000000000000005;0.2;2025-12-04 08:30:00;3
04-12-2025;08:40:00;909.5666666666666;7.7;5.366666666666667;0.0;2025-12-04 08:40:00;3
04-12-2025;08:50:00;909.5;7.8;5.0;0.0;2025-12-04 08:50:00;3
04-12-2025;09:00:00;909.5;7.9;5.15;0.0;2025-12-04 09:00:00;3
04-12-2025;23:40:00;908.9;7.4;2.2;0.8;2025-12-04 23:40:00;3
04-12-2025;23:50:00;908.8666666666667;7.433333333333334;2.1666666666666665;0.4;2025-12-04 23:50:00;3
05-12-2025;00:00:00;908.7999999999998;7.5;1.8;0.0;2025-12-05 00:00:00;3
05-12-2025;00:10:00;908.6999999999999;7.566666666666666;1.8;0.2;2025-12-05 00:10:00;3
05-12-2025;00:20:00;908.6;7.6;2.1;0.0;2025-12-05 00:20:00;3
05-12-2025;00:30:00;908.5;7.6;2.0;0.0;2025-12-05 00:30:00;3
05-12-2025;00:40:00;908.45;7.6;2.2;0.0;2025-12-05 00:40:00;3
05-12-2025;01:20:00;908.5;7.6;2.8499999999999996;0.4;2025-12-05 01:20:00;3
05-12-2025;01:30:00;908.5333333333333;7.5;2.3333333333333335;0.0;2025-12-05 01:30:00;3
05-12-2025;01:40:00;908.5833333333334;7.366666666666667;3.266666666666667;0.2;2025-12-05 01:40:00;3
05-12-2025;01:50:00;908.6500000000001;7.166666666666667;3.4333333333333336;0.4;2025-12-05 01:50:00;3
05-12-2025;02:00:00;908.75;6.933333333333334;3.5666666666666664;0.4;2025-12-05 02:00:00;3
05-12-2025;02:10:00;908.8000000000001;6.599999999999999;2.433333333333333;0.4;2025-12-05 02:10:00;3
05-12-2025;02:20:00;908.7666666666665;6.333333333333333;2.1333333333333333;1.0;2025-12-05 02:20:00;3
05-12-2025;02:30:00;908.5;6.266666666666666;3.633333333333333;1.6;2025-12-05 02:30:00;3
05-12-2025;02:40:00;908.0333333333333;6.3;5.533333333333332;1.4;2025-12-05 02:40:00;3
05-12-2025;02:50:00;907.6666666666666;6.366666666666667;6.033333333333334;1.0;2025-12-05 02:50:00;3
05-12-2025;03:00:00;907.5666666666666;6.366666666666667;5.233333333333333;0.0;2025-12-05 03:00:00;3
05-12-2025;03:10:00;907.6666666666666;6.233333333333333;3.1999999999999997;0.0;2025-12-05 03:10:00;3
05-12-2025;03:20:00;907.75;6.199999999999999;2.5999999999999996;0.0;2025-12-05 03:20:00;3
13-12-2025;05:20:00;925.1;5.199999999999999;1.25;0.2;2025-12-13 05:20:00;3
13-12-2025;05:30:00;925.1;5.066666666666666;1.0999999999999999;0.0;2025-12-13 05:30:00;3
13-12-2025;05:40:00;925.1;4.8999999999999995;0.5333333333333333;0.0;2025-12-13 05:40:00;3
13-12-2025;05:50:00;925.1;4.8;0.4;0.0;2025-12-13 05:50:00;3
14-12-2025;05:40:00;927.6500000000001;5.8;1.2;0.2;2025-12-14 05:40:00;3
14-12-2025;05:50:00;927.6666666666666;5.766666666666667;1.2333333333333334;0.0;2025-12-14 05:50:00;3
14-12-2025;06:00:00;927.7;5.766666666666666;1.2333333333333332;0.0;2025-12-14 06:00:00;3
14-12-2025;06:10:00;927.7;5.749999999999999;1.25;0.0;2025-12-14 06:10:00;3
16-12-2025;13:00:00;921.75;9.25;3.35;0.2;2025-12-16 13:00:00;3
16-12-2025;13:10:00;921.7333333333332;9.266666666666667;3.8333333333333335;0.0;2025-12-16 13:10:00;3
16-12-2025;13:20:00;921.6666666666666;9.333333333333334;4.066666666666666;0.0;2025-12-16 13:20:00;3
16-12-2025;13:30:00;921.65;9.35;4.25;0.0;2025-12-16 13:30:00;3
16-12-2025;17:00:00;920.8499999999999;8.95;6.25;0.2;2025-12-16 17:00:00;3
16-12-2025;17:10:00;920.7666666666668;8.966666666666667;6.066666666666666;0.0;2025-12-16 17:10:00;3
16-12-2025;17:20:00;920.6999999999999;9.033333333333333;6.833333333333333;0.2;2025-12-16 17:20:00;3
16-12-2025;17:30:00;920.6666666666666;9.033333333333333;8.133333333333333;0.0;2025-12-16 17:30:00;3
16-12-2025;17:40:00;920.6;9.033333333333333;8.033333333333333;0.0;2025-12-16 17:40:00;3
16-12-2025;17:50:00;920.6000000000001;9.0;8.15;0.0;2025-12-16 17:50:00;3
16-12-2025;18:10:00;920.25;9.2;6.95;0.2;2025-12-16 18:10:00;3
16-12-2025;18:20:00;920.2666666666668;9.466666666666667;7.233333333333333;0.0;2025-12-16 18:20:00;3
16-12-2025;18:30:00;920.3333333333334;9.700000000000001;7.366666666666667;0.0;2025-12-16 18:30:00;3
16-12-2025;18:40:00;920.35;9.900000000000002;6.05;0.0;2025-12-16 18:40:00;3
16-12-2025;21:30:00;919.9000000000001;8.850000000000001;9.55;0.2;2025-12-16 21:30:00;3
16-12-2025;21:40:00;920.0333333333333;9.0;8.299999999999999;0.0;2025-12-16 21:40:00;3
16-12-2025;21:50:00;920.2666666666668;9.1;5.866666666666667;0.0;2025-12-16 21:50:00;3
16-12-2025;22:00:00;920.3333333333334;9.2;5.933333333333334;0.2;2025-12-16 22:00:00;3
16-12-2025;22:10:00;920.3000000000001;9.233333333333333;7.3999999999999995;0.0;2025-12-16 22:10:00;3
16-12-2025;22:20:00;920.3666666666667;9.366666666666667;7.900000000000001;0.0;2025-12-16 22:20:00;3
16-12-2025;22:30:00;920.4;9.5;7.133333333333333;0.2;2025-12-16 22:30:00;3
16-12-2025;22:40:00;920.6;9.466666666666667;6.433333333333333;0.2;2025-12-16 22:40:00;3
16-12-2025;22:50:00;920.7333333333332;9.5;5.433333333333334;1.6;2025-12-16 22:50:00;3
16-12-2025;23:00:00;920.9;9.6;5.666666666666667;1.0;2025-12-16 23:00:00;3
16-12-2025;23:10:00;921.0666666666666;9.733333333333333;4.7;0.2;2025-12-16 23:10:00;3
16-12-2025;23:20:00;921.1333333333332;9.8;5.366666666666667;3.6;2025-12-16 23:20:00;3
16-12-2025;23:30:00;921.1999999999999;9.766666666666667;5.366666666666667;1.2;2025-12-16 23:30:00;3
16-12-2025;23:40:00;921.2000000000002;9.8;4.733333333333333;0.2;2025-12-16 23:40:00;3
16-12-2025;23:50:00;921.3333333333334;9.866666666666667;3.933333333333333;0.2;2025-12-16 23:50:00;3
17-12-2025;00:00:00;921.4333333333334;9.9;2.1666666666666665;0.2;2025-12-17 00:00:00;3
17-12-2025;00:10:00;921.5333333333333;9.966666666666667;1.5;0.2;2025-12-17 00:10:00;3
17-12-2025;00:20:00;921.6;9.966666666666667;1.2666666666666666;0.2;2025-12-17 00:20:00;3
17-12-2025;00:30:00;921.6666666666666;9.966666666666667;1.8999999999999997;1.2;2025-12-17 00:30:00;3
17-12-2025;00:40:00;921.7;9.9;3.2000000000000006;4.2;2025-12-17 00:40:00;3
17-12-2025;00:50:00;921.7333333333332;9.8;3.866666666666667;2.2;2025-12-17 00:50:00;3
17-12-2025;01:00:00;921.8333333333334;9.766666666666667;3.6666666666666665;0.8;2025-12-17 01:00:00;3
17-12-2025;01:10:00;922.0;9.799999999999999;4.366666666666667;0.4;2025-12-17 01:10:00;3
17-12-2025;01:20:00;922.1666666666666;9.766666666666667;3.733333333333334;0.4;2025-12-17 01:20:00;3
17-12-2025;01:30:00;922.3000000000001;9.633333333333333;3.9333333333333336;0.0;2025-12-17 01:30:00;3
17-12-2025;01:40:00;922.4;9.5;2.1;0.2;2025-12-17 01:40:00;3
17-12-2025;01:50:00;922.5;9.466666666666667;2.0000000000000004;0.0;2025-12-17 01:50:00;3
17-12-2025;02:00:00;922.6333333333333;9.5;1.4333333333333336;0.0;2025-12-17 02:00:00;3
17-12-2025;02:10:00;922.7;9.5;1.2500000000000004;0.0;2025-12-17 02:10:00;3
23-12-2025;15:40:00;910.55;7.75;2.4;1.2;2025-12-23 15:40:00;3
23-12-2025;15:50:00;910.6333333333333;7.633333333333333;2.5;2.8;2025-12-23 15:50:00;3
23-12-2025;16:00:00;910.7333333333332;7.466666666666666;2.8000000000000003;1.2;2025-12-23 16:00:00;3
23-12-2025;16:10:00;910.8333333333334;7.266666666666667;2.733333333333333;1.8;2025-12-23 16:10:00;3
23-12-2025;16:20:00;910.8333333333334;7.066666666666666;2.3000000000000003;1.8;2025-12-23 16:20:00;3
23-12-2025;16:30:00;910.7333333333332;6.833333333333333;2.033333333333333;1.2;2025-12-23 16:30:00;3
23-12-2025;16:40:00;910.5666666666666;6.666666666666667;1.5;0.6;2025-12-23 16:40:00;3
23-12-2025;16:50:00;910.4;6.633333333333333;1.6666666666666667;0.2;2025-12-23 16:50:00;3
23-12-2025;17:00:00;910.2666666666668;6.633333333333333;1.8999999999999997;0.0;2025-12-23 17:00:00;3
23-12-2025;17:10:00;910.0999999999999;6.6000000000000005;2.1666666666666665;0.4;2025-12-23 17:10:00;3
23-12-2025;17:20:00;910.0;6.566666666666666;2.2333333333333334;0.2;2025-12-23 17:20:00;3
23-12-2025;17:30:00;910.0;6.633333333333333;3.033333333333333;0.0;2025-12-23 17:30:00;3
23-12-2025;17:40:00;910.1;6.666666666666667;3.266666666666667;0.6;2025-12-23 17:40:00;3
23-12-2025;17:50:00;910.2333333333332;6.566666666666666;3.5;0.8;2025-12-23 17:50:00;3
23-12-2025;18:00:00;910.4;6.333333333333333;3.9;0.8;2025-12-23 18:00:00;3
23-12-2025;18:10:00;910.5666666666666;6.066666666666666;4.800000000000001;1.2;2025-12-23 18:10:00;3
23-12-2025;18:20:00;910.6999999999999;5.866666666666666;5.366666666666667;0.8;2025-12-23 18:20:00;3
23-12-2025;18:30:00;910.7666666666668;5.666666666666667;5.233333333333333;1.2;2025-12-23 18:30:00;3
23-12-2025;18:40:00;910.7333333333332;5.6000000000000005;5.366666666666667;0.4;2025-12-23 18:40:00;3
23-12-2025;18:50:00;910.6333333333333;5.666666666666667;6.0;0.8;2025-12-23 18:50:00;3
23-12-2025;19:00:00;910.5;5.900000000000001;5.0;0.8;2025-12-23 19:00:00;3
23-12-2025;19:10:00;910.3666666666668;6.166666666666667;4.233333333333333;0.4;2025-12-23 19:10:00;3
23-12-2025;19:20:00;910.0666666666667;6.333333333333333;3.0666666666666664;0.0;2025-12-23 19:20:00;3
23-12-2025;19:30:00;909.8000000000001;6.733333333333334;4.466666666666666;0.0;2025-12-23 19:30:00;3
23-12-2025;19:40:00;909.6;6.900000000000001;4.949999999999999;0.0;2025-12-23 19:40:00;3
23-12-2025;21:30:00;909.1;6.800000000000001;4.75;0.2;2025-12-23 21:30:00;3
23-12-2025;21:40:00;909.1333333333333;6.7;4.266666666666667;0.0;2025-12-23 21:40:00;3
23-12-2025;21:50:00;909.3000000000001;6.466666666666668;5.0;0.2;2025-12-23 21:50:00;3
23-12-2025;22:00:00;909.4666666666667;5.866666666666666;6.0;0.4;2025-12-23 22:00:00;3
23-12-2025;22:10:00;909.5666666666666;5.3999999999999995;6.966666666666666;0.8;2025-12-23 22:10:00;3
23-12-2025;22:20:00;909.5333333333334;5.233333333333333;7.033333333333334;1.0;2025-12-23 22:20:00;3
23-12-2025;22:30:00;909.4666666666667;5.333333333333333;5.566666666666666;0.6;2025-12-23 22:30:00;3
23-12-2025;22:40:00;909.4;5.433333333333334;4.966666666666668;0.6;2025-12-23 22:40:00;3
23-12-2025;22:50:00;909.3666666666667;5.333333333333333;4.833333333333333;0.4;2025-12-23 22:50:00;3
23-12-2025;23:00:00;909.2666666666665;5.400000000000001;5.266666666666667;0.0;2025-12-23 23:00:00;3
23-12-2025;23:10:00;909.2333333333335;5.3999999999999995;5.199999999999999;0.2;2025-12-23 23:10:00;3
23-12-2025;23:20:00;909.0666666666666;5.466666666666666;5.933333333333334;0.0;2025-12-23 23:20:00;3
23-12-2025;23:30:00;909.0666666666667;5.4;5.233333333333333;0.6;2025-12-23 23:30:00;3
23-12-2025;23:40:00;908.9333333333333;5.4;5.300000000000001;0.0;2025-12-23 23:40:00;3
23-12-2025;23:50:00;908.9666666666667;5.366666666666667;3.9666666666666672;0.0;2025-12-23 23:50:00;3
24-12-2025;00:00:00;908.9000000000001;5.3500000000000005;3.9500000000000006;0.0;2025-12-24 00:00:00;3
24-12-2025;00:20:00;908.9;4.95;6.8;0.4;2025-12-24 00:20:00;3
24-12-2025;00:30:00;908.7333333333332;5.0;5.666666666666667;0.2;2025-12-24 00:30:00;3
24-12-2025;00:40:00;908.5333333333333;5.1000000000000005;3.8333333333333335;0.0;2025-12-24 00:40:00;3
24-12-2025;00:50:00;908.4;5.166666666666667;4.433333333333334;0.0;2025-12-24 00:50:00;3
24-12-2025;01:00:00;908.4;5.2;5.433333333333334;0.2;2025-12-24 01:00:00;3
24-12-2025;01:10:00;908.4;5.2;5.566666666666667;0.2;2025-12-24 01:10:00;3
24-12-2025;01:20:00;908.4;5.166666666666667;4.933333333333334;0.2;2025-12-24 01:20:00;3
24-12-2025;01:30:00;908.4333333333334;5.033333333333334;3.5;0.2;2025-12-24 01:30:00;3
24-12-2025;01:40:00;908.4333333333333;4.8;4.266666666666667;0.4;2025-12-24 01:40:00;3
24-12-2025;01:50:00;908.4;4.566666666666666;3.6333333333333333;0.2;2025-12-24 01:50:00;3
24-12-2025;02:00:00;908.4333333333334;4.466666666666666;5.3;0.2;2025-12-24 02:00:00;3
24-12-2025;02:10:00;908.5666666666666;4.433333333333334;5.833333333333333;0.0;2025-12-24 02:10:00;3
24-12-2025;02:20:00;908.7000000000002;4.433333333333334;6.233333333333333;0.4;2025-12-24 02:20:00;3
24-12-2025;02:30:00;908.7333333333332;4.433333333333334;5.766666666666667;0.6;2025-12-24 02:30:00;3
24-12-2025;02:40:00;908.6666666666666;4.5;4.066666666666667;0.2;2025-12-24 02:40:00;3
24-12-2025;02:50:00;908.6;4.8;4.933333333333334;0.2;2025-12-24 02:50:00;3
24-12-2025;03:00:00;908.6333333333333;5.1;6.466666666666666;0.0;2025-12-24 03:00:00;3
24-12-2025;03:10:00;908.8666666666667;5.133333333333333;6.333333333333333;0.4;2025-12-24 03:10:00;3
24-12-2025;03:20:00;909.2333333333332;4.733333333333333;6.8;1.6;2025-12-24 03:20:00;3
24-12-2025;03:30:00;909.4;4.266666666666667;4.666666666666667;0.6;2025-12-24 03:30:00;3
24-12-2025;03:40:00;909.4;4.3;6.133333333333333;0.0;2025-12-24 03:40:00;3
24-12-2025;03:50:00;909.2666666666668;4.566666666666667;4.533333333333334;0.2;2025-12-24 03:50:00;3
24-12-2025;04:00:00;909.2333333333332;5.033333333333333;4.5;0.0;2025-12-24 04:00:00;3
24-12-2025;04:10:00;909.2333333333332;5.133333333333334;4.733333333333333;0.0;2025-12-24 04:10:00;3
24-12-2025;04:20:00;909.2333333333332;5.2;5.1;0.0;2025-12-24 04:20:00;3
24-12-2025;04:30:00;909.3000000000001;5.1;5.066666666666666;0.2;2025-12-24 04:30:00;3
24-12-2025;04:40:00;909.4333333333334;5.266666666666667;4.8999999999999995;0.0;2025-12-24 04:40:00;3
24-12-2025;04:50:00;909.5333333333333;5.433333333333333;4.866666666666666;0.0;2025-12-24 04:50:00;3
24-12-2025;05:00:00;909.5999999999999;5.6;5.449999999999999;0.0;2025-12-24 05:00:00;3
24-12-2025;05:40:00;909.3;5.2;7.050000000000001;0.8;2025-12-24 05:40:00;3
24-12-2025;05:50:00;909.3666666666667;5.333333333333333;7.6000000000000005;0.2;2025-12-24 05:50:00;3
24-12-2025;06:00:00;909.4666666666667;5.166666666666667;6.7;0.2;2025-12-24 06:00:00;3
24-12-2025;06:10:00;909.6999999999999;4.866666666666666;4.0;2.2;2025-12-24 06:10:00;3
24-12-2025;06:20:00;909.9333333333334;4.533333333333333;3.0666666666666664;0.0;2025-12-24 06:20:00;3
24-12-2025;06:30:00;910.1666666666666;4.766666666666667;3.966666666666667;0.0;2025-12-24 06:30:00;3
24-12-2025;06:40:00;910.25;4.9;5.35;0.0;2025-12-24 06:40:00;3
24-12-2025;08:00:00;910.9;5.4;3.55;0.2;2025-12-24 08:00:00;3
24-12-2025;08:10:00;910.8000000000001;5.3;3.7999999999999994;0.4;2025-12-24 08:10:00;3
24-12-2025;08:20:00;910.7666666666665;5.266666666666667;3.2999999999999994;0.0;2025-12-24 08:20:00;3
24-12-2025;08:30:00;910.6999999999999;5.266666666666667;3.1666666666666665;0.2;2025-12-24 08:30:00;3
24-12-2025;08:40:00;910.7666666666668;5.3;3.6666666666666665;0.0;2025-12-24 08:40:00;3
24-12-2025;08:50:00;910.9333333333333;4.8;4.3999999999999995;0.0;2025-12-24 08:50:00;3
24-12-2025;09:00:00;911.1;4.266666666666667;4.699999999999999;1.2;2025-12-24 09:00:00;3
24-12-2025;09:10:00;911.1666666666666;4.2;3.733333333333333;0.2;2025-12-24 09:10:00;3
24-12-2025;09:20:00;911.1333333333333;4.633333333333334;3.033333333333333;0.0;2025-12-24 09:20:00;3
24-12-2025;09:30:00;911.2333333333332;5.166666666666667;4.833333333333333;0.0;2025-12-24 09:30:00;3
24-12-2025;09:40:00;911.4;5.2;5.2;0.0;2025-12-24 09:40:00;3
24-12-2025;09:50:00;911.5;5.166666666666667;6.3999999999999995;0.2;2025-12-24 09:50:00;3
24-12-2025;10:00:00;911.5333333333334;5.1;5.133333333333334;0.0;2025-12-24 10:00:00;3
24-12-2025;10:10:00;911.5666666666667;5.133333333333334;5.1000000000000005;0.0;2025-12-24 10:10:00;3
24-12-2025;10:20:00;911.6;5.15;4.15;0.0;2025-12-24 10:20:00;3
24-12-2025;11:20:00;911.1;5.65;5.55;0.2;2025-12-24 11:20:00;3
24-12-2025;11:30:00;911.1;5.466666666666666;4.366666666666666;0.0;2025-12-24 11:30:00;3
24-12-2025;11:40:00;911.1;5.3999999999999995;2.6999999999999997;0.0;2025-12-24 11:40:00;3
24-12-2025;11:50:00;911.1;4.966666666666668;2.466666666666667;0.2;2025-12-24 11:50:00;3
24-12-2025;12:00:00;911.1;4.533333333333333;2.466666666666667;0.6;2025-12-24 12:00:00;3
24-12-2025;12:10:00;911.1333333333333;4.033333333333333;2.9;1.0;2025-12-24 12:10:00;3
24-12-2025;12:20:00;911.2000000000002;3.6666666666666665;3.3000000000000003;1.4;2025-12-24 12:20:00;3
24-12-2025;12:30:00;911.1666666666666;3.4333333333333336;3.6333333333333333;1.8;2025-12-24 12:30:00;3
24-12-2025;12:40:00;911.0666666666666;3.233333333333333;3.1333333333333333;1.0;2025-12-24 12:40:00;3
24-12-2025;12:50:00;910.9333333333334;3.3000000000000003;3.3333333333333335;0.6;2025-12-24 12:50:00;3
24-12-2025;13:00:00;910.9333333333334;3.466666666666667;3.5666666666666664;0.2;2025-12-24 13:00:00;3
24-12-2025;13:10:00;910.9666666666666;3.6333333333333333;3.2999999999999994;0.2;2025-12-24 13:10:00;3
24-12-2025;13:20:00;911.0;3.6666666666666665;3.033333333333333;0.0;2025-12-24 13:20:00;3
24-12-2025;13:30:00;911.0;3.733333333333333;2.6;1.0;2025-12-24 13:30:00;3
24-12-2025;13:40:00;911.0;3.8666666666666667;2.9;0.4;2025-12-24 13:40:00;3
24-12-2025;13:50:00;911.0333333333333;4.0;2.3666666666666667;0.2;2025-12-24 13:50:00;3
24-12-2025;14:00:00;911.0;4.1;1.8666666666666665;0.4;2025-12-24 14:00:00;3
24-12-2025;14:10:00;910.9333333333334;4.366666666666666;2.5999999999999996;0.0;2025-12-24 14:10:00;3
24-12-2025;14:20:00;910.7666666666668;4.766666666666667;3.733333333333333;0.0;2025-12-24 14:20:00;3
24-12-2025;14:30:00;910.7;5.1000000000000005;5.1499999999999995;0.0;2025-12-24 14:30:00;3
24-12-2025;14:50:00;911.3;4.6;4.25;0.2;2025-12-24 14:50:00;3
24-12-2025;15:00:00;911.3666666666667;4.3999999999999995;3.5666666666666664;0.4;2025-12-24 15:00:00;3
24-12-2025;15:10:00;911.5;4.1000000000000005;3.0;0.4;2025-12-24 15:10:00;3
24-12-2025;15:20:00;911.6;4.133333333333333;2.6999999999999997;0.2;2025-12-24 15:20:00;3
24-12-2025;15:30:00;911.6666666666666;4.266666666666667;2.866666666666667;0.0;2025-12-24 15:30:00;3
24-12-2025;15:40:00;911.7;4.433333333333334;3.9333333333333336;0.2;2025-12-24 15:40:00;3
24-12-2025;15:50:00;911.6333333333333;4.566666666666667;3.766666666666667;0.0;2025-12-24 15:50:00;3
24-12-2025;16:00:00;911.6;4.8;4.0;0.0;2025-12-24 16:00:00;3
24-12-2025;16:10:00;911.5500000000001;4.949999999999999;2.9499999999999997;0.0;2025-12-24 16:10:00;3
24-12-2025;18:30:00;912.3499999999999;5.699999999999999;2.05;0.2;2025-12-24 18:30:00;3
24-12-2025;18:40:00;912.4;5.8;2.9666666666666663;0.0;2025-12-24 18:40:00;3
24-12-2025;18:50:00;912.5;5.866666666666667;3.1666666666666665;0.0;2025-12-24 18:50:00;3
24-12-2025;19:00:00;912.55;5.9;4.15;0.0;2025-12-24 19:00:00;3
24-12-2025;21:50:00;914.15;5.199999999999999;3.9;0.2;2025-12-24 21:50:00;3
24-12-2025;22:00:00;914.2333333333332;5.066666666666666;3.3333333333333335;0.0;2025-12-24 22:00:00;3
24-12-2025;22:10:00;914.3333333333334;4.866666666666666;2.6;0.4;2025-12-24 22:10:00;3
24-12-2025;22:20:00;914.3333333333334;4.866666666666667;3.233333333333333;0.0;2025-12-24 22:20:00;3
24-12-2025;22:30:00;914.3;5.0;4.7;0.0;2025-12-24 22:30:00;3
24-12-2025;22:40:00;914.3;5.15;5.65;0.0;2025-12-24 22:40:00;3
26-12-2025;09:50:00;923.1500000000001;6.5;6.05;0.2;2025-12-26 09:50:00;3
26-12-2025;10:00:00;923.1;6.566666666666666;7.5;0.0;2025-12-26 10:00:00;3
26-12-2025;10:10:00;923.0333333333333;6.7;9.1;0.0;2025-12-26 10:10:00;3
26-12-2025;10:20:00;923.0;6.800000000000001;10.100000000000001;0.0;2025-12-26 10:20:00;3
03-01-2025;17:30:00;1004.25;12.4;9.0;0.4;2025-01-03 17:30:00;4
03-01-2025;17:40:00;1004.2333333333332;12.433333333333332;9.266666666666667;0.0;2025-01-03 17:40:00;4
03-01-2025;17:50:00;1004.2;12.466666666666669;9.200000000000001;0.0;2025-01-03 17:50:00;4
03-01-2025;18:00:00;1004.2;12.5;9.700000000000001;0.0;2025-01-03 18:00:00;4
03-01-2025;21:10:00;1004.55;14.6;8.85;0.2;2025-01-03 21:10:00;4
03-01-2025;21:20:00;1004.5333333333333;14.6;8.700000000000001;0.0;2025-01-03 21:20:00;4
03-01-2025;21:30:00;1004.4666666666667;14.633333333333333;8.399999999999999;0.0;2025-01-03 21:30:00;4
03-01-2025;21:40:00;1004.45;14.65;8.549999999999999;0.0;2025-01-03 21:40:00;4
03-01-2025;23:40:00;1005.0;12.9;8.1;0.2;2025-01-03 23:40:00;4
03-01-2025;23:50:00;1004.9666666666667;12.866666666666667;7.733333333333333;0.0;2025-01-03 23:50:00;4
04-01-2025;00:00:00;1004.85;12.866666666666667;7.066666666666666;0.2;2025-01-04 00:00:00;4
04-01-2025;00:10:00;1004.75;12.9;6.7;0.0;2025-01-04 00:10:00;4
04-01-2025;00:20:00;1004.65;13.0;6.866666666666667;0.0;2025-01-04 00:20:00;4
04-01-2025;00:30:00;1004.6;13.05;6.950000000000001;0.0;2025-01-04 00:30:00;4
04-01-2025;01:10:00;1004.45;13.45;7.7;0.2;2025-01-04 01:10:00;4
04-01-2025;01:20:00;1004.4333333333334;13.466666666666667;7.833333333333333;0.0;2025-01-04 01:20:00;4
04-01-2025;01:30:00;1004.4333333333334;13.466666666666667;8.033333333333333;0.0;2025-01-04 01:30:00;4
04-01-2025;01:40:00;1004.45;13.5;8.05;0.0;2025-01-04 01:40:00;4
09-01-2025;08:50:00;1007.0;14.5;5.699999999999999;0.2;2025-01-09 08:50:00;4
09-01-2025;09:00:00;1007.0333333333333;14.633333333333333;5.333333333333333;0.0;2025-01-09 09:00:00;4
09-01-2025;09:10:00;1007.0666666666666;14.833333333333334;4.666666666666666;0.0;2025-01-09 09:10:00;4
09-01-2025;09:20:00;1007.1;14.95;4.199999999999999;0.0;2025-01-09 09:20:00;4
11-01-2025;11:50:00;1002.8;15.85;0.7;0.2;2025-01-11 11:50:00;4
11-01-2025;12:00:00;1002.7333333333332;15.866666666666667;0.6;0.0;2025-01-11 12:00:00;4
11-01-2025;12:10:00;1002.6333333333333;16.0;0.6666666666666666;0.0;2025-01-11 12:10:00;4
11-01-2025;12:20:00;1002.6;16.0;0.75;0.0;2025-01-11 12:20:00;4
11-01-2025;13:10:00;1001.6;15.6;1.4;0.2;2025-01-11 13:10:00;4
11-01-2025;13:20:00;1001.5;15.533333333333333;1.4666666666666668;0.0;2025-01-11 13:20:00;4
11-01-2025;13:30:00;1001.3333333333334;15.466666666666667;1.6666666666666667;0.0;2025-01-11 13:30:00;4
11-01-2025;13:40:00;1001.25;15.45;1.8;0.0;2025-01-11 13:40:00;4
11-01-2025;14:20:00;1000.8;14.6;2.7;0.8;2025-01-11 14:20:00;4
11-01-2025;14:30:00;1000.6999999999999;14.533333333333333;2.433333333333333;1.6;2025-01-11 14:30:00;4
11-01-2025;14:40:00;1000.5333333333333;14.433333333333332;2.433333333333333;0.2;2025-01-11 14:40:00;4
11-01-2025;14:50:00;1000.3666666666668;14.4;2.733333333333334;0.0;2025-01-11 14:50:00;4
11-01-2025;15:00:00;1000.2666666666668;14.366666666666667;3.9000000000000004;0.0;2025-01-11 15:00:00;4
11-01-2025;15:10:00;1000.2;14.266666666666666;4.833333333333334;0.0;2025-01-11 15:10:00;4
11-01-2025;15:20:00;1000.1666666666666;14.166666666666666;5.4;0.2;2025-01-11 15:20:00;4
11-01-2025;15:30:00;1000.1333333333333;14.0;5.8;0.0;2025-01-11 15:30:00;4
11-01-2025;15:40:00;1000.1;13.9;5.933333333333334;0.2;2025-01-11 15:40:00;4
11-01-2025;15:50:00;1000.0666666666667;13.766666666666666;6.133333333333333;0.0;2025-01-11 15:50:00;4
11-01-2025;16:00:00;1000.0666666666666;13.733333333333334;5.7;1.4;2025-01-11 16:00:00;4
11-01-2025;16:10:00;1000.0666666666667;13.7;5.8999999999999995;0.6;2025-01-11 16:10:00;4
11-01-2025;16:20:00;1000.1;13.333333333333334;6.066666666666666;0.6;2025-01-11 16:20:00;4
11-01-2025;16:30:00;1000.1;12.899999999999999;5.466666666666666;0.6;2025-01-11 16:30:00;4
11-01-2025;16:40:00;1000.1;12.366666666666667;4.8;0.4;2025-01-11 16:40:00;4
11-01-2025;16:50:00;1000.0333333333333;12.233333333333334;3.9;0.8;2025-01-11 16:50:00;4
11-01-2025;17:00:00;1000.0;12.166666666666666;4.2;1.0;2025-01-11 17:00:00;4
11-01-2025;17:10:00;999.9333333333334;12.233333333333334;4.033333333333333;0.6;2025-01-11 17:10:00;4
11-01-2025;17:20:00;999.9;12.266666666666666;3.8000000000000007;0.4;2025-01-11 17:20:00;4
11-01-2025;17:30:00;999.8333333333334;12.333333333333334;3.4;0.2;2025-01-11 17:30:00;4
11-01-2025;17:40:00;999.8;12.4;2.6999999999999997;0.2;2025-01-11 17:40:00;4
11-01-2025;17:50:00;999.6999999999999;12.466666666666667;2.1;0.2;2025-01-11 17:50:00;4
11-01-2025;18:00:00;999.6333333333333;12.5;1.2666666666666666;0.0;2025-01-11 18:00:00;4
11-01-2025;18:10:00;999.5666666666666;12.5;0.9;0.0;2025-01-11 18:10:00;4
11-01-2025;18:20:00;999.6666666666666;12.5;0.8666666666666666;0.2;2025-01-11 18:20:00;4
11-01-2025;18:30:00;999.7333333333332;12.5;1.2999999999999998;0.0;2025-01-11 18:30:00;4
11-01-2025;18:40:00;999.7333333333332;12.533333333333333;1.9333333333333333;0.2;2025-01-11 18:40:00;4
11-01-2025;18:50:00;999.6666666666666;12.566666666666668;2.033333333333333;0.4;2025-01-11 18:50:00;4
11-01-2025;19:00:00;999.6;12.666666666666666;2.033333333333333;0.4;2025-01-11 19:00:00;4
11-01-2025;19:10:00;999.5666666666667;12.733333333333334;1.9333333333333333;0.2;2025-01-11 19:10:00;4
11-01-2025;19:20:00;999.5333333333333;12.700000000000001;2.5;0.0;2025-01-11 19:20:00;4
11-01-2025;19:30:00;999.5;12.533333333333333;2.8333333333333335;0.2;2025-01-11 19:30:00;4
11-01-2025;19:40:00;999.5333333333334;12.133333333333333;3.4333333333333336;0.2;2025-01-11 19:40:00;4
11-01-2025;19:50:00;999.6333333333333;11.633333333333333;3.733333333333333;0.2;2025-01-11 19:50:00;4
11-01-2025;20:00:00;999.6666666666666;11.1;4.466666666666666;0.4;2025-01-11 20:00:00;4
11-01-2025;20:10:00;999.7333333333332;10.799999999999999;4.733333333333333;0.2;2025-01-11 20:10:00;4
11-01-2025;20:20:00;999.7333333333332;10.666666666666666;4.866666666666667;0.4;2025-01-11 20:20:00;4
11-01-2025;20:30:00;999.8333333333334;10.633333333333333;4.6000000000000005;0.4;2025-01-11 20:30:00;4
11-01-2025;20:40:00;999.8666666666667;10.533333333333333;4.366666666666666;0.4;2025-01-11 20:40:00;4
11-01-2025;20:50:00;999.8666666666667;10.366666666666665;4.466666666666668;0.4;2025-01-11 20:50:00;4
11-01-2025;21:00:00;999.7666666666668;10.1;4.933333333333333;0.2;2025-01-11 21:00:00;4
11-01-2025;21:10:00;999.6333333333332;9.866666666666665;5.6000000000000005;0.4;2025-01-11 21:10:00;4
11-01-2025;21:20:00;999.5;9.666666666666666;6.166666666666667;0.2;2025-01-11 21:20:00;4
11-01-2025;21:30:00;999.4333333333334;9.533333333333333;6.466666666666666;0.2;2025-01-11 21:30:00;4
11-01-2025;21:40:00;999.3000000000001;9.4;6.766666666666667;0.2;2025-01-11 21:40:00;4
11-01-2025;21:50:00;999.2999999999998;9.333333333333334;6.833333333333333;0.2;2025-01-11 21:50:00;4
11-01-2025;22:00:00;999.3000000000001;9.3;6.8;0.0;2025-01-11 22:00:00;4
11-01-2025;22:10:00;999.4;9.233333333333333;6.733333333333333;0.2;2025-01-11 22:10:00;4
11-01-2025;22:20:00;999.4;9.133333333333333;6.900000000000001;0.2;2025-01-11 22:20:00;4
11-01-2025;22:30:00;999.3666666666667;8.966666666666667;6.866666666666667;0.2;2025-01-11 22:30:00;4
11-01-2025;22:40:00;999.2666666666668;8.9;6.933333333333334;0.4;2025-01-11 22:40:00;4
11-01-2025;22:50:00;999.1333333333332;8.866666666666667;6.766666666666667;0.2;2025-01-11 22:50:00;4
11-01-2025;23:00:00;998.9666666666667;8.9;7.0;0.2;2025-01-11 23:00:00;4
11-01-2025;23:10:00;998.7333333333332;8.866666666666667;7.333333333333333;0.0;2025-01-11 23:10:00;4
11-01-2025;23:20:00;998.5333333333333;8.799999999999999;7.933333333333334;0.2;2025-01-11 23:20:00;4
11-01-2025;23:30:00;998.4;8.733333333333334;8.366666666666667;0.2;2025-01-11 23:30:00;4
11-01-2025;23:40:00;998.3666666666667;8.7;8.299999999999999;0.0;2025-01-11 23:40:00;4
11-01-2025;23:50:00;998.2333333333332;8.633333333333333;8.066666666666666;0.2;2025-01-11 23:50:00;4
12-01-2025;00:00:00;998.0;8.566666666666665;8.333333333333334;0.0;2025-01-12 00:00:00;4
12-01-2025;00:10:00;997.7666666666668;8.533333333333333;9.166666666666666;0.0;2025-01-12 00:10:00;4
12-01-2025;00:20:00;997.6333333333333;8.6;10.233333333333334;0.0;2025-01-12 00:20:00;4
12-01-2025;00:30:00;997.5333333333333;8.6;10.933333333333332;0.2;2025-01-12 00:30:00;4
12-01-2025;00:40:00;997.4333333333334;8.5;11.5;0.0;2025-01-12 00:40:00;4
12-01-2025;00:50:00;997.2666666666668;8.299999999999999;11.766666666666667;0.0;2025-01-12 00:50:00;4
12-01-2025;01:00:00;997.1999999999999;8.200000000000001;12.033333333333333;0.2;2025-01-12 01:00:00;4
12-01-2025;01:10:00;997.1666666666666;8.200000000000001;12.066666666666665;0.0;2025-01-12 01:10:00;4
12-01-2025;01:20:00;997.2;8.266666666666666;12.233333333333334;0.0;2025-01-12 01:20:00;4
12-01-2025;01:30:00;997.2;8.333333333333334;11.933333333333332;0.2;2025-01-12 01:30:00;4
12-01-2025;01:40:00;997.1666666666666;8.333333333333334;11.566666666666668;0.0;2025-01-12 01:40:00;4
12-01-2025;01:50:00;997.1333333333333;8.233333333333334;11.1;0.0;2025-01-12 01:50:00;4
12-01-2025;02:00:00;997.1666666666666;8.033333333333333;11.033333333333333;0.0;2025-01-12 02:00:00;4
12-01-2025;02:10:00;997.2333333333332;7.833333333333333;11.0;0.2;2025-01-12 02:10:00;4
12-01-2025;02:20:00;997.2666666666668;7.666666666666667;11.133333333333335;0.0;2025-01-12 02:20:00;4
12-01-2025;02:30:00;997.0999999999999;7.533333333333334;11.9;0.2;2025-01-12 02:30:00;4
12-01-2025;02:40:00;996.9333333333334;7.333333333333333;12.266666666666666;0.4;2025-01-12 02:40:00;4
12-01-2025;02:50:00;996.8333333333334;7.166666666666667;13.0;0.0;2025-01-12 02:50:00;4
12-01-2025;03:00:00;996.8000000000001;6.933333333333334;12.800000000000002;0.2;2025-01-12 03:00:00;4
12-01-2025;03:10:00;996.7999999999998;6.666666666666667;13.200000000000001;0.2;2025-01-12 03:10:00;4
12-01-2025;03:20:00;996.7666666666668;6.366666666666667;13.0;0.2;2025-01-12 03:20:00;4
12-01-2025;03:30:00;996.8;6.133333333333333;12.9;0.4;2025-01-12 03:30:00;4
12-01-2025;03:40:00;996.8333333333334;6.0;12.866666666666667;0.4;2025-01-12 03:40:00;4
12-01-2025;03:50:00;996.8666666666667;5.933333333333334;12.633333333333333;0.2;2025-01-12 03:50:00;4
12-01-2025;04:00:00;996.9;5.866666666666667;12.5;0.2;2025-01-12 04:00:00;4
12-01-2025;04:10:00;997.0;5.866666666666667;12.066666666666665;0.0;2025-01-12 04:10:00;4
12-01-2025;04:20:00;997.0666666666666;5.833333333333333;11.833333333333334;0.2;2025-01-12 04:20:00;4
12-01-2025;04:30:00;997.1333333333333;5.866666666666667;11.533333333333333;0.0;2025-01-12 04:30:00;4
12-01-2025;04:40:00;997.1333333333333;5.866666666666667;11.200000000000001;0.2;2025-01-12 04:40:00;4
12-01-2025;04:50:00;997.1333333333333;5.9;11.200000000000001;0.2;2025-01-12 04:50:00;4
12-01-2025;05:00:00;997.2000000000002;5.866666666666667;11.333333333333334;0.2;2025-01-12 05:00:00;4
12-01-2025;05:10:00;997.3666666666667;5.833333333333333;11.333333333333334;0.2;2025-01-12 05:10:00;4
12-01-2025;05:20:00;997.4666666666667;5.766666666666667;11.466666666666667;0.2;2025-01-12 05:20:00;4
12-01-2025;05:30:00;997.6;5.733333333333333;11.299999999999999;0.4;2025-01-12 05:30:00;4
12-01-2025;05:40:00;997.6;5.7;11.5;0.0;2025-01-12 05:40:00;4
12-01-2025;05:50:00;997.7333333333332;5.733333333333334;11.166666666666666;0.2;2025-01-12 05:50:00;4
12-01-2025;06:00:00;997.8000000000001;5.733333333333333;11.166666666666666;0.2;2025-01-12 06:00:00;4
12-01-2025;06:10:00;997.8666666666667;5.7;11.266666666666666;0.2;2025-01-12 06:10:00;4
12-01-2025;06:20:00;997.9333333333334;5.466666666666666;11.866666666666667;0.2;2025-01-12 06:20:00;4
12-01-2025;06:30:00;997.9333333333334;5.266666666666667;12.366666666666667;0.2;2025-01-12 06:30:00;4
12-01-2025;06:40:00;998.0666666666666;5.1;12.333333333333334;0.4;2025-01-12 06:40:00;4
12-01-2025;06:50:00;998.1999999999999;5.066666666666666;12.033333333333333;0.4;2025-01-12 06:50:00;4
12-01-2025;07:00:00;998.5333333333333;5.033333333333332;11.833333333333334;0.4;2025-01-12 07:00:00;4
12-01-2025;07:10:00;998.8666666666667;5.0;11.100000000000001;0.4;2025-01-12 07:10:00;4
12-01-2025;07:20:00;999.1999999999999;4.933333333333334;10.399999999999999;0.4;2025-01-12 07:20:00;4
12-01-2025;07:30:00;999.3666666666667;4.833333333333333;9.733333333333333;0.6;2025-01-12 07:30:00;4
12-01-2025;07:40:00;999.4666666666667;4.733333333333333;10.299999999999999;0.4;2025-01-12 07:40:00;4
12-01-2025;07:50:00;999.5333333333333;4.666666666666667;10.666666666666666;0.4;2025-01-12 07:50:00;4
12-01-2025;08:00:00;999.4333333333334;4.6000000000000005;10.833333333333334;0.4;2025-01-12 08:00:00;4
12-01-2025;08:10:00;999.3666666666668;4.5;10.933333333333332;0.4;2025-01-12 08:10:00;4
12-01-2025;08:20:00;999.3666666666667;4.3999999999999995;10.866666666666667;0.2;2025-01-12 08:20:00;4
12-01-2025;08:30:00;999.6;4.333333333333333;11.1;0.2;2025-01-12 08:30:00;4
12-01-2025;08:40:00;999.8666666666667;4.3;11.133333333333333;0.2;2025-01-12 08:40:00;4
12-01-2025;08:50:00;1000.0333333333334;4.333333333333333;11.166666666666666;0.4;2025-01-12 08:50:00;4
12-01-2025;09:00:00;1000.1;4.3999999999999995;11.033333333333333;0.2;2025-01-12 09:00:00;4
12-01-2025;09:10:00;1000.0333333333334;4.433333333333334;10.733333333333333;0.2;2025-01-12 09:10:00;4
12-01-2025;09:20:00;1000.0666666666666;4.4;10.5;0.2;2025-01-12 09:20:00;4
12-01-2025;09:30:00;1000.2333333333332;4.3999999999999995;9.966666666666667;0.0;2025-01-12 09:30:00;4
12-01-2025;09:40:00;1000.4;4.433333333333334;9.799999999999999;0.2;2025-01-12 09:40:00;4
12-01-2025;09:50:00;1000.5333333333333;4.533333333333333;9.066666666666666;0.2;2025-01-12 09:50:00;4
12-01-2025;10:00:00;1000.6666666666666;4.633333333333333;8.9;0.0;2025-01-12 10:00:00;4
12-01-2025;10:10:00;1000.6999999999999;4.8;8.466666666666667;0.2;2025-01-12 10:10:00;4
12-01-2025;10:20:00;1000.8000000000001;4.966666666666666;8.833333333333334;0.0;2025-01-12 10:20:00;4
12-01-2025;10:30:00;1000.6999999999999;5.166666666666667;9.133333333333333;0.0;2025-01-12 10:30:00;4
12-01-2025;10:40:00;1000.75;5.25;9.25;0.0;2025-01-12 10:40:00;4
16-01-2025;05:40:00;1011.1500000000001;8.0;2.8499999999999996;0.2;2025-01-16 05:40:00;4
16-01-2025;05:50:00;1011.2333333333332;7.966666666666666;3.0;0.0;2025-01-16 05:50:00;4
16-01-2025;06:00:00;1011.4000000000001;7.8999999999999995;2.766666666666667;0.0;2025-01-16 06:00:00;4
16-01-2025;06:10:00;1011.5;7.8;2.7;0.0;2025-01-16 06:10:00;4
16-01-2025;06:50:00;1012.05;7.6;3.85;0.2;2025-01-16 06:50:00;4
16-01-2025;07:00:00;1012.1333333333333;7.633333333333333;3.8666666666666667;0.0;2025-01-16 07:00:00;4
16-01-2025;07:10:00;1012.3000000000001;7.633333333333333;3.9;0.0;2025-01-16 07:10:00;4
16-01-2025;07:20:00;1012.4000000000001;7.6499999999999995;3.7499999999999996;0.0;2025-01-16 07:20:00;4
17-01-2025;19:10:00;1011.15;11.3;13.45;0.2;2025-01-17 19:10:00;4
17-01-2025;19:20:00;1011.1666666666666;11.233333333333334;13.299999999999999;0.0;2025-01-17 19:20:00;4
17-01-2025;19:30:00;1011.1;11.333333333333334;13.533333333333333;0.0;2025-01-17 19:30:00;4
17-01-2025;19:40:00;1010.9500000000002;11.3;13.75;0.0;2025-01-17 19:40:00;4
18-01-2025;00:40:00;1010.75;9.8;9.850000000000001;0.2;2025-01-18 00:40:00;4
18-01-2025;00:50:00;1010.7333333333332;9.799999999999999;9.700000000000001;0.8;2025-01-18 00:50:00;4
18-01-2025;01:00:00;1010.5666666666666;9.966666666666667;10.466666666666667;0.0;2025-01-18 01:00:00;4
18-01-2025;01:10:00;1010.5666666666666;10.233333333333333;10.800000000000002;0.2;2025-01-18 01:10:00;4
18-01-2025;01:20:00;1010.6333333333333;10.433333333333332;11.166666666666666;0.0;2025-01-18 01:20:00;4
18-01-2025;01:30:00;1010.7999999999998;10.366666666666667;10.799999999999999;0.2;2025-01-18 01:30:00;4
18-01-2025;01:40:00;1010.9;10.266666666666667;10.733333333333334;0.2;2025-01-18 01:40:00;4
18-01-2025;01:50:00;1010.8333333333334;10.133333333333333;10.866666666666667;0.2;2025-01-18 01:50:00;4
18-01-2025;02:00:00;1010.7666666666668;9.966666666666667;10.5;0.2;2025-01-18 02:00:00;4
18-01-2025;02:10:00;1010.7666666666668;9.9;10.266666666666667;0.4;2025-01-18 02:10:00;4
18-01-2025;02:20:00;1010.7333333333335;9.866666666666667;9.966666666666667;0.2;2025-01-18 02:20:00;4
18-01-2025;02:30:00;1010.6999999999999;9.9;10.233333333333333;0.2;2025-01-18 02:30:00;4
18-01-2025;02:40:00;1010.4333333333334;9.8;11.5;0.2;2025-01-18 02:40:00;4
18-01-2025;02:50:00;1010.0;9.666666666666666;12.933333333333332;0.2;2025-01-18 02:50:00;4
18-01-2025;03:00:00;1009.6;9.633333333333335;13.966666666666667;0.2;2025-01-18 03:00:00;4
18-01-2025;03:10:00;1009.5;9.799999999999999;13.733333333333334;0.2;2025-01-18 03:10:00;4
18-01-2025;03:20:00;1009.5;10.066666666666668;13.233333333333334;0.0;2025-01-18 03:20:00;4
18-01-2025;03:30:00;1009.6333333333332;10.233333333333334;12.733333333333334;0.0;2025-01-18 03:30:00;4
18-01-2025;03:40:00;1009.5499999999998;10.3;12.600000000000001;0.0;2025-01-18 03:40:00;4
18-01-2025;04:00:00;1009.95;9.95;12.100000000000001;0.2;2025-01-18 04:00:00;4
18-01-2025;04:10:00;1009.9666666666667;10.066666666666668;12.0;0.0;2025-01-18 04:10:00;4
18-01-2025;04:20:00;1009.9333333333333;10.233333333333334;11.9;0.0;2025-01-18 04:20:00;4
18-01-2025;04:30:00;1009.8999999999999;10.3;11.95;0.0;2025-01-18 04:30:00;4
18-01-2025;20:00:00;1009.3;11.05;7.85;0.4;2025-01-18 20:00:00;4
18-01-2025;20:10:00;1009.1666666666666;10.799999999999999;8.066666666666666;1.2;2025-01-18 20:10:00;4
18-01-2025;20:20:00;1009.0666666666666;10.4;7.933333333333334;1.6;2025-01-18 20:20:00;4
18-01-2025;20:30:00;1008.9666666666667;10.366666666666665;7.033333333333334;0.0;2025-01-18 20:30:00;4
18-01-2025;20:40:00;1009.0666666666666;10.533333333333333;5.966666666666666;0.2;2025-01-18 20:40:00;4
18-01-2025;20:50:00;1009.1666666666666;10.633333333333333;5.300000000000001;0.0;2025-01-18 20:50:00;4
18-01-2025;21:00:00;1009.2999999999998;10.766666666666666;5.199999999999999;0.0;2025-01-18 21:00:00;4
18-01-2025;21:10:00;1009.3499999999999;10.749999999999998;5.1499999999999995;0.0;2025-01-18 21:10:00;4
20-01-2025;02:20:00;1010.45;10.6;3.8;0.2;2025-01-20 02:20:00;4
20-01-2025;02:30:00;1010.4333333333334;10.466666666666667;4.233333333333333;1.0;2025-01-20 02:30:00;4
20-01-2025;02:40:00;1010.4;10.266666666666666;4.333333333333333;0.4;2025-01-20 02:40:00;4
20-01-2025;02:50:00;1010.3666666666667;10.0;4.433333333333334;1.0;2025-01-20 02:50:00;4
20-01-2025;03:00:00;1010.2666666666668;9.866666666666667;4.0;0.6;2025-01-20 03:00:00;4
20-01-2025;03:10:00;1010.1666666666666;9.766666666666667;4.2;0.6;2025-01-20 03:10:00;4
20-01-2025;03:20:00;1010.1;9.766666666666667;4.3999999999999995;0.0;2025-01-20 03:20:00;4
20-01-2025;03:30:00;1010.1;9.766666666666667;4.733333333333333;0.0;2025-01-20 03:30:00;4
20-01-2025;03:40:00;1010.0666666666667;9.766666666666667;4.966666666666666;0.4;2025-01-20 03:40:00;4
20-01-2025;03:50:00;1009.9666666666667;9.666666666666666;5.266666666666667;0.2;2025-01-20 03:50:00;4
20-01-2025;04:00:00;1009.9;9.566666666666666;5.0;0.0;2025-01-20 04:00:00;4
20-01-2025;04:10:00;1009.8666666666667;9.566666666666666;4.466666666666666;0.0;2025-01-20 04:10:00;4
20-01-2025;04:20:00;1009.7999999999998;9.6;4.433333333333334;0.2;2025-01-20 04:20:00;4
20-01-2025;04:30:00;1009.7666666666668;9.633333333333333;4.866666666666666;0.2;2025-01-20 04:30:00;4
20-01-2025;04:40:00;1009.6666666666666;9.6;4.933333333333333;0.0;2025-01-20 04:40:00;4
20-01-2025;04:50:00;1009.6666666666666;9.566666666666665;4.233333333333333;0.0;2025-01-20 04:50:00;4
20-01-2025;05:00:00;1009.6;9.549999999999999;3.6999999999999997;0.0;2025-01-20 05:00:00;4
20-01-2025;05:40:00;1009.5;9.4;4.35;0.2;2025-01-20 05:40:00;4
20-01-2025;05:50:00;1009.5333333333333;9.466666666666667;4.333333333333333;0.0;2025-01-20 05:50:00;4
20-01-2025;06:00:00;1009.5333333333333;9.466666666666667;4.533333333333333;0.2;2025-01-20 06:00:00;4
20-01-2025;06:10:00;1009.5333333333333;9.466666666666667;4.566666666666666;0.2;2025-01-20 06:10:00;4
20-01-2025;06:20:00;1009.5;9.4;4.566666666666666;0.4;2025-01-20 06:20:00;4
20-01-2025;06:30:00;1009.5333333333334;9.4;4.366666666666666;0.0;2025-01-20 06:30:00;4
20-01-2025;06:40:00;1009.5666666666667;9.466666666666667;3.766666666666667;0.2;2025-01-20 06:40:00;4
20-01-2025;06:50:00;1009.6;9.633333333333333;3.0666666666666664;0.0;2025-01-20 06:50:00;4
20-01-2025;07:00:00;1009.6;9.733333333333334;2.2333333333333334;0.2;2025-01-20 07:00:00;4
20-01-2025;07:10:00;1009.6;9.766666666666666;1.6000000000000003;0.2;2025-01-20 07:10:00;4
20-01-2025;07:20:00;1009.6;9.666666666666666;1.8333333333333333;0.2;2025-01-20 07:20:00;4
20-01-2025;07:30:00;1009.6;9.633333333333333;2.3000000000000003;0.0;2025-01-20 07:30:00;4
20-01-2025;07:40:00;1009.6;9.666666666666666;3.0;0.0;2025-01-20 07:40:00;4
20-01-2025;07:50:00;1009.6;9.7;3.05;0.0;2025-01-20 07:50:00;4
20-01-2025;08:40:00;1009.65;10.649999999999999;2.0999999999999996;0.2;2025-01-20 08:40:00;4
20-01-2025;08:50:00;1009.6999999999999;10.833333333333334;1.7;0.0;2025-01-20 08:50:00;4
20-01-2025;09:00:00;1009.8;11.166666666666666;1.1666666666666667;0.0;2025-01-20 09:00:00;4
20-01-2025;09:10:00;1009.8333333333334;11.466666666666667;0.9333333333333332;0.2;2025-01-20 09:10:00;4
20-01-2025;09:20:00;1009.8333333333334;11.5;1.0;0.2;2025-01-20 09:20:00;4
20-01-2025;09:30:00;1009.8333333333334;11.299999999999999;1.6666666666666667;0.4;2025-01-20 09:30:00;4
20-01-2025;09:40:00;1009.8666666666667;11.066666666666668;1.9333333333333336;0.0;2025-01-20 09:40:00;4
20-01-2025;09:50:00;1009.9666666666667;10.966666666666669;2.266666666666667;0.2;2025-01-20 09:50:00;4
20-01-2025;10:00:00;1010.1333333333332;10.966666666666669;2.4666666666666663;0.2;2025-01-20 10:00:00;4
20-01-2025;10:10:00;1010.2666666666665;11.0;2.766666666666667;0.2;2025-01-20 10:10:00;4
20-01-2025;10:20:00;1010.3666666666667;11.033333333333333;3.0;0.6;2025-01-20 10:20:00;4
20-01-2025;10:30:00;1010.3666666666667;11.066666666666668;3.1;0.6;2025-01-20 10:30:00;4
20-01-2025;10:40:00;1010.3333333333334;11.133333333333333;3.433333333333333;0.6;2025-01-20 10:40:00;4
20-01-2025;10:50:00;1010.2333333333332;11.199999999999998;4.166666666666667;0.6;2025-01-20 10:50:00;4
20-01-2025;11:00:00;1010.1666666666666;11.266666666666666;4.3999999999999995;0.2;2025-01-20 11:00:00;4
20-01-2025;11:10:00;1010.1;11.3;4.5;0.4;2025-01-20 11:10:00;4
20-01-2025;11:20:00;1010.0333333333334;11.433333333333332;4.2;0.6;2025-01-20 11:20:00;4
20-01-2025;11:30:00;1009.9666666666667;11.700000000000001;4.166666666666667;0.0;2025-01-20 11:30:00;4
20-01-2025;11:40:00;1009.8666666666667;12.066666666666668;3.6666666666666665;0.4;2025-01-20 11:40:00;4
20-01-2025;11:50:00;1009.8333333333334;12.766666666666666;3.366666666666667;0.4;2025-01-20 11:50:00;4
20-01-2025;12:00:00;1009.7333333333332;13.166666666666666;3.0333333333333337;0.0;2025-01-20 12:00:00;4
20-01-2025;12:10:00;1009.6666666666666;13.333333333333334;3.266666666666667;0.0;2025-01-20 12:10:00;4
20-01-2025;12:20:00;1009.6;13.1;3.3000000000000003;0.0;2025-01-20 12:20:00;4
20-01-2025;13:10:00;1009.1;13.35;2.8;0.4;2025-01-20 13:10:00;4
20-01-2025;13:20:00;1009.0333333333333;13.5;2.9;0.0;2025-01-20 13:20:00;4
20-01-2025;13:30:00;1008.9;13.833333333333334;2.866666666666667;0.0;2025-01-20 13:30:00;4
20-01-2025;13:40:00;1008.8499999999999;14.0;2.8000000000000007;0.0;2025-01-20 13:40:00;4
20-01-2025;19:40:00;1008.7;12.850000000000001;2.75;0.2;2025-01-20 19:40:00;4
20-01-2025;19:50:00;1008.7333333333332;12.833333333333334;2.533333333333333;0.0;2025-01-20 19:50:00;4
20-01-2025;20:00:00;1008.7666666666668;12.833333333333334;2.3333333333333335;0.0;2025-01-20 20:00:00;4
20-01-2025;20:10:00;1008.8;12.849999999999998;1.9500000000000002;0.0;2025-01-20 20:10:00;4
20-01-2025;21:00:00;1008.8499999999999;11.55;2.3;0.2;2025-01-20 21:00:00;4
20-01-2025;21:10:00;1008.8333333333334;11.5;2.1999999999999997;0.0;2025-01-20 21:10:00;4
20-01-2025;21:20:00;1008.8;11.433333333333332;2.033333333333333;0.0;2025-01-20 21:20:00;4
20-01-2025;21:30:00;1008.8;11.4;1.95;0.0;2025-01-20 21:30:00;4
20-01-2025;22:30:00;1008.8;11.15;3.4;0.2;2025-01-20 22:30:00;4
20-01-2025;22:40:00;1008.8;11.033333333333333;3.3666666666666667;0.6;2025-01-20 22:40:00;4
20-01-2025;22:50:00;1008.8;10.933333333333335;3.033333333333333;0.2;2025-01-20 22:50:00;4
20-01-2025;23:00:00;1008.8;11.1;2.6666666666666665;0.0;2025-01-20 23:00:00;4
20-01-2025;23:10:00;1008.8333333333334;11.333333333333334;2.3666666666666667;0.0;2025-01-20 23:10:00;4
20-01-2025;23:20:00;1008.85;11.45;2.4;0.0;2025-01-20 23:20:00;4
21-01-2025;05:50:00;1007.2;10.95;2.4;0.4;2025-01-21 05:50:00;4
21-01-2025;06:00:00;1007.1666666666666;10.9;2.5;0.8;2025-01-21 06:00:00;4
21-01-2025;06:10:00;1007.1333333333333;10.766666666666666;2.6333333333333333;1.0;2025-01-21 06:10:00;4
21-01-2025;06:20:00;1007.1;10.666666666666666;2.9333333333333336;0.2;2025-01-21 06:20:00;4
21-01-2025;06:30:00;1007.1333333333333;10.6;2.6999999999999997;0.2;2025-01-21 06:30:00;4
21-01-2025;06:40:00;1007.1666666666666;10.666666666666666;2.8666666666666667;0.2;2025-01-21 06:40:00;4
21-01-2025;06:50:00;1007.2;10.733333333333334;3.0666666666666664;0.6;2025-01-21 06:50:00;4
21-01-2025;07:00:00;1007.2666666666668;10.766666666666666;3.3333333333333335;0.8;2025-01-21 07:00:00;4
21-01-2025;07:10:00;1007.3000000000001;10.566666666666666;3.0;1.0;2025-01-21 07:10:00;4
21-01-2025;07:20:00;1007.4333333333333;10.299999999999999;2.5;0.2;2025-01-21 07:20:00;4
21-01-2025;07:30:00;1007.5333333333333;10.0;2.4;0.2;2025-01-21 07:30:00;4
21-01-2025;07:40:00;1007.6666666666666;10.033333333333333;2.6333333333333333;0.8;2025-01-21 07:40:00;4
21-01-2025;07:50:00;1007.6;10.1;2.9666666666666663;0.4;2025-01-21 07:50:00;4
21-01-2025;08:00:00;1007.4666666666666;10.233333333333333;2.9666666666666663;0.0;2025-01-21 08:00:00;4
21-01-2025;08:10:00;1007.3333333333334;10.299999999999999;3.1666666666666665;0.2;2025-01-21 08:10:00;4
21-01-2025;08:20:00;1007.3333333333334;10.4;2.9;0.4;2025-01-21 08:20:00;4
21-01-2025;08:30:00;1007.3666666666667;10.566666666666666;3.1;0.2;2025-01-21 08:30:00;4
21-01-2025;08:40:00;1007.4666666666667;10.666666666666666;2.8666666666666667;0.0;2025-01-21 08:40:00;4
21-01-2025;08:50:00;1007.5333333333333;10.833333333333334;2.8000000000000003;0.0;2025-01-21 08:50:00;4
21-01-2025;09:00:00;1007.6;10.9;2.6500000000000004;0.0;2025-01-21 09:00:00;4
21-01-2025;12:40:00;1007.8;8.8;8.7;2.6;2025-01-21 12:40:00;4
21-01-2025;12:50:00;1007.7333333333332;8.666666666666666;7.666666666666667;1.4;2025-01-21 12:50:00;4
21-01-2025;13:00:00;1007.5666666666666;8.6;6.0;0.8;2025-01-21 13:00:00;4
21-01-2025;13:10:00;1007.4;9.066666666666668;4.533333333333333;0.6;2025-01-21 13:10:00;4
21-01-2025;13:20:00;1007.2666666666668;9.799999999999999;3.4333333333333336;0.0;2025-01-21 13:20:00;4
21-01-2025;13:30:00;1007.1999999999999;10.633333333333333;2.5666666666666664;0.0;2025-01-21 13:30:00;4
21-01-2025;13:40:00;1007.1500000000001;10.899999999999999;2.0999999999999996;0.0;2025-01-21 13:40:00;4
22-01-2025;07:50:00;1008.75;11.25;3.0999999999999996;0.2;2025-01-22 07:50:00;4
22-01-2025;08:00:00;1008.8000000000001;11.133333333333333;3.0;0.4;2025-01-22 08:00:00;4
22-01-2025;08:10:00;1008.8666666666667;10.966666666666669;2.8333333333333335;0.0;2025-01-22 08:10:00;4
22-01-2025;08:20:00;1008.9;10.933333333333332;2.8666666666666667;0.2;2025-01-22 08:20:00;4
22-01-2025;08:30:00;1008.9333333333333;11.0;3.033333333333333;0.2;2025-01-22 08:30:00;4
22-01-2025;08:40:00;1008.9;11.066666666666668;3.2999999999999994;0.0;2025-01-22 08:40:00;4
22-01-2025;08:50:00;1008.8333333333334;11.166666666666666;3.433333333333333;0.2;2025-01-22 08:50:00;4
22-01-2025;09:00:00;1008.7666666666665;11.4;3.6;0.0;2025-01-22 09:00:00;4
22-01-2025;09:10:00;1008.7666666666668;11.633333333333335;3.6999999999999997;0.0;2025-01-22 09:10:00;4
22-01-2025;09:20:00;1008.8;11.8;3.8499999999999996;0.0;2025-01-22 09:20:00;4
22-01-2025;14:50:00;1007.8;12.45;1.9500000000000002;0.2;2025-01-22 14:50:00;4
22-01-2025;15:00:00;1007.8;12.4;1.9000000000000001;0.0;2025-01-22 15:00:00;4
22-01-2025;15:10:00;1007.7666666666668;12.4;1.8666666666666665;0.0;2025-01-22 15:10:00;4
22-01-2025;15:20:00;1007.7500000000001;12.400000000000002;1.9499999999999997;0.0;2025-01-22 15:20:00;4
22-01-2025;16:10:00;1007.6;12.2;2.3499999999999996;0.2;2025-01-22 16:10:00;4
22-01-2025;16:20:00;1007.5333333333333;12.2;2.533333333333333;0.0;2025-01-22 16:20:00;4
22-01-2025;16:30:00;1007.5333333333334;12.233333333333334;2.6333333333333333;0.0;2025-01-22 16:30:00;4
22-01-2025;16:40:00;1007.5000000000001;12.250000000000002;2.8;0.0;2025-01-22 16:40:00;4
28-01-2025;12:40:00;1000.2;14.5;4.699999999999999;1.0;2025-01-28 12:40:00;4
28-01-2025;12:50:00;1000.1333333333333;14.6;4.8;0.4;2025-01-28 12:50:00;4
28-01-2025;13:00:00;1000.0;14.733333333333334;5.033333333333332;0.0;2025-01-28 13:00:00;4
28-01-2025;13:10:00;999.8666666666667;14.833333333333334;5.033333333333334;0.0;2025-01-28 13:10:00;4
28-01-2025;13:20:00;999.8;14.866666666666667;5.1000000000000005;0.0;2025-01-28 13:20:00;4
28-01-2025;13:30:00;999.7333333333332;14.9;5.266666666666667;0.4;2025-01-28 13:30:00;4
28-01-2025;13:40:00;999.7333333333332;15.0;5.8;0.4;2025-01-28 13:40:00;4
28-01-2025;13:50:00;999.6666666666666;15.133333333333333;6.033333333333334;0.0;2025-01-28 13:50:00;4
28-01-2025;14:00:00;999.6333333333333;15.366666666666667;5.833333333333333;0.0;2025-01-28 14:00:00;4
28-01-2025;14:10:00;999.55;15.5;5.65;0.0;2025-01-28 14:10:00;4
29-01-2025;10:40:00;1005.0;12.2;3.95;0.2;2025-01-29 10:40:00;4
29-01-2025;10:50:00;1005.0;12.133333333333333;3.8000000000000003;1.2;2025-01-29 10:50:00;4
29-01-2025;11:00:00;1005.0;11.9;3.4;0.4;2025-01-29 11:00:00;4
29-01-2025;11:10:00;1005.1666666666666;11.800000000000002;3.1999999999999997;0.2;2025-01-29 11:10:00;4
29-01-2025;11:20:00;1005.1999999999999;11.533333333333333;3.1999999999999997;0.6;2025-01-29 11:20:00;4
29-01-2025;11:30:00;1005.3000000000001;11.433333333333332;3.3333333333333335;1.2;2025-01-29 11:30:00;4
29-01-2025;11:40:00;1005.3000000000001;11.4;3.366666666666667;0.6;2025-01-29 11:40:00;4
29-01-2025;11:50:00;1005.3000000000001;11.4;3.466666666666667;0.0;2025-01-29 11:50:00;4
29-01-2025;12:00:00;1005.1;11.299999999999999;3.6333333333333333;0.2;2025-01-29 12:00:00;4
29-01-2025;12:10:00;1004.7666666666665;11.133333333333333;3.8000000000000003;0.2;2025-01-29 12:10:00;4
29-01-2025;12:20:00;1004.5;11.1;3.6666666666666665;0.0;2025-01-29 12:20:00;4
29-01-2025;12:30:00;1004.3666666666667;11.066666666666668;3.6333333333333333;0.0;2025-01-29 12:30:00;4
29-01-2025;12:40:00;1004.3499999999999;11.1;3.45;0.0;2025-01-29 12:40:00;4
29-01-2025;13:00:00;1004.1;11.149999999999999;3.3;0.2;2025-01-29 13:00:00;4
29-01-2025;13:10:00;1004.0666666666666;11.1;3.1333333333333333;0.0;2025-01-29 13:10:00;4
29-01-2025;13:20:00;1003.9333333333334;11.066666666666668;2.9;0.0;2025-01-29 13:20:00;4
29-01-2025;13:30:00;1003.8666666666667;11.1;2.766666666666667;0.0;2025-01-29 13:30:00;4
29-01-2025;13:40:00;1003.7666666666668;11.199999999999998;2.6999999999999997;0.2;2025-01-29 13:40:00;4
29-01-2025;13:50:00;1003.7666666666668;11.266666666666666;2.7000000000000006;0.0;2025-01-29 13:50:00;4
29-01-2025;14:00:00;1003.7666666666668;11.266666666666666;2.6333333333333333;0.0;2025-01-29 14:00:00;4
29-01-2025;14:10:00;1003.8;11.249999999999998;2.65;0.0;2025-01-29 14:10:00;4
29-01-2025;15:30:00;1004.4;10.65;3.2;0.2;2025-01-29 15:30:00;4
29-01-2025;15:40:00;1004.4;10.566666666666668;3.3333333333333335;0.0;2025-01-29 15:40:00;4
29-01-2025;15:50:00;1004.3666666666667;10.4;3.733333333333333;0.0;2025-01-29 15:50:00;4
29-01-2025;16:00:00;1004.35;10.4;3.8;0.0;2025-01-29 16:00:00;4
08-02-2025;09:20:00;1015.4;11.9;3.8499999999999996;0.2;2025-02-08 09:20:00;4
08-02-2025;09:30:00;1015.4;11.933333333333332;4.166666666666667;0.6;2025-02-08 09:30:00;4
08-02-2025;09:40:00;1015.4333333333333;11.966666666666669;4.666666666666667;0.4;2025-02-08 09:40:00;4
08-02-2025;09:50:00;1015.4666666666667;12.033333333333333;4.966666666666666;0.0;2025-02-08 09:50:00;4
08-02-2025;10:00:00;1015.5;12.033333333333333;5.133333333333333;0.2;2025-02-08 10:00:00;4
08-02-2025;10:10:00;1015.5;11.966666666666667;5.566666666666667;0.0;2025-02-08 10:10:00;4
08-02-2025;10:20:00;1015.5999999999999;11.833333333333334;5.833333333333333;0.4;2025-02-08 10:20:00;4
08-02-2025;10:30:00;1015.6999999999999;11.833333333333334;5.766666666666667;0.6;2025-02-08 10:30:00;4
08-02-2025;10:40:00;1015.8;11.966666666666667;5.333333333333333;0.0;2025-02-08 10:40:00;4
08-02-2025;10:50:00;1015.8;12.166666666666666;4.999999999999999;0.0;2025-02-08 10:50:00;4
08-02-2025;11:00:00;1015.8;12.25;4.949999999999999;0.0;2025-02-08 11:00:00;4
08-02-2025;11:50:00;1015.45;12.4;4.5;0.2;2025-02-08 11:50:00;4
08-02-2025;12:00:00;1015.4333333333334;12.433333333333332;4.533333333333333;0.0;2025-02-08 12:00:00;4
08-02-2025;12:10:00;1015.4;12.5;4.466666666666667;0.2;2025-02-08 12:10:00;4
08-02-2025;12:20:00;1015.3666666666667;12.533333333333333;4.6000000000000005;0.2;2025-02-08 12:20:00;4
08-02-2025;12:30:00;1015.2666666666668;12.566666666666668;4.8999999999999995;0.0;2025-02-08 12:30:00;4
08-02-2025;12:40:00;1015.1333333333332;12.666666666666666;5.066666666666666;0.0;2025-02-08 12:40:00;4
08-02-2025;12:50:00;1015.05;12.75;5.199999999999999;0.0;2025-02-08 12:50:00;4
08-02-2025;13:10:00;1014.8;12.95;3.9;0.2;2025-02-08 13:10:00;4
08-02-2025;13:20:00;1014.7666666666668;12.966666666666667;3.9;0.0;2025-02-08 13:20:00;4
08-02-2025;13:30:00;1014.6666666666666;12.966666666666669;3.766666666666667;0.0;2025-02-08 13:30:00;4
08-02-2025;13:40:00;1014.6;12.950000000000003;3.7500000000000004;0.0;2025-02-08 13:40:00;4
14-02-2025;11:50:00;1000.95;15.0;5.1;0.2;2025-02-14 11:50:00;4
14-02-2025;12:00:00;1000.9333333333334;15.166666666666666;5.0;0.0;2025-02-14 12:00:00;4
14-02-2025;12:10:00;1000.9;15.833333333333334;5.333333333333333;0.0;2025-02-14 12:10:00;4
14-02-2025;12:20:00;1000.9;16.0;5.35;0.0;2025-02-14 12:20:00;4
14-02-2025;13:10:00;999.9;13.55;4.4;2.8;2025-02-14 13:10:00;4
14-02-2025;13:20:00;999.8000000000001;13.533333333333333;4.733333333333333;0.2;2025-02-14 13:20:00;4
14-02-2025;13:30:00;999.6;13.6;5.333333333333333;0.0;2025-02-14 13:30:00;4
14-02-2025;13:40:00;999.4333333333334;13.9;6.533333333333334;0.0;2025-02-14 13:40:00;4
14-02-2025;13:50:00;999.3500000000001;14.100000000000001;7.1000000000000005;0.0;2025-02-14 13:50:00;4
14-02-2025;18:50:00;998.95;11.45;7.35;1.0;2025-02-14 18:50:00;4
14-02-2025;19:00:00;998.9333333333334;11.466666666666667;7.3999999999999995;1.0;2025-02-14 19:00:00;4
14-02-2025;19:10:00;998.8666666666667;11.4;6.933333333333334;0.0;2025-02-14 19:10:00;4
14-02-2025;19:20:00;998.9;11.533333333333331;6.300000000000001;0.0;2025-02-14 19:20:00;4
14-02-2025;19:30:00;998.9;11.549999999999997;5.700000000000001;0.0;2025-02-14 19:30:00;4
14-02-2025;23:20:00;997.9;13.0;4.55;0.2;2025-02-14 23:20:00;4
14-02-2025;23:30:00;997.8666666666667;13.0;4.266666666666667;0.0;2025-02-14 23:30:00;4
14-02-2025;23:40:00;997.8333333333334;13.0;3.9;0.0;2025-02-14 23:40:00;4
14-02-2025;23:50:00;997.8;13.0;3.55;0.0;2025-02-14 23:50:00;4
15-02-2025;03:40:00;994.6500000000001;12.1;4.4;0.4;2025-02-15 03:40:00;4
15-02-2025;03:50:00;994.6333333333333;12.066666666666668;4.433333333333334;0.2;2025-02-15 03:50:00;4
15-02-2025;04:00:00;994.5666666666666;12.0;4.3999999999999995;0.0;2025-02-15 04:00:00;4
15-02-2025;04:10:00;994.4666666666667;12.299999999999999;4.233333333333333;0.0;2025-02-15 04:10:00;4
15-02-2025;04:20:00;994.5666666666666;12.4;4.2;0.0;2025-02-15 04:20:00;4
15-02-2025;04:30:00;994.8666666666667;11.666666666666666;4.333333333333334;0.2;2025-02-15 04:30:00;4
15-02-2025;04:40:00;995.1;10.566666666666666;4.233333333333333;1.8;2025-02-15 04:40:00;4
15-02-2025;04:50:00;995.0;9.6;4.466666666666667;2.2;2025-02-15 04:50:00;4
15-02-2025;05:00:00;994.6999999999999;9.466666666666667;4.333333333333333;0.6;2025-02-15 05:00:00;4
15-02-2025;05:10:00;994.5333333333333;9.700000000000001;4.233333333333333;0.6;2025-02-15 05:10:00;4
15-02-2025;05:20:00;994.3666666666668;9.9;3.6999999999999997;0.0;2025-02-15 05:20:00;4
15-02-2025;05:30:00;994.2333333333335;10.033333333333333;3.6999999999999997;0.0;2025-02-15 05:30:00;4
15-02-2025;05:40:00;994.1;10.05;3.75;0.0;2025-02-15 05:40:00;4
15-02-2025;06:50:00;994.15;10.55;3.7;0.2;2025-02-15 06:50:00;4
15-02-2025;07:00:00;994.0666666666666;10.633333333333333;3.5;0.0;2025-02-15 07:00:00;4
15-02-2025;07:10:00;994.0;10.799999999999999;3.4333333333333336;0.0;2025-02-15 07:10:00;4
15-02-2025;07:20:00;994.0;10.899999999999999;3.3000000000000003;0.0;2025-02-15 07:20:00;4
15-02-2025;08:30:00;995.1;9.35;4.05;1.6;2025-02-15 08:30:00;4
15-02-2025;08:40:00;995.0666666666666;9.566666666666666;3.766666666666667;0.0;2025-02-15 08:40:00;4
15-02-2025;08:50:00;995.0666666666667;9.9;3.6333333333333333;0.2;2025-02-15 08:50:00;4
15-02-2025;09:00:00;995.0333333333333;10.299999999999999;3.866666666666667;0.0;2025-02-15 09:00:00;4
15-02-2025;09:10:00;995.0666666666666;10.733333333333334;4.266666666666667;0.0;2025-02-15 09:10:00;4
15-02-2025;09:20:00;995.05;11.000000000000002;4.3500000000000005;0.0;2025-02-15 09:20:00;4
15-02-2025;12:40:00;995.6500000000001;9.649999999999999;5.5;0.8;2025-02-15 12:40:00;4
15-02-2025;12:50:00;995.6999999999999;9.533333333333333;4.966666666666667;1.2;2025-02-15 12:50:00;4
15-02-2025;13:00:00;995.8333333333334;9.2;4.8;0.8;2025-02-15 13:00:00;4
15-02-2025;13:10:00;995.8666666666667;9.233333333333333;4.766666666666667;0.8;2025-02-15 13:10:00;4
15-02-2025;13:20:00;995.8666666666667;9.466666666666667;5.166666666666667;0.6;2025-02-15 13:20:00;4
15-02-2025;13:30:00;995.6999999999999;9.799999999999999;5.266666666666667;0.2;2025-02-15 13:30:00;4
15-02-2025;13:40:00;995.5999999999999;10.4;5.233333333333333;0.0;2025-02-15 13:40:00;4
15-02-2025;13:50:00;995.5;11.033333333333333;5.166666666666667;0.0;2025-02-15 13:50:00;4
15-02-2025;14:00:00;995.5;11.5;5.1;0.0;2025-02-15 14:00:00;4
15-02-2025;14:40:00;996.05;10.05;4.5;0.4;2025-02-15 14:40:00;4
15-02-2025;14:50:00;996.1;9.9;4.266666666666667;1.0;2025-02-15 14:50:00;4
15-02-2025;15:00:00;996.1999999999999;9.733333333333334;4.1;0.4;2025-02-15 15:00:00;4
15-02-2025;15:10:00;996.2666666666668;9.833333333333334;4.0;0.2;2025-02-15 15:10:00;4
15-02-2025;15:20:00;996.2666666666665;10.033333333333333;3.8333333333333335;0.0;2025-02-15 15:20:00;4
15-02-2025;15:30:00;996.2666666666668;10.299999999999999;3.7000000000000006;0.0;2025-02-15 15:30:00;4
15-02-2025;15:40:00;996.25;10.4;3.4000000000000004;0.0;2025-02-15 15:40:00;4
24-02-2025;20:20:00;1015.8;11.7;3.1;0.2;2025-02-24 20:20:00;4
24-02-2025;20:30:00;1015.8;11.633333333333333;2.9;0.4;2025-02-24 20:30:00;4
24-02-2025;20:40:00;1015.8;11.533333333333333;2.6666666666666665;0.2;2025-02-24 20:40:00;4
24-02-2025;20:50:00;1015.8333333333334;11.466666666666667;2.3666666666666667;0.0;2025-02-24 20:50:00;4
24-02-2025;21:00:00;1015.8666666666667;11.433333333333332;2.466666666666667;0.0;2025-02-24 21:00:00;4
24-02-2025;21:10:00;1015.9;11.4;2.5;0.0;2025-02-24 21:10:00;4
24-02-2025;22:20:00;1015.8;11.75;0.8;0.2;2025-02-24 22:20:00;4
24-02-2025;22:30:00;1015.7333333333332;11.766666666666666;0.7000000000000001;0.0;2025-02-24 22:30:00;4
24-02-2025;22:40:00;1015.6333333333333;11.666666666666666;0.4666666666666666;0.4;2025-02-24 22:40:00;4
24-02-2025;22:50:00;1015.5333333333333;11.533333333333333;0.9;0.2;2025-02-24 22:50:00;4
24-02-2025;23:00:00;1015.5;11.366666666666667;1.3666666666666665;0.0;2025-02-24 23:00:00;4
24-02-2025;23:10:00;1015.5;11.333333333333334;1.8333333333333333;0.0;2025-02-24 23:10:00;4
24-02-2025;23:20:00;1015.5;11.3;1.9;0.0;2025-02-24 23:20:00;4
24-02-2025;23:40:00;1015.2;11.2;2.15;0.2;2025-02-24 23:40:00;4
24-02-2025;23:50:00;1015.1666666666666;11.233333333333334;2.3333333333333335;0.0;2025-02-24 23:50:00;4
25-02-2025;00:00:00;1015.0666666666666;11.266666666666666;2.6;0.0;2025-02-25 00:00:00;4
25-02-2025;00:10:00;1015.05;11.3;2.6500000000000004;0.0;2025-02-25 00:10:00;4
25-02-2025;01:00:00;1014.8;10.9;2.45;0.6;2025-02-25 01:00:00;4
25-02-2025;01:10:00;1014.7666666666668;10.799999999999999;2.466666666666667;0.6;2025-02-25 01:10:00;4
25-02-2025;01:20:00;1014.7;10.666666666666666;2.5;0.2;2025-02-25 01:20:00;4
25-02-2025;01:30:00;1014.7;10.6;2.4;0.2;2025-02-25 01:30:00;4
25-02-2025;01:40:00;1014.6333333333333;10.6;2.5;0.4;2025-02-25 01:40:00;4
25-02-2025;01:50:00;1014.5;10.6;2.9333333333333336;0.2;2025-02-25 01:50:00;4
25-02-2025;02:00:00;1014.3333333333334;10.6;3.3000000000000003;0.0;2025-02-25 02:00:00;4
25-02-2025;02:10:00;1014.1666666666666;10.6;3.5666666666666664;0.0;2025-02-25 02:10:00;4
25-02-2025;02:20:00;1014.1000000000001;10.6;3.6;0.0;2025-02-25 02:20:00;4
25-02-2025;02:50:00;1013.75;10.95;3.5;0.2;2025-02-25 02:50:00;4
25-02-2025;03:00:00;1013.6333333333333;11.066666666666668;3.4;0.2;2025-02-25 03:00:00;4
25-02-2025;03:10:00;1013.4666666666667;11.233333333333334;3.1666666666666665;0.2;2025-02-25 03:10:00;4
25-02-2025;03:20:00;1013.3666666666667;11.4;2.8333333333333335;0.4;2025-02-25 03:20:00;4
25-02-2025;03:30:00;1013.2999999999998;11.533333333333331;2.9333333333333336;0.2;2025-02-25 03:30:00;4
25-02-2025;03:40:00;1013.2333333333335;11.6;2.5;0.6;2025-02-25 03:40:00;4
25-02-2025;03:50:00;1013.1666666666666;11.633333333333333;2.3000000000000003;0.2;2025-02-25 03:50:00;4
25-02-2025;04:00:00;1013.1333333333333;11.633333333333333;1.9333333333333333;0.0;2025-02-25 04:00:00;4
25-02-2025;04:10:00;1013.0333333333334;11.699999999999998;2.1666666666666665;0.2;2025-02-25 04:10:00;4
25-02-2025;04:20:00;1012.9333333333333;11.766666666666666;2.3666666666666667;0.2;2025-02-25 04:20:00;4
25-02-2025;04:30:00;1012.8666666666667;11.766666666666666;2.4333333333333336;0.0;2025-02-25 04:30:00;4
25-02-2025;04:40:00;1012.8666666666667;11.700000000000001;2.3000000000000003;0.0;2025-02-25 04:40:00;4
25-02-2025;04:50:00;1012.8499999999999;11.65;2.45;0.0;2025-02-25 04:50:00;4
25-02-2025;05:10:00;1012.8499999999999;11.55;1.85;0.8;2025-02-25 05:10:00;4
25-02-2025;05:20:00;1012.8333333333334;11.566666666666668;1.7333333333333334;1.6;2025-02-25 05:20:00;4
25-02-2025;05:30:00;1012.8333333333334;11.6;1.6333333333333335;2.0;2025-02-25 05:30:00;4
25-02-2025;05:40:00;1012.7666666666665;11.6;1.4333333333333336;0.0;2025-02-25 05:40:00;4
25-02-2025;05:50:00;1012.7333333333335;11.566666666666668;1.3;0.0;2025-02-25 05:50:00;4
25-02-2025;06:00:00;1012.7;11.55;1.15;0.0;2025-02-25 06:00:00;4
25-02-2025;06:20:00;1012.6;11.7;1.5499999999999998;0.6;2025-02-25 06:20:00;4
25-02-2025;06:30:00;1012.6;11.7;1.6666666666666667;0.0;2025-02-25 06:30:00;4
25-02-2025;06:40:00;1012.6;11.6;1.8333333333333333;0.8;2025-02-25 06:40:00;4
25-02-2025;06:50:00;1012.6;11.533333333333333;2.1333333333333333;0.4;2025-02-25 06:50:00;4
25-02-2025;07:00:00;1012.6333333333333;11.5;2.3000000000000003;0.0;2025-02-25 07:00:00;4
25-02-2025;07:10:00;1012.6666666666666;11.633333333333335;2.3333333333333335;0.0;2025-02-25 07:10:00;4
25-02-2025;07:20:00;1012.7;11.700000000000003;2.35;0.0;2025-02-25 07:20:00;4
25-02-2025;07:40:00;1012.75;11.850000000000001;2.3;0.2;2025-02-25 07:40:00;4
25-02-2025;07:50:00;1012.6999999999999;11.933333333333332;2.533333333333333;0.0;2025-02-25 07:50:00;4
25-02-2025;08:00:00;1012.6333333333333;12.066666666666668;2.8000000000000003;0.0;2025-02-25 08:00:00;4
25-02-2025;08:10:00;1012.6;12.150000000000002;2.9000000000000004;0.0;2025-02-25 08:10:00;4
26-02-2025;00:00:00;1008.0;13.3;4.1;0.2;2025-02-26 00:00:00;4
26-02-2025;00:10:00;1007.9333333333334;13.366666666666667;3.766666666666667;0.0;2025-02-26 00:10:00;4
26-02-2025;00:20:00;1007.8666666666667;13.433333333333332;3.6;0.0;2025-02-26 00:20:00;4
26-02-2025;00:30:00;1007.8499999999999;13.5;3.4000000000000004;0.0;2025-02-26 00:30:00;4
26-02-2025;02:30:00;1006.6500000000001;12.6;4.05;0.4;2025-02-26 02:30:00;4
26-02-2025;02:40:00;1006.6;12.666666666666666;3.6666666666666665;0.4;2025-02-26 02:40:00;4
26-02-2025;02:50:00;1006.4666666666667;12.799999999999999;3.0666666666666664;0.0;2025-02-26 02:50:00;4
26-02-2025;03:00:00;1006.3333333333334;12.966666666666667;3.033333333333333;0.8;2025-02-26 03:00:00;4
26-02-2025;03:10:00;1006.1666666666666;13.1;3.1666666666666665;0.8;2025-02-26 03:10:00;4
26-02-2025;03:20:00;1006.0333333333333;13.200000000000001;3.133333333333333;0.4;2025-02-26 03:20:00;4
26-02-2025;03:30:00;1005.9333333333334;13.266666666666666;3.1333333333333333;0.2;2025-02-26 03:30:00;4
26-02-2025;03:40:00;1005.8333333333334;13.3;3.1;0.0;2025-02-26 03:40:00;4
26-02-2025;03:50:00;1005.7666666666668;13.333333333333334;3.1333333333333333;0.0;2025-02-26 03:50:00;4
26-02-2025;04:00:00;1005.7;13.350000000000001;3.1;0.0;2025-02-26 04:00:00;4
26-02-2025;04:20:00;1005.6;13.3;4.45;0.2;2025-02-26 04:20:00;4
26-02-2025;04:30:00;1005.5666666666666;13.266666666666666;4.2;0.2;2025-02-26 04:30:00;4
26-02-2025;04:40:00;1005.5333333333334;13.266666666666666;3.8333333333333335;0.6;2025-02-26 04:40:00;4
26-02-2025;04:50:00;1005.4666666666667;13.299999999999999;3.6666666666666665;0.0;2025-02-26 04:50:00;4
26-02-2025;05:00:00;1005.4;13.366666666666667;3.733333333333333;0.0;2025-02-26 05:00:00;4
26-02-2025;05:10:00;1005.2666666666668;13.433333333333332;3.9666666666666663;0.0;2025-02-26 05:10:00;4
26-02-2025;05:20:00;1005.1666666666666;13.433333333333335;4.166666666666667;0.2;2025-02-26 05:20:00;4
26-02-2025;05:30:00;1005.1;13.366666666666667;4.5;0.0;2025-02-26 05:30:00;4
26-02-2025;05:40:00;1005.0666666666666;13.233333333333334;4.8999999999999995;0.0;2025-02-26 05:40:00;4
26-02-2025;05:50:00;1005.05;13.150000000000002;5.1;0.0;2025-02-26 05:50:00;4
26-02-2025;07:10:00;1004.9;12.850000000000001;5.85;0.2;2025-02-26 07:10:00;4
26-02-2025;07:20:00;1004.9333333333334;12.466666666666667;5.933333333333334;0.2;2025-02-26 07:20:00;4
26-02-2025;07:30:00;1004.9666666666666;11.966666666666669;5.833333333333333;0.8;2025-02-26 07:30:00;4
26-02-2025;07:40:00;1005.0;11.966666666666667;4.8;3.8;2025-02-26 07:40:00;4
26-02-2025;07:50:00;1005.0333333333333;12.333333333333334;3.9000000000000004;3.4;2025-02-26 07:50:00;4
26-02-2025;08:00:00;1005.0;12.666666666666666;3.6;2.2;2025-02-26 08:00:00;4
26-02-2025;08:10:00;1004.9666666666667;12.966666666666667;4.133333333333333;1.0;2025-02-26 08:10:00;4
26-02-2025;08:20:00;1004.9;13.1;4.566666666666666;0.0;2025-02-26 08:20:00;4
26-02-2025;08:30:00;1004.8666666666667;13.299999999999999;4.733333333333333;0.2;2025-02-26 08:30:00;4
26-02-2025;08:40:00;1004.8333333333334;13.466666666666667;4.433333333333333;0.4;2025-02-26 08:40:00;4
26-02-2025;08:50:00;1004.7333333333332;13.666666666666666;4.466666666666667;0.0;2025-02-26 08:50:00;4
26-02-2025;09:00:00;1004.6333333333333;13.766666666666667;4.766666666666667;0.0;2025-02-26 09:00:00;4
26-02-2025;09:10:00;1004.5500000000001;13.8;5.2;0.0;2025-02-26 09:10:00;4
26-02-2025;14:30:00;1002.5;14.3;3.3;0.2;2025-02-26 14:30:00;4
26-02-2025;14:40:00;1002.4333333333334;14.3;3.3666666666666667;0.0;2025-02-26 14:40:00;4
26-02-2025;14:50:00;1002.3333333333334;14.3;3.466666666666667;0.0;2025-02-26 14:50:00;4
26-02-2025;15:00:00;1002.3;14.3;3.5;0.0;2025-02-26 15:00:00;4
26-02-2025;15:20:00;1002.6500000000001;12.65;9.2;0.2;2025-02-26 15:20:00;4
26-02-2025;15:30:00;1002.5666666666666;12.333333333333334;8.366666666666667;0.6;2025-02-26 15:30:00;4
26-02-2025;15:40:00;1002.5;11.666666666666666;7.166666666666667;1.0;2025-02-26 15:40:00;4
26-02-2025;15:50:00;1002.3666666666667;11.466666666666667;5.0;0.4;2025-02-26 15:50:00;4
26-02-2025;16:00:00;1002.4666666666667;11.4;4.1000000000000005;0.0;2025-02-26 16:00:00;4
26-02-2025;16:10:00;1002.6333333333332;11.533333333333333;3.5666666666666664;0.0;2025-02-26 16:10:00;4
26-02-2025;16:20:00;1002.8000000000001;11.666666666666666;3.9;0.0;2025-02-26 16:20:00;4
26-02-2025;16:30:00;1002.8666666666667;11.800000000000002;4.866666666666666;0.6;2025-02-26 16:30:00;4
26-02-2025;16:40:00;1002.8666666666667;11.799999999999999;6.3;0.4;2025-02-26 16:40:00;4
26-02-2025;16:50:00;1002.8666666666667;11.733333333333334;7.033333333333334;0.2;2025-02-26 16:50:00;4
26-02-2025;17:00:00;1002.8333333333334;11.533333333333333;7.433333333333333;0.2;2025-02-26 17:00:00;4
26-02-2025;17:10:00;1002.8333333333334;11.266666666666666;7.766666666666666;0.2;2025-02-26 17:10:00;4
26-02-2025;17:20:00;1002.8666666666667;10.933333333333332;8.1;0.0;2025-02-26 17:20:00;4
26-02-2025;17:30:00;1002.9;10.733333333333334;7.3999999999999995;0.0;2025-02-26 17:30:00;4
26-02-2025;17:40:00;1002.9;10.65;6.8999999999999995;0.0;2025-02-26 17:40:00;4
26-02-2025;18:20:00;1003.1500000000001;10.7;3.0;0.2;2025-02-26 18:20:00;4
26-02-2025;18:30:00;1003.1666666666666;10.7;2.8333333333333335;0.0;2025-02-26 18:30:00;4
26-02-2025;18:40:00;1003.2333333333335;10.7;2.733333333333333;0.0;2025-02-26 18:40:00;4
26-02-2025;18:50:00;1003.2666666666665;10.666666666666666;2.8000000000000003;0.2;2025-02-26 18:50:00;4
26-02-2025;19:00:00;1003.3333333333334;10.633333333333333;2.766666666666667;0.2;2025-02-26 19:00:00;4
26-02-2025;19:10:00;1003.4;10.6;2.533333333333333;0.0;2025-02-26 19:10:00;4
26-02-2025;19:20:00;1003.4666666666667;10.6;2.1333333333333333;0.2;2025-02-26 19:20:00;4
26-02-2025;19:30:00;1003.4666666666667;10.6;2.1666666666666665;0.0;2025-02-26 19:30:00;4
26-02-2025;19:40:00;1003.4333333333334;10.5;2.6666666666666665;0.2;2025-02-26 19:40:00;4
26-02-2025;19:50:00;1003.4;10.200000000000001;3.233333333333333;0.2;2025-02-26 19:50:00;4
26-02-2025;20:00:00;1003.3666666666667;9.866666666666665;3.3666666666666667;0.2;2025-02-26 20:00:00;4
26-02-2025;20:10:00;1003.3333333333334;9.566666666666665;3.5;0.2;2025-02-26 20:10:00;4
26-02-2025;20:20:00;1003.3;9.466666666666667;3.5666666666666664;0.2;2025-02-26 20:20:00;4
26-02-2025;20:30:00;1003.3333333333334;9.366666666666667;4.0;0.2;2025-02-26 20:30:00;4
26-02-2025;20:40:00;1003.3666666666667;9.4;3.766666666666667;0.2;2025-02-26 20:40:00;4
26-02-2025;20:50:00;1003.3666666666667;9.566666666666668;4.233333333333333;0.2;2025-02-26 20:50:00;4
26-02-2025;21:00:00;1003.3333333333334;9.766666666666667;4.966666666666667;0.4;2025-02-26 21:00:00;4
26-02-2025;21:10:00;1003.3333333333334;9.9;6.366666666666667;0.8;2025-02-26 21:10:00;4
26-02-2025;21:20:00;1003.3666666666667;9.833333333333334;6.833333333333333;0.6;2025-02-26 21:20:00;4
26-02-2025;21:30:00;1003.4333333333333;9.799999999999999;7.0;0.6;2025-02-26 21:30:00;4
26-02-2025;21:40:00;1003.4666666666667;9.766666666666667;6.533333333333334;0.8;2025-02-26 21:40:00;4
26-02-2025;21:50:00;1003.5;9.766666666666666;7.099999999999999;0.6;2025-02-26 21:50:00;4
26-02-2025;22:00:00;1003.5666666666666;9.766666666666667;6.8;0.6;2025-02-26 22:00:00;4
26-02-2025;22:10:00;1003.6666666666666;9.766666666666666;5.766666666666667;0.4;2025-02-26 22:10:00;4
26-02-2025;22:20:00;1003.7666666666665;9.766666666666667;4.5;0.4;2025-02-26 22:20:00;4
26-02-2025;22:30:00;1003.8;9.7;4.1000000000000005;0.2;2025-02-26 22:30:00;4
26-02-2025;22:40:00;1003.8;9.533333333333333;4.333333333333333;0.4;2025-02-26 22:40:00;4
26-02-2025;22:50:00;1003.7666666666668;9.4;4.0;0.2;2025-02-26 22:50:00;4
26-02-2025;23:00:00;1003.7666666666665;9.333333333333334;3.6999999999999997;0.2;2025-02-26 23:00:00;4
26-02-2025;23:10:00;1003.7333333333335;9.299999999999999;3.733333333333333;0.2;2025-02-26 23:10:00;4
26-02-2025;23:20:00;1003.7333333333332;9.266666666666666;3.8000000000000003;0.0;2025-02-26 23:20:00;4
26-02-2025;23:30:00;1003.7;9.2;3.733333333333333;0.0;2025-02-26 23:30:00;4
26-02-2025;23:40:00;1003.7;9.2;3.5999999999999996;0.0;2025-02-26 23:40:00;4
27-02-2025;00:30:00;1003.8499999999999;9.25;2.8499999999999996;0.2;2025-02-27 00:30:00;4
27-02-2025;00:40:00;1003.8666666666667;9.133333333333333;2.6666666666666665;0.0;2025-02-27 00:40:00;4
27-02-2025;00:50:00;1003.8666666666667;8.933333333333332;2.4;0.0;2025-02-27 00:50:00;4
27-02-2025;01:00:00;1003.8499999999999;8.799999999999999;2.45;0.0;2025-02-27 01:00:00;4
27-02-2025;01:50:00;1003.45;9.8;2.5999999999999996;0.2;2025-02-27 01:50:00;4
27-02-2025;02:00:00;1003.4333333333334;9.766666666666666;2.233333333333333;0.0;2025-02-27 02:00:00;4
27-02-2025;02:10:00;1003.4;9.733333333333333;1.7999999999999998;0.0;2025-02-27 02:10:00;4
27-02-2025;02:20:00;1003.4;9.649999999999999;1.3;0.0;2025-02-27 02:20:00;4
27-02-2025;04:20:00;1003.2;9.45;2.55;0.2;2025-02-27 04:20:00;4
27-02-2025;04:30:00;1003.1666666666666;9.433333333333334;2.6666666666666665;0.0;2025-02-27 04:30:00;4
27-02-2025;04:40:00;1003.1333333333333;9.366666666666667;2.733333333333333;0.0;2025-02-27 04:40:00;4
27-02-2025;04:50:00;1003.1;9.4;2.8499999999999996;0.0;2025-02-27 04:50:00;4
01-03-2025;17:30:00;1007.7;12.75;3.1999999999999997;0.2;2025-03-01 17:30:00;4
01-03-2025;17:40:00;1007.6999999999999;12.6;3.233333333333333;0.0;2025-03-01 17:40:00;4
01-03-2025;17:50:00;1007.6333333333333;12.433333333333335;3.4666666666666663;0.0;2025-03-01 17:50:00;4
01-03-2025;18:00:00;1007.6500000000001;12.350000000000001;3.1499999999999995;0.0;2025-03-01 18:00:00;4
10-03-2025;18:30:00;997.7;15.55;2.45;0.2;2025-03-10 18:30:00;4
10-03-2025;18:40:00;997.6666666666666;15.566666666666668;2.5;0.0;2025-03-10 18:40:00;4
10-03-2025;18:50:00;997.7333333333332;15.633333333333333;2.8333333333333335;0.0;2025-03-10 18:50:00;4
10-03-2025;19:00:00;997.6999999999998;15.649999999999999;2.95;0.0;2025-03-10 19:00:00;4
10-03-2025;19:30:00;997.5;15.55;3.45;0.2;2025-03-10 19:30:00;4
10-03-2025;19:40:00;997.4666666666667;15.5;3.5333333333333337;0.2;2025-03-10 19:40:00;4
10-03-2025;19:50:00;997.4333333333333;15.433333333333332;3.4333333333333336;0.2;2025-03-10 19:50:00;4
10-03-2025;20:00:00;997.3000000000001;15.533333333333333;4.066666666666666;0.0;2025-03-10 20:00:00;4
10-03-2025;20:10:00;997.4333333333333;15.700000000000001;4.300000000000001;0.0;2025-03-10 20:10:00;4
10-03-2025;20:20:00;997.5;15.850000000000001;4.500000000000001;0.0;2025-03-10 20:20:00;4
10-03-2025;21:10:00;996.8499999999999;15.850000000000001;5.5;0.2;2025-03-10 21:10:00;4
10-03-2025;21:20:00;996.8000000000001;15.9;6.1000000000000005;0.0;2025-03-10 21:20:00;4
10-03-2025;21:30:00;996.7666666666665;16.03333333333333;6.8;0.0;2025-03-10 21:30:00;4
10-03-2025;21:40:00;996.75;16.099999999999998;7.3;0.0;2025-03-10 21:40:00;4
10-03-2025;22:00:00;996.8;15.7;6.6;0.2;2025-03-10 22:00:00;4
10-03-2025;22:10:00;996.7333333333332;15.733333333333334;7.1000000000000005;0.0;2025-03-10 22:10:00;4
10-03-2025;22:20:00;996.5333333333333;15.733333333333334;7.8999999999999995;0.0;2025-03-10 22:20:00;4
10-03-2025;22:30:00;996.45;15.8;8.4;0.0;2025-03-10 22:30:00;4
10-03-2025;23:40:00;996.4;15.55;7.9;0.2;2025-03-10 23:40:00;4
10-03-2025;23:50:00;996.4333333333334;15.566666666666668;8.299999999999999;0.0;2025-03-10 23:50:00;4
11-03-2025;00:00:00;996.3333333333334;15.6;8.366666666666665;0.0;2025-03-11 00:00:00;4
11-03-2025;00:10:00;996.35;15.649999999999999;8.649999999999999;0.0;2025-03-11 00:10:00;4
11-03-2025;02:50:00;995.75;15.65;3.7;0.2;2025-03-11 02:50:00;4
11-03-2025;03:00:00;995.5666666666666;15.433333333333332;3.5333333333333337;0.2;2025-03-11 03:00:00;4
11-03-2025;03:10:00;995.3000000000001;15.066666666666668;3.3000000000000003;0.4;2025-03-11 03:10:00;4
11-03-2025;03:20:00;995.2666666666668;14.933333333333332;3.1;0.0;2025-03-11 03:20:00;4
11-03-2025;03:30:00;995.4333333333334;14.966666666666667;3.0666666666666664;0.0;2025-03-11 03:30:00;4
11-03-2025;03:40:00;995.8000000000001;15.033333333333333;3.8000000000000003;0.0;2025-03-11 03:40:00;4
11-03-2025;03:50:00;996.0999999999999;15.0;4.633333333333334;0.4;2025-03-11 03:50:00;4
11-03-2025;04:00:00;996.2666666666668;14.9;5.766666666666667;0.8;2025-03-11 04:00:00;4
11-03-2025;04:10:00;996.1666666666666;14.799999999999999;5.0;1.0;2025-03-11 04:10:00;4
11-03-2025;04:20:00;996.1333333333333;14.733333333333334;4.166666666666667;0.0;2025-03-11 04:20:00;4
11-03-2025;04:30:00;996.1;14.666666666666666;2.6;0.0;2025-03-11 04:30:00;4
11-03-2025;04:40:00;996.1500000000001;14.65;2.2;0.0;2025-03-11 04:40:00;4
11-03-2025;05:30:00;995.95;14.4;2.7;0.2;2025-03-11 05:30:00;4
11-03-2025;05:40:00;996.1333333333333;14.299999999999999;2.8000000000000003;0.2;2025-03-11 05:40:00;4
11-03-2025;05:50:00;996.2666666666668;14.200000000000001;3.4;0.2;2025-03-11 05:50:00;4
11-03-2025;06:00:00;996.5666666666666;14.1;4.1000000000000005;0.0;2025-03-11 06:00:00;4
11-03-2025;06:10:00;996.5;14.033333333333331;4.5;0.0;2025-03-11 06:10:00;4
11-03-2025;06:20:00;996.5;13.95;4.25;0.0;2025-03-11 06:20:00;4
12-03-2025;03:00:00;996.5;13.8;1.7999999999999998;0.2;2025-03-12 03:00:00;4
12-03-2025;03:10:00;996.4333333333334;13.766666666666666;1.9333333333333333;0.0;2025-03-12 03:10:00;4
12-03-2025;03:20:00;996.4333333333334;13.666666666666666;2.1;0.0;2025-03-12 03:20:00;4
12-03-2025;03:30:00;996.4000000000001;13.649999999999999;2.2;0.0;2025-03-12 03:30:00;4
12-03-2025;18:00:00;990.8;13.1;10.35;0.2;2025-03-12 18:00:00;4
12-03-2025;18:10:00;990.8;13.066666666666668;9.333333333333334;0.2;2025-03-12 18:10:00;4
12-03-2025;18:20:00;990.8;12.933333333333332;8.833333333333332;0.6;2025-03-12 18:20:00;4
12-03-2025;18:30:00;990.7333333333332;12.766666666666666;7.633333333333333;0.6;2025-03-12 18:30:00;4
12-03-2025;18:40:00;990.5333333333333;12.566666666666668;6.366666666666666;0.6;2025-03-12 18:40:00;4
12-03-2025;18:50:00;990.3333333333334;12.433333333333332;4.3;0.4;2025-03-12 18:50:00;4
12-03-2025;19:00:00;990.2666666666668;12.433333333333332;2.6999999999999997;0.2;2025-03-12 19:00:00;4
12-03-2025;19:10:00;990.3333333333334;12.466666666666669;2.3666666666666667;0.0;2025-03-12 19:10:00;4
12-03-2025;19:20:00;990.3333333333334;12.533333333333333;2.533333333333333;0.0;2025-03-12 19:20:00;4
12-03-2025;19:30:00;990.3;12.55;2.7;0.0;2025-03-12 19:30:00;4
13-03-2025;05:50:00;991.4;13.95;7.4;0.2;2025-03-13 05:50:00;4
13-03-2025;06:00:00;991.4666666666667;14.0;7.933333333333333;0.0;2025-03-13 06:00:00;4
13-03-2025;06:10:00;991.4666666666667;14.0;9.200000000000001;0.0;2025-03-13 06:10:00;4
13-03-2025;06:20:00;991.45;14.05;9.5;0.0;2025-03-13 06:20:00;4
14-03-2025;00:50:00;997.1;14.149999999999999;5.0;0.2;2025-03-14 00:50:00;4
14-03-2025;01:00:00;997.0;14.066666666666668;5.133333333333334;0.4;2025-03-14 01:00:00;4
14-03-2025;01:10:00;996.8666666666668;13.9;5.333333333333333;0.2;2025-03-14 01:10:00;4
14-03-2025;01:20:00;996.7666666666668;13.799999999999999;5.233333333333333;0.2;2025-03-14 01:20:00;4
14-03-2025;01:30:00;996.8000000000001;13.766666666666666;5.1000000000000005;0.2;2025-03-14 01:30:00;4
14-03-2025;01:40:00;996.8000000000001;13.8;4.966666666666667;0.0;2025-03-14 01:40:00;4
14-03-2025;01:50:00;996.8333333333334;13.8;4.866666666666666;0.2;2025-03-14 01:50:00;4
14-03-2025;02:00:00;996.8333333333334;13.866666666666667;4.7;0.0;2025-03-14 02:00:00;4
14-03-2025;02:10:00;996.8666666666667;13.933333333333332;4.566666666666666;0.2;2025-03-14 02:10:00;4
14-03-2025;02:20:00;996.7333333333332;13.9;4.666666666666667;0.4;2025-03-14 02:20:00;4
14-03-2025;02:30:00;996.4666666666666;13.700000000000001;4.866666666666666;0.2;2025-03-14 02:30:00;4
14-03-2025;02:40:00;996.1;13.433333333333332;5.166666666666667;0.2;2025-03-14 02:40:00;4
14-03-2025;02:50:00;995.8000000000001;13.299999999999999;5.233333333333333;0.2;2025-03-14 02:50:00;4
14-03-2025;03:00:00;995.6;13.133333333333335;5.733333333333333;0.0;2025-03-14 03:00:00;4
14-03-2025;03:10:00;995.8000000000001;13.0;5.733333333333333;0.0;2025-03-14 03:10:00;4
14-03-2025;03:20:00;995.9000000000001;12.850000000000001;6.05;0.0;2025-03-14 03:20:00;4
14-03-2025;03:40:00;995.35;13.05;4.85;0.2;2025-03-14 03:40:00;4
14-03-2025;03:50:00;995.1999999999999;13.066666666666668;4.966666666666667;0.0;2025-03-14 03:50:00;4
14-03-2025;04:00:00;994.9000000000001;13.066666666666665;5.366666666666667;0.2;2025-03-14 04:00:00;4
14-03-2025;04:10:00;994.8333333333334;13.1;5.433333333333333;0.0;2025-03-14 04:10:00;4
14-03-2025;04:20:00;994.9333333333334;13.200000000000001;4.933333333333334;0.0;2025-03-14 04:20:00;4
14-03-2025;04:30:00;995.0500000000002;13.25;4.4;0.0;2025-03-14 04:30:00;4
14-03-2025;05:20:00;995.55;14.149999999999999;3.3;0.2;2025-03-14 05:20:00;4
14-03-2025;05:30:00;996.0;14.133333333333333;2.8000000000000003;0.0;2025-03-14 05:30:00;4
14-03-2025;05:40:00;996.7666666666668;13.933333333333332;2.2666666666666666;0.6;2025-03-14 05:40:00;4
14-03-2025;05:50:00;997.1333333333333;13.6;2.6;0.4;2025-03-14 05:50:00;4
14-03-2025;06:00:00;997.4;13.299999999999999;3.2999999999999994;0.2;2025-03-14 06:00:00;4
14-03-2025;06:10:00;997.5666666666666;13.2;3.6333333333333333;0.2;2025-03-14 06:10:00;4
14-03-2025;06:20:00;997.7333333333332;13.2;3.3333333333333335;0.4;2025-03-14 06:20:00;4
14-03-2025;06:30:00;997.6999999999999;13.133333333333333;2.8666666666666667;0.2;2025-03-14 06:30:00;4
14-03-2025;06:40:00;997.5;13.033333333333333;2.1;0.0;2025-03-14 06:40:00;4
14-03-2025;06:50:00;997.1333333333333;13.033333333333333;2.0;0.0;2025-03-14 06:50:00;4
14-03-2025;07:00:00;996.9000000000001;13.05;1.75;0.0;2025-03-14 07:00:00;4
14-03-2025;08:00:00;995.2;13.45;5.25;0.2;2025-03-14 08:00:00;4
14-03-2025;08:10:00;995.4666666666667;13.433333333333332;5.266666666666667;0.0;2025-03-14 08:10:00;4
14-03-2025;08:20:00;995.4666666666667;13.433333333333332;5.8;0.0;2025-03-14 08:20:00;4
14-03-2025;08:30:00;995.0666666666666;13.5;6.833333333333333;0.0;2025-03-14 08:30:00;4
14-03-2025;08:40:00;994.4333333333334;13.666666666666666;8.033333333333333;0.2;2025-03-14 08:40:00;4
14-03-2025;08:50:00;994.2333333333332;13.866666666666667;8.433333333333334;0.0;2025-03-14 08:50:00;4
14-03-2025;09:00:00;993.9666666666667;14.066666666666665;8.799999999999999;0.0;2025-03-14 09:00:00;4
14-03-2025;09:10:00;993.9;14.149999999999999;8.75;0.0;2025-03-14 09:10:00;4
24-03-2025;02:00:00;1000.8;14.4;1.55;0.2;2025-03-24 02:00:00;4
24-03-2025;02:10:00;1000.7666666666668;14.333333333333334;1.5999999999999999;0.0;2025-03-24 02:10:00;4
24-03-2025;02:20:00;1000.7666666666668;14.233333333333334;1.9333333333333333;0.0;2025-03-24 02:20:00;4
24-03-2025;02:30:00;1000.8000000000002;14.2;1.9999999999999998;0.0;2025-03-24 02:30:00;4
25-03-2025;06:10:00;1005.9;12.4;1.25;0.2;2025-03-25 06:10:00;4
25-03-2025;06:20:00;1005.9333333333334;12.5;1.3;0.0;2025-03-25 06:20:00;4
25-03-2025;06:30:00;1005.9333333333333;12.700000000000001;1.6333333333333335;0.0;2025-03-25 06:30:00;4
25-03-2025;06:40:00;1005.9499999999999;12.85;1.7500000000000002;0.0;2025-03-25 06:40:00;4
27-03-2025;03:30:00;994.8;12.15;1.7999999999999998;0.4;2025-03-27 03:30:00;4
27-03-2025;03:40:00;994.7333333333332;11.966666666666667;1.8666666666666665;4.0;2025-03-27 03:40:00;4
27-03-2025;03:50:00;994.6;11.633333333333335;1.6666666666666667;2.2;2025-03-27 03:50:00;4
27-03-2025;04:00:00;994.5333333333334;11.433333333333332;1.6666666666666667;1.2;2025-03-27 04:00:00;4
27-03-2025;04:10:00;994.4666666666667;11.266666666666666;1.7;0.6;2025-03-27 04:10:00;4
27-03-2025;04:20:00;994.4333333333334;11.133333333333333;1.5666666666666667;0.2;2025-03-27 04:20:00;4
27-03-2025;04:30:00;994.3666666666667;11.133333333333333;1.7999999999999998;0.4;2025-03-27 04:30:00;4
27-03-2025;04:40:00;994.3333333333334;11.166666666666666;1.9333333333333333;0.2;2025-03-27 04:40:00;4
27-03-2025;04:50:00;994.2333333333332;11.166666666666666;2.433333333333333;0.4;2025-03-27 04:50:00;4
27-03-2025;05:00:00;994.1333333333333;11.066666666666668;2.5666666666666664;0.8;2025-03-27 05:00:00;4
27-03-2025;05:10:00;994.0333333333333;11.0;2.6;0.4;2025-03-27 05:10:00;4
27-03-2025;05:20:00;993.9666666666667;11.0;2.733333333333333;0.0;2025-03-27 05:20:00;4
27-03-2025;05:30:00;993.9;11.0;2.6666666666666665;0.0;2025-03-27 05:30:00;4
27-03-2025;05:40:00;993.8499999999999;11.0;2.7;0.0;2025-03-27 05:40:00;4
27-03-2025;23:30:00;992.7;12.5;1.75;0.2;2025-03-27 23:30:00;4
27-03-2025;23:40:00;992.7;12.366666666666667;2.033333333333333;0.2;2025-03-27 23:40:00;4
27-03-2025;23:50:00;992.7;12.133333333333333;2.266666666666667;0.0;2025-03-27 23:50:00;4
28-03-2025;00:00:00;992.7333333333332;11.9;2.2;0.6;2025-03-28 00:00:00;4
28-03-2025;00:10:00;992.7666666666668;11.766666666666666;1.9666666666666666;0.2;2025-03-28 00:10:00;4
28-03-2025;00:20:00;992.8;11.7;1.8666666666666665;0.2;2025-03-28 00:20:00;4
28-03-2025;00:30:00;992.7666666666668;11.7;1.7;0.2;2025-03-28 00:30:00;4
28-03-2025;00:40:00;992.7333333333332;11.666666666666666;1.5333333333333332;0.4;2025-03-28 00:40:00;4
28-03-2025;00:50:00;992.7333333333332;11.666666666666666;1.4666666666666668;0.4;2025-03-28 00:50:00;4
28-03-2025;01:00:00;992.7333333333332;11.6;1.6666666666666667;0.2;2025-03-28 01:00:00;4
28-03-2025;01:10:00;992.7333333333332;11.533333333333331;1.8666666666666665;0.0;2025-03-28 01:10:00;4
28-03-2025;01:20:00;992.6666666666666;11.366666666666667;1.5333333333333332;0.8;2025-03-28 01:20:00;4
28-03-2025;01:30:00;992.6333333333333;11.300000000000002;1.4000000000000001;0.2;2025-03-28 01:30:00;4
28-03-2025;01:40:00;992.5333333333333;11.366666666666667;1.3333333333333333;0.2;2025-03-28 01:40:00;4
28-03-2025;01:50:00;992.4333333333334;11.466666666666667;1.7666666666666666;0.0;2025-03-28 01:50:00;4
28-03-2025;02:00:00;992.3333333333334;11.566666666666668;2.0;0.0;2025-03-28 02:00:00;4
28-03-2025;02:10:00;992.3;11.55;2.1;0.0;2025-03-28 02:10:00;4
28-03-2025;02:30:00;992.1;11.55;2.3;0.2;2025-03-28 02:30:00;4
28-03-2025;02:40:00;992.0333333333333;11.6;2.0666666666666664;0.0;2025-03-28 02:40:00;4
28-03-2025;02:50:00;991.9666666666667;11.666666666666666;2.1666666666666665;0.0;2025-03-28 02:50:00;4
28-03-2025;03:00:00;991.9;11.7;2.1;0.0;2025-03-28 03:00:00;4
28-03-2025;03:30:00;992.0;11.4;1.25;0.2;2025-03-28 03:30:00;4
28-03-2025;03:40:00;991.9333333333334;11.333333333333334;1.4333333333333333;0.0;2025-03-28 03:40:00;4
28-03-2025;03:50:00;991.8000000000001;11.200000000000001;1.4000000000000001;0.0;2025-03-28 03:50:00;4
28-03-2025;04:00:00;991.75;11.15;1.35;0.0;2025-03-28 04:00:00;4
29-03-2025;05:10:00;988.9;11.2;1.45;0.2;2025-03-29 05:10:00;4
29-03-2025;05:20:00;988.9;11.166666666666666;1.4666666666666668;0.0;2025-03-29 05:20:00;4
29-03-2025;05:30:00;988.8666666666667;11.133333333333333;1.7;0.0;2025-03-29 05:30:00;4
29-03-2025;05:40:00;988.7666666666668;11.199999999999998;2.0;0.2;2025-03-29 05:40:00;4
29-03-2025;05:50:00;988.7333333333332;11.266666666666666;2.533333333333333;0.0;2025-03-29 05:50:00;4
29-03-2025;06:00:00;988.7333333333332;11.3;2.466666666666667;0.2;2025-03-29 06:00:00;4
29-03-2025;06:10:00;988.8;11.3;2.1;0.0;2025-03-29 06:10:00;4
29-03-2025;06:20:00;988.8666666666667;11.266666666666666;1.3333333333333333;0.2;2025-03-29 06:20:00;4
29-03-2025;06:30:00;988.9333333333334;11.200000000000001;1.0;0.8;2025-03-29 06:30:00;4
29-03-2025;06:40:00;989.0;11.133333333333333;1.0333333333333334;0.2;2025-03-29 06:40:00;4
29-03-2025;06:50:00;989.0;11.066666666666668;1.3666666666666665;0.0;2025-03-29 06:50:00;4
29-03-2025;07:00:00;989.0;11.066666666666665;1.9666666666666666;0.2;2025-03-29 07:00:00;4
29-03-2025;07:10:00;988.9666666666667;11.066666666666668;2.533333333333333;0.2;2025-03-29 07:10:00;4
29-03-2025;07:20:00;988.9333333333334;11.133333333333333;3.2999999999999994;0.0;2025-03-29 07:20:00;4
29-03-2025;07:30:00;988.9;11.166666666666666;3.6666666666666665;0.0;2025-03-29 07:30:00;4
29-03-2025;07:40:00;988.9;11.299999999999999;3.766666666666666;0.0;2025-03-29 07:40:00;4
29-03-2025;07:50:00;988.9;11.433333333333332;3.4;0.2;2025-03-29 07:50:00;4
29-03-2025;08:00:00;988.9;11.633333333333333;2.9666666666666663;0.2;2025-03-29 08:00:00;4
29-03-2025;08:10:00;988.9333333333334;11.799999999999999;2.8333333333333335;0.0;2025-03-29 08:10:00;4
29-03-2025;08:20:00;989.0666666666666;11.9;2.733333333333334;0.0;2025-03-29 08:20:00;4
29-03-2025;08:30:00;989.1999999999999;12.0;2.733333333333333;0.0;2025-03-29 08:30:00;4
29-03-2025;08:40:00;989.3;12.100000000000001;2.8000000000000003;0.2;2025-03-29 08:40:00;4
29-03-2025;08:50:00;989.3333333333334;12.333333333333334;3.0;0.0;2025-03-29 08:50:00;4
29-03-2025;09:00:00;989.3666666666667;12.5;2.4;0.0;2025-03-29 09:00:00;4
29-03-2025;09:10:00;989.4333333333334;12.666666666666666;1.7666666666666664;0.0;2025-03-29 09:10:00;4
29-03-2025;09:20:00;989.4666666666666;12.799999999999999;1.3333333333333333;0.2;2025-03-29 09:20:00;4
29-03-2025;09:30:00;989.5;12.9;1.6666666666666667;0.0;2025-03-29 09:30:00;4
29-03-2025;09:40:00;989.5;12.9;1.8;0.0;2025-03-29 09:40:00;4
29-03-2025;09:50:00;989.5;12.850000000000001;1.7000000000000002;0.0;2025-03-29 09:50:00;4
29-03-2025;10:10:00;989.6;12.95;2.1;0.2;2025-03-29 10:10:00;4
29-03-2025;10:20:00;989.6;12.833333333333334;2.1;0.0;2025-03-29 10:20:00;4
29-03-2025;10:30:00;989.6;12.633333333333333;2.1333333333333333;0.0;2025-03-29 10:30:00;4
29-03-2025;10:40:00;989.6;12.6;2.15;0.0;2025-03-29 10:40:00;4
29-03-2025;12:10:00;989.6;12.65;2.4;0.2;2025-03-29 12:10:00;4
29-03-2025;12:20:00;989.6333333333333;12.700000000000001;2.466666666666667;0.0;2025-03-29 12:20:00;4
29-03-2025;12:30:00;989.6666666666666;12.633333333333335;2.466666666666667;0.0;2025-03-29 12:30:00;4
29-03-2025;12:40:00;989.6333333333333;12.333333333333334;2.533333333333333;0.4;2025-03-29 12:40:00;4
29-03-2025;12:50:00;989.5666666666666;12.066666666666668;2.466666666666667;0.4;2025-03-29 12:50:00;4
29-03-2025;13:00:00;989.4666666666667;11.966666666666667;2.533333333333333;0.2;2025-03-29 13:00:00;4
29-03-2025;13:10:00;989.4333333333334;12.133333333333335;2.566666666666667;0.0;2025-03-29 13:10:00;4
29-03-2025;13:20:00;989.3666666666667;12.300000000000002;2.766666666666667;0.0;2025-03-29 13:20:00;4
29-03-2025;13:30:00;989.3499999999999;12.450000000000003;2.9000000000000004;0.0;2025-03-29 13:30:00;4
29-03-2025;15:30:00;989.0;11.95;3.05;1.2;2025-03-29 15:30:00;4
29-03-2025;15:40:00;989.0333333333333;11.933333333333332;3.1333333333333333;0.2;2025-03-29 15:40:00;4
29-03-2025;15:50:00;989.1333333333333;11.866666666666667;3.3666666666666667;0.2;2025-03-29 15:50:00;4
29-03-2025;16:00:00;989.1666666666666;11.833333333333334;3.3000000000000003;0.2;2025-03-29 16:00:00;4
29-03-2025;16:10:00;989.1666666666666;11.8;3.233333333333333;0.2;2025-03-29 16:10:00;4
29-03-2025;16:20:00;989.1;11.766666666666666;3.0;0.2;2025-03-29 16:20:00;4
29-03-2025;16:30:00;989.1999999999999;11.700000000000001;2.9333333333333336;0.0;2025-03-29 16:30:00;4
29-03-2025;16:40:00;989.3000000000001;11.6;3.0;0.0;2025-03-29 16:40:00;4
29-03-2025;16:50:00;989.3666666666667;11.533333333333333;3.2999999999999994;0.4;2025-03-29 16:50:00;4
29-03-2025;17:00:00;989.3666666666667;11.466666666666667;3.3666666666666667;0.0;2025-03-29 17:00:00;4
29-03-2025;17:10:00;989.3666666666667;11.4;3.4333333333333336;0.2;2025-03-29 17:10:00;4
29-03-2025;17:20:00;989.4;11.299999999999999;3.466666666666667;0.0;2025-03-29 17:20:00;4
29-03-2025;17:30:00;989.4333333333333;11.233333333333334;3.6666666666666665;0.2;2025-03-29 17:30:00;4
29-03-2025;17:40:00;989.5;11.2;3.6333333333333333;0.2;2025-03-29 17:40:00;4
29-03-2025;17:50:00;989.6;11.233333333333334;3.4666666666666663;0.2;2025-03-29 17:50:00;4
29-03-2025;18:00:00;989.6666666666666;11.233333333333334;3.5666666666666664;0.0;2025-03-29 18:00:00;4
29-03-2025;18:10:00;989.7666666666668;11.266666666666666;3.633333333333333;0.2;2025-03-29 18:10:00;4
29-03-2025;18:20:00;989.8666666666667;11.266666666666666;3.6333333333333333;0.2;2025-03-29 18:20:00;4
29-03-2025;18:30:00;990.0;11.3;3.433333333333333;0.2;2025-03-29 18:30:00;4
29-03-2025;18:40:00;990.1;11.3;3.3000000000000003;0.2;2025-03-29 18:40:00;4
29-03-2025;18:50:00;990.2333333333332;11.3;3.1999999999999997;0.2;2025-03-29 18:50:00;4
29-03-2025;19:00:00;990.3666666666667;11.266666666666666;3.1;0.2;2025-03-29 19:00:00;4
29-03-2025;19:10:00;990.5;11.233333333333334;3.0;0.0;2025-03-29 19:10:00;4
29-03-2025;19:20:00;990.6;11.166666666666666;2.9333333333333336;0.2;2025-03-29 19:20:00;4
29-03-2025;19:30:00;990.6999999999999;11.133333333333333;3.033333333333333;0.2;2025-03-29 19:30:00;4
29-03-2025;19:40:00;990.7666666666668;11.133333333333333;3.1999999999999997;0.4;2025-03-29 19:40:00;4
29-03-2025;19:50:00;990.8666666666667;11.133333333333333;3.5666666666666664;0.4;2025-03-29 19:50:00;4
29-03-2025;20:00:00;990.9666666666667;11.133333333333333;3.766666666666667;0.2;2025-03-29 20:00:00;4
29-03-2025;20:10:00;991.0666666666666;11.066666666666668;4.0;0.4;2025-03-29 20:10:00;4
29-03-2025;20:20:00;991.1;11.033333333333331;3.933333333333333;0.2;2025-03-29 20:20:00;4
29-03-2025;20:30:00;991.1333333333333;11.0;3.933333333333333;0.2;2025-03-29 20:30:00;4
29-03-2025;20:40:00;991.1333333333333;10.966666666666667;3.6;0.2;2025-03-29 20:40:00;4
29-03-2025;20:50:00;991.1666666666666;10.933333333333332;3.233333333333333;0.0;2025-03-29 20:50:00;4
29-03-2025;21:00:00;991.1999999999999;10.933333333333332;2.8333333333333335;0.2;2025-03-29 21:00:00;4
29-03-2025;21:10:00;991.3333333333334;10.966666666666669;2.6333333333333333;0.2;2025-03-29 21:10:00;4
29-03-2025;21:20:00;991.4333333333334;11.0;2.6333333333333333;0.0;2025-03-29 21:20:00;4
29-03-2025;21:30:00;991.5333333333333;11.0;2.6666666666666665;0.2;2025-03-29 21:30:00;4
29-03-2025;21:40:00;991.5666666666666;11.0;2.8000000000000003;0.0;2025-03-29 21:40:00;4
29-03-2025;21:50:00;991.6;11.0;3.0;0.0;2025-03-29 21:50:00;4
29-03-2025;22:00:00;991.6333333333333;11.0;3.233333333333333;0.0;2025-03-29 22:00:00;4
29-03-2025;22:10:00;991.6999999999999;11.0;3.5;0.2;2025-03-29 22:10:00;4
29-03-2025;22:20:00;991.7666666666668;11.066666666666668;3.6333333333333333;0.0;2025-03-29 22:20:00;4
29-03-2025;22:30:00;991.8;11.1;3.5;0.0;2025-03-29 22:30:00;4
29-03-2025;22:40:00;991.8;11.149999999999999;3.3999999999999995;0.0;2025-03-29 22:40:00;4
30-03-2025;00:40:00;992.2;11.3;3.7;0.2;2025-03-30 00:40:00;4
30-03-2025;00:50:00;992.2;11.266666666666666;3.6333333333333333;0.0;2025-03-30 00:50:00;4
30-03-2025;01:00:00;992.2;11.200000000000001;3.533333333333333;0.0;2025-03-30 01:00:00;4
30-03-2025;01:10:00;992.2;11.066666666666668;3.466666666666667;0.4;2025-03-30 01:10:00;4
30-03-2025;01:20:00;992.2;11.0;3.5666666666666664;0.2;2025-03-30 01:20:00;4
30-03-2025;01:30:00;992.2333333333332;10.966666666666667;3.733333333333333;0.0;2025-03-30 01:30:00;4
30-03-2025;01:40:00;992.2666666666668;11.033333333333333;3.7999999999999994;0.0;2025-03-30 01:40:00;4
30-03-2025;01:50:00;992.3;11.05;3.8;0.0;2025-03-30 01:50:00;4
30-03-2025;03:20:00;992.2;11.5;3.95;0.2;2025-03-30 03:20:00;4
30-03-2025;03:30:00;992.2;11.5;3.766666666666667;0.0;2025-03-30 03:30:00;4
30-03-2025;03:40:00;992.2;11.533333333333333;3.733333333333333;0.0;2025-03-30 03:40:00;4
30-03-2025;03:50:00;992.2;11.55;3.5999999999999996;0.0;2025-03-30 03:50:00;4
31-03-2025;07:10:00;995.55;11.75;4.55;0.2;2025-03-31 07:10:00;4
31-03-2025;07:20:00;995.3666666666667;11.833333333333334;5.1000000000000005;0.0;2025-03-31 07:20:00;4
31-03-2025;07:30:00;995.2000000000002;11.833333333333334;5.366666666666667;0.2;2025-03-31 07:30:00;4
31-03-2025;07:40:00;995.1;11.866666666666667;5.566666666666666;0.0;2025-03-31 07:40:00;4
31-03-2025;07:50:00;995.1666666666666;11.866666666666667;5.066666666666667;0.0;2025-03-31 07:50:00;4
31-03-2025;08:00:00;995.2;11.9;4.9;0.0;2025-03-31 08:00:00;4
01-04-2025;09:00:00;993.3;10.149999999999999;5.85;0.2;2025-04-01 09:00:00;4
01-04-2025;09:10:00;993.2666666666668;10.299999999999999;5.966666666666666;0.0;2025-04-01 09:10:00;4
01-04-2025;09:20:00;993.2333333333332;10.533333333333333;6.133333333333333;0.0;2025-04-01 09:20:00;4
01-04-2025;09:30:00;993.2;10.7;6.25;0.0;2025-04-01 09:30:00;4
06-04-2025;16:40:00;997.25;12.1;8.2;0.6;2025-04-06 16:40:00;4
06-04-2025;16:50:00;997.2333333333332;11.700000000000001;8.366666666666667;0.4;2025-04-06 16:50:00;4
06-04-2025;17:00:00;997.3000000000001;11.0;8.6;0.2;2025-04-06 17:00:00;4
06-04-2025;17:10:00;997.4333333333334;10.700000000000001;8.166666666666666;0.2;2025-04-06 17:10:00;4
06-04-2025;17:20:00;997.5;10.533333333333333;8.200000000000001;0.2;2025-04-06 17:20:00;4
06-04-2025;17:30:00;997.6333333333332;10.4;8.166666666666666;0.2;2025-04-06 17:30:00;4
06-04-2025;17:40:00;997.7333333333332;10.4;8.533333333333333;0.2;2025-04-06 17:40:00;4
06-04-2025;17:50:00;998.1;10.5;8.2;0.0;2025-04-06 17:50:00;4
06-04-2025;18:00:00;998.4666666666667;10.6;8.133333333333333;0.0;2025-04-06 18:00:00;4
06-04-2025;18:10:00;998.7333333333332;10.366666666666665;7.333333333333332;0.2;2025-04-06 18:10:00;4
06-04-2025;18:20:00;998.8333333333334;10.0;6.766666666666666;0.6;2025-04-06 18:20:00;4
06-04-2025;18:30:00;998.7666666666665;9.6;7.099999999999999;1.0;2025-04-06 18:30:00;4
06-04-2025;18:40:00;998.7666666666668;9.466666666666667;7.766666666666666;0.4;2025-04-06 18:40:00;4
06-04-2025;18:50:00;998.7333333333332;9.533333333333333;8.633333333333331;0.0;2025-04-06 18:50:00;4
06-04-2025;19:00:00;998.8333333333334;9.766666666666667;8.499999999999998;0.0;2025-04-06 19:00:00;4
06-04-2025;19:10:00;998.8499999999999;9.900000000000002;8.399999999999999;0.0;2025-04-06 19:10:00;4
14-04-2025;17:30:00;999.1;17.299999999999997;10.7;0.2;2025-04-14 17:30:00;4
14-04-2025;17:40:00;999.1;17.400000000000002;10.799999999999999;0.0;2025-04-14 17:40:00;4
14-04-2025;17:50:00;999.0333333333334;17.566666666666666;11.066666666666668;0.0;2025-04-14 17:50:00;4
14-04-2025;18:00:00;999.0000000000001;17.65;11.250000000000002;0.0;2025-04-14 18:00:00;4
15-04-2025;00:50:00;998.6;16.15;9.9;0.2;2025-04-15 00:50:00;4
15-04-2025;01:00:00;998.5;16.166666666666668;10.0;0.2;2025-04-15 01:00:00;4
15-04-2025;01:10:00;998.5;16.1;9.866666666666667;0.0;2025-04-15 01:10:00;4
15-04-2025;01:20:00;998.5333333333333;16.166666666666668;9.4;0.0;2025-04-15 01:20:00;4
15-04-2025;01:30:00;998.65;16.150000000000002;9.0;0.0;2025-04-15 01:30:00;4
15-04-2025;02:50:00;999.6;15.95;7.5;0.2;2025-04-15 02:50:00;4
15-04-2025;03:00:00;999.6666666666666;15.933333333333332;7.033333333333334;0.2;2025-04-15 03:00:00;4
15-04-2025;03:10:00;999.7666666666668;15.866666666666667;6.2;0.2;2025-04-15 03:10:00;4
15-04-2025;03:20:00;999.7333333333332;15.800000000000002;5.5;0.2;2025-04-15 03:20:00;4
15-04-2025;03:30:00;999.7333333333332;15.766666666666666;5.1000000000000005;0.2;2025-04-15 03:30:00;4
15-04-2025;03:40:00;999.5999999999999;15.733333333333334;5.033333333333334;0.4;2025-04-15 03:40:00;4
15-04-2025;03:50:00;999.5333333333333;15.700000000000001;5.066666666666666;0.2;2025-04-15 03:50:00;4
15-04-2025;04:00:00;999.3666666666667;15.6;5.266666666666667;1.2;2025-04-15 04:00:00;4
15-04-2025;04:10:00;999.2333333333332;15.533333333333333;5.266666666666667;0.6;2025-04-15 04:10:00;4
15-04-2025;04:20:00;999.1666666666666;15.5;5.1;0.2;2025-04-15 04:20:00;4
15-04-2025;04:30:00;999.1666666666666;15.5;4.933333333333334;0.0;2025-04-15 04:30:00;4
15-04-2025;04:40:00;999.3333333333334;15.5;4.7;0.0;2025-04-15 04:40:00;4
15-04-2025;04:50:00;999.45;15.5;4.65;0.0;2025-04-15 04:50:00;4
15-04-2025;06:00:00;999.55;15.649999999999999;4.15;0.2;2025-04-15 06:00:00;4
15-04-2025;06:10:00;999.5666666666666;15.633333333333333;4.133333333333333;0.0;2025-04-15 06:10:00;4
15-04-2025;06:20:00;999.6;15.633333333333333;4.133333333333333;0.2;2025-04-15 06:20:00;4
15-04-2025;06:30:00;999.7333333333335;15.633333333333333;3.8333333333333335;1.0;2025-04-15 06:30:00;4
15-04-2025;06:40:00;999.8666666666667;15.633333333333333;3.6999999999999997;0.8;2025-04-15 06:40:00;4
15-04-2025;06:50:00;1000.0666666666667;15.6;3.733333333333333;1.0;2025-04-15 06:50:00;4
15-04-2025;07:00:00;1000.1333333333333;15.566666666666665;3.9333333333333336;0.4;2025-04-15 07:00:00;4
15-04-2025;07:10:00;1000.2;15.566666666666668;3.9333333333333336;0.8;2025-04-15 07:10:00;4
15-04-2025;07:20:00;1000.2;15.6;4.033333333333334;0.8;2025-04-15 07:20:00;4
15-04-2025;07:30:00;1000.2;15.666666666666666;4.166666666666667;0.0;2025-04-15 07:30:00;4
15-04-2025;07:40:00;1000.2;15.666666666666666;4.3;0.0;2025-04-15 07:40:00;4
15-04-2025;07:50:00;1000.2;15.65;4.35;0.0;2025-04-15 07:50:00;4
17-04-2025;02:10:00;996.75;15.1;1.5499999999999998;0.2;2025-04-17 02:10:00;4
17-04-2025;02:20:00;996.6666666666666;15.033333333333333;1.8666666666666665;0.0;2025-04-17 02:20:00;4
17-04-2025;02:30:00;996.6;14.9;2.0999999999999996;0.0;2025-04-17 02:30:00;4
17-04-2025;02:40:00;996.5500000000001;14.850000000000001;2.3;0.0;2025-04-17 02:40:00;4
17-04-2025;04:30:00;996.7;13.7;4.3;0.2;2025-04-17 04:30:00;4
17-04-2025;04:40:00;996.7333333333332;13.666666666666666;4.366666666666666;0.2;2025-04-17 04:40:00;4
17-04-2025;04:50:00;996.8000000000001;13.6;4.666666666666667;0.2;2025-04-17 04:50:00;4
17-04-2025;05:00:00;996.8666666666667;13.533333333333333;4.433333333333334;0.0;2025-04-17 05:00:00;4
17-04-2025;05:10:00;997.0;13.5;4.433333333333334;0.2;2025-04-17 05:10:00;4
17-04-2025;05:20:00;997.1;13.5;4.2;0.0;2025-04-17 05:20:00;4
17-04-2025;05:30:00;997.2;13.533333333333331;4.366666666666667;0.0;2025-04-17 05:30:00;4
17-04-2025;05:40:00;997.2;13.549999999999997;4.300000000000001;0.0;2025-04-17 05:40:00;4
17-04-2025;15:30:00;1000.8;16.5;6.45;0.6;2025-04-17 15:30:00;4
17-04-2025;15:40:00;1000.8333333333334;16.766666666666666;6.3999999999999995;0.0;2025-04-17 15:40:00;4
17-04-2025;15:50:00;1000.8333333333334;16.96666666666667;6.6000000000000005;0.0;2025-04-17 15:50:00;4
17-04-2025;16:00:00;1000.9;16.950000000000003;6.65;0.0;2025-04-17 16:00:00;4
24-04-2025;10:20:00;1001.55;14.95;6.25;0.4;2025-04-24 10:20:00;4
24-04-2025;10:30:00;1001.5666666666666;14.700000000000001;5.8;1.6;2025-04-24 10:30:00;4
24-04-2025;10:40:00;1001.6;14.233333333333334;5.2;2.4;2025-04-24 10:40:00;4
24-04-2025;10:50:00;1001.6;14.066666666666668;4.733333333333333;2.4;2025-04-24 10:50:00;4
24-04-2025;11:00:00;1001.5666666666666;14.033333333333331;4.1000000000000005;1.2;2025-04-24 11:00:00;4
24-04-2025;11:10:00;1001.5333333333334;14.066666666666665;3.5;0.2;2025-04-24 11:10:00;4
24-04-2025;11:20:00;1001.4333333333334;14.133333333333333;2.9;0.6;2025-04-24 11:20:00;4
24-04-2025;11:30:00;1001.3666666666667;14.233333333333334;3.0;0.6;2025-04-24 11:30:00;4
24-04-2025;11:40:00;1001.2666666666668;14.6;3.033333333333333;0.0;2025-04-24 11:40:00;4
24-04-2025;11:50:00;1001.2333333333332;15.333333333333334;3.033333333333333;0.0;2025-04-24 11:50:00;4
24-04-2025;12:00:00;1001.2;15.799999999999999;2.9;0.0;2025-04-24 12:00:00;4
24-04-2025;13:20:00;1000.6500000000001;13.65;6.85;0.6;2025-04-24 13:20:00;4
24-04-2025;13:30:00;1000.6333333333333;13.766666666666666;5.566666666666666;0.6;2025-04-24 13:30:00;4
24-04-2025;13:40:00;1000.6;13.866666666666667;3.8333333333333335;0.6;2025-04-24 13:40:00;4
24-04-2025;13:50:00;1000.5666666666667;14.1;2.433333333333333;0.8;2025-04-24 13:50:00;4
24-04-2025;14:00:00;1000.5333333333333;14.866666666666667;2.4;1.8;2025-04-24 14:00:00;4
24-04-2025;14:10:00;1000.4666666666667;16.099999999999998;2.266666666666666;0.0;2025-04-24 14:10:00;4
24-04-2025;14:20:00;1000.3666666666668;17.566666666666666;2.8000000000000003;0.0;2025-04-24 14:20:00;4
24-04-2025;14:30:00;1000.3000000000002;18.2;2.75;0.0;2025-04-24 14:30:00;4
24-04-2025;15:00:00;1000.0;16.95;6.2;1.2;2025-04-24 15:00:00;4
24-04-2025;15:10:00;999.9666666666667;17.5;5.233333333333333;0.0;2025-04-24 15:10:00;4
24-04-2025;15:20:00;999.9333333333334;18.266666666666666;3.6999999999999997;0.0;2025-04-24 15:20:00;4
24-04-2025;15:30:00;999.9;18.55;3.0999999999999996;0.0;2025-04-24 15:30:00;4
26-04-2025;17:00:00;1002.25;18.4;4.25;0.2;2025-04-26 17:00:00;4
26-04-2025;17:10:00;1002.3000000000001;17.933333333333334;4.233333333333333;0.2;2025-04-26 17:10:00;4
26-04-2025;17:20:00;1002.4666666666667;16.766666666666666;4.0;0.0;2025-04-26 17:20:00;4
26-04-2025;17:30:00;1002.5666666666666;15.800000000000002;3.5333333333333337;1.8;2025-04-26 17:30:00;4
26-04-2025;17:40:00;1002.6333333333333;15.066666666666668;3.3333333333333335;1.6;2025-04-26 17:40:00;4
26-04-2025;17:50:00;1002.6;14.833333333333334;3.0666666666666664;0.6;2025-04-26 17:50:00;4
26-04-2025;18:00:00;1002.6;14.766666666666667;2.5;0.0;2025-04-26 18:00:00;4
26-04-2025;18:10:00;1002.6;14.799999999999999;1.4333333333333333;0.0;2025-04-26 18:10:00;4
26-04-2025;18:20:00;1002.6;14.8;0.7;0.0;2025-04-26 18:20:00;4
03-05-2025;01:40:00;1009.25;16.85;1.85;0.2;2025-05-03 01:40:00;4
03-05-2025;01:50:00;1009.2333333333332;16.733333333333334;2.033333333333333;0.0;2025-05-03 01:50:00;4
03-05-2025;02:00:00;1009.1333333333333;16.53333333333333;2.233333333333333;0.0;2025-05-03 02:00:00;4
03-05-2025;02:10:00;1009.1;16.449999999999996;2.4;0.0;2025-05-03 02:10:00;4
04-05-2025;02:00:00;1005.0;16.3;1.5;0.2;2025-05-04 02:00:00;4
04-05-2025;02:10:00;1004.9666666666667;16.233333333333334;1.5333333333333332;0.0;2025-05-04 02:10:00;4
04-05-2025;02:20:00;1004.9;16.166666666666668;1.5333333333333332;0.0;2025-05-04 02:20:00;4
04-05-2025;02:30:00;1004.8499999999999;16.1;1.6;0.0;2025-05-04 02:30:00;4
04-05-2025;16:30:00;1001.9;19.05;0.30000000000000004;0.2;2025-05-04 16:30:00;4
04-05-2025;16:40:00;1001.8666666666667;18.933333333333334;0.7666666666666666;0.0;2025-05-04 16:40:00;4
04-05-2025;16:50:00;1001.8;18.7;1.0333333333333334;0.0;2025-05-04 16:50:00;4
04-05-2025;17:00:00;1001.8;18.549999999999997;1.45;0.0;2025-05-04 17:00:00;4
07-05-2025;19:30:00;1001.45;17.200000000000003;8.100000000000001;0.2;2025-05-07 19:30:00;4
07-05-2025;19:40:00;1001.5;16.866666666666667;7.566666666666667;1.8;2025-05-07 19:40:00;4
07-05-2025;19:50:00;1001.6;16.2;7.833333333333333;0.6;2025-05-07 19:50:00;4
07-05-2025;20:00:00;1001.6333333333333;15.766666666666666;7.7;0.0;2025-05-07 20:00:00;4
07-05-2025;20:10:00;1001.6666666666666;15.366666666666667;8.533333333333333;0.0;2025-05-07 20:10:00;4
07-05-2025;20:20:00;1001.7;15.15;8.700000000000001;0.0;2025-05-07 20:20:00;4
11-05-2025;13:50:00;1003.4;18.8;2.1500000000000004;0.2;2025-05-11 13:50:00;4
11-05-2025;14:00:00;1003.4;19.099999999999998;2.1;0.0;2025-05-11 14:00:00;4
11-05-2025;14:10:00;1003.4;19.7;1.9000000000000001;0.0;2025-05-11 14:10:00;4
11-05-2025;14:20:00;1003.4;20.0;1.8;0.0;2025-05-11 14:20:00;4
13-05-2025;16:30:00;1003.1;19.049999999999997;3.9499999999999997;0.8;2025-05-13 16:30:00;4
13-05-2025;16:40:00;1003.1;18.333333333333332;3.7999999999999994;4.4;2025-05-13 16:40:00;4
13-05-2025;16:50:00;1003.1333333333333;17.066666666666663;3.4333333333333336;0.6;2025-05-13 16:50:00;4
13-05-2025;17:00:00;1003.1666666666666;16.866666666666667;3.0;0.0;2025-05-13 17:00:00;4
13-05-2025;17:10:00;1003.2;16.96666666666667;2.566666666666667;0.0;2025-05-13 17:10:00;4
13-05-2025;17:20:00;1003.2;17.0;2.1;0.0;2025-05-13 17:20:00;4
15-05-2025;14:10:00;996.8;19.0;1.85;0.2;2025-05-15 14:10:00;4
15-05-2025;14:20:00;996.7666666666668;19.0;1.7;0.0;2025-05-15 14:20:00;4
15-05-2025;14:30:00;996.6999999999999;18.966666666666665;1.4000000000000001;0.0;2025-05-15 14:30:00;4
15-05-2025;14:40:00;996.65;19.0;1.35;0.0;2025-05-15 14:40:00;4
15-05-2025;17:30:00;994.05;17.5;2.1500000000000004;0.2;2025-05-15 17:30:00;4
15-05-2025;17:40:00;994.0666666666666;17.233333333333334;2.4;0.2;2025-05-15 17:40:00;4
15-05-2025;17:50:00;994.0666666666666;16.833333333333332;2.8666666666666667;0.2;2025-05-15 17:50:00;4
15-05-2025;18:00:00;994.0333333333334;16.5;3.366666666666667;0.2;2025-05-15 18:00:00;4
15-05-2025;18:10:00;993.9666666666667;16.3;3.733333333333333;0.4;2025-05-15 18:10:00;4
15-05-2025;18:20:00;993.9;16.166666666666668;3.8666666666666667;0.2;2025-05-15 18:20:00;4
15-05-2025;18:30:00;993.8333333333334;16.0;3.9333333333333336;0.2;2025-05-15 18:30:00;4
15-05-2025;18:40:00;993.8333333333334;15.933333333333335;3.8666666666666667;0.2;2025-05-15 18:40:00;4
15-05-2025;18:50:00;993.8666666666667;15.799999999999999;3.5999999999999996;0.0;2025-05-15 18:50:00;4
15-05-2025;19:00:00;993.8333333333334;15.799999999999999;3.1999999999999997;0.2;2025-05-15 19:00:00;4
15-05-2025;19:10:00;993.7666666666668;15.733333333333334;2.9;0.2;2025-05-15 19:10:00;4
15-05-2025;19:20:00;993.7;15.666666666666666;2.866666666666667;0.4;2025-05-15 19:20:00;4
15-05-2025;19:30:00;993.5666666666667;15.566666666666668;3.0;0.2;2025-05-15 19:30:00;4
15-05-2025;19:40:00;993.4333333333333;15.533333333333331;3.1999999999999997;0.0;2025-05-15 19:40:00;4
15-05-2025;19:50:00;993.3;15.566666666666665;3.733333333333333;0.2;2025-05-15 19:50:00;4
15-05-2025;20:00:00;993.3;15.666666666666666;4.0;0.0;2025-05-15 20:00:00;4
15-05-2025;20:10:00;993.3333333333334;15.799999999999999;4.1;0.0;2025-05-15 20:10:00;4
15-05-2025;20:20:00;993.3499999999999;15.899999999999999;3.8499999999999996;0.0;2025-05-15 20:20:00;4
16-05-2025;02:30:00;992.25;15.950000000000001;3.95;0.2;2025-05-16 02:30:00;4
16-05-2025;02:40:00;992.2666666666668;16.033333333333335;4.066666666666666;0.0;2025-05-16 02:40:00;4
16-05-2025;02:50:00;992.2666666666668;16.133333333333333;4.366666666666666;0.0;2025-05-16 02:50:00;4
16-05-2025;03:00:00;992.3;16.15;4.6;0.0;2025-05-16 03:00:00;4
21-05-2025;13:20:00;1003.25;18.5;8.0;0.4;2025-05-21 13:20:00;4
21-05-2025;13:30:00;1003.2666666666668;18.433333333333334;8.366666666666667;0.0;2025-05-21 13:30:00;4
21-05-2025;13:40:00;1003.2666666666668;18.46666666666667;8.266666666666667;0.0;2025-05-21 13:40:00;4
21-05-2025;13:50:00;1003.3;18.450000000000003;8.8;0.0;2025-05-21 13:50:00;4
21-05-2025;14:40:00;1002.8499999999999;19.2;4.35;0.4;2025-05-21 14:40:00;4
21-05-2025;14:50:00;1002.8000000000001;19.03333333333333;5.466666666666666;0.4;2025-05-21 14:50:00;4
21-05-2025;15:00:00;1002.6999999999999;18.7;6.666666666666667;0.0;2025-05-21 15:00:00;4
21-05-2025;15:10:00;1002.5666666666667;18.900000000000002;7.233333333333333;0.0;2025-05-21 15:10:00;4
21-05-2025;15:20:00;1002.5;19.0;7.0;0.0;2025-05-21 15:20:00;4
21-05-2025;15:40:00;1002.4;18.1;8.25;0.2;2025-05-21 15:40:00;4
21-05-2025;15:50:00;1002.4;18.0;7.833333333333333;1.4;2025-05-21 15:50:00;4
21-05-2025;16:00:00;1002.3666666666667;17.900000000000002;7.166666666666667;2.2;2025-05-21 16:00:00;4
21-05-2025;16:10:00;1002.3000000000001;18.0;7.766666666666666;0.0;2025-05-21 16:10:00;4
21-05-2025;16:20:00;1002.2333333333332;18.3;8.333333333333334;0.0;2025-05-21 16:20:00;4
21-05-2025;16:30:00;1002.2;18.45;9.15;0.0;2025-05-21 16:30:00;4
23-05-2025;06:10:00;997.8;17.6;10.0;0.6;2025-05-23 06:10:00;4
23-05-2025;06:20:00;997.8333333333334;17.233333333333334;10.0;2.4;2025-05-23 06:20:00;4
23-05-2025;06:30:00;997.9333333333334;16.53333333333333;10.033333333333333;0.0;2025-05-23 06:30:00;4
23-05-2025;06:40:00;998.0333333333333;16.599999999999998;9.700000000000001;0.0;2025-05-23 06:40:00;4
23-05-2025;06:50:00;998.1;16.65;9.55;0.0;2025-05-23 06:50:00;4
29-05-2025;12:50:00;1005.3499999999999;19.95;3.3;1.4;2025-05-29 12:50:00;4
29-05-2025;13:00:00;1005.2333333333332;20.366666666666664;3.233333333333333;0.8;2025-05-29 13:00:00;4
29-05-2025;13:10:00;1005.0666666666666;21.233333333333334;4.1000000000000005;0.0;2025-05-29 13:10:00;4
29-05-2025;13:20:00;1004.9333333333334;22.400000000000002;5.1;0.0;2025-05-29 13:20:00;4
29-05-2025;13:30:00;1004.9;23.0;6.1;0.0;2025-05-29 13:30:00;4
07-06-2025;03:00:00;1007.7;20.65;1.5;0.2;2025-06-07 03:00:00;4
07-06-2025;03:10:00;1007.7;20.633333333333336;1.5;0.0;2025-06-07 03:10:00;4
07-06-2025;03:20:00;1007.6666666666666;20.633333333333336;1.5;0.0;2025-06-07 03:20:00;4
07-06-2025;03:30:00;1007.65;20.6;1.5;0.0;2025-06-07 03:30:00;4
18-06-2025;07:40:00;1005.4;22.450000000000003;6.65;0.2;2025-06-18 07:40:00;4
18-06-2025;07:50:00;1005.6;22.333333333333332;5.900000000000001;0.2;2025-06-18 07:50:00;4
18-06-2025;08:00:00;1005.8666666666667;22.1;5.5;0.2;2025-06-18 08:00:00;4
18-06-2025;08:10:00;1006.0333333333333;22.066666666666666;4.8999999999999995;0.2;2025-06-18 08:10:00;4
18-06-2025;08:20:00;1006.0333333333333;22.066666666666666;5.0;0.4;2025-06-18 08:20:00;4
18-06-2025;08:30:00;1006.0;22.0;4.766666666666667;0.2;2025-06-18 08:30:00;4
18-06-2025;08:40:00;1006.0333333333334;21.933333333333334;4.866666666666666;0.0;2025-06-18 08:40:00;4
18-06-2025;08:50:00;1006.2000000000002;21.8;4.833333333333333;0.2;2025-06-18 08:50:00;4
18-06-2025;09:00:00;1006.4000000000001;21.666666666666668;4.633333333333334;0.2;2025-06-18 09:00:00;4
18-06-2025;09:10:00;1006.6333333333333;21.266666666666666;4.3999999999999995;0.2;2025-06-18 09:10:00;4
18-06-2025;09:20:00;1006.8000000000001;20.933333333333334;4.5;0.6;2025-06-18 09:20:00;4
18-06-2025;09:30:00;1006.9333333333334;20.833333333333332;5.133333333333333;0.4;2025-06-18 09:30:00;4
18-06-2025;09:40:00;1007.0999999999999;20.8;5.833333333333333;0.2;2025-06-18 09:40:00;4
18-06-2025;09:50:00;1007.1999999999999;20.566666666666666;6.633333333333333;0.6;2025-06-18 09:50:00;4
18-06-2025;10:00:00;1007.3;20.266666666666666;6.266666666666666;0.4;2025-06-18 10:00:00;4
18-06-2025;10:10:00;1007.1999999999999;20.333333333333332;5.3999999999999995;0.6;2025-06-18 10:10:00;4
18-06-2025;10:20:00;1007.1666666666666;20.666666666666668;4.466666666666666;0.4;2025-06-18 10:20:00;4
18-06-2025;10:30:00;1007.1666666666666;20.933333333333334;4.366666666666667;0.2;2025-06-18 10:30:00;4
18-06-2025;10:40:00;1007.2000000000002;21.133333333333333;4.4;0.0;2025-06-18 10:40:00;4
18-06-2025;10:50:00;1007.1333333333332;21.233333333333334;4.133333333333333;0.0;2025-06-18 10:50:00;4
18-06-2025;11:00:00;1006.9666666666667;21.53333333333333;4.3;0.2;2025-06-18 11:00:00;4
18-06-2025;11:10:00;1006.9666666666667;22.133333333333336;4.166666666666667;0.0;2025-06-18 11:10:00;4
18-06-2025;11:20:00;1006.9666666666667;23.066666666666666;4.133333333333334;0.0;2025-06-18 11:20:00;4
18-06-2025;11:30:00;1007.0500000000001;23.6;3.75;0.0;2025-06-18 11:30:00;4
07-07-2025;08:30:00;998.75;24.299999999999997;4.4;2.0;2025-07-07 08:30:00;4
07-07-2025;08:40:00;999.1333333333333;22.599999999999998;6.6000000000000005;2.4;2025-07-07 08:40:00;4
07-07-2025;08:50:00;999.9666666666666;20.566666666666666;7.533333333333334;9.6;2025-07-07 08:50:00;4
07-07-2025;09:00:00;1000.3333333333334;18.9;6.766666666666667;13.6;2025-07-07 09:00:00;4
07-07-2025;09:10:00;1000.1333333333332;18.900000000000002;4.933333333333334;7.6;2025-07-07 09:10:00;4
07-07-2025;09:20:00;1000.0666666666666;19.133333333333336;3.933333333333333;4.6;2025-07-07 09:20:00;4
07-07-2025;09:30:00;1000.1333333333333;19.3;3.9333333333333336;1.0;2025-07-07 09:30:00;4
07-07-2025;09:40:00;1000.4333333333334;19.3;3.4333333333333336;2.2;2025-07-07 09:40:00;4
07-07-2025;09:50:00;1000.3333333333334;19.400000000000002;3.266666666666667;1.2;2025-07-07 09:50:00;4
07-07-2025;10:00:00;1000.2333333333332;19.7;3.1;0.0;2025-07-07 10:00:00;4
07-07-2025;10:10:00;1000.1666666666666;20.1;3.2999999999999994;0.2;2025-07-07 10:10:00;4
07-07-2025;10:20:00;1000.0333333333333;20.333333333333332;3.6999999999999997;0.0;2025-07-07 10:20:00;4
07-07-2025;10:30:00;1000.0666666666667;20.53333333333333;4.166666666666667;0.0;2025-07-07 10:30:00;4
07-07-2025;10:40:00;1000.1000000000001;20.599999999999998;3.95;0.0;2025-07-07 10:40:00;4
08-07-2025;03:20:00;995.8;24.549999999999997;9.05;1.0;2025-07-08 03:20:00;4
08-07-2025;03:30:00;995.8666666666667;23.666666666666668;9.9;1.2;2025-07-08 03:30:00;4
08-07-2025;03:40:00;996.0333333333333;22.333333333333332;11.533333333333333;0.2;2025-07-08 03:40:00;4
08-07-2025;03:50:00;996.3000000000001;22.133333333333336;10.533333333333333;0.2;2025-07-08 03:50:00;4
08-07-2025;04:00:00;996.5666666666666;22.266666666666666;9.4;0.0;2025-07-08 04:00:00;4
08-07-2025;04:10:00;996.7666666666668;22.333333333333332;8.133333333333333;0.0;2025-07-08 04:10:00;4
08-07-2025;04:20:00;996.8500000000001;22.35;7.4;0.0;2025-07-08 04:20:00;4
26-07-2025;11:00:00;1000.3;25.25;3.6500000000000004;0.2;2025-07-26 11:00:00;4
26-07-2025;11:10:00;1000.2333333333332;25.633333333333336;3.3666666666666667;0.0;2025-07-26 11:10:00;4
26-07-2025;11:20:00;1000.2666666666668;26.7;2.533333333333333;0.0;2025-07-26 11:20:00;4
26-07-2025;11:30:00;1000.3000000000002;27.299999999999997;2.25;0.0;2025-07-26 11:30:00;4
26-07-2025;15:40:00;1000.6500000000001;28.65;7.4;0.2;2025-07-26 15:40:00;4
26-07-2025;15:50:00;1000.8000000000001;29.099999999999998;7.633333333333333;0.0;2025-07-26 15:50:00;4
26-07-2025;16:00:00;1001.0333333333334;29.900000000000002;7.633333333333333;0.0;2025-07-26 16:00:00;4
26-07-2025;16:10:00;1001.2;30.450000000000003;7.549999999999999;0.0;2025-07-26 16:10:00;4
27-07-2025;05:40:00;998.9;20.85;3.3;0.4;2025-07-27 05:40:00;4
27-07-2025;05:50:00;998.9;20.933333333333334;3.1333333333333333;0.0;2025-07-27 05:50:00;4
27-07-2025;06:00:00;998.9333333333333;21.066666666666666;3.0666666666666664;0.0;2025-07-27 06:00:00;4
27-07-2025;06:10:00;998.9499999999999;21.25;3.0999999999999996;0.0;2025-07-27 06:10:00;4
12-08-2025;18:10:00;1003.05;24.65;5.4;0.2;2025-08-12 18:10:00;4
12-08-2025;18:20:00;1002.9333333333334;25.233333333333334;5.766666666666667;0.0;2025-08-12 18:20:00;4
12-08-2025;18:30:00;1002.5;25.833333333333332;5.933333333333333;0.0;2025-08-12 18:30:00;4
12-08-2025;18:40:00;1002.4333333333334;26.5;5.133333333333333;0.0;2025-08-12 18:40:00;4
12-08-2025;18:50:00;1002.4;26.599999999999998;3.8333333333333326;0.2;2025-08-12 18:50:00;4
12-08-2025;19:00:00;1002.4666666666667;26.566666666666666;3.1333333333333333;0.0;2025-08-12 19:00:00;4
12-08-2025;19:10:00;1002.4666666666667;26.666666666666668;2.733333333333333;0.0;2025-08-12 19:10:00;4
12-08-2025;19:20:00;1002.4;26.65;2.8;0.0;2025-08-12 19:20:00;4
14-08-2025;18:50:00;1004.7;22.15;4.1;1.2;2025-08-14 18:50:00;4
14-08-2025;19:00:00;1004.8000000000001;22.133333333333336;3.966666666666667;0.6;2025-08-14 19:00:00;4
14-08-2025;19:10:00;1004.8000000000001;22.400000000000002;3.1333333333333333;0.2;2025-08-14 19:10:00;4
14-08-2025;19:20:00;1004.6;22.400000000000002;3.9;1.2;2025-08-14 19:20:00;4
14-08-2025;19:30:00;1004.2333333333332;22.5;3.766666666666667;1.4;2025-08-14 19:30:00;4
14-08-2025;19:40:00;1004.1;22.566666666666663;3.8333333333333335;0.0;2025-08-14 19:40:00;4
14-08-2025;19:50:00;1004.1666666666666;22.833333333333332;3.8666666666666667;0.0;2025-08-14 19:50:00;4
14-08-2025;20:00:00;1004.3;23.049999999999997;4.15;0.0;2025-08-14 20:00:00;4
14-08-2025;20:20:00;1004.3499999999999;24.1;4.8;0.2;2025-08-14 20:20:00;4
14-08-2025;20:30:00;1004.3666666666667;24.233333333333334;4.266666666666667;0.0;2025-08-14 20:30:00;4
14-08-2025;20:40:00;1004.1999999999999;24.46666666666667;4.199999999999999;0.0;2025-08-14 20:40:00;4
14-08-2025;20:50:00;1004.1500000000001;24.650000000000002;3.8999999999999995;0.0;2025-08-14 20:50:00;4
16-08-2025;17:40:00;1002.5;24.05;3.0999999999999996;0.6;2025-08-16 17:40:00;4
16-08-2025;17:50:00;1002.3666666666667;23.599999999999998;3.266666666666666;6.0;2025-08-16 17:50:00;4
16-08-2025;18:00:00;1001.8666666666667;22.933333333333334;3.6;0.2;2025-08-16 18:00:00;4
16-08-2025;18:10:00;1001.9333333333334;23.0;3.1999999999999997;0.0;2025-08-16 18:10:00;4
16-08-2025;18:20:00;1001.8333333333334;23.2;3.1333333333333333;0.0;2025-08-16 18:20:00;4
16-08-2025;18:30:00;1001.8999999999999;23.3;3.15;0.0;2025-08-16 18:30:00;4
23-08-2025;07:20:00;1001.75;21.6;3.1500000000000004;1.8;2025-08-23 07:20:00;4
23-08-2025;07:30:00;1001.6999999999999;21.5;2.6666666666666665;1.0;2025-08-23 07:30:00;4
23-08-2025;07:40:00;1001.6666666666666;21.566666666666666;2.1;0.4;2025-08-23 07:40:00;4
23-08-2025;07:50:00;1001.6333333333333;22.466666666666665;1.3;0.0;2025-08-23 07:50:00;4
23-08-2025;08:00:00;1001.6333333333333;23.366666666666664;1.2333333333333334;0.0;2025-08-23 08:00:00;4
23-08-2025;08:10:00;1001.6;23.949999999999996;1.4;0.0;2025-08-23 08:10:00;4
29-08-2025;06:50:00;999.75;26.25;2.9;0.6;2025-08-29 06:50:00;4
29-08-2025;07:00:00;999.8000000000001;26.066666666666666;2.8666666666666667;1.6;2025-08-29 07:00:00;4
29-08-2025;07:10:00;999.7666666666665;25.766666666666666;2.5;0.0;2025-08-29 07:10:00;4
29-08-2025;07:20:00;999.6666666666666;25.900000000000002;2.566666666666667;0.0;2025-08-29 07:20:00;4
29-08-2025;07:30:00;999.55;26.0;2.45;0.0;2025-08-29 07:30:00;4
30-08-2025;00:20:00;999.25;24.3;2.0;0.8;2025-08-30 00:20:00;4
30-08-2025;00:30:00;999.1666666666666;24.233333333333334;1.8;0.0;2025-08-30 00:30:00;4
30-08-2025;00:40:00;999.0;24.0;1.7;0.0;2025-08-30 00:40:00;4
30-08-2025;00:50:00;998.95;23.95;1.65;0.0;2025-08-30 00:50:00;4
30-08-2025;01:50:00;998.7;23.5;2.15;0.2;2025-08-30 01:50:00;4
30-08-2025;02:00:00;998.5333333333333;23.366666666666664;2.0666666666666664;0.6;2025-08-30 02:00:00;4
30-08-2025;02:10:00;998.3000000000001;23.166666666666668;2.4;0.0;2025-08-30 02:10:00;4
30-08-2025;02:20:00;998.2;23.133333333333336;1.9666666666666668;0.0;2025-08-30 02:20:00;4
30-08-2025;02:30:00;998.2;23.150000000000002;2.0;0.0;2025-08-30 02:30:00;4
30-08-2025;04:20:00;998.2;21.1;6.65;0.2;2025-08-30 04:20:00;4
30-08-2025;04:30:00;998.6333333333333;20.633333333333333;8.1;0.4;2025-08-30 04:30:00;4
30-08-2025;04:40:00;998.9333333333334;19.7;8.9;1.4;2025-08-30 04:40:00;4
30-08-2025;04:50:00;999.0333333333333;18.966666666666665;7.566666666666666;0.8;2025-08-30 04:50:00;4
30-08-2025;05:00:00;998.8333333333334;18.466666666666665;4.833333333333333;0.8;2025-08-30 05:00:00;4
30-08-2025;05:10:00;998.8000000000001;18.3;3.6;0.0;2025-08-30 05:10:00;4
30-08-2025;05:20:00;999.1;18.333333333333332;3.4;0.0;2025-08-30 05:20:00;4
30-08-2025;05:30:00;999.2;18.4;3.6999999999999997;0.0;2025-08-30 05:30:00;4
30-08-2025;06:50:00;999.5999999999999;19.9;2.55;0.4;2025-08-30 06:50:00;4
30-08-2025;07:00:00;999.5;19.966666666666665;2.533333333333333;0.2;2025-08-30 07:00:00;4
30-08-2025;07:10:00;999.3333333333334;20.066666666666666;2.433333333333333;0.0;2025-08-30 07:10:00;4
30-08-2025;07:20:00;999.2333333333332;20.133333333333336;2.3333333333333335;0.0;2025-08-30 07:20:00;4
30-08-2025;07:30:00;999.2;20.150000000000002;2.25;0.0;2025-08-30 07:30:00;4
30-08-2025;14:30:00;1000.3;21.75;8.1;0.4;2025-08-30 14:30:00;4
30-08-2025;14:40:00;1000.3333333333334;22.0;7.8;0.4;2025-08-30 14:40:00;4
30-08-2025;14:50:00;1000.3333333333334;22.566666666666666;7.5;0.0;2025-08-30 14:50:00;4
30-08-2025;15:00:00;1000.4333333333334;23.366666666666664;8.0;0.0;2025-08-30 15:00:00;4
30-08-2025;15:10:00;1000.45;23.799999999999997;8.399999999999999;0.0;2025-08-30 15:10:00;4
30-08-2025;18:10:00;999.6;20.85;8.149999999999999;0.8;2025-08-30 18:10:00;4
30-08-2025;18:20:00;999.6;20.7;8.366666666666667;0.2;2025-08-30 18:20:00;4
30-08-2025;18:30:00;999.7000000000002;20.566666666666666;8.333333333333334;0.0;2025-08-30 18:30:00;4
30-08-2025;18:40:00;999.8000000000001;20.76666666666667;8.733333333333333;0.0;2025-08-30 18:40:00;4
30-08-2025;18:50:00;999.9;20.950000000000003;8.7;0.0;2025-08-30 18:50:00;4
02-09-2025;09:40:00;1002.5;25.75;4.5;0.2;2025-09-02 09:40:00;4
02-09-2025;09:50:00;1002.5666666666666;26.066666666666666;4.233333333333333;0.0;2025-09-02 09:50:00;4
02-09-2025;10:00:00;1002.6666666666666;26.566666666666666;3.966666666666667;0.0;2025-09-02 10:00:00;4
02-09-2025;10:10:00;1002.65;26.85;3.7;0.0;2025-09-02 10:10:00;4
02-09-2025;11:20:00;1002.9;25.1;3.5;0.2;2025-09-02 11:20:00;4
02-09-2025;11:30:00;1002.9;25.133333333333336;3.5;0.2;2025-09-02 11:30:00;4
02-09-2025;11:40:00;1002.8666666666667;25.3;3.3000000000000003;0.0;2025-09-02 11:40:00;4
02-09-2025;11:50:00;1002.6999999999999;26.166666666666668;3.1333333333333333;0.0;2025-09-02 11:50:00;4
02-09-2025;12:00:00;1002.5999999999999;26.650000000000002;2.95;0.0;2025-09-02 12:00:00;4
02-09-2025;15:10:00;1002.0;26.2;5.45;0.2;2025-09-02 15:10:00;4
02-09-2025;15:20:00;1001.9333333333334;26.266666666666666;5.166666666666667;0.0;2025-09-02 15:20:00;4
02-09-2025;15:30:00;1001.9666666666666;26.333333333333332;5.1000000000000005;0.0;2025-09-02 15:30:00;4
02-09-2025;15:40:00;1002.1;25.2;6.566666666666667;0.0;2025-09-02 15:40:00;4
02-09-2025;15:50:00;1002.2666666666668;24.3;7.233333333333334;1.2;2025-09-02 15:50:00;4
02-09-2025;16:00:00;1002.3000000000001;23.599999999999998;6.833333333333333;0.2;2025-09-02 16:00:00;4
02-09-2025;16:10:00;1002.3666666666667;23.53333333333333;5.133333333333333;0.2;2025-09-02 16:10:00;4
02-09-2025;16:20:00;1002.3666666666667;23.7;3.8000000000000003;0.0;2025-09-02 16:20:00;4
02-09-2025;16:30:00;1002.2999999999998;24.066666666666666;2.766666666666667;0.0;2025-09-02 16:30:00;4
02-09-2025;16:40:00;1002.2499999999999;24.450000000000003;2.3000000000000003;0.0;2025-09-02 16:40:00;4
10-09-2025;22:20:00;1002.1;22.1;5.3;0.4;2025-09-10 22:20:00;4
10-09-2025;22:30:00;1002.0666666666666;21.96666666666667;5.533333333333334;0.2;2025-09-10 22:30:00;4
10-09-2025;22:40:00;1002.1;21.7;6.633333333333333;5.8;2025-09-10 22:40:00;4
10-09-2025;22:50:00;1002.0333333333333;21.53333333333333;6.066666666666667;0.6;2025-09-10 22:50:00;4
10-09-2025;23:00:00;1002.1;21.400000000000002;5.833333333333333;1.0;2025-09-10 23:00:00;4
10-09-2025;23:10:00;1002.0666666666667;21.166666666666668;5.800000000000001;0.4;2025-09-10 23:10:00;4
10-09-2025;23:20:00;1002.2666666666668;20.733333333333334;6.966666666666668;0.0;2025-09-10 23:20:00;4
10-09-2025;23:30:00;1002.4333333333334;20.366666666666667;6.533333333333334;0.2;2025-09-10 23:30:00;4
10-09-2025;23:40:00;1002.6999999999999;20.133333333333333;5.5;0.6;2025-09-10 23:40:00;4
10-09-2025;23:50:00;1002.6333333333333;20.033333333333335;3.6;0.2;2025-09-10 23:50:00;4
11-09-2025;00:00:00;1002.8000000000001;19.933333333333334;3.0000000000000004;0.4;2025-09-11 00:00:00;4
11-09-2025;00:10:00;1002.7666666666668;19.933333333333334;2.633333333333334;0.2;2025-09-11 00:10:00;4
11-09-2025;00:20:00;1002.7666666666668;20.03333333333333;2.433333333333334;0.0;2025-09-11 00:20:00;4
11-09-2025;00:30:00;1002.4333333333334;20.133333333333333;2.2000000000000006;0.0;2025-09-11 00:30:00;4
11-09-2025;00:40:00;1002.2333333333332;20.233333333333334;1.8666666666666671;0.2;2025-09-11 00:40:00;4
11-09-2025;00:50:00;1002.1666666666666;20.299999999999997;1.5666666666666673;0.0;2025-09-11 00:50:00;4
11-09-2025;01:00:00;1002.1333333333333;20.400000000000002;1.5000000000000007;0.0;2025-09-11 01:00:00;4
11-09-2025;01:10:00;1002.1500000000001;20.450000000000003;1.3;0.0;2025-09-11 01:10:00;4
11-09-2025;06:30:00;1003.75;21.35;2.35;0.2;2025-09-11 06:30:00;4
11-09-2025;06:40:00;1003.7666666666668;21.46666666666667;2.466666666666667;0.0;2025-09-11 06:40:00;4
11-09-2025;06:50:00;1003.8;21.766666666666666;2.5;0.0;2025-09-11 06:50:00;4
11-09-2025;07:00:00;1003.8;21.849999999999998;2.5;0.0;2025-09-11 07:00:00;4
23-09-2025;08:50:00;1004.45;21.0;6.3999999999999995;0.6;2025-09-23 08:50:00;4
23-09-2025;09:00:00;1004.4666666666667;20.566666666666666;8.133333333333333;2.4;2025-09-23 09:00:00;4
23-09-2025;09:10:00;1004.5;19.933333333333334;8.533333333333333;6.6;2025-09-23 09:10:00;4
23-09-2025;09:20:00;1004.4666666666666;19.599999999999998;7.133333333333333;8.8;2025-09-23 09:20:00;4
23-09-2025;09:30:00;1004.4666666666666;19.599999999999998;4.666666666666667;1.0;2025-09-23 09:30:00;4
23-09-2025;09:40:00;1004.5;19.733333333333334;4.233333333333333;0.0;2025-09-23 09:40:00;4
23-09-2025;09:50:00;1004.5;19.8;3.9;0.0;2025-09-23 09:50:00;4
23-09-2025;10:00:00;1004.5;19.85;3.75;0.0;2025-09-23 10:00:00;4
23-09-2025;10:30:00;1004.4;20.35;3.8;0.2;2025-09-23 10:30:00;4
23-09-2025;10:40:00;1004.4;20.266666666666666;3.9333333333333336;0.0;2025-09-23 10:40:00;4
23-09-2025;10:50:00;1004.4666666666666;20.3;3.8000000000000003;0.0;2025-09-23 10:50:00;4
23-09-2025;11:00:00;1004.4999999999999;20.25;3.8500000000000005;0.0;2025-09-23 11:00:00;4
23-09-2025;22:10:00;1003.8499999999999;21.1;2.95;0.6;2025-09-23 22:10:00;4
23-09-2025;22:20:00;1003.8666666666667;20.53333333333333;3.5666666666666664;0.0;2025-09-23 22:20:00;4
23-09-2025;22:30:00;1003.9;19.666666666666668;4.2;0.0;2025-09-23 22:30:00;4
23-09-2025;22:40:00;1003.9;19.299999999999997;4.3;0.0;2025-09-23 22:40:00;4
23-09-2025;23:00:00;1003.4;19.4;4.65;0.2;2025-09-23 23:00:00;4
23-09-2025;23:10:00;1003.3333333333334;19.599999999999998;4.566666666666666;0.0;2025-09-23 23:10:00;4
23-09-2025;23:20:00;1003.3000000000001;20.0;4.233333333333333;0.0;2025-09-23 23:20:00;4
23-09-2025;23:30:00;1003.3000000000001;20.200000000000003;4.0;0.0;2025-09-23 23:30:00;4
24-09-2025;05:00:00;1002.3;21.25;4.4;0.4;2025-09-24 05:00:00;4
24-09-2025;05:10:00;1002.2666666666668;21.133333333333333;4.3999999999999995;0.8;2025-09-24 05:10:00;4
24-09-2025;05:20:00;1002.2666666666668;21.0;4.666666666666667;0.8;2025-09-24 05:20:00;4
24-09-2025;05:30:00;1002.2333333333332;21.03333333333333;4.766666666666667;0.0;2025-09-24 05:30:00;4
24-09-2025;05:40:00;1002.3666666666667;21.166666666666668;4.7;0.4;2025-09-24 05:40:00;4
24-09-2025;05:50:00;1002.4;20.966666666666665;4.6000000000000005;3.6;2025-09-24 05:50:00;4
24-09-2025;06:00:00;1002.4;20.7;4.233333333333333;2.2;2025-09-24 06:00:00;4
24-09-2025;06:10:00;1002.3333333333334;20.333333333333332;3.733333333333333;0.6;2025-09-24 06:10:00;4
24-09-2025;06:20:00;1002.4333333333334;20.2;3.1;0.4;2025-09-24 06:20:00;4
24-09-2025;06:30:00;1002.7333333333332;20.0;2.6;0.4;2025-09-24 06:30:00;4
24-09-2025;06:40:00;1003.0;20.066666666666666;2.533333333333333;0.0;2025-09-24 06:40:00;4
24-09-2025;06:50:00;1003.0666666666667;20.133333333333336;2.6333333333333333;0.0;2025-09-24 06:50:00;4
24-09-2025;07:00:00;1003.0500000000001;20.3;2.8000000000000003;0.0;2025-09-24 07:00:00;4
24-09-2025;11:50:00;1003.3;22.0;3.3;0.2;2025-09-24 11:50:00;4
24-09-2025;12:00:00;1003.3;21.866666666666664;3.3666666666666667;0.0;2025-09-24 12:00:00;4
24-09-2025;12:10:00;1003.3333333333334;21.666666666666668;3.1999999999999997;0.4;2025-09-24 12:10:00;4
24-09-2025;12:20:00;1003.4;21.433333333333337;3.266666666666667;0.4;2025-09-24 12:20:00;4
24-09-2025;12:30:00;1003.4;21.133333333333336;3.533333333333333;1.4;2025-09-24 12:30:00;4
24-09-2025;12:40:00;1003.4333333333333;20.833333333333332;3.9666666666666663;0.6;2025-09-24 12:40:00;4
24-09-2025;12:50:00;1003.5;20.733333333333334;3.8333333333333335;0.2;2025-09-24 12:50:00;4
24-09-2025;13:00:00;1003.6666666666666;20.63333333333333;3.466666666666667;0.0;2025-09-24 13:00:00;4
24-09-2025;13:10:00;1003.7333333333335;20.599999999999998;3.233333333333333;0.0;2025-09-24 13:10:00;4
24-09-2025;13:20:00;1003.75;20.5;3.3499999999999996;0.0;2025-09-24 13:20:00;4
24-09-2025;13:40:00;1003.4;21.25;2.2;0.2;2025-09-24 13:40:00;4
24-09-2025;13:50:00;1003.3333333333334;21.433333333333334;2.1666666666666665;0.0;2025-09-24 13:50:00;4
24-09-2025;14:00:00;1003.2666666666668;21.833333333333332;2.5333333333333337;0.0;2025-09-24 14:00:00;4
24-09-2025;14:10:00;1003.2500000000001;22.05;2.4000000000000004;0.0;2025-09-24 14:10:00;4
24-09-2025;19:10:00;1003.95;20.549999999999997;3.0;0.2;2025-09-24 19:10:00;4
24-09-2025;19:20:00;1004.0333333333333;20.233333333333334;3.0666666666666664;0.6;2025-09-24 19:20:00;4
24-09-2025;19:30:00;1004.1333333333333;19.733333333333334;3.1666666666666665;0.0;2025-09-24 19:30:00;4
24-09-2025;19:40:00;1004.2333333333332;19.366666666666664;3.1333333333333333;0.0;2025-09-24 19:40:00;4
24-09-2025;19:50:00;1004.25;19.25;3.1;0.0;2025-09-24 19:50:00;4
01-10-2025;10:20:00;1003.9;20.85;1.9000000000000001;0.4;2025-10-01 10:20:00;4
01-10-2025;10:30:00;1003.9;20.666666666666668;1.7666666666666668;0.2;2025-10-01 10:30:00;4
01-10-2025;10:40:00;1003.9;20.466666666666665;1.7666666666666668;0.2;2025-10-01 10:40:00;4
01-10-2025;10:50:00;1003.8666666666667;20.666666666666668;1.3666666666666665;0.0;2025-10-01 10:50:00;4
01-10-2025;11:00:00;1003.8333333333334;21.166666666666668;1.2333333333333334;0.0;2025-10-01 11:00:00;4
01-10-2025;11:10:00;1003.8;21.45;1.05;0.0;2025-10-01 11:10:00;4
01-10-2025;14:00:00;1002.3499999999999;21.299999999999997;2.35;0.2;2025-10-01 14:00:00;4
01-10-2025;14:10:00;1002.3333333333334;21.599999999999998;2.1333333333333333;0.0;2025-10-01 14:10:00;4
01-10-2025;14:20:00;1002.2666666666665;21.766666666666666;1.5999999999999999;0.0;2025-10-01 14:20:00;4
01-10-2025;14:30:00;1002.25;21.950000000000003;1.5;0.0;2025-10-01 14:30:00;4
05-10-2025;06:30:00;1000.8;17.2;6.15;0.4;2025-10-05 06:30:00;4
05-10-2025;06:40:00;1000.7333333333332;16.966666666666665;6.5;0.4;2025-10-05 06:40:00;4
05-10-2025;06:50:00;1000.8333333333334;16.566666666666666;6.966666666666666;1.0;2025-10-05 06:50:00;4
05-10-2025;07:00:00;1000.8666666666667;16.3;6.733333333333334;0.8;2025-10-05 07:00:00;4
05-10-2025;07:10:00;1001.0333333333333;16.2;6.133333333333333;0.2;2025-10-05 07:10:00;4
05-10-2025;07:20:00;1001.1;16.2;5.633333333333333;0.2;2025-10-05 07:20:00;4
05-10-2025;07:30:00;1001.1333333333333;16.266666666666666;5.766666666666667;0.0;2025-10-05 07:30:00;4
05-10-2025;07:40:00;1001.2000000000002;16.266666666666666;6.133333333333333;0.2;2025-10-05 07:40:00;4
05-10-2025;07:50:00;1001.2999999999998;16.233333333333334;6.933333333333334;0.2;2025-10-05 07:50:00;4
05-10-2025;08:00:00;1001.4666666666667;16.133333333333336;6.966666666666666;0.6;2025-10-05 08:00:00;4
05-10-2025;08:10:00;1001.5666666666666;16.133333333333333;7.066666666666666;0.8;2025-10-05 08:10:00;4
05-10-2025;08:20:00;1001.5666666666666;16.3;6.7;0.8;2025-10-05 08:20:00;4
05-10-2025;08:30:00;1001.5333333333334;16.599999999999998;6.433333333333334;0.0;2025-10-05 08:30:00;4
05-10-2025;08:40:00;1001.5;16.900000000000002;6.033333333333332;0.0;2025-10-05 08:40:00;4
05-10-2025;08:50:00;1001.5;17.05;5.6499999999999995;0.0;2025-10-05 08:50:00;4
05-10-2025;09:10:00;1001.55;17.1;5.15;1.2;2025-10-05 09:10:00;4
05-10-2025;09:20:00;1001.4666666666667;17.133333333333336;5.233333333333333;0.8;2025-10-05 09:20:00;4
05-10-2025;09:30:00;1001.3666666666667;17.266666666666666;5.166666666666667;0.2;2025-10-05 09:30:00;4
05-10-2025;09:40:00;1001.3;17.400000000000002;5.066666666666666;0.0;2025-10-05 09:40:00;4
05-10-2025;09:50:00;1001.3;17.63333333333333;5.2;0.0;2025-10-05 09:50:00;4
05-10-2025;10:00:00;1001.3;17.699999999999996;5.300000000000001;0.0;2025-10-05 10:00:00;4
05-10-2025;11:50:00;999.9;18.75;14.25;6.4;2025-10-05 11:50:00;4
05-10-2025;12:00:00;1000.1;19.033333333333335;12.6;0.0;2025-10-05 12:00:00;4
05-10-2025;12:10:00;1000.4333333333333;19.46666666666667;10.200000000000001;0.2;2025-10-05 12:10:00;4
05-10-2025;12:20:00;1000.3666666666667;19.2;9.233333333333334;0.0;2025-10-05 12:20:00;4
05-10-2025;12:30:00;1000.3333333333334;18.933333333333334;9.133333333333333;0.0;2025-10-05 12:30:00;4
05-10-2025;12:40:00;1000.3;18.65;9.149999999999999;0.0;2025-10-05 12:40:00;4
15-10-2025;12:30:00;1006.1500000000001;18.75;1.75;0.2;2025-10-15 12:30:00;4
15-10-2025;12:40:00;1006.1;18.8;1.7666666666666666;0.0;2025-10-15 12:40:00;4
15-10-2025;12:50:00;1006.0;18.866666666666667;2.1333333333333333;0.0;2025-10-15 12:50:00;4
15-10-2025;13:00:00;1005.95;18.9;2.05;0.0;2025-10-15 13:00:00;4
15-10-2025;15:30:00;1005.1;18.299999999999997;3.25;0.2;2025-10-15 15:30:00;4
15-10-2025;15:40:00;1005.1;18.266666666666666;3.266666666666667;0.0;2025-10-15 15:40:00;4
15-10-2025;15:50:00;1005.1;18.2;3.233333333333333;0.0;2025-10-15 15:50:00;4
15-10-2025;16:00:00;1005.1;18.2;3.533333333333333;0.2;2025-10-15 16:00:00;4
15-10-2025;16:10:00;1005.1;18.166666666666668;3.6999999999999997;0.0;2025-10-15 16:10:00;4
15-10-2025;16:20:00;1005.0666666666666;18.099999999999998;3.6666666666666665;0.0;2025-10-15 16:20:00;4
15-10-2025;16:30:00;1005.05;18.05;3.5500000000000003;0.0;2025-10-15 16:30:00;4
15-10-2025;17:20:00;1005.4;16.9;3.8499999999999996;0.2;2025-10-15 17:20:00;4
15-10-2025;17:30:00;1005.4333333333334;16.833333333333332;4.166666666666667;0.2;2025-10-15 17:30:00;4
15-10-2025;17:40:00;1005.4333333333333;16.733333333333334;4.766666666666667;0.0;2025-10-15 17:40:00;4
15-10-2025;17:50:00;1005.4333333333334;16.599999999999998;5.066666666666666;0.2;2025-10-15 17:50:00;4
15-10-2025;18:00:00;1005.4;16.5;5.166666666666667;0.2;2025-10-15 18:00:00;4
15-10-2025;18:10:00;1005.3666666666667;16.366666666666664;5.166666666666667;0.2;2025-10-15 18:10:00;4
15-10-2025;18:20:00;1005.3333333333334;16.366666666666667;5.433333333333334;0.2;2025-10-15 18:20:00;4
15-10-2025;18:30:00;1005.3;16.400000000000002;5.566666666666666;0.0;2025-10-15 18:30:00;4
15-10-2025;18:40:00;1005.3;16.53333333333333;5.7;0.0;2025-10-15 18:40:00;4
15-10-2025;18:50:00;1005.3;16.599999999999998;5.65;0.0;2025-10-15 18:50:00;4
16-10-2025;02:10:00;1003.6;16.95;3.75;0.2;2025-10-16 02:10:00;4
16-10-2025;02:20:00;1003.5333333333333;16.933333333333334;3.766666666666667;0.0;2025-10-16 02:20:00;4
16-10-2025;02:30:00;1003.4333333333334;17.0;3.9;0.0;2025-10-16 02:30:00;4
16-10-2025;02:40:00;1003.4;17.05;4.05;0.0;2025-10-16 02:40:00;4
16-10-2025;08:40:00;1003.8;16.4;3.2;0.2;2025-10-16 08:40:00;4
16-10-2025;08:50:00;1003.8;16.266666666666666;3.5;0.4;2025-10-16 08:50:00;4
16-10-2025;09:00:00;1003.8333333333334;16.066666666666666;4.133333333333334;0.6;2025-10-16 09:00:00;4
16-10-2025;09:10:00;1003.9;15.933333333333332;4.3999999999999995;0.2;2025-10-16 09:10:00;4
16-10-2025;09:20:00;1003.9666666666667;15.799999999999999;4.3999999999999995;0.4;2025-10-16 09:20:00;4
16-10-2025;09:30:00;1004.0;15.633333333333333;4.533333333333333;0.4;2025-10-16 09:30:00;4
16-10-2025;09:40:00;1004.0;15.366666666666667;4.833333333333333;0.2;2025-10-16 09:40:00;4
16-10-2025;09:50:00;1004.0;15.066666666666665;5.066666666666666;0.4;2025-10-16 09:50:00;4
16-10-2025;10:00:00;1004.0;14.799999999999999;4.766666666666667;0.4;2025-10-16 10:00:00;4
16-10-2025;10:10:00;1003.9333333333333;14.7;4.7;0.2;2025-10-16 10:10:00;4
16-10-2025;10:20:00;1003.8666666666667;14.7;5.1000000000000005;0.2;2025-10-16 10:20:00;4
16-10-2025;10:30:00;1003.8333333333334;14.7;5.833333333333333;0.2;2025-10-16 10:30:00;4
16-10-2025;10:40:00;1003.8333333333334;14.766666666666666;6.3999999999999995;0.0;2025-10-16 10:40:00;4
16-10-2025;10:50:00;1003.7999999999998;14.933333333333332;6.533333333333332;0.0;2025-10-16 10:50:00;4
16-10-2025;11:00:00;1003.7499999999999;15.05;6.5;0.0;2025-10-16 11:00:00;4
16-10-2025;14:00:00;1002.8;15.9;5.300000000000001;0.2;2025-10-16 14:00:00;4
16-10-2025;14:10:00;1002.8;15.866666666666667;5.366666666666667;0.2;2025-10-16 14:10:00;4
16-10-2025;14:20:00;1002.8;15.8;5.3;0.0;2025-10-16 14:20:00;4
16-10-2025;14:30:00;1002.7666666666668;15.766666666666666;5.466666666666666;0.2;2025-10-16 14:30:00;4
16-10-2025;14:40:00;1002.6999999999999;15.700000000000001;5.666666666666667;0.0;2025-10-16 14:40:00;4
16-10-2025;14:50:00;1002.6666666666666;15.666666666666666;6.233333333333333;0.2;2025-10-16 14:50:00;4
16-10-2025;15:00:00;1002.6666666666666;15.6;6.566666666666667;0.0;2025-10-16 15:00:00;4
16-10-2025;15:10:00;1002.7;15.5;6.333333333333333;0.2;2025-10-16 15:10:00;4
16-10-2025;15:20:00;1002.6666666666666;15.333333333333334;6.166666666666667;0.0;2025-10-16 15:20:00;4
16-10-2025;15:30:00;1002.6333333333333;15.166666666666666;5.833333333333333;0.2;2025-10-16 15:30:00;4
16-10-2025;15:40:00;1002.6;15.066666666666665;5.966666666666666;0.0;2025-10-16 15:40:00;4
16-10-2025;15:50:00;1002.6;15.066666666666668;5.833333333333333;0.2;2025-10-16 15:50:00;4
16-10-2025;16:00:00;1002.6;15.1;5.6000000000000005;0.2;2025-10-16 16:00:00;4
16-10-2025;16:10:00;1002.6;15.200000000000001;5.5;0.2;2025-10-16 16:10:00;4
16-10-2025;16:20:00;1002.5333333333334;15.299999999999999;5.7;0.0;2025-10-16 16:20:00;4
16-10-2025;16:30:00;1002.4;15.433333333333332;6.433333333333334;0.0;2025-10-16 16:30:00;4
16-10-2025;16:40:00;1002.3;15.5;6.9;0.0;2025-10-16 16:40:00;4
17-10-2025;01:00:00;1002.25;16.2;2.9;0.2;2025-10-17 01:00:00;4
17-10-2025;01:10:00;1002.2333333333332;15.966666666666667;3.3333333333333335;0.6;2025-10-17 01:10:00;4
17-10-2025;01:20:00;1002.1666666666666;15.666666666666666;3.966666666666667;0.0;2025-10-17 01:20:00;4
17-10-2025;01:30:00;1002.1;15.799999999999999;4.333333333333333;0.0;2025-10-17 01:30:00;4
17-10-2025;01:40:00;1002.0500000000001;15.95;4.4;0.0;2025-10-17 01:40:00;4
17-10-2025;02:10:00;1001.7;15.6;4.5;0.4;2025-10-17 02:10:00;4
17-10-2025;02:20:00;1001.7;15.566666666666668;4.666666666666667;0.0;2025-10-17 02:20:00;4
17-10-2025;02:30:00;1001.6666666666666;15.466666666666667;4.7;0.2;2025-10-17 02:30:00;4
17-10-2025;02:40:00;1001.6333333333333;15.4;4.6000000000000005;0.0;2025-10-17 02:40:00;4
17-10-2025;02:50:00;1001.6;15.299999999999999;4.233333333333333;0.2;2025-10-17 02:50:00;4
17-10-2025;03:00:00;1001.5666666666667;15.233333333333334;4.133333333333334;0.0;2025-10-17 03:00:00;4
17-10-2025;03:10:00;1001.5333333333333;15.233333333333333;3.9333333333333336;0.0;2025-10-17 03:10:00;4
17-10-2025;03:20:00;1001.5;15.25;3.95;0.0;2025-10-17 03:20:00;4
17-10-2025;04:30:00;1001.3;15.55;3.25;0.2;2025-10-17 04:30:00;4
17-10-2025;04:40:00;1001.3;15.5;3.0666666666666664;0.0;2025-10-17 04:40:00;4
17-10-2025;04:50:00;1001.4;15.566666666666668;2.8333333333333335;0.0;2025-10-17 04:50:00;4
17-10-2025;05:00:00;1001.4499999999999;15.600000000000001;2.6;0.0;2025-10-17 05:00:00;4
17-10-2025;05:20:00;1001.5;15.4;3.65;0.6;2025-10-17 05:20:00;4
17-10-2025;05:30:00;1001.5;15.333333333333334;3.733333333333333;0.2;2025-10-17 05:30:00;4
17-10-2025;05:40:00;1001.5;15.266666666666666;4.0;0.2;2025-10-17 05:40:00;4
17-10-2025;05:50:00;1001.5333333333333;15.299999999999999;3.9;0.0;2025-10-17 05:50:00;4
17-10-2025;06:00:00;1001.5666666666666;15.433333333333332;3.8333333333333335;0.0;2025-10-17 06:00:00;4
17-10-2025;06:10:00;1001.6;15.466666666666667;3.766666666666666;0.0;2025-10-17 06:10:00;4
17-10-2025;06:20:00;1001.6;15.4;3.6666666666666665;0.2;2025-10-17 06:20:00;4
17-10-2025;06:30:00;1001.6333333333333;15.333333333333334;3.4666666666666663;0.2;2025-10-17 06:30:00;4
17-10-2025;06:40:00;1001.6666666666666;15.433333333333335;3.233333333333333;0.0;2025-10-17 06:40:00;4
17-10-2025;06:50:00;1001.7333333333332;15.566666666666665;3.0;0.0;2025-10-17 06:50:00;4
17-10-2025;07:00:00;1001.7499999999999;15.649999999999999;2.9499999999999997;0.0;2025-10-17 07:00:00;4
21-10-2025;10:00:00;999.5;17.6;3.05;0.6;2025-10-21 10:00:00;4
21-10-2025;10:10:00;999.6;17.400000000000002;3.266666666666667;0.2;2025-10-21 10:10:00;4
21-10-2025;10:20:00;999.6333333333333;17.066666666666666;3.3333333333333335;1.2;2025-10-21 10:20:00;4
21-10-2025;10:30:00;999.6666666666666;16.966666666666665;3.1999999999999997;2.4;2025-10-21 10:30:00;4
21-10-2025;10:40:00;999.5666666666666;17.033333333333335;3.033333333333333;0.6;2025-10-21 10:40:00;4
21-10-2025;10:50:00;999.6333333333333;17.233333333333334;3.1;4.8;2025-10-21 10:50:00;4
21-10-2025;11:00:00;999.5666666666666;17.433333333333334;3.533333333333333;0.8;2025-10-21 11:00:00;4
21-10-2025;11:10:00;999.4333333333334;17.63333333333333;4.1000000000000005;0.4;2025-10-21 11:10:00;4
21-10-2025;11:20:00;999.1999999999999;17.833333333333332;4.566666666666666;0.0;2025-10-21 11:20:00;4
21-10-2025;11:30:00;999.0666666666666;17.96666666666667;4.466666666666667;0.0;2025-10-21 11:30:00;4
21-10-2025;11:40:00;999.05;18.050000000000004;4.25;0.0;2025-10-21 11:40:00;4
21-10-2025;12:10:00;998.6;17.95;3.8;0.2;2025-10-21 12:10:00;4
21-10-2025;12:20:00;998.5333333333333;17.900000000000002;3.8000000000000003;0.0;2025-10-21 12:20:00;4
21-10-2025;12:30:00;998.4666666666667;17.8;4.033333333333333;0.0;2025-10-21 12:30:00;4
21-10-2025;12:40:00;998.35;17.75;4.2;0.0;2025-10-21 12:40:00;4
21-10-2025;14:10:00;997.25;18.0;3.9499999999999997;0.2;2025-10-21 14:10:00;4
21-10-2025;14:20:00;997.2666666666668;18.033333333333335;3.9;0.2;2025-10-21 14:20:00;4
21-10-2025;14:30:00;997.2333333333332;18.166666666666668;3.8333333333333335;0.0;2025-10-21 14:30:00;4
21-10-2025;14:40:00;997.1999999999999;18.566666666666666;3.9666666666666663;0.0;2025-10-21 14:40:00;4
21-10-2025;14:50:00;997.15;18.8;4.049999999999999;0.0;2025-10-21 14:50:00;4
23-10-2025;19:50:00;992.55;20.1;14.100000000000001;0.6;2025-10-23 19:50:00;4
23-10-2025;20:00:00;992.4;19.733333333333334;13.266666666666666;2.6;2025-10-23 20:00:00;4
23-10-2025;20:10:00;992.1999999999999;19.5;12.299999999999999;0.0;2025-10-23 20:10:00;4
23-10-2025;20:20:00;992.1999999999999;19.900000000000002;11.700000000000001;0.0;2025-10-23 20:20:00;4
23-10-2025;20:30:00;992.25;20.35;11.75;0.0;2025-10-23 20:30:00;4
26-10-2025;21:40:00;997.8499999999999;16.549999999999997;5.449999999999999;0.4;2025-10-26 21:40:00;4
26-10-2025;21:50:00;997.8666666666667;16.400000000000002;5.966666666666666;0.2;2025-10-26 21:50:00;4
26-10-2025;22:00:00;997.8666666666667;16.099999999999998;6.3;0.0;2025-10-26 22:00:00;4
26-10-2025;22:10:00;997.9333333333334;16.099999999999998;6.633333333333333;0.0;2025-10-26 22:10:00;4
26-10-2025;22:20:00;997.95;16.1;6.449999999999999;0.0;2025-10-26 22:20:00;4
26-10-2025;23:20:00;997.8499999999999;15.4;4.35;0.2;2025-10-26 23:20:00;4
26-10-2025;23:30:00;997.8333333333334;15.333333333333334;4.7;0.0;2025-10-26 23:30:00;4
26-10-2025;23:40:00;997.9;15.233333333333334;5.066666666666667;0.0;2025-10-26 23:40:00;4
26-10-2025;23:50:00;997.8999999999999;15.15;5.6;0.0;2025-10-26 23:50:00;4
27-10-2025;19:50:00;1001.25;16.1;6.35;0.4;2025-10-27 19:50:00;4
27-10-2025;20:00:00;1001.2333333333332;16.0;6.099999999999999;0.0;2025-10-27 20:00:00;4
27-10-2025;20:10:00;1001.2333333333332;15.933333333333332;6.166666666666667;0.0;2025-10-27 20:10:00;4
27-10-2025;20:20:00;1001.2499999999999;15.999999999999998;6.45;0.0;2025-10-27 20:20:00;4
27-10-2025;20:50:00;1001.2;16.1;8.1;0.2;2025-10-27 20:50:00;4
27-10-2025;21:00:00;1001.1666666666666;16.0;8.466666666666667;0.2;2025-10-27 21:00:00;4
27-10-2025;21:10:00;1001.1666666666666;15.933333333333332;9.833333333333334;0.0;2025-10-27 21:10:00;4
27-10-2025;21:20:00;1001.3000000000001;15.933333333333335;10.200000000000001;0.0;2025-10-27 21:20:00;4
27-10-2025;21:30:00;1001.4333333333334;16.0;10.033333333333333;0.2;2025-10-27 21:30:00;4
27-10-2025;21:40:00;1001.5;15.933333333333332;10.133333333333335;0.0;2025-10-27 21:40:00;4
27-10-2025;21:50:00;1001.3666666666667;15.866666666666665;10.533333333333333;0.2;2025-10-27 21:50:00;4
27-10-2025;22:00:00;1001.2333333333332;15.833333333333334;10.799999999999999;0.2;2025-10-27 22:00:00;4
27-10-2025;22:10:00;1001.1;15.9;10.533333333333333;0.0;2025-10-27 22:10:00;4
27-10-2025;22:20:00;1001.1;16.066666666666666;10.633333333333333;0.0;2025-10-27 22:20:00;4
27-10-2025;22:30:00;1001.1;16.150000000000002;11.2;0.0;2025-10-27 22:30:00;4
29-10-2025;01:40:00;1009.0;16.95;1.15;0.2;2025-10-29 01:40:00;4
29-10-2025;01:50:00;1008.9666666666667;17.0;1.3;0.0;2025-10-29 01:50:00;4
29-10-2025;02:00:00;1008.9333333333334;17.099999999999998;1.3666666666666665;0.0;2025-10-29 02:00:00;4
29-10-2025;02:10:00;1008.9;17.15;1.7499999999999998;0.0;2025-10-29 02:10:00;4
31-10-2025;01:30:00;1005.3499999999999;18.85;1.75;0.2;2025-10-31 01:30:00;4
31-10-2025;01:40:00;1005.3666666666667;18.433333333333334;1.7;0.0;2025-10-31 01:40:00;4
31-10-2025;01:50:00;1005.3666666666667;17.96666666666667;1.6666666666666667;0.2;2025-10-31 01:50:00;4
31-10-2025;02:00:00;1005.2666666666665;17.9;1.5666666666666667;0.0;2025-10-31 02:00:00;4
31-10-2025;02:10:00;1005.1666666666666;17.966666666666665;1.9333333333333336;0.0;2025-10-31 02:10:00;4
31-10-2025;02:20:00;1005.1;18.0;2.3000000000000003;0.0;2025-10-31 02:20:00;4
31-10-2025;03:10:00;1004.75;18.35;1.5499999999999998;0.2;2025-10-31 03:10:00;4
31-10-2025;03:20:00;1004.6999999999999;17.966666666666665;1.6333333333333335;0.0;2025-10-31 03:20:00;4
31-10-2025;03:30:00;1004.6999999999999;17.366666666666664;1.7666666666666666;0.4;2025-10-31 03:30:00;4
31-10-2025;03:40:00;1004.8000000000001;16.833333333333332;2.1333333333333333;0.2;2025-10-31 03:40:00;4
31-10-2025;03:50:00;1004.9;16.633333333333336;2.1666666666666665;0.0;2025-10-31 03:50:00;4
31-10-2025;04:00:00;1004.9;16.8;1.8666666666666665;0.2;2025-10-31 04:00:00;4
31-10-2025;04:10:00;1004.9;17.2;1.3666666666666665;0.0;2025-10-31 04:10:00;4
31-10-2025;04:20:00;1004.9;17.566666666666666;1.3;0.0;2025-10-31 04:20:00;4
31-10-2025;04:30:00;1004.9;17.75;1.35;0.0;2025-10-31 04:30:00;4
03-11-2025;09:10:00;1004.8499999999999;19.35;2.05;0.2;2025-11-03 09:10:00;4
03-11-2025;09:20:00;1004.8333333333334;19.466666666666665;2.066666666666667;0.0;2025-11-03 09:20:00;4
03-11-2025;09:30:00;1004.8333333333334;19.633333333333333;2.2666666666666666;0.0;2025-11-03 09:30:00;4
03-11-2025;09:40:00;1004.8500000000001;19.6;2.4000000000000004;0.0;2025-11-03 09:40:00;4
03-11-2025;10:20:00;1005.0;16.7;9.3;0.4;2025-11-03 10:20:00;4
03-11-2025;10:30:00;1005.1;16.433333333333334;7.7;1.4;2025-11-03 10:30:00;4
03-11-2025;10:40:00;1005.2333333333332;16.166666666666664;6.3;0.4;2025-11-03 10:40:00;4
03-11-2025;10:50:00;1005.2333333333332;16.333333333333332;4.266666666666667;0.0;2025-11-03 10:50:00;4
03-11-2025;11:00:00;1005.2333333333332;16.766666666666666;3.966666666666667;0.2;2025-11-03 11:00:00;4
03-11-2025;11:10:00;1005.2666666666668;17.099999999999998;3.6333333333333333;0.0;2025-11-03 11:10:00;4
03-11-2025;11:20:00;1005.3333333333334;17.7;3.3000000000000003;0.0;2025-11-03 11:20:00;4
03-11-2025;11:30:00;1005.3499999999999;17.95;3.1500000000000004;0.0;2025-11-03 11:30:00;4
07-11-2025;19:00:00;999.4;15.55;1.75;0.6;2025-11-07 19:00:00;4
07-11-2025;19:10:00;999.4;15.433333333333332;1.7;0.4;2025-11-07 19:10:00;4
07-11-2025;19:20:00;999.4333333333333;15.233333333333334;1.5;0.0;2025-11-07 19:20:00;4
07-11-2025;19:30:00;999.4666666666667;15.200000000000001;1.1333333333333335;0.2;2025-11-07 19:30:00;4
07-11-2025;19:40:00;999.5;15.266666666666666;1.0333333333333334;0.0;2025-11-07 19:40:00;4
07-11-2025;19:50:00;999.5;15.4;1.5333333333333332;0.0;2025-11-07 19:50:00;4
07-11-2025;20:00:00;999.5333333333333;15.4;1.6666666666666667;0.2;2025-11-07 20:00:00;4
07-11-2025;20:10:00;999.5666666666666;15.300000000000002;2.1999999999999997;0.0;2025-11-07 20:10:00;4
07-11-2025;20:20:00;999.6;15.166666666666666;2.0;0.0;2025-11-07 20:20:00;4
07-11-2025;20:30:00;999.6;15.1;2.3666666666666667;0.0;2025-11-07 20:30:00;4
07-11-2025;20:40:00;999.6666666666666;15.133333333333333;2.033333333333333;0.2;2025-11-07 20:40:00;4
07-11-2025;20:50:00;999.7333333333332;15.166666666666666;2.066666666666667;0.0;2025-11-07 20:50:00;4
07-11-2025;21:00:00;999.8333333333334;15.133333333333333;2.033333333333333;0.0;2025-11-07 21:00:00;4
07-11-2025;21:10:00;999.8666666666667;15.0;2.1333333333333333;0.4;2025-11-07 21:10:00;4
07-11-2025;21:20:00;999.9333333333334;14.866666666666667;2.0333333333333337;0.2;2025-11-07 21:20:00;4
07-11-2025;21:30:00;999.9666666666667;14.8;1.7999999999999998;0.0;2025-11-07 21:30:00;4
07-11-2025;21:40:00;1000.0333333333333;14.866666666666667;1.9666666666666668;0.2;2025-11-07 21:40:00;4
07-11-2025;21:50:00;1000.1;14.9;1.8666666666666665;0.0;2025-11-07 21:50:00;4
07-11-2025;22:00:00;1000.1666666666666;14.866666666666667;1.7666666666666666;0.0;2025-11-07 22:00:00;4
07-11-2025;22:10:00;1000.2;14.766666666666666;1.2;0.0;2025-11-07 22:10:00;4
07-11-2025;22:20:00;1000.2666666666668;14.633333333333333;1.3999999999999997;0.2;2025-11-07 22:20:00;4
07-11-2025;22:30:00;1000.2666666666668;14.399999999999999;2.3666666666666667;0.4;2025-11-07 22:30:00;4
07-11-2025;22:40:00;1000.2666666666668;14.066666666666668;3.2999999999999994;0.4;2025-11-07 22:40:00;4
07-11-2025;22:50:00;1000.1666666666666;13.733333333333334;3.4;0.8;2025-11-07 22:50:00;4
07-11-2025;23:00:00;1000.0666666666667;13.5;3.033333333333333;0.8;2025-11-07 23:00:00;4
07-11-2025;23:10:00;999.8333333333334;13.366666666666667;3.1;0.2;2025-11-07 23:10:00;4
07-11-2025;23:20:00;999.6;13.266666666666666;3.133333333333333;0.4;2025-11-07 23:20:00;4
07-11-2025;23:30:00;999.3333333333334;13.266666666666667;3.0666666666666664;0.2;2025-11-07 23:30:00;4
07-11-2025;23:40:00;999.2666666666665;13.399999999999999;2.6999999999999997;0.0;2025-11-07 23:40:00;4
07-11-2025;23:50:00;999.1666666666666;13.533333333333333;2.8000000000000003;0.2;2025-11-07 23:50:00;4
08-11-2025;00:00:00;999.1666666666666;13.666666666666666;2.8333333333333335;0.0;2025-11-08 00:00:00;4
08-11-2025;00:10:00;999.0333333333333;13.6;2.5999999999999996;0.0;2025-11-08 00:10:00;4
08-11-2025;00:20:00;999.0;13.599999999999998;2.5;0.0;2025-11-08 00:20:00;4
08-11-2025;01:50:00;999.3;13.8;1.85;0.2;2025-11-08 01:50:00;4
08-11-2025;02:00:00;999.2333333333332;13.799999999999999;2.066666666666667;0.0;2025-11-08 02:00:00;4
08-11-2025;02:10:00;999.1333333333333;13.833333333333334;2.1333333333333333;0.0;2025-11-08 02:10:00;4
08-11-2025;02:20:00;999.0500000000001;13.899999999999999;2.5500000000000003;0.0;2025-11-08 02:20:00;4
08-11-2025;19:40:00;1000.9;15.55;3.15;0.2;2025-11-08 19:40:00;4
08-11-2025;19:50:00;1000.9333333333334;15.466666666666669;3.4;0.0;2025-11-08 19:50:00;4
08-11-2025;20:00:00;1000.9666666666666;15.3;3.6666666666666665;0.0;2025-11-08 20:00:00;4
08-11-2025;20:10:00;1000.9666666666667;15.266666666666666;3.5666666666666664;0.0;2025-11-08 20:10:00;4
08-11-2025;20:20:00;1001.0333333333333;15.266666666666666;3.3333333333333335;0.2;2025-11-08 20:20:00;4
08-11-2025;20:30:00;1001.1333333333333;15.266666666666666;3.266666666666667;0.0;2025-11-08 20:30:00;4
08-11-2025;20:40:00;1001.2333333333332;15.3;3.3666666666666667;0.0;2025-11-08 20:40:00;4
08-11-2025;20:50:00;1001.25;15.3;3.4499999999999997;0.0;2025-11-08 20:50:00;4
08-11-2025;21:10:00;1001.5;15.149999999999999;3.0;0.8;2025-11-08 21:10:00;4
08-11-2025;21:20:00;1001.5;15.166666666666666;3.1333333333333333;0.2;2025-11-08 21:20:00;4
08-11-2025;21:30:00;1001.5;15.1;3.233333333333333;0.0;2025-11-08 21:30:00;4
08-11-2025;21:40:00;1001.5;15.1;3.3000000000000003;0.2;2025-11-08 21:40:00;4
08-11-2025;21:50:00;1001.5666666666666;15.066666666666668;3.4;0.2;2025-11-08 21:50:00;4
08-11-2025;22:00:00;1001.6333333333333;15.066666666666668;3.4;0.2;2025-11-08 22:00:00;4
08-11-2025;22:10:00;1001.7;14.966666666666667;3.3333333333333335;1.2;2025-11-08 22:10:00;4
08-11-2025;22:20:00;1001.7;14.799999999999999;2.9;2.4;2025-11-08 22:20:00;4
08-11-2025;22:30:00;1001.6666666666666;14.666666666666666;3.1;1.4;2025-11-08 22:30:00;4
08-11-2025;22:40:00;1001.6666666666666;14.566666666666668;2.9666666666666663;1.0;2025-11-08 22:40:00;4
08-11-2025;22:50:00;1001.6666666666666;14.533333333333333;3.1333333333333333;0.4;2025-11-08 22:50:00;4
08-11-2025;23:00:00;1001.7;14.433333333333332;2.6;0.6;2025-11-08 23:00:00;4
08-11-2025;23:10:00;1001.7333333333332;14.366666666666667;2.0;0.6;2025-11-08 23:10:00;4
08-11-2025;23:20:00;1001.7666666666668;14.3;1.5;0.0;2025-11-08 23:20:00;4
08-11-2025;23:30:00;1001.8;14.033333333333333;1.2;0.6;2025-11-08 23:30:00;4
08-11-2025;23:40:00;1001.7666666666668;13.866666666666667;1.7;0.8;2025-11-08 23:40:00;4
08-11-2025;23:50:00;1001.7666666666665;13.666666666666666;2.1333333333333333;2.2;2025-11-08 23:50:00;4
09-11-2025;00:00:00;1001.7666666666668;13.766666666666667;2.6333333333333333;2.0;2025-11-09 00:00:00;4
09-11-2025;00:10:00;1001.7666666666665;13.533333333333331;2.6333333333333333;3.4;2025-11-09 00:10:00;4
09-11-2025;00:20:00;1001.7333333333335;13.433333333333335;2.8000000000000003;5.2;2025-11-09 00:20:00;4
09-11-2025;00:30:00;1001.7;13.433333333333332;2.8000000000000003;1.0;2025-11-09 00:30:00;4
09-11-2025;00:40:00;1001.6666666666666;13.733333333333334;3.0;0.2;2025-11-09 00:40:00;4
09-11-2025;00:50:00;1001.6333333333333;13.966666666666669;3.1999999999999997;3.6;2025-11-09 00:50:00;4
09-11-2025;01:00:00;1001.4666666666667;14.033333333333331;3.8333333333333335;3.2;2025-11-09 01:00:00;4
09-11-2025;01:10:00;1001.3333333333334;14.033333333333331;4.3999999999999995;3.2;2025-11-09 01:10:00;4
09-11-2025;01:20:00;1001.2333333333335;14.033333333333333;4.7;0.8;2025-11-09 01:20:00;4
09-11-2025;01:30:00;1001.3333333333334;14.1;4.6000000000000005;0.0;2025-11-09 01:30:00;4
09-11-2025;01:40:00;1001.4333333333334;14.166666666666666;4.066666666666666;0.0;2025-11-09 01:40:00;4
09-11-2025;01:50:00;1001.5;14.2;3.733333333333333;0.2;2025-11-09 01:50:00;4
09-11-2025;02:00:00;1001.4333333333333;14.233333333333334;3.4333333333333336;0.0;2025-11-09 02:00:00;4
09-11-2025;02:10:00;1001.3333333333334;14.266666666666666;3.5;0.0;2025-11-09 02:10:00;4
09-11-2025;02:20:00;1001.25;14.3;3.4000000000000004;0.0;2025-11-09 02:20:00;4
09-11-2025;02:50:00;1000.9;14.3;3.55;0.2;2025-11-09 02:50:00;4
09-11-2025;03:00:00;1000.8333333333334;14.266666666666666;3.6;0.0;2025-11-09 03:00:00;4
09-11-2025;03:10:00;1000.7666666666668;14.2;3.6333333333333333;0.0;2025-11-09 03:10:00;4
09-11-2025;03:20:00;1000.7;14.2;3.6500000000000004;0.0;2025-11-09 03:20:00;4
18-11-2025;02:20:00;1000.1;17.75;1.7000000000000002;0.2;2025-11-18 02:20:00;4
18-11-2025;02:30:00;1000.1;17.733333333333334;1.7333333333333334;0.0;2025-11-18 02:30:00;4
18-11-2025;02:40:00;1000.0;17.7;1.8;0.0;2025-11-18 02:40:00;4
18-11-2025;02:50:00;999.9499999999999;17.7;1.9;0.0;2025-11-18 02:50:00;4
18-11-2025;04:00:00;999.25;17.75;2.45;0.2;2025-11-18 04:00:00;4
18-11-2025;04:10:00;999.1666666666666;17.766666666666666;2.4;0.0;2025-11-18 04:10:00;4
18-11-2025;04:20:00;999.0666666666666;17.8;2.4;0.0;2025-11-18 04:20:00;4
18-11-2025;04:30:00;999.05;17.85;2.3499999999999996;0.0;2025-11-18 04:30:00;4
18-11-2025;11:00:00;1000.1;16.7;2.0;0.2;2025-11-18 11:00:00;4
18-11-2025;11:10:00;1000.1;16.666666666666668;1.9333333333333333;0.2;2025-11-18 11:10:00;4
18-11-2025;11:20:00;1000.0333333333334;16.633333333333333;1.9666666666666668;0.0;2025-11-18 11:20:00;4
18-11-2025;11:30:00;999.9666666666667;16.46666666666667;2.033333333333333;0.0;2025-11-18 11:30:00;4
18-11-2025;11:40:00;999.8000000000001;16.266666666666666;2.3000000000000003;0.2;2025-11-18 11:40:00;4
18-11-2025;11:50:00;999.6666666666666;16.133333333333333;2.4;0.2;2025-11-18 11:50:00;4
18-11-2025;12:00:00;999.5;16.2;2.1666666666666665;0.2;2025-11-18 12:00:00;4
18-11-2025;12:10:00;999.4333333333334;16.333333333333332;1.8999999999999997;0.0;2025-11-18 12:10:00;4
18-11-2025;12:20:00;999.4;16.5;1.5666666666666664;0.0;2025-11-18 12:20:00;4
18-11-2025;12:30:00;999.4;16.55;1.6499999999999997;0.0;2025-11-18 12:30:00;4
18-11-2025;14:30:00;998.95;16.85;1.85;0.2;2025-11-18 14:30:00;4
18-11-2025;14:40:00;998.9333333333334;16.7;2.033333333333333;0.0;2025-11-18 14:40:00;4
18-11-2025;14:50:00;998.9;16.5;2.466666666666667;0.0;2025-11-18 14:50:00;4
18-11-2025;15:00:00;998.9;16.35;2.75;0.0;2025-11-18 15:00:00;4
18-11-2025;20:20:00;1000.4;14.25;4.95;2.6;2025-11-18 20:20:00;4
18-11-2025;20:30:00;1000.5;14.166666666666666;4.866666666666667;5.8;2025-11-18 20:30:00;4
18-11-2025;20:40:00;1000.6;14.0;5.2;5.8;2025-11-18 20:40:00;4
18-11-2025;20:50:00;1000.7;14.033333333333333;4.266666666666667;8.4;2025-11-18 20:50:00;4
18-11-2025;21:00:00;1000.7666666666668;14.033333333333333;3.6333333333333333;2.0;2025-11-18 21:00:00;4
18-11-2025;21:10:00;1000.7666666666668;14.066666666666668;2.8666666666666667;1.2;2025-11-18 21:10:00;4
18-11-2025;21:20:00;1000.8333333333334;14.066666666666665;2.8333333333333335;1.0;2025-11-18 21:20:00;4
18-11-2025;21:30:00;1000.7666666666668;14.133333333333333;2.9;0.6;2025-11-18 21:30:00;4
18-11-2025;21:40:00;1000.7666666666668;14.166666666666666;2.8333333333333335;0.2;2025-11-18 21:40:00;4
18-11-2025;21:50:00;1000.7;14.2;2.8333333333333335;0.6;2025-11-18 21:50:00;4
18-11-2025;22:00:00;1000.7;14.2;2.9333333333333336;0.6;2025-11-18 22:00:00;4
18-11-2025;22:10:00;1000.7666666666668;14.233333333333333;2.733333333333333;0.2;2025-11-18 22:10:00;4
18-11-2025;22:20:00;1000.8666666666667;14.300000000000002;2.5;0.0;2025-11-18 22:20:00;4
18-11-2025;22:30:00;1000.9333333333334;14.233333333333334;2.4;0.2;2025-11-18 22:30:00;4
18-11-2025;22:40:00;1000.8666666666667;14.133333333333335;2.5666666666666664;1.2;2025-11-18 22:40:00;4
18-11-2025;22:50:00;1000.7333333333332;14.033333333333333;3.0666666666666664;0.6;2025-11-18 22:50:00;4
18-11-2025;23:00:00;1000.6;14.033333333333333;3.3666666666666667;0.2;2025-11-18 23:00:00;4
18-11-2025;23:10:00;1000.5333333333333;14.033333333333333;4.0;0.0;2025-11-18 23:10:00;4
18-11-2025;23:20:00;1000.5;14.0;3.9999999999999996;0.0;2025-11-18 23:20:00;4
18-11-2025;23:30:00;1000.5;14.0;4.05;0.0;2025-11-18 23:30:00;4
19-11-2025;01:50:00;999.95;14.1;2.5;0.2;2025-11-19 01:50:00;4
19-11-2025;02:00:00;999.9666666666667;14.1;2.8000000000000003;0.0;2025-11-19 02:00:00;4
19-11-2025;02:10:00;999.9666666666667;14.1;2.9333333333333336;0.0;2025-11-19 02:10:00;4
19-11-2025;02:20:00;1000.0;14.1;3.0000000000000004;0.0;2025-11-19 02:20:00;4
20-11-2025;15:10:00;997.45;13.75;5.7;1.2;2025-11-20 15:10:00;4
20-11-2025;15:20:00;997.5666666666666;13.566666666666668;5.233333333333333;3.6;2025-11-20 15:20:00;4
20-11-2025;15:30:00;997.6999999999999;13.299999999999999;4.2;3.0;2025-11-20 15:30:00;4
20-11-2025;15:40:00;997.6666666666666;13.433333333333332;3.3333333333333335;1.8;2025-11-20 15:40:00;4
20-11-2025;15:50:00;997.5333333333333;13.733333333333334;3.266666666666667;0.4;2025-11-20 15:50:00;4
20-11-2025;16:00:00;997.4333333333334;13.966666666666667;4.833333333333333;0.4;2025-11-20 16:00:00;4
20-11-2025;16:10:00;997.3333333333334;14.033333333333331;5.8999999999999995;0.8;2025-11-20 16:10:00;4
20-11-2025;16:20:00;997.3;13.9;6.633333333333333;0.8;2025-11-20 16:20:00;4
20-11-2025;16:30:00;997.2666666666668;13.766666666666666;5.866666666666667;0.4;2025-11-20 16:30:00;4
20-11-2025;16:40:00;997.1999999999999;13.799999999999999;5.233333333333333;0.4;2025-11-20 16:40:00;4
20-11-2025;16:50:00;997.1333333333333;14.033333333333333;4.566666666666666;0.2;2025-11-20 16:50:00;4
20-11-2025;17:00:00;997.1333333333333;14.299999999999999;4.3999999999999995;1.6;2025-11-20 17:00:00;4
20-11-2025;17:10:00;997.1333333333333;14.366666666666667;5.5;0.8;2025-11-20 17:10:00;4
20-11-2025;17:20:00;997.1666666666666;14.066666666666668;6.333333333333333;1.8;2025-11-20 17:20:00;4
20-11-2025;17:30:00;997.1666666666666;13.733333333333334;6.300000000000001;0.2;2025-11-20 17:30:00;4
20-11-2025;17:40:00;997.2;13.433333333333332;5.166666666666667;0.4;2025-11-20 17:40:00;4
20-11-2025;17:50:00;997.2;13.433333333333332;3.9333333333333336;0.0;2025-11-20 17:50:00;4
20-11-2025;18:00:00;997.2;13.566666666666668;3.5;0.4;2025-11-20 18:00:00;4
20-11-2025;18:10:00;997.2;13.700000000000001;3.4333333333333336;0.2;2025-11-20 18:10:00;4
20-11-2025;18:20:00;997.2;13.766666666666666;3.7000000000000006;0.6;2025-11-20 18:20:00;4
20-11-2025;18:30:00;997.2;13.633333333333333;5.333333333333333;0.4;2025-11-20 18:30:00;4
20-11-2025;18:40:00;997.2;13.566666666666668;7.133333333333333;0.2;2025-11-20 18:40:00;4
20-11-2025;18:50:00;997.1;13.466666666666667;8.433333333333334;0.4;2025-11-20 18:50:00;4
20-11-2025;19:00:00;997.1;13.333333333333334;8.0;0.4;2025-11-20 19:00:00;4
20-11-2025;19:10:00;997.0666666666666;13.233333333333334;7.533333333333334;0.2;2025-11-20 19:10:00;4
20-11-2025;19:20:00;997.1333333333333;13.166666666666666;7.233333333333334;0.4;2025-11-20 19:20:00;4
20-11-2025;19:30:00;997.1333333333333;13.266666666666666;7.066666666666667;0.2;2025-11-20 19:30:00;4
20-11-2025;19:40:00;997.1666666666666;13.433333333333332;6.400000000000001;0.2;2025-11-20 19:40:00;4
20-11-2025;19:50:00;997.2333333333335;13.533333333333333;5.6000000000000005;0.4;2025-11-20 19:50:00;4
20-11-2025;20:00:00;997.2333333333332;13.633333333333333;5.033333333333334;0.2;2025-11-20 20:00:00;4
20-11-2025;20:10:00;997.2333333333335;13.533333333333331;5.766666666666667;0.8;2025-11-20 20:10:00;4
20-11-2025;20:20:00;997.2;13.6;6.733333333333334;0.8;2025-11-20 20:20:00;4
20-11-2025;20:30:00;997.2333333333335;13.533333333333333;7.366666666666667;0.2;2025-11-20 20:30:00;4
20-11-2025;20:40:00;997.1333333333332;13.6;6.400000000000001;1.8;2025-11-20 20:40:00;4
20-11-2025;20:50:00;997.1333333333333;13.533333333333333;6.533333333333334;0.6;2025-11-20 20:50:00;4
20-11-2025;21:00:00;997.1;13.533333333333333;5.566666666666667;0.4;2025-11-20 21:00:00;4
20-11-2025;21:10:00;997.2;13.466666666666667;4.766666666666667;0.0;2025-11-20 21:10:00;4
20-11-2025;21:20:00;997.2;13.433333333333332;2.8000000000000007;0.0;2025-11-20 21:20:00;4
20-11-2025;21:30:00;997.1666666666666;13.466666666666667;2.2000000000000006;0.2;2025-11-20 21:30:00;4
20-11-2025;21:40:00;997.1666666666666;13.5;1.9666666666666675;0.0;2025-11-20 21:40:00;4
20-11-2025;21:50:00;997.1666666666666;13.533333333333333;2.1666666666666674;0.0;2025-11-20 21:50:00;4
20-11-2025;22:00:00;997.2;13.5;2.566666666666667;0.6;2025-11-20 22:00:00;4
20-11-2025;22:10:00;997.2;13.433333333333332;3.0000000000000004;0.0;2025-11-20 22:10:00;4
20-11-2025;22:20:00;997.2333333333335;13.333333333333334;3.7000000000000006;0.0;2025-11-20 22:20:00;4
20-11-2025;22:30:00;997.2666666666665;13.133333333333333;3.866666666666667;0.8;2025-11-20 22:30:00;4
20-11-2025;22:40:00;997.3;13.0;3.766666666666667;0.0;2025-11-20 22:40:00;4
20-11-2025;22:50:00;997.4;12.9;3.333333333333334;0.2;2025-11-20 22:50:00;4
20-11-2025;23:00:00;997.4;12.833333333333334;3.2000000000000006;0.2;2025-11-20 23:00:00;4
20-11-2025;23:10:00;997.3666666666667;12.733333333333334;3.2000000000000006;1.4;2025-11-20 23:10:00;4
20-11-2025;23:20:00;997.2333333333332;12.6;3.2000000000000006;0.0;2025-11-20 23:20:00;4
20-11-2025;23:30:00;997.2;12.566666666666665;3.0333333333333337;0.2;2025-11-20 23:30:00;4
20-11-2025;23:40:00;997.1666666666666;12.5;2.7000000000000006;0.0;2025-11-20 23:40:00;4
20-11-2025;23:50:00;997.1333333333333;12.466666666666667;2.3000000000000007;0.0;2025-11-20 23:50:00;4
21-11-2025;00:00:00;997.1;12.4;2.050000000000001;0.0;2025-11-21 00:00:00;4
21-11-2025;00:30:00;996.8;12.45;2.2;0.4;2025-11-21 00:30:00;4
21-11-2025;00:40:00;996.7666666666668;12.4;2.0;0.2;2025-11-21 00:40:00;4
21-11-2025;00:50:00;996.6999999999999;12.333333333333334;1.7;0.4;2025-11-21 00:50:00;4
21-11-2025;01:00:00;996.6;12.4;1.6666666666666667;0.0;2025-11-21 01:00:00;4
21-11-2025;01:10:00;996.4666666666667;12.5;1.8999999999999997;0.0;2025-11-21 01:10:00;4
21-11-2025;01:20:00;996.3666666666667;12.566666666666668;1.7999999999999998;0.2;2025-11-21 01:20:00;4
21-11-2025;01:30:00;996.3666666666667;12.633333333333333;1.5666666666666664;0.0;2025-11-21 01:30:00;4
21-11-2025;01:40:00;996.4333333333333;12.699999999999998;1.0;0.0;2025-11-21 01:40:00;4
21-11-2025;01:50:00;996.5;12.666666666666666;1.4333333333333333;0.0;2025-11-21 01:50:00;4
21-11-2025;02:00:00;996.5;12.6;1.4666666666666666;0.4;2025-11-21 02:00:00;4
21-11-2025;02:10:00;996.4333333333334;12.4;3.6666666666666665;0.2;2025-11-21 02:10:00;4
21-11-2025;02:20:00;996.3666666666667;12.133333333333333;4.966666666666667;0.0;2025-11-21 02:20:00;4
21-11-2025;02:30:00;996.3666666666667;11.9;6.066666666666666;0.0;2025-11-21 02:30:00;4
21-11-2025;02:40:00;996.4666666666666;11.700000000000001;5.1000000000000005;0.0;2025-11-21 02:40:00;4
21-11-2025;02:50:00;996.5333333333334;11.700000000000001;4.033333333333333;0.2;2025-11-21 02:50:00;4
21-11-2025;03:00:00;996.4666666666667;11.6;3.5;0.0;2025-11-21 03:00:00;4
21-11-2025;03:10:00;996.3666666666667;11.533333333333331;2.8000000000000003;0.2;2025-11-21 03:10:00;4
21-11-2025;03:20:00;996.2666666666668;11.433333333333335;2.6;0.4;2025-11-21 03:20:00;4
21-11-2025;03:30:00;996.2333333333332;11.433333333333335;2.5;0.2;2025-11-21 03:30:00;4
21-11-2025;03:40:00;996.1333333333333;11.5;2.766666666666667;0.0;2025-11-21 03:40:00;4
21-11-2025;03:50:00;995.9666666666667;11.633333333333335;2.9333333333333336;0.0;2025-11-21 03:50:00;4
21-11-2025;04:00:00;995.85;11.700000000000003;3.05;0.0;2025-11-21 04:00:00;4
21-11-2025;07:50:00;996.7;11.75;2.05;0.2;2025-11-21 07:50:00;4
21-11-2025;08:00:00;996.8333333333334;11.700000000000001;2.9333333333333336;0.4;2025-11-21 08:00:00;4
21-11-2025;08:10:00;997.0333333333333;11.566666666666668;2.9000000000000004;2.8;2025-11-21 08:10:00;4
21-11-2025;08:20:00;997.1;11.366666666666667;3.3000000000000007;0.6;2025-11-21 08:20:00;4
21-11-2025;08:30:00;997.1333333333333;11.033333333333331;3.033333333333333;0.2;2025-11-21 08:30:00;4
21-11-2025;08:40:00;997.2000000000002;10.766666666666666;3.466666666666667;0.0;2025-11-21 08:40:00;4
21-11-2025;08:50:00;997.2666666666668;10.666666666666666;3.766666666666667;0.4;2025-11-21 08:50:00;4
21-11-2025;09:00:00;997.3;10.733333333333334;3.533333333333333;0.2;2025-11-21 09:00:00;4
21-11-2025;09:10:00;997.2666666666668;10.766666666666666;3.4000000000000004;0.4;2025-11-21 09:10:00;4
21-11-2025;09:20:00;997.2333333333332;10.766666666666667;3.0666666666666664;0.2;2025-11-21 09:20:00;4
21-11-2025;09:30:00;997.2;10.799999999999999;3.033333333333333;0.0;2025-11-21 09:30:00;4
21-11-2025;09:40:00;997.2;10.833333333333334;2.9;0.0;2025-11-21 09:40:00;4
21-11-2025;09:50:00;997.2;10.849999999999998;3.05;0.0;2025-11-21 09:50:00;4
21-11-2025;10:10:00;997.4;11.350000000000001;2.15;0.2;2025-11-21 10:10:00;4
21-11-2025;10:20:00;997.4;11.366666666666667;2.233333333333333;0.0;2025-11-21 10:20:00;4
21-11-2025;10:30:00;997.4666666666666;11.333333333333334;2.6999999999999997;0.0;2025-11-21 10:30:00;4
21-11-2025;10:40:00;997.4999999999999;11.349999999999998;2.8;0.0;2025-11-21 10:40:00;4
21-11-2025;11:00:00;997.3;11.9;2.15;0.2;2025-11-21 11:00:00;4
21-11-2025;11:10:00;997.2666666666668;11.933333333333332;2.233333333333333;0.2;2025-11-21 11:10:00;4
21-11-2025;11:20:00;997.1999999999999;12.033333333333333;2.4;0.0;2025-11-21 11:20:00;4
21-11-2025;11:30:00;997.1333333333333;12.133333333333333;2.433333333333333;0.0;2025-11-21 11:30:00;4
21-11-2025;11:40:00;997.1;12.2;2.45;0.0;2025-11-21 11:40:00;4
21-11-2025;12:30:00;997.3;12.15;1.85;0.2;2025-11-21 12:30:00;4
21-11-2025;12:40:00;997.3333333333334;12.166666666666666;1.7;0.0;2025-11-21 12:40:00;4
21-11-2025;12:50:00;997.3333333333334;12.166666666666666;1.7666666666666666;0.0;2025-11-21 12:50:00;4
21-11-2025;13:00:00;997.1999999999999;12.033333333333333;2.0666666666666664;0.2;2025-11-21 13:00:00;4
21-11-2025;13:10:00;997.0333333333333;11.933333333333332;2.533333333333333;0.0;2025-11-21 13:10:00;4
21-11-2025;13:20:00;996.9666666666667;11.9;2.733333333333333;0.0;2025-11-21 13:20:00;4
21-11-2025;13:30:00;997.0;11.9;2.5999999999999996;0.0;2025-11-21 13:30:00;4
21-11-2025;16:10:00;997.6;11.149999999999999;2.7;0.4;2025-11-21 16:10:00;4
21-11-2025;16:20:00;997.6333333333333;11.133333333333333;2.733333333333333;0.2;2025-11-21 16:20:00;4
21-11-2025;16:30:00;997.6666666666666;11.133333333333333;2.8333333333333335;0.0;2025-11-21 16:30:00;4
21-11-2025;16:40:00;997.6666666666666;11.233333333333333;2.766666666666666;0.0;2025-11-21 16:40:00;4
21-11-2025;16:50:00;997.65;11.299999999999999;2.75;0.0;2025-11-21 16:50:00;4
21-11-2025;19:50:00;997.95;10.05;8.8;1.0;2025-11-21 19:50:00;4
21-11-2025;20:00:00;997.9;10.033333333333333;7.433333333333334;0.4;2025-11-21 20:00:00;4
21-11-2025;20:10:00;997.9;9.899999999999999;4.966666666666667;0.0;2025-11-21 20:10:00;4
21-11-2025;20:20:00;997.9666666666666;9.799999999999999;3.6999999999999997;0.0;2025-11-21 20:20:00;4
21-11-2025;20:30:00;998.1;9.733333333333333;3.3333333333333335;0.2;2025-11-21 20:30:00;4
21-11-2025;20:40:00;998.2;9.833333333333334;3.466666666666667;0.0;2025-11-21 20:40:00;4
21-11-2025;20:50:00;998.1333333333333;9.866666666666667;3.8333333333333335;0.0;2025-11-21 20:50:00;4
21-11-2025;21:00:00;998.1;9.900000000000002;3.9499999999999997;0.0;2025-11-21 21:00:00;4
21-11-2025;21:20:00;997.9;9.649999999999999;3.5;0.2;2025-11-21 21:20:00;4
21-11-2025;21:30:00;997.8666666666667;9.733333333333333;3.233333333333333;0.0;2025-11-21 21:30:00;4
21-11-2025;21:40:00;997.8333333333334;9.866666666666667;2.733333333333333;0.0;2025-11-21 21:40:00;4
21-11-2025;21:50:00;997.8666666666667;9.866666666666665;2.766666666666667;1.2;2025-11-21 21:50:00;4
21-11-2025;22:00:00;997.9333333333334;9.799999999999999;2.9000000000000004;4.4;2025-11-21 22:00:00;4
21-11-2025;22:10:00;998.0666666666666;9.633333333333333;2.6333333333333333;3.2;2025-11-21 22:10:00;4
21-11-2025;22:20:00;998.1666666666666;9.633333333333333;2.433333333333333;2.0;2025-11-21 22:20:00;4
21-11-2025;22:30:00;998.2333333333332;9.633333333333333;2.333333333333333;1.2;2025-11-21 22:30:00;4
21-11-2025;22:40:00;998.1666666666666;9.666666666666666;2.233333333333333;0.2;2025-11-21 22:40:00;4
21-11-2025;22:50:00;998.0;9.633333333333333;2.033333333333333;0.2;2025-11-21 22:50:00;4
21-11-2025;23:00:00;997.8666666666667;9.633333333333333;2.0;0.0;2025-11-21 23:00:00;4
21-11-2025;23:10:00;997.8;9.7;2.4;0.0;2025-11-21 23:10:00;4
21-11-2025;23:20:00;997.8;9.75;2.7;0.0;2025-11-21 23:20:00;4
21-11-2025;23:40:00;997.6500000000001;9.75;2.15;0.2;2025-11-21 23:40:00;4
21-11-2025;23:50:00;997.5333333333333;9.733333333333333;2.1999999999999997;0.4;2025-11-21 23:50:00;4
22-11-2025;00:00:00;997.4000000000001;9.666666666666666;2.6333333333333333;0.2;2025-11-22 00:00:00;4
22-11-2025;00:10:00;997.1999999999999;9.6;2.966666666666667;0.0;2025-11-22 00:10:00;4
22-11-2025;00:20:00;997.0333333333334;9.5;3.466666666666667;0.0;2025-11-22 00:20:00;4
22-11-2025;00:30:00;996.95;9.45;3.6500000000000004;0.0;2025-11-22 00:30:00;4
22-11-2025;01:20:00;996.9;8.9;5.2;0.2;2025-11-22 01:20:00;4
22-11-2025;01:30:00;996.9666666666667;8.866666666666667;4.933333333333334;0.8;2025-11-22 01:30:00;4
22-11-2025;01:40:00;997.0333333333333;8.700000000000001;4.766666666666667;0.0;2025-11-22 01:40:00;4
22-11-2025;01:50:00;997.1999999999999;8.833333333333334;4.5;0.2;2025-11-22 01:50:00;4
22-11-2025;02:00:00;996.9333333333334;8.866666666666667;4.566666666666666;0.4;2025-11-22 02:00:00;4
22-11-2025;02:10:00;996.8666666666667;8.799999999999999;4.433333333333333;0.8;2025-11-22 02:10:00;4
22-11-2025;02:20:00;996.8333333333334;8.733333333333334;3.7999999999999994;0.2;2025-11-22 02:20:00;4
22-11-2025;02:30:00;997.1666666666666;8.6;2.6;0.0;2025-11-22 02:30:00;4
22-11-2025;02:40:00;997.3;8.6;1.7;0.0;2025-11-22 02:40:00;4
22-11-2025;02:50:00;997.3;8.55;1.1999999999999997;0.0;2025-11-22 02:50:00;4
22-11-2025;04:40:00;997.75;9.35;2.9;0.2;2025-11-22 04:40:00;4
22-11-2025;04:50:00;997.8000000000001;9.333333333333334;2.6999999999999997;0.0;2025-11-22 04:50:00;4
22-11-2025;05:00:00;997.9;9.233333333333333;2.533333333333333;0.0;2025-11-22 05:00:00;4
22-11-2025;05:10:00;997.9499999999999;9.25;2.8;0.0;2025-11-22 05:10:00;4
22-11-2025;09:10:00;999.3;8.45;1.9;0.2;2025-11-22 09:10:00;4
22-11-2025;09:20:00;999.3666666666667;8.433333333333334;2.1666666666666665;0.2;2025-11-22 09:20:00;4
22-11-2025;09:30:00;999.4666666666667;8.466666666666667;2.733333333333333;0.0;2025-11-22 09:30:00;4
22-11-2025;09:40:00;999.6333333333333;8.5;2.766666666666667;0.2;2025-11-22 09:40:00;4
22-11-2025;09:50:00;999.8333333333334;8.700000000000001;2.466666666666667;0.0;2025-11-22 09:50:00;4
22-11-2025;10:00:00;1000.0333333333334;9.0;2.1;0.2;2025-11-22 10:00:00;4
22-11-2025;10:10:00;1000.1333333333333;9.333333333333334;2.1333333333333333;0.0;2025-11-22 10:10:00;4
22-11-2025;10:20:00;1000.2333333333332;9.566666666666665;2.5;0.0;2025-11-22 10:20:00;4
22-11-2025;10:30:00;1000.2499999999999;9.649999999999999;2.8499999999999996;0.0;2025-11-22 10:30:00;4
22-11-2025;10:50:00;999.9000000000001;8.1;3.55;0.4;2025-11-22 10:50:00;4
22-11-2025;11:00:00;999.7333333333332;8.1;3.766666666666667;1.0;2025-11-22 11:00:00;4
22-11-2025;11:10:00;999.5;8.166666666666666;3.733333333333333;0.0;2025-11-22 11:10:00;4
22-11-2025;11:20:00;999.5;8.266666666666666;3.366666666666667;0.0;2025-11-22 11:20:00;4
22-11-2025;11:30:00;999.5666666666666;8.466666666666667;3.0;0.0;2025-11-22 11:30:00;4
22-11-2025;11:40:00;999.6;8.700000000000001;3.366666666666667;0.2;2025-11-22 11:40:00;4
22-11-2025;11:50:00;999.6;8.966666666666667;3.9333333333333336;0.0;2025-11-22 11:50:00;4
22-11-2025;12:00:00;999.6666666666666;9.333333333333334;4.066666666666666;0.0;2025-11-22 12:00:00;4
22-11-2025;12:10:00;999.7;9.55;3.9;0.0;2025-11-22 12:10:00;4
22-11-2025;14:40:00;1000.4000000000001;8.25;2.2;0.6;2025-11-22 14:40:00;4
22-11-2025;14:50:00;1000.5666666666666;8.066666666666666;2.066666666666667;0.6;2025-11-22 14:50:00;4
22-11-2025;15:00:00;1000.8666666666667;7.633333333333333;2.4;0.6;2025-11-22 15:00:00;4
22-11-2025;15:10:00;1001.0333333333334;7.2;3.433333333333333;0.8;2025-11-22 15:10:00;4
22-11-2025;15:20:00;1001.1;6.733333333333334;4.266666666666666;0.8;2025-11-22 15:20:00;4
22-11-2025;15:30:00;1001.0666666666667;6.333333333333333;4.033333333333333;0.8;2025-11-22 15:30:00;4
22-11-2025;15:40:00;1001.0333333333333;6.066666666666667;2.6333333333333333;1.2;2025-11-22 15:40:00;4
22-11-2025;15:50:00;1001.0;6.033333333333334;1.5999999999999996;0.2;2025-11-22 15:50:00;4
22-11-2025;16:00:00;1000.9000000000001;6.2;1.3666666666666665;0.0;2025-11-22 16:00:00;4
22-11-2025;16:10:00;1000.7666666666668;6.466666666666666;1.633333333333333;0.0;2025-11-22 16:10:00;4
22-11-2025;16:20:00;1000.6500000000001;6.6;1.8499999999999996;0.0;2025-11-22 16:20:00;4
22-11-2025;17:00:00;1000.4;6.9;2.8;0.2;2025-11-22 17:00:00;4
22-11-2025;17:10:00;1000.3333333333334;6.866666666666667;2.766666666666667;0.0;2025-11-22 17:10:00;4
22-11-2025;17:20:00;1000.2666666666668;6.966666666666666;2.9333333333333336;0.0;2025-11-22 17:20:00;4
22-11-2025;17:30:00;1000.2;6.949999999999999;2.9000000000000004;0.0;2025-11-22 17:30:00;4
23-11-2025;04:20:00;1003.95;7.550000000000001;2.4;0.2;2025-11-23 04:20:00;4
23-11-2025;04:30:00;1003.9666666666667;7.566666666666666;2.4;0.0;2025-11-23 04:30:00;4
23-11-2025;04:40:00;1004.0;7.633333333333334;2.3666666666666667;0.0;2025-11-23 04:40:00;4
23-11-2025;04:50:00;1004.0;7.75;2.55;0.0;2025-11-23 04:50:00;4
24-11-2025;01:30:00;1008.45;10.8;2.05;0.2;2025-11-24 01:30:00;4
24-11-2025;01:40:00;1008.4;10.933333333333332;1.8333333333333333;0.0;2025-11-24 01:40:00;4
24-11-2025;01:50:00;1008.2666666666668;11.066666666666668;2.0;0.0;2025-11-24 01:50:00;4
24-11-2025;02:00:00;1008.2;11.150000000000002;2.15;0.0;2025-11-24 02:00:00;4
24-11-2025;05:50:00;1005.55;12.05;5.35;0.4;2025-11-24 05:50:00;4
24-11-2025;06:00:00;1005.5333333333333;12.033333333333333;5.2;0.2;2025-11-24 06:00:00;4
24-11-2025;06:10:00;1005.4666666666667;12.033333333333331;5.166666666666667;0.0;2025-11-24 06:10:00;4
24-11-2025;06:20:00;1005.4333333333334;12.133333333333333;4.966666666666668;0.4;2025-11-24 06:20:00;4
24-11-2025;06:30:00;1005.3666666666667;12.266666666666666;4.8999999999999995;0.4;2025-11-24 06:30:00;4
24-11-2025;06:40:00;1005.2666666666668;12.4;4.833333333333334;0.4;2025-11-24 06:40:00;4
24-11-2025;06:50:00;1005.2666666666665;12.466666666666667;4.566666666666667;0.8;2025-11-24 06:50:00;4
24-11-2025;07:00:00;1005.3666666666668;12.533333333333333;4.033333333333333;1.2;2025-11-24 07:00:00;4
24-11-2025;07:10:00;1005.5333333333333;12.6;3.3666666666666667;1.2;2025-11-24 07:10:00;4
24-11-2025;07:20:00;1005.6;12.666666666666666;3.0666666666666664;1.6;2025-11-24 07:20:00;4
24-11-2025;07:30:00;1005.6999999999999;12.633333333333333;3.366666666666667;2.4;2025-11-24 07:30:00;4
24-11-2025;07:40:00;1005.8000000000001;12.6;3.266666666666667;3.4;2025-11-24 07:40:00;4
24-11-2025;07:50:00;1005.8333333333334;12.533333333333333;3.1;6.0;2025-11-24 07:50:00;4
24-11-2025;08:00:00;1005.7333333333332;12.566666666666668;2.6666666666666665;2.8;2025-11-24 08:00:00;4
24-11-2025;08:10:00;1005.5666666666666;12.633333333333333;2.466666666666667;8.0;2025-11-24 08:10:00;4
24-11-2025;08:20:00;1005.3666666666667;12.966666666666667;2.6666666666666665;0.6;2025-11-24 08:20:00;4
24-11-2025;08:30:00;1005.2000000000002;13.466666666666667;2.966666666666667;0.0;2025-11-24 08:30:00;4
24-11-2025;08:40:00;1005.1;14.0;3.5;0.0;2025-11-24 08:40:00;4
24-11-2025;08:50:00;1005.1;14.25;3.6;0.0;2025-11-24 08:50:00;4
24-11-2025;11:30:00;1003.9;14.45;3.55;3.2;2025-11-24 11:30:00;4
24-11-2025;11:40:00;1003.7666666666668;14.700000000000001;3.4333333333333336;0.0;2025-11-24 11:40:00;4
24-11-2025;11:50:00;1003.5333333333333;15.1;4.1000000000000005;0.2;2025-11-24 11:50:00;4
24-11-2025;12:00:00;1003.3333333333334;15.566666666666668;4.633333333333334;0.0;2025-11-24 12:00:00;4
24-11-2025;12:10:00;1003.1333333333333;15.899999999999999;5.333333333333333;0.0;2025-11-24 12:10:00;4
24-11-2025;12:20:00;1003.0500000000001;16.049999999999997;5.2;0.0;2025-11-24 12:20:00;4
24-11-2025;13:30:00;1001.1500000000001;14.75;10.15;1.6;2025-11-24 13:30:00;4
24-11-2025;13:40:00;1001.1333333333333;14.666666666666666;11.433333333333332;0.2;2025-11-24 13:40:00;4
24-11-2025;13:50:00;1001.1666666666666;14.6;12.966666666666667;0.0;2025-11-24 13:50:00;4
24-11-2025;14:00:00;1001.1999999999999;14.4;14.433333333333332;0.0;2025-11-24 14:00:00;4
24-11-2025;14:10:00;1001.2333333333332;14.166666666666666;14.766666666666666;0.0;2025-11-24 14:10:00;4
24-11-2025;14:20:00;1001.2333333333332;13.966666666666667;14.133333333333335;0.2;2025-11-24 14:20:00;4
24-11-2025;14:30:00;1001.2;13.966666666666667;13.1;0.0;2025-11-24 14:30:00;4
24-11-2025;14:40:00;1001.2333333333332;14.066666666666668;11.666666666666666;0.0;2025-11-24 14:40:00;4
24-11-2025;14:50:00;1001.2666666666668;14.266666666666666;10.166666666666666;0.2;2025-11-24 14:50:00;4
24-11-2025;15:00:00;1001.1999999999999;14.399999999999999;8.9;0.0;2025-11-24 15:00:00;4
24-11-2025;15:10:00;1001.1;14.6;8.166666666666666;0.2;2025-11-24 15:10:00;4
24-11-2025;15:20:00;1000.9;14.766666666666666;7.933333333333334;0.2;2025-11-24 15:20:00;4
24-11-2025;15:30:00;1000.7666666666668;14.966666666666667;8.433333333333334;0.0;2025-11-24 15:30:00;4
24-11-2025;15:40:00;1000.6333333333333;15.166666666666666;9.433333333333334;0.0;2025-11-24 15:40:00;4
24-11-2025;15:50:00;1000.5333333333333;15.4;10.033333333333333;0.2;2025-11-24 15:50:00;4
24-11-2025;16:00:00;1000.5;15.566666666666665;10.1;0.0;2025-11-24 16:00:00;4
24-11-2025;16:10:00;1000.4666666666667;15.733333333333334;9.533333333333333;0.0;2025-11-24 16:10:00;4
24-11-2025;16:20:00;1000.5;15.75;9.5;0.0;2025-11-24 16:20:00;4
24-11-2025;18:00:00;1000.55;16.25;7.8999999999999995;0.2;2025-11-24 18:00:00;4
24-11-2025;18:10:00;1000.6;16.3;8.033333333333333;0.0;2025-11-24 18:10:00;4
24-11-2025;18:20:00;1000.7333333333332;16.333333333333332;8.299999999999999;0.0;2025-11-24 18:20:00;4
24-11-2025;18:30:00;1000.8;16.349999999999998;8.350000000000001;0.0;2025-11-24 18:30:00;4
25-11-2025;05:10:00;994.55;14.8;7.550000000000001;2.0;2025-11-25 05:10:00;4
25-11-2025;05:20:00;994.5666666666666;14.866666666666667;7.333333333333333;0.2;2025-11-25 05:20:00;4
25-11-2025;05:30:00;994.4666666666667;15.0;7.400000000000001;0.0;2025-11-25 05:30:00;4
25-11-2025;05:40:00;994.4;15.366666666666665;6.8;0.0;2025-11-25 05:40:00;4
25-11-2025;05:50:00;994.3;15.666666666666666;6.599999999999999;0.2;2025-11-25 05:50:00;4
25-11-2025;06:00:00;994.3;15.766666666666666;6.166666666666665;0.0;2025-11-25 06:00:00;4
25-11-2025;06:10:00;994.3;15.799999999999999;5.933333333333333;0.0;2025-11-25 06:10:00;4
25-11-2025;06:20:00;994.3;15.75;5.749999999999998;0.0;2025-11-25 06:20:00;4
25-11-2025;06:50:00;993.8;15.55;7.3;0.2;2025-11-25 06:50:00;4
25-11-2025;07:00:00;993.7666666666668;15.733333333333334;7.466666666666666;0.0;2025-11-25 07:00:00;4
25-11-2025;07:10:00;993.7;16.066666666666666;7.3;0.0;2025-11-25 07:10:00;4
25-11-2025;07:20:00;993.7666666666668;16.26666666666667;7.599999999999999;0.0;2025-11-25 07:20:00;4
25-11-2025;07:30:00;993.7999999999998;16.333333333333332;7.733333333333332;0.2;2025-11-25 07:30:00;4
25-11-2025;07:40:00;993.7333333333332;16.2;8.266666666666667;0.0;2025-11-25 07:40:00;4
25-11-2025;07:50:00;993.6999999999999;16.133333333333333;8.333333333333334;0.6;2025-11-25 07:50:00;4
25-11-2025;08:00:00;993.6;16.2;8.833333333333334;0.2;2025-11-25 08:00:00;4
25-11-2025;08:10:00;993.6;16.53333333333333;9.033333333333333;0.0;2025-11-25 08:10:00;4
25-11-2025;08:20:00;993.5666666666666;16.8;9.0;0.0;2025-11-25 08:20:00;4
25-11-2025;08:30:00;993.5999999999999;16.95;8.649999999999999;0.0;2025-11-25 08:30:00;4
25-11-2025;12:00:00;991.4000000000001;17.8;8.95;0.2;2025-11-25 12:00:00;4
25-11-2025;12:10:00;991.2666666666668;17.8;9.2;0.0;2025-11-25 12:10:00;4
25-11-2025;12:20:00;991.1;17.666666666666668;9.466666666666667;0.0;2025-11-25 12:20:00;4
25-11-2025;12:30:00;991.05;17.7;9.85;0.0;2025-11-25 12:30:00;4
25-11-2025;13:00:00;990.5;16.05;8.649999999999999;0.2;2025-11-25 13:00:00;4
25-11-2025;13:10:00;990.5333333333333;15.966666666666667;8.6;0.0;2025-11-25 13:10:00;4
25-11-2025;13:20:00;990.4333333333334;15.799999999999999;8.6;0.8;2025-11-25 13:20:00;4
25-11-2025;13:30:00;990.1666666666666;15.766666666666667;8.566666666666665;2.6;2025-11-25 13:30:00;4
25-11-2025;13:40:00;989.8000000000001;15.833333333333334;8.566666666666665;0.6;2025-11-25 13:40:00;4
25-11-2025;13:50:00;989.4333333333334;16.0;8.3;0.0;2025-11-25 13:50:00;4
25-11-2025;14:00:00;989.1666666666666;16.23333333333333;8.666666666666666;0.0;2025-11-25 14:00:00;4
25-11-2025;14:10:00;988.8666666666668;16.4;9.166666666666666;0.0;2025-11-25 14:10:00;4
25-11-2025;14:20:00;988.6999999999999;16.400000000000002;9.799999999999999;0.2;2025-11-25 14:20:00;4
25-11-2025;14:30:00;988.7333333333332;16.166666666666668;10.266666666666666;0.2;2025-11-25 14:30:00;4
25-11-2025;14:40:00;988.6;15.866666666666667;9.933333333333332;2.6;2025-11-25 14:40:00;4
25-11-2025;14:50:00;988.8666666666668;15.266666666666666;10.733333333333334;0.6;2025-11-25 14:50:00;4
25-11-2025;15:00:00;989.0666666666667;14.666666666666666;10.233333333333334;1.4;2025-11-25 15:00:00;4
25-11-2025;15:10:00;989.5;14.1;10.1;0.2;2025-11-25 15:10:00;4
25-11-2025;15:20:00;989.5;13.866666666666667;8.6;0.4;2025-11-25 15:20:00;4
25-11-2025;15:30:00;989.5;13.766666666666666;7.266666666666666;1.0;2025-11-25 15:30:00;4
25-11-2025;15:40:00;989.6666666666666;13.6;6.766666666666667;0.4;2025-11-25 15:40:00;4
25-11-2025;15:50:00;989.8333333333334;13.399999999999999;6.633333333333333;0.4;2025-11-25 15:50:00;4
25-11-2025;16:00:00;989.8666666666668;13.066666666666668;6.766666666666667;0.2;2025-11-25 16:00:00;4
25-11-2025;16:10:00;989.8333333333334;12.9;6.033333333333334;0.2;2025-11-25 16:10:00;4
25-11-2025;16:20:00;989.8666666666667;12.766666666666666;5.933333333333334;0.2;2025-11-25 16:20:00;4
25-11-2025;16:30:00;990.0333333333333;12.700000000000001;5.7;0.2;2025-11-25 16:30:00;4
25-11-2025;16:40:00;990.0666666666666;12.666666666666666;5.333333333333333;0.2;2025-11-25 16:40:00;4
25-11-2025;16:50:00;990.0333333333333;12.700000000000001;4.5;0.4;2025-11-25 16:50:00;4
25-11-2025;17:00:00;989.9666666666667;12.766666666666666;4.3;0.2;2025-11-25 17:00:00;4
25-11-2025;17:10:00;990.0;12.700000000000001;4.766666666666667;0.2;2025-11-25 17:10:00;4
25-11-2025;17:20:00;990.0666666666666;12.6;5.1000000000000005;0.0;2025-11-25 17:20:00;4
25-11-2025;17:30:00;990.1;12.6;5.166666666666667;0.2;2025-11-25 17:30:00;4
25-11-2025;17:40:00;990.1;12.666666666666666;5.166666666666667;0.0;2025-11-25 17:40:00;4
25-11-2025;17:50:00;990.1333333333333;12.766666666666666;5.400000000000001;0.0;2025-11-25 17:50:00;4
25-11-2025;18:00:00;990.1500000000001;12.8;5.700000000000001;0.0;2025-11-25 18:00:00;4
25-11-2025;18:20:00;990.2;12.6;4.9;0.2;2025-11-25 18:20:00;4
25-11-2025;18:30:00;990.2666666666668;12.6;5.266666666666667;0.0;2025-11-25 18:30:00;4
25-11-2025;18:40:00;990.4333333333334;12.566666666666665;6.2;0.0;2025-11-25 18:40:00;4
25-11-2025;18:50:00;990.7333333333332;12.5;7.5;0.4;2025-11-25 18:50:00;4
25-11-2025;19:00:00;990.9666666666667;12.5;7.633333333333334;1.6;2025-11-25 19:00:00;4
25-11-2025;19:10:00;991.1;12.466666666666667;7.900000000000001;0.6;2025-11-25 19:10:00;4
25-11-2025;19:20:00;991.1333333333333;12.266666666666666;8.533333333333333;0.6;2025-11-25 19:20:00;4
25-11-2025;19:30:00;991.1333333333333;12.1;9.033333333333333;0.4;2025-11-25 19:30:00;4
25-11-2025;19:40:00;991.1666666666666;11.966666666666667;8.233333333333334;0.2;2025-11-25 19:40:00;4
25-11-2025;19:50:00;991.1999999999999;12.1;7.0;0.0;2025-11-25 19:50:00;4
25-11-2025;20:00:00;991.2666666666668;12.1;6.733333333333334;0.4;2025-11-25 20:00:00;4
25-11-2025;20:10:00;991.3666666666667;12.066666666666665;6.733333333333334;0.4;2025-11-25 20:10:00;4
25-11-2025;20:20:00;991.4333333333334;12.0;6.266666666666667;0.2;2025-11-25 20:20:00;4
25-11-2025;20:30:00;991.5666666666666;11.966666666666667;6.033333333333334;0.4;2025-11-25 20:30:00;4
25-11-2025;20:40:00;991.6999999999999;12.0;6.166666666666667;0.2;2025-11-25 20:40:00;4
25-11-2025;20:50:00;991.7999999999998;12.033333333333333;5.9333333333333345;0.6;2025-11-25 20:50:00;4
25-11-2025;21:00:00;991.9333333333334;12.066666666666668;5.366666666666667;0.4;2025-11-25 21:00:00;4
25-11-2025;21:10:00;992.0;12.033333333333333;5.000000000000001;0.2;2025-11-25 21:10:00;4
25-11-2025;21:20:00;992.1;11.933333333333332;5.866666666666667;0.2;2025-11-25 21:20:00;4
25-11-2025;21:30:00;992.0333333333334;11.666666666666666;6.233333333333334;0.4;2025-11-25 21:30:00;4
25-11-2025;21:40:00;991.9666666666667;11.466666666666669;6.0;0.0;2025-11-25 21:40:00;4
25-11-2025;21:50:00;992.0;11.3;4.9;0.2;2025-11-25 21:50:00;4
25-11-2025;22:00:00;992.1666666666666;11.3;4.566666666666667;0.0;2025-11-25 22:00:00;4
25-11-2025;22:10:00;992.2999999999998;11.333333333333334;4.300000000000001;0.0;2025-11-25 22:10:00;4
25-11-2025;22:20:00;992.3499999999999;11.35;4.3500000000000005;0.0;2025-11-25 22:20:00;4
25-11-2025;22:40:00;992.2;11.95;4.2;0.2;2025-11-25 22:40:00;4
25-11-2025;22:50:00;992.1666666666666;12.133333333333333;4.266666666666667;0.0;2025-11-25 22:50:00;4
25-11-2025;23:00:00;992.1;12.4;4.6000000000000005;0.0;2025-11-25 23:00:00;4
25-11-2025;23:10:00;992.1;12.55;4.8;0.0;2025-11-25 23:10:00;4
26-11-2025;08:50:00;995.4;13.850000000000001;2.25;0.2;2025-11-26 08:50:00;4
26-11-2025;09:00:00;995.4666666666667;13.933333333333332;2.1666666666666665;0.0;2025-11-26 09:00:00;4
26-11-2025;09:10:00;995.5666666666666;13.766666666666666;2.3666666666666667;0.0;2025-11-26 09:10:00;4
26-11-2025;09:20:00;995.65;13.7;2.25;0.0;2025-11-26 09:20:00;4
26-11-2025;10:10:00;996.1500000000001;11.85;2.5;0.2;2025-11-26 10:10:00;4
26-11-2025;10:20:00;996.1;12.166666666666666;2.2;1.0;2025-11-26 10:20:00;4
26-11-2025;10:30:00;996.0333333333333;12.333333333333334;1.9000000000000001;0.6;2025-11-26 10:30:00;4
26-11-2025;10:40:00;995.9000000000001;12.6;2.1666666666666665;0.2;2025-11-26 10:40:00;4
26-11-2025;10:50:00;995.7666666666668;12.833333333333334;2.4;0.0;2025-11-26 10:50:00;4
26-11-2025;11:00:00;995.7000000000002;13.299999999999999;2.1;0.0;2025-11-26 11:00:00;4
26-11-2025;11:10:00;995.7;13.549999999999999;1.8499999999999999;0.0;2025-11-26 11:10:00;4
26-11-2025;12:50:00;995.1500000000001;13.45;1.25;0.4;2025-11-26 12:50:00;4
26-11-2025;13:00:00;995.1333333333333;13.333333333333334;1.9333333333333333;0.0;2025-11-26 13:00:00;4
26-11-2025;13:10:00;995.0666666666666;13.166666666666666;2.7999999999999994;0.0;2025-11-26 13:10:00;4
26-11-2025;13:20:00;995.05;13.1;3.3999999999999995;0.0;2025-11-26 13:20:00;4
26-11-2025;15:00:00;995.0;11.5;3.5999999999999996;0.2;2025-11-26 15:00:00;4
26-11-2025;15:10:00;994.9666666666667;11.299999999999999;4.166666666666667;0.0;2025-11-26 15:10:00;4
26-11-2025;15:20:00;994.8333333333334;11.033333333333333;4.433333333333333;0.4;2025-11-26 15:20:00;4
26-11-2025;15:30:00;994.7333333333332;10.866666666666667;4.433333333333334;0.0;2025-11-26 15:30:00;4
26-11-2025;15:40:00;994.7333333333332;10.866666666666667;3.766666666666666;0.0;2025-11-26 15:40:00;4
26-11-2025;15:50:00;994.8;10.9;3.5999999999999996;0.0;2025-11-26 15:50:00;4
26-11-2025;19:30:00;995.25;10.399999999999999;3.95;0.4;2025-11-26 19:30:00;4
26-11-2025;19:40:00;995.4333333333334;10.200000000000001;4.333333333333333;0.2;2025-11-26 19:40:00;4
26-11-2025;19:50:00;995.6666666666666;9.799999999999999;4.8999999999999995;1.4;2025-11-26 19:50:00;4
26-11-2025;20:00:00;995.8;9.6;4.8;1.4;2025-11-26 20:00:00;4
26-11-2025;20:10:00;995.9;9.433333333333335;4.633333333333333;1.0;2025-11-26 20:10:00;4
26-11-2025;20:20:00;995.9666666666667;9.333333333333334;4.333333333333333;0.8;2025-11-26 20:20:00;4
26-11-2025;20:30:00;995.9333333333334;9.200000000000001;4.6;0.6;2025-11-26 20:30:00;4
26-11-2025;20:40:00;995.8000000000001;9.066666666666665;4.3999999999999995;1.4;2025-11-26 20:40:00;4
26-11-2025;20:50:00;995.6666666666666;8.866666666666667;4.333333333333333;0.8;2025-11-26 20:50:00;4
26-11-2025;21:00:00;995.6666666666666;8.666666666666666;4.533333333333333;0.4;2025-11-26 21:00:00;4
26-11-2025;21:10:00;995.5;8.533333333333333;5.3;0.2;2025-11-26 21:10:00;4
26-11-2025;21:20:00;995.3333333333334;8.5;6.3;0.0;2025-11-26 21:20:00;4
26-11-2025;21:30:00;995.1666666666666;8.466666666666667;6.3;0.2;2025-11-26 21:30:00;4
26-11-2025;21:40:00;995.1666666666666;8.4;5.933333333333333;0.0;2025-11-26 21:40:00;4
26-11-2025;21:50:00;995.2666666666668;8.333333333333334;5.033333333333334;0.0;2025-11-26 21:50:00;4
26-11-2025;22:00:00;995.3;8.3;4.800000000000001;0.0;2025-11-26 22:00:00;4
27-11-2025;00:20:00;995.05;9.1;3.05;0.2;2025-11-27 00:20:00;4
27-11-2025;00:30:00;995.0333333333333;9.133333333333333;3.033333333333333;0.0;2025-11-27 00:30:00;4
27-11-2025;00:40:00;995.0666666666666;9.166666666666666;2.8666666666666667;0.0;2025-11-27 00:40:00;4
27-11-2025;00:50:00;995.05;9.15;2.75;0.0;2025-11-27 00:50:00;4
01-12-2025;23:40:00;1007.1500000000001;13.0;1.5;0.2;2025-12-01 23:40:00;4
01-12-2025;23:50:00;1007.1333333333333;13.033333333333333;1.5999999999999999;0.6;2025-12-01 23:50:00;4
02-12-2025;00:00:00;1007.1;12.966666666666667;1.8;0.0;2025-12-02 00:00:00;4
02-12-2025;00:10:00;1007.0666666666667;12.966666666666667;2.3000000000000003;0.0;2025-12-02 00:10:00;4
02-12-2025;00:20:00;1007.0666666666666;12.766666666666666;2.6333333333333333;0.2;2025-12-02 00:20:00;4
02-12-2025;00:30:00;1007.0333333333334;12.533333333333333;2.433333333333333;0.8;2025-12-02 00:30:00;4
02-12-2025;00:40:00;1006.9333333333334;12.333333333333334;2.433333333333333;0.6;2025-12-02 00:40:00;4
02-12-2025;00:50:00;1006.8000000000001;12.166666666666666;2.2666666666666666;0.0;2025-12-02 00:50:00;4
02-12-2025;01:00:00;1006.6333333333333;12.0;2.3333333333333335;0.2;2025-12-02 01:00:00;4
02-12-2025;01:10:00;1006.5;11.766666666666667;2.466666666666667;0.0;2025-12-02 01:10:00;4
02-12-2025;01:20:00;1006.3666666666667;11.633333333333335;2.3000000000000003;0.0;2025-12-02 01:20:00;4
02-12-2025;01:30:00;1006.3;11.55;2.35;0.0;2025-12-02 01:30:00;4
02-12-2025;01:50:00;1006.3;11.9;1.7000000000000002;0.6;2025-12-02 01:50:00;4
02-12-2025;02:00:00;1006.3666666666667;11.933333333333332;2.233333333333333;0.4;2025-12-02 02:00:00;4
02-12-2025;02:10:00;1006.3333333333334;11.966666666666669;3.033333333333333;0.0;2025-12-02 02:10:00;4
02-12-2025;02:20:00;1006.2333333333332;11.933333333333332;3.1999999999999997;0.2;2025-12-02 02:20:00;4
02-12-2025;02:30:00;1006.1;11.933333333333332;3.033333333333333;0.4;2025-12-02 02:30:00;4
02-12-2025;02:40:00;1006.0666666666666;11.866666666666667;3.0;0.0;2025-12-02 02:40:00;4
02-12-2025;02:50:00;1006.1;11.9;3.3666666666666667;0.0;2025-12-02 02:50:00;4
02-12-2025;03:00:00;1006.0666666666667;11.833333333333334;3.5999999999999996;0.2;2025-12-02 03:00:00;4
02-12-2025;03:10:00;1006.0;11.933333333333332;3.5;0.0;2025-12-02 03:10:00;4
02-12-2025;03:20:00;1005.8666666666668;12.033333333333333;3.2999999999999994;0.0;2025-12-02 03:20:00;4
02-12-2025;03:30:00;1005.8000000000002;12.149999999999999;3.1999999999999993;0.0;2025-12-02 03:30:00;4
02-12-2025;09:20:00;1005.95;12.95;3.35;0.2;2025-12-02 09:20:00;4
02-12-2025;09:30:00;1005.9666666666667;12.533333333333333;3.8000000000000003;1.2;2025-12-02 09:30:00;4
02-12-2025;09:40:00;1006.1;11.933333333333332;4.6;1.2;2025-12-02 09:40:00;4
02-12-2025;09:50:00;1006.1;11.6;4.1000000000000005;1.0;2025-12-02 09:50:00;4
02-12-2025;10:00:00;1006.1333333333333;11.566666666666665;2.8000000000000003;0.2;2025-12-02 10:00:00;4
02-12-2025;10:10:00;1006.0;11.666666666666666;1.7;0.2;2025-12-02 10:10:00;4
02-12-2025;10:20:00;1005.8333333333334;11.833333333333334;1.8666666666666665;0.0;2025-12-02 10:20:00;4
02-12-2025;10:30:00;1005.7666666666668;11.9;2.566666666666667;0.0;2025-12-02 10:30:00;4
02-12-2025;10:40:00;1005.8333333333334;11.866666666666667;2.8000000000000003;0.0;2025-12-02 10:40:00;4
02-12-2025;10:50:00;1005.8000000000001;11.833333333333334;2.3333333333333335;0.8;2025-12-02 10:50:00;4
02-12-2025;11:00:00;1005.6999999999999;11.833333333333334;1.9666666666666668;0.4;2025-12-02 11:00:00;4
02-12-2025;11:10:00;1005.5333333333333;11.833333333333334;1.8333333333333333;0.2;2025-12-02 11:10:00;4
02-12-2025;11:20:00;1005.4333333333334;11.833333333333334;1.9000000000000001;0.0;2025-12-02 11:20:00;4
02-12-2025;11:30:00;1005.2666666666668;11.866666666666667;1.9666666666666668;0.0;2025-12-02 11:30:00;4
02-12-2025;11:40:00;1005.2;11.9;1.9;0.0;2025-12-02 11:40:00;4
02-12-2025;12:10:00;1004.5;12.149999999999999;2.55;0.2;2025-12-02 12:10:00;4
02-12-2025;12:20:00;1004.4333333333334;12.200000000000001;2.766666666666667;0.0;2025-12-02 12:20:00;4
02-12-2025;12:30:00;1004.2333333333332;12.333333333333334;3.0333333333333337;0.0;2025-12-02 12:30:00;4
02-12-2025;12:40:00;1004.1499999999999;12.400000000000002;3.3000000000000007;0.0;2025-12-02 12:40:00;4
02-12-2025;17:10:00;1002.6500000000001;12.3;3.55;0.4;2025-12-02 17:10:00;4
02-12-2025;17:20:00;1002.6666666666666;12.266666666666666;3.466666666666667;0.0;2025-12-02 17:20:00;4
02-12-2025;17:30:00;1002.7;12.266666666666666;3.4666666666666663;0.0;2025-12-02 17:30:00;4
02-12-2025;17:40:00;1002.7;12.249999999999998;3.5999999999999996;0.0;2025-12-02 17:40:00;4
02-12-2025;19:50:00;1004.0;9.4;5.65;3.4;2025-12-02 19:50:00;4
02-12-2025;20:00:00;1003.9666666666667;8.866666666666667;5.733333333333333;4.8;2025-12-02 20:00:00;4
02-12-2025;20:10:00;1003.9666666666667;7.966666666666666;4.966666666666667;1.6;2025-12-02 20:10:00;4
02-12-2025;20:20:00;1004.0333333333333;7.766666666666667;4.3;0.8;2025-12-02 20:20:00;4
02-12-2025;20:30:00;1003.8666666666667;7.733333333333333;4.3;0.4;2025-12-02 20:30:00;4
02-12-2025;20:40:00;1003.5666666666666;7.8;5.6000000000000005;1.0;2025-12-02 20:40:00;4
02-12-2025;20:50:00;1003.4;7.900000000000001;6.266666666666667;0.4;2025-12-02 20:50:00;4
02-12-2025;21:00:00;1003.4333333333334;8.133333333333333;5.6000000000000005;0.0;2025-12-02 21:00:00;4
02-12-2025;21:10:00;1003.5;8.333333333333334;4.266666666666667;0.0;2025-12-02 21:10:00;4
02-12-2025;21:20:00;1003.5;8.5;3.55;0.0;2025-12-02 21:20:00;4
05-12-2025;00:00:00;993.65;11.5;4.15;1.8;2025-12-05 00:00:00;4
05-12-2025;00:10:00;993.6666666666666;11.5;3.8666666666666667;0.8;2025-12-05 00:10:00;4
05-12-2025;00:20:00;993.6333333333333;11.566666666666668;3.1999999999999997;0.0;2025-12-05 00:20:00;4
05-12-2025;00:30:00;993.7;11.700000000000001;2.6666666666666665;0.2;2025-12-05 00:30:00;4
05-12-2025;00:40:00;993.6333333333333;11.866666666666667;2.1333333333333333;0.0;2025-12-05 00:40:00;4
05-12-2025;00:50:00;993.6333333333333;11.966666666666667;1.8666666666666665;0.0;2025-12-05 00:50:00;4
05-12-2025;01:00:00;993.6;12.0;1.65;0.0;2025-12-05 01:00:00;4
05-12-2025;01:40:00;993.25;11.649999999999999;3.0;0.2;2025-12-05 01:40:00;4
05-12-2025;01:50:00;993.1666666666666;11.666666666666666;2.9333333333333336;0.0;2025-12-05 01:50:00;4
05-12-2025;02:00:00;993.1333333333333;11.733333333333333;2.8000000000000003;0.0;2025-12-05 02:00:00;4
05-12-2025;02:10:00;993.1;11.75;2.75;0.0;2025-12-05 02:10:00;4
05-12-2025;02:40:00;993.6;11.649999999999999;3.0;1.2;2025-12-05 02:40:00;4
05-12-2025;02:50:00;993.6333333333333;11.633333333333333;2.6999999999999997;4.4;2025-12-05 02:50:00;4
05-12-2025;03:00:00;993.6333333333333;11.533333333333331;3.033333333333333;2.4;2025-12-05 03:00:00;4
05-12-2025;03:10:00;993.4;11.333333333333334;3.0;2.0;2025-12-05 03:10:00;4
05-12-2025;03:20:00;992.9;11.1;4.166666666666667;1.4;2025-12-05 03:20:00;4
05-12-2025;03:30:00;992.4666666666667;10.9;4.033333333333333;0.4;2025-12-05 03:30:00;4
05-12-2025;03:40:00;992.2666666666668;10.766666666666666;3.733333333333333;0.4;2025-12-05 03:40:00;4
05-12-2025;03:50:00;992.4333333333334;10.9;3.0;0.0;2025-12-05 03:50:00;4
05-12-2025;04:00:00;992.6;11.066666666666668;3.3333333333333335;0.0;2025-12-05 04:00:00;4
05-12-2025;04:10:00;992.6;11.266666666666666;3.6;0.2;2025-12-05 04:10:00;4
05-12-2025;04:20:00;992.4666666666667;11.266666666666666;3.466666666666667;0.0;2025-12-05 04:20:00;4
05-12-2025;04:30:00;992.3333333333334;11.3;3.266666666666666;0.0;2025-12-05 04:30:00;4
05-12-2025;04:40:00;992.3;11.3;3.1499999999999995;0.0;2025-12-05 04:40:00;4
16-12-2025;16:30:00;1006.3;14.2;4.0;0.2;2025-12-16 16:30:00;4
16-12-2025;16:40:00;1006.3;14.1;4.1000000000000005;0.4;2025-12-16 16:40:00;4
16-12-2025;16:50:00;1006.2333333333332;13.9;4.3999999999999995;0.2;2025-12-16 16:50:00;4
16-12-2025;17:00:00;1006.1666666666666;13.733333333333333;4.5;0.2;2025-12-16 17:00:00;4
16-12-2025;17:10:00;1006.0666666666666;13.766666666666666;5.0;0.0;2025-12-16 17:10:00;4
16-12-2025;17:20:00;1006.0;13.966666666666667;5.166666666666667;0.0;2025-12-16 17:20:00;4
16-12-2025;17:30:00;1005.9499999999999;14.149999999999999;5.6;0.0;2025-12-16 17:30:00;4
16-12-2025;20:50:00;1005.6;14.0;7.3;0.6;2025-12-16 20:50:00;4
16-12-2025;21:00:00;1005.5666666666666;14.0;7.233333333333333;0.6;2025-12-16 21:00:00;4
16-12-2025;21:10:00;1005.4000000000001;14.1;7.1;0.8;2025-12-16 21:10:00;4
16-12-2025;21:20:00;1005.3333333333334;14.299999999999999;7.433333333333333;0.2;2025-12-16 21:20:00;4
16-12-2025;21:30:00;1005.5333333333333;14.533333333333333;7.533333333333334;0.2;2025-12-16 21:30:00;4
16-12-2025;21:40:00;1005.8000000000001;14.666666666666666;7.2;1.2;2025-12-16 21:40:00;4
16-12-2025;21:50:00;1005.8666666666667;14.733333333333333;6.8;2.0;2025-12-16 21:50:00;4
16-12-2025;22:00:00;1005.8666666666668;14.833333333333334;6.3999999999999995;1.0;2025-12-16 22:00:00;4
16-12-2025;22:10:00;1005.8666666666667;15.0;6.2;0.2;2025-12-16 22:10:00;4
16-12-2025;22:20:00;1006.0;15.133333333333333;5.8;0.0;2025-12-16 22:20:00;4
16-12-2025;22:30:00;1006.0666666666666;15.299999999999999;5.800000000000001;0.2;2025-12-16 22:30:00;4
16-12-2025;22:40:00;1006.2666666666665;15.466666666666667;5.900000000000001;0.0;2025-12-16 22:40:00;4
16-12-2025;22:50:00;1006.4666666666666;15.6;5.733333333333333;0.0;2025-12-16 22:50:00;4
16-12-2025;23:00:00;1006.55;15.649999999999999;5.5;0.0;2025-12-16 23:00:00;4
23-12-2025;03:20:00;999.8499999999999;14.3;3.45;0.4;2025-12-23 03:20:00;4
23-12-2025;03:30:00;999.7666666666668;14.3;3.5666666666666664;0.0;2025-12-23 03:30:00;4
23-12-2025;03:40:00;999.6333333333332;14.266666666666666;3.3333333333333335;0.2;2025-12-23 03:40:00;4
23-12-2025;03:50:00;999.5;14.333333333333334;3.1666666666666665;0.2;2025-12-23 03:50:00;4
23-12-2025;04:00:00;999.4;14.466666666666667;2.966666666666667;0.0;2025-12-23 04:00:00;4
23-12-2025;04:10:00;999.2666666666668;14.700000000000001;3.0666666666666664;0.0;2025-12-23 04:10:00;4
23-12-2025;04:20:00;999.2;14.8;3.0999999999999996;0.0;2025-12-23 04:20:00;4
23-12-2025;13:00:00;997.45;12.5;3.6500000000000004;3.4;2025-12-23 13:00:00;4
23-12-2025;13:10:00;997.3666666666667;12.333333333333334;3.3666666666666667;1.2;2025-12-23 13:10:00;4
23-12-2025;13:20:00;997.2000000000002;12.066666666666668;2.8333333333333335;1.2;2025-12-23 13:20:00;4
23-12-2025;13:30:00;997.0333333333333;11.9;3.4;1.0;2025-12-23 13:30:00;4
23-12-2025;13:40:00;996.8666666666668;11.766666666666666;3.9;0.8;2025-12-23 13:40:00;4
23-12-2025;13:50:00;996.6666666666666;11.666666666666666;4.466666666666666;1.0;2025-12-23 13:50:00;4
23-12-2025;14:00:00;996.5666666666666;11.566666666666665;4.8;0.8;2025-12-23 14:00:00;4
23-12-2025;14:10:00;996.4;11.566666666666668;5.133333333333333;0.2;2025-12-23 14:10:00;4
23-12-2025;14:20:00;996.2333333333332;11.566666666666665;5.266666666666667;0.2;2025-12-23 14:20:00;4
23-12-2025;14:30:00;995.9666666666667;11.633333333333333;5.133333333333334;0.2;2025-12-23 14:30:00;4
23-12-2025;14:40:00;995.8333333333334;11.666666666666666;4.566666666666667;0.0;2025-12-23 14:40:00;4
23-12-2025;14:50:00;995.7666666666668;11.666666666666666;4.066666666666667;0.0;2025-12-23 14:50:00;4
23-12-2025;15:00:00;995.8666666666667;11.700000000000001;3.6666666666666665;0.4;2025-12-23 15:00:00;4
23-12-2025;15:10:00;995.8333333333334;11.733333333333334;3.466666666666667;0.4;2025-12-23 15:10:00;4
23-12-2025;15:20:00;995.7666666666668;11.766666666666666;3.3333333333333335;0.6;2025-12-23 15:20:00;4
23-12-2025;15:30:00;995.6666666666666;11.766666666666666;3.533333333333333;0.6;2025-12-23 15:30:00;4
23-12-2025;15:40:00;995.7666666666668;11.766666666666666;3.8666666666666667;0.8;2025-12-23 15:40:00;4
23-12-2025;15:50:00;995.8333333333334;11.8;3.9666666666666663;0.2;2025-12-23 15:50:00;4
23-12-2025;16:00:00;995.8666666666667;11.8;3.466666666666667;0.4;2025-12-23 16:00:00;4
23-12-2025;16:10:00;995.7666666666665;11.8;3.266666666666667;0.8;2025-12-23 16:10:00;4
23-12-2025;16:20:00;995.5666666666667;11.8;3.1333333333333333;0.4;2025-12-23 16:20:00;4
23-12-2025;16:30:00;995.4333333333334;11.8;3.533333333333333;0.8;2025-12-23 16:30:00;4
23-12-2025;16:40:00;995.2333333333335;11.766666666666666;3.866666666666667;0.6;2025-12-23 16:40:00;4
23-12-2025;16:50:00;995.2333333333332;11.700000000000001;3.9000000000000004;0.0;2025-12-23 16:50:00;4
23-12-2025;17:00:00;995.1333333333333;11.633333333333333;3.733333333333333;0.0;2025-12-23 17:00:00;4
23-12-2025;17:10:00;995.0666666666667;11.566666666666668;3.6;0.4;2025-12-23 17:10:00;4
23-12-2025;17:20:00;995.0;11.533333333333331;3.8333333333333335;0.4;2025-12-23 17:20:00;4
23-12-2025;17:30:00;995.0333333333333;11.466666666666667;3.9;0.4;2025-12-23 17:30:00;4
23-12-2025;17:40:00;995.2333333333332;11.4;3.8333333333333335;0.2;2025-12-23 17:40:00;4
23-12-2025;17:50:00;995.4333333333334;11.366666666666667;4.133333333333334;0.8;2025-12-23 17:50:00;4
23-12-2025;18:00:00;995.5333333333334;11.366666666666667;4.6;0.8;2025-12-23 18:00:00;4
23-12-2025;18:10:00;995.5666666666667;11.433333333333332;5.0;1.4;2025-12-23 18:10:00;4
23-12-2025;18:20:00;995.5666666666666;11.466666666666667;4.633333333333333;0.8;2025-12-23 18:20:00;4
23-12-2025;18:30:00;995.4666666666667;11.433333333333335;4.566666666666666;1.0;2025-12-23 18:30:00;4
23-12-2025;18:40:00;995.4000000000001;11.333333333333334;4.366666666666667;0.4;2025-12-23 18:40:00;4
23-12-2025;18:50:00;995.2666666666668;11.233333333333334;4.6000000000000005;0.0;2025-12-23 18:50:00;4
23-12-2025;19:00:00;995.2666666666668;11.2;4.466666666666668;0.0;2025-12-23 19:00:00;4
23-12-2025;19:10:00;995.2666666666668;11.133333333333333;4.3;0.2;2025-12-23 19:10:00;4
23-12-2025;19:20:00;995.2333333333335;11.133333333333333;4.033333333333333;0.2;2025-12-23 19:20:00;4
23-12-2025;19:30:00;995.1999999999999;11.166666666666666;3.766666666666667;0.0;2025-12-23 19:30:00;4
23-12-2025;19:40:00;995.0666666666666;11.300000000000002;3.6666666666666665;0.0;2025-12-23 19:40:00;4
23-12-2025;19:50:00;995.05;11.350000000000001;3.6500000000000004;0.0;2025-12-23 19:50:00;4
23-12-2025;20:30:00;995.05;11.1;4.85;1.2;2025-12-23 20:30:00;4
23-12-2025;20:40:00;995.0333333333333;11.0;3.8666666666666667;1.4;2025-12-23 20:40:00;4
23-12-2025;20:50:00;994.9666666666667;10.733333333333334;2.9;0.8;2025-12-23 20:50:00;4
23-12-2025;21:00:00;994.8333333333334;10.666666666666666;2.5;0.2;2025-12-23 21:00:00;4
23-12-2025;21:10:00;994.6333333333333;10.733333333333334;2.8333333333333335;0.0;2025-12-23 21:10:00;4
23-12-2025;21:20:00;994.4333333333334;11.033333333333333;2.966666666666667;0.0;2025-12-23 21:20:00;4
23-12-2025;21:30:00;994.3333333333334;11.233333333333334;2.9;0.0;2025-12-23 21:30:00;4
23-12-2025;21:40:00;994.4333333333334;11.4;3.1999999999999997;0.2;2025-12-23 21:40:00;4
23-12-2025;21:50:00;994.6333333333333;11.266666666666667;3.9;0.2;2025-12-23 21:50:00;4
23-12-2025;22:00:00;994.8666666666667;11.066666666666668;4.333333333333333;1.6;2025-12-23 22:00:00;4
23-12-2025;22:10:00;994.9666666666667;10.9;4.333333333333333;0.2;2025-12-23 22:10:00;4
23-12-2025;22:20:00;994.9;10.9;3.9;0.0;2025-12-23 22:20:00;4
23-12-2025;22:30:00;994.7666666666668;11.0;3.9333333333333336;0.0;2025-12-23 22:30:00;4
23-12-2025;22:40:00;994.6500000000001;11.0;4.0;0.0;2025-12-23 22:40:00;4
23-12-2025;23:40:00;994.45;11.6;3.8499999999999996;0.2;2025-12-23 23:40:00;4
23-12-2025;23:50:00;994.4;11.633333333333333;3.8666666666666667;0.0;2025-12-23 23:50:00;4
24-12-2025;00:00:00;994.3333333333334;11.733333333333334;3.766666666666667;0.0;2025-12-24 00:00:00;4
24-12-2025;00:10:00;994.3;11.750000000000002;3.8500000000000005;0.0;2025-12-24 00:10:00;4
24-12-2025;01:30:00;993.9;10.5;6.2;0.2;2025-12-24 01:30:00;4
24-12-2025;01:40:00;993.9666666666667;10.466666666666667;5.8;0.6;2025-12-24 01:40:00;4
24-12-2025;01:50:00;994.0666666666666;10.366666666666667;4.966666666666667;0.4;2025-12-24 01:50:00;4
24-12-2025;02:00:00;994.1666666666666;10.5;4.8;0.6;2025-12-24 02:00:00;4
24-12-2025;02:10:00;994.2333333333332;10.566666666666668;4.333333333333333;0.4;2025-12-24 02:10:00;4
24-12-2025;02:20:00;994.3;10.533333333333333;4.166666666666667;0.4;2025-12-24 02:20:00;4
24-12-2025;02:30:00;994.1999999999999;10.5;4.066666666666666;0.2;2025-12-24 02:30:00;4
24-12-2025;02:40:00;994.2666666666668;10.366666666666665;4.666666666666667;1.2;2025-12-24 02:40:00;4
24-12-2025;02:50:00;994.3000000000001;10.266666666666667;4.466666666666667;0.6;2025-12-24 02:50:00;4
24-12-2025;03:00:00;994.4;10.333333333333334;4.3;0.2;2025-12-24 03:00:00;4
24-12-2025;03:10:00;994.3333333333334;10.6;3.733333333333333;0.0;2025-12-24 03:10:00;4
24-12-2025;03:20:00;994.2333333333332;10.933333333333332;4.133333333333333;0.2;2025-12-24 03:20:00;4
24-12-2025;03:30:00;994.2333333333332;11.033333333333331;5.233333333333333;0.0;2025-12-24 03:30:00;4
24-12-2025;03:40:00;994.1333333333332;10.799999999999999;6.6000000000000005;0.8;2025-12-24 03:40:00;4
24-12-2025;03:50:00;994.1999999999999;10.733333333333334;8.0;1.0;2025-12-24 03:50:00;4
24-12-2025;04:00:00;994.2333333333332;11.0;7.633333333333334;0.0;2025-12-24 04:00:00;4
24-12-2025;04:10:00;994.4;11.233333333333334;6.933333333333334;0.0;2025-12-24 04:10:00;4
24-12-2025;04:20:00;994.4499999999999;11.350000000000001;6.0;0.0;2025-12-24 04:20:00;4
24-12-2025;04:50:00;994.55;11.600000000000001;6.1;0.2;2025-12-24 04:50:00;4
24-12-2025;05:00:00;994.5666666666666;11.433333333333332;6.566666666666666;0.0;2025-12-24 05:00:00;4
24-12-2025;05:10:00;994.5333333333334;11.600000000000001;7.2;0.0;2025-12-24 05:10:00;4
24-12-2025;05:20:00;994.3666666666668;11.866666666666665;9.266666666666667;0.0;2025-12-24 05:20:00;4
24-12-2025;05:30:00;994.2666666666668;12.299999999999999;10.866666666666667;0.2;2025-12-24 05:30:00;4
24-12-2025;05:40:00;994.2666666666668;12.433333333333335;12.966666666666667;0.0;2025-12-24 05:40:00;4
24-12-2025;05:50:00;994.5;12.366666666666667;12.833333333333334;0.0;2025-12-24 05:50:00;4
24-12-2025;06:00:00;994.6;12.350000000000001;13.1;0.0;2025-12-24 06:00:00;4
24-12-2025;08:50:00;996.25;11.3;8.45;0.4;2025-12-24 08:50:00;4
24-12-2025;09:00:00;996.3333333333334;11.666666666666666;8.1;0.2;2025-12-24 09:00:00;4
24-12-2025;09:10:00;996.4333333333334;11.766666666666666;8.233333333333334;0.0;2025-12-24 09:10:00;4
24-12-2025;09:20:00;996.5666666666666;11.933333333333332;8.5;0.2;2025-12-24 09:20:00;4
24-12-2025;09:30:00;996.7666666666668;11.533333333333333;8.766666666666667;0.0;2025-12-24 09:30:00;4
24-12-2025;09:40:00;997.0333333333333;11.366666666666667;7.033333333333334;0.2;2025-12-24 09:40:00;4
24-12-2025;09:50:00;997.1666666666666;11.166666666666666;5.833333333333333;0.2;2025-12-24 09:50:00;4
24-12-2025;10:00:00;997.2000000000002;11.233333333333334;4.433333333333334;0.2;2025-12-24 10:00:00;4
24-12-2025;10:10:00;997.1666666666666;11.533333333333331;4.4;0.0;2025-12-24 10:10:00;4
24-12-2025;10:20:00;997.1666666666666;12.100000000000001;4.200000000000001;0.0;2025-12-24 10:20:00;4
24-12-2025;10:30:00;997.15;12.450000000000001;4.300000000000001;0.0;2025-12-24 10:30:00;4
24-12-2025;11:10:00;996.8;11.8;5.449999999999999;0.2;2025-12-24 11:10:00;4
24-12-2025;11:20:00;996.8333333333334;11.633333333333333;5.3999999999999995;0.0;2025-12-24 11:20:00;4
24-12-2025;11:30:00;996.9333333333334;11.133333333333333;4.766666666666667;0.0;2025-12-24 11:30:00;4
24-12-2025;11:40:00;996.9666666666667;10.466666666666667;4.7;1.0;2025-12-24 11:40:00;4
24-12-2025;11:50:00;996.9333333333333;10.033333333333333;4.133333333333334;0.8;2025-12-24 11:50:00;4
24-12-2025;12:00:00;996.8666666666667;10.0;3.8333333333333335;0.4;2025-12-24 12:00:00;4
24-12-2025;12:10:00;996.7666666666665;10.166666666666666;3.8000000000000003;0.2;2025-12-24 12:10:00;4
24-12-2025;12:20:00;996.7000000000002;10.566666666666666;4.3;0.2;2025-12-24 12:20:00;4
24-12-2025;12:30:00;996.6333333333333;10.6;5.2;0.2;2025-12-24 12:30:00;4
24-12-2025;12:40:00;996.5333333333334;10.5;5.1000000000000005;0.6;2025-12-24 12:40:00;4
24-12-2025;12:50:00;996.5333333333333;10.266666666666666;4.666666666666667;0.6;2025-12-24 12:50:00;4
24-12-2025;13:00:00;996.4666666666667;10.566666666666666;3.9333333333333336;0.0;2025-12-24 13:00:00;4
24-12-2025;13:10:00;996.5333333333333;10.966666666666669;4.3;0.2;2025-12-24 13:10:00;4
24-12-2025;13:20:00;996.5666666666667;11.166666666666666;4.5;0.0;2025-12-24 13:20:00;4
24-12-2025;13:30:00;996.6333333333333;11.1;4.533333333333332;0.0;2025-12-24 13:30:00;4
24-12-2025;13:40:00;996.7;10.833333333333334;3.9000000000000004;0.4;2025-12-24 13:40:00;4
24-12-2025;13:50:00;996.7666666666668;10.699999999999998;3.5;0.6;2025-12-24 13:50:00;4
24-12-2025;14:00:00;996.9000000000001;10.466666666666667;3.5333333333333337;0.6;2025-12-24 14:00:00;4
24-12-2025;14:10:00;997.0999999999999;10.266666666666666;3.466666666666667;1.0;2025-12-24 14:10:00;4
24-12-2025;14:20:00;997.2666666666668;9.966666666666667;3.5666666666666664;0.8;2025-12-24 14:20:00;4
24-12-2025;14:30:00;997.3000000000001;9.866666666666667;3.5;1.0;2025-12-24 14:30:00;4
24-12-2025;14:40:00;997.2999999999998;10.000000000000002;4.0;0.4;2025-12-24 14:40:00;4
24-12-2025;14:50:00;997.3000000000001;10.166666666666668;4.5;0.4;2025-12-24 14:50:00;4
24-12-2025;15:00:00;997.3666666666667;10.3;4.333333333333333;1.0;2025-12-24 15:00:00;4
24-12-2025;15:10:00;997.4;10.4;4.333333333333333;0.8;2025-12-24 15:10:00;4
24-12-2025;15:20:00;997.4;10.166666666666666;4.2;0.8;2025-12-24 15:20:00;4
24-12-2025;15:30:00;997.4;9.9;4.933333333333334;1.4;2025-12-24 15:30:00;4
24-12-2025;15:40:00;997.4666666666666;9.466666666666667;5.066666666666666;1.2;2025-12-24 15:40:00;4
24-12-2025;15:50:00;997.5333333333333;9.5;5.133333333333334;0.8;2025-12-24 15:50:00;4
24-12-2025;16:00:00;997.6;9.5;4.566666666666666;0.0;2025-12-24 16:00:00;4
24-12-2025;16:10:00;997.6;9.533333333333333;4.3;0.4;2025-12-24 16:10:00;4
24-12-2025;16:20:00;997.6333333333333;9.566666666666668;4.033333333333333;0.0;2025-12-24 16:20:00;4
24-12-2025;16:30:00;997.6666666666666;9.766666666666667;4.0;0.2;2025-12-24 16:30:00;4
24-12-2025;16:40:00;997.7333333333335;10.0;4.133333333333334;0.6;2025-12-24 16:40:00;4
24-12-2025;16:50:00;997.7999999999998;10.033333333333333;4.2;0.4;2025-12-24 16:50:00;4
24-12-2025;17:00:00;997.9;9.866666666666667;4.2;1.0;2025-12-24 17:00:00;4
24-12-2025;17:10:00;997.8666666666667;9.7;4.1000000000000005;1.0;2025-12-24 17:10:00;4
24-12-2025;17:20:00;997.8333333333334;9.566666666666666;4.066666666666667;0.8;2025-12-24 17:20:00;4
24-12-2025;17:30:00;997.9333333333334;9.6;3.9000000000000004;0.2;2025-12-24 17:30:00;4
24-12-2025;17:40:00;998.1333333333332;9.666666666666666;3.633333333333333;0.0;2025-12-24 17:40:00;4
24-12-2025;17:50:00;998.2666666666668;9.733333333333333;3.266666666666667;0.4;2025-12-24 17:50:00;4
24-12-2025;18:00:00;998.2333333333332;9.733333333333333;3.3666666666666667;0.8;2025-12-24 18:00:00;4
24-12-2025;18:10:00;998.2;9.733333333333333;3.3666666666666667;0.4;2025-12-24 18:10:00;4
24-12-2025;18:20:00;998.2;9.766666666666667;3.3666666666666667;0.0;2025-12-24 18:20:00;4
24-12-2025;18:30:00;998.2333333333332;9.833333333333334;3.3333333333333335;0.0;2025-12-24 18:30:00;4
24-12-2025;18:40:00;998.3000000000001;9.833333333333334;3.4;0.2;2025-12-24 18:40:00;4
24-12-2025;18:50:00;998.4666666666667;9.866666666666667;3.4333333333333336;0.2;2025-12-24 18:50:00;4
24-12-2025;19:00:00;998.5333333333333;9.866666666666667;3.266666666666667;0.2;2025-12-24 19:00:00;4
24-12-2025;19:10:00;998.5333333333333;9.9;3.1333333333333333;0.6;2025-12-24 19:10:00;4
24-12-2025;19:20:00;998.4333333333334;9.9;3.3333333333333335;0.2;2025-12-24 19:20:00;4
24-12-2025;19:30:00;998.5666666666666;9.933333333333335;3.3333333333333335;0.2;2025-12-24 19:30:00;4
24-12-2025;19:40:00;998.7666666666668;9.933333333333334;3.266666666666667;0.0;2025-12-24 19:40:00;4
24-12-2025;19:50:00;999.0666666666666;9.799999999999999;3.1333333333333333;0.6;2025-12-24 19:50:00;4
24-12-2025;20:00:00;999.2666666666668;9.666666666666666;2.9333333333333336;0.4;2025-12-24 20:00:00;4
24-12-2025;20:10:00;999.5333333333333;9.566666666666666;2.6;1.0;2025-12-24 20:10:00;4
24-12-2025;20:20:00;999.7666666666668;9.5;2.066666666666667;1.6;2025-12-24 20:20:00;4
24-12-2025;20:30:00;999.9333333333334;9.4;2.1333333333333333;0.6;2025-12-24 20:30:00;4
24-12-2025;20:40:00;999.9333333333334;9.333333333333334;2.3666666666666667;0.8;2025-12-24 20:40:00;4
24-12-2025;20:50:00;999.8000000000001;9.333333333333334;3.0333333333333337;0.2;2025-12-24 20:50:00;4
24-12-2025;21:00:00;999.7333333333332;9.333333333333334;3.466666666666667;0.2;2025-12-24 21:00:00;4
24-12-2025;21:10:00;999.7333333333332;9.333333333333334;3.8333333333333335;0.0;2025-12-24 21:10:00;4
24-12-2025;21:20:00;999.8;9.433333333333335;4.133333333333333;0.4;2025-12-24 21:20:00;4
24-12-2025;21:30:00;999.7333333333332;9.566666666666665;4.3999999999999995;0.6;2025-12-24 21:30:00;4
24-12-2025;21:40:00;999.6666666666666;9.700000000000001;4.733333333333333;0.2;2025-12-24 21:40:00;4
24-12-2025;21:50:00;999.6666666666666;9.766666666666666;4.5;0.0;2025-12-24 21:50:00;4
24-12-2025;22:00:00;999.8000000000001;9.9;4.533333333333333;0.0;2025-12-24 22:00:00;4
24-12-2025;22:10:00;999.9333333333334;10.0;4.966666666666667;0.0;2025-12-24 22:10:00;4
24-12-2025;22:20:00;999.9666666666666;10.166666666666666;6.433333333333334;0.2;2025-12-24 22:20:00;4
24-12-2025;22:30:00;999.9333333333333;10.266666666666667;7.5;0.4;2025-12-24 22:30:00;4
24-12-2025;22:40:00;999.9;10.4;7.333333333333333;0.8;2025-12-24 22:40:00;4
24-12-2025;22:50:00;999.9;10.4;6.166666666666667;0.0;2025-12-24 22:50:00;4
24-12-2025;23:00:00;999.9666666666666;10.433333333333334;4.933333333333334;0.0;2025-12-24 23:00:00;4
24-12-2025;23:10:00;999.9999999999999;10.4;4.6000000000000005;0.0;2025-12-24 23:10:00;4
25-12-2025;02:00:00;1001.2;11.6;3.55;0.2;2025-12-25 02:00:00;4
25-12-2025;02:10:00;1001.1666666666666;11.566666666666668;3.466666666666667;0.2;2025-12-25 02:10:00;4
25-12-2025;02:20:00;1001.1999999999999;11.6;3.3666666666666667;0.0;2025-12-25 02:20:00;4
25-12-2025;02:30:00;1001.1999999999999;11.633333333333333;3.6666666666666665;0.0;2025-12-25 02:30:00;4
25-12-2025;02:40:00;1001.25;11.7;3.8500000000000005;0.0;2025-12-25 02:40:00;4
25-12-2025;03:50:00;1001.6;11.5;4.0;0.2;2025-12-25 03:50:00;4
25-12-2025;04:00:00;1001.6;11.5;3.766666666666667;0.0;2025-12-25 04:00:00;4
25-12-2025;04:10:00;1001.5666666666667;11.533333333333333;3.6666666666666665;0.0;2025-12-25 04:10:00;4
25-12-2025;04:20:00;1001.5500000000001;11.55;3.6;0.0;2025-12-25 04:20:00;4
25-12-2025;06:00:00;1001.75;12.55;3.8;0.2;2025-12-25 06:00:00;4
25-12-2025;06:10:00;1001.7666666666668;12.533333333333333;3.9;0.0;2025-12-25 06:10:00;4
25-12-2025;06:20:00;1001.8666666666667;12.533333333333331;4.066666666666666;0.0;2025-12-25 06:20:00;4
25-12-2025;06:30:00;1001.9499999999999;12.549999999999997;4.05;0.0;2025-12-25 06:30:00;4
