Datetime,BarTrend,Barometer,TempIn,HumIn,TempOut,WindSpeed,WindSpeed10Min,WindDir,HumOut,RainRate,UV,SolarRad,RainStorm,StormStartDate,RainDay,RainMonth,RainYear,ETDay,ETMonth,ETYear,BatteryStatus,BatteryVolts,ForecastIcon,ForecastRuleNo,SunRise,SunSet,DatetimeWS,place,hum,pm_10_3_hour,pm_10_24_hour,pm_2p5_1_hour,aqi_nowcast_val,aqi_type,heat_index,pm_2p5_nowcast,pm_2p5_24_hour,tz_offset,pm_1,pct_pm_data_nowcast,pct_pm_data_24_hour,wet_bulb,aqi_val,aqi_desc,temp,pm_2p5_3_hour,pct_pm_data_3_hour,last_report_time,aqi_nowcast_desc,aqi_1_hour_val,pm_10_nowcast,aqi_1_hour_desc,pm_10_1_hour,dew_point,pm_10,pct_pm_data_1_hour,ts,pm_2p5
2025-03-18T00:00:02Z,0,30.008,73.2,35,49.2,6,7,69,81,0.0,255,32767,0.12,2056-9-18,0.0,0.48,23.8,0.0,0.0,0.0,0,0.908203125,6,44,07:14,19:19,2025-03-18 00:00:02.389254,Marina di Stabia,31.1,6.639279,14.05905,5.7798514,10.930394,EU EEA Common AQI,73.8,6.5582366,13.21546,3600,4.811594,100,100,51.4,8.937198,Very Low,75.5,6.355935,100,1739186100,Very Low,9.633085,6.8510075,Very Low,6.062216,42.9,5.362319,100,1739186100,5.362319
2025-03-18T00:00:13Z,0,30.008,73.2,35,49.2,6,7,69,81,0.0,255,32767,0.12,2056-9-18,0.0,0.48,23.8,0.0,0.0,0.0,0,0.908203125,6,44,07:14,19:19,2025-03-18 00:00:13.483265,Marina di Stabia,31.1,6.639279,14.05905,5.7798514,10.930394,EU EEA Common AQI,73.8,6.5582366,13.21546,3600,4.811594,100,100,51.4,8.937198,Very Low,75.5,6.355935,100,1739186100,Very Low,9.633085,6.8510075,Very Low,6.062216,42.9,5.362319,100,1739186100,5.362319
2025-03-18T00:00:24Z,0,30.008,73.2,35,49.2,5,7,55,81,0.0,255,32767,0.12,2056-9-18,0.0,0.48,23.8,0.0,0.0,0.0,0,0.908203125,6,44,07:14,19:19,2025-03-18 00:00:24.563256,Marina di Stabia,31.1,6.639279,14.05905,5.7798514,10.930394,EU EEA Common AQI,73.8,6.5582366,13.21546,3600,4.811594,100,100,51.4,8.937198,Very Low,75.5,6.355935,100,1739186100,Very Low,9.633085,6.8510075,Very Low,6.062216,42.9,5.362319,100,1739186100,5.362319
2025-03-18T00:00:35Z,0,30.008,73.2,35,49.2,7,7,57,81,0.0,255,32767,0.12,2056-9-18,0.0,0.48,23.8,0.0,0.0,0.0,0,0.908203125,6,44,07:14,19:19,2025-03-18 00:00:35.644262,Marina di Stabia,31.1,6.639279,14.05905,5.7798514,10.930394,EU EEA Common AQI,73.8,6.5582366,13.21546,3600,4.811594,100,100,51.4,8.937198,Very Low,75.5,6.355935,100,1739186100,Very Low,9.633085,6.8510075,Very Low,6.062216,42.9,5.362319,100,1739186100,5.362319
2025-03-18T00:00:46Z,0,30.008,73.2,35,49.2,7,7,57,81,0.0,255,32767,0.12,2056-9-18,0.0,0.48,23.8,0.0,0.0,0.0,0,0.908203125,6,44,07:14,19:19,2025-03-18 00:00:46.754260,Marina di Stabia,31.1,6.639279,14.05905,5.7798514,10.930394,EU EEA Common AQI,73.8,6.5582366,13.21546,3600,4.811594,100,100,51.4,8.937198,Very Low,75.5,6.355935,100,1739186100,Very Low,9.633085,6.8510075,Very Low,6.062216,42.9,5.362319,100,1739186100,5.362319
2025-03-18T00:00:58Z,0,30.005,73.1,35,49.2,6,7,59,81,0.0,255,32767,0.12,2056-9-18,0.0,0.48,23.8,0.0,0.0,0.0,0,1.576171875,6,44,07:14,19:19,2025-03-18 00:00:57.833259,Marina di Stabia,31.1,6.639279,14.05905,5.7798514,10.930394,EU EEA Common AQI,73.8,6.5582366,13.21546,3600,4.811594,100,100,51.4,8.937198,Very Low,75.5,6.355935,100,1739186100,Very Low,9.633085,6.8510075,Very Low,6.062216,42.9,5.362319,100,1739186100,5.362319
2025-03-18T00:01:09Z,0,30.005,73.1,35,49.2,6,7,64,81,0.0,255,32767,0.12,2056-9-18,0.0,0.48,23.8,0.0,0.0,0.0,0,1.576171875,6,44,07:14,19:19,2025-03-18 00:01:08.907279,Marina di Stabia,31.1,6.639279,14.05905,5.7798514,10.930394,EU EEA Common AQI,73.8,6.5582366,13.21546,3600,4.811594,100,100,51.4,8.937198,Very Low,75.5,6.355935,100,1739186100,Very Low,9.633085,6.8510075,Very Low,6.062216,42.9,5.362319,100,1739186100,5.362319
2025-03-18T00:01:20Z,0,30.005,73.1,35,49.2,6,7,71,81,0.0,255,32767,0.12,2056-9-18,0.0,0.48,23.8,0.0,0.0,0.0,0,1.576171875,6,44,07:14,19:19,2025-03-18 00:01:20.119260,Marina di Stabia,31.1,6.639279,14.05905,5.7798514,10.930394,EU EEA Common AQI,73.8,6.5582366,13.21546,3600,4.811594,100,100,51.4,8.937198,Very Low,75.5,6.355935,100,1739186100,Very Low,9.633085,6.8510075,Very Low,6.062216,42.9,5.362319,100,1739186100,5.362319
2025-03-18T00:01:31Z,0,30.005,73.1,35,49.2,5,7,60,81,0.0,255,32767,0.12,2056-9-18,0.0,0.48,23.8,0.0,0.0,0.0,0,1.576171875,6,44,07:14,19:19,2025-03-18 00:01:31.196274,Marina di Stabia,31.1,6.639279,14.05905,5.7798514,10.930394,EU EEA Common AQI,73.8,6.5582366,13.21546,3600,4.811594,100,100,51.4,8.937198,Very Low,75.5,6.355935,100,1739186100,Very Low,9.633085,6.8510075,Very Low,6.062216,42.9,5.362319,100,1739186100,5.362319
2025-03-18T00:01:42Z,0,30.005,73.1,35,49.2,4,7,60,81,0.0,255,32767,0.12,2056-9-18,0.0,0.48,23.8,0.0,0.0,0.0,0,1.576171875,6,44,07:14,19:19,2025-03-18 00:01:42.280259,Marina di Stabia,31.1,6.639279,14.05905,5.7798514,10.930394,EU EEA Common AQI,73.8,6.5582366,13.21546,3600,4.811594,100,100,51.4,8.937198,Very Low,75.5,6.355935,100,1739186100,Very Low,9.633085,6.8510075,Very Low,6.062216,42.9,5.362319,100,1739186100,5.362319
2025-03-18T00:01:53Z,0,30.005,73.1,35,49.2,5,7,60,81,0.0,255,32767,0.12,2056-9-18,0.0,0.48,23.8,0.0,0.0,0.0,0,1.576171875,6,44,07:14,19:19,2025-03-18 00:01:53.393273,Marina di Stabia,31.1,6.639279,14.05905,5.7798514,10.930394,EU EEA Common AQI,73.8,6.5582366,13.21546,3600,4.811594,100,100,51.4,8.937198,Very Low,75.5,6.355935,100,1739186100,Very Low,9.633085,6.8510075,Very Low,6.062216,42.9,5.362319,100,1739186100,5.362319
2025-03-18T00:02:04Z,0,30.006,73.2,35,49.2,6,7,60,81,0.0,255,32767,0.12,2056-9-18,0.0,0.48,23.8,0.0,0.0,0.0,0,1.107421875,6,44,07:14,19:19,2025-03-18 00:02:04.477270,Marina di Stabia,31.1,6.639279,14.05905,5.7798514,10.930394,EU EEA Common AQI,73.8,6.5582366,13.21546,3600,4.811594,100,100,51.4,8.937198,Very Low,75.5,6.355935,100,1739186100,Very Low,9.633085,6.8510075,Very Low,6.062216,42.9,5.362319,100,1739186100,5.362319
2025-03-18T00:02:15Z,0,30.006,73.2,35,49.2,4,7,60,81,0.0,255,32767,0.12,2056-9-18,0.0,0.48,23.8,0.0,0.0,0.0,0,1.107421875,6,44,07:14,19:19,2025-03-18 00:02:15.556260,Marina di Stabia,31.1,6.639279,14.05905,5.7798514,10.930394,EU EEA Common AQI,73.8,6.5582366,13.21546,3600,4.811594,100,100,51.4,8.937198,Very Low,75.5,6.355935,100,1739186100,Very Low,9.633085,6.8510075,Very Low,6.062216,42.9,5.362319,100,1739186100,5.362319
2025-03-18T00:02:26Z,0,30.006,73.2,35,49.2,5,7,60,81,0.0,255,32767,0.12,2056-9-18,0.0,0.48,23.8,0.0,0.0,0.0,0,1.107421875,6,44,07:14,19:19,2025-03-18 00:02:26.635247,Marina di Stabia,31.1,6.639279,14.05905,5.7798514,10.930394,EU EEA Common AQI,73.8,6.5582366,13.21546,3600,4.811594,100,100,51.4,8.937198,Very Low,75.5,6.355935,100,1739186100,Very Low,9.633085,6.8510075,Very Low,6.062216,42.9,5.362319,100,1739186100,5.362319
2025-03-18T00:02:37Z,0,30.006,73.2,35,49.2,5,7,60,81,0.0,255,32767,0.12,2056-9-18,0.0,0.48,23.8,0.0,0.0,0.0,0,1.107421875,6,44,07:14,19:19,2025-03-18 00:02:37.725267,Marina di Stabia,31.1,6.639279,14.05905,5.7798514,10.930394,EU EEA Common AQI,73.8,6.5582366,13.21546,3600,4.811594,100,100,51.4,8.937198,Very Low,75.5,6.355935,100,1739186100,Very Low,9.633085,6.8510075,Very Low,6.062216,42.9,5.362319,100,1739186100,5.362319
2025-03-18T00:02:48Z,0,30.006,73.2,35,49.2,5,7,60,81,0.0,255,32767,0.12,2056-9-18,0.0,0.48,23.8,0.0,0.0,0.0,0,1.107421875,6,44,07:14,19:19,2025-03-18 00:02:48.796265,Marina di Stabia,31.1,6.639279,14.05905,5.7798514,10.930394,EU EEA Common AQI,73.8,6.5582366,13.21546,3600,4.811594,100,100,51.4,8.937198,Very Low,75.5,6.355935,100,1739186100,Very Low,9.633085,6.8510075,Very Low,6.062216,42.9,5.362319,100,1739186100,5.362319
2025-03-18T00:03:00Z,0,30.007,73.1,35,49.2,6,6,60,81,0.0,255,32767,0.12,2056-9-18,0.0,0.48,23.8,0.0,0.0,0.0,0,0.87890625,6,44,07:14,19:19,2025-03-18 00:02:59.904270,Marina di Stabia,31.1,6.639279,14.05905,5.7798514,10.930394,EU EEA Common AQI,73.8,6.5582366,13.21546,3600,4.811594,100,100,51.4,8.937198,Very Low,75.5,6.355935,100,1739186100,Very Low,9.633085,6.8510075,Very Low,6.062216,42.9,5.362319,100,1739186100,5.362319
2025-03-18T00:03:11Z,0,30.007,73.1,35,49.2,5,6,60,81,0.0,255,32767,0.12,2056-9-18,0.0,0.48,23.8,0.0,0.0,0.0,0,0.87890625,6,44,07:14,19:19,2025-03-18 00:03:10.987258,Marina di Stabia,31.1,6.639279,14.05905,5.7798514,10.930394,EU EEA Common AQI,73.8,6.5582366,13.21546,3600,4.811594,100,100,51.4,8.937198,Very Low,75.5,6.355935,100,1739186100,Very Low,9.633085,6.8510075,Very Low,6.062216,42.9,5.362319,100,1739186100,5.362319
2025-03-18T00:03:22Z,0,30.007,73.1,35,49.2,5,6,60,81,0.0,255,32767,0.12,2056-9-18,0.0,0.48,23.8,0.0,0.0,0.0,0,0.87890625,6,44,07:14,19:19,2025-03-18 00:03:22.064265,Marina di Stabia,31.1,6.639279,14.05905,5.7798514,10.930394,EU EEA Common AQI,73.8,6.5582366,13.21546,3600,4.811594,100,100,51.4,8.937198,Very Low,75.5,6.355935,100,1739186100,Very Low,9.633085,6.8510075,Very Low,6.062216,42.9,5.362319,100,1739186100,5.362319
2025-03-18T00:03:33Z,0,30.007,73.1,35,49.2,5,6,60,81,0.0,255,32767,0.12,2056-9-18,0.0,0.48,23.8,0.0,0.0,0.0,0,0.87890625,6,44,07:14,19:19,2025-03-18 00:03:33.148259,Marina di Stabia,31.1,6.639279,14.05905,5.7798514,10.930394,EU EEA Common AQI,73.8,6.5582366,13.21546,3600,4.811594,100,100,51.4,8.937198,Very Low,75.5,6.355935,100,1739186100,Very Low,9.633085,6.8510075,Very Low,6.062216,42.9,5.362319,100,1739186100,5.362319
2025-03-18T00:03:44Z,0,30.007,73.1,35,49.2,6,6,57,81,0.0,255,32767,0.12,2056-9-18,0.0,0.48,23.8,0.0,0.0,0.0,0,0.87890625,6,44,07:14,19:19,2025-03-18 00:03:44.231262,Marina di Stabia,31.1,6.639279,14.05905,5.7798514,10.930394,EU EEA Common AQI,73.8,6.5582366,13.21546,3600,4.811594,100,100,51.4,8.937198,Very Low,75.5,6.355935,100,1739186100,Very Low,9.633085,6.8510075,Very Low,6.062216,42.9,5.362319,100,1739186100,5.362319
2025-03-18T00:03:55Z,0,30.007,73.1,35,49.2,5,6,57,81,0.0,255,32767,0.12,2056-9-18,0.0,0.48,23.8,0.0,0.0,0.0,0,0.87890625,6,44,07:14,19:19,2025-03-18 00:03:55.342270,Marina di Stabia,31.1,6.639279,14.05905,5.7798514,10.930394,EU EEA Common AQI,73.8,6.5582366,13.21546,3600,4.811594,100,100,51.4,8.937198,Very Low,75.5,6.355935,100,1739186100,Very Low,9.633085,6.8510075,Very Low,6.062216,42.9,5.362319,100,1739186100,5.362319
2025-03-18T00:04:06Z,0,30.004,73.1,35,49.1,6,6,57,81,0.0,255,32767,0.12,2056-9-18,0.0,0.48,23.8,0.0,0.0,0.0,0,2.455078125,6,44,07:14,19:19,2025-03-18 00:04:06.434259,Marina di Stabia,31.1,6.639279,14.05905,5.7798514,10.930394,EU EEA Common AQI,73.8,6.5582366,13.21546,3600,4.811594,100,100,51.4,8.937198,Very Low,75.5,6.355935,100,1739186100,Very Low,9.633085,6.8510075,Very Low,6.062216,42.9,5.362319,100,1739186100,5.362319
2025-03-18T00:04:17Z,0,30.004,73.1,35,49.1,6,6,55,81,0.0,255,32767,0.12,2056-9-18,0.0,0.48,23.8,0.0,0.0,0.0,0,2.455078125,6,44,07:14,19:19,2025-03-18 00:04:17.546264,Marina di Stabia,31.1,6.639279,14.05905,5.7798514,10.930394,EU EEA Common AQI,73.8,6.5582366,13.21546,3600,4.811594,100,100,51.4,8.937198,Very Low,75.5,6.355935,100,1739186100,Very Low,9.633085,6.8510075,Very Low,6.062216,42.9,5.362319,100,1739186100,5.362319
2025-03-18T00:04:28Z,0,30.004,73.1,35,49.1,5,6,54,81,0.0,255,32767,0.12,2056-9-18,0.0,0.48,23.8,0.0,0.0,0.0,0,2.455078125,6,44,07:14,19:19,2025-03-18 00:04:28.620262,Marina di Stabia,31.1,6.639279,14.05905,5.7798514,10.930394,EU EEA Common AQI,73.8,6.5582366,13.21546,3600,4.811594,100,100,51.4,8.937198,Very Low,75.5,6.355935,100,1739186100,Very Low,9.633085,6.8510075,Very Low,6.062216,42.9,5.362319,100,1739186100,5.362319
2025-03-18T00:04:39Z,0,30.004,73.1,35,49.1,4,6,54,81,0.0,255,32767,0.12,2056-9-18,0.0,0.48,23.8,0.0,0.0,0.0,0,2.455078125,6,44,07:14,19:19,2025-03-18 00:04:39.706259,Marina di Stabia,31.1,6.639279,14.05905,5.7798514,10.930394,EU EEA Common AQI,73.8,6.5582366,13.21546,3600,4.811594,100,100,51.4,8.937198,Very Low,75.5,6.355935,100,1739186100,Very Low,9.633085,6.8510075,Very Low,6.062216,42.9,5.362319,100,1739186100,5.362319
2025-03-18T00:04:50Z,0,30.004,73.1,35,49.1,6,6,54,81,0.0,255,32767,0.12,2056-9-18,0.0,0.48,23.8,0.0,0.0,0.0,0,2.455078125,6,44,07:14,19:19,2025-03-18 00:04:50.790261,Marina di Stabia,31.1,6.639279,14.05905,5.7798514,10.930394,EU EEA Common AQI,73.8,6.5582366,13.21546,3600,4.811594,100,100,51.4,8.937198,Very Low,75.5,6.355935,100,1739186100,Very Low,9.633085,6.8510075,Very Low,6.062216,42.9,5.362319,100,1739186100,5.362319
2025-03-18T00:05:02Z,0,30.006,73.1,35,49.1,6,6,54,81,0.0,255,32767,0.12,2056-9-18,0.0,0.48,23.8,0.0,0.0,0.0,0,0.884765625,6,44,07:14,19:19,2025-03-18 00:05:01.862257,Marina di Stabia,31.1,6.639279,14.05905,5.7798514,10.930394,EU EEA Common AQI,73.8,6.5582366,13.21546,3600,4.811594,100,100,51.4,8.937198,Very Low,75.5,6.355935,100,1739186100,Very Low,9.633085,6.8510075,Very Low,6.062216,42.9,5.362319,100,1739186100,5.362319
2025-03-18T00:05:13Z,0,30.006,73.1,35,49.1,6,6,53,81,0.0,255,32767,0.12,2056-9-18,0.0,0.48,23.8,0.0,0.0,0.0,0,0.884765625,6,44,07:14,19:19,2025-03-18 00:05:12.945225,Marina di Stabia,31.1,6.639279,14.05905,5.7798514,10.930394,EU EEA Common AQI,73.8,6.5582366,13.21546,3600,4.811594,100,100,51.4,8.937198,Very Low,75.5,6.355935,100,1739186100,Very Low,9.633085,6.8510075,Very Low,6.062216,42.9,5.362319,100,1739186100,5.362319
2025-03-18T00:05:24Z,0,30.006,73.1,35,49.1,6,6,53,81,0.0,255,32767,0.12,2056-9-18,0.0,0.48,23.8,0.0,0.0,0.0,0,0.884765625,6,44,07:14,19:19,2025-03-18 00:05:24.097259,Marina di Stabia,31.1,6.639279,14.05905,5.7798514,10.930394,EU EEA Common AQI,73.8,6.5582366,13.21546,3600,4.811594,100,100,51.4,8.937198,Very Low,75.5,6.355935,100,1739186100,Very Low,9.633085,6.8510075,Very Low,6.062216,42.9,5.362319,100,1739186100,5.362319
2025-03-18T00:05:35Z,0,30.006,73.1,35,49.1,5,6,53,81,0.0,255,32767,0.12,2056-9-18,0.0,0.48,23.8,0.0,0.0,0.0,0,0.884765625,6,44,07:14,19:19,2025-03-18 00:05:35.183260,Marina di Stabia,31.1,6.639279,14.05905,5.7798514,10.930394,EU EEA Common AQI,73.8,6.5582366,13.21546,3600,4.811594,100,100,51.4,8.937198,Very Low,75.5,6.355935,100,1739186100,Very Low,9.633085,6.8510075,Very Low,6.062216,42.9,5.362319,100,1739186100,5.362319
2025-03-18T00:05:46Z,0,30.006,73.1,35,49.1,5,6,53,81,0.0,255,32767,0.12,2056-9-18,0.0,0.48,23.8,0.0,0.0,0.0,0,0.884765625,6,44,07:14,19:19,2025-03-18 00:05:46.269267,Marina di Stabia,31.1,6.639279,14.05905,5.7798514,10.930394,EU EEA Common AQI,73.8,6.5582366,13.21546,3600,4.811594,100,100,51.4,8.937198,Very Low,75.5,6.355935,100,1739186100,Very Low,9.633085,6.8510075,Very Low,6.062216,42.9,5.362319,100,1739186100,5.362319
2025-03-18T00:05:57Z,0,30.004,73.1,35,49.1,4,6,53,81,0.0,255,32767,0.12,2056-9-18,0.0,0.48,23.8,0.0,0.0,0.0,0,0.87890625,6,44,07:14,19:19,2025-03-18 00:05:57.339283,Marina di Stabia,31.1,6.639279,14.05905,5.7798514,10.930394,EU EEA Common AQI,73.8,6.5582366,13.21546,3600,4.811594,100,100,51.4,8.937198,Very Low,75.5,6.355935,100,1739186100,Very Low,9.633085,6.8510075,Very Low,6.062216,42.9,5.362319,100,1739186100,5.362319
2025-03-18T00:06:08Z,0,30.004,73.1,35,49.1,4,6,53,81,0.0,255,32767,0.12,2056-9-18,0.0,0.48,23.8,0.0,0.0,0.0,0,0.87890625,6,44,07:14,19:19,2025-03-18 00:06:08.418265,Marina di Stabia,31.1,6.639279,14.05905,5.7798514,10.930394,EU EEA Common AQI,73.8,6.5582366,13.21546,3600,4.811594,100,100,51.4,8.937198,Very Low,75.5,6.355935,100,1739186100,Very Low,9.633085,6.8510075,Very Low,6.062216,42.9,5.362319,100,1739186100,5.362319
2025-03-18T00:06:19Z,0,30.004,73.1,35,49.1,4,6,53,81,0.0,255,32767,0.12,2056-9-18,0.0,0.48,23.8,0.0,0.0,0.0,0,0.87890625,6,44,07:14,19:19,2025-03-18 00:06:19.533222,Marina di Stabia,31.1,6.639279,14.05905,5.7798514,10.930394,EU EEA Common AQI,73.8,6.5582366,13.21546,3600,4.811594,100,100,51.4,8.937198,Very Low,75.5,6.355935,100,1739186100,Very Low,9.633085,6.8510075,Very Low,6.062216,42.9,5.362319,100,1739186100,5.362319
2025-03-18T00:06:30Z,0,30.004,73.1,35,49.0,4,6,53,81,0.0,255,32767,0.12,2056-9-18,0.0,0.48,23.8,0.0,0.0,0.0,0,0.87890625,6,44,07:14,19:19,2025-03-18 00:06:30.652259,Marina di Stabia,31.1,6.639279,14.05905,5.7798514,10.930394,EU EEA Common AQI,73.8,6.5582366,13.21546,3600,4.811594,100,100,51.4,8.937198,Very Low,75.5,6.355935,100,1739186100,Very Low,9.633085,6.8510075,Very Low,6.062216,42.9,5.362319,100,1739186100,5.362319
2025-03-18T00:06:41Z,0,30.004,73.1,35,49.0,4,6,53,81,0.0,255,32767,0.12,2056-9-18,0.0,0.48,23.8,0.0,0.0,0.0,0,0.87890625,6,44,07:14,19:19,2025-03-18 00:06:41.728221,Marina di Stabia,31.1,6.639279,14.05905,5.7798514,10.930394,EU EEA Common AQI,73.8,6.5582366,13.21546,3600,4.811594,100,100,51.4,8.937198,Very Low,75.5,6.355935,100,1739186100,Very Low,9.633085,6.8510075,Very Low,6.062216,42.9,5.362319,100,1739186100,5.362319
2025-03-18T00:06:53Z,0,30.004,73.1,35,49.1,4,6,54,81,0.0,255,32767,0.12,2056-9-18,0.0,0.48,23.8,0.0,0.0,0.0,0,0.87890625,6,44,07:14,19:19,2025-03-18 00:06:52.809222,Marina di Stabia,31.1,6.639279,14.05905,5.7798514,10.930394,EU EEA Common AQI,73.8,6.5582366,13.21546,3600,4.811594,100,100,51.4,8.937198,Very Low,75.5,6.355935,100,1739186100,Very Low,9.633085,6.8510075,Very Low,6.062216,42.9,5.362319,100,1739186100,5.362319
2025-03-18T00:07:04Z,0,30.006,73.2,35,49.1,5,6,54,81,0.0,255,32767,0.12,2056-9-18,0.0,0.48,23.8,0.0,0.0,0.0,0,0.97265625,6,44,07:14,19:19,2025-03-18 00:07:03.872202,Marina di Stabia,31.1,6.639279,14.05905,5.7798514,10.930394,EU EEA Common AQI,73.8,6.5582366,13.21546,3600,4.811594,100,100,51.4,8.937198,Very Low,75.5,6.355935,100,1739186100,Very Low,9.633085,6.8510075,Very Low,6.062216,42.9,5.362319,100,1739186100,5.362319
2025-03-18T00:07:15Z,0,30.006,73.2,35,49.1,4,6,54,81,0.0,255,32767,0.12,2056-9-18,0.0,0.48,23.8,0.0,0.0,0.0,0,0.97265625,6,44,07:14,19:19,2025-03-18 00:07:14.979253,Marina di Stabia,31.1,6.639279,14.05905,5.7798514,10.930394,EU EEA Common AQI,73.8,6.5582366,13.21546,3600,4.811594,100,100,51.4,8.937198,Very Low,75.5,6.355935,100,1739186100,Very Low,9.633085,6.8510075,Very Low,6.062216,42.9,5.362319,100,1739186100,5.362319
2025-03-18T00:07:26Z,0,30.006,73.2,35,49.0,4,6,46,81,0.0,255,32767,0.12,2056-9-18,0.0,0.48,23.8,0.0,0.0,0.0,0,0.97265625,6,44,07:14,19:19,2025-03-18 00:07:26.078220,Marina di Stabia,31.1,6.639279,14.05905,5.7798514,10.930394,EU EEA Common AQI,73.8,6.5582366,13.21546,3600,4.811594,100,100,51.4,8.937198,Very Low,75.5,6.355935,100,1739186100,Very Low,9.633085,6.8510075,Very Low,6.062216,42.9,5.362319,100,1739186100,5.362319
2025-03-18T00:07:37Z,0,30.006,73.2,35,49.0,4,6,46,81,0.0,255,32767,0.12,2056-9-18,0.0,0.48,23.8,0.0,0.0,0.0,0,0.97265625,6,44,07:14,19:19,2025-03-18 00:07:37.169588,Marina di Stabia,31.1,6.639279,14.05905,5.7798514,10.930394,EU EEA Common AQI,73.8,6.5582366,13.21546,3600,4.811594,100,100,51.4,8.937198,Very Low,75.5,6.355935,100,1739186100,Very Low,9.633085,6.8510075,Very Low,6.062216,42.9,5.362319,100,1739186100,5.362319
2025-03-18T00:07:48Z,0,30.006,73.2,35,49.0,4,6,46,81,0.0,255,32767,0.12,2056-9-18,0.0,0.48,23.8,0.0,0.0,0.0,0,0.97265625,6,44,07:14,19:19,2025-03-18 00:07:48.245256,Marina di Stabia,31.1,6.639279,14.05905,5.7798514,10.930394,EU EEA Common AQI,73.8,6.5582366,13.21546,3600,4.811594,100,100,51.4,8.937198,Very Low,75.5,6.355935,100,1739186100,Very Low,9.633085,6.8510075,Very Low,6.062216,42.9,5.362319,100,1739186100,5.362319
2025-03-18T00:07:59Z,0,30.007,73.1,35,49.0,4,5,46,81,0.0,255,32767,0.12,2056-9-18,0.0,0.48,23.8,0.0,0.0,0.0,0,0.87890625,6,44,07:14,19:19,2025-03-18 00:07:59.326257,Marina di Stabia,31.1,6.639279,14.05905,5.7798514,10.930394,EU EEA Common AQI,73.8,6.5582366,13.21546,3600,4.811594,100,100,51.4,8.937198,Very Low,75.5,6.355935,100,1739186100,Very Low,9.633085,6.8510075,Very Low,6.062216,42.9,5.362319,100,1739186100,5.362319
2025-03-18T00:08:10Z,0,30.007,73.1,35,49.0,4,5,46,81,0.0,255,32767,0.12,2056-9-18,0.0,0.48,23.8,0.0,0.0,0.0,0,0.87890625,6,44,07:14,19:19,2025-03-18 00:08:10.411271,Marina di Stabia,31.1,6.639279,14.05905,5.7798514,10.930394,EU EEA Common AQI,73.8,6.5582366,13.21546,3600,4.811594,100,100,51.4,8.937198,Very Low,75.5,6.355935,100,1739186100,Very Low,9.633085,6.8510075,Very Low,6.062216,42.9,5.362319,100,1739186100,5.362319
2025-03-18T00:08:21Z,0,30.007,73.1,35,49.0,5,5,46,81,0.0,255,32767,0.12,2056-9-18,0.0,0.48,23.8,0.0,0.0,0.0,0,0.87890625,6,44,07:14,19:19,2025-03-18 00:08:21.489264,Marina di Stabia,31.1,6.639279,14.05905,5.7798514,10.930394,EU EEA Common AQI,73.8,6.5582366,13.21546,3600,4.811594,100,100,51.4,8.937198,Very Low,75.5,6.355935,100,1739186100,Very Low,9.633085,6.8510075,Very Low,6.062216,42.9,5.362319,100,1739186100,5.362319
2025-03-18T00:08:32Z,0,30.007,73.1,35,49.0,5,5,47,81,0.0,255,32767,0.12,2056-9-18,0.0,0.48,23.8,0.0,0.0,0.0,0,0.87890625,6,44,07:14,19:19,2025-03-18 00:08:32.572261,Marina di Stabia,31.1,6.639279,14.05905,5.7798514,10.930394,EU EEA Common AQI,73.8,6.5582366,13.21546,3600,4.811594,100,100,51.4,8.937198,Very Low,75.5,6.355935,100,1739186100,Very Low,9.633085,6.8510075,Very Low,6.062216,42.9,5.362319,100,1739186100,5.362319
2025-03-18T00:08:43Z,0,30.007,73.1,35,49.0,4,5,44,81,0.0,255,32767,0.12,2056-9-18,0.0,0.48,23.8,0.0,0.0,0.0,0,0.87890625,6,44,07:14,19:19,2025-03-18 00:08:43.680257,Marina di Stabia,31.1,6.639279,14.05905,5.7798514,10.930394,EU EEA Common AQI,73.8,6.5582366,13.21546,3600,4.811594,100,100,51.4,8.937198,Very Low,75.5,6.355935,100,1739186100,Very Low,9.633085,6.8510075,Very Low,6.062216,42.9,5.362319,100,1739186100,5.362319
2025-03-18T00:08:54Z,0,30.007,73.1,35,49.0,6,5,47,81,0.0,255,32767,0.12,2056-9-18,0.0,0.48,23.8,0.0,0.0,0.0,0,0.87890625,6,44,07:14,19:19,2025-03-18 00:08:54.794263,Marina di Stabia,31.1,6.639279,14.05905,5.7798514,10.930394,EU EEA Common AQI,73.8,6.5582366,13.21546,3600,4.811594,100,100,51.4,8.937198,Very Low,75.5,6.355935,100,1739186100,Very Low,9.633085,6.8510075,Very Low,6.062216,42.9,5.362319,100,1739186100,5.362319
2025-03-18T00:09:06Z,0,30.005,73.1,35,49.0,5,5,47,81,0.0,255,32767,0.12,2056-9-18,0.0,0.48,23.8,0.0,0.0,0.0,0,1.646484375,6,44,07:14,19:19,2025-03-18 00:09:06.122259,Marina di Stabia,31.1,6.639279,14.05905,5.7798514,10.930394,EU EEA Common AQI,73.8,6.5582366,13.21546,3600,4.811594,100,100,51.4,8.937198,Very Low,75.5,6.355935,100,1739186100,Very Low,9.633085,6.8510075,Very Low,6.062216,42.9,5.362319,100,1739186100,5.362319
2025-03-18T00:09:17Z,0,30.005,73.1,35,49.0,5,5,47,81,0.0,255,32767,0.12,2056-9-18,0.0,0.48,23.8,0.0,0.0,0.0,0,1.646484375,6,44,07:14,19:19,2025-03-18 00:09:17.214260,Marina di Stabia,31.1,6.639279,14.05905,5.7798514,10.930394,EU EEA Common AQI,73.8,6.5582366,13.21546,3600,4.811594,100,100,51.4,8.937198,Very Low,75.5,6.355935,100,1739186100,Very Low,9.633085,6.8510075,Very Low,6.062216,42.9,5.362319,100,1739186100,5.362319
2025-03-18T00:09:28Z,0,30.005,73.1,35,49.0,4,5,47,81,0.0,255,32767,0.12,2056-9-18,0.0,0.48,23.8,0.0,0.0,0.0,0,1.646484375,6,44,07:14,19:19,2025-03-18 00:09:28.305264,Marina di Stabia,31.1,6.639279,14.05905,5.7798514,10.930394,EU EEA Common AQI,73.8,6.5582366,13.21546,3600,4.811594,100,100,51.4,8.937198,Very Low,75.5,6.355935,100,1739186100,Very Low,9.633085,6.8510075,Very Low,6.062216,42.9,5.362319,100,1739186100,5.362319
2025-03-18T00:09:39Z,0,30.005,73.1,35,49.0,3,5,47,81,0.0,255,32767,0.12,2056-9-18,0.0,0.48,23.8,0.0,0.0,0.0,0,1.646484375,6,44,07:14,19:19,2025-03-18 00:09:39.386258,Marina di Stabia,31.1,6.639279,14.05905,5.7798514,10.930394,EU EEA Common AQI,73.8,6.5582366,13.21546,3600,4.811594,100,100,51.4,8.937198,Very Low,75.5,6.355935,100,1739186100,Very Low,9.633085,6.8510075,Very Low,6.062216,42.9,5.362319,100,1739186100,5.362319
2025-03-18T00:09:50Z,0,30.005,73.1,35,49.0,4,5,47,81,0.0,255,32767,0.12,2056-9-18,0.0,0.48,23.8,0.0,0.0,0.0,0,1.646484375,6,44,07:14,19:19,2025-03-18 00:09:50.519262,Marina di Stabia,31.1,6.639279,14.05905,5.7798514,10.930394,EU EEA Common AQI,73.8,6.5582366,13.21546,3600,4.811594,100,100,51.4,8.937198,Very Low,75.5,6.355935,100,1739186100,Very Low,9.633085,6.8510075,Very Low,6.062216,42.9,5.362319,100,1739186100,5.362319
2025-03-18T00:10:01Z,0,30.005,73.0,35,49.0,5,5,47,81,0.0,255,32767,0.12,2056-9-18,0.0,0.48,23.8,0.0,0.0,0.0,0,0.884765625,6,44,07:14,19:19,2025-03-18 00:10:01.595254,Marina di Stabia,31.1,6.639279,14.05905,5.7798514,10.930394,EU EEA Common AQI,73.8,6.5582366,13.21546,3600,4.811594,100,100,51.4,8.937198,Very Low,75.5,6.355935,100,1739186100,Very Low,9.633085,6.8510075,Very Low,6.062216,42.9,5.362319,100,1739186100,5.362319
2025-03-18T00:10:12Z,0,30.005,73.0,35,49.0,5,5,47,81,0.0,255,32767,0.12,2056-9-18,0.0,0.48,23.8,0.0,0.0,0.0,0,0.884765625,6,44,07:14,19:19,2025-03-18 00:10:12.671220,Marina di Stabia,31.1,6.639279,14.05905,5.7798514,10.930394,EU EEA Common AQI,73.8,6.5582366,13.21546,3600,4.811594,100,100,51.4,8.937198,Very Low,75.5,6.355935,100,1739186100,Very Low,9.633085,6.8510075,Very Low,6.062216,42.9,5.362319,100,1739186100,5.362319
2025-03-18T00:10:24Z,0,30.005,73.0,35,49.0,3,5,47,81,0.0,255,32767,0.12,2056-9-18,0.0,0.48,23.8,0.0,0.0,0.0,0,0.884765625,6,44,07:14,19:19,2025-03-18 00:10:23.838252,Marina di Stabia,31.1,6.639279,14.05905,5.7798514,10.930394,EU EEA Common AQI,73.8,6.5582366,13.21546,3600,4.811594,100,100,51.4,8.937198,Very Low,75.5,6.355935,100,1739186100,Very Low,9.633085,6.8510075,Very Low,6.062216,42.9,5.362319,100,1739186100,5.362319
2025-03-18T00:10:35Z,0,30.005,73.0,35,49.0,4,5,47,81,0.0,255,32767,0.12,2056-9-18,0.0,0.48,23.8,0.0,0.0,0.0,0,0.884765625,6,44,07:14,19:19,2025-03-18 00:10:34.922267,Marina di Stabia,31.1,6.639279,14.05905,5.7798514,10.930394,EU EEA Common AQI,73.8,6.5582366,13.21546,3600,4.811594,100,100,51.4,8.937198,Very Low,75.5,6.355935,100,1739186100,Very Low,9.633085,6.8510075,Very Low,6.062216,42.9,5.362319,100,1739186100,5.362319
2025-03-18T00:10:46Z,0,30.005,73.0,35,49.0,4,5,47,81,0.0,255,32767,0.12,2056-9-18,0.0,0.48,23.8,0.0,0.0,0.0,0,0.884765625,6,44,07:14,19:19,2025-03-18 00:10:46.071259,Marina di Stabia,31.1,6.639279,14.05905,5.7798514,10.930394,EU EEA Common AQI,73.8,6.5582366,13.21546,3600,4.811594,100,100,51.4,8.937198,Very Low,75.5,6.355935,100,1739186100,Very Low,9.633085,6.8510075,Very Low,6.062216,42.9,5.362319,100,1739186100,5.362319
2025-03-18T00:10:57Z,0,30.003,73.1,35,49.0,4,5,47,81,0.0,255,32767,0.12,2056-9-18,0.0,0.48,23.8,0.0,0.0,0.0,0,0.908203125,6,44,07:14,19:19,2025-03-18 00:10:57.151260,Marina di Stabia,31.1,6.639279,14.05905,5.7798514,10.930394,EU EEA Common AQI,73.8,6.5582366,13.21546,3600,4.811594,100,100,51.4,8.937198,Very Low,75.5,6.355935,100,1739186100,Very Low,9.633085,6.8510075,Very Low,6.062216,42.9,5.362319,100,1739186100,5.362319
2025-03-18T00:11:08Z,0,30.003,73.1,35,49.0,3,5,47,81,0.0,255,32767,0.12,2056-9-18,0.0,0.48,23.8,0.0,0.0,0.0,0,0.908203125,6,44,07:14,19:19,2025-03-18 00:11:08.230257,Marina di Stabia,31.1,6.639279,14.05905,5.7798514,10.930394,EU EEA Common AQI,73.8,6.5582366,13.21546,3600,4.811594,100,100,51.4,8.937198,Very Low,75.5,6.355935,100,1739186100,Very Low,9.633085,6.8510075,Very Low,6.062216,42.9,5.362319,100,1739186100,5.362319
2025-03-18T00:11:19Z,0,30.003,73.1,35,49.0,5,5,47,81,0.0,255,32767,0.12,2056-9-18,0.0,0.48,23.8,0.0,0.0,0.0,0,0.908203125,6,44,07:14,19:19,2025-03-18 00:11:19.307256,Marina di Stabia,31.1,6.639279,14.05905,5.7798514,10.930394,EU EEA Common AQI,73.8,6.5582366,13.21546,3600,4.811594,100,100,51.4,8.937198,Very Low,75.5,6.355935,100,1739186100,Very Low,9.633085,6.8510075,Very Low,6.062216,42.9,5.362319,100,1739186100,5.362319
2025-03-18T00:11:30Z,0,30.003,73.1,35,49.0,4,5,30,81,0.0,255,32767,0.12,2056-9-18,0.0,0.48,23.8,0.0,0.0,0.0,0,0.908203125,6,44,07:14,19:19,2025-03-18 00:11:30.367599,Marina di Stabia,31.1,6.639279,14.05905,5.7798514,10.930394,EU EEA Common AQI,73.8,6.5582366,13.21546,3600,4.811594,100,100,51.4,8.937198,Very Low,75.5,6.355935,100,1739186100,Very Low,9.633085,6.8510075,Very Low,6.062216,42.9,5.362319,100,1739186100,5.362319
2025-03-18T00:11:41Z,0,30.003,73.1,35,49.0,3,5,26,81,0.0,255,32767,0.12,2056-9-18,0.0,0.48,23.8,0.0,0.0,0.0,0,0.908203125,6,44,07:14,19:19,2025-03-18 00:11:41.454261,Marina di Stabia,31.1,6.639279,14.05905,5.7798514,10.930394,EU EEA Common AQI,73.8,6.5582366,13.21546,3600,4.811594,100,100,51.4,8.937198,Very Low,75.5,6.355935,100,1739186100,Very Low,9.633085,6.8510075,Very Low,6.062216,42.9,5.362319,100,1739186100,5.362319
2025-03-18T00:11:52Z,0,30.003,73.1,35,49.0,4,5,26,81,0.0,255,32767,0.12,2056-9-18,0.0,0.48,23.8,0.0,0.0,0.0,0,0.908203125,6,44,07:14,19:19,2025-03-18 00:11:52.563259,Marina di Stabia,31.1,6.639279,14.05905,5.7798514,10.930394,EU EEA Common AQI,73.8,6.5582366,13.21546,3600,4.811594,100,100,51.4,8.937198,Very Low,75.5,6.355935,100,1739186100,Very Low,9.633085,6.8510075,Very Low,6.062216,42.9,5.362319,100,1739186100,5.362319
2025-03-18T00:12:03Z,0,30.006,73.1,35,49.0,4,5,49,81,0.0,255,32767,0.12,2056-9-18,0.0,0.48,23.8,0.0,0.0,0.0,0,0.908203125,6,44,07:14,19:19,2025-03-18 00:12:03.659255,Marina di Stabia,31.1,6.639279,14.05905,5.7798514,10.930394,EU EEA Common AQI,73.8,6.5582366,13.21546,3600,4.811594,100,100,51.4,8.937198,Very Low,75.5,6.355935,100,1739186100,Very Low,9.633085,6.8510075,Very Low,6.062216,42.9,5.362319,100,1739186100,5.362319
2025-03-18T00:12:14Z,0,30.006,73.1,35,49.0,4,5,49,81,0.0,255,32767,0.12,2056-9-18,0.0,0.48,23.8,0.0,0.0,0.0,0,0.908203125,6,44,07:14,19:19,2025-03-18 00:12:14.750263,Marina di Stabia,31.1,6.639279,14.05905,5.7798514,10.930394,EU EEA Common AQI,73.8,6.5582366,13.21546,3600,4.811594,100,100,51.4,8.937198,Very Low,75.5,6.355935,100,1739186100,Very Low,9.633085,6.8510075,Very Low,6.062216,42.9,5.362319,100,1739186100,5.362319
2025-03-18T00:12:26Z,0,30.006,73.1,35,49.0,4,5,49,81,0.0,255,32767,0.12,2056-9-18,0.0,0.48,23.8,0.0,0.0,0.0,0,0.908203125,6,44,07:14,19:19,2025-03-18 00:12:25.859253,Marina di Stabia,31.1,6.639279,14.05905,5.7798514,10.930394,EU EEA Common AQI,73.8,6.5582366,13.21546,3600,4.811594,100,100,51.4,8.937198,Very Low,75.5,6.355935,100,1739186100,Very Low,9.633085,6.8510075,Very Low,6.062216,42.9,5.362319,100,1739186100,5.362319
2025-03-18T00:12:37Z,0,30.006,73.1,35,49.0,3,5,49,81,0.0,255,32767,0.12,2056-9-18,0.0,0.48,23.8,0.0,0.0,0.0,0,0.908203125,6,44,07:14,19:19,2025-03-18 00:12:36.952260,Marina di Stabia,31.1,6.639279,14.05905,5.7798514,10.930394,EU EEA Common AQI,73.8,6.5582366,13.21546,3600,4.811594,100,100,51.4,8.937198,Very Low,75.5,6.355935,100,1739186100,Very Low,9.633085,6.8510075,Very Low,6.062216,42.9,5.362319,100,1739186100,5.362319
2025-03-18T00:12:48Z,0,30.006,73.1,35,49.0,3,5,49,81,0.0,255,32767,0.12,2056-9-18,0.0,0.48,23.8,0.0,0.0,0.0,0,0.908203125,6,44,07:14,19:19,2025-03-18 00:12:48.036261,Marina di Stabia,31.1,6.639279,14.05905,5.7798514,10.930394,EU EEA Common AQI,73.8,6.5582366,13.21546,3600,4.811594,100,100,51.4,8.937198,Very Low,75.5,6.355935,100,1739186100,Very Low,9.633085,6.8510075,Very Low,6.062216,42.9,5.362319,100,1739186100,5.362319
2025-03-18T00:12:59Z,0,30.006,73.0,35,49.0,5,5,49,81,0.0,255,32767,0.12,2056-9-18,0.0,0.48,23.8,0.0,0.0,0.0,0,0.87890625,6,44,07:14,19:19,2025-03-18 00:12:59.188261,Marina di Stabia,31.1,6.639279,14.05905,5.7798514,10.930394,EU EEA Common AQI,73.8,6.5582366,13.21546,3600,4.811594,100,100,51.4,8.937198,Very Low,75.5,6.355935,100,1739186100,Very Low,9.633085,6.8510075,Very Low,6.062216,42.9,5.362319,100,1739186100,5.362319
2025-03-18T00:13:10Z,0,30.006,73.0,35,49.0,5,5,49,81,0.0,255,32767,0.12,2056-9-18,0.0,0.48,23.8,0.0,0.0,0.0,0,0.87890625,6,44,07:14,19:19,2025-03-18 00:13:10.253260,Marina di Stabia,31.1,6.639279,14.05905,5.7798514,10.930394,EU EEA Common AQI,73.8,6.5582366,13.21546,3600,4.811594,100,100,51.4,8.937198,Very Low,75.5,6.355935,100,1739186100,Very Low,9.633085,6.8510075,Very Low,6.062216,42.9,5.362319,100,1739186100,5.362319
2025-03-18T00:13:21Z,0,30.006,73.0,35,49.0,5,5,49,81,0.0,255,32767,0.12,2056-9-18,0.0,0.48,23.8,0.0,0.0,0.0,0,0.87890625,6,44,07:14,19:19,2025-03-18 00:13:21.328217,Marina di Stabia,31.1,6.639279,14.05905,5.7798514,10.930394,EU EEA Common AQI,73.8,6.5582366,13.21546,3600,4.811594,100,100,51.4,8.937198,Very Low,75.5,6.355935,100,1739186100,Very Low,9.633085,6.8510075,Very Low,6.062216,42.9,5.362319,100,1739186100,5.362319
2025-03-18T00:13:32Z,0,30.006,73.0,35,49.0,5,5,49,81,0.0,255,32767,0.12,2056-9-18,0.0,0.48,23.8,0.0,0.0,0.0,0,0.87890625,6,44,07:14,19:19,2025-03-18 00:13:32.407257,Marina di Stabia,31.1,6.639279,14.05905,5.7798514,10.930394,EU EEA Common AQI,73.8,6.5582366,13.21546,3600,4.811594,100,100,51.4,8.937198,Very Low,75.5,6.355935,100,1739186100,Very Low,9.633085,6.8510075,Very Low,6.062216,42.9,5.362319,100,1739186100,5.362319
2025-03-18T00:13:43Z,0,30.006,73.0,35,49.0,4,5,49,81,0.0,255,32767,0.12,2056-9-18,0.0,0.48,23.8,0.0,0.0,0.0,0,0.87890625,6,44,07:14,19:19,2025-03-18 00:13:43.486234,Marina di Stabia,31.1,6.639279,14.05905,5.7798514,10.930394,EU EEA Common AQI,73.8,6.5582366,13.21546,3600,4.811594,100,100,51.4,8.937198,Very Low,75.5,6.355935,100,1739186100,Very Low,9.633085,6.8510075,Very Low,6.062216,42.9,5.362319,100,1739186100,5.362319
2025-03-18T00:13:54Z,0,30.006,73.0,35,49.0,4,5,49,81,0.0,255,32767,0.12,2056-9-18,0.0,0.48,23.8,0.0,0.0,0.0,0,0.87890625,6,44,07:14,19:19,2025-03-18 00:13:54.602263,Marina di Stabia,31.1,6.639279,14.05905,5.7798514,10.930394,EU EEA Common AQI,73.8,6.5582366,13.21546,3600,4.811594,100,100,51.4,8.937198,Very Low,75.5,6.355935,100,1739186100,Very Low,9.633085,6.8510075,Very Low,6.062216,42.9,5.362319,100,1739186100,5.362319
2025-03-18T00:14:05Z,0,30.004,73.1,35,49.0,4,4,49,81,0.0,255,32767,0.12,2056-9-18,0.0,0.48,23.8,0.0,0.0,0.0,0,1.154296875,6,44,07:14,19:19,2025-03-18 00:14:05.676266,Marina di Stabia,31.1,6.639279,14.05905,5.7798514,10.930394,EU EEA Common AQI,73.8,6.5582366,13.21546,3600,4.811594,100,100,51.4,8.937198,Very Low,75.5,6.355935,100,1739186100,Very Low,9.633085,6.8510075,Very Low,6.062216,42.9,5.362319,100,1739186100,5.362319
2025-03-18T00:14:17Z,0,30.004,73.1,35,49.1,4,4,49,81,0.0,255,32767,0.12,2056-9-18,0.0,0.48,23.8,0.0,0.0,0.0,0,1.154296875,6,44,07:14,19:19,2025-03-18 00:14:16.816257,Marina di Stabia,31.1,6.639279,14.05905,5.7798514,10.930394,EU EEA Common AQI,73.8,6.5582366,13.21546,3600,4.811594,100,100,51.4,8.937198,Very Low,75.5,6.355935,100,1739186100,Very Low,9.633085,6.8510075,Very Low,6.062216,42.9,5.362319,100,1739186100,5.362319
2025-03-18T00:14:28Z,0,30.004,73.1,35,49.1,4,4,49,81,0.0,255,32767,0.12,2056-9-18,0.0,0.48,23.8,0.0,0.0,0.0,0,1.154296875,6,44,07:14,19:19,2025-03-18 00:14:27.914265,Marina di Stabia,31.1,6.639279,14.05905,5.7798514,10.930394,EU EEA Common AQI,73.8,6.5582366,13.21546,3600,4.811594,100,100,51.4,8.937198,Very Low,75.5,6.355935,100,1739186100,Very Low,9.633085,6.8510075,Very Low,6.062216,42.9,5.362319,100,1739186100,5.362319
2025-03-18T00:14:39Z,0,30.004,73.1,35,49.0,4,4,49,81,0.0,255,32767,0.12,2056-9-18,0.0,0.48,23.8,0.0,0.0,0.0,0,1.154296875,6,44,07:14,19:19,2025-03-18 00:14:38.999274,Marina di Stabia,31.1,6.639279,14.05905,5.7798514,10.930394,EU EEA Common AQI,73.8,6.5582366,13.21546,3600,4.811594,100,100,51.4,8.937198,Very Low,75.5,6.355935,100,1739186100,Very Low,9.633085,6.8510075,Very Low,6.062216,42.9,5.362319,100,1739186100,5.362319
2025-03-18T00:14:50Z,0,30.004,73.1,35,49.0,4,4,49,81,0.0,255,32767,0.12,2056-9-18,0.0,0.48,23.8,0.0,0.0,0.0,0,1.154296875,6,44,07:14,19:19,2025-03-18 00:14:50.075260,Marina di Stabia,31.1,6.639279,14.05905,5.7798514,10.930394,EU EEA Common AQI,73.8,6.5582366,13.21546,3600,4.811594,100,100,51.4,8.937198,Very Low,75.5,6.355935,100,1739186100,Very Low,9.633085,6.8510075,Very Low,6.062216,42.9,5.362319,100,1739186100,5.362319
2025-03-18T00:15:01Z,0,30.004,73.0,35,49.0,4,4,49,81,0.0,255,32767,0.12,2056-9-18,0.0,0.48,23.8,0.0,0.0,0.0,0,0.87890625,6,44,07:14,19:19,2025-03-18 00:15:01.159260,Marina di Stabia,31.1,6.639279,14.05905,5.7798514,10.930394,EU EEA Common AQI,73.8,6.5582366,13.21546,3600,4.811594,100,100,51.4,8.937198,Very Low,75.5,6.355935,100,1739186100,Very Low,9.633085,6.8510075,Very Low,6.062216,42.9,5.362319,100,1739186100,5.362319
2025-03-18T00:15:12Z,0,30.004,73.0,35,49.0,3,4,49,81,0.0,255,32767,0.12,2056-9-18,0.0,0.48,23.8,0.0,0.0,0.0,0,0.87890625,6,44,07:14,19:19,2025-03-18 00:15:12.238265,Marina di Stabia,31.1,6.639279,14.05905,5.7798514,10.930394,EU EEA Common AQI,73.8,6.5582366,13.21546,3600,4.811594,100,100,51.4,8.937198,Very Low,75.5,6.355935,100,1739186100,Very Low,9.633085,6.8510075,Very Low,6.062216,42.9,5.362319,100,1739186100,5.362319
2025-03-18T00:15:23Z,0,30.004,73.0,35,49.0,3,4,49,81,0.0,255,32767,0.12,2056-9-18,0.0,0.48,23.8,0.0,0.0,0.0,0,0.87890625,6,44,07:14,19:19,2025-03-18 00:15:23.350258,Marina di Stabia,31.1,6.639279,14.05905,5.7798514,10.930394,EU EEA Common AQI,73.8,6.5582366,13.21546,3600,4.811594,100,100,51.4,8.937198,Very Low,75.5,6.355935,100,1739186100,Very Low,9.633085,6.8510075,Very Low,6.062216,42.9,5.362319,100,1739186100,5.362319
2025-03-18T00:15:34Z,0,30.004,73.0,35,49.0,4,4,43,81,0.0,255,32767,0.12,2056-9-18,0.0,0.48,23.8,0.0,0.0,0.0,0,0.87890625,6,44,07:14,19:19,2025-03-18 00:15:34.460275,Marina di Stabia,31.1,6.639279,14.05905,5.7798514,10.930394,EU EEA Common AQI,73.8,6.5582366,13.21546,3600,4.811594,100,100,51.4,8.937198,Very Low,75.5,6.355935,100,1739186100,Very Low,9.633085,6.8510075,Very Low,6.062216,42.9,5.362319,100,1739186100,5.362319
2025-03-18T00:15:45Z,0,30.004,73.0,35,49.0,3,4,41,81,0.0,255,32767,0.12,2056-9-18,0.0,0.48,23.8,0.0,0.0,0.0,0,0.87890625,6,44,07:14,19:19,2025-03-18 00:15:45.537258,Marina di Stabia,31.1,6.639279,14.05905,5.7798514,10.930394,EU EEA Common AQI,73.8,6.5582366,13.21546,3600,4.811594,100,100,51.4,8.937198,Very Low,75.5,6.355935,100,1739186100,Very Low,9.633085,6.8510075,Very Low,6.062216,42.9,5.362319,100,1739186100,5.362319
2025-03-18T00:15:56Z,0,30.004,73.0,35,49.1,4,4,24,81,0.0,255,32767,0.12,2056-9-18,0.0,0.48,23.8,0.0,0.0,0.0,0,0.87890625,6,44,07:14,19:19,2025-03-18 00:15:56.674258,Marina di Stabia,31.1,6.639279,14.05905,5.7798514,10.930394,EU EEA Common AQI,73.8,6.5582366,13.21546,3600,4.811594,100,100,51.4,8.937198,Very Low,75.5,6.355935,100,1739186100,Very Low,9.633085,6.8510075,Very Low,6.062216,42.9,5.362319,100,1739186100,5.362319
2025-03-18T00:16:07Z,0,30.003,73.0,35,49.1,5,4,24,81,0.0,255,32767,0.12,2056-9-18,0.0,0.48,23.8,0.0,0.0,0.0,0,2.3671875,6,44,07:14,19:19,2025-03-18 00:16:07.750258,Marina di Stabia,31.1,6.639279,14.05905,5.7798514,10.930394,EU EEA Common AQI,73.8,6.5582366,13.21546,3600,4.811594,100,100,51.4,8.937198,Very Low,75.5,6.355935,100,1739186100,Very Low,9.633085,6.8510075,Very Low,6.062216,42.9,5.362319,100,1739186100,5.362319
2025-03-18T00:16:19Z,0,30.003,73.0,35,49.1,5,4,35,81,0.0,255,32767,0.12,2056-9-18,0.0,0.48,23.8,0.0,0.0,0.0,0,2.3671875,6,44,07:14,19:19,2025-03-18 00:16:18.867255,Marina di Stabia,31.1,6.639279,14.05905,5.7798514,10.930394,EU EEA Common AQI,73.8,6.5582366,13.21546,3600,4.811594,100,100,51.4,8.937198,Very Low,75.5,6.355935,100,1739186100,Very Low,9.633085,6.8510075,Very Low,6.062216,42.9,5.362319,100,1739186100,5.362319
2025-03-18T00:16:30Z,0,30.003,73.0,35,49.1,5,4,35,81,0.0,255,32767,0.12,2056-9-18,0.0,0.48,23.8,0.0,0.0,0.0,0,2.3671875,6,44,07:14,19:19,2025-03-18 00:16:29.997261,Marina di Stabia,31.1,6.639279,14.05905,5.7798514,10.930394,EU EEA Common AQI,73.8,6.5582366,13.21546,3600,4.811594,100,100,51.4,8.937198,Very Low,75.5,6.355935,100,1739186100,Very Low,9.633085,6.8510075,Very Low,6.062216,42.9,5.362319,100,1739186100,5.362319
2025-03-18T00:16:41Z,0,30.003,73.0,35,49.1,5,4,35,81,0.0,255,32767,0.12,2056-9-18,0.0,0.48,23.8,0.0,0.0,0.0,0,2.3671875,6,44,07:14,19:19,2025-03-18 00:16:41.082262,Marina di Stabia,31.1,6.639279,14.05905,5.7798514,10.930394,EU EEA Common AQI,73.8,6.5582366,13.21546,3600,4.811594,100,100,51.4,8.937198,Very Low,75.5,6.355935,100,1739186100,Very Low,9.633085,6.8510075,Very Low,6.062216,42.9,5.362319,100,1739186100,5.362319
2025-03-18T00:16:52Z,0,30.003,73.0,35,49.1,5,4,51,81,0.0,255,32767,0.12,2056-9-18,0.0,0.48,23.8,0.0,0.0,0.0,0,2.3671875,6,44,07:14,19:19,2025-03-18 00:16:52.174261,Marina di Stabia,31.1,6.639279,14.05905,5.7798514,10.930394,EU EEA Common AQI,73.8,6.5582366,13.21546,3600,4.811594,100,100,51.4,8.937198,Very Low,75.5,6.355935,100,1739186100,Very Low,9.633085,6.8510075,Very Low,6.062216,42.9,5.362319,100,1739186100,5.362319
2025-03-18T00:17:03Z,0,30.004,73.0,35,49.1,4,4,42,81,0.0,255,32767,0.12,2056-9-18,0.0,0.48,23.8,0.0,0.0,0.0,0,0.890625,6,44,07:14,19:19,2025-03-18 00:17:03.275266,Marina di Stabia,31.1,6.639279,14.05905,5.7798514,10.930394,EU EEA Common AQI,73.8,6.5582366,13.21546,3600,4.811594,100,100,51.4,8.937198,Very Low,75.5,6.355935,100,1739186100,Very Low,9.633085,6.8510075,Very Low,6.062216,42.9,5.362319,100,1739186100,5.362319
2025-03-18T00:17:14Z,0,30.004,73.0,35,49.1,5,4,42,81,0.0,255,32767,0.12,2056-9-18,0.0,0.48,23.8,0.0,0.0,0.0,0,0.890625,6,44,07:14,19:19,2025-03-18 00:17:14.383262,Marina di Stabia,31.1,6.639279,14.05905,5.7798514,10.930394,EU EEA Common AQI,73.8,6.5582366,13.21546,3600,4.811594,100,100,51.4,8.937198,Very Low,75.5,6.355935,100,1739186100,Very Low,9.633085,6.8510075,Very Low,6.062216,42.9,5.362319,100,1739186100,5.362319
2025-03-18T00:17:25Z,0,30.004,73.0,35,49.1,9,4,40,81,0.0,255,32767,0.12,2056-9-18,0.0,0.48,23.8,0.0,0.0,0.0,0,0.890625,6,44,07:14,19:19,2025-03-18 00:17:25.474278,Marina di Stabia,31.1,6.639279,14.05905,5.7798514,10.930394,EU EEA Common AQI,73.8,6.5582366,13.21546,3600,4.811594,100,100,51.4,8.937198,Very Low,75.5,6.355935,100,1739186100,Very Low,9.633085,6.8510075,Very Low,6.062216,42.9,5.362319,100,1739186100,5.362319
2025-03-18T00:17:36Z,0,30.004,73.0,35,49.1,6,4,5,81,0.0,255,32767,0.12,2056-9-18,0.0,0.48,23.8,0.0,0.0,0.0,0,0.890625,6,44,07:14,19:19,2025-03-18 00:17:36.581269,Marina di Stabia,31.1,6.639279,14.05905,5.7798514,10.930394,EU EEA Common AQI,73.8,6.5582366,13.21546,3600,4.811594,100,100,51.4,8.937198,Very Low,75.5,6.355935,100,1739186100,Very Low,9.633085,6.8510075,Very Low,6.062216,42.9,5.362319,100,1739186100,5.362319
2025-03-18T00:17:47Z,0,30.004,73.0,35,49.2,1,4,49,81,0.0,255,32767,0.12,2056-9-18,0.0,0.48,23.8,0.0,0.0,0.0,0,0.890625,6,44,07:14,19:19,2025-03-18 00:17:47.701267,Marina di Stabia,31.1,6.639279,14.05905,5.7798514,10.930394,EU EEA Common AQI,73.8,6.5582366,13.21546,3600,4.811594,100,100,51.4,8.937198,Very Low,75.5,6.355935,100,1739186100,Very Low,9.633085,6.8510075,Very Low,6.062216,42.9,5.362319,100,1739186100,5.362319
2025-03-18T00:17:58Z,0,30.006,73.0,35,49.2,6,4,32,81,0.0,255,32767,0.12,2056-9-18,0.0,0.48,23.8,0.0,0.0,0.0,0,0.87890625,6,44,07:14,19:19,2025-03-18 00:17:58.776262,Marina di Stabia,31.1,6.639279,14.05905,5.7798514,10.930394,EU EEA Common AQI,73.8,6.5582366,13.21546,3600,4.811594,100,100,51.4,8.937198,Very Low,75.5,6.355935,100,1739186100,Very Low,9.633085,6.8510075,Very Low,6.062216,42.9,5.362319,100,1739186100,5.362319
2025-03-18T00:18:10Z,0,30.006,73.0,35,49.2,7,4,44,81,0.0,255,32767,0.12,2056-9-18,0.0,0.48,23.8,0.0,0.0,0.0,0,0.87890625,6,44,07:14,19:19,2025-03-18 00:18:09.864250,Marina di Stabia,31.1,6.639279,14.05905,5.7798514,10.930394,EU EEA Common AQI,73.8,6.5582366,13.21546,3600,4.811594,100,100,51.4,8.937198,Very Low,75.5,6.355935,100,1739186100,Very Low,9.633085,6.8510075,Very Low,6.062216,42.9,5.362319,100,1739186100,5.362319
2025-03-18T00:18:21Z,0,30.006,73.0,35,49.2,5,4,26,81,0.0,255,32767,0.12,2056-9-18,0.0,0.48,23.8,0.0,0.0,0.0,0,0.87890625,6,44,07:14,19:19,2025-03-18 00:18:20.956270,Marina di Stabia,31.1,6.639279,14.05905,5.7798514,10.930394,EU EEA Common AQI,73.8,6.5582366,13.21546,3600,4.811594,100,100,51.4,8.937198,Very Low,75.5,6.355935,100,1739186100,Very Low,9.633085,6.8510075,Very Low,6.062216,42.9,5.362319,100,1739186100,5.362319
2025-03-18T00:18:32Z,0,30.006,73.0,35,49.3,7,4,19,81,0.0,255,32767,0.12,2056-9-18,0.0,0.48,23.8,0.0,0.0,0.0,0,0.87890625,6,44,07:14,19:19,2025-03-18 00:18:32.077254,Marina di Stabia,31.1,6.639279,14.05905,5.7798514,10.930394,EU EEA Common AQI,73.8,6.5582366,13.21546,3600,4.811594,100,100,51.4,8.937198,Very Low,75.5,6.355935,100,1739186100,Very Low,9.633085,6.8510075,Very Low,6.062216,42.9,5.362319,100,1739186100,5.362319
2025-03-18T00:18:43Z,0,30.006,73.0,35,49.3,4,4,15,81,0.0,255,32767,0.12,2056-9-18,0.0,0.48,23.8,0.0,0.0,0.0,0,0.87890625,6,44,07:14,19:19,2025-03-18 00:18:43.163227,Marina di Stabia,31.1,6.639279,14.05905,5.7798514,10.930394,EU EEA Common AQI,73.8,6.5582366,13.21546,3600,4.811594,100,100,51.4,8.937198,Very Low,75.5,6.355935,100,1739186100,Very Low,9.633085,6.8510075,Very Low,6.062216,42.9,5.362319,100,1739186100,5.362319
2025-03-18T00:18:54Z,0,30.006,73.0,35,49.3,5,4,50,81,0.0,255,32767,0.12,2056-9-18,0.0,0.48,23.8,0.0,0.0,0.0,0,0.87890625,6,44,07:14,19:19,2025-03-18 00:18:54.250282,Marina di Stabia,31.1,6.639279,14.05905,5.7798514,10.930394,EU EEA Common AQI,73.8,6.5582366,13.21546,3600,4.811594,100,100,51.4,8.937198,Very Low,75.5,6.355935,100,1739186100,Very Low,9.633085,6.8510075,Very Low,6.062216,42.9,5.362319,100,1739186100,5.362319
2025-03-18T00:19:05Z,0,30.007,73.0,35,49.3,4,4,30,81,0.0,255,32767,0.12,2056-9-18,0.0,0.48,23.8,0.0,0.0,0.0,0,1.001953125,6,44,07:14,19:19,2025-03-18 00:19:05.332257,Marina di Stabia,31.1,6.639279,14.05905,5.7798514,10.930394,EU EEA Common AQI,73.8,6.5582366,13.21546,3600,4.811594,100,100,51.4,8.937198,Very Low,75.5,6.355935,100,1739186100,Very Low,9.633085,6.8510075,Very Low,6.062216,42.9,5.362319,100,1739186100,5.362319
2025-03-18T00:19:16Z,0,30.007,73.0,35,49.3,3,4,24,81,0.0,255,32767,0.12,2056-9-18,0.0,0.48,23.8,0.0,0.0,0.0,0,1.001953125,6,44,07:14,19:19,2025-03-18 00:19:16.448267,Marina di Stabia,31.1,6.639279,14.05905,5.7798514,10.930394,EU EEA Common AQI,73.8,6.5582366,13.21546,3600,4.811594,100,100,51.4,8.937198,Very Low,75.5,6.355935,100,1739186100,Very Low,9.633085,6.8510075,Very Low,6.062216,42.9,5.362319,100,1739186100,5.362319
2025-03-18T00:19:27Z,0,30.007,73.0,35,49.3,3,4,24,81,0.0,255,32767,0.12,2056-9-18,0.0,0.48,23.8,0.0,0.0,0.0,0,1.001953125,6,44,07:14,19:19,2025-03-18 00:19:27.567261,Marina di Stabia,31.1,6.639279,14.05905,5.7798514,10.930394,EU EEA Common AQI,73.8,6.5582366,13.21546,3600,4.811594,100,100,51.4,8.937198,Very Low,75.5,6.355935,100,1739186100,Very Low,9.633085,6.8510075,Very Low,6.062216,42.9,5.362319,100,1739186100,5.362319
2025-03-18T00:19:38Z,0,30.007,73.0,35,49.3,3,4,24,81,0.0,255,32767,0.12,2056-9-18,0.0,0.48,23.8,0.0,0.0,0.0,0,1.001953125,6,44,07:14,19:19,2025-03-18 00:19:38.720266,Marina di Stabia,31.1,6.639279,14.05905,5.7798514,10.930394,EU EEA Common AQI,73.8,6.5582366,13.21546,3600,4.811594,100,100,51.4,8.937198,Very Low,75.5,6.355935,100,1739186100,Very Low,9.633085,6.8510075,Very Low,6.062216,42.9,5.362319,100,1739186100,5.362319
2025-03-18T00:19:50Z,0,30.007,73.0,35,49.3,4,4,24,81,0.0,255,32767,0.12,2056-9-18,0.0,0.48,23.8,0.0,0.0,0.0,0,1.001953125,6,44,07:14,19:19,2025-03-18 00:19:49.800263,Marina di Stabia,31.1,6.639279,14.05905,5.7798514,10.930394,EU EEA Common AQI,73.8,6.5582366,13.21546,3600,4.811594,100,100,51.4,8.937198,Very Low,75.5,6.355935,100,1739186100,Very Low,9.633085,6.8510075,Very Low,6.062216,42.9,5.362319,100,1739186100,5.362319
2025-03-18T00:20:01Z,0,30.006,73.0,35,49.4,4,4,56,81,0.0,255,32767,0.12,2056-9-18,0.0,0.48,23.8,0.0,0.0,0.0,0,0.87890625,6,44,07:14,19:19,2025-03-18 00:20:00.895219,Marina di Stabia,31.1,6.639279,14.05905,5.7798514,10.930394,EU EEA Common AQI,73.8,6.5582366,13.21546,3600,4.811594,100,100,51.4,8.937198,Very Low,75.5,6.355935,100,1739186100,Very Low,9.633085,6.8510075,Very Low,6.062216,42.9,5.362319,100,1739186100,5.362319
2025-03-18T00:20:12Z,0,30.006,73.0,35,49.4,4,4,55,81,0.0,255,32767,0.12,2056-9-18,0.0,0.48,23.8,0.0,0.0,0.0,0,0.87890625,6,44,07:14,19:19,2025-03-18 00:20:12.019256,Marina di Stabia,31.1,6.639279,14.05905,5.7798514,10.930394,EU EEA Common AQI,73.8,6.5582366,13.21546,3600,4.811594,100,100,51.4,8.937198,Very Low,75.5,6.355935,100,1739186100,Very Low,9.633085,6.8510075,Very Low,6.062216,42.9,5.362319,100,1739186100,5.362319
2025-03-18T00:20:23Z,0,30.006,73.0,35,49.4,4,4,55,81,0.0,255,32767,0.12,2056-9-18,0.0,0.48,23.8,0.0,0.0,0.0,0,0.87890625,6,44,07:14,19:19,2025-03-18 00:20:23.137262,Marina di Stabia,31.1,6.639279,14.05905,5.7798514,10.930394,EU EEA Common AQI,73.8,6.5582366,13.21546,3600,4.811594,100,100,51.4,8.937198,Very Low,75.5,6.355935,100,1739186100,Very Low,9.633085,6.8510075,Very Low,6.062216,42.9,5.362319,100,1739186100,5.362319
2025-03-18T00:20:34Z,0,30.006,73.0,35,49.4,5,4,32,81,0.0,255,32767,0.12,2056-9-18,0.0,0.48,23.8,0.0,0.0,0.0,0,0.87890625,6,44,07:14,19:19,2025-03-18 00:20:34.254260,Marina di Stabia,31.1,6.639279,14.05905,5.7798514,10.930394,EU EEA Common AQI,73.8,6.5582366,13.21546,3600,4.811594,100,100,51.4,8.937198,Very Low,75.5,6.355935,100,1739186100,Very Low,9.633085,6.8510075,Very Low,6.062216,42.9,5.362319,100,1739186100,5.362319
2025-03-18T00:20:45Z,0,30.006,73.0,35,49.4,3,4,19,81,0.0,255,32767,0.12,2056-9-18,0.0,0.48,23.8,0.0,0.0,0.0,0,0.87890625,6,44,07:14,19:19,2025-03-18 00:20:45.335254,Marina di Stabia,31.1,6.639279,14.05905,5.7798514,10.930394,EU EEA Common AQI,73.8,6.5582366,13.21546,3600,4.811594,100,100,51.4,8.937198,Very Low,75.5,6.355935,100,1739186100,Very Low,9.633085,6.8510075,Very Low,6.062216,42.9,5.362319,100,1739186100,5.362319
2025-03-18T00:20:56Z,0,30.006,73.0,35,49.4,5,4,45,81,0.0,255,32767,0.12,2056-9-18,0.0,0.48,23.8,0.0,0.0,0.0,0,0.87890625,6,44,07:14,19:19,2025-03-18 00:20:56.478271,Marina di Stabia,31.1,6.639279,14.05905,5.7798514,10.930394,EU EEA Common AQI,73.8,6.5582366,13.21546,3600,4.811594,100,100,51.4,8.937198,Very Low,75.5,6.355935,100,1739186100,Very Low,9.633085,6.8510075,Very Low,6.062216,42.9,5.362319,100,1739186100,5.362319
2025-03-18T00:21:07Z,0,30.006,73.0,35,49.5,5,4,32,81,0.0,255,32767,0.12,2056-9-18,0.0,0.48,23.8,0.0,0.0,0.0,0,1.623046875,6,44,07:14,19:19,2025-03-18 00:21:07.561264,Marina di Stabia,31.1,6.639279,14.05905,5.7798514,10.930394,EU EEA Common AQI,73.8,6.5582366,13.21546,3600,4.811594,100,100,51.4,8.937198,Very Low,75.5,6.355935,100,1739186100,Very Low,9.633085,6.8510075,Very Low,6.062216,42.9,5.362319,100,1739186100,5.362319
2025-03-18T00:21:18Z,0,30.006,73.0,35,49.5,6,4,31,81,0.0,255,32767,0.12,2056-9-18,0.0,0.48,23.8,0.0,0.0,0.0,0,1.623046875,6,44,07:14,19:19,2025-03-18 00:21:18.667267,Marina di Stabia,31.1,6.639279,14.05905,5.7798514,10.930394,EU EEA Common AQI,73.8,6.5582366,13.21546,3600,4.811594,100,100,51.4,8.937198,Very Low,75.5,6.355935,100,1739186100,Very Low,9.633085,6.8510075,Very Low,6.062216,42.9,5.362319,100,1739186100,5.362319
2025-03-18T00:21:29Z,0,30.006,73.0,35,49.5,7,4,42,81,0.0,255,32767,0.12,2056-9-18,0.0,0.48,23.8,0.0,0.0,0.0,0,1.623046875,6,44,07:14,19:19,2025-03-18 00:21:29.795261,Marina di Stabia,31.1,6.639279,14.05905,5.7798514,10.930394,EU EEA Common AQI,73.8,6.5582366,13.21546,3600,4.811594,100,100,51.4,8.937198,Very Low,75.5,6.355935,100,1739186100,Very Low,9.633085,6.8510075,Very Low,6.062216,42.9,5.362319,100,1739186100,5.362319
2025-03-18T00:21:41Z,0,30.006,73.0,35,49.5,6,4,36,81,0.0,255,32767,0.12,2056-9-18,0.0,0.48,23.8,0.0,0.0,0.0,0,1.623046875,6,44,07:14,19:19,2025-03-18 00:21:40.886259,Marina di Stabia,31.1,6.639279,14.05905,5.7798514,10.930394,EU EEA Common AQI,73.8,6.5582366,13.21546,3600,4.811594,100,100,51.4,8.937198,Very Low,75.5,6.355935,100,1739186100,Very Low,9.633085,6.8510075,Very Low,6.062216,42.9,5.362319,100,1739186100,5.362319
2025-03-18T00:21:52Z,0,30.006,73.0,35,49.5,6,4,32,81,0.0,255,32767,0.12,2056-9-18,0.0,0.48,23.8,0.0,0.0,0.0,0,1.623046875,6,44,07:14,19:19,2025-03-18 00:21:51.963254,Marina di Stabia,31.1,6.639279,14.05905,5.7798514,10.930394,EU EEA Common AQI,73.8,6.5582366,13.21546,3600,4.811594,100,100,51.4,8.937198,Very Low,75.5,6.355935,100,1739186100,Very Low,9.633085,6.8510075,Very Low,6.062216,42.9,5.362319,100,1739186100,5.362319
2025-03-18T00:22:03Z,0,30.006,73.0,35,49.5,8,5,30,81,0.0,255,32767,0.12,2056-9-18,0.0,0.48,23.8,0.0,0.0,0.0,0,0.884765625,6,44,07:14,19:19,2025-03-18 00:22:03.081258,Marina di Stabia,31.1,6.639279,14.05905,5.7798514,10.930394,EU EEA Common AQI,73.8,6.5582366,13.21546,3600,4.811594,100,100,51.4,8.937198,Very Low,75.5,6.355935,100,1739186100,Very Low,9.633085,6.8510075,Very Low,6.062216,42.9,5.362319,100,1739186100,5.362319
2025-03-18T00:22:14Z,0,30.006,73.0,35,49.5,6,5,38,80,0.0,255,32767,0.12,2056-9-18,0.0,0.48,23.8,0.0,0.0,0.0,0,0.884765625,6,44,07:14,19:19,2025-03-18 00:22:14.160254,Marina di Stabia,31.1,6.639279,14.05905,5.7798514,10.930394,EU EEA Common AQI,73.8,6.5582366,13.21546,3600,4.811594,100,100,51.4,8.937198,Very Low,75.5,6.355935,100,1739186100,Very Low,9.633085,6.8510075,Very Low,6.062216,42.9,5.362319,100,1739186100,5.362319
2025-03-18T00:22:25Z,0,30.006,73.0,35,49.6,5,5,68,80,0.0,255,32767,0.12,2056-9-18,0.0,0.48,23.8,0.0,0.0,0.0,0,0.884765625,6,44,07:14,19:19,2025-03-18 00:22:25.264261,Marina di Stabia,31.1,6.639279,14.05905,5.7798514,10.930394,EU EEA Common AQI,73.8,6.5582366,13.21546,3600,4.811594,100,100,51.4,8.937198,Very Low,75.5,6.355935,100,1739186100,Very Low,9.633085,6.8510075,Very Low,6.062216,42.9,5.362319,100,1739186100,5.362319
2025-03-18T00:22:36Z,0,30.006,73.0,35,49.6,5,5,30,80,0.0,255,32767,0.12,2056-9-18,0.0,0.48,23.8,0.0,0.0,0.0,0,0.884765625,6,44,07:14,19:19,2025-03-18 00:22:36.349258,Marina di Stabia,31.1,6.639279,14.05905,5.7798514,10.930394,EU EEA Common AQI,73.8,6.5582366,13.21546,3600,4.811594,100,100,51.4,8.937198,Very Low,75.5,6.355935,100,1739186100,Very Low,9.633085,6.8510075,Very Low,6.062216,42.9,5.362319,100,1739186100,5.362319
2025-03-18T00:22:47Z,0,30.006,73.0,35,49.6,6,5,42,80,0.0,255,32767,0.12,2056-9-18,0.0,0.48,23.8,0.0,0.0,0.0,0,0.884765625,6,44,07:14,19:19,2025-03-18 00:22:47.477266,Marina di Stabia,31.1,6.639279,14.05905,5.7798514,10.930394,EU EEA Common AQI,73.8,6.5582366,13.21546,3600,4.811594,100,100,51.4,8.937198,Very Low,75.5,6.355935,100,1739186100,Very Low,9.633085,6.8510075,Very Low,6.062216,42.9,5.362319,100,1739186100,5.362319
2025-03-18T00:22:58Z,0,30.007,72.9,35,49.6,6,5,41,80,0.0,255,32767,0.12,2056-9-18,0.0,0.48,23.8,0.0,0.0,0.0,0,0.87890625,6,44,07:14,19:19,2025-03-18 00:22:58.558256,Marina di Stabia,31.1,6.639279,14.05905,5.7798514,10.930394,EU EEA Common AQI,73.8,6.5582366,13.21546,3600,4.811594,100,100,51.4,8.937198,Very Low,75.5,6.355935,100,1739186100,Very Low,9.633085,6.8510075,Very Low,6.062216,42.9,5.362319,100,1739186100,5.362319
2025-03-18T00:23:09Z,0,30.007,72.9,35,49.7,5,5,36,80,0.0,255,32767,0.12,2056-9-18,0.0,0.48,23.8,0.0,0.0,0.0,0,0.87890625,6,44,07:14,19:19,2025-03-18 00:23:09.675263,Marina di Stabia,31.1,6.639279,14.05905,5.7798514,10.930394,EU EEA Common AQI,73.8,6.5582366,13.21546,3600,4.811594,100,100,51.4,8.937198,Very Low,75.5,6.355935,100,1739186100,Very Low,9.633085,6.8510075,Very Low,6.062216,42.9,5.362319,100,1739186100,5.362319
2025-03-18T00:23:20Z,0,30.007,72.9,35,49.7,5,5,36,80,0.0,255,32767,0.12,2056-9-18,0.0,0.48,23.8,0.0,0.0,0.0,0,0.87890625,6,44,07:14,19:19,2025-03-18 00:23:20.760262,Marina di Stabia,31.1,6.639279,14.05905,5.7798514,10.930394,EU EEA Common AQI,73.8,6.5582366,13.21546,3600,4.811594,100,100,51.4,8.937198,Very Low,75.5,6.355935,100,1739186100,Very Low,9.633085,6.8510075,Very Low,6.062216,42.9,5.362319,100,1739186100,5.362319
2025-03-18T00:23:32Z,0,30.007,72.9,35,49.7,5,5,36,80,0.0,255,32767,0.12,2056-9-18,0.0,0.48,23.8,0.0,0.0,0.0,0,0.87890625,6,44,07:14,19:19,2025-03-18 00:23:31.847277,Marina di Stabia,31.1,6.639279,14.05905,5.7798514,10.930394,EU EEA Common AQI,73.8,6.5582366,13.21546,3600,4.811594,100,100,51.4,8.937198,Very Low,75.5,6.355935,100,1739186100,Very Low,9.633085,6.8510075,Very Low,6.062216,42.9,5.362319,100,1739186100,5.362319
2025-03-18T00:23:43Z,0,30.007,72.9,35,49.7,6,5,36,80,0.0,255,32767,0.12,2056-9-18,0.0,0.48,23.8,0.0,0.0,0.0,0,0.87890625,6,44,07:14,19:19,2025-03-18 00:23:42.921277,Marina di Stabia,31.1,6.639279,14.05905,5.7798514,10.930394,EU EEA Common AQI,73.8,6.5582366,13.21546,3600,4.811594,100,100,51.4,8.937198,Very Low,75.5,6.355935,100,1739186100,Very Low,9.633085,6.8510075,Very Low,6.062216,42.9,5.362319,100,1739186100,5.362319
2025-03-18T00:23:54Z,0,30.007,72.9,35,49.7,5,5,36,80,0.0,255,32767,0.12,2056-9-18,0.0,0.48,23.8,0.0,0.0,0.0,0,0.87890625,6,44,07:14,19:19,2025-03-18 00:23:54.033261,Marina di Stabia,31.1,6.639279,14.05905,5.7798514,10.930394,EU EEA Common AQI,73.8,6.5582366,13.21546,3600,4.811594,100,100,51.4,8.937198,Very Low,75.5,6.355935,100,1739186100,Very Low,9.633085,6.8510075,Very Low,6.062216,42.9,5.362319,100,1739186100,5.362319
2025-03-18T00:24:05Z,0,30.005,72.9,35,49.8,5,5,36,80,0.0,255,32767,0.12,2056-9-18,0.0,0.48,23.8,0.0,0.0,0.0,0,0.9140625,6,44,07:14,19:19,2025-03-18 00:24:05.110265,Marina di Stabia,31.1,6.639279,14.05905,5.7798514,10.930394,EU EEA Common AQI,73.8,6.5582366,13.21546,3600,4.811594,100,100,51.4,8.937198,Very Low,75.5,6.355935,100,1739186100,Very Low,9.633085,6.8510075,Very Low,6.062216,42.9,5.362319,100,1739186100,5.362319
2025-03-18T00:24:16Z,0,30.005,72.9,35,49.8,5,5,36,80,0.0,255,32767,0.12,2056-9-18,0.0,0.48,23.8,0.0,0.0,0.0,0,0.9140625,6,44,07:14,19:19,2025-03-18 00:24:16.191264,Marina di Stabia,31.1,6.639279,14.05905,5.7798514,10.930394,EU EEA Common AQI,73.8,6.5582366,13.21546,3600,4.811594,100,100,51.4,8.937198,Very Low,75.5,6.355935,100,1739186100,Very Low,9.633085,6.8510075,Very Low,6.062216,42.9,5.362319,100,1739186100,5.362319
2025-03-18T00:24:27Z,0,30.005,72.9,35,49.8,5,5,34,80,0.0,255,32767,0.12,2056-9-18,0.0,0.48,23.8,0.0,0.0,0.0,0,0.9140625,6,44,07:14,19:19,2025-03-18 00:24:27.292263,Marina di Stabia,31.1,6.639279,14.05905,5.7798514,10.930394,EU EEA Common AQI,73.8,6.5582366,13.21546,3600,4.811594,100,100,51.4,8.937198,Very Low,75.5,6.355935,100,1739186100,Very Low,9.633085,6.8510075,Very Low,6.062216,42.9,5.362319,100,1739186100,5.362319
2025-03-18T00:24:38Z,0,30.005,72.9,35,49.8,6,5,34,80,0.0,255,32767,0.12,2056-9-18,0.0,0.48,23.8,0.0,0.0,0.0,0,0.9140625,6,44,07:14,19:19,2025-03-18 00:24:38.377266,Marina di Stabia,31.1,6.639279,14.05905,5.7798514,10.930394,EU EEA Common AQI,73.8,6.5582366,13.21546,3600,4.811594,100,100,51.4,8.937198,Very Low,75.5,6.355935,100,1739186100,Very Low,9.633085,6.8510075,Very Low,6.062216,42.9,5.362319,100,1739186100,5.362319
2025-03-18T00:24:49Z,0,30.005,72.9,35,49.8,5,5,34,80,0.0,255,32767,0.12,2056-9-18,0.0,0.48,23.8,0.0,0.0,0.0,0,0.9140625,6,44,07:14,19:19,2025-03-18 00:24:49.485259,Marina di Stabia,31.1,6.639279,14.05905,5.7798514,10.930394,EU EEA Common AQI,73.8,6.5582366,13.21546,3600,4.811594,100,100,51.4,8.937198,Very Low,75.5,6.355935,100,1739186100,Very Low,9.633085,6.8510075,Very Low,6.062216,42.9,5.362319,100,1739186100,5.362319
2025-03-18T00:25:00Z,0,30.006,73.0,35,49.8,5,5,34,80,0.0,255,32767,0.12,2056-9-18,0.0,0.48,23.8,0.0,0.0,0.0,0,0.87890625,6,44,07:14,19:19,2025-03-18 00:25:00.565259,Marina di Stabia,31.1,6.639279,14.05905,5.7798514,10.930394,EU EEA Common AQI,73.8,6.5582366,13.21546,3600,4.811594,100,100,51.4,8.937198,Very Low,75.5,6.355935,100,1739186100,Very Low,9.633085,6.8510075,Very Low,6.062216,42.9,5.362319,100,1739186100,5.362319
2025-03-18T00:25:11Z,0,30.006,73.0,35,49.8,6,5,54,80,0.0,255,32767,0.12,2056-9-18,0.0,0.48,23.8,0.0,0.0,0.0,0,0.87890625,6,44,07:14,19:19,2025-03-18 00:25:11.759253,Marina di Stabia,31.1,6.639279,14.05905,5.7798514,10.930394,EU EEA Common AQI,73.8,6.5582366,13.21546,3600,4.811594,100,100,51.4,8.937198,Very Low,75.5,6.355935,100,1739186100,Very Low,9.633085,6.8510075,Very Low,6.062216,42.9,5.362319,100,1739186100,5.362319
2025-03-18T00:25:23Z,0,30.006,73.0,35,49.8,5,5,41,80,0.0,255,32767,0.12,2056-9-18,0.0,0.48,23.8,0.0,0.0,0.0,0,0.87890625,6,44,07:14,19:19,2025-03-18 00:25:22.847262,Marina di Stabia,31.1,6.639279,14.05905,5.7798514,10.930394,EU EEA Common AQI,73.8,6.5582366,13.21546,3600,4.811594,100,100,51.4,8.937198,Very Low,75.5,6.355935,100,1739186100,Very Low,9.633085,6.8510075,Very Low,6.062216,42.9,5.362319,100,1739186100,5.362319
2025-03-18T00:25:34Z,0,30.006,73.0,35,49.8,6,5,29,79,0.0,255,32767,0.12,2056-9-18,0.0,0.48,23.8,0.0,0.0,0.0,0,0.87890625,6,44,07:14,19:19,2025-03-18 00:25:33.934264,Marina di Stabia,31.1,6.639279,14.05905,5.7798514,10.930394,EU EEA Common AQI,73.8,6.5582366,13.21546,3600,4.811594,100,100,51.4,8.937198,Very Low,75.5,6.355935,100,1739186100,Very Low,9.633085,6.8510075,Very Low,6.062216,42.9,5.362319,100,1739186100,5.362319
2025-03-18T00:25:45Z,0,30.006,73.0,35,49.9,6,5,51,79,0.0,255,32767,0.12,2056-9-18,0.0,0.48,23.8,0.0,0.0,0.0,0,0.87890625,6,44,07:14,19:19,2025-03-18 00:25:45.025271,Marina di Stabia,31.1,6.639279,14.05905,5.7798514,10.930394,EU EEA Common AQI,73.8,6.5582366,13.21546,3600,4.811594,100,100,51.4,8.937198,Very Low,75.5,6.355935,100,1739186100,Very Low,9.633085,6.8510075,Very Low,6.062216,42.9,5.362319,100,1739186100,5.362319
2025-03-18T00:25:56Z,0,30.006,73.0,35,49.9,7,5,46,79,0.0,255,32767,0.12,2056-9-18,0.0,0.48,23.8,0.0,0.0,0.0,0,0.87890625,6,44,07:14,19:19,2025-03-18 00:25:56.133260,Marina di Stabia,31.1,6.639279,14.05905,5.7798514,10.930394,EU EEA Common AQI,73.8,6.5582366,13.21546,3600,4.811594,100,100,51.4,8.937198,Very Low,75.5,6.355935,100,1739186100,Very Low,9.633085,6.8510075,Very Low,6.062216,42.9,5.362319,100,1739186100,5.362319
2025-03-18T00:26:07Z,0,30.006,72.9,35,49.9,7,5,37,79,0.0,255,32767,0.12,2056-9-18,0.0,0.48,23.8,0.0,0.0,0.0,0,1.16015625,6,44,07:14,19:19,2025-03-18 00:26:07.214262,Marina di Stabia,31.1,6.639279,14.05905,5.7798514,10.930394,EU EEA Common AQI,73.8,6.5582366,13.21546,3600,4.811594,100,100,51.4,8.937198,Very Low,75.5,6.355935,100,1739186100,Very Low,9.633085,6.8510075,Very Low,6.062216,42.9,5.362319,100,1739186100,5.362319
2025-03-18T00:26:18Z,0,30.006,72.9,35,50.0,7,5,13,79,0.0,255,32767,0.12,2056-9-18,0.0,0.48,23.8,0.0,0.0,0.0,0,1.16015625,6,44,07:14,19:19,2025-03-18 00:26:18.298260,Marina di Stabia,31.1,6.639279,14.05905,5.7798514,10.930394,EU EEA Common AQI,73.8,6.5582366,13.21546,3600,4.811594,100,100,51.4,8.937198,Very Low,75.5,6.355935,100,1739186100,Very Low,9.633085,6.8510075,Very Low,6.062216,42.9,5.362319,100,1739186100,5.362319
2025-03-18T00:26:29Z,0,30.006,72.9,35,50.0,5,5,35,79,0.0,255,32767,0.12,2056-9-18,0.0,0.48,23.8,0.0,0.0,0.0,0,1.16015625,6,44,07:14,19:19,2025-03-18 00:26:29.385231,Marina di Stabia,31.1,6.639279,14.05905,5.7798514,10.930394,EU EEA Common AQI,73.8,6.5582366,13.21546,3600,4.811594,100,100,51.4,8.937198,Very Low,75.5,6.355935,100,1739186100,Very Low,9.633085,6.8510075,Very Low,6.062216,42.9,5.362319,100,1739186100,5.362319
2025-03-18T00:26:40Z,0,30.006,72.9,35,50.0,5,5,51,79,0.0,255,32767,0.12,2056-9-18,0.0,0.48,23.8,0.0,0.0,0.0,0,1.16015625,6,44,07:14,19:19,2025-03-18 00:26:40.474286,Marina di Stabia,31.1,6.639279,14.05905,5.7798514,10.930394,EU EEA Common AQI,73.8,6.5582366,13.21546,3600,4.811594,100,100,51.4,8.937198,Very Low,75.5,6.355935,100,1739186100,Very Low,9.633085,6.8510075,Very Low,6.062216,42.9,5.362319,100,1739186100,5.362319
2025-03-18T00:26:51Z,0,30.006,72.9,35,50.0,7,5,50,79,0.0,255,32767,0.12,2056-9-18,0.0,0.48,23.8,0.0,0.0,0.0,0,1.16015625,6,44,07:14,19:19,2025-03-18 00:26:51.610266,Marina di Stabia
2025-03-18T00:27:02Z,0,30.006,72.9,35,50.0,6,5,45,79,0.0,255,32767,0.12,2056-9-18,0.0,0.48,23.8,0.0,0.0,0.0,0,0.87890625,6,44,07:14,19:19,2025-03-18 00:27:02.681268,Marina di Stabia
2025-03-18T00:27:13Z,0,30.006,72.9,35,50.0,5,5,44,79,0.0,255,32767,0.12,2056-9-18,0.0,0.48,23.8,0.0,0.0,0.0,0,0.87890625,6,44,07:14,19:19,2025-03-18 00:27:13.741259,Marina di Stabia
2025-03-18T00:27:25Z,0,30.006,72.9,35,50.0,6,5,44,79,0.0,255,32767,0.12,2056-9-18,0.0,0.48,23.8,0.0,0.0,0.0,0,0.87890625,6,44,07:14,19:19,2025-03-18 00:27:24.807258,Marina di Stabia
2025-03-18T00:27:36Z,0,30.006,72.9,35,50.0,7,5,42,79,0.0,255,32767,0.12,2056-9-18,0.0,0.48,23.8,0.0,0.0,0.0,0,0.87890625,6,44,07:14,19:19,2025-03-18 00:27:35.877259,Marina di Stabia
2025-03-18T00:27:47Z,0,30.006,72.9,35,50.0,7,5,43,79,0.0,255,32767,0.12,2056-9-18,0.0,0.48,23.8,0.0,0.0,0.0,0,0.87890625,6,44,07:14,19:19,2025-03-18 00:27:46.941284,Marina di Stabia
2025-03-18T00:27:58Z,0,30.003,72.9,35,50.1,9,5,61,79,0.0,255,32767,0.12,2056-9-18,0.0,0.48,23.8,0.0,0.0,0.0,0,0.87890625,6,44,07:14,19:19,2025-03-18 00:27:58.043257,Marina di Stabia
2025-03-18T00:28:09Z,0,30.003,72.9,35,50.1,6,5,46,79,0.0,255,32767,0.12,2056-9-18,0.0,0.48,23.8,0.0,0.0,0.0,0,0.87890625,6,44,07:14,19:19,2025-03-18 00:28:09.118259,Marina di Stabia
2025-03-18T00:28:20Z,0,30.003,72.9,35,50.1,6,5,55,79,0.0,255,32767,0.12,2056-9-18,0.0,0.48,23.8,0.0,0.0,0.0,0,0.87890625,6,44,07:14,19:19,2025-03-18 00:28:20.184268,Marina di Stabia
2025-03-18T00:28:31Z,0,30.003,72.9,35,50.1,8,5,26,79,0.0,255,32767,0.12,2056-9-18,0.0,0.48,23.8,0.0,0.0,0.0,0,0.87890625,6,44,07:14,19:19,2025-03-18 00:28:31.269281,Marina di Stabia
2025-03-18T00:28:42Z,0,30.003,72.9,35,50.1,7,5,43,79,0.0,255,32767,0.12,2056-9-18,0.0,0.48,23.8,0.0,0.0,0.0,0,0.87890625,6,44,07:14,19:19,2025-03-18 00:28:42.330257,Marina di Stabia
2025-03-18T00:28:53Z,0,30.003,72.9,35,50.2,7,5,38,79,0.0,255,32767,0.12,2056-9-18,0.0,0.48,23.8,0.0,0.0,0.0,0,0.87890625,6,44,07:14,19:19,2025-03-18 00:28:53.403258,Marina di Stabia
2025-03-18T00:29:04Z,0,30.004,72.9,35,50.3,7,6,57,78,0.0,255,32767,0.12,2056-9-18,0.0,0.48,23.8,0.0,0.0,0.0,0,0.890625,6,44,07:14,19:19,2025-03-18 00:29:04.501259,Marina di Stabia
2025-03-18T00:29:15Z,0,30.004,72.9,35,50.3,5,6,55,78,0.0,255,32767,0.12,2056-9-18,0.0,0.48,23.8,0.0,0.0,0.0,0,0.890625,6,44,07:14,19:19,2025-03-18 00:29:15.570223,Marina di Stabia
2025-03-18T00:29:26Z,0,30.004,72.9,35,50.3,7,6,50,78,0.0,255,32767,0.12,2056-9-18,0.0,0.48,23.8,0.0,0.0,0.0,0,0.890625,6,44,07:14,19:19,2025-03-18 00:29:26.667261,Marina di Stabia
2025-03-18T00:29:37Z,0,30.004,72.9,35,50.3,9,6,59,78,0.0,255,32767,0.12,2056-9-18,0.0,0.48,23.8,0.0,0.0,0.0,0,0.890625,6,44,07:14,19:19,2025-03-18 00:29:37.730264,Marina di Stabia
2025-03-18T00:29:49Z,0,30.004,72.9,35,50.3,9,6,53,78,0.0,255,32767,0.12,2056-9-18,0.0,0.48,23.8,0.0,0.0,0.0,0,0.890625,6,44,07:14,19:19,2025-03-18 00:29:48.801261,Marina di Stabia
2025-03-18T00:30:00Z,0,30.006,72.9,35,50.3,7,6,54,78,0.0,255,32767,0.12,2056-9-18,0.0,0.48,23.8,0.0,0.0,0.0,0,0.87890625,6,44,07:14,19:19,2025-03-18 00:29:59.869258,Marina di Stabia
2025-03-18T00:30:11Z,0,30.006,72.9,35,50.3,7,6,46,78,0.0,255,32767,0.12,2056-9-18,0.0,0.48,23.8,0.0,0.0,0.0,0,0.87890625,6,44,07:14,19:19,2025-03-18 00:30:10.990260,Marina di Stabia
2025-03-18T00:30:22Z,0,30.006,72.9,35,50.4,6,6,46,78,0.0,255,32767,0.12,2056-9-18,0.0,0.48,23.8,0.0,0.0,0.0,0,0.87890625,6,44,07:14,19:19,2025-03-18 00:30:22.052269,Marina di Stabia
2025-03-18T00:30:33Z,0,30.006,72.9,35,50.4,7,6,46,78,0.0,255,32767,0.12,2056-9-18,0.0,0.48,23.8,0.0,0.0,0.0,0,0.87890625,6,44,07:14,19:19,2025-03-18 00:30:33.117260,Marina di Stabia
2025-03-18T00:30:44Z,0,30.006,72.9,35,50.4,10,6,48,77,0.0,255,32767,0.12,2056-9-18,0.0,0.48,23.8,0.0,0.0,0.0,0,0.87890625,6,44,07:14,19:19,2025-03-18 00:30:44.206254,Marina di Stabia
2025-03-18T00:30:55Z,0,30.006,72.9,35,50.5,7,6,43,77,0.0,255,32767,0.12,2056-9-18,0.0,0.48,23.8,0.0,0.0,0.0,0,0.87890625,6,44,07:14,19:19,2025-03-18 00:30:55.278264,Marina di Stabia
2025-03-18T00:31:06Z,0,30.007,72.9,35,50.5,6,6,54,77,0.0,255,32767,0.12,2056-9-18,0.0,0.48,23.8,0.0,0.0,0.0,0,1.125,6,44,07:14,19:19,2025-03-18 00:31:06.334259,Marina di Stabia
2025-03-18T00:31:17Z,0,30.007,72.9,35,50.5,9,6,59,77,0.0,255,32767,0.12,2056-9-18,0.0,0.48,23.8,0.0,0.0,0.0,0,1.125,6,44,07:14,19:19,2025-03-18 00:31:17.437234,Marina di Stabia
2025-03-18T00:31:28Z,0,30.007,72.9,35,50.5,9,6,50,77,0.0,255,32767,0.12,2056-9-18,0.0,0.48,23.8,0.0,0.0,0.0,0,1.125,6,44,07:14,19:19,2025-03-18 00:31:28.507254,Marina di Stabia
2025-03-18T00:31:39Z,0,30.007,72.9,35,50.6,10,6,45,77,0.0,255,32767,0.12,2056-9-18,0.0,0.48,23.8,0.0,0.0,0.0,0,1.125,6,44,07:14,19:19,2025-03-18 00:31:39.585262,Marina di Stabia
2025-03-18T00:31:50Z,0,30.007,72.9,35,50.6,10,6,45,77,0.0,255,32767,0.12,2056-9-18,0.0,0.48,23.8,0.0,0.0,0.0,0,1.125,6,44,07:14,19:19,2025-03-18 00:31:50.656225,Marina di Stabia
2025-03-18T00:32:01Z,0,30.007,72.9,35,50.6,6,7,5,77,0.0,255,32767,0.12,2056-9-18,0.0,0.48,23.8,0.0,0.0,0.0,0,0.87890625,6,44,07:14,19:19,2025-03-18 00:32:01.724257,Marina di Stabia
2025-03-18T00:32:12Z,0,30.007,72.9,35,50.6,9,7,44,77,0.0,255,32767,0.12,2056-9-18,0.0,0.48,23.8,0.0,0.0,0.0,0,0.87890625,6,44,07:14,19:19,2025-03-18 00:32:12.793272,Marina di Stabia
2025-03-18T00:32:24Z,0,30.007,72.9,35,50.6,9,7,38,76,0.0,255,32767,0.12,2056-9-18,0.0,0.48,23.8,0.0,0.0,0.0,0,0.87890625,6,44,07:14,19:19,2025-03-18 00:32:23.886255,Marina di Stabia
2025-03-18T00:32:35Z,0,30.007,72.9,35,50.7,8,7,30,76,0.0,255,32767,0.12,2056-9-18,0.0,0.48,23.8,0.0,0.0,0.0,0,0.87890625,6,44,07:14,19:19,2025-03-18 00:32:34.948264,Marina di Stabia
2025-03-18T00:32:46Z,0,30.007,72.9,35,50.7,10,7,57,76,0.0,255,32767,0.12,2056-9-18,0.0,0.48,23.8,0.0,0.0,0.0,0,0.87890625,6,44,07:14,19:19,2025-03-18 00:32:46.013280,Marina di Stabia
2025-03-18T00:32:57Z,0,30.007,72.9,35,50.7,8,7,62,76,0.0,255,32767,0.12,2056-9-18,0.0,0.48,23.8,0.0,0.0,0.0,0,1.7109375,6,44,07:14,19:19,2025-03-18 00:32:57.152263,Marina di Stabia
2025-03-18T00:33:08Z,0,30.007,72.9,35,50.7,7,7,41,76,0.0,255,32767,0.12,2056-9-18,0.0,0.48,23.8,0.0,0.0,0.0,0,1.7109375,6,44,07:14,19:19,2025-03-18 00:33:08.219258,Marina di Stabia
2025-03-18T00:33:19Z,0,30.007,72.9,35,50.7,6,7,37,76,0.0,255,32767,0.12,2056-9-18,0.0,0.48,23.8,0.0,0.0,0.0,0,1.7109375,6,44,07:14,19:19,2025-03-18 00:33:19.308265,Marina di Stabia
2025-03-18T00:33:30Z,0,30.007,72.9,35,50.7,9,7,35,76,0.0,255,32767,0.12,2056-9-18,0.0,0.48,23.8,0.0,0.0,0.0,0,1.7109375,6,44,07:14,19:19,2025-03-18 00:33:30.410263,Marina di Stabia
2025-03-18T00:33:41Z,0,30.007,72.9,35,50.7,6,7,35,76,0.0,255,32767,0.12,2056-9-18,0.0,0.48,23.8,0.0,0.0,0.0,0,1.7109375,6,44,07:14,19:19,2025-03-18 00:33:41.472265,Marina di Stabia
2025-03-18T00:33:52Z,0,30.007,72.9,35,50.7,9,7,52,76,0.0,255,32767,0.12,2056-9-18,0.0,0.48,23.8,0.0,0.0,0.0,0,1.7109375,6,44,07:14,19:19,2025-03-18 00:33:52.555230,Marina di Stabia
2025-03-18T00:34:03Z,0,30.009,72.9,35,50.7,6,7,51,76,0.0,255,32767,0.12,2056-9-18,0.0,0.48,23.8,0.0,0.0,0.0,0,0.884765625,6,44,07:14,19:19,2025-03-18 00:34:03.625262,Marina di Stabia
2025-03-18T00:34:14Z,0,30.009,72.9,35,50.9,10,7,68,76,0.0,255,32767,0.12,2056-9-18,0.0,0.48,23.8,0.0,0.0,0.0,0,0.884765625,6,44,07:14,19:19,2025-03-18 00:34:14.687265,Marina di Stabia
2025-03-18T00:34:26Z,0,30.009,72.9,35,50.9,7,7,56,76,0.0,255,32767,0.12,2056-9-18,0.0,0.48,23.8,0.0,0.0,0.0,0,0.884765625,6,44,07:14,19:19,2025-03-18 00:34:25.821269,Marina di Stabia
2025-03-18T00:34:37Z,0,30.009,72.9,35,50.9,6,7,44,76,0.0,255,32767,0.12,2056-9-18,0.0,0.48,23.8,0.0,0.0,0.0,0,0.884765625,6,44,07:14,19:19,2025-03-18 00:34:36.915264,Marina di Stabia
2025-03-18T00:34:48Z,0,30.009,72.9,35,50.9,10,7,52,76,0.0,255,32767,0.12,2056-9-18,0.0,0.48,23.8,0.0,0.0,0.0,0,0.884765625,6,44,07:14,19:19,2025-03-18 00:34:48.008226,Marina di Stabia
2025-03-18T00:34:59Z,0,30.008,72.9,35,50.9,10,7,59,75,0.0,255,32767,0.12,2056-9-18,0.0,0.48,23.8,0.0,0.0,0.0,0,0.87890625,6,44,07:14,19:19,2025-03-18 00:34:59.078276,Marina di Stabia
2025-03-18T00:35:10Z,0,30.008,72.9,35,51.0,6,7,31,75,0.0,255,32767,0.12,2056-9-18,0.0,0.48,23.8,0.0,0.0,0.0,0,0.87890625,6,44,07:14,19:19,2025-03-18 00:35:10.150262,Marina di Stabia
2025-03-18T00:35:21Z,0,30.008,72.9,35,51.0,7,7,46,75,0.0,255,32767,0.12,2056-9-18,0.0,0.48,23.8,0.0,0.0,0.0,0,0.87890625,6,44,07:14,19:19,2025-03-18 00:35:21.245262,Marina di Stabia
2025-03-18T00:35:32Z,0,30.008,72.9,35,51.0,6,7,33,75,0.0,255,32767,0.12,2056-9-18,0.0,0.48,23.8,0.0,0.0,0.0,0,0.87890625,6,44,07:14,19:19,2025-03-18 00:35:32.346265,Marina di Stabia
2025-03-18T00:35:43Z,0,30.008,72.9,35,51.1,6,7,59,75,0.0,255,32767,0.12,2056-9-18,0.0,0.48,23.8,0.0,0.0,0.0,0,0.87890625,6,44,07:14,19:19,2025-03-18 00:35:43.406276,Marina di Stabia
2025-03-18T00:35:54Z,0,30.008,72.9,35,51.0,6,7,59,75,0.0,255,32767,0.12,2056-9-18,0.0,0.48,23.8,0.0,0.0,0.0,0,0.87890625,6,44,07:14,19:19,2025-03-18 00:35:54.470263,Marina di Stabia
2025-03-18T00:36:05Z,0,30.008,72.8,35,51.0,10,8,51,75,0.0,255,32767,0.12,2056-9-18,0.0,0.48,23.8,0.0,0.0,0.0,0,0.9140625,6,44,07:14,19:19,2025-03-18 00:36:05.535263,Marina di Stabia
2025-03-18T00:36:16Z,0,30.008,72.8,35,51.0,6,8,50,75,0.0,255,32767,0.12,2056-9-18,0.0,0.48,23.8,0.0,0.0,0.0,0,0.9140625,6,44,07:14,19:19,2025-03-18 00:36:16.577260,Marina di Stabia
2025-03-18T00:36:27Z,0,30.008,72.8,35,51.1,6,8,67,75,0.0,255,32767,0.12,2056-9-18,0.0,0.48,23.8,0.0,0.0,0.0,0,0.9140625,6,44,07:14,19:19,2025-03-18 00:36:27.651264,Marina di Stabia
2025-03-18T00:36:38Z,0,30.008,72.8,35,51.1,6,8,48,75,0.0,255,32767,0.12,2056-9-18,0.0,0.48,23.8,0.0,0.0,0.0,0,0.9140625,6,44,07:14,19:19,2025-03-18 00:36:38.755262,Marina di Stabia
2025-03-18T00:36:50Z,0,30.008,72.8,35,51.1,6,8,48,75,0.0,255,32767,0.12,2056-9-18,0.0,0.48,23.8,0.0,0.0,0.0,0,0.9140625,6,44,07:14,19:19,2025-03-18 00:36:49.821266,Marina di Stabia
2025-03-18T00:37:01Z,0,30.006,72.8,35,51.1,10,8,65,75,0.0,255,32767,0.12,2056-9-18,0.0,0.48,23.8,0.0,0.0,0.0,0,0.87890625,6,44,07:14,19:19,2025-03-18 00:37:00.890271,Marina di Stabia
2025-03-18T00:37:12Z,0,30.006,72.8,35,51.1,8,8,65,75,0.0,255,32767,0.12,2056-9-18,0.0,0.48,23.8,0.0,0.0,0.0,0,0.87890625,6,44,07:14,19:19,2025-03-18 00:37:12.008264,Marina di Stabia
2025-03-18T00:37:23Z,0,30.006,72.8,35,51.1,9,8,67,75,0.0,255,32767,0.12,2056-9-18,0.0,0.48,23.8,0.0,0.0,0.0,0,0.87890625,6,44,07:14,19:19,2025-03-18 00:37:23.077259,Marina di Stabia
2025-03-18T00:37:34Z,0,30.006,72.8,35,51.1,10,8,76,75,0.0,255,32767,0.12,2056-9-18,0.0,0.48,23.8,0.0,0.0,0.0,0,0.87890625,6,44,07:14,19:19,2025-03-18 00:37:34.178264,Marina di Stabia
2025-03-18T00:37:45Z,0,30.006,72.8,35,51.1,6,8,53,75,0.0,255,32767,0.12,2056-9-18,0.0,0.48,23.8,0.0,0.0,0.0,0,0.87890625,6,44,07:14,19:19,2025-03-18 00:37:45.247264,Marina di Stabia
2025-03-18T00:37:56Z,0,30.006,72.8,35,51.1,10,8,66,75,0.0,255,32767,0.12,2056-9-18,0.0,0.48,23.8,0.0,0.0,0.0,0,0.87890625,6,44,07:14,19:19,2025-03-18 00:37:56.354257,Marina di Stabia
2025-03-18T00:38:07Z,0,30.008,72.9,35,51.2,11,8,61,75,0.0,255,32767,0.12,2056-9-18,0.0,0.48,23.8,0.0,0.0,0.0,0,1.23046875,6,44,07:14,19:19,2025-03-18 00:38:07.427264,Marina di Stabia
2025-03-18T00:38:18Z,0,30.008,72.9,35,51.2,10,8,63,75,0.0,255,32767,0.12,2056-9-18,0.0,0.48,23.8,0.0,0.0,0.0,0,1.23046875,6,44,07:14,19:19,2025-03-18 00:38:18.530262,Marina di Stabia
2025-03-18T00:38:29Z,0,30.008,72.9,35,51.2,11,8,67,75,0.0,255,32767,0.12,2056-9-18,0.0,0.48,23.8,0.0,0.0,0.0,0,1.23046875,6,44,07:14,19:19,2025-03-18 00:38:29.631257,Marina di Stabia
2025-03-18T00:38:40Z,0,30.008,72.9,35,51.2,10,8,53,75,0.0,255,32767,0.12,2056-9-18,0.0,0.48,23.8,0.0,0.0,0.0,0,1.23046875,6,44,07:14,19:19,2025-03-18 00:38:40.690263,Marina di Stabia
2025-03-18T00:38:51Z,0,30.008,72.9,35,51.2,10,8,63,75,0.0,255,32767,0.12,2056-9-18,0.0,0.48,23.8,0.0,0.0,0.0,0,1.23046875,6,44,07:14,19:19,2025-03-18 00:38:51.792259,Marina di Stabia
2025-03-18T00:39:03Z,0,30.007,72.8,35,51.2,9,8,38,75,0.0,255,32767,0.12,2056-9-18,0.0,0.48,23.8,0.0,0.0,0.0,0,0.87890625,6,44,07:14,19:19,2025-03-18 00:39:02.863252,Marina di Stabia
2025-03-18T00:39:14Z,0,30.007,72.8,35,51.2,9,8,66,74,0.0,255,32767,0.12,2056-9-18,0.0,0.48,23.8,0.0,0.0,0.0,0,0.87890625,6,44,07:14,19:19,2025-03-18 00:39:13.929271,Marina di Stabia
2025-03-18T00:39:25Z,0,30.007,72.8,35,51.2,8,8,62,74,0.0,255,32767,0.12,2056-9-18,0.0,0.48,23.8,0.0,0.0,0.0,0,0.87890625,6,44,07:14,19:19,2025-03-18 00:39:24.998262,Marina di Stabia
2025-03-18T00:39:36Z,0,30.007,72.8,35,51.2,9,8,51,74,0.0,255,32767,0.12,2056-9-18,0.0,0.48,23.8,0.0,0.0,0.0,0,0.87890625,6,44,07:14,19:19,2025-03-18 00:39:36.088260,Marina di Stabia
2025-03-18T00:39:47Z,0,30.007,72.8,35,51.2,11,8,63,74,0.0,255,32767,0.12,2056-9-18,0.0,0.48,23.8,0.0,0.0,0.0,0,0.87890625,6,44,07:14,19:19,2025-03-18 00:39:47.188266,Marina di Stabia
2025-03-18T00:39:58Z,0,30.009,72.8,35,51.2,9,8,71,74,0.0,255,32767,0.12,2056-9-18,0.0,0.48,23.8,0.0,0.0,0.0,0,0.87890625,6,44,07:14,19:19,2025-03-18 00:39:58.283261,Marina di Stabia
2025-03-18T00:40:09Z,0,30.009,72.8,35,51.3,9,8,59,73,0.0,255,32767,0.12,2056-9-18,0.0,0.48,23.8,0.0,0.0,0.0,0,0.87890625,6,44,07:14,19:19,2025-03-18 00:40:09.348263,Marina di Stabia
2025-03-18T00:40:20Z,0,30.009,72.8,35,51.3,9,8,46,73,0.0,255,32767,0.12,2056-9-18,0.0,0.48,23.8,0.0,0.0,0.0,0,0.87890625,6,44,07:14,19:19,2025-03-18 00:40:20.417266,Marina di Stabia
2025-03-18T00:40:31Z,0,30.009,72.8,35,51.3,12,8,69,73,0.0,255,32767,0.12,2056-9-18,0.0,0.48,23.8,0.0,0.0,0.0,0,0.87890625,6,44,07:14,19:19,2025-03-18 00:40:31.481260,Marina di Stabia
2025-03-18T00:40:42Z,0,30.009,72.8,35,51.3,9,8,62,73,0.0,255,32767,0.12,2056-9-18,0.0,0.48,23.8,0.0,0.0,0.0,0,0.87890625,6,44,07:14,19:19,2025-03-18 00:40:42.544269,Marina di Stabia
2025-03-18T00:40:53Z,0,30.009,72.8,35,51.3,9,8,57,73,0.0,255,32767,0.12,2056-9-18,0.0,0.48,23.8,0.0,0.0,0.0,0,0.87890625,6,44,07:14,19:19,2025-03-18 00:40:53.647262,Marina di Stabia
2025-03-18T00:41:04Z,0,30.008,72.8,35,51.4,7,9,80,73,0.0,255,32767,0.12,2056-9-18,0.0,0.48,23.8,0.0,0.0,0.0,0,0.919921875,6,44,07:14,19:19,2025-03-18 00:41:04.739265,Marina di Stabia
2025-03-18T00:41:16Z,0,30.008,72.8,35,51.4,8,9,63,73,0.0,255,32767,0.12,2056-9-18,0.0,0.48,23.8,0.0,0.0,0.0,0,0.919921875,6,44,07:14,19:19,2025-03-18 00:41:15.835267,Marina di Stabia
2025-03-18T00:41:27Z,0,30.008,72.8,35,51.4,12,9,33,73,0.0,255,32767,0.12,2056-9-18,0.0,0.48,23.8,0.0,0.0,0.0,0,0.919921875,6,44,07:14,19:19,2025-03-18 00:41:26.895259,Marina di Stabia
2025-03-18T00:41:38Z,0,30.008,72.8,35,51.4,11,9,63,73,0.0,255,32767,0.12,2056-9-18,0.0,0.48,23.8,0.0,0.0,0.0,0,0.919921875,6,44,07:14,19:19,2025-03-18 00:41:37.968262,Marina di Stabia
2025-03-18T00:41:49Z,0,30.008,72.8,35,51.4,10,9,60,73,0.0,255,32767,0.12,2056-9-18,0.0,0.48,23.8,0.0,0.0,0.0,0,0.919921875,6,44,07:14,19:19,2025-03-18 00:41:49.040260,Marina di Stabia
2025-03-18T00:42:00Z,0,30.007,72.8,35,51.4,13,9,78,73,0.0,255,32767,0.12,2056-9-18,0.0,0.48,23.8,0.0,0.0,0.0,0,0.87890625,6,44,07:14,19:19,2025-03-18 00:42:00.104269,Marina di Stabia
2025-03-18T00:42:11Z,0,30.007,72.8,35,51.4,10,9,58,73,0.0,255,32767,0.12,2056-9-18,0.0,0.48,23.8,0.0,0.0,0.0,0,0.87890625,6,44,07:14,19:19,2025-03-18 00:42:11.178268,Marina di Stabia
2025-03-18T00:42:22Z,0,30.007,72.8,35,51.5,11,9,59,73,0.0,255,32767,0.12,2056-9-18,0.0,0.48,23.8,0.0,0.0,0.0,0,0.87890625,6,44,07:14,19:19,2025-03-18 00:42:22.270257,Marina di Stabia
2025-03-18T00:42:33Z,0,30.007,72.8,35,51.4,12,9,62,73,0.0,255,32767,0.12,2056-9-18,0.0,0.48,23.8,0.0,0.0,0.0,0,0.87890625,6,44,07:14,19:19,2025-03-18 00:42:33.352253,Marina di Stabia
2025-03-18T00:42:44Z,0,30.007,72.8,35,51.5,11,9,44,73,0.0,255,32767,0.12,2056-9-18,0.0,0.48,23.8,0.0,0.0,0.0,0,0.87890625,6,44,07:14,19:19,2025-03-18 00:42:44.423265,Marina di Stabia
2025-03-18T00:42:55Z,0,30.007,72.8,35,51.5,9,9,57,73,0.0,255,32767,0.12,2056-9-18,0.0,0.48,23.8,0.0,0.0,0.0,0,0.87890625,6,44,07:14,19:19,2025-03-18 00:42:55.484279,Marina di Stabia
2025-03-18T00:43:06Z,0,30.008,72.8,35,51.5,10,9,60,73,0.0,255,32767,0.12,2056-9-18,0.0,0.48,23.8,0.0,0.0,0.0,0,1.0078125,6,44,07:14,19:19,2025-03-18 00:43:06.550260,Marina di Stabia
2025-03-18T00:43:17Z,0,30.008,72.8,35,51.5,9,9,47,73,0.0,255,32767,0.12,2056-9-18,0.0,0.48,23.8,0.0,0.0,0.0,0,1.0078125,6,44,07:14,19:19,2025-03-18 00:43:17.639281,Marina di Stabia
2025-03-18T00:43:28Z,0,30.008,72.8,35,51.5,14,9,43,73,0.0,255,32767,0.12,2056-9-18,0.0,0.48,23.8,0.0,0.0,0.0,0,1.0078125,6,44,07:14,19:19,2025-03-18 00:43:28.708265,Marina di Stabia
2025-03-18T00:43:39Z,0,30.008,72.8,35,51.5,12,9,50,73,0.0,255,32767,0.12,2056-9-18,0.0,0.48,23.8,0.0,0.0,0.0,0,1.0078125,6,44,07:14,19:19,2025-03-18 00:43:39.773262,Marina di Stabia
2025-03-18T00:43:51Z,0,30.008,72.8,35,51.5,10,9,38,73,0.0,255,32767,0.12,2056-9-18,0.0,0.48,23.8,0.0,0.0,0.0,0,1.0078125,6,44,07:14,19:19,2025-03-18 00:43:50.836258,Marina di Stabia
2025-03-18T00:44:02Z,0,30.01,72.8,35,51.5,7,9,54,73,0.0,255,32767,0.12,2056-9-18,0.0,0.48,23.8,0.0,0.0,0.0,0,0.87890625,6,44,07:14,19:19,2025-03-18 00:44:01.904256,Marina di Stabia
2025-03-18T00:44:13Z,0,30.01,72.8,35,51.5,8,9,66,73,0.0,255,32767,0.12,2056-9-18,0.0,0.48,23.8,0.0,0.0,0.0,0,0.87890625,6,44,07:14,19:19,2025-03-18 00:44:12.995259,Marina di Stabia
2025-03-18T00:44:24Z,0,30.01,72.8,35,51.5,8,9,34,73,0.0,255,32767,0.12,2056-9-18,0.0,0.48,23.8,0.0,0.0,0.0,0,0.87890625,6,44,07:14,19:19,2025-03-18 00:44:24.068264,Marina di Stabia
2025-03-18T00:44:35Z,0,30.01,72.8,35,51.6,10,9,65,73,0.0,255,32767,0.12,2056-9-18,0.0,0.48,23.8,0.0,0.0,0.0,0,0.87890625,6,44,07:14,19:19,2025-03-18 00:44:35.140268,Marina di Stabia
2025-03-18T00:44:46Z,0,30.01,72.8,35,51.6,9,9,349,73,0.0,255,32767,0.12,2056-9-18,0.0,0.48,23.8,0.0,0.0,0.0,0,0.87890625,6,44,07:14,19:19,2025-03-18 00:44:46.203265,Marina di Stabia
2025-03-18T00:44:57Z,0,30.009,72.8,35,51.5,8,9,11,73,0.0,255,32767,0.12,2056-9-18,0.0,0.48,23.8,0.0,0.0,0.0,0,1.716796875,6,44,07:14,19:19,2025-03-18 00:44:57.323244,Marina di Stabia
2025-03-18T00:45:08Z,0,30.009,72.8,35,51.5,8,9,11,73,0.0,255,32767,0.12,2056-9-18,0.0,0.48,23.8,0.0,0.0,0.0,0,1.716796875,6,44,07:14,19:19,2025-03-18 00:45:08.392261,Marina di Stabia
2025-03-18T00:45:19Z,0,30.009,72.8,35,51.5,10,9,64,73,0.0,255,32767,0.12,2056-9-18,0.0,0.48,23.8,0.0,0.0,0.0,0,1.716796875,6,44,07:14,19:19,2025-03-18 00:45:19.455224,Marina di Stabia
2025-03-18T00:45:30Z,0,30.009,72.8,35,51.5,11,9,61,73,0.0,255,32767,0.12,2056-9-18,0.0,0.48,23.8,0.0,0.0,0.0,0,1.716796875,6,44,07:14,19:19,2025-03-18 00:45:30.531259,Marina di Stabia
2025-03-18T00:45:41Z,0,30.009,72.8,35,51.6,9,9,49,73,0.0,255,32767,0.12,2056-9-18,0.0,0.48,23.8,0.0,0.0,0.0,0,1.716796875,6,44,07:14,19:19,2025-03-18 00:45:41.601259,Marina di Stabia
2025-03-18T00:45:52Z,0,30.009,72.8,35,51.6,12,9,64,73,0.0,255,32767,0.12,2056-9-18,0.0,0.48,23.8,0.0,0.0,0.0,0,1.716796875,6,44,07:14,19:19,2025-03-18 00:45:52.671272,Marina di Stabia
2025-03-18T00:46:03Z,0,30.007,72.8,35,51.6,12,10,67,72,0.0,255,32767,0.12,2056-9-18,0.0,0.48,23.8,0.0,0.0,0.0,0,0.97265625,6,44,07:14,19:19,2025-03-18 00:46:03.769260,Marina di Stabia
2025-03-18T00:46:15Z,0,30.007,72.8,35,51.6,14,10,64,72,0.0,255,32767,0.12,2056-9-18,0.0,0.48,23.8,0.0,0.0,0.0,0,0.97265625,6,44,07:14,19:19,2025-03-18 00:46:14.828248,Marina di Stabia
2025-03-18T00:46:26Z,0,30.007,72.8,35,51.5,7,10,39,72,0.0,255,32767,0.12,2056-9-18,0.0,0.48,23.8,0.0,0.0,0.0,0,0.97265625,6,44,07:14,19:19,2025-03-18 00:46:25.890262,Marina di Stabia
2025-03-18T00:46:37Z,0,30.007,72.8,35,51.5,9,10,86,72,0.0,255,32767,0.12,2056-9-18,0.0,0.48,23.8,0.0,0.0,0.0,0,0.97265625,6,44,07:14,19:19,2025-03-18 00:46:36.982267,Marina di Stabia
2025-03-18T00:46:48Z,0,30.007,72.8,35,51.5,13,10,66,72,0.0,255,32767,0.12,2056-9-18,0.0,0.48,23.8,0.0,0.0,0.0,0,0.97265625,6,44,07:14,19:19,2025-03-18 00:46:48.043265,Marina di Stabia
2025-03-18T00:46:59Z,0,30.006,72.8,35,51.6,17,10,75,72,0.0,255,32767,0.12,2056-9-18,0.0,0.48,23.8,0.0,0.0,0.0,0,0.87890625,6,44,07:14,19:19,2025-03-18 00:46:59.340258,Marina di Stabia
2025-03-18T00:47:10Z,0,30.006,72.8,35,51.6,16,10,78,72,0.0,255,32767,0.12,2056-9-18,0.0,0.48,23.8,0.0,0.0,0.0,0,0.87890625,6,44,07:14,19:19,2025-03-18 00:47:10.402265,Marina di Stabia
2025-03-18T00:47:21Z,0,30.006,72.8,35,51.6,14,10,79,72,0.0,255,32767,0.12,2056-9-18,0.0,0.48,23.8,0.0,0.0,0.0,0,0.87890625,6,44,07:14,19:19,2025-03-18 00:47:21.717257,Marina di Stabia
2025-03-18T00:47:33Z,0,30.006,72.8,35,51.7,13,10,67,72,0.0,255,32767,0.12,2056-9-18,0.0,0.48,23.8,0.0,0.0,0.0,0,0.87890625,6,44,07:14,19:19,2025-03-18 00:47:32.811259,Marina di Stabia
2025-03-18T00:47:44Z,0,30.006,72.8,35,51.6,12,10,69,72,0.0,255,32767,0.12,2056-9-18,0.0,0.48,23.8,0.0,0.0,0.0,0,0.87890625,6,44,07:14,19:19,2025-03-18 00:47:43.877274,Marina di Stabia
2025-03-18T00:47:55Z,0,30.006,72.8,35,51.6,14,10,57,72,0.0,255,32767,0.12,2056-9-18,0.0,0.48,23.8,0.0,0.0,0.0,0,0.87890625,6,44,07:14,19:19,2025-03-18 00:47:54.952273,Marina di Stabia
2025-03-18T00:48:06Z,0,30.011,72.8,35,51.6,17,10,76,72,0.0,255,32767,0.12,2056-9-18,0.0,0.48,23.8,0.0,0.0,0.0,0,0.9140625,6,44,07:14,19:19,2025-03-18 00:48:06.044269,Marina di Stabia
2025-03-18T00:48:17Z,0,30.011,72.8,35,51.7,16,10,68,72,0.0,255,32767,0.12,2056-9-18,0.0,0.48,23.8,0.0,0.0,0.0,0,0.9140625,6,44,07:14,19:19,2025-03-18 00:48:17.114277,Marina di Stabia
2025-03-18T00:48:28Z,0,30.011,72.8,35,51.7,16,10,75,72,0.0,255,32767,0.12,2056-9-18,0.0,0.48,23.8,0.0,0.0,0.0,0,0.9140625,6,44,07:14,19:19,2025-03-18 00:48:28.172284,Marina di Stabia
2025-03-18T00:48:39Z,0,30.011,72.8,35,51.7,13,10,74,71,0.0,255,32767,0.12,2056-9-18,0.0,0.48,23.8,0.0,0.0,0.0,0,0.9140625,6,44,07:14,19:19,2025-03-18 00:48:39.278268,Marina di Stabia
2025-03-18T00:48:50Z,0,30.011,72.8,35,51.7,14,10,82,71,0.0,255,32767,0.12,2056-9-18,0.0,0.48,23.8,0.0,0.0,0.0,0,0.9140625,6,44,07:14,19:19,2025-03-18 00:48:50.351262,Marina di Stabia
2025-03-18T00:49:01Z,0,30.009,72.8,35,51.8,17,11,64,71,0.0,255,32767,0.12,2056-9-18,0.0,0.48,23.8,0.0,0.0,0.0,0,0.87890625,6,44,07:14,19:19,2025-03-18 00:49:01.420281,Marina di Stabia
2025-03-18T00:49:12Z,0,30.009,72.8,35,51.8,14,11,78,71,0.0,255,32767,0.12,2056-9-18,0.0,0.48,23.8,0.0,0.0,0.0,0,0.87890625,6,44,07:14,19:19,2025-03-18 00:49:12.490268,Marina di Stabia
2025-03-18T00:49:23Z,0,30.009,72.8,35,51.8,16,11,82,71,0.0,255,32767,0.12,2056-9-18,0.0,0.48,23.8,0.0,0.0,0.0,0,0.87890625,6,44,07:14,19:19,2025-03-18 00:49:23.562263,Marina di Stabia
2025-03-18T00:49:34Z,0,30.009,72.8,35,51.8,16,11,80,71,0.0,255,32767,0.12,2056-9-18,0.0,0.48,23.8,0.0,0.0,0.0,0,0.87890625,6,44,07:14,19:19,2025-03-18 00:49:34.634250,Marina di Stabia
2025-03-18T00:49:45Z,0,30.009,72.8,35,51.8,16,11,80,71,0.0,255,32767,0.12,2056-9-18,0.0,0.48,23.8,0.0,0.0,0.0,0,0.87890625,6,44,07:14,19:19,2025-03-18 00:49:45.728255,Marina di Stabia
2025-03-18T00:49:57Z,0,30.009,72.8,35,51.8,16,12,84,71,0.0,255,32767,0.12,2056-9-18,0.0,0.48,23.8,0.0,0.0,0.0,0,1.2890625,6,44,07:14,19:19,2025-03-18 00:49:57.044260,Marina di Stabia
2025-03-18T00:50:08Z,0,30.007,72.8,35,51.9,16,12,76,71,0.0,255,32767,0.12,2056-9-18,0.0,0.48,23.8,0.0,0.0,0.0,0,1.2890625,6,44,07:14,19:19,2025-03-18 00:50:08.120257,Marina di Stabia
2025-03-18T00:50:19Z,0,30.007,72.8,35,51.9,16,12,79,71,0.0,255,32767,0.12,2056-9-18,0.0,0.48,23.8,0.0,0.0,0.0,0,1.2890625,6,44,07:14,19:19,2025-03-18 00:50:19.191263,Marina di Stabia
2025-03-18T00:50:30Z,0,30.007,72.8,35,51.9,13,12,71,71,0.0,255,32767,0.12,2056-9-18,0.0,0.48,23.8,0.0,0.0,0.0,0,1.2890625,6,44,07:14,19:19,2025-03-18 00:50:30.252258,Marina di Stabia
2025-03-18T00:50:41Z,0,30.007,72.8,35,51.9,14,12,81,71,0.0,255,32767,0.12,2056-9-18,0.0,0.48,23.8,0.0,0.0,0.0,0,1.2890625,6,44,07:14,19:19,2025-03-18 00:50:41.352255,Marina di Stabia
2025-03-18T00:50:52Z,0,30.007,72.8,35,51.9,16,12,82,71,0.0,255,32767,0.12,2056-9-18,0.0,0.48,23.8,0.0,0.0,0.0,0,1.2890625,6,44,07:14,19:19,2025-03-18 00:50:52.427265,Marina di Stabia
2025-03-18T00:51:03Z,0,30.007,72.8,35,52.0,15,12,78,71,0.0,255,32767,0.12,2056-9-18,0.0,0.48,23.8,0.0,0.0,0.0,0,0.9140625,6,44,07:14,19:19,2025-03-18 00:51:03.488264,Marina di Stabia
2025-03-18T00:51:14Z,0,30.007,72.8,35,52.0,14,12,78,70,0.0,255,32767,0.12,2056-9-18,0.0,0.48,23.8,0.0,0.0,0.0,0,0.9140625,6,44,07:14,19:19,2025-03-18 00:51:14.544259,Marina di Stabia
2025-03-18T00:51:25Z,0,30.007,72.8,35,52.0,14,12,80,70,0.0,255,32767,0.12,2056-9-18,0.0,0.48,23.8,0.0,0.0,0.0,0,0.9140625,6,44,07:14,19:19,2025-03-18 00:51:25.607259,Marina di Stabia
2025-03-18T00:51:36Z,0,30.007,72.8,35,52.0,13,12,82,70,0.0,255,32767,0.12,2056-9-18,0.0,0.48,23.8,0.0,0.0,0.0,0,0.9140625,6,44,07:14,19:19,2025-03-18 00:51:36.667267,Marina di Stabia
2025-03-18T00:51:47Z,0,30.007,72.8,35,52.0,11,12,65,70,0.0,255,32767,0.12,2056-9-18,0.0,0.48,23.8,0.0,0.0,0.0,0,0.9140625,6,44,07:14,19:19,2025-03-18 00:51:47.760260,Marina di Stabia
2025-03-18T00:51:59Z,0,30.009,72.8,35,52.0,11,13,65,70,0.0,255,32767,0.12,2056-9-18,0.0,0.48,23.8,0.0,0.0,0.0,0,0.87890625,6,44,07:14,19:19,2025-03-18 00:51:58.825263,Marina di Stabia
2025-03-18T00:52:10Z,0,30.009,72.8,35,52.0,11,13,83,70,0.0,255,32767,0.12,2056-9-18,0.0,0.48,23.8,0.0,0.0,0.0,0,0.87890625,6,44,07:14,19:19,2025-03-18 00:52:09.924263,Marina di Stabia
2025-03-18T00:52:21Z,0,30.009,72.8,35,52.0,11,13,74,70,0.0,255,32767,0.12,2056-9-18,0.0,0.48,23.8,0.0,0.0,0.0,0,0.87890625,6,44,07:14,19:19,2025-03-18 00:52:20.985270,Marina di Stabia
2025-03-18T00:52:32Z,0,30.009,72.8,35,52.0,11,13,74,70,0.0,255,32767,0.12,2056-9-18,0.0,0.48,23.8,0.0,0.0,0.0,0,0.87890625,6,44,07:14,19:19,2025-03-18 00:52:32.049267,Marina di Stabia
2025-03-18T00:52:43Z,0,30.009,72.8,35,52.0,11,13,74,70,0.0,255,32767,0.12,2056-9-18,0.0,0.48,23.8,0.0,0.0,0.0,0,0.87890625,6,44,07:14,19:19,2025-03-18 00:52:43.121264,Marina di Stabia
2025-03-18T00:52:54Z,0,30.009,72.8,35,52.0,15,13,89,70,0.0,255,32767,0.12,2056-9-18,0.0,0.48,23.8,0.0,0.0,0.0,0,0.87890625,6,44,07:14,19:19,2025-03-18 00:52:54.219263,Marina di Stabia
2025-03-18T00:53:05Z,0,30.011,72.8,35,51.9,15,13,83,70,0.0,255,32767,0.12,2056-9-18,0.0,0.48,23.8,0.0,0.0,0.0,0,0.896484375,6,44,07:14,19:19,2025-03-18 00:53:05.296289,Marina di Stabia
2025-03-18T00:53:16Z,0,30.011,72.8,35,51.9,15,13,83,70,0.0,255,32767,0.12,2056-9-18,0.0,0.48,23.8,0.0,0.0,0.0,0,0.896484375,6,44,07:14,19:19,2025-03-18 00:53:16.370267,Marina di Stabia
2025-03-18T00:53:27Z,0,30.011,72.8,35,51.9,12,13,69,70,0.0,255,32767,0.12,2056-9-18,0.0,0.48,23.8,0.0,0.0,0.0,0,0.896484375,6,44,07:14,19:19,2025-03-18 00:53:27.433267,Marina di Stabia
2025-03-18T00:53:38Z,0,30.011,72.8,35,52.0,12,13,76,70,0.0,255,32767,0.12,2056-9-18,0.0,0.48,23.8,0.0,0.0,0.0,0,0.896484375,6,44,07:14,19:19,2025-03-18 00:53:38.499264,Marina di Stabia
2025-03-18T00:53:49Z,0,30.011,72.8,35,52.0,13,13,74,70,0.0,255,32767,0.12,2056-9-18,0.0,0.48,23.8,0.0,0.0,0.0,0,0.896484375,6,44,07:14,19:19,2025-03-18 00:53:49.555266,Marina di Stabia
2025-03-18T00:54:00Z,0,30.013,72.8,35,52.0,13,13,84,70,0.0,255,32767,0.12,2056-9-18,0.0,0.48,23.8,0.0,0.0,0.0,0,0.87890625,6,44,07:14,19:19,2025-03-18 00:54:00.651265,Marina di Stabia
2025-03-18T00:54:11Z,0,30.013,72.8,35,52.0,14,13,72,70,0.0,255,32767,0.12,2056-9-18,0.0,0.48,23.8,0.0,0.0,0.0,0,0.87890625,6,44,07:14,19:19,2025-03-18 00:54:11.741281,Marina di Stabia
2025-03-18T00:54:23Z,0,30.013,72.8,35,52.0,13,13,80,70,0.0,255,32767,0.12,2056-9-18,0.0,0.48,23.8,0.0,0.0,0.0,0,0.87890625,6,44,07:14,19:19,2025-03-18 00:54:22.811268,Marina di Stabia
2025-03-18T00:54:34Z,0,30.013,72.8,35,52.0,13,13,80,70,0.0,255,32767,0.12,2056-9-18,0.0,0.48,23.8,0.0,0.0,0.0,0,0.87890625,6,44,07:14,19:19,2025-03-18 00:54:33.876265,Marina di Stabia
2025-03-18T00:54:45Z,0,30.013,72.8,35,52.0,13,13,80,70,0.0,255,32767,0.12,2056-9-18,0.0,0.48,23.8,0.0,0.0,0.0,0,0.87890625,6,44,07:14,19:19,2025-03-18 00:54:44.948263,Marina di Stabia
2025-03-18T00:54:56Z,0,30.013,72.8,35,51.9,9,13,65,70,0.0,255,32767,0.12,2056-9-18,0.0,0.48,23.8,0.0,0.0,0.0,0,0.87890625,6,44,07:14,19:19,2025-03-18 00:54:56.039267,Marina di Stabia
2025-03-18T00:55:07Z,0,30.009,72.7,35,51.9,12,13,69,70,0.0,255,32767,0.12,2056-9-18,0.0,0.48,23.8,0.0,0.0,0.0,0,1.048828125,6,44,07:14,19:19,2025-03-18 00:55:07.099264,Marina di Stabia
2025-03-18T00:55:18Z,0,30.009,72.7,35,51.9,14,13,62,70,0.0,255,32767,0.12,2056-9-18,0.0,0.48,23.8,0.0,0.0,0.0,0,1.048828125,6,44,07:14,19:19,2025-03-18 00:55:18.191267,Marina di Stabia
2025-03-18T00:55:29Z,0,30.009,72.7,35,51.9,11,13,70,71,0.0,255,32767,0.12,2056-9-18,0.0,0.48,23.8,0.0,0.0,0.0,0,1.048828125,6,44,07:14,19:19,2025-03-18 00:55:29.263260,Marina di Stabia
2025-03-18T00:55:40Z,0,30.009,72.7,35,51.9,12,13,71,71,0.0,255,32767,0.12,2056-9-18,0.0,0.48,23.8,0.0,0.0,0.0,0,1.048828125,6,44,07:14,19:19,2025-03-18 00:55:40.362258,Marina di Stabia
2025-03-18T00:55:51Z,0,30.009,72.7,35,51.9,12,13,89,71,0.0,255,32767,0.12,2056-9-18,0.0,0.48,23.8,0.0,0.0,0.0,0,1.048828125,6,44,07:14,19:19,2025-03-18 00:55:51.426270,Marina di Stabia
2025-03-18T00:56:02Z,0,30.013,72.8,35,51.9,12,13,89,71,0.0,255,32767,0.12,2056-9-18,0.0,0.48,23.8,0.0,0.0,0.0,0,0.87890625,6,44,07:14,19:19,2025-03-18 00:56:02.498256,Marina di Stabia
2025-03-18T00:56:13Z,0,30.013,72.8,35,51.9,13,13,71,71,0.0,255,32767,0.12,2056-9-18,0.0,0.48,23.8,0.0,0.0,0.0,0,0.87890625,6,44,07:14,19:19,2025-03-18 00:56:13.600258,Marina di Stabia
2025-03-18T00:56:24Z,0,30.013,72.8,35,51.9,11,13,67,71,0.0,255,32767,0.12,2056-9-18,0.0,0.48,23.8,0.0,0.0,0.0,0,0.87890625,6,44,07:14,19:19,2025-03-18 00:56:24.671261,Marina di Stabia
2025-03-18T00:56:35Z,0,30.013,72.8,35,51.9,11,13,70,71,0.0,255,32767,0.12,2056-9-18,0.0,0.48,23.8,0.0,0.0,0.0,0,0.87890625,6,44,07:14,19:19,2025-03-18 00:56:35.762260,Marina di Stabia
2025-03-18T00:56:47Z,0,30.013,72.8,35,51.9,12,13,78,71,0.0,255,32767,0.13,2056-9-18,0.01,0.49,23.81,0.0,0.0,0.0,0,0.87890625,6,44,07:14,19:19,2025-03-18 00:56:46.852257,Marina di Stabia
2025-03-18T00:56:58Z,0,30.012,72.8,35,51.9,16,13,78,71,0.0,255,32767,0.13,2056-9-18,0.01,0.49,23.81,0.0,0.0,0.0,0,1.86328125,6,44,07:14,19:19,2025-03-18 00:56:57.916230,Marina di Stabia
2025-03-18T00:57:09Z,0,30.012,72.8,35,51.9,13,13,65,71,0.0,255,32767,0.13,2056-9-18,0.01,0.49,23.81,0.0,0.0,0.0,0,1.86328125,6,44,07:14,19:19,2025-03-18 00:57:08.985259,Marina di Stabia
2025-03-18T00:57:20Z,0,30.012,72.8,35,51.9,13,13,76,71,0.0,255,32767,0.13,2056-9-18,0.01,0.49,23.81,0.0,0.0,0.0,0,1.86328125,6,44,07:14,19:19,2025-03-18 00:57:20.045272,Marina di Stabia
2025-03-18T00:57:31Z,0,30.012,72.8,35,51.9,13,13,76,71,0.0,255,32767,0.13,2056-9-18,0.01,0.49,23.81,0.0,0.0,0.0,0,1.86328125,6,44,07:14,19:19,2025-03-18 00:57:31.149257,Marina di Stabia
2025-03-18T00:57:42Z,0,30.012,72.8,35,51.8,12,13,68,71,0.0,255,32767,0.13,2056-9-18,0.01,0.49,23.81,0.0,0.0,0.0,0,1.86328125,6,44,07:14,19:19,2025-03-18 00:57:42.226257,Marina di Stabia
2025-03-18T00:57:53Z,0,30.012,72.8,35,51.8,14,13,68,71,0.0,255,32767,0.13,2056-9-18,0.01,0.49,23.81,0.0,0.0,0.0,0,1.86328125,6,44,07:14,19:19,2025-03-18 00:57:53.297256,Marina di Stabia
2025-03-18T00:58:04Z,0,30.013,72.7,35,51.8,12,13,68,71,0.0,255,32767,0.13,2056-9-18,0.01,0.49,23.81,0.0,0.0,0.0,0,0.884765625,6,44,07:14,19:19,2025-03-18 00:58:04.368251,Marina di Stabia
2025-03-18T00:58:15Z,0,30.013,72.7,35,51.7,14,13,61,71,0.0,255,32767,0.13,2056-9-18,0.01,0.49,23.81,0.0,0.0,0.0,0,0.884765625,6,44,07:14,19:19,2025-03-18 00:58:15.459270,Marina di Stabia
2025-03-18T00:58:26Z,0,30.013,72.7,35,51.7,13,13,77,71,0.0,255,32767,0.13,2056-9-18,0.01,0.49,23.81,0.0,0.0,0.0,0,0.884765625,6,44,07:14,19:19,2025-03-18 00:58:26.508562,Marina di Stabia
2025-03-18T00:58:37Z,0,30.013,72.7,35,51.8,17,13,93,71,0.0,255,32767,0.13,2056-9-18,0.01,0.49,23.81,0.0,0.0,0.0,0,0.884765625,6,44,07:14,19:19,2025-03-18 00:58:37.584264,Marina di Stabia
2025-03-18T00:58:48Z,0,30.013,72.7,35,51.8,17,13,93,71,0.0,255,32767,0.13,2056-9-18,0.01,0.49,23.81,0.0,0.0,0.0,0,0.884765625,6,44,07:14,19:19,2025-03-18 00:58:48.649261,Marina di Stabia
2025-03-18T00:58:59Z,0,30.011,72.7,35,51.8,15,13,67,71,0.0,255,32767,0.13,2056-9-18,0.01,0.49,23.81,0.0,0.0,0.0,0,0.87890625,6,44,07:14,19:19,2025-03-18 00:58:59.712224,Marina di Stabia
2025-03-18T00:59:10Z,0,30.011,72.7,35,51.8,11,13,96,71,0.0,255,32767,0.13,2056-9-18,0.01,0.49,23.81,0.0,0.0,0.0,0,0.87890625,6,44,07:14,19:19,2025-03-18 00:59:10.780263,Marina di Stabia
2025-03-18T00:59:22Z,0,30.011,72.7,35,51.7,15,13,82,71,0.0,255,32767,0.13,2056-9-18,0.01,0.49,23.81,0.0,0.0,0.0,0,0.87890625,6,44,07:14,19:19,2025-03-18 00:59:21.870265,Marina di Stabia
2025-03-18T00:59:33Z,0,30.011,72.7,35,51.7,12,13,90,71,0.0,255,32767,0.13,2056-9-18,0.01,0.49,23.81,0.0,0.0,0.0,0,0.87890625,6,44,07:14,19:19,2025-03-18 00:59:32.930264,Marina di Stabia
2025-03-18T00:59:44Z,0,30.011,72.7,35,51.6,15,13,77,71,0.0,255,32767,0.13,2056-9-18,0.01,0.49,23.81,0.0,0.0,0.0,0,0.87890625,6,44,07:14,19:19,2025-03-18 00:59:44.000262,Marina di Stabia
2025-03-18T00:59:55Z,0,30.011,72.7,35,51.6,16,13,86,71,0.0,255,32767,0.13,2056-9-18,0.01,0.49,23.81,0.0,0.0,0.0,0,0.87890625,6,44,07:14,19:19,2025-03-18 00:59:55.077258,Marina di Stabia
2025-03-18T01:00:06Z,0,30.013,72.7,35,51.6,16,13,86,71,0.0,255,32767,0.13,2056-9-18,0.01,0.49,23.81,0.0,0.0,0.0,0,0.931640625,6,44,07:14,19:19,2025-03-18 01:00:06.151259,Marina di Stabia,31.1,6.639279,14.05905,5.7798514,10.930394,EU EEA Common AQI,73.8,6.5582366,13.21546,3600,4.811594,100,100,51.4,8.937198,Very Low,75.5,6.355935,100,1739186100,Very Low,9.633085,6.8510075,Very Low,6.062216,42.9,5.362319,100,1739186100,5.362319
2025-03-18T01:00:17Z,0,30.013,72.7,35,51.6,15,13,90,71,0.0,255,32767,0.13,2056-9-18,0.01,0.49,23.81,0.0,0.0,0.0,0,0.931640625,6,44,07:14,19:19,2025-03-18 01:00:17.233262,Marina di Stabia,31.1,6.639279,14.05905,5.7798514,10.930394,EU EEA Common AQI,73.8,6.5582366,13.21546,3600,4.811594,100,100,51.4,8.937198,Very Low,75.5,6.355935,100,1739186100,Very Low,9.633085,6.8510075,Very Low,6.062216,42.9,5.362319,100,1739186100,5.362319
2025-03-18T01:00:28Z,0,30.013,72.7,35,51.6,16,13,93,71,0.0,255,32767,0.13,2056-9-18,0.01,0.49,23.81,0.0,0.0,0.0,0,0.931640625,6,44,07:14,19:19,2025-03-18 01:00:28.349260,Marina di Stabia,31.1,6.639279,14.05905,5.7798514,10.930394,EU EEA Common AQI,73.8,6.5582366,13.21546,3600,4.811594,100,100,51.4,8.937198,Very Low,75.5,6.355935,100,1739186100,Very Low,9.633085,6.8510075,Very Low,6.062216,42.9,5.362319,100,1739186100,5.362319
2025-03-18T01:00:39Z,0,30.013,72.7,35,51.6,14,13,74,72,0.0,255,32767,0.13,2056-9-18,0.01,0.49,23.81,0.0,0.0,0.0,0,0.931640625,6,44,07:14,19:19,2025-03-18 01:00:39.450281,Marina di Stabia,31.1,6.639279,14.05905,5.7798514,10.930394,EU EEA Common AQI,73.8,6.5582366,13.21546,3600,4.811594,100,100,51.4,8.937198,Very Low,75.5,6.355935,100,1739186100,Very Low,9.633085,6.8510075,Very Low,6.062216,42.9,5.362319,100,1739186100,5.362319
2025-03-18T01:00:50Z,0,30.013,72.7,35,51.6,12,13,90,72,0.14,255,32767,0.13,2056-9-18,0.01,0.49,23.81,0.0,0.0,0.0,0,0.931640625,6,44,07:14,19:19,2025-03-18 01:00:50.524261,Marina di Stabia,31.1,6.639279,14.05905,5.7798514,10.930394,EU EEA Common AQI,73.8,6.5582366,13.21546,3600,4.811594,100,100,51.4,8.937198,Very Low,75.5,6.355935,100,1739186100,Very Low,9.633085,6.8510075,Very Low,6.062216,42.9,5.362319,100,1739186100,5.362319
2025-03-18T01:01:01Z,0,30.013,72.7,35,51.6,12,13,74,72,0.14,255,32767,0.13,2056-9-18,0.01,0.49,23.81,0.0,0.0,0.0,0,1.576171875,6,44,07:14,19:19,2025-03-18 01:01:01.599259,Marina di Stabia,31.1,6.639279,14.05905,5.7798514,10.930394,EU EEA Common AQI,73.8,6.5582366,13.21546,3600,4.811594,100,100,51.4,8.937198,Very Low,75.5,6.355935,100,1739186100,Very Low,9.633085,6.8510075,Very Low,6.062216,42.9,5.362319,100,1739186100,5.362319
2025-03-18T01:01:12Z,0,30.013,72.7,35,51.6,14,13,64,72,0.14,255,32767,0.14,2056-9-18,0.02,0.5,23.82,0.0,0.0,0.0,0,1.576171875,6,44,07:14,19:19,2025-03-18 01:01:12.690262,Marina di Stabia,31.1,6.639279,14.05905,5.7798514,10.930394,EU EEA Common AQI,73.8,6.5582366,13.21546,3600,4.811594,100,100,51.4,8.937198,Very Low,75.5,6.355935,100,1739186100,Very Low,9.633085,6.8510075,Very Low,6.062216,42.9,5.362319,100,1739186100,5.362319
2025-03-18T01:01:24Z,0,30.013,72.7,35,51.6,10,13,86,72,0.14,255,32767,0.14,2056-9-18,0.02,0.5,23.82,0.0,0.0,0.0,0,1.576171875,6,44,07:14,19:19,2025-03-18 01:01:23.805257,Marina di Stabia,31.1,6.639279,14.05905,5.7798514,10.930394,EU EEA Common AQI,73.8,6.5582366,13.21546,3600,4.811594,100,100,51.4,8.937198,Very Low,75.5,6.355935,100,1739186100,Very Low,9.633085,6.8510075,Very Low,6.062216,42.9,5.362319,100,1739186100,5.362319
2025-03-18T01:01:35Z,0,30.013,72.7,35,51.6,10,13,86,72,0.14,255,32767,0.14,2056-9-18,0.02,0.5,23.82,0.0,0.0,0.0,0,1.576171875,6,44,07:14,19:19,2025-03-18 01:01:34.893225,Marina di Stabia,31.1,6.639279,14.05905,5.7798514,10.930394,EU EEA Common AQI,73.8,6.5582366,13.21546,3600,4.811594,100,100,51.4,8.937198,Very Low,75.5,6.355935,100,1739186100,Very Low,9.633085,6.8510075,Very Low,6.062216,42.9,5.362319,100,1739186100,5.362319
2025-03-18T01:01:46Z,0,30.013,72.7,35,51.5,12,13,80,72,0.14,255,32767,0.14,2056-9-18,0.02,0.5,23.82,0.0,0.0,0.0,0,1.576171875,6,44,07:14,19:19,2025-03-18 01:01:45.968255,Marina di Stabia,31.1,6.639279,14.05905,5.7798514,10.930394,EU EEA Common AQI,73.8,6.5582366,13.21546,3600,4.811594,100,100,51.4,8.937198,Very Low,75.5,6.355935,100,1739186100,Very Low,9.633085,6.8510075,Very Low,6.062216,42.9,5.362319,100,1739186100,5.362319
2025-03-18T01:01:57Z,0,30.013,72.7,35,51.5,12,13,85,72,0.14,255,32767,0.14,2056-9-18,0.02,0.5,23.82,0.0,0.0,0.0,0,1.3828125,6,44,07:14,19:19,2025-03-18 01:01:57.091257,Marina di Stabia,31.1,6.639279,14.05905,5.7798514,10.930394,EU EEA Common AQI,73.8,6.5582366,13.21546,3600,4.811594,100,100,51.4,8.937198,Very Low,75.5,6.355935,100,1739186100,Very Low,9.633085,6.8510075,Very Low,6.062216,42.9,5.362319,100,1739186100,5.362319
2025-03-18T01:02:08Z,0,30.012,72.7,35,51.5,13,13,80,72,0.14,255,32767,0.14,2056-9-18,0.02,0.5,23.82,0.0,0.0,0.0,0,1.3828125,6,44,07:14,19:19,2025-03-18 01:02:08.175262,Marina di Stabia,31.1,6.639279,14.05905,5.7798514,10.930394,EU EEA Common AQI,73.8,6.5582366,13.21546,3600,4.811594,100,100,51.4,8.937198,Very Low,75.5,6.355935,100,1739186100,Very Low,9.633085,6.8510075,Very Low,6.062216,42.9,5.362319,100,1739186100,5.362319
2025-03-18T01:02:19Z,0,30.012,72.7,35,51.5,12,13,72,72,0.14,255,32767,0.14,2056-9-18,0.02,0.5,23.82,0.0,0.0,0.0,0,1.3828125,6,44,07:14,19:19,2025-03-18 01:02:19.264262,Marina di Stabia,31.1,6.639279,14.05905,5.7798514,10.930394,EU EEA Common AQI,73.8,6.5582366,13.21546,3600,4.811594,100,100,51.4,8.937198,Very Low,75.5,6.355935,100,1739186100,Very Low,9.633085,6.8510075,Very Low,6.062216,42.9,5.362319,100,1739186100,5.362319
2025-03-18T01:02:30Z,0,30.012,72.7,35,51.5,11,13,75,72,0.14,255,32767,0.14,2056-9-18,0.02,0.5,23.82,0.0,0.0,0.0,0,1.3828125,6,44,07:14,19:19,2025-03-18 01:02:30.383257,Marina di Stabia,31.1,6.639279,14.05905,5.7798514,10.930394,EU EEA Common AQI,73.8,6.5582366,13.21546,3600,4.811594,100,100,51.4,8.937198,Very Low,75.5,6.355935,100,1739186100,Very Low,9.633085,6.8510075,Very Low,6.062216,42.9,5.362319,100,1739186100,5.362319
2025-03-18T01:02:41Z,0,30.012,72.7,35,51.5,11,13,66,72,0.14,255,32767,0.14,2056-9-18,0.02,0.5,23.82,0.0,0.0,0.0,0,1.3828125,6,44,07:14,19:19,2025-03-18 01:02:41.485262,Marina di Stabia,31.1,6.639279,14.05905,5.7798514,10.930394,EU EEA Common AQI,73.8,6.5582366,13.21546,3600,4.811594,100,100,51.4,8.937198,Very Low,75.5,6.355935,100,1739186100,Very Low,9.633085,6.8510075,Very Low,6.062216,42.9,5.362319,100,1739186100,5.362319
2025-03-18T01:02:52Z,0,30.012,72.7,35,51.5,11,13,71,72,0.14,255,32767,0.14,2056-9-18,0.02,0.5,23.82,0.0,0.0,0.0,0,1.3828125,6,44,07:14,19:19,2025-03-18 01:02:52.567264,Marina di Stabia,31.1,6.639279,14.05905,5.7798514,10.930394,EU EEA Common AQI,73.8,6.5582366,13.21546,3600,4.811594,100,100,51.4,8.937198,Very Low,75.5,6.355935,100,1739186100,Very Low,9.633085,6.8510075,Very Low,6.062216,42.9,5.362319,100,1739186100,5.362319
2025-03-18T01:03:03Z,0,30.014,72.7,35,51.5,16,13,82,72,0.14,255,32767,0.14,2056-9-18,0.02,0.5,23.82,0.0,0.0,0.0,0,0.9375,6,44,07:14,19:19,2025-03-18 01:03:03.659257,Marina di Stabia,31.1,6.639279,14.05905,5.7798514,10.930394,EU EEA Common AQI,73.8,6.5582366,13.21546,3600,4.811594,100,100,51.4,8.937198,Very Low,75.5,6.355935,100,1739186100,Very Low,9.633085,6.8510075,Very Low,6.062216,42.9,5.362319,100,1739186100,5.362319
2025-03-18T01:03:14Z,0,30.014,72.7,35,51.5,9,13,83,72,0.14,255,32767,0.14,2056-9-18,0.02,0.5,23.82,0.0,0.0,0.0,0,0.9375,6,44,07:14,19:19,2025-03-18 01:03:14.746270,Marina di Stabia,31.1,6.639279,14.05905,5.7798514,10.930394,EU EEA Common AQI,73.8,6.5582366,13.21546,3600,4.811594,100,100,51.4,8.937198,Very Low,75.5,6.355935,100,1739186100,Very Low,9.633085,6.8510075,Very Low,6.062216,42.9,5.362319,100,1739186100,5.362319
2025-03-18T01:03:26Z,0,30.014,72.7,35,51.5,13,13,89,72,0.14,255,32767,0.14,2056-9-18,0.02,0.5,23.82,0.0,0.0,0.0,0,0.9375,6,44,07:14,19:19,2025-03-18 01:03:25.862263,Marina di Stabia,31.1,6.639279,14.05905,5.7798514,10.930394,EU EEA Common AQI,73.8,6.5582366,13.21546,3600,4.811594,100,100,51.4,8.937198,Very Low,75.5,6.355935,100,1739186100,Very Low,9.633085,6.8510075,Very Low,6.062216,42.9,5.362319,100,1739186100,5.362319
2025-03-18T01:03:37Z,0,30.014,72.7,35,51.4,10,13,88,72,0.14,255,32767,0.14,2056-9-18,0.02,0.5,23.82,0.0,0.0,0.0,0,0.9375,6,44,07:14,19:19,2025-03-18 01:03:36.942268,Marina di Stabia,31.1,6.639279,14.05905,5.7798514,10.930394,EU EEA Common AQI,73.8,6.5582366,13.21546,3600,4.811594,100,100,51.4,8.937198,Very Low,75.5,6.355935,100,1739186100,Very Low,9.633085,6.8510075,Very Low,6.062216,42.9,5.362319,100,1739186100,5.362319
2025-03-18T01:03:48Z,0,30.014,72.7,35,51.4,12,13,77,72,0.14,255,32767,0.14,2056-9-18,0.02,0.5,23.82,0.0,0.0,0.0,0,0.9375,6,44,07:14,19:19,2025-03-18 01:03:48.028257,Marina di Stabia,31.1,6.639279,14.05905,5.7798514,10.930394,EU EEA Common AQI,73.8,6.5582366,13.21546,3600,4.811594,100,100,51.4,8.937198,Very Low,75.5,6.355935,100,1739186100,Very Low,9.633085,6.8510075,Very Low,6.062216,42.9,5.362319,100,1739186100,5.362319
2025-03-18T01:03:59Z,0,30.014,72.7,35,51.4,15,13,86,73,0.14,255,32767,0.14,2056-9-18,0.02,0.5,23.82,0.0,0.0,0.0,0,0.9375,6,44,07:14,19:19,2025-03-18 01:03:59.113276,Marina di Stabia,31.1,6.639279,14.05905,5.7798514,10.930394,EU EEA Common AQI,73.8,6.5582366,13.21546,3600,4.811594,100,100,51.4,8.937198,Very Low,75.5,6.355935,100,1739186100,Very Low,9.633085,6.8510075,Very Low,6.062216,42.9,5.362319,100,1739186100,5.362319
2025-03-18T01:04:10Z,0,30.014,72.7,35,51.4,16,13,80,73,0.14,255,32767,0.14,2056-9-18,0.02,0.5,23.82,0.0,0.0,0.0,0,0.9375,6,44,07:14,19:19,2025-03-18 01:04:10.192263,Marina di Stabia,31.1,6.639279,14.05905,5.7798514,10.930394,EU EEA Common AQI,73.8,6.5582366,13.21546,3600,4.811594,100,100,51.4,8.937198,Very Low,75.5,6.355935,100,1739186100,Very Low,9.633085,6.8510075,Very Low,6.062216,42.9,5.362319,100,1739186100,5.362319
2025-03-18T01:04:21Z,0,30.014,72.7,35,51.4,13,13,71,73,0.14,255,32767,0.14,2056-9-18,0.02,0.5,23.82,0.0,0.0,0.0,0,0.9375,6,44,07:14,19:19,2025-03-18 01:04:21.270261,Marina di Stabia,31.1,6.639279,14.05905,5.7798514,10.930394,EU EEA Common AQI,73.8,6.5582366,13.21546,3600,4.811594,100,100,51.4,8.937198,Very Low,75.5,6.355935,100,1739186100,Very Low,9.633085,6.8510075,Very Low,6.062216,42.9,5.362319,100,1739186100,5.362319
2025-03-18T01:04:32Z,0,30.014,72.7,35,51.4,17,13,71,73,0.14,255,32767,0.14,2056-9-18,0.02,0.5,23.82,0.0,0.0,0.0,0,0.9375,6,44,07:14,19:19,2025-03-18 01:04:32.373219,Marina di Stabia,31.1,6.639279,14.05905,5.7798514,10.930394,EU EEA Common AQI,73.8,6.5582366,13.21546,3600,4.811594,100,100,51.4,8.937198,Very Low,75.5,6.355935,100,1739186100,Very Low,9.633085,6.8510075,Very Low,6.062216,42.9,5.362319,100,1739186100,5.362319
2025-03-18T01:04:43Z,0,30.014,72.7,35,51.4,15,13,82,73,0.14,255,32767,0.14,2056-9-18,0.02,0.5,23.82,0.0,0.0,0.0,0,0.9375,6,44,07:14,19:19,2025-03-18 01:04:43.445265,Marina di Stabia,31.1,6.639279,14.05905,5.7798514,10.930394,EU EEA Common AQI,73.8,6.5582366,13.21546,3600,4.811594,100,100,51.4,8.937198,Very Low,75.5,6.355935,100,1739186100,Very Low,9.633085,6.8510075,Very Low,6.062216,42.9,5.362319,100,1739186100,5.362319
2025-03-18T01:04:54Z,0,30.014,72.7,35,51.4,16,13,82,73,0.14,255,32767,0.14,2056-9-18,0.02,0.5,23.82,0.0,0.0,0.0,0,0.9375,6,44,07:14,19:19,2025-03-18 01:04:54.519282,Marina di Stabia,31.1,6.639279,14.05905,5.7798514,10.930394,EU EEA Common AQI,73.8,6.5582366,13.21546,3600,4.811594,100,100,51.4,8.937198,Very Low,75.5,6.355935,100,1739186100,Very Low,9.633085,6.8510075,Very Low,6.062216,42.9,5.362319,100,1739186100,5.362319
2025-03-18T01:05:05Z,0,30.013,72.7,35,51.4,13,13,89,73,0.14,255,32767,0.14,2056-9-18,0.02,0.5,23.82,0.0,0.0,0.0,0,0.94921875,6,44,07:14,19:19,2025-03-18 01:05:05.602255,Marina di Stabia,31.1,6.639279,14.05905,5.7798514,10.930394,EU EEA Common AQI,73.8,6.5582366,13.21546,3600,4.811594,100,100,51.4,8.937198,Very Low,75.5,6.355935,100,1739186100,Very Low,9.633085,6.8510075,Very Low,6.062216,42.9,5.362319,100,1739186100,5.362319
2025-03-18T01:05:16Z,0,30.013,72.7,35,51.4,11,13,87,73,0.14,255,32767,0.14,2056-9-18,0.02,0.5,23.82,0.0,0.0,0.0,0,0.94921875,6,44,07:14,19:19,2025-03-18 01:05:16.680273,Marina di Stabia,31.1,6.639279,14.05905,5.7798514,10.930394,EU EEA Common AQI,73.8,6.5582366,13.21546,3600,4.811594,100,100,51.4,8.937198,Very Low,75.5,6.355935,100,1739186100,Very Low,9.633085,6.8510075,Very Low,6.062216,42.9,5.362319,100,1739186100,5.362319
2025-03-18T01:05:28Z,0,30.013,72.7,35,51.3,13,13,83,73,0.14,255,32767,0.14,2056-9-18,0.02,0.5,23.82,0.0,0.0,0.0,0,0.94921875,6,44,07:14,19:19,2025-03-18 01:05:27.805259,Marina di Stabia,31.1,6.639279,14.05905,5.7798514,10.930394,EU EEA Common AQI,73.8,6.5582366,13.21546,3600,4.811594,100,100,51.4,8.937198,Very Low,75.5,6.355935,100,1739186100,Very Low,9.633085,6.8510075,Very Low,6.062216,42.9,5.362319,100,1739186100,5.362319
2025-03-18T01:05:39Z,0,30.013,72.7,35,51.3,11,13,85,73,0.11,255,32767,0.14,2056-9-18,0.02,0.5,23.82,0.0,0.0,0.0,0,0.94921875,6,44,07:14,19:19,2025-03-18 01:05:38.887261,Marina di Stabia,31.1,6.639279,14.05905,5.7798514,10.930394,EU EEA Common AQI,73.8,6.5582366,13.21546,3600,4.811594,100,100,51.4,8.937198,Very Low,75.5,6.355935,100,1739186100,Very Low,9.633085,6.8510075,Very Low,6.062216,42.9,5.362319,100,1739186100,5.362319
2025-03-18T01:05:50Z,0,30.013,72.7,35,51.3,10,13,84,73,0.11,255,32767,0.14,2056-9-18,0.02,0.5,23.82,0.0,0.0,0.0,0,0.94921875,6,44,07:14,19:19,2025-03-18 01:05:50.005261,Marina di Stabia,31.1,6.639279,14.05905,5.7798514,10.930394,EU EEA Common AQI,73.8,6.5582366,13.21546,3600,4.811594,100,100,51.4,8.937198,Very Low,75.5,6.355935,100,1739186100,Very Low,9.633085,6.8510075,Very Low,6.062216,42.9,5.362319,100,1739186100,5.362319
2025-03-18T01:06:01Z,0,30.013,72.7,35,51.3,11,13,84,73,0.11,255,32767,0.14,2056-9-18,0.02,0.5,23.82,0.0,0.0,0.0,0,0.9375,6,44,07:14,19:19,2025-03-18 01:06:01.093260,Marina di Stabia,31.1,6.639279,14.05905,5.7798514,10.930394,EU EEA Common AQI,73.8,6.5582366,13.21546,3600,4.811594,100,100,51.4,8.937198,Very Low,75.5,6.355935,100,1739186100,Very Low,9.633085,6.8510075,Very Low,6.062216,42.9,5.362319,100,1739186100,5.362319
2025-03-18T01:06:12Z,0,30.013,72.7,35,51.2,10,13,80,73,0.11,255,32767,0.14,2056-9-18,0.02,0.5,23.82,0.0,0.0,0.0,0,0.9375,6,44,07:14,19:19,2025-03-18 01:06:12.182265,Marina di Stabia,31.1,6.639279,14.05905,5.7798514,10.930394,EU EEA Common AQI,73.8,6.5582366,13.21546,3600,4.811594,100,100,51.4,8.937198,Very Low,75.5,6.355935,100,1739186100,Very Low,9.633085,6.8510075,Very Low,6.062216,42.9,5.362319,100,1739186100,5.362319
2025-03-18T01:06:23Z,0,30.013,72.7,35,51.2,13,13,98,73,0.1,255,32767,0.14,2056-9-18,0.02,0.5,23.82,0.0,0.0,0.0,0,0.9375,6,44,07:14,19:19,2025-03-18 01:06:23.256255,Marina di Stabia,31.1,6.639279,14.05905,5.7798514,10.930394,EU EEA Common AQI,73.8,6.5582366,13.21546,3600,4.811594,100,100,51.4,8.937198,Very Low,75.5,6.355935,100,1739186100,Very Low,9.633085,6.8510075,Very Low,6.062216,42.9,5.362319,100,1739186100,5.362319
2025-03-18T01:06:34Z,0,30.013,72.7,35,51.2,13,13,103,73,0.1,255,32767,0.14,2056-9-18,0.02,0.5,23.82,0.0,0.0,0.0,0,0.9375,6,44,07:14,19:19,2025-03-18 01:06:34.332255,Marina di Stabia,31.1,6.639279,14.05905,5.7798514,10.930394,EU EEA Common AQI,73.8,6.5582366,13.21546,3600,4.811594,100,100,51.4,8.937198,Very Low,75.5,6.355935,100,1739186100,Very Low,9.633085,6.8510075,Very Low,6.062216,42.9,5.362319,100,1739186100,5.362319
2025-03-18T01:06:45Z,0,30.013,72.7,35,51.2,13,13,86,73,0.1,255,32767,0.15,2056-9-18,0.03,0.51,23.83,0.0,0.0,0.0,0,0.9375,6,44,07:14,19:19,2025-03-18 01:06:45.441265,Marina di Stabia,31.1,6.639279,14.05905,5.7798514,10.930394,EU EEA Common AQI,73.8,6.5582366,13.21546,3600,4.811594,100,100,51.4,8.937198,Very Low,75.5,6.355935,100,1739186100,Very Low,9.633085,6.8510075,Very Low,6.062216,42.9,5.362319,100,1739186100,5.362319
2025-03-18T01:06:56Z,0,30.013,72.7,35,51.2,13,13,83,73,0.1,255,32767,0.15,2056-9-18,0.03,0.51,23.83,0.0,0.0,0.0,0,0.9375,6,44,07:14,19:19,2025-03-18 01:06:56.535261,Marina di Stabia,31.1,6.639279,14.05905,5.7798514,10.930394,EU EEA Common AQI,73.8,6.5582366,13.21546,3600,4.811594,100,100,51.4,8.937198,Very Low,75.5,6.355935,100,1739186100,Very Low,9.633085,6.8510075,Very Low,6.062216,42.9,5.362319,100,1739186100,5.362319
2025-03-18T01:07:07Z,0,30.014,72.7,35,51.2,13,13,83,73,0.1,255,32767,0.15,2056-9-18,0.03,0.51,23.83,0.0,0.0,0.0,0,1.142578125,6,44,07:14,19:19,2025-03-18 01:07:07.635261,Marina di Stabia,31.1,6.639279,14.05905,5.7798514,10.930394,EU EEA Common AQI,73.8,6.5582366,13.21546,3600,4.811594,100,100,51.4,8.937198,Very Low,75.5,6.355935,100,1739186100,Very Low,9.633085,6.8510075,Very Low,6.062216,42.9,5.362319,100,1739186100,5.362319
2025-03-18T01:07:18Z,0,30.014,72.7,35,51.2,12,13,78,73,0.1,255,32767,0.15,2056-9-18,0.03,0.51,23.83,0.0,0.0,0.0,0,1.142578125,6,44,07:14,19:19,2025-03-18 01:07:18.723258,Marina di Stabia,31.1,6.639279,14.05905,5.7798514,10.930394,EU EEA Common AQI,73.8,6.5582366,13.21546,3600,4.811594,100,100,51.4,8.937198,Very Low,75.5,6.355935,100,1739186100,Very Low,9.633085,6.8510075,Very Low,6.062216,42.9,5.362319,100,1739186100,5.362319
2025-03-18T01:07:30Z,0,30.014,72.7,35,51.2,15,13,103,73,0.1,255,32767,0.15,2056-9-18,0.03,0.51,23.83,0.0,0.0,0.0,0,1.142578125,6,44,07:14,19:19,2025-03-18 01:07:29.849256,Marina di Stabia,31.1,6.639279,14.05905,5.7798514,10.930394,EU EEA Common AQI,73.8,6.5582366,13.21546,3600,4.811594,100,100,51.4,8.937198,Very Low,75.5,6.355935,100,1739186100,Very Low,9.633085,6.8510075,Very Low,6.062216,42.9,5.362319,100,1739186100,5.362319
2025-03-18T01:07:41Z,0,30.014,72.7,35,51.2,11,13,73,73,0.1,255,32767,0.15,2056-9-18,0.03,0.51,23.83,0.0,0.0,0.0,0,1.142578125,6,44,07:14,19:19,2025-03-18 01:07:40.969258,Marina di Stabia,31.1,6.639279,14.05905,5.7798514,10.930394,EU EEA Common AQI,73.8,6.5582366,13.21546,3600,4.811594,100,100,51.4,8.937198,Very Low,75.5,6.355935,100,1739186100,Very Low,9.633085,6.8510075,Very Low,6.062216,42.9,5.362319,100,1739186100,5.362319
2025-03-18T01:07:52Z,0,30.014,72.7,35,51.1,11,13,94,73,0.1,255,32767,0.15,2056-9-18,0.03,0.51,23.83,0.0,0.0,0.0,0,1.142578125,6,44,07:14,19:19,2025-03-18 01:07:52.045266,Marina di Stabia,31.1,6.639279,14.05905,5.7798514,10.930394,EU EEA Common AQI,73.8,6.5582366,13.21546,3600,4.811594,100,100,51.4,8.937198,Very Low,75.5,6.355935,100,1739186100,Very Low,9.633085,6.8510075,Very Low,6.062216,42.9,5.362319,100,1739186100,5.362319
2025-03-18T01:08:03Z,0,30.015,72.7,35,51.1,10,13,81,73,0.1,255,32767,0.15,2056-9-18,0.03,0.51,23.83,0.0,0.0,0.0,0,0.9375,6,44,07:14,19:19,2025-03-18 01:08:03.160263,Marina di Stabia,31.1,6.639279,14.05905,5.7798514,10.930394,EU EEA Common AQI,73.8,6.5582366,13.21546,3600,4.811594,100,100,51.4,8.937198,Very Low,75.5,6.355935,100,1739186100,Very Low,9.633085,6.8510075,Very Low,6.062216,42.9,5.362319,100,1739186100,5.362319
2025-03-18T01:08:14Z,0,30.015,72.7,35,51.1,9,13,74,74,0.1,255,32767,0.15,2056-9-18,0.03,0.51,23.83,0.0,0.0,0.0,0,0.9375,6,44,07:14,19:19,2025-03-18 01:08:14.259265,Marina di Stabia,31.1,6.639279,14.05905,5.7798514,10.930394,EU EEA Common AQI,73.8,6.5582366,13.21546,3600,4.811594,100,100,51.4,8.937198,Very Low,75.5,6.355935,100,1739186100,Very Low,9.633085,6.8510075,Very Low,6.062216,42.9,5.362319,100,1739186100,5.362319
2025-03-18T01:08:25Z,0,30.015,72.7,35,51.1,11,13,68,74,0.1,255,32767,0.15,2056-9-18,0.03,0.51,23.83,0.0,0.0,0.0,0,0.9375,6,44,07:14,19:19,2025-03-18 01:08:25.354263,Marina di Stabia,31.1,6.639279,14.05905,5.7798514,10.930394,EU EEA Common AQI,73.8,6.5582366,13.21546,3600,4.811594,100,100,51.4,8.937198,Very Low,75.5,6.355935,100,1739186100,Very Low,9.633085,6.8510075,Very Low,6.062216,42.9,5.362319,100,1739186100,5.362319
2025-03-18T01:08:36Z,0,30.015,72.7,35,51.1,10,13,84,74,0.1,255,32767,0.15,2056-9-18,0.03,0.51,23.83,0.0,0.0,0.0,0,0.9375,6,44,07:14,19:19,2025-03-18 01:08:36.472221,Marina di Stabia,31.1,6.639279,14.05905,5.7798514,10.930394,EU EEA Common AQI,73.8,6.5582366,13.21546,3600,4.811594,100,100,51.4,8.937198,Very Low,75.5,6.355935,100,1739186100,Very Low,9.633085,6.8510075,Very Low,6.062216,42.9,5.362319,100,1739186100,5.362319
2025-03-18T01:08:47Z,0,30.015,72.7,35,51.1,10,13,78,74,0.1,255,32767,0.15,2056-9-18,0.03,0.51,23.83,0.0,0.0,0.0,0,0.9375,6,44,07:14,19:19,2025-03-18 01:08:47.562259,Marina di Stabia,31.1,6.639279,14.05905,5.7798514,10.930394,EU EEA Common AQI,73.8,6.5582366,13.21546,3600,4.811594,100,100,51.4,8.937198,Very Low,75.5,6.355935,100,1739186100,Very Low,9.633085,6.8510075,Very Low,6.062216,42.9,5.362319,100,1739186100,5.362319
2025-03-18T01:08:58Z,0,30.014,72.7,35,51.0,18,13,80,74,0.1,255,32767,0.15,2056-9-18,0.03,0.51,23.83,0.0,0.0,0.0,0,1.939453125,6,44,07:14,19:19,2025-03-18 01:08:58.637257,Marina di Stabia,31.1,6.639279,14.05905,5.7798514,10.930394,EU EEA Common AQI,73.8,6.5582366,13.21546,3600,4.811594,100,100,51.4,8.937198,Very Low,75.5,6.355935,100,1739186100,Very Low,9.633085,6.8510075,Very Low,6.062216,42.9,5.362319,100,1739186100,5.362319
2025-03-18T01:09:09Z,0,30.014,72.7,35,51.0,12,13,76,74,0.1,255,32767,0.15,2056-9-18,0.03,0.51,23.83,0.0,0.0,0.0,0,1.939453125,6,44,07:14,19:19,2025-03-18 01:09:09.700971,Marina di Stabia,31.1,6.639279,14.05905,5.7798514,10.930394,EU EEA Common AQI,73.8,6.5582366,13.21546,3600,4.811594,100,100,51.4,8.937198,Very Low,75.5,6.355935,100,1739186100,Very Low,9.633085,6.8510075,Very Low,6.062216,42.9,5.362319,100,1739186100,5.362319
2025-03-18T01:09:21Z,0,30.014,72.7,35,51.0,15,13,80,74,0.1,255,32767,0.15,2056-9-18,0.03,0.51,23.83,0.0,0.0,0.0,0,1.939453125,6,44,07:14,19:19,2025-03-18 01:09:20.807264,Marina di Stabia,31.1,6.639279,14.05905,5.7798514,10.930394,EU EEA Common AQI,73.8,6.5582366,13.21546,3600,4.811594,100,100,51.4,8.937198,Very Low,75.5,6.355935,100,1739186100,Very Low,9.633085,6.8510075,Very Low,6.062216,42.9,5.362319,100,1739186100,5.362319
2025-03-18T01:09:32Z,0,30.014,72.7,35,51.0,17,13,86,74,0.1,255,32767,0.15,2056-9-18,0.03,0.51,23.83,0.0,0.0,0.0,0,1.939453125,6,44,07:14,19:19,2025-03-18 01:09:31.899264,Marina di Stabia,31.1,6.639279,14.05905,5.7798514,10.930394,EU EEA Common AQI,73.8,6.5582366,13.21546,3600,4.811594,100,100,51.4,8.937198,Very Low,75.5,6.355935,100,1739186100,Very Low,9.633085,6.8510075,Very Low,6.062216,42.9,5.362319,100,1739186100,5.362319
2025-03-18T01:09:43Z,0,30.014,72.7,35,51.0,12,13,84,74,0.1,255,32767,0.15,2056-9-18,0.03,0.51,23.83,0.0,0.0,0.0,0,1.939453125,6,44,07:14,19:19,2025-03-18 01:09:42.983221,Marina di Stabia,31.1,6.639279,14.05905,5.7798514,10.930394,EU EEA Common AQI,73.8,6.5582366,13.21546,3600,4.811594,100,100,51.4,8.937198,Very Low,75.5,6.355935,100,1739186100,Very Low,9.633085,6.8510075,Very Low,6.062216,42.9,5.362319,100,1739186100,5.362319
2025-03-18T01:09:54Z,0,30.014,72.7,35,51.0,14,13,74,74,0.1,255,32767,0.15,2056-9-18,0.03,0.51,23.83,0.0,0.0,0.0,0,1.939453125,6,44,07:14,19:19,2025-03-18 01:09:54.061259,Marina di Stabia,31.1,6.639279,14.05905,5.7798514,10.930394,EU EEA Common AQI,73.8,6.5582366,13.21546,3600,4.811594,100,100,51.4,8.937198,Very Low,75.5,6.355935,100,1739186100,Very Low,9.633085,6.8510075,Very Low,6.062216,42.9,5.362319,100,1739186100,5.362319
2025-03-18T01:10:05Z,0,30.015,72.6,35,51.1,12,13,88,74,0.1,255,32767,0.15,2056-9-18,0.03,0.51,23.83,0.0,0.0,0.0,0,0.9375,6,44,07:14,19:19,2025-03-18 01:10:05.138258,Marina di Stabia,31.1,6.639279,14.05905,5.7798514,10.930394,EU EEA Common AQI,73.8,6.5582366,13.21546,3600,4.811594,100,100,51.4,8.937198,Very Low,75.5,6.355935,100,1739186100,Very Low,9.633085,6.8510075,Very Low,6.062216,42.9,5.362319,100,1739186100,5.362319
2025-03-18T01:10:16Z,0,30.015,72.6,35,51.0,11,13,81,74,0.1,255,32767,0.15,2056-9-18,0.03,0.51,23.83,0.0,0.0,0.0,0,0.9375,6,44,07:14,19:19,2025-03-18 01:10:16.253267,Marina di Stabia,31.1,6.639279,14.05905,5.7798514,10.930394,EU EEA Common AQI,73.8,6.5582366,13.21546,3600,4.811594,100,100,51.4,8.937198,Very Low,75.5,6.355935,100,1739186100,Very Low,9.633085,6.8510075,Very Low,6.062216,42.9,5.362319,100,1739186100,5.362319
2025-03-18T01:10:27Z,0,30.015,72.6,35,51.0,13,13,81,74,0.1,255,32767,0.15,2056-9-18,0.03,0.51,23.83,0.0,0.0,0.0,0,0.9375,6,44,07:14,19:19,2025-03-18 01:10:27.380263,Marina di Stabia,31.1,6.639279,14.05905,5.7798514,10.930394,EU EEA Common AQI,73.8,6.5582366,13.21546,3600,4.811594,100,100,51.4,8.937198,Very Low,75.5,6.355935,100,1739186100,Very Low,9.633085,6.8510075,Very Low,6.062216,42.9,5.362319,100,1739186100,5.362319
2025-03-18T01:10:38Z,0,30.015,72.6,35,51.0,13,13,82,74,0.1,255,32767,0.15,2056-9-18,0.03,0.51,23.83,0.0,0.0,0.0,0,0.9375,6,44,07:14,19:19,2025-03-18 01:10:38.459256,Marina di Stabia,31.1,6.639279,14.05905,5.7798514,10.930394,EU EEA Common AQI,73.8,6.5582366,13.21546,3600,4.811594,100,100,51.4,8.937198,Very Low,75.5,6.355935,100,1739186100,Very Low,9.633085,6.8510075,Very Low,6.062216,42.9,5.362319,100,1739186100,5.362319
2025-03-18T01:10:49Z,0,30.015,72.6,35,51.0,13,13,75,74,0.1,255,32767,0.15,2056-9-18,0.03,0.51,23.83,0.0,0.0,0.0,0,0.9375,6,44,07:14,19:19,2025-03-18 01:10:49.535260,Marina di Stabia,31.1,6.639279,14.05905,5.7798514,10.930394,EU EEA Common AQI,73.8,6.5582366,13.21546,3600,4.811594,100,100,51.4,8.937198,Very Low,75.5,6.355935,100,1739186100,Very Low,9.633085,6.8510075,Very Low,6.062216,42.9,5.362319,100,1739186100,5.362319
2025-03-18T01:11:00Z,0,30.014,72.6,35,51.0,13,13,77,74,0.1,255,32767,0.15,2056-9-18,0.03,0.51,23.83,0.0,0.0,0.0,0,0.966796875,6,44,07:14,19:19,2025-03-18 01:11:00.649269,Marina di Stabia,31.1,6.639279,14.05905,5.7798514,10.930394,EU EEA Common AQI,73.8,6.5582366,13.21546,3600,4.811594,100,100,51.4,8.937198,Very Low,75.5,6.355935,100,1739186100,Very Low,9.633085,6.8510075,Very Low,6.062216,42.9,5.362319,100,1739186100,5.362319
2025-03-18T01:11:12Z,0,30.014,72.6,35,51.0,16,13,75,74,0.1,255,32767,0.15,2056-9-18,0.03,0.51,23.83,0.0,0.0,0.0,0,0.966796875,6,44,07:14,19:19,2025-03-18 01:11:11.852258,Marina di Stabia,31.1,6.639279,14.05905,5.7798514,10.930394,EU EEA Common AQI,73.8,6.5582366,13.21546,3600,4.811594,100,100,51.4,8.937198,Very Low,75.5,6.355935,100,1739186100,Very Low,9.633085,6.8510075,Very Low,6.062216,42.9,5.362319,100,1739186100,5.362319
2025-03-18T01:11:23Z,0,30.014,72.6,35,51.0,13,13,76,74,0.1,255,32767,0.15,2056-9-18,0.03,0.51,23.83,0.0,0.0,0.0,0,0.966796875,6,44,07:14,19:19,2025-03-18 01:11:22.936395,Marina di Stabia,31.1,6.639279,14.05905,5.7798514,10.930394,EU EEA Common AQI,73.8,6.5582366,13.21546,3600,4.811594,100,100,51.4,8.937198,Very Low,75.5,6.355935,100,1739186100,Very Low,9.633085,6.8510075,Very Low,6.062216,42.9,5.362319,100,1739186100,5.362319
2025-03-18T01:11:34Z,0,30.014,72.6,35,51.0,14,13,88,74,0.1,255,32767,0.15,2056-9-18,0.03,0.51,23.83,0.0,0.0,0.0,0,0.966796875,6,44,07:14,19:19,2025-03-18 01:11:34.021261,Marina di Stabia,31.1,6.639279,14.05905,5.7798514,10.930394,EU EEA Common AQI,73.8,6.5582366,13.21546,3600,4.811594,100,100,51.4,8.937198,Very Low,75.5,6.355935,100,1739186100,Very Low,9.633085,6.8510075,Very Low,6.062216,42.9,5.362319,100,1739186100,5.362319
2025-03-18T01:11:45Z,0,30.014,72.6,35,51.0,11,13,100,74,0.1,255,32767,0.15,2056-9-18,0.03,0.51,23.83,0.0,0.0,0.0,0,0.966796875,6,44,07:14,19:19,2025-03-18 01:11:45.109263,Marina di Stabia,31.1,6.639279,14.05905,5.7798514,10.930394,EU EEA Common AQI,73.8,6.5582366,13.21546,3600,4.811594,100,100,51.4,8.937198,Very Low,75.5,6.355935,100,1739186100,Very Low,9.633085,6.8510075,Very Low,6.062216,42.9,5.362319,100,1739186100,5.362319
2025-03-18T01:11:56Z,0,30.014,72.6,35,51.0,14,13,86,74,0.1,255,32767,0.15,2056-9-18,0.03,0.51,23.83,0.0,0.0,0.0,0,0.966796875,6,44,07:14,19:19,2025-03-18 01:11:56.190269,Marina di Stabia,31.1,6.639279,14.05905,5.7798514,10.930394,EU EEA Common AQI,73.8,6.5582366,13.21546,3600,4.811594,100,100,51.4,8.937198,Very Low,75.5,6.355935,100,1739186100,Very Low,9.633085,6.8510075,Very Low,6.062216,42.9,5.362319,100,1739186100,5.362319
2025-03-18T01:12:07Z,0,30.016,72.6,35,51.0,10,13,71,74,0.1,255,32767,0.15,2056-9-18,0.03,0.51,23.83,0.0,0.0,0.0,0,0.984375,6,44,07:14,19:19,2025-03-18 01:12:07.268265,Marina di Stabia,31.1,6.639279,14.05905,5.7798514,10.930394,EU EEA Common AQI,73.8,6.5582366,13.21546,3600,4.811594,100,100,51.4,8.937198,Very Low,75.5,6.355935,100,1739186100,Very Low,9.633085,6.8510075,Very Low,6.062216,42.9,5.362319,100,1739186100,5.362319
2025-03-18T01:12:18Z,0,30.016,72.6,35,51.0,14,13,69,74,0.1,255,32767,0.15,2056-9-18,0.03,0.51,23.83,0.0,0.0,0.0,0,0.984375,6,44,07:14,19:19,2025-03-18 01:12:18.386258,Marina di Stabia,31.1,6.639279,14.05905,5.7798514,10.930394,EU EEA Common AQI,73.8,6.5582366,13.21546,3600,4.811594,100,100,51.4,8.937198,Very Low,75.5,6.355935,100,1739186100,Very Low,9.633085,6.8510075,Very Low,6.062216,42.9,5.362319,100,1739186100,5.362319
2025-03-18T01:12:29Z,0,30.016,72.6,35,51.0,14,13,71,74,0.1,255,32767,0.15,2056-9-18,0.03,0.51,23.83,0.0,0.0,0.0,0,0.984375,6,44,07:14,19:19,2025-03-18 01:12:29.500259,Marina di Stabia,31.1,6.639279,14.05905,5.7798514,10.930394,EU EEA Common AQI,73.8,6.5582366,13.21546,3600,4.811594,100,100,51.4,8.937198,Very Low,75.5,6.355935,100,1739186100,Very Low,9.633085,6.8510075,Very Low,6.062216,42.9,5.362319,100,1739186100,5.362319
2025-03-18T01:12:40Z,0,30.016,72.6,35,51.0,16,13,76,74,0.1,255,32767,0.15,2056-9-18,0.03,0.51,23.83,0.0,0.0,0.0,0,0.984375,6,44,07:14,19:19,2025-03-18 01:12:40.588258,Marina di Stabia,31.1,6.639279,14.05905,5.7798514,10.930394,EU EEA Common AQI,73.8,6.5582366,13.21546,3600,4.811594,100,100,51.4,8.937198,Very Low,75.5,6.355935,100,1739186100,Very Low,9.633085,6.8510075,Very Low,6.062216,42.9,5.362319,100,1739186100,5.362319
2025-03-18T01:12:51Z,0,30.016,72.6,35,51.0,12,13,74,74,0.09,255,32767,0.15,2056-9-18,0.03,0.51,23.83,0.0,0.0,0.0,0,0.984375,6,44,07:14,19:19,2025-03-18 01:12:51.678240,Marina di Stabia,31.1,6.639279,14.05905,5.7798514,10.930394,EU EEA Common AQI,73.8,6.5582366,13.21546,3600,4.811594,100,100,51.4,8.937198,Very Low,75.5,6.355935,100,1739186100,Very Low,9.633085,6.8510075,Very Low,6.062216,42.9,5.362319,100,1739186100,5.362319
2025-03-18T01:13:02Z,0,30.016,72.6,35,51.0,14,13,67,74,0.09,255,32767,0.15,2056-9-18,0.03,0.51,23.83,0.0,0.0,0.0,0,0.9375,6,44,07:14,19:19,2025-03-18 01:13:02.760264,Marina di Stabia,31.1,6.639279,14.05905,5.7798514,10.930394,EU EEA Common AQI,73.8,6.5582366,13.21546,3600,4.811594,100,100,51.4,8.937198,Very Low,75.5,6.355935,100,1739186100,Very Low,9.633085,6.8510075,Very Low,6.062216,42.9,5.362319,100,1739186100,5.362319
2025-03-18T01:13:14Z,0,30.016,72.6,35,51.0,15,13,80,74,0.09,255,32767,0.15,2056-9-18,0.03,0.51,23.83,0.0,0.0,0.0,0,0.9375,6,44,07:14,19:19,2025-03-18 01:13:13.861256,Marina di Stabia,31.1,6.639279,14.05905,5.7798514,10.930394,EU EEA Common AQI,73.8,6.5582366,13.21546,3600,4.811594,100,100,51.4,8.937198,Very Low,75.5,6.355935,100,1739186100,Very Low,9.633085,6.8510075,Very Low,6.062216,42.9,5.362319,100,1739186100,5.362319
2025-03-18T01:13:25Z,0,30.016,72.6,35,51.0,13,13,77,73,0.09,255,32767,0.15,2056-9-18,0.03,0.51,23.83,0.0,0.0,0.0,0,0.9375,6,44,07:14,19:19,2025-03-18 01:13:24.982271,Marina di Stabia,31.1,6.639279,14.05905,5.7798514,10.930394,EU EEA Common AQI,73.8,6.5582366,13.21546,3600,4.811594,100,100,51.4,8.937198,Very Low,75.5,6.355935,100,1739186100,Very Low,9.633085,6.8510075,Very Low,6.062216,42.9,5.362319,100,1739186100,5.362319
2025-03-18T01:13:36Z,0,30.016,72.6,35,51.0,13,13,80,73,0.09,255,32767,0.15,2056-9-18,0.03,0.51,23.83,0.0,0.0,0.0,0,0.9375,6,44,07:14,19:19,2025-03-18 01:13:36.073262,Marina di Stabia,31.1,6.639279,14.05905,5.7798514,10.930394,EU EEA Common AQI,73.8,6.5582366,13.21546,3600,4.811594,100,100,51.4,8.937198,Very Low,75.5,6.355935,100,1739186100,Very Low,9.633085,6.8510075,Very Low,6.062216,42.9,5.362319,100,1739186100,5.362319
2025-03-18T01:13:47Z,0,30.016,72.6,35,51.0,14,13,64,73,0.08,255,32767,0.15,2056-9-18,0.03,0.51,23.83,0.0,0.0,0.0,0,0.9375,6,44,07:14,19:19,2025-03-18 01:13:47.154258,Marina di Stabia,31.1,6.639279,14.05905,5.7798514,10.930394,EU EEA Common AQI,73.8,6.5582366,13.21546,3600,4.811594,100,100,51.4,8.937198,Very Low,75.5,6.355935,100,1739186100,Very Low,9.633085,6.8510075,Very Low,6.062216,42.9,5.362319,100,1739186100,5.362319
2025-03-18T01:13:58Z,0,30.013,72.6,35,51.0,14,13,76,73,0.08,255,32767,0.15,2056-9-18,0.03,0.51,23.83,0.0,0.0,0.0,0,1.34765625,6,44,07:14,19:19,2025-03-18 01:13:58.235266,Marina di Stabia,31.1,6.639279,14.05905,5.7798514,10.930394,EU EEA Common AQI,73.8,6.5582366,13.21546,3600,4.811594,100,100,51.4,8.937198,Very Low,75.5,6.355935,100,1739186100,Very Low,9.633085,6.8510075,Very Low,6.062216,42.9,5.362319,100,1739186100,5.362319
2025-03-18T01:14:09Z,0,30.013,72.6,35,51.1,16,13,65,73,0.08,255,32767,0.15,2056-9-18,0.03,0.51,23.83,0.0,0.0,0.0,0,1.34765625,6,44,07:14,19:19,2025-03-18 01:14:09.362256,Marina di Stabia,31.1,6.639279,14.05905,5.7798514,10.930394,EU EEA Common AQI,73.8,6.5582366,13.21546,3600,4.811594,100,100,51.4,8.937198,Very Low,75.5,6.355935,100,1739186100,Very Low,9.633085,6.8510075,Very Low,6.062216,42.9,5.362319,100,1739186100,5.362319
2025-03-18T01:14:20Z,0,30.013,72.6,35,51.0,11,13,82,73,0.07,255,32767,0.15,2056-9-18,0.03,0.51,23.83,0.0,0.0,0.0,0,1.34765625,6,44,07:14,19:19,2025-03-18 01:14:20.443260,Marina di Stabia,31.1,6.639279,14.05905,5.7798514,10.930394,EU EEA Common AQI,73.8,6.5582366,13.21546,3600,4.811594,100,100,51.4,8.937198,Very Low,75.5,6.355935,100,1739186100,Very Low,9.633085,6.8510075,Very Low,6.062216,42.9,5.362319,100,1739186100,5.362319
2025-03-18T01:14:31Z,0,30.013,72.6,35,51.0,14,13,65,73,0.07,255,32767,0.15,2056-9-18,0.03,0.51,23.83,0.0,0.0,0.0,0,1.34765625,6,44,07:14,19:19,2025-03-18 01:14:31.533260,Marina di Stabia,31.1,6.639279,14.05905,5.7798514,10.930394,EU EEA Common AQI,73.8,6.5582366,13.21546,3600,4.811594,100,100,51.4,8.937198,Very Low,75.5,6.355935,100,1739186100,Very Low,9.633085,6.8510075,Very Low,6.062216,42.9,5.362319,100,1739186100,5.362319
2025-03-18T01:14:42Z,0,30.013,72.6,35,51.0,12,13,76,73,0.07,255,32767,0.15,2056-9-18,0.03,0.51,23.83,0.0,0.0,0.0,0,1.34765625,6,44,07:14,19:19,2025-03-18 01:14:42.612258,Marina di Stabia,31.1,6.639279,14.05905,5.7798514,10.930394,EU EEA Common AQI,73.8,6.5582366,13.21546,3600,4.811594,100,100,51.4,8.937198,Very Low,75.5,6.355935,100,1739186100,Very Low,9.633085,6.8510075,Very Low,6.062216,42.9,5.362319,100,1739186100,5.362319
2025-03-18T01:14:53Z,0,30.013,72.6,35,51.0,12,13,85,73,0.07,255,32767,0.15,2056-9-18,0.03,0.51,23.83,0.0,0.0,0.0,0,1.34765625,6,44,07:14,19:19,2025-03-18 01:14:53.703250,Marina di Stabia,31.1,6.639279,14.05905,5.7798514,10.930394,EU EEA Common AQI,73.8,6.5582366,13.21546,3600,4.811594,100,100,51.4,8.937198,Very Low,75.5,6.355935,100,1739186100,Very Low,9.633085,6.8510075,Very Low,6.062216,42.9,5.362319,100,1739186100,5.362319
2025-03-18T01:15:04Z,0,30.018,72.6,35,51.0,12,13,94,74,0.07,255,32767,0.15,2056-9-18,0.03,0.51,23.83,0.0,0.0,0.0,0,0.9375,6,44,07:14,19:19,2025-03-18 01:15:04.789259,Marina di Stabia,31.1,6.639279,14.05905,5.7798514,10.930394,EU EEA Common AQI,73.8,6.5582366,13.21546,3600,4.811594,100,100,51.4,8.937198,Very Low,75.5,6.355935,100,1739186100,Very Low,9.633085,6.8510075,Very Low,6.062216,42.9,5.362319,100,1739186100,5.362319
2025-03-18T01:15:16Z,0,30.018,72.6,35,51.0,13,13,80,74,0.07,255,32767,0.15,2056-9-18,0.03,0.51,23.83,0.0,0.0,0.0,0,0.9375,6,44,07:14,19:19,2025-03-18 01:15:15.914230,Marina di Stabia,31.1,6.639279,14.05905,5.7798514,10.930394,EU EEA Common AQI,73.8,6.5582366,13.21546,3600,4.811594,100,100,51.4,8.937198,Very Low,75.5,6.355935,100,1739186100,Very Low,9.633085,6.8510075,Very Low,6.062216,42.9,5.362319,100,1739186100,5.362319
2025-03-18T01:15:27Z,0,30.018,72.6,35,51.0,14,13,92,74,0.07,255,32767,0.15,2056-9-18,0.03,0.51,23.83,0.0,0.0,0.0,0,0.9375,6,44,07:14,19:19,2025-03-18 01:15:26.992222,Marina di Stabia,31.1,6.639279,14.05905,5.7798514,10.930394,EU EEA Common AQI,73.8,6.5582366,13.21546,3600,4.811594,100,100,51.4,8.937198,Very Low,75.5,6.355935,100,1739186100,Very Low,9.633085,6.8510075,Very Low,6.062216,42.9,5.362319,100,1739186100,5.362319
2025-03-18T01:15:38Z,0,30.018,72.6,35,51.0,11,13,74,74,0.06,255,32767,0.15,2056-9-18,0.03,0.51,23.83,0.0,0.0,0.0,0,0.9375,6,44,07:14,19:19,2025-03-18 01:15:38.068265,Marina di Stabia,31.1,6.639279,14.05905,5.7798514,10.930394,EU EEA Common AQI,73.8,6.5582366,13.21546,3600,4.811594,100,100,51.4,8.937198,Very Low,75.5,6.355935,100,1739186100,Very Low,9.633085,6.8510075,Very Low,6.062216,42.9,5.362319,100,1739186100,5.362319
2025-03-18T01:15:49Z,0,30.018,72.6,35,51.0,10,13,89,74,0.06,255,32767,0.15,2056-9-18,0.03,0.51,23.83,0.0,0.0,0.0,0,0.9375,6,44,07:14,19:19,2025-03-18 01:15:49.151259,Marina di Stabia,31.1,6.639279,14.05905,5.7798514,10.930394,EU EEA Common AQI,73.8,6.5582366,13.21546,3600,4.811594,100,100,51.4,8.937198,Very Low,75.5,6.355935,100,1739186100,Very Low,9.633085,6.8510075,Very Low,6.062216,42.9,5.362319,100,1739186100,5.362319
2025-03-18T01:16:00Z,0,30.011,72.6,35,51.0,21,13,86,74,0.06,255,32767,0.16,2056-9-18,0.04,0.52,23.84,0.0,0.0,0.0,0,1.01953125,6,44,07:14,19:19,2025-03-18 01:16:00.236273,Marina di Stabia,31.1,6.639279,14.05905,5.7798514,10.930394,EU EEA Common AQI,73.8,6.5582366,13.21546,3600,4.811594,100,100,51.4,8.937198,Very Low,75.5,6.355935,100,1739186100,Very Low,9.633085,6.8510075,Very Low,6.062216,42.9,5.362319,100,1739186100,5.362319
2025-03-18T01:16:11Z,0,30.011,72.6,35,51.0,19,13,76,74,0.06,255,32767,0.16,2056-9-18,0.04,0.52,23.84,0.0,0.0,0.0,0,1.01953125,6,44,07:14,19:19,2025-03-18 01:16:11.346257,Marina di Stabia,31.1,6.639279,14.05905,5.7798514,10.930394,EU EEA Common AQI,73.8,6.5582366,13.21546,3600,4.811594,100,100,51.4,8.937198,Very Low,75.5,6.355935,100,1739186100,Very Low,9.633085,6.8510075,Very Low,6.062216,42.9,5.362319,100,1739186100,5.362319
2025-03-18T01:16:22Z,0,30.011,72.6,35,51.0,15,13,69,74,0.06,255,32767,0.16,2056-9-18,0.04,0.52,23.84,0.0,0.0,0.0,0,1.01953125,6,44,07:14,19:19,2025-03-18 01:16:22.459262,Marina di Stabia,31.1,6.639279,14.05905,5.7798514,10.930394,EU EEA Common AQI,73.8,6.5582366,13.21546,3600,4.811594,100,100,51.4,8.937198,Very Low,75.5,6.355935,100,1739186100,Very Low,9.633085,6.8510075,Very Low,6.062216,42.9,5.362319,100,1739186100,5.362319
2025-03-18T01:16:33Z,0,30.011,72.6,35,50.9,16,13,88,74,0.06,255,32767,0.16,2056-9-18,0.04,0.52,23.84,0.0,0.0,0.0,0,1.01953125,6,44,07:14,19:19,2025-03-18 01:16:33.546256,Marina di Stabia,31.1,6.639279,14.05905,5.7798514,10.930394,EU EEA Common AQI,73.8,6.5582366,13.21546,3600,4.811594,100,100,51.4,8.937198,Very Low,75.5,6.355935,100,1739186100,Very Low,9.633085,6.8510075,Very Low,6.062216,42.9,5.362319,100,1739186100,5.362319
2025-03-18T01:16:44Z,0,30.011,72.6,35,50.9,15,13,84,74,0.06,255,32767,0.16,2056-9-18,0.04,0.52,23.84,0.0,0.0,0.0,0,1.01953125,6,44,07:14,19:19,2025-03-18 01:16:44.630264,Marina di Stabia,31.1,6.639279,14.05905,5.7798514,10.930394,EU EEA Common AQI,73.8,6.5582366,13.21546,3600,4.811594,100,100,51.4,8.937198,Very Low,75.5,6.355935,100,1739186100,Very Low,9.633085,6.8510075,Very Low,6.062216,42.9,5.362319,100,1739186100,5.362319
2025-03-18T01:16:55Z,0,30.011,72.6,35,50.9,12,13,98,73,0.06,255,32767,0.16,2056-9-18,0.04,0.52,23.84,0.0,0.0,0.0,0,1.01953125,6,44,07:14,19:19,2025-03-18 01:16:55.717259,Marina di Stabia,31.1,6.639279,14.05905,5.7798514,10.930394,EU EEA Common AQI,73.8,6.5582366,13.21546,3600,4.811594,100,100,51.4,8.937198,Very Low,75.5,6.355935,100,1739186100,Very Low,9.633085,6.8510075,Very Low,6.062216,42.9,5.362319,100,1739186100,5.362319
2025-03-18T01:17:06Z,0,30.013,72.6,35,50.9,14,13,81,73,0.06,255,32767,0.16,2056-9-18,0.04,0.52,23.84,0.0,0.0,0.0,0,0.94921875,6,44,07:14,19:19,2025-03-18 01:17:06.789268,Marina di Stabia,31.1,6.639279,14.05905,5.7798514,10.930394,EU EEA Common AQI,73.8,6.5582366,13.21546,3600,4.811594,100,100,51.4,8.937198,Very Low,75.5,6.355935,100,1739186100,Very Low,9.633085,6.8510075,Very Low,6.062216,42.9,5.362319,100,1739186100,5.362319
2025-03-18T01:17:18Z,0,30.013,72.6,35,51.0,13,13,84,73,0.06,255,32767,0.16,2056-9-18,0.04,0.52,23.84,0.0,0.0,0.0,0,0.94921875,6,44,07:14,19:19,2025-03-18 01:17:17.910257,Marina di Stabia,31.1,6.639279,14.05905,5.7798514,10.930394,EU EEA Common AQI,73.8,6.5582366,13.21546,3600,4.811594,100,100,51.4,8.937198,Very Low,75.5,6.355935,100,1739186100,Very Low,9.633085,6.8510075,Very Low,6.062216,42.9,5.362319,100,1739186100,5.362319
2025-03-18T01:17:29Z,0,30.013,72.6,35,51.0,13,13,93,73,0.06,255,32767,0.16,2056-9-18,0.04,0.52,23.84,0.0,0.0,0.0,0,0.94921875,6,44,07:14,19:19,2025-03-18 01:17:29.002267,Marina di Stabia,31.1,6.639279,14.05905,5.7798514,10.930394,EU EEA Common AQI,73.8,6.5582366,13.21546,3600,4.811594,100,100,51.4,8.937198,Very Low,75.5,6.355935,100,1739186100,Very Low,9.633085,6.8510075,Very Low,6.062216,42.9,5.362319,100,1739186100,5.362319
2025-03-18T01:17:40Z,0,30.013,72.6,35,50.9,13,13,91,73,0.06,255,32767,0.16,2056-9-18,0.04,0.52,23.84,0.0,0.0,0.0,0,0.94921875,6,44,07:14,19:19,2025-03-18 01:17:40.084255,Marina di Stabia,31.1,6.639279,14.05905,5.7798514,10.930394,EU EEA Common AQI,73.8,6.5582366,13.21546,3600,4.811594,100,100,51.4,8.937198,Very Low,75.5,6.355935,100,1739186100,Very Low,9.633085,6.8510075,Very Low,6.062216,42.9,5.362319,100,1739186100,5.362319
2025-03-18T01:17:51Z,0,30.013,72.6,35,50.9,19,13,94,73,0.06,255,32767,0.16,2056-9-18,0.04,0.52,23.84,0.0,0.0,0.0,0,0.94921875,6,44,07:14,19:19,2025-03-18 01:17:51.161267,Marina di Stabia,31.1,6.639279,14.05905,5.7798514,10.930394,EU EEA Common AQI,73.8,6.5582366,13.21546,3600,4.811594,100,100,51.4,8.937198,Very Low,75.5,6.355935,100,1739186100,Very Low,9.633085,6.8510075,Very Low,6.062216,42.9,5.362319,100,1739186100,5.362319
2025-03-18T01:18:02Z,0,30.013,72.6,36,50.9,18,14,88,73,0.06,255,32767,0.16,2056-9-18,0.04,0.52,23.84,0.0,0.0,0.0,0,0.9375,6,44,07:14,19:19,2025-03-18 01:18:02.245257,Marina di Stabia,31.1,6.639279,14.05905,5.7798514,10.930394,EU EEA Common AQI,73.8,6.5582366,13.21546,3600,4.811594,100,100,51.4,8.937198,Very Low,75.5,6.355935,100,1739186100,Very Low,9.633085,6.8510075,Very Low,6.062216,42.9,5.362319,100,1739186100,5.362319
2025-03-18T01:18:13Z,0,30.013,72.6,36,50.9,12,14,81,73,0.06,255,32767,0.16,2056-9-18,0.04,0.52,23.84,0.0,0.0,0.0,0,0.9375,6,44,07:14,19:19,2025-03-18 01:18:13.330259,Marina di Stabia,31.1,6.639279,14.05905,5.7798514,10.930394,EU EEA Common AQI,73.8,6.5582366,13.21546,3600,4.811594,100,100,51.4,8.937198,Very Low,75.5,6.355935,100,1739186100,Very Low,9.633085,6.8510075,Very Low,6.062216,42.9,5.362319,100,1739186100,5.362319
2025-03-18T01:18:24Z,0,30.013,72.6,36,50.9,13,14,59,73,0.06,255,32767,0.16,2056-9-18,0.04,0.52,23.84,0.0,0.0,0.0,0,0.9375,6,44,07:14,19:19,2025-03-18 01:18:24.435260,Marina di Stabia,31.1,6.639279,14.05905,5.7798514,10.930394,EU EEA Common AQI,73.8,6.5582366,13.21546,3600,4.811594,100,100,51.4,8.937198,Very Low,75.5,6.355935,100,1739186100,Very Low,9.633085,6.8510075,Very Low,6.062216,42.9,5.362319,100,1739186100,5.362319
2025-03-18T01:18:35Z,0,30.013,72.6,36,50.9,11,14,81,73,0.06,255,32767,0.16,2056-9-18,0.04,0.52,23.84,0.0,0.0,0.0,0,0.9375,6,44,07:14,19:19,2025-03-18 01:18:35.518223,Marina di Stabia,31.1,6.639279,14.05905,5.7798514,10.930394,EU EEA Common AQI,73.8,6.5582366,13.21546,3600,4.811594,100,100,51.4,8.937198,Very Low,75.5,6.355935,100,1739186100,Very Low,9.633085,6.8510075,Very Low,6.062216,42.9,5.362319,100,1739186100,5.362319
2025-03-18T01:18:46Z,0,30.013,72.6,36,51.0,16,14,97,73,0.06,255,32767,0.16,2056-9-18,0.04,0.52,23.84,0.0,0.0,0.0,0,0.9375,6,44,07:14,19:19,2025-03-18 01:18:46.599259,Marina di Stabia,31.1,6.639279,14.05905,5.7798514,10.930394,EU EEA Common AQI,73.8,6.5582366,13.21546,3600,4.811594,100,100,51.4,8.937198,Very Low,75.5,6.355935,100,1739186100,Very Low,9.633085,6.8510075,Very Low,6.062216,42.9,5.362319,100,1739186100,5.362319
2025-03-18T01:18:57Z,0,30.014,72.6,36,51.0,12,14,74,73,0.06,255,32767,0.16,2056-9-18,0.04,0.52,23.84,0.0,0.0,0.0,0,1.095703125,6,44,07:14,19:19,2025-03-18 01:18:57.674269,Marina di Stabia,31.1,6.639279,14.05905,5.7798514,10.930394,EU EEA Common AQI,73.8,6.5582366,13.21546,3600,4.811594,100,100,51.4,8.937198,Very Low,75.5,6.355935,100,1739186100,Very Low,9.633085,6.8510075,Very Low,6.062216,42.9,5.362319,100,1739186100,5.362319
2025-03-18T01:19:08Z,0,30.014,72.6,36,51.0,14,14,72,73,0.06,255,32767,0.16,2056-9-18,0.04,0.52,23.84,0.0,0.0,0.0,0,1.095703125,6,44,07:14,19:19,2025-03-18 01:19:08.775258,Marina di Stabia,31.1,6.639279,14.05905,5.7798514,10.930394,EU EEA Common AQI,73.8,6.5582366,13.21546,3600,4.811594,100,100,51.4,8.937198,Very Low,75.5,6.355935,100,1739186100,Very Low,9.633085,6.8510075,Very Low,6.062216,42.9,5.362319,100,1739186100,5.362319
2025-03-18T01:19:20Z,0,30.014,72.6,36,50.9,10,14,76,73,0.06,255,32767,0.16,2056-9-18,0.04,0.52,23.84,0.0,0.0,0.0,0,1.095703125,6,44,07:14,19:19,2025-03-18 01:19:19.882260,Marina di Stabia,31.1,6.639279,14.05905,5.7798514,10.930394,EU EEA Common AQI,73.8,6.5582366,13.21546,3600,4.811594,100,100,51.4,8.937198,Very Low,75.5,6.355935,100,1739186100,Very Low,9.633085,6.8510075,Very Low,6.062216,42.9,5.362319,100,1739186100,5.362319
2025-03-18T01:19:31Z,0,30.014,72.6,36,51.0,12,14,76,73,0.06,255,32767,0.16,2056-9-18,0.04,0.52,23.84,0.0,0.0,0.0,0,1.095703125,6,44,07:14,19:19,2025-03-18 01:19:30.968262,Marina di Stabia,31.1,6.639279,14.05905,5.7798514,10.930394,EU EEA Common AQI,73.8,6.5582366,13.21546,3600,4.811594,100,100,51.4,8.937198,Very Low,75.5,6.355935,100,1739186100,Very Low,9.633085,6.8510075,Very Low,6.062216,42.9,5.362319,100,1739186100,5.362319
2025-03-18T01:19:42Z,0,30.014,72.6,36,50.9,12,14,81,73,0.06,255,32767,0.16,2056-9-18,0.04,0.52,23.84,0.0,0.0,0.0,0,1.095703125,6,44,07:14,19:19,2025-03-18 01:19:42.060256,Marina di Stabia,31.1,6.639279,14.05905,5.7798514,10.930394,EU EEA Common AQI,73.8,6.5582366,13.21546,3600,4.811594,100,100,51.4,8.937198,Very Low,75.5,6.355935,100,1739186100,Very Low,9.633085,6.8510075,Very Low,6.062216,42.9,5.362319,100,1739186100,5.362319
2025-03-18T01:19:53Z,0,30.014,72.6,36,50.9,11,14,76,73,0.06,255,32767,0.16,2056-9-18,0.04,0.52,23.84,0.0,0.0,0.0,0,1.095703125,6,44,07:14,19:19,2025-03-18 01:19:53.190269,Marina di Stabia,31.1,6.639279,14.05905,5.7798514,10.930394,EU EEA Common AQI,73.8,6.5582366,13.21546,3600,4.811594,100,100,51.4,8.937198,Very Low,75.5,6.355935,100,1739186100,Very Low,9.633085,6.8510075,Very Low,6.062216,42.9,5.362319,100,1739186100,5.362319
2025-03-18T01:20:04Z,0,30.013,72.6,36,50.9,15,14,91,73,0.06,255,32767,0.16,2056-9-18,0.04,0.52,23.84,0.0,0.0,0.0,0,0.9375,6,44,07:14,19:19,2025-03-18 01:20:04.259269,Marina di Stabia,31.1,6.639279,14.05905,5.7798514,10.930394,EU EEA Common AQI,73.8,6.5582366,13.21546,3600,4.811594,100,100,51.4,8.937198,Very Low,75.5,6.355935,100,1739186100,Very Low,9.633085,6.8510075,Very Low,6.062216,42.9,5.362319,100,1739186100,5.362319
2025-03-18T01:20:15Z,0,30.013,72.6,36,50.9,20,14,77,73,0.06,255,32767,0.16,2056-9-18,0.04,0.52,23.84,0.0,0.0,0.0,0,0.9375,6,44,07:14,19:19,2025-03-18 01:20:15.351259,Marina di Stabia,31.1,6.639279,14.05905,5.7798514,10.930394,EU EEA Common AQI,73.8,6.5582366,13.21546,3600,4.811594,100,100,51.4,8.937198,Very Low,75.5,6.355935,100,1739186100,Very Low,9.633085,6.8510075,Very Low,6.062216,42.9,5.362319,100,1739186100,5.362319
2025-03-18T01:20:26Z,0,30.013,72.6,36,50.9,15,14,79,73,0.06,255,32767,0.16,2056-9-18,0.04,0.52,23.84,0.0,0.0,0.0,0,0.9375,6,44,07:14,19:19,2025-03-18 01:20:26.438276,Marina di Stabia,31.1,6.639279,14.05905,5.7798514,10.930394,EU EEA Common AQI,73.8,6.5582366,13.21546,3600,4.811594,100,100,51.4,8.937198,Very Low,75.5,6.355935,100,1739186100,Very Low,9.633085,6.8510075,Very Low,6.062216,42.9,5.362319,100,1739186100,5.362319
2025-03-18T01:20:37Z,0,30.013,72.6,36,50.9,15,14,84,73,0.06,255,32767,0.16,2056-9-18,0.04,0.52,23.84,0.0,0.0,0.0,0,0.9375,6,44,07:14,19:19,2025-03-18 01:20:37.540264,Marina di Stabia,31.1,6.639279,14.05905,5.7798514,10.930394,EU EEA Common AQI,73.8,6.5582366,13.21546,3600,4.811594,100,100,51.4,8.937198,Very Low,75.5,6.355935,100,1739186100,Very Low,9.633085,6.8510075,Very Low,6.062216,42.9,5.362319,100,1739186100,5.362319
2025-03-18T01:20:48Z,0,30.013,72.6,36,50.9,12,14,84,73,0.06,255,32767,0.16,2056-9-18,0.04,0.52,23.84,0.0,0.0,0.0,0,0.9375,6,44,07:14,19:19,2025-03-18 01:20:48.621257,Marina di Stabia,31.1,6.639279,14.05905,5.7798514,10.930394,EU EEA Common AQI,73.8,6.5582366,13.21546,3600,4.811594,100,100,51.4,8.937198,Very Low,75.5,6.355935,100,1739186100,Very Low,9.633085,6.8510075,Very Low,6.062216,42.9,5.362319,100,1739186100,5.362319
2025-03-18T01:20:59Z,0,30.012,72.5,36,50.9,15,14,88,73,0.06,255,32767,0.16,2056-9-18,0.04,0.52,23.84,0.0,0.0,0.0,0,2.0390625,6,44,07:14,19:19,2025-03-18 01:20:59.730260,Marina di Stabia,31.1,6.639279,14.05905,5.7798514,10.930394,EU EEA Common AQI,73.8,6.5582366,13.21546,3600,4.811594,100,100,51.4,8.937198,Very Low,75.5,6.355935,100,1739186100,Very Low,9.633085,6.8510075,Very Low,6.062216,42.9,5.362319,100,1739186100,5.362319
2025-03-18T01:21:11Z,0,30.012,72.5,36,50.9,15,14,76,73,0.06,255,32767,0.16,2056-9-18,0.04,0.52,23.84,0.0,0.0,0.0,0,2.0390625,6,44,07:14,19:19,2025-03-18 01:21:10.831284,Marina di Stabia,31.1,6.639279,14.05905,5.7798514,10.930394,EU EEA Common AQI,73.8,6.5582366,13.21546,3600,4.811594,100,100,51.4,8.937198,Very Low,75.5,6.355935,100,1739186100,Very Low,9.633085,6.8510075,Very Low,6.062216,42.9,5.362319,100,1739186100,5.362319
2025-03-18T01:21:22Z,0,30.012,72.5,36,50.9,14,14,79,73,0.06,255,32767,0.16,2056-9-18,0.04,0.52,23.84,0.0,0.0,0.0,0,2.0390625,6,44,07:14,19:19,2025-03-18 01:21:21.989261,Marina di Stabia,31.1,6.639279,14.05905,5.7798514,10.930394,EU EEA Common AQI,73.8,6.5582366,13.21546,3600,4.811594,100,100,51.4,8.937198,Very Low,75.5,6.355935,100,1739186100,Very Low,9.633085,6.8510075,Very Low,6.062216,42.9,5.362319,100,1739186100,5.362319
2025-03-18T01:21:33Z,0,30.012,72.5,36,50.9,13,14,74,73,0.06,255,32767,0.16,2056-9-18,0.04,0.52,23.84,0.0,0.0,0.0,0,2.0390625,6,44,07:14,19:19,2025-03-18 01:21:33.074259,Marina di Stabia,31.1,6.639279,14.05905,5.7798514,10.930394,EU EEA Common AQI,73.8,6.5582366,13.21546,3600,4.811594,100,100,51.4,8.937198,Very Low,75.5,6.355935,100,1739186100,Very Low,9.633085,6.8510075,Very Low,6.062216,42.9,5.362319,100,1739186100,5.362319
2025-03-18T01:21:44Z,0,30.012,72.5,36,50.9,13,14,82,73,0.06,255,32767,0.16,2056-9-18,0.04,0.52,23.84,0.0,0.0,0.0,0,2.0390625,6,44,07:14,19:19,2025-03-18 01:21:44.162234,Marina di Stabia,31.1,6.639279,14.05905,5.7798514,10.930394,EU EEA Common AQI,73.8,6.5582366,13.21546,3600,4.811594,100,100,51.4,8.937198,Very Low,75.5,6.355935,100,1739186100,Very Low,9.633085,6.8510075,Very Low,6.062216,42.9,5.362319,100,1739186100,5.362319
2025-03-18T01:21:55Z,0,30.012,72.5,36,50.9,16,14,78,73,0.06,255,32767,0.16,2056-9-18,0.04,0.52,23.84,0.0,0.0,0.0,0,2.0390625,6,44,07:14,19:19,2025-03-18 01:21:55.273259,Marina di Stabia,31.1,6.639279,14.05905,5.7798514,10.930394,EU EEA Common AQI,73.8,6.5582366,13.21546,3600,4.811594,100,100,51.4,8.937198,Very Low,75.5,6.355935,100,1739186100,Very Low,9.633085,6.8510075,Very Low,6.062216,42.9,5.362319,100,1739186100,5.362319
2025-03-18T01:22:06Z,0,30.014,72.5,36,50.9,14,14,86,73,0.06,255,32767,0.16,2056-9-18,0.04,0.52,23.84,0.0,0.0,0.0,0,0.9375,6,44,07:14,19:19,2025-03-18 01:22:06.360278,Marina di Stabia,31.1,6.639279,14.05905,5.7798514,10.930394,EU EEA Common AQI,73.8,6.5582366,13.21546,3600,4.811594,100,100,51.4,8.937198,Very Low,75.5,6.355935,100,1739186100,Very Low,9.633085,6.8510075,Very Low,6.062216,42.9,5.362319,100,1739186100,5.362319
2025-03-18T01:22:17Z,0,30.014,72.5,36,50.8,17,14,83,73,0.06,255,32767,0.16,2056-9-18,0.04,0.52,23.84,0.0,0.0,0.0,0,0.9375,6,44,07:14,19:19,2025-03-18 01:22:17.477277,Marina di Stabia,31.1,6.639279,14.05905,5.7798514,10.930394,EU EEA Common AQI,73.8,6.5582366,13.21546,3600,4.811594,100,100,51.4,8.937198,Very Low,75.5,6.355935,100,1739186100,Very Low,9.633085,6.8510075,Very Low,6.062216,42.9,5.362319,100,1739186100,5.362319
2025-03-18T01:22:28Z,0,30.014,72.5,36,50.8,15,14,64,73,0.06,255,32767,0.16,2056-9-18,0.04,0.52,23.84,0.0,0.0,0.0,0,0.9375,6,44,07:14,19:19,2025-03-18 01:22:28.555263,Marina di Stabia,31.1,6.639279,14.05905,5.7798514,10.930394,EU EEA Common AQI,73.8,6.5582366,13.21546,3600,4.811594,100,100,51.4,8.937198,Very Low,75.5,6.355935,100,1739186100,Very Low,9.633085,6.8510075,Very Low,6.062216,42.9,5.362319,100,1739186100,5.362319
2025-03-18T01:22:39Z,0,30.014,72.5,36,50.8,14,14,73,73,0.06,255,32767,0.16,2056-9-18,0.04,0.52,23.84,0.0,0.0,0.0,0,0.9375,6,44,07:14,19:19,2025-03-18 01:22:39.629260,Marina di Stabia,31.1,6.639279,14.05905,5.7798514,10.930394,EU EEA Common AQI,73.8,6.5582366,13.21546,3600,4.811594,100,100,51.4,8.937198,Very Low,75.5,6.355935,100,1739186100,Very Low,9.633085,6.8510075,Very Low,6.062216,42.9,5.362319,100,1739186100,5.362319
2025-03-18T01:22:50Z,0,30.014,72.5,36,50.9,14,14,72,73,0.06,255,32767,0.16,2056-9-18,0.04,0.52,23.84,0.0,0.0,0.0,0,0.9375,6,44,07:14,19:19,2025-03-18 01:22:50.703236,Marina di Stabia,31.1,6.639279,14.05905,5.7798514,10.930394,EU EEA Common AQI,73.8,6.5582366,13.21546,3600,4.811594,100,100,51.4,8.937198,Very Low,75.5,6.355935,100,1739186100,Very Low,9.633085,6.8510075,Very Low,6.062216,42.9,5.362319,100,1739186100,5.362319
2025-03-18T01:23:01Z,0,30.013,72.5,36,50.8,14,14,88,73,0.06,255,32767,0.16,2056-9-18,0.04,0.52,23.84,0.0,0.0,0.0,0,0.9375,6,44,07:14,19:19,2025-03-18 01:23:01.780264,Marina di Stabia,31.1,6.639279,14.05905,5.7798514,10.930394,EU EEA Common AQI,73.8,6.5582366,13.21546,3600,4.811594,100,100,51.4,8.937198,Very Low,75.5,6.355935,100,1739186100,Very Low,9.633085,6.8510075,Very Low,6.062216,42.9,5.362319,100,1739186100,5.362319
2025-03-18T01:23:13Z,0,30.013,72.5,36,50.8,16,14,87,73,0.06,255,32767,0.16,2056-9-18,0.04,0.52,23.84,0.0,0.0,0.0,0,0.9375,6,44,07:14,19:19,2025-03-18 01:23:12.889263,Marina di Stabia,31.1,6.639279,14.05905,5.7798514,10.930394,EU EEA Common AQI,73.8,6.5582366,13.21546,3600,4.811594,100,100,51.4,8.937198,Very Low,75.5,6.355935,100,1739186100,Very Low,9.633085,6.8510075,Very Low,6.062216,42.9,5.362319,100,1739186100,5.362319
2025-03-18T01:23:24Z,0,30.013,72.5,36,50.8,15,14,103,73,0.06,255,32767,0.16,2056-9-18,0.04,0.52,23.84,0.0,0.0,0.0,0,0.9375,6,44,07:14,19:19,2025-03-18 01:23:23.971262,Marina di Stabia,31.1,6.639279,14.05905,5.7798514,10.930394,EU EEA Common AQI,73.8,6.5582366,13.21546,3600,4.811594,100,100,51.4,8.937198,Very Low,75.5,6.355935,100,1739186100,Very Low,9.633085,6.8510075,Very Low,6.062216,42.9,5.362319,100,1739186100,5.362319
2025-03-18T01:23:35Z,0,30.013,72.5,36,50.8,14,14,86,73,0.06,255,32767,0.16,2056-9-18,0.04,0.52,23.84,0.0,0.0,0.0,0,0.9375,6,44,07:14,19:19,2025-03-18 01:23:35.045259,Marina di Stabia,31.1,6.639279,14.05905,5.7798514,10.930394,EU EEA Common AQI,73.8,6.5582366,13.21546,3600,4.811594,100,100,51.4,8.937198,Very Low,75.5,6.355935,100,1739186100,Very Low,9.633085,6.8510075,Very Low,6.062216,42.9,5.362319,100,1739186100,5.362319
2025-03-18T01:23:46Z,0,30.013,72.5,36,50.8,14,14,77,73,0.06,255,32767,0.16,2056-9-18,0.04,0.52,23.84,0.0,0.0,0.0,0,0.9375,6,44,07:14,19:19,2025-03-18 01:23:46.145261,Marina di Stabia,31.1,6.639279,14.05905,5.7798514,10.930394,EU EEA Common AQI,73.8,6.5582366,13.21546,3600,4.811594,100,100,51.4,8.937198,Very Low,75.5,6.355935,100,1739186100,Very Low,9.633085,6.8510075,Very Low,6.062216,42.9,5.362319,100,1739186100,5.362319
2025-03-18T01:23:57Z,0,30.014,72.5,36,50.8,13,14,80,73,0.06,255,32767,0.16,2056-9-18,0.04,0.52,23.84,0.0,0.0,0.0,0,0.990234375,6,44,07:14,19:19,2025-03-18 01:23:57.270261,Marina di Stabia,31.1,6.639279,14.05905,5.7798514,10.930394,EU EEA Common AQI,73.8,6.5582366,13.21546,3600,4.811594,100,100,51.4,8.937198,Very Low,75.5,6.355935,100,1739186100,Very Low,9.633085,6.8510075,Very Low,6.062216,42.9,5.362319,100,1739186100,5.362319
2025-03-18T01:24:08Z,0,30.014,72.5,36,50.9,12,14,91,73,0.06,255,32767,0.16,2056-9-18,0.04,0.52,23.84,0.0,0.0,0.0,0,0.990234375,6,44,07:14,19:19,2025-03-18 01:24:08.351258,Marina di Stabia,31.1,6.639279,14.05905,5.7798514,10.930394,EU EEA Common AQI,73.8,6.5582366,13.21546,3600,4.811594,100,100,51.4,8.937198,Very Low,75.5,6.355935,100,1739186100,Very Low,9.633085,6.8510075,Very Low,6.062216,42.9,5.362319,100,1739186100,5.362319
2025-03-18T01:24:19Z,0,30.014,72.5,36,50.8,14,14,82,73,0.06,255,32767,0.16,2056-9-18,0.04,0.52,23.84,0.0,0.0,0.0,0,0.990234375,6,44,07:14,19:19,2025-03-18 01:24:19.562263,Marina di Stabia,31.1,6.639279,14.05905,5.7798514,10.930394,EU EEA Common AQI,73.8,6.5582366,13.21546,3600,4.811594,100,100,51.4,8.937198,Very Low,75.5,6.355935,100,1739186100,Very Low,9.633085,6.8510075,Very Low,6.062216,42.9,5.362319,100,1739186100,5.362319
2025-03-18T01:24:30Z,0,30.014,72.5,36,50.8,13,14,87,73,0.06,255,32767,0.16,2056-9-18,0.04,0.52,23.84,0.0,0.0,0.0,0,0.990234375,6,44,07:14,19:19,2025-03-18 01:24:30.655264,Marina di Stabia,31.1,6.639279,14.05905,5.7798514,10.930394,EU EEA Common AQI,73.8,6.5582366,13.21546,3600,4.811594,100,100,51.4,8.937198,Very Low,75.5,6.355935,100,1739186100,Very Low,9.633085,6.8510075,Very Low,6.062216,42.9,5.362319,100,1739186100,5.362319
2025-03-18T01:24:41Z,0,30.014,72.5,36,50.8,12,14,82,73,0.06,255,32767,0.16,2056-9-18,0.04,0.52,23.84,0.0,0.0,0.0,0,0.990234375,6,44,07:14,19:19,2025-03-18 01:24:41.737258,Marina di Stabia,31.1,6.639279,14.05905,5.7798514,10.930394,EU EEA Common AQI,73.8,6.5582366,13.21546,3600,4.811594,100,100,51.4,8.937198,Very Low,75.5,6.355935,100,1739186100,Very Low,9.633085,6.8510075,Very Low,6.062216,42.9,5.362319,100,1739186100,5.362319
2025-03-18T01:24:53Z,0,30.014,72.5,36,50.8,10,14,89,73,0.06,255,32767,0.16,2056-9-18,0.04,0.52,23.84,0.0,0.0,0.0,0,0.990234375,6,44,07:14,19:19,2025-03-18 01:24:52.826263,Marina di Stabia,31.1,6.639279,14.05905,5.7798514,10.930394,EU EEA Common AQI,73.8,6.5582366,13.21546,3600,4.811594,100,100,51.4,8.937198,Very Low,75.5,6.355935,100,1739186100,Very Low,9.633085,6.8510075,Very Low,6.062216,42.9,5.362319,100,1739186100,5.362319
2025-03-18T01:25:04Z,0,30.014,72.5,36,50.8,9,14,74,73,0.06,255,32767,0.16,2056-9-18,0.04,0.52,23.84,0.0,0.0,0.0,0,0.9375,6,44,07:14,19:19,2025-03-18 01:25:03.911256,Marina di Stabia,31.1,6.639279,14.05905,5.7798514,10.930394,EU EEA Common AQI,73.8,6.5582366,13.21546,3600,4.811594,100,100,51.4,8.937198,Very Low,75.5,6.355935,100,1739186100,Very Low,9.633085,6.8510075,Very Low,6.062216,42.9,5.362319,100,1739186100,5.362319
2025-03-18T01:25:15Z,0,30.014,72.5,36,50.8,11,14,78,73,0.06,255,32767,0.16,2056-9-18,0.04,0.52,23.84,0.0,0.0,0.0,0,0.9375,6,44,07:14,19:19,2025-03-18 01:25:14.985262,Marina di Stabia,31.1,6.639279,14.05905,5.7798514,10.930394,EU EEA Common AQI,73.8,6.5582366,13.21546,3600,4.811594,100,100,51.4,8.937198,Very Low,75.5,6.355935,100,1739186100,Very Low,9.633085,6.8510075,Very Low,6.062216,42.9,5.362319,100,1739186100,5.362319
2025-03-18T01:25:26Z,0,30.014,72.5,36,50.8,15,14,96,74,0.06,255,32767,0.16,2056-9-18,0.04,0.52,23.84,0.0,0.0,0.0,0,0.9375,6,44,07:14,19:19,2025-03-18 01:25:26.313263,Marina di Stabia,31.1,6.639279,14.05905,5.7798514,10.930394,EU EEA Common AQI,73.8,6.5582366,13.21546,3600,4.811594,100,100,51.4,8.937198,Very Low,75.5,6.355935,100,1739186100,Very Low,9.633085,6.8510075,Very Low,6.062216,42.9,5.362319,100,1739186100,5.362319
2025-03-18T01:25:37Z,0,30.014,72.5,36,50.8,15,14,87,74,0.06,255,32767,0.16,2056-9-18,0.04,0.52,23.84,0.0,0.0,0.0,0,0.9375,6,44,07:14,19:19,2025-03-18 01:25:37.399264,Marina di Stabia,31.1,6.639279,14.05905,5.7798514,10.930394,EU EEA Common AQI,73.8,6.5582366,13.21546,3600,4.811594,100,100,51.4,8.937198,Very Low,75.5,6.355935,100,1739186100,Very Low,9.633085,6.8510075,Very Low,6.062216,42.9,5.362319,100,1739186100,5.362319
2025-03-18T01:25:48Z,0,30.014,72.5,36,50.8,11,14,89,74,0.06,255,32767,0.16,2056-9-18,0.04,0.52,23.84,0.0,0.0,0.0,0,0.9375,6,44,07:14,19:19,2025-03-18 01:25:48.482259,Marina di Stabia,31.1,6.639279,14.05905,5.7798514,10.930394,EU EEA Common AQI,73.8,6.5582366,13.21546,3600,4.811594,100,100,51.4,8.937198,Very Low,75.5,6.355935,100,1739186100,Very Low,9.633085,6.8510075,Very Low,6.062216,42.9,5.362319,100,1739186100,5.362319
2025-03-18T01:25:59Z,0,30.012,72.5,36,50.7,13,14,104,74,0.06,255,32767,0.16,2056-9-18,0.04,0.52,23.84,0.0,0.0,0.0,0,1.4765625,6,44,07:14,19:19,2025-03-18 01:25:59.569255,Marina di Stabia,31.1,6.639279,14.05905,5.7798514,10.930394,EU EEA Common AQI,73.8,6.5582366,13.21546,3600,4.811594,100,100,51.4,8.937198,Very Low,75.5,6.355935,100,1739186100,Very Low,9.633085,6.8510075,Very Low,6.062216,42.9,5.362319,100,1739186100,5.362319
2025-03-18T01:26:10Z,0,30.012,72.5,36,50.7,15,14,84,74,0.06,255,32767,0.16,2056-9-18,0.04,0.52,23.84,0.0,0.0,0.0,0,1.4765625,6,44,07:14,19:19,2025-03-18 01:26:10.659229,Marina di Stabia,31.1,6.639279,14.05905,5.7798514,10.930394,EU EEA Common AQI,73.8,6.5582366,13.21546,3600,4.811594,100,100,51.4,8.937198,Very Low,75.5,6.355935,100,1739186100,Very Low,9.633085,6.8510075,Very Low,6.062216,42.9,5.362319,100,1739186100,5.362319
2025-03-18T01:26:21Z,0,30.012,72.5,36,50.7,15,14,72,74,0.06,255,32767,0.16,2056-9-18,0.04,0.52,23.84,0.0,0.0,0.0,0,1.4765625,6,44,07:14,19:19,2025-03-18 01:26:21.777254,Marina di Stabia,31.1,6.639279,14.05905,5.7798514,10.930394,EU EEA Common AQI,73.8,6.5582366,13.21546,3600,4.811594,100,100,51.4,8.937198,Very Low,75.5,6.355935,100,1739186100,Very Low,9.633085,6.8510075,Very Low,6.062216,42.9,5.362319,100,1739186100,5.362319
2025-03-18T01:26:33Z,0,30.012,72.5,36,50.7,17,14,93,74,0.06,255,32767,0.16,2056-9-18,0.04,0.52,23.84,0.0,0.0,0.0,0,1.4765625,6,44,07:14,19:19,2025-03-18 01:26:32.864259,Marina di Stabia,31.1,6.639279,14.05905,5.7798514,10.930394,EU EEA Common AQI,73.8,6.5582366,13.21546,3600,4.811594,100,100,51.4,8.937198,Very Low,75.5,6.355935,100,1739186100,Very Low,9.633085,6.8510075,Very Low,6.062216,42.9,5.362319,100,1739186100,5.362319
2025-03-18T01:26:44Z,0,30.012,72.5,36,50.7,14,14,92,74,0.06,255,32767,0.16,2056-9-18,0.04,0.52,23.84,0.0,0.0,0.0,0,1.4765625,6,44,07:14,19:19,2025-03-18 01:26:43.934265,Marina di Stabia,31.1,6.639279,14.05905,5.7798514,10.930394,EU EEA Common AQI,73.8,6.5582366,13.21546,3600,4.811594,100,100,51.4,8.937198,Very Low,75.5,6.355935,100,1739186100,Very Low,9.633085,6.8510075,Very Low,6.062216,42.9,5.362319,100,1739186100,5.362319
2025-03-18T01:26:55Z,0,30.012,72.5,36,50.7,15,14,98,74,0.05,255,32767,0.16,2056-9-18,0.04,0.52,23.84,0.0,0.0,0.0,0,1.4765625,6,44,07:14,19:19,2025-03-18 01:26:55.026263,Marina di Stabia,31.1,6.639279,14.05905,5.7798514,10.930394,EU EEA Common AQI,73.8,6.5582366,13.21546,3600,4.811594,100,100,51.4,8.937198,Very Low,75.5,6.355935,100,1739186100,Very Low,9.633085,6.8510075,Very Low,6.062216,42.9,5.362319,100,1739186100,5.362319
2025-03-18T01:27:06Z,0,30.013,72.5,36,50.7,10,14,87,74,0.05,255,32767,0.16,2056-9-18,0.04,0.52,23.84,0.0,0.0,0.0,0,0.9375,6,44,07:14,19:19,2025-03-18 01:27:06.099273,Marina di Stabia,31.1,6.639279,14.05905,5.7798514,10.930394,EU EEA Common AQI,73.8,6.5582366,13.21546,3600,4.811594,100,100,51.4,8.937198,Very Low,75.5,6.355935,100,1739186100,Very Low,9.633085,6.8510075,Very Low,6.062216,42.9,5.362319,100,1739186100,5.362319
2025-03-18T01:27:17Z,0,30.013,72.5,36,50.7,14,14,84,74,0.05,255,32767,0.16,2056-9-18,0.04,0.52,23.84,0.0,0.0,0.0,0,0.9375,6,44,07:14,19:19,2025-03-18 01:27:17.215259,Marina di Stabia
2025-03-18T01:27:28Z,0,30.013,72.5,36,50.7,15,14,92,74,0.05,255,32767,0.16,2056-9-18,0.04,0.52,23.84,0.0,0.0,0.0,0,0.9375,6,44,07:14,19:19,2025-03-18 01:27:28.269262,Marina di Stabia
2025-03-18T01:27:39Z,0,30.013,72.5,36,50.7,20,14,92,74,0.05,255,32767,0.16,2056-9-18,0.04,0.52,23.84,0.0,0.0,0.0,0,0.9375,6,44,07:14,19:19,2025-03-18 01:27:39.569256,Marina di Stabia
2025-03-18T01:27:50Z,0,30.013,72.5,36,50.7,16,14,92,74,0.05,255,32767,0.16,2056-9-18,0.04,0.52,23.84,0.0,0.0,0.0,0,0.9375,6,44,07:14,19:19,2025-03-18 01:27:50.643220,Marina di Stabia
2025-03-18T01:28:01Z,0,30.012,72.5,36,50.7,17,14,98,73,0.05,255,32767,0.16,2056-9-18,0.04,0.52,23.84,0.0,0.0,0.0,0,0.9375,6,44,07:14,19:19,2025-03-18 01:28:01.716259,Marina di Stabia
2025-03-18T01:28:12Z,0,30.012,72.5,36,50.7,14,14,84,73,0.05,255,32767,0.16,2056-9-18,0.04,0.52,23.84,0.0,0.0,0.0,0,0.9375,6,44,07:14,19:19,2025-03-18 01:28:12.783257,Marina di Stabia
2025-03-18T01:28:24Z,0,30.012,72.5,36,50.7,19,14,90,73,0.05,255,32767,0.16,2056-9-18,0.04,0.52,23.84,0.0,0.0,0.0,0,0.9375,6,44,07:14,19:19,2025-03-18 01:28:23.880262,Marina di Stabia
2025-03-18T01:28:35Z,0,30.012,72.5,36,50.7,20,14,78,73,0.05,255,32767,0.16,2056-9-18,0.04,0.52,23.84,0.0,0.0,0.0,0,0.9375,6,44,07:14,19:19,2025-03-18 01:28:34.944268,Marina di Stabia
2025-03-18T01:28:46Z,0,30.012,72.5,36,50.6,15,14,69,73,0.05,255,32767,0.16,2056-9-18,0.04,0.52,23.84,0.0,0.0,0.0,0,0.9375,6,44,07:14,19:19,2025-03-18 01:28:46.012266,Marina di Stabia
2025-03-18T01:28:57Z,0,30.012,72.5,36,50.7,16,14,88,73,0.05,255,32767,0.16,2056-9-18,0.04,0.52,23.84,0.0,0.0,0.0,0,0.955078125,6,44,07:14,19:19,2025-03-18 01:28:57.159272,Marina di Stabia
2025-03-18T01:29:08Z,0,30.013,72.5,36,50.7,16,14,93,73,0.04,255,32767,0.16,2056-9-18,0.04,0.52,23.84,0.0,0.0,0.0,0,0.955078125,6,44,07:14,19:19,2025-03-18 01:29:08.232261,Marina di Stabia
2025-03-18T01:29:19Z,0,30.013,72.5,36,50.7,16,14,92,73,0.04,255,32767,0.16,2056-9-18,0.04,0.52,23.84,0.0,0.0,0.0,0,0.955078125,6,44,07:14,19:19,2025-03-18 01:29:19.321276,Marina di Stabia
2025-03-18T01:29:30Z,0,30.013,72.5,36,50.7,15,14,86,73,0.04,255,32767,0.16,2056-9-18,0.04,0.52,23.84,0.0,0.0,0.0,0,0.955078125,6,44,07:14,19:19,2025-03-18 01:29:30.415264,Marina di Stabia
2025-03-18T01:29:41Z,0,30.013,72.5,36,50.7,14,14,87,73,0.04,255,32767,0.16,2056-9-18,0.04,0.52,23.84,0.0,0.0,0.0,0,0.955078125,6,44,07:14,19:19,2025-03-18 01:29:41.476223,Marina di Stabia
2025-03-18T01:29:52Z,0,30.013,72.5,36,50.7,15,14,103,73,0.04,255,32767,0.16,2056-9-18,0.04,0.52,23.84,0.0,0.0,0.0,0,0.955078125,6,44,07:14,19:19,2025-03-18 01:29:52.579257,Marina di Stabia
2025-03-18T01:30:03Z,0,30.013,72.4,36,50.7,13,14,90,73,0.04,255,32767,0.16,2056-9-18,0.04,0.52,23.84,0.0,0.0,0.0,0,0.9375,6,44,07:14,19:19,2025-03-18 01:30:03.651270,Marina di Stabia
2025-03-18T01:30:14Z,0,30.013,72.4,36,50.7,13,14,94,73,0.04,255,32767,0.16,2056-9-18,0.04,0.52,23.84,0.0,0.0,0.0,0,0.9375,6,44,07:14,19:19,2025-03-18 01:30:14.726259,Marina di Stabia
2025-03-18T01:30:26Z,0,30.013,72.4,36,50.7,13,14,88,73,0.04,255,32767,0.16,2056-9-18,0.04,0.52,23.84,0.0,0.0,0.0,0,0.9375,6,44,07:14,19:19,2025-03-18 01:30:25.891259,Marina di Stabia
2025-03-18T01:30:37Z,0,30.013,72.4,36,50.7,13,14,93,73,0.04,255,32767,0.16,2056-9-18,0.04,0.52,23.84,0.0,0.0,0.0,0,0.9375,6,44,07:14,19:19,2025-03-18 01:30:36.961264,Marina di Stabia
2025-03-18T01:30:48Z,0,30.013,72.4,36,50.7,13,14,119,73,0.04,255,32767,0.16,2056-9-18,0.04,0.52,23.84,0.0,0.0,0.0,0,0.9375,6,44,07:14,19:19,2025-03-18 01:30:48.030257,Marina di Stabia
2025-03-18T01:30:59Z,0,30.013,72.5,36,50.7,16,14,92,73,0.04,255,32767,0.16,2056-9-18,0.04,0.52,23.84,0.0,0.0,0.0,0,1.20703125,6,44,07:14,19:19,2025-03-18 01:30:59.090263,Marina di Stabia
2025-03-18T01:31:10Z,0,30.013,72.5,36,50.7,19,14,84,73,0.04,255,32767,0.16,2056-9-18,0.04,0.52,23.84,0.0,0.0,0.0,0,1.20703125,6,44,07:14,19:19,2025-03-18 01:31:10.149253,Marina di Stabia
2025-03-18T01:31:21Z,0,30.013,72.5,36,50.7,14,14,93,73,0.04,255,32767,0.16,2056-9-18,0.04,0.52,23.84,0.0,0.0,0.0,0,1.20703125,6,44,07:14,19:19,2025-03-18 01:31:21.208263,Marina di Stabia
2025-03-18T01:31:32Z,0,30.013,72.5,36,50.7,14,14,76,73,0.04,255,32767,0.16,2056-9-18,0.04,0.52,23.84,0.0,0.0,0.0,0,1.20703125,6,44,07:14,19:19,2025-03-18 01:31:32.305256,Marina di Stabia
2025-03-18T01:31:43Z,0,30.013,72.5,36,50.7,19,14,76,73,0.04,255,32767,0.16,2056-9-18,0.04,0.52,23.84,0.0,0.0,0.0,0,1.20703125,6,44,07:14,19:19,2025-03-18 01:31:43.369260,Marina di Stabia
2025-03-18T01:31:54Z,0,30.013,72.5,36,50.7,17,14,78,73,0.04,255,32767,0.16,2056-9-18,0.04,0.52,23.84,0.0,0.0,0.0,0,1.20703125,6,44,07:14,19:19,2025-03-18 01:31:54.446274,Marina di Stabia
2025-03-18T01:32:05Z,0,30.012,72.5,36,50.7,14,14,81,73,0.04,255,32767,0.16,2056-9-18,0.04,0.52,23.84,0.0,0.0,0.0,0,0.9375,6,44,07:14,19:19,2025-03-18 01:32:05.520262,Marina di Stabia
2025-03-18T01:32:16Z,0,30.012,72.5,36,50.7,14,14,64,73,0.04,255,32767,0.16,2056-9-18,0.04,0.52,23.84,0.0,0.0,0.0,0,0.9375,6,44,07:14,19:19,2025-03-18 01:32:16.588269,Marina di Stabia
2025-03-18T01:32:27Z,0,30.012,72.5,36,50.7,11,14,67,73,0.04,255,32767,0.16,2056-9-18,0.04,0.52,23.84,0.0,0.0,0.0,0,0.9375,6,44,07:14,19:19,2025-03-18 01:32:27.678261,Marina di Stabia
2025-03-18T01:32:38Z,0,30.012,72.5,36,50.7,12,14,71,73,0.04,255,32767,0.16,2056-9-18,0.04,0.52,23.84,0.0,0.0,0.0,0,0.9375,6,44,07:14,19:19,2025-03-18 01:32:38.746229,Marina di Stabia
2025-03-18T01:32:50Z,0,30.012,72.5,36,50.7,20,14,92,73,0.0,255,32767,0.16,2056-9-18,0.04,0.52,23.84,0.0,0.0,0.0,0,0.9375,6,44,07:14,19:19,2025-03-18 01:32:49.824262,Marina di Stabia
2025-03-18T01:33:01Z,0,30.011,72.4,36,50.7,18,14,79,73,0.0,255,32767,0.16,2056-9-18,0.04,0.52,23.84,0.0,0.0,0.0,0,2.19140625,6,44,07:14,19:19,2025-03-18 01:33:00.900264,Marina di Stabia
2025-03-18T01:33:12Z,0,30.011,72.4,36,50.7,20,14,89,73,0.0,255,32767,0.16,2056-9-18,0.04,0.52,23.84,0.0,0.0,0.0,0,2.19140625,6,44,07:14,19:19,2025-03-18 01:33:12.010253,Marina di Stabia
2025-03-18T01:33:23Z,0,30.011,72.4,36,50.7,16,14,65,73,0.0,255,32767,0.16,2056-9-18,0.04,0.52,23.84,0.0,0.0,0.0,0,2.19140625,6,44,07:14,19:19,2025-03-18 01:33:23.107261,Marina di Stabia
2025-03-18T01:33:34Z,0,30.011,72.4,36,50.7,14,14,92,73,0.0,255,32767,0.16,2056-9-18,0.04,0.52,23.84,0.0,0.0,0.0,0,2.19140625,6,44,07:14,19:19,2025-03-18 01:33:34.168261,Marina di Stabia
2025-03-18T01:33:45Z,0,30.011,72.4,36,50.7,16,14,80,73,0.0,255,32767,0.16,2056-9-18,0.04,0.52,23.84,0.0,0.0,0.0,0,2.19140625,6,44,07:14,19:19,2025-03-18 01:33:45.237260,Marina di Stabia
2025-03-18T01:33:56Z,0,30.011,72.4,36,50.7,15,14,86,72,0.0,255,32767,0.16,2056-9-18,0.04,0.52,23.84,0.0,0.0,0.0,0,2.19140625,6,44,07:14,19:19,2025-03-18 01:33:56.294271,Marina di Stabia
2025-03-18T01:34:07Z,0,30.01,72.5,36,50.7,11,15,89,72,0.0,255,32767,0.16,2056-9-18,0.04,0.52,23.84,0.0,0.0,0.0,0,0.94921875,6,44,07:14,19:19,2025-03-18 01:34:07.372261,Marina di Stabia
2025-03-18T01:34:18Z,0,30.01,72.5,36,50.7,16,15,92,72,0.0,255,32767,0.16,2056-9-18,0.04,0.52,23.84,0.0,0.0,0.0,0,0.94921875,6,44,07:14,19:19,2025-03-18 01:34:18.434262,Marina di Stabia
2025-03-18T01:34:29Z,0,30.01,72.5,36,50.7,15,15,92,72,0.0,255,32767,0.16,2056-9-18,0.04,0.52,23.84,0.0,0.0,0.0,0,0.94921875,6,44,07:14,19:19,2025-03-18 01:34:29.536279,Marina di Stabia
2025-03-18T01:34:40Z,0,30.01,72.5,36,50.8,14,15,71,72,0.0,255,32767,0.16,2056-9-18,0.04,0.52,23.84,0.0,0.0,0.0,0,0.94921875,6,44,07:14,19:19,2025-03-18 01:34:40.599264,Marina di Stabia
2025-03-18T01:34:51Z,0,30.01,72.5,36,50.8,11,15,87,72,0.0,255,32767,0.16,2056-9-18,0.04,0.52,23.84,0.0,0.0,0.0,0,0.94921875,6,44,07:14,19:19,2025-03-18 01:34:51.672264,Marina di Stabia
2025-03-18T01:35:02Z,0,30.011,72.4,36,50.7,14,15,91,72,0.0,255,32767,0.16,2056-9-18,0.04,0.52,23.84,0.0,0.0,0.0,0,0.9375,6,44,07:14,19:19,2025-03-18 01:35:02.731259,Marina di Stabia
2025-03-18T01:35:14Z,0,30.011,72.4,36,50.7,13,15,84,72,0.0,255,32767,0.16,2056-9-18,0.04,0.52,23.84,0.0,0.0,0.0,0,0.9375,6,44,07:14,19:19,2025-03-18 01:35:13.829259,Marina di Stabia
2025-03-18T01:35:25Z,0,30.011,72.4,36,50.7,11,15,93,72,0.0,255,32767,0.16,2056-9-18,0.04,0.52,23.84,0.0,0.0,0.0,0,0.9375,6,44,07:14,19:19,2025-03-18 01:35:24.927261,Marina di Stabia
2025-03-18T01:35:36Z,0,30.011,72.4,36,50.8,20,15,85,72,0.0,255,32767,0.16,2056-9-18,0.04,0.52,23.84,0.0,0.0,0.0,0,0.9375,6,44,07:14,19:19,2025-03-18 01:35:36.007265,Marina di Stabia
2025-03-18T01:35:47Z,0,30.011,72.4,36,50.8,19,15,93,72,0.0,255,32767,0.16,2056-9-18,0.04,0.52,23.84,0.0,0.0,0.0,0,0.9375,6,44,07:14,19:19,2025-03-18 01:35:47.067260,Marina di Stabia
2025-03-18T01:35:58Z,0,30.009,72.4,36,50.8,16,15,83,72,0.0,255,32767,0.16,2056-9-18,0.04,0.52,23.84,0.0,0.0,0.0,0,1.001953125,6,44,07:14,19:19,2025-03-18 01:35:58.160259,Marina di Stabia
2025-03-18T01:36:09Z,0,30.009,72.4,36,50.8,21,15,85,72,0.0,255,32767,0.16,2056-9-18,0.04,0.52,23.84,0.0,0.0,0.0,0,1.001953125,6,44,07:14,19:19,2025-03-18 01:36:09.251266,Marina di Stabia
2025-03-18T01:36:20Z,0,30.009,72.4,36,50.8,19,15,92,72,0.0,255,32767,0.16,2056-9-18,0.04,0.52,23.84,0.0,0.0,0.0,0,1.001953125,6,44,07:14,19:19,2025-03-18 01:36:20.324251,Marina di Stabia
2025-03-18T01:36:31Z,0,30.009,72.4,36,50.8,19,15,93,72,0.0,255,32767,0.16,2056-9-18,0.04,0.52,23.84,0.0,0.0,0.0,0,1.001953125,6,44,07:14,19:19,2025-03-18 01:36:31.401261,Marina di Stabia
2025-03-18T01:36:42Z,0,30.009,72.4,36,50.8,15,15,93,72,0.0,255,32767,0.16,2056-9-18,0.04,0.52,23.84,0.0,0.0,0.0,0,1.001953125,6,44,07:14,19:19,2025-03-18 01:36:42.460246,Marina di Stabia
2025-03-18T01:36:53Z,0,30.009,72.4,36,50.8,12,15,80,72,0.0,255,32767,0.16,2056-9-18,0.04,0.52,23.84,0.0,0.0,0.0,0,1.001953125,6,44,07:14,19:19,2025-03-18 01:36:53.523255,Marina di Stabia
2025-03-18T01:37:04Z,0,30.01,72.4,36,50.8,11,15,74,72,0.0,255,32767,0.16,2056-9-18,0.04,0.52,23.84,0.0,0.0,0.0,0,0.9375,6,44,07:14,19:19,2025-03-18 01:37:04.613256,Marina di Stabia
2025-03-18T01:37:15Z,0,30.01,72.4,36,50.8,13,15,87,72,0.0,255,32767,0.16,2056-9-18,0.04,0.52,23.84,0.0,0.0,0.0,0,0.9375,6,44,07:14,19:19,2025-03-18 01:37:15.718267,Marina di Stabia
2025-03-18T01:37:26Z,0,30.01,72.4,36,50.8,15,15,97,72,0.0,255,32767,0.16,2056-9-18,0.04,0.52,23.84,0.0,0.0,0.0,0,0.9375,6,44,07:14,19:19,2025-03-18 01:37:26.779259,Marina di Stabia
2025-03-18T01:37:38Z,0,30.01,72.4,36,50.8,12,15,104,72,0.0,255,32767,0.16,2056-9-18,0.04,0.52,23.84,0.0,0.0,0.0,0,0.9375,6,44,07:14,19:19,2025-03-18 01:37:37.864257,Marina di Stabia
2025-03-18T01:37:49Z,0,30.01,72.4,36,50.8,15,15,92,72,0.0,255,32767,0.16,2056-9-18,0.04,0.52,23.84,0.0,0.0,0.0,0,0.9375,6,44,07:14,19:19,2025-03-18 01:37:48.939264,Marina di Stabia
2025-03-18T01:38:00Z,0,30.01,72.4,36,50.8,12,15,81,72,0.0,255,32767,0.16,2056-9-18,0.04,0.52,23.84,0.0,0.0,0.0,0,1.40625,6,44,07:14,19:19,2025-03-18 01:38:00.029260,Marina di Stabia
2025-03-18T01:38:24Z,0,30.01,72.4,36,50.8,13,15,92,72,0.0,255,32767,0.16,2056-9-18,0.04,0.52,23.84,0.0,0.0,0.0,0,1.40625,6,44,07:14,19:19,2025-03-18 01:38:24.653218,Marina di Stabia
2025-03-18T01:38:35Z,0,30.01,72.4,36,50.8,13,15,92,72,0.0,255,32767,0.16,2056-9-18,0.04,0.52,23.84,0.0,0.0,0.0,0,1.40625,6,44,07:14,19:19,2025-03-18 01:38:35.752261,Marina di Stabia
2025-03-18T01:38:47Z,0,30.01,72.4,36,50.8,17,15,99,72,0.0,255,32767,0.16,2056-9-18,0.04,0.52,23.84,0.0,0.0,0.0,0,1.40625,6,44,07:14,19:19,2025-03-18 01:38:46.825255,Marina di Stabia
2025-03-18T01:38:58Z,0,30.007,72.3,36,50.7,16,15,85,72,0.0,255,32767,0.16,2056-9-18,0.04,0.52,23.84,0.0,0.0,0.0,0,0.9375,6,44,07:14,19:19,2025-03-18 01:38:57.900260,Marina di Stabia
2025-03-18T01:39:09Z,0,30.007,72.3,36,50.7,18,15,90,72,0.0,255,32767,0.16,2056-9-18,0.04,0.52,23.84,0.0,0.0,0.0,0,0.9375,6,44,07:14,19:19,2025-03-18 01:39:09.000258,Marina di Stabia
2025-03-18T01:39:20Z,0,30.007,72.3,36,50.7,16,15,84,72,0.0,255,32767,0.16,2056-9-18,0.04,0.52,23.84,0.0,0.0,0.0,0,0.9375,6,44,07:14,19:19,2025-03-18 01:39:20.109260,Marina di Stabia
2025-03-18T01:39:31Z,0,30.007,72.3,36,50.7,15,15,79,72,0.0,255,32767,0.16,2056-9-18,0.04,0.52,23.84,0.0,0.0,0.0,0,0.9375,6,44,07:14,19:19,2025-03-18 01:39:31.178261,Marina di Stabia
2025-03-18T01:39:42Z,0,30.007,72.3,36,50.7,15,15,86,72,0.0,255,32767,0.16,2056-9-18,0.04,0.52,23.84,0.0,0.0,0.0,0,0.9375,6,44,07:14,19:19,2025-03-18 01:39:42.234230,Marina di Stabia
2025-03-18T01:39:53Z,0,30.007,72.3,36,50.7,14,15,103,72,0.0,255,32767,0.16,2056-9-18,0.04,0.52,23.84,0.0,0.0,0.0,0,0.9375,6,44,07:14,19:19,2025-03-18 01:39:53.306261,Marina di Stabia
2025-03-18T01:40:04Z,0,30.008,72.3,36,50.7,18,15,91,72,0.0,255,32767,0.16,2056-9-18,0.04,0.52,23.84,0.0,0.0,0.0,0,0.9375,6,44,07:14,19:19,2025-03-18 01:40:04.366274,Marina di Stabia
2025-03-18T01:40:15Z,0,30.008,72.3,36,50.7,14,15,83,72,0.0,255,32767,0.16,2056-9-18,0.04,0.52,23.84,0.0,0.0,0.0,0,0.9375,6,44,07:14,19:19,2025-03-18 01:40:15.467263,Marina di Stabia
2025-03-18T01:40:26Z,0,30.008,72.3,36,50.7,15,15,84,72,0.0,255,32767,0.16,2056-9-18,0.04,0.52,23.84,0.0,0.0,0.0,0,0.9375,6,44,07:14,19:19,2025-03-18 01:40:26.530263,Marina di Stabia
2025-03-18T01:40:37Z,0,30.008,72.3,36,50.7,17,15,95,72,0.0,255,32767,0.16,2056-9-18,0.04,0.52,23.84,0.0,0.0,0.0,0,0.9375,6,44,07:14,19:19,2025-03-18 01:40:37.599269,Marina di Stabia
2025-03-18T01:40:48Z,0,30.008,72.3,36,50.6,16,15,82,72,0.0,255,32767,0.16,2056-9-18,0.04,0.52,23.84,0.0,0.0,0.0,0,0.9375,6,44,07:14,19:19,2025-03-18 01:40:48.668271,Marina di Stabia
2025-03-18T01:40:59Z,0,30.009,72.3,36,50.6,15,15,83,72,0.0,255,32767,0.16,2056-9-18,0.04,0.52,23.84,0.0,0.0,0.0,0,0.984375,6,44,07:14,19:19,2025-03-18 01:40:59.739266,Marina di Stabia
2025-03-18T01:41:11Z,0,30.009,72.3,36,50.6,14,15,83,72,0.0,255,32767,0.16,2056-9-18,0.04,0.52,23.84,0.0,0.0,0.0,0,0.984375,6,44,07:14,19:19,2025-03-18 01:41:10.836265,Marina di Stabia
2025-03-18T01:41:22Z,0,30.009,72.3,36,50.7,13,15,81,72,0.0,255,32767,0.16,2056-9-18,0.04,0.52,23.84,0.0,0.0,0.0,0,0.984375,6,44,07:14,19:19,2025-03-18 01:41:21.935280,Marina di Stabia
2025-03-18T01:41:33Z,0,30.009,72.3,36,50.7,15,15,93,72,0.0,255,32767,0.16,2056-9-18,0.04,0.52,23.84,0.0,0.0,0.0,0,0.984375,6,44,07:14,19:19,2025-03-18 01:41:33.002255,Marina di Stabia
2025-03-18T01:41:44Z,0,30.009,72.3,36,50.7,21,15,100,72,0.0,255,32767,0.16,2056-9-18,0.04,0.52,23.84,0.0,0.0,0.0,0,0.984375,6,44,07:14,19:19,2025-03-18 01:41:44.061267,Marina di Stabia
2025-03-18T01:41:55Z,0,30.009,72.3,36,50.7,17,15,93,72,0.0,255,32767,0.16,2056-9-18,0.04,0.52,23.84,0.0,0.0,0.0,0,0.984375,6,44,07:14,19:19,2025-03-18 01:41:55.154257,Marina di Stabia
2025-03-18T01:42:06Z,0,30.006,72.3,36,50.7,17,15,100,72,0.0,255,32767,0.16,2056-9-18,0.04,0.52,23.84,0.0,0.0,0.0,0,0.9375,6,44,07:14,19:19,2025-03-18 01:42:06.211258,Marina di Stabia
2025-03-18T01:42:17Z,0,30.006,72.3,36,50.7,18,15,72,72,0.0,255,32767,0.16,2056-9-18,0.04,0.52,23.84,0.0,0.0,0.0,0,0.9375,6,44,07:14,19:19,2025-03-18 01:42:17.306263,Marina di Stabia
2025-03-18T01:42:28Z,0,30.006,72.3,36,50.7,20,15,91,71,0.0,255,32767,0.16,2056-9-18,0.04,0.52,23.84,0.0,0.0,0.0,0,0.9375,6,44,07:14,19:19,2025-03-18 01:42:28.365260,Marina di Stabia
2025-03-18T01:42:39Z,0,30.006,72.3,36,50.7,18,15,89,71,0.0,255,32767,0.16,2056-9-18,0.04,0.52,23.84,0.0,0.0,0.0,0,0.9375,6,44,07:14,19:19,2025-03-18 01:42:39.424263,Marina di Stabia
2025-03-18T01:42:50Z,0,30.006,72.3,36,50.7,17,15,90,71,0.0,255,32767,0.16,2056-9-18,0.04,0.52,23.84,0.0,0.0,0.0,0,0.9375,6,44,07:14,19:19,2025-03-18 01:42:50.487258,Marina di Stabia
2025-03-18T01:43:01Z,0,30.006,72.3,36,50.7,19,15,89,71,0.0,255,32767,0.16,2056-9-18,0.04,0.52,23.84,0.0,0.0,0.0,0,1.130859375,6,44,07:14,19:19,2025-03-18 01:43:01.566259,Marina di Stabia
2025-03-18T01:43:12Z,0,30.006,72.3,36,50.7,16,15,73,71,0.0,255,32767,0.16,2056-9-18,0.04,0.52,23.84,0.0,0.0,0.0,0,1.130859375,6,44,07:14,19:19,2025-03-18 01:43:12.667270,Marina di Stabia
2025-03-18T01:43:23Z,0,30.006,72.3,36,50.7,18,15,104,71,0.0,255,32767,0.16,2056-9-18,0.04,0.52,23.84,0.0,0.0,0.0,0,1.130859375,6,44,07:14,19:19,2025-03-18 01:43:23.736255,Marina di Stabia
2025-03-18T01:43:35Z,0,30.006,72.3,36,50.7,15,15,84,71,0.0,255,32767,0.16,2056-9-18,0.04,0.52,23.84,0.0,0.0,0.0,0,1.130859375,6,44,07:14,19:19,2025-03-18 01:43:34.834253,Marina di Stabia
2025-03-18T01:43:46Z,0,30.006,72.3,36,50.7,14,15,92,71,0.0,255,32767,0.16,2056-9-18,0.04,0.52,23.84,0.0,0.0,0.0,0,1.130859375,6,44,07:14,19:19,2025-03-18 01:43:45.898256,Marina di Stabia
2025-03-18T01:43:57Z,0,30.006,72.3,36,50.7,15,15,80,71,0.0,255,32767,0.16,2056-9-18,0.04,0.52,23.84,0.0,0.0,0.0,0,0.9375,6,44,07:14,19:19,2025-03-18 01:43:57.197266,Marina di Stabia
2025-03-18T01:44:08Z,0,30.005,72.3,36,50.7,18,15,93,71,0.0,255,32767,0.16,2056-9-18,0.04,0.52,23.84,0.0,0.0,0.0,0,0.9375,6,44,07:14,19:19,2025-03-18 01:44:08.266264,Marina di Stabia
2025-03-18T01:44:19Z,0,30.005,72.3,36,50.7,12,15,182,71,0.0,255,32767,0.16,2056-9-18,0.04,0.52,23.84,0.0,0.0,0.0,0,0.9375,6,44,07:14,19:19,2025-03-18 01:44:19.328259,Marina di Stabia
2025-03-18T01:44:30Z,0,30.005,72.3,36,50.7,17,15,94,71,0.0,255,32767,0.16,2056-9-18,0.04,0.52,23.84,0.0,0.0,0.0,0,0.9375,6,44,07:14,19:19,2025-03-18 01:44:30.435263,Marina di Stabia
2025-03-18T01:44:41Z,0,30.005,72.3,36,50.7,24,15,103,71,0.0,255,32767,0.16,2056-9-18,0.04,0.52,23.84,0.0,0.0,0.0,0,0.9375,6,44,07:14,19:19,2025-03-18 01:44:41.507257,Marina di Stabia
2025-03-18T01:44:52Z,0,30.005,72.3,36,50.7,24,15,106,71,0.0,255,32767,0.16,2056-9-18,0.04,0.52,23.84,0.0,0.0,0.0,0,0.9375,6,44,07:14,19:19,2025-03-18 01:44:52.579257,Marina di Stabia
2025-03-18T01:45:03Z,0,30.006,72.3,36,50.7,22,16,78,71,0.0,255,32767,0.16,2056-9-18,0.04,0.52,23.84,0.0,0.0,0.0,0,2.291015625,6,44,07:14,19:19,2025-03-18 01:45:03.640253,Marina di Stabia
2025-03-18T01:45:14Z,0,30.006,72.3,36,50.7,19,16,98,71,0.0,255,32767,0.16,2056-9-18,0.04,0.52,23.84,0.0,0.0,0.0,0,2.291015625,6,44,07:14,19:19,2025-03-18 01:45:14.733229,Marina di Stabia
2025-03-18T01:45:26Z,0,30.006,72.3,36,50.7,19,16,84,71,0.0,255,32767,0.16,2056-9-18,0.04,0.52,23.84,0.0,0.0,0.0,0,2.291015625,6,44,07:14,19:19,2025-03-18 01:45:25.826265,Marina di Stabia
2025-03-18T01:45:37Z,0,30.006,72.3,36,50.7,18,16,106,71,0.0,255,32767,0.16,2056-9-18,0.04,0.52,23.84,0.0,0.0,0.0,0,2.291015625,6,44,07:14,19:19,2025-03-18 01:45:36.886271,Marina di Stabia
2025-03-18T01:45:48Z,0,30.006,72.3,36,50.7,15,16,114,71,0.0,255,32767,0.16,2056-9-18,0.04,0.52,23.84,0.0,0.0,0.0,0,2.291015625,6,44,07:14,19:19,2025-03-18 01:45:47.957261,Marina di Stabia
2025-03-18T01:45:59Z,0,30.006,72.2,36,50.7,16,16,103,71,0.0,255,32767,0.16,2056-9-18,0.04,0.52,23.84,0.0,0.0,0.0,0,1.025390625,6,44,07:14,19:19,2025-03-18 01:45:59.020258,Marina di Stabia
2025-03-18T01:46:10Z,0,30.006,72.2,36,50.8,17,16,90,71,0.0,255,32767,0.16,2056-9-18,0.04,0.52,23.84,0.0,0.0,0.0,0,1.025390625,6,44,07:14,19:19,2025-03-18 01:46:10.113256,Marina di Stabia
2025-03-18T01:46:21Z,0,30.006,72.2,36,50.8,16,16,99,71,0.0,255,32767,0.16,2056-9-18,0.04,0.52,23.84,0.0,0.0,0.0,0,1.025390625,6,44,07:14,19:19,2025-03-18 01:46:21.203262,Marina di Stabia
2025-03-18T01:46:32Z,0,30.006,72.2,36,50.8,13,16,80,71,0.0,255,32767,0.16,2056-9-18,0.04,0.52,23.84,0.0,0.0,0.0,0,1.025390625,6,44,07:14,19:19,2025-03-18 01:46:32.267258,Marina di Stabia
2025-03-18T01:46:43Z,0,30.006,72.2,36,50.7,15,16,61,71,0.0,255,32767,0.16,2056-9-18,0.04,0.52,23.84,0.0,0.0,0.0,0,1.025390625,6,44,07:14,19:19,2025-03-18 01:46:43.324257,Marina di Stabia
2025-03-18T01:46:54Z,0,30.006,72.2,36,50.8,11,16,92,71,0.0,255,32767,0.16,2056-9-18,0.04,0.52,23.84,0.0,0.0,0.0,0,1.025390625,6,44,07:14,19:19,2025-03-18 01:46:54.381273,Marina di Stabia
2025-03-18T01:47:05Z,0,30.005,72.2,36,50.8,11,16,82,71,0.0,255,32767,0.16,2056-9-18,0.04,0.52,23.84,0.0,0.0,0.0,0,0.931640625,6,44,07:14,19:19,2025-03-18 01:47:05.452222,Marina di Stabia
2025-03-18T01:47:16Z,0,30.005,72.2,36,50.7,19,16,88,71,0.0,255,32767,0.16,2056-9-18,0.04,0.52,23.84,0.0,0.0,0.0,0,0.931640625,6,44,07:14,19:19,2025-03-18 01:47:16.538262,Marina di Stabia
2025-03-18T01:47:27Z,0,30.005,72.2,36,50.7,15,16,98,71,0.0,255,32767,0.16,2056-9-18,0.04,0.52,23.84,0.0,0.0,0.0,0,0.931640625,6,44,07:14,19:19,2025-03-18 01:47:27.625265,Marina di Stabia
2025-03-18T01:47:38Z,0,30.005,72.2,36,50.7,18,16,86,71,0.0,255,32767,0.16,2056-9-18,0.04,0.52,23.84,0.0,0.0,0.0,0,0.931640625,6,44,07:14,19:19,2025-03-18 01:47:38.693271,Marina di Stabia
2025-03-18T01:47:49Z,0,30.005,72.2,36,50.7,16,16,88,71,0.0,255,32767,0.16,2056-9-18,0.04,0.52,23.84,0.0,0.0,0.0,0,0.931640625,6,44,07:14,19:19,2025-03-18 01:47:49.764262,Marina di Stabia
2025-03-18T01:48:01Z,0,30.008,72.2,36,50.7,16,16,98,71,0.0,255,32767,0.16,2056-9-18,0.04,0.52,23.84,0.0,0.0,0.0,0,0.99609375,6,44,07:14,19:19,2025-03-18 01:48:00.827264,Marina di Stabia
2025-03-18T01:48:12Z,0,30.008,72.2,36,50.7,15,16,72,71,0.0,255,32767,0.16,2056-9-18,0.04,0.52,23.84,0.0,0.0,0.0,0,0.99609375,6,44,07:14,19:19,2025-03-18 01:48:12.025256,Marina di Stabia
2025-03-18T01:48:23Z,0,30.008,72.2,36,50.7,13,16,63,71,0.0,255,32767,0.16,2056-9-18,0.04,0.52,23.84,0.0,0.0,0.0,0,0.99609375,6,44,07:14,19:19,2025-03-18 01:48:23.126257,Marina di Stabia
2025-03-18T01:48:34Z,0,30.008,72.2,36,50.6,16,16,88,71,0.0,255,32767,0.16,2056-9-18,0.04,0.52,23.84,0.0,0.0,0.0,0,0.99609375,6,44,07:14,19:19,2025-03-18 01:48:34.215264,Marina di Stabia
2025-03-18T01:48:45Z,0,30.008,72.2,36,50.6,13,16,98,71,0.0,255,32767,0.16,2056-9-18,0.04,0.52,23.84,0.0,0.0,0.0,0,0.99609375,6,44,07:14,19:19,2025-03-18 01:48:45.278263,Marina di Stabia
2025-03-18T01:48:56Z,0,30.008,72.2,36,50.6,12,16,86,71,0.0,255,32767,0.16,2056-9-18,0.04,0.52,23.84,0.0,0.0,0.0,0,0.99609375,6,44,07:14,19:19,2025-03-18 01:48:56.352259,Marina di Stabia
2025-03-18T01:49:07Z,0,30.007,72.2,36,50.6,16,16,90,71,0.0,255,32767,0.16,2056-9-18,0.04,0.52,23.84,0.0,0.0,0.0,0,0.943359375,6,44,07:14,19:19,2025-03-18 01:49:07.425267,Marina di Stabia
2025-03-18T01:49:18Z,0,30.007,72.2,36,50.6,13,16,83,71,0.0,255,32767,0.16,2056-9-18,0.04,0.52,23.84,0.0,0.0,0.0,0,0.943359375,6,44,07:14,19:19,2025-03-18 01:49:18.500218,Marina di Stabia
2025-03-18T01:49:29Z,0,30.007,72.2,36,50.6,18,16,94,71,0.0,255,32767,0.16,2056-9-18,0.04,0.52,23.84,0.0,0.0,0.0,0,0.943359375,6,44,07:14,19:19,2025-03-18 01:49:29.606262,Marina di Stabia
2025-03-18T01:49:40Z,0,30.007,72.2,36,50.6,9,16,96,71,0.0,255,32767,0.16,2056-9-18,0.04,0.52,23.84,0.0,0.0,0.0,0,0.943359375,6,44,07:14,19:19,2025-03-18 01:49:40.676265,Marina di Stabia
2025-03-18T01:49:51Z,0,30.007,72.2,36,50.6,9,16,116,71,0.0,255,32767,0.16,2056-9-18,0.04,0.52,23.84,0.0,0.0,0.0,0,0.943359375,6,44,07:14,19:19,2025-03-18 01:49:51.718715,Marina di Stabia
2025-03-18T01:50:02Z,0,30.004,72.2,36,50.6,20,16,93,71,0.0,255,32767,0.16,2056-9-18,0.04,0.52,23.84,0.0,0.0,0.0,0,1.599609375,6,44,07:14,19:19,2025-03-18 01:50:02.778270,Marina di Stabia
2025-03-18T01:50:14Z,0,30.004,72.2,36,50.6,18,16,101,71,0.0,255,32767,0.16,2056-9-18,0.04,0.52,23.84,0.0,0.0,0.0,0,1.599609375,6,44,07:14,19:19,2025-03-18 01:50:13.853252,Marina di Stabia
2025-03-18T01:50:25Z,0,30.004,72.2,36,50.6,15,16,86,71,0.0,255,32767,0.16,2056-9-18,0.04,0.52,23.84,0.0,0.0,0.0,0,1.599609375,6,44,07:14,19:19,2025-03-18 01:50:24.927274,Marina di Stabia
2025-03-18T01:50:36Z,0,30.004,72.2,36,50.5,19,16,88,71,0.0,255,32767,0.16,2056-9-18,0.04,0.52,23.84,0.0,0.0,0.0,0,1.599609375,6,44,07:14,19:19,2025-03-18 01:50:36.030266,Marina di Stabia
2025-03-18T01:50:47Z,0,30.004,72.2,36,50.6,17,16,76,71,0.0,255,32767,0.16,2056-9-18,0.04,0.52,23.84,0.0,0.0,0.0,0,1.599609375,6,44,07:14,19:19,2025-03-18 01:50:47.094252,Marina di Stabia
2025-03-18T01:50:58Z,0,30.007,72.2,36,50.6,15,16,77,71,0.0,255,32767,0.16,2056-9-18,0.04,0.52,23.84,0.0,0.0,0.0,0,0.966796875,6,44,07:14,19:19,2025-03-18 01:50:58.163264,Marina di Stabia
2025-03-18T01:51:09Z,0,30.007,72.2,36,50.6,14,16,87,71,0.0,255,32767,0.16,2056-9-18,0.04,0.52,23.84,0.0,0.0,0.0,0,0.966796875,6,44,07:14,19:19,2025-03-18 01:51:09.238257,Marina di Stabia
2025-03-18T01:51:20Z,0,30.007,72.2,36,50.5,14,16,79,71,0.0,255,32767,0.16,2056-9-18,0.04,0.52,23.84,0.0,0.0,0.0,0,0.966796875,6,44,07:14,19:19,2025-03-18 01:51:20.309252,Marina di Stabia
2025-03-18T01:51:31Z,0,30.007,72.2,36,50.5,10,16,78,71,0.0,255,32767,0.16,2056-9-18,0.04,0.52,23.84,0.0,0.0,0.0,0,0.966796875,6,44,07:14,19:19,2025-03-18 01:51:31.369257,Marina di Stabia
2025-03-18T01:51:42Z,0,30.007,72.2,36,50.5,20,16,88,71,0.0,255,32767,0.16,2056-9-18,0.04,0.52,23.84,0.0,0.0,0.0,0,0.966796875,6,44,07:14,19:19,2025-03-18 01:51:42.460261,Marina di Stabia
2025-03-18T01:51:53Z,0,30.007,72.2,36,50.5,16,16,96,71,0.0,255,32767,0.16,2056-9-18,0.04,0.52,23.84,0.0,0.0,0.0,0,0.966796875,6,44,07:14,19:19,2025-03-18 01:51:53.525258,Marina di Stabia
2025-03-18T01:52:04Z,0,30.007,72.2,36,50.5,18,16,86,71,0.0,255,32767,0.16,2056-9-18,0.04,0.52,23.84,0.0,0.0,0.0,0,0.931640625,6,44,07:14,19:19,2025-03-18 01:52:04.597258,Marina di Stabia
2025-03-18T01:52:15Z,0,30.007,72.2,36,50.5,17,16,73,71,0.0,255,32767,0.16,2056-9-18,0.04,0.52,23.84,0.0,0.0,0.0,0,0.931640625,6,44,07:14,19:19,2025-03-18 01:52:15.693267,Marina di Stabia
2025-03-18T01:52:26Z,0,30.007,72.2,36,50.5,18,16,84,71,0.0,255,32767,0.16,2056-9-18,0.04,0.52,23.84,0.0,0.0,0.0,0,0.931640625,6,44,07:14,19:19,2025-03-18 01:52:26.763263,Marina di Stabia
2025-03-18T01:52:38Z,0,30.007,72.2,36,50.5,14,16,88,71,0.0,255,32767,0.16,2056-9-18,0.04,0.52,23.84,0.0,0.0,0.0,0,0.931640625,6,44,07:14,19:19,2025-03-18 01:52:37.825248,Marina di Stabia
2025-03-18T01:52:49Z,0,30.007,72.2,36,50.5,17,16,79,71,0.0,255,32767,0.16,2056-9-18,0.04,0.52,23.84,0.0,0.0,0.0,0,0.931640625,6,44,07:14,19:19,2025-03-18 01:52:48.895249,Marina di Stabia
2025-03-18T01:53:00Z,0,30.005,72.2,36,50.5,16,16,80,71,0.0,255,32767,0.16,2056-9-18,0.04,0.52,23.84,0.0,0.0,0.0,0,0.955078125,6,44,07:14,19:19,2025-03-18 01:52:59.987267,Marina di Stabia
2025-03-18T01:53:11Z,0,30.005,72.2,36,50.5,13,16,74,71,0.0,255,32767,0.16,2056-9-18,0.04,0.52,23.84,0.0,0.0,0.0,0,0.955078125,6,44,07:14,19:19,2025-03-18 01:53:11.059272,Marina di Stabia
2025-03-18T01:53:22Z,0,30.005,72.2,36,50.5,14,16,80,71,0.0,255,32767,0.16,2056-9-18,0.04,0.52,23.84,0.0,0.0,0.0,0,0.955078125,6,44,07:14,19:19,2025-03-18 01:53:22.123222,Marina di Stabia
2025-03-18T01:53:33Z,0,30.005,72.2,36,50.5,10,16,71,71,0.0,255,32767,0.16,2056-9-18,0.04,0.52,23.84,0.0,0.0,0.0,0,0.955078125,6,44,07:14,19:19,2025-03-18 01:53:33.192257,Marina di Stabia
2025-03-18T01:53:44Z,0,30.005,72.2,36,50.5,15,16,101,71,0.0,255,32767,0.16,2056-9-18,0.04,0.52,23.84,0.0,0.0,0.0,0,0.955078125,6,44,07:14,19:19,2025-03-18 01:53:44.262252,Marina di Stabia
2025-03-18T01:53:55Z,0,30.005,72.2,36,50.5,14,16,85,71,0.0,255,32767,0.16,2056-9-18,0.04,0.52,23.84,0.0,0.0,0.0,0,0.955078125,6,44,07:14,19:19,2025-03-18 01:53:55.356218,Marina di Stabia
2025-03-18T01:54:06Z,0,30.006,72.2,36,50.4,16,16,89,71,0.0,255,32767,0.16,2056-9-18,0.04,0.52,23.84,0.0,0.0,0.0,0,0.931640625,6,44,07:14,19:19,2025-03-18 01:54:06.415276,Marina di Stabia
2025-03-18T01:54:17Z,0,30.006,72.2,36,50.5,18,16,84,71,0.0,255,32767,0.16,2056-9-18,0.04,0.52,23.84,0.0,0.0,0.0,0,0.931640625,6,44,07:14,19:19,2025-03-18 01:54:17.483264,Marina di Stabia
2025-03-18T01:54:28Z,0,30.006,72.2,36,50.4,17,16,96,71,0.0,255,32767,0.16,2056-9-18,0.04,0.52,23.84,0.0,0.0,0.0,0,0.931640625,6,44,07:14,19:19,2025-03-18 01:54:28.557280,Marina di Stabia
2025-03-18T01:54:39Z,0,30.006,72.2,36,50.4,21,16,94,71,0.0,255,32767,0.16,2056-9-18,0.04,0.52,23.84,0.0,0.0,0.0,0,0.931640625,6,44,07:14,19:19,2025-03-18 01:54:39.628238,Marina di Stabia
2025-03-18T01:54:51Z,0,30.006,72.2,36,50.4,21,16,74,71,0.0,255,32767,0.16,2056-9-18,0.04,0.52,23.84,0.0,0.0,0.0,0,0.931640625,6,44,07:14,19:19,2025-03-18 01:54:50.817255,Marina di Stabia
2025-03-18T01:55:02Z,0,30.006,72.1,36,50.4,15,16,82,71,0.0,255,32767,0.16,2056-9-18,0.04,0.52,23.84,0.0,0.0,0.0,0,1.1484375,6,44,07:14,19:19,2025-03-18 01:55:02.189226,Marina di Stabia
2025-03-18T01:55:13Z,0,30.006,72.1,36,50.5,15,16,76,71,0.0,255,32767,0.16,2056-9-18,0.04,0.52,23.84,0.0,0.0,0.0,0,1.1484375,6,44,07:14,19:19,2025-03-18 01:55:13.560260,Marina di Stabia
2025-03-18T01:55:25Z,0,30.006,72.1,36,50.4,14,16,66,71,0.0,255,32767,0.16,2056-9-18,0.04,0.52,23.84,0.0,0.0,0.0,0,1.1484375,6,44,07:14,19:19,2025-03-18 01:55:24.928275,Marina di Stabia
2025-03-18T01:55:36Z,0,30.006,72.1,36,50.4,14,16,87,71,0.0,255,32767,0.16,2056-9-18,0.04,0.52,23.84,0.0,0.0,0.0,0,1.1484375,6,44,07:14,19:19,2025-03-18 01:55:36.294254,Marina di Stabia
2025-03-18T01:55:47Z,0,30.006,72.1,36,50.4,16,16,83,71,0.0,255,32767,0.16,2056-9-18,0.04,0.52,23.84,0.0,0.0,0.0,0,1.1484375,6,44,07:14,19:19,2025-03-18 01:55:47.612274,Marina di Stabia
2025-03-18T01:55:58Z,0,30.006,72.2,36,50.4,17,15,85,71,0.0,255,32767,0.16,2056-9-18,0.04,0.52,23.84,0.0,0.0,0.0,0,0.931640625,6,44,07:14,19:19,2025-03-18 01:55:58.701259,Marina di Stabia
2025-03-18T01:56:09Z,0,30.006,72.2,36,50.4,17,15,86,70,0.0,255,32767,0.16,2056-9-18,0.04,0.52,23.84,0.0,0.0,0.0,0,0.931640625,6,44,07:14,19:19,2025-03-18 01:56:09.774262,Marina di Stabia
2025-03-18T01:56:21Z,0,30.006,72.2,36,50.4,14,15,84,70,0.0,255,32767,0.16,2056-9-18,0.04,0.52,23.84,0.0,0.0,0.0,0,0.931640625,6,44,07:14,19:19,2025-03-18 01:56:20.832259,Marina di Stabia
2025-03-18T01:56:32Z,0,30.006,72.2,36,50.4,20,15,76,70,0.0,255,32767,0.16,2056-9-18,0.04,0.52,23.84,0.0,0.0,0.0,0,0.931640625,6,44,07:14,19:19,2025-03-18 01:56:31.908255,Marina di Stabia
2025-03-18T01:56:43Z,0,30.006,72.2,36,50.4,18,15,73,70,0.0,255,32767,0.16,2056-9-18,0.04,0.52,23.84,0.0,0.0,0.0,0,0.931640625,6,44,07:14,19:19,2025-03-18 01:56:43.000264,Marina di Stabia
2025-03-18T01:56:54Z,0,30.006,72.2,36,50.4,20,15,83,70,0.0,255,32767,0.16,2056-9-18,0.04,0.52,23.84,0.0,0.0,0.0,0,0.931640625,6,44,07:14,19:19,2025-03-18 01:56:54.083272,Marina di Stabia
2025-03-18T01:57:05Z,0,30.006,72.1,36,50.4,17,16,88,70,0.0,255,32767,0.16,2056-9-18,0.04,0.52,23.84,0.0,0.0,0.0,0,2.408203125,6,44,07:14,19:19,2025-03-18 01:57:05.153264,Marina di Stabia
2025-03-18T01:57:16Z,0,30.006,72.1,36,50.4,23,16,105,70,0.0,255,32767,0.16,2056-9-18,0.04,0.52,23.84,0.0,0.0,0.0,0,2.408203125,6,44,07:14,19:19,2025-03-18 01:57:16.227257,Marina di Stabia
2025-03-18T01:57:27Z,0,30.006,72.1,36,50.4,22,16,92,70,0.0,255,32767,0.16,2056-9-18,0.04,0.52,23.84,0.0,0.0,0.0,0,2.408203125,6,44,07:14,19:19,2025-03-18 01:57:27.292265,Marina di Stabia
2025-03-18T01:57:38Z,0,30.006,72.1,36,50.4,20,16,87,70,0.0,255,32767,0.16,2056-9-18,0.04,0.52,23.84,0.0,0.0,0.0,0,2.408203125,6,44,07:14,19:19,2025-03-18 01:57:38.392260,Marina di Stabia
2025-03-18T01:57:49Z,0,30.006,72.1,36,50.4,18,16,86,70,0.0,255,32767,0.16,2056-9-18,0.04,0.52,23.84,0.0,0.0,0.0,0,2.408203125,6,44,07:14,19:19,2025-03-18 01:57:49.483265,Marina di Stabia
2025-03-18T01:58:00Z,0,30.005,72.1,36,50.4,18,16,78,70,0.0,255,32767,0.16,2056-9-18,0.04,0.52,23.84,0.0,0.0,0.0,0,0.884765625,6,44,07:14,19:19,2025-03-18 01:58:00.544257,Marina di Stabia
2025-03-18T01:58:11Z,0,30.005,72.1,36,50.4,15,16,90,70,0.0,255,32767,0.16,2056-9-18,0.04,0.52,23.84,0.0,0.0,0.0,0,0.884765625,6,44,07:14,19:19,2025-03-18 01:58:11.633257,Marina di Stabia
2025-03-18T01:58:22Z,0,30.005,72.1,36,50.4,18,16,81,70,0.0,255,32767,0.16,2056-9-18,0.04,0.52,23.84,0.0,0.0,0.0,0,0.884765625,6,44,07:14,19:19,2025-03-18 01:58:22.724261,Marina di Stabia
2025-03-18T01:58:34Z,0,30.005,72.1,36,50.4,19,16,72,70,0.0,255,32767,0.16,2056-9-18,0.04,0.52,23.84,0.0,0.0,0.0,0,0.884765625,6,44,07:14,19:19,2025-03-18 01:58:33.814257,Marina di Stabia
2025-03-18T01:58:45Z,0,30.005,72.1,36,50.4,13,16,94,70,0.0,255,32767,0.16,2056-9-18,0.04,0.52,23.84,0.0,0.0,0.0,0,0.884765625,6,44,07:14,19:19,2025-03-18 01:58:44.882257,Marina di Stabia
2025-03-18T01:58:56Z,0,30.005,72.1,36,50.4,16,16,76,70,0.0,255,32767,0.16,2056-9-18,0.04,0.52,23.84,0.0,0.0,0.0,0,0.884765625,6,44,07:14,19:19,2025-03-18 01:58:55.940268,Marina di Stabia
2025-03-18T01:59:07Z,0,30.005,72.1,36,50.3,18,16,84,70,0.0,255,32767,0.16,2056-9-18,0.04,0.52,23.84,0.0,0.0,0.0,0,0.87890625,6,44,07:14,19:19,2025-03-18 01:59:07.011271,Marina di Stabia
2025-03-18T01:59:18Z,0,30.005,72.1,36,50.4,14,16,84,70,0.0,255,32767,0.16,2056-9-18,0.04,0.52,23.84,0.0,0.0,0.0,0,0.87890625,6,44,07:14,19:19,2025-03-18 01:59:18.113266,Marina di Stabia
2025-03-18T01:59:29Z,0,30.005,72.1,36,50.4,13,16,98,70,0.0,255,32767,0.16,2056-9-18,0.04,0.52,23.84,0.0,0.0,0.0,0,0.87890625,6,44,07:14,19:19,2025-03-18 01:59:29.204259,Marina di Stabia
2025-03-18T01:59:40Z,0,30.005,72.1,36,50.3,17,16,95,70,0.0,255,32767,0.16,2056-9-18,0.04,0.52,23.84,0.0,0.0,0.0,0,0.87890625,6,44,07:14,19:19,2025-03-18 01:59:40.301260,Marina di Stabia
2025-03-18T01:59:51Z,0,30.005,72.1,36,50.4,16,16,105,70,0.0,255,32767,0.16,2056-9-18,0.04,0.52,23.84,0.0,0.0,0.0,0,0.87890625,6,44,07:14,19:19,2025-03-18 01:59:51.381224,Marina di Stabia
2025-03-18T02:00:02Z,0,30.003,72.1,36,50.3,21,16,86,70,0.0,255,32767,0.16,2056-9-18,0.04,0.52,23.84,0.0,0.0,0.0,0,0.966796875,6,44,07:14,19:19,2025-03-18 02:00:02.443261,Marina di Stabia,31.1,6.639279,14.05905,5.7798514,10.930394,EU EEA Common AQI,73.8,6.5582366,13.21546,3600,4.811594,100,100,51.4,8.937198,Very Low,75.5,6.355935,100,1739186100,Very Low,9.633085,6.8510075,Very Low,6.062216,42.9,5.362319,100,1739186100,5.362319
2025-03-18T02:00:13Z,0,30.003,72.1,36,50.3,17,16,82,70,0.0,255,32767,0.16,2056-9-18,0.04,0.52,23.84,0.0,0.0,0.0,0,0.966796875,6,44,07:14,19:19,2025-03-18 02:00:13.575260,Marina di Stabia,31.1,6.639279,14.05905,5.7798514,10.930394,EU EEA Common AQI,73.8,6.5582366,13.21546,3600,4.811594,100,100,51.4,8.937198,Very Low,75.5,6.355935,100,1739186100,Very Low,9.633085,6.8510075,Very Low,6.062216,42.9,5.362319,100,1739186100,5.362319
2025-03-18T02:00:24Z,0,30.003,72.1,36,50.3,19,16,87,70,0.0,255,32767,0.16,2056-9-18,0.04,0.52,23.84,0.0,0.0,0.0,0,0.966796875,6,44,07:14,19:19,2025-03-18 02:00:24.640395,Marina di Stabia,31.1,6.639279,14.05905,5.7798514,10.930394,EU EEA Common AQI,73.8,6.5582366,13.21546,3600,4.811594,100,100,51.4,8.937198,Very Low,75.5,6.355935,100,1739186100,Very Low,9.633085,6.8510075,Very Low,6.062216,42.9,5.362319,100,1739186100,5.362319
2025-03-18T02:00:35Z,0,30.003,72.1,36,50.3,20,16,86,70,0.0,255,32767,0.16,2056-9-18,0.04,0.52,23.84,0.0,0.0,0.0,0,0.966796875,6,44,07:14,19:19,2025-03-18 02:00:35.760264,Marina di Stabia,31.1,6.639279,14.05905,5.7798514,10.930394,EU EEA Common AQI,73.8,6.5582366,13.21546,3600,4.811594,100,100,51.4,8.937198,Very Low,75.5,6.355935,100,1739186100,Very Low,9.633085,6.8510075,Very Low,6.062216,42.9,5.362319,100,1739186100,5.362319
2025-03-18T02:00:47Z,0,30.003,72.1,36,50.3,16,16,93,70,0.0,255,32767,0.16,2056-9-18,0.04,0.52,23.84,0.0,0.0,0.0,0,0.966796875,6,44,07:14,19:19,2025-03-18 02:00:46.872264,Marina di Stabia,31.1,6.639279,14.05905,5.7798514,10.930394,EU EEA Common AQI,73.8,6.5582366,13.21546,3600,4.811594,100,100,51.4,8.937198,Very Low,75.5,6.355935,100,1739186100,Very Low,9.633085,6.8510075,Very Low,6.062216,42.9,5.362319,100,1739186100,5.362319
2025-03-18T02:00:58Z,0,30.004,72.1,36,50.3,15,17,84,70,0.0,255,32767,0.16,2056-9-18,0.04,0.52,23.84,0.0,0.0,0.0,0,1.681640625,6,44,07:14,19:19,2025-03-18 02:00:57.940981,Marina di Stabia,31.1,6.639279,14.05905,5.7798514,10.930394,EU EEA Common AQI,73.8,6.5582366,13.21546,3600,4.811594,100,100,51.4,8.937198,Very Low,75.5,6.355935,100,1739186100,Very Low,9.633085,6.8510075,Very Low,6.062216,42.9,5.362319,100,1739186100,5.362319
2025-03-18T02:01:09Z,0,30.004,72.1,36,50.3,20,17,88,70,0.0,255,32767,0.16,2056-9-18,0.04,0.52,23.84,0.0,0.0,0.0,0,1.681640625,6,44,07:14,19:19,2025-03-18 02:01:09.017261,Marina di Stabia,31.1,6.639279,14.05905,5.7798514,10.930394,EU EEA Common AQI,73.8,6.5582366,13.21546,3600,4.811594,100,100,51.4,8.937198,Very Low,75.5,6.355935,100,1739186100,Very Low,9.633085,6.8510075,Very Low,6.062216,42.9,5.362319,100,1739186100,5.362319
2025-03-18T02:01:20Z,0,30.004,72.1,36,50.4,20,17,88,70,0.0,255,32767,0.16,2056-9-18,0.04,0.52,23.84,0.0,0.0,0.0,0,1.681640625,6,44,07:14,19:19,2025-03-18 02:01:20.100265,Marina di Stabia,31.1,6.639279,14.05905,5.7798514,10.930394,EU EEA Common AQI,73.8,6.5582366,13.21546,3600,4.811594,100,100,51.4,8.937198,Very Low,75.5,6.355935,100,1739186100,Very Low,9.633085,6.8510075,Very Low,6.062216,42.9,5.362319,100,1739186100,5.362319
2025-03-18T02:01:31Z,0,30.004,72.1,36,50.4,22,17,88,70,0.0,255,32767,0.16,2056-9-18,0.04,0.52,23.84,0.0,0.0,0.0,0,1.681640625,6,44,07:14,19:19,2025-03-18 02:01:31.185262,Marina di Stabia,31.1,6.639279,14.05905,5.7798514,10.930394,EU EEA Common AQI,73.8,6.5582366,13.21546,3600,4.811594,100,100,51.4,8.937198,Very Low,75.5,6.355935,100,1739186100,Very Low,9.633085,6.8510075,Very Low,6.062216,42.9,5.362319,100,1739186100,5.362319
2025-03-18T02:01:42Z,0,30.004,72.1,36,50.3,21,17,90,70,0.0,255,32767,0.16,2056-9-18,0.04,0.52,23.84,0.0,0.0,0.0,0,1.681640625,6,44,07:14,19:19,2025-03-18 02:01:42.302266,Marina di Stabia,31.1,6.639279,14.05905,5.7798514,10.930394,EU EEA Common AQI,73.8,6.5582366,13.21546,3600,4.811594,100,100,51.4,8.937198,Very Low,75.5,6.355935,100,1739186100,Very Low,9.633085,6.8510075,Very Low,6.062216,42.9,5.362319,100,1739186100,5.362319
2025-03-18T02:01:53Z,0,30.004,72.1,36,50.3,20,17,85,70,0.0,255,32767,0.16,2056-9-18,0.04,0.52,23.84,0.0,0.0,0.0,0,1.681640625,6,44,07:14,19:19,2025-03-18 02:01:53.389257,Marina di Stabia,31.1,6.639279,14.05905,5.7798514,10.930394,EU EEA Common AQI,73.8,6.5582366,13.21546,3600,4.811594,100,100,51.4,8.937198,Very Low,75.5,6.355935,100,1739186100,Very Low,9.633085,6.8510075,Very Low,6.062216,42.9,5.362319,100,1739186100,5.362319
2025-03-18T02:02:04Z,0,30.006,72.1,36,50.3,24,17,96,70,0.0,255,32767,0.16,2056-9-18,0.04,0.52,23.84,0.0,0.0,0.0,0,1.517578125,6,44,07:14,19:19,2025-03-18 02:02:04.475259,Marina di Stabia,31.1,6.639279,14.05905,5.7798514,10.930394,EU EEA Common AQI,73.8,6.5582366,13.21546,3600,4.811594,100,100,51.4,8.937198,Very Low,75.5,6.355935,100,1739186100,Very Low,9.633085,6.8510075,Very Low,6.062216,42.9,5.362319,100,1739186100,5.362319
2025-03-18T02:02:15Z,0,30.006,72.1,36,50.3,21,17,82,70,0.0,255,32767,0.16,2056-9-18,0.04,0.52,23.84,0.0,0.0,0.0,0,1.517578125,6,44,07:14,19:19,2025-03-18 02:02:15.579257,Marina di Stabia,31.1,6.639279,14.05905,5.7798514,10.930394,EU EEA Common AQI,73.8,6.5582366,13.21546,3600,4.811594,100,100,51.4,8.937198,Very Low,75.5,6.355935,100,1739186100,Very Low,9.633085,6.8510075,Very Low,6.062216,42.9,5.362319,100,1739186100,5.362319
2025-03-18T02:02:26Z,0,30.006,72.1,36,50.3,19,17,96,70,0.0,255,32767,0.16,2056-9-18,0.04,0.52,23.84,0.0,0.0,0.0,0,1.517578125,6,44,07:14,19:19,2025-03-18 02:02:26.661266,Marina di Stabia,31.1,6.639279,14.05905,5.7798514,10.930394,EU EEA Common AQI,73.8,6.5582366,13.21546,3600,4.811594,100,100,51.4,8.937198,Very Low,75.5,6.355935,100,1739186100,Very Low,9.633085,6.8510075,Very Low,6.062216,42.9,5.362319,100,1739186100,5.362319
2025-03-18T02:02:37Z,0,30.006,72.1,36,50.3,18,17,82,70,0.0,255,32767,0.16,2056-9-18,0.04,0.52,23.84,0.0,0.0,0.0,0,1.517578125,6,44,07:14,19:19,2025-03-18 02:02:37.775255,Marina di Stabia,31.1,6.639279,14.05905,5.7798514,10.930394,EU EEA Common AQI,73.8,6.5582366,13.21546,3600,4.811594,100,100,51.4,8.937198,Very Low,75.5,6.355935,100,1739186100,Very Low,9.633085,6.8510075,Very Low,6.062216,42.9,5.362319,100,1739186100,5.362319
2025-03-18T02:02:49Z,0,30.006,72.1,36,50.4,15,17,104,70,0.0,255,32767,0.16,2056-9-18,0.04,0.52,23.84,0.0,0.0,0.0,0,1.517578125,6,44,07:14,19:19,2025-03-18 02:02:48.856257,Marina di Stabia,31.1,6.639279,14.05905,5.7798514,10.930394,EU EEA Common AQI,73.8,6.5582366,13.21546,3600,4.811594,100,100,51.4,8.937198,Very Low,75.5,6.355935,100,1739186100,Very Low,9.633085,6.8510075,Very Low,6.062216,42.9,5.362319,100,1739186100,5.362319
2025-03-18T02:03:00Z,0,30.005,72.1,36,50.3,11,17,91,69,0.0,255,32767,0.16,2056-9-18,0.04,0.52,23.84,0.0,0.0,0.0,0,0.87890625,6,44,07:14,19:19,2025-03-18 02:02:59.971257,Marina di Stabia,31.1,6.639279,14.05905,5.7798514,10.930394,EU EEA Common AQI,73.8,6.5582366,13.21546,3600,4.811594,100,100,51.4,8.937198,Very Low,75.5,6.355935,100,1739186100,Very Low,9.633085,6.8510075,Very Low,6.062216,42.9,5.362319,100,1739186100,5.362319
2025-03-18T02:03:11Z,0,30.005,72.1,36,50.4,14,17,82,69,0.0,255,32767,0.16,2056-9-18,0.04,0.52,23.84,0.0,0.0,0.0,0,0.87890625,6,44,07:14,19:19,2025-03-18 02:03:11.061261,Marina di Stabia,31.1,6.639279,14.05905,5.7798514,10.930394,EU EEA Common AQI,73.8,6.5582366,13.21546,3600,4.811594,100,100,51.4,8.937198,Very Low,75.5,6.355935,100,1739186100,Very Low,9.633085,6.8510075,Very Low,6.062216,42.9,5.362319,100,1739186100,5.362319
2025-03-18T02:03:22Z,0,30.005,72.1,36,50.3,19,17,88,69,0.0,255,32767,0.16,2056-9-18,0.04,0.52,23.84,0.0,0.0,0.0,0,0.87890625,6,44,07:14,19:19,2025-03-18 02:03:22.179271,Marina di Stabia,31.1,6.639279,14.05905,5.7798514,10.930394,EU EEA Common AQI,73.8,6.5582366,13.21546,3600,4.811594,100,100,51.4,8.937198,Very Low,75.5,6.355935,100,1739186100,Very Low,9.633085,6.8510075,Very Low,6.062216,42.9,5.362319,100,1739186100,5.362319
2025-03-18T02:03:33Z,0,30.005,72.1,36,50.3,15,17,82,69,0.0,255,32767,0.16,2056-9-18,0.04,0.52,23.84,0.0,0.0,0.0,0,0.87890625,6,44,07:14,19:19,2025-03-18 02:03:33.254262,Marina di Stabia,31.1,6.639279,14.05905,5.7798514,10.930394,EU EEA Common AQI,73.8,6.5582366,13.21546,3600,4.811594,100,100,51.4,8.937198,Very Low,75.5,6.355935,100,1739186100,Very Low,9.633085,6.8510075,Very Low,6.062216,42.9,5.362319,100,1739186100,5.362319
2025-03-18T02:03:44Z,0,30.005,72.1,36,50.3,18,17,82,69,0.0,255,32767,0.16,2056-9-18,0.04,0.52,23.84,0.0,0.0,0.0,0,0.87890625,6,44,07:14,19:19,2025-03-18 02:03:44.362258,Marina di Stabia,31.1,6.639279,14.05905,5.7798514,10.930394,EU EEA Common AQI,73.8,6.5582366,13.21546,3600,4.811594,100,100,51.4,8.937198,Very Low,75.5,6.355935,100,1739186100,Very Low,9.633085,6.8510075,Very Low,6.062216,42.9,5.362319,100,1739186100,5.362319
2025-03-18T02:03:55Z,0,30.005,72.1,36,50.3,20,17,73,70,0.0,255,32767,0.16,2056-9-18,0.04,0.52,23.84,0.0,0.0,0.0,0,0.87890625,6,44,07:14,19:19,2025-03-18 02:03:55.441267,Marina di Stabia,31.1,6.639279,14.05905,5.7798514,10.930394,EU EEA Common AQI,73.8,6.5582366,13.21546,3600,4.811594,100,100,51.4,8.937198,Very Low,75.5,6.355935,100,1739186100,Very Low,9.633085,6.8510075,Very Low,6.062216,42.9,5.362319,100,1739186100,5.362319
2025-03-18T02:04:06Z,0,30.006,72.0,36,50.3,17,18,77,70,0.0,255,32767,0.16,2056-9-18,0.04,0.52,23.84,0.0,0.0,0.0,0,0.87890625,6,44,07:14,19:19,2025-03-18 02:04:06.520257,Marina di Stabia,31.1,6.639279,14.05905,5.7798514,10.930394,EU EEA Common AQI,73.8,6.5582366,13.21546,3600,4.811594,100,100,51.4,8.937198,Very Low,75.5,6.355935,100,1739186100,Very Low,9.633085,6.8510075,Very Low,6.062216,42.9,5.362319,100,1739186100,5.362319
2025-03-18T02:04:17Z,0,30.006,72.0,36,50.3,16,18,86,70,0.0,255,32767,0.16,2056-9-18,0.04,0.52,23.84,0.0,0.0,0.0,0,0.87890625,6,44,07:14,19:19,2025-03-18 02:04:17.675264,Marina di Stabia,31.1,6.639279,14.05905,5.7798514,10.930394,EU EEA Common AQI,73.8,6.5582366,13.21546,3600,4.811594,100,100,51.4,8.937198,Very Low,75.5,6.355935,100,1739186100,Very Low,9.633085,6.8510075,Very Low,6.062216,42.9,5.362319,100,1739186100,5.362319
2025-03-18T02:04:28Z,0,30.006,72.0,36,50.3,21,18,84,70,0.0,255,32767,0.16,2056-9-18,0.04,0.52,23.84,0.0,0.0,0.0,0,0.87890625,6,44,07:14,19:19,2025-03-18 02:04:28.761267,Marina di Stabia,31.1,6.639279,14.05905,5.7798514,10.930394,EU EEA Common AQI,73.8,6.5582366,13.21546,3600,4.811594,100,100,51.4,8.937198,Very Low,75.5,6.355935,100,1739186100,Very Low,9.633085,6.8510075,Very Low,6.062216,42.9,5.362319,100,1739186100,5.362319
2025-03-18T02:04:40Z,0,30.006,72.0,36,50.3,17,18,107,70,0.0,255,32767,0.16,2056-9-18,0.04,0.52,23.84,0.0,0.0,0.0,0,0.87890625,6,44,07:14,19:19,2025-03-18 02:04:39.835261,Marina di Stabia,31.1,6.639279,14.05905,5.7798514,10.930394,EU EEA Common AQI,73.8,6.5582366,13.21546,3600,4.811594,100,100,51.4,8.937198,Very Low,75.5,6.355935,100,1739186100,Very Low,9.633085,6.8510075,Very Low,6.062216,42.9,5.362319,100,1739186100,5.362319
2025-03-18T02:04:51Z,0,30.006,72.0,36,50.3,20,18,84,70,0.0,255,32767,0.16,2056-9-18,0.04,0.52,23.84,0.0,0.0,0.0,0,0.87890625,6,44,07:14,19:19,2025-03-18 02:04:50.915261,Marina di Stabia,31.1,6.639279,14.05905,5.7798514,10.930394,EU EEA Common AQI,73.8,6.5582366,13.21546,3600,4.811594,100,100,51.4,8.937198,Very Low,75.5,6.355935,100,1739186100,Very Low,9.633085,6.8510075,Very Low,6.062216,42.9,5.362319,100,1739186100,5.362319
2025-03-18T02:05:02Z,0,30.004,72.0,36,50.3,17,18,84,70,0.0,255,32767,0.16,2056-9-18,0.04,0.52,23.84,0.0,0.0,0.0,0,0.90234375,6,44,07:14,19:19,2025-03-18 02:05:01.995218,Marina di Stabia,31.1,6.639279,14.05905,5.7798514,10.930394,EU EEA Common AQI,73.8,6.5582366,13.21546,3600,4.811594,100,100,51.4,8.937198,Very Low,75.5,6.355935,100,1739186100,Very Low,9.633085,6.8510075,Very Low,6.062216,42.9,5.362319,100,1739186100,5.362319
2025-03-18T02:05:13Z,0,30.004,72.0,36,50.3,20,18,80,70,0.0,255,32767,0.16,2056-9-18,0.04,0.52,23.84,0.0,0.0,0.0,0,0.90234375,6,44,07:14,19:19,2025-03-18 02:05:13.068259,Marina di Stabia,31.1,6.639279,14.05905,5.7798514,10.930394,EU EEA Common AQI,73.8,6.5582366,13.21546,3600,4.811594,100,100,51.4,8.937198,Very Low,75.5,6.355935,100,1739186100,Very Low,9.633085,6.8510075,Very Low,6.062216,42.9,5.362319,100,1739186100,5.362319
2025-03-18T02:05:24Z,0,30.004,72.0,36,50.3,15,18,78,70,0.0,255,32767,0.16,2056-9-18,0.04,0.52,23.84,0.0,0.0,0.0,0,0.90234375,6,44,07:14,19:19,2025-03-18 02:05:24.181271,Marina di Stabia,31.1,6.639279,14.05905,5.7798514,10.930394,EU EEA Common AQI,73.8,6.5582366,13.21546,3600,4.811594,100,100,51.4,8.937198,Very Low,75.5,6.355935,100,1739186100,Very Low,9.633085,6.8510075,Very Low,6.062216,42.9,5.362319,100,1739186100,5.362319
2025-03-18T02:05:35Z,0,30.004,72.0,36,50.3,18,18,83,69,0.0,255,32767,0.16,2056-9-18,0.04,0.52,23.84,0.0,0.0,0.0,0,0.90234375,6,44,07:14,19:19,2025-03-18 02:05:35.266258,Marina di Stabia,31.1,6.639279,14.05905,5.7798514,10.930394,EU EEA Common AQI,73.8,6.5582366,13.21546,3600,4.811594,100,100,51.4,8.937198,Very Low,75.5,6.355935,100,1739186100,Very Low,9.633085,6.8510075,Very Low,6.062216,42.9,5.362319,100,1739186100,5.362319
2025-03-18T02:05:46Z,0,30.004,72.0,36,50.3,18,18,90,69,0.0,255,32767,0.16,2056-9-18,0.04,0.52,23.84,0.0,0.0,0.0,0,0.90234375,6,44,07:14,19:19,2025-03-18 02:05:46.342273,Marina di Stabia,31.1,6.639279,14.05905,5.7798514,10.930394,EU EEA Common AQI,73.8,6.5582366,13.21546,3600,4.811594,100,100,51.4,8.937198,Very Low,75.5,6.355935,100,1739186100,Very Low,9.633085,6.8510075,Very Low,6.062216,42.9,5.362319,100,1739186100,5.362319
2025-03-18T02:05:57Z,0,30.004,72.0,36,50.3,18,18,78,69,0.0,255,32767,0.16,2056-9-18,0.04,0.52,23.84,0.0,0.0,0.0,0,0.873046875,6,44,07:14,19:19,2025-03-18 02:05:57.429264,Marina di Stabia,31.1,6.639279,14.05905,5.7798514,10.930394,EU EEA Common AQI,73.8,6.5582366,13.21546,3600,4.811594,100,100,51.4,8.937198,Very Low,75.5,6.355935,100,1739186100,Very Low,9.633085,6.8510075,Very Low,6.062216,42.9,5.362319,100,1739186100,5.362319
2025-03-18T02:06:08Z,0,30.004,72.0,36,50.3,16,18,85,69,0.0,255,32767,0.16,2056-9-18,0.04,0.52,23.84,0.0,0.0,0.0,0,0.873046875,6,44,07:14,19:19,2025-03-18 02:06:08.552283,Marina di Stabia,31.1,6.639279,14.05905,5.7798514,10.930394,EU EEA Common AQI,73.8,6.5582366,13.21546,3600,4.811594,100,100,51.4,8.937198,Very Low,75.5,6.355935,100,1739186100,Very Low,9.633085,6.8510075,Very Low,6.062216,42.9,5.362319,100,1739186100,5.362319
2025-03-18T02:06:19Z,0,30.004,72.0,36,50.3,18,18,78,69,0.0,255,32767,0.16,2056-9-18,0.04,0.52,23.84,0.0,0.0,0.0,0,0.873046875,6,44,07:14,19:19,2025-03-18 02:06:19.660258,Marina di Stabia,31.1,6.639279,14.05905,5.7798514,10.930394,EU EEA Common AQI,73.8,6.5582366,13.21546,3600,4.811594,100,100,51.4,8.937198,Very Low,75.5,6.355935,100,1739186100,Very Low,9.633085,6.8510075,Very Low,6.062216,42.9,5.362319,100,1739186100,5.362319
2025-03-18T02:06:30Z,0,30.004,72.0,36,50.3,15,18,69,69,0.0,255,32767,0.16,2056-9-18,0.04,0.52,23.84,0.0,0.0,0.0,0,0.873046875,6,44,07:14,19:19,2025-03-18 02:06:30.773269,Marina di Stabia,31.1,6.639279,14.05905,5.7798514,10.930394,EU EEA Common AQI,73.8,6.5582366,13.21546,3600,4.811594,100,100,51.4,8.937198,Very Low,75.5,6.355935,100,1739186100,Very Low,9.633085,6.8510075,Very Low,6.062216,42.9,5.362319,100,1739186100,5.362319
2025-03-18T02:06:42Z,0,30.004,72.0,36,50.3,16,18,104,69,0.0,255,32767,0.16,2056-9-18,0.04,0.52,23.84,0.0,0.0,0.0,0,0.873046875,6,44,07:14,19:19,2025-03-18 02:06:41.854257,Marina di Stabia,31.1,6.639279,14.05905,5.7798514,10.930394,EU EEA Common AQI,73.8,6.5582366,13.21546,3600,4.811594,100,100,51.4,8.937198,Very Low,75.5,6.355935,100,1739186100,Very Low,9.633085,6.8510075,Very Low,6.062216,42.9,5.362319,100,1739186100,5.362319
2025-03-18T02:06:53Z,0,30.004,72.0,36,50.3,18,18,80,69,0.0,255,32767,0.16,2056-9-18,0.04,0.52,23.84,0.0,0.0,0.0,0,0.873046875,6,44,07:14,19:19,2025-03-18 02:06:52.936261,Marina di Stabia,31.1,6.639279,14.05905,5.7798514,10.930394,EU EEA Common AQI,73.8,6.5582366,13.21546,3600,4.811594,100,100,51.4,8.937198,Very Low,75.5,6.355935,100,1739186100,Very Low,9.633085,6.8510075,Very Low,6.062216,42.9,5.362319,100,1739186100,5.362319
2025-03-18T02:07:04Z,0,30.006,72.0,36,50.3,13,18,88,69,0.0,255,32767,0.16,2056-9-18,0.04,0.52,23.84,0.0,0.0,0.0,0,1.11328125,6,44,07:14,19:19,2025-03-18 02:07:04.013266,Marina di Stabia,31.1,6.639279,14.05905,5.7798514,10.930394,EU EEA Common AQI,73.8,6.5582366,13.21546,3600,4.811594,100,100,51.4,8.937198,Very Low,75.5,6.355935,100,1739186100,Very Low,9.633085,6.8510075,Very Low,6.062216,42.9,5.362319,100,1739186100,5.362319
2025-03-18T02:07:15Z,0,30.006,72.0,36,50.3,19,18,88,69,0.0,255,32767,0.16,2056-9-18,0.04,0.52,23.84,0.0,0.0,0.0,0,1.11328125,6,44,07:14,19:19,2025-03-18 02:07:15.095266,Marina di Stabia,31.1,6.639279,14.05905,5.7798514,10.930394,EU EEA Common AQI,73.8,6.5582366,13.21546,3600,4.811594,100,100,51.4,8.937198,Very Low,75.5,6.355935,100,1739186100,Very Low,9.633085,6.8510075,Very Low,6.062216,42.9,5.362319,100,1739186100,5.362319
2025-03-18T02:07:26Z,0,30.006,72.0,36,50.3,16,18,98,69,0.0,255,32767,0.16,2056-9-18,0.04,0.52,23.84,0.0,0.0,0.0,0,1.11328125,6,44,07:14,19:19,2025-03-18 02:07:26.212259,Marina di Stabia,31.1,6.639279,14.05905,5.7798514,10.930394,EU EEA Common AQI,73.8,6.5582366,13.21546,3600,4.811594,100,100,51.4,8.937198,Very Low,75.5,6.355935,100,1739186100,Very Low,9.633085,6.8510075,Very Low,6.062216,42.9,5.362319,100,1739186100,5.362319
2025-03-18T02:07:37Z,0,30.006,72.0,36,50.3,14,18,83,69,0.0,255,32767,0.16,2056-9-18,0.04,0.52,23.84,0.0,0.0,0.0,0,1.11328125,6,44,07:14,19:19,2025-03-18 02:07:37.294259,Marina di Stabia,31.1,6.639279,14.05905,5.7798514,10.930394,EU EEA Common AQI,73.8,6.5582366,13.21546,3600,4.811594,100,100,51.4,8.937198,Very Low,75.5,6.355935,100,1739186100,Very Low,9.633085,6.8510075,Very Low,6.062216,42.9,5.362319,100,1739186100,5.362319
2025-03-18T02:07:48Z,0,30.006,72.0,36,50.3,15,18,88,69,0.0,255,32767,0.16,2056-9-18,0.04,0.52,23.84,0.0,0.0,0.0,0,1.11328125,6,44,07:14,19:19,2025-03-18 02:07:48.371256,Marina di Stabia,31.1,6.639279,14.05905,5.7798514,10.930394,EU EEA Common AQI,73.8,6.5582366,13.21546,3600,4.811594,100,100,51.4,8.937198,Very Low,75.5,6.355935,100,1739186100,Very Low,9.633085,6.8510075,Very Low,6.062216,42.9,5.362319,100,1739186100,5.362319
2025-03-18T02:07:59Z,0,30.009,72.0,36,50.3,13,18,71,69,0.0,255,32767,0.16,2056-9-18,0.04,0.52,23.84,0.0,0.0,0.0,0,0.87890625,6,44,07:14,19:19,2025-03-18 02:07:59.445268,Marina di Stabia,31.1,6.639279,14.05905,5.7798514,10.930394,EU EEA Common AQI,73.8,6.5582366,13.21546,3600,4.811594,100,100,51.4,8.937198,Very Low,75.5,6.355935,100,1739186100,Very Low,9.633085,6.8510075,Very Low,6.062216,42.9,5.362319,100,1739186100,5.362319
2025-03-18T02:08:10Z,0,30.009,72.0,36,50.3,11,18,98,69,0.0,255,32767,0.16,2056-9-18,0.04,0.52,23.84,0.0,0.0,0.0,0,0.87890625,6,44,07:14,19:19,2025-03-18 02:08:10.526278,Marina di Stabia,31.1,6.639279,14.05905,5.7798514,10.930394,EU EEA Common AQI,73.8,6.5582366,13.21546,3600,4.811594,100,100,51.4,8.937198,Very Low,75.5,6.355935,100,1739186100,Very Low,9.633085,6.8510075,Very Low,6.062216,42.9,5.362319,100,1739186100,5.362319
2025-03-18T02:08:21Z,0,30.009,72.0,36,50.3,19,18,97,69,0.0,255,32767,0.16,2056-9-18,0.04,0.52,23.84,0.0,0.0,0.0,0,0.87890625,6,44,07:14,19:19,2025-03-18 02:08:21.610259,Marina di Stabia,31.1,6.639279,14.05905,5.7798514,10.930394,EU EEA Common AQI,73.8,6.5582366,13.21546,3600,4.811594,100,100,51.4,8.937198,Very Low,75.5,6.355935,100,1739186100,Very Low,9.633085,6.8510075,Very Low,6.062216,42.9,5.362319,100,1739186100,5.362319
2025-03-18T02:08:32Z,0,30.009,72.0,36,50.3,14,18,83,69,0.0,255,32767,0.16,2056-9-18,0.04,0.52,23.84,0.0,0.0,0.0,0,0.87890625,6,44,07:14,19:19,2025-03-18 02:08:32.721259,Marina di Stabia,31.1,6.639279,14.05905,5.7798514,10.930394,EU EEA Common AQI,73.8,6.5582366,13.21546,3600,4.811594,100,100,51.4,8.937198,Very Low,75.5,6.355935,100,1739186100,Very Low,9.633085,6.8510075,Very Low,6.062216,42.9,5.362319,100,1739186100,5.362319
2025-03-18T02:08:44Z,0,30.009,72.0,36,50.3,15,18,99,69,0.0,255,32767,0.16,2056-9-18,0.04,0.52,23.84,0.0,0.0,0.0,0,0.87890625,6,44,07:14,19:19,2025-03-18 02:08:43.838258,Marina di Stabia,31.1,6.639279,14.05905,5.7798514,10.930394,EU EEA Common AQI,73.8,6.5582366,13.21546,3600,4.811594,100,100,51.4,8.937198,Very Low,75.5,6.355935,100,1739186100,Very Low,9.633085,6.8510075,Very Low,6.062216,42.9,5.362319,100,1739186100,5.362319
2025-03-18T02:08:55Z,0,30.009,72.0,36,50.2,18,18,87,69,0.0,255,32767,0.16,2056-9-18,0.04,0.52,23.84,0.0,0.0,0.0,0,0.87890625,6,44,07:14,19:19,2025-03-18 02:08:54.922263,Marina di Stabia,31.1,6.639279,14.05905,5.7798514,10.930394,EU EEA Common AQI,73.8,6.5582366,13.21546,3600,4.811594,100,100,51.4,8.937198,Very Low,75.5,6.355935,100,1739186100,Very Low,9.633085,6.8510075,Very Low,6.062216,42.9,5.362319,100,1739186100,5.362319
2025-03-18T02:09:06Z,0,30.006,72.0,36,50.2,16,18,81,69,0.0,255,32767,0.16,2056-9-18,0.04,0.52,23.84,0.0,0.0,0.0,0,2.607421875,6,44,07:14,19:19,2025-03-18 02:09:06.011263,Marina di Stabia,31.1,6.639279,14.05905,5.7798514,10.930394,EU EEA Common AQI,73.8,6.5582366,13.21546,3600,4.811594,100,100,51.4,8.937198,Very Low,75.5,6.355935,100,1739186100,Very Low,9.633085,6.8510075,Very Low,6.062216,42.9,5.362319,100,1739186100,5.362319
2025-03-18T02:09:17Z,0,30.006,72.0,36,50.2,15,18,82,69,0.0,255,32767,0.16,2056-9-18,0.04,0.52,23.84,0.0,0.0,0.0,0,2.607421875,6,44,07:14,19:19,2025-03-18 02:09:17.101259,Marina di Stabia,31.1,6.639279,14.05905,5.7798514,10.930394,EU EEA Common AQI,73.8,6.5582366,13.21546,3600,4.811594,100,100,51.4,8.937198,Very Low,75.5,6.355935,100,1739186100,Very Low,9.633085,6.8510075,Very Low,6.062216,42.9,5.362319,100,1739186100,5.362319
2025-03-18T02:09:28Z,0,30.006,72.0,36,50.2,12,18,99,69,0.0,255,32767,0.16,2056-9-18,0.04,0.52,23.84,0.0,0.0,0.0,0,2.607421875,6,44,07:14,19:19,2025-03-18 02:09:28.425265,Marina di Stabia,31.1,6.639279,14.05905,5.7798514,10.930394,EU EEA Common AQI,73.8,6.5582366,13.21546,3600,4.811594,100,100,51.4,8.937198,Very Low,75.5,6.355935,100,1739186100,Very Low,9.633085,6.8510075,Very Low,6.062216,42.9,5.362319,100,1739186100,5.362319
2025-03-18T02:09:39Z,0,30.006,72.0,36,50.3,19,18,84,69,0.0,255,32767,0.16,2056-9-18,0.04,0.52,23.84,0.0,0.0,0.0,0,2.607421875,6,44,07:14,19:19,2025-03-18 02:09:39.533258,Marina di Stabia,31.1,6.639279,14.05905,5.7798514,10.930394,EU EEA Common AQI,73.8,6.5582366,13.21546,3600,4.811594,100,100,51.4,8.937198,Very Low,75.5,6.355935,100,1739186100,Very Low,9.633085,6.8510075,Very Low,6.062216,42.9,5.362319,100,1739186100,5.362319
2025-03-18T02:09:50Z,0,30.006,72.0,36,50.2,21,18,87,69,0.0,255,32767,0.16,2056-9-18,0.04,0.52,23.84,0.0,0.0,0.0,0,2.607421875,6,44,07:14,19:19,2025-03-18 02:09:50.605261,Marina di Stabia,31.1,6.639279,14.05905,5.7798514,10.930394,EU EEA Common AQI,73.8,6.5582366,13.21546,3600,4.811594,100,100,51.4,8.937198,Very Low,75.5,6.355935,100,1739186100,Very Low,9.633085,6.8510075,Very Low,6.062216,42.9,5.362319,100,1739186100,5.362319
2025-03-18T02:10:01Z,0,30.004,72.0,36,50.2,16,18,90,69,0.0,255,32767,0.16,2056-9-18,0.04,0.52,23.84,0.0,0.0,0.0,0,0.884765625,6,44,07:14,19:19,2025-03-18 02:10:01.726261,Marina di Stabia,31.1,6.639279,14.05905,5.7798514,10.930394,EU EEA Common AQI,73.8,6.5582366,13.21546,3600,4.811594,100,100,51.4,8.937198,Very Low,75.5,6.355935,100,1739186100,Very Low,9.633085,6.8510075,Very Low,6.062216,42.9,5.362319,100,1739186100,5.362319
2025-03-18T02:10:13Z,0,30.004,72.0,36,50.2,13,18,73,69,0.0,255,32767,0.16,2056-9-18,0.04,0.52,23.84,0.0,0.0,0.0,0,0.884765625,6,44,07:14,19:19,2025-03-18 02:10:12.836257,Marina di Stabia,31.1,6.639279,14.05905,5.7798514,10.930394,EU EEA Common AQI,73.8,6.5582366,13.21546,3600,4.811594,100,100,51.4,8.937198,Very Low,75.5,6.355935,100,1739186100,Very Low,9.633085,6.8510075,Very Low,6.062216,42.9,5.362319,100,1739186100,5.362319
2025-03-18T02:10:24Z,0,30.004,72.0,36,50.2,15,18,96,69,0.0,255,32767,0.16,2056-9-18,0.04,0.52,23.84,0.0,0.0,0.0,0,0.884765625,6,44,07:14,19:19,2025-03-18 02:10:23.917271,Marina di Stabia,31.1,6.639279,14.05905,5.7798514,10.930394,EU EEA Common AQI,73.8,6.5582366,13.21546,3600,4.811594,100,100,51.4,8.937198,Very Low,75.5,6.355935,100,1739186100,Very Low,9.633085,6.8510075,Very Low,6.062216,42.9,5.362319,100,1739186100,5.362319
2025-03-18T02:10:35Z,0,30.004,72.0,36,50.2,17,18,91,69,0.0,255,32767,0.16,2056-9-18,0.04,0.52,23.84,0.0,0.0,0.0,0,0.884765625,6,44,07:14,19:19,2025-03-18 02:10:35.002222,Marina di Stabia,31.1,6.639279,14.05905,5.7798514,10.930394,EU EEA Common AQI,73.8,6.5582366,13.21546,3600,4.811594,100,100,51.4,8.937198,Very Low,75.5,6.355935,100,1739186100,Very Low,9.633085,6.8510075,Very Low,6.062216,42.9,5.362319,100,1739186100,5.362319
2025-03-18T02:10:46Z,0,30.004,72.0,36,50.2,16,18,89,69,0.0,255,32767,0.16,2056-9-18,0.04,0.52,23.84,0.0,0.0,0.0,0,0.884765625,6,44,07:14,19:19,2025-03-18 02:10:46.080265,Marina di Stabia,31.1,6.639279,14.05905,5.7798514,10.930394,EU EEA Common AQI,73.8,6.5582366,13.21546,3600,4.811594,100,100,51.4,8.937198,Very Low,75.5,6.355935,100,1739186100,Very Low,9.633085,6.8510075,Very Low,6.062216,42.9,5.362319,100,1739186100,5.362319
2025-03-18T02:10:57Z,0,30.004,72.0,36,50.2,19,17,91,69,0.0,255,32767,0.16,2056-9-18,0.04,0.52,23.84,0.0,0.0,0.0,0,0.908203125,6,44,07:14,19:19,2025-03-18 02:10:57.257259,Marina di Stabia,31.1,6.639279,14.05905,5.7798514,10.930394,EU EEA Common AQI,73.8,6.5582366,13.21546,3600,4.811594,100,100,51.4,8.937198,Very Low,75.5,6.355935,100,1739186100,Very Low,9.633085,6.8510075,Very Low,6.062216,42.9,5.362319,100,1739186100,5.362319
2025-03-18T02:11:08Z,0,30.005,72.0,36,50.2,15,17,74,69,0.0,255,32767,0.16,2056-9-18,0.04,0.52,23.84,0.0,0.0,0.0,0,0.908203125,6,44,07:14,19:19,2025-03-18 02:11:08.365260,Marina di Stabia,31.1,6.639279,14.05905,5.7798514,10.930394,EU EEA Common AQI,73.8,6.5582366,13.21546,3600,4.811594,100,100,51.4,8.937198,Very Low,75.5,6.355935,100,1739186100,Very Low,9.633085,6.8510075,Very Low,6.062216,42.9,5.362319,100,1739186100,5.362319
2025-03-18T02:11:19Z,0,30.005,72.0,36,50.2,16,17,88,69,0.0,255,32767,0.16,2056-9-18,0.04,0.52,23.84,0.0,0.0,0.0,0,0.908203125,6,44,07:14,19:19,2025-03-18 02:11:19.437264,Marina di Stabia,31.1,6.639279,14.05905,5.7798514,10.930394,EU EEA Common AQI,73.8,6.5582366,13.21546,3600,4.811594,100,100,51.4,8.937198,Very Low,75.5,6.355935,100,1739186100,Very Low,9.633085,6.8510075,Very Low,6.062216,42.9,5.362319,100,1739186100,5.362319
2025-03-18T02:11:30Z,0,30.005,72.0,36,50.1,17,17,107,69,0.0,255,32767,0.16,2056-9-18,0.04,0.52,23.84,0.0,0.0,0.0,0,0.908203125,6,44,07:14,19:19,2025-03-18 02:11:30.516259,Marina di Stabia,31.1,6.639279,14.05905,5.7798514,10.930394,EU EEA Common AQI,73.8,6.5582366,13.21546,3600,4.811594,100,100,51.4,8.937198,Very Low,75.5,6.355935,100,1739186100,Very Low,9.633085,6.8510075,Very Low,6.062216,42.9,5.362319,100,1739186100,5.362319
2025-03-18T02:11:41Z,0,30.005,72.0,36,50.2,15,17,87,69,0.0,255,32767,0.16,2056-9-18,0.04,0.52,23.84,0.0,0.0,0.0,0,0.908203125,6,44,07:14,19:19,2025-03-18 02:11:41.593261,Marina di Stabia,31.1,6.639279,14.05905,5.7798514,10.930394,EU EEA Common AQI,73.8,6.5582366,13.21546,3600,4.811594,100,100,51.4,8.937198,Very Low,75.5,6.355935,100,1739186100,Very Low,9.633085,6.8510075,Very Low,6.062216,42.9,5.362319,100,1739186100,5.362319
2025-03-18T02:11:52Z,0,30.005,72.0,36,50.2,14,17,88,69,0.0,255,32767,0.16,2056-9-18,0.04,0.52,23.84,0.0,0.0,0.0,0,0.908203125,6,44,07:14,19:19,2025-03-18 02:11:52.664259,Marina di Stabia,31.1,6.639279,14.05905,5.7798514,10.930394,EU EEA Common AQI,73.8,6.5582366,13.21546,3600,4.811594,100,100,51.4,8.937198,Very Low,75.5,6.355935,100,1739186100,Very Low,9.633085,6.8510075,Very Low,6.062216,42.9,5.362319,100,1739186100,5.362319
2025-03-18T02:12:03Z,0,30.007,72.0,36,50.2,11,17,78,69,0.0,255,32767,0.16,2056-9-18,0.04,0.52,23.84,0.0,0.0,0.0,0,0.97265625,6,44,07:14,19:19,2025-03-18 02:12:03.773272,Marina di Stabia,31.1,6.639279,14.05905,5.7798514,10.930394,EU EEA Common AQI,73.8,6.5582366,13.21546,3600,4.811594,100,100,51.4,8.937198,Very Low,75.5,6.355935,100,1739186100,Very Low,9.633085,6.8510075,Very Low,6.062216,42.9,5.362319,100,1739186100,5.362319
2025-03-18T02:12:15Z,0,30.007,72.0,36,50.2,14,17,84,69,0.0,255,32767,0.16,2056-9-18,0.04,0.52,23.84,0.0,0.0,0.0,0,0.97265625,6,44,07:14,19:19,2025-03-18 02:12:14.854259,Marina di Stabia,31.1,6.639279,14.05905,5.7798514,10.930394,EU EEA Common AQI,73.8,6.5582366,13.21546,3600,4.811594,100,100,51.4,8.937198,Very Low,75.5,6.355935,100,1739186100,Very Low,9.633085,6.8510075,Very Low,6.062216,42.9,5.362319,100,1739186100,5.362319
2025-03-18T02:12:26Z,0,30.007,72.0,36,50.3,15,17,77,69,0.0,255,32767,0.16,2056-9-18,0.04,0.52,23.84,0.0,0.0,0.0,0,0.97265625,6,44,07:14,19:19,2025-03-18 02:12:25.944263,Marina di Stabia,31.1,6.639279,14.05905,5.7798514,10.930394,EU EEA Common AQI,73.8,6.5582366,13.21546,3600,4.811594,100,100,51.4,8.937198,Very Low,75.5,6.355935,100,1739186100,Very Low,9.633085,6.8510075,Very Low,6.062216,42.9,5.362319,100,1739186100,5.362319
2025-03-18T02:12:37Z,0,30.007,72.0,36,50.3,16,17,83,69,0.0,255,32767,0.16,2056-9-18,0.04,0.52,23.84,0.0,0.0,0.0,0,0.97265625,6,44,07:14,19:19,2025-03-18 02:12:37.028260,Marina di Stabia,31.1,6.639279,14.05905,5.7798514,10.930394,EU EEA Common AQI,73.8,6.5582366,13.21546,3600,4.811594,100,100,51.4,8.937198,Very Low,75.5,6.355935,100,1739186100,Very Low,9.633085,6.8510075,Very Low,6.062216,42.9,5.362319,100,1739186100,5.362319
2025-03-18T02:12:48Z,0,30.007,72.0,36,50.2,17,17,71,69,0.0,255,32767,0.16,2056-9-18,0.04,0.52,23.84,0.0,0.0,0.0,0,0.97265625,6,44,07:14,19:19,2025-03-18 02:12:48.106267,Marina di Stabia,31.1,6.639279,14.05905,5.7798514,10.930394,EU EEA Common AQI,73.8,6.5582366,13.21546,3600,4.811594,100,100,51.4,8.937198,Very Low,75.5,6.355935,100,1739186100,Very Low,9.633085,6.8510075,Very Low,6.062216,42.9,5.362319,100,1739186100,5.362319
2025-03-18T02:12:59Z,0,30.009,72.0,36,50.2,17,17,85,69,0.0,255,32767,0.16,2056-9-18,0.04,0.52,23.84,0.0,0.0,0.0,0,0.87890625,6,44,07:14,19:19,2025-03-18 02:12:59.294257,Marina di Stabia,31.1,6.639279,14.05905,5.7798514,10.930394,EU EEA Common AQI,73.8,6.5582366,13.21546,3600,4.811594,100,100,51.4,8.937198,Very Low,75.5,6.355935,100,1739186100,Very Low,9.633085,6.8510075,Very Low,6.062216,42.9,5.362319,100,1739186100,5.362319
2025-03-18T02:13:10Z,0,30.009,72.0,36,50.2,18,17,94,69,0.0,255,32767,0.16,2056-9-18,0.04,0.52,23.84,0.0,0.0,0.0,0,0.87890625,6,44,07:14,19:19,2025-03-18 02:13:10.462266,Marina di Stabia,31.1,6.639279,14.05905,5.7798514,10.930394,EU EEA Common AQI,73.8,6.5582366,13.21546,3600,4.811594,100,100,51.4,8.937198,Very Low,75.5,6.355935,100,1739186100,Very Low,9.633085,6.8510075,Very Low,6.062216,42.9,5.362319,100,1739186100,5.362319
2025-03-18T02:13:21Z,0,30.009,72.0,36,50.2,18,17,81,69,0.0,255,32767,0.16,2056-9-18,0.04,0.52,23.84,0.0,0.0,0.0,0,0.87890625,6,44,07:14,19:19,2025-03-18 02:13:21.578249,Marina di Stabia,31.1,6.639279,14.05905,5.7798514,10.930394,EU EEA Common AQI,73.8,6.5582366,13.21546,3600,4.811594,100,100,51.4,8.937198,Very Low,75.5,6.355935,100,1739186100,Very Low,9.633085,6.8510075,Very Low,6.062216,42.9,5.362319,100,1739186100,5.362319
2025-03-18T02:13:32Z,0,30.009,72.0,36,50.1,19,17,82,69,0.0,255,32767,0.16,2056-9-18,0.04,0.52,23.84,0.0,0.0,0.0,0,0.87890625,6,44,07:14,19:19,2025-03-18 02:13:32.658224,Marina di Stabia,31.1,6.639279,14.05905,5.7798514,10.930394,EU EEA Common AQI,73.8,6.5582366,13.21546,3600,4.811594,100,100,51.4,8.937198,Very Low,75.5,6.355935,100,1739186100,Very Low,9.633085,6.8510075,Very Low,6.062216,42.9,5.362319,100,1739186100,5.362319
2025-03-18T02:13:43Z,0,30.009,72.0,36,50.2,21,17,79,69,0.0,255,32767,0.16,2056-9-18,0.04,0.52,23.84,0.0,0.0,0.0,0,0.87890625,6,44,07:14,19:19,2025-03-18 02:13:43.758271,Marina di Stabia,31.1,6.639279,14.05905,5.7798514,10.930394,EU EEA Common AQI,73.8,6.5582366,13.21546,3600,4.811594,100,100,51.4,8.937198,Very Low,75.5,6.355935,100,1739186100,Very Low,9.633085,6.8510075,Very Low,6.062216,42.9,5.362319,100,1739186100,5.362319
2025-03-18T02:13:55Z,0,30.009,72.0,36,50.1,16,17,73,69,0.0,255,32767,0.16,2056-9-18,0.04,0.52,23.84,0.0,0.0,0.0,0,0.87890625,6,44,07:14,19:19,2025-03-18 02:13:54.834269,Marina di Stabia,31.1,6.639279,14.05905,5.7798514,10.930394,EU EEA Common AQI,73.8,6.5582366,13.21546,3600,4.811594,100,100,51.4,8.937198,Very Low,75.5,6.355935,100,1739186100,Very Low,9.633085,6.8510075,Very Low,6.062216,42.9,5.362319,100,1739186100,5.362319
2025-03-18T02:14:06Z,0,30.005,72.0,36,50.1,17,17,90,69,0.0,255,32767,0.16,2056-9-18,0.04,0.52,23.84,0.0,0.0,0.0,0,1.55859375,6,44,07:14,19:19,2025-03-18 02:14:05.921258,Marina di Stabia,31.1,6.639279,14.05905,5.7798514,10.930394,EU EEA Common AQI,73.8,6.5582366,13.21546,3600,4.811594,100,100,51.4,8.937198,Very Low,75.5,6.355935,100,1739186100,Very Low,9.633085,6.8510075,Very Low,6.062216,42.9,5.362319,100,1739186100,5.362319
2025-03-18T02:14:17Z,0,30.005,72.0,36,50.1,14,17,132,69,0.0,255,32767,0.16,2056-9-18,0.04,0.52,23.84,0.0,0.0,0.0,0,1.55859375,6,44,07:14,19:19,2025-03-18 02:14:17.038256,Marina di Stabia,31.1,6.639279,14.05905,5.7798514,10.930394,EU EEA Common AQI,73.8,6.5582366,13.21546,3600,4.811594,100,100,51.4,8.937198,Very Low,75.5,6.355935,100,1739186100,Very Low,9.633085,6.8510075,Very Low,6.062216,42.9,5.362319,100,1739186100,5.362319
2025-03-18T02:14:28Z,0,30.005,72.0,36,50.1,14,17,100,69,0.0,255,32767,0.16,2056-9-18,0.04,0.52,23.84,0.0,0.0,0.0,0,1.55859375,6,44,07:14,19:19,2025-03-18 02:14:28.112263,Marina di Stabia,31.1,6.639279,14.05905,5.7798514,10.930394,EU EEA Common AQI,73.8,6.5582366,13.21546,3600,4.811594,100,100,51.4,8.937198,Very Low,75.5,6.355935,100,1739186100,Very Low,9.633085,6.8510075,Very Low,6.062216,42.9,5.362319,100,1739186100,5.362319
2025-03-18T02:14:39Z,0,30.005,72.0,36,50.1,17,17,94,69,0.0,255,32767,0.16,2056-9-18,0.04,0.52,23.84,0.0,0.0,0.0,0,1.55859375,6,44,07:14,19:19,2025-03-18 02:14:39.197278,Marina di Stabia,31.1,6.639279,14.05905,5.7798514,10.930394,EU EEA Common AQI,73.8,6.5582366,13.21546,3600,4.811594,100,100,51.4,8.937198,Very Low,75.5,6.355935,100,1739186100,Very Low,9.633085,6.8510075,Very Low,6.062216,42.9,5.362319,100,1739186100,5.362319
2025-03-18T02:14:50Z,0,30.005,72.0,36,50.2,18,17,72,69,0.0,255,32767,0.16,2056-9-18,0.04,0.52,23.84,0.0,0.0,0.0,0,1.55859375,6,44,07:14,19:19,2025-03-18 02:14:50.282257,Marina di Stabia,31.1,6.639279,14.05905,5.7798514,10.930394,EU EEA Common AQI,73.8,6.5582366,13.21546,3600,4.811594,100,100,51.4,8.937198,Very Low,75.5,6.355935,100,1739186100,Very Low,9.633085,6.8510075,Very Low,6.062216,42.9,5.362319,100,1739186100,5.362319
2025-03-18T02:15:01Z,0,30.006,71.9,36,50.2,19,16,89,69,0.0,255,32767,0.16,2056-9-18,0.04,0.52,23.84,0.0,0.0,0.0,0,0.87890625,6,44,07:14,19:19,2025-03-18 02:15:01.370262,Marina di Stabia,31.1,6.639279,14.05905,5.7798514,10.930394,EU EEA Common AQI,73.8,6.5582366,13.21546,3600,4.811594,100,100,51.4,8.937198,Very Low,75.5,6.355935,100,1739186100,Very Low,9.633085,6.8510075,Very Low,6.062216,42.9,5.362319,100,1739186100,5.362319
2025-03-18T02:15:12Z,0,30.006,71.9,36,50.2,15,16,84,69,0.0,255,32767,0.16,2056-9-18,0.04,0.52,23.84,0.0,0.0,0.0,0,0.87890625,6,44,07:14,19:19,2025-03-18 02:15:12.496262,Marina di Stabia,31.1,6.639279,14.05905,5.7798514,10.930394,EU EEA Common AQI,73.8,6.5582366,13.21546,3600,4.811594,100,100,51.4,8.937198,Very Low,75.5,6.355935,100,1739186100,Very Low,9.633085,6.8510075,Very Low,6.062216,42.9,5.362319,100,1739186100,5.362319
2025-03-18T02:15:23Z,0,30.006,71.9,36,50.2,13,16,90,69,0.0,255,32767,0.16,2056-9-18,0.04,0.52,23.84,0.0,0.0,0.0,0,0.87890625,6,44,07:14,19:19,2025-03-18 02:15:23.605265,Marina di Stabia,31.1,6.639279,14.05905,5.7798514,10.930394,EU EEA Common AQI,73.8,6.5582366,13.21546,3600,4.811594,100,100,51.4,8.937198,Very Low,75.5,6.355935,100,1739186100,Very Low,9.633085,6.8510075,Very Low,6.062216,42.9,5.362319,100,1739186100,5.362319
2025-03-18T02:15:34Z,0,30.006,71.9,36,50.2,20,16,82,69,0.0,255,32767,0.16,2056-9-18,0.04,0.52,23.84,0.0,0.0,0.0,0,0.87890625,6,44,07:14,19:19,2025-03-18 02:15:34.690269,Marina di Stabia,31.1,6.639279,14.05905,5.7798514,10.930394,EU EEA Common AQI,73.8,6.5582366,13.21546,3600,4.811594,100,100,51.4,8.937198,Very Low,75.5,6.355935,100,1739186100,Very Low,9.633085,6.8510075,Very Low,6.062216,42.9,5.362319,100,1739186100,5.362319
2025-03-18T02:15:46Z,0,30.006,71.9,36,50.2,15,16,89,69,0.0,255,32767,0.16,2056-9-18,0.04,0.52,23.84,0.0,0.0,0.0,0,0.87890625,6,44,07:14,19:19,2025-03-18 02:15:45.801262,Marina di Stabia,31.1,6.639279,14.05905,5.7798514,10.930394,EU EEA Common AQI,73.8,6.5582366,13.21546,3600,4.811594,100,100,51.4,8.937198,Very Low,75.5,6.355935,100,1739186100,Very Low,9.633085,6.8510075,Very Low,6.062216,42.9,5.362319,100,1739186100,5.362319
2025-03-18T02:15:57Z,0,30.006,71.9,36,50.2,19,16,75,69,0.0,255,32767,0.16,2056-9-18,0.04,0.52,23.84,0.0,0.0,0.0,0,0.87890625,6,44,07:14,19:19,2025-03-18 02:15:56.899271,Marina di Stabia,31.1,6.639279,14.05905,5.7798514,10.930394,EU EEA Common AQI,73.8,6.5582366,13.21546,3600,4.811594,100,100,51.4,8.937198,Very Low,75.5,6.355935,100,1739186100,Very Low,9.633085,6.8510075,Very Low,6.062216,42.9,5.362319,100,1739186100,5.362319
2025-03-18T02:16:08Z,0,30.008,71.9,36,50.2,16,16,113,69,0.0,255,32767,0.16,2056-9-18,0.04,0.52,23.84,0.0,0.0,0.0,0,1.025390625,6,44,07:14,19:19,2025-03-18 02:16:07.976258,Marina di Stabia,31.1,6.639279,14.05905,5.7798514,10.930394,EU EEA Common AQI,73.8,6.5582366,13.21546,3600,4.811594,100,100,51.4,8.937198,Very Low,75.5,6.355935,100,1739186100,Very Low,9.633085,6.8510075,Very Low,6.062216,42.9,5.362319,100,1739186100,5.362319
2025-03-18T02:16:19Z,0,30.008,71.9,36,50.2,19,16,77,69,0.0,255,32767,0.16,2056-9-18,0.04,0.52,23.84,0.0,0.0,0.0,0,1.025390625,6,44,07:14,19:19,2025-03-18 02:16:19.056267,Marina di Stabia,31.1,6.639279,14.05905,5.7798514,10.930394,EU EEA Common AQI,73.8,6.5582366,13.21546,3600,4.811594,100,100,51.4,8.937198,Very Low,75.5,6.355935,100,1739186100,Very Low,9.633085,6.8510075,Very Low,6.062216,42.9,5.362319,100,1739186100,5.362319
2025-03-18T02:16:30Z,0,30.008,71.9,36,50.2,17,16,78,69,0.0,255,32767,0.16,2056-9-18,0.04,0.52,23.84,0.0,0.0,0.0,0,1.025390625,6,44,07:14,19:19,2025-03-18 02:16:30.171264,Marina di Stabia,31.1,6.639279,14.05905,5.7798514,10.930394,EU EEA Common AQI,73.8,6.5582366,13.21546,3600,4.811594,100,100,51.4,8.937198,Very Low,75.5,6.355935,100,1739186100,Very Low,9.633085,6.8510075,Very Low,6.062216,42.9,5.362319,100,1739186100,5.362319
2025-03-18T02:16:41Z,0,30.008,71.9,36,50.2,16,16,82,68,0.0,255,32767,0.16,2056-9-18,0.04,0.52,23.84,0.0,0.0,0.0,0,1.025390625,6,44,07:14,19:19,2025-03-18 02:16:41.264257,Marina di Stabia,31.1,6.639279,14.05905,5.7798514,10.930394,EU EEA Common AQI,73.8,6.5582366,13.21546,3600,4.811594,100,100,51.4,8.937198,Very Low,75.5,6.355935,100,1739186100,Very Low,9.633085,6.8510075,Very Low,6.062216,42.9,5.362319,100,1739186100,5.362319
2025-03-18T02:16:52Z,0,30.008,71.9,36,50.2,19,16,82,68,0.0,255,32767,0.16,2056-9-18,0.04,0.52,23.84,0.0,0.0,0.0,0,1.025390625,6,44,07:14,19:19,2025-03-18 02:16:52.352256,Marina di Stabia,31.1,6.639279,14.05905,5.7798514,10.930394,EU EEA Common AQI,73.8,6.5582366,13.21546,3600,4.811594,100,100,51.4,8.937198,Very Low,75.5,6.355935,100,1739186100,Very Low,9.633085,6.8510075,Very Low,6.062216,42.9,5.362319,100,1739186100,5.362319
2025-03-18T02:17:03Z,0,30.01,71.9,36,50.2,16,16,70,68,0.0,255,32767,0.16,2056-9-18,0.04,0.52,23.84,0.0,0.0,0.0,0,0.90234375,6,44,07:14,19:19,2025-03-18 02:17:03.437267,Marina di Stabia,31.1,6.639279,14.05905,5.7798514,10.930394,EU EEA Common AQI,73.8,6.5582366,13.21546,3600,4.811594,100,100,51.4,8.937198,Very Low,75.5,6.355935,100,1739186100,Very Low,9.633085,6.8510075,Very Low,6.062216,42.9,5.362319,100,1739186100,5.362319
2025-03-18T02:17:14Z,0,30.01,71.9,36,50.2,17,16,87,68,0.0,255,32767,0.16,2056-9-18,0.04,0.52,23.84,0.0,0.0,0.0,0,0.90234375,6,44,07:14,19:19,2025-03-18 02:17:14.518272,Marina di Stabia,31.1,6.639279,14.05905,5.7798514,10.930394,EU EEA Common AQI,73.8,6.5582366,13.21546,3600,4.811594,100,100,51.4,8.937198,Very Low,75.5,6.355935,100,1739186100,Very Low,9.633085,6.8510075,Very Low,6.062216,42.9,5.362319,100,1739186100,5.362319
2025-03-18T02:17:25Z,0,30.01,71.9,36,50.2,14,16,86,68,0.0,255,32767,0.16,2056-9-18,0.04,0.52,23.84,0.0,0.0,0.0,0,0.90234375,6,44,07:14,19:19,2025-03-18 02:17:25.611229,Marina di Stabia,31.1,6.639279,14.05905,5.7798514,10.930394,EU EEA Common AQI,73.8,6.5582366,13.21546,3600,4.811594,100,100,51.4,8.937198,Very Low,75.5,6.355935,100,1739186100,Very Low,9.633085,6.8510075,Very Low,6.062216,42.9,5.362319,100,1739186100,5.362319
2025-03-18T02:17:36Z,0,30.01,71.9,36,50.2,14,16,84,68,0.0,255,32767,0.16,2056-9-18,0.04,0.52,23.84,0.0,0.0,0.0,0,0.90234375,6,44,07:14,19:19,2025-03-18 02:17:36.717249,Marina di Stabia,31.1,6.639279,14.05905,5.7798514,10.930394,EU EEA Common AQI,73.8,6.5582366,13.21546,3600,4.811594,100,100,51.4,8.937198,Very Low,75.5,6.355935,100,1739186100,Very Low,9.633085,6.8510075,Very Low,6.062216,42.9,5.362319,100,1739186100,5.362319
2025-03-18T02:17:47Z,0,30.01,71.9,36,50.2,18,16,69,68,0.0,255,32767,0.16,2056-9-18,0.04,0.52,23.84,0.0,0.0,0.0,0,0.90234375,6,44,07:14,19:19,2025-03-18 02:17:47.796258,Marina di Stabia,31.1,6.639279,14.05905,5.7798514,10.930394,EU EEA Common AQI,73.8,6.5582366,13.21546,3600,4.811594,100,100,51.4,8.937198,Very Low,75.5,6.355935,100,1739186100,Very Low,9.633085,6.8510075,Very Low,6.062216,42.9,5.362319,100,1739186100,5.362319
2025-03-18T02:17:59Z,0,30.009,71.9,36,50.2,13,16,61,68,0.0,255,32767,0.16,2056-9-18,0.04,0.52,23.84,0.0,0.0,0.0,0,0.873046875,6,44,07:14,19:19,2025-03-18 02:17:58.876258,Marina di Stabia,31.1,6.639279,14.05905,5.7798514,10.930394,EU EEA Common AQI,73.8,6.5582366,13.21546,3600,4.811594,100,100,51.4,8.937198,Very Low,75.5,6.355935,100,1739186100,Very Low,9.633085,6.8510075,Very Low,6.062216,42.9,5.362319,100,1739186100,5.362319
2025-03-18T02:18:10Z,0,30.009,71.9,36,50.2,12,16,78,68,0.0,255,32767,0.16,2056-9-18,0.04,0.52,23.84,0.0,0.0,0.0,0,0.873046875,6,44,07:14,19:19,2025-03-18 02:18:09.952270,Marina di Stabia,31.1,6.639279,14.05905,5.7798514,10.930394,EU EEA Common AQI,73.8,6.5582366,13.21546,3600,4.811594,100,100,51.4,8.937198,Very Low,75.5,6.355935,100,1739186100,Very Low,9.633085,6.8510075,Very Low,6.062216,42.9,5.362319,100,1739186100,5.362319
2025-03-18T02:18:21Z,0,30.009,71.9,36,50.2,12,16,71,68,0.0,255,32767,0.16,2056-9-18,0.04,0.52,23.84,0.0,0.0,0.0,0,0.873046875,6,44,07:14,19:19,2025-03-18 02:18:21.030261,Marina di Stabia,31.1,6.639279,14.05905,5.7798514,10.930394,EU EEA Common AQI,73.8,6.5582366,13.21546,3600,4.811594,100,100,51.4,8.937198,Very Low,75.5,6.355935,100,1739186100,Very Low,9.633085,6.8510075,Very Low,6.062216,42.9,5.362319,100,1739186100,5.362319
2025-03-18T02:18:32Z,0,30.009,71.9,36,50.2,13,16,80,68,0.0,255,32767,0.16,2056-9-18,0.04,0.52,23.84,0.0,0.0,0.0,0,0.873046875,6,44,07:14,19:19,2025-03-18 02:18:32.139262,Marina di Stabia,31.1,6.639279,14.05905,5.7798514,10.930394,EU EEA Common AQI,73.8,6.5582366,13.21546,3600,4.811594,100,100,51.4,8.937198,Very Low,75.5,6.355935,100,1739186100,Very Low,9.633085,6.8510075,Very Low,6.062216,42.9,5.362319,100,1739186100,5.362319
2025-03-18T02:18:43Z,0,30.009,71.9,36,50.2,14,16,88,68,0.0,255,32767,0.16,2056-9-18,0.04,0.52,23.84,0.0,0.0,0.0,0,0.873046875,6,44,07:14,19:19,2025-03-18 02:18:43.215261,Marina di Stabia,31.1,6.639279,14.05905,5.7798514,10.930394,EU EEA Common AQI,73.8,6.5582366,13.21546,3600,4.811594,100,100,51.4,8.937198,Very Low,75.5,6.355935,100,1739186100,Very Low,9.633085,6.8510075,Very Low,6.062216,42.9,5.362319,100,1739186100,5.362319
2025-03-18T02:18:54Z,0,30.009,71.9,36,50.2,12,16,69,68,0.0,255,32767,0.16,2056-9-18,0.04,0.52,23.84,0.0,0.0,0.0,0,0.873046875,6,44,07:14,19:19,2025-03-18 02:18:54.322256,Marina di Stabia,31.1,6.639279,14.05905,5.7798514,10.930394,EU EEA Common AQI,73.8,6.5582366,13.21546,3600,4.811594,100,100,51.4,8.937198,Very Low,75.5,6.355935,100,1739186100,Very Low,9.633085,6.8510075,Very Low,6.062216,42.9,5.362319,100,1739186100,5.362319
2025-03-18T02:19:05Z,0,30.009,71.9,36,50.2,11,16,86,68,0.0,255,32767,0.16,2056-9-18,0.04,0.52,23.84,0.0,0.0,0.0,0,1.154296875,6,44,07:14,19:19,2025-03-18 02:19:05.407264,Marina di Stabia,31.1,6.639279,14.05905,5.7798514,10.930394,EU EEA Common AQI,73.8,6.5582366,13.21546,3600,4.811594,100,100,51.4,8.937198,Very Low,75.5,6.355935,100,1739186100,Very Low,9.633085,6.8510075,Very Low,6.062216,42.9,5.362319,100,1739186100,5.362319
2025-03-18T02:19:16Z,0,30.009,71.9,36,50.2,10,16,85,68,0.0,255,32767,0.16,2056-9-18,0.04,0.52,23.84,0.0,0.0,0.0,0,1.154296875,6,44,07:14,19:19,2025-03-18 02:19:16.518263,Marina di Stabia,31.1,6.639279,14.05905,5.7798514,10.930394,EU EEA Common AQI,73.8,6.5582366,13.21546,3600,4.811594,100,100,51.4,8.937198,Very Low,75.5,6.355935,100,1739186100,Very Low,9.633085,6.8510075,Very Low,6.062216,42.9,5.362319,100,1739186100,5.362319
2025-03-18T02:19:27Z,0,30.009,71.9,36,50.2,14,16,90,68,0.0,255,32767,0.16,2056-9-18,0.04,0.52,23.84,0.0,0.0,0.0,0,1.154296875,6,44,07:14,19:19,2025-03-18 02:19:27.619274,Marina di Stabia,31.1,6.639279,14.05905,5.7798514,10.930394,EU EEA Common AQI,73.8,6.5582366,13.21546,3600,4.811594,100,100,51.4,8.937198,Very Low,75.5,6.355935,100,1739186100,Very Low,9.633085,6.8510075,Very Low,6.062216,42.9,5.362319,100,1739186100,5.362319
2025-03-18T02:19:38Z,0,30.009,71.9,36,50.1,15,16,95,68,0.0,255,32767,0.16,2056-9-18,0.04,0.52,23.84,0.0,0.0,0.0,0,1.154296875,6,44,07:14,19:19,2025-03-18 02:19:38.695274,Marina di Stabia,31.1,6.639279,14.05905,5.7798514,10.930394,EU EEA Common AQI,73.8,6.5582366,13.21546,3600,4.811594,100,100,51.4,8.937198,Very Low,75.5,6.355935,100,1739186100,Very Low,9.633085,6.8510075,Very Low,6.062216,42.9,5.362319,100,1739186100,5.362319
2025-03-18T02:19:49Z,0,30.009,71.9,36,50.1,18,16,77,68,0.0,255,32767,0.16,2056-9-18,0.04,0.52,23.84,0.0,0.0,0.0,0,1.154296875,6,44,07:14,19:19,2025-03-18 02:19:49.779253,Marina di Stabia,31.1,6.639279,14.05905,5.7798514,10.930394,EU EEA Common AQI,73.8,6.5582366,13.21546,3600,4.811594,100,100,51.4,8.937198,Very Low,75.5,6.355935,100,1739186100,Very Low,9.633085,6.8510075,Very Low,6.062216,42.9,5.362319,100,1739186100,5.362319
2025-03-18T02:20:01Z,0,30.011,71.9,36,50.1,17,16,85,68,0.0,255,32767,0.16,2056-9-18,0.04,0.52,23.84,0.0,0.0,0.0,0,0.873046875,6,44,07:14,19:19,2025-03-18 02:20:00.928261,Marina di Stabia,31.1,6.639279,14.05905,5.7798514,10.930394,EU EEA Common AQI,73.8,6.5582366,13.21546,3600,4.811594,100,100,51.4,8.937198,Very Low,75.5,6.355935,100,1739186100,Very Low,9.633085,6.8510075,Very Low,6.062216,42.9,5.362319,100,1739186100,5.362319
2025-03-18T02:20:12Z,0,30.011,71.9,36,50.1,12,16,82,68,0.0,255,32767,0.16,2056-9-18,0.04,0.52,23.84,0.0,0.0,0.0,0,0.873046875,6,44,07:14,19:19,2025-03-18 02:20:12.079267,Marina di Stabia,31.1,6.639279,14.05905,5.7798514,10.930394,EU EEA Common AQI,73.8,6.5582366,13.21546,3600,4.811594,100,100,51.4,8.937198,Very Low,75.5,6.355935,100,1739186100,Very Low,9.633085,6.8510075,Very Low,6.062216,42.9,5.362319,100,1739186100,5.362319
2025-03-18T02:20:23Z,0,30.011,71.9,36,50.1,16,16,73,68,0.0,255,32767,0.16,2056-9-18,0.04,0.52,23.84,0.0,0.0,0.0,0,0.873046875,6,44,07:14,19:19,2025-03-18 02:20:23.151258,Marina di Stabia,31.1,6.639279,14.05905,5.7798514,10.930394,EU EEA Common AQI,73.8,6.5582366,13.21546,3600,4.811594,100,100,51.4,8.937198,Very Low,75.5,6.355935,100,1739186100,Very Low,9.633085,6.8510075,Very Low,6.062216,42.9,5.362319,100,1739186100,5.362319
2025-03-18T02:20:34Z,0,30.011,71.9,36,50.1,21,16,71,68,0.0,255,32767,0.16,2056-9-18,0.04,0.52,23.84,0.0,0.0,0.0,0,0.873046875,6,44,07:14,19:19,2025-03-18 02:20:34.258259,Marina di Stabia,31.1,6.639279,14.05905,5.7798514,10.930394,EU EEA Common AQI,73.8,6.5582366,13.21546,3600,4.811594,100,100,51.4,8.937198,Very Low,75.5,6.355935,100,1739186100,Very Low,9.633085,6.8510075,Very Low,6.062216,42.9,5.362319,100,1739186100,5.362319
2025-03-18T02:20:45Z,0,30.011,71.9,36,50.1,17,16,92,68,0.0,255,32767,0.16,2056-9-18,0.04,0.52,23.84,0.0,0.0,0.0,0,0.873046875,6,44,07:14,19:19,2025-03-18 02:20:45.363260,Marina di Stabia,31.1,6.639279,14.05905,5.7798514,10.930394,EU EEA Common AQI,73.8,6.5582366,13.21546,3600,4.811594,100,100,51.4,8.937198,Very Low,75.5,6.355935,100,1739186100,Very Low,9.633085,6.8510075,Very Low,6.062216,42.9,5.362319,100,1739186100,5.362319
2025-03-18T02:20:56Z,0,30.011,71.9,36,50.1,20,16,80,68,0.0,255,32767,0.16,2056-9-18,0.04,0.52,23.84,0.0,0.0,0.0,0,0.873046875,6,44,07:14,19:19,2025-03-18 02:20:56.436260,Marina di Stabia,31.1,6.639279,14.05905,5.7798514,10.930394,EU EEA Common AQI,73.8,6.5582366,13.21546,3600,4.811594,100,100,51.4,8.937198,Very Low,75.5,6.355935,100,1739186100,Very Low,9.633085,6.8510075,Very Low,6.062216,42.9,5.362319,100,1739186100,5.362319
2025-03-18T02:21:07Z,0,30.007,71.9,36,50.1,16,16,84,68,0.0,255,32767,0.16,2056-9-18,0.04,0.52,23.84,0.0,0.0,0.0,0,1.921875,6,44,07:14,19:19,2025-03-18 02:21:07.536259,Marina di Stabia,31.1,6.639279,14.05905,5.7798514,10.930394,EU EEA Common AQI,73.8,6.5582366,13.21546,3600,4.811594,100,100,51.4,8.937198,Very Low,75.5,6.355935,100,1739186100,Very Low,9.633085,6.8510075,Very Low,6.062216,42.9,5.362319,100,1739186100,5.362319
2025-03-18T02:21:18Z,0,30.007,71.9,36,50.1,15,16,91,68,0.0,255,32767,0.16,2056-9-18,0.04,0.52,23.84,0.0,0.0,0.0,0,1.921875,6,44,07:14,19:19,2025-03-18 02:21:18.610282,Marina di Stabia,31.1,6.639279,14.05905,5.7798514,10.930394,EU EEA Common AQI,73.8,6.5582366,13.21546,3600,4.811594,100,100,51.4,8.937198,Very Low,75.5,6.355935,100,1739186100,Very Low,9.633085,6.8510075,Very Low,6.062216,42.9,5.362319,100,1739186100,5.362319
2025-03-18T02:21:29Z,0,30.007,71.9,36,50.1,21,16,84,68,0.0,255,32767,0.16,2056-9-18,0.04,0.52,23.84,0.0,0.0,0.0,0,1.921875,6,44,07:14,19:19,2025-03-18 02:21:29.705253,Marina di Stabia,31.1,6.639279,14.05905,5.7798514,10.930394,EU EEA Common AQI,73.8,6.5582366,13.21546,3600,4.811594,100,100,51.4,8.937198,Very Low,75.5,6.355935,100,1739186100,Very Low,9.633085,6.8510075,Very Low,6.062216,42.9,5.362319,100,1739186100,5.362319
2025-03-18T02:21:41Z,0,30.007,71.9,36,50.1,15,16,88,68,0.0,255,32767,0.16,2056-9-18,0.04,0.52,23.84,0.0,0.0,0.0,0,1.921875,6,44,07:14,19:19,2025-03-18 02:21:40.816267,Marina di Stabia,31.1,6.639279,14.05905,5.7798514,10.930394,EU EEA Common AQI,73.8,6.5582366,13.21546,3600,4.811594,100,100,51.4,8.937198,Very Low,75.5,6.355935,100,1739186100,Very Low,9.633085,6.8510075,Very Low,6.062216,42.9,5.362319,100,1739186100,5.362319
2025-03-18T02:21:52Z,0,30.007,71.9,36,50.1,17,16,86,68,0.0,255,32767,0.16,2056-9-18,0.04,0.52,23.84,0.0,0.0,0.0,0,1.921875,6,44,07:14,19:19,2025-03-18 02:21:51.938263,Marina di Stabia,31.1,6.639279,14.05905,5.7798514,10.930394,EU EEA Common AQI,73.8,6.5582366,13.21546,3600,4.811594,100,100,51.4,8.937198,Very Low,75.5,6.355935,100,1739186100,Very Low,9.633085,6.8510075,Very Low,6.062216,42.9,5.362319,100,1739186100,5.362319
2025-03-18T02:22:03Z,0,30.011,71.9,36,50.1,16,16,90,68,0.0,255,32767,0.16,2056-9-18,0.04,0.52,23.84,0.0,0.0,0.0,0,0.884765625,6,44,07:14,19:19,2025-03-18 02:22:03.028260,Marina di Stabia,31.1,6.639279,14.05905,5.7798514,10.930394,EU EEA Common AQI,73.8,6.5582366,13.21546,3600,4.811594,100,100,51.4,8.937198,Very Low,75.5,6.355935,100,1739186100,Very Low,9.633085,6.8510075,Very Low,6.062216,42.9,5.362319,100,1739186100,5.362319
2025-03-18T02:22:14Z,0,30.011,71.9,36,50.1,16,16,74,68,0.0,255,32767,0.16,2056-9-18,0.04,0.52,23.84,0.0,0.0,0.0,0,0.884765625,6,44,07:14,19:19,2025-03-18 02:22:14.131256,Marina di Stabia,31.1,6.639279,14.05905,5.7798514,10.930394,EU EEA Common AQI,73.8,6.5582366,13.21546,3600,4.811594,100,100,51.4,8.937198,Very Low,75.5,6.355935,100,1739186100,Very Low,9.633085,6.8510075,Very Low,6.062216,42.9,5.362319,100,1739186100,5.362319
2025-03-18T02:22:25Z,0,30.011,71.9,36,50.1,16,16,96,68,0.0,255,32767,0.16,2056-9-18,0.04,0.52,23.84,0.0,0.0,0.0,0,0.884765625,6,44,07:14,19:19,2025-03-18 02:22:25.211223,Marina di Stabia,31.1,6.639279,14.05905,5.7798514,10.930394,EU EEA Common AQI,73.8,6.5582366,13.21546,3600,4.811594,100,100,51.4,8.937198,Very Low,75.5,6.355935,100,1739186100,Very Low,9.633085,6.8510075,Very Low,6.062216,42.9,5.362319,100,1739186100,5.362319
2025-03-18T02:22:36Z,0,30.011,71.9,36,50.1,17,16,74,67,0.0,255,32767,0.16,2056-9-18,0.04,0.52,23.84,0.0,0.0,0.0,0,0.884765625,6,44,07:14,19:19,2025-03-18 02:22:36.290260,Marina di Stabia,31.1,6.639279,14.05905,5.7798514,10.930394,EU EEA Common AQI,73.8,6.5582366,13.21546,3600,4.811594,100,100,51.4,8.937198,Very Low,75.5,6.355935,100,1739186100,Very Low,9.633085,6.8510075,Very Low,6.062216,42.9,5.362319,100,1739186100,5.362319
2025-03-18T02:22:47Z,0,30.011,71.9,36,50.2,15,16,72,67,0.0,255,32767,0.16,2056-9-18,0.04,0.52,23.84,0.0,0.0,0.0,0,0.884765625,6,44,07:14,19:19,2025-03-18 02:22:47.357262,Marina di Stabia,31.1,6.639279,14.05905,5.7798514,10.930394,EU EEA Common AQI,73.8,6.5582366,13.21546,3600,4.811594,100,100,51.4,8.937198,Very Low,75.5,6.355935,100,1739186100,Very Low,9.633085,6.8510075,Very Low,6.062216,42.9,5.362319,100,1739186100,5.362319
2025-03-18T02:22:58Z,0,30.009,71.9,36,50.2,16,16,86,67,0.0,255,32767,0.16,2056-9-18,0.04,0.52,23.84,0.0,0.0,0.0,0,0.873046875,6,44,07:14,19:19,2025-03-18 02:22:58.479258,Marina di Stabia,31.1,6.639279,14.05905,5.7798514,10.930394,EU EEA Common AQI,73.8,6.5582366,13.21546,3600,4.811594,100,100,51.4,8.937198,Very Low,75.5,6.355935,100,1739186100,Very Low,9.633085,6.8510075,Very Low,6.062216,42.9,5.362319,100,1739186100,5.362319
2025-03-18T02:23:09Z,0,30.009,71.9,36,50.1,21,16,86,67,0.0,255,32767,0.16,2056-9-18,0.04,0.52,23.84,0.0,0.0,0.0,0,0.873046875,6,44,07:14,19:19,2025-03-18 02:23:09.576286,Marina di Stabia,31.1,6.639279,14.05905,5.7798514,10.930394,EU EEA Common AQI,73.8,6.5582366,13.21546,3600,4.811594,100,100,51.4,8.937198,Very Low,75.5,6.355935,100,1739186100,Very Low,9.633085,6.8510075,Very Low,6.062216,42.9,5.362319,100,1739186100,5.362319
2025-03-18T02:23:20Z,0,30.009,71.9,36,50.1,19,16,89,67,0.0,255,32767,0.16,2056-9-18,0.04,0.52,23.84,0.0,0.0,0.0,0,0.873046875,6,44,07:14,19:19,2025-03-18 02:23:20.658256,Marina di Stabia,31.1,6.639279,14.05905,5.7798514,10.930394,EU EEA Common AQI,73.8,6.5582366,13.21546,3600,4.811594,100,100,51.4,8.937198,Very Low,75.5,6.355935,100,1739186100,Very Low,9.633085,6.8510075,Very Low,6.062216,42.9,5.362319,100,1739186100,5.362319
2025-03-18T02:23:31Z,0,30.009,71.9,36,50.2,17,16,81,67,0.0,255,32767,0.16,2056-9-18,0.04,0.52,23.84,0.0,0.0,0.0,0,0.873046875,6,44,07:14,19:19,2025-03-18 02:23:31.732261,Marina di Stabia,31.1,6.639279,14.05905,5.7798514,10.930394,EU EEA Common AQI,73.8,6.5582366,13.21546,3600,4.811594,100,100,51.4,8.937198,Very Low,75.5,6.355935,100,1739186100,Very Low,9.633085,6.8510075,Very Low,6.062216,42.9,5.362319,100,1739186100,5.362319
2025-03-18T02:23:43Z,0,30.009,71.9,36,50.1,19,16,82,67,0.0,255,32767,0.16,2056-9-18,0.04,0.52,23.84,0.0,0.0,0.0,0,0.873046875,6,44,07:14,19:19,2025-03-18 02:23:42.852259,Marina di Stabia,31.1,6.639279,14.05905,5.7798514,10.930394,EU EEA Common AQI,73.8,6.5582366,13.21546,3600,4.811594,100,100,51.4,8.937198,Very Low,75.5,6.355935,100,1739186100,Very Low,9.633085,6.8510075,Very Low,6.062216,42.9,5.362319,100,1739186100,5.362319
2025-03-18T02:23:54Z,0,30.009,71.9,36,50.1,17,16,80,67,0.0,255,32767,0.16,2056-9-18,0.04,0.52,23.84,0.0,0.0,0.0,0,0.873046875,6,44,07:14,19:19,2025-03-18 02:23:53.964228,Marina di Stabia,31.1,6.639279,14.05905,5.7798514,10.930394,EU EEA Common AQI,73.8,6.5582366,13.21546,3600,4.811594,100,100,51.4,8.937198,Very Low,75.5,6.355935,100,1739186100,Very Low,9.633085,6.8510075,Very Low,6.062216,42.9,5.362319,100,1739186100,5.362319
2025-03-18T02:24:05Z,0,30.011,71.8,36,50.2,15,16,75,67,0.0,255,32767,0.16,2056-9-18,0.04,0.52,23.84,0.0,0.0,0.0,0,0.978515625,6,44,07:14,19:19,2025-03-18 02:24:05.082256,Marina di Stabia,31.1,6.639279,14.05905,5.7798514,10.930394,EU EEA Common AQI,73.8,6.5582366,13.21546,3600,4.811594,100,100,51.4,8.937198,Very Low,75.5,6.355935,100,1739186100,Very Low,9.633085,6.8510075,Very Low,6.062216,42.9,5.362319,100,1739186100,5.362319
2025-03-18T02:24:16Z,0,30.011,71.8,36,50.2,16,16,68,67,0.0,255,32767,0.16,2056-9-18,0.04,0.52,23.84,0.0,0.0,0.0,0,0.978515625,6,44,07:14,19:19,2025-03-18 02:24:16.170268,Marina di Stabia,31.1,6.639279,14.05905,5.7798514,10.930394,EU EEA Common AQI,73.8,6.5582366,13.21546,3600,4.811594,100,100,51.4,8.937198,Very Low,75.5,6.355935,100,1739186100,Very Low,9.633085,6.8510075,Very Low,6.062216,42.9,5.362319,100,1739186100,5.362319
2025-03-18T02:24:27Z,0,30.011,71.8,36,50.2,16,16,62,67,0.0,255,32767,0.16,2056-9-18,0.04,0.52,23.84,0.0,0.0,0.0,0,0.978515625,6,44,07:14,19:19,2025-03-18 02:24:27.267275,Marina di Stabia,31.1,6.639279,14.05905,5.7798514,10.930394,EU EEA Common AQI,73.8,6.5582366,13.21546,3600,4.811594,100,100,51.4,8.937198,Very Low,75.5,6.355935,100,1739186100,Very Low,9.633085,6.8510075,Very Low,6.062216,42.9,5.362319,100,1739186100,5.362319
2025-03-18T02:24:38Z,0,30.011,71.8,36,50.2,14,16,67,67,0.0,255,32767,0.16,2056-9-18,0.04,0.52,23.84,0.0,0.0,0.0,0,0.978515625,6,44,07:14,19:19,2025-03-18 02:24:38.339256,Marina di Stabia,31.1,6.639279,14.05905,5.7798514,10.930394,EU EEA Common AQI,73.8,6.5582366,13.21546,3600,4.811594,100,100,51.4,8.937198,Very Low,75.5,6.355935,100,1739186100,Very Low,9.633085,6.8510075,Very Low,6.062216,42.9,5.362319,100,1739186100,5.362319
2025-03-18T02:24:49Z,0,30.011,71.8,36,50.2,18,16,51,67,0.0,255,32767,0.16,2056-9-18,0.04,0.52,23.84,0.0,0.0,0.0,0,0.978515625,6,44,07:14,19:19,2025-03-18 02:24:49.408258,Marina di Stabia,31.1,6.639279,14.05905,5.7798514,10.930394,EU EEA Common AQI,73.8,6.5582366,13.21546,3600,4.811594,100,100,51.4,8.937198,Very Low,75.5,6.355935,100,1739186100,Very Low,9.633085,6.8510075,Very Low,6.062216,42.9,5.362319,100,1739186100,5.362319
2025-03-18T02:25:00Z,0,30.011,71.9,36,50.2,17,16,73,67,0.0,255,32767,0.16,2056-9-18,0.04,0.52,23.84,0.0,0.0,0.0,0,0.873046875,6,44,07:14,19:19,2025-03-18 02:25:00.489260,Marina di Stabia,31.1,6.639279,14.05905,5.7798514,10.930394,EU EEA Common AQI,73.8,6.5582366,13.21546,3600,4.811594,100,100,51.4,8.937198,Very Low,75.5,6.355935,100,1739186100,Very Low,9.633085,6.8510075,Very Low,6.062216,42.9,5.362319,100,1739186100,5.362319
2025-03-18T02:25:11Z,0,30.011,71.9,36,50.2,16,16,88,67,0.0,255,32767,0.16,2056-9-18,0.04,0.52,23.84,0.0,0.0,0.0,0,0.873046875,6,44,07:14,19:19,2025-03-18 02:25:11.770264,Marina di Stabia,31.1,6.639279,14.05905,5.7798514,10.930394,EU EEA Common AQI,73.8,6.5582366,13.21546,3600,4.811594,100,100,51.4,8.937198,Very Low,75.5,6.355935,100,1739186100,Very Low,9.633085,6.8510075,Very Low,6.062216,42.9,5.362319,100,1739186100,5.362319
2025-03-18T02:25:23Z,0,30.011,71.9,36,50.2,12,16,75,67,0.0,255,32767,0.16,2056-9-18,0.04,0.52,23.84,0.0,0.0,0.0,0,0.873046875,6,44,07:14,19:19,2025-03-18 02:25:22.893261,Marina di Stabia,31.1,6.639279,14.05905,5.7798514,10.930394,EU EEA Common AQI,73.8,6.5582366,13.21546,3600,4.811594,100,100,51.4,8.937198,Very Low,75.5,6.355935,100,1739186100,Very Low,9.633085,6.8510075,Very Low,6.062216,42.9,5.362319,100,1739186100,5.362319
2025-03-18T02:25:34Z,0,30.011,71.9,36,50.2,15,16,105,67,0.0,255,32767,0.16,2056-9-18,0.04,0.52,23.84,0.0,0.0,0.0,0,0.873046875,6,44,07:14,19:19,2025-03-18 02:25:34.021257,Marina di Stabia,31.1,6.639279,14.05905,5.7798514,10.930394,EU EEA Common AQI,73.8,6.5582366,13.21546,3600,4.811594,100,100,51.4,8.937198,Very Low,75.5,6.355935,100,1739186100,Very Low,9.633085,6.8510075,Very Low,6.062216,42.9,5.362319,100,1739186100,5.362319
2025-03-18T02:25:45Z,0,30.011,71.9,36,50.2,14,16,81,67,0.0,255,32767,0.16,2056-9-18,0.04,0.52,23.84,0.0,0.0,0.0,0,0.873046875,6,44,07:14,19:19,2025-03-18 02:25:45.101267,Marina di Stabia,31.1,6.639279,14.05905,5.7798514,10.930394,EU EEA Common AQI,73.8,6.5582366,13.21546,3600,4.811594,100,100,51.4,8.937198,Very Low,75.5,6.355935,100,1739186100,Very Low,9.633085,6.8510075,Very Low,6.062216,42.9,5.362319,100,1739186100,5.362319
2025-03-18T02:25:56Z,0,30.011,71.9,36,50.2,15,16,68,67,0.0,255,32767,0.16,2056-9-18,0.04,0.52,23.84,0.0,0.0,0.0,0,0.873046875,6,44,07:14,19:19,2025-03-18 02:25:56.172264,Marina di Stabia,31.1,6.639279,14.05905,5.7798514,10.930394,EU EEA Common AQI,73.8,6.5582366,13.21546,3600,4.811594,100,100,51.4,8.937198,Very Low,75.5,6.355935,100,1739186100,Very Low,9.633085,6.8510075,Very Low,6.062216,42.9,5.362319,100,1739186100,5.362319
2025-03-18T02:26:07Z,0,30.011,71.8,35,50.2,12,16,84,67,0.0,255,32767,0.16,2056-9-18,0.04,0.52,23.84,0.0,0.0,0.0,0,1.646484375,6,44,07:14,19:19,2025-03-18 02:26:07.232654,Marina di Stabia,31.1,6.639279,14.05905,5.7798514,10.930394,EU EEA Common AQI,73.8,6.5582366,13.21546,3600,4.811594,100,100,51.4,8.937198,Very Low,75.5,6.355935,100,1739186100,Very Low,9.633085,6.8510075,Very Low,6.062216,42.9,5.362319,100,1739186100,5.362319
2025-03-18T02:26:18Z,0,30.011,71.8,35,50.2,14,16,79,67,0.0,255,32767,0.16,2056-9-18,0.04,0.52,23.84,0.0,0.0,0.0,0,1.646484375,6,44,07:14,19:19,2025-03-18 02:26:18.338263,Marina di Stabia,31.1,6.639279,14.05905,5.7798514,10.930394,EU EEA Common AQI,73.8,6.5582366,13.21546,3600,4.811594,100,100,51.4,8.937198,Very Low,75.5,6.355935,100,1739186100,Very Low,9.633085,6.8510075,Very Low,6.062216,42.9,5.362319,100,1739186100,5.362319
2025-03-18T02:26:29Z,0,30.011,71.8,35,50.2,13,16,84,67,0.0,255,32767,0.16,2056-9-18,0.04,0.52,23.84,0.0,0.0,0.0,0,1.646484375,6,44,07:14,19:19,2025-03-18 02:26:29.407278,Marina di Stabia,31.1,6.639279,14.05905,5.7798514,10.930394,EU EEA Common AQI,73.8,6.5582366,13.21546,3600,4.811594,100,100,51.4,8.937198,Very Low,75.5,6.355935,100,1739186100,Very Low,9.633085,6.8510075,Very Low,6.062216,42.9,5.362319,100,1739186100,5.362319
2025-03-18T02:26:40Z,0,30.011,71.8,35,50.1,20,16,82,67,0.0,255,32767,0.16,2056-9-18,0.04,0.52,23.84,0.0,0.0,0.0,0,1.646484375,6,44,07:14,19:19,2025-03-18 02:26:40.524247,Marina di Stabia,31.1,6.639279,14.05905,5.7798514,10.930394,EU EEA Common AQI,73.8,6.5582366,13.21546,3600,4.811594,100,100,51.4,8.937198,Very Low,75.5,6.355935,100,1739186100,Very Low,9.633085,6.8510075,Very Low,6.062216,42.9,5.362319,100,1739186100,5.362319
2025-03-18T02:26:51Z,0,30.011,71.8,35,50.1,17,16,88,67,0.0,255,32767,0.16,2056-9-18,0.04,0.52,23.84,0.0,0.0,0.0,0,1.646484375,6,44,07:14,19:19,2025-03-18 02:26:51.602280,Marina di Stabia,31.1,6.639279,14.05905,5.7798514,10.930394,EU EEA Common AQI,73.8,6.5582366,13.21546,3600,4.811594,100,100,51.4,8.937198,Very Low,75.5,6.355935,100,1739186100,Very Low,9.633085,6.8510075,Very Low,6.062216,42.9,5.362319,100,1739186100,5.362319
2025-03-18T02:27:02Z,0,30.011,71.8,36,50.2,15,16,94,67,0.0,255,32767,0.16,2056-9-18,0.04,0.52,23.84,0.0,0.0,0.0,0,0.87890625,6,44,07:14,19:19,2025-03-18 02:27:02.690257,Marina di Stabia,31.1,6.639279,14.05905,5.7798514,10.930394,EU EEA Common AQI,73.8,6.5582366,13.21546,3600,4.811594,100,100,51.4,8.937198,Very Low,75.5,6.355935,100,1739186100,Very Low,9.633085,6.8510075,Very Low,6.062216,42.9,5.362319,100,1739186100,5.362319
2025-03-18T02:27:14Z,0,30.011,71.8,36,50.2,17,16,99,67,0.0,255,32767,0.16,2056-9-18,0.04,0.52,23.84,0.0,0.0,0.0,0,0.87890625,6,44,07:14,19:19,2025-03-18 02:27:13.811259,Marina di Stabia,31.1,6.639279,14.05905,5.7798514,10.930394,EU EEA Common AQI,73.8,6.5582366,13.21546,3600,4.811594,100,100,51.4,8.937198,Very Low,75.5,6.355935,100,1739186100,Very Low,9.633085,6.8510075,Very Low,6.062216,42.9,5.362319,100,1739186100,5.362319
2025-03-18T02:27:25Z,0,30.011,71.8,36,50.2,21,16,98,67,0.0,255,32767,0.16,2056-9-18,0.04,0.52,23.84,0.0,0.0,0.0,0,0.87890625,6,44,07:14,19:19,2025-03-18 02:27:24.888259,Marina di Stabia,31.1,6.639279,14.05905,5.7798514,10.930394,EU EEA Common AQI,73.8,6.5582366,13.21546,3600,4.811594,100,100,51.4,8.937198,Very Low,75.5,6.355935,100,1739186100,Very Low,9.633085,6.8510075,Very Low,6.062216,42.9,5.362319,100,1739186100,5.362319
2025-03-18T02:27:36Z,0,30.011,71.8,36,50.1,20,16,93,67,0.0,255,32767,0.16,2056-9-18,0.04,0.52,23.84,0.0,0.0,0.0,0,0.87890625,6,44,07:14,19:19,2025-03-18 02:27:35.962258,Marina di Stabia,31.1,6.639279,14.05905,5.7798514,10.930394,EU EEA Common AQI,73.8,6.5582366,13.21546,3600,4.811594,100,100,51.4,8.937198,Very Low,75.5,6.355935,100,1739186100,Very Low,9.633085,6.8510075,Very Low,6.062216,42.9,5.362319,100,1739186100,5.362319
2025-03-18T02:27:47Z,0,30.011,71.8,36,50.1,24,16,92,67,0.0,255,32767,0.16,2056-9-18,0.04,0.52,23.84,0.0,0.0,0.0,0,0.87890625,6,44,07:14,19:19,2025-03-18 02:27:47.071267,Marina di Stabia
2025-03-18T02:27:58Z,0,30.008,71.8,36,50.1,17,16,101,67,0.0,255,32767,0.16,2056-9-18,0.04,0.52,23.84,0.0,0.0,0.0,0,0.873046875,6,44,07:14,19:19,2025-03-18 02:27:58.140258,Marina di Stabia
2025-03-18T02:28:09Z,0,30.008,71.8,36,50.1,26,16,94,67,0.0,255,32767,0.16,2056-9-18,0.04,0.52,23.84,0.0,0.0,0.0,0,0.873046875,6,44,07:14,19:19,2025-03-18 02:28:09.206255,Marina di Stabia
2025-03-18T02:28:20Z,0,30.008,71.8,36,50.2,19,16,79,67,0.0,255,32767,0.16,2056-9-18,0.04,0.52,23.84,0.0,0.0,0.0,0,0.873046875,6,44,07:14,19:19,2025-03-18 02:28:20.280262,Marina di Stabia
2025-03-18T02:28:31Z,0,30.008,71.8,36,50.2,16,16,88,66,0.0,255,32767,0.16,2056-9-18,0.04,0.52,23.84,0.0,0.0,0.0,0,0.873046875,6,44,07:14,19:19,2025-03-18 02:28:31.353262,Marina di Stabia
2025-03-18T02:28:42Z,0,30.008,71.8,36,50.2,17,16,76,66,0.0,255,32767,0.16,2056-9-18,0.04,0.52,23.84,0.0,0.0,0.0,0,0.873046875,6,44,07:14,19:19,2025-03-18 02:28:42.460222,Marina di Stabia
2025-03-18T02:28:53Z,0,30.008,71.8,36,50.2,20,16,84,66,0.0,255,32767,0.16,2056-9-18,0.04,0.52,23.84,0.0,0.0,0.0,0,0.873046875,6,44,07:14,19:19,2025-03-18 02:28:53.519273,Marina di Stabia
2025-03-18T02:29:04Z,0,30.01,71.8,36,50.2,19,17,79,66,0.0,255,32767,0.16,2056-9-18,0.04,0.52,23.84,0.0,0.0,0.0,0,0.908203125,6,44,07:14,19:19,2025-03-18 02:29:04.584280,Marina di Stabia
2025-03-18T02:29:15Z,0,30.01,71.8,36,50.2,19,17,82,66,0.0,255,32767,0.16,2056-9-18,0.04,0.52,23.84,0.0,0.0,0.0,0,0.908203125,6,44,07:14,19:19,2025-03-18 02:29:15.692262,Marina di Stabia
2025-03-18T02:29:26Z,0,30.01,71.8,36,50.2,18,17,71,66,0.0,255,32767,0.16,2056-9-18,0.04,0.52,23.84,0.0,0.0,0.0,0,0.908203125,6,44,07:14,19:19,2025-03-18 02:29:26.763264,Marina di Stabia
2025-03-18T02:29:38Z,0,30.01,71.8,36,50.2,19,17,74,66,0.0,255,32767,0.16,2056-9-18,0.04,0.52,23.84,0.0,0.0,0.0,0,0.908203125,6,44,07:14,19:19,2025-03-18 02:29:37.833259,Marina di Stabia
2025-03-18T02:29:49Z,0,30.01,71.8,36,50.2,19,17,92,66,0.0,255,32767,0.16,2056-9-18,0.04,0.52,23.84,0.0,0.0,0.0,0,0.908203125,6,44,07:14,19:19,2025-03-18 02:29:48.939266,Marina di Stabia
2025-03-18T02:30:00Z,0,30.012,71.7,36,50.2,16,17,95,66,0.0,255,32767,0.16,2056-9-18,0.04,0.52,23.84,0.0,0.0,0.0,0,0.873046875,6,44,07:14,19:19,2025-03-18 02:30:00.008267,Marina di Stabia
2025-03-18T02:30:11Z,0,30.012,71.7,36,50.2,18,17,65,66,0.0,255,32767,0.16,2056-9-18,0.04,0.52,23.84,0.0,0.0,0.0,0,0.873046875,6,44,07:14,19:19,2025-03-18 02:30:11.070254,Marina di Stabia
2025-03-18T02:30:22Z,0,30.012,71.7,36,50.2,16,17,87,66,0.0,255,32767,0.16,2056-9-18,0.04,0.52,23.84,0.0,0.0,0.0,0,0.873046875,6,44,07:14,19:19,2025-03-18 02:30:22.142257,Marina di Stabia
2025-03-18T02:30:33Z,0,30.012,71.7,36,50.2,16,17,93,66,0.0,255,32767,0.16,2056-9-18,0.04,0.52,23.84,0.0,0.0,0.0,0,0.873046875,6,44,07:14,19:19,2025-03-18 02:30:33.210225,Marina di Stabia
2025-03-18T02:30:44Z,0,30.012,71.7,36,50.2,17,17,84,66,0.0,255,32767,0.16,2056-9-18,0.04,0.52,23.84,0.0,0.0,0.0,0,0.873046875,6,44,07:14,19:19,2025-03-18 02:30:44.279261,Marina di Stabia
2025-03-18T02:30:55Z,0,30.012,71.7,36,50.1,12,17,74,66,0.0,255,32767,0.16,2056-9-18,0.04,0.52,23.84,0.0,0.0,0.0,0,0.873046875,6,44,07:14,19:19,2025-03-18 02:30:55.373256,Marina di Stabia
2025-03-18T02:31:06Z,0,30.012,71.7,35,50.1,14,17,84,67,0.0,255,32767,0.16,2056-9-18,0.04,0.52,23.84,0.0,0.0,0.0,0,1.27734375,6,44,07:14,19:19,2025-03-18 02:31:06.453258,Marina di Stabia
2025-03-18T02:31:17Z,0,30.012,71.7,35,50.1,19,17,82,67,0.0,255,32767,0.16,2056-9-18,0.04,0.52,23.84,0.0,0.0,0.0,0,1.27734375,6,44,07:14,19:19,2025-03-18 02:31:17.524268,Marina di Stabia
2025-03-18T02:31:28Z,0,30.012,71.7,35,50.1,18,17,77,67,0.0,255,32767,0.16,2056-9-18,0.04,0.52,23.84,0.0,0.0,0.0,0,1.27734375,6,44,07:14,19:19,2025-03-18 02:31:28.590255,Marina di Stabia
2025-03-18T02:31:39Z,0,30.012,71.7,35,50.1,16,17,90,67,0.0,255,32767,0.16,2056-9-18,0.04,0.52,23.84,0.0,0.0,0.0,0,1.27734375,6,44,07:14,19:19,2025-03-18 02:31:39.643261,Marina di Stabia
2025-03-18T02:31:50Z,0,30.012,71.7,35,50.1,16,17,86,67,0.0,255,32767,0.16,2056-9-18,0.04,0.52,23.84,0.0,0.0,0.0,0,1.27734375,6,44,07:14,19:19,2025-03-18 02:31:50.705269,Marina di Stabia
2025-03-18T02:32:02Z,0,30.011,71.7,35,50.1,11,17,90,67,0.0,255,32767,0.16,2056-9-18,0.04,0.52,23.84,0.0,0.0,0.0,0,0.873046875,6,44,07:14,19:19,2025-03-18 02:32:01.810259,Marina di Stabia
2025-03-18T02:32:13Z,0,30.011,71.7,35,50.1,14,17,71,67,0.0,255,32767,0.16,2056-9-18,0.04,0.52,23.84,0.0,0.0,0.0,0,0.873046875,6,44,07:14,19:19,2025-03-18 02:32:12.874262,Marina di Stabia
2025-03-18T02:32:24Z,0,30.011,71.7,35,50.1,12,17,88,67,0.0,255,32767,0.16,2056-9-18,0.04,0.52,23.84,0.0,0.0,0.0,0,0.873046875,6,44,07:14,19:19,2025-03-18 02:32:23.988261,Marina di Stabia
2025-03-18T02:32:35Z,0,30.011,71.7,35,50.1,14,17,86,67,0.0,255,32767,0.16,2056-9-18,0.04,0.52,23.84,0.0,0.0,0.0,0,0.873046875,6,44,07:14,19:19,2025-03-18 02:32:35.047263,Marina di Stabia
2025-03-18T02:32:46Z,0,30.011,71.7,35,50.1,13,17,90,67,0.0,255,32767,0.16,2056-9-18,0.04,0.52,23.84,0.0,0.0,0.0,0,0.873046875,6,44,07:14,19:19,2025-03-18 02:32:46.114256,Marina di Stabia
2025-03-18T02:32:57Z,0,30.011,71.7,35,50.0,12,17,80,67,0.0,255,32767,0.16,2056-9-18,0.04,0.52,23.84,0.0,0.0,0.0,0,0.873046875,6,44,07:14,19:19,2025-03-18 02:32:57.334281,Marina di Stabia
2025-03-18T02:33:08Z,0,30.011,71.7,35,50.0,11,17,82,67,0.0,255,32767,0.16,2056-9-18,0.04,0.52,23.84,0.0,0.0,0.0,0,0.873046875,6,44,07:14,19:19,2025-03-18 02:33:08.406262,Marina di Stabia
2025-03-18T02:33:19Z,0,30.011,71.7,35,50.0,14,17,76,67,0.0,255,32767,0.16,2056-9-18,0.04,0.52,23.84,0.0,0.0,0.0,0,0.873046875,6,44,07:14,19:19,2025-03-18 02:33:19.469263,Marina di Stabia
2025-03-18T02:33:30Z,0,30.011,71.7,35,50.0,12,17,83,67,0.0,255,32767,0.16,2056-9-18,0.04,0.52,23.84,0.0,0.0,0.0,0,0.873046875,6,44,07:14,19:19,2025-03-18 02:33:30.534290,Marina di Stabia
2025-03-18T02:33:41Z,0,30.011,71.7,35,50.0,17,17,74,67,0.0,255,32767,0.16,2056-9-18,0.04,0.52,23.84,0.0,0.0,0.0,0,0.873046875,6,44,07:14,19:19,2025-03-18 02:33:41.594262,Marina di Stabia
2025-03-18T02:33:52Z,0,30.011,71.7,35,50.0,17,17,94,67,0.0,255,32767,0.16,2056-9-18,0.04,0.52,23.84,0.0,0.0,0.0,0,0.873046875,6,44,07:14,19:19,2025-03-18 02:33:52.675257,Marina di Stabia
2025-03-18T02:34:03Z,0,30.01,71.7,35,50.0,21,16,77,67,0.0,255,32767,0.16,2056-9-18,0.04,0.52,23.84,0.0,0.0,0.0,0,0.884765625,6,44,07:14,19:19,2025-03-18 02:34:03.777273,Marina di Stabia
2025-03-18T02:34:15Z,0,30.01,71.7,35,50.0,22,16,84,67,0.0,255,32767,0.16,2056-9-18,0.04,0.52,23.84,0.0,0.0,0.0,0,0.884765625,6,44,07:14,19:19,2025-03-18 02:34:14.838262,Marina di Stabia
2025-03-18T02:34:26Z,0,30.01,71.7,35,50.0,20,16,85,67,0.0,255,32767,0.16,2056-9-18,0.04,0.52,23.84,0.0,0.0,0.0,0,0.884765625,6,44,07:14,19:19,2025-03-18 02:34:25.912269,Marina di Stabia
2025-03-18T02:34:37Z,0,30.01,71.7,35,50.0,22,16,84,67,0.0,255,32767,0.16,2056-9-18,0.04,0.52,23.84,0.0,0.0,0.0,0,0.884765625,6,44,07:14,19:19,2025-03-18 02:34:37.067230,Marina di Stabia
2025-03-18T02:34:48Z,0,30.01,71.7,35,49.9,20,16,88,67,0.0,255,32767,0.16,2056-9-18,0.04,0.52,23.84,0.0,0.0,0.0,0,0.884765625,6,44,07:14,19:19,2025-03-18 02:34:48.138262,Marina di Stabia
2025-03-18T02:34:59Z,0,30.009,71.7,35,49.9,19,17,84,67,0.0,255,32767,0.16,2056-9-18,0.04,0.52,23.84,0.0,0.0,0.0,0,0.873046875,6,44,07:14,19:19,2025-03-18 02:34:59.201259,Marina di Stabia
2025-03-18T02:35:10Z,0,30.009,71.7,35,50.0,23,17,80,67,0.0,255,32767,0.16,2056-9-18,0.04,0.52,23.84,0.0,0.0,0.0,0,0.873046875,6,44,07:14,19:19,2025-03-18 02:35:10.264283,Marina di Stabia
2025-03-18T02:35:21Z,0,30.009,71.7,35,49.9,21,17,89,66,0.0,255,32767,0.16,2056-9-18,0.04,0.52,23.84,0.0,0.0,0.0,0,0.873046875,6,44,07:14,19:19,2025-03-18 02:35:21.328265,Marina di Stabia
2025-03-18T02:35:32Z,0,30.009,71.7,35,50.0,16,17,82,66,0.0,255,32767,0.16,2056-9-18,0.04,0.52,23.84,0.0,0.0,0.0,0,0.873046875,6,44,07:14,19:19,2025-03-18 02:35:32.386258,Marina di Stabia
2025-03-18T02:35:43Z,0,30.009,71.7,35,50.0,20,17,79,66,0.0,255,32767,0.16,2056-9-18,0.04,0.52,23.84,0.0,0.0,0.0,0,0.873046875,6,44,07:14,19:19,2025-03-18 02:35:43.473262,Marina di Stabia
2025-03-18T02:35:54Z,0,30.009,71.7,35,50.0,19,17,76,66,0.0,255,32767,0.16,2056-9-18,0.04,0.52,23.84,0.0,0.0,0.0,0,0.873046875,6,44,07:14,19:19,2025-03-18 02:35:54.535259,Marina di Stabia
2025-03-18T02:36:06Z,0,30.012,71.7,35,50.0,17,17,76,66,0.0,255,32767,0.16,2056-9-18,0.04,0.52,23.84,0.0,0.0,0.0,0,0.990234375,6,44,07:14,19:19,2025-03-18 02:36:05.856262,Marina di Stabia
2025-03-18T02:36:17Z,0,30.012,71.7,35,49.9,17,17,83,66,0.0,255,32767,0.16,2056-9-18,0.04,0.52,23.84,0.0,0.0,0.0,0,0.990234375,6,44,07:14,19:19,2025-03-18 02:36:17.191266,Marina di Stabia
2025-03-18T02:36:28Z,0,30.012,71.7,35,49.9,17,17,82,66,0.0,255,32767,0.16,2056-9-18,0.04,0.52,23.84,0.0,0.0,0.0,0,0.990234375,6,44,07:14,19:19,2025-03-18 02:36:28.292273,Marina di Stabia
2025-03-18T02:36:39Z,0,30.012,71.7,35,49.9,15,17,90,66,0.0,255,32767,0.16,2056-9-18,0.04,0.52,23.84,0.0,0.0,0.0,0,0.990234375,6,44,07:14,19:19,2025-03-18 02:36:39.365263,Marina di Stabia
2025-03-18T02:36:50Z,0,30.012,71.7,35,50.0,21,17,89,66,0.0,255,32767,0.16,2056-9-18,0.04,0.52,23.84,0.0,0.0,0.0,0,0.990234375,6,44,07:14,19:19,2025-03-18 02:36:50.472225,Marina di Stabia
2025-03-18T02:37:01Z,0,30.011,71.7,35,50.0,19,17,108,66,0.0,255,32767,0.16,2056-9-18,0.04,0.52,23.84,0.0,0.0,0.0,0,0.873046875,6,44,07:14,19:19,2025-03-18 02:37:01.542268,Marina di Stabia
2025-03-18T02:37:12Z,0,30.011,71.7,35,50.1,15,17,94,66,0.0,255,32767,0.16,2056-9-18,0.04,0.52,23.84,0.0,0.0,0.0,0,0.873046875,6,44,07:14,19:19,2025-03-18 02:37:12.614263,Marina di Stabia
2025-03-18T02:37:23Z,0,30.011,71.7,35,50.1,15,17,76,66,0.0,255,32767,0.16,2056-9-18,0.04,0.52,23.84,0.0,0.0,0.0,0,0.873046875,6,44,07:14,19:19,2025-03-18 02:37:23.678275,Marina di Stabia
2025-03-18T02:37:34Z,0,30.011,71.7,35,50.1,13,17,84,66,0.0,255,32767,0.16,2056-9-18,0.04,0.52,23.84,0.0,0.0,0.0,0,0.873046875,6,44,07:14,19:19,2025-03-18 02:37:34.780250,Marina di Stabia
2025-03-18T02:37:46Z,0,30.011,71.7,35,50.1,15,17,113,66,0.0,255,32767,0.16,2056-9-18,0.04,0.52,23.84,0.0,0.0,0.0,0,0.873046875,6,44,07:14,19:19,2025-03-18 02:37:45.844259,Marina di Stabia
2025-03-18T02:37:57Z,0,30.011,71.7,35,50.0,11,17,76,66,0.0,255,32767,0.16,2056-9-18,0.04,0.52,23.84,0.0,0.0,0.0,0,0.873046875,6,44,07:14,19:19,2025-03-18 02:37:56.943271,Marina di Stabia
2025-03-18T02:38:08Z,0,30.013,71.7,35,50.0,17,17,88,66,0.0,255,32767,0.16,2056-9-18,0.04,0.52,23.84,0.0,0.0,0.0,0,1.611328125,6,44,07:14,19:19,2025-03-18 02:38:07.998238,Marina di Stabia
2025-03-18T02:38:19Z,0,30.013,71.7,35,50.0,23,17,82,66,0.0,255,32767,0.16,2056-9-18,0.04,0.52,23.84,0.0,0.0,0.0,0,1.611328125,6,44,07:14,19:19,2025-03-18 02:38:19.070258,Marina di Stabia
2025-03-18T02:38:30Z,0,30.013,71.7,35,50.0,18,17,79,66,0.0,255,32767,0.16,2056-9-18,0.04,0.52,23.84,0.0,0.0,0.0,0,1.611328125,6,44,07:14,19:19,2025-03-18 02:38:30.142258,Marina di Stabia
2025-03-18T02:38:41Z,0,30.013,71.7,35,50.0,18,17,76,66,0.0,255,32767,0.16,2056-9-18,0.04,0.52,23.84,0.0,0.0,0.0,0,1.611328125,6,44,07:14,19:19,2025-03-18 02:38:41.224262,Marina di Stabia
2025-03-18T02:38:52Z,0,30.013,71.7,35,50.0,19,17,78,66,0.0,255,32767,0.16,2056-9-18,0.04,0.52,23.84,0.0,0.0,0.0,0,1.611328125,6,44,07:14,19:19,2025-03-18 02:38:52.336269,Marina di Stabia
2025-03-18T02:39:03Z,0,30.01,71.7,35,50.0,22,17,77,66,0.0,255,32767,0.16,2056-9-18,0.04,0.52,23.84,0.0,0.0,0.0,0,0.87890625,6,44,07:14,19:19,2025-03-18 02:39:03.400257,Marina di Stabia
2025-03-18T02:39:14Z,0,30.01,71.7,35,50.0,17,17,69,66,0.0,255,32767,0.16,2056-9-18,0.04,0.52,23.84,0.0,0.0,0.0,0,0.87890625,6,44,07:14,19:19,2025-03-18 02:39:14.459265,Marina di Stabia
2025-03-18T02:39:25Z,0,30.01,71.7,35,50.0,21,17,84,66,0.0,255,32767,0.16,2056-9-18,0.04,0.52,23.84,0.0,0.0,0.0,0,0.87890625,6,44,07:14,19:19,2025-03-18 02:39:25.569258,Marina di Stabia
2025-03-18T02:39:36Z,0,30.01,71.7,35,50.0,18,17,90,66,0.0,255,32767,0.16,2056-9-18,0.04,0.52,23.84,0.0,0.0,0.0,0,0.87890625,6,44,07:14,19:19,2025-03-18 02:39:36.640255,Marina di Stabia
2025-03-18T02:39:47Z,0,30.01,71.7,35,50.0,19,17,101,66,0.0,255,32767,0.16,2056-9-18,0.04,0.52,23.84,0.0,0.0,0.0,0,0.87890625,6,44,07:14,19:19,2025-03-18 02:39:47.712226,Marina di Stabia
2025-03-18T02:39:58Z,0,30.011,71.7,35,50.0,20,17,98,66,0.0,255,32767,0.16,2056-9-18,0.04,0.52,23.84,0.0,0.0,0.0,0,0.873046875,6,44,07:14,19:19,2025-03-18 02:39:58.783252,Marina di Stabia
2025-03-18T02:40:10Z,0,30.011,71.7,35,50.0,22,17,96,66,0.0,255,32767,0.16,2056-9-18,0.04,0.52,23.84,0.0,0.0,0.0,0,0.873046875,6,44,07:14,19:19,2025-03-18 02:40:09.852221,Marina di Stabia
2025-03-18T02:40:21Z,0,30.011,71.7,35,50.0,17,17,90,66,0.0,255,32767,0.16,2056-9-18,0.04,0.52,23.84,0.0,0.0,0.0,0,0.873046875,6,44,07:14,19:19,2025-03-18 02:40:20.947264,Marina di Stabia
2025-03-18T02:40:32Z,0,30.011,71.7,35,50.0,17,17,96,66,0.0,255,32767,0.16,2056-9-18,0.04,0.52,23.84,0.0,0.0,0.0,0,0.873046875,6,44,07:14,19:19,2025-03-18 02:40:32.040259,Marina di Stabia
2025-03-18T02:40:43Z,0,30.011,71.7,35,50.0,17,17,84,66,0.0,255,32767,0.16,2056-9-18,0.04,0.52,23.84,0.0,0.0,0.0,0,0.873046875,6,44,07:14,19:19,2025-03-18 02:40:43.111257,Marina di Stabia
2025-03-18T02:40:54Z,0,30.011,71.7,35,50.1,20,17,84,66,0.0,255,32767,0.16,2056-9-18,0.04,0.52,23.84,0.0,0.0,0.0,0,0.873046875,6,44,07:14,19:19,2025-03-18 02:40:54.187265,Marina di Stabia
2025-03-18T02:41:05Z,0,30.013,71.6,35,50.1,21,17,92,66,0.0,255,32767,0.16,2056-9-18,0.04,0.52,23.84,0.0,0.0,0.0,0,0.943359375,6,44,07:14,19:19,2025-03-18 02:41:05.247267,Marina di Stabia
2025-03-18T02:41:16Z,0,30.013,71.6,35,50.0,21,17,87,66,0.0,255,32767,0.16,2056-9-18,0.04,0.52,23.84,0.0,0.0,0.0,0,0.943359375,6,44,07:14,19:19,2025-03-18 02:41:16.347259,Marina di Stabia
2025-03-18T02:41:27Z,0,30.013,71.6,35,50.0,21,17,92,66,0.0,255,32767,0.16,2056-9-18,0.04,0.52,23.84,0.0,0.0,0.0,0,0.943359375,6,44,07:14,19:19,2025-03-18 02:41:27.416273,Marina di Stabia
2025-03-18T02:41:38Z,0,30.013,71.6,35,50.0,22,17,86,66,0.0,255,32767,0.16,2056-9-18,0.04,0.52,23.84,0.0,0.0,0.0,0,0.943359375,6,44,07:14,19:19,2025-03-18 02:41:38.514261,Marina di Stabia
2025-03-18T02:41:49Z,0,30.013,71.6,35,50.0,18,17,72,66,0.0,255,32767,0.16,2056-9-18,0.04,0.52,23.84,0.0,0.0,0.0,0,0.943359375,6,44,07:14,19:19,2025-03-18 02:41:49.578260,Marina di Stabia
2025-03-18T02:42:00Z,0,30.013,71.6,35,50.0,20,18,79,66,0.0,255,32767,0.16,2056-9-18,0.04,0.52,23.84,0.0,0.0,0.0,0,0.873046875,6,44,07:14,19:19,2025-03-18 02:42:00.642262,Marina di Stabia
2025-03-18T02:42:12Z,0,30.013,71.6,35,50.0,19,18,88,65,0.0,255,32767,0.16,2056-9-18,0.04,0.52,23.84,0.0,0.0,0.0,0,0.873046875,6,44,07:14,19:19,2025-03-18 02:42:12.429267,Marina di Stabia
2025-03-18T02:42:23Z,0,30.013,71.6,35,50.0,16,18,86,65,0.0,255,32767,0.16,2056-9-18,0.04,0.52,23.84,0.0,0.0,0.0,0,0.873046875,6,44,07:14,19:19,2025-03-18 02:42:23.491262,Marina di Stabia
2025-03-18T02:42:34Z,0,30.013,71.6,35,50.1,13,18,93,65,0.0,255,32767,0.16,2056-9-18,0.04,0.52,23.84,0.0,0.0,0.0,0,0.873046875,6,44,07:14,19:19,2025-03-18 02:42:34.557259,Marina di Stabia
2025-03-18T02:42:45Z,0,30.013,71.6,35,50.0,14,18,92,65,0.0,255,32767,0.16,2056-9-18,0.04,0.52,23.84,0.0,0.0,0.0,0,0.873046875,6,44,07:14,19:19,2025-03-18 02:42:45.652259,Marina di Stabia
2025-03-18T02:42:56Z,0,30.013,71.6,35,50.0,13,18,80,65,0.0,255,32767,0.16,2056-9-18,0.04,0.52,23.84,0.0,0.0,0.0,0,0.873046875,6,44,07:14,19:19,2025-03-18 02:42:56.723265,Marina di Stabia
2025-03-18T02:43:07Z,0,30.014,71.6,35,50.0,14,18,89,66,0.0,255,32767,0.16,2056-9-18,0.04,0.52,23.84,0.0,0.0,0.0,0,1.25390625,6,44,07:14,19:19,2025-03-18 02:43:07.787262,Marina di Stabia
2025-03-18T02:43:19Z,0,30.014,71.6,35,50.0,13,18,114,66,0.0,255,32767,0.16,2056-9-18,0.04,0.52,23.84,0.0,0.0,0.0,0,1.25390625,6,44,07:14,19:19,2025-03-18 02:43:18.850258,Marina di Stabia
2025-03-18T02:43:30Z,0,30.014,71.6,35,50.0,13,18,63,66,0.0,255,32767,0.16,2056-9-18,0.04,0.52,23.84,0.0,0.0,0.0,0,1.25390625,6,44,07:14,19:19,2025-03-18 02:43:29.912275,Marina di Stabia
2025-03-18T02:43:41Z,0,30.014,71.6,35,50.1,18,18,102,66,0.0,255,32767,0.16,2056-9-18,0.04,0.52,23.84,0.0,0.0,0.0,0,1.25390625,6,44,07:14,19:19,2025-03-18 02:43:40.976261,Marina di Stabia
2025-03-18T02:43:52Z,0,30.014,71.6,35,50.1,15,18,84,66,0.0,255,32767,0.16,2056-9-18,0.04,0.52,23.84,0.0,0.0,0.0,0,1.25390625,6,44,07:14,19:19,2025-03-18 02:43:52.065280,Marina di Stabia
2025-03-18T02:44:03Z,0,30.014,71.6,35,50.0,17,18,82,66,0.0,255,32767,0.16,2056-9-18,0.04,0.52,23.84,0.0,0.0,0.0,0,0.873046875,6,44,07:14,19:19,2025-03-18 02:44:03.135258,Marina di Stabia
2025-03-18T02:44:14Z,0,30.014,71.6,35,50.0,15,18,75,66,0.0,255,32767,0.16,2056-9-18,0.04,0.52,23.84,0.0,0.0,0.0,0,0.873046875,6,44,07:14,19:19,2025-03-18 02:44:14.205259,Marina di Stabia
2025-03-18T02:44:25Z,0,30.014,71.6,35,49.9,14,18,103,66,0.0,255,32767,0.16,2056-9-18,0.04,0.52,23.84,0.0,0.0,0.0,0,0.873046875,6,44,07:14,19:19,2025-03-18 02:44:25.264262,Marina di Stabia
2025-03-18T02:44:36Z,0,30.014,71.6,35,49.9,21,18,85,66,0.0,255,32767,0.16,2056-9-18,0.04,0.52,23.84,0.0,0.0,0.0,0,0.873046875,6,44,07:14,19:19,2025-03-18 02:44:36.325258,Marina di Stabia
2025-03-18T02:44:47Z,0,30.014,71.6,35,50.0,20,18,84,66,0.0,255,32767,0.16,2056-9-18,0.04,0.52,23.84,0.0,0.0,0.0,0,0.873046875,6,44,07:14,19:19,2025-03-18 02:44:47.396264,Marina di Stabia
2025-03-18T02:44:58Z,0,30.015,71.6,35,50.0,15,18,88,66,0.0,255,32767,0.16,2056-9-18,0.04,0.52,23.84,0.0,0.0,0.0,0,0.873046875,6,44,07:14,19:19,2025-03-18 02:44:58.501258,Marina di Stabia
2025-03-18T02:45:09Z,0,30.015,71.6,35,49.9,17,18,74,66,0.0,255,32767,0.16,2056-9-18,0.04,0.52,23.84,0.0,0.0,0.0,0,0.873046875,6,44,07:14,19:19,2025-03-18 02:45:09.556256,Marina di Stabia
2025-03-18T02:45:20Z,0,30.015,71.6,35,49.9,16,18,85,66,0.0,255,32767,0.16,2056-9-18,0.04,0.52,23.84,0.0,0.0,0.0,0,0.873046875,6,44,07:14,19:19,2025-03-18 02:45:20.619262,Marina di Stabia
2025-03-18T02:45:31Z,0,30.015,71.6,35,50.0,21,18,85,66,0.0,255,32767,0.16,2056-9-18,0.04,0.52,23.84,0.0,0.0,0.0,0,0.873046875,6,44,07:14,19:19,2025-03-18 02:45:31.684277,Marina di Stabia
2025-03-18T02:45:42Z,0,30.015,71.6,35,50.0,20,18,103,66,0.0,255,32767,0.16,2056-9-18,0.04,0.52,23.84,0.0,0.0,0.0,0,0.873046875,6,44,07:14,19:19,2025-03-18 02:45:42.755222,Marina di Stabia
2025-03-18T02:45:54Z,0,30.015,71.6,35,49.9,17,18,88,66,0.0,255,32767,0.16,2056-9-18,0.04,0.52,23.84,0.0,0.0,0.0,0,0.873046875,6,44,07:14,19:19,2025-03-18 02:45:53.844260,Marina di Stabia
2025-03-18T02:46:05Z,0,30.012,71.6,35,50.0,15,18,78,66,0.0,255,32767,0.16,2056-9-18,0.04,0.52,23.84,0.0,0.0,0.0,0,0.97265625,6,44,07:14,19:19,2025-03-18 02:46:04.918265,Marina di Stabia
2025-03-18T02:46:16Z,0,30.012,71.6,35,50.0,13,18,91,66,0.0,255,32767,0.16,2056-9-18,0.04,0.52,23.84,0.0,0.0,0.0,0,0.97265625,6,44,07:14,19:19,2025-03-18 02:46:15.980257,Marina di Stabia
2025-03-18T02:46:27Z,0,30.012,71.6,35,50.0,12,18,75,66,0.0,255,32767,0.16,2056-9-18,0.04,0.52,23.84,0.0,0.0,0.0,0,0.97265625,6,44,07:14,19:19,2025-03-18 02:46:27.071261,Marina di Stabia
2025-03-18T02:46:38Z,0,30.012,71.6,35,50.0,15,18,88,66,0.0,255,32767,0.16,2056-9-18,0.04,0.52,23.84,0.0,0.0,0.0,0,0.97265625,6,44,07:14,19:19,2025-03-18 02:46:38.132267,Marina di Stabia
2025-03-18T02:46:49Z,0,30.012,71.6,35,50.0,21,18,82,66,0.0,255,32767,0.16,2056-9-18,0.04,0.52,23.84,0.0,0.0,0.0,0,0.97265625,6,44,07:14,19:19,2025-03-18 02:46:49.195271,Marina di Stabia
2025-03-18T02:47:00Z,0,30.014,71.6,35,50.0,19,17,81,66,0.0,255,32767,0.16,2056-9-18,0.04,0.52,23.84,0.0,0.0,0.0,0,0.873046875,6,44,07:14,19:19,2025-03-18 02:47:00.270277,Marina di Stabia
2025-03-18T02:47:11Z,0,30.014,71.6,35,50.0,23,17,78,66,0.0,255,32767,0.16,2056-9-18,0.04,0.52,23.84,0.0,0.0,0.0,0,0.873046875,6,44,07:14,19:19,2025-03-18 02:47:11.370259,Marina di Stabia
2025-03-18T02:47:22Z,0,30.014,71.6,35,49.9,17,17,84,66,0.0,255,32767,0.16,2056-9-18,0.04,0.52,23.84,0.0,0.0,0.0,0,0.873046875,6,44,07:14,19:19,2025-03-18 02:47:22.450263,Marina di Stabia
2025-03-18T02:47:33Z,0,30.014,71.6,35,49.9,16,17,71,66,0.0,255,32767,0.16,2056-9-18,0.04,0.52,23.84,0.0,0.0,0.0,0,0.873046875,6,44,07:14,19:19,2025-03-18 02:47:33.513260,Marina di Stabia
2025-03-18T02:47:44Z,0,30.014,71.6,35,49.9,14,17,75,66,0.0,255,32767,0.16,2056-9-18,0.04,0.52,23.84,0.0,0.0,0.0,0,0.873046875,6,44,07:14,19:19,2025-03-18 02:47:44.575260,Marina di Stabia
2025-03-18T02:47:55Z,0,30.014,71.6,35,49.9,19,17,93,66,0.0,255,32767,0.16,2056-9-18,0.04,0.52,23.84,0.0,0.0,0.0,0,0.873046875,6,44,07:14,19:19,2025-03-18 02:47:55.681265,Marina di Stabia
2025-03-18T02:48:06Z,0,30.014,71.6,35,49.9,16,18,88,66,0.0,255,32767,0.16,2056-9-18,0.04,0.52,23.84,0.0,0.0,0.0,0,1.001953125,6,44,07:14,19:19,2025-03-18 02:48:06.780266,Marina di Stabia
2025-03-18T02:48:18Z,0,30.014,71.6,35,49.9,17,18,88,66,0.0,255,32767,0.16,2056-9-18,0.04,0.52,23.84,0.0,0.0,0.0,0,1.001953125,6,44,07:14,19:19,2025-03-18 02:48:17.859253,Marina di Stabia
2025-03-18T02:48:29Z,0,30.014,71.6,35,49.9,25,18,95,66,0.0,255,32767,0.16,2056-9-18,0.04,0.52,23.84,0.0,0.0,0.0,0,1.001953125,6,44,07:14,19:19,2025-03-18 02:48:28.926261,Marina di Stabia
2025-03-18T02:48:40Z,0,30.014,71.6,35,49.9,15,18,89,66,0.0,255,32767,0.16,2056-9-18,0.04,0.52,23.84,0.0,0.0,0.0,0,1.001953125,6,44,07:14,19:19,2025-03-18 02:48:39.987264,Marina di Stabia
2025-03-18T02:48:51Z,0,30.014,71.6,35,49.9,15,18,86,66,0.0,255,32767,0.16,2056-9-18,0.04,0.52,23.84,0.0,0.0,0.0,0,1.001953125,6,44,07:14,19:19,2025-03-18 02:48:51.052223,Marina di Stabia
2025-03-18T02:49:02Z,0,30.016,71.6,35,50.0,17,18,85,66,0.0,255,32767,0.16,2056-9-18,0.04,0.52,23.84,0.0,0.0,0.0,0,0.873046875,6,44,07:14,19:19,2025-03-18 02:49:02.134259,Marina di Stabia
2025-03-18T02:49:13Z,0,30.016,71.6,35,50.0,19,18,91,66,0.0,255,32767,0.16,2056-9-18,0.04,0.52,23.84,0.0,0.0,0.0,0,0.873046875,6,44,07:14,19:19,2025-03-18 02:49:13.232271,Marina di Stabia
2025-03-18T02:49:24Z,0,30.016,71.6,35,49.9,11,18,86,66,0.0,255,32767,0.16,2056-9-18,0.04,0.52,23.84,0.0,0.0,0.0,0,0.873046875,6,44,07:14,19:19,2025-03-18 02:49:24.320264,Marina di Stabia
2025-03-18T02:49:35Z,0,30.016,71.6,35,49.9,15,18,96,66,0.0,255,32767,0.16,2056-9-18,0.04,0.52,23.84,0.0,0.0,0.0,0,0.873046875,6,44,07:14,19:19,2025-03-18 02:49:35.373278,Marina di Stabia
2025-03-18T02:49:46Z,0,30.016,71.6,35,49.9,15,18,96,66,0.0,255,32767,0.16,2056-9-18,0.04,0.52,23.84,0.0,0.0,0.0,0,0.873046875,6,44,07:14,19:19,2025-03-18 02:49:46.444264,Marina di Stabia
2025-03-18T02:49:57Z,0,30.011,71.5,35,49.9,17,17,89,66,0.0,255,32767,0.16,2056-9-18,0.04,0.52,23.84,0.0,0.0,0.0,0,1.822265625,6,44,07:14,19:19,2025-03-18 02:49:57.521260,Marina di Stabia
2025-03-18T02:50:08Z,0,30.011,71.5,35,49.9,17,17,101,66,0.0,255,32767,0.16,2056-9-18,0.04,0.52,23.84,0.0,0.0,0.0,0,1.822265625,6,44,07:14,19:19,2025-03-18 02:50:08.590259,Marina di Stabia
2025-03-18T02:50:19Z,0,30.011,71.5,35,49.9,18,17,93,66,0.0,255,32767,0.16,2056-9-18,0.04,0.52,23.84,0.0,0.0,0.0,0,1.822265625,6,44,07:14,19:19,2025-03-18 02:50:19.721262,Marina di Stabia
2025-03-18T02:50:30Z,0,30.011,71.5,35,50.0,16,17,111,66,0.0,255,32767,0.16,2056-9-18,0.04,0.52,23.84,0.0,0.0,0.0,0,1.822265625,6,44,07:14,19:19,2025-03-18 02:50:30.782254,Marina di Stabia
2025-03-18T02:50:42Z,0,30.011,71.5,35,50.0,21,17,95,66,0.0,255,32767,0.16,2056-9-18,0.04,0.52,23.84,0.0,0.0,0.0,0,1.822265625,6,44,07:14,19:19,2025-03-18 02:50:41.853261,Marina di Stabia
2025-03-18T02:50:53Z,0,30.011,71.5,35,50.0,20,17,94,66,0.0,255,32767,0.16,2056-9-18,0.04,0.52,23.84,0.0,0.0,0.0,0,1.822265625,6,44,07:14,19:19,2025-03-18 02:50:52.917279,Marina di Stabia
2025-03-18T02:51:04Z,0,30.014,71.5,35,50.0,17,17,75,66,0.0,255,32767,0.16,2056-9-18,0.04,0.52,23.84,0.0,0.0,0.0,0,0.908203125,6,44,07:14,19:19,2025-03-18 02:51:03.981257,Marina di Stabia
2025-03-18T02:51:15Z,0,30.014,71.5,35,50.0,16,17,76,66,0.0,255,32767,0.16,2056-9-18,0.04,0.52,23.84,0.0,0.0,0.0,0,0.908203125,6,44,07:14,19:19,2025-03-18 02:51:15.070262,Marina di Stabia
2025-03-18T02:51:26Z,0,30.014,71.5,35,50.0,14,17,90,66,0.0,255,32767,0.16,2056-9-18,0.04,0.52,23.84,0.0,0.0,0.0,0,0.908203125,6,44,07:14,19:19,2025-03-18 02:51:26.152269,Marina di Stabia
2025-03-18T02:51:37Z,0,30.014,71.5,35,49.9,17,17,92,66,0.0,255,32767,0.16,2056-9-18,0.04,0.52,23.84,0.0,0.0,0.0,0,0.908203125,6,44,07:14,19:19,2025-03-18 02:51:37.217265,Marina di Stabia
2025-03-18T02:51:48Z,0,30.014,71.5,35,49.9,15,17,84,66,0.0,255,32767,0.16,2056-9-18,0.04,0.52,23.84,0.0,0.0,0.0,0,0.908203125,6,44,07:14,19:19,2025-03-18 02:51:48.274262,Marina di Stabia
2025-03-18T02:51:59Z,0,30.013,71.5,35,50.0,19,17,86,66,0.0,255,32767,0.16,2056-9-18,0.04,0.52,23.84,0.0,0.0,0.0,0,0.873046875,6,44,07:14,19:19,2025-03-18 02:51:59.339259,Marina di Stabia
2025-03-18T02:52:10Z,0,30.013,71.5,35,50.0,18,17,85,66,0.0,255,32767,0.16,2056-9-18,0.04,0.52,23.84,0.0,0.0,0.0,0,0.873046875,6,44,07:14,19:19,2025-03-18 02:52:10.442272,Marina di Stabia
2025-03-18T02:52:21Z,0,30.013,71.5,35,50.0,15,17,98,66,0.0,255,32767,0.16,2056-9-18,0.04,0.52,23.84,0.0,0.0,0.0,0,0.873046875,6,44,07:14,19:19,2025-03-18 02:52:21.541267,Marina di Stabia
2025-03-18T02:52:32Z,0,30.013,71.5,35,50.0,14,17,90,66,0.0,255,32767,0.16,2056-9-18,0.04,0.52,23.84,0.0,0.0,0.0,0,0.873046875,6,44,07:14,19:19,2025-03-18 02:52:32.637262,Marina di Stabia
2025-03-18T02:52:43Z,0,30.013,71.5,35,49.9,14,17,90,66,0.0,255,32767,0.16,2056-9-18,0.04,0.52,23.84,0.0,0.0,0.0,0,0.873046875,6,44,07:14,19:19,2025-03-18 02:52:43.710269,Marina di Stabia
2025-03-18T02:52:54Z,0,30.013,71.5,35,49.9,19,17,89,66,0.0,255,32767,0.16,2056-9-18,0.04,0.52,23.84,0.0,0.0,0.0,0,0.873046875,6,44,07:14,19:19,2025-03-18 02:52:54.777271,Marina di Stabia
2025-03-18T02:53:06Z,0,30.014,71.5,35,49.9,18,17,90,66,0.0,255,32767,0.16,2056-9-18,0.04,0.52,23.84,0.0,0.0,0.0,0,0.919921875,6,44,07:14,19:19,2025-03-18 02:53:05.866260,Marina di Stabia
2025-03-18T02:53:17Z,0,30.014,71.5,35,49.9,18,17,61,66,0.0,255,32767,0.16,2056-9-18,0.04,0.52,23.84,0.0,0.0,0.0,0,0.919921875,6,44,07:14,19:19,2025-03-18 02:53:16.920266,Marina di Stabia
2025-03-18T02:53:28Z,0,30.014,71.5,35,49.9,17,17,82,66,0.0,255,32767,0.16,2056-9-18,0.04,0.52,23.84,0.0,0.0,0.0,0,0.919921875,6,44,07:14,19:19,2025-03-18 02:53:28.023259,Marina di Stabia
2025-03-18T02:53:39Z,0,30.014,71.5,35,49.9,14,17,65,66,0.0,255,32767,0.16,2056-9-18,0.04,0.52,23.84,0.0,0.0,0.0,0,0.919921875,6,44,07:14,19:19,2025-03-18 02:53:39.090262,Marina di Stabia
2025-03-18T02:53:50Z,0,30.014,71.5,35,49.9,14,17,79,66,0.0,255,32767,0.16,2056-9-18,0.04,0.52,23.84,0.0,0.0,0.0,0,0.919921875,6,44,07:14,19:19,2025-03-18 02:53:50.157264,Marina di Stabia
2025-03-18T02:54:01Z,0,30.015,71.5,35,49.9,20,17,86,66,0.0,255,32767,0.16,2056-9-18,0.04,0.52,23.84,0.0,0.0,0.0,0,0.873046875,6,44,07:14,19:19,2025-03-18 02:54:01.217258,Marina di Stabia
2025-03-18T02:54:12Z,0,30.015,71.5,35,49.9,21,17,89,66,0.0,255,32767,0.16,2056-9-18,0.04,0.52,23.84,0.0,0.0,0.0,0,0.873046875,6,44,07:14,19:19,2025-03-18 02:54:12.293252,Marina di Stabia
2025-03-18T02:54:23Z,0,30.015,71.5,35,49.9,13,17,100,66,0.0,255,32767,0.16,2056-9-18,0.04,0.52,23.84,0.0,0.0,0.0,0,0.873046875,6,44,07:14,19:19,2025-03-18 02:54:23.353262,Marina di Stabia
2025-03-18T02:54:34Z,0,30.015,71.5,35,49.9,15,17,82,66,0.0,255,32767,0.16,2056-9-18,0.04,0.52,23.84,0.0,0.0,0.0,0,0.873046875,6,44,07:14,19:19,2025-03-18 02:54:34.437262,Marina di Stabia
2025-03-18T02:54:45Z,0,30.015,71.5,35,49.9,21,17,87,66,0.0,255,32767,0.16,2056-9-18,0.04,0.52,23.84,0.0,0.0,0.0,0,0.873046875,6,44,07:14,19:19,2025-03-18 02:54:45.504265,Marina di Stabia
2025-03-18T02:54:56Z,0,30.015,71.5,35,49.8,21,17,88,66,0.0,255,32767,0.16,2056-9-18,0.04,0.52,23.84,0.0,0.0,0.0,0,0.873046875,6,44,07:14,19:19,2025-03-18 02:54:56.563262,Marina di Stabia
2025-03-18T02:55:07Z,0,30.014,71.5,35,49.9,19,17,86,66,0.0,255,32767,0.16,2056-9-18,0.04,0.52,23.84,0.0,0.0,0.0,0,1.271484375,6,44,07:14,19:19,2025-03-18 02:55:07.626262,Marina di Stabia
2025-03-18T02:55:18Z,0,30.014,71.5,35,49.8,18,17,90,66,0.0,255,32767,0.16,2056-9-18,0.04,0.52,23.84,0.0,0.0,0.0,0,1.271484375,6,44,07:14,19:19,2025-03-18 02:55:18.727262,Marina di Stabia
2025-03-18T02:55:29Z,0,30.014,71.5,35,49.8,20,17,86,66,0.0,255,32767,0.16,2056-9-18,0.04,0.52,23.84,0.0,0.0,0.0,0,1.271484375,6,44,07:14,19:19,2025-03-18 02:55:29.791252,Marina di Stabia
2025-03-18T02:55:41Z,0,30.014,71.5,35,49.8,22,17,90,66,0.0,255,32767,0.16,2056-9-18,0.04,0.52,23.84,0.0,0.0,0.0,0,1.271484375,6,44,07:14,19:19,2025-03-18 02:55:40.850274,Marina di Stabia
2025-03-18T02:55:52Z,0,30.014,71.5,35,49.9,20,17,92,66,0.0,255,32767,0.16,2056-9-18,0.04,0.52,23.84,0.0,0.0,0.0,0,1.271484375,6,44,07:14,19:19,2025-03-18 02:55:51.913259,Marina di Stabia
2025-03-18T02:56:03Z,0,30.014,71.5,35,49.9,19,17,71,66,0.0,255,32767,0.16,2056-9-18,0.04,0.52,23.84,0.0,0.0,0.0,0,0.873046875,6,44,07:14,19:19,2025-03-18 02:56:02.978262,Marina di Stabia
2025-03-18T02:56:14Z,0,30.014,71.5,35,49.9,16,17,82,66,0.0,255,32767,0.16,2056-9-18,0.04,0.52,23.84,0.0,0.0,0.0,0,0.873046875,6,44,07:14,19:19,2025-03-18 02:56:14.075256,Marina di Stabia
2025-03-18T02:56:25Z,0,30.014,71.5,35,49.8,19,17,86,66,0.0,255,32767,0.16,2056-9-18,0.04,0.52,23.84,0.0,0.0,0.0,0,0.873046875,6,44,07:14,19:19,2025-03-18 02:56:25.146263,Marina di Stabia
2025-03-18T02:56:36Z,0,30.014,71.5,35,49.9,19,17,98,66,0.0,255,32767,0.16,2056-9-18,0.04,0.52,23.84,0.0,0.0,0.0,0,0.873046875,6,44,07:14,19:19,2025-03-18 02:56:36.216262,Marina di Stabia
2025-03-18T02:56:47Z,0,30.014,71.5,35,49.9,21,17,86,66,0.0,255,32767,0.16,2056-9-18,0.04,0.52,23.84,0.0,0.0,0.0,0,0.873046875,6,44,07:14,19:19,2025-03-18 02:56:47.280258,Marina di Stabia
2025-03-18T02:56:58Z,0,30.015,71.4,35,49.9,17,18,86,66,0.0,255,32767,0.16,2056-9-18,0.04,0.52,23.84,0.0,0.0,0.0,0,0.873046875,6,44,07:14,19:19,2025-03-18 02:56:58.349259,Marina di Stabia
2025-03-18T02:57:09Z,0,30.015,71.4,35,49.9,21,18,80,66,0.0,255,32767,0.16,2056-9-18,0.04,0.52,23.84,0.0,0.0,0.0,0,0.873046875,6,44,07:14,19:19,2025-03-18 02:57:09.420267,Marina di Stabia
2025-03-18T02:57:20Z,0,30.015,71.4,35,49.9,21,18,91,66,0.0,255,32767,0.16,2056-9-18,0.04,0.52,23.84,0.0,0.0,0.0,0,0.873046875,6,44,07:14,19:19,2025-03-18 02:57:20.518258,Marina di Stabia
2025-03-18T02:57:31Z,0,30.015,71.4,35,49.9,22,18,88,66,0.0,255,32767,0.16,2056-9-18,0.04,0.52,23.84,0.0,0.0,0.0,0,0.873046875,6,44,07:14,19:19,2025-03-18 02:57:31.583258,Marina di Stabia
2025-03-18T02:57:42Z,0,30.015,71.4,35,49.9,24,18,92,65,0.0,255,32767,0.16,2056-9-18,0.04,0.52,23.84,0.0,0.0,0.0,0,0.873046875,6,44,07:14,19:19,2025-03-18 02:57:42.646263,Marina di Stabia
2025-03-18T02:57:53Z,0,30.015,71.4,35,50.0,22,18,96,65,0.0,255,32767,0.16,2056-9-18,0.04,0.52,23.84,0.0,0.0,0.0,0,0.873046875,6,44,07:14,19:19,2025-03-18 02:57:53.696271,Marina di Stabia
2025-03-18T02:58:04Z,0,30.016,71.5,35,50.0,18,18,91,65,0.0,255,32767,0.16,2056-9-18,0.04,0.52,23.84,0.0,0.0,0.0,0,0.884765625,6,44,07:14,19:19,2025-03-18 02:58:04.766253,Marina di Stabia
2025-03-18T02:58:16Z,0,30.016,71.5,35,50.0,17,18,86,65,0.0,255,32767,0.16,2056-9-18,0.04,0.52,23.84,0.0,0.0,0.0,0,0.884765625,6,44,07:14,19:19,2025-03-18 02:58:15.867259,Marina di Stabia
2025-03-18T02:58:27Z,0,30.016,71.5,35,50.0,20,18,87,65,0.0,255,32767,0.16,2056-9-18,0.04,0.52,23.84,0.0,0.0,0.0,0,0.884765625,6,44,07:14,19:19,2025-03-18 02:58:26.925271,Marina di Stabia
2025-03-18T02:58:38Z,0,30.016,71.5,35,49.9,16,18,74,65,0.0,255,32767,0.16,2056-9-18,0.04,0.52,23.84,0.0,0.0,0.0,0,0.884765625,6,44,07:14,19:19,2025-03-18 02:58:37.988263,Marina di Stabia
2025-03-18T02:58:49Z,0,30.016,71.5,35,49.9,18,18,102,65,0.0,255,32767,0.16,2056-9-18,0.04,0.52,23.84,0.0,0.0,0.0,0,0.884765625,6,44,07:14,19:19,2025-03-18 02:58:49.298257,Marina di Stabia
2025-03-18T02:59:00Z,0,30.017,71.5,35,50.0,18,18,86,65,0.0,255,32767,0.16,2056-9-18,0.04,0.52,23.84,0.0,0.0,0.0,0,0.873046875,6,44,07:14,19:19,2025-03-18 02:59:00.335442,Marina di Stabia
2025-03-18T02:59:11Z,0,30.017,71.5,35,49.9,15,18,80,65,0.0,255,32767,0.16,2056-9-18,0.04,0.52,23.84,0.0,0.0,0.0,0,0.873046875,6,44,07:14,19:19,2025-03-18 02:59:11.524227,Marina di Stabia
2025-03-18T02:59:22Z,0,30.017,71.5,35,50.0,15,18,107,65,0.0,255,32767,0.16,2056-9-18,0.04,0.52,23.84,0.0,0.0,0.0,0,0.873046875,6,44,07:14,19:19,2025-03-18 02:59:22.619255,Marina di Stabia
2025-03-18T02:59:33Z,0,30.017,71.5,35,50.0,12,18,98,65,0.0,255,32767,0.16,2056-9-18,0.04,0.52,23.84,0.0,0.0,0.0,0,0.873046875,6,44,07:14,19:19,2025-03-18 02:59:33.716255,Marina di Stabia
2025-03-18T02:59:45Z,0,30.017,71.5,35,50.0,21,18,94,65,0.0,255,32767,0.16,2056-9-18,0.04,0.52,23.84,0.0,0.0,0.0,0,0.873046875,6,44,07:14,19:19,2025-03-18 02:59:44.808257,Marina di Stabia
2025-03-18T02:59:56Z,0,30.017,71.5,35,50.0,22,18,94,65,0.0,255,32767,0.16,2056-9-18,0.04,0.52,23.84,0.0,0.0,0.0,0,0.873046875,6,44,07:14,19:19,2025-03-18 02:59:55.874254,Marina di Stabia
2025-03-18T03:00:07Z,0,30.016,71.4,35,50.0,20,18,86,65,0.0,255,32767,0.16,2056-9-18,0.04,0.52,23.84,0.0,0.0,0.0,0,1.01953125,6,44,07:14,19:19,2025-03-18 03:00:06.945268,Marina di Stabia,31.1,6.639279,14.05905,5.7798514,10.930394,EU EEA Common AQI,73.8,6.5582366,13.21546,3600,4.811594,100,100,51.4,8.937198,Very Low,75.5,6.355935,100,1739186100,Very Low,9.633085,6.8510075,Very Low,6.062216,42.9,5.362319,100,1739186100,5.362319
2025-03-18T03:00:18Z,0,30.016,71.4,35,49.9,14,18,101,65,0.0,255,32767,0.16,2056-9-18,0.04,0.52,23.84,0.0,0.0,0.0,0,1.01953125,6,44,07:14,19:19,2025-03-18 03:00:18.032263,Marina di Stabia,31.1,6.639279,14.05905,5.7798514,10.930394,EU EEA Common AQI,73.8,6.5582366,13.21546,3600,4.811594,100,100,51.4,8.937198,Very Low,75.5,6.355935,100,1739186100,Very Low,9.633085,6.8510075,Very Low,6.062216,42.9,5.362319,100,1739186100,5.362319
2025-03-18T03:00:29Z,0,30.016,71.4,35,49.9,18,18,89,65,0.0,255,32767,0.16,2056-9-18,0.04,0.52,23.84,0.0,0.0,0.0,0,1.01953125,6,44,07:14,19:19,2025-03-18 03:00:29.155248,Marina di Stabia,31.1,6.639279,14.05905,5.7798514,10.930394,EU EEA Common AQI,73.8,6.5582366,13.21546,3600,4.811594,100,100,51.4,8.937198,Very Low,75.5,6.355935,100,1739186100,Very Low,9.633085,6.8510075,Very Low,6.062216,42.9,5.362319,100,1739186100,5.362319
2025-03-18T03:00:40Z,0,30.016,71.4,35,49.9,16,18,80,65,0.0,255,32767,0.16,2056-9-18,0.04,0.52,23.84,0.0,0.0,0.0,0,1.01953125,6,44,07:14,19:19,2025-03-18 03:00:40.229263,Marina di Stabia,31.1,6.639279,14.05905,5.7798514,10.930394,EU EEA Common AQI,73.8,6.5582366,13.21546,3600,4.811594,100,100,51.4,8.937198,Very Low,75.5,6.355935,100,1739186100,Very Low,9.633085,6.8510075,Very Low,6.062216,42.9,5.362319,100,1739186100,5.362319
2025-03-18T03:00:51Z,0,30.016,71.4,35,50.0,17,18,86,65,0.0,255,32767,0.16,2056-9-18,0.04,0.52,23.84,0.0,0.0,0.0,0,1.01953125,6,44,07:14,19:19,2025-03-18 03:00:51.313264,Marina di Stabia,31.1,6.639279,14.05905,5.7798514,10.930394,EU EEA Common AQI,73.8,6.5582366,13.21546,3600,4.811594,100,100,51.4,8.937198,Very Low,75.5,6.355935,100,1739186100,Very Low,9.633085,6.8510075,Very Low,6.062216,42.9,5.362319,100,1739186100,5.362319
2025-03-18T03:01:02Z,0,30.019,71.4,35,50.0,13,18,103,65,0.0,255,32767,0.16,2056-9-18,0.04,0.52,23.84,0.0,0.0,0.0,0,1.564453125,6,44,07:14,19:19,2025-03-18 03:01:02.394255,Marina di Stabia,31.1,6.639279,14.05905,5.7798514,10.930394,EU EEA Common AQI,73.8,6.5582366,13.21546,3600,4.811594,100,100,51.4,8.937198,Very Low,75.5,6.355935,100,1739186100,Very Low,9.633085,6.8510075,Very Low,6.062216,42.9,5.362319,100,1739186100,5.362319
2025-03-18T03:01:13Z,0,30.019,71.4,35,49.9,16,18,88,65,0.0,255,32767,0.16,2056-9-18,0.04,0.52,23.84,0.0,0.0,0.0,0,1.564453125,6,44,07:14,19:19,2025-03-18 03:01:13.541270,Marina di Stabia,31.1,6.639279,14.05905,5.7798514,10.930394,EU EEA Common AQI,73.8,6.5582366,13.21546,3600,4.811594,100,100,51.4,8.937198,Very Low,75.5,6.355935,100,1739186100,Very Low,9.633085,6.8510075,Very Low,6.062216,42.9,5.362319,100,1739186100,5.362319
2025-03-18T03:01:24Z,0,30.019,71.4,35,49.9,15,18,126,65,0.0,255,32767,0.16,2056-9-18,0.04,0.52,23.84,0.0,0.0,0.0,0,1.564453125,6,44,07:14,19:19,2025-03-18 03:01:24.620261,Marina di Stabia,31.1,6.639279,14.05905,5.7798514,10.930394,EU EEA Common AQI,73.8,6.5582366,13.21546,3600,4.811594,100,100,51.4,8.937198,Very Low,75.5,6.355935,100,1739186100,Very Low,9.633085,6.8510075,Very Low,6.062216,42.9,5.362319,100,1739186100,5.362319
2025-03-18T03:01:35Z,0,30.019,71.4,35,50.0,21,18,83,65,0.0,255,32767,0.16,2056-9-18,0.04,0.52,23.84,0.0,0.0,0.0,0,1.564453125,6,44,07:14,19:19,2025-03-18 03:01:35.708248,Marina di Stabia,31.1,6.639279,14.05905,5.7798514,10.930394,EU EEA Common AQI,73.8,6.5582366,13.21546,3600,4.811594,100,100,51.4,8.937198,Very Low,75.5,6.355935,100,1739186100,Very Low,9.633085,6.8510075,Very Low,6.062216,42.9,5.362319,100,1739186100,5.362319
2025-03-18T03:01:46Z,0,30.019,71.4,35,49.9,19,18,91,65,0.0,255,32767,0.16,2056-9-18,0.04,0.52,23.84,0.0,0.0,0.0,0,1.564453125,6,44,07:14,19:19,2025-03-18 03:01:46.788220,Marina di Stabia,31.1,6.639279,14.05905,5.7798514,10.930394,EU EEA Common AQI,73.8,6.5582366,13.21546,3600,4.811594,100,100,51.4,8.937198,Very Low,75.5,6.355935,100,1739186100,Very Low,9.633085,6.8510075,Very Low,6.062216,42.9,5.362319,100,1739186100,5.362319
2025-03-18T03:01:58Z,0,30.015,71.4,35,49.9,19,18,77,65,0.0,255,32767,0.16,2056-9-18,0.04,0.52,23.84,0.0,0.0,0.0,0,1.8984375,6,44,07:14,19:19,2025-03-18 03:01:57.875270,Marina di Stabia,31.1,6.639279,14.05905,5.7798514,10.930394,EU EEA Common AQI,73.8,6.5582366,13.21546,3600,4.811594,100,100,51.4,8.937198,Very Low,75.5,6.355935,100,1739186100,Very Low,9.633085,6.8510075,Very Low,6.062216,42.9,5.362319,100,1739186100,5.362319
2025-03-18T03:02:09Z,0,30.015,71.4,35,49.9,17,18,82,65,0.0,255,32767,0.16,2056-9-18,0.04,0.52,23.84,0.0,0.0,0.0,0,1.8984375,6,44,07:14,19:19,2025-03-18 03:02:08.948271,Marina di Stabia,31.1,6.639279,14.05905,5.7798514,10.930394,EU EEA Common AQI,73.8,6.5582366,13.21546,3600,4.811594,100,100,51.4,8.937198,Very Low,75.5,6.355935,100,1739186100,Very Low,9.633085,6.8510075,Very Low,6.062216,42.9,5.362319,100,1739186100,5.362319
2025-03-18T03:02:20Z,0,30.015,71.4,35,49.9,17,18,69,65,0.0,255,32767,0.16,2056-9-18,0.04,0.52,23.84,0.0,0.0,0.0,0,1.8984375,6,44,07:14,19:19,2025-03-18 03:02:20.310258,Marina di Stabia,31.1,6.639279,14.05905,5.7798514,10.930394,EU EEA Common AQI,73.8,6.5582366,13.21546,3600,4.811594,100,100,51.4,8.937198,Very Low,75.5,6.355935,100,1739186100,Very Low,9.633085,6.8510075,Very Low,6.062216,42.9,5.362319,100,1739186100,5.362319
2025-03-18T03:02:31Z,0,30.015,71.4,35,49.9,14,18,81,65,0.0,255,32767,0.16,2056-9-18,0.04,0.52,23.84,0.0,0.0,0.0,0,1.8984375,6,44,07:14,19:19,2025-03-18 03:02:31.385251,Marina di Stabia,31.1,6.639279,14.05905,5.7798514,10.930394,EU EEA Common AQI,73.8,6.5582366,13.21546,3600,4.811594,100,100,51.4,8.937198,Very Low,75.5,6.355935,100,1739186100,Very Low,9.633085,6.8510075,Very Low,6.062216,42.9,5.362319,100,1739186100,5.362319
2025-03-18T03:02:42Z,0,30.015,71.4,35,49.9,15,18,82,66,0.0,255,32767,0.16,2056-9-18,0.04,0.52,23.84,0.0,0.0,0.0,0,1.8984375,6,44,07:14,19:19,2025-03-18 03:02:42.474267,Marina di Stabia,31.1,6.639279,14.05905,5.7798514,10.930394,EU EEA Common AQI,73.8,6.5582366,13.21546,3600,4.811594,100,100,51.4,8.937198,Very Low,75.5,6.355935,100,1739186100,Very Low,9.633085,6.8510075,Very Low,6.062216,42.9,5.362319,100,1739186100,5.362319
2025-03-18T03:02:53Z,0,30.015,71.4,35,49.9,15,18,85,66,0.0,255,32767,0.16,2056-9-18,0.04,0.52,23.84,0.0,0.0,0.0,0,1.8984375,6,44,07:14,19:19,2025-03-18 03:02:53.531801,Marina di Stabia,31.1,6.639279,14.05905,5.7798514,10.930394,EU EEA Common AQI,73.8,6.5582366,13.21546,3600,4.811594,100,100,51.4,8.937198,Very Low,75.5,6.355935,100,1739186100,Very Low,9.633085,6.8510075,Very Low,6.062216,42.9,5.362319,100,1739186100,5.362319
2025-03-18T03:03:04Z,0,30.017,71.4,35,49.9,13,18,64,66,0.0,255,32767,0.16,2056-9-18,0.04,0.52,23.84,0.0,0.0,0.0,0,0.87890625,6,44,07:14,19:19,2025-03-18 03:03:04.779276,Marina di Stabia,31.1,6.639279,14.05905,5.7798514,10.930394,EU EEA Common AQI,73.8,6.5582366,13.21546,3600,4.811594,100,100,51.4,8.937198,Very Low,75.5,6.355935,100,1739186100,Very Low,9.633085,6.8510075,Very Low,6.062216,42.9,5.362319,100,1739186100,5.362319
2025-03-18T03:03:16Z,0,30.017,71.4,35,49.9,18,18,92,66,0.0,255,32767,0.16,2056-9-18,0.04,0.52,23.84,0.0,0.0,0.0,0,0.87890625,6,44,07:14,19:19,2025-03-18 03:03:15.906253,Marina di Stabia,31.1,6.639279,14.05905,5.7798514,10.930394,EU EEA Common AQI,73.8,6.5582366,13.21546,3600,4.811594,100,100,51.4,8.937198,Very Low,75.5,6.355935,100,1739186100,Very Low,9.633085,6.8510075,Very Low,6.062216,42.9,5.362319,100,1739186100,5.362319
2025-03-18T03:03:27Z,0,30.017,71.4,35,49.9,14,18,103,66,0.0,255,32767,0.16,2056-9-18,0.04,0.52,23.84,0.0,0.0,0.0,0,0.87890625,6,44,07:14,19:19,2025-03-18 03:03:26.995260,Marina di Stabia,31.1,6.639279,14.05905,5.7798514,10.930394,EU EEA Common AQI,73.8,6.5582366,13.21546,3600,4.811594,100,100,51.4,8.937198,Very Low,75.5,6.355935,100,1739186100,Very Low,9.633085,6.8510075,Very Low,6.062216,42.9,5.362319,100,1739186100,5.362319
2025-03-18T03:03:38Z,0,30.017,71.4,35,49.9,16,18,82,66,0.0,255,32767,0.16,2056-9-18,0.04,0.52,23.84,0.0,0.0,0.0,0,0.87890625,6,44,07:14,19:19,2025-03-18 03:03:38.079276,Marina di Stabia,31.1,6.639279,14.05905,5.7798514,10.930394,EU EEA Common AQI,73.8,6.5582366,13.21546,3600,4.811594,100,100,51.4,8.937198,Very Low,75.5,6.355935,100,1739186100,Very Low,9.633085,6.8510075,Very Low,6.062216,42.9,5.362319,100,1739186100,5.362319
2025-03-18T03:03:49Z,0,30.017,71.4,35,49.9,16,18,84,66,0.0,255,32767,0.16,2056-9-18,0.04,0.52,23.84,0.0,0.0,0.0,0,0.87890625,6,44,07:14,19:19,2025-03-18 03:03:49.159259,Marina di Stabia,31.1,6.639279,14.05905,5.7798514,10.930394,EU EEA Common AQI,73.8,6.5582366,13.21546,3600,4.811594,100,100,51.4,8.937198,Very Low,75.5,6.355935,100,1739186100,Very Low,9.633085,6.8510075,Very Low,6.062216,42.9,5.362319,100,1739186100,5.362319
2025-03-18T03:04:00Z,0,30.018,71.4,35,49.9,14,18,82,66,0.0,255,32767,0.16,2056-9-18,0.04,0.52,23.84,0.0,0.0,0.0,0,0.873046875,6,44,07:14,19:19,2025-03-18 03:04:00.311262,Marina di Stabia,31.1,6.639279,14.05905,5.7798514,10.930394,EU EEA Common AQI,73.8,6.5582366,13.21546,3600,4.811594,100,100,51.4,8.937198,Very Low,75.5,6.355935,100,1739186100,Very Low,9.633085,6.8510075,Very Low,6.062216,42.9,5.362319,100,1739186100,5.362319
2025-03-18T03:04:11Z,0,30.018,71.4,35,49.8,12,18,80,66,0.0,255,32767,0.16,2056-9-18,0.04,0.52,23.84,0.0,0.0,0.0,0,0.873046875,6,44,07:14,19:19,2025-03-18 03:04:11.523259,Marina di Stabia,31.1,6.639279,14.05905,5.7798514,10.930394,EU EEA Common AQI,73.8,6.5582366,13.21546,3600,4.811594,100,100,51.4,8.937198,Very Low,75.5,6.355935,100,1739186100,Very Low,9.633085,6.8510075,Very Low,6.062216,42.9,5.362319,100,1739186100,5.362319
2025-03-18T03:04:22Z,0,30.018,71.4,35,49.8,15,18,74,66,0.0,255,32767,0.16,2056-9-18,0.04,0.52,23.84,0.0,0.0,0.0,0,0.873046875,6,44,07:14,19:19,2025-03-18 03:04:22.630261,Marina di Stabia,31.1,6.639279,14.05905,5.7798514,10.930394,EU EEA Common AQI,73.8,6.5582366,13.21546,3600,4.811594,100,100,51.4,8.937198,Very Low,75.5,6.355935,100,1739186100,Very Low,9.633085,6.8510075,Very Low,6.062216,42.9,5.362319,100,1739186100,5.362319
2025-03-18T03:04:33Z,0,30.018,71.4,35,49.8,16,18,82,66,0.0,255,32767,0.16,2056-9-18,0.04,0.52,23.84,0.0,0.0,0.0,0,0.873046875,6,44,07:14,19:19,2025-03-18 03:04:33.716264,Marina di Stabia,31.1,6.639279,14.05905,5.7798514,10.930394,EU EEA Common AQI,73.8,6.5582366,13.21546,3600,4.811594,100,100,51.4,8.937198,Very Low,75.5,6.355935,100,1739186100,Very Low,9.633085,6.8510075,Very Low,6.062216,42.9,5.362319,100,1739186100,5.362319
2025-03-18T03:04:45Z,0,30.018,71.4,35,49.8,16,18,84,66,0.0,255,32767,0.16,2056-9-18,0.04,0.52,23.84,0.0,0.0,0.0,0,0.873046875,6,44,07:14,19:19,2025-03-18 03:04:44.842255,Marina di Stabia,31.1,6.639279,14.05905,5.7798514,10.930394,EU EEA Common AQI,73.8,6.5582366,13.21546,3600,4.811594,100,100,51.4,8.937198,Very Low,75.5,6.355935,100,1739186100,Very Low,9.633085,6.8510075,Very Low,6.062216,42.9,5.362319,100,1739186100,5.362319
2025-03-18T03:04:56Z,0,30.018,71.4,35,49.8,15,18,82,66,0.0,255,32767,0.16,2056-9-18,0.04,0.52,23.84,0.0,0.0,0.0,0,0.873046875,6,44,07:14,19:19,2025-03-18 03:04:55.925259,Marina di Stabia,31.1,6.639279,14.05905,5.7798514,10.930394,EU EEA Common AQI,73.8,6.5582366,13.21546,3600,4.811594,100,100,51.4,8.937198,Very Low,75.5,6.355935,100,1739186100,Very Low,9.633085,6.8510075,Very Low,6.062216,42.9,5.362319,100,1739186100,5.362319
2025-03-18T03:05:07Z,0,30.016,71.4,35,49.8,15,17,85,66,0.0,255,32767,0.16,2056-9-18,0.04,0.52,23.84,0.0,0.0,0.0,0,0.92578125,6,44,07:14,19:19,2025-03-18 03:05:07.018265,Marina di Stabia,31.1,6.639279,14.05905,5.7798514,10.930394,EU EEA Common AQI,73.8,6.5582366,13.21546,3600,4.811594,100,100,51.4,8.937198,Very Low,75.5,6.355935,100,1739186100,Very Low,9.633085,6.8510075,Very Low,6.062216,42.9,5.362319,100,1739186100,5.362319
2025-03-18T03:05:18Z,0,30.016,71.4,35,49.8,15,17,84,66,0.0,255,32767,0.16,2056-9-18,0.04,0.52,23.84,0.0,0.0,0.0,0,0.92578125,6,44,07:14,19:19,2025-03-18 03:05:18.123259,Marina di Stabia,31.1,6.639279,14.05905,5.7798514,10.930394,EU EEA Common AQI,73.8,6.5582366,13.21546,3600,4.811594,100,100,51.4,8.937198,Very Low,75.5,6.355935,100,1739186100,Very Low,9.633085,6.8510075,Very Low,6.062216,42.9,5.362319,100,1739186100,5.362319
2025-03-18T03:05:29Z,0,30.016,71.4,35,49.8,11,17,98,66,0.0,255,32767,0.16,2056-9-18,0.04,0.52,23.84,0.0,0.0,0.0,0,0.92578125,6,44,07:14,19:19,2025-03-18 03:05:29.198258,Marina di Stabia,31.1,6.639279,14.05905,5.7798514,10.930394,EU EEA Common AQI,73.8,6.5582366,13.21546,3600,4.811594,100,100,51.4,8.937198,Very Low,75.5,6.355935,100,1739186100,Very Low,9.633085,6.8510075,Very Low,6.062216,42.9,5.362319,100,1739186100,5.362319
2025-03-18T03:05:40Z,0,30.016,71.4,35,49.8,17,17,92,66,0.0,255,32767,0.16,2056-9-18,0.04,0.52,23.84,0.0,0.0,0.0,0,0.92578125,6,44,07:14,19:19,2025-03-18 03:05:40.279253,Marina di Stabia,31.1,6.639279,14.05905,5.7798514,10.930394,EU EEA Common AQI,73.8,6.5582366,13.21546,3600,4.811594,100,100,51.4,8.937198,Very Low,75.5,6.355935,100,1739186100,Very Low,9.633085,6.8510075,Very Low,6.062216,42.9,5.362319,100,1739186100,5.362319
2025-03-18T03:05:51Z,0,30.016,71.4,35,49.8,14,17,92,66,0.0,255,32767,0.16,2056-9-18,0.04,0.52,23.84,0.0,0.0,0.0,0,0.92578125,6,44,07:14,19:19,2025-03-18 03:05:51.359275,Marina di Stabia,31.1,6.639279,14.05905,5.7798514,10.930394,EU EEA Common AQI,73.8,6.5582366,13.21546,3600,4.811594,100,100,51.4,8.937198,Very Low,75.5,6.355935,100,1739186100,Very Low,9.633085,6.8510075,Very Low,6.062216,42.9,5.362319,100,1739186100,5.362319
2025-03-18T03:06:02Z,0,30.018,71.4,35,49.8,16,17,91,66,0.0,255,32767,0.16,2056-9-18,0.04,0.52,23.84,0.0,0.0,0.0,0,0.873046875,6,44,07:14,19:19,2025-03-18 03:06:02.440266,Marina di Stabia,31.1,6.639279,14.05905,5.7798514,10.930394,EU EEA Common AQI,73.8,6.5582366,13.21546,3600,4.811594,100,100,51.4,8.937198,Very Low,75.5,6.355935,100,1739186100,Very Low,9.633085,6.8510075,Very Low,6.062216,42.9,5.362319,100,1739186100,5.362319
2025-03-18T03:06:13Z,0,30.018,71.4,35,49.8,15,17,83,66,0.0,255,32767,0.16,2056-9-18,0.04,0.52,23.84,0.0,0.0,0.0,0,0.873046875,6,44,07:14,19:19,2025-03-18 03:06:13.528262,Marina di Stabia,31.1,6.639279,14.05905,5.7798514,10.930394,EU EEA Common AQI,73.8,6.5582366,13.21546,3600,4.811594,100,100,51.4,8.937198,Very Low,75.5,6.355935,100,1739186100,Very Low,9.633085,6.8510075,Very Low,6.062216,42.9,5.362319,100,1739186100,5.362319
2025-03-18T03:06:24Z,0,30.018,71.4,35,49.8,16,17,70,66,0.0,255,32767,0.16,2056-9-18,0.04,0.52,23.84,0.0,0.0,0.0,0,0.873046875,6,44,07:14,19:19,2025-03-18 03:06:24.642244,Marina di Stabia,31.1,6.639279,14.05905,5.7798514,10.930394,EU EEA Common AQI,73.8,6.5582366,13.21546,3600,4.811594,100,100,51.4,8.937198,Very Low,75.5,6.355935,100,1739186100,Very Low,9.633085,6.8510075,Very Low,6.062216,42.9,5.362319,100,1739186100,5.362319
2025-03-18T03:06:35Z,0,30.018,71.4,35,49.8,18,17,83,66,0.0,255,32767,0.16,2056-9-18,0.04,0.52,23.84,0.0,0.0,0.0,0,0.873046875,6,44,07:14,19:19,2025-03-18 03:06:35.751258,Marina di Stabia,31.1,6.639279,14.05905,5.7798514,10.930394,EU EEA Common AQI,73.8,6.5582366,13.21546,3600,4.811594,100,100,51.4,8.937198,Very Low,75.5,6.355935,100,1739186100,Very Low,9.633085,6.8510075,Very Low,6.062216,42.9,5.362319,100,1739186100,5.362319
2025-03-18T03:06:47Z,0,30.018,71.4,35,49.8,20,17,81,66,0.0,255,32767,0.16,2056-9-18,0.04,0.52,23.84,0.0,0.0,0.0,0,0.873046875,6,44,07:14,19:19,2025-03-18 03:06:46.832256,Marina di Stabia,31.1,6.639279,14.05905,5.7798514,10.930394,EU EEA Common AQI,73.8,6.5582366,13.21546,3600,4.811594,100,100,51.4,8.937198,Very Low,75.5,6.355935,100,1739186100,Very Low,9.633085,6.8510075,Very Low,6.062216,42.9,5.362319,100,1739186100,5.362319
2025-03-18T03:06:58Z,0,30.016,71.4,35,49.8,16,17,98,66,0.0,255,32767,0.16,2056-9-18,0.04,0.52,23.84,0.0,0.0,0.0,0,1.318359375,6,44,07:14,19:19,2025-03-18 03:06:57.908262,Marina di Stabia,31.1,6.639279,14.05905,5.7798514,10.930394,EU EEA Common AQI,73.8,6.5582366,13.21546,3600,4.811594,100,100,51.4,8.937198,Very Low,75.5,6.355935,100,1739186100,Very Low,9.633085,6.8510075,Very Low,6.062216,42.9,5.362319,100,1739186100,5.362319
2025-03-18T03:07:09Z,0,30.016,71.4,35,49.8,17,17,85,66,0.0,255,32767,0.16,2056-9-18,0.04,0.52,23.84,0.0,0.0,0.0,0,1.318359375,6,44,07:14,19:19,2025-03-18 03:07:08.988269,Marina di Stabia,31.1,6.639279,14.05905,5.7798514,10.930394,EU EEA Common AQI,73.8,6.5582366,13.21546,3600,4.811594,100,100,51.4,8.937198,Very Low,75.5,6.355935,100,1739186100,Very Low,9.633085,6.8510075,Very Low,6.062216,42.9,5.362319,100,1739186100,5.362319
2025-03-18T03:07:20Z,0,30.016,71.4,35,49.8,15,17,88,66,0.0,255,32767,0.16,2056-9-18,0.04,0.52,23.84,0.0,0.0,0.0,0,1.318359375,6,44,07:14,19:19,2025-03-18 03:07:20.085259,Marina di Stabia,31.1,6.639279,14.05905,5.7798514,10.930394,EU EEA Common AQI,73.8,6.5582366,13.21546,3600,4.811594,100,100,51.4,8.937198,Very Low,75.5,6.355935,100,1739186100,Very Low,9.633085,6.8510075,Very Low,6.062216,42.9,5.362319,100,1739186100,5.362319
2025-03-18T03:07:31Z,0,30.016,71.4,35,49.8,15,17,90,66,0.0,255,32767,0.16,2056-9-18,0.04,0.52,23.84,0.0,0.0,0.0,0,1.318359375,6,44,07:14,19:19,2025-03-18 03:07:31.205260,Marina di Stabia,31.1,6.639279,14.05905,5.7798514,10.930394,EU EEA Common AQI,73.8,6.5582366,13.21546,3600,4.811594,100,100,51.4,8.937198,Very Low,75.5,6.355935,100,1739186100,Very Low,9.633085,6.8510075,Very Low,6.062216,42.9,5.362319,100,1739186100,5.362319
2025-03-18T03:07:42Z,0,30.016,71.4,35,49.8,16,17,91,66,0.0,255,32767,0.16,2056-9-18,0.04,0.52,23.84,0.0,0.0,0.0,0,1.318359375,6,44,07:14,19:19,2025-03-18 03:07:42.291225,Marina di Stabia,31.1,6.639279,14.05905,5.7798514,10.930394,EU EEA Common AQI,73.8,6.5582366,13.21546,3600,4.811594,100,100,51.4,8.937198,Very Low,75.5,6.355935,100,1739186100,Very Low,9.633085,6.8510075,Very Low,6.062216,42.9,5.362319,100,1739186100,5.362319
2025-03-18T03:07:53Z,0,30.016,71.4,35,49.8,11,17,87,66,0.0,255,32767,0.16,2056-9-18,0.04,0.52,23.84,0.0,0.0,0.0,0,1.318359375,6,44,07:14,19:19,2025-03-18 03:07:53.397256,Marina di Stabia,31.1,6.639279,14.05905,5.7798514,10.930394,EU EEA Common AQI,73.8,6.5582366,13.21546,3600,4.811594,100,100,51.4,8.937198,Very Low,75.5,6.355935,100,1739186100,Very Low,9.633085,6.8510075,Very Low,6.062216,42.9,5.362319,100,1739186100,5.362319
2025-03-18T03:08:04Z,0,30.019,71.4,35,49.8,16,16,92,66,0.0,255,32767,0.16,2056-9-18,0.04,0.52,23.84,0.0,0.0,0.0,0,0.873046875,6,44,07:14,19:19,2025-03-18 03:08:04.493265,Marina di Stabia,31.1,6.639279,14.05905,5.7798514,10.930394,EU EEA Common AQI,73.8,6.5582366,13.21546,3600,4.811594,100,100,51.4,8.937198,Very Low,75.5,6.355935,100,1739186100,Very Low,9.633085,6.8510075,Very Low,6.062216,42.9,5.362319,100,1739186100,5.362319
2025-03-18T03:08:15Z,0,30.019,71.4,35,49.8,15,16,90,66,0.0,255,32767,0.16,2056-9-18,0.04,0.52,23.84,0.0,0.0,0.0,0,0.873046875,6,44,07:14,19:19,2025-03-18 03:08:15.567265,Marina di Stabia,31.1,6.639279,14.05905,5.7798514,10.930394,EU EEA Common AQI,73.8,6.5582366,13.21546,3600,4.811594,100,100,51.4,8.937198,Very Low,75.5,6.355935,100,1739186100,Very Low,9.633085,6.8510075,Very Low,6.062216,42.9,5.362319,100,1739186100,5.362319
2025-03-18T03:08:26Z,0,30.019,71.4,35,49.8,13,16,84,66,0.0,255,32767,0.16,2056-9-18,0.04,0.52,23.84,0.0,0.0,0.0,0,0.873046875,6,44,07:14,19:19,2025-03-18 03:08:26.634495,Marina di Stabia,31.1,6.639279,14.05905,5.7798514,10.930394,EU EEA Common AQI,73.8,6.5582366,13.21546,3600,4.811594,100,100,51.4,8.937198,Very Low,75.5,6.355935,100,1739186100,Very Low,9.633085,6.8510075,Very Low,6.062216,42.9,5.362319,100,1739186100,5.362319
2025-03-18T03:08:37Z,0,30.019,71.4,35,49.8,12,16,90,66,0.0,255,32767,0.16,2056-9-18,0.04,0.52,23.84,0.0,0.0,0.0,0,0.873046875,6,44,07:14,19:19,2025-03-18 03:08:37.762262,Marina di Stabia,31.1,6.639279,14.05905,5.7798514,10.930394,EU EEA Common AQI,73.8,6.5582366,13.21546,3600,4.811594,100,100,51.4,8.937198,Very Low,75.5,6.355935,100,1739186100,Very Low,9.633085,6.8510075,Very Low,6.062216,42.9,5.362319,100,1739186100,5.362319
2025-03-18T03:08:49Z,0,30.019,71.4,35,49.8,14,16,92,66,0.0,255,32767,0.16,2056-9-18,0.04,0.52,23.84,0.0,0.0,0.0,0,0.873046875,6,44,07:14,19:19,2025-03-18 03:08:48.863263,Marina di Stabia,31.1,6.639279,14.05905,5.7798514,10.930394,EU EEA Common AQI,73.8,6.5582366,13.21546,3600,4.811594,100,100,51.4,8.937198,Very Low,75.5,6.355935,100,1739186100,Very Low,9.633085,6.8510075,Very Low,6.062216,42.9,5.362319,100,1739186100,5.362319
2025-03-18T03:09:00Z,0,30.019,71.3,35,49.8,16,16,84,66,0.0,255,32767,0.16,2056-9-18,0.04,0.52,23.84,0.0,0.0,0.0,0,0.873046875,6,44,07:14,19:19,2025-03-18 03:08:59.936270,Marina di Stabia,31.1,6.639279,14.05905,5.7798514,10.930394,EU EEA Common AQI,73.8,6.5582366,13.21546,3600,4.811594,100,100,51.4,8.937198,Very Low,75.5,6.355935,100,1739186100,Very Low,9.633085,6.8510075,Very Low,6.062216,42.9,5.362319,100,1739186100,5.362319
2025-03-18T03:09:11Z,0,30.019,71.3,35,49.8,14,16,90,66,0.0,255,32767,0.16,2056-9-18,0.04,0.52,23.84,0.0,0.0,0.0,0,0.873046875,6,44,07:14,19:19,2025-03-18 03:09:11.016257,Marina di Stabia,31.1,6.639279,14.05905,5.7798514,10.930394,EU EEA Common AQI,73.8,6.5582366,13.21546,3600,4.811594,100,100,51.4,8.937198,Very Low,75.5,6.355935,100,1739186100,Very Low,9.633085,6.8510075,Very Low,6.062216,42.9,5.362319,100,1739186100,5.362319
2025-03-18T03:09:22Z,0,30.019,71.3,35,49.8,17,16,95,66,0.0,255,32767,0.16,2056-9-18,0.04,0.52,23.84,0.0,0.0,0.0,0,0.873046875,6,44,07:14,19:19,2025-03-18 03:09:22.086270,Marina di Stabia,31.1,6.639279,14.05905,5.7798514,10.930394,EU EEA Common AQI,73.8,6.5582366,13.21546,3600,4.811594,100,100,51.4,8.937198,Very Low,75.5,6.355935,100,1739186100,Very Low,9.633085,6.8510075,Very Low,6.062216,42.9,5.362319,100,1739186100,5.362319
2025-03-18T03:09:33Z,0,30.019,71.3,35,49.8,18,16,92,66,0.0,255,32767,0.16,2056-9-18,0.04,0.52,23.84,0.0,0.0,0.0,0,0.873046875,6,44,07:14,19:19,2025-03-18 03:09:33.188266,Marina di Stabia,31.1,6.639279,14.05905,5.7798514,10.930394,EU EEA Common AQI,73.8,6.5582366,13.21546,3600,4.811594,100,100,51.4,8.937198,Very Low,75.5,6.355935,100,1739186100,Very Low,9.633085,6.8510075,Very Low,6.062216,42.9,5.362319,100,1739186100,5.362319
2025-03-18T03:09:44Z,0,30.019,71.3,35,49.8,15,16,90,66,0.0,255,32767,0.16,2056-9-18,0.04,0.52,23.84,0.0,0.0,0.0,0,0.873046875,6,44,07:14,19:19,2025-03-18 03:09:44.272256,Marina di Stabia,31.1,6.639279,14.05905,5.7798514,10.930394,EU EEA Common AQI,73.8,6.5582366,13.21546,3600,4.811594,100,100,51.4,8.937198,Very Low,75.5,6.355935,100,1739186100,Very Low,9.633085,6.8510075,Very Low,6.062216,42.9,5.362319,100,1739186100,5.362319
2025-03-18T03:09:55Z,0,30.019,71.3,35,49.8,14,16,79,66,0.0,255,32767,0.16,2056-9-18,0.04,0.52,23.84,0.0,0.0,0.0,0,0.873046875,6,44,07:14,19:19,2025-03-18 03:09:55.358263,Marina di Stabia,31.1,6.639279,14.05905,5.7798514,10.930394,EU EEA Common AQI,73.8,6.5582366,13.21546,3600,4.811594,100,100,51.4,8.937198,Very Low,75.5,6.355935,100,1739186100,Very Low,9.633085,6.8510075,Very Low,6.062216,42.9,5.362319,100,1739186100,5.362319
2025-03-18T03:10:06Z,0,30.019,71.3,35,49.8,13,16,73,66,0.0,255,32767,0.16,2056-9-18,0.04,0.52,23.84,0.0,0.0,0.0,0,0.890625,6,44,07:14,19:19,2025-03-18 03:10:06.488222,Marina di Stabia,31.1,6.639279,14.05905,5.7798514,10.930394,EU EEA Common AQI,73.8,6.5582366,13.21546,3600,4.811594,100,100,51.4,8.937198,Very Low,75.5,6.355935,100,1739186100,Very Low,9.633085,6.8510075,Very Low,6.062216,42.9,5.362319,100,1739186100,5.362319
2025-03-18T03:10:18Z,0,30.019,71.3,35,49.7,12,16,93,66,0.0,255,32767,0.16,2056-9-18,0.04,0.52,23.84,0.0,0.0,0.0,0,0.890625,6,44,07:14,19:19,2025-03-18 03:10:17.827277,Marina di Stabia,31.1,6.639279,14.05905,5.7798514,10.930394,EU EEA Common AQI,73.8,6.5582366,13.21546,3600,4.811594,100,100,51.4,8.937198,Very Low,75.5,6.355935,100,1739186100,Very Low,9.633085,6.8510075,Very Low,6.062216,42.9,5.362319,100,1739186100,5.362319
2025-03-18T03:10:29Z,0,30.019,71.3,35,49.8,12,16,102,66,0.0,255,32767,0.16,2056-9-18,0.04,0.52,23.84,0.0,0.0,0.0,0,0.890625,6,44,07:14,19:19,2025-03-18 03:10:28.915267,Marina di Stabia,31.1,6.639279,14.05905,5.7798514,10.930394,EU EEA Common AQI,73.8,6.5582366,13.21546,3600,4.811594,100,100,51.4,8.937198,Very Low,75.5,6.355935,100,1739186100,Very Low,9.633085,6.8510075,Very Low,6.062216,42.9,5.362319,100,1739186100,5.362319
2025-03-18T03:10:40Z,0,30.019,71.3,35,49.8,10,16,86,66,0.0,255,32767,0.16,2056-9-18,0.04,0.52,23.84,0.0,0.0,0.0,0,0.890625,6,44,07:14,19:19,2025-03-18 03:10:40.027259,Marina di Stabia,31.1,6.639279,14.05905,5.7798514,10.930394,EU EEA Common AQI,73.8,6.5582366,13.21546,3600,4.811594,100,100,51.4,8.937198,Very Low,75.5,6.355935,100,1739186100,Very Low,9.633085,6.8510075,Very Low,6.062216,42.9,5.362319,100,1739186100,5.362319
2025-03-18T03:10:51Z,0,30.019,71.3,35,49.7,14,16,79,66,0.0,255,32767,0.16,2056-9-18,0.04,0.52,23.84,0.0,0.0,0.0,0,0.890625,6,44,07:14,19:19,2025-03-18 03:10:51.137222,Marina di Stabia,31.1,6.639279,14.05905,5.7798514,10.930394,EU EEA Common AQI,73.8,6.5582366,13.21546,3600,4.811594,100,100,51.4,8.937198,Very Low,75.5,6.355935,100,1739186100,Very Low,9.633085,6.8510075,Very Low,6.062216,42.9,5.362319,100,1739186100,5.362319
2025-03-18T03:11:02Z,0,30.019,71.3,35,49.8,14,15,107,66,0.0,255,32767,0.16,2056-9-18,0.04,0.52,23.84,0.0,0.0,0.0,0,0.90234375,6,44,07:14,19:19,2025-03-18 03:11:02.222264,Marina di Stabia,31.1,6.639279,14.05905,5.7798514,10.930394,EU EEA Common AQI,73.8,6.5582366,13.21546,3600,4.811594,100,100,51.4,8.937198,Very Low,75.5,6.355935,100,1739186100,Very Low,9.633085,6.8510075,Very Low,6.062216,42.9,5.362319,100,1739186100,5.362319
2025-03-18T03:11:13Z,0,30.019,71.3,35,49.8,16,15,91,66,0.0,255,32767,0.16,2056-9-18,0.04,0.52,23.84,0.0,0.0,0.0,0,0.90234375,6,44,07:14,19:19,2025-03-18 03:11:13.300258,Marina di Stabia,31.1,6.639279,14.05905,5.7798514,10.930394,EU EEA Common AQI,73.8,6.5582366,13.21546,3600,4.811594,100,100,51.4,8.937198,Very Low,75.5,6.355935,100,1739186100,Very Low,9.633085,6.8510075,Very Low,6.062216,42.9,5.362319,100,1739186100,5.362319
2025-03-18T03:11:24Z,0,30.019,71.3,35,49.7,15,15,82,66,0.0,255,32767,0.16,2056-9-18,0.04,0.52,23.84,0.0,0.0,0.0,0,0.90234375,6,44,07:14,19:19,2025-03-18 03:11:24.385258,Marina di Stabia,31.1,6.639279,14.05905,5.7798514,10.930394,EU EEA Common AQI,73.8,6.5582366,13.21546,3600,4.811594,100,100,51.4,8.937198,Very Low,75.5,6.355935,100,1739186100,Very Low,9.633085,6.8510075,Very Low,6.062216,42.9,5.362319,100,1739186100,5.362319
2025-03-18T03:11:35Z,0,30.019,71.3,35,49.7,14,15,105,66,0.0,255,32767,0.16,2056-9-18,0.04,0.52,23.84,0.0,0.0,0.0,0,0.90234375,6,44,07:14,19:19,2025-03-18 03:11:35.484281,Marina di Stabia,31.1,6.639279,14.05905,5.7798514,10.930394,EU EEA Common AQI,73.8,6.5582366,13.21546,3600,4.811594,100,100,51.4,8.937198,Very Low,75.5,6.355935,100,1739186100,Very Low,9.633085,6.8510075,Very Low,6.062216,42.9,5.362319,100,1739186100,5.362319
2025-03-18T03:11:46Z,0,30.019,71.3,35,49.7,13,15,111,66,0.0,255,32767,0.16,2056-9-18,0.04,0.52,23.84,0.0,0.0,0.0,0,0.90234375,6,44,07:14,19:19,2025-03-18 03:11:46.589260,Marina di Stabia,31.1,6.639279,14.05905,5.7798514,10.930394,EU EEA Common AQI,73.8,6.5582366,13.21546,3600,4.811594,100,100,51.4,8.937198,Very Low,75.5,6.355935,100,1739186100,Very Low,9.633085,6.8510075,Very Low,6.062216,42.9,5.362319,100,1739186100,5.362319
2025-03-18T03:11:57Z,0,30.016,71.3,35,49.7,14,15,90,66,0.0,255,32767,0.16,2056-9-18,0.04,0.52,23.84,0.0,0.0,0.0,0,1.060546875,6,44,07:14,19:19,2025-03-18 03:11:57.689301,Marina di Stabia,31.1,6.639279,14.05905,5.7798514,10.930394,EU EEA Common AQI,73.8,6.5582366,13.21546,3600,4.811594,100,100,51.4,8.937198,Very Low,75.5,6.355935,100,1739186100,Very Low,9.633085,6.8510075,Very Low,6.062216,42.9,5.362319,100,1739186100,5.362319
2025-03-18T03:12:08Z,0,30.016,71.3,35,49.7,19,15,103,66,0.0,255,32767,0.16,2056-9-18,0.04,0.52,23.84,0.0,0.0,0.0,0,1.060546875,6,44,07:14,19:19,2025-03-18 03:12:08.782264,Marina di Stabia,31.1,6.639279,14.05905,5.7798514,10.930394,EU EEA Common AQI,73.8,6.5582366,13.21546,3600,4.811594,100,100,51.4,8.937198,Very Low,75.5,6.355935,100,1739186100,Very Low,9.633085,6.8510075,Very Low,6.062216,42.9,5.362319,100,1739186100,5.362319
2025-03-18T03:12:20Z,0,30.016,71.3,35,49.7,15,15,87,66,0.0,255,32767,0.16,2056-9-18,0.04,0.52,23.84,0.0,0.0,0.0,0,1.060546875,6,44,07:14,19:19,2025-03-18 03:12:19.879277,Marina di Stabia,31.1,6.639279,14.05905,5.7798514,10.930394,EU EEA Common AQI,73.8,6.5582366,13.21546,3600,4.811594,100,100,51.4,8.937198,Very Low,75.5,6.355935,100,1739186100,Very Low,9.633085,6.8510075,Very Low,6.062216,42.9,5.362319,100,1739186100,5.362319
2025-03-18T03:12:31Z,0,30.016,71.3,35,49.7,18,15,78,66,0.0,255,32767,0.16,2056-9-18,0.04,0.52,23.84,0.0,0.0,0.0,0,1.060546875,6,44,07:14,19:19,2025-03-18 03:12:30.966263,Marina di Stabia,31.1,6.639279,14.05905,5.7798514,10.930394,EU EEA Common AQI,73.8,6.5582366,13.21546,3600,4.811594,100,100,51.4,8.937198,Very Low,75.5,6.355935,100,1739186100,Very Low,9.633085,6.8510075,Very Low,6.062216,42.9,5.362319,100,1739186100,5.362319
2025-03-18T03:12:42Z,0,30.016,71.3,35,49.7,15,15,99,66,0.0,255,32767,0.16,2056-9-18,0.04,0.52,23.84,0.0,0.0,0.0,0,1.060546875,6,44,07:14,19:19,2025-03-18 03:12:42.069263,Marina di Stabia,31.1,6.639279,14.05905,5.7798514,10.930394,EU EEA Common AQI,73.8,6.5582366,13.21546,3600,4.811594,100,100,51.4,8.937198,Very Low,75.5,6.355935,100,1739186100,Very Low,9.633085,6.8510075,Very Low,6.062216,42.9,5.362319,100,1739186100,5.362319
2025-03-18T03:12:53Z,0,30.016,71.3,35,49.7,17,15,113,66,0.0,255,32767,0.16,2056-9-18,0.04,0.52,23.84,0.0,0.0,0.0,0,1.060546875,6,44,07:14,19:19,2025-03-18 03:12:53.194285,Marina di Stabia,31.1,6.639279,14.05905,5.7798514,10.930394,EU EEA Common AQI,73.8,6.5582366,13.21546,3600,4.811594,100,100,51.4,8.937198,Very Low,75.5,6.355935,100,1739186100,Very Low,9.633085,6.8510075,Very Low,6.062216,42.9,5.362319,100,1739186100,5.362319
2025-03-18T03:13:04Z,0,30.016,71.3,35,49.7,19,15,103,66,0.0,255,32767,0.16,2056-9-18,0.04,0.52,23.84,0.0,0.0,0.0,0,0.873046875,6,44,07:14,19:19,2025-03-18 03:13:04.262262,Marina di Stabia,31.1,6.639279,14.05905,5.7798514,10.930394,EU EEA Common AQI,73.8,6.5582366,13.21546,3600,4.811594,100,100,51.4,8.937198,Very Low,75.5,6.355935,100,1739186100,Very Low,9.633085,6.8510075,Very Low,6.062216,42.9,5.362319,100,1739186100,5.362319
2025-03-18T03:13:15Z,0,30.016,71.3,35,49.7,20,15,93,66,0.0,255,32767,0.16,2056-9-18,0.04,0.52,23.84,0.0,0.0,0.0,0,0.873046875,6,44,07:14,19:19,2025-03-18 03:13:15.370264,Marina di Stabia,31.1,6.639279,14.05905,5.7798514,10.930394,EU EEA Common AQI,73.8,6.5582366,13.21546,3600,4.811594,100,100,51.4,8.937198,Very Low,75.5,6.355935,100,1739186100,Very Low,9.633085,6.8510075,Very Low,6.062216,42.9,5.362319,100,1739186100,5.362319
2025-03-18T03:13:26Z,0,30.016,71.3,35,49.7,16,15,84,66,0.0,255,32767,0.16,2056-9-18,0.04,0.52,23.84,0.0,0.0,0.0,0,0.873046875,6,44,07:14,19:19,2025-03-18 03:13:26.432261,Marina di Stabia,31.1,6.639279,14.05905,5.7798514,10.930394,EU EEA Common AQI,73.8,6.5582366,13.21546,3600,4.811594,100,100,51.4,8.937198,Very Low,75.5,6.355935,100,1739186100,Very Low,9.633085,6.8510075,Very Low,6.062216,42.9,5.362319,100,1739186100,5.362319
2025-03-18T03:13:37Z,0,30.016,71.3,35,49.7,13,15,80,66,0.0,255,32767,0.16,2056-9-18,0.04,0.52,23.84,0.0,0.0,0.0,0,0.873046875,6,44,07:14,19:19,2025-03-18 03:13:37.569266,Marina di Stabia,31.1,6.639279,14.05905,5.7798514,10.930394,EU EEA Common AQI,73.8,6.5582366,13.21546,3600,4.811594,100,100,51.4,8.937198,Very Low,75.5,6.355935,100,1739186100,Very Low,9.633085,6.8510075,Very Low,6.062216,42.9,5.362319,100,1739186100,5.362319
2025-03-18T03:13:48Z,0,30.016,71.3,35,49.7,11,15,113,66,0.0,255,32767,0.16,2056-9-18,0.04,0.52,23.84,0.0,0.0,0.0,0,0.873046875,6,44,07:14,19:19,2025-03-18 03:13:48.642289,Marina di Stabia,31.1,6.639279,14.05905,5.7798514,10.930394,EU EEA Common AQI,73.8,6.5582366,13.21546,3600,4.811594,100,100,51.4,8.937198,Very Low,75.5,6.355935,100,1739186100,Very Low,9.633085,6.8510075,Very Low,6.062216,42.9,5.362319,100,1739186100,5.362319
2025-03-18T03:13:59Z,0,30.019,71.3,35,49.7,16,15,99,66,0.0,255,32767,0.16,2056-9-18,0.04,0.52,23.84,0.0,0.0,0.0,0,1.98046875,6,44,07:14,19:19,2025-03-18 03:13:59.717259,Marina di Stabia,31.1,6.639279,14.05905,5.7798514,10.930394,EU EEA Common AQI,73.8,6.5582366,13.21546,3600,4.811594,100,100,51.4,8.937198,Very Low,75.5,6.355935,100,1739186100,Very Low,9.633085,6.8510075,Very Low,6.062216,42.9,5.362319,100,1739186100,5.362319
2025-03-18T03:14:11Z,0,30.019,71.3,35,49.7,15,15,93,66,0.0,255,32767,0.16,2056-9-18,0.04,0.52,23.84,0.0,0.0,0.0,0,1.98046875,6,44,07:14,19:19,2025-03-18 03:14:10.836263,Marina di Stabia,31.1,6.639279,14.05905,5.7798514,10.930394,EU EEA Common AQI,73.8,6.5582366,13.21546,3600,4.811594,100,100,51.4,8.937198,Very Low,75.5,6.355935,100,1739186100,Very Low,9.633085,6.8510075,Very Low,6.062216,42.9,5.362319,100,1739186100,5.362319
2025-03-18T03:14:22Z,0,30.019,71.3,35,49.8,12,15,89,66,0.0,255,32767,0.16,2056-9-18,0.04,0.52,23.84,0.0,0.0,0.0,0,1.98046875,6,44,07:14,19:19,2025-03-18 03:14:21.931283,Marina di Stabia,31.1,6.639279,14.05905,5.7798514,10.930394,EU EEA Common AQI,73.8,6.5582366,13.21546,3600,4.811594,100,100,51.4,8.937198,Very Low,75.5,6.355935,100,1739186100,Very Low,9.633085,6.8510075,Very Low,6.062216,42.9,5.362319,100,1739186100,5.362319
2025-03-18T03:14:33Z,0,30.019,71.3,35,49.8,13,15,94,66,0.0,255,32767,0.16,2056-9-18,0.04,0.52,23.84,0.0,0.0,0.0,0,1.98046875,6,44,07:14,19:19,2025-03-18 03:14:33.019254,Marina di Stabia,31.1,6.639279,14.05905,5.7798514,10.930394,EU EEA Common AQI,73.8,6.5582366,13.21546,3600,4.811594,100,100,51.4,8.937198,Very Low,75.5,6.355935,100,1739186100,Very Low,9.633085,6.8510075,Very Low,6.062216,42.9,5.362319,100,1739186100,5.362319
2025-03-18T03:14:44Z,0,30.019,71.3,35,49.8,12,15,83,66,0.0,255,32767,0.16,2056-9-18,0.04,0.52,23.84,0.0,0.0,0.0,0,1.98046875,6,44,07:14,19:19,2025-03-18 03:14:44.103255,Marina di Stabia,31.1,6.639279,14.05905,5.7798514,10.930394,EU EEA Common AQI,73.8,6.5582366,13.21546,3600,4.811594,100,100,51.4,8.937198,Very Low,75.5,6.355935,100,1739186100,Very Low,9.633085,6.8510075,Very Low,6.062216,42.9,5.362319,100,1739186100,5.362319
2025-03-18T03:14:55Z,0,30.019,71.3,35,49.7,12,15,96,66,0.0,255,32767,0.16,2056-9-18,0.04,0.52,23.84,0.0,0.0,0.0,0,1.98046875,6,44,07:14,19:19,2025-03-18 03:14:55.193277,Marina di Stabia,31.1,6.639279,14.05905,5.7798514,10.930394,EU EEA Common AQI,73.8,6.5582366,13.21546,3600,4.811594,100,100,51.4,8.937198,Very Low,75.5,6.355935,100,1739186100,Very Low,9.633085,6.8510075,Very Low,6.062216,42.9,5.362319,100,1739186100,5.362319
2025-03-18T03:15:06Z,0,30.019,71.3,35,49.7,11,15,87,66,0.0,255,32767,0.16,2056-9-18,0.04,0.52,23.84,0.0,0.0,0.0,0,0.87890625,6,44,07:14,19:19,2025-03-18 03:15:06.274261,Marina di Stabia,31.1,6.639279,14.05905,5.7798514,10.930394,EU EEA Common AQI,73.8,6.5582366,13.21546,3600,4.811594,100,100,51.4,8.937198,Very Low,75.5,6.355935,100,1739186100,Very Low,9.633085,6.8510075,Very Low,6.062216,42.9,5.362319,100,1739186100,5.362319
2025-03-18T03:15:17Z,0,30.019,71.3,35,49.7,12,15,83,66,0.0,255,32767,0.16,2056-9-18,0.04,0.52,23.84,0.0,0.0,0.0,0,0.87890625,6,44,07:14,19:19,2025-03-18 03:15:17.376256,Marina di Stabia,31.1,6.639279,14.05905,5.7798514,10.930394,EU EEA Common AQI,73.8,6.5582366,13.21546,3600,4.811594,100,100,51.4,8.937198,Very Low,75.5,6.355935,100,1739186100,Very Low,9.633085,6.8510075,Very Low,6.062216,42.9,5.362319,100,1739186100,5.362319
2025-03-18T03:15:28Z,0,30.019,71.3,35,49.7,12,15,96,66,0.0,255,32767,0.16,2056-9-18,0.04,0.52,23.84,0.0,0.0,0.0,0,0.87890625,6,44,07:14,19:19,2025-03-18 03:15:28.463258,Marina di Stabia,31.1,6.639279,14.05905,5.7798514,10.930394,EU EEA Common AQI,73.8,6.5582366,13.21546,3600,4.811594,100,100,51.4,8.937198,Very Low,75.5,6.355935,100,1739186100,Very Low,9.633085,6.8510075,Very Low,6.062216,42.9,5.362319,100,1739186100,5.362319
2025-03-18T03:15:39Z,0,30.019,71.3,35,49.7,13,15,91,66,0.0,255,32767,0.16,2056-9-18,0.04,0.52,23.84,0.0,0.0,0.0,0,0.87890625,6,44,07:14,19:19,2025-03-18 03:15:39.566278,Marina di Stabia,31.1,6.639279,14.05905,5.7798514,10.930394,EU EEA Common AQI,73.8,6.5582366,13.21546,3600,4.811594,100,100,51.4,8.937198,Very Low,75.5,6.355935,100,1739186100,Very Low,9.633085,6.8510075,Very Low,6.062216,42.9,5.362319,100,1739186100,5.362319
2025-03-18T03:15:50Z,0,30.019,71.3,35,49.7,17,15,90,66,0.0,255,32767,0.16,2056-9-18,0.04,0.52,23.84,0.0,0.0,0.0,0,0.87890625,6,44,07:14,19:19,2025-03-18 03:15:50.652261,Marina di Stabia,31.1,6.639279,14.05905,5.7798514,10.930394,EU EEA Common AQI,73.8,6.5582366,13.21546,3600,4.811594,100,100,51.4,8.937198,Very Low,75.5,6.355935,100,1739186100,Very Low,9.633085,6.8510075,Very Low,6.062216,42.9,5.362319,100,1739186100,5.362319
2025-03-18T03:16:01Z,0,30.018,71.3,35,49.7,22,15,76,66,0.0,255,32767,0.16,2056-9-18,0.04,0.52,23.84,0.0,0.0,0.0,0,0.9609375,6,44,07:14,19:19,2025-03-18 03:16:01.743268,Marina di Stabia,31.1,6.639279,14.05905,5.7798514,10.930394,EU EEA Common AQI,73.8,6.5582366,13.21546,3600,4.811594,100,100,51.4,8.937198,Very Low,75.5,6.355935,100,1739186100,Very Low,9.633085,6.8510075,Very Low,6.062216,42.9,5.362319,100,1739186100,5.362319
2025-03-18T03:16:13Z,0,30.018,71.3,35,49.7,17,15,92,66,0.0,255,32767,0.16,2056-9-18,0.04,0.52,23.84,0.0,0.0,0.0,0,0.9609375,6,44,07:14,19:19,2025-03-18 03:16:12.824259,Marina di Stabia,31.1,6.639279,14.05905,5.7798514,10.930394,EU EEA Common AQI,73.8,6.5582366,13.21546,3600,4.811594,100,100,51.4,8.937198,Very Low,75.5,6.355935,100,1739186100,Very Low,9.633085,6.8510075,Very Low,6.062216,42.9,5.362319,100,1739186100,5.362319
2025-03-18T03:16:24Z,0,30.018,71.3,35,49.7,14,15,102,66,0.0,255,32767,0.16,2056-9-18,0.04,0.52,23.84,0.0,0.0,0.0,0,0.9609375,6,44,07:14,19:19,2025-03-18 03:16:23.933270,Marina di Stabia,31.1,6.639279,14.05905,5.7798514,10.930394,EU EEA Common AQI,73.8,6.5582366,13.21546,3600,4.811594,100,100,51.4,8.937198,Very Low,75.5,6.355935,100,1739186100,Very Low,9.633085,6.8510075,Very Low,6.062216,42.9,5.362319,100,1739186100,5.362319
2025-03-18T03:16:35Z,0,30.018,71.3,35,49.7,13,15,106,66,0.0,255,32767,0.16,2056-9-18,0.04,0.52,23.84,0.0,0.0,0.0,0,0.9609375,6,44,07:14,19:19,2025-03-18 03:16:35.035257,Marina di Stabia,31.1,6.639279,14.05905,5.7798514,10.930394,EU EEA Common AQI,73.8,6.5582366,13.21546,3600,4.811594,100,100,51.4,8.937198,Very Low,75.5,6.355935,100,1739186100,Very Low,9.633085,6.8510075,Very Low,6.062216,42.9,5.362319,100,1739186100,5.362319
2025-03-18T03:16:46Z,0,30.018,71.3,35,49.7,12,15,80,66,0.0,255,32767,0.16,2056-9-18,0.04,0.52,23.84,0.0,0.0,0.0,0,0.9609375,6,44,07:14,19:19,2025-03-18 03:16:46.129260,Marina di Stabia,31.1,6.639279,14.05905,5.7798514,10.930394,EU EEA Common AQI,73.8,6.5582366,13.21546,3600,4.811594,100,100,51.4,8.937198,Very Low,75.5,6.355935,100,1739186100,Very Low,9.633085,6.8510075,Very Low,6.062216,42.9,5.362319,100,1739186100,5.362319
2025-03-18T03:16:57Z,0,30.018,71.3,35,49.7,5,14,75,66,0.0,255,32767,0.16,2056-9-18,0.04,0.52,23.84,0.0,0.0,0.0,0,0.931640625,6,44,07:14,19:19,2025-03-18 03:16:57.414233,Marina di Stabia,31.1,6.639279,14.05905,5.7798514,10.930394,EU EEA Common AQI,73.8,6.5582366,13.21546,3600,4.811594,100,100,51.4,8.937198,Very Low,75.5,6.355935,100,1739186100,Very Low,9.633085,6.8510075,Very Low,6.062216,42.9,5.362319,100,1739186100,5.362319
2025-03-18T03:17:08Z,0,30.019,71.3,35,49.7,12,14,97,66,0.0,255,32767,0.16,2056-9-18,0.04,0.52,23.84,0.0,0.0,0.0,0,0.931640625,6,44,07:14,19:19,2025-03-18 03:17:08.487262,Marina di Stabia,31.1,6.639279,14.05905,5.7798514,10.930394,EU EEA Common AQI,73.8,6.5582366,13.21546,3600,4.811594,100,100,51.4,8.937198,Very Low,75.5,6.355935,100,1739186100,Very Low,9.633085,6.8510075,Very Low,6.062216,42.9,5.362319,100,1739186100,5.362319
2025-03-18T03:17:19Z,0,30.019,71.3,35,49.7,16,14,80,66,0.0,255,32767,0.16,2056-9-18,0.04,0.52,23.84,0.0,0.0,0.0,0,0.931640625,6,44,07:14,19:19,2025-03-18 03:17:19.591259,Marina di Stabia,31.1,6.639279,14.05905,5.7798514,10.930394,EU EEA Common AQI,73.8,6.5582366,13.21546,3600,4.811594,100,100,51.4,8.937198,Very Low,75.5,6.355935,100,1739186100,Very Low,9.633085,6.8510075,Very Low,6.062216,42.9,5.362319,100,1739186100,5.362319
2025-03-18T03:17:30Z,0,30.019,71.3,35,49.8,14,14,105,66,0.0,255,32767,0.16,2056-9-18,0.04,0.52,23.84,0.0,0.0,0.0,0,0.931640625,6,44,07:14,19:19,2025-03-18 03:17:30.682270,Marina di Stabia,31.1,6.639279,14.05905,5.7798514,10.930394,EU EEA Common AQI,73.8,6.5582366,13.21546,3600,4.811594,100,100,51.4,8.937198,Very Low,75.5,6.355935,100,1739186100,Very Low,9.633085,6.8510075,Very Low,6.062216,42.9,5.362319,100,1739186100,5.362319
2025-03-18T03:17:41Z,0,30.019,71.3,35,49.7,16,14,89,66,0.0,255,32767,0.16,2056-9-18,0.04,0.52,23.84,0.0,0.0,0.0,0,0.931640625,6,44,07:14,19:19,2025-03-18 03:17:41.764282,Marina di Stabia,31.1,6.639279,14.05905,5.7798514,10.930394,EU EEA Common AQI,73.8,6.5582366,13.21546,3600,4.811594,100,100,51.4,8.937198,Very Low,75.5,6.355935,100,1739186100,Very Low,9.633085,6.8510075,Very Low,6.062216,42.9,5.362319,100,1739186100,5.362319
2025-03-18T03:17:53Z,0,30.019,71.3,35,49.7,18,14,92,66,0.0,255,32767,0.16,2056-9-18,0.04,0.52,23.84,0.0,0.0,0.0,0,0.931640625,6,44,07:14,19:19,2025-03-18 03:17:52.870263,Marina di Stabia,31.1,6.639279,14.05905,5.7798514,10.930394,EU EEA Common AQI,73.8,6.5582366,13.21546,3600,4.811594,100,100,51.4,8.937198,Very Low,75.5,6.355935,100,1739186100,Very Low,9.633085,6.8510075,Very Low,6.062216,42.9,5.362319,100,1739186100,5.362319
2025-03-18T03:18:04Z,0,30.017,71.3,35,49.7,15,14,97,66,0.0,255,32767,0.16,2056-9-18,0.04,0.52,23.84,0.0,0.0,0.0,0,0.873046875,6,44,07:14,19:19,2025-03-18 03:18:03.954264,Marina di Stabia,31.1,6.639279,14.05905,5.7798514,10.930394,EU EEA Common AQI,73.8,6.5582366,13.21546,3600,4.811594,100,100,51.4,8.937198,Very Low,75.5,6.355935,100,1739186100,Very Low,9.633085,6.8510075,Very Low,6.062216,42.9,5.362319,100,1739186100,5.362319
2025-03-18T03:18:15Z,0,30.017,71.3,35,49.7,12,14,79,66,0.0,255,32767,0.16,2056-9-18,0.04,0.52,23.84,0.0,0.0,0.0,0,0.873046875,6,44,07:14,19:19,2025-03-18 03:18:15.040263,Marina di Stabia,31.1,6.639279,14.05905,5.7798514,10.930394,EU EEA Common AQI,73.8,6.5582366,13.21546,3600,4.811594,100,100,51.4,8.937198,Very Low,75.5,6.355935,100,1739186100,Very Low,9.633085,6.8510075,Very Low,6.062216,42.9,5.362319,100,1739186100,5.362319
2025-03-18T03:18:26Z,0,30.017,71.3,35,49.7,9,14,144,66,0.0,255,32767,0.16,2056-9-18,0.04,0.52,23.84,0.0,0.0,0.0,0,0.873046875,6,44,07:14,19:19,2025-03-18 03:18:26.155269,Marina di Stabia,31.1,6.639279,14.05905,5.7798514,10.930394,EU EEA Common AQI,73.8,6.5582366,13.21546,3600,4.811594,100,100,51.4,8.937198,Very Low,75.5,6.355935,100,1739186100,Very Low,9.633085,6.8510075,Very Low,6.062216,42.9,5.362319,100,1739186100,5.362319
2025-03-18T03:18:37Z,0,30.017,71.3,35,49.7,10,14,153,66,0.0,255,32767,0.16,2056-9-18,0.04,0.52,23.84,0.0,0.0,0.0,0,0.873046875,6,44,07:14,19:19,2025-03-18 03:18:37.225285,Marina di Stabia,31.1,6.639279,14.05905,5.7798514,10.930394,EU EEA Common AQI,73.8,6.5582366,13.21546,3600,4.811594,100,100,51.4,8.937198,Very Low,75.5,6.355935,100,1739186100,Very Low,9.633085,6.8510075,Very Low,6.062216,42.9,5.362319,100,1739186100,5.362319
2025-03-18T03:18:48Z,0,30.017,71.3,35,49.6,12,14,148,66,0.0,255,32767,0.16,2056-9-18,0.04,0.52,23.84,0.0,0.0,0.0,0,0.873046875,6,44,07:14,19:19,2025-03-18 03:18:48.298260,Marina di Stabia,31.1,6.639279,14.05905,5.7798514,10.930394,EU EEA Common AQI,73.8,6.5582366,13.21546,3600,4.811594,100,100,51.4,8.937198,Very Low,75.5,6.355935,100,1739186100,Very Low,9.633085,6.8510075,Very Low,6.062216,42.9,5.362319,100,1739186100,5.362319
2025-03-18T03:18:59Z,0,30.02,71.2,35,49.7,9,14,96,66,0.0,255,32767,0.16,2056-9-18,0.04,0.52,23.84,0.0,0.0,0.0,0,1.32421875,6,44,07:14,19:19,2025-03-18 03:18:59.398255,Marina di Stabia,31.1,6.639279,14.05905,5.7798514,10.930394,EU EEA Common AQI,73.8,6.5582366,13.21546,3600,4.811594,100,100,51.4,8.937198,Very Low,75.5,6.355935,100,1739186100,Very Low,9.633085,6.8510075,Very Low,6.062216,42.9,5.362319,100,1739186100,5.362319
2025-03-18T03:19:10Z,0,30.02,71.2,35,49.7,13,14,91,66,0.0,255,32767,0.16,2056-9-18,0.04,0.52,23.84,0.0,0.0,0.0,0,1.32421875,6,44,07:14,19:19,2025-03-18 03:19:10.503327,Marina di Stabia,31.1,6.639279,14.05905,5.7798514,10.930394,EU EEA Common AQI,73.8,6.5582366,13.21546,3600,4.811594,100,100,51.4,8.937198,Very Low,75.5,6.355935,100,1739186100,Very Low,9.633085,6.8510075,Very Low,6.062216,42.9,5.362319,100,1739186100,5.362319
2025-03-18T03:19:21Z,0,30.02,71.2,35,49.7,13,14,98,66,0.0,255,32767,0.16,2056-9-18,0.04,0.52,23.84,0.0,0.0,0.0,0,1.32421875,6,44,07:14,19:19,2025-03-18 03:19:21.579266,Marina di Stabia,31.1,6.639279,14.05905,5.7798514,10.930394,EU EEA Common AQI,73.8,6.5582366,13.21546,3600,4.811594,100,100,51.4,8.937198,Very Low,75.5,6.355935,100,1739186100,Very Low,9.633085,6.8510075,Very Low,6.062216,42.9,5.362319,100,1739186100,5.362319
2025-03-18T03:19:32Z,0,30.02,71.2,35,49.7,17,14,84,66,0.0,255,32767,0.16,2056-9-18,0.04,0.52,23.84,0.0,0.0,0.0,0,1.32421875,6,44,07:14,19:19,2025-03-18 03:19:32.686262,Marina di Stabia,31.1,6.639279,14.05905,5.7798514,10.930394,EU EEA Common AQI,73.8,6.5582366,13.21546,3600,4.811594,100,100,51.4,8.937198,Very Low,75.5,6.355935,100,1739186100,Very Low,9.633085,6.8510075,Very Low,6.062216,42.9,5.362319,100,1739186100,5.362319
2025-03-18T03:19:43Z,0,30.02,71.2,35,49.7,14,14,92,66,0.0,255,32767,0.16,2056-9-18,0.04,0.52,23.84,0.0,0.0,0.0,0,1.32421875,6,44,07:14,19:19,2025-03-18 03:19:43.777257,Marina di Stabia,31.1,6.639279,14.05905,5.7798514,10.930394,EU EEA Common AQI,73.8,6.5582366,13.21546,3600,4.811594,100,100,51.4,8.937198,Very Low,75.5,6.355935,100,1739186100,Very Low,9.633085,6.8510075,Very Low,6.062216,42.9,5.362319,100,1739186100,5.362319
2025-03-18T03:19:55Z,0,30.02,71.2,35,49.6,18,14,86,66,0.0,255,32767,0.16,2056-9-18,0.04,0.52,23.84,0.0,0.0,0.0,0,1.32421875,6,44,07:14,19:19,2025-03-18 03:19:54.857259,Marina di Stabia,31.1,6.639279,14.05905,5.7798514,10.930394,EU EEA Common AQI,73.8,6.5582366,13.21546,3600,4.811594,100,100,51.4,8.937198,Very Low,75.5,6.355935,100,1739186100,Very Low,9.633085,6.8510075,Very Low,6.062216,42.9,5.362319,100,1739186100,5.362319
2025-03-18T03:20:06Z,0,30.017,71.2,35,49.6,16,14,82,66,0.0,255,32767,0.16,2056-9-18,0.04,0.52,23.84,0.0,0.0,0.0,0,0.873046875,6,44,07:14,19:19,2025-03-18 03:20:05.946292,Marina di Stabia,31.1,6.639279,14.05905,5.7798514,10.930394,EU EEA Common AQI,73.8,6.5582366,13.21546,3600,4.811594,100,100,51.4,8.937198,Very Low,75.5,6.355935,100,1739186100,Very Low,9.633085,6.8510075,Very Low,6.062216,42.9,5.362319,100,1739186100,5.362319
2025-03-18T03:20:17Z,0,30.017,71.2,35,49.6,24,14,98,66,0.0,255,32767,0.16,2056-9-18,0.04,0.52,23.84,0.0,0.0,0.0,0,0.873046875,6,44,07:14,19:19,2025-03-18 03:20:17.031263,Marina di Stabia,31.1,6.639279,14.05905,5.7798514,10.930394,EU EEA Common AQI,73.8,6.5582366,13.21546,3600,4.811594,100,100,51.4,8.937198,Very Low,75.5,6.355935,100,1739186100,Very Low,9.633085,6.8510075,Very Low,6.062216,42.9,5.362319,100,1739186100,5.362319
2025-03-18T03:20:28Z,0,30.017,71.2,35,49.6,21,14,88,66,0.0,255,32767,0.16,2056-9-18,0.04,0.52,23.84,0.0,0.0,0.0,0,0.873046875,6,44,07:14,19:19,2025-03-18 03:20:28.132258,Marina di Stabia,31.1,6.639279,14.05905,5.7798514,10.930394,EU EEA Common AQI,73.8,6.5582366,13.21546,3600,4.811594,100,100,51.4,8.937198,Very Low,75.5,6.355935,100,1739186100,Very Low,9.633085,6.8510075,Very Low,6.062216,42.9,5.362319,100,1739186100,5.362319
2025-03-18T03:20:39Z,0,30.017,71.2,35,49.7,21,14,86,66,0.0,255,32767,0.16,2056-9-18,0.04,0.52,23.84,0.0,0.0,0.0,0,0.873046875,6,44,07:14,19:19,2025-03-18 03:20:39.242249,Marina di Stabia,31.1,6.639279,14.05905,5.7798514,10.930394,EU EEA Common AQI,73.8,6.5582366,13.21546,3600,4.811594,100,100,51.4,8.937198,Very Low,75.5,6.355935,100,1739186100,Very Low,9.633085,6.8510075,Very Low,6.062216,42.9,5.362319,100,1739186100,5.362319
2025-03-18T03:20:50Z,0,30.017,71.2,35,49.7,14,14,94,66,0.0,255,32767,0.16,2056-9-18,0.04,0.52,23.84,0.0,0.0,0.0,0,0.873046875,6,44,07:14,19:19,2025-03-18 03:20:50.317257,Marina di Stabia,31.1,6.639279,14.05905,5.7798514,10.930394,EU EEA Common AQI,73.8,6.5582366,13.21546,3600,4.811594,100,100,51.4,8.937198,Very Low,75.5,6.355935,100,1739186100,Very Low,9.633085,6.8510075,Very Low,6.062216,42.9,5.362319,100,1739186100,5.362319
2025-03-18T03:21:01Z,0,30.017,71.2,35,49.7,17,14,98,66,0.0,255,32767,0.16,2056-9-18,0.04,0.52,23.84,0.0,0.0,0.0,0,0.90234375,6,44,07:14,19:19,2025-03-18 03:21:01.433263,Marina di Stabia,31.1,6.639279,14.05905,5.7798514,10.930394,EU EEA Common AQI,73.8,6.5582366,13.21546,3600,4.811594,100,100,51.4,8.937198,Very Low,75.5,6.355935,100,1739186100,Very Low,9.633085,6.8510075,Very Low,6.062216,42.9,5.362319,100,1739186100,5.362319
2025-03-18T03:21:12Z,0,30.017,71.2,35,49.7,28,14,88,66,0.0,255,32767,0.16,2056-9-18,0.04,0.52,23.84,0.0,0.0,0.0,0,0.90234375,6,44,07:14,19:19,2025-03-18 03:21:12.513256,Marina di Stabia,31.1,6.639279,14.05905,5.7798514,10.930394,EU EEA Common AQI,73.8,6.5582366,13.21546,3600,4.811594,100,100,51.4,8.937198,Very Low,75.5,6.355935,100,1739186100,Very Low,9.633085,6.8510075,Very Low,6.062216,42.9,5.362319,100,1739186100,5.362319
2025-03-18T03:21:23Z,0,30.017,71.2,35,49.7,25,14,91,66,0.0,255,32767,0.16,2056-9-18,0.04,0.52,23.84,0.0,0.0,0.0,0,0.90234375,6,44,07:14,19:19,2025-03-18 03:21:23.608275,Marina di Stabia,31.1,6.639279,14.05905,5.7798514,10.930394,EU EEA Common AQI,73.8,6.5582366,13.21546,3600,4.811594,100,100,51.4,8.937198,Very Low,75.5,6.355935,100,1739186100,Very Low,9.633085,6.8510075,Very Low,6.062216,42.9,5.362319,100,1739186100,5.362319
2025-03-18T03:21:34Z,0,30.017,71.2,35,49.7,17,14,94,65,0.0,255,32767,0.16,2056-9-18,0.04,0.52,23.84,0.0,0.0,0.0,0,0.90234375,6,44,07:14,19:19,2025-03-18 03:21:34.734230,Marina di Stabia,31.1,6.639279,14.05905,5.7798514,10.930394,EU EEA Common AQI,73.8,6.5582366,13.21546,3600,4.811594,100,100,51.4,8.937198,Very Low,75.5,6.355935,100,1739186100,Very Low,9.633085,6.8510075,Very Low,6.062216,42.9,5.362319,100,1739186100,5.362319
2025-03-18T03:21:46Z,0,30.017,71.2,35,49.8,23,14,84,65,0.0,255,32767,0.16,2056-9-18,0.04,0.52,23.84,0.0,0.0,0.0,0,0.90234375,6,44,07:14,19:19,2025-03-18 03:21:45.864258,Marina di Stabia,31.1,6.639279,14.05905,5.7798514,10.930394,EU EEA Common AQI,73.8,6.5582366,13.21546,3600,4.811594,100,100,51.4,8.937198,Very Low,75.5,6.355935,100,1739186100,Very Low,9.633085,6.8510075,Very Low,6.062216,42.9,5.362319,100,1739186100,5.362319
2025-03-18T03:21:57Z,0,30.017,71.2,35,49.8,21,14,91,65,0.0,255,32767,0.16,2056-9-18,0.04,0.52,23.84,0.0,0.0,0.0,0,0.90234375,6,44,07:14,19:19,2025-03-18 03:21:56.946275,Marina di Stabia,31.1,6.639279,14.05905,5.7798514,10.930394,EU EEA Common AQI,73.8,6.5582366,13.21546,3600,4.811594,100,100,51.4,8.937198,Very Low,75.5,6.355935,100,1739186100,Very Low,9.633085,6.8510075,Very Low,6.062216,42.9,5.362319,100,1739186100,5.362319
2025-03-18T03:22:08Z,0,30.02,71.2,35,49.9,18,15,84,65,0.0,255,32767,0.16,2056-9-18,0.04,0.52,23.84,0.0,0.0,0.0,0,0.9375,6,44,07:14,19:19,2025-03-18 03:22:08.031253,Marina di Stabia,31.1,6.639279,14.05905,5.7798514,10.930394,EU EEA Common AQI,73.8,6.5582366,13.21546,3600,4.811594,100,100,51.4,8.937198,Very Low,75.5,6.355935,100,1739186100,Very Low,9.633085,6.8510075,Very Low,6.062216,42.9,5.362319,100,1739186100,5.362319
2025-03-18T03:22:19Z,0,30.02,71.2,35,49.9,15,15,96,65,0.0,255,32767,0.16,2056-9-18,0.04,0.52,23.84,0.0,0.0,0.0,0,0.9375,6,44,07:14,19:19,2025-03-18 03:22:19.138256,Marina di Stabia,31.1,6.639279,14.05905,5.7798514,10.930394,EU EEA Common AQI,73.8,6.5582366,13.21546,3600,4.811594,100,100,51.4,8.937198,Very Low,75.5,6.355935,100,1739186100,Very Low,9.633085,6.8510075,Very Low,6.062216,42.9,5.362319,100,1739186100,5.362319
2025-03-18T03:22:30Z,0,30.02,71.2,35,49.8,18,15,72,65,0.0,255,32767,0.16,2056-9-18,0.04,0.52,23.84,0.0,0.0,0.0,0,0.9375,6,44,07:14,19:19,2025-03-18 03:22:30.235271,Marina di Stabia,31.1,6.639279,14.05905,5.7798514,10.930394,EU EEA Common AQI,73.8,6.5582366,13.21546,3600,4.811594,100,100,51.4,8.937198,Very Low,75.5,6.355935,100,1739186100,Very Low,9.633085,6.8510075,Very Low,6.062216,42.9,5.362319,100,1739186100,5.362319
2025-03-18T03:22:41Z,0,30.02,71.2,35,49.9,16,15,83,65,0.0,255,32767,0.16,2056-9-18,0.04,0.52,23.84,0.0,0.0,0.0,0,0.9375,6,44,07:14,19:19,2025-03-18 03:22:41.316254,Marina di Stabia,31.1,6.639279,14.05905,5.7798514,10.930394,EU EEA Common AQI,73.8,6.5582366,13.21546,3600,4.811594,100,100,51.4,8.937198,Very Low,75.5,6.355935,100,1739186100,Very Low,9.633085,6.8510075,Very Low,6.062216,42.9,5.362319,100,1739186100,5.362319
2025-03-18T03:22:52Z,0,30.02,71.2,35,49.9,15,15,84,65,0.0,255,32767,0.16,2056-9-18,0.04,0.52,23.84,0.0,0.0,0.0,0,0.9375,6,44,07:14,19:19,2025-03-18 03:22:52.396269,Marina di Stabia,31.1,6.639279,14.05905,5.7798514,10.930394,EU EEA Common AQI,73.8,6.5582366,13.21546,3600,4.811594,100,100,51.4,8.937198,Very Low,75.5,6.355935,100,1739186100,Very Low,9.633085,6.8510075,Very Low,6.062216,42.9,5.362319,100,1739186100,5.362319
2025-03-18T03:23:03Z,0,30.017,71.2,35,49.9,19,16,84,65,0.0,255,32767,0.16,2056-9-18,0.04,0.52,23.84,0.0,0.0,0.0,0,0.873046875,6,44,07:14,19:19,2025-03-18 03:23:03.473258,Marina di Stabia,31.1,6.639279,14.05905,5.7798514,10.930394,EU EEA Common AQI,73.8,6.5582366,13.21546,3600,4.811594,100,100,51.4,8.937198,Very Low,75.5,6.355935,100,1739186100,Very Low,9.633085,6.8510075,Very Low,6.062216,42.9,5.362319,100,1739186100,5.362319
2025-03-18T03:23:14Z,0,30.017,71.2,35,49.9,14,16,82,65,0.0,255,32767,0.16,2056-9-18,0.04,0.52,23.84,0.0,0.0,0.0,0,0.873046875,6,44,07:14,19:19,2025-03-18 03:23:14.553255,Marina di Stabia,31.1,6.639279,14.05905,5.7798514,10.930394,EU EEA Common AQI,73.8,6.5582366,13.21546,3600,4.811594,100,100,51.4,8.937198,Very Low,75.5,6.355935,100,1739186100,Very Low,9.633085,6.8510075,Very Low,6.062216,42.9,5.362319,100,1739186100,5.362319
2025-03-18T03:23:25Z,0,30.017,71.2,35,49.9,10,16,132,65,0.0,255,32767,0.16,2056-9-18,0.04,0.52,23.84,0.0,0.0,0.0,0,0.873046875,6,44,07:14,19:19,2025-03-18 03:23:25.676264,Marina di Stabia,31.1,6.639279,14.05905,5.7798514,10.930394,EU EEA Common AQI,73.8,6.5582366,13.21546,3600,4.811594,100,100,51.4,8.937198,Very Low,75.5,6.355935,100,1739186100,Very Low,9.633085,6.8510075,Very Low,6.062216,42.9,5.362319,100,1739186100,5.362319
2025-03-18T03:23:36Z,0,30.017,71.2,35,49.9,24,16,113,65,0.0,255,32767,0.16,2056-9-18,0.04,0.52,23.84,0.0,0.0,0.0,0,0.873046875,6,44,07:14,19:19,2025-03-18 03:23:36.766263,Marina di Stabia,31.1,6.639279,14.05905,5.7798514,10.930394,EU EEA Common AQI,73.8,6.5582366,13.21546,3600,4.811594,100,100,51.4,8.937198,Very Low,75.5,6.355935,100,1739186100,Very Low,9.633085,6.8510075,Very Low,6.062216,42.9,5.362319,100,1739186100,5.362319
2025-03-18T03:23:48Z,0,30.017,71.2,35,49.9,15,16,99,65,0.0,255,32767,0.16,2056-9-18,0.04,0.52,23.84,0.0,0.0,0.0,0,0.873046875,6,44,07:14,19:19,2025-03-18 03:23:47.843256,Marina di Stabia,31.1,6.639279,14.05905,5.7798514,10.930394,EU EEA Common AQI,73.8,6.5582366,13.21546,3600,4.811594,100,100,51.4,8.937198,Very Low,75.5,6.355935,100,1739186100,Very Low,9.633085,6.8510075,Very Low,6.062216,42.9,5.362319,100,1739186100,5.362319
2025-03-18T03:23:59Z,0,30.014,71.2,35,49.9,16,15,93,65,0.0,255,32767,0.16,2056-9-18,0.04,0.52,23.84,0.0,0.0,0.0,0,1.048828125,6,44,07:14,19:19,2025-03-18 03:23:58.935261,Marina di Stabia,31.1,6.639279,14.05905,5.7798514,10.930394,EU EEA Common AQI,73.8,6.5582366,13.21546,3600,4.811594,100,100,51.4,8.937198,Very Low,75.5,6.355935,100,1739186100,Very Low,9.633085,6.8510075,Very Low,6.062216,42.9,5.362319,100,1739186100,5.362319
2025-03-18T03:24:10Z,0,30.014,71.2,35,49.8,13,15,103,65,0.0,255,32767,0.16,2056-9-18,0.04,0.52,23.84,0.0,0.0,0.0,0,1.048828125,6,44,07:14,19:19,2025-03-18 03:24:10.062263,Marina di Stabia,31.1,6.639279,14.05905,5.7798514,10.930394,EU EEA Common AQI,73.8,6.5582366,13.21546,3600,4.811594,100,100,51.4,8.937198,Very Low,75.5,6.355935,100,1739186100,Very Low,9.633085,6.8510075,Very Low,6.062216,42.9,5.362319,100,1739186100,5.362319
2025-03-18T03:24:21Z,0,30.014,71.2,35,49.8,16,15,76,65,0.0,255,32767,0.16,2056-9-18,0.04,0.52,23.84,0.0,0.0,0.0,0,1.048828125,6,44,07:14,19:19,2025-03-18 03:24:21.135261,Marina di Stabia,31.1,6.639279,14.05905,5.7798514,10.930394,EU EEA Common AQI,73.8,6.5582366,13.21546,3600,4.811594,100,100,51.4,8.937198,Very Low,75.5,6.355935,100,1739186100,Very Low,9.633085,6.8510075,Very Low,6.062216,42.9,5.362319,100,1739186100,5.362319
2025-03-18T03:24:32Z,0,30.014,71.2,35,49.8,18,15,92,65,0.0,255,32767,0.16,2056-9-18,0.04,0.52,23.84,0.0,0.0,0.0,0,1.048828125,6,44,07:14,19:19,2025-03-18 03:24:32.234271,Marina di Stabia,31.1,6.639279,14.05905,5.7798514,10.930394,EU EEA Common AQI,73.8,6.5582366,13.21546,3600,4.811594,100,100,51.4,8.937198,Very Low,75.5,6.355935,100,1739186100,Very Low,9.633085,6.8510075,Very Low,6.062216,42.9,5.362319,100,1739186100,5.362319
2025-03-18T03:24:43Z,0,30.014,71.2,35,49.9,17,15,89,65,0.0,255,32767,0.16,2056-9-18,0.04,0.52,23.84,0.0,0.0,0.0,0,1.048828125,6,44,07:14,19:19,2025-03-18 03:24:43.321274,Marina di Stabia,31.1,6.639279,14.05905,5.7798514,10.930394,EU EEA Common AQI,73.8,6.5582366,13.21546,3600,4.811594,100,100,51.4,8.937198,Very Low,75.5,6.355935,100,1739186100,Very Low,9.633085,6.8510075,Very Low,6.062216,42.9,5.362319,100,1739186100,5.362319
2025-03-18T03:24:54Z,0,30.014,71.2,35,49.9,14,15,84,65,0.0,255,32767,0.16,2056-9-18,0.04,0.52,23.84,0.0,0.0,0.0,0,1.048828125,6,44,07:14,19:19,2025-03-18 03:24:54.414223,Marina di Stabia,31.1,6.639279,14.05905,5.7798514,10.930394,EU EEA Common AQI,73.8,6.5582366,13.21546,3600,4.811594,100,100,51.4,8.937198,Very Low,75.5,6.355935,100,1739186100,Very Low,9.633085,6.8510075,Very Low,6.062216,42.9,5.362319,100,1739186100,5.362319
2025-03-18T03:25:05Z,0,30.016,71.2,35,49.9,16,16,86,65,0.0,255,32767,0.16,2056-9-18,0.04,0.52,23.84,0.0,0.0,0.0,0,0.873046875,6,44,07:14,19:19,2025-03-18 03:25:05.513287,Marina di Stabia,31.1,6.639279,14.05905,5.7798514,10.930394,EU EEA Common AQI,73.8,6.5582366,13.21546,3600,4.811594,100,100,51.4,8.937198,Very Low,75.5,6.355935,100,1739186100,Very Low,9.633085,6.8510075,Very Low,6.062216,42.9,5.362319,100,1739186100,5.362319
2025-03-18T03:25:16Z,0,30.016,71.2,35,49.9,11,16,70,65,0.0,255,32767,0.16,2056-9-18,0.04,0.52,23.84,0.0,0.0,0.0,0,0.873046875,6,44,07:14,19:19,2025-03-18 03:25:16.609293,Marina di Stabia,31.1,6.639279,14.05905,5.7798514,10.930394,EU EEA Common AQI,73.8,6.5582366,13.21546,3600,4.811594,100,100,51.4,8.937198,Very Low,75.5,6.355935,100,1739186100,Very Low,9.633085,6.8510075,Very Low,6.062216,42.9,5.362319,100,1739186100,5.362319
2025-03-18T03:25:27Z,0,30.016,71.2,35,49.8,14,16,101,65,0.0,255,32767,0.16,2056-9-18,0.04,0.52,23.84,0.0,0.0,0.0,0,0.873046875,6,44,07:14,19:19,2025-03-18 03:25:27.722264,Marina di Stabia,31.1,6.639279,14.05905,5.7798514,10.930394,EU EEA Common AQI,73.8,6.5582366,13.21546,3600,4.811594,100,100,51.4,8.937198,Very Low,75.5,6.355935,100,1739186100,Very Low,9.633085,6.8510075,Very Low,6.062216,42.9,5.362319,100,1739186100,5.362319
2025-03-18T03:25:39Z,0,30.016,71.2,35,49.9,15,16,88,65,0.0,255,32767,0.16,2056-9-18,0.04,0.52,23.84,0.0,0.0,0.0,0,0.873046875,6,44,07:14,19:19,2025-03-18 03:25:38.806262,Marina di Stabia,31.1,6.639279,14.05905,5.7798514,10.930394,EU EEA Common AQI,73.8,6.5582366,13.21546,3600,4.811594,100,100,51.4,8.937198,Very Low,75.5,6.355935,100,1739186100,Very Low,9.633085,6.8510075,Very Low,6.062216,42.9,5.362319,100,1739186100,5.362319
2025-03-18T03:25:50Z,0,30.016,71.2,35,49.9,16,16,72,65,0.0,255,32767,0.16,2056-9-18,0.04,0.52,23.84,0.0,0.0,0.0,0,0.873046875,6,44,07:14,19:19,2025-03-18 03:25:49.912259,Marina di Stabia,31.1,6.639279,14.05905,5.7798514,10.930394,EU EEA Common AQI,73.8,6.5582366,13.21546,3600,4.811594,100,100,51.4,8.937198,Very Low,75.5,6.355935,100,1739186100,Very Low,9.633085,6.8510075,Very Low,6.062216,42.9,5.362319,100,1739186100,5.362319
2025-03-18T03:26:01Z,0,30.017,71.2,35,49.9,17,16,98,65,0.0,255,32767,0.16,2056-9-18,0.04,0.52,23.84,0.0,0.0,0.0,0,2.150390625,6,44,07:14,19:19,2025-03-18 03:26:00.980261,Marina di Stabia,31.1,6.639279,14.05905,5.7798514,10.930394,EU EEA Common AQI,73.8,6.5582366,13.21546,3600,4.811594,100,100,51.4,8.937198,Very Low,75.5,6.355935,100,1739186100,Very Low,9.633085,6.8510075,Very Low,6.062216,42.9,5.362319,100,1739186100,5.362319
2025-03-18T03:26:12Z,0,30.017,71.2,35,49.8,16,16,78,65,0.0,255,32767,0.16,2056-9-18,0.04,0.52,23.84,0.0,0.0,0.0,0,2.150390625,6,44,07:14,19:19,2025-03-18 03:26:12.055264,Marina di Stabia,31.1,6.639279,14.05905,5.7798514,10.930394,EU EEA Common AQI,73.8,6.5582366,13.21546,3600,4.811594,100,100,51.4,8.937198,Very Low,75.5,6.355935,100,1739186100,Very Low,9.633085,6.8510075,Very Low,6.062216,42.9,5.362319,100,1739186100,5.362319
2025-03-18T03:26:23Z,0,30.017,71.2,35,49.8,12,16,80,65,0.0,255,32767,0.16,2056-9-18,0.04,0.52,23.84,0.0,0.0,0.0,0,2.150390625,6,44,07:14,19:19,2025-03-18 03:26:23.143253,Marina di Stabia,31.1,6.639279,14.05905,5.7798514,10.930394,EU EEA Common AQI,73.8,6.5582366,13.21546,3600,4.811594,100,100,51.4,8.937198,Very Low,75.5,6.355935,100,1739186100,Very Low,9.633085,6.8510075,Very Low,6.062216,42.9,5.362319,100,1739186100,5.362319
2025-03-18T03:26:34Z,0,30.017,71.2,35,49.8,14,16,83,65,0.0,255,32767,0.16,2056-9-18,0.04,0.52,23.84,0.0,0.0,0.0,0,2.150390625,6,44,07:14,19:19,2025-03-18 03:26:34.259262,Marina di Stabia,31.1,6.639279,14.05905,5.7798514,10.930394,EU EEA Common AQI,73.8,6.5582366,13.21546,3600,4.811594,100,100,51.4,8.937198,Very Low,75.5,6.355935,100,1739186100,Very Low,9.633085,6.8510075,Very Low,6.062216,42.9,5.362319,100,1739186100,5.362319
2025-03-18T03:26:45Z,0,30.017,71.2,35,49.8,14,16,117,65,0.0,255,32767,0.16,2056-9-18,0.04,0.52,23.84,0.0,0.0,0.0,0,2.150390625,6,44,07:14,19:19,2025-03-18 03:26:45.342259,Marina di Stabia,31.1,6.639279,14.05905,5.7798514,10.930394,EU EEA Common AQI,73.8,6.5582366,13.21546,3600,4.811594,100,100,51.4,8.937198,Very Low,75.5,6.355935,100,1739186100,Very Low,9.633085,6.8510075,Very Low,6.062216,42.9,5.362319,100,1739186100,5.362319
2025-03-18T03:26:56Z,0,30.017,71.2,35,49.8,11,16,62,65,0.0,255,32767,0.16,2056-9-18,0.04,0.52,23.84,0.0,0.0,0.0,0,2.150390625,6,44,07:14,19:19,2025-03-18 03:26:56.430264,Marina di Stabia,31.1,6.639279,14.05905,5.7798514,10.930394,EU EEA Common AQI,73.8,6.5582366,13.21546,3600,4.811594,100,100,51.4,8.937198,Very Low,75.5,6.355935,100,1739186100,Very Low,9.633085,6.8510075,Very Low,6.062216,42.9,5.362319,100,1739186100,5.362319
2025-03-18T03:27:07Z,0,30.016,71.1,35,49.8,11,16,87,65,0.0,255,32767,0.16,2056-9-18,0.04,0.52,23.84,0.0,0.0,0.0,0,0.87890625,6,44,07:14,19:19,2025-03-18 03:27:07.510266,Marina di Stabia,31.1,6.639279,14.05905,5.7798514,10.930394,EU EEA Common AQI,73.8,6.5582366,13.21546,3600,4.811594,100,100,51.4,8.937198,Very Low,75.5,6.355935,100,1739186100,Very Low,9.633085,6.8510075,Very Low,6.062216,42.9,5.362319,100,1739186100,5.362319
2025-03-18T03:27:18Z,0,30.016,71.1,35,49.8,10,16,119,65,0.0,255,32767,0.16,2056-9-18,0.04,0.52,23.84,0.0,0.0,0.0,0,0.87890625,6,44,07:14,19:19,2025-03-18 03:27:18.585258,Marina di Stabia,31.1,6.639279,14.05905,5.7798514,10.930394,EU EEA Common AQI,73.8,6.5582366,13.21546,3600,4.811594,100,100,51.4,8.937198,Very Low,75.5,6.355935,100,1739186100,Very Low,9.633085,6.8510075,Very Low,6.062216,42.9,5.362319,100,1739186100,5.362319
2025-03-18T03:27:29Z,0,30.016,71.1,35,49.8,11,16,81,65,0.0,255,32767,0.16,2056-9-18,0.04,0.52,23.84,0.0,0.0,0.0,0,0.87890625,6,44,07:14,19:19,2025-03-18 03:27:29.665232,Marina di Stabia,31.1,6.639279,14.05905,5.7798514,10.930394,EU EEA Common AQI,73.8,6.5582366,13.21546,3600,4.811594,100,100,51.4,8.937198,Very Low,75.5,6.355935,100,1739186100,Very Low,9.633085,6.8510075,Very Low,6.062216,42.9,5.362319,100,1739186100,5.362319
2025-03-18T03:27:40Z,0,30.016,71.1,35,49.8,13,16,85,65,0.0,255,32767,0.16,2056-9-18,0.04,0.52,23.84,0.0,0.0,0.0,0,0.87890625,6,44,07:14,19:19,2025-03-18 03:27:40.788264,Marina di Stabia,31.1,6.639279,14.05905,5.7798514,10.930394,EU EEA Common AQI,73.8,6.5582366,13.21546,3600,4.811594,100,100,51.4,8.937198,Very Low,75.5,6.355935,100,1739186100,Very Low,9.633085,6.8510075,Very Low,6.062216,42.9,5.362319,100,1739186100,5.362319
2025-03-18T03:27:52Z,0,30.016,71.1,35,49.8,16,16,104,65,0.0,255,32767,0.16,2056-9-18,0.04,0.52,23.84,0.0,0.0,0.0,0,0.87890625,6,44,07:14,19:19,2025-03-18 03:27:51.879257,Marina di Stabia
2025-03-18T03:28:03Z,0,30.016,71.2,35,49.7,12,16,81,65,0.0,255,32767,0.16,2056-9-18,0.04,0.52,23.84,0.0,0.0,0.0,0,0.873046875,6,44,07:14,19:19,2025-03-18 03:28:02.941262,Marina di Stabia
2025-03-18T03:28:14Z,0,30.016,71.2,35,49.7,13,16,134,65,0.0,255,32767,0.16,2056-9-18,0.04,0.52,23.84,0.0,0.0,0.0,0,0.873046875,6,44,07:14,19:19,2025-03-18 03:28:14.004259,Marina di Stabia
2025-03-18T03:28:25Z,0,30.016,71.2,35,49.7,12,16,119,65,0.0,255,32767,0.16,2056-9-18,0.04,0.52,23.84,0.0,0.0,0.0,0,0.873046875,6,44,07:14,19:19,2025-03-18 03:28:25.079219,Marina di Stabia
2025-03-18T03:28:36Z,0,30.016,71.2,35,49.8,15,16,87,65,0.0,255,32767,0.16,2056-9-18,0.04,0.52,23.84,0.0,0.0,0.0,0,0.873046875,6,44,07:14,19:19,2025-03-18 03:28:36.179267,Marina di Stabia
2025-03-18T03:28:47Z,0,30.016,71.2,35,49.7,14,16,90,65,0.0,255,32767,0.16,2056-9-18,0.04,0.52,23.84,0.0,0.0,0.0,0,0.873046875,6,44,07:14,19:19,2025-03-18 03:28:47.276255,Marina di Stabia
2025-03-18T03:28:58Z,0,30.015,71.2,35,49.7,17,16,87,65,0.0,255,32767,0.16,2056-9-18,0.04,0.52,23.84,0.0,0.0,0.0,0,0.9375,6,44,07:14,19:19,2025-03-18 03:28:58.352259,Marina di Stabia
2025-03-18T03:29:09Z,0,30.015,71.2,35,49.7,20,16,83,65,0.0,255,32767,0.16,2056-9-18,0.04,0.52,23.84,0.0,0.0,0.0,0,0.9375,6,44,07:14,19:19,2025-03-18 03:29:09.414266,Marina di Stabia
2025-03-18T03:29:20Z,0,30.015,71.2,35,49.8,14,16,94,65,0.0,255,32767,0.16,2056-9-18,0.04,0.52,23.84,0.0,0.0,0.0,0,0.9375,6,44,07:14,19:19,2025-03-18 03:29:20.483261,Marina di Stabia
2025-03-18T03:29:31Z,0,30.015,71.2,35,49.7,19,16,86,65,0.0,255,32767,0.16,2056-9-18,0.04,0.52,23.84,0.0,0.0,0.0,0,0.9375,6,44,07:14,19:19,2025-03-18 03:29:31.541261,Marina di Stabia
2025-03-18T03:29:42Z,0,30.015,71.2,35,49.7,20,16,94,65,0.0,255,32767,0.16,2056-9-18,0.04,0.52,23.84,0.0,0.0,0.0,0,0.9375,6,44,07:14,19:19,2025-03-18 03:29:42.605284,Marina di Stabia
2025-03-18T03:29:53Z,0,30.015,71.2,35,49.8,16,16,98,65,0.0,255,32767,0.16,2056-9-18,0.04,0.52,23.84,0.0,0.0,0.0,0,0.9375,6,44,07:14,19:19,2025-03-18 03:29:53.713264,Marina di Stabia
2025-03-18T03:30:04Z,0,30.014,71.2,35,49.7,14,16,92,65,0.0,255,32767,0.16,2056-9-18,0.04,0.52,23.84,0.0,0.0,0.0,0,0.873046875,6,44,07:14,19:19,2025-03-18 03:30:04.784260,Marina di Stabia
2025-03-18T03:30:16Z,0,30.014,71.2,35,49.8,12,16,120,65,0.0,255,32767,0.16,2056-9-18,0.04,0.52,23.84,0.0,0.0,0.0,0,0.873046875,6,44,07:14,19:19,2025-03-18 03:30:15.845263,Marina di Stabia
2025-03-18T03:30:27Z,0,30.014,71.2,35,49.8,10,16,101,65,0.0,255,32767,0.16,2056-9-18,0.04,0.52,23.84,0.0,0.0,0.0,0,0.873046875,6,44,07:14,19:19,2025-03-18 03:30:26.915266,Marina di Stabia
2025-03-18T03:30:38Z,0,30.014,71.2,35,49.7,16,16,48,65,0.0,255,32767,0.16,2056-9-18,0.04,0.52,23.84,0.0,0.0,0.0,0,0.873046875,6,44,07:14,19:19,2025-03-18 03:30:37.978227,Marina di Stabia
2025-03-18T03:30:49Z,0,30.014,71.2,35,49.8,13,16,75,65,0.0,255,32767,0.16,2056-9-18,0.04,0.52,23.84,0.0,0.0,0.0,0,0.873046875,6,44,07:14,19:19,2025-03-18 03:30:49.037259,Marina di Stabia
2025-03-18T03:31:00Z,0,30.014,71.2,35,49.8,15,16,98,65,0.0,255,32767,0.16,2056-9-18,0.04,0.52,23.84,0.0,0.0,0.0,0,1.224609375,6,44,07:14,19:19,2025-03-18 03:31:00.126268,Marina di Stabia
2025-03-18T03:31:11Z,0,30.014,71.2,35,49.8,15,16,96,65,0.0,255,32767,0.16,2056-9-18,0.04,0.52,23.84,0.0,0.0,0.0,0,1.224609375,6,44,07:14,19:19,2025-03-18 03:31:11.227275,Marina di Stabia
2025-03-18T03:31:22Z,0,30.014,71.2,35,49.8,12,16,84,65,0.0,255,32767,0.16,2056-9-18,0.04,0.52,23.84,0.0,0.0,0.0,0,1.224609375,6,44,07:14,19:19,2025-03-18 03:31:22.314271,Marina di Stabia
2025-03-18T03:31:33Z,0,30.014,71.2,35,49.8,16,16,88,65,0.0,255,32767,0.16,2056-9-18,0.04,0.52,23.84,0.0,0.0,0.0,0,1.224609375,6,44,07:14,19:19,2025-03-18 03:31:33.374263,Marina di Stabia
2025-03-18T03:31:44Z,0,30.014,71.2,35,49.8,18,16,80,65,0.0,255,32767,0.16,2056-9-18,0.04,0.52,23.84,0.0,0.0,0.0,0,1.224609375,6,44,07:14,19:19,2025-03-18 03:31:44.437268,Marina di Stabia
2025-03-18T03:31:55Z,0,30.014,71.2,35,49.8,19,16,86,65,0.0,255,32767,0.16,2056-9-18,0.04,0.52,23.84,0.0,0.0,0.0,0,1.224609375,6,44,07:14,19:19,2025-03-18 03:31:55.506271,Marina di Stabia
2025-03-18T03:32:06Z,0,30.014,71.1,35,49.8,15,15,93,65,0.0,255,32767,0.16,2056-9-18,0.04,0.52,23.84,0.0,0.0,0.0,0,0.873046875,6,44,07:14,19:19,2025-03-18 03:32:06.582259,Marina di Stabia
2025-03-18T03:32:17Z,0,30.014,71.1,35,49.8,16,15,80,65,0.0,255,32767,0.16,2056-9-18,0.04,0.52,23.84,0.0,0.0,0.0,0,0.873046875,6,44,07:14,19:19,2025-03-18 03:32:17.679270,Marina di Stabia
2025-03-18T03:32:28Z,0,30.014,71.1,35,49.8,15,15,99,65,0.0,255,32767,0.16,2056-9-18,0.04,0.52,23.84,0.0,0.0,0.0,0,0.873046875,6,44,07:14,19:19,2025-03-18 03:32:28.739273,Marina di Stabia
2025-03-18T03:32:40Z,0,30.014,71.1,35,49.8,19,15,84,65,0.0,255,32767,0.16,2056-9-18,0.04,0.52,23.84,0.0,0.0,0.0,0,0.873046875,6,44,07:14,19:19,2025-03-18 03:32:39.809256,Marina di Stabia
2025-03-18T03:32:51Z,0,30.014,71.1,35,49.8,19,15,84,65,0.0,255,32767,0.16,2056-9-18,0.04,0.52,23.84,0.0,0.0,0.0,0,0.873046875,6,44,07:14,19:19,2025-03-18 03:32:50.884260,Marina di Stabia
2025-03-18T03:33:02Z,0,30.014,71.1,35,49.8,15,15,84,65,0.0,255,32767,0.16,2056-9-18,0.04,0.52,23.84,0.0,0.0,0.0,0,0.873046875,6,44,07:14,19:19,2025-03-18 03:33:01.956242,Marina di Stabia
2025-03-18T03:33:13Z,0,30.014,71.1,35,49.9,17,15,103,65,0.0,255,32767,0.16,2056-9-18,0.04,0.52,23.84,0.0,0.0,0.0,0,0.873046875,6,44,07:14,19:19,2025-03-18 03:33:13.049270,Marina di Stabia
2025-03-18T03:33:24Z,0,30.014,71.1,35,49.9,13,15,88,65,0.0,255,32767,0.16,2056-9-18,0.04,0.52,23.84,0.0,0.0,0.0,0,0.873046875,6,44,07:14,19:19,2025-03-18 03:33:24.111260,Marina di Stabia
2025-03-18T03:33:35Z,0,30.014,71.1,35,49.9,17,15,88,65,0.0,255,32767,0.16,2056-9-18,0.04,0.52,23.84,0.0,0.0,0.0,0,0.873046875,6,44,07:14,19:19,2025-03-18 03:33:35.199261,Marina di Stabia
2025-03-18T03:33:46Z,0,30.014,71.1,35,49.9,15,15,88,65,0.0,255,32767,0.16,2056-9-18,0.04,0.52,23.84,0.0,0.0,0.0,0,0.873046875,6,44,07:14,19:19,2025-03-18 03:33:46.278259,Marina di Stabia
2025-03-18T03:33:57Z,0,30.014,71.1,35,49.9,17,15,94,65,0.0,255,32767,0.16,2056-9-18,0.04,0.52,23.84,0.0,0.0,0.0,0,0.896484375,6,44,07:14,19:19,2025-03-18 03:33:57.457284,Marina di Stabia
2025-03-18T03:34:08Z,0,30.013,71.1,35,49.9,18,15,82,65,0.0,255,32767,0.16,2056-9-18,0.04,0.52,23.84,0.0,0.0,0.0,0,0.896484375,6,44,07:14,19:19,2025-03-18 03:34:08.532262,Marina di Stabia
2025-03-18T03:34:19Z,0,30.013,71.1,35,49.9,21,15,92,65,0.0,255,32767,0.16,2056-9-18,0.04,0.52,23.84,0.0,0.0,0.0,0,0.896484375,6,44,07:14,19:19,2025-03-18 03:34:19.622260,Marina di Stabia
2025-03-18T03:34:30Z,0,30.013,71.1,35,49.9,20,15,91,65,0.0,255,32767,0.16,2056-9-18,0.04,0.52,23.84,0.0,0.0,0.0,0,0.896484375,6,44,07:14,19:19,2025-03-18 03:34:30.685234,Marina di Stabia
2025-03-18T03:34:41Z,0,30.013,71.1,35,49.9,19,15,76,65,0.0,255,32767,0.16,2056-9-18,0.04,0.52,23.84,0.0,0.0,0.0,0,0.896484375,6,44,07:14,19:19,2025-03-18 03:34:41.745263,Marina di Stabia
2025-03-18T03:34:52Z,0,30.013,71.1,35,49.9,19,15,78,65,0.0,255,32767,0.16,2056-9-18,0.04,0.52,23.84,0.0,0.0,0.0,0,0.896484375,6,44,07:14,19:19,2025-03-18 03:34:52.788246,Marina di Stabia
2025-03-18T03:35:04Z,0,30.013,71.1,35,49.9,20,15,92,65,0.0,255,32767,0.16,2056-9-18,0.04,0.52,23.84,0.0,0.0,0.0,0,0.873046875,6,44,07:14,19:19,2025-03-18 03:35:03.891264,Marina di Stabia
2025-03-18T03:35:15Z,0,30.013,71.1,35,49.9,21,15,132,64,0.0,255,32767,0.16,2056-9-18,0.04,0.52,23.84,0.0,0.0,0.0,0,0.873046875,6,44,07:14,19:19,2025-03-18 03:35:14.951264,Marina di Stabia
2025-03-18T03:35:26Z,0,30.013,71.1,35,50.0,16,15,119,64,0.0,255,32767,0.16,2056-9-18,0.04,0.52,23.84,0.0,0.0,0.0,0,0.873046875,6,44,07:14,19:19,2025-03-18 03:35:26.023255,Marina di Stabia
2025-03-18T03:35:37Z,0,30.013,71.1,35,50.0,13,15,145,64,0.0,255,32767,0.16,2056-9-18,0.04,0.52,23.84,0.0,0.0,0.0,0,0.873046875,6,44,07:14,19:19,2025-03-18 03:35:37.090259,Marina di Stabia
2025-03-18T03:35:48Z,0,30.013,71.1,35,49.9,15,15,88,64,0.0,255,32767,0.16,2056-9-18,0.04,0.52,23.84,0.0,0.0,0.0,0,0.873046875,6,44,07:14,19:19,2025-03-18 03:35:48.160267,Marina di Stabia
2025-03-18T03:35:59Z,0,30.014,71.1,34,50.0,14,15,106,64,0.0,255,32767,0.16,2056-9-18,0.04,0.52,23.84,0.0,0.0,0.0,0,1.048828125,6,44,07:14,19:19,2025-03-18 03:35:59.259255,Marina di Stabia
2025-03-18T03:36:10Z,0,30.014,71.1,34,49.9,15,15,89,64,0.0,255,32767,0.16,2056-9-18,0.04,0.52,23.84,0.0,0.0,0.0,0,1.048828125,6,44,07:14,19:19,2025-03-18 03:36:10.331270,Marina di Stabia
2025-03-18T03:36:21Z,0,30.014,71.1,34,49.9,13,15,99,64,0.0,255,32767,0.16,2056-9-18,0.04,0.52,23.84,0.0,0.0,0.0,0,1.048828125,6,44,07:14,19:19,2025-03-18 03:36:21.423236,Marina di Stabia
2025-03-18T03:36:32Z,0,30.014,71.1,34,50.0,14,15,76,64,0.0,255,32767,0.16,2056-9-18,0.04,0.52,23.84,0.0,0.0,0.0,0,1.048828125,6,44,07:14,19:19,2025-03-18 03:36:32.494262,Marina di Stabia
2025-03-18T03:36:43Z,0,30.014,71.1,34,50.0,15,15,77,64,0.0,255,32767,0.16,2056-9-18,0.04,0.52,23.84,0.0,0.0,0.0,0,1.048828125,6,44,07:14,19:19,2025-03-18 03:36:43.555252,Marina di Stabia
2025-03-18T03:36:54Z,0,30.014,71.1,34,50.0,11,15,78,65,0.0,255,32767,0.16,2056-9-18,0.04,0.52,23.84,0.0,0.0,0.0,0,1.048828125,6,44,07:14,19:19,2025-03-18 03:36:54.623263,Marina di Stabia
2025-03-18T03:37:05Z,0,30.013,71.1,34,50.0,12,15,92,65,0.0,255,32767,0.16,2056-9-18,0.04,0.52,23.84,0.0,0.0,0.0,0,0.873046875,6,44,07:14,19:19,2025-03-18 03:37:05.689263,Marina di Stabia
2025-03-18T03:37:16Z,0,30.013,71.1,34,50.0,15,15,85,65,0.0,255,32767,0.16,2056-9-18,0.04,0.52,23.84,0.0,0.0,0.0,0,0.873046875,6,44,07:14,19:19,2025-03-18 03:37:16.754265,Marina di Stabia
2025-03-18T03:37:28Z,0,30.013,71.1,34,49.9,14,15,103,65,0.0,255,32767,0.16,2056-9-18,0.04,0.52,23.84,0.0,0.0,0.0,0,0.873046875,6,44,07:14,19:19,2025-03-18 03:37:27.844257,Marina di Stabia
2025-03-18T03:37:39Z,0,30.013,71.1,34,49.9,15,15,84,65,0.0,255,32767,0.16,2056-9-18,0.04,0.52,23.84,0.0,0.0,0.0,0,0.873046875,6,44,07:14,19:19,2025-03-18 03:37:38.899253,Marina di Stabia
2025-03-18T03:37:50Z,0,30.013,71.1,34,49.9,16,15,95,65,0.0,255,32767,0.16,2056-9-18,0.04,0.52,23.84,0.0,0.0,0.0,0,0.873046875,6,44,07:14,19:19,2025-03-18 03:37:49.970263,Marina di Stabia
2025-03-18T03:38:01Z,0,30.015,71.1,34,49.9,15,16,75,65,0.0,255,32767,0.16,2056-9-18,0.04,0.52,23.84,0.0,0.0,0.0,0,2.255859375,6,44,07:14,19:19,2025-03-18 03:38:01.027257,Marina di Stabia
2025-03-18T03:38:12Z,0,30.015,71.1,34,50.0,12,16,77,65,0.0,255,32767,0.16,2056-9-18,0.04,0.52,23.84,0.0,0.0,0.0,0,2.255859375,6,44,07:14,19:19,2025-03-18 03:38:12.120260,Marina di Stabia
2025-03-18T03:38:23Z,0,30.015,71.1,34,50.0,15,16,73,65,0.0,255,32767,0.16,2056-9-18,0.04,0.52,23.84,0.0,0.0,0.0,0,2.255859375,6,44,07:14,19:19,2025-03-18 03:38:23.225273,Marina di Stabia
2025-03-18T03:38:34Z,0,30.015,71.1,34,49.9,19,16,94,65,0.0,255,32767,0.16,2056-9-18,0.04,0.52,23.84,0.0,0.0,0.0,0,2.255859375,6,44,07:14,19:19,2025-03-18 03:38:34.286259,Marina di Stabia
2025-03-18T03:38:45Z,0,30.015,71.1,34,49.9,18,16,82,65,0.0,255,32767,0.16,2056-9-18,0.04,0.52,23.84,0.0,0.0,0.0,0,2.255859375,6,44,07:14,19:19,2025-03-18 03:38:45.347262,Marina di Stabia
2025-03-18T03:38:56Z,0,30.015,71.1,34,49.9,14,16,103,65,0.0,255,32767,0.16,2056-9-18,0.04,0.52,23.84,0.0,0.0,0.0,0,2.255859375,6,44,07:14,19:19,2025-03-18 03:38:56.445267,Marina di Stabia
2025-03-18T03:39:07Z,0,30.015,71.1,34,49.9,15,16,86,65,0.0,255,32767,0.16,2056-9-18,0.04,0.52,23.84,0.0,0.0,0.0,0,0.87890625,6,44,07:14,19:19,2025-03-18 03:39:07.505257,Marina di Stabia
2025-03-18T03:39:18Z,0,30.015,71.1,34,49.9,16,16,93,65,0.0,255,32767,0.16,2056-9-18,0.04,0.52,23.84,0.0,0.0,0.0,0,0.87890625,6,44,07:14,19:19,2025-03-18 03:39:18.575249,Marina di Stabia
2025-03-18T03:39:29Z,0,30.015,71.1,34,49.9,20,16,87,65,0.0,255,32767,0.16,2056-9-18,0.04,0.52,23.84,0.0,0.0,0.0,0,0.87890625,6,44,07:14,19:19,2025-03-18 03:39:29.666280,Marina di Stabia
2025-03-18T03:39:40Z,0,30.015,71.1,34,49.9,19,16,89,65,0.0,255,32767,0.16,2056-9-18,0.04,0.52,23.84,0.0,0.0,0.0,0,0.87890625,6,44,07:14,19:19,2025-03-18 03:39:40.730260,Marina di Stabia
2025-03-18T03:39:51Z,0,30.015,71.1,34,49.9,20,16,86,65,0.0,255,32767,0.16,2056-9-18,0.04,0.52,23.84,0.0,0.0,0.0,0,0.87890625,6,44,07:14,19:19,2025-03-18 03:39:51.792268,Marina di Stabia
2025-03-18T03:40:03Z,0,30.016,71.1,34,49.9,20,16,82,65,0.0,255,32767,0.16,2056-9-18,0.04,0.52,23.84,0.0,0.0,0.0,0,0.873046875,6,44,07:14,19:19,2025-03-18 03:40:02.846261,Marina di Stabia
2025-03-18T03:40:14Z,0,30.016,71.1,34,49.9,16,16,113,65,0.0,255,32767,0.16,2056-9-18,0.04,0.52,23.84,0.0,0.0,0.0,0,0.873046875,6,44,07:14,19:19,2025-03-18 03:40:13.946272,Marina di Stabia
2025-03-18T03:40:25Z,0,30.016,71.1,34,49.9,20,16,82,65,0.0,255,32767,0.16,2056-9-18,0.04,0.52,23.84,0.0,0.0,0.0,0,0.873046875,6,44,07:14,19:19,2025-03-18 03:40:25.034265,Marina di Stabia
2025-03-18T03:40:36Z,0,30.016,71.1,34,49.9,20,16,86,65,0.0,255,32767,0.16,2056-9-18,0.04,0.52,23.84,0.0,0.0,0.0,0,0.873046875,6,44,07:14,19:19,2025-03-18 03:40:36.095261,Marina di Stabia
2025-03-18T03:40:47Z,0,30.016,71.1,34,49.9,23,16,82,65,0.0,255,32767,0.16,2056-9-18,0.04,0.52,23.84,0.0,0.0,0.0,0,0.873046875,6,44,07:14,19:19,2025-03-18 03:40:47.166274,Marina di Stabia
2025-03-18T03:40:58Z,0,30.015,71.1,34,49.9,22,17,91,65,0.0,255,32767,0.16,2056-9-18,0.04,0.52,23.84,0.0,0.0,0.0,0,0.97265625,6,44,07:14,19:19,2025-03-18 03:40:58.239261,Marina di Stabia
2025-03-18T03:41:09Z,0,30.015,71.1,34,49.9,17,17,88,64,0.0,255,32767,0.16,2056-9-18,0.04,0.52,23.84,0.0,0.0,0.0,0,0.97265625,6,44,07:14,19:19,2025-03-18 03:41:09.312273,Marina di Stabia
2025-03-18T03:41:20Z,0,30.015,71.1,34,49.9,16,17,82,64,0.0,255,32767,0.16,2056-9-18,0.04,0.52,23.84,0.0,0.0,0.0,0,0.97265625,6,44,07:14,19:19,2025-03-18 03:41:20.414265,Marina di Stabia
2025-03-18T03:41:31Z,0,30.015,71.1,34,49.9,18,17,96,64,0.0,255,32767,0.16,2056-9-18,0.04,0.52,23.84,0.0,0.0,0.0,0,0.97265625,6,44,07:14,19:19,2025-03-18 03:41:31.513263,Marina di Stabia
2025-03-18T03:41:42Z,0,30.015,71.1,34,49.9,14,17,126,64,0.0,255,32767,0.16,2056-9-18,0.04,0.52,23.84,0.0,0.0,0.0,0,0.97265625,6,44,07:14,19:19,2025-03-18 03:41:42.580264,Marina di Stabia
2025-03-18T03:41:53Z,0,30.015,71.1,34,49.9,12,17,85,64,0.0,255,32767,0.16,2056-9-18,0.04,0.52,23.84,0.0,0.0,0.0,0,0.97265625,6,44,07:14,19:19,2025-03-18 03:41:53.649225,Marina di Stabia
2025-03-18T03:42:04Z,0,30.016,71.1,34,49.9,12,17,98,64,0.0,255,32767,0.16,2056-9-18,0.04,0.52,23.84,0.0,0.0,0.0,0,0.873046875,6,44,07:14,19:19,2025-03-18 03:42:04.720262,Marina di Stabia
2025-03-18T03:42:15Z,0,30.016,71.1,34,49.9,16,17,89,64,0.0,255,32767,0.16,2056-9-18,0.04,0.52,23.84,0.0,0.0,0.0,0,0.873046875,6,44,07:14,19:19,2025-03-18 03:42:15.783258,Marina di Stabia
2025-03-18T03:42:27Z,0,30.016,71.1,34,49.9,18,17,116,64,0.0,255,32767,0.16,2056-9-18,0.04,0.52,23.84,0.0,0.0,0.0,0,0.873046875,6,44,07:14,19:19,2025-03-18 03:42:26.853259,Marina di Stabia
2025-03-18T03:42:38Z,0,30.016,71.1,34,49.9,13,17,100,64,0.0,255,32767,0.16,2056-9-18,0.04,0.52,23.84,0.0,0.0,0.0,0,0.873046875,6,44,07:14,19:19,2025-03-18 03:42:37.956240,Marina di Stabia
2025-03-18T03:42:49Z,0,30.016,71.1,34,49.9,11,17,53,64,0.0,255,32767,0.16,2056-9-18,0.04,0.52,23.84,0.0,0.0,0.0,0,0.873046875,6,44,07:14,19:19,2025-03-18 03:42:49.021271,Marina di Stabia
2025-03-18T03:43:00Z,0,30.014,71.1,34,49.8,22,16,69,65,0.0,255,32767,0.16,2056-9-18,0.04,0.52,23.84,0.0,0.0,0.0,0,1.3359375,6,44,07:14,19:19,2025-03-18 03:43:00.083261,Marina di Stabia
2025-03-18T03:43:11Z,0,30.014,71.1,34,49.8,17,16,72,65,0.0,255,32767,0.16,2056-9-18,0.04,0.52,23.84,0.0,0.0,0.0,0,1.3359375,6,44,07:14,19:19,2025-03-18 03:43:11.149258,Marina di Stabia
2025-03-18T03:43:22Z,0,30.014,71.1,34,49.8,15,16,107,65,0.0,255,32767,0.16,2056-9-18,0.04,0.52,23.84,0.0,0.0,0.0,0,1.3359375,6,44,07:14,19:19,2025-03-18 03:43:22.209280,Marina di Stabia
2025-03-18T03:43:33Z,0,30.014,71.1,34,49.8,13,16,81,65,0.0,255,32767,0.16,2056-9-18,0.04,0.52,23.84,0.0,0.0,0.0,0,1.3359375,6,44,07:14,19:19,2025-03-18 03:43:33.292264,Marina di Stabia
2025-03-18T03:43:44Z,0,30.014,71.1,34,49.8,19,16,94,65,0.0,255,32767,0.16,2056-9-18,0.04,0.52,23.84,0.0,0.0,0.0,0,1.3359375,6,44,07:14,19:19,2025-03-18 03:43:44.385272,Marina di Stabia
2025-03-18T03:43:55Z,0,30.014,71.1,34,49.8,18,16,92,65,0.0,255,32767,0.16,2056-9-18,0.04,0.52,23.84,0.0,0.0,0.0,0,1.3359375,6,44,07:14,19:19,2025-03-18 03:43:55.459260,Marina di Stabia
2025-03-18T03:44:06Z,0,30.015,71.1,34,49.8,17,16,81,65,0.0,255,32767,0.16,2056-9-18,0.04,0.52,23.84,0.0,0.0,0.0,0,0.873046875,6,44,07:14,19:19,2025-03-18 03:44:06.538264,Marina di Stabia
2025-03-18T03:44:17Z,0,30.015,71.1,34,49.8,17,16,88,65,0.0,255,32767,0.16,2056-9-18,0.04,0.52,23.84,0.0,0.0,0.0,0,0.873046875,6,44,07:14,19:19,2025-03-18 03:44:17.611280,Marina di Stabia
2025-03-18T03:44:28Z,0,30.015,71.1,34,49.8,22,16,95,65,0.0,255,32767,0.16,2056-9-18,0.04,0.52,23.84,0.0,0.0,0.0,0,0.873046875,6,44,07:14,19:19,2025-03-18 03:44:28.675264,Marina di Stabia
2025-03-18T03:44:39Z,0,30.015,71.1,34,49.8,22,16,86,65,0.0,255,32767,0.16,2056-9-18,0.04,0.52,23.84,0.0,0.0,0.0,0,0.873046875,6,44,07:14,19:19,2025-03-18 03:44:39.740258,Marina di Stabia
2025-03-18T03:44:51Z,0,30.015,71.1,34,49.8,20,16,86,65,0.0,255,32767,0.16,2056-9-18,0.04,0.52,23.84,0.0,0.0,0.0,0,0.873046875,6,44,07:14,19:19,2025-03-18 03:44:50.837263,Marina di Stabia
2025-03-18T03:45:02Z,0,30.016,71.0,34,49.8,18,16,103,65,0.0,255,32767,0.16,2056-9-18,0.04,0.52,23.84,0.0,0.0,0.0,0,0.873046875,6,44,07:14,19:19,2025-03-18 03:45:01.902261,Marina di Stabia
2025-03-18T03:45:13Z,0,30.016,71.0,34,49.8,19,16,105,65,0.0,255,32767,0.16,2056-9-18,0.04,0.52,23.84,0.0,0.0,0.0,0,0.873046875,6,44,07:14,19:19,2025-03-18 03:45:12.990260,Marina di Stabia
2025-03-18T03:45:24Z,0,30.016,71.0,34,49.8,16,16,84,65,0.0,255,32767,0.16,2056-9-18,0.04,0.52,23.84,0.0,0.0,0.0,0,0.873046875,6,44,07:14,19:19,2025-03-18 03:45:24.061263,Marina di Stabia
2025-03-18T03:45:35Z,0,30.016,71.0,34,49.8,19,16,85,65,0.0,255,32767,0.16,2056-9-18,0.04,0.52,23.84,0.0,0.0,0.0,0,0.873046875,6,44,07:14,19:19,2025-03-18 03:45:35.124272,Marina di Stabia
2025-03-18T03:45:46Z,0,30.016,71.0,34,49.8,14,16,71,65,0.0,255,32767,0.16,2056-9-18,0.04,0.52,23.84,0.0,0.0,0.0,0,0.873046875,6,44,07:14,19:19,2025-03-18 03:45:46.182271,Marina di Stabia
2025-03-18T03:45:57Z,0,30.016,71.1,34,49.8,15,17,133,65,0.0,255,32767,0.16,2056-9-18,0.04,0.52,23.84,0.0,0.0,0.0,0,0.978515625,6,44,07:14,19:19,2025-03-18 03:45:57.515255,Marina di Stabia
2025-03-18T03:46:08Z,0,30.014,71.1,34,49.8,13,17,88,65,0.0,255,32767,0.16,2056-9-18,0.04,0.52,23.84,0.0,0.0,0.0,0,0.978515625,6,44,07:14,19:19,2025-03-18 03:46:08.594273,Marina di Stabia
2025-03-18T03:46:19Z,0,30.014,71.1,34,49.8,15,17,104,65,0.0,255,32767,0.16,2056-9-18,0.04,0.52,23.84,0.0,0.0,0.0,0,0.978515625,6,44,07:14,19:19,2025-03-18 03:46:19.663269,Marina di Stabia
2025-03-18T03:46:30Z,0,30.014,71.1,34,49.8,18,17,76,65,0.0,255,32767,0.16,2056-9-18,0.04,0.52,23.84,0.0,0.0,0.0,0,0.978515625,6,44,07:14,19:19,2025-03-18 03:46:30.726266,Marina di Stabia
2025-03-18T03:46:41Z,0,30.014,71.1,34,49.9,15,17,91,65,0.0,255,32767,0.16,2056-9-18,0.04,0.52,23.84,0.0,0.0,0.0,0,0.978515625,6,44,07:14,19:19,2025-03-18 03:46:41.791254,Marina di Stabia
2025-03-18T03:46:53Z,0,30.014,71.1,34,49.9,13,17,83,65,0.0,255,32767,0.16,2056-9-18,0.04,0.52,23.84,0.0,0.0,0.0,0,0.978515625,6,44,07:14,19:19,2025-03-18 03:46:52.838261,Marina di Stabia
2025-03-18T03:47:04Z,0,30.017,71.0,34,49.9,14,17,92,65,0.0,255,32767,0.16,2056-9-18,0.04,0.52,23.84,0.0,0.0,0.0,0,0.873046875,6,44,07:14,19:19,2025-03-18 03:47:04.170258,Marina di Stabia
2025-03-18T03:47:15Z,0,30.017,71.0,34,49.9,13,17,86,65,0.0,255,32767,0.16,2056-9-18,0.04,0.52,23.84,0.0,0.0,0.0,0,0.873046875,6,44,07:14,19:19,2025-03-18 03:47:15.234264,Marina di Stabia
2025-03-18T03:47:26Z,0,30.017,71.0,34,49.9,16,17,79,65,0.0,255,32767,0.16,2056-9-18,0.04,0.52,23.84,0.0,0.0,0.0,0,0.873046875,6,44,07:14,19:19,2025-03-18 03:47:26.296259,Marina di Stabia
2025-03-18T03:47:37Z,0,30.017,71.0,34,49.9,14,17,86,65,0.0,255,32767,0.16,2056-9-18,0.04,0.52,23.84,0.0,0.0,0.0,0,0.873046875,6,44,07:14,19:19,2025-03-18 03:47:37.401274,Marina di Stabia
2025-03-18T03:47:48Z,0,30.017,71.0,34,49.9,21,17,86,65,0.0,255,32767,0.16,2056-9-18,0.04,0.52,23.84,0.0,0.0,0.0,0,0.873046875,6,44,07:14,19:19,2025-03-18 03:47:48.464268,Marina di Stabia
2025-03-18T03:47:59Z,0,30.015,71.1,34,49.9,19,17,96,65,0.0,255,32767,0.16,2056-9-18,0.04,0.52,23.84,0.0,0.0,0.0,0,1.08984375,6,44,07:14,19:19,2025-03-18 03:47:59.544266,Marina di Stabia
2025-03-18T03:48:10Z,0,30.015,71.1,34,49.9,19,17,92,65,0.0,255,32767,0.16,2056-9-18,0.04,0.52,23.84,0.0,0.0,0.0,0,1.08984375,6,44,07:14,19:19,2025-03-18 03:48:10.605262,Marina di Stabia
2025-03-18T03:48:21Z,0,30.015,71.1,34,49.9,17,17,90,65,0.0,255,32767,0.16,2056-9-18,0.04,0.52,23.84,0.0,0.0,0.0,0,1.08984375,6,44,07:14,19:19,2025-03-18 03:48:21.666273,Marina di Stabia
2025-03-18T03:48:32Z,0,30.015,71.1,34,49.9,24,17,96,65,0.0,255,32767,0.16,2056-9-18,0.04,0.52,23.84,0.0,0.0,0.0,0,1.08984375,6,44,07:14,19:19,2025-03-18 03:48:32.734260,Marina di Stabia
2025-03-18T03:48:44Z,0,30.015,71.1,34,49.9,23,17,80,65,0.0,255,32767,0.16,2056-9-18,0.04,0.52,23.84,0.0,0.0,0.0,0,1.08984375,6,44,07:14,19:19,2025-03-18 03:48:43.836256,Marina di Stabia
2025-03-18T03:48:55Z,0,30.015,71.1,34,49.9,23,17,82,65,0.0,255,32767,0.16,2056-9-18,0.04,0.52,23.84,0.0,0.0,0.0,0,1.08984375,6,44,07:14,19:19,2025-03-18 03:48:54.898221,Marina di Stabia
2025-03-18T03:49:06Z,0,30.014,71.0,34,49.9,23,18,119,65,0.0,255,32767,0.16,2056-9-18,0.04,0.52,23.84,0.0,0.0,0.0,0,0.873046875,6,44,07:14,19:19,2025-03-18 03:49:06.003257,Marina di Stabia
2025-03-18T03:49:17Z,0,30.014,71.0,34,49.8,23,18,78,65,0.0,255,32767,0.16,2056-9-18,0.04,0.52,23.84,0.0,0.0,0.0,0,0.873046875,6,44,07:14,19:19,2025-03-18 03:49:17.078271,Marina di Stabia
2025-03-18T03:49:28Z,0,30.014,71.0,34,49.8,19,18,73,65,0.0,255,32767,0.16,2056-9-18,0.04,0.52,23.84,0.0,0.0,0.0,0,0.873046875,6,44,07:14,19:19,2025-03-18 03:49:28.129259,Marina di Stabia
2025-03-18T03:49:39Z,0,30.014,71.0,34,49.9,14,18,82,65,0.0,255,32767,0.16,2056-9-18,0.04,0.52,23.84,0.0,0.0,0.0,0,0.873046875,6,44,07:14,19:19,2025-03-18 03:49:39.196260,Marina di Stabia
2025-03-18T03:49:50Z,0,30.014,71.0,34,49.9,15,18,67,64,0.0,255,32767,0.16,2056-9-18,0.04,0.52,23.84,0.0,0.0,0.0,0,0.873046875,6,44,07:14,19:19,2025-03-18 03:49:50.258256,Marina di Stabia
2025-03-18T03:50:01Z,0,30.016,71.0,34,49.9,20,18,85,64,0.0,255,32767,0.16,2056-9-18,0.04,0.52,23.84,0.0,0.0,0.0,0,2.595703125,6,44,07:14,19:19,2025-03-18 03:50:01.320260,Marina di Stabia
2025-03-18T03:50:12Z,0,30.016,71.0,34,49.9,19,18,82,64,0.0,255,32767,0.16,2056-9-18,0.04,0.52,23.84,0.0,0.0,0.0,0,2.595703125,6,44,07:14,19:19,2025-03-18 03:50:12.420267,Marina di Stabia
2025-03-18T03:50:23Z,0,30.016,71.0,34,49.9,20,18,100,64,0.0,255,32767,0.16,2056-9-18,0.04,0.52,23.84,0.0,0.0,0.0,0,2.595703125,6,44,07:14,19:19,2025-03-18 03:50:23.490267,Marina di Stabia
2025-03-18T03:50:34Z,0,30.016,71.0,34,49.9,12,18,144,64,0.0,255,32767,0.16,2056-9-18,0.04,0.52,23.84,0.0,0.0,0.0,0,2.595703125,6,44,07:14,19:19,2025-03-18 03:50:34.554261,Marina di Stabia
2025-03-18T03:50:45Z,0,30.016,71.0,34,49.9,13,18,80,64,0.0,255,32767,0.16,2056-9-18,0.04,0.52,23.84,0.0,0.0,0.0,0,2.595703125,6,44,07:14,19:19,2025-03-18 03:50:45.617266,Marina di Stabia
2025-03-18T03:50:56Z,0,30.016,71.0,34,49.9,18,18,116,64,0.0,255,32767,0.16,2056-9-18,0.04,0.52,23.84,0.0,0.0,0.0,0,2.595703125,6,44,07:14,19:19,2025-03-18 03:50:56.691278,Marina di Stabia
2025-03-18T03:51:07Z,0,30.015,71.0,34,49.9,16,17,93,64,0.0,255,32767,0.16,2056-9-18,0.04,0.52,23.84,0.0,0.0,0.0,0,0.919921875,6,44,07:14,19:19,2025-03-18 03:51:07.796269,Marina di Stabia
2025-03-18T03:51:19Z,0,30.015,71.0,34,49.9,23,17,69,64,0.0,255,32767,0.16,2056-9-18,0.04,0.52,23.84,0.0,0.0,0.0,0,0.919921875,6,44,07:14,19:19,2025-03-18 03:51:18.895270,Marina di Stabia
2025-03-18T03:51:30Z,0,30.015,71.0,34,49.9,24,17,86,64,0.0,255,32767,0.16,2056-9-18,0.04,0.52,23.84,0.0,0.0,0.0,0,0.919921875,6,44,07:14,19:19,2025-03-18 03:51:30.005259,Marina di Stabia
2025-03-18T03:51:41Z,0,30.015,71.0,34,49.9,21,17,91,64,0.0,255,32767,0.16,2056-9-18,0.04,0.52,23.84,0.0,0.0,0.0,0,0.919921875,6,44,07:14,19:19,2025-03-18 03:51:41.076257,Marina di Stabia
2025-03-18T03:51:52Z,0,30.015,71.0,34,49.9,13,17,93,64,0.0,255,32767,0.16,2056-9-18,0.04,0.52,23.84,0.0,0.0,0.0,0,0.919921875,6,44,07:14,19:19,2025-03-18 03:51:52.157261,Marina di Stabia
2025-03-18T03:52:03Z,0,30.012,71.0,34,49.9,25,18,112,64,0.0,255,32767,0.16,2056-9-18,0.04,0.52,23.84,0.0,0.0,0.0,0,0.873046875,6,44,07:14,19:19,2025-03-18 03:52:03.229261,Marina di Stabia
2025-03-18T03:52:14Z,0,30.012,71.0,34,49.8,19,18,85,64,0.0,255,32767,0.16,2056-9-18,0.04,0.52,23.84,0.0,0.0,0.0,0,0.873046875,6,44,07:14,19:19,2025-03-18 03:52:14.295257,Marina di Stabia
2025-03-18T03:52:25Z,0,30.012,71.0,34,49.9,17,18,98,64,0.0,255,32767,0.16,2056-9-18,0.04,0.52,23.84,0.0,0.0,0.0,0,0.873046875,6,44,07:14,19:19,2025-03-18 03:52:25.390227,Marina di Stabia
2025-03-18T03:52:36Z,0,30.012,71.0,34,49.9,17,18,91,64,0.0,255,32767,0.16,2056-9-18,0.04,0.52,23.84,0.0,0.0,0.0,0,0.873046875,6,44,07:14,19:19,2025-03-18 03:52:36.464257,Marina di Stabia
2025-03-18T03:52:47Z,0,30.012,71.0,34,49.9,14,18,90,64,0.0,255,32767,0.16,2056-9-18,0.04,0.52,23.84,0.0,0.0,0.0,0,0.873046875,6,44,07:14,19:19,2025-03-18 03:52:47.528262,Marina di Stabia
2025-03-18T03:52:58Z,0,30.014,71.0,34,49.9,16,18,86,64,0.0,255,32767,0.16,2056-9-18,0.04,0.52,23.84,0.0,0.0,0.0,0,0.966796875,6,44,07:14,19:19,2025-03-18 03:52:58.595261,Marina di Stabia
2025-03-18T03:53:09Z,0,30.014,71.0,34,49.9,20,18,87,64,0.0,255,32767,0.16,2056-9-18,0.04,0.52,23.84,0.0,0.0,0.0,0,0.966796875,6,44,07:14,19:19,2025-03-18 03:53:09.674267,Marina di Stabia
2025-03-18T03:53:20Z,0,30.014,71.0,34,49.9,19,18,91,64,0.0,255,32767,0.16,2056-9-18,0.04,0.52,23.84,0.0,0.0,0.0,0,0.966796875,6,44,07:14,19:19,2025-03-18 03:53:20.737269,Marina di Stabia
2025-03-18T03:53:32Z,0,30.014,71.0,34,49.9,20,18,83,64,0.0,255,32767,0.16,2056-9-18,0.04,0.52,23.84,0.0,0.0,0.0,0,0.966796875,6,44,07:14,19:19,2025-03-18 03:53:31.826261,Marina di Stabia
2025-03-18T03:53:43Z,0,30.014,71.0,34,49.9,19,18,93,64,0.0,255,32767,0.16,2056-9-18,0.04,0.52,23.84,0.0,0.0,0.0,0,0.966796875,6,44,07:14,19:19,2025-03-18 03:53:42.862297,Marina di Stabia
2025-03-18T03:53:54Z,0,30.014,71.0,34,49.9,21,18,74,64,0.0,255,32767,0.16,2056-9-18,0.04,0.52,23.84,0.0,0.0,0.0,0,0.966796875,6,44,07:14,19:19,2025-03-18 03:53:53.946264,Marina di Stabia
2025-03-18T03:54:05Z,0,30.014,71.0,34,49.9,18,19,87,64,0.0,255,32767,0.16,2056-9-18,0.04,0.52,23.84,0.0,0.0,0.0,0,0.873046875,6,44,07:14,19:19,2025-03-18 03:54:05.017260,Marina di Stabia
2025-03-18T03:54:16Z,0,30.014,71.0,34,49.9,21,19,91,64,0.0,255,32767,0.16,2056-9-18,0.04,0.52,23.84,0.0,0.0,0.0,0,0.873046875,6,44,07:14,19:19,2025-03-18 03:54:16.086252,Marina di Stabia
2025-03-18T03:54:27Z,0,30.014,71.0,34,49.9,21,19,82,64,0.0,255,32767,0.16,2056-9-18,0.04,0.52,23.84,0.0,0.0,0.0,0,0.873046875,6,44,07:14,19:19,2025-03-18 03:54:27.154278,Marina di Stabia
2025-03-18T03:54:38Z,0,30.014,71.0,34,49.9,19,19,100,64,0.0,255,32767,0.16,2056-9-18,0.04,0.52,23.84,0.0,0.0,0.0,0,0.873046875,6,44,07:14,19:19,2025-03-18 03:54:38.245260,Marina di Stabia
2025-03-18T03:54:49Z,0,30.014,71.0,34,49.9,18,19,109,64,0.0,255,32767,0.16,2056-9-18,0.04,0.52,23.84,0.0,0.0,0.0,0,0.873046875,6,44,07:14,19:19,2025-03-18 03:54:49.305263,Marina di Stabia
2025-03-18T03:55:00Z,0,30.016,71.0,34,49.9,12,19,82,64,0.0,255,32767,0.16,2056-9-18,0.04,0.52,23.84,0.0,0.0,0.0,0,1.4765625,6,44,07:14,19:19,2025-03-18 03:55:00.365260,Marina di Stabia
2025-03-18T03:55:11Z,0,30.016,71.0,34,49.9,21,19,83,64,0.0,255,32767,0.16,2056-9-18,0.04,0.52,23.84,0.0,0.0,0.0,0,1.4765625,6,44,07:14,19:19,2025-03-18 03:55:11.542260,Marina di Stabia
2025-03-18T03:55:22Z,0,30.016,71.0,34,49.9,19,19,69,64,0.0,255,32767,0.16,2056-9-18,0.04,0.52,23.84,0.0,0.0,0.0,0,1.4765625,6,44,07:14,19:19,2025-03-18 03:55:22.607266,Marina di Stabia
2025-03-18T03:55:33Z,0,30.016,71.0,34,49.9,14,19,91,64,0.0,255,32767,0.16,2056-9-18,0.04,0.52,23.84,0.0,0.0,0.0,0,1.4765625,6,44,07:14,19:19,2025-03-18 03:55:33.672277,Marina di Stabia
2025-03-18T03:55:44Z,0,30.016,71.0,34,49.9,14,19,98,64,0.0,255,32767,0.16,2056-9-18,0.04,0.52,23.84,0.0,0.0,0.0,0,1.4765625,6,44,07:14,19:19,2025-03-18 03:55:44.762261,Marina di Stabia
2025-03-18T03:55:56Z,0,30.016,71.0,34,50.0,14,19,101,64,0.0,255,32767,0.16,2056-9-18,0.04,0.52,23.84,0.0,0.0,0.0,0,1.4765625,6,44,07:14,19:19,2025-03-18 03:55:55.861269,Marina di Stabia
2025-03-18T03:56:07Z,0,30.018,71.0,34,49.9,17,18,90,64,0.0,255,32767,0.16,2056-9-18,0.04,0.52,23.84,0.0,0.0,0.0,0,0.873046875,6,44,07:14,19:19,2025-03-18 03:56:06.952266,Marina di Stabia
2025-03-18T03:56:18Z,0,30.018,71.0,34,49.9,19,18,87,64,0.0,255,32767,0.16,2056-9-18,0.04,0.52,23.84,0.0,0.0,0.0,0,0.873046875,6,44,07:14,19:19,2025-03-18 03:56:18.019260,Marina di Stabia
2025-03-18T03:56:29Z,0,30.018,71.0,34,49.9,24,18,93,64,0.0,255,32767,0.16,2056-9-18,0.04,0.52,23.84,0.0,0.0,0.0,0,0.873046875,6,44,07:14,19:19,2025-03-18 03:56:29.078225,Marina di Stabia
2025-03-18T03:56:40Z,0,30.018,71.0,34,50.0,13,18,80,64,0.0,255,32767,0.16,2056-9-18,0.04,0.52,23.84,0.0,0.0,0.0,0,0.873046875,6,44,07:14,19:19,2025-03-18 03:56:40.151259,Marina di Stabia
2025-03-18T03:56:51Z,0,30.018,71.0,34,50.0,18,18,74,64,0.0,255,32767,0.16,2056-9-18,0.04,0.52,23.84,0.0,0.0,0.0,0,0.873046875,6,44,07:14,19:19,2025-03-18 03:56:51.238260,Marina di Stabia
2025-03-18T03:57:02Z,0,30.016,71.0,34,50.0,15,19,92,64,0.0,255,32767,0.16,2056-9-18,0.04,0.52,23.84,0.0,0.0,0.0,0,0.873046875,6,44,07:14,19:19,2025-03-18 03:57:02.332267,Marina di Stabia
2025-03-18T03:57:13Z,0,30.016,71.0,34,49.9,15,19,104,64,0.0,255,32767,0.16,2056-9-18,0.04,0.52,23.84,0.0,0.0,0.0,0,0.873046875,6,44,07:14,19:19,2025-03-18 03:57:13.401263,Marina di Stabia
2025-03-18T03:57:24Z,0,30.016,71.0,34,49.9,14,19,74,64,0.0,255,32767,0.16,2056-9-18,0.04,0.52,23.84,0.0,0.0,0.0,0,0.873046875,6,44,07:14,19:19,2025-03-18 03:57:24.472260,Marina di Stabia
2025-03-18T03:57:35Z,0,30.016,71.0,34,49.9,13,19,74,64,0.0,255,32767,0.16,2056-9-18,0.04,0.52,23.84,0.0,0.0,0.0,0,0.873046875,6,44,07:14,19:19,2025-03-18 03:57:35.536258,Marina di Stabia
2025-03-18T03:57:46Z,0,30.016,71.0,34,49.9,14,19,67,64,0.0,255,32767,0.16,2056-9-18,0.04,0.52,23.84,0.0,0.0,0.0,0,0.873046875,6,44,07:14,19:19,2025-03-18 03:57:46.601256,Marina di Stabia
2025-03-18T03:57:57Z,0,30.018,70.9,34,49.9,12,18,92,64,0.0,255,32767,0.16,2056-9-18,0.04,0.52,23.84,0.0,0.0,0.0,0,0.896484375,6,44,07:14,19:19,2025-03-18 03:57:57.708260,Marina di Stabia
2025-03-18T03:58:08Z,0,30.018,70.9,34,49.9,16,18,91,64,0.0,255,32767,0.16,2056-9-18,0.04,0.52,23.84,0.0,0.0,0.0,0,0.896484375,6,44,07:14,19:19,2025-03-18 03:58:08.783260,Marina di Stabia
2025-03-18T03:58:20Z,0,30.018,70.9,34,49.9,15,18,90,64,0.0,255,32767,0.16,2056-9-18,0.04,0.52,23.84,0.0,0.0,0.0,0,0.896484375,6,44,07:14,19:19,2025-03-18 03:58:19.850258,Marina di Stabia
2025-03-18T03:58:31Z,0,30.018,70.9,34,49.9,14,18,100,64,0.0,255,32767,0.16,2056-9-18,0.04,0.52,23.84,0.0,0.0,0.0,0,0.896484375,6,44,07:14,19:19,2025-03-18 03:58:30.922227,Marina di Stabia
2025-03-18T03:58:42Z,0,30.018,70.9,34,49.9,16,18,84,64,0.0,255,32767,0.16,2056-9-18,0.04,0.52,23.84,0.0,0.0,0.0,0,0.896484375,6,44,07:14,19:19,2025-03-18 03:58:41.992264,Marina di Stabia
2025-03-18T03:58:53Z,0,30.018,70.9,34,49.9,21,18,98,64,0.0,255,32767,0.16,2056-9-18,0.04,0.52,23.84,0.0,0.0,0.0,0,0.896484375,6,44,07:14,19:19,2025-03-18 03:58:53.050272,Marina di Stabia
2025-03-18T03:59:04Z,0,30.013,71.0,34,49.8,18,18,103,64,0.0,255,32767,0.16,2056-9-18,0.04,0.52,23.84,0.0,0.0,0.0,0,0.873046875,6,44,07:14,19:19,2025-03-18 03:59:04.141257,Marina di Stabia
2025-03-18T03:59:15Z,0,30.013,71.0,34,49.8,21,18,100,64,0.0,255,32767,0.16,2056-9-18,0.04,0.52,23.84,0.0,0.0,0.0,0,0.873046875,6,44,07:14,19:19,2025-03-18 03:59:15.213257,Marina di Stabia
2025-03-18T03:59:26Z,0,30.013,71.0,34,49.8,15,18,104,64,0.0,255,32767,0.16,2056-9-18,0.04,0.52,23.84,0.0,0.0,0.0,0,0.873046875,6,44,07:14,19:19,2025-03-18 03:59:26.305261,Marina di Stabia
2025-03-18T03:59:37Z,0,30.013,71.0,34,49.8,8,18,238,64,0.0,255,32767,0.16,2056-9-18,0.04,0.52,23.84,0.0,0.0,0.0,0,0.873046875,6,44,07:14,19:19,2025-03-18 03:59:37.368260,Marina di Stabia
2025-03-18T03:59:48Z,0,30.013,71.0,34,49.9,13,18,89,64,0.0,255,32767,0.16,2056-9-18,0.04,0.52,23.84,0.0,0.0,0.0,0,0.873046875,6,44,07:14,19:19,2025-03-18 03:59:48.431262,Marina di Stabia
2025-03-18T03:59:59Z,0,30.013,70.9,34,49.9,12,17,107,64,0.0,255,32767,0.16,2056-9-18,0.04,0.52,23.84,0.0,0.0,0.0,0,1.119140625,6,44,07:14,19:19,2025-03-18 03:59:59.502257,Marina di Stabia,31.1,6.639279,14.05905,5.7798514,10.930394,EU EEA Common AQI,73.8,6.5582366,13.21546,3600,4.811594,100,100,51.4,8.937198,Very Low,75.5,6.355935,100,1739186100,Very Low,9.633085,6.8510075,Very Low,6.062216,42.9,5.362319,100,1739186100,5.362319
2025-03-18T04:00:10Z,0,30.013,70.9,34,49.9,17,17,98,64,0.0,255,32767,0.16,2056-9-18,0.04,0.52,23.84,0.0,0.0,0.0,0,1.119140625,6,44,07:14,19:19,2025-03-18 04:00:10.629257,Marina di Stabia,31.1,6.639279,14.05905,5.7798514,10.930394,EU EEA Common AQI,73.8,6.5582366,13.21546,3600,4.811594,100,100,51.4,8.937198,Very Low,75.5,6.355935,100,1739186100,Very Low,9.633085,6.8510075,Very Low,6.062216,42.9,5.362319,100,1739186100,5.362319
2025-03-18T04:00:21Z,0,30.013,70.9,34,49.9,21,17,83,64,0.0,255,32767,0.16,2056-9-18,0.04,0.52,23.84,0.0,0.0,0.0,0,1.119140625,6,44,07:14,19:19,2025-03-18 04:00:21.757259,Marina di Stabia,31.1,6.639279,14.05905,5.7798514,10.930394,EU EEA Common AQI,73.8,6.5582366,13.21546,3600,4.811594,100,100,51.4,8.937198,Very Low,75.5,6.355935,100,1739186100,Very Low,9.633085,6.8510075,Very Low,6.062216,42.9,5.362319,100,1739186100,5.362319
2025-03-18T04:00:33Z,0,30.013,70.9,34,49.9,18,17,85,64,0.0,255,32767,0.16,2056-9-18,0.04,0.52,23.84,0.0,0.0,0.0,0,1.119140625,6,44,07:14,19:19,2025-03-18 04:00:32.826253,Marina di Stabia,31.1,6.639279,14.05905,5.7798514,10.930394,EU EEA Common AQI,73.8,6.5582366,13.21546,3600,4.811594,100,100,51.4,8.937198,Very Low,75.5,6.355935,100,1739186100,Very Low,9.633085,6.8510075,Very Low,6.062216,42.9,5.362319,100,1739186100,5.362319
2025-03-18T04:00:44Z,0,30.013,70.9,34,49.9,22,17,94,64,0.0,255,32767,0.16,2056-9-18,0.04,0.52,23.84,0.0,0.0,0.0,0,1.119140625,6,44,07:14,19:19,2025-03-18 04:00:43.906257,Marina di Stabia,31.1,6.639279,14.05905,5.7798514,10.930394,EU EEA Common AQI,73.8,6.5582366,13.21546,3600,4.811594,100,100,51.4,8.937198,Very Low,75.5,6.355935,100,1739186100,Very Low,9.633085,6.8510075,Very Low,6.062216,42.9,5.362319,100,1739186100,5.362319
2025-03-18T04:00:55Z,0,30.013,70.9,34,50.0,14,17,105,64,0.0,255,32767,0.16,2056-9-18,0.04,0.52,23.84,0.0,0.0,0.0,0,1.119140625,6,44,07:14,19:19,2025-03-18 04:00:54.986260,Marina di Stabia,31.1,6.639279,14.05905,5.7798514,10.930394,EU EEA Common AQI,73.8,6.5582366,13.21546,3600,4.811594,100,100,51.4,8.937198,Very Low,75.5,6.355935,100,1739186100,Very Low,9.633085,6.8510075,Very Low,6.062216,42.9,5.362319,100,1739186100,5.362319
2025-03-18T04:01:06Z,0,30.016,70.9,34,50.0,13,18,83,64,0.0,255,32767,0.16,2056-9-18,0.04,0.52,23.84,0.0,0.0,0.0,0,1.55859375,6,44,07:14,19:19,2025-03-18 04:01:06.055268,Marina di Stabia,31.1,6.639279,14.05905,5.7798514,10.930394,EU EEA Common AQI,73.8,6.5582366,13.21546,3600,4.811594,100,100,51.4,8.937198,Very Low,75.5,6.355935,100,1739186100,Very Low,9.633085,6.8510075,Very Low,6.062216,42.9,5.362319,100,1739186100,5.362319
2025-03-18T04:01:17Z,0,30.016,70.9,34,49.9,13,18,105,64,0.0,255,32767,0.16,2056-9-18,0.04,0.52,23.84,0.0,0.0,0.0,0,1.55859375,6,44,07:14,19:19,2025-03-18 04:01:17.164229,Marina di Stabia,31.1,6.639279,14.05905,5.7798514,10.930394,EU EEA Common AQI,73.8,6.5582366,13.21546,3600,4.811594,100,100,51.4,8.937198,Very Low,75.5,6.355935,100,1739186100,Very Low,9.633085,6.8510075,Very Low,6.062216,42.9,5.362319,100,1739186100,5.362319
2025-03-18T04:01:28Z,0,30.016,70.9,34,49.9,16,18,89,64,0.0,255,32767,0.16,2056-9-18,0.04,0.52,23.84,0.0,0.0,0.0,0,1.55859375,6,44,07:14,19:19,2025-03-18 04:01:28.257257,Marina di Stabia,31.1,6.639279,14.05905,5.7798514,10.930394,EU EEA Common AQI,73.8,6.5582366,13.21546,3600,4.811594,100,100,51.4,8.937198,Very Low,75.5,6.355935,100,1739186100,Very Low,9.633085,6.8510075,Very Low,6.062216,42.9,5.362319,100,1739186100,5.362319
2025-03-18T04:01:39Z,0,30.016,70.9,34,50.0,12,18,96,64,0.0,255,32767,0.16,2056-9-18,0.04,0.52,23.84,0.0,0.0,0.0,0,1.55859375,6,44,07:14,19:19,2025-03-18 04:01:39.338276,Marina di Stabia,31.1,6.639279,14.05905,5.7798514,10.930394,EU EEA Common AQI,73.8,6.5582366,13.21546,3600,4.811594,100,100,51.4,8.937198,Very Low,75.5,6.355935,100,1739186100,Very Low,9.633085,6.8510075,Very Low,6.062216,42.9,5.362319,100,1739186100,5.362319
2025-03-18T04:01:50Z,0,30.016,70.9,34,49.9,21,18,91,64,0.0,255,32767,0.16,2056-9-18,0.04,0.52,23.84,0.0,0.0,0.0,0,1.55859375,6,44,07:14,19:19,2025-03-18 04:01:50.412263,Marina di Stabia,31.1,6.639279,14.05905,5.7798514,10.930394,EU EEA Common AQI,73.8,6.5582366,13.21546,3600,4.811594,100,100,51.4,8.937198,Very Low,75.5,6.355935,100,1739186100,Very Low,9.633085,6.8510075,Very Low,6.062216,42.9,5.362319,100,1739186100,5.362319
2025-03-18T04:02:01Z,0,30.017,70.9,34,49.9,19,17,79,64,0.0,255,32767,0.16,2056-9-18,0.04,0.52,23.84,0.0,0.0,0.0,0,2.466796875,6,44,07:14,19:19,2025-03-18 04:02:01.502243,Marina di Stabia,31.1,6.639279,14.05905,5.7798514,10.930394,EU EEA Common AQI,73.8,6.5582366,13.21546,3600,4.811594,100,100,51.4,8.937198,Very Low,75.5,6.355935,100,1739186100,Very Low,9.633085,6.8510075,Very Low,6.062216,42.9,5.362319,100,1739186100,5.362319
2025-03-18T04:02:12Z,0,30.017,70.9,34,50.0,17,17,94,64,0.0,255,32767,0.16,2056-9-18,0.04,0.52,23.84,0.0,0.0,0.0,0,2.466796875,6,44,07:14,19:19,2025-03-18 04:02:12.595269,Marina di Stabia,31.1,6.639279,14.05905,5.7798514,10.930394,EU EEA Common AQI,73.8,6.5582366,13.21546,3600,4.811594,100,100,51.4,8.937198,Very Low,75.5,6.355935,100,1739186100,Very Low,9.633085,6.8510075,Very Low,6.062216,42.9,5.362319,100,1739186100,5.362319
2025-03-18T04:02:23Z,0,30.017,70.9,34,50.0,8,17,70,64,0.0,255,32767,0.16,2056-9-18,0.04,0.52,23.84,0.0,0.0,0.0,0,2.466796875,6,44,07:14,19:19,2025-03-18 04:02:23.715258,Marina di Stabia,31.1,6.639279,14.05905,5.7798514,10.930394,EU EEA Common AQI,73.8,6.5582366,13.21546,3600,4.811594,100,100,51.4,8.937198,Very Low,75.5,6.355935,100,1739186100,Very Low,9.633085,6.8510075,Very Low,6.062216,42.9,5.362319,100,1739186100,5.362319
2025-03-18T04:02:34Z,0,30.017,70.9,34,50.0,16,17,98,64,0.0,255,32767,0.16,2056-9-18,0.04,0.52,23.84,0.0,0.0,0.0,0,2.466796875,6,44,07:14,19:19,2025-03-18 04:02:34.796259,Marina di Stabia,31.1,6.639279,14.05905,5.7798514,10.930394,EU EEA Common AQI,73.8,6.5582366,13.21546,3600,4.811594,100,100,51.4,8.937198,Very Low,75.5,6.355935,100,1739186100,Very Low,9.633085,6.8510075,Very Low,6.062216,42.9,5.362319,100,1739186100,5.362319
2025-03-18T04:02:46Z,0,30.017,70.9,34,50.0,14,17,107,64,0.0,255,32767,0.16,2056-9-18,0.04,0.52,23.84,0.0,0.0,0.0,0,2.466796875,6,44,07:14,19:19,2025-03-18 04:02:45.874262,Marina di Stabia,31.1,6.639279,14.05905,5.7798514,10.930394,EU EEA Common AQI,73.8,6.5582366,13.21546,3600,4.811594,100,100,51.4,8.937198,Very Low,75.5,6.355935,100,1739186100,Very Low,9.633085,6.8510075,Very Low,6.062216,42.9,5.362319,100,1739186100,5.362319
2025-03-18T04:02:57Z,0,30.017,70.9,34,50.0,11,17,93,64,0.0,255,32767,0.16,2056-9-18,0.04,0.52,23.84,0.0,0.0,0.0,0,2.466796875,6,44,07:14,19:19,2025-03-18 04:02:56.965250,Marina di Stabia,31.1,6.639279,14.05905,5.7798514,10.930394,EU EEA Common AQI,73.8,6.5582366,13.21546,3600,4.811594,100,100,51.4,8.937198,Very Low,75.5,6.355935,100,1739186100,Very Low,9.633085,6.8510075,Very Low,6.062216,42.9,5.362319,100,1739186100,5.362319
2025-03-18T04:03:08Z,0,30.02,70.9,34,50.0,24,16,81,64,0.0,255,32767,0.16,2056-9-18,0.04,0.52,23.84,0.0,0.0,0.0,0,0.9140625,6,44,07:14,19:19,2025-03-18 04:03:08.045249,Marina di Stabia,31.1,6.639279,14.05905,5.7798514,10.930394,EU EEA Common AQI,73.8,6.5582366,13.21546,3600,4.811594,100,100,51.4,8.937198,Very Low,75.5,6.355935,100,1739186100,Very Low,9.633085,6.8510075,Very Low,6.062216,42.9,5.362319,100,1739186100,5.362319
2025-03-18T04:03:19Z,0,30.02,70.9,34,50.0,17,16,86,64,0.0,255,32767,0.16,2056-9-18,0.04,0.52,23.84,0.0,0.0,0.0,0,0.9140625,6,44,07:14,19:19,2025-03-18 04:03:19.189274,Marina di Stabia,31.1,6.639279,14.05905,5.7798514,10.930394,EU EEA Common AQI,73.8,6.5582366,13.21546,3600,4.811594,100,100,51.4,8.937198,Very Low,75.5,6.355935,100,1739186100,Very Low,9.633085,6.8510075,Very Low,6.062216,42.9,5.362319,100,1739186100,5.362319
2025-03-18T04:03:30Z,0,30.02,70.9,34,50.0,28,16,92,64,0.0,255,32767,0.16,2056-9-18,0.04,0.52,23.84,0.0,0.0,0.0,0,0.9140625,6,44,07:14,19:19,2025-03-18 04:03:30.278264,Marina di Stabia,31.1,6.639279,14.05905,5.7798514,10.930394,EU EEA Common AQI,73.8,6.5582366,13.21546,3600,4.811594,100,100,51.4,8.937198,Very Low,75.5,6.355935,100,1739186100,Very Low,9.633085,6.8510075,Very Low,6.062216,42.9,5.362319,100,1739186100,5.362319
2025-03-18T04:03:41Z,0,30.02,70.9,34,50.0,22,16,79,64,0.0,255,32767,0.16,2056-9-18,0.04,0.52,23.84,0.0,0.0,0.0,0,0.9140625,6,44,07:14,19:19,2025-03-18 04:03:41.351258,Marina di Stabia,31.1,6.639279,14.05905,5.7798514,10.930394,EU EEA Common AQI,73.8,6.5582366,13.21546,3600,4.811594,100,100,51.4,8.937198,Very Low,75.5,6.355935,100,1739186100,Very Low,9.633085,6.8510075,Very Low,6.062216,42.9,5.362319,100,1739186100,5.362319
2025-03-18T04:03:52Z,0,30.02,70.9,34,50.1,25,16,94,64,0.0,255,32767,0.16,2056-9-18,0.04,0.52,23.84,0.0,0.0,0.0,0,0.9140625,6,44,07:14,19:19,2025-03-18 04:03:52.429262,Marina di Stabia,31.1,6.639279,14.05905,5.7798514,10.930394,EU EEA Common AQI,73.8,6.5582366,13.21546,3600,4.811594,100,100,51.4,8.937198,Very Low,75.5,6.355935,100,1739186100,Very Low,9.633085,6.8510075,Very Low,6.062216,42.9,5.362319,100,1739186100,5.362319
2025-03-18T04:04:03Z,0,30.014,70.9,34,50.1,24,17,88,64,0.0,255,32767,0.16,2056-9-18,0.04,0.52,23.84,0.0,0.0,0.0,0,0.873046875,6,44,07:14,19:19,2025-03-18 04:04:03.520266,Marina di Stabia,31.1,6.639279,14.05905,5.7798514,10.930394,EU EEA Common AQI,73.8,6.5582366,13.21546,3600,4.811594,100,100,51.4,8.937198,Very Low,75.5,6.355935,100,1739186100,Very Low,9.633085,6.8510075,Very Low,6.062216,42.9,5.362319,100,1739186100,5.362319
2025-03-18T04:04:14Z,0,30.014,70.9,34,50.1,23,17,88,63,0.0,255,32767,0.16,2056-9-18,0.04,0.52,23.84,0.0,0.0,0.0,0,0.873046875,6,44,07:14,19:19,2025-03-18 04:04:14.605279,Marina di Stabia,31.1,6.639279,14.05905,5.7798514,10.930394,EU EEA Common AQI,73.8,6.5582366,13.21546,3600,4.811594,100,100,51.4,8.937198,Very Low,75.5,6.355935,100,1739186100,Very Low,9.633085,6.8510075,Very Low,6.062216,42.9,5.362319,100,1739186100,5.362319
2025-03-18T04:04:26Z,0,30.014,70.9,34,50.1,27,17,93,63,0.0,255,32767,0.16,2056-9-18,0.04,0.52,23.84,0.0,0.0,0.0,0,0.873046875,6,44,07:14,19:19,2025-03-18 04:04:25.964271,Marina di Stabia,31.1,6.639279,14.05905,5.7798514,10.930394,EU EEA Common AQI,73.8,6.5582366,13.21546,3600,4.811594,100,100,51.4,8.937198,Very Low,75.5,6.355935,100,1739186100,Very Low,9.633085,6.8510075,Very Low,6.062216,42.9,5.362319,100,1739186100,5.362319
2025-03-18T04:04:37Z,0,30.014,70.9,34,50.1,26,17,82,63,0.0,255,32767,0.16,2056-9-18,0.04,0.52,23.84,0.0,0.0,0.0,0,0.873046875,6,44,07:14,19:19,2025-03-18 04:04:37.062260,Marina di Stabia,31.1,6.639279,14.05905,5.7798514,10.930394,EU EEA Common AQI,73.8,6.5582366,13.21546,3600,4.811594,100,100,51.4,8.937198,Very Low,75.5,6.355935,100,1739186100,Very Low,9.633085,6.8510075,Very Low,6.062216,42.9,5.362319,100,1739186100,5.362319
2025-03-18T04:04:48Z,0,30.014,70.9,34,50.1,24,17,83,63,0.0,255,32767,0.16,2056-9-18,0.04,0.52,23.84,0.0,0.0,0.0,0,0.873046875,6,44,07:14,19:19,2025-03-18 04:04:48.151271,Marina di Stabia,31.1,6.639279,14.05905,5.7798514,10.930394,EU EEA Common AQI,73.8,6.5582366,13.21546,3600,4.811594,100,100,51.4,8.937198,Very Low,75.5,6.355935,100,1739186100,Very Low,9.633085,6.8510075,Very Low,6.062216,42.9,5.362319,100,1739186100,5.362319
2025-03-18T04:04:59Z,0,30.014,70.9,34,50.1,23,17,85,63,0.0,255,32767,0.16,2056-9-18,0.04,0.52,23.84,0.0,0.0,0.0,0,0.9609375,6,44,07:14,19:19,2025-03-18 04:04:59.229267,Marina di Stabia,31.1,6.639279,14.05905,5.7798514,10.930394,EU EEA Common AQI,73.8,6.5582366,13.21546,3600,4.811594,100,100,51.4,8.937198,Very Low,75.5,6.355935,100,1739186100,Very Low,9.633085,6.8510075,Very Low,6.062216,42.9,5.362319,100,1739186100,5.362319
2025-03-18T04:05:10Z,0,30.014,70.9,34,50.1,21,17,71,63,0.0,255,32767,0.16,2056-9-18,0.04,0.52,23.84,0.0,0.0,0.0,0,0.9609375,6,44,07:14,19:19,2025-03-18 04:05:10.352270,Marina di Stabia,31.1,6.639279,14.05905,5.7798514,10.930394,EU EEA Common AQI,73.8,6.5582366,13.21546,3600,4.811594,100,100,51.4,8.937198,Very Low,75.5,6.355935,100,1739186100,Very Low,9.633085,6.8510075,Very Low,6.062216,42.9,5.362319,100,1739186100,5.362319
2025-03-18T04:05:21Z,0,30.014,70.9,34,50.1,23,17,84,63,0.0,255,32767,0.16,2056-9-18,0.04,0.52,23.84,0.0,0.0,0.0,0,0.9609375,6,44,07:14,19:19,2025-03-18 04:05:21.467224,Marina di Stabia,31.1,6.639279,14.05905,5.7798514,10.930394,EU EEA Common AQI,73.8,6.5582366,13.21546,3600,4.811594,100,100,51.4,8.937198,Very Low,75.5,6.355935,100,1739186100,Very Low,9.633085,6.8510075,Very Low,6.062216,42.9,5.362319,100,1739186100,5.362319
2025-03-18T04:05:32Z,0,30.014,70.9,34,50.1,20,17,82,63,0.0,255,32767,0.16,2056-9-18,0.04,0.52,23.84,0.0,0.0,0.0,0,0.9609375,6,44,07:14,19:19,2025-03-18 04:05:32.571221,Marina di Stabia,31.1,6.639279,14.05905,5.7798514,10.930394,EU EEA Common AQI,73.8,6.5582366,13.21546,3600,4.811594,100,100,51.4,8.937198,Very Low,75.5,6.355935,100,1739186100,Very Low,9.633085,6.8510075,Very Low,6.062216,42.9,5.362319,100,1739186100,5.362319
2025-03-18T04:05:43Z,0,30.014,70.9,34,50.1,26,17,90,63,0.0,255,32767,0.16,2056-9-18,0.04,0.52,23.84,0.0,0.0,0.0,0,0.9609375,6,44,07:14,19:19,2025-03-18 04:05:43.651260,Marina di Stabia,31.1,6.639279,14.05905,5.7798514,10.930394,EU EEA Common AQI,73.8,6.5582366,13.21546,3600,4.811594,100,100,51.4,8.937198,Very Low,75.5,6.355935,100,1739186100,Very Low,9.633085,6.8510075,Very Low,6.062216,42.9,5.362319,100,1739186100,5.362319
2025-03-18T04:05:54Z,0,30.014,70.9,34,50.1,18,17,88,63,0.0,255,32767,0.16,2056-9-18,0.04,0.52,23.84,0.0,0.0,0.0,0,0.9609375,6,44,07:14,19:19,2025-03-18 04:05:54.720262,Marina di Stabia,31.1,6.639279,14.05905,5.7798514,10.930394,EU EEA Common AQI,73.8,6.5582366,13.21546,3600,4.811594,100,100,51.4,8.937198,Very Low,75.5,6.355935,100,1739186100,Very Low,9.633085,6.8510075,Very Low,6.062216,42.9,5.362319,100,1739186100,5.362319
2025-03-18T04:06:06Z,0,30.017,70.9,34,50.1,17,18,85,63,0.0,255,32767,0.16,2056-9-18,0.04,0.52,23.84,0.0,0.0,0.0,0,0.873046875,6,44,07:14,19:19,2025-03-18 04:06:05.804260,Marina di Stabia,31.1,6.639279,14.05905,5.7798514,10.930394,EU EEA Common AQI,73.8,6.5582366,13.21546,3600,4.811594,100,100,51.4,8.937198,Very Low,75.5,6.355935,100,1739186100,Very Low,9.633085,6.8510075,Very Low,6.062216,42.9,5.362319,100,1739186100,5.362319
2025-03-18T04:06:17Z,0,30.017,70.9,34,50.1,18,18,98,63,0.0,255,32767,0.16,2056-9-18,0.04,0.52,23.84,0.0,0.0,0.0,0,0.873046875,6,44,07:14,19:19,2025-03-18 04:06:16.884263,Marina di Stabia,31.1,6.639279,14.05905,5.7798514,10.930394,EU EEA Common AQI,73.8,6.5582366,13.21546,3600,4.811594,100,100,51.4,8.937198,Very Low,75.5,6.355935,100,1739186100,Very Low,9.633085,6.8510075,Very Low,6.062216,42.9,5.362319,100,1739186100,5.362319
2025-03-18T04:06:28Z,0,30.017,70.9,34,50.1,19,18,96,63,0.0,255,32767,0.16,2056-9-18,0.04,0.52,23.84,0.0,0.0,0.0,0,0.873046875,6,44,07:14,19:19,2025-03-18 04:06:28.007261,Marina di Stabia,31.1,6.639279,14.05905,5.7798514,10.930394,EU EEA Common AQI,73.8,6.5582366,13.21546,3600,4.811594,100,100,51.4,8.937198,Very Low,75.5,6.355935,100,1739186100,Very Low,9.633085,6.8510075,Very Low,6.062216,42.9,5.362319,100,1739186100,5.362319
2025-03-18T04:06:39Z,0,30.017,70.9,34,50.1,18,18,102,63,0.0,255,32767,0.16,2056-9-18,0.04,0.52,23.84,0.0,0.0,0.0,0,0.873046875,6,44,07:14,19:19,2025-03-18 04:06:39.091258,Marina di Stabia,31.1,6.639279,14.05905,5.7798514,10.930394,EU EEA Common AQI,73.8,6.5582366,13.21546,3600,4.811594,100,100,51.4,8.937198,Very Low,75.5,6.355935,100,1739186100,Very Low,9.633085,6.8510075,Very Low,6.062216,42.9,5.362319,100,1739186100,5.362319
2025-03-18T04:06:50Z,0,30.017,70.9,34,50.1,17,18,91,63,0.0,255,32767,0.16,2056-9-18,0.04,0.52,23.84,0.0,0.0,0.0,0,0.873046875,6,44,07:14,19:19,2025-03-18 04:06:50.183264,Marina di Stabia,31.1,6.639279,14.05905,5.7798514,10.930394,EU EEA Common AQI,73.8,6.5582366,13.21546,3600,4.811594,100,100,51.4,8.937198,Very Low,75.5,6.355935,100,1739186100,Very Low,9.633085,6.8510075,Very Low,6.062216,42.9,5.362319,100,1739186100,5.362319
2025-03-18T04:07:01Z,0,30.014,70.9,34,50.1,16,18,85,63,0.0,255,32767,0.16,2056-9-18,0.04,0.52,23.84,0.0,0.0,0.0,0,1.51171875,6,44,07:14,19:19,2025-03-18 04:07:01.260264,Marina di Stabia,31.1,6.639279,14.05905,5.7798514,10.930394,EU EEA Common AQI,73.8,6.5582366,13.21546,3600,4.811594,100,100,51.4,8.937198,Very Low,75.5,6.355935,100,1739186100,Very Low,9.633085,6.8510075,Very Low,6.062216,42.9,5.362319,100,1739186100,5.362319
2025-03-18T04:07:12Z,0,30.014,70.9,34,50.1,17,18,88,63,0.0,255,32767,0.16,2056-9-18,0.04,0.52,23.84,0.0,0.0,0.0,0,1.51171875,6,44,07:14,19:19,2025-03-18 04:07:12.400260,Marina di Stabia,31.1,6.639279,14.05905,5.7798514,10.930394,EU EEA Common AQI,73.8,6.5582366,13.21546,3600,4.811594,100,100,51.4,8.937198,Very Low,75.5,6.355935,100,1739186100,Very Low,9.633085,6.8510075,Very Low,6.062216,42.9,5.362319,100,1739186100,5.362319
2025-03-18T04:07:23Z,0,30.014,70.9,34,50.1,27,18,98,63,0.0,255,32767,0.16,2056-9-18,0.04,0.52,23.84,0.0,0.0,0.0,0,1.51171875,6,44,07:14,19:19,2025-03-18 04:07:23.508256,Marina di Stabia,31.1,6.639279,14.05905,5.7798514,10.930394,EU EEA Common AQI,73.8,6.5582366,13.21546,3600,4.811594,100,100,51.4,8.937198,Very Low,75.5,6.355935,100,1739186100,Very Low,9.633085,6.8510075,Very Low,6.062216,42.9,5.362319,100,1739186100,5.362319
2025-03-18T04:07:34Z,0,30.014,70.9,34,50.1,26,18,91,63,0.0,255,32767,0.16,2056-9-18,0.04,0.52,23.84,0.0,0.0,0.0,0,1.51171875,6,44,07:14,19:19,2025-03-18 04:07:34.627263,Marina di Stabia,31.1,6.639279,14.05905,5.7798514,10.930394,EU EEA Common AQI,73.8,6.5582366,13.21546,3600,4.811594,100,100,51.4,8.937198,Very Low,75.5,6.355935,100,1739186100,Very Low,9.633085,6.8510075,Very Low,6.062216,42.9,5.362319,100,1739186100,5.362319
2025-03-18T04:07:45Z,0,30.014,70.9,34,50.1,24,18,92,63,0.0,255,32767,0.16,2056-9-18,0.04,0.52,23.84,0.0,0.0,0.0,0,1.51171875,6,44,07:14,19:19,2025-03-18 04:07:45.711260,Marina di Stabia,31.1,6.639279,14.05905,5.7798514,10.930394,EU EEA Common AQI,73.8,6.5582366,13.21546,3600,4.811594,100,100,51.4,8.937198,Very Low,75.5,6.355935,100,1739186100,Very Low,9.633085,6.8510075,Very Low,6.062216,42.9,5.362319,100,1739186100,5.362319
2025-03-18T04:07:57Z,0,30.014,70.9,34,50.1,25,18,100,63,0.0,255,32767,0.16,2056-9-18,0.04,0.52,23.84,0.0,0.0,0.0,0,1.51171875,6,44,07:14,19:19,2025-03-18 04:07:56.801260,Marina di Stabia,31.1,6.639279,14.05905,5.7798514,10.930394,EU EEA Common AQI,73.8,6.5582366,13.21546,3600,4.811594,100,100,51.4,8.937198,Very Low,75.5,6.355935,100,1739186100,Very Low,9.633085,6.8510075,Very Low,6.062216,42.9,5.362319,100,1739186100,5.362319
2025-03-18T04:08:08Z,0,30.015,70.9,34,50.2,20,19,90,63,0.0,255,32767,0.16,2056-9-18,0.04,0.52,23.84,0.0,0.0,0.0,0,0.884765625,6,44,07:14,19:19,2025-03-18 04:08:07.896254,Marina di Stabia,31.1,6.639279,14.05905,5.7798514,10.930394,EU EEA Common AQI,73.8,6.5582366,13.21546,3600,4.811594,100,100,51.4,8.937198,Very Low,75.5,6.355935,100,1739186100,Very Low,9.633085,6.8510075,Very Low,6.062216,42.9,5.362319,100,1739186100,5.362319
2025-03-18T04:08:19Z,0,30.015,70.9,34,50.1,22,19,119,63,0.0,255,32767,0.16,2056-9-18,0.04,0.52,23.84,0.0,0.0,0.0,0,0.884765625,6,44,07:14,19:19,2025-03-18 04:08:18.966261,Marina di Stabia,31.1,6.639279,14.05905,5.7798514,10.930394,EU EEA Common AQI,73.8,6.5582366,13.21546,3600,4.811594,100,100,51.4,8.937198,Very Low,75.5,6.355935,100,1739186100,Very Low,9.633085,6.8510075,Very Low,6.062216,42.9,5.362319,100,1739186100,5.362319
2025-03-18T04:08:30Z,0,30.015,70.9,34,50.1,17,19,96,62,0.0,255,32767,0.16,2056-9-18,0.04,0.52,23.84,0.0,0.0,0.0,0,0.884765625,6,44,07:14,19:19,2025-03-18 04:08:30.056252,Marina di Stabia,31.1,6.639279,14.05905,5.7798514,10.930394,EU EEA Common AQI,73.8,6.5582366,13.21546,3600,4.811594,100,100,51.4,8.937198,Very Low,75.5,6.355935,100,1739186100,Very Low,9.633085,6.8510075,Very Low,6.062216,42.9,5.362319,100,1739186100,5.362319
2025-03-18T04:08:41Z,0,30.015,70.9,34,50.1,26,19,95,62,0.0,255,32767,0.16,2056-9-18,0.04,0.52,23.84,0.0,0.0,0.0,0,0.884765625,6,44,07:14,19:19,2025-03-18 04:08:41.164222,Marina di Stabia,31.1,6.639279,14.05905,5.7798514,10.930394,EU EEA Common AQI,73.8,6.5582366,13.21546,3600,4.811594,100,100,51.4,8.937198,Very Low,75.5,6.355935,100,1739186100,Very Low,9.633085,6.8510075,Very Low,6.062216,42.9,5.362319,100,1739186100,5.362319
2025-03-18T04:08:52Z,0,30.015,70.9,34,50.1,23,19,82,62,0.0,255,32767,0.16,2056-9-18,0.04,0.52,23.84,0.0,0.0,0.0,0,0.884765625,6,44,07:14,19:19,2025-03-18 04:08:52.246265,Marina di Stabia,31.1,6.639279,14.05905,5.7798514,10.930394,EU EEA Common AQI,73.8,6.5582366,13.21546,3600,4.811594,100,100,51.4,8.937198,Very Low,75.5,6.355935,100,1739186100,Very Low,9.633085,6.8510075,Very Low,6.062216,42.9,5.362319,100,1739186100,5.362319
2025-03-18T04:09:03Z,0,30.016,70.9,34,50.2,23,19,102,62,0.0,255,32767,0.16,2056-9-18,0.04,0.52,23.84,0.0,0.0,0.0,0,0.873046875,6,44,07:14,19:19,2025-03-18 04:09:03.320261,Marina di Stabia,31.1,6.639279,14.05905,5.7798514,10.930394,EU EEA Common AQI,73.8,6.5582366,13.21546,3600,4.811594,100,100,51.4,8.937198,Very Low,75.5,6.355935,100,1739186100,Very Low,9.633085,6.8510075,Very Low,6.062216,42.9,5.362319,100,1739186100,5.362319
2025-03-18T04:09:14Z,0,30.016,70.9,34,50.2,14,19,101,62,0.0,255,32767,0.16,2056-9-18,0.04,0.52,23.84,0.0,0.0,0.0,0,0.873046875,6,44,07:14,19:19,2025-03-18 04:09:14.408262,Marina di Stabia,31.1,6.639279,14.05905,5.7798514,10.930394,EU EEA Common AQI,73.8,6.5582366,13.21546,3600,4.811594,100,100,51.4,8.937198,Very Low,75.5,6.355935,100,1739186100,Very Low,9.633085,6.8510075,Very Low,6.062216,42.9,5.362319,100,1739186100,5.362319
2025-03-18T04:09:25Z,0,30.016,70.9,34,50.2,25,19,92,62,0.0,255,32767,0.16,2056-9-18,0.04,0.52,23.84,0.0,0.0,0.0,0,0.873046875,6,44,07:14,19:19,2025-03-18 04:09:25.492277,Marina di Stabia,31.1,6.639279,14.05905,5.7798514,10.930394,EU EEA Common AQI,73.8,6.5582366,13.21546,3600,4.811594,100,100,51.4,8.937198,Very Low,75.5,6.355935,100,1739186100,Very Low,9.633085,6.8510075,Very Low,6.062216,42.9,5.362319,100,1739186100,5.362319
2025-03-18T04:09:36Z,0,30.016,70.9,34,50.2,22,19,84,62,0.0,255,32767,0.16,2056-9-18,0.04,0.52,23.84,0.0,0.0,0.0,0,0.873046875,6,44,07:14,19:19,2025-03-18 04:09:36.573286,Marina di Stabia,31.1,6.639279,14.05905,5.7798514,10.930394,EU EEA Common AQI,73.8,6.5582366,13.21546,3600,4.811594,100,100,51.4,8.937198,Very Low,75.5,6.355935,100,1739186100,Very Low,9.633085,6.8510075,Very Low,6.062216,42.9,5.362319,100,1739186100,5.362319
2025-03-18T04:09:47Z,0,30.016,70.9,34,50.2,21,19,85,62,0.0,255,32767,0.16,2056-9-18,0.04,0.52,23.84,0.0,0.0,0.0,0,0.873046875,6,44,07:14,19:19,2025-03-18 04:09:47.702278,Marina di Stabia,31.1,6.639279,14.05905,5.7798514,10.930394,EU EEA Common AQI,73.8,6.5582366,13.21546,3600,4.811594,100,100,51.4,8.937198,Very Low,75.5,6.355935,100,1739186100,Very Low,9.633085,6.8510075,Very Low,6.062216,42.9,5.362319,100,1739186100,5.362319
2025-03-18T04:09:58Z,0,30.013,70.8,34,50.2,23,20,85,62,0.0,255,32767,0.16,2056-9-18,0.04,0.52,23.84,0.0,0.0,0.0,0,0.896484375,6,44,07:14,19:19,2025-03-18 04:09:58.783271,Marina di Stabia,31.1,6.639279,14.05905,5.7798514,10.930394,EU EEA Common AQI,73.8,6.5582366,13.21546,3600,4.811594,100,100,51.4,8.937198,Very Low,75.5,6.355935,100,1739186100,Very Low,9.633085,6.8510075,Very Low,6.062216,42.9,5.362319,100,1739186100,5.362319
2025-03-18T04:10:10Z,0,30.013,70.8,34,50.2,24,20,88,62,0.0,255,32767,0.16,2056-9-18,0.04,0.52,23.84,0.0,0.0,0.0,0,0.896484375,6,44,07:14,19:19,2025-03-18 04:10:09.880265,Marina di Stabia,31.1,6.639279,14.05905,5.7798514,10.930394,EU EEA Common AQI,73.8,6.5582366,13.21546,3600,4.811594,100,100,51.4,8.937198,Very Low,75.5,6.355935,100,1739186100,Very Low,9.633085,6.8510075,Very Low,6.062216,42.9,5.362319,100,1739186100,5.362319
2025-03-18T04:10:21Z,0,30.013,70.8,34,50.2,26,20,88,62,0.0,255,32767,0.16,2056-9-18,0.04,0.52,23.84,0.0,0.0,0.0,0,0.896484375,6,44,07:14,19:19,2025-03-18 04:10:20.997263,Marina di Stabia,31.1,6.639279,14.05905,5.7798514,10.930394,EU EEA Common AQI,73.8,6.5582366,13.21546,3600,4.811594,100,100,51.4,8.937198,Very Low,75.5,6.355935,100,1739186100,Very Low,9.633085,6.8510075,Very Low,6.062216,42.9,5.362319,100,1739186100,5.362319
2025-03-18T04:10:32Z,0,30.013,70.8,34,50.2,21,20,89,62,0.0,255,32767,0.16,2056-9-18,0.04,0.52,23.84,0.0,0.0,0.0,0,0.896484375,6,44,07:14,19:19,2025-03-18 04:10:32.070253,Marina di Stabia,31.1,6.639279,14.05905,5.7798514,10.930394,EU EEA Common AQI,73.8,6.5582366,13.21546,3600,4.811594,100,100,51.4,8.937198,Very Low,75.5,6.355935,100,1739186100,Very Low,9.633085,6.8510075,Very Low,6.062216,42.9,5.362319,100,1739186100,5.362319
2025-03-18T04:10:43Z,0,30.013,70.8,34,50.3,23,20,111,62,0.0,255,32767,0.16,2056-9-18,0.04,0.52,23.84,0.0,0.0,0.0,0,0.896484375,6,44,07:14,19:19,2025-03-18 04:10:43.151255,Marina di Stabia,31.1,6.639279,14.05905,5.7798514,10.930394,EU EEA Common AQI,73.8,6.5582366,13.21546,3600,4.811594,100,100,51.4,8.937198,Very Low,75.5,6.355935,100,1739186100,Very Low,9.633085,6.8510075,Very Low,6.062216,42.9,5.362319,100,1739186100,5.362319
2025-03-18T04:10:54Z,0,30.013,70.8,34,50.2,19,20,94,62,0.0,255,32767,0.16,2056-9-18,0.04,0.52,23.84,0.0,0.0,0.0,0,0.896484375,6,44,07:14,19:19,2025-03-18 04:10:54.266261,Marina di Stabia,31.1,6.639279,14.05905,5.7798514,10.930394,EU EEA Common AQI,73.8,6.5582366,13.21546,3600,4.811594,100,100,51.4,8.937198,Very Low,75.5,6.355935,100,1739186100,Very Low,9.633085,6.8510075,Very Low,6.062216,42.9,5.362319,100,1739186100,5.362319
2025-03-18T04:11:05Z,0,30.015,70.9,34,50.3,17,20,97,62,0.0,255,32767,0.16,2056-9-18,0.04,0.52,23.84,0.0,0.0,0.0,0,0.90234375,6,44,07:14,19:19,2025-03-18 04:11:05.346259,Marina di Stabia,31.1,6.639279,14.05905,5.7798514,10.930394,EU EEA Common AQI,73.8,6.5582366,13.21546,3600,4.811594,100,100,51.4,8.937198,Very Low,75.5,6.355935,100,1739186100,Very Low,9.633085,6.8510075,Very Low,6.062216,42.9,5.362319,100,1739186100,5.362319
2025-03-18T04:11:16Z,0,30.015,70.9,34,50.3,13,20,88,62,0.0,255,32767,0.16,2056-9-18,0.04,0.52,23.84,0.0,0.0,0.0,0,0.90234375,6,44,07:14,19:19,2025-03-18 04:11:16.509252,Marina di Stabia,31.1,6.639279,14.05905,5.7798514,10.930394,EU EEA Common AQI,73.8,6.5582366,13.21546,3600,4.811594,100,100,51.4,8.937198,Very Low,75.5,6.355935,100,1739186100,Very Low,9.633085,6.8510075,Very Low,6.062216,42.9,5.362319,100,1739186100,5.362319
2025-03-18T04:11:27Z,0,30.015,70.9,34,50.3,13,20,98,62,0.0,255,32767,0.16,2056-9-18,0.04,0.52,23.84,0.0,0.0,0.0,0,0.90234375,6,44,07:14,19:19,2025-03-18 04:11:27.595278,Marina di Stabia,31.1,6.639279,14.05905,5.7798514,10.930394,EU EEA Common AQI,73.8,6.5582366,13.21546,3600,4.811594,100,100,51.4,8.937198,Very Low,75.5,6.355935,100,1739186100,Very Low,9.633085,6.8510075,Very Low,6.062216,42.9,5.362319,100,1739186100,5.362319
2025-03-18T04:11:38Z,0,30.015,70.9,34,50.3,19,20,77,62,0.0,255,32767,0.16,2056-9-18,0.04,0.52,23.84,0.0,0.0,0.0,0,0.90234375,6,44,07:14,19:19,2025-03-18 04:11:38.670265,Marina di Stabia,31.1,6.639279,14.05905,5.7798514,10.930394,EU EEA Common AQI,73.8,6.5582366,13.21546,3600,4.811594,100,100,51.4,8.937198,Very Low,75.5,6.355935,100,1739186100,Very Low,9.633085,6.8510075,Very Low,6.062216,42.9,5.362319,100,1739186100,5.362319
2025-03-18T04:11:49Z,0,30.015,70.9,34,50.2,16,20,105,62,0.0,255,32767,0.16,2056-9-18,0.04,0.52,23.84,0.0,0.0,0.0,0,0.90234375,6,44,07:14,19:19,2025-03-18 04:11:49.763259,Marina di Stabia,31.1,6.639279,14.05905,5.7798514,10.930394,EU EEA Common AQI,73.8,6.5582366,13.21546,3600,4.811594,100,100,51.4,8.937198,Very Low,75.5,6.355935,100,1739186100,Very Low,9.633085,6.8510075,Very Low,6.062216,42.9,5.362319,100,1739186100,5.362319
2025-03-18T04:12:01Z,0,30.014,70.8,34,50.2,17,20,88,62,0.0,255,32767,0.16,2056-9-18,0.04,0.52,23.84,0.0,0.0,0.0,0,1.130859375,6,44,07:14,19:19,2025-03-18 04:12:00.873255,Marina di Stabia,31.1,6.639279,14.05905,5.7798514,10.930394,EU EEA Common AQI,73.8,6.5582366,13.21546,3600,4.811594,100,100,51.4,8.937198,Very Low,75.5,6.355935,100,1739186100,Very Low,9.633085,6.8510075,Very Low,6.062216,42.9,5.362319,100,1739186100,5.362319
2025-03-18T04:12:12Z,0,30.014,70.8,34,50.2,23,20,111,62,0.0,255,32767,0.16,2056-9-18,0.04,0.52,23.84,0.0,0.0,0.0,0,1.130859375,6,44,07:14,19:19,2025-03-18 04:12:12.104260,Marina di Stabia,31.1,6.639279,14.05905,5.7798514,10.930394,EU EEA Common AQI,73.8,6.5582366,13.21546,3600,4.811594,100,100,51.4,8.937198,Very Low,75.5,6.355935,100,1739186100,Very Low,9.633085,6.8510075,Very Low,6.062216,42.9,5.362319,100,1739186100,5.362319
2025-03-18T04:12:23Z,0,30.014,70.8,34,50.2,21,20,74,62,0.0,255,32767,0.16,2056-9-18,0.04,0.52,23.84,0.0,0.0,0.0,0,1.130859375,6,44,07:14,19:19,2025-03-18 04:12:23.191264,Marina di Stabia,31.1,6.639279,14.05905,5.7798514,10.930394,EU EEA Common AQI,73.8,6.5582366,13.21546,3600,4.811594,100,100,51.4,8.937198,Very Low,75.5,6.355935,100,1739186100,Very Low,9.633085,6.8510075,Very Low,6.062216,42.9,5.362319,100,1739186100,5.362319
2025-03-18T04:12:34Z,0,30.014,70.8,34,50.2,20,20,88,62,0.0,255,32767,0.16,2056-9-18,0.04,0.52,23.84,0.0,0.0,0.0,0,1.130859375,6,44,07:14,19:19,2025-03-18 04:12:34.302260,Marina di Stabia,31.1,6.639279,14.05905,5.7798514,10.930394,EU EEA Common AQI,73.8,6.5582366,13.21546,3600,4.811594,100,100,51.4,8.937198,Very Low,75.5,6.355935,100,1739186100,Very Low,9.633085,6.8510075,Very Low,6.062216,42.9,5.362319,100,1739186100,5.362319
2025-03-18T04:12:45Z,0,30.014,70.8,34,50.2,7,20,172,62,0.0,255,32767,0.16,2056-9-18,0.04,0.52,23.84,0.0,0.0,0.0,0,1.130859375,6,44,07:14,19:19,2025-03-18 04:12:45.389258,Marina di Stabia,31.1,6.639279,14.05905,5.7798514,10.930394,EU EEA Common AQI,73.8,6.5582366,13.21546,3600,4.811594,100,100,51.4,8.937198,Very Low,75.5,6.355935,100,1739186100,Very Low,9.633085,6.8510075,Very Low,6.062216,42.9,5.362319,100,1739186100,5.362319
2025-03-18T04:12:56Z,0,30.014,70.8,34,50.2,27,20,95,62,0.0,255,32767,0.16,2056-9-18,0.04,0.52,23.84,0.0,0.0,0.0,0,1.130859375,6,44,07:14,19:19,2025-03-18 04:12:56.470261,Marina di Stabia,31.1,6.639279,14.05905,5.7798514,10.930394,EU EEA Common AQI,73.8,6.5582366,13.21546,3600,4.811594,100,100,51.4,8.937198,Very Low,75.5,6.355935,100,1739186100,Very Low,9.633085,6.8510075,Very Low,6.062216,42.9,5.362319,100,1739186100,5.362319
2025-03-18T04:13:07Z,0,30.014,70.8,34,50.2,20,21,90,62,0.0,255,32767,0.16,2056-9-18,0.04,0.52,23.84,0.0,0.0,0.0,0,0.873046875,6,44,07:14,19:19,2025-03-18 04:13:07.552264,Marina di Stabia,31.1,6.639279,14.05905,5.7798514,10.930394,EU EEA Common AQI,73.8,6.5582366,13.21546,3600,4.811594,100,100,51.4,8.937198,Very Low,75.5,6.355935,100,1739186100,Very Low,9.633085,6.8510075,Very Low,6.062216,42.9,5.362319,100,1739186100,5.362319
2025-03-18T04:13:18Z,0,30.014,70.8,34,50.1,25,21,91,62,0.0,255,32767,0.16,2056-9-18,0.04,0.52,23.84,0.0,0.0,0.0,0,0.873046875,6,44,07:14,19:19,2025-03-18 04:13:18.686267,Marina di Stabia,31.1,6.639279,14.05905,5.7798514,10.930394,EU EEA Common AQI,73.8,6.5582366,13.21546,3600,4.811594,100,100,51.4,8.937198,Very Low,75.5,6.355935,100,1739186100,Very Low,9.633085,6.8510075,Very Low,6.062216,42.9,5.362319,100,1739186100,5.362319
2025-03-18T04:13:30Z,0,30.014,70.8,34,50.1,20,21,94,62,0.0,255,32767,0.16,2056-9-18,0.04,0.52,23.84,0.0,0.0,0.0,0,0.873046875,6,44,07:14,19:19,2025-03-18 04:13:29.803229,Marina di Stabia,31.1,6.639279,14.05905,5.7798514,10.930394,EU EEA Common AQI,73.8,6.5582366,13.21546,3600,4.811594,100,100,51.4,8.937198,Very Low,75.5,6.355935,100,1739186100,Very Low,9.633085,6.8510075,Very Low,6.062216,42.9,5.362319,100,1739186100,5.362319
2025-03-18T04:13:41Z,0,30.014,70.8,34,50.1,21,21,78,62,0.0,255,32767,0.16,2056-9-18,0.04,0.52,23.84,0.0,0.0,0.0,0,0.873046875,6,44,07:14,19:19,2025-03-18 04:13:40.887266,Marina di Stabia,31.1,6.639279,14.05905,5.7798514,10.930394,EU EEA Common AQI,73.8,6.5582366,13.21546,3600,4.811594,100,100,51.4,8.937198,Very Low,75.5,6.355935,100,1739186100,Very Low,9.633085,6.8510075,Very Low,6.062216,42.9,5.362319,100,1739186100,5.362319
2025-03-18T04:13:52Z,0,30.014,70.8,34,50.1,28,21,86,62,0.0,255,32767,0.16,2056-9-18,0.04,0.52,23.84,0.0,0.0,0.0,0,0.873046875,6,44,07:14,19:19,2025-03-18 04:13:52.004261,Marina di Stabia,31.1,6.639279,14.05905,5.7798514,10.930394,EU EEA Common AQI,73.8,6.5582366,13.21546,3600,4.811594,100,100,51.4,8.937198,Very Low,75.5,6.355935,100,1739186100,Very Low,9.633085,6.8510075,Very Low,6.062216,42.9,5.362319,100,1739186100,5.362319
2025-03-18T04:14:03Z,0,30.012,70.8,34,50.1,22,21,84,62,0.0,255,32767,0.16,2056-9-18,0.04,0.52,23.84,0.0,0.0,0.0,0,2.115234375,6,44,07:14,19:19,2025-03-18 04:14:03.110260,Marina di Stabia,31.1,6.639279,14.05905,5.7798514,10.930394,EU EEA Common AQI,73.8,6.5582366,13.21546,3600,4.811594,100,100,51.4,8.937198,Very Low,75.5,6.355935,100,1739186100,Very Low,9.633085,6.8510075,Very Low,6.062216,42.9,5.362319,100,1739186100,5.362319
2025-03-18T04:14:14Z,0,30.012,70.8,34,50.1,17,21,103,62,0.0,255,32767,0.16,2056-9-18,0.04,0.52,23.84,0.0,0.0,0.0,0,2.115234375,6,44,07:14,19:19,2025-03-18 04:14:14.218263,Marina di Stabia,31.1,6.639279,14.05905,5.7798514,10.930394,EU EEA Common AQI,73.8,6.5582366,13.21546,3600,4.811594,100,100,51.4,8.937198,Very Low,75.5,6.355935,100,1739186100,Very Low,9.633085,6.8510075,Very Low,6.062216,42.9,5.362319,100,1739186100,5.362319
2025-03-18T04:14:25Z,0,30.012,70.8,34,50.1,20,21,80,62,0.0,255,32767,0.16,2056-9-18,0.04,0.52,23.84,0.0,0.0,0.0,0,2.115234375,6,44,07:14,19:19,2025-03-18 04:14:25.288272,Marina di Stabia,31.1,6.639279,14.05905,5.7798514,10.930394,EU EEA Common AQI,73.8,6.5582366,13.21546,3600,4.811594,100,100,51.4,8.937198,Very Low,75.5,6.355935,100,1739186100,Very Low,9.633085,6.8510075,Very Low,6.062216,42.9,5.362319,100,1739186100,5.362319
2025-03-18T04:14:36Z,0,30.012,70.8,34,50.1,23,21,84,62,0.0,255,32767,0.16,2056-9-18,0.04,0.52,23.84,0.0,0.0,0.0,0,2.115234375,6,44,07:14,19:19,2025-03-18 04:14:36.373260,Marina di Stabia,31.1,6.639279,14.05905,5.7798514,10.930394,EU EEA Common AQI,73.8,6.5582366,13.21546,3600,4.811594,100,100,51.4,8.937198,Very Low,75.5,6.355935,100,1739186100,Very Low,9.633085,6.8510075,Very Low,6.062216,42.9,5.362319,100,1739186100,5.362319
2025-03-18T04:14:47Z,0,30.012,70.8,34,50.1,22,21,86,62,0.0,255,32767,0.16,2056-9-18,0.04,0.52,23.84,0.0,0.0,0.0,0,2.115234375,6,44,07:14,19:19,2025-03-18 04:14:47.449264,Marina di Stabia,31.1,6.639279,14.05905,5.7798514,10.930394,EU EEA Common AQI,73.8,6.5582366,13.21546,3600,4.811594,100,100,51.4,8.937198,Very Low,75.5,6.355935,100,1739186100,Very Low,9.633085,6.8510075,Very Low,6.062216,42.9,5.362319,100,1739186100,5.362319
2025-03-18T04:14:58Z,0,30.015,70.8,34,50.1,17,21,93,62,0.0,255,32767,0.16,2056-9-18,0.04,0.52,23.84,0.0,0.0,0.0,0,0.87890625,6,44,07:14,19:19,2025-03-18 04:14:58.543262,Marina di Stabia,31.1,6.639279,14.05905,5.7798514,10.930394,EU EEA Common AQI,73.8,6.5582366,13.21546,3600,4.811594,100,100,51.4,8.937198,Very Low,75.5,6.355935,100,1739186100,Very Low,9.633085,6.8510075,Very Low,6.062216,42.9,5.362319,100,1739186100,5.362319
2025-03-18T04:15:09Z,0,30.015,70.8,34,50.1,18,21,111,62,0.0,255,32767,0.16,2056-9-18,0.04,0.52,23.84,0.0,0.0,0.0,0,0.87890625,6,44,07:14,19:19,2025-03-18 04:15:09.621261,Marina di Stabia,31.1,6.639279,14.05905,5.7798514,10.930394,EU EEA Common AQI,73.8,6.5582366,13.21546,3600,4.811594,100,100,51.4,8.937198,Very Low,75.5,6.355935,100,1739186100,Very Low,9.633085,6.8510075,Very Low,6.062216,42.9,5.362319,100,1739186100,5.362319
2025-03-18T04:15:20Z,0,30.015,70.8,34,50.1,22,21,93,62,0.0,255,32767,0.16,2056-9-18,0.04,0.52,23.84,0.0,0.0,0.0,0,0.87890625,6,44,07:14,19:19,2025-03-18 04:15:20.742272,Marina di Stabia,31.1,6.639279,14.05905,5.7798514,10.930394,EU EEA Common AQI,73.8,6.5582366,13.21546,3600,4.811594,100,100,51.4,8.937198,Very Low,75.5,6.355935,100,1739186100,Very Low,9.633085,6.8510075,Very Low,6.062216,42.9,5.362319,100,1739186100,5.362319
2025-03-18T04:15:32Z,0,30.015,70.8,34,50.1,24,21,94,62,0.0,255,32767,0.16,2056-9-18,0.04,0.52,23.84,0.0,0.0,0.0,0,0.87890625,6,44,07:14,19:19,2025-03-18 04:15:31.817267,Marina di Stabia,31.1,6.639279,14.05905,5.7798514,10.930394,EU EEA Common AQI,73.8,6.5582366,13.21546,3600,4.811594,100,100,51.4,8.937198,Very Low,75.5,6.355935,100,1739186100,Very Low,9.633085,6.8510075,Very Low,6.062216,42.9,5.362319,100,1739186100,5.362319
2025-03-18T04:15:43Z,0,30.015,70.8,34,50.1,19,21,82,62,0.0,255,32767,0.16,2056-9-18,0.04,0.52,23.84,0.0,0.0,0.0,0,0.87890625,6,44,07:14,19:19,2025-03-18 04:15:42.936263,Marina di Stabia,31.1,6.639279,14.05905,5.7798514,10.930394,EU EEA Common AQI,73.8,6.5582366,13.21546,3600,4.811594,100,100,51.4,8.937198,Very Low,75.5,6.355935,100,1739186100,Very Low,9.633085,6.8510075,Very Low,6.062216,42.9,5.362319,100,1739186100,5.362319
2025-03-18T04:15:54Z,0,30.015,70.8,34,50.1,22,21,84,62,0.0,255,32767,0.16,2056-9-18,0.04,0.52,23.84,0.0,0.0,0.0,0,0.87890625,6,44,07:14,19:19,2025-03-18 04:15:54.031255,Marina di Stabia,31.1,6.639279,14.05905,5.7798514,10.930394,EU EEA Common AQI,73.8,6.5582366,13.21546,3600,4.811594,100,100,51.4,8.937198,Very Low,75.5,6.355935,100,1739186100,Very Low,9.633085,6.8510075,Very Low,6.062216,42.9,5.362319,100,1739186100,5.362319
2025-03-18T04:16:05Z,0,30.014,70.8,34,50.1,14,21,88,62,0.0,255,32767,0.16,2056-9-18,0.04,0.52,23.84,0.0,0.0,0.0,0,0.9609375,6,44,07:14,19:19,2025-03-18 04:16:05.102254,Marina di Stabia,31.1,6.639279,14.05905,5.7798514,10.930394,EU EEA Common AQI,73.8,6.5582366,13.21546,3600,4.811594,100,100,51.4,8.937198,Very Low,75.5,6.355935,100,1739186100,Very Low,9.633085,6.8510075,Very Low,6.062216,42.9,5.362319,100,1739186100,5.362319
2025-03-18T04:16:16Z,0,30.014,70.8,34,50.1,20,21,85,62,0.0,255,32767,0.16,2056-9-18,0.04,0.52,23.84,0.0,0.0,0.0,0,0.9609375,6,44,07:14,19:19,2025-03-18 04:16:16.190262,Marina di Stabia,31.1,6.639279,14.05905,5.7798514,10.930394,EU EEA Common AQI,73.8,6.5582366,13.21546,3600,4.811594,100,100,51.4,8.937198,Very Low,75.5,6.355935,100,1739186100,Very Low,9.633085,6.8510075,Very Low,6.062216,42.9,5.362319,100,1739186100,5.362319
2025-03-18T04:16:27Z,0,30.014,70.8,34,50.1,16,21,94,62,0.0,255,32767,0.16,2056-9-18,0.04,0.52,23.84,0.0,0.0,0.0,0,0.9609375,6,44,07:14,19:19,2025-03-18 04:16:27.291271,Marina di Stabia,31.1,6.639279,14.05905,5.7798514,10.930394,EU EEA Common AQI,73.8,6.5582366,13.21546,3600,4.811594,100,100,51.4,8.937198,Very Low,75.5,6.355935,100,1739186100,Very Low,9.633085,6.8510075,Very Low,6.062216,42.9,5.362319,100,1739186100,5.362319
2025-03-18T04:16:38Z,0,30.014,70.8,34,50.1,22,21,86,62,0.0,255,32767,0.16,2056-9-18,0.04,0.52,23.84,0.0,0.0,0.0,0,0.9609375,6,44,07:14,19:19,2025-03-18 04:16:38.375257,Marina di Stabia,31.1,6.639279,14.05905,5.7798514,10.930394,EU EEA Common AQI,73.8,6.5582366,13.21546,3600,4.811594,100,100,51.4,8.937198,Very Low,75.5,6.355935,100,1739186100,Very Low,9.633085,6.8510075,Very Low,6.062216,42.9,5.362319,100,1739186100,5.362319
2025-03-18T04:16:49Z,0,30.014,70.8,34,50.1,21,21,97,62,0.0,255,32767,0.16,2056-9-18,0.04,0.52,23.84,0.0,0.0,0.0,0,0.9609375,6,44,07:14,19:19,2025-03-18 04:16:49.450271,Marina di Stabia,31.1,6.639279,14.05905,5.7798514,10.930394,EU EEA Common AQI,73.8,6.5582366,13.21546,3600,4.811594,100,100,51.4,8.937198,Very Low,75.5,6.355935,100,1739186100,Very Low,9.633085,6.8510075,Very Low,6.062216,42.9,5.362319,100,1739186100,5.362319
2025-03-18T04:17:00Z,0,30.012,70.8,34,50.1,23,21,107,62,0.0,255,32767,0.16,2056-9-18,0.04,0.52,23.84,0.0,0.0,0.0,0,0.955078125,6,44,07:14,19:19,2025-03-18 04:17:00.525257,Marina di Stabia,31.1,6.639279,14.05905,5.7798514,10.930394,EU EEA Common AQI,73.8,6.5582366,13.21546,3600,4.811594,100,100,51.4,8.937198,Very Low,75.5,6.355935,100,1739186100,Very Low,9.633085,6.8510075,Very Low,6.062216,42.9,5.362319,100,1739186100,5.362319
2025-03-18T04:17:11Z,0,30.012,70.8,34,50.1,25,21,114,62,0.0,255,32767,0.16,2056-9-18,0.04,0.52,23.84,0.0,0.0,0.0,0,0.955078125,6,44,07:14,19:19,2025-03-18 04:17:11.697263,Marina di Stabia,31.1,6.639279,14.05905,5.7798514,10.930394,EU EEA Common AQI,73.8,6.5582366,13.21546,3600,4.811594,100,100,51.4,8.937198,Very Low,75.5,6.355935,100,1739186100,Very Low,9.633085,6.8510075,Very Low,6.062216,42.9,5.362319,100,1739186100,5.362319
2025-03-18T04:17:23Z,0,30.012,70.8,34,50.1,21,21,96,62,0.0,255,32767,0.16,2056-9-18,0.04,0.52,23.84,0.0,0.0,0.0,0,0.955078125,6,44,07:14,19:19,2025-03-18 04:17:22.830254,Marina di Stabia,31.1,6.639279,14.05905,5.7798514,10.930394,EU EEA Common AQI,73.8,6.5582366,13.21546,3600,4.811594,100,100,51.4,8.937198,Very Low,75.5,6.355935,100,1739186100,Very Low,9.633085,6.8510075,Very Low,6.062216,42.9,5.362319,100,1739186100,5.362319
2025-03-18T04:17:34Z,0,30.012,70.8,34,50.1,24,21,79,62,0.0,255,32767,0.16,2056-9-18,0.04,0.52,23.84,0.0,0.0,0.0,0,0.955078125,6,44,07:14,19:19,2025-03-18 04:17:33.905259,Marina di Stabia,31.1,6.639279,14.05905,5.7798514,10.930394,EU EEA Common AQI,73.8,6.5582366,13.21546,3600,4.811594,100,100,51.4,8.937198,Very Low,75.5,6.355935,100,1739186100,Very Low,9.633085,6.8510075,Very Low,6.062216,42.9,5.362319,100,1739186100,5.362319
2025-03-18T04:17:45Z,0,30.012,70.8,34,50.1,21,21,64,62,0.0,255,32767,0.16,2056-9-18,0.04,0.52,23.84,0.0,0.0,0.0,0,0.955078125,6,44,07:14,19:19,2025-03-18 04:17:45.019266,Marina di Stabia,31.1,6.639279,14.05905,5.7798514,10.930394,EU EEA Common AQI,73.8,6.5582366,13.21546,3600,4.811594,100,100,51.4,8.937198,Very Low,75.5,6.355935,100,1739186100,Very Low,9.633085,6.8510075,Very Low,6.062216,42.9,5.362319,100,1739186100,5.362319
2025-03-18T04:17:56Z,0,30.012,70.8,34,50.1,26,21,82,62,0.0,255,32767,0.16,2056-9-18,0.04,0.52,23.84,0.0,0.0,0.0,0,0.955078125,6,44,07:14,19:19,2025-03-18 04:17:56.096216,Marina di Stabia,31.1,6.639279,14.05905,5.7798514,10.930394,EU EEA Common AQI,73.8,6.5582366,13.21546,3600,4.811594,100,100,51.4,8.937198,Very Low,75.5,6.355935,100,1739186100,Very Low,9.633085,6.8510075,Very Low,6.062216,42.9,5.362319,100,1739186100,5.362319
2025-03-18T04:18:07Z,0,30.013,70.8,34,50.1,24,21,86,62,0.0,255,32767,0.16,2056-9-18,0.04,0.52,23.84,0.0,0.0,0.0,0,0.873046875,6,44,07:14,19:19,2025-03-18 04:18:07.182236,Marina di Stabia,31.1,6.639279,14.05905,5.7798514,10.930394,EU EEA Common AQI,73.8,6.5582366,13.21546,3600,4.811594,100,100,51.4,8.937198,Very Low,75.5,6.355935,100,1739186100,Very Low,9.633085,6.8510075,Very Low,6.062216,42.9,5.362319,100,1739186100,5.362319
2025-03-18T04:18:18Z,0,30.013,70.8,34,50.1,28,21,90,62,0.0,255,32767,0.16,2056-9-18,0.04,0.52,23.84,0.0,0.0,0.0,0,0.873046875,6,44,07:14,19:19,2025-03-18 04:18:18.266260,Marina di Stabia,31.1,6.639279,14.05905,5.7798514,10.930394,EU EEA Common AQI,73.8,6.5582366,13.21546,3600,4.811594,100,100,51.4,8.937198,Very Low,75.5,6.355935,100,1739186100,Very Low,9.633085,6.8510075,Very Low,6.062216,42.9,5.362319,100,1739186100,5.362319
2025-03-18T04:18:29Z,0,30.013,70.8,34,50.1,21,21,88,62,0.0,255,32767,0.16,2056-9-18,0.04,0.52,23.84,0.0,0.0,0.0,0,0.873046875,6,44,07:14,19:19,2025-03-18 04:18:29.377272,Marina di Stabia,31.1,6.639279,14.05905,5.7798514,10.930394,EU EEA Common AQI,73.8,6.5582366,13.21546,3600,4.811594,100,100,51.4,8.937198,Very Low,75.5,6.355935,100,1739186100,Very Low,9.633085,6.8510075,Very Low,6.062216,42.9,5.362319,100,1739186100,5.362319
2025-03-18T04:18:40Z,0,30.013,70.8,34,50.1,17,21,95,62,0.0,255,32767,0.16,2056-9-18,0.04,0.52,23.84,0.0,0.0,0.0,0,0.873046875,6,44,07:14,19:19,2025-03-18 04:18:40.459258,Marina di Stabia,31.1,6.639279,14.05905,5.7798514,10.930394,EU EEA Common AQI,73.8,6.5582366,13.21546,3600,4.811594,100,100,51.4,8.937198,Very Low,75.5,6.355935,100,1739186100,Very Low,9.633085,6.8510075,Very Low,6.062216,42.9,5.362319,100,1739186100,5.362319
2025-03-18T04:18:51Z,0,30.013,70.8,34,50.1,27,21,80,62,0.0,255,32767,0.16,2056-9-18,0.04,0.52,23.84,0.0,0.0,0.0,0,0.873046875,6,44,07:14,19:19,2025-03-18 04:18:51.534230,Marina di Stabia,31.1,6.639279,14.05905,5.7798514,10.930394,EU EEA Common AQI,73.8,6.5582366,13.21546,3600,4.811594,100,100,51.4,8.937198,Very Low,75.5,6.355935,100,1739186100,Very Low,9.633085,6.8510075,Very Low,6.062216,42.9,5.362319,100,1739186100,5.362319
2025-03-18T04:19:02Z,0,30.011,70.8,34,50.1,25,21,95,62,0.0,255,32767,0.16,2056-9-18,0.04,0.52,23.84,0.0,0.0,0.0,0,1.564453125,6,44,07:14,19:19,2025-03-18 04:19:02.617261,Marina di Stabia,31.1,6.639279,14.05905,5.7798514,10.930394,EU EEA Common AQI,73.8,6.5582366,13.21546,3600,4.811594,100,100,51.4,8.937198,Very Low,75.5,6.355935,100,1739186100,Very Low,9.633085,6.8510075,Very Low,6.062216,42.9,5.362319,100,1739186100,5.362319
2025-03-18T04:19:13Z,0,30.011,70.8,34,50.1,16,21,71,62,0.0,255,32767,0.16,2056-9-18,0.04,0.52,23.84,0.0,0.0,0.0,0,1.564453125,6,44,07:14,19:19,2025-03-18 04:19:13.740252,Marina di Stabia,31.1,6.639279,14.05905,5.7798514,10.930394,EU EEA Common AQI,73.8,6.5582366,13.21546,3600,4.811594,100,100,51.4,8.937198,Very Low,75.5,6.355935,100,1739186100,Very Low,9.633085,6.8510075,Very Low,6.062216,42.9,5.362319,100,1739186100,5.362319
2025-03-18T04:19:25Z,0,30.011,70.8,34,50.1,28,21,88,62,0.0,255,32767,0.16,2056-9-18,0.04,0.52,23.84,0.0,0.0,0.0,0,1.564453125,6,44,07:14,19:19,2025-03-18 04:19:24.821259,Marina di Stabia,31.1,6.639279,14.05905,5.7798514,10.930394,EU EEA Common AQI,73.8,6.5582366,13.21546,3600,4.811594,100,100,51.4,8.937198,Very Low,75.5,6.355935,100,1739186100,Very Low,9.633085,6.8510075,Very Low,6.062216,42.9,5.362319,100,1739186100,5.362319
2025-03-18T04:19:36Z,0,30.011,70.8,34,50.1,22,21,82,62,0.0,255,32767,0.16,2056-9-18,0.04,0.52,23.84,0.0,0.0,0.0,0,1.564453125,6,44,07:14,19:19,2025-03-18 04:19:35.924263,Marina di Stabia,31.1,6.639279,14.05905,5.7798514,10.930394,EU EEA Common AQI,73.8,6.5582366,13.21546,3600,4.811594,100,100,51.4,8.937198,Very Low,75.5,6.355935,100,1739186100,Very Low,9.633085,6.8510075,Very Low,6.062216,42.9,5.362319,100,1739186100,5.362319
2025-03-18T04:19:47Z,0,30.011,70.8,34,50.1,21,21,81,62,0.0,255,32767,0.16,2056-9-18,0.04,0.52,23.84,0.0,0.0,0.0,0,1.564453125,6,44,07:14,19:19,2025-03-18 04:19:47.020257,Marina di Stabia,31.1,6.639279,14.05905,5.7798514,10.930394,EU EEA Common AQI,73.8,6.5582366,13.21546,3600,4.811594,100,100,51.4,8.937198,Very Low,75.5,6.355935,100,1739186100,Very Low,9.633085,6.8510075,Very Low,6.062216,42.9,5.362319,100,1739186100,5.362319
2025-03-18T04:19:58Z,0,30.014,70.8,34,50.1,18,21,82,62,0.0,255,32767,0.16,2056-9-18,0.04,0.52,23.84,0.0,0.0,0.0,0,0.873046875,6,44,07:14,19:19,2025-03-18 04:19:58.099270,Marina di Stabia,31.1,6.639279,14.05905,5.7798514,10.930394,EU EEA Common AQI,73.8,6.5582366,13.21546,3600,4.811594,100,100,51.4,8.937198,Very Low,75.5,6.355935,100,1739186100,Very Low,9.633085,6.8510075,Very Low,6.062216,42.9,5.362319,100,1739186100,5.362319
2025-03-18T04:20:09Z,0,30.014,70.8,34,50.1,27,21,90,62,0.0,255,32767,0.16,2056-9-18,0.04,0.52,23.84,0.0,0.0,0.0,0,0.873046875,6,44,07:14,19:19,2025-03-18 04:20:09.183266,Marina di Stabia,31.1,6.639279,14.05905,5.7798514,10.930394,EU EEA Common AQI,73.8,6.5582366,13.21546,3600,4.811594,100,100,51.4,8.937198,Very Low,75.5,6.355935,100,1739186100,Very Low,9.633085,6.8510075,Very Low,6.062216,42.9,5.362319,100,1739186100,5.362319
2025-03-18T04:20:20Z,0,30.014,70.8,34,50.1,19,21,65,62,0.0,255,32767,0.16,2056-9-18,0.04,0.52,23.84,0.0,0.0,0.0,0,0.873046875,6,44,07:14,19:19,2025-03-18 04:20:20.263258,Marina di Stabia,31.1,6.639279,14.05905,5.7798514,10.930394,EU EEA Common AQI,73.8,6.5582366,13.21546,3600,4.811594,100,100,51.4,8.937198,Very Low,75.5,6.355935,100,1739186100,Very Low,9.633085,6.8510075,Very Low,6.062216,42.9,5.362319,100,1739186100,5.362319
2025-03-18T04:20:31Z,0,30.014,70.8,34,50.1,26,21,84,62,0.0,255,32767,0.16,2056-9-18,0.04,0.52,23.84,0.0,0.0,0.0,0,0.873046875,6,44,07:14,19:19,2025-03-18 04:20:31.383267,Marina di Stabia,31.1,6.639279,14.05905,5.7798514,10.930394,EU EEA Common AQI,73.8,6.5582366,13.21546,3600,4.811594,100,100,51.4,8.937198,Very Low,75.5,6.355935,100,1739186100,Very Low,9.633085,6.8510075,Very Low,6.062216,42.9,5.362319,100,1739186100,5.362319
2025-03-18T04:20:42Z,0,30.014,70.8,34,50.1,20,21,86,62,0.0,255,32767,0.16,2056-9-18,0.04,0.52,23.84,0.0,0.0,0.0,0,0.873046875,6,44,07:14,19:19,2025-03-18 04:20:42.471263,Marina di Stabia,31.1,6.639279,14.05905,5.7798514,10.930394,EU EEA Common AQI,73.8,6.5582366,13.21546,3600,4.811594,100,100,51.4,8.937198,Very Low,75.5,6.355935,100,1739186100,Very Low,9.633085,6.8510075,Very Low,6.062216,42.9,5.362319,100,1739186100,5.362319
2025-03-18T04:20:53Z,0,30.014,70.8,34,50.1,16,21,86,62,0.0,255,32767,0.16,2056-9-18,0.04,0.52,23.84,0.0,0.0,0.0,0,0.873046875,6,44,07:14,19:19,2025-03-18 04:20:53.591255,Marina di Stabia,31.1,6.639279,14.05905,5.7798514,10.930394,EU EEA Common AQI,73.8,6.5582366,13.21546,3600,4.811594,100,100,51.4,8.937198,Very Low,75.5,6.355935,100,1739186100,Very Low,9.633085,6.8510075,Very Low,6.062216,42.9,5.362319,100,1739186100,5.362319
2025-03-18T04:21:04Z,0,30.015,70.8,34,50.1,17,21,88,62,0.0,255,32767,0.16,2056-9-18,0.04,0.52,23.84,0.0,0.0,0.0,0,0.90234375,6,44,07:14,19:19,2025-03-18 04:21:04.702259,Marina di Stabia,31.1,6.639279,14.05905,5.7798514,10.930394,EU EEA Common AQI,73.8,6.5582366,13.21546,3600,4.811594,100,100,51.4,8.937198,Very Low,75.5,6.355935,100,1739186100,Very Low,9.633085,6.8510075,Very Low,6.062216,42.9,5.362319,100,1739186100,5.362319
2025-03-18T04:21:15Z,0,30.015,70.8,34,50.1,15,21,89,62,0.0,255,32767,0.16,2056-9-18,0.04,0.52,23.84,0.0,0.0,0.0,0,0.90234375,6,44,07:14,19:19,2025-03-18 04:21:15.783262,Marina di Stabia,31.1,6.639279,14.05905,5.7798514,10.930394,EU EEA Common AQI,73.8,6.5582366,13.21546,3600,4.811594,100,100,51.4,8.937198,Very Low,75.5,6.355935,100,1739186100,Very Low,9.633085,6.8510075,Very Low,6.062216,42.9,5.362319,100,1739186100,5.362319
2025-03-18T04:21:27Z,0,30.015,70.8,34,50.1,15,21,99,62,0.0,255,32767,0.16,2056-9-18,0.04,0.52,23.84,0.0,0.0,0.0,0,0.90234375,6,44,07:14,19:19,2025-03-18 04:21:26.894254,Marina di Stabia,31.1,6.639279,14.05905,5.7798514,10.930394,EU EEA Common AQI,73.8,6.5582366,13.21546,3600,4.811594,100,100,51.4,8.937198,Very Low,75.5,6.355935,100,1739186100,Very Low,9.633085,6.8510075,Very Low,6.062216,42.9,5.362319,100,1739186100,5.362319
2025-03-18T04:21:38Z,0,30.015,70.8,34,50.1,17,21,82,62,0.0,255,32767,0.16,2056-9-18,0.04,0.52,23.84,0.0,0.0,0.0,0,0.90234375,6,44,07:14,19:19,2025-03-18 04:21:37.996268,Marina di Stabia,31.1,6.639279,14.05905,5.7798514,10.930394,EU EEA Common AQI,73.8,6.5582366,13.21546,3600,4.811594,100,100,51.4,8.937198,Very Low,75.5,6.355935,100,1739186100,Very Low,9.633085,6.8510075,Very Low,6.062216,42.9,5.362319,100,1739186100,5.362319
2025-03-18T04:21:49Z,0,30.015,70.8,34,50.1,18,21,70,62,0.0,255,32767,0.16,2056-9-18,0.04,0.52,23.84,0.0,0.0,0.0,0,0.90234375,6,44,07:14,19:19,2025-03-18 04:21:49.078255,Marina di Stabia,31.1,6.639279,14.05905,5.7798514,10.930394,EU EEA Common AQI,73.8,6.5582366,13.21546,3600,4.811594,100,100,51.4,8.937198,Very Low,75.5,6.355935,100,1739186100,Very Low,9.633085,6.8510075,Very Low,6.062216,42.9,5.362319,100,1739186100,5.362319
2025-03-18T04:22:00Z,0,30.014,70.7,34,50.0,17,21,87,62,0.0,255,32767,0.16,2056-9-18,0.04,0.52,23.84,0.0,0.0,0.0,0,0.90234375,6,44,07:14,19:19,2025-03-18 04:22:00.155263,Marina di Stabia,31.1,6.639279,14.05905,5.7798514,10.930394,EU EEA Common AQI,73.8,6.5582366,13.21546,3600,4.811594,100,100,51.4,8.937198,Very Low,75.5,6.355935,100,1739186100,Very Low,9.633085,6.8510075,Very Low,6.062216,42.9,5.362319,100,1739186100,5.362319
2025-03-18T04:22:11Z,0,30.014,70.7,34,50.0,20,21,81,62,0.0,255,32767,0.16,2056-9-18,0.04,0.52,23.84,0.0,0.0,0.0,0,0.90234375,6,44,07:14,19:19,2025-03-18 04:22:11.269259,Marina di Stabia,31.1,6.639279,14.05905,5.7798514,10.930394,EU EEA Common AQI,73.8,6.5582366,13.21546,3600,4.811594,100,100,51.4,8.937198,Very Low,75.5,6.355935,100,1739186100,Very Low,9.633085,6.8510075,Very Low,6.062216,42.9,5.362319,100,1739186100,5.362319
2025-03-18T04:22:22Z,0,30.014,70.7,34,50.0,17,21,95,62,0.0,255,32767,0.16,2056-9-18,0.04,0.52,23.84,0.0,0.0,0.0,0,0.90234375,6,44,07:14,19:19,2025-03-18 04:22:22.359256,Marina di Stabia,31.1,6.639279,14.05905,5.7798514,10.930394,EU EEA Common AQI,73.8,6.5582366,13.21546,3600,4.811594,100,100,51.4,8.937198,Very Low,75.5,6.355935,100,1739186100,Very Low,9.633085,6.8510075,Very Low,6.062216,42.9,5.362319,100,1739186100,5.362319
2025-03-18T04:22:33Z,0,30.014,70.7,34,50.0,24,21,95,62,0.0,255,32767,0.16,2056-9-18,0.04,0.52,23.84,0.0,0.0,0.0,0,0.90234375,6,44,07:14,19:19,2025-03-18 04:22:33.453262,Marina di Stabia,31.1,6.639279,14.05905,5.7798514,10.930394,EU EEA Common AQI,73.8,6.5582366,13.21546,3600,4.811594,100,100,51.4,8.937198,Very Low,75.5,6.355935,100,1739186100,Very Low,9.633085,6.8510075,Very Low,6.062216,42.9,5.362319,100,1739186100,5.362319
2025-03-18T04:22:44Z,0,30.014,70.7,34,50.0,22,21,85,62,0.0,255,32767,0.16,2056-9-18,0.04,0.52,23.84,0.0,0.0,0.0,0,0.90234375,6,44,07:14,19:19,2025-03-18 04:22:44.571262,Marina di Stabia,31.1,6.639279,14.05905,5.7798514,10.930394,EU EEA Common AQI,73.8,6.5582366,13.21546,3600,4.811594,100,100,51.4,8.937198,Very Low,75.5,6.355935,100,1739186100,Very Low,9.633085,6.8510075,Very Low,6.062216,42.9,5.362319,100,1739186100,5.362319
2025-03-18T04:22:55Z,0,30.014,70.7,34,50.0,18,21,110,62,0.0,255,32767,0.16,2056-9-18,0.04,0.52,23.84,0.0,0.0,0.0,0,0.90234375,6,44,07:14,19:19,2025-03-18 04:22:55.669226,Marina di Stabia,31.1,6.639279,14.05905,5.7798514,10.930394,EU EEA Common AQI,73.8,6.5582366,13.21546,3600,4.811594,100,100,51.4,8.937198,Very Low,75.5,6.355935,100,1739186100,Very Low,9.633085,6.8510075,Very Low,6.062216,42.9,5.362319,100,1739186100,5.362319
2025-03-18T04:23:06Z,0,30.014,70.7,34,50.0,16,21,86,63,0.0,255,32767,0.16,2056-9-18,0.04,0.52,23.84,0.0,0.0,0.0,0,0.873046875,6,44,07:14,19:19,2025-03-18 04:23:06.756262,Marina di Stabia,31.1,6.639279,14.05905,5.7798514,10.930394,EU EEA Common AQI,73.8,6.5582366,13.21546,3600,4.811594,100,100,51.4,8.937198,Very Low,75.5,6.355935,100,1739186100,Very Low,9.633085,6.8510075,Very Low,6.062216,42.9,5.362319,100,1739186100,5.362319
2025-03-18T04:23:18Z,0,30.014,70.7,34,50.0,21,21,81,63,0.0,255,32767,0.16,2056-9-18,0.04,0.52,23.84,0.0,0.0,0.0,0,0.873046875,6,44,07:14,19:19,2025-03-18 04:23:17.861260,Marina di Stabia,31.1,6.639279,14.05905,5.7798514,10.930394,EU EEA Common AQI,73.8,6.5582366,13.21546,3600,4.811594,100,100,51.4,8.937198,Very Low,75.5,6.355935,100,1739186100,Very Low,9.633085,6.8510075,Very Low,6.062216,42.9,5.362319,100,1739186100,5.362319
2025-03-18T04:23:29Z,0,30.014,70.7,34,49.9,27,21,88,63,0.0,255,32767,0.16,2056-9-18,0.04,0.52,23.84,0.0,0.0,0.0,0,0.873046875,6,44,07:14,19:19,2025-03-18 04:23:28.986256,Marina di Stabia,31.1,6.639279,14.05905,5.7798514,10.930394,EU EEA Common AQI,73.8,6.5582366,13.21546,3600,4.811594,100,100,51.4,8.937198,Very Low,75.5,6.355935,100,1739186100,Very Low,9.633085,6.8510075,Very Low,6.062216,42.9,5.362319,100,1739186100,5.362319
2025-03-18T04:23:40Z,0,30.014,70.7,34,49.9,27,21,107,63,0.0,255,32767,0.16,2056-9-18,0.04,0.52,23.84,0.0,0.0,0.0,0,0.873046875,6,44,07:14,19:19,2025-03-18 04:23:40.069257,Marina di Stabia,31.1,6.639279,14.05905,5.7798514,10.930394,EU EEA Common AQI,73.8,6.5582366,13.21546,3600,4.811594,100,100,51.4,8.937198,Very Low,75.5,6.355935,100,1739186100,Very Low,9.633085,6.8510075,Very Low,6.062216,42.9,5.362319,100,1739186100,5.362319
2025-03-18T04:23:51Z,0,30.014,70.7,34,50.0,19,21,93,63,0.0,255,32767,0.16,2056-9-18,0.04,0.52,23.84,0.0,0.0,0.0,0,0.873046875,6,44,07:14,19:19,2025-03-18 04:23:51.154259,Marina di Stabia,31.1,6.639279,14.05905,5.7798514,10.930394,EU EEA Common AQI,73.8,6.5582366,13.21546,3600,4.811594,100,100,51.4,8.937198,Very Low,75.5,6.355935,100,1739186100,Very Low,9.633085,6.8510075,Very Low,6.062216,42.9,5.362319,100,1739186100,5.362319
2025-03-18T04:24:02Z,0,30.014,70.7,33,50.0,23,21,88,63,0.0,255,32767,0.16,2056-9-18,0.04,0.52,23.84,0.0,0.0,0.0,0,1.171875,6,44,07:14,19:19,2025-03-18 04:24:02.251261,Marina di Stabia,31.1,6.639279,14.05905,5.7798514,10.930394,EU EEA Common AQI,73.8,6.5582366,13.21546,3600,4.811594,100,100,51.4,8.937198,Very Low,75.5,6.355935,100,1739186100,Very Low,9.633085,6.8510075,Very Low,6.062216,42.9,5.362319,100,1739186100,5.362319
2025-03-18T04:24:13Z,0,30.014,70.7,33,50.0,26,21,94,63,0.0,255,32767,0.16,2056-9-18,0.04,0.52,23.84,0.0,0.0,0.0,0,1.171875,6,44,07:14,19:19,2025-03-18 04:24:13.364258,Marina di Stabia,31.1,6.639279,14.05905,5.7798514,10.930394,EU EEA Common AQI,73.8,6.5582366,13.21546,3600,4.811594,100,100,51.4,8.937198,Very Low,75.5,6.355935,100,1739186100,Very Low,9.633085,6.8510075,Very Low,6.062216,42.9,5.362319,100,1739186100,5.362319
2025-03-18T04:24:24Z,0,30.014,70.7,33,50.0,21,21,81,63,0.0,255,32767,0.16,2056-9-18,0.04,0.52,23.84,0.0,0.0,0.0,0,1.171875,6,44,07:14,19:19,2025-03-18 04:24:24.474265,Marina di Stabia,31.1,6.639279,14.05905,5.7798514,10.930394,EU EEA Common AQI,73.8,6.5582366,13.21546,3600,4.811594,100,100,51.4,8.937198,Very Low,75.5,6.355935,100,1739186100,Very Low,9.633085,6.8510075,Very Low,6.062216,42.9,5.362319,100,1739186100,5.362319
2025-03-18T04:24:35Z,0,30.014,70.7,33,50.0,30,21,88,63,0.0,255,32767,0.16,2056-9-18,0.04,0.52,23.84,0.0,0.0,0.0,0,1.171875,6,44,07:14,19:19,2025-03-18 04:24:35.577259,Marina di Stabia,31.1,6.639279,14.05905,5.7798514,10.930394,EU EEA Common AQI,73.8,6.5582366,13.21546,3600,4.811594,100,100,51.4,8.937198,Very Low,75.5,6.355935,100,1739186100,Very Low,9.633085,6.8510075,Very Low,6.062216,42.9,5.362319,100,1739186100,5.362319
2025-03-18T04:24:46Z,0,30.014,70.7,33,50.0,26,21,77,63,0.0,255,32767,0.16,2056-9-18,0.04,0.52,23.84,0.0,0.0,0.0,0,1.171875,6,44,07:14,19:19,2025-03-18 04:24:46.654267,Marina di Stabia,31.1,6.639279,14.05905,5.7798514,10.930394,EU EEA Common AQI,73.8,6.5582366,13.21546,3600,4.811594,100,100,51.4,8.937198,Very Low,75.5,6.355935,100,1739186100,Very Low,9.633085,6.8510075,Very Low,6.062216,42.9,5.362319,100,1739186100,5.362319
2025-03-18T04:24:57Z,0,30.014,70.7,33,50.1,24,22,68,63,0.0,255,32767,0.16,2056-9-18,0.04,0.52,23.84,0.0,0.0,0.0,0,0.873046875,6,44,07:14,19:19,2025-03-18 04:24:57.767268,Marina di Stabia,31.1,6.639279,14.05905,5.7798514,10.930394,EU EEA Common AQI,73.8,6.5582366,13.21546,3600,4.811594,100,100,51.4,8.937198,Very Low,75.5,6.355935,100,1739186100,Very Low,9.633085,6.8510075,Very Low,6.062216,42.9,5.362319,100,1739186100,5.362319
2025-03-18T04:25:09Z,0,30.014,70.7,33,50.1,27,22,98,63,0.0,255,32767,0.16,2056-9-18,0.04,0.52,23.84,0.0,0.0,0.0,0,0.873046875,6,44,07:14,19:19,2025-03-18 04:25:08.827399,Marina di Stabia,31.1,6.639279,14.05905,5.7798514,10.930394,EU EEA Common AQI,73.8,6.5582366,13.21546,3600,4.811594,100,100,51.4,8.937198,Very Low,75.5,6.355935,100,1739186100,Very Low,9.633085,6.8510075,Very Low,6.062216,42.9,5.362319,100,1739186100,5.362319
2025-03-18T04:25:20Z,0,30.014,70.7,33,50.1,19,22,119,63,0.0,255,32767,0.16,2056-9-18,0.04,0.52,23.84,0.0,0.0,0.0,0,0.873046875,6,44,07:14,19:19,2025-03-18 04:25:19.929261,Marina di Stabia,31.1,6.639279,14.05905,5.7798514,10.930394,EU EEA Common AQI,73.8,6.5582366,13.21546,3600,4.811594,100,100,51.4,8.937198,Very Low,75.5,6.355935,100,1739186100,Very Low,9.633085,6.8510075,Very Low,6.062216,42.9,5.362319,100,1739186100,5.362319
2025-03-18T04:25:31Z,0,30.014,70.7,33,50.1,26,22,89,63,0.0,255,32767,0.16,2056-9-18,0.04,0.52,23.84,0.0,0.0,0.0,0,0.873046875,6,44,07:14,19:19,2025-03-18 04:25:31.007260,Marina di Stabia,31.1,6.639279,14.05905,5.7798514,10.930394,EU EEA Common AQI,73.8,6.5582366,13.21546,3600,4.811594,100,100,51.4,8.937198,Very Low,75.5,6.355935,100,1739186100,Very Low,9.633085,6.8510075,Very Low,6.062216,42.9,5.362319,100,1739186100,5.362319
2025-03-18T04:25:42Z,0,30.014,70.7,33,50.0,24,22,96,62,0.0,255,32767,0.16,2056-9-18,0.04,0.52,23.84,0.0,0.0,0.0,0,0.873046875,6,44,07:14,19:19,2025-03-18 04:25:42.092254,Marina di Stabia,31.1,6.639279,14.05905,5.7798514,10.930394,EU EEA Common AQI,73.8,6.5582366,13.21546,3600,4.811594,100,100,51.4,8.937198,Very Low,75.5,6.355935,100,1739186100,Very Low,9.633085,6.8510075,Very Low,6.062216,42.9,5.362319,100,1739186100,5.362319
2025-03-18T04:25:53Z,0,30.014,70.7,33,50.0,20,22,78,62,0.0,255,32767,0.16,2056-9-18,0.04,0.52,23.84,0.0,0.0,0.0,0,0.873046875,6,44,07:14,19:19,2025-03-18 04:25:53.182264,Marina di Stabia,31.1,6.639279,14.05905,5.7798514,10.930394,EU EEA Common AQI,73.8,6.5582366,13.21546,3600,4.811594,100,100,51.4,8.937198,Very Low,75.5,6.355935,100,1739186100,Very Low,9.633085,6.8510075,Very Low,6.062216,42.9,5.362319,100,1739186100,5.362319
2025-03-18T04:26:04Z,0,30.011,70.7,33,50.0,27,22,88,62,0.0,255,32767,0.16,2056-9-18,0.04,0.52,23.84,0.0,0.0,0.0,0,0.8671875,6,44,07:14,19:19,2025-03-18 04:26:04.261252,Marina di Stabia,31.1,6.639279,14.05905,5.7798514,10.930394,EU EEA Common AQI,73.8,6.5582366,13.21546,3600,4.811594,100,100,51.4,8.937198,Very Low,75.5,6.355935,100,1739186100,Very Low,9.633085,6.8510075,Very Low,6.062216,42.9,5.362319,100,1739186100,5.362319
2025-03-18T04:26:15Z,0,30.011,70.7,33,50.0,31,22,92,62,0.0,255,32767,0.16,2056-9-18,0.04,0.52,23.84,0.0,0.0,0.0,0,0.8671875,6,44,07:14,19:19,2025-03-18 04:26:15.378255,Marina di Stabia,31.1,6.639279,14.05905,5.7798514,10.930394,EU EEA Common AQI,73.8,6.5582366,13.21546,3600,4.811594,100,100,51.4,8.937198,Very Low,75.5,6.355935,100,1739186100,Very Low,9.633085,6.8510075,Very Low,6.062216,42.9,5.362319,100,1739186100,5.362319
2025-03-18T04:26:26Z,0,30.011,70.7,33,50.1,21,22,76,62,0.0,255,32767,0.16,2056-9-18,0.04,0.52,23.84,0.0,0.0,0.0,0,0.8671875,6,44,07:14,19:19,2025-03-18 04:26:26.466262,Marina di Stabia,31.1,6.639279,14.05905,5.7798514,10.930394,EU EEA Common AQI,73.8,6.5582366,13.21546,3600,4.811594,100,100,51.4,8.937198,Very Low,75.5,6.355935,100,1739186100,Very Low,9.633085,6.8510075,Very Low,6.062216,42.9,5.362319,100,1739186100,5.362319
2025-03-18T04:26:37Z,0,30.011,70.7,33,50.1,20,22,82,62,0.0,255,32767,0.16,2056-9-18,0.04,0.52,23.84,0.0,0.0,0.0,0,0.8671875,6,44,07:14,19:19,2025-03-18 04:26:37.559260,Marina di Stabia,31.1,6.639279,14.05905,5.7798514,10.930394,EU EEA Common AQI,73.8,6.5582366,13.21546,3600,4.811594,100,100,51.4,8.937198,Very Low,75.5,6.355935,100,1739186100,Very Low,9.633085,6.8510075,Very Low,6.062216,42.9,5.362319,100,1739186100,5.362319
2025-03-18T04:26:48Z,0,30.011,70.7,33,50.1,17,22,79,62,0.0,255,32767,0.16,2056-9-18,0.04,0.52,23.84,0.0,0.0,0.0,0,0.8671875,6,44,07:14,19:19,2025-03-18 04:26:48.645257,Marina di Stabia,31.1,6.639279,14.05905,5.7798514,10.930394,EU EEA Common AQI,73.8,6.5582366,13.21546,3600,4.811594,100,100,51.4,8.937198,Very Low,75.5,6.355935,100,1739186100,Very Low,9.633085,6.8510075,Very Low,6.062216,42.9,5.362319,100,1739186100,5.362319
2025-03-18T04:26:59Z,0,30.012,70.7,33,50.1,24,22,105,62,0.0,255,32767,0.16,2056-9-18,0.04,0.52,23.84,0.0,0.0,0.0,0,0.884765625,6,44,07:14,19:19,2025-03-18 04:26:59.723259,Marina di Stabia,31.1,6.639279,14.05905,5.7798514,10.930394,EU EEA Common AQI,73.8,6.5582366,13.21546,3600,4.811594,100,100,51.4,8.937198,Very Low,75.5,6.355935,100,1739186100,Very Low,9.633085,6.8510075,Very Low,6.062216,42.9,5.362319,100,1739186100,5.362319
2025-03-18T04:27:11Z,0,30.012,70.7,33,50.1,17,22,97,62,0.0,255,32767,0.16,2056-9-18,0.04,0.52,23.84,0.0,0.0,0.0,0,0.884765625,6,44,07:14,19:19,2025-03-18 04:27:10.806261,Marina di Stabia,31.1,6.639279,14.05905,5.7798514,10.930394,EU EEA Common AQI,73.8,6.5582366,13.21546,3600,4.811594,100,100,51.4,8.937198,Very Low,75.5,6.355935,100,1739186100,Very Low,9.633085,6.8510075,Very Low,6.062216,42.9,5.362319,100,1739186100,5.362319
2025-03-18T04:27:22Z,0,30.012,70.7,33,50.1,24,22,96,62,0.0,255,32767,0.16,2056-9-18,0.04,0.52,23.84,0.0,0.0,0.0,0,0.884765625,6,44,07:14,19:19,2025-03-18 04:27:21.916263,Marina di Stabia,31.1,6.639279,14.05905,5.7798514,10.930394,EU EEA Common AQI,73.8,6.5582366,13.21546,3600,4.811594,100,100,51.4,8.937198,Very Low,75.5,6.355935,100,1739186100,Very Low,9.633085,6.8510075,Very Low,6.062216,42.9,5.362319,100,1739186100,5.362319
2025-03-18T04:27:33Z,0,30.012,70.7,33,50.1,18,22,84,62,0.0,255,32767,0.16,2056-9-18,0.04,0.52,23.84,0.0,0.0,0.0,0,0.884765625,6,44,07:14,19:19,2025-03-18 04:27:32.992261,Marina di Stabia,31.1,6.639279,14.05905,5.7798514,10.930394,EU EEA Common AQI,73.8,6.5582366,13.21546,3600,4.811594,100,100,51.4,8.937198,Very Low,75.5,6.355935,100,1739186100,Very Low,9.633085,6.8510075,Very Low,6.062216,42.9,5.362319,100,1739186100,5.362319
2025-03-18T04:27:44Z,0,30.012,70.7,33,50.1,20,22,98,62,0.0,255,32767,0.16,2056-9-18,0.04,0.52,23.84,0.0,0.0,0.0,0,0.884765625,6,44,07:14,19:19,2025-03-18 04:27:44.081256,Marina di Stabia,31.1,6.639279,14.05905,5.7798514,10.930394,EU EEA Common AQI,73.8,6.5582366,13.21546,3600,4.811594,100,100,51.4,8.937198,Very Low,75.5,6.355935,100,1739186100,Very Low,9.633085,6.8510075,Very Low,6.062216,42.9,5.362319,100,1739186100,5.362319
2025-03-18T04:27:55Z,0,30.012,70.7,33,50.1,22,22,79,62,0.0,255,32767,0.16,2056-9-18,0.04,0.52,23.84,0.0,0.0,0.0,0,0.884765625,6,44,07:14,19:19,2025-03-18 04:27:55.157262,Marina di Stabia,31.1,6.639279,14.05905,5.7798514,10.930394,EU EEA Common AQI,73.8,6.5582366,13.21546,3600,4.811594,100,100,51.4,8.937198,Very Low,75.5,6.355935,100,1739186100,Very Low,9.633085,6.8510075,Very Low,6.062216,42.9,5.362319,100,1739186100,5.362319
2025-03-18T04:28:06Z,0,30.012,70.7,33,50.1,30,22,95,62,0.0,255,32767,0.16,2056-9-18,0.04,0.52,23.84,0.0,0.0,0.0,0,0.8671875,6,44,07:14,19:19,2025-03-18 04:28:06.237260,Marina di Stabia,31.1,6.639279,14.05905,5.7798514,10.930394,EU EEA Common AQI,73.8,6.5582366,13.21546,3600,4.811594,100,100,51.4,8.937198,Very Low,75.5,6.355935,100,1739186100,Very Low,9.633085,6.8510075,Very Low,6.062216,42.9,5.362319,100,1739186100,5.362319
2025-03-18T04:28:17Z,0,30.012,70.7,33,50.1,24,22,107,62,0.0,255,32767,0.16,2056-9-18,0.04,0.52,23.84,0.0,0.0,0.0,0,0.8671875,6,44,07:14,19:19,2025-03-18 04:28:17.324263,Marina di Stabia,31.1,6.639279,14.05905,5.7798514,10.930394,EU EEA Common AQI,73.8,6.5582366,13.21546,3600,4.811594,100,100,51.4,8.937198,Very Low,75.5,6.355935,100,1739186100,Very Low,9.633085,6.8510075,Very Low,6.062216,42.9,5.362319,100,1739186100,5.362319
2025-03-18T04:28:28Z,0,30.012,70.7,33,50.2,24,22,86,62,0.0,255,32767,0.16,2056-9-18,0.04,0.52,23.84,0.0,0.0,0.0,0,0.8671875,6,44,07:14,19:19,2025-03-18 04:28:28.437265,Marina di Stabia,31.1,6.639279,14.05905,5.7798514,10.930394,EU EEA Common AQI,73.8,6.5582366,13.21546,3600,4.811594,100,100,51.4,8.937198,Very Low,75.5,6.355935,100,1739186100,Very Low,9.633085,6.8510075,Very Low,6.062216,42.9,5.362319,100,1739186100,5.362319
2025-03-18T04:28:39Z,0,30.012,70.7,33,50.1,24,22,89,62,0.0,255,32767,0.16,2056-9-18,0.04,0.52,23.84,0.0,0.0,0.0,0,0.8671875,6,44,07:14,19:19,2025-03-18 04:28:39.517276,Marina di Stabia,31.1,6.639279,14.05905,5.7798514,10.930394,EU EEA Common AQI,73.8,6.5582366,13.21546,3600,4.811594,100,100,51.4,8.937198,Very Low,75.5,6.355935,100,1739186100,Very Low,9.633085,6.8510075,Very Low,6.062216,42.9,5.362319,100,1739186100,5.362319
2025-03-18T04:28:50Z,0,30.012,70.7,33,50.1,32,22,94,62,0.0,255,32767,0.16,2056-9-18,0.04,0.52,23.84,0.0,0.0,0.0,0,0.8671875,6,44,07:14,19:19,2025-03-18 04:28:50.595260,Marina di Stabia,31.1,6.639279,14.05905,5.7798514,10.930394,EU EEA Common AQI,73.8,6.5582366,13.21546,3600,4.811594,100,100,51.4,8.937198,Very Low,75.5,6.355935,100,1739186100,Very Low,9.633085,6.8510075,Very Low,6.062216,42.9,5.362319,100,1739186100,5.362319
2025-03-18T04:29:01Z,0,30.01,70.7,33,50.1,22,22,90,62,0.0,255,32767,0.16,2056-9-18,0.04,0.52,23.84,0.0,0.0,0.0,0,0.978515625,6,44,07:14,19:19,2025-03-18 04:29:01.666271,Marina di Stabia,31.1,6.639279,14.05905,5.7798514,10.930394,EU EEA Common AQI,73.8,6.5582366,13.21546,3600,4.811594,100,100,51.4,8.937198,Very Low,75.5,6.355935,100,1739186100,Very Low,9.633085,6.8510075,Very Low,6.062216,42.9,5.362319,100,1739186100,5.362319
2025-03-18T04:29:12Z,0,30.01,70.7,33,50.2,28,22,87,62,0.0,255,32767,0.16,2056-9-18,0.04,0.52,23.84,0.0,0.0,0.0,0,0.978515625,6,44,07:14,19:19,2025-03-18 04:29:12.749260,Marina di Stabia
2025-03-18T04:29:24Z,0,30.01,70.7,33,50.2,25,22,87,62,0.0,255,32767,0.16,2056-9-18,0.04,0.52,23.84,0.0,0.0,0.0,0,0.978515625,6,44,07:14,19:19,2025-03-18 04:29:23.812260,Marina di Stabia
2025-03-18T04:29:35Z,0,30.01,70.7,33,50.2,30,22,101,62,0.0,255,32767,0.16,2056-9-18,0.04,0.52,23.84,0.0,0.0,0.0,0,0.978515625,6,44,07:14,19:19,2025-03-18 04:29:34.914260,Marina di Stabia
2025-03-18T04:29:46Z,0,30.01,70.7,33,50.2,23,22,84,62,0.0,255,32767,0.16,2056-9-18,0.04,0.52,23.84,0.0,0.0,0.0,0,0.978515625,6,44,07:14,19:19,2025-03-18 04:29:45.988260,Marina di Stabia
2025-03-18T04:29:57Z,0,30.01,70.7,33,50.2,21,22,91,62,0.0,255,32767,0.16,2056-9-18,0.04,0.52,23.84,0.0,0.0,0.0,0,0.978515625,6,44,07:14,19:19,2025-03-18 04:29:57.055253,Marina di Stabia
2025-03-18T04:30:08Z,0,30.013,70.6,33,50.2,24,23,92,62,0.0,255,32767,0.16,2056-9-18,0.04,0.52,23.84,0.0,0.0,0.0,0,0.90234375,6,44,07:14,19:19,2025-03-18 04:30:08.116258,Marina di Stabia
2025-03-18T04:30:19Z,0,30.013,70.6,33,50.2,24,23,98,62,0.0,255,32767,0.16,2056-9-18,0.04,0.52,23.84,0.0,0.0,0.0,0,0.90234375,6,44,07:14,19:19,2025-03-18 04:30:19.176267,Marina di Stabia
2025-03-18T04:30:30Z,0,30.013,70.6,33,50.2,27,23,85,62,0.0,255,32767,0.16,2056-9-18,0.04,0.52,23.84,0.0,0.0,0.0,0,0.90234375,6,44,07:14,19:19,2025-03-18 04:30:30.236262,Marina di Stabia
2025-03-18T04:30:41Z,0,30.013,70.6,33,50.2,27,23,101,62,0.0,255,32767,0.16,2056-9-18,0.04,0.52,23.84,0.0,0.0,0.0,0,0.90234375,6,44,07:14,19:19,2025-03-18 04:30:41.339263,Marina di Stabia
2025-03-18T04:30:52Z,0,30.013,70.6,33,50.2,27,23,92,62,0.0,255,32767,0.16,2056-9-18,0.04,0.52,23.84,0.0,0.0,0.0,0,0.90234375,6,44,07:14,19:19,2025-03-18 04:30:52.411259,Marina di Stabia
2025-03-18T04:31:03Z,0,30.01,70.7,33,50.2,23,23,90,62,0.0,255,32767,0.16,2056-9-18,0.04,0.52,23.84,0.0,0.0,0.0,0,1.79296875,6,44,07:14,19:19,2025-03-18 04:31:03.476258,Marina di Stabia
2025-03-18T04:31:14Z,0,30.01,70.7,33,50.2,20,23,88,62,0.0,255,32767,0.16,2056-9-18,0.04,0.52,23.84,0.0,0.0,0.0,0,1.79296875,6,44,07:14,19:19,2025-03-18 04:31:14.544273,Marina di Stabia
2025-03-18T04:31:25Z,0,30.01,70.7,33,50.2,21,23,72,62,0.0,255,32767,0.16,2056-9-18,0.04,0.52,23.84,0.0,0.0,0.0,0,1.79296875,6,44,07:14,19:19,2025-03-18 04:31:25.783277,Marina di Stabia
2025-03-18T04:31:37Z,0,30.01,70.7,33,50.2,18,23,96,62,0.0,255,32767,0.16,2056-9-18,0.04,0.52,23.84,0.0,0.0,0.0,0,1.79296875,6,44,07:14,19:19,2025-03-18 04:31:36.868263,Marina di Stabia
2025-03-18T04:31:48Z,0,30.01,70.7,33,50.2,22,23,90,62,0.0,255,32767,0.16,2056-9-18,0.04,0.52,23.84,0.0,0.0,0.0,0,1.79296875,6,44,07:14,19:19,2025-03-18 04:31:47.961257,Marina di Stabia
2025-03-18T04:31:59Z,0,30.011,70.6,33,50.2,25,23,100,62,0.0,255,32767,0.16,2056-9-18,0.04,0.52,23.84,0.0,0.0,0.0,0,0.873046875,6,44,07:14,19:19,2025-03-18 04:31:59.061271,Marina di Stabia
2025-03-18T04:32:10Z,0,30.011,70.6,33,50.2,28,23,72,62,0.0,255,32767,0.16,2056-9-18,0.04,0.52,23.84,0.0,0.0,0.0,0,0.873046875,6,44,07:14,19:19,2025-03-18 04:32:10.133256,Marina di Stabia
2025-03-18T04:32:21Z,0,30.011,70.6,33,50.2,26,23,90,62,0.0,255,32767,0.16,2056-9-18,0.04,0.52,23.84,0.0,0.0,0.0,0,0.873046875,6,44,07:14,19:19,2025-03-18 04:32:21.203261,Marina di Stabia
2025-03-18T04:32:32Z,0,30.011,70.6,33,50.1,23,23,90,62,0.0,255,32767,0.16,2056-9-18,0.04,0.52,23.84,0.0,0.0,0.0,0,0.873046875,6,44,07:14,19:19,2025-03-18 04:32:32.272266,Marina di Stabia
2025-03-18T04:32:43Z,0,30.011,70.6,33,50.1,19,23,86,62,0.0,255,32767,0.16,2056-9-18,0.04,0.52,23.84,0.0,0.0,0.0,0,0.873046875,6,44,07:14,19:19,2025-03-18 04:32:43.344263,Marina di Stabia
2025-03-18T04:32:54Z,0,30.011,70.6,33,50.1,22,23,81,62,0.0,255,32767,0.16,2056-9-18,0.04,0.52,23.84,0.0,0.0,0.0,0,0.873046875,6,44,07:14,19:19,2025-03-18 04:32:54.449265,Marina di Stabia
2025-03-18T04:33:05Z,0,30.011,70.6,33,50.2,26,24,74,62,0.0,255,32767,0.16,2056-9-18,0.04,0.52,23.84,0.0,0.0,0.0,0,0.8671875,6,44,07:14,19:19,2025-03-18 04:33:05.533223,Marina di Stabia
2025-03-18T04:33:16Z,0,30.011,70.6,33,50.2,24,24,95,62,0.0,255,32767,0.16,2056-9-18,0.04,0.52,23.84,0.0,0.0,0.0,0,0.8671875,6,44,07:14,19:19,2025-03-18 04:33:16.602253,Marina di Stabia
2025-03-18T04:33:27Z,0,30.011,70.6,33,50.2,24,24,96,62,0.0,255,32767,0.16,2056-9-18,0.04,0.52,23.84,0.0,0.0,0.0,0,0.8671875,6,44,07:14,19:19,2025-03-18 04:33:27.673278,Marina di Stabia
2025-03-18T04:33:38Z,0,30.011,70.6,33,50.2,19,24,75,62,0.0,255,32767,0.16,2056-9-18,0.04,0.52,23.84,0.0,0.0,0.0,0,0.8671875,6,44,07:14,19:19,2025-03-18 04:33:38.734227,Marina di Stabia
2025-03-18T04:33:49Z,0,30.011,70.6,33,50.2,20,24,82,62,0.0,255,32767,0.16,2056-9-18,0.04,0.52,23.84,0.0,0.0,0.0,0,0.8671875,6,44,07:14,19:19,2025-03-18 04:33:49.796270,Marina di Stabia
2025-03-18T04:34:01Z,0,30.013,70.6,33,50.1,19,24,95,62,0.0,255,32767,0.16,2056-9-18,0.04,0.52,23.84,0.0,0.0,0.0,0,0.90234375,6,44,07:14,19:19,2025-03-18 04:34:00.906259,Marina di Stabia
2025-03-18T04:34:12Z,0,30.013,70.6,33,50.2,18,24,79,62,0.0,255,32767,0.16,2056-9-18,0.04,0.52,23.84,0.0,0.0,0.0,0,0.90234375,6,44,07:14,19:19,2025-03-18 04:34:12.050463,Marina di Stabia
2025-03-18T04:34:23Z,0,30.013,70.6,33,50.1,22,24,80,62,0.0,255,32767,0.16,2056-9-18,0.04,0.52,23.84,0.0,0.0,0.0,0,0.90234375,6,44,07:14,19:19,2025-03-18 04:34:23.112262,Marina di Stabia
2025-03-18T04:34:34Z,0,30.013,70.6,33,50.1,21,24,115,62,0.0,255,32767,0.16,2056-9-18,0.04,0.52,23.84,0.0,0.0,0.0,0,0.90234375,6,44,07:14,19:19,2025-03-18 04:34:34.184262,Marina di Stabia
2025-03-18T04:34:45Z,0,30.013,70.6,33,50.1,19,24,87,62,0.0,255,32767,0.16,2056-9-18,0.04,0.52,23.84,0.0,0.0,0.0,0,0.90234375,6,44,07:14,19:19,2025-03-18 04:34:45.257256,Marina di Stabia
2025-03-18T04:34:56Z,0,30.013,70.6,33,50.1,20,24,84,62,0.0,255,32767,0.16,2056-9-18,0.04,0.52,23.84,0.0,0.0,0.0,0,0.90234375,6,44,07:14,19:19,2025-03-18 04:34:56.323267,Marina di Stabia
2025-03-18T04:35:07Z,0,30.015,70.6,33,50.1,22,24,76,62,0.0,255,32767,0.16,2056-9-18,0.04,0.52,23.84,0.0,0.0,0.0,0,0.873046875,6,44,07:14,19:19,2025-03-18 04:35:07.393256,Marina di Stabia
2025-03-18T04:35:18Z,0,30.015,70.6,33,50.1,22,24,78,62,0.0,255,32767,0.16,2056-9-18,0.04,0.52,23.84,0.0,0.0,0.0,0,0.873046875,6,44,07:14,19:19,2025-03-18 04:35:18.487259,Marina di Stabia
2025-03-18T04:35:29Z,0,30.015,70.6,33,50.1,18,24,81,62,0.0,255,32767,0.16,2056-9-18,0.04,0.52,23.84,0.0,0.0,0.0,0,0.873046875,6,44,07:14,19:19,2025-03-18 04:35:29.553256,Marina di Stabia
2025-03-18T04:35:40Z,0,30.015,70.6,33,50.1,19,24,82,62,0.0,255,32767,0.16,2056-9-18,0.04,0.52,23.84,0.0,0.0,0.0,0,0.873046875,6,44,07:14,19:19,2025-03-18 04:35:40.615262,Marina di Stabia
2025-03-18T04:35:51Z,0,30.015,70.6,33,50.1,17,24,96,62,0.0,255,32767,0.16,2056-9-18,0.04,0.52,23.84,0.0,0.0,0.0,0,0.873046875,6,44,07:14,19:19,2025-03-18 04:35:51.687263,Marina di Stabia
2025-03-18T04:36:02Z,0,30.009,70.6,33,50.1,29,24,91,62,0.0,255,32767,0.16,2056-9-18,0.04,0.52,23.84,0.0,0.0,0.0,0,1.189453125,6,44,07:14,19:19,2025-03-18 04:36:02.749267,Marina di Stabia
2025-03-18T04:36:14Z,0,30.009,70.6,33,50.1,26,24,90,62,0.0,255,32767,0.16,2056-9-18,0.04,0.52,23.84,0.0,0.0,0.0,0,1.189453125,6,44,07:14,19:19,2025-03-18 04:36:13.842264,Marina di Stabia
2025-03-18T04:36:25Z,0,30.009,70.6,33,50.1,20,24,77,62,0.0,255,32767,0.16,2056-9-18,0.04,0.52,23.84,0.0,0.0,0.0,0,1.189453125,6,44,07:14,19:19,2025-03-18 04:36:24.943260,Marina di Stabia
2025-03-18T04:36:36Z,0,30.009,70.6,33,50.1,23,24,89,62,0.0,255,32767,0.16,2056-9-18,0.04,0.52,23.84,0.0,0.0,0.0,0,1.189453125,6,44,07:14,19:19,2025-03-18 04:36:36.004259,Marina di Stabia
2025-03-18T04:36:47Z,0,30.009,70.6,33,50.1,20,24,80,62,0.0,255,32767,0.16,2056-9-18,0.04,0.52,23.84,0.0,0.0,0.0,0,1.189453125,6,44,07:14,19:19,2025-03-18 04:36:47.080283,Marina di Stabia
2025-03-18T04:36:58Z,0,30.013,70.6,33,50.0,24,23,93,62,0.0,255,32767,0.16,2056-9-18,0.04,0.52,23.84,0.0,0.0,0.0,0,0.873046875,6,44,07:14,19:19,2025-03-18 04:36:58.150285,Marina di Stabia
2025-03-18T04:37:09Z,0,30.013,70.6,33,50.1,15,23,84,62,0.0,255,32767,0.16,2056-9-18,0.04,0.52,23.84,0.0,0.0,0.0,0,0.873046875,6,44,07:14,19:19,2025-03-18 04:37:09.215260,Marina di Stabia
2025-03-18T04:37:20Z,0,30.013,70.6,33,50.0,12,23,83,62,0.0,255,32767,0.16,2056-9-18,0.04,0.52,23.84,0.0,0.0,0.0,0,0.873046875,6,44,07:14,19:19,2025-03-18 04:37:20.309260,Marina di Stabia
2025-03-18T04:37:31Z,0,30.013,70.6,33,50.0,17,23,76,62,0.0,255,32767,0.16,2056-9-18,0.04,0.52,23.84,0.0,0.0,0.0,0,0.873046875,6,44,07:14,19:19,2025-03-18 04:37:31.370261,Marina di Stabia
2025-03-18T04:37:42Z,0,30.013,70.6,33,50.0,17,23,79,62,0.0,255,32767,0.16,2056-9-18,0.04,0.52,23.84,0.0,0.0,0.0,0,0.873046875,6,44,07:14,19:19,2025-03-18 04:37:42.438264,Marina di Stabia
2025-03-18T04:37:53Z,0,30.013,70.6,33,50.0,15,23,94,62,0.0,255,32767,0.16,2056-9-18,0.04,0.52,23.84,0.0,0.0,0.0,0,0.873046875,6,44,07:14,19:19,2025-03-18 04:37:53.504262,Marina di Stabia
2025-03-18T04:38:04Z,0,30.014,70.6,33,50.0,18,23,83,62,0.0,255,32767,0.16,2056-9-18,0.04,0.52,23.84,0.0,0.0,0.0,0,0.8671875,6,44,07:14,19:19,2025-03-18 04:38:04.614254,Marina di Stabia
2025-03-18T04:38:15Z,0,30.014,70.6,33,50.0,18,23,92,62,0.0,255,32767,0.16,2056-9-18,0.04,0.52,23.84,0.0,0.0,0.0,0,0.8671875,6,44,07:14,19:19,2025-03-18 04:38:15.674223,Marina di Stabia
2025-03-18T04:38:26Z,0,30.014,70.6,33,49.9,14,23,96,63,0.0,255,32767,0.16,2056-9-18,0.04,0.52,23.84,0.0,0.0,0.0,0,0.8671875,6,44,07:14,19:19,2025-03-18 04:38:26.772265,Marina di Stabia
2025-03-18T04:38:38Z,0,30.014,70.6,33,49.9,18,23,84,63,0.0,255,32767,0.16,2056-9-18,0.04,0.52,23.84,0.0,0.0,0.0,0,0.8671875,6,44,07:14,19:19,2025-03-18 04:38:37.840258,Marina di Stabia
2025-03-18T04:38:49Z,0,30.014,70.6,33,49.9,22,23,79,63,0.0,255,32767,0.16,2056-9-18,0.04,0.52,23.84,0.0,0.0,0.0,0,0.8671875,6,44,07:14,19:19,2025-03-18 04:38:48.940284,Marina di Stabia
2025-03-18T04:39:00Z,0,30.017,70.6,33,49.9,19,22,101,63,0.0,255,32767,0.16,2056-9-18,0.04,0.52,23.84,0.0,0.0,0.0,0,0.87890625,6,44,07:14,19:19,2025-03-18 04:38:59.999262,Marina di Stabia
2025-03-18T04:39:11Z,0,30.017,70.6,33,49.9,11,22,98,63,0.0,255,32767,0.16,2056-9-18,0.04,0.52,23.84,0.0,0.0,0.0,0,0.87890625,6,44,07:14,19:19,2025-03-18 04:39:11.068255,Marina di Stabia
2025-03-18T04:39:22Z,0,30.017,70.6,33,49.9,15,22,86,63,0.0,255,32767,0.16,2056-9-18,0.04,0.52,23.84,0.0,0.0,0.0,0,0.87890625,6,44,07:14,19:19,2025-03-18 04:39:22.129271,Marina di Stabia
2025-03-18T04:39:33Z,0,30.017,70.6,33,49.9,23,22,103,63,0.0,255,32767,0.16,2056-9-18,0.04,0.52,23.84,0.0,0.0,0.0,0,0.87890625,6,44,07:14,19:19,2025-03-18 04:39:33.193266,Marina di Stabia
2025-03-18T04:39:44Z,0,30.017,70.6,33,49.9,16,22,69,63,0.0,255,32767,0.16,2056-9-18,0.04,0.52,23.84,0.0,0.0,0.0,0,0.87890625,6,44,07:14,19:19,2025-03-18 04:39:44.292259,Marina di Stabia
2025-03-18T04:39:55Z,0,30.017,70.6,33,49.9,20,22,74,63,0.0,255,32767,0.16,2056-9-18,0.04,0.52,23.84,0.0,0.0,0.0,0,0.87890625,6,44,07:14,19:19,2025-03-18 04:39:55.371259,Marina di Stabia
2025-03-18T04:40:06Z,0,30.016,70.6,33,49.9,18,21,106,63,0.0,255,32767,0.16,2056-9-18,0.04,0.52,23.84,0.0,0.0,0.0,0,0.8671875,6,44,07:14,19:19,2025-03-18 04:40:06.441275,Marina di Stabia
2025-03-18T04:40:17Z,0,30.016,70.6,33,49.8,19,21,61,63,0.0,255,32767,0.16,2056-9-18,0.04,0.52,23.84,0.0,0.0,0.0,0,0.8671875,6,44,07:14,19:19,2025-03-18 04:40:17.506248,Marina di Stabia
2025-03-18T04:40:28Z,0,30.016,70.6,33,49.8,17,21,61,63,0.0,255,32767,0.16,2056-9-18,0.04,0.52,23.84,0.0,0.0,0.0,0,0.8671875,6,44,07:14,19:19,2025-03-18 04:40:28.604261,Marina di Stabia
2025-03-18T04:40:39Z,0,30.016,70.6,33,49.9,21,21,90,63,0.0,255,32767,0.16,2056-9-18,0.04,0.52,23.84,0.0,0.0,0.0,0,0.8671875,6,44,07:14,19:19,2025-03-18 04:40:39.674264,Marina di Stabia
2025-03-18T04:40:50Z,0,30.016,70.6,33,49.9,24,21,88,63,0.0,255,32767,0.16,2056-9-18,0.04,0.52,23.84,0.0,0.0,0.0,0,0.8671875,6,44,07:14,19:19,2025-03-18 04:40:50.733285,Marina di Stabia
2025-03-18T04:41:01Z,0,30.016,70.5,33,49.9,23,21,82,63,0.0,255,32767,0.16,2056-9-18,0.04,0.52,23.84,0.0,0.0,0.0,0,1.001953125,6,44,07:14,19:19,2025-03-18 04:41:01.794262,Marina di Stabia
2025-03-18T04:41:13Z,0,30.016,70.5,33,49.9,19,21,84,63,0.0,255,32767,0.16,2056-9-18,0.04,0.52,23.84,0.0,0.0,0.0,0,1.001953125,6,44,07:14,19:19,2025-03-18 04:41:12.862268,Marina di Stabia
2025-03-18T04:41:24Z,0,30.016,70.5,33,49.9,20,21,102,63,0.0,255,32767,0.16,2056-9-18,0.04,0.52,23.84,0.0,0.0,0.0,0,1.001953125,6,44,07:14,19:19,2025-03-18 04:41:23.922271,Marina di Stabia
2025-03-18T04:41:35Z,0,30.016,70.5,33,49.8,18,21,91,63,0.0,255,32767,0.16,2056-9-18,0.04,0.52,23.84,0.0,0.0,0.0,0,1.001953125,6,44,07:14,19:19,2025-03-18 04:41:35.024264,Marina di Stabia
2025-03-18T04:41:46Z,0,30.016,70.5,33,49.9,20,21,81,63,0.0,255,32767,0.16,2056-9-18,0.04,0.52,23.84,0.0,0.0,0.0,0,1.001953125,6,44,07:14,19:19,2025-03-18 04:41:46.084259,Marina di Stabia
2025-03-18T04:41:57Z,0,30.016,70.5,33,49.8,21,21,96,63,0.0,255,32767,0.16,2056-9-18,0.04,0.52,23.84,0.0,0.0,0.0,0,1.001953125,6,44,07:14,19:19,2025-03-18 04:41:57.148267,Marina di Stabia
2025-03-18T04:42:08Z,0,30.015,70.5,33,49.8,21,20,92,63,0.0,255,32767,0.16,2056-9-18,0.04,0.52,23.84,0.0,0.0,0.0,0,0.919921875,6,44,07:14,19:19,2025-03-18 04:42:08.221265,Marina di Stabia
2025-03-18T04:42:19Z,0,30.015,70.5,33,49.9,24,20,85,63,0.0,255,32767,0.16,2056-9-18,0.04,0.52,23.84,0.0,0.0,0.0,0,0.919921875,6,44,07:14,19:19,2025-03-18 04:42:19.323259,Marina di Stabia
2025-03-18T04:42:30Z,0,30.015,70.5,33,49.9,21,20,92,63,0.0,255,32767,0.16,2056-9-18,0.04,0.52,23.84,0.0,0.0,0.0,0,0.919921875,6,44,07:14,19:19,2025-03-18 04:42:30.387263,Marina di Stabia
2025-03-18T04:42:41Z,0,30.015,70.5,33,49.9,20,20,84,63,0.0,255,32767,0.16,2056-9-18,0.04,0.52,23.84,0.0,0.0,0.0,0,0.919921875,6,44,07:14,19:19,2025-03-18 04:42:41.451265,Marina di Stabia
2025-03-18T04:42:52Z,0,30.015,70.5,33,49.9,20,20,85,63,0.0,255,32767,0.16,2056-9-18,0.04,0.52,23.84,0.0,0.0,0.0,0,0.919921875,6,44,07:14,19:19,2025-03-18 04:42:52.511261,Marina di Stabia
2025-03-18T04:43:03Z,0,30.016,70.5,33,49.9,16,20,105,63,0.0,255,32767,0.16,2056-9-18,0.04,0.52,23.84,0.0,0.0,0.0,0,1.72265625,6,44,07:14,19:19,2025-03-18 04:43:03.569259,Marina di Stabia
2025-03-18T04:43:14Z,0,30.016,70.5,33,49.9,17,20,91,63,0.0,255,32767,0.16,2056-9-18,0.04,0.52,23.84,0.0,0.0,0.0,0,1.72265625,6,44,07:14,19:19,2025-03-18 04:43:14.660252,Marina di Stabia
2025-03-18T04:43:25Z,0,30.016,70.5,33,49.9,14,20,89,63,0.0,255,32767,0.16,2056-9-18,0.04,0.52,23.84,0.0,0.0,0.0,0,1.72265625,6,44,07:14,19:19,2025-03-18 04:43:25.722260,Marina di Stabia
2025-03-18T04:43:36Z,0,30.016,70.5,33,49.9,19,20,87,63,0.0,255,32767,0.16,2056-9-18,0.04,0.52,23.84,0.0,0.0,0.0,0,1.72265625,6,44,07:14,19:19,2025-03-18 04:43:36.781259,Marina di Stabia
2025-03-18T04:43:48Z,0,30.016,70.5,33,49.9,22,20,92,63,0.0,255,32767,0.16,2056-9-18,0.04,0.52,23.84,0.0,0.0,0.0,0,1.72265625,6,44,07:14,19:19,2025-03-18 04:43:47.887258,Marina di Stabia
2025-03-18T04:43:59Z,0,30.014,70.5,33,49.9,20,19,94,63,0.0,255,32767,0.16,2056-9-18,0.04,0.52,23.84,0.0,0.0,0.0,0,0.873046875,6,44,07:14,19:19,2025-03-18 04:43:59.064269,Marina di Stabia
2025-03-18T04:44:10Z,0,30.014,70.5,33,49.9,26,19,73,63,0.0,255,32767,0.16,2056-9-18,0.04,0.52,23.84,0.0,0.0,0.0,0,0.873046875,6,44,07:14,19:19,2025-03-18 04:44:10.137268,Marina di Stabia
2025-03-18T04:44:21Z,0,30.014,70.5,33,49.9,17,19,85,62,0.0,255,32767,0.16,2056-9-18,0.04,0.52,23.84,0.0,0.0,0.0,0,0.873046875,6,44,07:14,19:19,2025-03-18 04:44:21.227259,Marina di Stabia
2025-03-18T04:44:32Z,0,30.014,70.5,33,49.9,28,19,94,62,0.0,255,32767,0.16,2056-9-18,0.04,0.52,23.84,0.0,0.0,0.0,0,0.873046875,6,44,07:14,19:19,2025-03-18 04:44:32.300265,Marina di Stabia
2025-03-18T04:44:43Z,0,30.014,70.5,33,49.9,24,19,87,62,0.0,255,32767,0.16,2056-9-18,0.04,0.52,23.84,0.0,0.0,0.0,0,0.873046875,6,44,07:14,19:19,2025-03-18 04:44:43.372258,Marina di Stabia
2025-03-18T04:44:54Z,0,30.014,70.5,33,49.9,20,19,77,62,0.0,255,32767,0.16,2056-9-18,0.04,0.52,23.84,0.0,0.0,0.0,0,0.873046875,6,44,07:14,19:19,2025-03-18 04:44:54.435261,Marina di Stabia
2025-03-18T04:45:05Z,0,30.017,70.5,33,49.9,17,20,80,62,0.0,255,32767,0.16,2056-9-18,0.04,0.52,23.84,0.0,0.0,0.0,0,0.8671875,6,44,07:14,19:19,2025-03-18 04:45:05.477176,Marina di Stabia
2025-03-18T04:45:16Z,0,30.017,70.5,33,49.9,17,20,82,62,0.0,255,32767,0.16,2056-9-18,0.04,0.52,23.84,0.0,0.0,0.0,0,0.8671875,6,44,07:14,19:19,2025-03-18 04:45:16.575255,Marina di Stabia
2025-03-18T04:45:27Z,0,30.017,70.5,33,49.9,18,20,102,62,0.0,255,32767,0.16,2056-9-18,0.04,0.52,23.84,0.0,0.0,0.0,0,0.8671875,6,44,07:14,19:19,2025-03-18 04:45:27.646256,Marina di Stabia
2025-03-18T04:45:38Z,0,30.017,70.5,33,49.9,20,20,101,62,0.0,255,32767,0.16,2056-9-18,0.04,0.52,23.84,0.0,0.0,0.0,0,0.8671875,6,44,07:14,19:19,2025-03-18 04:45:38.716269,Marina di Stabia
2025-03-18T04:45:49Z,0,30.017,70.5,33,49.9,19,20,90,62,0.0,255,32767,0.16,2056-9-18,0.04,0.52,23.84,0.0,0.0,0.0,0,0.8671875,6,44,07:14,19:19,2025-03-18 04:45:49.768253,Marina di Stabia
2025-03-18T04:46:01Z,0,30.018,70.5,33,49.9,19,19,104,62,0.0,255,32767,0.16,2056-9-18,0.04,0.52,23.84,0.0,0.0,0.0,0,0.99609375,6,44,07:14,19:19,2025-03-18 04:46:00.833257,Marina di Stabia
2025-03-18T04:46:12Z,0,30.018,70.5,33,49.9,19,19,80,62,0.0,255,32767,0.16,2056-9-18,0.04,0.52,23.84,0.0,0.0,0.0,0,0.99609375,6,44,07:14,19:19,2025-03-18 04:46:11.952267,Marina di Stabia
2025-03-18T04:46:23Z,0,30.018,70.5,33,49.9,16,19,91,62,0.0,255,32767,0.16,2056-9-18,0.04,0.52,23.84,0.0,0.0,0.0,0,0.99609375,6,44,07:14,19:19,2025-03-18 04:46:23.049262,Marina di Stabia
2025-03-18T04:46:34Z,0,30.018,70.5,33,50.0,15,19,87,62,0.0,255,32767,0.16,2056-9-18,0.04,0.52,23.84,0.0,0.0,0.0,0,0.99609375,6,44,07:14,19:19,2025-03-18 04:46:34.098251,Marina di Stabia
2025-03-18T04:46:45Z,0,30.018,70.5,33,49.9,16,19,82,62,0.0,255,32767,0.16,2056-9-18,0.04,0.52,23.84,0.0,0.0,0.0,0,0.99609375,6,44,07:14,19:19,2025-03-18 04:46:45.159259,Marina di Stabia
2025-03-18T04:46:56Z,0,30.018,70.5,33,49.9,21,19,88,63,0.0,255,32767,0.16,2056-9-18,0.04,0.52,23.84,0.0,0.0,0.0,0,0.99609375,6,44,07:14,19:19,2025-03-18 04:46:56.219260,Marina di Stabia
2025-03-18T04:47:07Z,0,30.02,70.5,33,49.9,14,19,92,63,0.0,255,32767,0.16,2056-9-18,0.04,0.52,23.84,0.0,0.0,0.0,0,0.8671875,6,44,07:14,19:19,2025-03-18 04:47:07.282263,Marina di Stabia
2025-03-18T04:47:18Z,0,30.02,70.5,33,49.9,19,19,92,63,0.0,255,32767,0.16,2056-9-18,0.04,0.52,23.84,0.0,0.0,0.0,0,0.8671875,6,44,07:14,19:19,2025-03-18 04:47:18.348259,Marina di Stabia
2025-03-18T04:47:29Z,0,30.02,70.5,33,49.9,19,19,86,63,0.0,255,32767,0.16,2056-9-18,0.04,0.52,23.84,0.0,0.0,0.0,0,0.8671875,6,44,07:14,19:19,2025-03-18 04:47:29.451274,Marina di Stabia
2025-03-18T04:47:40Z,0,30.02,70.5,33,49.9,16,19,89,63,0.0,255,32767,0.16,2056-9-18,0.04,0.52,23.84,0.0,0.0,0.0,0,0.8671875,6,44,07:14,19:19,2025-03-18 04:47:40.514264,Marina di Stabia
2025-03-18T04:47:51Z,0,30.02,70.5,33,49.8,20,19,94,62,0.0,255,32767,0.16,2056-9-18,0.04,0.52,23.84,0.0,0.0,0.0,0,0.8671875,6,44,07:14,19:19,2025-03-18 04:47:51.579262,Marina di Stabia
2025-03-18T04:48:02Z,0,30.019,70.5,33,49.9,18,19,94,62,0.0,255,32767,0.16,2056-9-18,0.04,0.52,23.84,0.0,0.0,0.0,0,1.236328125,6,44,07:14,19:19,2025-03-18 04:48:02.641256,Marina di Stabia
2025-03-18T04:48:13Z,0,30.019,70.5,33,49.9,17,19,92,62,0.0,255,32767,0.16,2056-9-18,0.04,0.52,23.84,0.0,0.0,0.0,0,1.236328125,6,44,07:14,19:19,2025-03-18 04:48:13.699268,Marina di Stabia
2025-03-18T04:48:24Z,0,30.019,70.5,33,49.9,21,19,86,62,0.0,255,32767,0.16,2056-9-18,0.04,0.52,23.84,0.0,0.0,0.0,0,1.236328125,6,44,07:14,19:19,2025-03-18 04:48:24.780264,Marina di Stabia
2025-03-18T04:48:36Z,0,30.019,70.5,33,49.9,18,19,85,62,0.0,255,32767,0.16,2056-9-18,0.04,0.52,23.84,0.0,0.0,0.0,0,1.236328125,6,44,07:14,19:19,2025-03-18 04:48:35.880267,Marina di Stabia
2025-03-18T04:48:47Z,0,30.019,70.5,33,49.9,26,19,86,62,0.0,255,32767,0.16,2056-9-18,0.04,0.52,23.84,0.0,0.0,0.0,0,1.236328125,6,44,07:14,19:19,2025-03-18 04:48:46.944266,Marina di Stabia
2025-03-18T04:48:58Z,0,30.017,70.5,33,49.9,22,19,88,62,0.0,255,32767,0.16,2056-9-18,0.04,0.52,23.84,0.0,0.0,0.0,0,0.873046875,6,44,07:14,19:19,2025-03-18 04:48:58.010264,Marina di Stabia
2025-03-18T04:49:09Z,0,30.017,70.5,33,49.9,23,19,90,62,0.0,255,32767,0.16,2056-9-18,0.04,0.52,23.84,0.0,0.0,0.0,0,0.873046875,6,44,07:14,19:19,2025-03-18 04:49:09.068226,Marina di Stabia
2025-03-18T04:49:20Z,0,30.017,70.5,33,49.9,22,19,74,62,0.0,255,32767,0.16,2056-9-18,0.04,0.52,23.84,0.0,0.0,0.0,0,0.873046875,6,44,07:14,19:19,2025-03-18 04:49:20.167266,Marina di Stabia
2025-03-18T04:49:31Z,0,30.017,70.5,33,49.9,21,19,78,62,0.0,255,32767,0.16,2056-9-18,0.04,0.52,23.84,0.0,0.0,0.0,0,0.873046875,6,44,07:14,19:19,2025-03-18 04:49:31.241260,Marina di Stabia
2025-03-18T04:49:42Z,0,30.017,70.5,33,49.9,19,19,93,62,0.0,255,32767,0.16,2056-9-18,0.04,0.52,23.84,0.0,0.0,0.0,0,0.873046875,6,44,07:14,19:19,2025-03-18 04:49:42.321271,Marina di Stabia
2025-03-18T04:49:53Z,0,30.017,70.5,33,49.9,16,19,94,62,0.0,255,32767,0.16,2056-9-18,0.04,0.52,23.84,0.0,0.0,0.0,0,0.873046875,6,44,07:14,19:19,2025-03-18 04:49:53.392267,Marina di Stabia
2025-03-18T04:50:04Z,0,30.02,70.4,33,49.9,14,19,73,62,0.0,255,32767,0.16,2056-9-18,0.04,0.52,23.84,0.0,0.0,0.0,0,0.8671875,6,44,07:14,19:19,2025-03-18 04:50:04.451270,Marina di Stabia
2025-03-18T04:50:15Z,0,30.02,70.4,33,49.9,18,19,91,62,0.0,255,32767,0.16,2056-9-18,0.04,0.52,23.84,0.0,0.0,0.0,0,0.8671875,6,44,07:14,19:19,2025-03-18 04:50:15.530257,Marina di Stabia
2025-03-18T04:50:26Z,0,30.02,70.4,33,49.9,16,19,78,63,0.0,255,32767,0.16,2056-9-18,0.04,0.52,23.84,0.0,0.0,0.0,0,0.8671875,6,44,07:14,19:19,2025-03-18 04:50:26.592297,Marina di Stabia
2025-03-18T04:50:37Z,0,30.02,70.4,33,49.9,15,19,92,63,0.0,255,32767,0.16,2056-9-18,0.04,0.52,23.84,0.0,0.0,0.0,0,0.8671875,6,44,07:14,19:19,2025-03-18 04:50:37.663222,Marina di Stabia
2025-03-18T04:50:48Z,0,30.02,70.4,33,49.9,16,19,78,63,0.0,255,32767,0.16,2056-9-18,0.04,0.52,23.84,0.0,0.0,0.0,0,0.8671875,6,44,07:14,19:19,2025-03-18 04:50:48.763265,Marina di Stabia
2025-03-18T04:51:00Z,0,30.024,70.4,33,49.9,17,19,76,63,0.0,255,32767,0.16,2056-9-18,0.04,0.52,23.84,0.0,0.0,0.0,0,0.9140625,6,44,07:14,19:19,2025-03-18 04:50:59.822259,Marina di Stabia
2025-03-18T04:51:11Z,0,30.024,70.4,33,49.9,17,19,82,63,0.0,255,32767,0.16,2056-9-18,0.04,0.52,23.84,0.0,0.0,0.0,0,0.9140625,6,44,07:14,19:19,2025-03-18 04:51:10.896257,Marina di Stabia
2025-03-18T04:51:22Z,0,30.024,70.4,33,49.9,16,19,74,63,0.0,255,32767,0.16,2056-9-18,0.04,0.52,23.84,0.0,0.0,0.0,0,0.9140625,6,44,07:14,19:19,2025-03-18 04:51:21.989258,Marina di Stabia
2025-03-18T04:51:33Z,0,30.024,70.4,33,49.8,19,19,78,63,0.0,255,32767,0.16,2056-9-18,0.04,0.52,23.84,0.0,0.0,0.0,0,0.9140625,6,44,07:14,19:19,2025-03-18 04:51:33.054267,Marina di Stabia
2025-03-18T04:51:44Z,0,30.024,70.4,33,49.9,21,19,94,63,0.0,255,32767,0.16,2056-9-18,0.04,0.52,23.84,0.0,0.0,0.0,0,0.9140625,6,44,07:14,19:19,2025-03-18 04:51:44.125260,Marina di Stabia
2025-03-18T04:51:55Z,0,30.024,70.4,33,49.9,22,19,85,63,0.0,255,32767,0.16,2056-9-18,0.04,0.52,23.84,0.0,0.0,0.0,0,0.9140625,6,44,07:14,19:19,2025-03-18 04:51:55.198266,Marina di Stabia
2025-03-18T04:52:06Z,0,30.021,70.4,33,49.8,14,19,92,63,0.0,255,32767,0.16,2056-9-18,0.04,0.52,23.84,0.0,0.0,0.0,0,0.8671875,6,44,07:14,19:19,2025-03-18 04:52:06.299265,Marina di Stabia
2025-03-18T04:52:17Z,0,30.021,70.4,33,49.9,18,19,94,63,0.0,255,32767,0.16,2056-9-18,0.04,0.52,23.84,0.0,0.0,0.0,0,0.8671875,6,44,07:14,19:19,2025-03-18 04:52:17.367255,Marina di Stabia
2025-03-18T04:52:28Z,0,30.021,70.4,33,49.8,20,19,86,63,0.0,255,32767,0.16,2056-9-18,0.04,0.52,23.84,0.0,0.0,0.0,0,0.8671875,6,44,07:14,19:19,2025-03-18 04:52:28.428272,Marina di Stabia
2025-03-18T04:52:39Z,0,30.021,70.4,33,49.8,21,19,99,63,0.0,255,32767,0.16,2056-9-18,0.04,0.52,23.84,0.0,0.0,0.0,0,0.8671875,6,44,07:14,19:19,2025-03-18 04:52:39.517263,Marina di Stabia
2025-03-18T04:52:50Z,0,30.021,70.4,33,49.8,24,19,99,63,0.0,255,32767,0.16,2056-9-18,0.04,0.52,23.84,0.0,0.0,0.0,0,0.8671875,6,44,07:14,19:19,2025-03-18 04:52:50.574264,Marina di Stabia
2025-03-18T04:53:01Z,0,30.025,70.4,33,49.9,15,19,84,63,0.0,255,32767,0.16,2056-9-18,0.04,0.52,23.84,0.0,0.0,0.0,0,1.001953125,6,44,07:14,19:19,2025-03-18 04:53:01.638255,Marina di Stabia
2025-03-18T04:53:12Z,0,30.025,70.4,33,49.9,21,19,98,63,0.0,255,32767,0.16,2056-9-18,0.04,0.52,23.84,0.0,0.0,0.0,0,1.001953125,6,44,07:14,19:19,2025-03-18 04:53:12.698259,Marina di Stabia
2025-03-18T04:53:23Z,0,30.025,70.4,33,49.8,17,19,78,63,0.0,255,32767,0.16,2056-9-18,0.04,0.52,23.84,0.0,0.0,0.0,0,1.001953125,6,44,07:14,19:19,2025-03-18 04:53:23.760262,Marina di Stabia
2025-03-18T04:53:35Z,0,30.025,70.4,33,49.9,16,19,87,63,0.0,255,32767,0.16,2056-9-18,0.04,0.52,23.84,0.0,0.0,0.0,0,1.001953125,6,44,07:14,19:19,2025-03-18 04:53:34.859260,Marina di Stabia
2025-03-18T04:53:46Z,0,30.025,70.4,33,49.9,13,19,60,63,0.0,255,32767,0.16,2056-9-18,0.04,0.52,23.84,0.0,0.0,0.0,0,1.001953125,6,44,07:14,19:19,2025-03-18 04:53:45.926267,Marina di Stabia
2025-03-18T04:53:57Z,0,30.025,70.4,33,49.9,13,19,89,63,0.0,255,32767,0.16,2056-9-18,0.04,0.52,23.84,0.0,0.0,0.0,0,1.001953125,6,44,07:14,19:19,2025-03-18 04:53:56.991259,Marina di Stabia
2025-03-18T04:54:08Z,0,30.023,70.3,33,49.9,14,19,95,63,0.0,255,32767,0.16,2056-9-18,0.04,0.52,23.84,0.0,0.0,0.0,0,0.884765625,6,44,07:14,19:19,2025-03-18 04:54:08.056291,Marina di Stabia
2025-03-18T04:54:19Z,0,30.023,70.3,33,49.8,13,19,80,63,0.0,255,32767,0.16,2056-9-18,0.04,0.52,23.84,0.0,0.0,0.0,0,0.884765625,6,44,07:14,19:19,2025-03-18 04:54:19.125250,Marina di Stabia
2025-03-18T04:54:30Z,0,30.023,70.3,33,49.8,16,19,94,63,0.0,255,32767,0.16,2056-9-18,0.04,0.52,23.84,0.0,0.0,0.0,0,0.884765625,6,44,07:14,19:19,2025-03-18 04:54:30.188264,Marina di Stabia
2025-03-18T04:54:41Z,0,30.023,70.3,33,49.8,18,19,96,63,0.0,255,32767,0.16,2056-9-18,0.04,0.52,23.84,0.0,0.0,0.0,0,0.884765625,6,44,07:14,19:19,2025-03-18 04:54:41.299259,Marina di Stabia
2025-03-18T04:54:52Z,0,30.023,70.3,33,49.8,15,19,83,63,0.0,255,32767,0.16,2056-9-18,0.04,0.52,23.84,0.0,0.0,0.0,0,0.884765625,6,44,07:14,19:19,2025-03-18 04:54:52.386258,Marina di Stabia
2025-03-18T04:55:03Z,0,30.026,70.3,33,49.8,14,18,86,63,0.0,255,32767,0.16,2056-9-18,0.04,0.52,23.84,0.0,0.0,0.0,0,1.845703125,6,44,07:14,19:19,2025-03-18 04:55:03.461262,Marina di Stabia
2025-03-18T04:55:14Z,0,30.026,70.3,33,49.8,14,18,77,63,0.0,255,32767,0.16,2056-9-18,0.04,0.52,23.84,0.0,0.0,0.0,0,1.845703125,6,44,07:14,19:19,2025-03-18 04:55:14.532261,Marina di Stabia
2025-03-18T04:55:25Z,0,30.026,70.3,33,49.8,16,18,91,63,0.0,255,32767,0.16,2056-9-18,0.04,0.52,23.84,0.0,0.0,0.0,0,1.845703125,6,44,07:14,19:19,2025-03-18 04:55:25.588230,Marina di Stabia
2025-03-18T04:55:36Z,0,30.026,70.3,33,49.8,20,18,74,63,0.0,255,32767,0.16,2056-9-18,0.04,0.52,23.84,0.0,0.0,0.0,0,1.845703125,6,44,07:14,19:19,2025-03-18 04:55:36.651268,Marina di Stabia
2025-03-18T04:55:47Z,0,30.026,70.3,33,49.8,16,18,86,63,0.0,255,32767,0.16,2056-9-18,0.04,0.52,23.84,0.0,0.0,0.0,0,1.845703125,6,44,07:14,19:19,2025-03-18 04:55:47.766264,Marina di Stabia
2025-03-18T04:55:59Z,0,30.024,70.4,33,49.7,19,18,77,63,0.0,255,32767,0.16,2056-9-18,0.04,0.52,23.84,0.0,0.0,0.0,0,0.873046875,6,44,07:14,19:19,2025-03-18 04:55:58.836263,Marina di Stabia
2025-03-18T04:56:10Z,0,30.024,70.4,33,49.8,16,18,63,63,0.0,255,32767,0.16,2056-9-18,0.04,0.52,23.84,0.0,0.0,0.0,0,0.873046875,6,44,07:14,19:19,2025-03-18 04:56:09.907258,Marina di Stabia
2025-03-18T04:56:21Z,0,30.024,70.4,33,49.8,15,18,84,63,0.0,255,32767,0.16,2056-9-18,0.04,0.52,23.84,0.0,0.0,0.0,0,0.873046875,6,44,07:14,19:19,2025-03-18 04:56:20.979262,Marina di Stabia
2025-03-18T04:56:32Z,0,30.024,70.4,33,49.8,14,18,82,63,0.0,255,32767,0.16,2056-9-18,0.04,0.52,23.84,0.0,0.0,0.0,0,0.873046875,6,44,07:14,19:19,2025-03-18 04:56:32.083259,Marina di Stabia
2025-03-18T04:56:43Z,0,30.024,70.4,33,49.7,17,18,94,63,0.0,255,32767,0.16,2056-9-18,0.04,0.52,23.84,0.0,0.0,0.0,0,0.873046875,6,44,07:14,19:19,2025-03-18 04:56:43.154268,Marina di Stabia
2025-03-18T04:56:54Z,0,30.024,70.4,33,49.7,20,18,92,63,0.0,255,32767,0.16,2056-9-18,0.04,0.52,23.84,0.0,0.0,0.0,0,0.873046875,6,44,07:14,19:19,2025-03-18 04:56:54.220262,Marina di Stabia
2025-03-18T04:57:05Z,0,30.025,70.4,33,49.7,17,18,89,63,0.0,255,32767,0.16,2056-9-18,0.04,0.52,23.84,0.0,0.0,0.0,0,0.8671875,6,44,07:14,19:19,2025-03-18 04:57:05.290260,Marina di Stabia
2025-03-18T04:57:16Z,0,30.025,70.4,33,49.7,16,18,74,63,0.0,255,32767,0.16,2056-9-18,0.04,0.52,23.84,0.0,0.0,0.0,0,0.8671875,6,44,07:14,19:19,2025-03-18 04:57:16.386261,Marina di Stabia
2025-03-18T04:57:27Z,0,30.025,70.4,33,49.7,13,18,101,63,0.0,255,32767,0.16,2056-9-18,0.04,0.52,23.84,0.0,0.0,0.0,0,0.8671875,6,44,07:14,19:19,2025-03-18 04:57:27.455270,Marina di Stabia
2025-03-18T04:57:38Z,0,30.025,70.4,33,49.7,18,18,75,63,0.0,255,32767,0.16,2056-9-18,0.04,0.52,23.84,0.0,0.0,0.0,0,0.8671875,6,44,07:14,19:19,2025-03-18 04:57:38.526259,Marina di Stabia
2025-03-18T04:57:49Z,0,30.025,70.4,33,49.7,16,18,86,63,0.0,255,32767,0.16,2056-9-18,0.04,0.52,23.84,0.0,0.0,0.0,0,0.8671875,6,44,07:14,19:19,2025-03-18 04:57:49.598259,Marina di Stabia
2025-03-18T04:58:00Z,0,30.026,70.4,33,49.7,14,18,94,63,0.0,255,32767,0.16,2056-9-18,0.04,0.52,23.84,0.0,0.0,0.0,0,0.908203125,6,44,07:14,19:19,2025-03-18 04:58:00.688265,Marina di Stabia
2025-03-18T04:58:12Z,0,30.026,70.4,33,49.7,14,18,88,63,0.0,255,32767,0.16,2056-9-18,0.04,0.52,23.84,0.0,0.0,0.0,0,0.908203125,6,44,07:14,19:19,2025-03-18 04:58:11.805267,Marina di Stabia
2025-03-18T04:58:23Z,0,30.026,70.4,33,49.7,7,18,111,63,0.0,255,32767,0.16,2056-9-18,0.04,0.52,23.84,0.0,0.0,0.0,0,0.908203125,6,44,07:14,19:19,2025-03-18 04:58:22.898255,Marina di Stabia
2025-03-18T04:58:34Z,0,30.026,70.4,33,49.7,13,18,81,63,0.0,255,32767,0.16,2056-9-18,0.04,0.52,23.84,0.0,0.0,0.0,0,0.908203125,6,44,07:14,19:19,2025-03-18 04:58:33.972263,Marina di Stabia
2025-03-18T04:58:45Z,0,30.026,70.4,33,49.6,18,18,83,63,0.0,255,32767,0.16,2056-9-18,0.04,0.52,23.84,0.0,0.0,0.0,0,0.908203125,6,44,07:14,19:19,2025-03-18 04:58:45.055258,Marina di Stabia
2025-03-18T04:58:56Z,0,30.026,70.4,33,49.7,15,18,88,63,0.0,255,32767,0.16,2056-9-18,0.04,0.52,23.84,0.0,0.0,0.0,0,0.908203125,6,44,07:14,19:19,2025-03-18 04:58:56.114256,Marina di Stabia
2025-03-18T04:59:07Z,0,30.026,70.3,33,49.7,20,17,109,63,0.0,255,32767,0.16,2056-9-18,0.04,0.52,23.84,0.0,0.0,0.0,0,0.8671875,6,44,07:14,19:19,2025-03-18 04:59:07.210259,Marina di Stabia
2025-03-18T04:59:18Z,0,30.026,70.3,33,49.7,14,17,103,63,0.0,255,32767,0.16,2056-9-18,0.04,0.52,23.84,0.0,0.0,0.0,0,0.8671875,6,44,07:14,19:19,2025-03-18 04:59:18.312260,Marina di Stabia
2025-03-18T04:59:29Z,0,30.026,70.3,33,49.7,16,17,83,63,0.0,255,32767,0.16,2056-9-18,0.04,0.52,23.84,0.0,0.0,0.0,0,0.8671875,6,44,07:14,19:19,2025-03-18 04:59:29.383261,Marina di Stabia
2025-03-18T04:59:40Z,0,30.026,70.3,33,49.7,21,17,94,63,0.0,255,32767,0.16,2056-9-18,0.04,0.52,23.84,0.0,0.0,0.0,0,0.8671875,6,44,07:14,19:19,2025-03-18 04:59:40.443260,Marina di Stabia
2025-03-18T04:59:51Z,0,30.026,70.3,33,49.7,18,17,81,63,0.0,255,32767,0.16,2056-9-18,0.04,0.52,23.84,0.0,0.0,0.0,0,0.8671875,6,44,07:14,19:19,2025-03-18 04:59:51.513258,Marina di Stabia
2025-03-18T05:00:02Z,0,30.025,70.3,33,49.7,25,17,84,63,0.0,255,32767,0.16,2056-9-18,0.04,0.52,23.84,0.0,0.0,0.0,0,1.259765625,6,44,07:14,19:19,2025-03-18 05:00:02.606255,Marina di Stabia,31.1,6.639279,14.05905,5.7798514,10.930394,EU EEA Common AQI,73.8,6.5582366,13.21546,3600,4.811594,100,100,51.4,8.937198,Very Low,75.5,6.355935,100,1739186100,Very Low,9.633085,6.8510075,Very Low,6.062216,42.9,5.362319,100,1739186100,5.362319
2025-03-18T05:00:13Z,0,30.025,70.3,33,49.7,15,17,67,63,0.0,255,32767,0.16,2056-9-18,0.04,0.52,23.84,0.0,0.0,0.0,0,1.259765625,6,44,07:14,19:19,2025-03-18 05:00:13.709255,Marina di Stabia,31.1,6.639279,14.05905,5.7798514,10.930394,EU EEA Common AQI,73.8,6.5582366,13.21546,3600,4.811594,100,100,51.4,8.937198,Very Low,75.5,6.355935,100,1739186100,Very Low,9.633085,6.8510075,Very Low,6.062216,42.9,5.362319,100,1739186100,5.362319
2025-03-18T05:00:25Z,0,30.025,70.3,33,49.7,15,17,84,63,0.0,255,32767,0.16,2056-9-18,0.04,0.52,23.84,0.0,0.0,0.0,0,1.259765625,6,44,07:14,19:19,2025-03-18 05:00:24.870253,Marina di Stabia,31.1,6.639279,14.05905,5.7798514,10.930394,EU EEA Common AQI,73.8,6.5582366,13.21546,3600,4.811594,100,100,51.4,8.937198,Very Low,75.5,6.355935,100,1739186100,Very Low,9.633085,6.8510075,Very Low,6.062216,42.9,5.362319,100,1739186100,5.362319
2025-03-18T05:00:36Z,0,30.025,70.3,33,49.7,25,17,95,63,0.0,255,32767,0.16,2056-9-18,0.04,0.52,23.84,0.0,0.0,0.0,0,1.259765625,6,44,07:14,19:19,2025-03-18 05:00:35.960258,Marina di Stabia,31.1,6.639279,14.05905,5.7798514,10.930394,EU EEA Common AQI,73.8,6.5582366,13.21546,3600,4.811594,100,100,51.4,8.937198,Very Low,75.5,6.355935,100,1739186100,Very Low,9.633085,6.8510075,Very Low,6.062216,42.9,5.362319,100,1739186100,5.362319
2025-03-18T05:00:47Z,0,30.025,70.3,33,49.7,24,17,105,63,0.0,255,32767,0.16,2056-9-18,0.04,0.52,23.84,0.0,0.0,0.0,0,1.259765625,6,44,07:14,19:19,2025-03-18 05:00:47.057261,Marina di Stabia,31.1,6.639279,14.05905,5.7798514,10.930394,EU EEA Common AQI,73.8,6.5582366,13.21546,3600,4.811594,100,100,51.4,8.937198,Very Low,75.5,6.355935,100,1739186100,Very Low,9.633085,6.8510075,Very Low,6.062216,42.9,5.362319,100,1739186100,5.362319
2025-03-18T05:00:58Z,20,30.025,70.3,33,49.7,20,17,86,63,0.0,255,32767,0.16,2056-9-18,0.04,0.52,23.84,0.0,0.0,0.0,0,1.552734375,6,44,07:14,19:19,2025-03-18 05:00:58.205256,Marina di Stabia,31.1,6.639279,14.05905,5.7798514,10.930394,EU EEA Common AQI,73.8,6.5582366,13.21546,3600,4.811594,100,100,51.4,8.937198,Very Low,75.5,6.355935,100,1739186100,Very Low,9.633085,6.8510075,Very Low,6.062216,42.9,5.362319,100,1739186100,5.362319
2025-03-18T05:01:09Z,20,30.027,70.3,33,49.7,19,17,83,63,0.0,255,32767,0.16,2056-9-18,0.04,0.52,23.84,0.0,0.0,0.0,0,1.552734375,6,44,07:14,19:19,2025-03-18 05:01:09.322216,Marina di Stabia,31.1,6.639279,14.05905,5.7798514,10.930394,EU EEA Common AQI,73.8,6.5582366,13.21546,3600,4.811594,100,100,51.4,8.937198,Very Low,75.5,6.355935,100,1739186100,Very Low,9.633085,6.8510075,Very Low,6.062216,42.9,5.362319,100,1739186100,5.362319
2025-03-18T05:01:20Z,20,30.027,70.3,33,49.8,23,17,88,63,0.0,255,32767,0.16,2056-9-18,0.04,0.52,23.84,0.0,0.0,0.0,0,1.552734375,6,44,07:14,19:19,2025-03-18 05:01:20.411260,Marina di Stabia,31.1,6.639279,14.05905,5.7798514,10.930394,EU EEA Common AQI,73.8,6.5582366,13.21546,3600,4.811594,100,100,51.4,8.937198,Very Low,75.5,6.355935,100,1739186100,Very Low,9.633085,6.8510075,Very Low,6.062216,42.9,5.362319,100,1739186100,5.362319
2025-03-18T05:01:31Z,20,30.027,70.3,33,49.8,22,17,92,63,0.0,255,32767,0.16,2056-9-18,0.04,0.52,23.84,0.0,0.0,0.0,0,1.552734375,6,44,07:14,19:19,2025-03-18 05:01:31.504258,Marina di Stabia,31.1,6.639279,14.05905,5.7798514,10.930394,EU EEA Common AQI,73.8,6.5582366,13.21546,3600,4.811594,100,100,51.4,8.937198,Very Low,75.5,6.355935,100,1739186100,Very Low,9.633085,6.8510075,Very Low,6.062216,42.9,5.362319,100,1739186100,5.362319
2025-03-18T05:01:42Z,20,30.027,70.3,33,49.8,17,17,98,63,0.0,255,32767,0.16,2056-9-18,0.04,0.52,23.84,0.0,0.0,0.0,0,1.552734375,6,44,07:14,19:19,2025-03-18 05:01:42.600263,Marina di Stabia,31.1,6.639279,14.05905,5.7798514,10.930394,EU EEA Common AQI,73.8,6.5582366,13.21546,3600,4.811594,100,100,51.4,8.937198,Very Low,75.5,6.355935,100,1739186100,Very Low,9.633085,6.8510075,Very Low,6.062216,42.9,5.362319,100,1739186100,5.362319
2025-03-18T05:01:53Z,20,30.027,70.3,33,49.8,21,17,88,63,0.0,255,32767,0.16,2056-9-18,0.04,0.52,23.84,0.0,0.0,0.0,0,1.552734375,6,44,07:14,19:19,2025-03-18 05:01:53.687226,Marina di Stabia,31.1,6.639279,14.05905,5.7798514,10.930394,EU EEA Common AQI,73.8,6.5582366,13.21546,3600,4.811594,100,100,51.4,8.937198,Very Low,75.5,6.355935,100,1739186100,Very Low,9.633085,6.8510075,Very Low,6.062216,42.9,5.362319,100,1739186100,5.362319
2025-03-18T05:02:04Z,20,30.024,70.3,33,49.8,21,17,97,63,0.0,255,32767,0.16,2056-9-18,0.04,0.52,23.84,0.0,0.0,0.0,0,0.8671875,6,44,07:14,19:19,2025-03-18 05:02:04.782258,Marina di Stabia,31.1,6.639279,14.05905,5.7798514,10.930394,EU EEA Common AQI,73.8,6.5582366,13.21546,3600,4.811594,100,100,51.4,8.937198,Very Low,75.5,6.355935,100,1739186100,Very Low,9.633085,6.8510075,Very Low,6.062216,42.9,5.362319,100,1739186100,5.362319
2025-03-18T05:02:16Z,20,30.024,70.3,33,49.8,17,17,99,62,0.0,255,32767,0.16,2056-9-18,0.04,0.52,23.84,0.0,0.0,0.0,0,0.8671875,6,44,07:14,19:19,2025-03-18 05:02:15.894244,Marina di Stabia,31.1,6.639279,14.05905,5.7798514,10.930394,EU EEA Common AQI,73.8,6.5582366,13.21546,3600,4.811594,100,100,51.4,8.937198,Very Low,75.5,6.355935,100,1739186100,Very Low,9.633085,6.8510075,Very Low,6.062216,42.9,5.362319,100,1739186100,5.362319
2025-03-18T05:02:27Z,20,30.024,70.3,33,49.8,16,17,83,62,0.0,255,32767,0.16,2056-9-18,0.04,0.52,23.84,0.0,0.0,0.0,0,0.8671875,6,44,07:14,19:19,2025-03-18 05:02:26.995259,Marina di Stabia,31.1,6.639279,14.05905,5.7798514,10.930394,EU EEA Common AQI,73.8,6.5582366,13.21546,3600,4.811594,100,100,51.4,8.937198,Very Low,75.5,6.355935,100,1739186100,Very Low,9.633085,6.8510075,Very Low,6.062216,42.9,5.362319,100,1739186100,5.362319
2025-03-18T05:02:38Z,20,30.024,70.3,33,49.8,14,17,78,62,0.0,255,32767,0.16,2056-9-18,0.04,0.52,23.84,0.0,0.0,0.0,0,0.8671875,6,44,07:14,19:19,2025-03-18 05:02:38.067274,Marina di Stabia,31.1,6.639279,14.05905,5.7798514,10.930394,EU EEA Common AQI,73.8,6.5582366,13.21546,3600,4.811594,100,100,51.4,8.937198,Very Low,75.5,6.355935,100,1739186100,Very Low,9.633085,6.8510075,Very Low,6.062216,42.9,5.362319,100,1739186100,5.362319
2025-03-18T05:02:49Z,20,30.024,70.3,33,49.8,25,17,94,62,0.0,255,32767,0.16,2056-9-18,0.04,0.52,23.84,0.0,0.0,0.0,0,0.8671875,6,44,07:14,19:19,2025-03-18 05:02:49.157258,Marina di Stabia,31.1,6.639279,14.05905,5.7798514,10.930394,EU EEA Common AQI,73.8,6.5582366,13.21546,3600,4.811594,100,100,51.4,8.937198,Very Low,75.5,6.355935,100,1739186100,Very Low,9.633085,6.8510075,Very Low,6.062216,42.9,5.362319,100,1739186100,5.362319
2025-03-18T05:03:00Z,20,30.027,70.3,33,49.8,20,17,91,62,0.0,255,32767,0.16,2056-9-18,0.04,0.52,23.84,0.0,0.0,0.0,0,0.884765625,6,44,07:14,19:19,2025-03-18 05:03:00.241299,Marina di Stabia,31.1,6.639279,14.05905,5.7798514,10.930394,EU EEA Common AQI,73.8,6.5582366,13.21546,3600,4.811594,100,100,51.4,8.937198,Very Low,75.5,6.355935,100,1739186100,Very Low,9.633085,6.8510075,Very Low,6.062216,42.9,5.362319,100,1739186100,5.362319
2025-03-18T05:03:11Z,20,30.027,70.3,33,49.8,20,17,87,62,0.0,255,32767,0.16,2056-9-18,0.04,0.52,23.84,0.0,0.0,0.0,0,0.884765625,6,44,07:14,19:19,2025-03-18 05:03:11.367276,Marina di Stabia,31.1,6.639279,14.05905,5.7798514,10.930394,EU EEA Common AQI,73.8,6.5582366,13.21546,3600,4.811594,100,100,51.4,8.937198,Very Low,75.5,6.355935,100,1739186100,Very Low,9.633085,6.8510075,Very Low,6.062216,42.9,5.362319,100,1739186100,5.362319
2025-03-18T05:03:22Z,20,30.027,70.3,33,49.9,22,17,89,62,0.0,255,32767,0.16,2056-9-18,0.04,0.52,23.84,0.0,0.0,0.0,0,0.884765625,6,44,07:14,19:19,2025-03-18 05:03:22.457281,Marina di Stabia,31.1,6.639279,14.05905,5.7798514,10.930394,EU EEA Common AQI,73.8,6.5582366,13.21546,3600,4.811594,100,100,51.4,8.937198,Very Low,75.5,6.355935,100,1739186100,Very Low,9.633085,6.8510075,Very Low,6.062216,42.9,5.362319,100,1739186100,5.362319
2025-03-18T05:03:33Z,20,30.027,70.3,33,49.8,20,17,92,62,0.0,255,32767,0.16,2056-9-18,0.04,0.52,23.84,0.0,0.0,0.0,0,0.884765625,6,44,07:14,19:19,2025-03-18 05:03:33.566222,Marina di Stabia,31.1,6.639279,14.05905,5.7798514,10.930394,EU EEA Common AQI,73.8,6.5582366,13.21546,3600,4.811594,100,100,51.4,8.937198,Very Low,75.5,6.355935,100,1739186100,Very Low,9.633085,6.8510075,Very Low,6.062216,42.9,5.362319,100,1739186100,5.362319
2025-03-18T05:03:44Z,20,30.027,70.3,33,49.8,19,17,93,62,0.0,255,32767,0.16,2056-9-18,0.04,0.52,23.84,0.0,0.0,0.0,0,0.884765625,6,44,07:14,19:19,2025-03-18 05:03:44.651284,Marina di Stabia,31.1,6.639279,14.05905,5.7798514,10.930394,EU EEA Common AQI,73.8,6.5582366,13.21546,3600,4.811594,100,100,51.4,8.937198,Very Low,75.5,6.355935,100,1739186100,Very Low,9.633085,6.8510075,Very Low,6.062216,42.9,5.362319,100,1739186100,5.362319
2025-03-18T05:03:55Z,20,30.027,70.3,33,49.8,17,17,97,62,0.0,255,32767,0.16,2056-9-18,0.04,0.52,23.84,0.0,0.0,0.0,0,0.884765625,6,44,07:14,19:19,2025-03-18 05:03:55.723269,Marina di Stabia,31.1,6.639279,14.05905,5.7798514,10.930394,EU EEA Common AQI,73.8,6.5582366,13.21546,3600,4.811594,100,100,51.4,8.937198,Very Low,75.5,6.355935,100,1739186100,Very Low,9.633085,6.8510075,Very Low,6.062216,42.9,5.362319,100,1739186100,5.362319
2025-03-18T05:04:07Z,20,30.028,70.3,33,49.8,15,18,94,62,0.0,255,32767,0.16,2056-9-18,0.04,0.52,23.84,0.0,0.0,0.0,0,0.8671875,6,44,07:14,19:19,2025-03-18 05:04:06.803278,Marina di Stabia,31.1,6.639279,14.05905,5.7798514,10.930394,EU EEA Common AQI,73.8,6.5582366,13.21546,3600,4.811594,100,100,51.4,8.937198,Very Low,75.5,6.355935,100,1739186100,Very Low,9.633085,6.8510075,Very Low,6.062216,42.9,5.362319,100,1739186100,5.362319
2025-03-18T05:04:18Z,20,30.028,70.3,33,49.8,14,18,87,62,0.0,255,32767,0.16,2056-9-18,0.04,0.52,23.84,0.0,0.0,0.0,0,0.8671875,6,44,07:14,19:19,2025-03-18 05:04:17.888255,Marina di Stabia,31.1,6.639279,14.05905,5.7798514,10.930394,EU EEA Common AQI,73.8,6.5582366,13.21546,3600,4.811594,100,100,51.4,8.937198,Very Low,75.5,6.355935,100,1739186100,Very Low,9.633085,6.8510075,Very Low,6.062216,42.9,5.362319,100,1739186100,5.362319
2025-03-18T05:04:29Z,20,30.028,70.3,33,49.8,14,18,86,62,0.0,255,32767,0.16,2056-9-18,0.04,0.52,23.84,0.0,0.0,0.0,0,0.8671875,6,44,07:14,19:19,2025-03-18 05:04:29.005271,Marina di Stabia,31.1,6.639279,14.05905,5.7798514,10.930394,EU EEA Common AQI,73.8,6.5582366,13.21546,3600,4.811594,100,100,51.4,8.937198,Very Low,75.5,6.355935,100,1739186100,Very Low,9.633085,6.8510075,Very Low,6.062216,42.9,5.362319,100,1739186100,5.362319
2025-03-18T05:04:40Z,20,30.028,70.3,33,49.8,17,18,92,62,0.0,255,32767,0.16,2056-9-18,0.04,0.52,23.84,0.0,0.0,0.0,0,0.8671875,6,44,07:14,19:19,2025-03-18 05:04:40.097259,Marina di Stabia,31.1,6.639279,14.05905,5.7798514,10.930394,EU EEA Common AQI,73.8,6.5582366,13.21546,3600,4.811594,100,100,51.4,8.937198,Very Low,75.5,6.355935,100,1739186100,Very Low,9.633085,6.8510075,Very Low,6.062216,42.9,5.362319,100,1739186100,5.362319
2025-03-18T05:04:51Z,20,30.028,70.3,33,49.8,18,18,90,62,0.0,255,32767,0.16,2056-9-18,0.04,0.52,23.84,0.0,0.0,0.0,0,0.8671875,6,44,07:14,19:19,2025-03-18 05:04:51.180266,Marina di Stabia,31.1,6.639279,14.05905,5.7798514,10.930394,EU EEA Common AQI,73.8,6.5582366,13.21546,3600,4.811594,100,100,51.4,8.937198,Very Low,75.5,6.355935,100,1739186100,Very Low,9.633085,6.8510075,Very Low,6.062216,42.9,5.362319,100,1739186100,5.362319
2025-03-18T05:05:02Z,20,30.03,70.3,33,49.8,16,18,99,62,0.0,255,32767,0.16,2056-9-18,0.04,0.52,23.84,0.0,0.0,0.0,0,1.025390625,6,44,07:14,19:19,2025-03-18 05:05:02.367264,Marina di Stabia,31.1,6.639279,14.05905,5.7798514,10.930394,EU EEA Common AQI,73.8,6.5582366,13.21546,3600,4.811594,100,100,51.4,8.937198,Very Low,75.5,6.355935,100,1739186100,Very Low,9.633085,6.8510075,Very Low,6.062216,42.9,5.362319,100,1739186100,5.362319
2025-03-18T05:05:13Z,20,30.03,70.3,33,49.8,13,18,101,62,0.0,255,32767,0.16,2056-9-18,0.04,0.52,23.84,0.0,0.0,0.0,0,1.025390625,6,44,07:14,19:19,2025-03-18 05:05:13.453258,Marina di Stabia,31.1,6.639279,14.05905,5.7798514,10.930394,EU EEA Common AQI,73.8,6.5582366,13.21546,3600,4.811594,100,100,51.4,8.937198,Very Low,75.5,6.355935,100,1739186100,Very Low,9.633085,6.8510075,Very Low,6.062216,42.9,5.362319,100,1739186100,5.362319
2025-03-18T05:05:24Z,20,30.03,70.3,33,49.8,12,18,96,62,0.0,255,32767,0.16,2056-9-18,0.04,0.52,23.84,0.0,0.0,0.0,0,1.025390625,6,44,07:14,19:19,2025-03-18 05:05:24.576260,Marina di Stabia,31.1,6.639279,14.05905,5.7798514,10.930394,EU EEA Common AQI,73.8,6.5582366,13.21546,3600,4.811594,100,100,51.4,8.937198,Very Low,75.5,6.355935,100,1739186100,Very Low,9.633085,6.8510075,Very Low,6.062216,42.9,5.362319,100,1739186100,5.362319
2025-03-18T05:05:35Z,20,30.03,70.3,33,49.8,13,18,74,62,0.0,255,32767,0.16,2056-9-18,0.04,0.52,23.84,0.0,0.0,0.0,0,1.025390625,6,44,07:14,19:19,2025-03-18 05:05:35.661263,Marina di Stabia,31.1,6.639279,14.05905,5.7798514,10.930394,EU EEA Common AQI,73.8,6.5582366,13.21546,3600,4.811594,100,100,51.4,8.937198,Very Low,75.5,6.355935,100,1739186100,Very Low,9.633085,6.8510075,Very Low,6.062216,42.9,5.362319,100,1739186100,5.362319
2025-03-18T05:05:46Z,20,30.03,70.3,33,49.8,10,18,87,63,0.0,255,32767,0.16,2056-9-18,0.04,0.52,23.84,0.0,0.0,0.0,0,1.025390625,6,44,07:14,19:19,2025-03-18 05:05:46.739256,Marina di Stabia,31.1,6.639279,14.05905,5.7798514,10.930394,EU EEA Common AQI,73.8,6.5582366,13.21546,3600,4.811594,100,100,51.4,8.937198,Very Low,75.5,6.355935,100,1739186100,Very Low,9.633085,6.8510075,Very Low,6.062216,42.9,5.362319,100,1739186100,5.362319
2025-03-18T05:05:58Z,20,30.031,70.3,33,49.8,9,17,86,63,0.0,255,32767,0.16,2056-9-18,0.04,0.52,23.84,0.0,0.0,0.0,0,0.8671875,6,44,07:14,19:19,2025-03-18 05:05:57.871263,Marina di Stabia,31.1,6.639279,14.05905,5.7798514,10.930394,EU EEA Common AQI,73.8,6.5582366,13.21546,3600,4.811594,100,100,51.4,8.937198,Very Low,75.5,6.355935,100,1739186100,Very Low,9.633085,6.8510075,Very Low,6.062216,42.9,5.362319,100,1739186100,5.362319
2025-03-18T05:06:09Z,20,30.031,70.3,33,49.7,16,17,107,63,0.0,255,32767,0.16,2056-9-18,0.04,0.52,23.84,0.0,0.0,0.0,0,0.8671875,6,44,07:14,19:19,2025-03-18 05:06:08.956266,Marina di Stabia,31.1,6.639279,14.05905,5.7798514,10.930394,EU EEA Common AQI,73.8,6.5582366,13.21546,3600,4.811594,100,100,51.4,8.937198,Very Low,75.5,6.355935,100,1739186100,Very Low,9.633085,6.8510075,Very Low,6.062216,42.9,5.362319,100,1739186100,5.362319
2025-03-18T05:06:20Z,20,30.031,70.3,33,49.7,15,17,83,63,0.0,255,32767,0.16,2056-9-18,0.04,0.52,23.84,0.0,0.0,0.0,0,0.8671875,6,44,07:14,19:19,2025-03-18 05:06:20.059257,Marina di Stabia,31.1,6.639279,14.05905,5.7798514,10.930394,EU EEA Common AQI,73.8,6.5582366,13.21546,3600,4.811594,100,100,51.4,8.937198,Very Low,75.5,6.355935,100,1739186100,Very Low,9.633085,6.8510075,Very Low,6.062216,42.9,5.362319,100,1739186100,5.362319
2025-03-18T05:06:31Z,20,30.031,70.3,33,49.7,16,17,105,63,0.0,255,32767,0.16,2056-9-18,0.04,0.52,23.84,0.0,0.0,0.0,0,0.8671875,6,44,07:14,19:19,2025-03-18 05:06:31.136270,Marina di Stabia,31.1,6.639279,14.05905,5.7798514,10.930394,EU EEA Common AQI,73.8,6.5582366,13.21546,3600,4.811594,100,100,51.4,8.937198,Very Low,75.5,6.355935,100,1739186100,Very Low,9.633085,6.8510075,Very Low,6.062216,42.9,5.362319,100,1739186100,5.362319
2025-03-18T05:06:42Z,20,30.031,70.3,33,49.7,17,17,67,63,0.0,255,32767,0.16,2056-9-18,0.04,0.52,23.84,0.0,0.0,0.0,0,0.8671875,6,44,07:14,19:19,2025-03-18 05:06:42.219259,Marina di Stabia,31.1,6.639279,14.05905,5.7798514,10.930394,EU EEA Common AQI,73.8,6.5582366,13.21546,3600,4.811594,100,100,51.4,8.937198,Very Low,75.5,6.355935,100,1739186100,Very Low,9.633085,6.8510075,Very Low,6.062216,42.9,5.362319,100,1739186100,5.362319
2025-03-18T05:06:53Z,20,30.031,70.3,33,49.7,20,17,69,63,0.0,255,32767,0.16,2056-9-18,0.04,0.52,23.84,0.0,0.0,0.0,0,0.8671875,6,44,07:14,19:19,2025-03-18 05:06:53.307259,Marina di Stabia,31.1,6.639279,14.05905,5.7798514,10.930394,EU EEA Common AQI,73.8,6.5582366,13.21546,3600,4.811594,100,100,51.4,8.937198,Very Low,75.5,6.355935,100,1739186100,Very Low,9.633085,6.8510075,Very Low,6.062216,42.9,5.362319,100,1739186100,5.362319
2025-03-18T05:07:04Z,20,30.03,70.3,33,49.7,16,17,88,63,0.0,255,32767,0.16,2056-9-18,0.04,0.52,23.84,0.0,0.0,0.0,0,1.916015625,6,44,07:14,19:19,2025-03-18 05:07:04.382261,Marina di Stabia,31.1,6.639279,14.05905,5.7798514,10.930394,EU EEA Common AQI,73.8,6.5582366,13.21546,3600,4.811594,100,100,51.4,8.937198,Very Low,75.5,6.355935,100,1739186100,Very Low,9.633085,6.8510075,Very Low,6.062216,42.9,5.362319,100,1739186100,5.362319
2025-03-18T05:07:15Z,20,30.03,70.3,33,49.7,16,17,81,63,0.0,255,32767,0.16,2056-9-18,0.04,0.52,23.84,0.0,0.0,0.0,0,1.916015625,6,44,07:14,19:19,2025-03-18 05:07:15.505259,Marina di Stabia,31.1,6.639279,14.05905,5.7798514,10.930394,EU EEA Common AQI,73.8,6.5582366,13.21546,3600,4.811594,100,100,51.4,8.937198,Very Low,75.5,6.355935,100,1739186100,Very Low,9.633085,6.8510075,Very Low,6.062216,42.9,5.362319,100,1739186100,5.362319
2025-03-18T05:07:26Z,20,30.03,70.3,33,49.7,18,17,90,63,0.0,255,32767,0.16,2056-9-18,0.04,0.52,23.84,0.0,0.0,0.0,0,1.916015625,6,44,07:14,19:19,2025-03-18 05:07:26.625246,Marina di Stabia,31.1,6.639279,14.05905,5.7798514,10.930394,EU EEA Common AQI,73.8,6.5582366,13.21546,3600,4.811594,100,100,51.4,8.937198,Very Low,75.5,6.355935,100,1739186100,Very Low,9.633085,6.8510075,Very Low,6.062216,42.9,5.362319,100,1739186100,5.362319
2025-03-18T05:07:37Z,20,30.03,70.3,33,49.7,21,17,102,63,0.0,255,32767,0.16,2056-9-18,0.04,0.52,23.84,0.0,0.0,0.0,0,1.916015625,6,44,07:14,19:19,2025-03-18 05:07:37.727258,Marina di Stabia,31.1,6.639279,14.05905,5.7798514,10.930394,EU EEA Common AQI,73.8,6.5582366,13.21546,3600,4.811594,100,100,51.4,8.937198,Very Low,75.5,6.355935,100,1739186100,Very Low,9.633085,6.8510075,Very Low,6.062216,42.9,5.362319,100,1739186100,5.362319
2025-03-18T05:07:49Z,20,30.03,70.3,33,49.7,20,17,84,63,0.0,255,32767,0.16,2056-9-18,0.04,0.52,23.84,0.0,0.0,0.0,0,1.916015625,6,44,07:14,19:19,2025-03-18 05:07:48.816263,Marina di Stabia,31.1,6.639279,14.05905,5.7798514,10.930394,EU EEA Common AQI,73.8,6.5582366,13.21546,3600,4.811594,100,100,51.4,8.937198,Very Low,75.5,6.355935,100,1739186100,Very Low,9.633085,6.8510075,Very Low,6.062216,42.9,5.362319,100,1739186100,5.362319
2025-03-18T05:08:00Z,20,30.028,70.3,33,49.7,18,17,79,63,0.0,255,32767,0.16,2056-9-18,0.04,0.52,23.84,0.0,0.0,0.0,0,0.873046875,6,44,07:14,19:19,2025-03-18 05:07:59.902280,Marina di Stabia,31.1,6.639279,14.05905,5.7798514,10.930394,EU EEA Common AQI,73.8,6.5582366,13.21546,3600,4.811594,100,100,51.4,8.937198,Very Low,75.5,6.355935,100,1739186100,Very Low,9.633085,6.8510075,Very Low,6.062216,42.9,5.362319,100,1739186100,5.362319
2025-03-18T05:08:11Z,20,30.028,70.3,33,49.7,17,17,103,63,0.0,255,32767,0.16,2056-9-18,0.04,0.52,23.84,0.0,0.0,0.0,0,0.873046875,6,44,07:14,19:19,2025-03-18 05:08:10.997262,Marina di Stabia,31.1,6.639279,14.05905,5.7798514,10.930394,EU EEA Common AQI,73.8,6.5582366,13.21546,3600,4.811594,100,100,51.4,8.937198,Very Low,75.5,6.355935,100,1739186100,Very Low,9.633085,6.8510075,Very Low,6.062216,42.9,5.362319,100,1739186100,5.362319
2025-03-18T05:08:22Z,20,30.028,70.3,33,49.7,16,17,84,63,0.0,255,32767,0.16,2056-9-18,0.04,0.52,23.84,0.0,0.0,0.0,0,0.873046875,6,44,07:14,19:19,2025-03-18 05:08:22.127258,Marina di Stabia,31.1,6.639279,14.05905,5.7798514,10.930394,EU EEA Common AQI,73.8,6.5582366,13.21546,3600,4.811594,100,100,51.4,8.937198,Very Low,75.5,6.355935,100,1739186100,Very Low,9.633085,6.8510075,Very Low,6.062216,42.9,5.362319,100,1739186100,5.362319
2025-03-18T05:08:33Z,20,30.028,70.3,33,49.6,12,17,90,63,0.0,255,32767,0.16,2056-9-18,0.04,0.52,23.84,0.0,0.0,0.0,0,0.873046875,6,44,07:14,19:19,2025-03-18 05:08:33.212253,Marina di Stabia,31.1,6.639279,14.05905,5.7798514,10.930394,EU EEA Common AQI,73.8,6.5582366,13.21546,3600,4.811594,100,100,51.4,8.937198,Very Low,75.5,6.355935,100,1739186100,Very Low,9.633085,6.8510075,Very Low,6.062216,42.9,5.362319,100,1739186100,5.362319
2025-03-18T05:08:44Z,20,30.028,70.3,33,49.6,17,17,82,63,0.0,255,32767,0.16,2056-9-18,0.04,0.52,23.84,0.0,0.0,0.0,0,0.873046875,6,44,07:14,19:19,2025-03-18 05:08:44.303250,Marina di Stabia,31.1,6.639279,14.05905,5.7798514,10.930394,EU EEA Common AQI,73.8,6.5582366,13.21546,3600,4.811594,100,100,51.4,8.937198,Very Low,75.5,6.355935,100,1739186100,Very Low,9.633085,6.8510075,Very Low,6.062216,42.9,5.362319,100,1739186100,5.362319
2025-03-18T05:08:55Z,20,30.028,70.3,33,49.7,14,17,84,63,0.0,255,32767,0.16,2056-9-18,0.04,0.52,23.84,0.0,0.0,0.0,0,0.873046875,6,44,07:14,19:19,2025-03-18 05:08:55.409255,Marina di Stabia,31.1,6.639279,14.05905,5.7798514,10.930394,EU EEA Common AQI,73.8,6.5582366,13.21546,3600,4.811594,100,100,51.4,8.937198,Very Low,75.5,6.355935,100,1739186100,Very Low,9.633085,6.8510075,Very Low,6.062216,42.9,5.362319,100,1739186100,5.362319
2025-03-18T05:09:06Z,20,30.03,70.2,33,49.7,17,18,86,63,0.0,255,32767,0.16,2056-9-18,0.04,0.52,23.84,0.0,0.0,0.0,0,0.8671875,6,44,07:14,19:19,2025-03-18 05:09:06.496261,Marina di Stabia,31.1,6.639279,14.05905,5.7798514,10.930394,EU EEA Common AQI,73.8,6.5582366,13.21546,3600,4.811594,100,100,51.4,8.937198,Very Low,75.5,6.355935,100,1739186100,Very Low,9.633085,6.8510075,Very Low,6.062216,42.9,5.362319,100,1739186100,5.362319
2025-03-18T05:09:17Z,20,30.03,70.2,33,49.6,17,18,75,63,0.0,255,32767,0.16,2056-9-18,0.04,0.52,23.84,0.0,0.0,0.0,0,0.8671875,6,44,07:14,19:19,2025-03-18 05:09:17.619226,Marina di Stabia,31.1,6.639279,14.05905,5.7798514,10.930394,EU EEA Common AQI,73.8,6.5582366,13.21546,3600,4.811594,100,100,51.4,8.937198,Very Low,75.5,6.355935,100,1739186100,Very Low,9.633085,6.8510075,Very Low,6.062216,42.9,5.362319,100,1739186100,5.362319
2025-03-18T05:09:28Z,20,30.03,70.2,33,49.7,18,18,92,63,0.0,255,32767,0.16,2056-9-18,0.04,0.52,23.84,0.0,0.0,0.0,0,0.8671875,6,44,07:14,19:19,2025-03-18 05:09:28.708267,Marina di Stabia,31.1,6.639279,14.05905,5.7798514,10.930394,EU EEA Common AQI,73.8,6.5582366,13.21546,3600,4.811594,100,100,51.4,8.937198,Very Low,75.5,6.355935,100,1739186100,Very Low,9.633085,6.8510075,Very Low,6.062216,42.9,5.362319,100,1739186100,5.362319
2025-03-18T05:09:39Z,20,30.03,70.2,33,49.6,15,18,84,63,0.0,255,32767,0.16,2056-9-18,0.04,0.52,23.84,0.0,0.0,0.0,0,0.8671875,6,44,07:14,19:19,2025-03-18 05:09:39.796257,Marina di Stabia,31.1,6.639279,14.05905,5.7798514,10.930394,EU EEA Common AQI,73.8,6.5582366,13.21546,3600,4.811594,100,100,51.4,8.937198,Very Low,75.5,6.355935,100,1739186100,Very Low,9.633085,6.8510075,Very Low,6.062216,42.9,5.362319,100,1739186100,5.362319
2025-03-18T05:09:51Z,20,30.03,70.2,33,49.6,12,18,83,63,0.0,255,32767,0.16,2056-9-18,0.04,0.52,23.84,0.0,0.0,0.0,0,0.8671875,6,44,07:14,19:19,2025-03-18 05:09:50.909293,Marina di Stabia,31.1,6.639279,14.05905,5.7798514,10.930394,EU EEA Common AQI,73.8,6.5582366,13.21546,3600,4.811594,100,100,51.4,8.937198,Very Low,75.5,6.355935,100,1739186100,Very Low,9.633085,6.8510075,Very Low,6.062216,42.9,5.362319,100,1739186100,5.362319
2025-03-18T05:10:02Z,20,30.03,70.2,33,49.6,13,17,76,63,0.0,255,32767,0.16,2056-9-18,0.04,0.52,23.84,0.0,0.0,0.0,0,0.92578125,6,44,07:14,19:19,2025-03-18 05:10:02.063275,Marina di Stabia,31.1,6.639279,14.05905,5.7798514,10.930394,EU EEA Common AQI,73.8,6.5582366,13.21546,3600,4.811594,100,100,51.4,8.937198,Very Low,75.5,6.355935,100,1739186100,Very Low,9.633085,6.8510075,Very Low,6.062216,42.9,5.362319,100,1739186100,5.362319
2025-03-18T05:10:13Z,20,30.03,70.2,33,49.6,13,17,90,63,0.0,255,32767,0.16,2056-9-18,0.04,0.52,23.84,0.0,0.0,0.0,0,0.92578125,6,44,07:14,19:19,2025-03-18 05:10:13.165272,Marina di Stabia,31.1,6.639279,14.05905,5.7798514,10.930394,EU EEA Common AQI,73.8,6.5582366,13.21546,3600,4.811594,100,100,51.4,8.937198,Very Low,75.5,6.355935,100,1739186100,Very Low,9.633085,6.8510075,Very Low,6.062216,42.9,5.362319,100,1739186100,5.362319
2025-03-18T05:10:24Z,20,30.03,70.2,33,49.6,12,17,79,63,0.0,255,32767,0.16,2056-9-18,0.04,0.52,23.84,0.0,0.0,0.0,0,0.92578125,6,44,07:14,19:19,2025-03-18 05:10:24.249257,Marina di Stabia,31.1,6.639279,14.05905,5.7798514,10.930394,EU EEA Common AQI,73.8,6.5582366,13.21546,3600,4.811594,100,100,51.4,8.937198,Very Low,75.5,6.355935,100,1739186100,Very Low,9.633085,6.8510075,Very Low,6.062216,42.9,5.362319,100,1739186100,5.362319
2025-03-18T05:10:35Z,20,30.03,70.2,33,49.6,13,17,94,63,0.0,255,32767,0.16,2056-9-18,0.04,0.52,23.84,0.0,0.0,0.0,0,0.92578125,6,44,07:14,19:19,2025-03-18 05:10:35.349256,Marina di Stabia,31.1,6.639279,14.05905,5.7798514,10.930394,EU EEA Common AQI,73.8,6.5582366,13.21546,3600,4.811594,100,100,51.4,8.937198,Very Low,75.5,6.355935,100,1739186100,Very Low,9.633085,6.8510075,Very Low,6.062216,42.9,5.362319,100,1739186100,5.362319
2025-03-18T05:10:46Z,20,30.03,70.2,33,49.6,13,17,92,63,0.0,255,32767,0.16,2056-9-18,0.04,0.52,23.84,0.0,0.0,0.0,0,0.92578125,6,44,07:14,19:19,2025-03-18 05:10:46.428266,Marina di Stabia,31.1,6.639279,14.05905,5.7798514,10.930394,EU EEA Common AQI,73.8,6.5582366,13.21546,3600,4.811594,100,100,51.4,8.937198,Very Low,75.5,6.355935,100,1739186100,Very Low,9.633085,6.8510075,Very Low,6.062216,42.9,5.362319,100,1739186100,5.362319
2025-03-18T05:10:57Z,20,30.03,70.2,33,49.6,18,17,97,63,0.0,255,32767,0.16,2056-9-18,0.04,0.52,23.84,0.0,0.0,0.0,0,0.896484375,6,44,07:14,19:19,2025-03-18 05:10:57.712260,Marina di Stabia,31.1,6.639279,14.05905,5.7798514,10.930394,EU EEA Common AQI,73.8,6.5582366,13.21546,3600,4.811594,100,100,51.4,8.937198,Very Low,75.5,6.355935,100,1739186100,Very Low,9.633085,6.8510075,Very Low,6.062216,42.9,5.362319,100,1739186100,5.362319
2025-03-18T05:11:09Z,20,30.031,70.2,33,49.6,19,17,88,63,0.0,255,32767,0.16,2056-9-18,0.04,0.52,23.84,0.0,0.0,0.0,0,0.896484375,6,44,07:14,19:19,2025-03-18 05:11:08.803266,Marina di Stabia,31.1,6.639279,14.05905,5.7798514,10.930394,EU EEA Common AQI,73.8,6.5582366,13.21546,3600,4.811594,100,100,51.4,8.937198,Very Low,75.5,6.355935,100,1739186100,Very Low,9.633085,6.8510075,Very Low,6.062216,42.9,5.362319,100,1739186100,5.362319
2025-03-18T05:11:20Z,20,30.031,70.2,33,49.6,20,17,101,63,0.0,255,32767,0.16,2056-9-18,0.04,0.52,23.84,0.0,0.0,0.0,0,0.896484375,6,44,07:14,19:19,2025-03-18 05:11:20.180282,Marina di Stabia,31.1,6.639279,14.05905,5.7798514,10.930394,EU EEA Common AQI,73.8,6.5582366,13.21546,3600,4.811594,100,100,51.4,8.937198,Very Low,75.5,6.355935,100,1739186100,Very Low,9.633085,6.8510075,Very Low,6.062216,42.9,5.362319,100,1739186100,5.362319
2025-03-18T05:11:31Z,20,30.031,70.2,33,49.6,21,17,90,63,0.0,255,32767,0.16,2056-9-18,0.04,0.52,23.84,0.0,0.0,0.0,0,0.896484375,6,44,07:14,19:19,2025-03-18 05:11:31.254260,Marina di Stabia,31.1,6.639279,14.05905,5.7798514,10.930394,EU EEA Common AQI,73.8,6.5582366,13.21546,3600,4.811594,100,100,51.4,8.937198,Very Low,75.5,6.355935,100,1739186100,Very Low,9.633085,6.8510075,Very Low,6.062216,42.9,5.362319,100,1739186100,5.362319
2025-03-18T05:11:42Z,20,30.031,70.2,33,49.6,18,17,89,63,0.0,255,32767,0.16,2056-9-18,0.04,0.52,23.84,0.0,0.0,0.0,0,0.896484375,6,44,07:14,19:19,2025-03-18 05:11:42.338270,Marina di Stabia,31.1,6.639279,14.05905,5.7798514,10.930394,EU EEA Common AQI,73.8,6.5582366,13.21546,3600,4.811594,100,100,51.4,8.937198,Very Low,75.5,6.355935,100,1739186100,Very Low,9.633085,6.8510075,Very Low,6.062216,42.9,5.362319,100,1739186100,5.362319
2025-03-18T05:11:53Z,20,30.031,70.2,33,49.6,20,17,88,63,0.0,255,32767,0.16,2056-9-18,0.04,0.52,23.84,0.0,0.0,0.0,0,0.896484375,6,44,07:14,19:19,2025-03-18 05:11:53.421292,Marina di Stabia,31.1,6.639279,14.05905,5.7798514,10.930394,EU EEA Common AQI,73.8,6.5582366,13.21546,3600,4.811594,100,100,51.4,8.937198,Very Low,75.5,6.355935,100,1739186100,Very Low,9.633085,6.8510075,Very Low,6.062216,42.9,5.362319,100,1739186100,5.362319
2025-03-18T05:12:04Z,20,30.032,70.2,33,49.6,15,17,85,63,0.0,255,32767,0.16,2056-9-18,0.04,0.52,23.84,0.0,0.0,0.0,0,1.2890625,6,44,07:14,19:19,2025-03-18 05:12:04.502259,Marina di Stabia,31.1,6.639279,14.05905,5.7798514,10.930394,EU EEA Common AQI,73.8,6.5582366,13.21546,3600,4.811594,100,100,51.4,8.937198,Very Low,75.5,6.355935,100,1739186100,Very Low,9.633085,6.8510075,Very Low,6.062216,42.9,5.362319,100,1739186100,5.362319
2025-03-18T05:12:15Z,20,30.032,70.2,33,49.6,18,17,72,63,0.0,255,32767,0.16,2056-9-18,0.04,0.52,23.84,0.0,0.0,0.0,0,1.2890625,6,44,07:14,19:19,2025-03-18 05:12:15.608221,Marina di Stabia,31.1,6.639279,14.05905,5.7798514,10.930394,EU EEA Common AQI,73.8,6.5582366,13.21546,3600,4.811594,100,100,51.4,8.937198,Very Low,75.5,6.355935,100,1739186100,Very Low,9.633085,6.8510075,Very Low,6.062216,42.9,5.362319,100,1739186100,5.362319
2025-03-18T05:12:26Z,20,30.032,70.2,33,49.6,15,17,79,63,0.0,255,32767,0.16,2056-9-18,0.04,0.52,23.84,0.0,0.0,0.0,0,1.2890625,6,44,07:14,19:19,2025-03-18 05:12:26.729273,Marina di Stabia,31.1,6.639279,14.05905,5.7798514,10.930394,EU EEA Common AQI,73.8,6.5582366,13.21546,3600,4.811594,100,100,51.4,8.937198,Very Low,75.5,6.355935,100,1739186100,Very Low,9.633085,6.8510075,Very Low,6.062216,42.9,5.362319,100,1739186100,5.362319
2025-03-18T05:12:38Z,20,30.032,70.2,33,49.6,12,17,86,63,0.0,255,32767,0.16,2056-9-18,0.04,0.52,23.84,0.0,0.0,0.0,0,1.2890625,6,44,07:14,19:19,2025-03-18 05:12:37.805258,Marina di Stabia,31.1,6.639279,14.05905,5.7798514,10.930394,EU EEA Common AQI,73.8,6.5582366,13.21546,3600,4.811594,100,100,51.4,8.937198,Very Low,75.5,6.355935,100,1739186100,Very Low,9.633085,6.8510075,Very Low,6.062216,42.9,5.362319,100,1739186100,5.362319
2025-03-18T05:12:49Z,20,30.032,70.2,33,49.6,12,17,92,63,0.0,255,32767,0.16,2056-9-18,0.04,0.52,23.84,0.0,0.0,0.0,0,1.2890625,6,44,07:14,19:19,2025-03-18 05:12:48.878264,Marina di Stabia,31.1,6.639279,14.05905,5.7798514,10.930394,EU EEA Common AQI,73.8,6.5582366,13.21546,3600,4.811594,100,100,51.4,8.937198,Very Low,75.5,6.355935,100,1739186100,Very Low,9.633085,6.8510075,Very Low,6.062216,42.9,5.362319,100,1739186100,5.362319
2025-03-18T05:13:00Z,20,30.034,70.2,33,49.6,13,16,86,63,0.0,255,32767,0.16,2056-9-18,0.04,0.52,23.84,0.0,0.0,0.0,0,0.8671875,6,44,07:14,19:19,2025-03-18 05:12:59.970265,Marina di Stabia,31.1,6.639279,14.05905,5.7798514,10.930394,EU EEA Common AQI,73.8,6.5582366,13.21546,3600,4.811594,100,100,51.4,8.937198,Very Low,75.5,6.355935,100,1739186100,Very Low,9.633085,6.8510075,Very Low,6.062216,42.9,5.362319,100,1739186100,5.362319
2025-03-18T05:13:11Z,20,30.034,70.2,33,49.6,16,16,78,63,0.0,255,32767,0.16,2056-9-18,0.04,0.52,23.84,0.0,0.0,0.0,0,0.8671875,6,44,07:14,19:19,2025-03-18 05:13:11.076262,Marina di Stabia,31.1,6.639279,14.05905,5.7798514,10.930394,EU EEA Common AQI,73.8,6.5582366,13.21546,3600,4.811594,100,100,51.4,8.937198,Very Low,75.5,6.355935,100,1739186100,Very Low,9.633085,6.8510075,Very Low,6.062216,42.9,5.362319,100,1739186100,5.362319
2025-03-18T05:13:22Z,20,30.034,70.2,33,49.6,15,16,108,63,0.0,255,32767,0.16,2056-9-18,0.04,0.52,23.84,0.0,0.0,0.0,0,0.8671875,6,44,07:14,19:19,2025-03-18 05:13:22.180263,Marina di Stabia,31.1,6.639279,14.05905,5.7798514,10.930394,EU EEA Common AQI,73.8,6.5582366,13.21546,3600,4.811594,100,100,51.4,8.937198,Very Low,75.5,6.355935,100,1739186100,Very Low,9.633085,6.8510075,Very Low,6.062216,42.9,5.362319,100,1739186100,5.362319
2025-03-18T05:13:33Z,20,30.034,70.2,33,49.6,14,16,109,63,0.0,255,32767,0.16,2056-9-18,0.04,0.52,23.84,0.0,0.0,0.0,0,0.8671875,6,44,07:14,19:19,2025-03-18 05:13:33.267259,Marina di Stabia,31.1,6.639279,14.05905,5.7798514,10.930394,EU EEA Common AQI,73.8,6.5582366,13.21546,3600,4.811594,100,100,51.4,8.937198,Very Low,75.5,6.355935,100,1739186100,Very Low,9.633085,6.8510075,Very Low,6.062216,42.9,5.362319,100,1739186100,5.362319
2025-03-18T05:13:44Z,20,30.034,70.2,33,49.6,29,16,98,63,0.0,255,32767,0.16,2056-9-18,0.04,0.52,23.84,0.0,0.0,0.0,0,0.8671875,6,44,07:14,19:19,2025-03-18 05:13:44.352258,Marina di Stabia,31.1,6.639279,14.05905,5.7798514,10.930394,EU EEA Common AQI,73.8,6.5582366,13.21546,3600,4.811594,100,100,51.4,8.937198,Very Low,75.5,6.355935,100,1739186100,Very Low,9.633085,6.8510075,Very Low,6.062216,42.9,5.362319,100,1739186100,5.362319
2025-03-18T05:13:55Z,20,30.034,70.2,33,49.6,29,16,119,63,0.0,255,32767,0.16,2056-9-18,0.04,0.52,23.84,0.0,0.0,0.0,0,0.8671875,6,44,07:14,19:19,2025-03-18 05:13:55.436275,Marina di Stabia,31.1,6.639279,14.05905,5.7798514,10.930394,EU EEA Common AQI,73.8,6.5582366,13.21546,3600,4.811594,100,100,51.4,8.937198,Very Low,75.5,6.355935,100,1739186100,Very Low,9.633085,6.8510075,Very Low,6.062216,42.9,5.362319,100,1739186100,5.362319
2025-03-18T05:14:06Z,20,30.032,70.2,33,49.6,24,16,87,63,0.0,255,32767,0.16,2056-9-18,0.04,0.52,23.84,0.0,0.0,0.0,0,0.8671875,6,44,07:14,19:19,2025-03-18 05:14:06.510263,Marina di Stabia,31.1,6.639279,14.05905,5.7798514,10.930394,EU EEA Common AQI,73.8,6.5582366,13.21546,3600,4.811594,100,100,51.4,8.937198,Very Low,75.5,6.355935,100,1739186100,Very Low,9.633085,6.8510075,Very Low,6.062216,42.9,5.362319,100,1739186100,5.362319
2025-03-18T05:14:17Z,20,30.032,70.2,33,49.6,18,16,107,63,0.0,255,32767,0.16,2056-9-18,0.04,0.52,23.84,0.0,0.0,0.0,0,0.8671875,6,44,07:14,19:19,2025-03-18 05:14:17.622272,Marina di Stabia,31.1,6.639279,14.05905,5.7798514,10.930394,EU EEA Common AQI,73.8,6.5582366,13.21546,3600,4.811594,100,100,51.4,8.937198,Very Low,75.5,6.355935,100,1739186100,Very Low,9.633085,6.8510075,Very Low,6.062216,42.9,5.362319,100,1739186100,5.362319
2025-03-18T05:14:28Z,20,30.032,70.2,33,49.6,19,16,97,63,0.0,255,32767,0.16,2056-9-18,0.04,0.52,23.84,0.0,0.0,0.0,0,0.8671875,6,44,07:14,19:19,2025-03-18 05:14:28.703266,Marina di Stabia,31.1,6.639279,14.05905,5.7798514,10.930394,EU EEA Common AQI,73.8,6.5582366,13.21546,3600,4.811594,100,100,51.4,8.937198,Very Low,75.5,6.355935,100,1739186100,Very Low,9.633085,6.8510075,Very Low,6.062216,42.9,5.362319,100,1739186100,5.362319
2025-03-18T05:14:40Z,20,30.032,70.2,33,49.7,19,16,89,63,0.0,255,32767,0.16,2056-9-18,0.04,0.52,23.84,0.0,0.0,0.0,0,0.8671875,6,44,07:14,19:19,2025-03-18 05:14:39.805262,Marina di Stabia,31.1,6.639279,14.05905,5.7798514,10.930394,EU EEA Common AQI,73.8,6.5582366,13.21546,3600,4.811594,100,100,51.4,8.937198,Very Low,75.5,6.355935,100,1739186100,Very Low,9.633085,6.8510075,Very Low,6.062216,42.9,5.362319,100,1739186100,5.362319
2025-03-18T05:14:51Z,20,30.032,70.2,33,49.7,19,16,90,63,0.0,255,32767,0.16,2056-9-18,0.04,0.52,23.84,0.0,0.0,0.0,0,0.8671875,6,44,07:14,19:19,2025-03-18 05:14:51.142259,Marina di Stabia,31.1,6.639279,14.05905,5.7798514,10.930394,EU EEA Common AQI,73.8,6.5582366,13.21546,3600,4.811594,100,100,51.4,8.937198,Very Low,75.5,6.355935,100,1739186100,Very Low,9.633085,6.8510075,Very Low,6.062216,42.9,5.362319,100,1739186100,5.362319
2025-03-18T05:15:02Z,20,30.031,70.2,33,49.7,20,16,86,63,0.0,255,32767,0.16,2056-9-18,0.04,0.52,23.84,0.0,0.0,0.0,0,0.884765625,6,44,07:14,19:19,2025-03-18 05:15:02.216253,Marina di Stabia,31.1,6.639279,14.05905,5.7798514,10.930394,EU EEA Common AQI,73.8,6.5582366,13.21546,3600,4.811594,100,100,51.4,8.937198,Very Low,75.5,6.355935,100,1739186100,Very Low,9.633085,6.8510075,Very Low,6.062216,42.9,5.362319,100,1739186100,5.362319
2025-03-18T05:15:13Z,20,30.031,70.2,33,49.7,21,16,90,63,0.0,255,32767,0.16,2056-9-18,0.04,0.52,23.84,0.0,0.0,0.0,0,0.884765625,6,44,07:14,19:19,2025-03-18 05:15:13.326256,Marina di Stabia,31.1,6.639279,14.05905,5.7798514,10.930394,EU EEA Common AQI,73.8,6.5582366,13.21546,3600,4.811594,100,100,51.4,8.937198,Very Low,75.5,6.355935,100,1739186100,Very Low,9.633085,6.8510075,Very Low,6.062216,42.9,5.362319,100,1739186100,5.362319
2025-03-18T05:15:24Z,20,30.031,70.2,33,49.7,18,16,101,63,0.0,255,32767,0.16,2056-9-18,0.04,0.52,23.84,0.0,0.0,0.0,0,0.884765625,6,44,07:14,19:19,2025-03-18 05:15:24.403275,Marina di Stabia,31.1,6.639279,14.05905,5.7798514,10.930394,EU EEA Common AQI,73.8,6.5582366,13.21546,3600,4.811594,100,100,51.4,8.937198,Very Low,75.5,6.355935,100,1739186100,Very Low,9.633085,6.8510075,Very Low,6.062216,42.9,5.362319,100,1739186100,5.362319
2025-03-18T05:15:35Z,20,30.031,70.2,33,49.7,18,16,99,63,0.0,255,32767,0.16,2056-9-18,0.04,0.52,23.84,0.0,0.0,0.0,0,0.884765625,6,44,07:14,19:19,2025-03-18 05:15:35.479258,Marina di Stabia,31.1,6.639279,14.05905,5.7798514,10.930394,EU EEA Common AQI,73.8,6.5582366,13.21546,3600,4.811594,100,100,51.4,8.937198,Very Low,75.5,6.355935,100,1739186100,Very Low,9.633085,6.8510075,Very Low,6.062216,42.9,5.362319,100,1739186100,5.362319
2025-03-18T05:15:46Z,20,30.031,70.2,33,49.7,21,16,81,63,0.0,255,32767,0.16,2056-9-18,0.04,0.52,23.84,0.0,0.0,0.0,0,0.884765625,6,44,07:14,19:19,2025-03-18 05:15:46.585255,Marina di Stabia,31.1,6.639279,14.05905,5.7798514,10.930394,EU EEA Common AQI,73.8,6.5582366,13.21546,3600,4.811594,100,100,51.4,8.937198,Very Low,75.5,6.355935,100,1739186100,Very Low,9.633085,6.8510075,Very Low,6.062216,42.9,5.362319,100,1739186100,5.362319
2025-03-18T05:15:57Z,20,30.031,70.2,33,49.7,17,17,105,63,0.0,255,32767,0.16,2056-9-18,0.04,0.52,23.84,0.0,0.0,0.0,0,0.955078125,6,44,07:14,19:19,2025-03-18 05:15:57.743259,Marina di Stabia,31.1,6.639279,14.05905,5.7798514,10.930394,EU EEA Common AQI,73.8,6.5582366,13.21546,3600,4.811594,100,100,51.4,8.937198,Very Low,75.5,6.355935,100,1739186100,Very Low,9.633085,6.8510075,Very Low,6.062216,42.9,5.362319,100,1739186100,5.362319
2025-03-18T05:16:09Z,20,30.034,70.2,33,49.7,17,17,86,63,0.0,255,32767,0.16,2056-9-18,0.04,0.52,23.84,0.0,0.0,0.0,0,0.955078125,6,44,07:14,19:19,2025-03-18 05:16:08.821258,Marina di Stabia,31.1,6.639279,14.05905,5.7798514,10.930394,EU EEA Common AQI,73.8,6.5582366,13.21546,3600,4.811594,100,100,51.4,8.937198,Very Low,75.5,6.355935,100,1739186100,Very Low,9.633085,6.8510075,Very Low,6.062216,42.9,5.362319,100,1739186100,5.362319
2025-03-18T05:16:20Z,20,30.034,70.2,33,49.7,14,17,98,63,0.0,255,32767,0.16,2056-9-18,0.04,0.52,23.84,0.0,0.0,0.0,0,0.955078125,6,44,07:14,19:19,2025-03-18 05:16:19.912234,Marina di Stabia,31.1,6.639279,14.05905,5.7798514,10.930394,EU EEA Common AQI,73.8,6.5582366,13.21546,3600,4.811594,100,100,51.4,8.937198,Very Low,75.5,6.355935,100,1739186100,Very Low,9.633085,6.8510075,Very Low,6.062216,42.9,5.362319,100,1739186100,5.362319
2025-03-18T05:16:31Z,20,30.034,70.2,33,49.8,5,17,360,63,0.0,255,32767,0.16,2056-9-18,0.04,0.52,23.84,0.0,0.0,0.0,0,0.955078125,6,44,07:14,19:19,2025-03-18 05:16:31.011260,Marina di Stabia,31.1,6.639279,14.05905,5.7798514,10.930394,EU EEA Common AQI,73.8,6.5582366,13.21546,3600,4.811594,100,100,51.4,8.937198,Very Low,75.5,6.355935,100,1739186100,Very Low,9.633085,6.8510075,Very Low,6.062216,42.9,5.362319,100,1739186100,5.362319
2025-03-18T05:16:42Z,20,30.034,70.2,33,49.8,17,17,89,63,0.0,255,32767,0.16,2056-9-18,0.04,0.52,23.84,0.0,0.0,0.0,0,0.955078125,6,44,07:14,19:19,2025-03-18 05:16:42.116257,Marina di Stabia,31.1,6.639279,14.05905,5.7798514,10.930394,EU EEA Common AQI,73.8,6.5582366,13.21546,3600,4.811594,100,100,51.4,8.937198,Very Low,75.5,6.355935,100,1739186100,Very Low,9.633085,6.8510075,Very Low,6.062216,42.9,5.362319,100,1739186100,5.362319
2025-03-18T05:16:53Z,20,30.034,70.2,33,49.8,18,17,86,63,0.0,255,32767,0.16,2056-9-18,0.04,0.52,23.84,0.0,0.0,0.0,0,0.955078125,6,44,07:14,19:19,2025-03-18 05:16:53.187270,Marina di Stabia,31.1,6.639279,14.05905,5.7798514,10.930394,EU EEA Common AQI,73.8,6.5582366,13.21546,3600,4.811594,100,100,51.4,8.937198,Very Low,75.5,6.355935,100,1739186100,Very Low,9.633085,6.8510075,Very Low,6.062216,42.9,5.362319,100,1739186100,5.362319
2025-03-18T05:17:04Z,20,30.03,70.2,33,49.8,24,17,92,63,0.0,255,32767,0.16,2056-9-18,0.04,0.52,23.84,0.0,0.0,0.0,0,1.0078125,6,44,07:14,19:19,2025-03-18 05:17:04.265257,Marina di Stabia,31.1,6.639279,14.05905,5.7798514,10.930394,EU EEA Common AQI,73.8,6.5582366,13.21546,3600,4.811594,100,100,51.4,8.937198,Very Low,75.5,6.355935,100,1739186100,Very Low,9.633085,6.8510075,Very Low,6.062216,42.9,5.362319,100,1739186100,5.362319
2025-03-18T05:17:15Z,20,30.03,70.2,33,49.8,28,17,82,63,0.0,255,32767,0.16,2056-9-18,0.04,0.52,23.84,0.0,0.0,0.0,0,1.0078125,6,44,07:14,19:19,2025-03-18 05:17:15.354258,Marina di Stabia,31.1,6.639279,14.05905,5.7798514,10.930394,EU EEA Common AQI,73.8,6.5582366,13.21546,3600,4.811594,100,100,51.4,8.937198,Very Low,75.5,6.355935,100,1739186100,Very Low,9.633085,6.8510075,Very Low,6.062216,42.9,5.362319,100,1739186100,5.362319
2025-03-18T05:17:26Z,20,30.03,70.2,33,49.8,23,17,76,63,0.0,255,32767,0.16,2056-9-18,0.04,0.52,23.84,0.0,0.0,0.0,0,1.0078125,6,44,07:14,19:19,2025-03-18 05:17:26.436287,Marina di Stabia,31.1,6.639279,14.05905,5.7798514,10.930394,EU EEA Common AQI,73.8,6.5582366,13.21546,3600,4.811594,100,100,51.4,8.937198,Very Low,75.5,6.355935,100,1739186100,Very Low,9.633085,6.8510075,Very Low,6.062216,42.9,5.362319,100,1739186100,5.362319
2025-03-18T05:17:37Z,20,30.03,70.2,33,49.8,19,17,63,63,0.0,255,32767,0.16,2056-9-18,0.04,0.52,23.84,0.0,0.0,0.0,0,1.0078125,6,44,07:14,19:19,2025-03-18 05:17:37.520266,Marina di Stabia,31.1,6.639279,14.05905,5.7798514,10.930394,EU EEA Common AQI,73.8,6.5582366,13.21546,3600,4.811594,100,100,51.4,8.937198,Very Low,75.5,6.355935,100,1739186100,Very Low,9.633085,6.8510075,Very Low,6.062216,42.9,5.362319,100,1739186100,5.362319
2025-03-18T05:17:48Z,20,30.03,70.2,33,49.9,18,17,85,62,0.0,255,32767,0.16,2056-9-18,0.04,0.52,23.84,0.0,0.0,0.0,0,1.0078125,6,44,07:14,19:19,2025-03-18 05:17:48.620259,Marina di Stabia,31.1,6.639279,14.05905,5.7798514,10.930394,EU EEA Common AQI,73.8,6.5582366,13.21546,3600,4.811594,100,100,51.4,8.937198,Very Low,75.5,6.355935,100,1739186100,Very Low,9.633085,6.8510075,Very Low,6.062216,42.9,5.362319,100,1739186100,5.362319
2025-03-18T05:17:59Z,20,30.033,70.2,33,49.9,12,17,66,62,0.0,255,32767,0.16,2056-9-18,0.04,0.52,23.84,0.0,0.0,0.0,0,0.8671875,6,44,07:14,19:19,2025-03-18 05:17:59.701265,Marina di Stabia,31.1,6.639279,14.05905,5.7798514,10.930394,EU EEA Common AQI,73.8,6.5582366,13.21546,3600,4.811594,100,100,51.4,8.937198,Very Low,75.5,6.355935,100,1739186100,Very Low,9.633085,6.8510075,Very Low,6.062216,42.9,5.362319,100,1739186100,5.362319
2025-03-18T05:18:10Z,20,30.033,70.2,33,49.8,15,17,91,62,0.0,255,32767,0.16,2056-9-18,0.04,0.52,23.84,0.0,0.0,0.0,0,0.8671875,6,44,07:14,19:19,2025-03-18 05:18:10.774268,Marina di Stabia,31.1,6.639279,14.05905,5.7798514,10.930394,EU EEA Common AQI,73.8,6.5582366,13.21546,3600,4.811594,100,100,51.4,8.937198,Very Low,75.5,6.355935,100,1739186100,Very Low,9.633085,6.8510075,Very Low,6.062216,42.9,5.362319,100,1739186100,5.362319
2025-03-18T05:18:22Z,20,30.033,70.2,33,49.8,13,17,87,62,0.0,255,32767,0.16,2056-9-18,0.04,0.52,23.84,0.0,0.0,0.0,0,0.8671875,6,44,07:14,19:19,2025-03-18 05:18:21.860259,Marina di Stabia,31.1,6.639279,14.05905,5.7798514,10.930394,EU EEA Common AQI,73.8,6.5582366,13.21546,3600,4.811594,100,100,51.4,8.937198,Very Low,75.5,6.355935,100,1739186100,Very Low,9.633085,6.8510075,Very Low,6.062216,42.9,5.362319,100,1739186100,5.362319
2025-03-18T05:18:33Z,20,30.033,70.2,33,49.8,15,17,72,63,0.0,255,32767,0.16,2056-9-18,0.04,0.52,23.84,0.0,0.0,0.0,0,0.8671875,6,44,07:14,19:19,2025-03-18 05:18:32.953267,Marina di Stabia,31.1,6.639279,14.05905,5.7798514,10.930394,EU EEA Common AQI,73.8,6.5582366,13.21546,3600,4.811594,100,100,51.4,8.937198,Very Low,75.5,6.355935,100,1739186100,Very Low,9.633085,6.8510075,Very Low,6.062216,42.9,5.362319,100,1739186100,5.362319
2025-03-18T05:18:44Z,20,30.033,70.2,33,49.8,15,17,94,63,0.0,255,32767,0.16,2056-9-18,0.04,0.52,23.84,0.0,0.0,0.0,0,0.8671875,6,44,07:14,19:19,2025-03-18 05:18:44.037259,Marina di Stabia,31.1,6.639279,14.05905,5.7798514,10.930394,EU EEA Common AQI,73.8,6.5582366,13.21546,3600,4.811594,100,100,51.4,8.937198,Very Low,75.5,6.355935,100,1739186100,Very Low,9.633085,6.8510075,Very Low,6.062216,42.9,5.362319,100,1739186100,5.362319
2025-03-18T05:18:55Z,20,30.033,70.2,33,49.8,13,17,84,63,0.0,255,32767,0.16,2056-9-18,0.04,0.52,23.84,0.0,0.0,0.0,0,0.8671875,6,44,07:14,19:19,2025-03-18 05:18:55.148271,Marina di Stabia,31.1,6.639279,14.05905,5.7798514,10.930394,EU EEA Common AQI,73.8,6.5582366,13.21546,3600,4.811594,100,100,51.4,8.937198,Very Low,75.5,6.355935,100,1739186100,Very Low,9.633085,6.8510075,Very Low,6.062216,42.9,5.362319,100,1739186100,5.362319
2025-03-18T05:19:06Z,20,30.034,70.2,33,49.8,16,17,95,63,0.0,255,32767,0.16,2056-9-18,0.04,0.52,23.84,0.0,0.0,0.0,0,1.998046875,6,44,07:14,19:19,2025-03-18 05:19:06.273255,Marina di Stabia,31.1,6.639279,14.05905,5.7798514,10.930394,EU EEA Common AQI,73.8,6.5582366,13.21546,3600,4.811594,100,100,51.4,8.937198,Very Low,75.5,6.355935,100,1739186100,Very Low,9.633085,6.8510075,Very Low,6.062216,42.9,5.362319,100,1739186100,5.362319
2025-03-18T05:19:17Z,20,30.034,70.2,33,49.8,15,17,84,63,0.0,255,32767,0.16,2056-9-18,0.04,0.52,23.84,0.0,0.0,0.0,0,1.998046875,6,44,07:14,19:19,2025-03-18 05:19:17.357282,Marina di Stabia,31.1,6.639279,14.05905,5.7798514,10.930394,EU EEA Common AQI,73.8,6.5582366,13.21546,3600,4.811594,100,100,51.4,8.937198,Very Low,75.5,6.355935,100,1739186100,Very Low,9.633085,6.8510075,Very Low,6.062216,42.9,5.362319,100,1739186100,5.362319
2025-03-18T05:19:28Z,20,30.034,70.2,33,49.8,18,17,77,63,0.0,255,32767,0.16,2056-9-18,0.04,0.52,23.84,0.0,0.0,0.0,0,1.998046875,6,44,07:14,19:19,2025-03-18 05:19:28.444266,Marina di Stabia,31.1,6.639279,14.05905,5.7798514,10.930394,EU EEA Common AQI,73.8,6.5582366,13.21546,3600,4.811594,100,100,51.4,8.937198,Very Low,75.5,6.355935,100,1739186100,Very Low,9.633085,6.8510075,Very Low,6.062216,42.9,5.362319,100,1739186100,5.362319
2025-03-18T05:19:39Z,20,30.034,70.2,33,49.8,17,17,85,63,0.0,255,32767,0.16,2056-9-18,0.04,0.52,23.84,0.0,0.0,0.0,0,1.998046875,6,44,07:14,19:19,2025-03-18 05:19:39.516279,Marina di Stabia,31.1,6.639279,14.05905,5.7798514,10.930394,EU EEA Common AQI,73.8,6.5582366,13.21546,3600,4.811594,100,100,51.4,8.937198,Very Low,75.5,6.355935,100,1739186100,Very Low,9.633085,6.8510075,Very Low,6.062216,42.9,5.362319,100,1739186100,5.362319
2025-03-18T05:19:50Z,20,30.034,70.2,33,49.7,15,17,78,63,0.0,255,32767,0.16,2056-9-18,0.04,0.52,23.84,0.0,0.0,0.0,0,1.998046875,6,44,07:14,19:19,2025-03-18 05:19:50.635280,Marina di Stabia,31.1,6.639279,14.05905,5.7798514,10.930394,EU EEA Common AQI,73.8,6.5582366,13.21546,3600,4.811594,100,100,51.4,8.937198,Very Low,75.5,6.355935,100,1739186100,Very Low,9.633085,6.8510075,Very Low,6.062216,42.9,5.362319,100,1739186100,5.362319
2025-03-18T05:20:01Z,20,30.037,70.2,33,49.8,19,17,92,63,0.0,255,32767,0.16,2056-9-18,0.04,0.52,23.84,0.0,0.0,0.0,0,0.873046875,6,44,07:14,19:19,2025-03-18 05:20:01.723262,Marina di Stabia,31.1,6.639279,14.05905,5.7798514,10.930394,EU EEA Common AQI,73.8,6.5582366,13.21546,3600,4.811594,100,100,51.4,8.937198,Very Low,75.5,6.355935,100,1739186100,Very Low,9.633085,6.8510075,Very Low,6.062216,42.9,5.362319,100,1739186100,5.362319
2025-03-18T05:20:13Z,20,30.037,70.2,33,49.8,21,17,120,63,0.0,255,32767,0.16,2056-9-18,0.04,0.52,23.84,0.0,0.0,0.0,0,0.873046875,6,44,07:14,19:19,2025-03-18 05:20:12.805259,Marina di Stabia,31.1,6.639279,14.05905,5.7798514,10.930394,EU EEA Common AQI,73.8,6.5582366,13.21546,3600,4.811594,100,100,51.4,8.937198,Very Low,75.5,6.355935,100,1739186100,Very Low,9.633085,6.8510075,Very Low,6.062216,42.9,5.362319,100,1739186100,5.362319
2025-03-18T05:20:24Z,20,30.037,70.2,33,49.8,17,17,107,63,0.0,255,32767,0.16,2056-9-18,0.04,0.52,23.84,0.0,0.0,0.0,0,0.873046875,6,44,07:14,19:19,2025-03-18 05:20:23.916261,Marina di Stabia,31.1,6.639279,14.05905,5.7798514,10.930394,EU EEA Common AQI,73.8,6.5582366,13.21546,3600,4.811594,100,100,51.4,8.937198,Very Low,75.5,6.355935,100,1739186100,Very Low,9.633085,6.8510075,Very Low,6.062216,42.9,5.362319,100,1739186100,5.362319
2025-03-18T05:20:35Z,20,30.037,70.2,33,49.8,14,17,82,63,0.0,255,32767,0.16,2056-9-18,0.04,0.52,23.84,0.0,0.0,0.0,0,0.873046875,6,44,07:14,19:19,2025-03-18 05:20:35.077246,Marina di Stabia,31.1,6.639279,14.05905,5.7798514,10.930394,EU EEA Common AQI,73.8,6.5582366,13.21546,3600,4.811594,100,100,51.4,8.937198,Very Low,75.5,6.355935,100,1739186100,Very Low,9.633085,6.8510075,Very Low,6.062216,42.9,5.362319,100,1739186100,5.362319
2025-03-18T05:20:46Z,20,30.037,70.2,33,49.8,12,17,81,63,0.0,255,32767,0.16,2056-9-18,0.04,0.52,23.84,0.0,0.0,0.0,0,0.873046875,6,44,07:14,19:19,2025-03-18 05:20:46.160259,Marina di Stabia,31.1,6.639279,14.05905,5.7798514,10.930394,EU EEA Common AQI,73.8,6.5582366,13.21546,3600,4.811594,100,100,51.4,8.937198,Very Low,75.5,6.355935,100,1739186100,Very Low,9.633085,6.8510075,Very Low,6.062216,42.9,5.362319,100,1739186100,5.362319
2025-03-18T05:20:57Z,20,30.037,70.2,33,49.8,12,17,81,63,0.0,255,32767,0.16,2056-9-18,0.04,0.52,23.84,0.0,0.0,0.0,0,0.873046875,6,44,07:14,19:19,2025-03-18 05:20:57.242265,Marina di Stabia,31.1,6.639279,14.05905,5.7798514,10.930394,EU EEA Common AQI,73.8,6.5582366,13.21546,3600,4.811594,100,100,51.4,8.937198,Very Low,75.5,6.355935,100,1739186100,Very Low,9.633085,6.8510075,Very Low,6.062216,42.9,5.362319,100,1739186100,5.362319
2025-03-18T05:21:08Z,20,30.036,70.2,33,49.8,19,18,98,63,0.0,255,32767,0.16,2056-9-18,0.04,0.52,23.84,0.0,0.0,0.0,0,0.943359375,6,44,07:14,19:19,2025-03-18 05:21:08.321255,Marina di Stabia,31.1,6.639279,14.05905,5.7798514,10.930394,EU EEA Common AQI,73.8,6.5582366,13.21546,3600,4.811594,100,100,51.4,8.937198,Very Low,75.5,6.355935,100,1739186100,Very Low,9.633085,6.8510075,Very Low,6.062216,42.9,5.362319,100,1739186100,5.362319
2025-03-18T05:21:19Z,20,30.036,70.2,33,49.8,15,18,84,63,0.0,255,32767,0.16,2056-9-18,0.04,0.52,23.84,0.0,0.0,0.0,0,0.943359375,6,44,07:14,19:19,2025-03-18 05:21:19.432266,Marina di Stabia,31.1,6.639279,14.05905,5.7798514,10.930394,EU EEA Common AQI,73.8,6.5582366,13.21546,3600,4.811594,100,100,51.4,8.937198,Very Low,75.5,6.355935,100,1739186100,Very Low,9.633085,6.8510075,Very Low,6.062216,42.9,5.362319,100,1739186100,5.362319
2025-03-18T05:21:30Z,20,30.036,70.2,33,49.7,18,18,99,63,0.0,255,32767,0.16,2056-9-18,0.04,0.52,23.84,0.0,0.0,0.0,0,0.943359375,6,44,07:14,19:19,2025-03-18 05:21:30.496262,Marina di Stabia,31.1,6.639279,14.05905,5.7798514,10.930394,EU EEA Common AQI,73.8,6.5582366,13.21546,3600,4.811594,100,100,51.4,8.937198,Very Low,75.5,6.355935,100,1739186100,Very Low,9.633085,6.8510075,Very Low,6.062216,42.9,5.362319,100,1739186100,5.362319
2025-03-18T05:21:41Z,20,30.036,70.2,33,49.8,16,18,96,63,0.0,255,32767,0.16,2056-9-18,0.04,0.52,23.84,0.0,0.0,0.0,0,0.943359375,6,44,07:14,19:19,2025-03-18 05:21:41.615266,Marina di Stabia,31.1,6.639279,14.05905,5.7798514,10.930394,EU EEA Common AQI,73.8,6.5582366,13.21546,3600,4.811594,100,100,51.4,8.937198,Very Low,75.5,6.355935,100,1739186100,Very Low,9.633085,6.8510075,Very Low,6.062216,42.9,5.362319,100,1739186100,5.362319
2025-03-18T05:21:52Z,20,30.036,70.2,33,49.8,13,18,98,63,0.0,255,32767,0.16,2056-9-18,0.04,0.52,23.84,0.0,0.0,0.0,0,0.943359375,6,44,07:14,19:19,2025-03-18 05:21:52.689289,Marina di Stabia,31.1,6.639279,14.05905,5.7798514,10.930394,EU EEA Common AQI,73.8,6.5582366,13.21546,3600,4.811594,100,100,51.4,8.937198,Very Low,75.5,6.355935,100,1739186100,Very Low,9.633085,6.8510075,Very Low,6.062216,42.9,5.362319,100,1739186100,5.362319
2025-03-18T05:22:03Z,20,30.037,70.2,33,49.8,14,17,101,63,0.0,255,32767,0.16,2056-9-18,0.04,0.52,23.84,0.0,0.0,0.0,0,0.931640625,6,44,07:14,19:19,2025-03-18 05:22:03.770273,Marina di Stabia,31.1,6.639279,14.05905,5.7798514,10.930394,EU EEA Common AQI,73.8,6.5582366,13.21546,3600,4.811594,100,100,51.4,8.937198,Very Low,75.5,6.355935,100,1739186100,Very Low,9.633085,6.8510075,Very Low,6.062216,42.9,5.362319,100,1739186100,5.362319
2025-03-18T05:22:15Z,20,30.037,70.2,33,49.8,11,17,101,63,0.0,255,32767,0.16,2056-9-18,0.04,0.52,23.84,0.0,0.0,0.0,0,0.931640625,6,44,07:14,19:19,2025-03-18 05:22:14.926262,Marina di Stabia,31.1,6.639279,14.05905,5.7798514,10.930394,EU EEA Common AQI,73.8,6.5582366,13.21546,3600,4.811594,100,100,51.4,8.937198,Very Low,75.5,6.355935,100,1739186100,Very Low,9.633085,6.8510075,Very Low,6.062216,42.9,5.362319,100,1739186100,5.362319
2025-03-18T05:22:26Z,20,30.037,70.2,33,49.7,11,17,130,63,0.0,255,32767,0.16,2056-9-18,0.04,0.52,23.84,0.0,0.0,0.0,0,0.931640625,6,44,07:14,19:19,2025-03-18 05:22:26.010260,Marina di Stabia,31.1,6.639279,14.05905,5.7798514,10.930394,EU EEA Common AQI,73.8,6.5582366,13.21546,3600,4.811594,100,100,51.4,8.937198,Very Low,75.5,6.355935,100,1739186100,Very Low,9.633085,6.8510075,Very Low,6.062216,42.9,5.362319,100,1739186100,5.362319
2025-03-18T05:22:37Z,20,30.037,70.2,33,49.8,22,17,91,63,0.0,255,32767,0.16,2056-9-18,0.04,0.52,23.84,0.0,0.0,0.0,0,0.931640625,6,44,07:14,19:19,2025-03-18 05:22:37.100270,Marina di Stabia,31.1,6.639279,14.05905,5.7798514,10.930394,EU EEA Common AQI,73.8,6.5582366,13.21546,3600,4.811594,100,100,51.4,8.937198,Very Low,75.5,6.355935,100,1739186100,Very Low,9.633085,6.8510075,Very Low,6.062216,42.9,5.362319,100,1739186100,5.362319
2025-03-18T05:22:48Z,20,30.037,70.2,33,49.8,21,17,87,63,0.0,255,32767,0.16,2056-9-18,0.04,0.52,23.84,0.0,0.0,0.0,0,0.931640625,6,44,07:14,19:19,2025-03-18 05:22:48.209264,Marina di Stabia,31.1,6.639279,14.05905,5.7798514,10.930394,EU EEA Common AQI,73.8,6.5582366,13.21546,3600,4.811594,100,100,51.4,8.937198,Very Low,75.5,6.355935,100,1739186100,Very Low,9.633085,6.8510075,Very Low,6.062216,42.9,5.362319,100,1739186100,5.362319
2025-03-18T05:22:59Z,20,30.035,70.2,33,49.8,21,17,103,63,0.0,255,32767,0.16,2056-9-18,0.04,0.52,23.84,0.0,0.0,0.0,0,0.8671875,6,44,07:14,19:19,2025-03-18 05:22:59.291225,Marina di Stabia,31.1,6.639279,14.05905,5.7798514,10.930394,EU EEA Common AQI,73.8,6.5582366,13.21546,3600,4.811594,100,100,51.4,8.937198,Very Low,75.5,6.355935,100,1739186100,Very Low,9.633085,6.8510075,Very Low,6.062216,42.9,5.362319,100,1739186100,5.362319
2025-03-18T05:23:10Z,20,30.035,70.2,33,49.8,21,17,96,63,0.0,255,32767,0.16,2056-9-18,0.04,0.52,23.84,0.0,0.0,0.0,0,0.8671875,6,44,07:14,19:19,2025-03-18 05:23:10.375283,Marina di Stabia,31.1,6.639279,14.05905,5.7798514,10.930394,EU EEA Common AQI,73.8,6.5582366,13.21546,3600,4.811594,100,100,51.4,8.937198,Very Low,75.5,6.355935,100,1739186100,Very Low,9.633085,6.8510075,Very Low,6.062216,42.9,5.362319,100,1739186100,5.362319
2025-03-18T05:23:21Z,20,30.035,70.2,33,49.8,15,17,89,63,0.0,255,32767,0.16,2056-9-18,0.04,0.52,23.84,0.0,0.0,0.0,0,0.8671875,6,44,07:14,19:19,2025-03-18 05:23:21.465286,Marina di Stabia,31.1,6.639279,14.05905,5.7798514,10.930394,EU EEA Common AQI,73.8,6.5582366,13.21546,3600,4.811594,100,100,51.4,8.937198,Very Low,75.5,6.355935,100,1739186100,Very Low,9.633085,6.8510075,Very Low,6.062216,42.9,5.362319,100,1739186100,5.362319
2025-03-18T05:23:32Z,20,30.035,70.2,33,49.8,9,17,72,63,0.0,255,32767,0.16,2056-9-18,0.04,0.52,23.84,0.0,0.0,0.0,0,0.8671875,6,44,07:14,19:19,2025-03-18 05:23:32.550270,Marina di Stabia,31.1,6.639279,14.05905,5.7798514,10.930394,EU EEA Common AQI,73.8,6.5582366,13.21546,3600,4.811594,100,100,51.4,8.937198,Very Low,75.5,6.355935,100,1739186100,Very Low,9.633085,6.8510075,Very Low,6.062216,42.9,5.362319,100,1739186100,5.362319
2025-03-18T05:23:43Z,20,30.035,70.2,33,49.8,12,17,138,63,0.0,255,32767,0.16,2056-9-18,0.04,0.52,23.84,0.0,0.0,0.0,0,0.8671875,6,44,07:14,19:19,2025-03-18 05:23:43.630256,Marina di Stabia,31.1,6.639279,14.05905,5.7798514,10.930394,EU EEA Common AQI,73.8,6.5582366,13.21546,3600,4.811594,100,100,51.4,8.937198,Very Low,75.5,6.355935,100,1739186100,Very Low,9.633085,6.8510075,Very Low,6.062216,42.9,5.362319,100,1739186100,5.362319
2025-03-18T05:23:54Z,20,30.035,70.2,33,49.8,13,17,150,63,0.0,255,32767,0.16,2056-9-18,0.04,0.52,23.84,0.0,0.0,0.0,0,0.8671875,6,44,07:14,19:19,2025-03-18 05:23:54.750266,Marina di Stabia,31.1,6.639279,14.05905,5.7798514,10.930394,EU EEA Common AQI,73.8,6.5582366,13.21546,3600,4.811594,100,100,51.4,8.937198,Very Low,75.5,6.355935,100,1739186100,Very Low,9.633085,6.8510075,Very Low,6.062216,42.9,5.362319,100,1739186100,5.362319
2025-03-18T05:24:06Z,20,30.035,70.2,33,49.8,15,17,87,63,0.0,255,32767,0.16,2056-9-18,0.04,0.52,23.84,0.0,0.0,0.0,0,1.27734375,6,44,07:14,19:19,2025-03-18 05:24:05.820278,Marina di Stabia,31.1,6.639279,14.05905,5.7798514,10.930394,EU EEA Common AQI,73.8,6.5582366,13.21546,3600,4.811594,100,100,51.4,8.937198,Very Low,75.5,6.355935,100,1739186100,Very Low,9.633085,6.8510075,Very Low,6.062216,42.9,5.362319,100,1739186100,5.362319
2025-03-18T05:24:17Z,20,30.035,70.2,33,49.8,12,17,86,63,0.0,255,32767,0.16,2056-9-18,0.04,0.52,23.84,0.0,0.0,0.0,0,1.27734375,6,44,07:14,19:19,2025-03-18 05:24:16.891259,Marina di Stabia,31.1,6.639279,14.05905,5.7798514,10.930394,EU EEA Common AQI,73.8,6.5582366,13.21546,3600,4.811594,100,100,51.4,8.937198,Very Low,75.5,6.355935,100,1739186100,Very Low,9.633085,6.8510075,Very Low,6.062216,42.9,5.362319,100,1739186100,5.362319
2025-03-18T05:24:28Z,20,30.035,70.2,33,49.8,15,17,78,63,0.0,255,32767,0.16,2056-9-18,0.04,0.52,23.84,0.0,0.0,0.0,0,1.27734375,6,44,07:14,19:19,2025-03-18 05:24:27.978259,Marina di Stabia,31.1,6.639279,14.05905,5.7798514,10.930394,EU EEA Common AQI,73.8,6.5582366,13.21546,3600,4.811594,100,100,51.4,8.937198,Very Low,75.5,6.355935,100,1739186100,Very Low,9.633085,6.8510075,Very Low,6.062216,42.9,5.362319,100,1739186100,5.362319
2025-03-18T05:24:39Z,20,30.035,70.2,33,49.8,19,17,89,63,0.0,255,32767,0.16,2056-9-18,0.04,0.52,23.84,0.0,0.0,0.0,0,1.27734375,6,44,07:14,19:19,2025-03-18 05:24:39.060262,Marina di Stabia,31.1,6.639279,14.05905,5.7798514,10.930394,EU EEA Common AQI,73.8,6.5582366,13.21546,3600,4.811594,100,100,51.4,8.937198,Very Low,75.5,6.355935,100,1739186100,Very Low,9.633085,6.8510075,Very Low,6.062216,42.9,5.362319,100,1739186100,5.362319
2025-03-18T05:24:50Z,20,30.035,70.2,33,49.8,15,17,86,63,0.0,255,32767,0.16,2056-9-18,0.04,0.52,23.84,0.0,0.0,0.0,0,1.27734375,6,44,07:14,19:19,2025-03-18 05:24:50.143275,Marina di Stabia,31.1,6.639279,14.05905,5.7798514,10.930394,EU EEA Common AQI,73.8,6.5582366,13.21546,3600,4.811594,100,100,51.4,8.937198,Very Low,75.5,6.355935,100,1739186100,Very Low,9.633085,6.8510075,Very Low,6.062216,42.9,5.362319,100,1739186100,5.362319
2025-03-18T05:25:01Z,20,30.039,70.2,33,49.8,14,17,92,63,0.0,255,32767,0.16,2056-9-18,0.04,0.52,23.84,0.0,0.0,0.0,0,0.8671875,6,44,07:14,19:19,2025-03-18 05:25:01.250265,Marina di Stabia,31.1,6.639279,14.05905,5.7798514,10.930394,EU EEA Common AQI,73.8,6.5582366,13.21546,3600,4.811594,100,100,51.4,8.937198,Very Low,75.5,6.355935,100,1739186100,Very Low,9.633085,6.8510075,Very Low,6.062216,42.9,5.362319,100,1739186100,5.362319
2025-03-18T05:25:12Z,20,30.039,70.2,33,49.8,14,17,114,63,0.0,255,32767,0.16,2056-9-18,0.04,0.52,23.84,0.0,0.0,0.0,0,0.8671875,6,44,07:14,19:19,2025-03-18 05:25:12.365260,Marina di Stabia,31.1,6.639279,14.05905,5.7798514,10.930394,EU EEA Common AQI,73.8,6.5582366,13.21546,3600,4.811594,100,100,51.4,8.937198,Very Low,75.5,6.355935,100,1739186100,Very Low,9.633085,6.8510075,Very Low,6.062216,42.9,5.362319,100,1739186100,5.362319
2025-03-18T05:25:23Z,20,30.039,70.2,33,49.8,12,17,50,63,0.0,255,32767,0.16,2056-9-18,0.04,0.52,23.84,0.0,0.0,0.0,0,0.8671875,6,44,07:14,19:19,2025-03-18 05:25:23.439282,Marina di Stabia,31.1,6.639279,14.05905,5.7798514,10.930394,EU EEA Common AQI,73.8,6.5582366,13.21546,3600,4.811594,100,100,51.4,8.937198,Very Low,75.5,6.355935,100,1739186100,Very Low,9.633085,6.8510075,Very Low,6.062216,42.9,5.362319,100,1739186100,5.362319
2025-03-18T05:25:34Z,20,30.039,70.2,33,49.8,13,17,125,63,0.0,255,32767,0.16,2056-9-18,0.04,0.52,23.84,0.0,0.0,0.0,0,0.8671875,6,44,07:14,19:19,2025-03-18 05:25:34.521263,Marina di Stabia,31.1,6.639279,14.05905,5.7798514,10.930394,EU EEA Common AQI,73.8,6.5582366,13.21546,3600,4.811594,100,100,51.4,8.937198,Very Low,75.5,6.355935,100,1739186100,Very Low,9.633085,6.8510075,Very Low,6.062216,42.9,5.362319,100,1739186100,5.362319
2025-03-18T05:25:45Z,20,30.039,70.2,33,49.8,18,17,80,63,0.0,255,32767,0.16,2056-9-18,0.04,0.52,23.84,0.0,0.0,0.0,0,0.8671875,6,44,07:14,19:19,2025-03-18 05:25:45.603290,Marina di Stabia,31.1,6.639279,14.05905,5.7798514,10.930394,EU EEA Common AQI,73.8,6.5582366,13.21546,3600,4.811594,100,100,51.4,8.937198,Very Low,75.5,6.355935,100,1739186100,Very Low,9.633085,6.8510075,Very Low,6.062216,42.9,5.362319,100,1739186100,5.362319
2025-03-18T05:25:56Z,20,30.039,70.2,33,49.8,14,17,94,63,0.0,255,32767,0.16,2056-9-18,0.04,0.52,23.84,0.0,0.0,0.0,0,0.8671875,6,44,07:14,19:19,2025-03-18 05:25:56.692281,Marina di Stabia,31.1,6.639279,14.05905,5.7798514,10.930394,EU EEA Common AQI,73.8,6.5582366,13.21546,3600,4.811594,100,100,51.4,8.937198,Very Low,75.5,6.355935,100,1739186100,Very Low,9.633085,6.8510075,Very Low,6.062216,42.9,5.362319,100,1739186100,5.362319
2025-03-18T05:26:07Z,20,30.035,70.1,33,49.9,14,16,90,63,0.0,255,32767,0.16,2056-9-18,0.04,0.52,23.84,0.0,0.0,0.0,0,0.873046875,6,44,07:14,19:19,2025-03-18 05:26:07.776285,Marina di Stabia,31.1,6.639279,14.05905,5.7798514,10.930394,EU EEA Common AQI,73.8,6.5582366,13.21546,3600,4.811594,100,100,51.4,8.937198,Very Low,75.5,6.355935,100,1739186100,Very Low,9.633085,6.8510075,Very Low,6.062216,42.9,5.362319,100,1739186100,5.362319
2025-03-18T05:26:19Z,20,30.035,70.1,33,49.8,12,16,94,63,0.0,255,32767,0.16,2056-9-18,0.04,0.52,23.84,0.0,0.0,0.0,0,0.873046875,6,44,07:14,19:19,2025-03-18 05:26:18.886271,Marina di Stabia,31.1,6.639279,14.05905,5.7798514,10.930394,EU EEA Common AQI,73.8,6.5582366,13.21546,3600,4.811594,100,100,51.4,8.937198,Very Low,75.5,6.355935,100,1739186100,Very Low,9.633085,6.8510075,Very Low,6.062216,42.9,5.362319,100,1739186100,5.362319
2025-03-18T05:26:30Z,20,30.035,70.1,33,49.8,10,16,103,63,0.0,255,32767,0.16,2056-9-18,0.04,0.52,23.84,0.0,0.0,0.0,0,0.873046875,6,44,07:14,19:19,2025-03-18 05:26:29.983284,Marina di Stabia,31.1,6.639279,14.05905,5.7798514,10.930394,EU EEA Common AQI,73.8,6.5582366,13.21546,3600,4.811594,100,100,51.4,8.937198,Very Low,75.5,6.355935,100,1739186100,Very Low,9.633085,6.8510075,Very Low,6.062216,42.9,5.362319,100,1739186100,5.362319
2025-03-18T05:26:41Z,20,30.035,70.1,33,49.8,12,16,112,63,0.0,255,32767,0.16,2056-9-18,0.04,0.52,23.84,0.0,0.0,0.0,0,0.873046875,6,44,07:14,19:19,2025-03-18 05:26:41.056264,Marina di Stabia
2025-03-18T05:26:52Z,20,30.035,70.1,33,49.8,11,16,99,63,0.0,255,32767,0.16,2056-9-18,0.04,0.52,23.84,0.0,0.0,0.0,0,0.873046875,6,44,07:14,19:19,2025-03-18 05:26:52.147257,Marina di Stabia
2025-03-18T05:27:03Z,20,30.041,70.1,33,49.8,14,16,94,63,0.0,255,32767,0.16,2056-9-18,0.04,0.52,23.84,0.0,0.0,0.0,0,0.884765625,6,44,07:14,19:19,2025-03-18 05:27:03.208253,Marina di Stabia
2025-03-18T05:27:14Z,20,30.041,70.1,33,49.8,15,16,97,63,0.0,255,32767,0.16,2056-9-18,0.04,0.52,23.84,0.0,0.0,0.0,0,0.884765625,6,44,07:14,19:19,2025-03-18 05:27:14.269267,Marina di Stabia
2025-03-18T05:27:25Z,20,30.041,70.1,33,49.8,15,16,80,63,0.0,255,32767,0.16,2056-9-18,0.04,0.52,23.84,0.0,0.0,0.0,0,0.884765625,6,44,07:14,19:19,2025-03-18 05:27:25.373258,Marina di Stabia
2025-03-18T05:27:36Z,20,30.041,70.1,33,49.8,15,16,85,63,0.0,255,32767,0.16,2056-9-18,0.04,0.52,23.84,0.0,0.0,0.0,0,0.884765625,6,44,07:14,19:19,2025-03-18 05:27:36.433247,Marina di Stabia
2025-03-18T05:27:47Z,20,30.041,70.1,33,49.8,14,16,93,63,0.0,255,32767,0.16,2056-9-18,0.04,0.52,23.84,0.0,0.0,0.0,0,0.884765625,6,44,07:14,19:19,2025-03-18 05:27:47.494285,Marina di Stabia
2025-03-18T05:27:58Z,20,30.042,70.1,33,49.7,11,15,92,63,0.0,255,32767,0.16,2056-9-18,0.04,0.52,23.84,0.0,0.0,0.0,0,0.8671875,6,44,07:14,19:19,2025-03-18 05:27:58.563278,Marina di Stabia
2025-03-18T05:28:09Z,20,30.042,70.1,33,49.8,22,15,111,63,0.0,255,32767,0.16,2056-9-18,0.04,0.52,23.84,0.0,0.0,0.0,0,0.8671875,6,44,07:14,19:19,2025-03-18 05:28:09.657276,Marina di Stabia
2025-03-18T05:28:20Z,20,30.042,70.1,33,49.8,14,15,83,63,0.0,255,32767,0.16,2056-9-18,0.04,0.52,23.84,0.0,0.0,0.0,0,0.8671875,6,44,07:14,19:19,2025-03-18 05:28:20.723266,Marina di Stabia
2025-03-18T05:28:32Z,20,30.042,70.1,33,49.8,12,15,134,63,0.0,255,32767,0.16,2056-9-18,0.04,0.52,23.84,0.0,0.0,0.0,0,0.8671875,6,44,07:14,19:19,2025-03-18 05:28:31.806260,Marina di Stabia
2025-03-18T05:28:43Z,20,30.042,70.1,33,49.8,17,15,104,63,0.0,255,32767,0.16,2056-9-18,0.04,0.52,23.84,0.0,0.0,0.0,0,0.8671875,6,44,07:14,19:19,2025-03-18 05:28:42.858265,Marina di Stabia
2025-03-18T05:28:54Z,20,30.042,70.1,33,49.8,15,15,59,63,0.0,255,32767,0.16,2056-9-18,0.04,0.52,23.84,0.0,0.0,0.0,0,0.8671875,6,44,07:14,19:19,2025-03-18 05:28:53.924265,Marina di Stabia
2025-03-18T05:29:05Z,20,30.039,70.1,33,49.8,15,15,88,63,0.0,255,32767,0.16,2056-9-18,0.04,0.52,23.84,0.0,0.0,0.0,0,1.0546875,6,44,07:14,19:19,2025-03-18 05:29:04.989267,Marina di Stabia
2025-03-18T05:29:16Z,20,30.039,70.1,33,49.8,12,15,90,63,0.0,255,32767,0.16,2056-9-18,0.04,0.52,23.84,0.0,0.0,0.0,0,1.0546875,6,44,07:14,19:19,2025-03-18 05:29:16.059258,Marina di Stabia
2025-03-18T05:29:27Z,20,30.039,70.1,33,49.8,10,15,71,63,0.0,255,32767,0.16,2056-9-18,0.04,0.52,23.84,0.0,0.0,0.0,0,1.0546875,6,44,07:14,19:19,2025-03-18 05:29:27.120262,Marina di Stabia
2025-03-18T05:29:38Z,20,30.039,70.1,33,49.8,12,15,68,63,0.0,255,32767,0.16,2056-9-18,0.04,0.52,23.84,0.0,0.0,0.0,0,1.0546875,6,44,07:14,19:19,2025-03-18 05:29:38.221257,Marina di Stabia
2025-03-18T05:29:49Z,20,30.039,70.1,33,49.8,17,15,96,63,0.0,255,32767,0.16,2056-9-18,0.04,0.52,23.84,0.0,0.0,0.0,0,1.0546875,6,44,07:14,19:19,2025-03-18 05:29:49.284266,Marina di Stabia
2025-03-18T05:30:00Z,20,30.039,70.1,33,49.8,19,15,98,63,0.0,255,32767,0.16,2056-9-18,0.04,0.52,23.84,0.0,0.0,0.0,0,0.8671875,6,44,07:14,19:19,2025-03-18 05:30:00.346271,Marina di Stabia
2025-03-18T05:30:11Z,20,30.039,70.1,33,49.8,16,15,95,63,0.0,255,32767,0.16,2056-9-18,0.04,0.52,23.84,0.0,0.0,0.0,0,0.8671875,6,44,07:14,19:19,2025-03-18 05:30:11.417301,Marina di Stabia
2025-03-18T05:30:22Z,20,30.039,70.1,33,49.8,16,15,85,63,0.0,255,32767,0.16,2056-9-18,0.04,0.52,23.84,0.0,0.0,0.0,0,0.8671875,6,44,07:14,19:19,2025-03-18 05:30:22.519256,Marina di Stabia
2025-03-18T05:30:33Z,20,30.039,70.1,33,49.8,11,15,104,63,0.0,255,32767,0.16,2056-9-18,0.04,0.52,23.84,0.0,0.0,0.0,0,0.8671875,6,44,07:14,19:19,2025-03-18 05:30:33.589256,Marina di Stabia
2025-03-18T05:30:44Z,20,30.039,70.1,33,49.8,11,15,113,63,0.0,255,32767,0.16,2056-9-18,0.04,0.52,23.84,0.0,0.0,0.0,0,0.8671875,6,44,07:14,19:19,2025-03-18 05:30:44.656261,Marina di Stabia
2025-03-18T05:30:55Z,20,30.039,70.1,33,49.8,19,15,92,63,0.0,255,32767,0.16,2056-9-18,0.04,0.52,23.84,0.0,0.0,0.0,0,0.8671875,6,44,07:14,19:19,2025-03-18 05:30:55.742241,Marina di Stabia
2025-03-18T05:31:07Z,20,30.039,70.1,33,49.8,15,15,109,63,0.0,255,32767,0.16,2056-9-18,0.04,0.52,23.84,0.0,0.0,0.0,0,2.07421875,6,44,07:14,19:19,2025-03-18 05:31:06.807258,Marina di Stabia
2025-03-18T05:31:18Z,20,30.039,70.1,33,49.7,14,15,90,63,0.0,255,32767,0.16,2056-9-18,0.04,0.52,23.84,0.0,0.0,0.0,0,2.07421875,6,44,07:14,19:19,2025-03-18 05:31:17.874261,Marina di Stabia
2025-03-18T05:31:29Z,20,30.039,70.1,33,49.7,12,15,93,63,0.0,255,32767,0.16,2056-9-18,0.04,0.52,23.84,0.0,0.0,0.0,0,2.07421875,6,44,07:14,19:19,2025-03-18 05:31:28.970264,Marina di Stabia
2025-03-18T05:31:40Z,20,30.039,70.1,33,49.7,17,15,90,63,0.0,255,32767,0.16,2056-9-18,0.04,0.52,23.84,0.0,0.0,0.0,0,2.07421875,6,44,07:14,19:19,2025-03-18 05:31:40.033277,Marina di Stabia
2025-03-18T05:31:51Z,20,30.039,70.1,33,49.7,19,15,98,63,0.0,255,32767,0.16,2056-9-18,0.04,0.52,23.84,0.0,0.0,0.0,0,2.07421875,6,44,07:14,19:19,2025-03-18 05:31:51.107263,Marina di Stabia
2025-03-18T05:32:02Z,20,30.04,70.1,33,49.7,15,15,98,63,0.0,255,32767,0.16,2056-9-18,0.04,0.52,23.84,0.0,0.0,0.0,0,0.873046875,6,44,07:14,19:19,2025-03-18 05:32:02.171269,Marina di Stabia
2025-03-18T05:32:13Z,20,30.04,70.1,33,49.7,17,15,94,63,0.0,255,32767,0.16,2056-9-18,0.04,0.52,23.84,0.0,0.0,0.0,0,0.873046875,6,44,07:14,19:19,2025-03-18 05:32:13.258229,Marina di Stabia
2025-03-18T05:32:24Z,20,30.04,70.1,33,49.7,13,15,130,63,0.0,255,32767,0.16,2056-9-18,0.04,0.52,23.84,0.0,0.0,0.0,0,0.873046875,6,44,07:14,19:19,2025-03-18 05:32:24.352285,Marina di Stabia
2025-03-18T05:32:35Z,20,30.04,70.1,33,49.7,12,15,130,63,0.0,255,32767,0.16,2056-9-18,0.04,0.52,23.84,0.0,0.0,0.0,0,0.873046875,6,44,07:14,19:19,2025-03-18 05:32:35.450273,Marina di Stabia
2025-03-18T05:32:46Z,20,30.04,70.1,33,49.7,6,15,97,63,0.0,255,32767,0.16,2056-9-18,0.04,0.52,23.84,0.0,0.0,0.0,0,0.873046875,6,44,07:14,19:19,2025-03-18 05:32:46.512261,Marina di Stabia
2025-03-18T05:32:57Z,20,30.04,70.1,33,49.7,12,14,78,63,0.0,255,32767,0.16,2056-9-18,0.04,0.52,23.84,0.0,0.0,0.0,0,0.8671875,6,44,07:14,19:19,2025-03-18 05:32:57.759244,Marina di Stabia
2025-03-18T05:33:09Z,20,30.041,70.1,33,49.7,13,14,88,63,0.0,255,32767,0.16,2056-9-18,0.04,0.52,23.84,0.0,0.0,0.0,0,0.8671875,6,44,07:14,19:19,2025-03-18 05:33:08.823258,Marina di Stabia
2025-03-18T05:33:20Z,20,30.041,70.1,33,49.7,13,14,92,63,0.0,255,32767,0.16,2056-9-18,0.04,0.52,23.84,0.0,0.0,0.0,0,0.8671875,6,44,07:14,19:19,2025-03-18 05:33:19.883270,Marina di Stabia
2025-03-18T05:33:31Z,20,30.041,70.1,33,49.7,14,14,84,63,0.0,255,32767,0.16,2056-9-18,0.04,0.52,23.84,0.0,0.0,0.0,0,0.8671875,6,44,07:14,19:19,2025-03-18 05:33:30.953247,Marina di Stabia
2025-03-18T05:33:42Z,20,30.041,70.1,33,49.7,14,14,88,63,0.0,255,32767,0.16,2056-9-18,0.04,0.52,23.84,0.0,0.0,0.0,0,0.8671875,6,44,07:14,19:19,2025-03-18 05:33:42.051263,Marina di Stabia
2025-03-18T05:33:53Z,20,30.041,70.1,33,49.7,14,14,84,63,0.0,255,32767,0.16,2056-9-18,0.04,0.52,23.84,0.0,0.0,0.0,0,0.8671875,6,44,07:14,19:19,2025-03-18 05:33:53.125267,Marina di Stabia
2025-03-18T05:34:04Z,20,30.041,70.1,33,49.7,15,14,110,63,0.0,255,32767,0.16,2056-9-18,0.04,0.52,23.84,0.0,0.0,0.0,0,0.9375,6,44,07:14,19:19,2025-03-18 05:34:04.186266,Marina di Stabia
2025-03-18T05:34:15Z,20,30.041,70.1,33,49.7,5,14,190,63,0.0,255,32767,0.16,2056-9-18,0.04,0.52,23.84,0.0,0.0,0.0,0,0.9375,6,44,07:14,19:19,2025-03-18 05:34:15.260266,Marina di Stabia
2025-03-18T05:34:26Z,20,30.041,70.1,33,49.7,13,14,96,63,0.0,255,32767,0.16,2056-9-18,0.04,0.52,23.84,0.0,0.0,0.0,0,0.9375,6,44,07:14,19:19,2025-03-18 05:34:26.334260,Marina di Stabia
2025-03-18T05:34:37Z,20,30.041,70.1,33,49.7,13,14,68,63,0.0,255,32767,0.16,2056-9-18,0.04,0.52,23.84,0.0,0.0,0.0,0,0.9375,6,44,07:14,19:19,2025-03-18 05:34:37.425268,Marina di Stabia
2025-03-18T05:34:48Z,20,30.041,70.1,33,49.7,12,14,86,63,0.0,255,32767,0.16,2056-9-18,0.04,0.52,23.84,0.0,0.0,0.0,0,0.9375,6,44,07:14,19:19,2025-03-18 05:34:48.486258,Marina di Stabia
2025-03-18T05:34:59Z,20,30.042,70.1,33,49.7,14,14,82,63,0.0,255,32767,0.16,2056-9-18,0.04,0.52,23.84,0.0,0.0,0.0,0,0.8671875,6,44,07:14,19:19,2025-03-18 05:34:59.555262,Marina di Stabia
2025-03-18T05:35:10Z,20,30.042,70.1,33,49.7,17,14,76,63,0.0,255,32767,0.16,2056-9-18,0.04,0.52,23.84,0.0,0.0,0.0,0,0.8671875,6,44,07:14,19:19,2025-03-18 05:35:10.623261,Marina di Stabia
2025-03-18T05:35:21Z,20,30.042,70.1,33,49.6,17,14,79,63,0.0,255,32767,0.16,2056-9-18,0.04,0.52,23.84,0.0,0.0,0.0,0,0.8671875,6,44,07:14,19:19,2025-03-18 05:35:21.694277,Marina di Stabia
2025-03-18T05:35:32Z,20,30.042,70.1,33,49.6,16,14,88,63,0.0,255,32767,0.16,2056-9-18,0.04,0.52,23.84,0.0,0.0,0.0,0,0.8671875,6,44,07:14,19:19,2025-03-18 05:35:32.751269,Marina di Stabia
2025-03-18T05:35:44Z,20,30.042,70.1,33,49.7,14,14,73,63,0.0,255,32767,0.16,2056-9-18,0.04,0.52,23.84,0.0,0.0,0.0,0,0.8671875,6,44,07:14,19:19,2025-03-18 05:35:43.852261,Marina di Stabia
2025-03-18T05:35:55Z,20,30.042,70.1,33,49.7,11,14,89,63,0.0,255,32767,0.16,2056-9-18,0.04,0.52,23.84,0.0,0.0,0.0,0,0.8671875,6,44,07:14,19:19,2025-03-18 05:35:54.958259,Marina di Stabia
2025-03-18T05:36:06Z,20,30.042,70.1,33,49.7,11,14,94,63,0.0,255,32767,0.16,2056-9-18,0.04,0.52,23.84,0.0,0.0,0.0,0,1.32421875,6,44,07:14,19:19,2025-03-18 05:36:06.010258,Marina di Stabia
2025-03-18T05:36:17Z,20,30.042,70.1,33,49.6,11,14,96,63,0.0,255,32767,0.16,2056-9-18,0.04,0.52,23.84,0.0,0.0,0.0,0,1.32421875,6,44,07:14,19:19,2025-03-18 05:36:17.079262,Marina di Stabia
2025-03-18T05:36:28Z,20,30.042,70.1,33,49.7,13,14,138,63,0.0,255,32767,0.16,2056-9-18,0.04,0.52,23.84,0.0,0.0,0.0,0,1.32421875,6,44,07:14,19:19,2025-03-18 05:36:28.118964,Marina di Stabia
2025-03-18T05:36:39Z,20,30.042,70.1,33,49.6,14,14,143,63,0.0,255,32767,0.16,2056-9-18,0.04,0.52,23.84,0.0,0.0,0.0,0,1.32421875,6,44,07:14,19:19,2025-03-18 05:36:39.186274,Marina di Stabia
2025-03-18T05:36:50Z,20,30.042,70.1,33,49.6,9,14,147,63,0.0,255,32767,0.16,2056-9-18,0.04,0.52,23.84,0.0,0.0,0.0,0,1.32421875,6,44,07:14,19:19,2025-03-18 05:36:50.258259,Marina di Stabia
2025-03-18T05:37:01Z,20,30.04,70.0,33,49.7,13,14,91,63,0.0,255,32767,0.16,2056-9-18,0.04,0.52,23.84,0.0,0.0,0.0,0,0.8671875,6,44,07:14,19:19,2025-03-18 05:37:01.357259,Marina di Stabia
2025-03-18T05:37:12Z,20,30.04,70.0,33,49.7,14,14,98,63,0.0,255,32767,0.16,2056-9-18,0.04,0.52,23.84,0.0,0.0,0.0,0,0.8671875,6,44,07:14,19:19,2025-03-18 05:37:12.461229,Marina di Stabia
2025-03-18T05:37:23Z,20,30.04,70.0,33,49.6,11,14,77,63,0.0,255,32767,0.16,2056-9-18,0.04,0.52,23.84,0.0,0.0,0.0,0,0.8671875,6,44,07:14,19:19,2025-03-18 05:37:23.524263,Marina di Stabia
2025-03-18T05:37:34Z,20,30.04,70.0,33,49.6,10,14,86,63,0.0,255,32767,0.16,2056-9-18,0.04,0.52,23.84,0.0,0.0,0.0,0,0.8671875,6,44,07:14,19:19,2025-03-18 05:37:34.597262,Marina di Stabia
2025-03-18T05:37:45Z,20,30.04,70.0,33,49.6,14,14,98,63,0.0,255,32767,0.16,2056-9-18,0.04,0.52,23.84,0.0,0.0,0.0,0,0.8671875,6,44,07:14,19:19,2025-03-18 05:37:45.657222,Marina di Stabia
2025-03-18T05:37:56Z,20,30.04,70.0,33,49.6,12,14,101,63,0.0,255,32767,0.16,2056-9-18,0.04,0.52,23.84,0.0,0.0,0.0,0,0.8671875,6,44,07:14,19:19,2025-03-18 05:37:56.719274,Marina di Stabia
2025-03-18T05:38:08Z,20,30.043,70.1,33,49.6,12,14,103,63,0.0,255,32767,0.16,2056-9-18,0.04,0.52,23.84,0.0,0.0,0.0,0,0.8671875,6,44,07:14,19:19,2025-03-18 05:38:07.810270,Marina di Stabia
2025-03-18T05:38:19Z,20,30.043,70.1,33,49.6,15,14,98,63,0.0,255,32767,0.16,2056-9-18,0.04,0.52,23.84,0.0,0.0,0.0,0,0.8671875,6,44,07:14,19:19,2025-03-18 05:38:18.872263,Marina di Stabia
2025-03-18T05:38:30Z,20,30.043,70.1,33,49.7,15,14,107,63,0.0,255,32767,0.16,2056-9-18,0.04,0.52,23.84,0.0,0.0,0.0,0,0.8671875,6,44,07:14,19:19,2025-03-18 05:38:29.932262,Marina di Stabia
2025-03-18T05:38:41Z,20,30.043,70.1,33,49.6,9,14,98,63,0.0,255,32767,0.16,2056-9-18,0.04,0.52,23.84,0.0,0.0,0.0,0,0.8671875,6,44,07:14,19:19,2025-03-18 05:38:40.993260,Marina di Stabia
2025-03-18T05:38:52Z,20,30.043,70.1,33,49.6,13,14,102,63,0.0,255,32767,0.16,2056-9-18,0.04,0.52,23.84,0.0,0.0,0.0,0,0.8671875,6,44,07:14,19:19,2025-03-18 05:38:52.059258,Marina di Stabia
2025-03-18T05:39:03Z,20,30.043,70.0,33,49.7,15,14,91,63,0.0,255,32767,0.16,2056-9-18,0.04,0.52,23.84,0.0,0.0,0.0,0,0.890625,6,44,07:14,19:19,2025-03-18 05:39:03.152271,Marina di Stabia
2025-03-18T05:39:14Z,20,30.043,70.0,33,49.6,18,14,85,63,0.0,255,32767,0.16,2056-9-18,0.04,0.52,23.84,0.0,0.0,0.0,0,0.890625,6,44,07:14,19:19,2025-03-18 05:39:14.244273,Marina di Stabia
2025-03-18T05:39:25Z,20,30.043,70.0,33,49.6,16,14,92,63,0.0,255,32767,0.16,2056-9-18,0.04,0.52,23.84,0.0,0.0,0.0,0,0.890625,6,44,07:14,19:19,2025-03-18 05:39:25.315224,Marina di Stabia
2025-03-18T05:39:36Z,20,30.043,70.0,33,49.6,16,14,96,63,0.0,255,32767,0.16,2056-9-18,0.04,0.52,23.84,0.0,0.0,0.0,0,0.890625,6,44,07:14,19:19,2025-03-18 05:39:36.385274,Marina di Stabia
2025-03-18T05:39:47Z,20,30.043,70.0,33,49.7,12,14,64,63,0.0,255,32767,0.16,2056-9-18,0.04,0.52,23.84,0.0,0.0,0.0,0,0.890625,6,44,07:14,19:19,2025-03-18 05:39:47.448225,Marina di Stabia
2025-03-18T05:39:58Z,20,30.046,70.1,33,49.6,8,14,92,63,0.0,255,32767,0.16,2056-9-18,0.04,0.52,23.84,0.0,0.0,0.0,0,0.8671875,6,44,07:14,19:19,2025-03-18 05:39:58.514268,Marina di Stabia
2025-03-18T05:40:09Z,20,30.046,70.1,33,49.6,13,14,82,63,0.0,255,32767,0.16,2056-9-18,0.04,0.52,23.84,0.0,0.0,0.0,0,0.8671875,6,44,07:14,19:19,2025-03-18 05:40:09.575264,Marina di Stabia
2025-03-18T05:40:20Z,20,30.046,70.1,33,49.7,11,14,105,63,0.0,255,32767,0.16,2056-9-18,0.04,0.52,23.84,0.0,0.0,0.0,0,0.8671875,6,44,07:14,19:19,2025-03-18 05:40:20.665298,Marina di Stabia
2025-03-18T05:40:31Z,20,30.046,70.1,33,49.7,13,14,95,63,0.0,255,32767,0.16,2056-9-18,0.04,0.52,23.84,0.0,0.0,0.0,0,0.8671875,6,44,07:14,19:19,2025-03-18 05:40:31.767259,Marina di Stabia
2025-03-18T05:40:43Z,20,30.046,70.1,33,49.7,8,14,192,63,0.0,255,32767,0.16,2056-9-18,0.04,0.52,23.84,0.0,0.0,0.0,0,0.8671875,6,44,07:14,19:19,2025-03-18 05:40:42.833270,Marina di Stabia
2025-03-18T05:40:54Z,20,30.046,70.1,33,49.7,15,14,101,63,0.0,255,32767,0.16,2056-9-18,0.04,0.52,23.84,0.0,0.0,0.0,0,0.8671875,6,44,07:14,19:19,2025-03-18 05:40:53.903256,Marina di Stabia
2025-03-18T05:41:05Z,20,30.047,70.1,33,49.7,18,13,85,63,0.0,255,32767,0.16,2056-9-18,0.04,0.52,23.84,0.0,0.0,0.0,0,1.08984375,6,44,07:14,19:19,2025-03-18 05:41:04.974266,Marina di Stabia
2025-03-18T05:41:16Z,20,30.047,70.1,33,49.6,15,13,98,63,0.0,255,32767,0.16,2056-9-18,0.04,0.52,23.84,0.0,0.0,0.0,0,1.08984375,6,44,07:14,19:19,2025-03-18 05:41:16.035279,Marina di Stabia
2025-03-18T05:41:27Z,20,30.047,70.1,33,49.6,20,13,101,63,0.0,255,32767,0.16,2056-9-18,0.04,0.52,23.84,0.0,0.0,0.0,0,1.08984375,6,44,07:14,19:19,2025-03-18 05:41:27.135268,Marina di Stabia
2025-03-18T05:41:38Z,20,30.047,70.1,33,49.7,19,13,90,63,0.0,255,32767,0.16,2056-9-18,0.04,0.52,23.84,0.0,0.0,0.0,0,1.08984375,6,44,07:14,19:19,2025-03-18 05:41:38.255261,Marina di Stabia
2025-03-18T05:41:49Z,20,30.047,70.1,33,49.7,15,13,107,63,0.0,255,32767,0.16,2056-9-18,0.04,0.52,23.84,0.0,0.0,0.0,0,1.08984375,6,44,07:14,19:19,2025-03-18 05:41:49.331258,Marina di Stabia
2025-03-18T05:42:00Z,20,30.047,70.1,33,49.7,13,13,109,63,0.0,255,32767,0.16,2056-9-18,0.04,0.52,23.84,0.0,0.0,0.0,0,0.8671875,6,44,07:14,19:19,2025-03-18 05:42:00.400260,Marina di Stabia
2025-03-18T05:42:11Z,20,30.047,70.1,33,49.7,7,13,100,63,0.0,255,32767,0.16,2056-9-18,0.04,0.52,23.84,0.0,0.0,0.0,0,0.8671875,6,44,07:14,19:19,2025-03-18 05:42:11.598276,Marina di Stabia
2025-03-18T05:42:22Z,20,30.047,70.1,33,49.7,7,13,84,63,0.0,255,32767,0.16,2056-9-18,0.04,0.52,23.84,0.0,0.0,0.0,0,0.8671875,6,44,07:14,19:19,2025-03-18 05:42:22.656266,Marina di Stabia
2025-03-18T05:42:33Z,20,30.047,70.1,33,49.8,14,13,106,63,0.0,255,32767,0.16,2056-9-18,0.04,0.52,23.84,0.0,0.0,0.0,0,0.8671875,6,44,07:14,19:19,2025-03-18 05:42:33.733266,Marina di Stabia
2025-03-18T05:42:45Z,20,30.047,70.1,33,49.8,17,13,90,63,0.0,255,32767,0.16,2056-9-18,0.04,0.52,23.84,0.0,0.0,0.0,0,0.8671875,6,44,07:14,19:19,2025-03-18 05:42:44.800947,Marina di Stabia
2025-03-18T05:42:56Z,20,30.047,70.1,33,49.8,20,13,98,63,0.0,255,32767,0.16,2056-9-18,0.04,0.52,23.84,0.0,0.0,0.0,0,0.8671875,6,44,07:14,19:19,2025-03-18 05:42:55.864262,Marina di Stabia
2025-03-18T05:43:07Z,20,30.046,70.1,33,49.7,18,14,105,63,0.0,255,32767,0.16,2056-9-18,0.04,0.52,23.84,0.0,0.0,0.0,0,2.255859375,6,44,07:14,19:19,2025-03-18 05:43:06.935276,Marina di Stabia
2025-03-18T05:43:18Z,20,30.046,70.1,33,49.7,16,14,91,63,0.0,255,32767,0.16,2056-9-18,0.04,0.52,23.84,0.0,0.0,0.0,0,2.255859375,6,44,07:14,19:19,2025-03-18 05:43:17.997261,Marina di Stabia
2025-03-18T05:43:29Z,20,30.046,70.1,33,49.7,13,14,94,63,0.0,255,32767,0.16,2056-9-18,0.04,0.52,23.84,0.0,0.0,0.0,0,2.255859375,6,44,07:14,19:19,2025-03-18 05:43:29.096266,Marina di Stabia
2025-03-18T05:43:40Z,20,30.046,70.1,33,49.8,15,14,90,63,0.0,255,32767,0.16,2056-9-18,0.04,0.52,23.84,0.0,0.0,0.0,0,2.255859375,6,44,07:14,19:19,2025-03-18 05:43:40.164252,Marina di Stabia
2025-03-18T05:43:51Z,20,30.046,70.1,33,49.9,20,14,115,63,0.0,255,32767,0.16,2056-9-18,0.04,0.52,23.84,0.0,0.0,0.0,0,2.255859375,6,44,07:14,19:19,2025-03-18 05:43:51.262263,Marina di Stabia
2025-03-18T05:44:02Z,20,30.048,70.1,33,49.9,16,14,98,63,0.0,255,32767,0.16,2056-9-18,0.04,0.52,23.84,0.0,0.0,0.0,0,0.873046875,6,44,07:14,19:19,2025-03-18 05:44:02.324283,Marina di Stabia
2025-03-18T05:44:13Z,20,30.048,70.1,33,49.8,13,14,78,63,0.0,255,32767,0.16,2056-9-18,0.04,0.52,23.84,0.0,0.0,0.0,0,0.873046875,6,44,07:14,19:19,2025-03-18 05:44:13.394268,Marina di Stabia
2025-03-18T05:44:24Z,20,30.048,70.1,33,49.9,16,14,96,63,0.0,255,32767,0.16,2056-9-18,0.04,0.52,23.84,0.0,0.0,0.0,0,0.873046875,6,44,07:14,19:19,2025-03-18 05:44:24.465262,Marina di Stabia
2025-03-18T05:44:35Z,20,30.048,70.1,33,49.9,21,14,80,63,0.0,255,32767,0.16,2056-9-18,0.04,0.52,23.84,0.0,0.0,0.0,0,0.873046875,6,44,07:14,19:19,2025-03-18 05:44:35.531276,Marina di Stabia
2025-03-18T05:44:46Z,20,30.048,70.1,33,49.9,16,14,98,63,0.0,255,32767,0.16,2056-9-18,0.04,0.52,23.84,0.0,0.0,0.0,0,0.873046875,6,44,07:14,19:19,2025-03-18 05:44:46.620280,Marina di Stabia
2025-03-18T05:44:57Z,20,30.048,70.0,33,49.9,15,15,94,63,0.0,255,32767,0.16,2056-9-18,0.04,0.52,23.84,0.0,0.0,0.0,0,0.8671875,6,44,07:14,19:19,2025-03-18 05:44:57.790266,Marina di Stabia
2025-03-18T05:45:09Z,20,30.05,70.0,33,49.9,13,15,96,63,0.0,255,32767,0.16,2056-9-18,0.04,0.52,23.84,0.0,0.0,0.0,0,0.8671875,6,44,07:14,19:19,2025-03-18 05:45:08.854265,Marina di Stabia
2025-03-18T05:45:20Z,20,30.05,70.0,33,49.9,18,15,107,63,0.0,255,32767,0.16,2056-9-18,0.04,0.52,23.84,0.0,0.0,0.0,0,0.8671875,6,44,07:14,19:19,2025-03-18 05:45:19.910260,Marina di Stabia
2025-03-18T05:45:31Z,20,30.05,70.0,33,49.9,21,15,88,63,0.0,255,32767,0.16,2056-9-18,0.04,0.52,23.84,0.0,0.0,0.0,0,0.8671875,6,44,07:14,19:19,2025-03-18 05:45:30.971259,Marina di Stabia
2025-03-18T05:45:42Z,20,30.05,70.0,33,49.9,20,15,86,63,0.0,255,32767,0.16,2056-9-18,0.04,0.52,23.84,0.0,0.0,0.0,0,0.8671875,6,44,07:14,19:19,2025-03-18 05:45:42.045269,Marina di Stabia
2025-03-18T05:45:53Z,20,30.05,70.0,33,49.9,19,15,91,63,0.0,255,32767,0.16,2056-9-18,0.04,0.52,23.84,0.0,0.0,0.0,0,0.8671875,6,44,07:14,19:19,2025-03-18 05:45:53.140265,Marina di Stabia
2025-03-18T05:46:04Z,20,30.05,70.1,33,49.9,18,15,101,63,0.0,255,32767,0.16,2056-9-18,0.04,0.52,23.84,0.0,0.0,0.0,0,1.025390625,6,44,07:14,19:19,2025-03-18 05:46:04.236263,Marina di Stabia
2025-03-18T05:46:15Z,20,30.05,70.1,33,50.0,19,15,80,63,0.0,255,32767,0.16,2056-9-18,0.04,0.52,23.84,0.0,0.0,0.0,0,1.025390625,6,44,07:14,19:19,2025-03-18 05:46:15.339266,Marina di Stabia
2025-03-18T05:46:26Z,20,30.05,70.1,33,49.9,19,15,86,63,0.0,255,32767,0.16,2056-9-18,0.04,0.52,23.84,0.0,0.0,0.0,0,1.025390625,6,44,07:14,19:19,2025-03-18 05:46:26.405258,Marina di Stabia
2025-03-18T05:46:37Z,20,30.05,70.1,33,50.0,16,15,88,63,0.0,255,32767,0.16,2056-9-18,0.04,0.52,23.84,0.0,0.0,0.0,0,1.025390625,6,44,07:14,19:19,2025-03-18 05:46:37.478263,Marina di Stabia
2025-03-18T05:46:48Z,20,30.05,70.1,33,50.0,16,15,86,62,0.0,255,32767,0.16,2056-9-18,0.04,0.52,23.84,0.0,0.0,0.0,0,1.025390625,6,44,07:14,19:19,2025-03-18 05:46:48.539265,Marina di Stabia
2025-03-18T05:46:59Z,20,30.05,70.1,33,50.0,17,15,89,62,0.0,255,32767,0.16,2056-9-18,0.04,0.52,23.84,0.0,0.0,0.0,0,0.8671875,6,44,07:14,19:19,2025-03-18 05:46:59.600276,Marina di Stabia
2025-03-18T05:47:10Z,20,30.05,70.1,33,50.0,17,15,94,62,0.0,255,32767,0.16,2056-9-18,0.04,0.52,23.84,0.0,0.0,0.0,0,0.8671875,6,44,07:14,19:19,2025-03-18 05:47:10.661287,Marina di Stabia
2025-03-18T05:47:21Z,20,30.05,70.1,33,50.0,15,15,91,62,0.0,255,32767,0.16,2056-9-18,0.04,0.52,23.84,0.0,0.0,0.0,0,0.8671875,6,44,07:14,19:19,2025-03-18 05:47:21.766263,Marina di Stabia
2025-03-18T05:47:33Z,20,30.05,70.1,33,50.0,14,15,97,62,0.0,255,32767,0.16,2056-9-18,0.04,0.52,23.84,0.0,0.0,0.0,0,0.8671875,6,44,07:14,19:19,2025-03-18 05:47:32.834287,Marina di Stabia
2025-03-18T05:47:44Z,20,30.05,70.1,33,50.0,15,15,87,62,0.0,255,32767,0.16,2056-9-18,0.04,0.52,23.84,0.0,0.0,0.0,0,0.8671875,6,44,07:14,19:19,2025-03-18 05:47:43.896259,Marina di Stabia
2025-03-18T05:47:55Z,20,30.05,70.1,33,50.0,10,15,98,62,0.0,255,32767,0.16,2056-9-18,0.04,0.52,23.84,0.0,0.0,0.0,0,0.8671875,6,44,07:14,19:19,2025-03-18 05:47:54.995253,Marina di Stabia
2025-03-18T05:48:06Z,20,30.052,70.1,33,50.0,9,16,126,62,0.0,255,32767,0.16,2056-9-18,0.04,0.52,23.84,0.0,0.0,0.0,0,1.37109375,6,44,07:14,19:19,2025-03-18 05:48:06.088263,Marina di Stabia
2025-03-18T05:48:17Z,20,30.052,70.1,33,50.0,11,16,65,62,0.0,255,32767,0.16,2056-9-18,0.04,0.52,23.84,0.0,0.0,0.0,0,1.37109375,6,44,07:14,19:19,2025-03-18 05:48:17.149265,Marina di Stabia
2025-03-18T05:48:28Z,20,30.052,70.1,33,50.0,20,16,110,63,0.0,255,32767,0.16,2056-9-18,0.04,0.52,23.84,0.0,0.0,0.0,0,1.37109375,6,44,07:14,19:19,2025-03-18 05:48:28.235262,Marina di Stabia
2025-03-18T05:48:39Z,20,30.052,70.1,33,50.0,12,16,104,63,0.0,255,32767,0.16,2056-9-18,0.04,0.52,23.84,0.0,0.0,0.0,0,1.37109375,6,44,07:14,19:19,2025-03-18 05:48:39.305264,Marina di Stabia
2025-03-18T05:48:50Z,20,30.052,70.1,33,50.0,14,16,89,63,0.0,255,32767,0.16,2056-9-18,0.04,0.52,23.84,0.0,0.0,0.0,0,1.37109375,6,44,07:14,19:19,2025-03-18 05:48:50.372268,Marina di Stabia
2025-03-18T05:49:01Z,20,30.05,70.1,33,50.0,13,16,90,63,0.0,255,32767,0.16,2056-9-18,0.04,0.52,23.84,0.0,0.0,0.0,0,0.8671875,6,44,07:14,19:19,2025-03-18 05:49:01.463281,Marina di Stabia
2025-03-18T05:49:12Z,20,30.05,70.1,33,50.0,18,16,96,63,0.0,255,32767,0.16,2056-9-18,0.04,0.52,23.84,0.0,0.0,0.0,0,0.8671875,6,44,07:14,19:19,2025-03-18 05:49:12.556261,Marina di Stabia
2025-03-18T05:49:23Z,20,30.05,70.1,33,50.0,16,16,105,63,0.0,255,32767,0.16,2056-9-18,0.04,0.52,23.84,0.0,0.0,0.0,0,0.8671875,6,44,07:14,19:19,2025-03-18 05:49:23.617279,Marina di Stabia
2025-03-18T05:49:34Z,20,30.05,70.1,33,50.0,14,16,86,63,0.0,255,32767,0.16,2056-9-18,0.04,0.52,23.84,0.0,0.0,0.0,0,0.8671875,6,44,07:14,19:19,2025-03-18 05:49:34.677280,Marina di Stabia
2025-03-18T05:49:45Z,20,30.05,70.1,33,50.0,15,16,84,63,0.0,255,32767,0.16,2056-9-18,0.04,0.52,23.84,0.0,0.0,0.0,0,0.8671875,6,44,07:14,19:19,2025-03-18 05:49:45.748287,Marina di Stabia
2025-03-18T05:49:57Z,20,30.05,70.1,33,50.0,14,16,108,63,0.0,255,32767,0.16,2056-9-18,0.04,0.52,23.84,0.0,0.0,0.0,0,0.8671875,6,44,07:14,19:19,2025-03-18 05:49:56.844262,Marina di Stabia
2025-03-18T05:50:08Z,20,30.052,70.0,33,50.0,16,16,92,62,0.0,255,32767,0.16,2056-9-18,0.04,0.52,23.84,0.0,0.0,0.0,0,0.873046875,6,44,07:14,19:19,2025-03-18 05:50:07.907262,Marina di Stabia
2025-03-18T05:50:19Z,20,30.052,70.0,33,50.1,16,16,94,62,0.0,255,32767,0.16,2056-9-18,0.04,0.52,23.84,0.0,0.0,0.0,0,0.873046875,6,44,07:14,19:19,2025-03-18 05:50:18.972263,Marina di Stabia
2025-03-18T05:50:30Z,20,30.052,70.0,33,50.0,15,16,98,62,0.0,255,32767,0.16,2056-9-18,0.04,0.52,23.84,0.0,0.0,0.0,0,0.873046875,6,44,07:14,19:19,2025-03-18 05:50:30.062257,Marina di Stabia
2025-03-18T05:50:41Z,20,30.052,70.0,33,50.1,19,16,103,62,0.0,255,32767,0.16,2056-9-18,0.04,0.52,23.84,0.0,0.0,0.0,0,0.873046875,6,44,07:14,19:19,2025-03-18 05:50:41.131258,Marina di Stabia
2025-03-18T05:50:52Z,20,30.052,70.0,33,50.0,16,16,88,62,0.0,255,32767,0.16,2056-9-18,0.04,0.52,23.84,0.0,0.0,0.0,0,0.873046875,6,44,07:14,19:19,2025-03-18 05:50:52.202297,Marina di Stabia
2025-03-18T05:51:03Z,20,30.053,70.0,33,50.1,16,16,100,62,0.0,255,32767,0.16,2056-9-18,0.04,0.52,23.84,0.0,0.0,0.0,0,0.919921875,6,44,07:14,19:19,2025-03-18 05:51:03.271259,Marina di Stabia
2025-03-18T05:51:14Z,20,30.053,70.0,33,50.1,13,16,101,62,0.0,255,32767,0.16,2056-9-18,0.04,0.52,23.84,0.0,0.0,0.0,0,0.919921875,6,44,07:14,19:19,2025-03-18 05:51:14.363254,Marina di Stabia
2025-03-18T05:51:25Z,20,30.053,70.0,33,50.1,16,16,101,62,0.0,255,32767,0.16,2056-9-18,0.04,0.52,23.84,0.0,0.0,0.0,0,0.919921875,6,44,07:14,19:19,2025-03-18 05:51:25.424262,Marina di Stabia
2025-03-18T05:51:36Z,20,30.053,70.0,33,50.1,15,16,95,62,0.0,255,32767,0.16,2056-9-18,0.04,0.52,23.84,0.0,0.0,0.0,0,0.919921875,6,44,07:14,19:19,2025-03-18 05:51:36.486265,Marina di Stabia
2025-03-18T05:51:47Z,20,30.053,70.0,33,50.1,15,16,91,62,0.0,255,32767,0.16,2056-9-18,0.04,0.52,23.84,0.0,0.0,0.0,0,0.919921875,6,44,07:14,19:19,2025-03-18 05:51:47.547257,Marina di Stabia
2025-03-18T05:51:58Z,20,30.053,70.0,33,50.0,13,16,126,62,0.0,255,32767,0.16,2056-9-18,0.04,0.52,23.84,0.0,0.0,0.0,0,0.8671875,6,44,07:14,19:19,2025-03-18 05:51:58.611295,Marina di Stabia
2025-03-18T05:52:09Z,20,30.053,70.0,33,50.0,11,16,99,62,0.0,255,32767,0.16,2056-9-18,0.04,0.52,23.84,0.0,0.0,0.0,0,0.8671875,6,44,07:14,19:19,2025-03-18 05:52:09.672264,Marina di Stabia
2025-03-18T05:52:20Z,20,30.053,70.0,33,50.1,10,16,102,62,0.0,255,32767,0.16,2056-9-18,0.04,0.52,23.84,0.0,0.0,0.0,0,0.8671875,6,44,07:14,19:19,2025-03-18 05:52:20.765261,Marina di Stabia
2025-03-18T05:52:32Z,20,30.053,70.0,33,50.1,10,16,127,62,0.0,255,32767,0.16,2056-9-18,0.04,0.52,23.84,0.0,0.0,0.0,0,0.8671875,6,44,07:14,19:19,2025-03-18 05:52:31.851265,Marina di Stabia
2025-03-18T05:52:43Z,20,30.053,70.0,33,50.1,11,16,90,63,0.0,255,32767,0.16,2056-9-18,0.04,0.52,23.84,0.0,0.0,0.0,0,0.8671875,6,44,07:14,19:19,2025-03-18 05:52:42.952265,Marina di Stabia
2025-03-18T05:52:54Z,20,30.053,70.0,33,50.1,12,16,82,63,0.0,255,32767,0.16,2056-9-18,0.04,0.52,23.84,0.0,0.0,0.0,0,0.8671875,6,44,07:14,19:19,2025-03-18 05:52:54.024266,Marina di Stabia
2025-03-18T05:53:05Z,20,30.054,70.0,33,50.1,12,16,95,63,0.0,255,32767,0.16,2056-9-18,0.04,0.52,23.84,0.0,0.0,0.0,0,1.1015625,6,44,07:14,19:19,2025-03-18 05:53:05.098260,Marina di Stabia
2025-03-18T05:53:16Z,20,30.054,70.0,33,50.1,15,16,87,63,0.0,255,32767,0.16,2056-9-18,0.04,0.52,23.84,0.0,0.0,0.0,0,1.1015625,6,44,07:14,19:19,2025-03-18 05:53:16.170283,Marina di Stabia
2025-03-18T05:53:27Z,20,30.054,70.0,33,50.1,16,16,88,63,0.0,255,32767,0.16,2056-9-18,0.04,0.52,23.84,0.0,0.0,0.0,0,1.1015625,6,44,07:14,19:19,2025-03-18 05:53:27.232267,Marina di Stabia
2025-03-18T05:53:38Z,20,30.054,70.0,33,50.1,13,16,103,62,0.0,255,32767,0.16,2056-9-18,0.04,0.52,23.84,0.0,0.0,0.0,0,1.1015625,6,44,07:14,19:19,2025-03-18 05:53:38.341260,Marina di Stabia
2025-03-18T05:53:49Z,20,30.054,70.0,33,50.1,13,16,103,62,0.0,255,32767,0.16,2056-9-18,0.04,0.52,23.84,0.0,0.0,0.0,0,1.1015625,6,44,07:14,19:19,2025-03-18 05:53:49.405276,Marina di Stabia
2025-03-18T05:54:00Z,20,30.054,70.0,33,50.1,13,15,86,62,0.0,255,32767,0.16,2056-9-18,0.04,0.52,23.84,0.0,0.0,0.0,0,0.8671875,6,44,07:14,19:19,2025-03-18 05:54:00.467279,Marina di Stabia
2025-03-18T05:54:11Z,20,30.054,70.0,33,50.1,13,15,96,62,0.0,255,32767,0.16,2056-9-18,0.04,0.52,23.84,0.0,0.0,0.0,0,0.8671875,6,44,07:14,19:19,2025-03-18 05:54:11.547440,Marina di Stabia
2025-03-18T05:54:22Z,20,30.054,70.0,33,50.1,16,15,88,62,0.0,255,32767,0.16,2056-9-18,0.04,0.52,23.84,0.0,0.0,0.0,0,0.8671875,6,44,07:14,19:19,2025-03-18 05:54:22.608265,Marina di Stabia
2025-03-18T05:54:33Z,20,30.054,70.0,33,50.1,15,15,111,62,0.0,255,32767,0.16,2056-9-18,0.04,0.52,23.84,0.0,0.0,0.0,0,0.8671875,6,44,07:14,19:19,2025-03-18 05:54:33.682268,Marina di Stabia
2025-03-18T05:54:44Z,20,30.054,70.0,33,50.1,16,15,92,62,0.0,255,32767,0.16,2056-9-18,0.04,0.52,23.84,0.0,0.0,0.0,0,0.8671875,6,44,07:14,19:19,2025-03-18 05:54:44.772267,Marina di Stabia
2025-03-18T05:54:56Z,20,30.054,70.0,33,50.1,18,15,86,62,0.0,255,32767,0.16,2056-9-18,0.04,0.52,23.84,0.0,0.0,0.0,0,0.8671875,6,44,07:14,19:19,2025-03-18 05:54:55.840230,Marina di Stabia
2025-03-18T05:55:07Z,20,30.054,70.0,33,50.1,14,15,91,62,0.0,255,32767,0.16,2056-9-18,0.04,0.52,23.84,0.0,0.0,0.0,0,2.42578125,6,44,07:14,19:19,2025-03-18 05:55:06.902259,Marina di Stabia
2025-03-18T05:55:18Z,20,30.054,70.0,33,50.1,17,15,93,62,0.0,255,32767,0.16,2056-9-18,0.04,0.52,23.84,0.0,0.0,0.0,0,2.42578125,6,44,07:14,19:19,2025-03-18 05:55:17.970253,Marina di Stabia
2025-03-18T05:55:29Z,20,30.054,70.0,33,50.1,18,15,91,62,0.0,255,32767,0.16,2056-9-18,0.04,0.52,23.84,0.0,0.0,0.0,0,2.42578125,6,44,07:14,19:19,2025-03-18 05:55:29.034272,Marina di Stabia
2025-03-18T05:55:40Z,20,30.054,70.0,33,50.1,18,15,124,62,0.0,255,32767,0.16,2056-9-18,0.04,0.52,23.84,0.0,0.0,0.0,0,2.42578125,6,44,07:14,19:19,2025-03-18 05:55:40.105267,Marina di Stabia
2025-03-18T05:55:51Z,20,30.054,70.0,33,50.1,15,15,85,62,0.0,255,32767,0.16,2056-9-18,0.04,0.52,23.84,0.0,0.0,0.0,0,2.42578125,6,44,07:14,19:19,2025-03-18 05:55:51.194267,Marina di Stabia
2025-03-18T05:56:02Z,20,30.055,70.1,33,50.1,13,15,105,62,0.0,255,32767,0.16,2056-9-18,0.04,0.52,23.84,0.0,0.0,0.0,0,0.873046875,6,44,07:14,19:19,2025-03-18 05:56:02.262279,Marina di Stabia
2025-03-18T05:56:13Z,20,30.055,70.1,33,50.1,19,15,89,62,0.0,255,32767,0.16,2056-9-18,0.04,0.52,23.84,0.0,0.0,0.0,0,0.873046875,6,44,07:14,19:19,2025-03-18 05:56:13.325270,Marina di Stabia
2025-03-18T05:56:24Z,20,30.055,70.1,33,50.1,14,15,86,62,0.0,255,32767,0.16,2056-9-18,0.04,0.52,23.84,0.0,0.0,0.0,0,0.873046875,6,44,07:14,19:19,2025-03-18 05:56:24.406262,Marina di Stabia
2025-03-18T05:56:35Z,20,30.055,70.1,33,50.1,18,15,109,62,0.0,255,32767,0.16,2056-9-18,0.04,0.52,23.84,0.0,0.0,0.0,0,0.873046875,6,44,07:14,19:19,2025-03-18 05:56:35.469265,Marina di Stabia
2025-03-18T05:56:46Z,20,30.055,70.1,33,50.1,18,15,94,62,0.0,255,32767,0.16,2056-9-18,0.04,0.52,23.84,0.0,0.0,0.0,0,0.873046875,6,44,07:14,19:19,2025-03-18 05:56:46.539262,Marina di Stabia
2025-03-18T05:56:58Z,20,30.055,70.0,33,50.1,21,15,90,62,0.0,255,32767,0.16,2056-9-18,0.04,0.52,23.84,0.0,0.0,0.0,0,0.8671875,6,44,07:14,19:19,2025-03-18 05:56:57.820269,Marina di Stabia
2025-03-18T05:57:09Z,20,30.053,70.0,33,50.1,19,15,80,62,0.0,255,32767,0.16,2056-9-18,0.04,0.52,23.84,0.0,0.0,0.0,0,0.8671875,6,44,07:14,19:19,2025-03-18 05:57:08.889261,Marina di Stabia
2025-03-18T05:57:20Z,20,30.053,70.0,33,50.1,16,15,84,62,0.0,255,32767,0.16,2056-9-18,0.04,0.52,23.84,0.0,0.0,0.0,0,0.8671875,6,44,07:14,19:19,2025-03-18 05:57:19.947272,Marina di Stabia
2025-03-18T05:57:31Z,20,30.053,70.0,33,50.1,14,15,96,62,0.0,255,32767,0.16,2056-9-18,0.04,0.52,23.84,0.0,0.0,0.0,0,0.8671875,6,44,07:14,19:19,2025-03-18 05:57:31.251263,Marina di Stabia
2025-03-18T05:57:42Z,20,30.053,70.0,33,50.1,14,15,68,62,0.0,255,32767,0.16,2056-9-18,0.04,0.52,23.84,0.0,0.0,0.0,0,0.8671875,6,44,07:14,19:19,2025-03-18 05:57:42.305272,Marina di Stabia
2025-03-18T05:57:53Z,20,30.053,70.0,33,50.1,13,15,88,62,0.0,255,32767,0.16,2056-9-18,0.04,0.52,23.84,0.0,0.0,0.0,0,0.8671875,6,44,07:14,19:19,2025-03-18 05:57:53.375275,Marina di Stabia
2025-03-18T05:58:04Z,20,30.059,70.0,33,50.1,10,15,98,62,0.0,255,32767,0.16,2056-9-18,0.04,0.52,23.84,0.0,0.0,0.0,0,0.94921875,6,44,07:14,19:19,2025-03-18 05:58:04.524261,Marina di Stabia
2025-03-18T05:58:15Z,20,30.059,70.0,33,50.1,17,15,93,62,0.0,255,32767,0.16,2056-9-18,0.04,0.52,23.84,0.0,0.0,0.0,0,0.94921875,6,44,07:14,19:19,2025-03-18 05:58:15.624273,Marina di Stabia
2025-03-18T05:58:26Z,20,30.059,70.0,33,50.1,16,15,107,62,0.0,255,32767,0.16,2056-9-18,0.04,0.52,23.84,0.0,0.0,0.0,0,0.94921875,6,44,07:14,19:19,2025-03-18 05:58:26.689267,Marina di Stabia
2025-03-18T05:58:37Z,20,30.059,70.0,33,50.1,14,15,95,62,0.0,255,32767,0.16,2056-9-18,0.04,0.52,23.84,0.0,0.0,0.0,0,0.94921875,6,44,07:14,19:19,2025-03-18 05:58:37.763265,Marina di Stabia
2025-03-18T05:58:49Z,20,30.059,70.0,33,50.1,12,15,90,62,0.0,255,32767,0.16,2056-9-18,0.04,0.52,23.84,0.0,0.0,0.0,0,0.94921875,6,44,07:14,19:19,2025-03-18 05:58:48.825257,Marina di Stabia
2025-03-18T05:59:00Z,20,30.059,70.0,33,50.1,12,15,83,62,0.0,255,32767,0.16,2056-9-18,0.04,0.52,23.84,0.0,0.0,0.0,0,0.8671875,6,44,07:14,19:19,2025-03-18 05:58:59.914285,Marina di Stabia
2025-03-18T05:59:11Z,20,30.059,70.0,33,50.1,11,15,88,62,0.0,255,32767,0.16,2056-9-18,0.04,0.52,23.84,0.0,0.0,0.0,0,0.8671875,6,44,07:14,19:19,2025-03-18 05:59:10.977268,Marina di Stabia
2025-03-18T05:59:22Z,20,30.059,70.0,33,50.1,17,15,80,62,0.0,255,32767,0.16,2056-9-18,0.04,0.52,23.84,0.0,0.0,0.0,0,0.8671875,6,44,07:14,19:19,2025-03-18 05:59:22.070258,Marina di Stabia
2025-03-18T05:59:33Z,20,30.059,70.0,33,50.1,15,15,82,62,0.0,255,32767,0.16,2056-9-18,0.04,0.52,23.84,0.0,0.0,0.0,0,0.8671875,6,44,07:14,19:19,2025-03-18 05:59:33.146258,Marina di Stabia
2025-03-18T05:59:44Z,20,30.059,70.0,33,50.1,18,15,75,62,0.0,255,32767,0.16,2056-9-18,0.04,0.52,23.84,0.0,0.0,0.0,0,0.8671875,6,44,07:14,19:19,2025-03-18 05:59:44.218270,Marina di Stabia
2025-03-18T05:59:55Z,20,30.059,70.0,33,50.1,17,15,81,62,0.0,255,32767,0.16,2056-9-18,0.04,0.52,23.84,0.0,0.0,0.0,0,0.8671875,6,44,07:14,19:19,2025-03-18 05:59:55.285266,Marina di Stabia
2025-03-18T06:00:06Z,20,30.054,70.0,33,50.1,15,15,75,62,0.0,255,32767,0.16,2056-9-18,0.04,0.52,23.84,0.0,0.0,0.0,0,1.46484375,6,44,07:14,19:19,2025-03-18 06:00:06.361259,Marina di Stabia,31.1,6.639279,14.05905,5.7798514,10.930394,EU EEA Common AQI,73.8,6.5582366,13.21546,3600,4.811594,100,100,51.4,8.937198,Very Low,75.5,6.355935,100,1739186100,Very Low,9.633085,6.8510075,Very Low,6.062216,42.9,5.362319,100,1739186100,5.362319
2025-03-18T06:00:17Z,20,30.054,70.0,33,50.1,17,15,76,62,0.0,255,32767,0.16,2056-9-18,0.04,0.52,23.84,0.0,0.0,0.0,0,1.46484375,6,44,07:14,19:19,2025-03-18 06:00:17.468258,Marina di Stabia,31.1,6.639279,14.05905,5.7798514,10.930394,EU EEA Common AQI,73.8,6.5582366,13.21546,3600,4.811594,100,100,51.4,8.937198,Very Low,75.5,6.355935,100,1739186100,Very Low,9.633085,6.8510075,Very Low,6.062216,42.9,5.362319,100,1739186100,5.362319
2025-03-18T06:00:28Z,20,30.054,70.0,33,50.1,16,15,78,62,0.0,255,32767,0.16,2056-9-18,0.04,0.52,23.84,0.0,0.0,0.0,0,1.46484375,6,44,07:14,19:19,2025-03-18 06:00:28.580260,Marina di Stabia,31.1,6.639279,14.05905,5.7798514,10.930394,EU EEA Common AQI,73.8,6.5582366,13.21546,3600,4.811594,100,100,51.4,8.937198,Very Low,75.5,6.355935,100,1739186100,Very Low,9.633085,6.8510075,Very Low,6.062216,42.9,5.362319,100,1739186100,5.362319
2025-03-18T06:00:39Z,20,30.054,70.0,33,50.1,15,15,82,62,0.0,255,32767,0.16,2056-9-18,0.04,0.52,23.84,0.0,0.0,0.0,0,1.46484375,6,44,07:14,19:19,2025-03-18 06:00:39.663262,Marina di Stabia,31.1,6.639279,14.05905,5.7798514,10.930394,EU EEA Common AQI,73.8,6.5582366,13.21546,3600,4.811594,100,100,51.4,8.937198,Very Low,75.5,6.355935,100,1739186100,Very Low,9.633085,6.8510075,Very Low,6.062216,42.9,5.362319,100,1739186100,5.362319
2025-03-18T06:00:50Z,20,30.054,70.0,33,50.1,14,15,81,62,0.0,255,32767,0.16,2056-9-18,0.04,0.52,23.84,0.0,0.0,0.0,0,1.46484375,6,44,07:14,19:19,2025-03-18 06:00:50.750282,Marina di Stabia,31.1,6.639279,14.05905,5.7798514,10.930394,EU EEA Common AQI,73.8,6.5582366,13.21546,3600,4.811594,100,100,51.4,8.937198,Very Low,75.5,6.355935,100,1739186100,Very Low,9.633085,6.8510075,Very Low,6.062216,42.9,5.362319,100,1739186100,5.362319
2025-03-18T06:01:02Z,20,30.058,70.0,33,50.1,13,15,76,62,0.0,255,32767,0.16,2056-9-18,0.04,0.52,23.84,0.0,0.0,0.0,0,1.552734375,6,44,07:14,19:19,2025-03-18 06:01:01.821260,Marina di Stabia,31.1,6.639279,14.05905,5.7798514,10.930394,EU EEA Common AQI,73.8,6.5582366,13.21546,3600,4.811594,100,100,51.4,8.937198,Very Low,75.5,6.355935,100,1739186100,Very Low,9.633085,6.8510075,Very Low,6.062216,42.9,5.362319,100,1739186100,5.362319
2025-03-18T06:01:13Z,20,30.058,70.0,33,50.1,13,15,83,62,0.0,255,32767,0.16,2056-9-18,0.04,0.52,23.84,0.0,0.0,0.0,0,1.552734375,6,44,07:14,19:19,2025-03-18 06:01:12.911286,Marina di Stabia,31.1,6.639279,14.05905,5.7798514,10.930394,EU EEA Common AQI,73.8,6.5582366,13.21546,3600,4.811594,100,100,51.4,8.937198,Very Low,75.5,6.355935,100,1739186100,Very Low,9.633085,6.8510075,Very Low,6.062216,42.9,5.362319,100,1739186100,5.362319
2025-03-18T06:01:24Z,20,30.058,70.0,33,50.1,15,15,82,62,0.0,255,32767,0.16,2056-9-18,0.04,0.52,23.84,0.0,0.0,0.0,0,1.552734375,6,44,07:14,19:19,2025-03-18 06:01:24.027258,Marina di Stabia,31.1,6.639279,14.05905,5.7798514,10.930394,EU EEA Common AQI,73.8,6.5582366,13.21546,3600,4.811594,100,100,51.4,8.937198,Very Low,75.5,6.355935,100,1739186100,Very Low,9.633085,6.8510075,Very Low,6.062216,42.9,5.362319,100,1739186100,5.362319
2025-03-18T06:01:35Z,20,30.058,70.0,33,50.1,14,15,98,62,0.0,255,32767,0.16,2056-9-18,0.04,0.52,23.84,0.0,0.0,0.0,0,1.552734375,6,44,07:14,19:19,2025-03-18 06:01:35.102264,Marina di Stabia,31.1,6.639279,14.05905,5.7798514,10.930394,EU EEA Common AQI,73.8,6.5582366,13.21546,3600,4.811594,100,100,51.4,8.937198,Very Low,75.5,6.355935,100,1739186100,Very Low,9.633085,6.8510075,Very Low,6.062216,42.9,5.362319,100,1739186100,5.362319
2025-03-18T06:01:46Z,20,30.058,70.0,33,50.1,13,15,90,62,0.0,255,32767,0.16,2056-9-18,0.04,0.52,23.84,0.0,0.0,0.0,0,1.552734375,6,44,07:14,19:19,2025-03-18 06:01:46.184266,Marina di Stabia,31.1,6.639279,14.05905,5.7798514,10.930394,EU EEA Common AQI,73.8,6.5582366,13.21546,3600,4.811594,100,100,51.4,8.937198,Very Low,75.5,6.355935,100,1739186100,Very Low,9.633085,6.8510075,Very Low,6.062216,42.9,5.362319,100,1739186100,5.362319
2025-03-18T06:01:57Z,20,30.058,70.0,33,50.1,14,15,83,62,0.0,255,32767,0.16,2056-9-18,0.04,0.52,23.84,0.0,0.0,0.0,0,1.552734375,6,44,07:14,19:19,2025-03-18 06:01:57.255271,Marina di Stabia,31.1,6.639279,14.05905,5.7798514,10.930394,EU EEA Common AQI,73.8,6.5582366,13.21546,3600,4.811594,100,100,51.4,8.937198,Very Low,75.5,6.355935,100,1739186100,Very Low,9.633085,6.8510075,Very Low,6.062216,42.9,5.362319,100,1739186100,5.362319
2025-03-18T06:02:08Z,20,30.06,70.0,33,50.1,15,15,94,63,0.0,255,32767,0.16,2056-9-18,0.04,0.52,23.84,0.0,0.0,0.0,0,0.896484375,6,44,07:14,19:19,2025-03-18 06:02:08.333261,Marina di Stabia,31.1,6.639279,14.05905,5.7798514,10.930394,EU EEA Common AQI,73.8,6.5582366,13.21546,3600,4.811594,100,100,51.4,8.937198,Very Low,75.5,6.355935,100,1739186100,Very Low,9.633085,6.8510075,Very Low,6.062216,42.9,5.362319,100,1739186100,5.362319
2025-03-18T06:02:19Z,20,30.06,70.0,33,50.1,18,15,93,63,0.0,255,32767,0.16,2056-9-18,0.04,0.52,23.84,0.0,0.0,0.0,0,0.896484375,6,44,07:14,19:19,2025-03-18 06:02:19.419226,Marina di Stabia,31.1,6.639279,14.05905,5.7798514,10.930394,EU EEA Common AQI,73.8,6.5582366,13.21546,3600,4.811594,100,100,51.4,8.937198,Very Low,75.5,6.355935,100,1739186100,Very Low,9.633085,6.8510075,Very Low,6.062216,42.9,5.362319,100,1739186100,5.362319
2025-03-18T06:02:30Z,20,30.06,70.0,33,50.1,23,15,87,63,0.0,255,32767,0.16,2056-9-18,0.04,0.52,23.84,0.0,0.0,0.0,0,0.896484375,6,44,07:14,19:19,2025-03-18 06:02:30.536264,Marina di Stabia,31.1,6.639279,14.05905,5.7798514,10.930394,EU EEA Common AQI,73.8,6.5582366,13.21546,3600,4.811594,100,100,51.4,8.937198,Very Low,75.5,6.355935,100,1739186100,Very Low,9.633085,6.8510075,Very Low,6.062216,42.9,5.362319,100,1739186100,5.362319
2025-03-18T06:02:41Z,20,30.06,70.0,33,50.1,19,15,89,63,0.0,255,32767,0.16,2056-9-18,0.04,0.52,23.84,0.0,0.0,0.0,0,0.896484375,6,44,07:14,19:19,2025-03-18 06:02:41.626258,Marina di Stabia,31.1,6.639279,14.05905,5.7798514,10.930394,EU EEA Common AQI,73.8,6.5582366,13.21546,3600,4.811594,100,100,51.4,8.937198,Very Low,75.5,6.355935,100,1739186100,Very Low,9.633085,6.8510075,Very Low,6.062216,42.9,5.362319,100,1739186100,5.362319
2025-03-18T06:02:52Z,20,30.06,70.0,33,50.1,16,15,79,63,0.0,255,32767,0.16,2056-9-18,0.04,0.52,23.84,0.0,0.0,0.0,0,0.896484375,6,44,07:14,19:19,2025-03-18 06:02:52.716254,Marina di Stabia,31.1,6.639279,14.05905,5.7798514,10.930394,EU EEA Common AQI,73.8,6.5582366,13.21546,3600,4.811594,100,100,51.4,8.937198,Very Low,75.5,6.355935,100,1739186100,Very Low,9.633085,6.8510075,Very Low,6.062216,42.9,5.362319,100,1739186100,5.362319
2025-03-18T06:03:03Z,20,30.059,70.0,33,50.1,15,15,90,62,0.0,255,32767,0.16,2056-9-18,0.04,0.52,23.84,0.0,0.0,0.0,0,0.896484375,6,44,07:14,19:19,2025-03-18 06:03:03.792260,Marina di Stabia,31.1,6.639279,14.05905,5.7798514,10.930394,EU EEA Common AQI,73.8,6.5582366,13.21546,3600,4.811594,100,100,51.4,8.937198,Very Low,75.5,6.355935,100,1739186100,Very Low,9.633085,6.8510075,Very Low,6.062216,42.9,5.362319,100,1739186100,5.362319
2025-03-18T06:03:15Z,20,30.059,70.0,33,50.1,11,15,52,62,0.0,255,32767,0.16,2056-9-18,0.04,0.52,23.84,0.0,0.0,0.0,0,0.896484375,6,44,07:14,19:19,2025-03-18 06:03:14.891280,Marina di Stabia,31.1,6.639279,14.05905,5.7798514,10.930394,EU EEA Common AQI,73.8,6.5582366,13.21546,3600,4.811594,100,100,51.4,8.937198,Very Low,75.5,6.355935,100,1739186100,Very Low,9.633085,6.8510075,Very Low,6.062216,42.9,5.362319,100,1739186100,5.362319
2025-03-18T06:03:26Z,20,30.059,70.0,33,50.2,13,15,70,62,0.0,255,32767,0.16,2056-9-18,0.04,0.52,23.84,0.0,0.0,0.0,0,0.896484375,6,44,07:14,19:19,2025-03-18 06:03:26.006261,Marina di Stabia,31.1,6.639279,14.05905,5.7798514,10.930394,EU EEA Common AQI,73.8,6.5582366,13.21546,3600,4.811594,100,100,51.4,8.937198,Very Low,75.5,6.355935,100,1739186100,Very Low,9.633085,6.8510075,Very Low,6.062216,42.9,5.362319,100,1739186100,5.362319
2025-03-18T06:03:37Z,20,30.059,70.0,33,50.1,13,15,78,62,0.0,255,32767,0.16,2056-9-18,0.04,0.52,23.84,0.0,0.0,0.0,0,0.896484375,6,44,07:14,19:19,2025-03-18 06:03:37.093256,Marina di Stabia,31.1,6.639279,14.05905,5.7798514,10.930394,EU EEA Common AQI,73.8,6.5582366,13.21546,3600,4.811594,100,100,51.4,8.937198,Very Low,75.5,6.355935,100,1739186100,Very Low,9.633085,6.8510075,Very Low,6.062216,42.9,5.362319,100,1739186100,5.362319
2025-03-18T06:03:48Z,20,30.059,70.0,33,50.1,11,15,97,62,0.0,255,32767,0.16,2056-9-18,0.04,0.52,23.84,0.0,0.0,0.0,0,0.896484375,6,44,07:14,19:19,2025-03-18 06:03:48.192260,Marina di Stabia,31.1,6.639279,14.05905,5.7798514,10.930394,EU EEA Common AQI,73.8,6.5582366,13.21546,3600,4.811594,100,100,51.4,8.937198,Very Low,75.5,6.355935,100,1739186100,Very Low,9.633085,6.8510075,Very Low,6.062216,42.9,5.362319,100,1739186100,5.362319
2025-03-18T06:03:59Z,20,30.059,70.1,33,50.1,12,15,86,62,0.0,255,32767,0.16,2056-9-18,0.04,0.52,23.84,0.0,0.0,0.0,0,0.8671875,6,44,07:14,19:19,2025-03-18 06:03:59.282263,Marina di Stabia,31.1,6.639279,14.05905,5.7798514,10.930394,EU EEA Common AQI,73.8,6.5582366,13.21546,3600,4.811594,100,100,51.4,8.937198,Very Low,75.5,6.355935,100,1739186100,Very Low,9.633085,6.8510075,Very Low,6.062216,42.9,5.362319,100,1739186100,5.362319
2025-03-18T06:04:10Z,20,30.059,70.1,33,50.2,12,15,80,62,0.0,255,32767,0.16,2056-9-18,0.04,0.52,23.84,0.0,0.0,0.0,0,0.8671875,6,44,07:14,19:19,2025-03-18 06:04:10.372264,Marina di Stabia,31.1,6.639279,14.05905,5.7798514,10.930394,EU EEA Common AQI,73.8,6.5582366,13.21546,3600,4.811594,100,100,51.4,8.937198,Very Low,75.5,6.355935,100,1739186100,Very Low,9.633085,6.8510075,Very Low,6.062216,42.9,5.362319,100,1739186100,5.362319
2025-03-18T06:04:21Z,20,30.059,70.1,33,50.2,15,15,79,62,0.0,255,32767,0.16,2056-9-18,0.04,0.52,23.84,0.0,0.0,0.0,0,0.8671875,6,44,07:14,19:19,2025-03-18 06:04:21.471263,Marina di Stabia,31.1,6.639279,14.05905,5.7798514,10.930394,EU EEA Common AQI,73.8,6.5582366,13.21546,3600,4.811594,100,100,51.4,8.937198,Very Low,75.5,6.355935,100,1739186100,Very Low,9.633085,6.8510075,Very Low,6.062216,42.9,5.362319,100,1739186100,5.362319
2025-03-18T06:04:32Z,20,30.059,70.1,33,50.2,16,15,76,62,0.0,255,32767,0.16,2056-9-18,0.04,0.52,23.84,0.0,0.0,0.0,0,0.8671875,6,44,07:14,19:19,2025-03-18 06:04:32.582256,Marina di Stabia,31.1,6.639279,14.05905,5.7798514,10.930394,EU EEA Common AQI,73.8,6.5582366,13.21546,3600,4.811594,100,100,51.4,8.937198,Very Low,75.5,6.355935,100,1739186100,Very Low,9.633085,6.8510075,Very Low,6.062216,42.9,5.362319,100,1739186100,5.362319
2025-03-18T06:04:43Z,20,30.059,70.1,33,50.2,16,15,88,62,0.0,255,32767,0.16,2056-9-18,0.04,0.52,23.84,0.0,0.0,0.0,0,0.8671875,6,44,07:14,19:19,2025-03-18 06:04:43.703249,Marina di Stabia,31.1,6.639279,14.05905,5.7798514,10.930394,EU EEA Common AQI,73.8,6.5582366,13.21546,3600,4.811594,100,100,51.4,8.937198,Very Low,75.5,6.355935,100,1739186100,Very Low,9.633085,6.8510075,Very Low,6.062216,42.9,5.362319,100,1739186100,5.362319
2025-03-18T06:04:55Z,20,30.059,70.1,33,50.2,16,15,65,62,0.0,255,32767,0.16,2056-9-18,0.04,0.52,23.84,0.0,0.0,0.0,0,0.8671875,6,44,07:14,19:19,2025-03-18 06:04:54.807263,Marina di Stabia,31.1,6.639279,14.05905,5.7798514,10.930394,EU EEA Common AQI,73.8,6.5582366,13.21546,3600,4.811594,100,100,51.4,8.937198,Very Low,75.5,6.355935,100,1739186100,Very Low,9.633085,6.8510075,Very Low,6.062216,42.9,5.362319,100,1739186100,5.362319
2025-03-18T06:05:06Z,20,30.06,70.1,33,50.2,13,15,80,62,0.0,255,32767,0.16,2056-9-18,0.04,0.52,23.84,0.0,0.0,0.0,0,1.095703125,6,44,07:14,19:19,2025-03-18 06:05:05.886260,Marina di Stabia,31.1,6.639279,14.05905,5.7798514,10.930394,EU EEA Common AQI,73.8,6.5582366,13.21546,3600,4.811594,100,100,51.4,8.937198,Very Low,75.5,6.355935,100,1739186100,Very Low,9.633085,6.8510075,Very Low,6.062216,42.9,5.362319,100,1739186100,5.362319
2025-03-18T06:05:17Z,20,30.06,70.1,33,50.2,13,15,78,62,0.0,255,32767,0.16,2056-9-18,0.04,0.52,23.84,0.0,0.0,0.0,0,1.095703125,6,44,07:14,19:19,2025-03-18 06:05:16.960258,Marina di Stabia,31.1,6.639279,14.05905,5.7798514,10.930394,EU EEA Common AQI,73.8,6.5582366,13.21546,3600,4.811594,100,100,51.4,8.937198,Very Low,75.5,6.355935,100,1739186100,Very Low,9.633085,6.8510075,Very Low,6.062216,42.9,5.362319,100,1739186100,5.362319
2025-03-18T06:05:28Z,20,30.06,70.1,33,50.2,14,15,69,62,0.0,255,32767,0.16,2056-9-18,0.04,0.52,23.84,0.0,0.0,0.0,0,1.095703125,6,44,07:14,19:19,2025-03-18 06:05:28.024261,Marina di Stabia,31.1,6.639279,14.05905,5.7798514,10.930394,EU EEA Common AQI,73.8,6.5582366,13.21546,3600,4.811594,100,100,51.4,8.937198,Very Low,75.5,6.355935,100,1739186100,Very Low,9.633085,6.8510075,Very Low,6.062216,42.9,5.362319,100,1739186100,5.362319
2025-03-18T06:05:39Z,20,30.06,70.1,33,50.2,13,15,83,62,0.0,255,32767,0.16,2056-9-18,0.04,0.52,23.84,0.0,0.0,0.0,0,1.095703125,6,44,07:14,19:19,2025-03-18 06:05:39.152260,Marina di Stabia,31.1,6.639279,14.05905,5.7798514,10.930394,EU EEA Common AQI,73.8,6.5582366,13.21546,3600,4.811594,100,100,51.4,8.937198,Very Low,75.5,6.355935,100,1739186100,Very Low,9.633085,6.8510075,Very Low,6.062216,42.9,5.362319,100,1739186100,5.362319
2025-03-18T06:05:50Z,20,30.06,70.1,33,50.2,12,15,80,62,0.0,255,32767,0.16,2056-9-18,0.04,0.52,23.84,0.0,0.0,0.0,0,1.095703125,6,44,07:14,19:19,2025-03-18 06:05:50.236262,Marina di Stabia,31.1,6.639279,14.05905,5.7798514,10.930394,EU EEA Common AQI,73.8,6.5582366,13.21546,3600,4.811594,100,100,51.4,8.937198,Very Low,75.5,6.355935,100,1739186100,Very Low,9.633085,6.8510075,Very Low,6.062216,42.9,5.362319,100,1739186100,5.362319
2025-03-18T06:06:01Z,20,30.06,70.1,33,50.3,12,15,74,62,0.0,255,32767,0.16,2056-9-18,0.04,0.52,23.84,0.0,0.0,0.0,0,0.8671875,6,44,07:14,19:19,2025-03-18 06:06:01.318278,Marina di Stabia,31.1,6.639279,14.05905,5.7798514,10.930394,EU EEA Common AQI,73.8,6.5582366,13.21546,3600,4.811594,100,100,51.4,8.937198,Very Low,75.5,6.355935,100,1739186100,Very Low,9.633085,6.8510075,Very Low,6.062216,42.9,5.362319,100,1739186100,5.362319
2025-03-18T06:06:12Z,20,30.06,70.1,33,50.2,13,15,82,62,0.0,255,32767,0.16,2056-9-18,0.04,0.52,23.84,0.0,0.0,0.0,0,0.8671875,6,44,07:14,19:19,2025-03-18 06:06:12.397270,Marina di Stabia,31.1,6.639279,14.05905,5.7798514,10.930394,EU EEA Common AQI,73.8,6.5582366,13.21546,3600,4.811594,100,100,51.4,8.937198,Very Low,75.5,6.355935,100,1739186100,Very Low,9.633085,6.8510075,Very Low,6.062216,42.9,5.362319,100,1739186100,5.362319
2025-03-18T06:06:23Z,20,30.06,70.1,33,50.3,11,15,92,62,0.0,255,32767,0.16,2056-9-18,0.04,0.52,23.84,0.0,0.0,0.0,0,0.8671875,6,44,07:14,19:19,2025-03-18 06:06:23.499276,Marina di Stabia,31.1,6.639279,14.05905,5.7798514,10.930394,EU EEA Common AQI,73.8,6.5582366,13.21546,3600,4.811594,100,100,51.4,8.937198,Very Low,75.5,6.355935,100,1739186100,Very Low,9.633085,6.8510075,Very Low,6.062216,42.9,5.362319,100,1739186100,5.362319
2025-03-18T06:06:34Z,20,30.06,70.1,33,50.3,10,15,92,62,0.0,255,32767,0.16,2056-9-18,0.04,0.52,23.84,0.0,0.0,0.0,0,0.8671875,6,44,07:14,19:19,2025-03-18 06:06:34.581254,Marina di Stabia,31.1,6.639279,14.05905,5.7798514,10.930394,EU EEA Common AQI,73.8,6.5582366,13.21546,3600,4.811594,100,100,51.4,8.937198,Very Low,75.5,6.355935,100,1739186100,Very Low,9.633085,6.8510075,Very Low,6.062216,42.9,5.362319,100,1739186100,5.362319
2025-03-18T06:06:45Z,20,30.06,70.1,33,50.3,10,15,93,62,0.0,255,32767,0.16,2056-9-18,0.04,0.52,23.84,0.0,0.0,0.0,0,0.8671875,6,44,07:14,19:19,2025-03-18 06:06:45.659265,Marina di Stabia,31.1,6.639279,14.05905,5.7798514,10.930394,EU EEA Common AQI,73.8,6.5582366,13.21546,3600,4.811594,100,100,51.4,8.937198,Very Low,75.5,6.355935,100,1739186100,Very Low,9.633085,6.8510075,Very Low,6.062216,42.9,5.362319,100,1739186100,5.362319
2025-03-18T06:06:56Z,20,30.06,70.1,33,50.2,10,15,90,62,0.0,255,32767,0.16,2056-9-18,0.04,0.52,23.84,0.0,0.0,0.0,0,0.8671875,6,44,07:14,19:19,2025-03-18 06:06:56.741262,Marina di Stabia,31.1,6.639279,14.05905,5.7798514,10.930394,EU EEA Common AQI,73.8,6.5582366,13.21546,3600,4.811594,100,100,51.4,8.937198,Very Low,75.5,6.355935,100,1739186100,Very Low,9.633085,6.8510075,Very Low,6.062216,42.9,5.362319,100,1739186100,5.362319
2025-03-18T06:07:08Z,20,30.061,70.1,33,50.2,12,14,82,62,0.0,255,32767,0.16,2056-9-18,0.04,0.52,23.84,0.0,0.0,0.0,0,2.4609375,6,44,07:14,19:19,2025-03-18 06:07:07.826270,Marina di Stabia,31.1,6.639279,14.05905,5.7798514,10.930394,EU EEA Common AQI,73.8,6.5582366,13.21546,3600,4.811594,100,100,51.4,8.937198,Very Low,75.5,6.355935,100,1739186100,Very Low,9.633085,6.8510075,Very Low,6.062216,42.9,5.362319,100,1739186100,5.362319
2025-03-18T06:07:19Z,20,30.061,70.1,33,50.3,11,14,88,62,0.0,255,32767,0.16,2056-9-18,0.04,0.52,23.84,0.0,0.0,0.0,0,2.4609375,6,44,07:14,19:19,2025-03-18 06:07:18.937272,Marina di Stabia,31.1,6.639279,14.05905,5.7798514,10.930394,EU EEA Common AQI,73.8,6.5582366,13.21546,3600,4.811594,100,100,51.4,8.937198,Very Low,75.5,6.355935,100,1739186100,Very Low,9.633085,6.8510075,Very Low,6.062216,42.9,5.362319,100,1739186100,5.362319
2025-03-18T06:07:30Z,20,30.061,70.1,33,50.2,10,14,82,62,0.0,255,32767,0.16,2056-9-18,0.04,0.52,23.84,0.0,0.0,0.0,0,2.4609375,6,44,07:14,19:19,2025-03-18 06:07:30.019269,Marina di Stabia,31.1,6.639279,14.05905,5.7798514,10.930394,EU EEA Common AQI,73.8,6.5582366,13.21546,3600,4.811594,100,100,51.4,8.937198,Very Low,75.5,6.355935,100,1739186100,Very Low,9.633085,6.8510075,Very Low,6.062216,42.9,5.362319,100,1739186100,5.362319
2025-03-18T06:07:41Z,20,30.061,70.1,33,50.2,10,14,84,62,0.0,255,32767,0.16,2056-9-18,0.04,0.52,23.84,0.0,0.0,0.0,0,2.4609375,6,44,07:14,19:19,2025-03-18 06:07:41.128225,Marina di Stabia,31.1,6.639279,14.05905,5.7798514,10.930394,EU EEA Common AQI,73.8,6.5582366,13.21546,3600,4.811594,100,100,51.4,8.937198,Very Low,75.5,6.355935,100,1739186100,Very Low,9.633085,6.8510075,Very Low,6.062216,42.9,5.362319,100,1739186100,5.362319
2025-03-18T06:07:52Z,20,30.061,70.1,33,50.2,14,14,79,62,0.0,255,32767,0.16,2056-9-18,0.04,0.52,23.84,0.0,0.0,0.0,0,2.4609375,6,44,07:14,19:19,2025-03-18 06:07:52.212259,Marina di Stabia,31.1,6.639279,14.05905,5.7798514,10.930394,EU EEA Common AQI,73.8,6.5582366,13.21546,3600,4.811594,100,100,51.4,8.937198,Very Low,75.5,6.355935,100,1739186100,Very Low,9.633085,6.8510075,Very Low,6.062216,42.9,5.362319,100,1739186100,5.362319
2025-03-18T06:08:03Z,20,30.061,70.1,33,50.2,11,14,64,63,0.0,255,32767,0.16,2056-9-18,0.04,0.52,23.84,0.0,0.0,0.0,0,0.873046875,6,44,07:14,19:19,2025-03-18 06:08:03.296262,Marina di Stabia,31.1,6.639279,14.05905,5.7798514,10.930394,EU EEA Common AQI,73.8,6.5582366,13.21546,3600,4.811594,100,100,51.4,8.937198,Very Low,75.5,6.355935,100,1739186100,Very Low,9.633085,6.8510075,Very Low,6.062216,42.9,5.362319,100,1739186100,5.362319
2025-03-18T06:08:14Z,20,30.061,70.1,33,50.2,14,14,117,63,0.0,255,32767,0.16,2056-9-18,0.04,0.52,23.84,0.0,0.0,0.0,0,0.873046875,6,44,07:14,19:19,2025-03-18 06:08:14.424265,Marina di Stabia,31.1,6.639279,14.05905,5.7798514,10.930394,EU EEA Common AQI,73.8,6.5582366,13.21546,3600,4.811594,100,100,51.4,8.937198,Very Low,75.5,6.355935,100,1739186100,Very Low,9.633085,6.8510075,Very Low,6.062216,42.9,5.362319,100,1739186100,5.362319
2025-03-18T06:08:25Z,20,30.061,70.1,33,50.2,14,14,86,63,0.0,255,32767,0.16,2056-9-18,0.04,0.52,23.84,0.0,0.0,0.0,0,0.873046875,6,44,07:14,19:19,2025-03-18 06:08:25.545268,Marina di Stabia,31.1,6.639279,14.05905,5.7798514,10.930394,EU EEA Common AQI,73.8,6.5582366,13.21546,3600,4.811594,100,100,51.4,8.937198,Very Low,75.5,6.355935,100,1739186100,Very Low,9.633085,6.8510075,Very Low,6.062216,42.9,5.362319,100,1739186100,5.362319
2025-03-18T06:08:36Z,20,30.061,70.1,33,50.2,17,14,82,63,0.0,255,32767,0.16,2056-9-18,0.04,0.52,23.84,0.0,0.0,0.0,0,0.873046875,6,44,07:14,19:19,2025-03-18 06:08:36.632250,Marina di Stabia,31.1,6.639279,14.05905,5.7798514,10.930394,EU EEA Common AQI,73.8,6.5582366,13.21546,3600,4.811594,100,100,51.4,8.937198,Very Low,75.5,6.355935,100,1739186100,Very Low,9.633085,6.8510075,Very Low,6.062216,42.9,5.362319,100,1739186100,5.362319
2025-03-18T06:08:47Z,20,30.061,70.1,33,50.2,18,14,82,63,0.0,255,32767,0.16,2056-9-18,0.04,0.52,23.84,0.0,0.0,0.0,0,0.873046875,6,44,07:14,19:19,2025-03-18 06:08:47.715265,Marina di Stabia,31.1,6.639279,14.05905,5.7798514,10.930394,EU EEA Common AQI,73.8,6.5582366,13.21546,3600,4.811594,100,100,51.4,8.937198,Very Low,75.5,6.355935,100,1739186100,Very Low,9.633085,6.8510075,Very Low,6.062216,42.9,5.362319,100,1739186100,5.362319
2025-03-18T06:08:59Z,20,30.058,70.1,33,50.2,17,14,85,63,0.0,255,32767,0.16,2056-9-18,0.04,0.52,23.84,0.0,0.0,0.0,0,0.8671875,6,44,07:14,19:19,2025-03-18 06:08:58.802265,Marina di Stabia,31.1,6.639279,14.05905,5.7798514,10.930394,EU EEA Common AQI,73.8,6.5582366,13.21546,3600,4.811594,100,100,51.4,8.937198,Very Low,75.5,6.355935,100,1739186100,Very Low,9.633085,6.8510075,Very Low,6.062216,42.9,5.362319,100,1739186100,5.362319
2025-03-18T06:09:10Z,20,30.058,70.1,33,50.2,19,14,100,63,0.0,255,32767,0.16,2056-9-18,0.04,0.52,23.84,0.0,0.0,0.0,0,0.8671875,6,44,07:14,19:19,2025-03-18 06:09:09.886219,Marina di Stabia,31.1,6.639279,14.05905,5.7798514,10.930394,EU EEA Common AQI,73.8,6.5582366,13.21546,3600,4.811594,100,100,51.4,8.937198,Very Low,75.5,6.355935,100,1739186100,Very Low,9.633085,6.8510075,Very Low,6.062216,42.9,5.362319,100,1739186100,5.362319
2025-03-18T06:09:21Z,20,30.058,70.1,33,50.2,16,14,82,63,0.0,255,32767,0.16,2056-9-18,0.04,0.52,23.84,0.0,0.0,0.0,0,0.8671875,6,44,07:14,19:19,2025-03-18 06:09:20.995266,Marina di Stabia,31.1,6.639279,14.05905,5.7798514,10.930394,EU EEA Common AQI,73.8,6.5582366,13.21546,3600,4.811594,100,100,51.4,8.937198,Very Low,75.5,6.355935,100,1739186100,Very Low,9.633085,6.8510075,Very Low,6.062216,42.9,5.362319,100,1739186100,5.362319
2025-03-18T06:09:32Z,20,30.058,70.1,33,50.3,16,14,90,63,0.0,255,32767,0.16,2056-9-18,0.04,0.52,23.84,0.0,0.0,0.0,0,0.8671875,6,44,07:14,19:19,2025-03-18 06:09:32.105263,Marina di Stabia,31.1,6.639279,14.05905,5.7798514,10.930394,EU EEA Common AQI,73.8,6.5582366,13.21546,3600,4.811594,100,100,51.4,8.937198,Very Low,75.5,6.355935,100,1739186100,Very Low,9.633085,6.8510075,Very Low,6.062216,42.9,5.362319,100,1739186100,5.362319
2025-03-18T06:09:43Z,20,30.058,70.1,33,50.3,20,14,86,63,0.0,255,32767,0.16,2056-9-18,0.04,0.52,23.84,0.0,0.0,0.0,0,0.8671875,6,44,07:14,19:19,2025-03-18 06:09:43.194262,Marina di Stabia,31.1,6.639279,14.05905,5.7798514,10.930394,EU EEA Common AQI,73.8,6.5582366,13.21546,3600,4.811594,100,100,51.4,8.937198,Very Low,75.5,6.355935,100,1739186100,Very Low,9.633085,6.8510075,Very Low,6.062216,42.9,5.362319,100,1739186100,5.362319
2025-03-18T06:09:54Z,20,30.058,70.1,33,50.3,27,14,106,62,0.0,255,32767,0.16,2056-9-18,0.04,0.52,23.84,0.0,0.0,0.0,0,0.8671875,6,44,07:14,19:19,2025-03-18 06:09:54.265278,Marina di Stabia,31.1,6.639279,14.05905,5.7798514,10.930394,EU EEA Common AQI,73.8,6.5582366,13.21546,3600,4.811594,100,100,51.4,8.937198,Very Low,75.5,6.355935,100,1739186100,Very Low,9.633085,6.8510075,Very Low,6.062216,42.9,5.362319,100,1739186100,5.362319
2025-03-18T06:10:05Z,20,30.055,70.1,33,50.3,26,14,92,62,0.0,255,32767,0.16,2056-9-18,0.04,0.52,23.84,0.0,0.0,0.0,0,0.9609375,6,44,07:14,19:19,2025-03-18 06:10:05.365261,Marina di Stabia,31.1,6.639279,14.05905,5.7798514,10.930394,EU EEA Common AQI,73.8,6.5582366,13.21546,3600,4.811594,100,100,51.4,8.937198,Very Low,75.5,6.355935,100,1739186100,Very Low,9.633085,6.8510075,Very Low,6.062216,42.9,5.362319,100,1739186100,5.362319
2025-03-18T06:10:16Z,20,30.055,70.1,33,50.3,28,14,94,62,0.0,255,32767,0.16,2056-9-18,0.04,0.52,23.84,0.0,0.0,0.0,0,0.9609375,6,44,07:14,19:19,2025-03-18 06:10:16.439270,Marina di Stabia,31.1,6.639279,14.05905,5.7798514,10.930394,EU EEA Common AQI,73.8,6.5582366,13.21546,3600,4.811594,100,100,51.4,8.937198,Very Low,75.5,6.355935,100,1739186100,Very Low,9.633085,6.8510075,Very Low,6.062216,42.9,5.362319,100,1739186100,5.362319
2025-03-18T06:10:27Z,20,30.055,70.1,33,50.3,26,14,96,62,0.0,255,32767,0.16,2056-9-18,0.04,0.52,23.84,0.0,0.0,0.0,0,0.9609375,6,44,07:14,19:19,2025-03-18 06:10:27.510271,Marina di Stabia,31.1,6.639279,14.05905,5.7798514,10.930394,EU EEA Common AQI,73.8,6.5582366,13.21546,3600,4.811594,100,100,51.4,8.937198,Very Low,75.5,6.355935,100,1739186100,Very Low,9.633085,6.8510075,Very Low,6.062216,42.9,5.362319,100,1739186100,5.362319
2025-03-18T06:10:38Z,20,30.055,70.1,33,50.3,21,14,81,62,0.0,255,32767,0.16,2056-9-18,0.04,0.52,23.84,0.0,0.0,0.0,0,0.9609375,6,44,07:14,19:19,2025-03-18 06:10:38.623256,Marina di Stabia,31.1,6.639279,14.05905,5.7798514,10.930394,EU EEA Common AQI,73.8,6.5582366,13.21546,3600,4.811594,100,100,51.4,8.937198,Very Low,75.5,6.355935,100,1739186100,Very Low,9.633085,6.8510075,Very Low,6.062216,42.9,5.362319,100,1739186100,5.362319
2025-03-18T06:10:49Z,20,30.055,70.1,33,50.3,18,14,88,62,0.0,255,32767,0.16,2056-9-18,0.04,0.52,23.84,0.0,0.0,0.0,0,0.9609375,6,44,07:14,19:19,2025-03-18 06:10:49.692262,Marina di Stabia,31.1,6.639279,14.05905,5.7798514,10.930394,EU EEA Common AQI,73.8,6.5582366,13.21546,3600,4.811594,100,100,51.4,8.937198,Very Low,75.5,6.355935,100,1739186100,Very Low,9.633085,6.8510075,Very Low,6.062216,42.9,5.362319,100,1739186100,5.362319
2025-03-18T06:11:00Z,20,30.061,70.1,33,50.3,15,15,86,62,0.0,255,32767,0.16,2056-9-18,0.04,0.52,23.84,0.0,0.0,0.0,0,0.896484375,6,44,07:14,19:19,2025-03-18 06:11:00.769268,Marina di Stabia,31.1,6.639279,14.05905,5.7798514,10.930394,EU EEA Common AQI,73.8,6.5582366,13.21546,3600,4.811594,100,100,51.4,8.937198,Very Low,75.5,6.355935,100,1739186100,Very Low,9.633085,6.8510075,Very Low,6.062216,42.9,5.362319,100,1739186100,5.362319
2025-03-18T06:11:12Z,20,30.061,70.1,33,50.3,20,15,92,62,0.0,255,32767,0.16,2056-9-18,0.04,0.52,23.84,0.0,0.0,0.0,0,0.896484375,6,44,07:14,19:19,2025-03-18 06:11:11.964271,Marina di Stabia,31.1,6.639279,14.05905,5.7798514,10.930394,EU EEA Common AQI,73.8,6.5582366,13.21546,3600,4.811594,100,100,51.4,8.937198,Very Low,75.5,6.355935,100,1739186100,Very Low,9.633085,6.8510075,Very Low,6.062216,42.9,5.362319,100,1739186100,5.362319
2025-03-18T06:11:23Z,20,30.061,70.1,33,50.3,17,15,96,62,0.0,255,32767,0.16,2056-9-18,0.04,0.52,23.84,0.0,0.0,0.0,0,0.896484375,6,44,07:14,19:19,2025-03-18 06:11:23.051253,Marina di Stabia,31.1,6.639279,14.05905,5.7798514,10.930394,EU EEA Common AQI,73.8,6.5582366,13.21546,3600,4.811594,100,100,51.4,8.937198,Very Low,75.5,6.355935,100,1739186100,Very Low,9.633085,6.8510075,Very Low,6.062216,42.9,5.362319,100,1739186100,5.362319
2025-03-18T06:11:34Z,20,30.061,70.1,33,50.3,20,15,97,62,0.0,255,32767,0.16,2056-9-18,0.04,0.52,23.84,0.0,0.0,0.0,0,0.896484375,6,44,07:14,19:19,2025-03-18 06:11:34.126258,Marina di Stabia,31.1,6.639279,14.05905,5.7798514,10.930394,EU EEA Common AQI,73.8,6.5582366,13.21546,3600,4.811594,100,100,51.4,8.937198,Very Low,75.5,6.355935,100,1739186100,Very Low,9.633085,6.8510075,Very Low,6.062216,42.9,5.362319,100,1739186100,5.362319
2025-03-18T06:11:45Z,20,30.061,70.1,33,50.3,14,15,86,62,0.0,255,32767,0.16,2056-9-18,0.04,0.52,23.84,0.0,0.0,0.0,0,0.896484375,6,44,07:14,19:19,2025-03-18 06:11:45.242267,Marina di Stabia,31.1,6.639279,14.05905,5.7798514,10.930394,EU EEA Common AQI,73.8,6.5582366,13.21546,3600,4.811594,100,100,51.4,8.937198,Very Low,75.5,6.355935,100,1739186100,Very Low,9.633085,6.8510075,Very Low,6.062216,42.9,5.362319,100,1739186100,5.362319
2025-03-18T06:11:56Z,20,30.061,70.1,33,50.3,17,15,79,62,0.0,255,32767,0.16,2056-9-18,0.04,0.52,23.84,0.0,0.0,0.0,0,0.896484375,6,44,07:14,19:19,2025-03-18 06:11:56.324256,Marina di Stabia,31.1,6.639279,14.05905,5.7798514,10.930394,EU EEA Common AQI,73.8,6.5582366,13.21546,3600,4.811594,100,100,51.4,8.937198,Very Low,75.5,6.355935,100,1739186100,Very Low,9.633085,6.8510075,Very Low,6.062216,42.9,5.362319,100,1739186100,5.362319
2025-03-18T06:12:07Z,20,30.058,70.1,33,50.3,15,15,80,62,0.0,255,32767,0.16,2056-9-18,0.04,0.52,23.84,0.0,0.0,0.0,0,1.546875,6,44,07:14,19:19,2025-03-18 06:12:07.410261,Marina di Stabia,31.1,6.639279,14.05905,5.7798514,10.930394,EU EEA Common AQI,73.8,6.5582366,13.21546,3600,4.811594,100,100,51.4,8.937198,Very Low,75.5,6.355935,100,1739186100,Very Low,9.633085,6.8510075,Very Low,6.062216,42.9,5.362319,100,1739186100,5.362319
2025-03-18T06:12:18Z,20,30.058,70.1,33,50.3,15,15,100,62,0.0,255,32767,0.16,2056-9-18,0.04,0.52,23.84,0.0,0.0,0.0,0,1.546875,6,44,07:14,19:19,2025-03-18 06:12:18.494263,Marina di Stabia,31.1,6.639279,14.05905,5.7798514,10.930394,EU EEA Common AQI,73.8,6.5582366,13.21546,3600,4.811594,100,100,51.4,8.937198,Very Low,75.5,6.355935,100,1739186100,Very Low,9.633085,6.8510075,Very Low,6.062216,42.9,5.362319,100,1739186100,5.362319
2025-03-18T06:12:29Z,20,30.058,70.1,33,50.3,16,15,84,62,0.0,255,32767,0.16,2056-9-18,0.04,0.52,23.84,0.0,0.0,0.0,0,1.546875,6,44,07:14,19:19,2025-03-18 06:12:29.577271,Marina di Stabia,31.1,6.639279,14.05905,5.7798514,10.930394,EU EEA Common AQI,73.8,6.5582366,13.21546,3600,4.811594,100,100,51.4,8.937198,Very Low,75.5,6.355935,100,1739186100,Very Low,9.633085,6.8510075,Very Low,6.062216,42.9,5.362319,100,1739186100,5.362319
2025-03-18T06:12:40Z,20,30.058,70.1,33,50.3,15,15,79,62,0.0,255,32767,0.16,2056-9-18,0.04,0.52,23.84,0.0,0.0,0.0,0,1.546875,6,44,07:14,19:19,2025-03-18 06:12:40.688260,Marina di Stabia,31.1,6.639279,14.05905,5.7798514,10.930394,EU EEA Common AQI,73.8,6.5582366,13.21546,3600,4.811594,100,100,51.4,8.937198,Very Low,75.5,6.355935,100,1739186100,Very Low,9.633085,6.8510075,Very Low,6.062216,42.9,5.362319,100,1739186100,5.362319
2025-03-18T06:12:51Z,20,30.058,70.1,33,50.3,19,15,86,62,0.0,255,32767,0.16,2056-9-18,0.04,0.52,23.84,0.0,0.0,0.0,0,1.546875,6,44,07:14,19:19,2025-03-18 06:12:51.762272,Marina di Stabia,31.1,6.639279,14.05905,5.7798514,10.930394,EU EEA Common AQI,73.8,6.5582366,13.21546,3600,4.811594,100,100,51.4,8.937198,Very Low,75.5,6.355935,100,1739186100,Very Low,9.633085,6.8510075,Very Low,6.062216,42.9,5.362319,100,1739186100,5.362319
2025-03-18T06:13:03Z,20,30.061,70.1,33,50.3,16,15,88,62,0.0,255,32767,0.16,2056-9-18,0.04,0.52,23.84,0.0,0.0,0.0,0,0.8671875,6,44,07:14,19:19,2025-03-18 06:13:02.874278,Marina di Stabia,31.1,6.639279,14.05905,5.7798514,10.930394,EU EEA Common AQI,73.8,6.5582366,13.21546,3600,4.811594,100,100,51.4,8.937198,Very Low,75.5,6.355935,100,1739186100,Very Low,9.633085,6.8510075,Very Low,6.062216,42.9,5.362319,100,1739186100,5.362319
2025-03-18T06:13:14Z,20,30.061,70.1,33,50.3,13,15,85,62,0.0,255,32767,0.16,2056-9-18,0.04,0.52,23.84,0.0,0.0,0.0,0,0.8671875,6,44,07:14,19:19,2025-03-18 06:13:13.959259,Marina di Stabia,31.1,6.639279,14.05905,5.7798514,10.930394,EU EEA Common AQI,73.8,6.5582366,13.21546,3600,4.811594,100,100,51.4,8.937198,Very Low,75.5,6.355935,100,1739186100,Very Low,9.633085,6.8510075,Very Low,6.062216,42.9,5.362319,100,1739186100,5.362319
2025-03-18T06:13:25Z,20,30.061,70.1,33,50.3,14,15,113,62,0.0,255,32767,0.16,2056-9-18,0.04,0.52,23.84,0.0,0.0,0.0,0,0.8671875,6,44,07:14,19:19,2025-03-18 06:13:25.034257,Marina di Stabia,31.1,6.639279,14.05905,5.7798514,10.930394,EU EEA Common AQI,73.8,6.5582366,13.21546,3600,4.811594,100,100,51.4,8.937198,Very Low,75.5,6.355935,100,1739186100,Very Low,9.633085,6.8510075,Very Low,6.062216,42.9,5.362319,100,1739186100,5.362319
2025-03-18T06:13:36Z,20,30.061,70.1,33,50.3,15,15,101,62,0.0,255,32767,0.16,2056-9-18,0.04,0.52,23.84,0.0,0.0,0.0,0,0.8671875,6,44,07:14,19:19,2025-03-18 06:13:36.119259,Marina di Stabia,31.1,6.639279,14.05905,5.7798514,10.930394,EU EEA Common AQI,73.8,6.5582366,13.21546,3600,4.811594,100,100,51.4,8.937198,Very Low,75.5,6.355935,100,1739186100,Very Low,9.633085,6.8510075,Very Low,6.062216,42.9,5.362319,100,1739186100,5.362319
2025-03-18T06:13:47Z,20,30.061,70.1,33,50.3,10,15,84,62,0.0,255,32767,0.16,2056-9-18,0.04,0.52,23.84,0.0,0.0,0.0,0,0.8671875,6,44,07:14,19:19,2025-03-18 06:13:47.221263,Marina di Stabia,31.1,6.639279,14.05905,5.7798514,10.930394,EU EEA Common AQI,73.8,6.5582366,13.21546,3600,4.811594,100,100,51.4,8.937198,Very Low,75.5,6.355935,100,1739186100,Very Low,9.633085,6.8510075,Very Low,6.062216,42.9,5.362319,100,1739186100,5.362319
2025-03-18T06:13:58Z,20,30.062,70.1,33,50.4,11,15,102,62,0.0,255,32767,0.16,2056-9-18,0.04,0.52,23.84,0.0,0.0,0.0,0,0.8671875,6,44,07:14,19:19,2025-03-18 06:13:58.341254,Marina di Stabia,31.1,6.639279,14.05905,5.7798514,10.930394,EU EEA Common AQI,73.8,6.5582366,13.21546,3600,4.811594,100,100,51.4,8.937198,Very Low,75.5,6.355935,100,1739186100,Very Low,9.633085,6.8510075,Very Low,6.062216,42.9,5.362319,100,1739186100,5.362319
2025-03-18T06:14:09Z,20,30.062,70.1,33,50.3,14,15,98,63,0.0,255,32767,0.16,2056-9-18,0.04,0.52,23.84,0.0,0.0,0.0,0,0.8671875,6,44,07:14,19:19,2025-03-18 06:14:09.416265,Marina di Stabia,31.1,6.639279,14.05905,5.7798514,10.930394,EU EEA Common AQI,73.8,6.5582366,13.21546,3600,4.811594,100,100,51.4,8.937198,Very Low,75.5,6.355935,100,1739186100,Very Low,9.633085,6.8510075,Very Low,6.062216,42.9,5.362319,100,1739186100,5.362319
2025-03-18T06:14:20Z,20,30.062,70.1,33,50.3,13,15,75,63,0.0,255,32767,0.16,2056-9-18,0.04,0.52,23.84,0.0,0.0,0.0,0,0.8671875,6,44,07:14,19:19,2025-03-18 06:14:20.493266,Marina di Stabia,31.1,6.639279,14.05905,5.7798514,10.930394,EU EEA Common AQI,73.8,6.5582366,13.21546,3600,4.811594,100,100,51.4,8.937198,Very Low,75.5,6.355935,100,1739186100,Very Low,9.633085,6.8510075,Very Low,6.062216,42.9,5.362319,100,1739186100,5.362319
2025-03-18T06:14:31Z,20,30.062,70.1,33,50.3,14,15,65,63,0.0,255,32767,0.16,2056-9-18,0.04,0.52,23.84,0.0,0.0,0.0,0,0.8671875,6,44,07:14,19:19,2025-03-18 06:14:31.580260,Marina di Stabia,31.1,6.639279,14.05905,5.7798514,10.930394,EU EEA Common AQI,73.8,6.5582366,13.21546,3600,4.811594,100,100,51.4,8.937198,Very Low,75.5,6.355935,100,1739186100,Very Low,9.633085,6.8510075,Very Low,6.062216,42.9,5.362319,100,1739186100,5.362319
2025-03-18T06:14:42Z,20,30.062,70.1,33,50.3,15,15,91,63,0.0,255,32767,0.16,2056-9-18,0.04,0.52,23.84,0.0,0.0,0.0,0,0.8671875,6,44,07:14,19:19,2025-03-18 06:14:42.663220,Marina di Stabia,31.1,6.639279,14.05905,5.7798514,10.930394,EU EEA Common AQI,73.8,6.5582366,13.21546,3600,4.811594,100,100,51.4,8.937198,Very Low,75.5,6.355935,100,1739186100,Very Low,9.633085,6.8510075,Very Low,6.062216,42.9,5.362319,100,1739186100,5.362319
2025-03-18T06:14:53Z,20,30.062,70.1,33,50.3,12,15,78,62,0.0,255,32767,0.16,2056-9-18,0.04,0.52,23.84,0.0,0.0,0.0,0,0.8671875,6,44,07:14,19:19,2025-03-18 06:14:53.773260,Marina di Stabia,31.1,6.639279,14.05905,5.7798514,10.930394,EU EEA Common AQI,73.8,6.5582366,13.21546,3600,4.811594,100,100,51.4,8.937198,Very Low,75.5,6.355935,100,1739186100,Very Low,9.633085,6.8510075,Very Low,6.062216,42.9,5.362319,100,1739186100,5.362319
2025-03-18T06:15:05Z,20,30.064,70.1,33,50.3,10,15,87,62,0.0,255,32767,0.16,2056-9-18,0.04,0.52,23.84,0.0,0.0,0.0,0,0.896484375,6,44,07:14,19:19,2025-03-18 06:15:04.902255,Marina di Stabia,31.1,6.639279,14.05905,5.7798514,10.930394,EU EEA Common AQI,73.8,6.5582366,13.21546,3600,4.811594,100,100,51.4,8.937198,Very Low,75.5,6.355935,100,1739186100,Very Low,9.633085,6.8510075,Very Low,6.062216,42.9,5.362319,100,1739186100,5.362319
2025-03-18T06:15:16Z,20,30.064,70.1,33,50.3,13,15,97,62,0.0,255,32767,0.16,2056-9-18,0.04,0.52,23.84,0.0,0.0,0.0,0,0.896484375,6,44,07:14,19:19,2025-03-18 06:15:15.997223,Marina di Stabia,31.1,6.639279,14.05905,5.7798514,10.930394,EU EEA Common AQI,73.8,6.5582366,13.21546,3600,4.811594,100,100,51.4,8.937198,Very Low,75.5,6.355935,100,1739186100,Very Low,9.633085,6.8510075,Very Low,6.062216,42.9,5.362319,100,1739186100,5.362319
2025-03-18T06:15:27Z,20,30.064,70.1,33,50.3,19,15,86,62,0.0,255,32767,0.16,2056-9-18,0.04,0.52,23.84,0.0,0.0,0.0,0,0.896484375,6,44,07:14,19:19,2025-03-18 06:15:27.069270,Marina di Stabia,31.1,6.639279,14.05905,5.7798514,10.930394,EU EEA Common AQI,73.8,6.5582366,13.21546,3600,4.811594,100,100,51.4,8.937198,Very Low,75.5,6.355935,100,1739186100,Very Low,9.633085,6.8510075,Very Low,6.062216,42.9,5.362319,100,1739186100,5.362319
2025-03-18T06:15:38Z,20,30.064,70.1,33,50.3,17,15,96,62,0.0,255,32767,0.16,2056-9-18,0.04,0.52,23.84,0.0,0.0,0.0,0,0.896484375,6,44,07:14,19:19,2025-03-18 06:15:38.148257,Marina di Stabia,31.1,6.639279,14.05905,5.7798514,10.930394,EU EEA Common AQI,73.8,6.5582366,13.21546,3600,4.811594,100,100,51.4,8.937198,Very Low,75.5,6.355935,100,1739186100,Very Low,9.633085,6.8510075,Very Low,6.062216,42.9,5.362319,100,1739186100,5.362319
2025-03-18T06:15:49Z,20,30.064,70.1,33,50.3,18,15,100,62,0.0,255,32767,0.16,2056-9-18,0.04,0.52,23.84,0.0,0.0,0.0,0,0.896484375,6,44,07:14,19:19,2025-03-18 06:15:49.227258,Marina di Stabia,31.1,6.639279,14.05905,5.7798514,10.930394,EU EEA Common AQI,73.8,6.5582366,13.21546,3600,4.811594,100,100,51.4,8.937198,Very Low,75.5,6.355935,100,1739186100,Very Low,9.633085,6.8510075,Very Low,6.062216,42.9,5.362319,100,1739186100,5.362319
2025-03-18T06:16:00Z,20,30.061,70.2,33,50.4,16,15,92,62,0.0,255,32767,0.16,2056-9-18,0.04,0.52,23.84,0.0,0.0,0.0,0,0.955078125,6,44,07:14,19:19,2025-03-18 06:16:00.331256,Marina di Stabia,31.1,6.639279,14.05905,5.7798514,10.930394,EU EEA Common AQI,73.8,6.5582366,13.21546,3600,4.811594,100,100,51.4,8.937198,Very Low,75.5,6.355935,100,1739186100,Very Low,9.633085,6.8510075,Very Low,6.062216,42.9,5.362319,100,1739186100,5.362319
2025-03-18T06:16:11Z,20,30.061,70.2,33,50.3,15,15,77,62,0.0,255,32767,0.16,2056-9-18,0.04,0.52,23.84,0.0,0.0,0.0,0,0.955078125,6,44,07:14,19:19,2025-03-18 06:16:11.580266,Marina di Stabia,31.1,6.639279,14.05905,5.7798514,10.930394,EU EEA Common AQI,73.8,6.5582366,13.21546,3600,4.811594,100,100,51.4,8.937198,Very Low,75.5,6.355935,100,1739186100,Very Low,9.633085,6.8510075,Very Low,6.062216,42.9,5.362319,100,1739186100,5.362319
2025-03-18T06:16:22Z,20,30.061,70.2,33,50.3,12,15,129,62,0.0,255,32767,0.16,2056-9-18,0.04,0.52,23.84,0.0,0.0,0.0,0,0.955078125,6,44,07:14,19:19,2025-03-18 06:16:22.658262,Marina di Stabia,31.1,6.639279,14.05905,5.7798514,10.930394,EU EEA Common AQI,73.8,6.5582366,13.21546,3600,4.811594,100,100,51.4,8.937198,Very Low,75.5,6.355935,100,1739186100,Very Low,9.633085,6.8510075,Very Low,6.062216,42.9,5.362319,100,1739186100,5.362319
2025-03-18T06:16:34Z,20,30.061,70.2,33,50.4,14,15,77,62,0.0,255,32767,0.16,2056-9-18,0.04,0.52,23.84,0.0,0.0,0.0,0,0.955078125,6,44,07:14,19:19,2025-03-18 06:16:34.050258,Marina di Stabia,31.1,6.639279,14.05905,5.7798514,10.930394,EU EEA Common AQI,73.8,6.5582366,13.21546,3600,4.811594,100,100,51.4,8.937198,Very Low,75.5,6.355935,100,1739186100,Very Low,9.633085,6.8510075,Very Low,6.062216,42.9,5.362319,100,1739186100,5.362319
2025-03-18T06:16:45Z,20,30.061,70.2,33,50.4,17,15,69,62,0.0,255,32767,0.16,2056-9-18,0.04,0.52,23.84,0.0,0.0,0.0,0,0.955078125,6,44,07:14,19:19,2025-03-18 06:16:45.132259,Marina di Stabia,31.1,6.639279,14.05905,5.7798514,10.930394,EU EEA Common AQI,73.8,6.5582366,13.21546,3600,4.811594,100,100,51.4,8.937198,Very Low,75.5,6.355935,100,1739186100,Very Low,9.633085,6.8510075,Very Low,6.062216,42.9,5.362319,100,1739186100,5.362319
2025-03-18T06:16:56Z,20,30.061,70.2,33,50.4,19,15,80,62,0.0,255,32767,0.16,2056-9-18,0.04,0.52,23.84,0.0,0.0,0.0,0,0.955078125,6,44,07:14,19:19,2025-03-18 06:16:56.216261,Marina di Stabia,31.1,6.639279,14.05905,5.7798514,10.930394,EU EEA Common AQI,73.8,6.5582366,13.21546,3600,4.811594,100,100,51.4,8.937198,Very Low,75.5,6.355935,100,1739186100,Very Low,9.633085,6.8510075,Very Low,6.062216,42.9,5.362319,100,1739186100,5.362319
2025-03-18T06:17:07Z,20,30.065,70.2,33,50.4,16,16,93,62,0.0,255,32767,0.16,2056-9-18,0.04,0.52,23.84,0.0,0.0,0.0,0,1.11328125,6,44,07:14,19:19,2025-03-18 06:17:07.293265,Marina di Stabia,31.1,6.639279,14.05905,5.7798514,10.930394,EU EEA Common AQI,73.8,6.5582366,13.21546,3600,4.811594,100,100,51.4,8.937198,Very Low,75.5,6.355935,100,1739186100,Very Low,9.633085,6.8510075,Very Low,6.062216,42.9,5.362319,100,1739186100,5.362319
2025-03-18T06:17:18Z,20,30.065,70.2,33,50.4,21,16,76,62,0.0,255,32767,0.16,2056-9-18,0.04,0.52,23.84,0.0,0.0,0.0,0,1.11328125,6,44,07:14,19:19,2025-03-18 06:17:18.401254,Marina di Stabia,31.1,6.639279,14.05905,5.7798514,10.930394,EU EEA Common AQI,73.8,6.5582366,13.21546,3600,4.811594,100,100,51.4,8.937198,Very Low,75.5,6.355935,100,1739186100,Very Low,9.633085,6.8510075,Very Low,6.062216,42.9,5.362319,100,1739186100,5.362319
2025-03-18T06:17:29Z,20,30.065,70.2,33,50.4,19,16,79,62,0.0,255,32767,0.16,2056-9-18,0.04,0.52,23.84,0.0,0.0,0.0,0,1.11328125,6,44,07:14,19:19,2025-03-18 06:17:29.514255,Marina di Stabia,31.1,6.639279,14.05905,5.7798514,10.930394,EU EEA Common AQI,73.8,6.5582366,13.21546,3600,4.811594,100,100,51.4,8.937198,Very Low,75.5,6.355935,100,1739186100,Very Low,9.633085,6.8510075,Very Low,6.062216,42.9,5.362319,100,1739186100,5.362319
2025-03-18T06:17:40Z,20,30.065,70.2,33,50.4,24,16,100,62,0.0,255,32767,0.16,2056-9-18,0.04,0.52,23.84,0.0,0.0,0.0,0,1.11328125,6,44,07:14,19:19,2025-03-18 06:17:40.616268,Marina di Stabia,31.1,6.639279,14.05905,5.7798514,10.930394,EU EEA Common AQI,73.8,6.5582366,13.21546,3600,4.811594,100,100,51.4,8.937198,Very Low,75.5,6.355935,100,1739186100,Very Low,9.633085,6.8510075,Very Low,6.062216,42.9,5.362319,100,1739186100,5.362319
2025-03-18T06:17:51Z,20,30.065,70.2,33,50.4,20,16,90,62,0.0,255,32767,0.16,2056-9-18,0.04,0.52,23.84,0.0,0.0,0.0,0,1.11328125,6,44,07:14,19:19,2025-03-18 06:17:51.703266,Marina di Stabia,31.1,6.639279,14.05905,5.7798514,10.930394,EU EEA Common AQI,73.8,6.5582366,13.21546,3600,4.811594,100,100,51.4,8.937198,Very Low,75.5,6.355935,100,1739186100,Very Low,9.633085,6.8510075,Very Low,6.062216,42.9,5.362319,100,1739186100,5.362319
2025-03-18T06:18:02Z,20,30.064,70.2,33,50.4,17,16,84,62,0.0,255,32767,0.16,2056-9-18,0.04,0.52,23.84,0.0,0.0,0.0,0,0.8671875,6,44,07:14,19:19,2025-03-18 06:18:02.791273,Marina di Stabia,31.1,6.639279,14.05905,5.7798514,10.930394,EU EEA Common AQI,73.8,6.5582366,13.21546,3600,4.811594,100,100,51.4,8.937198,Very Low,75.5,6.355935,100,1739186100,Very Low,9.633085,6.8510075,Very Low,6.062216,42.9,5.362319,100,1739186100,5.362319
2025-03-18T06:18:14Z,20,30.064,70.2,33,50.4,16,16,90,62,0.0,255,32767,0.16,2056-9-18,0.04,0.52,23.84,0.0,0.0,0.0,0,0.8671875,6,44,07:14,19:19,2025-03-18 06:18:13.881264,Marina di Stabia,31.1,6.639279,14.05905,5.7798514,10.930394,EU EEA Common AQI,73.8,6.5582366,13.21546,3600,4.811594,100,100,51.4,8.937198,Very Low,75.5,6.355935,100,1739186100,Very Low,9.633085,6.8510075,Very Low,6.062216,42.9,5.362319,100,1739186100,5.362319
2025-03-18T06:18:25Z,20,30.064,70.2,33,50.4,13,16,84,62,0.0,255,32767,0.16,2056-9-18,0.04,0.52,23.84,0.0,0.0,0.0,0,0.8671875,6,44,07:14,19:19,2025-03-18 06:18:24.984255,Marina di Stabia,31.1,6.639279,14.05905,5.7798514,10.930394,EU EEA Common AQI,73.8,6.5582366,13.21546,3600,4.811594,100,100,51.4,8.937198,Very Low,75.5,6.355935,100,1739186100,Very Low,9.633085,6.8510075,Very Low,6.062216,42.9,5.362319,100,1739186100,5.362319
2025-03-18T06:18:36Z,20,30.064,70.2,33,50.5,16,16,90,62,0.0,255,32767,0.16,2056-9-18,0.04,0.52,23.84,0.0,0.0,0.0,0,0.8671875,6,44,07:14,19:19,2025-03-18 06:18:36.122260,Marina di Stabia,31.1,6.639279,14.05905,5.7798514,10.930394,EU EEA Common AQI,73.8,6.5582366,13.21546,3600,4.811594,100,100,51.4,8.937198,Very Low,75.5,6.355935,100,1739186100,Very Low,9.633085,6.8510075,Very Low,6.062216,42.9,5.362319,100,1739186100,5.362319
2025-03-18T06:18:47Z,20,30.064,70.2,33,50.4,21,16,87,62,0.0,255,32767,0.16,2056-9-18,0.04,0.52,23.84,0.0,0.0,0.0,0,0.8671875,6,44,07:14,19:19,2025-03-18 06:18:47.195266,Marina di Stabia,31.1,6.639279,14.05905,5.7798514,10.930394,EU EEA Common AQI,73.8,6.5582366,13.21546,3600,4.811594,100,100,51.4,8.937198,Very Low,75.5,6.355935,100,1739186100,Very Low,9.633085,6.8510075,Very Low,6.062216,42.9,5.362319,100,1739186100,5.362319
2025-03-18T06:18:58Z,20,30.064,70.2,33,50.4,21,17,79,62,0.0,255,32767,0.16,2056-9-18,0.04,0.52,23.84,0.0,0.0,0.0,0,1.96875,6,44,07:14,19:19,2025-03-18 06:18:58.290259,Marina di Stabia,31.1,6.639279,14.05905,5.7798514,10.930394,EU EEA Common AQI,73.8,6.5582366,13.21546,3600,4.811594,100,100,51.4,8.937198,Very Low,75.5,6.355935,100,1739186100,Very Low,9.633085,6.8510075,Very Low,6.062216,42.9,5.362319,100,1739186100,5.362319
2025-03-18T06:19:09Z,20,30.064,70.2,33,50.4,17,17,90,62,0.0,255,32767,0.16,2056-9-18,0.04,0.52,23.84,0.0,0.0,0.0,0,1.96875,6,44,07:14,19:19,2025-03-18 06:19:09.388254,Marina di Stabia,31.1,6.639279,14.05905,5.7798514,10.930394,EU EEA Common AQI,73.8,6.5582366,13.21546,3600,4.811594,100,100,51.4,8.937198,Very Low,75.5,6.355935,100,1739186100,Very Low,9.633085,6.8510075,Very Low,6.062216,42.9,5.362319,100,1739186100,5.362319
2025-03-18T06:19:20Z,20,30.064,70.2,33,50.4,21,17,89,62,0.0,255,32767,0.16,2056-9-18,0.04,0.52,23.84,0.0,0.0,0.0,0,1.96875,6,44,07:14,19:19,2025-03-18 06:19:20.465265,Marina di Stabia,31.1,6.639279,14.05905,5.7798514,10.930394,EU EEA Common AQI,73.8,6.5582366,13.21546,3600,4.811594,100,100,51.4,8.937198,Very Low,75.5,6.355935,100,1739186100,Very Low,9.633085,6.8510075,Very Low,6.062216,42.9,5.362319,100,1739186100,5.362319
2025-03-18T06:19:31Z,20,30.064,70.2,33,50.5,17,17,69,62,0.0,255,32767,0.16,2056-9-18,0.04,0.52,23.84,0.0,0.0,0.0,0,1.96875,6,44,07:14,19:19,2025-03-18 06:19:31.552255,Marina di Stabia,31.1,6.639279,14.05905,5.7798514,10.930394,EU EEA Common AQI,73.8,6.5582366,13.21546,3600,4.811594,100,100,51.4,8.937198,Very Low,75.5,6.355935,100,1739186100,Very Low,9.633085,6.8510075,Very Low,6.062216,42.9,5.362319,100,1739186100,5.362319
2025-03-18T06:19:42Z,20,30.064,70.2,33,50.5,15,17,86,62,0.0,255,32767,0.16,2056-9-18,0.04,0.52,23.84,0.0,0.0,0.0,0,1.96875,6,44,07:14,19:19,2025-03-18 06:19:42.656262,Marina di Stabia,31.1,6.639279,14.05905,5.7798514,10.930394,EU EEA Common AQI,73.8,6.5582366,13.21546,3600,4.811594,100,100,51.4,8.937198,Very Low,75.5,6.355935,100,1739186100,Very Low,9.633085,6.8510075,Very Low,6.062216,42.9,5.362319,100,1739186100,5.362319
2025-03-18T06:19:53Z,20,30.064,70.2,33,50.5,14,17,91,62,0.0,255,32767,0.16,2056-9-18,0.04,0.52,23.84,0.0,0.0,0.0,0,1.96875,6,44,07:14,19:19,2025-03-18 06:19:53.734263,Marina di Stabia,31.1,6.639279,14.05905,5.7798514,10.930394,EU EEA Common AQI,73.8,6.5582366,13.21546,3600,4.811594,100,100,51.4,8.937198,Very Low,75.5,6.355935,100,1739186100,Very Low,9.633085,6.8510075,Very Low,6.062216,42.9,5.362319,100,1739186100,5.362319
2025-03-18T06:20:05Z,20,30.066,70.2,33,50.5,15,17,79,62,0.0,255,32767,0.16,2056-9-18,0.04,0.52,23.84,0.0,0.0,0.0,0,0.87890625,6,44,07:14,19:19,2025-03-18 06:20:04.806257,Marina di Stabia,31.1,6.639279,14.05905,5.7798514,10.930394,EU EEA Common AQI,73.8,6.5582366,13.21546,3600,4.811594,100,100,51.4,8.937198,Very Low,75.5,6.355935,100,1739186100,Very Low,9.633085,6.8510075,Very Low,6.062216,42.9,5.362319,100,1739186100,5.362319
2025-03-18T06:20:16Z,20,30.066,70.2,33,50.5,15,17,80,62,0.0,255,32767,0.16,2056-9-18,0.04,0.52,23.84,0.0,0.0,0.0,0,0.87890625,6,44,07:14,19:19,2025-03-18 06:20:15.893288,Marina di Stabia,31.1,6.639279,14.05905,5.7798514,10.930394,EU EEA Common AQI,73.8,6.5582366,13.21546,3600,4.811594,100,100,51.4,8.937198,Very Low,75.5,6.355935,100,1739186100,Very Low,9.633085,6.8510075,Very Low,6.062216,42.9,5.362319,100,1739186100,5.362319
2025-03-18T06:20:27Z,20,30.066,70.2,33,50.5,14,17,88,62,0.0,255,32767,0.16,2056-9-18,0.04,0.52,23.84,0.0,0.0,0.0,0,0.87890625,6,44,07:14,19:19,2025-03-18 06:20:27.009258,Marina di Stabia,31.1,6.639279,14.05905,5.7798514,10.930394,EU EEA Common AQI,73.8,6.5582366,13.21546,3600,4.811594,100,100,51.4,8.937198,Very Low,75.5,6.355935,100,1739186100,Very Low,9.633085,6.8510075,Very Low,6.062216,42.9,5.362319,100,1739186100,5.362319
2025-03-18T06:20:38Z,20,30.066,70.2,33,50.5,14,17,59,62,0.0,255,32767,0.16,2056-9-18,0.04,0.52,23.84,0.0,0.0,0.0,0,0.87890625,6,44,07:14,19:19,2025-03-18 06:20:38.122259,Marina di Stabia,31.1,6.639279,14.05905,5.7798514,10.930394,EU EEA Common AQI,73.8,6.5582366,13.21546,3600,4.811594,100,100,51.4,8.937198,Very Low,75.5,6.355935,100,1739186100,Very Low,9.633085,6.8510075,Very Low,6.062216,42.9,5.362319,100,1739186100,5.362319
2025-03-18T06:20:49Z,20,30.066,70.2,33,50.5,19,17,86,62,0.0,255,32767,0.16,2056-9-18,0.04,0.52,23.84,0.0,0.0,0.0,0,0.87890625,6,44,07:14,19:19,2025-03-18 06:20:49.217259,Marina di Stabia,31.1,6.639279,14.05905,5.7798514,10.930394,EU EEA Common AQI,73.8,6.5582366,13.21546,3600,4.811594,100,100,51.4,8.937198,Very Low,75.5,6.355935,100,1739186100,Very Low,9.633085,6.8510075,Very Low,6.062216,42.9,5.362319,100,1739186100,5.362319
2025-03-18T06:21:00Z,20,30.067,70.2,33,50.5,15,16,88,62,0.0,255,32767,0.16,2056-9-18,0.04,0.52,23.84,0.0,0.0,0.0,0,0.896484375,6,44,07:14,19:19,2025-03-18 06:21:00.302264,Marina di Stabia,31.1,6.639279,14.05905,5.7798514,10.930394,EU EEA Common AQI,73.8,6.5582366,13.21546,3600,4.811594,100,100,51.4,8.937198,Very Low,75.5,6.355935,100,1739186100,Very Low,9.633085,6.8510075,Very Low,6.062216,42.9,5.362319,100,1739186100,5.362319
2025-03-18T06:21:11Z,20,30.067,70.2,33,50.5,11,16,84,62,0.0,255,32767,0.16,2056-9-18,0.04,0.52,23.84,0.0,0.0,0.0,0,0.896484375,6,44,07:14,19:19,2025-03-18 06:21:11.403271,Marina di Stabia,31.1,6.639279,14.05905,5.7798514,10.930394,EU EEA Common AQI,73.8,6.5582366,13.21546,3600,4.811594,100,100,51.4,8.937198,Very Low,75.5,6.355935,100,1739186100,Very Low,9.633085,6.8510075,Very Low,6.062216,42.9,5.362319,100,1739186100,5.362319
2025-03-18T06:21:22Z,20,30.067,70.2,33,50.5,15,16,75,62,0.0,255,32767,0.16,2056-9-18,0.04,0.52,23.84,0.0,0.0,0.0,0,0.896484375,6,44,07:14,19:19,2025-03-18 06:21:22.476271,Marina di Stabia,31.1,6.639279,14.05905,5.7798514,10.930394,EU EEA Common AQI,73.8,6.5582366,13.21546,3600,4.811594,100,100,51.4,8.937198,Very Low,75.5,6.355935,100,1739186100,Very Low,9.633085,6.8510075,Very Low,6.062216,42.9,5.362319,100,1739186100,5.362319
2025-03-18T06:21:33Z,20,30.067,70.2,33,50.5,18,16,82,62,0.0,255,32767,0.16,2056-9-18,0.04,0.52,23.84,0.0,0.0,0.0,0,0.896484375,6,44,07:14,19:19,2025-03-18 06:21:33.560259,Marina di Stabia,31.1,6.639279,14.05905,5.7798514,10.930394,EU EEA Common AQI,73.8,6.5582366,13.21546,3600,4.811594,100,100,51.4,8.937198,Very Low,75.5,6.355935,100,1739186100,Very Low,9.633085,6.8510075,Very Low,6.062216,42.9,5.362319,100,1739186100,5.362319
2025-03-18T06:21:44Z,20,30.067,70.2,33,50.5,19,16,96,62,0.0,255,32767,0.16,2056-9-18,0.04,0.52,23.84,0.0,0.0,0.0,0,0.896484375,6,44,07:14,19:19,2025-03-18 06:21:44.667267,Marina di Stabia,31.1,6.639279,14.05905,5.7798514,10.930394,EU EEA Common AQI,73.8,6.5582366,13.21546,3600,4.811594,100,100,51.4,8.937198,Very Low,75.5,6.355935,100,1739186100,Very Low,9.633085,6.8510075,Very Low,6.062216,42.9,5.362319,100,1739186100,5.362319
2025-03-18T06:21:55Z,20,30.067,70.2,33,50.5,14,16,123,62,0.0,255,32767,0.16,2056-9-18,0.04,0.52,23.84,0.0,0.0,0.0,0,0.896484375,6,44,07:14,19:19,2025-03-18 06:21:55.776262,Marina di Stabia,31.1,6.639279,14.05905,5.7798514,10.930394,EU EEA Common AQI,73.8,6.5582366,13.21546,3600,4.811594,100,100,51.4,8.937198,Very Low,75.5,6.355935,100,1739186100,Very Low,9.633085,6.8510075,Very Low,6.062216,42.9,5.362319,100,1739186100,5.362319
2025-03-18T06:22:07Z,20,30.066,70.2,33,50.5,14,16,86,62,0.0,255,32767,0.16,2056-9-18,0.04,0.52,23.84,0.0,0.0,0.0,0,0.97265625,6,44,07:14,19:19,2025-03-18 06:22:06.859270,Marina di Stabia,31.1,6.639279,14.05905,5.7798514,10.930394,EU EEA Common AQI,73.8,6.5582366,13.21546,3600,4.811594,100,100,51.4,8.937198,Very Low,75.5,6.355935,100,1739186100,Very Low,9.633085,6.8510075,Very Low,6.062216,42.9,5.362319,100,1739186100,5.362319
2025-03-18T06:22:18Z,20,30.066,70.2,33,50.5,12,16,115,62,0.0,255,32767,0.16,2056-9-18,0.04,0.52,23.84,0.0,0.0,0.0,0,0.97265625,6,44,07:14,19:19,2025-03-18 06:22:17.947265,Marina di Stabia,31.1,6.639279,14.05905,5.7798514,10.930394,EU EEA Common AQI,73.8,6.5582366,13.21546,3600,4.811594,100,100,51.4,8.937198,Very Low,75.5,6.355935,100,1739186100,Very Low,9.633085,6.8510075,Very Low,6.062216,42.9,5.362319,100,1739186100,5.362319
2025-03-18T06:22:29Z,20,30.066,70.2,33,50.5,13,16,91,62,0.0,255,32767,0.16,2056-9-18,0.04,0.52,23.84,0.0,0.0,0.0,0,0.97265625,6,44,07:14,19:19,2025-03-18 06:22:29.054259,Marina di Stabia,31.1,6.639279,14.05905,5.7798514,10.930394,EU EEA Common AQI,73.8,6.5582366,13.21546,3600,4.811594,100,100,51.4,8.937198,Very Low,75.5,6.355935,100,1739186100,Very Low,9.633085,6.8510075,Very Low,6.062216,42.9,5.362319,100,1739186100,5.362319
2025-03-18T06:22:40Z,20,30.066,70.2,33,50.5,14,16,78,62,0.0,255,32767,0.16,2056-9-18,0.04,0.52,23.84,0.0,0.0,0.0,0,0.97265625,6,44,07:14,19:19,2025-03-18 06:22:40.125261,Marina di Stabia,31.1,6.639279,14.05905,5.7798514,10.930394,EU EEA Common AQI,73.8,6.5582366,13.21546,3600,4.811594,100,100,51.4,8.937198,Very Low,75.5,6.355935,100,1739186100,Very Low,9.633085,6.8510075,Very Low,6.062216,42.9,5.362319,100,1739186100,5.362319
2025-03-18T06:22:51Z,20,30.066,70.2,33,50.5,15,16,84,62,0.0,255,32767,0.16,2056-9-18,0.04,0.52,23.84,0.0,0.0,0.0,0,0.97265625,6,44,07:14,19:19,2025-03-18 06:22:51.241256,Marina di Stabia,31.1,6.639279,14.05905,5.7798514,10.930394,EU EEA Common AQI,73.8,6.5582366,13.21546,3600,4.811594,100,100,51.4,8.937198,Very Low,75.5,6.355935,100,1739186100,Very Low,9.633085,6.8510075,Very Low,6.062216,42.9,5.362319,100,1739186100,5.362319
2025-03-18T06:23:02Z,20,30.068,70.2,33,50.5,16,16,96,62,0.0,255,32767,0.16,2056-9-18,0.04,0.52,23.84,0.0,0.0,0.0,0,0.8671875,6,44,07:14,19:19,2025-03-18 06:23:02.317264,Marina di Stabia,31.1,6.639279,14.05905,5.7798514,10.930394,EU EEA Common AQI,73.8,6.5582366,13.21546,3600,4.811594,100,100,51.4,8.937198,Very Low,75.5,6.355935,100,1739186100,Very Low,9.633085,6.8510075,Very Low,6.062216,42.9,5.362319,100,1739186100,5.362319
2025-03-18T06:23:13Z,20,30.068,70.2,33,50.5,15,16,60,62,0.0,255,32767,0.16,2056-9-18,0.04,0.52,23.84,0.0,0.0,0.0,0,0.8671875,6,44,07:14,19:19,2025-03-18 06:23:13.396263,Marina di Stabia,31.1,6.639279,14.05905,5.7798514,10.930394,EU EEA Common AQI,73.8,6.5582366,13.21546,3600,4.811594,100,100,51.4,8.937198,Very Low,75.5,6.355935,100,1739186100,Very Low,9.633085,6.8510075,Very Low,6.062216,42.9,5.362319,100,1739186100,5.362319
2025-03-18T06:23:24Z,20,30.068,70.2,33,50.5,15,16,76,62,0.0,255,32767,0.16,2056-9-18,0.04,0.52,23.84,0.0,0.0,0.0,0,0.8671875,6,44,07:14,19:19,2025-03-18 06:23:24.481256,Marina di Stabia,31.1,6.639279,14.05905,5.7798514,10.930394,EU EEA Common AQI,73.8,6.5582366,13.21546,3600,4.811594,100,100,51.4,8.937198,Very Low,75.5,6.355935,100,1739186100,Very Low,9.633085,6.8510075,Very Low,6.062216,42.9,5.362319,100,1739186100,5.362319
2025-03-18T06:23:35Z,20,30.068,70.2,33,50.5,18,16,82,62,0.0,255,32767,0.16,2056-9-18,0.04,0.52,23.84,0.0,0.0,0.0,0,0.8671875,6,44,07:14,19:19,2025-03-18 06:23:35.600266,Marina di Stabia,31.1,6.639279,14.05905,5.7798514,10.930394,EU EEA Common AQI,73.8,6.5582366,13.21546,3600,4.811594,100,100,51.4,8.937198,Very Low,75.5,6.355935,100,1739186100,Very Low,9.633085,6.8510075,Very Low,6.062216,42.9,5.362319,100,1739186100,5.362319
2025-03-18T06:23:46Z,20,30.068,70.2,33,50.5,17,16,79,62,0.0,255,32767,0.16,2056-9-18,0.04,0.52,23.84,0.0,0.0,0.0,0,0.8671875,6,44,07:14,19:19,2025-03-18 06:23:46.704217,Marina di Stabia,31.1,6.639279,14.05905,5.7798514,10.930394,EU EEA Common AQI,73.8,6.5582366,13.21546,3600,4.811594,100,100,51.4,8.937198,Very Low,75.5,6.355935,100,1739186100,Very Low,9.633085,6.8510075,Very Low,6.062216,42.9,5.362319,100,1739186100,5.362319
2025-03-18T06:23:58Z,20,30.068,70.2,33,50.6,20,16,92,62,0.0,255,32767,0.16,2056-9-18,0.04,0.52,23.84,0.0,0.0,0.0,0,1.587890625,6,44,07:14,19:19,2025-03-18 06:23:57.914265,Marina di Stabia,31.1,6.639279,14.05905,5.7798514,10.930394,EU EEA Common AQI,73.8,6.5582366,13.21546,3600,4.811594,100,100,51.4,8.937198,Very Low,75.5,6.355935,100,1739186100,Very Low,9.633085,6.8510075,Very Low,6.062216,42.9,5.362319,100,1739186100,5.362319
2025-03-18T06:24:09Z,20,30.066,70.2,33,50.6,20,16,103,62,0.0,255,32767,0.16,2056-9-18,0.04,0.52,23.84,0.0,0.0,0.0,0,1.587890625,6,44,07:14,19:19,2025-03-18 06:24:08.997255,Marina di Stabia,31.1,6.639279,14.05905,5.7798514,10.930394,EU EEA Common AQI,73.8,6.5582366,13.21546,3600,4.811594,100,100,51.4,8.937198,Very Low,75.5,6.355935,100,1739186100,Very Low,9.633085,6.8510075,Very Low,6.062216,42.9,5.362319,100,1739186100,5.362319
2025-03-18T06:24:20Z,20,30.066,70.2,33,50.5,18,16,87,61,0.0,255,32767,0.16,2056-9-18,0.04,0.52,23.84,0.0,0.0,0.0,0,1.587890625,6,44,07:14,19:19,2025-03-18 06:24:20.085255,Marina di Stabia,31.1,6.639279,14.05905,5.7798514,10.930394,EU EEA Common AQI,73.8,6.5582366,13.21546,3600,4.811594,100,100,51.4,8.937198,Very Low,75.5,6.355935,100,1739186100,Very Low,9.633085,6.8510075,Very Low,6.062216,42.9,5.362319,100,1739186100,5.362319
2025-03-18T06:24:31Z,20,30.066,70.2,33,50.5,16,16,80,61,0.0,255,32767,0.16,2056-9-18,0.04,0.52,23.84,0.0,0.0,0.0,0,1.587890625,6,44,07:14,19:19,2025-03-18 06:24:31.168260,Marina di Stabia,31.1,6.639279,14.05905,5.7798514,10.930394,EU EEA Common AQI,73.8,6.5582366,13.21546,3600,4.811594,100,100,51.4,8.937198,Very Low,75.5,6.355935,100,1739186100,Very Low,9.633085,6.8510075,Very Low,6.062216,42.9,5.362319,100,1739186100,5.362319
2025-03-18T06:24:42Z,20,30.066,70.2,33,50.5,18,16,90,61,0.0,255,32767,0.16,2056-9-18,0.04,0.52,23.84,0.0,0.0,0.0,0,1.587890625,6,44,07:14,19:19,2025-03-18 06:24:42.277272,Marina di Stabia,31.1,6.639279,14.05905,5.7798514,10.930394,EU EEA Common AQI,73.8,6.5582366,13.21546,3600,4.811594,100,100,51.4,8.937198,Very Low,75.5,6.355935,100,1739186100,Very Low,9.633085,6.8510075,Very Low,6.062216,42.9,5.362319,100,1739186100,5.362319
2025-03-18T06:24:53Z,20,30.066,70.2,33,50.5,17,16,101,61,0.0,255,32767,0.16,2056-9-18,0.04,0.52,23.84,0.0,0.0,0.0,0,1.587890625,6,44,07:14,19:19,2025-03-18 06:24:53.350258,Marina di Stabia,31.1,6.639279,14.05905,5.7798514,10.930394,EU EEA Common AQI,73.8,6.5582366,13.21546,3600,4.811594,100,100,51.4,8.937198,Very Low,75.5,6.355935,100,1739186100,Very Low,9.633085,6.8510075,Very Low,6.062216,42.9,5.362319,100,1739186100,5.362319
2025-03-18T06:25:04Z,20,30.063,70.2,33,50.6,21,16,80,61,0.0,255,32767,0.16,2056-9-18,0.04,0.52,23.84,0.0,0.0,0.0,0,0.873046875,6,44,07:14,19:19,2025-03-18 06:25:04.426286,Marina di Stabia,31.1,6.639279,14.05905,5.7798514,10.930394,EU EEA Common AQI,73.8,6.5582366,13.21546,3600,4.811594,100,100,51.4,8.937198,Very Low,75.5,6.355935,100,1739186100,Very Low,9.633085,6.8510075,Very Low,6.062216,42.9,5.362319,100,1739186100,5.362319
2025-03-18T06:25:15Z,20,30.063,70.2,33,50.5,16,16,86,61,0.0,255,32767,0.16,2056-9-18,0.04,0.52,23.84,0.0,0.0,0.0,0,0.873046875,6,44,07:14,19:19,2025-03-18 06:25:15.512252,Marina di Stabia,31.1,6.639279,14.05905,5.7798514,10.930394,EU EEA Common AQI,73.8,6.5582366,13.21546,3600,4.811594,100,100,51.4,8.937198,Very Low,75.5,6.355935,100,1739186100,Very Low,9.633085,6.8510075,Very Low,6.062216,42.9,5.362319,100,1739186100,5.362319
2025-03-18T06:25:26Z,20,30.063,70.2,33,50.5,15,16,88,61,0.0,255,32767,0.16,2056-9-18,0.04,0.52,23.84,0.0,0.0,0.0,0,0.873046875,6,44,07:14,19:19,2025-03-18 06:25:26.612273,Marina di Stabia,31.1,6.639279,14.05905,5.7798514,10.930394,EU EEA Common AQI,73.8,6.5582366,13.21546,3600,4.811594,100,100,51.4,8.937198,Very Low,75.5,6.355935,100,1739186100,Very Low,9.633085,6.8510075,Very Low,6.062216,42.9,5.362319,100,1739186100,5.362319
2025-03-18T06:25:37Z,20,30.063,70.2,33,50.6,13,16,80,61,0.0,255,32767,0.16,2056-9-18,0.04,0.52,23.84,0.0,0.0,0.0,0,0.873046875,6,44,07:14,19:19,2025-03-18 06:25:37.697264,Marina di Stabia,31.1,6.639279,14.05905,5.7798514,10.930394,EU EEA Common AQI,73.8,6.5582366,13.21546,3600,4.811594,100,100,51.4,8.937198,Very Low,75.5,6.355935,100,1739186100,Very Low,9.633085,6.8510075,Very Low,6.062216,42.9,5.362319,100,1739186100,5.362319
2025-03-18T06:25:49Z,20,30.063,70.2,33,50.6,16,16,79,61,0.0,255,32767,0.16,2056-9-18,0.04,0.52,23.84,0.0,0.0,0.0,0,0.873046875,6,44,07:14,19:19,2025-03-18 06:25:48.806257,Marina di Stabia,31.1,6.639279,14.05905,5.7798514,10.930394,EU EEA Common AQI,73.8,6.5582366,13.21546,3600,4.811594,100,100,51.4,8.937198,Very Low,75.5,6.355935,100,1739186100,Very Low,9.633085,6.8510075,Very Low,6.062216,42.9,5.362319,100,1739186100,5.362319
2025-03-18T06:26:00Z,20,30.066,70.3,33,50.7,17,16,80,61,0.0,255,32767,0.16,2056-9-18,0.04,0.52,23.84,0.0,0.0,0.0,0,0.8671875,6,44,07:14,19:19,2025-03-18 06:25:59.890258,Marina di Stabia,31.1,6.639279,14.05905,5.7798514,10.930394,EU EEA Common AQI,73.8,6.5582366,13.21546,3600,4.811594,100,100,51.4,8.937198,Very Low,75.5,6.355935,100,1739186100,Very Low,9.633085,6.8510075,Very Low,6.062216,42.9,5.362319,100,1739186100,5.362319
2025-03-18T06:26:11Z,20,30.066,70.3,33,50.7,14,16,98,61,0.0,255,32767,0.16,2056-9-18,0.04,0.52,23.84,0.0,0.0,0.0,0,0.8671875,6,44,07:14,19:19,2025-03-18 06:26:10.972222,Marina di Stabia,31.1,6.639279,14.05905,5.7798514,10.930394,EU EEA Common AQI,73.8,6.5582366,13.21546,3600,4.811594,100,100,51.4,8.937198,Very Low,75.5,6.355935,100,1739186100,Very Low,9.633085,6.8510075,Very Low,6.062216,42.9,5.362319,100,1739186100,5.362319
2025-03-18T06:26:22Z,20,30.066,70.3,33,50.7,13,16,108,61,0.0,255,32767,0.16,2056-9-18,0.04,0.52,23.84,0.0,0.0,0.0,0,0.8671875,6,44,07:14,19:19,2025-03-18 06:26:22.054259,Marina di Stabia
2025-03-18T06:26:33Z,20,30.066,70.3,33,50.6,12,16,74,61,0.0,255,32767,0.16,2056-9-18,0.04,0.52,23.84,0.0,0.0,0.0,0,0.8671875,6,44,07:14,19:19,2025-03-18 06:26:33.124221,Marina di Stabia
2025-03-18T06:26:44Z,20,30.066,70.3,33,50.6,15,16,90,61,0.0,255,32767,0.16,2056-9-18,0.04,0.52,23.84,0.0,0.0,0.0,0,0.8671875,6,44,07:14,19:19,2025-03-18 06:26:44.240255,Marina di Stabia
2025-03-18T06:26:55Z,20,30.066,70.3,33,50.6,13,16,83,61,0.0,255,32767,0.16,2056-9-18,0.04,0.52,23.84,0.0,0.0,0.0,0,0.8671875,6,44,07:14,19:19,2025-03-18 06:26:55.298258,Marina di Stabia
2025-03-18T06:27:06Z,20,30.067,70.3,33,50.6,12,16,89,61,0.0,255,32767,0.16,2056-9-18,0.04,0.52,23.84,0.0,0.0,0.0,0,0.896484375,6,44,07:14,19:19,2025-03-18 06:27:06.357257,Marina di Stabia
2025-03-18T06:27:17Z,20,30.067,70.3,33,50.6,13,16,94,61,0.0,255,32767,0.16,2056-9-18,0.04,0.52,23.84,0.0,0.0,0.0,0,0.896484375,6,44,07:14,19:19,2025-03-18 06:27:17.440226,Marina di Stabia
2025-03-18T06:27:28Z,20,30.067,70.3,33,50.6,13,16,94,61,0.0,255,32767,0.16,2056-9-18,0.04,0.52,23.84,0.0,0.0,0.0,0,0.896484375,6,44,07:14,19:19,2025-03-18 06:27:28.506248,Marina di Stabia
2025-03-18T06:27:39Z,20,30.067,70.3,33,50.6,18,16,101,61,0.0,255,32767,0.16,2056-9-18,0.04,0.52,23.84,0.0,0.0,0.0,0,0.896484375,6,44,07:14,19:19,2025-03-18 06:27:39.569257,Marina di Stabia
2025-03-18T06:27:50Z,20,30.067,70.3,33,50.6,14,16,90,61,0.0,255,32767,0.16,2056-9-18,0.04,0.52,23.84,0.0,0.0,0.0,0,0.896484375,6,44,07:14,19:19,2025-03-18 06:27:50.629261,Marina di Stabia
2025-03-18T06:28:01Z,20,30.066,70.3,33,50.6,18,16,91,61,0.0,255,32767,0.16,2056-9-18,0.04,0.52,23.84,0.0,0.0,0.0,0,0.8671875,6,44,07:14,19:19,2025-03-18 06:28:01.712268,Marina di Stabia
2025-03-18T06:28:12Z,20,30.066,70.3,33,50.7,17,16,84,61,0.0,255,32767,0.16,2056-9-18,0.04,0.52,23.84,0.0,0.0,0.0,0,0.8671875,6,44,07:14,19:19,2025-03-18 06:28:12.773265,Marina di Stabia
2025-03-18T06:28:24Z,20,30.066,70.3,33,50.7,14,16,102,61,0.0,255,32767,0.16,2056-9-18,0.04,0.52,23.84,0.0,0.0,0.0,0,0.8671875,6,44,07:14,19:19,2025-03-18 06:28:23.858267,Marina di Stabia
2025-03-18T06:28:35Z,20,30.066,70.3,33,50.7,19,16,78,61,0.0,255,32767,0.16,2056-9-18,0.04,0.52,23.84,0.0,0.0,0.0,0,0.8671875,6,44,07:14,19:19,2025-03-18 06:28:34.920266,Marina di Stabia
2025-03-18T06:28:46Z,20,30.066,70.3,33,50.7,18,16,92,61,0.0,255,32767,0.16,2056-9-18,0.04,0.52,23.84,0.0,0.0,0.0,0,0.8671875,6,44,07:14,19:19,2025-03-18 06:28:46.007261,Marina di Stabia
2025-03-18T06:28:57Z,20,30.066,70.3,33,50.7,20,16,90,61,0.0,255,32767,0.16,2056-9-18,0.04,0.52,23.84,0.0,0.0,0.0,0,0.8671875,6,44,07:14,19:19,2025-03-18 06:28:57.075261,Marina di Stabia
2025-03-18T06:29:08Z,20,30.065,70.3,33,50.7,18,16,95,61,0.0,255,32767,0.16,2056-9-18,0.04,0.52,23.84,0.0,0.0,0.0,0,1.171875,6,44,07:14,19:19,2025-03-18 06:29:08.135260,Marina di Stabia
2025-03-18T06:29:19Z,20,30.065,70.3,33,50.7,18,16,90,61,0.0,255,32767,0.16,2056-9-18,0.04,0.52,23.84,0.0,0.0,0.0,0,1.171875,6,44,07:14,19:19,2025-03-18 06:29:19.235262,Marina di Stabia
2025-03-18T06:29:30Z,20,30.065,70.3,33,50.7,13,16,89,60,0.0,255,32767,0.16,2056-9-18,0.04,0.52,23.84,0.0,0.0,0.0,0,1.171875,6,44,07:14,19:19,2025-03-18 06:29:30.312259,Marina di Stabia
2025-03-18T06:29:41Z,20,30.065,70.3,33,50.7,13,16,71,60,0.0,255,32767,0.16,2056-9-18,0.04,0.52,23.84,0.0,0.0,0.0,0,1.171875,6,44,07:14,19:19,2025-03-18 06:29:41.372258,Marina di Stabia
2025-03-18T06:29:52Z,20,30.065,70.3,33,50.7,17,16,96,60,0.0,255,32767,0.16,2056-9-18,0.04,0.52,23.84,0.0,0.0,0.0,0,1.171875,6,44,07:14,19:19,2025-03-18 06:29:52.457270,Marina di Stabia
2025-03-18T06:30:03Z,20,30.065,70.4,33,50.7,17,16,94,60,0.0,255,32767,0.16,2056-9-18,0.04,0.52,23.84,0.0,0.0,0.0,0,0.8671875,6,44,07:14,19:19,2025-03-18 06:30:03.519269,Marina di Stabia
2025-03-18T06:30:14Z,20,30.065,70.4,33,50.7,12,16,75,60,0.0,255,32767,0.16,2056-9-18,0.04,0.52,23.84,0.0,0.0,0.0,0,0.8671875,6,44,07:14,19:19,2025-03-18 06:30:14.583265,Marina di Stabia
2025-03-18T06:30:25Z,20,30.065,70.4,33,50.7,13,16,95,60,0.0,255,32767,0.16,2056-9-18,0.04,0.52,23.84,0.0,0.0,0.0,0,0.8671875,6,44,07:14,19:19,2025-03-18 06:30:25.677263,Marina di Stabia
2025-03-18T06:30:36Z,20,30.065,70.4,33,50.7,19,16,98,60,0.0,255,32767,0.16,2056-9-18,0.04,0.52,23.84,0.0,0.0,0.0,0,0.8671875,6,44,07:14,19:19,2025-03-18 06:30:36.746262,Marina di Stabia
2025-03-18T06:30:48Z,20,30.065,70.4,33,50.7,17,16,81,60,0.0,255,32767,0.16,2056-9-18,0.04,0.52,23.84,0.0,0.0,0.0,0,0.8671875,6,44,07:14,19:19,2025-03-18 06:30:47.808255,Marina di Stabia
2025-03-18T06:30:59Z,20,30.065,70.3,33,50.7,15,16,88,60,0.0,255,32767,0.16,2056-9-18,0.04,0.52,23.84,0.0,0.0,0.0,0,2.619140625,6,44,07:14,19:19,2025-03-18 06:30:58.906271,Marina di Stabia
2025-03-18T06:31:10Z,20,30.065,70.3,33,50.7,16,16,88,60,0.0,255,32767,0.16,2056-9-18,0.04,0.52,23.84,0.0,0.0,0.0,0,2.619140625,6,44,07:14,19:19,2025-03-18 06:31:10.008260,Marina di Stabia
2025-03-18T06:31:21Z,20,30.065,70.3,33,50.7,12,16,82,60,0.0,255,32767,0.16,2056-9-18,0.04,0.52,23.84,0.0,0.0,0.0,0,2.619140625,6,44,07:14,19:19,2025-03-18 06:31:21.077261,Marina di Stabia
2025-03-18T06:31:32Z,20,30.065,70.3,33,50.8,18,16,78,60,0.0,255,32767,0.16,2056-9-18,0.04,0.52,23.84,0.0,0.0,0.0,0,2.619140625,6,44,07:14,19:19,2025-03-18 06:31:32.168265,Marina di Stabia
2025-03-18T06:31:43Z,20,30.065,70.3,33,50.7,15,16,72,60,0.0,255,32767,0.16,2056-9-18,0.04,0.52,23.84,0.0,0.0,0.0,0,2.619140625,6,44,07:14,19:19,2025-03-18 06:31:43.236268,Marina di Stabia
2025-03-18T06:31:54Z,20,30.065,70.3,33,50.7,14,16,80,60,0.0,255,32767,0.16,2056-9-18,0.04,0.52,23.84,0.0,0.0,0.0,0,2.619140625,6,44,07:14,19:19,2025-03-18 06:31:54.340259,Marina di Stabia
2025-03-18T06:32:05Z,20,30.064,70.4,33,50.8,15,16,96,60,0.0,255,32767,0.16,2056-9-18,0.04,0.52,23.84,0.0,0.0,0.0,0,0.884765625,6,44,07:14,19:19,2025-03-18 06:32:05.401272,Marina di Stabia
2025-03-18T06:32:16Z,20,30.064,70.4,33,50.8,14,16,84,60,0.0,255,32767,0.16,2056-9-18,0.04,0.52,23.84,0.0,0.0,0.0,0,0.884765625,6,44,07:14,19:19,2025-03-18 06:32:16.463274,Marina di Stabia
2025-03-18T06:32:27Z,20,30.064,70.4,33,50.8,10,16,82,60,0.0,255,32767,0.16,2056-9-18,0.04,0.52,23.84,0.0,0.0,0.0,0,0.884765625,6,44,07:14,19:19,2025-03-18 06:32:27.506490,Marina di Stabia
2025-03-18T06:32:38Z,20,30.064,70.4,33,50.8,11,16,98,60,0.0,255,32767,0.16,2056-9-18,0.04,0.52,23.84,0.0,0.0,0.0,0,0.884765625,6,44,07:14,19:19,2025-03-18 06:32:38.609261,Marina di Stabia
2025-03-18T06:32:49Z,20,30.064,70.4,33,50.8,11,16,85,60,0.0,255,32767,0.16,2056-9-18,0.04,0.52,23.84,0.0,0.0,0.0,0,0.884765625,6,44,07:14,19:19,2025-03-18 06:32:49.672266,Marina di Stabia
2025-03-18T06:33:00Z,20,30.065,70.4,33,50.8,11,16,113,60,0.0,255,32767,0.16,2056-9-18,0.04,0.52,23.84,0.0,0.0,0.0,0,0.8671875,6,44,07:14,19:19,2025-03-18 06:33:00.742277,Marina di Stabia
2025-03-18T06:33:12Z,20,30.065,70.4,33,50.8,11,16,96,60,0.0,255,32767,0.16,2056-9-18,0.04,0.52,23.84,0.0,0.0,0.0,0,0.8671875,6,44,07:14,19:19,2025-03-18 06:33:11.927265,Marina di Stabia
2025-03-18T06:33:23Z,20,30.065,70.4,33,50.8,11,16,90,60,0.0,255,32767,0.16,2056-9-18,0.04,0.52,23.84,0.0,0.0,0.0,0,0.8671875,6,44,07:14,19:19,2025-03-18 06:33:22.989261,Marina di Stabia
2025-03-18T06:33:34Z,20,30.065,70.4,33,50.8,9,16,94,60,0.0,255,32767,0.16,2056-9-18,0.04,0.52,23.84,0.0,0.0,0.0,0,0.8671875,6,44,07:14,19:19,2025-03-18 06:33:34.058264,Marina di Stabia
2025-03-18T06:33:45Z,20,30.065,70.4,33,50.9,10,16,85,60,0.0,255,32767,0.16,2056-9-18,0.04,0.52,23.84,0.0,0.0,0.0,0,0.8671875,6,44,07:14,19:19,2025-03-18 06:33:45.154227,Marina di Stabia
2025-03-18T06:33:56Z,20,30.065,70.4,33,50.9,10,16,84,60,0.0,255,32767,0.16,2056-9-18,0.04,0.52,23.84,0.0,0.0,0.0,0,0.8671875,6,44,07:14,19:19,2025-03-18 06:33:56.237262,Marina di Stabia
2025-03-18T06:34:07Z,20,30.062,70.4,33,50.9,13,15,107,60,0.0,255,32767,0.16,2056-9-18,0.04,0.52,23.84,0.0,0.0,0.0,0,1.001953125,6,44,07:14,19:19,2025-03-18 06:34:07.304251,Marina di Stabia
2025-03-18T06:34:18Z,20,30.062,70.4,33,50.9,13,15,101,60,0.0,255,32767,0.16,2056-9-18,0.04,0.52,23.84,0.0,0.0,0.0,0,1.001953125,6,44,07:14,19:19,2025-03-18 06:34:18.375261,Marina di Stabia
2025-03-18T06:34:29Z,20,30.062,70.4,33,50.9,16,15,87,60,0.0,255,32767,0.16,2056-9-18,0.04,0.52,23.84,0.0,0.0,0.0,0,1.001953125,6,44,07:14,19:19,2025-03-18 06:34:29.435272,Marina di Stabia
2025-03-18T06:34:40Z,20,30.062,70.4,33,50.9,19,15,89,60,0.0,255,32767,0.16,2056-9-18,0.04,0.52,23.84,0.0,0.0,0.0,0,1.001953125,6,44,07:14,19:19,2025-03-18 06:34:40.525265,Marina di Stabia
2025-03-18T06:34:51Z,20,30.062,70.4,33,50.9,18,15,93,60,0.0,255,32767,0.16,2056-9-18,0.04,0.52,23.84,0.0,0.0,0.0,0,1.001953125,6,44,07:14,19:19,2025-03-18 06:34:51.664264,Marina di Stabia
2025-03-18T06:35:02Z,20,30.061,70.4,33,50.9,16,15,107,60,0.0,255,32767,0.16,2056-9-18,0.04,0.52,23.84,0.0,0.0,0.0,0,0.8671875,6,44,07:14,19:19,2025-03-18 06:35:02.767264,Marina di Stabia
2025-03-18T06:35:14Z,20,30.061,70.4,33,50.9,15,15,87,60,0.0,255,32767,0.16,2056-9-18,0.04,0.52,23.84,0.0,0.0,0.0,0,0.8671875,6,44,07:14,19:19,2025-03-18 06:35:13.835265,Marina di Stabia
2025-03-18T06:35:25Z,20,30.061,70.4,33,50.9,15,15,100,59,0.0,255,32767,0.16,2056-9-18,0.04,0.52,23.84,0.0,0.0,0.0,0,0.8671875,6,44,07:14,19:19,2025-03-18 06:35:24.905262,Marina di Stabia
2025-03-18T06:35:36Z,20,30.061,70.4,33,50.9,15,15,74,59,0.0,255,32767,0.16,2056-9-18,0.04,0.52,23.84,0.0,0.0,0.0,0,0.8671875,6,44,07:14,19:19,2025-03-18 06:35:36.000223,Marina di Stabia
2025-03-18T06:35:47Z,20,30.061,70.4,33,50.9,14,15,61,59,0.0,255,32767,0.16,2056-9-18,0.04,0.52,23.84,0.0,0.0,0.0,0,0.8671875,6,44,07:14,19:19,2025-03-18 06:35:47.070256,Marina di Stabia
2025-03-18T06:35:58Z,20,30.061,70.4,33,50.9,17,15,78,59,0.0,255,32767,0.16,2056-9-18,0.04,0.52,23.84,0.0,0.0,0.0,0,1.67578125,6,44,07:14,19:19,2025-03-18 06:35:58.165273,Marina di Stabia
2025-03-18T06:36:09Z,20,30.061,70.4,33,51.0,16,15,95,59,0.0,255,32767,0.16,2056-9-18,0.04,0.52,23.84,0.0,0.0,0.0,0,1.67578125,6,44,07:14,19:19,2025-03-18 06:36:09.227264,Marina di Stabia
2025-03-18T06:36:20Z,20,30.061,70.4,33,51.0,15,15,79,59,0.0,255,32767,0.16,2056-9-18,0.04,0.52,23.84,0.0,0.0,0.0,0,1.67578125,6,44,07:14,19:19,2025-03-18 06:36:20.294265,Marina di Stabia
2025-03-18T06:36:31Z,20,30.061,70.4,33,51.0,18,15,89,59,0.0,255,32767,0.16,2056-9-18,0.04,0.52,23.84,0.0,0.0,0.0,0,1.67578125,6,44,07:14,19:19,2025-03-18 06:36:31.600256,Marina di Stabia
2025-03-18T06:36:42Z,20,30.061,70.4,33,51.0,15,15,122,59,0.0,255,32767,0.16,2056-9-18,0.04,0.52,23.84,0.0,0.0,0.0,0,1.67578125,6,44,07:14,19:19,2025-03-18 06:36:42.696268,Marina di Stabia
2025-03-18T06:36:53Z,20,30.061,70.4,33,51.0,14,15,74,59,0.0,255,32767,0.16,2056-9-18,0.04,0.52,23.84,0.0,0.0,0.0,0,1.67578125,6,44,07:14,19:19,2025-03-18 06:36:53.773262,Marina di Stabia
2025-03-18T06:37:05Z,20,30.059,70.5,33,51.0,16,15,82,60,0.0,255,32767,0.16,2056-9-18,0.04,0.52,23.84,0.0,0.0,0.0,0,0.873046875,6,44,07:14,19:19,2025-03-18 06:37:04.825267,Marina di Stabia
2025-03-18T06:37:16Z,20,30.059,70.5,33,51.0,17,15,92,60,0.0,255,32767,0.16,2056-9-18,0.04,0.52,23.84,0.0,0.0,0.0,0,0.873046875,6,44,07:14,19:19,2025-03-18 06:37:15.923258,Marina di Stabia
2025-03-18T06:37:27Z,20,30.059,70.5,33,51.0,15,15,88,60,0.0,255,32767,0.16,2056-9-18,0.04,0.52,23.84,0.0,0.0,0.0,0,0.873046875,6,44,07:14,19:19,2025-03-18 06:37:26.985269,Marina di Stabia
2025-03-18T06:37:38Z,20,30.059,70.5,33,51.0,16,15,96,60,0.0,255,32767,0.16,2056-9-18,0.04,0.52,23.84,0.0,0.0,0.0,0,0.873046875,6,44,07:14,19:19,2025-03-18 06:37:38.057263,Marina di Stabia
2025-03-18T06:37:49Z,20,30.059,70.5,33,51.0,12,15,119,60,0.0,255,32767,0.16,2056-9-18,0.04,0.52,23.84,0.0,0.0,0.0,0,0.873046875,6,44,07:14,19:19,2025-03-18 06:37:49.119264,Marina di Stabia
2025-03-18T06:38:00Z,20,30.059,70.5,33,51.0,12,15,86,60,0.0,255,32767,0.16,2056-9-18,0.04,0.52,23.84,0.0,0.0,0.0,0,0.8671875,6,44,07:14,19:19,2025-03-18 06:38:00.190270,Marina di Stabia
2025-03-18T06:38:11Z,20,30.059,70.5,33,51.0,17,15,88,60,0.0,255,32767,0.16,2056-9-18,0.04,0.52,23.84,0.0,0.0,0.0,0,0.8671875,6,44,07:14,19:19,2025-03-18 06:38:11.287258,Marina di Stabia
2025-03-18T06:38:22Z,20,30.059,70.5,33,51.0,16,15,88,60,0.0,255,32767,0.16,2056-9-18,0.04,0.52,23.84,0.0,0.0,0.0,0,0.8671875,6,44,07:14,19:19,2025-03-18 06:38:22.345259,Marina di Stabia,31.1,6.639279,14.05905,5.7798514,10.930394,EU EEA Common AQI,73.8,6.5582366,13.21546,3600,4.811594,100,100,51.4,8.937198,Very Low,75.5,6.355935,100,1739186100,Very Low,9.633085,6.8510075,Very Low,6.062216,42.9,5.362319,100,1739186100,5.362319
2025-03-18T06:38:33Z,20,30.059,70.5,33,51.0,17,15,81,60,0.0,255,32767,0.16,2056-9-18,0.04,0.52,23.84,0.0,0.0,0.0,0,0.8671875,6,44,07:14,19:19,2025-03-18 06:38:33.426265,Marina di Stabia
2025-03-18T06:38:44Z,20,30.059,70.5,33,51.0,14,15,71,60,0.0,255,32767,0.16,2056-9-18,0.04,0.52,23.84,0.0,0.0,0.0,0,0.8671875,6,44,07:14,19:19,2025-03-18 06:38:44.493263,Marina di Stabia
2025-03-18T06:38:55Z,20,30.059,70.5,33,51.0,12,15,109,60,0.0,255,32767,0.16,2056-9-18,0.04,0.52,23.84,0.0,0.0,0.0,0,0.8671875,6,44,07:14,19:19,2025-03-18 06:38:55.553253,Marina di Stabia
2025-03-18T06:39:06Z,20,30.06,70.5,33,51.0,14,15,88,60,0.0,255,32767,0.16,2056-9-18,0.04,0.52,23.84,0.0,0.0,0.0,0,0.90234375,6,44,07:14,19:19,2025-03-18 06:39:06.629279,Marina di Stabia
2025-03-18T06:39:17Z,20,30.06,70.5,33,51.0,10,15,88,60,0.0,255,32767,0.16,2056-9-18,0.04,0.52,23.84,0.0,0.0,0.0,0,0.90234375,6,44,07:14,19:19,2025-03-18 06:39:17.737230,Marina di Stabia
2025-03-18T06:39:29Z,20,30.06,70.5,33,51.0,21,15,88,60,0.0,255,32767,0.16,2056-9-18,0.04,0.52,23.84,0.0,0.0,0.0,0,0.90234375,6,44,07:14,19:19,2025-03-18 06:39:28.807258,Marina di Stabia
2025-03-18T06:39:40Z,20,30.06,70.5,33,51.0,18,15,85,60,0.0,255,32767,0.16,2056-9-18,0.04,0.52,23.84,0.0,0.0,0.0,0,0.90234375,6,44,07:14,19:19,2025-03-18 06:39:39.876263,Marina di Stabia
2025-03-18T06:39:51Z,20,30.06,70.5,33,51.0,20,15,94,60,0.0,255,32767,0.16,2056-9-18,0.04,0.52,23.84,0.0,0.0,0.0,0,0.90234375,6,44,07:14,19:19,2025-03-18 06:39:50.947262,Marina di Stabia
2025-03-18T06:40:02Z,20,30.06,70.5,33,51.1,20,15,94,60,0.0,255,32767,0.16,2056-9-18,0.04,0.52,23.84,0.0,0.0,0.0,0,0.8671875,6,44,07:14,19:19,2025-03-18 06:40:02.020264,Marina di Stabia
2025-03-18T06:40:13Z,20,30.06,70.5,33,51.1,25,15,86,60,0.0,255,32767,0.16,2056-9-18,0.04,0.52,23.84,0.0,0.0,0.0,0,0.8671875,6,44,07:14,19:19,2025-03-18 06:40:13.080258,Marina di Stabia
2025-03-18T06:40:24Z,20,30.06,70.5,33,51.1,28,15,98,60,0.0,255,32767,0.16,2056-9-18,0.04,0.52,23.84,0.0,0.0,0.0,0,0.8671875,6,44,07:14,19:19,2025-03-18 06:40:24.183265,Marina di Stabia
2025-03-18T06:40:35Z,20,30.06,70.5,33,51.0,24,15,82,59,0.0,255,32767,0.16,2056-9-18,0.04,0.52,23.84,0.0,0.0,0.0,0,0.8671875,6,44,07:14,19:19,2025-03-18 06:40:35.256262,Marina di Stabia
2025-03-18T06:40:46Z,20,30.06,70.5,33,51.0,24,15,113,59,0.0,255,32767,0.16,2056-9-18,0.04,0.52,23.84,0.0,0.0,0.0,0,0.8671875,6,44,07:14,19:19,2025-03-18 06:40:46.316260,Marina di Stabia
2025-03-18T06:40:57Z,20,30.06,70.5,33,51.0,25,15,90,59,0.0,255,32767,0.16,2056-9-18,0.04,0.52,23.84,0.0,0.0,0.0,0,0.8671875,6,44,07:14,19:19,2025-03-18 06:40:57.389266,Marina di Stabia
2025-03-18T06:41:08Z,20,30.059,70.5,33,51.0,22,16,84,59,0.0,255,32767,0.16,2056-9-18,0.04,0.52,23.84,0.0,0.0,0.0,0,1.248046875,6,44,07:14,19:19,2025-03-18 06:41:08.451264,Marina di Stabia
2025-03-18T06:41:19Z,20,30.059,70.5,33,51.0,26,16,88,59,0.0,255,32767,0.16,2056-9-18,0.04,0.52,23.84,0.0,0.0,0.0,0,1.248046875,6,44,07:14,19:19,2025-03-18 06:41:19.521263,Marina di Stabia
2025-03-18T06:41:30Z,20,30.059,70.5,33,51.0,18,16,90,59,0.0,255,32767,0.16,2056-9-18,0.04,0.52,23.84,0.0,0.0,0.0,0,1.248046875,6,44,07:14,19:19,2025-03-18 06:41:30.608258,Marina di Stabia
2025-03-18T06:41:41Z,20,30.059,70.5,33,51.0,19,16,85,59,0.0,255,32767,0.16,2056-9-18,0.04,0.52,23.84,0.0,0.0,0.0,0,1.248046875,6,44,07:14,19:19,2025-03-18 06:41:41.705271,Marina di Stabia
2025-03-18T06:41:52Z,20,30.059,70.5,33,51.1,21,16,86,59,0.0,255,32767,0.16,2056-9-18,0.04,0.52,23.84,0.0,0.0,0.0,0,1.248046875,6,44,07:14,19:19,2025-03-18 06:41:52.775265,Marina di Stabia
2025-03-18T06:42:04Z,20,30.06,70.6,33,51.0,21,16,78,59,0.0,255,32767,0.16,2056-9-18,0.04,0.52,23.84,0.0,0.0,0.0,0,0.873046875,6,44,07:14,19:19,2025-03-18 06:42:03.843260,Marina di Stabia
2025-03-18T06:42:15Z,20,30.06,70.6,33,51.0,21,16,85,59,0.0,255,32767,0.16,2056-9-18,0.04,0.52,23.84,0.0,0.0,0.0,0,0.873046875,6,44,07:14,19:19,2025-03-18 06:42:14.908261,Marina di Stabia
2025-03-18T06:42:26Z,20,30.06,70.6,33,51.0,19,16,83,59,0.0,255,32767,0.16,2056-9-18,0.04,0.52,23.84,0.0,0.0,0.0,0,0.873046875,6,44,07:14,19:19,2025-03-18 06:42:25.997271,Marina di Stabia
2025-03-18T06:42:37Z,20,30.06,70.6,33,51.0,19,16,95,59,0.0,255,32767,0.16,2056-9-18,0.04,0.52,23.84,0.0,0.0,0.0,0,0.873046875,6,44,07:14,19:19,2025-03-18 06:42:37.064259,Marina di Stabia
2025-03-18T06:42:48Z,20,30.06,70.6,33,51.1,18,16,102,59,0.0,255,32767,0.16,2056-9-18,0.04,0.52,23.84,0.0,0.0,0.0,0,0.873046875,6,44,07:14,19:19,2025-03-18 06:42:48.133272,Marina di Stabia
2025-03-18T06:42:59Z,20,30.061,70.6,33,51.1,15,17,64,59,0.0,255,32767,0.16,2056-9-18,0.04,0.52,23.84,0.0,0.0,0.0,0,0.873046875,6,44,07:14,19:19,2025-03-18 06:42:59.203262,Marina di Stabia
2025-03-18T06:43:10Z,20,30.061,70.6,33,51.1,19,17,74,59,0.0,255,32767,0.16,2056-9-18,0.04,0.52,23.84,0.0,0.0,0.0,0,0.873046875,6,44,07:14,19:19,2025-03-18 06:43:10.262260,Marina di Stabia
2025-03-18T06:43:21Z,20,30.061,70.6,33,51.1,27,17,90,59,0.0,255,32767,0.16,2056-9-18,0.04,0.52,23.84,0.0,0.0,0.0,0,0.873046875,6,44,07:14,19:19,2025-03-18 06:43:21.332263,Marina di Stabia
2025-03-18T06:43:32Z,20,30.061,70.6,33,51.1,23,17,98,59,0.0,255,32767,0.16,2056-9-18,0.04,0.52,23.84,0.0,0.0,0.0,0,0.873046875,6,44,07:14,19:19,2025-03-18 06:43:32.422272,Marina di Stabia
2025-03-18T06:43:43Z,20,30.061,70.6,33,51.1,27,17,96,59,0.0,255,32767,0.16,2056-9-18,0.04,0.52,23.84,0.0,0.0,0.0,0,0.873046875,6,44,07:14,19:19,2025-03-18 06:43:43.481273,Marina di Stabia
2025-03-18T06:43:54Z,20,30.061,70.6,33,51.1,26,17,92,59,0.0,255,32767,0.16,2056-9-18,0.04,0.52,23.84,0.0,0.0,0.0,0,0.873046875,6,44,07:14,19:19,2025-03-18 06:43:54.570256,Marina di Stabia
2025-03-18T06:44:05Z,20,30.057,70.6,33,51.1,24,18,99,59,0.0,255,32767,0.16,2056-9-18,0.04,0.52,23.84,0.0,0.0,0.0,0,0.87890625,6,44,07:14,19:19,2025-03-18 06:44:05.634263,Marina di Stabia
2025-03-18T06:44:16Z,20,30.057,70.6,33,51.1,20,18,65,59,0.0,255,32767,0.16,2056-9-18,0.04,0.52,23.84,0.0,0.0,0.0,0,0.87890625,6,44,07:14,19:19,2025-03-18 06:44:16.695265,Marina di Stabia
2025-03-18T06:44:27Z,20,30.057,70.6,33,51.1,18,18,117,59,0.0,255,32767,0.16,2056-9-18,0.04,0.52,23.84,0.0,0.0,0.0,0,0.87890625,6,44,07:14,19:19,2025-03-18 06:44:27.754266,Marina di Stabia
2025-03-18T06:44:39Z,20,30.057,70.6,33,51.1,25,18,90,59,0.0,255,32767,0.16,2056-9-18,0.04,0.52,23.84,0.0,0.0,0.0,0,0.87890625,6,44,07:14,19:19,2025-03-18 06:44:38.829259,Marina di Stabia
2025-03-18T06:44:50Z,20,30.057,70.6,33,51.1,21,18,105,59,0.0,255,32767,0.16,2056-9-18,0.04,0.52,23.84,0.0,0.0,0.0,0,0.87890625,6,44,07:14,19:19,2025-03-18 06:44:49.897272,Marina di Stabia
2025-03-18T06:45:01Z,20,30.06,70.6,33,51.1,22,19,93,59,0.0,255,32767,0.16,2056-9-18,0.04,0.52,23.84,0.0,0.0,0.0,0,0.8671875,6,44,07:14,19:19,2025-03-18 06:45:00.986262,Marina di Stabia
2025-03-18T06:45:12Z,20,30.06,70.6,33,51.1,21,19,114,59,0.0,255,32767,0.16,2056-9-18,0.04,0.52,23.84,0.0,0.0,0.0,0,0.8671875,6,44,07:14,19:19,2025-03-18 06:45:12.095262,Marina di Stabia
2025-03-18T06:45:23Z,20,30.06,70.6,33,51.1,17,19,103,59,0.0,255,32767,0.16,2056-9-18,0.04,0.52,23.84,0.0,0.0,0.0,0,0.8671875,6,44,07:14,19:19,2025-03-18 06:45:23.161257,Marina di Stabia
2025-03-18T06:45:34Z,20,30.06,70.6,33,51.1,14,19,96,59,0.0,255,32767,0.16,2056-9-18,0.04,0.52,23.84,0.0,0.0,0.0,0,0.8671875,6,44,07:14,19:19,2025-03-18 06:45:34.199781,Marina di Stabia
2025-03-18T06:45:45Z,20,30.06,70.6,33,51.1,11,19,78,59,0.0,255,32767,0.16,2056-9-18,0.04,0.52,23.84,0.0,0.0,0.0,0,0.8671875,6,44,07:14,19:19,2025-03-18 06:45:45.269261,Marina di Stabia
2025-03-18T06:45:56Z,20,30.06,70.6,33,51.1,12,19,82,59,0.0,255,32767,0.16,2056-9-18,0.04,0.52,23.84,0.0,0.0,0.0,0,0.8671875,6,44,07:14,19:19,2025-03-18 06:45:56.363258,Marina di Stabia
2025-03-18T06:46:07Z,20,30.063,70.6,33,51.1,12,19,117,59,0.0,255,32767,0.16,2056-9-18,0.04,0.52,23.84,0.0,0.0,0.0,0,1.048828125,6,44,07:14,19:19,2025-03-18 06:46:07.425273,Marina di Stabia
2025-03-18T06:46:18Z,20,30.063,70.6,33,51.1,13,19,88,59,0.0,255,32767,0.16,2056-9-18,0.04,0.52,23.84,0.0,0.0,0.0,0,1.048828125,6,44,07:14,19:19,2025-03-18 06:46:18.514256,Marina di Stabia
2025-03-18T06:46:29Z,20,30.063,70.6,33,51.1,18,19,85,59,0.0,255,32767,0.16,2056-9-18,0.04,0.52,23.84,0.0,0.0,0.0,0,1.048828125,6,44,07:14,19:19,2025-03-18 06:46:29.580237,Marina di Stabia
2025-03-18T06:46:40Z,20,30.063,70.6,33,51.1,17,19,72,59,0.0,255,32767,0.16,2056-9-18,0.04,0.52,23.84,0.0,0.0,0.0,0,1.048828125,6,44,07:14,19:19,2025-03-18 06:46:40.643285,Marina di Stabia
2025-03-18T06:46:51Z,20,30.063,70.6,33,51.1,13,19,94,59,0.0,255,32767,0.16,2056-9-18,0.04,0.52,23.84,0.0,0.0,0.0,0,1.048828125,6,44,07:14,19:19,2025-03-18 06:46:51.709264,Marina di Stabia
2025-03-18T06:47:02Z,20,30.062,70.7,33,51.1,12,19,90,59,0.0,255,32767,0.16,2056-9-18,0.04,0.52,23.84,0.0,0.0,0.0,0,0.873046875,6,44,07:14,19:19,2025-03-18 06:47:02.771264,Marina di Stabia
2025-03-18T06:47:14Z,20,30.062,70.7,33,51.1,16,19,85,59,0.0,255,32767,0.16,2056-9-18,0.04,0.52,23.84,0.0,0.0,0.0,0,0.873046875,6,44,07:14,19:19,2025-03-18 06:47:13.868284,Marina di Stabia
2025-03-18T06:47:25Z,20,30.062,70.7,33,51.1,19,19,92,59,0.0,255,32767,0.16,2056-9-18,0.04,0.52,23.84,0.0,0.0,0.0,0,0.873046875,6,44,07:14,19:19,2025-03-18 06:47:24.967226,Marina di Stabia
2025-03-18T06:47:36Z,20,30.062,70.7,33,51.1,21,19,117,59,0.0,255,32767,0.16,2056-9-18,0.04,0.52,23.84,0.0,0.0,0.0,0,0.873046875,6,44,07:14,19:19,2025-03-18 06:47:36.030259,Marina di Stabia
2025-03-18T06:47:47Z,20,30.062,70.7,33,51.2,17,19,84,59,0.0,255,32767,0.16,2056-9-18,0.04,0.52,23.84,0.0,0.0,0.0,0,0.873046875,6,44,07:14,19:19,2025-03-18 06:47:47.100259,Marina di Stabia
2025-03-18T06:47:58Z,20,30.06,70.7,33,51.1,17,19,93,59,0.0,255,32767,0.16,2056-9-18,0.04,0.52,23.84,0.0,0.0,0.0,0,1.751953125,6,44,07:14,19:19,2025-03-18 06:47:58.168278,Marina di Stabia
2025-03-18T06:48:09Z,20,30.06,70.7,33,51.1,25,19,99,59,0.0,255,32767,0.16,2056-9-18,0.04,0.52,23.84,0.0,0.0,0.0,0,1.751953125,6,44,07:14,19:19,2025-03-18 06:48:09.255289,Marina di Stabia
2025-03-18T06:48:20Z,20,30.06,70.7,33,51.2,19,19,86,59,0.0,255,32767,0.16,2056-9-18,0.04,0.52,23.84,0.0,0.0,0.0,0,1.751953125,6,44,07:14,19:19,2025-03-18 06:48:20.321264,Marina di Stabia
2025-03-18T06:48:31Z,20,30.06,70.7,33,51.2,18,19,94,59,0.0,255,32767,0.16,2056-9-18,0.04,0.52,23.84,0.0,0.0,0.0,0,1.751953125,6,44,07:14,19:19,2025-03-18 06:48:31.435267,Marina di Stabia
2025-03-18T06:48:42Z,20,30.06,70.7,33,51.2,18,19,67,59,0.0,255,32767,0.16,2056-9-18,0.04,0.52,23.84,0.0,0.0,0.0,0,1.751953125,6,44,07:14,19:19,2025-03-18 06:48:42.494260,Marina di Stabia
2025-03-18T06:48:53Z,20,30.06,70.7,33,51.2,15,19,90,59,0.0,255,32767,0.16,2056-9-18,0.04,0.52,23.84,0.0,0.0,0.0,0,1.751953125,6,44,07:14,19:19,2025-03-18 06:48:53.593277,Marina di Stabia
2025-03-18T06:49:04Z,20,30.06,70.7,33,51.2,16,19,107,59,0.0,255,32767,0.16,2056-9-18,0.04,0.52,23.84,0.0,0.0,0.0,0,0.873046875,6,44,07:14,19:19,2025-03-18 06:49:04.664271,Marina di Stabia
2025-03-18T06:49:15Z,20,30.06,70.7,33,51.2,18,19,106,59,0.0,255,32767,0.16,2056-9-18,0.04,0.52,23.84,0.0,0.0,0.0,0,0.873046875,6,44,07:14,19:19,2025-03-18 06:49:15.728262,Marina di Stabia
2025-03-18T06:49:26Z,20,30.06,70.7,33,51.2,27,19,101,59,0.0,255,32767,0.16,2056-9-18,0.04,0.52,23.84,0.0,0.0,0.0,0,0.873046875,6,44,07:14,19:19,2025-03-18 06:49:26.799271,Marina di Stabia
2025-03-18T06:49:38Z,20,30.06,70.7,33,51.3,20,19,84,59,0.0,255,32767,0.16,2056-9-18,0.04,0.52,23.84,0.0,0.0,0.0,0,0.873046875,6,44,07:14,19:19,2025-03-18 06:49:37.878264,Marina di Stabia
2025-03-18T06:49:49Z,20,30.06,70.7,33,51.2,11,19,132,59,0.0,255,32767,0.16,2056-9-18,0.04,0.52,23.84,0.0,0.0,0.0,0,0.873046875,6,44,07:14,19:19,2025-03-18 06:49:48.942267,Marina di Stabia
2025-03-18T06:50:00Z,20,30.06,70.8,33,51.2,20,19,74,59,0.0,255,32767,0.16,2056-9-18,0.04,0.52,23.84,0.0,0.0,0.0,0,0.873046875,6,44,07:14,19:19,2025-03-18 06:50:00.031230,Marina di Stabia
2025-03-18T06:50:11Z,20,30.06,70.8,33,51.3,15,19,96,59,0.0,255,32767,0.16,2056-9-18,0.04,0.52,23.84,0.0,0.0,0.0,0,0.873046875,6,44,07:14,19:19,2025-03-18 06:50:11.100261,Marina di Stabia
2025-03-18T06:50:22Z,20,30.06,70.8,33,51.3,28,19,91,59,0.0,255,32767,0.16,2056-9-18,0.04,0.52,23.84,0.0,0.0,0.0,0,0.873046875,6,44,07:14,19:19,2025-03-18 06:50:22.190228,Marina di Stabia
2025-03-18T06:50:33Z,20,30.06,70.8,33,51.3,26,19,93,59,0.0,255,32767,0.16,2056-9-18,0.04,0.52,23.84,0.0,0.0,0.0,0,0.873046875,6,44,07:14,19:19,2025-03-18 06:50:33.262266,Marina di Stabia
2025-03-18T06:50:44Z,20,30.06,70.8,33,51.3,24,19,92,59,0.0,255,32767,0.16,2056-9-18,0.04,0.52,23.84,0.0,0.0,0.0,0,0.873046875,6,44,07:14,19:19,2025-03-18 06:50:44.341267,Marina di Stabia
2025-03-18T06:50:55Z,20,30.06,70.8,33,51.3,21,19,89,59,0.0,255,32767,0.16,2056-9-18,0.04,0.52,23.84,0.0,0.0,0.0,0,0.873046875,6,44,07:14,19:19,2025-03-18 06:50:55.441269,Marina di Stabia
2025-03-18T06:51:06Z,20,30.064,70.8,33,51.3,18,19,75,59,0.0,255,32767,0.16,2056-9-18,0.04,0.52,23.84,0.0,0.0,0.0,0,0.9375,6,44,07:14,19:19,2025-03-18 06:51:06.500272,Marina di Stabia
2025-03-18T06:51:17Z,20,30.064,70.8,33,51.3,16,19,92,59,0.0,255,32767,0.16,2056-9-18,0.04,0.52,23.84,0.0,0.0,0.0,0,0.9375,6,44,07:14,19:19,2025-03-18 06:51:17.550243,Marina di Stabia
2025-03-18T06:51:28Z,20,30.064,70.8,33,51.2,27,19,92,59,0.0,255,32767,0.16,2056-9-18,0.04,0.52,23.84,0.0,0.0,0.0,0,0.9375,6,44,07:14,19:19,2025-03-18 06:51:28.617261,Marina di Stabia
2025-03-18T06:51:39Z,20,30.064,70.8,33,51.3,20,19,90,59,0.0,255,32767,0.16,2056-9-18,0.04,0.52,23.84,0.0,0.0,0.0,0,0.9375,6,44,07:14,19:19,2025-03-18 06:51:39.716261,Marina di Stabia
2025-03-18T06:51:50Z,20,30.064,70.8,33,51.3,24,19,89,59,0.0,255,32767,0.16,2056-9-18,0.04,0.52,23.84,0.0,0.0,0.0,0,0.9375,6,44,07:14,19:19,2025-03-18 06:51:50.784260,Marina di Stabia
2025-03-18T06:52:02Z,20,30.062,70.8,33,51.3,17,19,91,59,0.0,255,32767,0.16,2056-9-18,0.04,0.52,23.84,0.0,0.0,0.0,0,0.873046875,6,44,07:14,19:19,2025-03-18 06:52:01.855257,Marina di Stabia
2025-03-18T06:52:13Z,20,30.062,70.8,33,51.2,22,19,111,59,0.0,255,32767,0.16,2056-9-18,0.04,0.52,23.84,0.0,0.0,0.0,0,0.873046875,6,44,07:14,19:19,2025-03-18 06:52:12.915273,Marina di Stabia
2025-03-18T06:52:24Z,20,30.062,70.8,33,51.3,22,19,92,59,0.0,255,32767,0.16,2056-9-18,0.04,0.52,23.84,0.0,0.0,0.0,0,0.873046875,6,44,07:14,19:19,2025-03-18 06:52:24.019261,Marina di Stabia
2025-03-18T06:52:35Z,20,30.062,70.8,33,51.2,13,19,101,59,0.0,255,32767,0.16,2056-9-18,0.04,0.52,23.84,0.0,0.0,0.0,0,0.873046875,6,44,07:14,19:19,2025-03-18 06:52:35.116265,Marina di Stabia
2025-03-18T06:52:46Z,20,30.062,70.8,33,51.2,14,19,108,59,0.0,255,32767,0.16,2056-9-18,0.04,0.52,23.84,0.0,0.0,0.0,0,0.873046875,6,44,07:14,19:19,2025-03-18 06:52:46.180274,Marina di Stabia
2025-03-18T06:52:57Z,20,30.062,70.8,33,51.3,13,19,117,59,0.0,255,32767,0.16,2056-9-18,0.04,0.52,23.84,0.0,0.0,0.0,0,0.873046875,6,44,07:14,19:19,2025-03-18 06:52:57.242262,Marina di Stabia
2025-03-18T06:53:08Z,20,30.061,70.8,33,51.3,14,19,108,59,0.0,255,32767,0.16,2056-9-18,0.04,0.52,23.84,0.0,0.0,0.0,0,1.248046875,6,44,07:14,19:19,2025-03-18 06:53:08.312257,Marina di Stabia
2025-03-18T06:53:19Z,20,30.061,70.8,33,51.3,18,19,84,60,0.0,255,32767,0.16,2056-9-18,0.04,0.52,23.84,0.0,0.0,0.0,0,1.248046875,6,44,07:14,19:19,2025-03-18 06:53:19.410260,Marina di Stabia
2025-03-18T06:53:30Z,20,30.061,70.8,33,51.2,24,19,101,60,0.0,255,32767,0.16,2056-9-18,0.04,0.52,23.84,0.0,0.0,0.0,0,1.248046875,6,44,07:14,19:19,2025-03-18 06:53:30.479264,Marina di Stabia
2025-03-18T06:53:41Z,20,30.061,70.8,33,51.3,20,19,93,60,0.0,255,32767,0.16,2056-9-18,0.04,0.52,23.84,0.0,0.0,0.0,0,1.248046875,6,44,07:14,19:19,2025-03-18 06:53:41.540222,Marina di Stabia
2025-03-18T06:53:52Z,20,30.061,70.8,33,51.3,20,19,94,60,0.0,255,32767,0.16,2056-9-18,0.04,0.52,23.84,0.0,0.0,0.0,0,1.248046875,6,44,07:14,19:19,2025-03-18 06:53:52.600279,Marina di Stabia
2025-03-18T06:54:03Z,20,30.058,70.9,33,51.2,25,19,96,60,0.0,255,32767,0.16,2056-9-18,0.04,0.52,23.84,0.0,0.0,0.0,0,0.873046875,6,44,07:14,19:19,2025-03-18 06:54:03.691264,Marina di Stabia
2025-03-18T06:54:14Z,20,30.058,70.9,33,51.2,22,19,71,60,0.0,255,32767,0.16,2056-9-18,0.04,0.52,23.84,0.0,0.0,0.0,0,0.873046875,6,44,07:14,19:19,2025-03-18 06:54:14.756222,Marina di Stabia
2025-03-18T06:54:26Z,20,30.058,70.9,33,51.3,20,19,75,60,0.0,255,32767,0.16,2056-9-18,0.04,0.52,23.84,0.0,0.0,0.0,0,0.873046875,6,44,07:14,19:19,2025-03-18 06:54:25.869260,Marina di Stabia
2025-03-18T06:54:37Z,20,30.058,70.9,33,51.3,24,19,88,60,0.0,255,32767,0.16,2056-9-18,0.04,0.52,23.84,0.0,0.0,0.0,0,0.873046875,6,44,07:14,19:19,2025-03-18 06:54:36.941233,Marina di Stabia
2025-03-18T06:54:48Z,20,30.058,70.9,33,51.3,21,19,90,60,0.0,255,32767,0.16,2056-9-18,0.04,0.52,23.84,0.0,0.0,0.0,0,0.873046875,6,44,07:14,19:19,2025-03-18 06:54:48.032266,Marina di Stabia
2025-03-18T06:54:59Z,20,30.061,70.9,33,51.3,14,18,89,60,0.0,255,32767,0.16,2056-9-18,0.04,0.52,23.84,0.0,0.0,0.0,0,0.873046875,6,44,07:14,19:19,2025-03-18 06:54:59.120259,Marina di Stabia
2025-03-18T06:55:10Z,20,30.061,70.9,33,51.3,18,18,105,59,0.0,255,32767,0.16,2056-9-18,0.04,0.52,23.84,0.0,0.0,0.0,0,0.873046875,6,44,07:14,19:19,2025-03-18 06:55:10.187264,Marina di Stabia
2025-03-18T06:55:21Z,20,30.061,70.9,33,51.3,14,18,92,59,0.0,255,32767,0.16,2056-9-18,0.04,0.52,23.84,0.0,0.0,0.0,0,0.873046875,6,44,07:14,19:19,2025-03-18 06:55:21.247271,Marina di Stabia
2025-03-18T06:55:32Z,20,30.061,70.9,33,51.3,18,18,90,59,0.0,255,32767,0.16,2056-9-18,0.04,0.52,23.84,0.0,0.0,0.0,0,0.873046875,6,44,07:14,19:19,2025-03-18 06:55:32.314264,Marina di Stabia
2025-03-18T06:55:43Z,20,30.061,70.9,33,51.3,21,18,98,59,0.0,255,32767,0.16,2056-9-18,0.04,0.52,23.84,0.0,0.0,0.0,0,0.873046875,6,44,07:14,19:19,2025-03-18 06:55:43.378269,Marina di Stabia
2025-03-18T06:55:54Z,20,30.061,70.9,33,51.3,16,18,82,59,0.0,255,32767,0.16,2056-9-18,0.04,0.52,23.84,0.0,0.0,0.0,0,0.873046875,6,44,07:14,19:19,2025-03-18 06:55:54.482260,Marina di Stabia
2025-03-18T06:56:05Z,20,30.063,70.9,32,51.3,17,18,105,59,0.0,255,32767,0.16,2056-9-18,0.04,0.52,23.84,0.0,0.0,0.0,0,0.884765625,6,44,07:14,19:19,2025-03-18 06:56:05.553261,Marina di Stabia
2025-03-18T06:56:16Z,20,30.063,70.9,32,51.3,21,18,96,59,0.0,255,32767,0.16,2056-9-18,0.04,0.52,23.84,0.0,0.0,0.0,0,0.884765625,6,44,07:14,19:19,2025-03-18 06:56:16.616267,Marina di Stabia
2025-03-18T06:56:27Z,20,30.063,70.9,32,51.3,16,18,71,59,0.0,255,32767,0.16,2056-9-18,0.04,0.52,23.84,0.0,0.0,0.0,0,0.884765625,6,44,07:14,19:19,2025-03-18 06:56:27.696265,Marina di Stabia
2025-03-18T06:56:38Z,20,30.063,70.9,32,51.3,14,18,82,59,0.0,255,32767,0.16,2056-9-18,0.04,0.52,23.84,0.0,0.0,0.0,0,0.884765625,6,44,07:14,19:19,2025-03-18 06:56:38.756267,Marina di Stabia
2025-03-18T06:56:50Z,20,30.063,70.9,32,51.4,16,18,90,59,0.0,255,32767,0.16,2056-9-18,0.04,0.52,23.84,0.0,0.0,0.0,0,0.884765625,6,44,07:14,19:19,2025-03-18 06:56:49.830273,Marina di Stabia
2025-03-18T06:57:01Z,20,30.063,70.9,32,51.3,20,19,82,59,0.0,255,32767,0.16,2056-9-18,0.04,0.52,23.84,0.0,0.0,0.0,0,0.873046875,6,44,07:14,19:19,2025-03-18 06:57:00.908256,Marina di Stabia
2025-03-18T06:57:12Z,20,30.063,70.9,32,51.3,21,19,73,59,0.0,255,32767,0.16,2056-9-18,0.04,0.52,23.84,0.0,0.0,0.0,0,0.873046875,6,44,07:14,19:19,2025-03-18 06:57:12.083259,Marina di Stabia
2025-03-18T06:57:23Z,20,30.063,70.9,32,51.3,26,19,88,59,0.0,255,32767,0.16,2056-9-18,0.04,0.52,23.84,0.0,0.0,0.0,0,0.873046875,6,44,07:14,19:19,2025-03-18 06:57:23.147257,Marina di Stabia
2025-03-18T06:57:34Z,20,30.063,70.9,32,51.3,20,19,78,59,0.0,255,32767,0.16,2056-9-18,0.04,0.52,23.84,0.0,0.0,0.0,0,0.873046875,6,44,07:14,19:19,2025-03-18 06:57:34.212262,Marina di Stabia
2025-03-18T06:57:45Z,20,30.063,70.9,32,51.3,16,19,79,59,0.0,255,32767,0.16,2056-9-18,0.04,0.52,23.84,0.0,0.0,0.0,0,0.873046875,6,44,07:14,19:19,2025-03-18 06:57:45.282263,Marina di Stabia
2025-03-18T06:57:56Z,20,30.063,70.9,32,51.3,25,19,83,59,0.0,255,32767,0.16,2056-9-18,0.04,0.52,23.84,0.0,0.0,0.0,0,0.873046875,6,44,07:14,19:19,2025-03-18 06:57:56.379235,Marina di Stabia
2025-03-18T06:58:07Z,20,30.059,71.0,32,51.3,23,19,78,59,0.0,255,32767,0.16,2056-9-18,0.04,0.52,23.84,0.0,0.0,0.0,0,1.0078125,6,44,07:14,19:19,2025-03-18 06:58:07.449278,Marina di Stabia
2025-03-18T06:58:18Z,20,30.059,71.0,32,51.3,25,19,77,59,0.0,255,32767,0.16,2056-9-18,0.04,0.52,23.84,0.0,0.0,0.0,0,1.0078125,6,44,07:14,19:19,2025-03-18 06:58:18.551266,Marina di Stabia
2025-03-18T06:58:29Z,20,30.059,71.0,32,51.3,21,19,90,59,0.0,255,32767,0.16,2056-9-18,0.04,0.52,23.84,0.0,0.0,0.0,0,1.0078125,6,44,07:14,19:19,2025-03-18 06:58:29.624268,Marina di Stabia
2025-03-18T06:58:40Z,20,30.059,71.0,32,51.3,22,19,82,59,0.0,255,32767,0.16,2056-9-18,0.04,0.52,23.84,0.0,0.0,0.0,0,1.0078125,6,44,07:14,19:19,2025-03-18 06:58:40.694265,Marina di Stabia
2025-03-18T06:58:51Z,20,30.059,71.0,32,51.3,20,19,94,59,0.0,255,32767,0.16,2056-9-18,0.04,0.52,23.84,0.0,0.0,0.0,0,1.0078125,6,44,07:14,19:19,2025-03-18 06:58:51.754262,Marina di Stabia
2025-03-18T06:59:03Z,20,30.064,71.0,32,51.3,17,19,76,59,0.0,255,32767,0.16,2056-9-18,0.04,0.52,23.84,0.0,0.0,0.0,0,0.873046875,6,44,07:14,19:19,2025-03-18 06:59:02.824270,Marina di Stabia
2025-03-18T06:59:14Z,20,30.064,71.0,32,51.3,23,19,85,59,0.0,255,32767,0.16,2056-9-18,0.04,0.52,23.84,0.0,0.0,0.0,0,0.873046875,6,44,07:14,19:19,2025-03-18 06:59:13.923227,Marina di Stabia
2025-03-18T06:59:25Z,20,30.064,71.0,32,51.3,24,19,82,59,0.0,255,32767,0.16,2056-9-18,0.04,0.52,23.84,0.0,0.0,0.0,0,0.873046875,6,44,07:14,19:19,2025-03-18 06:59:24.988261,Marina di Stabia
2025-03-18T06:59:36Z,20,30.064,71.0,32,51.3,20,19,91,59,0.0,255,32767,0.16,2056-9-18,0.04,0.52,23.84,0.0,0.0,0.0,0,0.873046875,6,44,07:14,19:19,2025-03-18 06:59:36.092260,Marina di Stabia
2025-03-18T06:59:47Z,20,30.064,71.0,32,51.3,18,19,67,59,0.0,255,32767,0.16,2056-9-18,0.04,0.52,23.84,0.0,0.0,0.0,0,0.873046875,6,44,07:14,19:19,2025-03-18 06:59:47.150262,Marina di Stabia
2025-03-18T06:59:58Z,20,30.064,71.0,32,51.3,18,19,83,59,0.0,255,32767,0.16,2056-9-18,0.04,0.52,23.84,0.0,0.0,0.0,0,1.845703125,6,44,07:14,19:19,2025-03-18 06:59:58.218264,Marina di Stabia
2025-03-18T07:00:09Z,20,30.064,71.0,32,51.3,16,19,80,59,0.0,255,32767,0.16,2056-9-18,0.04,0.52,23.84,0.0,0.0,0.0,0,1.845703125,6,44,07:14,19:19,2025-03-18 07:00:09.317259,Marina di Stabia,31.1,6.639279,14.05905,5.7798514,10.930394,EU EEA Common AQI,73.8,6.5582366,13.21546,3600,4.811594,100,100,51.4,8.937198,Very Low,75.5,6.355935,100,1739186100,Very Low,9.633085,6.8510075,Very Low,6.062216,42.9,5.362319,100,1739186100,5.362319
2025-03-18T07:00:20Z,20,30.064,71.0,32,51.3,17,19,76,59,0.0,255,32767,0.16,2056-9-18,0.04,0.52,23.84,0.0,0.0,0.0,0,1.845703125,6,44,07:14,19:19,2025-03-18 07:00:20.404256,Marina di Stabia,31.1,6.639279,14.05905,5.7798514,10.930394,EU EEA Common AQI,73.8,6.5582366,13.21546,3600,4.811594,100,100,51.4,8.937198,Very Low,75.5,6.355935,100,1739186100,Very Low,9.633085,6.8510075,Very Low,6.062216,42.9,5.362319,100,1739186100,5.362319
2025-03-18T07:00:31Z,20,30.064,71.0,32,51.3,20,19,74,59,0.0,255,32767,0.16,2056-9-18,0.04,0.52,23.84,0.0,0.0,0.0,0,1.845703125,6,44,07:14,19:19,2025-03-18 07:00:31.479257,Marina di Stabia,31.1,6.639279,14.05905,5.7798514,10.930394,EU EEA Common AQI,73.8,6.5582366,13.21546,3600,4.811594,100,100,51.4,8.937198,Very Low,75.5,6.355935,100,1739186100,Very Low,9.633085,6.8510075,Very Low,6.062216,42.9,5.362319,100,1739186100,5.362319
2025-03-18T07:00:42Z,20,30.064,71.0,32,51.3,16,19,78,59,0.0,255,32767,0.16,2056-9-18,0.04,0.52,23.84,0.0,0.0,0.0,0,1.845703125,6,44,07:14,19:19,2025-03-18 07:00:42.572263,Marina di Stabia,31.1,6.639279,14.05905,5.7798514,10.930394,EU EEA Common AQI,73.8,6.5582366,13.21546,3600,4.811594,100,100,51.4,8.937198,Very Low,75.5,6.355935,100,1739186100,Very Low,9.633085,6.8510075,Very Low,6.062216,42.9,5.362319,100,1739186100,5.362319
2025-03-18T07:00:53Z,20,30.064,71.0,32,51.3,20,19,81,59,0.0,255,32767,0.16,2056-9-18,0.04,0.52,23.84,0.0,0.0,0.0,0,1.845703125,6,44,07:14,19:19,2025-03-18 07:00:53.653263,Marina di Stabia,31.1,6.639279,14.05905,5.7798514,10.930394,EU EEA Common AQI,73.8,6.5582366,13.21546,3600,4.811594,100,100,51.4,8.937198,Very Low,75.5,6.355935,100,1739186100,Very Low,9.633085,6.8510075,Very Low,6.062216,42.9,5.362319,100,1739186100,5.362319
2025-03-18T07:01:04Z,20,30.064,71.0,32,51.3,19,19,90,59,0.0,255,32767,0.16,2056-9-18,0.04,0.52,23.84,0.0,0.0,0.0,0,1.6640625,8,0,07:14,19:19,2025-03-18 07:01:04.742262,Marina di Stabia,31.1,6.639279,14.05905,5.7798514,10.930394,EU EEA Common AQI,73.8,6.5582366,13.21546,3600,4.811594,100,100,51.4,8.937198,Very Low,75.5,6.355935,100,1739186100,Very Low,9.633085,6.8510075,Very Low,6.062216,42.9,5.362319,100,1739186100,5.362319
2025-03-18T07:01:16Z,20,30.064,71.0,32,51.3,19,19,90,59,0.0,255,32767,0.16,2056-9-18,0.04,0.52,23.84,0.0,0.0,0.0,0,1.6640625,8,0,07:14,19:19,2025-03-18 07:01:15.845257,Marina di Stabia,31.1,6.639279,14.05905,5.7798514,10.930394,EU EEA Common AQI,73.8,6.5582366,13.21546,3600,4.811594,100,100,51.4,8.937198,Very Low,75.5,6.355935,100,1739186100,Very Low,9.633085,6.8510075,Very Low,6.062216,42.9,5.362319,100,1739186100,5.362319
2025-03-18T07:01:27Z,20,30.064,71.0,32,51.3,14,19,86,59,0.0,255,32767,0.16,2056-9-18,0.04,0.52,23.84,0.0,0.0,0.0,0,1.6640625,8,0,07:14,19:19,2025-03-18 07:01:26.938264,Marina di Stabia,31.1,6.639279,14.05905,5.7798514,10.930394,EU EEA Common AQI,73.8,6.5582366,13.21546,3600,4.811594,100,100,51.4,8.937198,Very Low,75.5,6.355935,100,1739186100,Very Low,9.633085,6.8510075,Very Low,6.062216,42.9,5.362319,100,1739186100,5.362319
2025-03-18T07:01:38Z,20,30.064,71.0,32,51.4,15,19,94,59,0.0,255,32767,0.16,2056-9-18,0.04,0.52,23.84,0.0,0.0,0.0,0,1.6640625,8,0,07:14,19:19,2025-03-18 07:01:38.017278,Marina di Stabia,31.1,6.639279,14.05905,5.7798514,10.930394,EU EEA Common AQI,73.8,6.5582366,13.21546,3600,4.811594,100,100,51.4,8.937198,Very Low,75.5,6.355935,100,1739186100,Very Low,9.633085,6.8510075,Very Low,6.062216,42.9,5.362319,100,1739186100,5.362319
2025-03-18T07:01:49Z,20,30.064,71.0,32,51.4,20,19,94,59,0.0,255,32767,0.16,2056-9-18,0.04,0.52,23.84,0.0,0.0,0.0,0,1.6640625,8,0,07:14,19:19,2025-03-18 07:01:49.105259,Marina di Stabia,31.1,6.639279,14.05905,5.7798514,10.930394,EU EEA Common AQI,73.8,6.5582366,13.21546,3600,4.811594,100,100,51.4,8.937198,Very Low,75.5,6.355935,100,1739186100,Very Low,9.633085,6.8510075,Very Low,6.062216,42.9,5.362319,100,1739186100,5.362319
2025-03-18T07:02:00Z,20,30.062,71.0,32,51.3,17,19,110,59,0.0,255,32767,0.16,2056-9-18,0.04,0.52,23.84,0.0,0.0,0.0,0,0.873046875,8,0,07:14,19:19,2025-03-18 07:02:00.189272,Marina di Stabia,31.1,6.639279,14.05905,5.7798514,10.930394,EU EEA Common AQI,73.8,6.5582366,13.21546,3600,4.811594,100,100,51.4,8.937198,Very Low,75.5,6.355935,100,1739186100,Very Low,9.633085,6.8510075,Very Low,6.062216,42.9,5.362319,100,1739186100,5.362319
2025-03-18T07:02:11Z,20,30.062,71.0,32,51.3,22,19,92,59,0.0,255,32767,0.16,2056-9-18,0.04,0.52,23.84,0.0,0.0,0.0,0,0.873046875,8,0,07:14,19:19,2025-03-18 07:02:11.314247,Marina di Stabia,31.1,6.639279,14.05905,5.7798514,10.930394,EU EEA Common AQI,73.8,6.5582366,13.21546,3600,4.811594,100,100,51.4,8.937198,Very Low,75.5,6.355935,100,1739186100,Very Low,9.633085,6.8510075,Very Low,6.062216,42.9,5.362319,100,1739186100,5.362319
2025-03-18T07:02:22Z,20,30.062,71.0,32,51.4,24,19,101,59,0.0,255,32767,0.16,2056-9-18,0.04,0.52,23.84,0.0,0.0,0.0,0,0.873046875,8,0,07:14,19:19,2025-03-18 07:02:22.409263,Marina di Stabia,31.1,6.639279,14.05905,5.7798514,10.930394,EU EEA Common AQI,73.8,6.5582366,13.21546,3600,4.811594,100,100,51.4,8.937198,Very Low,75.5,6.355935,100,1739186100,Very Low,9.633085,6.8510075,Very Low,6.062216,42.9,5.362319,100,1739186100,5.362319
2025-03-18T07:02:33Z,20,30.062,71.0,32,51.4,20,19,92,59,0.0,255,32767,0.16,2056-9-18,0.04,0.52,23.84,0.0,0.0,0.0,0,0.873046875,8,0,07:14,19:19,2025-03-18 07:02:33.485256,Marina di Stabia,31.1,6.639279,14.05905,5.7798514,10.930394,EU EEA Common AQI,73.8,6.5582366,13.21546,3600,4.811594,100,100,51.4,8.937198,Very Low,75.5,6.355935,100,1739186100,Very Low,9.633085,6.8510075,Very Low,6.062216,42.9,5.362319,100,1739186100,5.362319
2025-03-18T07:02:44Z,20,30.062,71.0,32,51.4,17,19,88,59,0.0,255,32767,0.16,2056-9-18,0.04,0.52,23.84,0.0,0.0,0.0,0,0.873046875,8,0,07:14,19:19,2025-03-18 07:02:44.596259,Marina di Stabia,31.1,6.639279,14.05905,5.7798514,10.930394,EU EEA Common AQI,73.8,6.5582366,13.21546,3600,4.811594,100,100,51.4,8.937198,Very Low,75.5,6.355935,100,1739186100,Very Low,9.633085,6.8510075,Very Low,6.062216,42.9,5.362319,100,1739186100,5.362319
2025-03-18T07:02:56Z,20,30.062,71.0,32,51.4,16,19,88,59,0.0,255,32767,0.16,2056-9-18,0.04,0.52,23.84,0.0,0.0,0.0,0,0.873046875,8,0,07:14,19:19,2025-03-18 07:02:55.916287,Marina di Stabia,31.1,6.639279,14.05905,5.7798514,10.930394,EU EEA Common AQI,73.8,6.5582366,13.21546,3600,4.811594,100,100,51.4,8.937198,Very Low,75.5,6.355935,100,1739186100,Very Low,9.633085,6.8510075,Very Low,6.062216,42.9,5.362319,100,1739186100,5.362319
2025-03-18T07:03:07Z,20,30.064,71.1,32,51.4,18,19,102,59,0.0,255,32767,0.16,2056-9-18,0.04,0.52,23.84,0.0,0.0,0.0,0,0.919921875,8,0,07:14,19:19,2025-03-18 07:03:06.992265,Marina di Stabia,31.1,6.639279,14.05905,5.7798514,10.930394,EU EEA Common AQI,73.8,6.5582366,13.21546,3600,4.811594,100,100,51.4,8.937198,Very Low,75.5,6.355935,100,1739186100,Very Low,9.633085,6.8510075,Very Low,6.062216,42.9,5.362319,100,1739186100,5.362319
2025-03-18T07:03:18Z,20,30.064,71.1,32,51.4,17,19,74,59,0.0,255,32767,0.16,2056-9-18,0.04,0.52,23.84,0.0,0.0,0.0,0,0.919921875,8,0,07:14,19:19,2025-03-18 07:03:18.068277,Marina di Stabia,31.1,6.639279,14.05905,5.7798514,10.930394,EU EEA Common AQI,73.8,6.5582366,13.21546,3600,4.811594,100,100,51.4,8.937198,Very Low,75.5,6.355935,100,1739186100,Very Low,9.633085,6.8510075,Very Low,6.062216,42.9,5.362319,100,1739186100,5.362319
2025-03-18T07:03:29Z,20,30.064,71.1,32,51.4,20,19,101,59,0.0,255,32767,0.16,2056-9-18,0.04,0.52,23.84,0.0,0.0,0.0,0,0.919921875,8,0,07:14,19:19,2025-03-18 07:03:29.156259,Marina di Stabia,31.1,6.639279,14.05905,5.7798514,10.930394,EU EEA Common AQI,73.8,6.5582366,13.21546,3600,4.811594,100,100,51.4,8.937198,Very Low,75.5,6.355935,100,1739186100,Very Low,9.633085,6.8510075,Very Low,6.062216,42.9,5.362319,100,1739186100,5.362319
2025-03-18T07:03:40Z,20,30.064,71.1,32,51.4,21,19,104,59,0.0,255,32767,0.16,2056-9-18,0.04,0.52,23.84,0.0,0.0,0.0,0,0.919921875,8,0,07:14,19:19,2025-03-18 07:03:40.273273,Marina di Stabia,31.1,6.639279,14.05905,5.7798514,10.930394,EU EEA Common AQI,73.8,6.5582366,13.21546,3600,4.811594,100,100,51.4,8.937198,Very Low,75.5,6.355935,100,1739186100,Very Low,9.633085,6.8510075,Very Low,6.062216,42.9,5.362319,100,1739186100,5.362319
2025-03-18T07:03:51Z,20,30.064,71.1,32,51.5,17,19,98,59,0.0,255,32767,0.16,2056-9-18,0.04,0.52,23.84,0.0,0.0,0.0,0,0.919921875,8,0,07:14,19:19,2025-03-18 07:03:51.351263,Marina di Stabia,31.1,6.639279,14.05905,5.7798514,10.930394,EU EEA Common AQI,73.8,6.5582366,13.21546,3600,4.811594,100,100,51.4,8.937198,Very Low,75.5,6.355935,100,1739186100,Very Low,9.633085,6.8510075,Very Low,6.062216,42.9,5.362319,100,1739186100,5.362319
2025-03-18T07:04:02Z,20,30.064,71.1,32,51.5,20,19,78,59,0.0,255,32767,0.16,2056-9-18,0.04,0.52,23.84,0.0,0.0,0.0,0,0.873046875,8,0,07:14,19:19,2025-03-18 07:04:02.429268,Marina di Stabia,31.1,6.639279,14.05905,5.7798514,10.930394,EU EEA Common AQI,73.8,6.5582366,13.21546,3600,4.811594,100,100,51.4,8.937198,Very Low,75.5,6.355935,100,1739186100,Very Low,9.633085,6.8510075,Very Low,6.062216,42.9,5.362319,100,1739186100,5.362319
2025-03-18T07:04:13Z,20,30.064,71.1,32,51.4,19,19,82,59,0.0,255,32767,0.16,2056-9-18,0.04,0.52,23.84,0.0,0.0,0.0,0,0.873046875,8,0,07:14,19:19,2025-03-18 07:04:13.503259,Marina di Stabia,31.1,6.639279,14.05905,5.7798514,10.930394,EU EEA Common AQI,73.8,6.5582366,13.21546,3600,4.811594,100,100,51.4,8.937198,Very Low,75.5,6.355935,100,1739186100,Very Low,9.633085,6.8510075,Very Low,6.062216,42.9,5.362319,100,1739186100,5.362319
2025-03-18T07:04:24Z,20,30.064,71.1,32,51.5,22,19,84,59,0.0,255,32767,0.16,2056-9-18,0.04,0.52,23.84,0.0,0.0,0.0,0,0.873046875,8,0,07:14,19:19,2025-03-18 07:04:24.621258,Marina di Stabia,31.1,6.639279,14.05905,5.7798514,10.930394,EU EEA Common AQI,73.8,6.5582366,13.21546,3600,4.811594,100,100,51.4,8.937198,Very Low,75.5,6.355935,100,1739186100,Very Low,9.633085,6.8510075,Very Low,6.062216,42.9,5.362319,100,1739186100,5.362319
2025-03-18T07:04:35Z,20,30.064,71.1,32,51.5,21,19,74,59,0.0,255,32767,0.16,2056-9-18,0.04,0.52,23.84,0.0,0.0,0.0,0,0.873046875,8,0,07:14,19:19,2025-03-18 07:04:35.699262,Marina di Stabia,31.1,6.639279,14.05905,5.7798514,10.930394,EU EEA Common AQI,73.8,6.5582366,13.21546,3600,4.811594,100,100,51.4,8.937198,Very Low,75.5,6.355935,100,1739186100,Very Low,9.633085,6.8510075,Very Low,6.062216,42.9,5.362319,100,1739186100,5.362319
2025-03-18T07:04:46Z,20,30.064,71.1,32,51.5,17,19,70,59,0.0,255,32767,0.16,2056-9-18,0.04,0.52,23.84,0.0,0.0,0.0,0,0.873046875,8,0,07:14,19:19,2025-03-18 07:04:46.779261,Marina di Stabia,31.1,6.639279,14.05905,5.7798514,10.930394,EU EEA Common AQI,73.8,6.5582366,13.21546,3600,4.811594,100,100,51.4,8.937198,Very Low,75.5,6.355935,100,1739186100,Very Low,9.633085,6.8510075,Very Low,6.062216,42.9,5.362319,100,1739186100,5.362319
2025-03-18T07:04:58Z,20,30.064,71.1,32,51.4,19,19,76,59,0.0,255,32767,0.16,2056-9-18,0.04,0.52,23.84,0.0,0.0,0.0,0,1.271484375,8,0,07:14,19:19,2025-03-18 07:04:57.992261,Marina di Stabia,31.1,6.639279,14.05905,5.7798514,10.930394,EU EEA Common AQI,73.8,6.5582366,13.21546,3600,4.811594,100,100,51.4,8.937198,Very Low,75.5,6.355935,100,1739186100,Very Low,9.633085,6.8510075,Very Low,6.062216,42.9,5.362319,100,1739186100,5.362319
2025-03-18T07:05:09Z,20,30.064,71.1,32,51.5,17,19,88,59,0.0,255,32767,0.16,2056-9-18,0.04,0.52,23.84,0.0,0.0,0.0,0,1.271484375,8,0,07:14,19:19,2025-03-18 07:05:09.069269,Marina di Stabia,31.1,6.639279,14.05905,5.7798514,10.930394,EU EEA Common AQI,73.8,6.5582366,13.21546,3600,4.811594,100,100,51.4,8.937198,Very Low,75.5,6.355935,100,1739186100,Very Low,9.633085,6.8510075,Very Low,6.062216,42.9,5.362319,100,1739186100,5.362319
2025-03-18T07:05:20Z,20,30.064,71.1,32,51.5,16,19,107,59,0.0,255,32767,0.16,2056-9-18,0.04,0.52,23.84,0.0,0.0,0.0,0,1.271484375,8,0,07:14,19:19,2025-03-18 07:05:20.202270,Marina di Stabia,31.1,6.639279,14.05905,5.7798514,10.930394,EU EEA Common AQI,73.8,6.5582366,13.21546,3600,4.811594,100,100,51.4,8.937198,Very Low,75.5,6.355935,100,1739186100,Very Low,9.633085,6.8510075,Very Low,6.062216,42.9,5.362319,100,1739186100,5.362319
2025-03-18T07:05:31Z,20,30.064,71.1,32,51.5,17,19,80,59,0.0,255,32767,0.16,2056-9-18,0.04,0.52,23.84,0.0,0.0,0.0,0,1.271484375,8,0,07:14,19:19,2025-03-18 07:05:31.289257,Marina di Stabia,31.1,6.639279,14.05905,5.7798514,10.930394,EU EEA Common AQI,73.8,6.5582366,13.21546,3600,4.811594,100,100,51.4,8.937198,Very Low,75.5,6.355935,100,1739186100,Very Low,9.633085,6.8510075,Very Low,6.062216,42.9,5.362319,100,1739186100,5.362319
2025-03-18T07:05:42Z,20,30.064,71.1,32,51.5,18,19,83,59,0.0,255,32767,0.16,2056-9-18,0.04,0.52,23.84,0.0,0.0,0.0,0,1.271484375,8,0,07:14,19:19,2025-03-18 07:05:42.369257,Marina di Stabia,31.1,6.639279,14.05905,5.7798514,10.930394,EU EEA Common AQI,73.8,6.5582366,13.21546,3600,4.811594,100,100,51.4,8.937198,Very Low,75.5,6.355935,100,1739186100,Very Low,9.633085,6.8510075,Very Low,6.062216,42.9,5.362319,100,1739186100,5.362319
2025-03-18T07:05:53Z,20,30.064,71.1,32,51.5,15,19,100,59,0.0,255,32767,0.16,2056-9-18,0.04,0.52,23.84,0.0,0.0,0.0,0,1.271484375,8,0,07:14,19:19,2025-03-18 07:05:53.475274,Marina di Stabia,31.1,6.639279,14.05905,5.7798514,10.930394,EU EEA Common AQI,73.8,6.5582366,13.21546,3600,4.811594,100,100,51.4,8.937198,Very Low,75.5,6.355935,100,1739186100,Very Low,9.633085,6.8510075,Very Low,6.062216,42.9,5.362319,100,1739186100,5.362319
2025-03-18T07:06:04Z,20,30.065,71.1,32,51.5,17,19,82,59,0.0,255,32767,0.16,2056-9-18,0.04,0.52,23.84,0.0,0.0,0.0,0,0.873046875,8,0,07:14,19:19,2025-03-18 07:06:04.552261,Marina di Stabia,31.1,6.639279,14.05905,5.7798514,10.930394,EU EEA Common AQI,73.8,6.5582366,13.21546,3600,4.811594,100,100,51.4,8.937198,Very Low,75.5,6.355935,100,1739186100,Very Low,9.633085,6.8510075,Very Low,6.062216,42.9,5.362319,100,1739186100,5.362319
2025-03-18T07:06:15Z,20,30.065,71.1,32,51.5,15,19,84,59,0.0,255,32767,0.16,2056-9-18,0.04,0.52,23.84,0.0,0.0,0.0,0,0.873046875,8,0,07:14,19:19,2025-03-18 07:06:15.631268,Marina di Stabia,31.1,6.639279,14.05905,5.7798514,10.930394,EU EEA Common AQI,73.8,6.5582366,13.21546,3600,4.811594,100,100,51.4,8.937198,Very Low,75.5,6.355935,100,1739186100,Very Low,9.633085,6.8510075,Very Low,6.062216,42.9,5.362319,100,1739186100,5.362319
2025-03-18T07:06:26Z,20,30.065,71.1,32,51.5,14,19,90,59,0.0,255,32767,0.16,2056-9-18,0.04,0.52,23.84,0.0,0.0,0.0,0,0.873046875,8,0,07:14,19:19,2025-03-18 07:06:26.701278,Marina di Stabia,31.1,6.639279,14.05905,5.7798514,10.930394,EU EEA Common AQI,73.8,6.5582366,13.21546,3600,4.811594,100,100,51.4,8.937198,Very Low,75.5,6.355935,100,1739186100,Very Low,9.633085,6.8510075,Very Low,6.062216,42.9,5.362319,100,1739186100,5.362319
2025-03-18T07:06:37Z,20,30.065,71.1,32,51.5,14,19,74,59,0.0,255,32767,0.16,2056-9-18,0.04,0.52,23.84,0.0,0.0,0.0,0,0.873046875,8,0,07:14,19:19,2025-03-18 07:06:37.780271,Marina di Stabia,31.1,6.639279,14.05905,5.7798514,10.930394,EU EEA Common AQI,73.8,6.5582366,13.21546,3600,4.811594,100,100,51.4,8.937198,Very Low,75.5,6.355935,100,1739186100,Very Low,9.633085,6.8510075,Very Low,6.062216,42.9,5.362319,100,1739186100,5.362319
2025-03-18T07:06:49Z,20,30.065,71.1,32,51.5,24,19,78,59,0.0,255,32767,0.16,2056-9-18,0.04,0.52,23.84,0.0,0.0,0.0,0,0.873046875,8,0,07:14,19:19,2025-03-18 07:06:48.871261,Marina di Stabia,31.1,6.639279,14.05905,5.7798514,10.930394,EU EEA Common AQI,73.8,6.5582366,13.21546,3600,4.811594,100,100,51.4,8.937198,Very Low,75.5,6.355935,100,1739186100,Very Low,9.633085,6.8510075,Very Low,6.062216,42.9,5.362319,100,1739186100,5.362319
2025-03-18T07:07:00Z,20,30.064,71.1,32,51.5,28,19,92,59,0.0,255,32767,0.16,2056-9-18,0.04,0.52,23.84,0.0,0.0,0.0,0,0.873046875,8,0,07:14,19:19,2025-03-18 07:06:59.979260,Marina di Stabia,31.1,6.639279,14.05905,5.7798514,10.930394,EU EEA Common AQI,73.8,6.5582366,13.21546,3600,4.811594,100,100,51.4,8.937198,Very Low,75.5,6.355935,100,1739186100,Very Low,9.633085,6.8510075,Very Low,6.062216,42.9,5.362319,100,1739186100,5.362319
2025-03-18T07:07:11Z,20,30.064,71.1,32,51.5,21,19,86,59,0.0,255,32767,0.16,2056-9-18,0.04,0.52,23.84,0.0,0.0,0.0,0,0.873046875,8,0,07:14,19:19,2025-03-18 07:07:11.064266,Marina di Stabia,31.1,6.639279,14.05905,5.7798514,10.930394,EU EEA Common AQI,73.8,6.5582366,13.21546,3600,4.811594,100,100,51.4,8.937198,Very Low,75.5,6.355935,100,1739186100,Very Low,9.633085,6.8510075,Very Low,6.062216,42.9,5.362319,100,1739186100,5.362319
2025-03-18T07:07:22Z,20,30.064,71.1,32,51.5,18,19,79,59,0.0,255,32767,0.16,2056-9-18,0.04,0.52,23.84,0.0,0.0,0.0,0,0.873046875,8,0,07:14,19:19,2025-03-18 07:07:22.125257,Marina di Stabia,31.1,6.639279,14.05905,5.7798514,10.930394,EU EEA Common AQI,73.8,6.5582366,13.21546,3600,4.811594,100,100,51.4,8.937198,Very Low,75.5,6.355935,100,1739186100,Very Low,9.633085,6.8510075,Very Low,6.062216,42.9,5.362319,100,1739186100,5.362319
2025-03-18T07:07:33Z,20,30.064,71.1,32,51.5,19,19,81,59,0.0,255,32767,0.16,2056-9-18,0.04,0.52,23.84,0.0,0.0,0.0,0,0.873046875,8,0,07:14,19:19,2025-03-18 07:07:33.217259,Marina di Stabia,31.1,6.639279,14.05905,5.7798514,10.930394,EU EEA Common AQI,73.8,6.5582366,13.21546,3600,4.811594,100,100,51.4,8.937198,Very Low,75.5,6.355935,100,1739186100,Very Low,9.633085,6.8510075,Very Low,6.062216,42.9,5.362319,100,1739186100,5.362319
2025-03-18T07:07:44Z,20,30.064,71.1,32,51.5,22,19,82,59,0.0,255,32767,0.16,2056-9-18,0.04,0.52,23.84,0.0,0.0,0.0,0,0.873046875,8,0,07:14,19:19,2025-03-18 07:07:44.306261,Marina di Stabia,31.1,6.639279,14.05905,5.7798514,10.930394,EU EEA Common AQI,73.8,6.5582366,13.21546,3600,4.811594,100,100,51.4,8.937198,Very Low,75.5,6.355935,100,1739186100,Very Low,9.633085,6.8510075,Very Low,6.062216,42.9,5.362319,100,1739186100,5.362319
2025-03-18T07:07:55Z,20,30.064,71.1,32,51.5,21,19,81,58,0.0,255,32767,0.16,2056-9-18,0.04,0.52,23.84,0.0,0.0,0.0,0,0.873046875,8,0,07:14,19:19,2025-03-18 07:07:55.391260,Marina di Stabia,31.1,6.639279,14.05905,5.7798514,10.930394,EU EEA Common AQI,73.8,6.5582366,13.21546,3600,4.811594,100,100,51.4,8.937198,Very Low,75.5,6.355935,100,1739186100,Very Low,9.633085,6.8510075,Very Low,6.062216,42.9,5.362319,100,1739186100,5.362319
2025-03-18T07:08:06Z,20,30.068,71.2,32,51.5,18,19,82,58,0.0,255,32767,0.16,2056-9-18,0.04,0.52,23.84,0.0,0.0,0.0,0,0.884765625,8,0,07:14,19:19,2025-03-18 07:08:06.513261,Marina di Stabia,31.1,6.639279,14.05905,5.7798514,10.930394,EU EEA Common AQI,73.8,6.5582366,13.21546,3600,4.811594,100,100,51.4,8.937198,Very Low,75.5,6.355935,100,1739186100,Very Low,9.633085,6.8510075,Very Low,6.062216,42.9,5.362319,100,1739186100,5.362319
2025-03-18T07:08:17Z,20,30.068,71.2,32,51.5,15,19,88,58,0.0,255,32767,0.16,2056-9-18,0.04,0.52,23.84,0.0,0.0,0.0,0,0.884765625,8,0,07:14,19:19,2025-03-18 07:08:17.598260,Marina di Stabia,31.1,6.639279,14.05905,5.7798514,10.930394,EU EEA Common AQI,73.8,6.5582366,13.21546,3600,4.811594,100,100,51.4,8.937198,Very Low,75.5,6.355935,100,1739186100,Very Low,9.633085,6.8510075,Very Low,6.062216,42.9,5.362319,100,1739186100,5.362319
2025-03-18T07:08:28Z,20,30.068,71.2,32,51.5,19,19,94,58,0.0,255,32767,0.16,2056-9-18,0.04,0.52,23.84,0.0,0.0,0.0,0,0.884765625,8,0,07:14,19:19,2025-03-18 07:08:28.679271,Marina di Stabia,31.1,6.639279,14.05905,5.7798514,10.930394,EU EEA Common AQI,73.8,6.5582366,13.21546,3600,4.811594,100,100,51.4,8.937198,Very Low,75.5,6.355935,100,1739186100,Very Low,9.633085,6.8510075,Very Low,6.062216,42.9,5.362319,100,1739186100,5.362319
2025-03-18T07:08:39Z,20,30.068,71.2,32,51.5,18,19,95,58,0.0,255,32767,0.16,2056-9-18,0.04,0.52,23.84,0.0,0.0,0.0,0,0.884765625,8,0,07:14,19:19,2025-03-18 07:08:39.766262,Marina di Stabia,31.1,6.639279,14.05905,5.7798514,10.930394,EU EEA Common AQI,73.8,6.5582366,13.21546,3600,4.811594,100,100,51.4,8.937198,Very Low,75.5,6.355935,100,1739186100,Very Low,9.633085,6.8510075,Very Low,6.062216,42.9,5.362319,100,1739186100,5.362319
2025-03-18T07:08:51Z,20,30.068,71.2,32,51.5,18,19,97,58,0.0,255,32767,0.16,2056-9-18,0.04,0.52,23.84,0.0,0.0,0.0,0,0.884765625,8,0,07:14,19:19,2025-03-18 07:08:50.846259,Marina di Stabia,31.1,6.639279,14.05905,5.7798514,10.930394,EU EEA Common AQI,73.8,6.5582366,13.21546,3600,4.811594,100,100,51.4,8.937198,Very Low,75.5,6.355935,100,1739186100,Very Low,9.633085,6.8510075,Very Low,6.062216,42.9,5.362319,100,1739186100,5.362319
2025-03-18T07:09:02Z,20,30.068,71.2,32,51.5,14,19,90,58,0.0,255,32767,0.16,2056-9-18,0.04,0.52,23.84,0.0,0.0,0.0,0,0.873046875,8,0,07:14,19:19,2025-03-18 07:09:01.930266,Marina di Stabia,31.1,6.639279,14.05905,5.7798514,10.930394,EU EEA Common AQI,73.8,6.5582366,13.21546,3600,4.811594,100,100,51.4,8.937198,Very Low,75.5,6.355935,100,1739186100,Very Low,9.633085,6.8510075,Very Low,6.062216,42.9,5.362319,100,1739186100,5.362319
2025-03-18T07:09:13Z,20,30.068,71.2,32,51.5,14,19,83,58,0.0,255,32767,0.16,2056-9-18,0.04,0.52,23.84,0.0,0.0,0.0,0,0.873046875,8,0,07:14,19:19,2025-03-18 07:09:13.045255,Marina di Stabia,31.1,6.639279,14.05905,5.7798514,10.930394,EU EEA Common AQI,73.8,6.5582366,13.21546,3600,4.811594,100,100,51.4,8.937198,Very Low,75.5,6.355935,100,1739186100,Very Low,9.633085,6.8510075,Very Low,6.062216,42.9,5.362319,100,1739186100,5.362319
2025-03-18T07:09:24Z,20,30.068,71.2,32,51.5,11,19,88,58,0.0,255,32767,0.16,2056-9-18,0.04,0.52,23.84,0.0,0.0,0.0,0,0.873046875,8,0,07:14,19:19,2025-03-18 07:09:24.131247,Marina di Stabia,31.1,6.639279,14.05905,5.7798514,10.930394,EU EEA Common AQI,73.8,6.5582366,13.21546,3600,4.811594,100,100,51.4,8.937198,Very Low,75.5,6.355935,100,1739186100,Very Low,9.633085,6.8510075,Very Low,6.062216,42.9,5.362319,100,1739186100,5.362319
2025-03-18T07:09:35Z,20,30.068,71.2,32,51.5,13,19,90,58,0.0,255,32767,0.16,2056-9-18,0.04,0.52,23.84,0.0,0.0,0.0,0,0.873046875,8,0,07:14,19:19,2025-03-18 07:09:35.208259,Marina di Stabia,31.1,6.639279,14.05905,5.7798514,10.930394,EU EEA Common AQI,73.8,6.5582366,13.21546,3600,4.811594,100,100,51.4,8.937198,Very Low,75.5,6.355935,100,1739186100,Very Low,9.633085,6.8510075,Very Low,6.062216,42.9,5.362319,100,1739186100,5.362319
2025-03-18T07:09:46Z,20,30.068,71.2,32,51.5,21,19,85,58,0.0,255,32767,0.16,2056-9-18,0.04,0.52,23.84,0.0,0.0,0.0,0,0.873046875,8,0,07:14,19:19,2025-03-18 07:09:46.283219,Marina di Stabia,31.1,6.639279,14.05905,5.7798514,10.930394,EU EEA Common AQI,73.8,6.5582366,13.21546,3600,4.811594,100,100,51.4,8.937198,Very Low,75.5,6.355935,100,1739186100,Very Low,9.633085,6.8510075,Very Low,6.062216,42.9,5.362319,100,1739186100,5.362319
2025-03-18T07:09:57Z,20,30.068,71.2,32,51.5,21,19,90,58,0.0,255,32767,0.16,2056-9-18,0.04,0.52,23.84,0.0,0.0,0.0,0,0.873046875,8,0,07:14,19:19,2025-03-18 07:09:57.335250,Marina di Stabia,31.1,6.639279,14.05905,5.7798514,10.930394,EU EEA Common AQI,73.8,6.5582366,13.21546,3600,4.811594,100,100,51.4,8.937198,Very Low,75.5,6.355935,100,1739186100,Very Low,9.633085,6.8510075,Very Low,6.062216,42.9,5.362319,100,1739186100,5.362319
2025-03-18T07:10:08Z,20,30.065,71.2,32,51.6,17,18,79,58,0.0,255,32767,0.16,2056-9-18,0.04,0.52,23.84,0.0,0.0,0.0,0,1.037109375,8,0,07:14,19:19,2025-03-18 07:10:08.419267,Marina di Stabia,31.1,6.639279,14.05905,5.7798514,10.930394,EU EEA Common AQI,73.8,6.5582366,13.21546,3600,4.811594,100,100,51.4,8.937198,Very Low,75.5,6.355935,100,1739186100,Very Low,9.633085,6.8510075,Very Low,6.062216,42.9,5.362319,100,1739186100,5.362319
2025-03-18T07:10:19Z,20,30.065,71.2,32,51.5,16,18,95,58,0.0,255,32767,0.16,2056-9-18,0.04,0.52,23.84,0.0,0.0,0.0,0,1.037109375,8,0,07:14,19:19,2025-03-18 07:10:19.540257,Marina di Stabia,31.1,6.639279,14.05905,5.7798514,10.930394,EU EEA Common AQI,73.8,6.5582366,13.21546,3600,4.811594,100,100,51.4,8.937198,Very Low,75.5,6.355935,100,1739186100,Very Low,9.633085,6.8510075,Very Low,6.062216,42.9,5.362319,100,1739186100,5.362319
2025-03-18T07:10:30Z,20,30.065,71.2,32,51.5,15,18,76,58,0.0,255,32767,0.16,2056-9-18,0.04,0.52,23.84,0.0,0.0,0.0,0,1.037109375,8,0,07:14,19:19,2025-03-18 07:10:30.644261,Marina di Stabia,31.1,6.639279,14.05905,5.7798514,10.930394,EU EEA Common AQI,73.8,6.5582366,13.21546,3600,4.811594,100,100,51.4,8.937198,Very Low,75.5,6.355935,100,1739186100,Very Low,9.633085,6.8510075,Very Low,6.062216,42.9,5.362319,100,1739186100,5.362319
2025-03-18T07:10:41Z,20,30.065,71.2,32,51.6,17,18,77,58,0.0,255,32767,0.16,2056-9-18,0.04,0.52,23.84,0.0,0.0,0.0,0,1.037109375,8,0,07:14,19:19,2025-03-18 07:10:41.721261,Marina di Stabia,31.1,6.639279,14.05905,5.7798514,10.930394,EU EEA Common AQI,73.8,6.5582366,13.21546,3600,4.811594,100,100,51.4,8.937198,Very Low,75.5,6.355935,100,1739186100,Very Low,9.633085,6.8510075,Very Low,6.062216,42.9,5.362319,100,1739186100,5.362319
2025-03-18T07:10:53Z,20,30.065,71.2,32,51.6,18,18,87,58,0.0,255,32767,0.16,2056-9-18,0.04,0.52,23.84,0.0,0.0,0.0,0,1.037109375,8,0,07:14,19:19,2025-03-18 07:10:52.808238,Marina di Stabia,31.1,6.639279,14.05905,5.7798514,10.930394,EU EEA Common AQI,73.8,6.5582366,13.21546,3600,4.811594,100,100,51.4,8.937198,Very Low,75.5,6.355935,100,1739186100,Very Low,9.633085,6.8510075,Very Low,6.062216,42.9,5.362319,100,1739186100,5.362319
2025-03-18T07:11:04Z,20,30.068,71.3,32,51.6,15,18,85,58,0.0,255,32767,0.16,2056-9-18,0.04,0.52,23.84,0.0,0.0,0.0,0,0.90234375,8,0,07:14,19:19,2025-03-18 07:11:03.883255,Marina di Stabia,31.1,6.639279,14.05905,5.7798514,10.930394,EU EEA Common AQI,73.8,6.5582366,13.21546,3600,4.811594,100,100,51.4,8.937198,Very Low,75.5,6.355935,100,1739186100,Very Low,9.633085,6.8510075,Very Low,6.062216,42.9,5.362319,100,1739186100,5.362319
2025-03-18T07:11:15Z,20,30.068,71.3,32,51.6,17,18,78,58,0.0,255,32767,0.16,2056-9-18,0.04,0.52,23.84,0.0,0.0,0.0,0,0.90234375,8,0,07:14,19:19,2025-03-18 07:11:15.018264,Marina di Stabia,31.1,6.639279,14.05905,5.7798514,10.930394,EU EEA Common AQI,73.8,6.5582366,13.21546,3600,4.811594,100,100,51.4,8.937198,Very Low,75.5,6.355935,100,1739186100,Very Low,9.633085,6.8510075,Very Low,6.062216,42.9,5.362319,100,1739186100,5.362319
2025-03-18T07:11:26Z,20,30.068,71.3,32,51.6,18,18,71,58,0.0,255,32767,0.16,2056-9-18,0.04,0.52,23.84,0.0,0.0,0.0,0,0.90234375,8,0,07:14,19:19,2025-03-18 07:11:26.124261,Marina di Stabia,31.1,6.639279,14.05905,5.7798514,10.930394,EU EEA Common AQI,73.8,6.5582366,13.21546,3600,4.811594,100,100,51.4,8.937198,Very Low,75.5,6.355935,100,1739186100,Very Low,9.633085,6.8510075,Very Low,6.062216,42.9,5.362319,100,1739186100,5.362319
2025-03-18T07:11:37Z,20,30.068,71.3,32,51.6,16,18,86,58,0.0,255,32767,0.16,2056-9-18,0.04,0.52,23.84,0.0,0.0,0.0,0,0.90234375,8,0,07:14,19:19,2025-03-18 07:11:37.208258,Marina di Stabia,31.1,6.639279,14.05905,5.7798514,10.930394,EU EEA Common AQI,73.8,6.5582366,13.21546,3600,4.811594,100,100,51.4,8.937198,Very Low,75.5,6.355935,100,1739186100,Very Low,9.633085,6.8510075,Very Low,6.062216,42.9,5.362319,100,1739186100,5.362319
2025-03-18T07:11:48Z,20,30.068,71.3,32,51.6,14,18,71,58,0.0,255,32767,0.16,2056-9-18,0.04,0.52,23.84,0.0,0.0,0.0,0,0.90234375,8,0,07:14,19:19,2025-03-18 07:11:48.297258,Marina di Stabia,31.1,6.639279,14.05905,5.7798514,10.930394,EU EEA Common AQI,73.8,6.5582366,13.21546,3600,4.811594,100,100,51.4,8.937198,Very Low,75.5,6.355935,100,1739186100,Very Low,9.633085,6.8510075,Very Low,6.062216,42.9,5.362319,100,1739186100,5.362319
2025-03-18T07:11:59Z,20,30.07,71.2,32,51.6,15,18,67,58,0.0,255,32767,0.16,2056-9-18,0.04,0.52,23.84,0.0,0.0,0.0,0,1.927734375,8,0,07:14,19:19,2025-03-18 07:11:59.377255,Marina di Stabia,31.1,6.639279,14.05905,5.7798514,10.930394,EU EEA Common AQI,73.8,6.5582366,13.21546,3600,4.811594,100,100,51.4,8.937198,Very Low,75.5,6.355935,100,1739186100,Very Low,9.633085,6.8510075,Very Low,6.062216,42.9,5.362319,100,1739186100,5.362319
2025-03-18T07:12:10Z,20,30.07,71.2,32,51.6,18,18,79,58,0.0,255,32767,0.16,2056-9-18,0.04,0.52,23.84,0.0,0.0,0.0,0,1.927734375,8,0,07:14,19:19,2025-03-18 07:12:10.486334,Marina di Stabia,31.1,6.639279,14.05905,5.7798514,10.930394,EU EEA Common AQI,73.8,6.5582366,13.21546,3600,4.811594,100,100,51.4,8.937198,Very Low,75.5,6.355935,100,1739186100,Very Low,9.633085,6.8510075,Very Low,6.062216,42.9,5.362319,100,1739186100,5.362319
2025-03-18T07:12:21Z,20,30.07,71.2,32,51.6,16,18,80,58,0.0,255,32767,0.16,2056-9-18,0.04,0.52,23.84,0.0,0.0,0.0,0,1.927734375,8,0,07:14,19:19,2025-03-18 07:12:21.607256,Marina di Stabia,31.1,6.639279,14.05905,5.7798514,10.930394,EU EEA Common AQI,73.8,6.5582366,13.21546,3600,4.811594,100,100,51.4,8.937198,Very Low,75.5,6.355935,100,1739186100,Very Low,9.633085,6.8510075,Very Low,6.062216,42.9,5.362319,100,1739186100,5.362319
2025-03-18T07:12:32Z,20,30.07,71.2,32,51.6,16,18,97,58,0.0,255,32767,0.16,2056-9-18,0.04,0.52,23.84,0.0,0.0,0.0,0,1.927734375,8,0,07:14,19:19,2025-03-18 07:12:32.691265,Marina di Stabia,31.1,6.639279,14.05905,5.7798514,10.930394,EU EEA Common AQI,73.8,6.5582366,13.21546,3600,4.811594,100,100,51.4,8.937198,Very Low,75.5,6.355935,100,1739186100,Very Low,9.633085,6.8510075,Very Low,6.062216,42.9,5.362319,100,1739186100,5.362319
2025-03-18T07:12:43Z,20,30.07,71.2,32,51.6,19,18,90,58,0.0,255,32767,0.16,2056-9-18,0.04,0.52,23.84,0.0,0.0,0.0,0,1.927734375,8,0,07:14,19:19,2025-03-18 07:12:43.778256,Marina di Stabia,31.1,6.639279,14.05905,5.7798514,10.930394,EU EEA Common AQI,73.8,6.5582366,13.21546,3600,4.811594,100,100,51.4,8.937198,Very Low,75.5,6.355935,100,1739186100,Very Low,9.633085,6.8510075,Very Low,6.062216,42.9,5.362319,100,1739186100,5.362319
2025-03-18T07:12:55Z,20,30.07,71.2,32,51.6,21,18,69,58,0.0,255,32767,0.16,2056-9-18,0.04,0.52,23.84,0.0,0.0,0.0,0,1.927734375,8,0,07:14,19:19,2025-03-18 07:12:54.855266,Marina di Stabia,31.1,6.639279,14.05905,5.7798514,10.930394,EU EEA Common AQI,73.8,6.5582366,13.21546,3600,4.811594,100,100,51.4,8.937198,Very Low,75.5,6.355935,100,1739186100,Very Low,9.633085,6.8510075,Very Low,6.062216,42.9,5.362319,100,1739186100,5.362319
2025-03-18T07:13:06Z,20,30.071,71.3,32,51.6,18,18,103,58,0.0,255,32767,0.16,2056-9-18,0.04,0.52,23.84,0.0,0.0,0.0,0,0.87890625,8,0,07:14,19:19,2025-03-18 07:13:05.943265,Marina di Stabia,31.1,6.639279,14.05905,5.7798514,10.930394,EU EEA Common AQI,73.8,6.5582366,13.21546,3600,4.811594,100,100,51.4,8.937198,Very Low,75.5,6.355935,100,1739186100,Very Low,9.633085,6.8510075,Very Low,6.062216,42.9,5.362319,100,1739186100,5.362319
2025-03-18T07:13:17Z,20,30.071,71.3,32,51.6,22,18,82,58,0.0,255,32767,0.16,2056-9-18,0.04,0.52,23.84,0.0,0.0,0.0,0,0.87890625,8,0,07:14,19:19,2025-03-18 07:13:17.014258,Marina di Stabia,31.1,6.639279,14.05905,5.7798514,10.930394,EU EEA Common AQI,73.8,6.5582366,13.21546,3600,4.811594,100,100,51.4,8.937198,Very Low,75.5,6.355935,100,1739186100,Very Low,9.633085,6.8510075,Very Low,6.062216,42.9,5.362319,100,1739186100,5.362319
2025-03-18T07:13:28Z,20,30.071,71.3,32,51.6,18,18,85,58,0.0,255,32767,0.16,2056-9-18,0.04,0.52,23.84,0.0,0.0,0.0,0,0.87890625,8,0,07:14,19:19,2025-03-18 07:13:28.136259,Marina di Stabia,31.1,6.639279,14.05905,5.7798514,10.930394,EU EEA Common AQI,73.8,6.5582366,13.21546,3600,4.811594,100,100,51.4,8.937198,Very Low,75.5,6.355935,100,1739186100,Very Low,9.633085,6.8510075,Very Low,6.062216,42.9,5.362319,100,1739186100,5.362319
2025-03-18T07:13:39Z,20,30.071,71.3,32,51.6,17,18,78,58,0.0,255,32767,0.16,2056-9-18,0.04,0.52,23.84,0.0,0.0,0.0,0,0.87890625,8,0,07:14,19:19,2025-03-18 07:13:39.227268,Marina di Stabia,31.1,6.639279,14.05905,5.7798514,10.930394,EU EEA Common AQI,73.8,6.5582366,13.21546,3600,4.811594,100,100,51.4,8.937198,Very Low,75.5,6.355935,100,1739186100,Very Low,9.633085,6.8510075,Very Low,6.062216,42.9,5.362319,100,1739186100,5.362319
2025-03-18T07:13:50Z,20,30.071,71.3,32,51.6,14,18,74,58,0.0,255,32767,0.16,2056-9-18,0.04,0.52,23.84,0.0,0.0,0.0,0,0.87890625,8,0,07:14,19:19,2025-03-18 07:13:50.300263,Marina di Stabia,31.1,6.639279,14.05905,5.7798514,10.930394,EU EEA Common AQI,73.8,6.5582366,13.21546,3600,4.811594,100,100,51.4,8.937198,Very Low,75.5,6.355935,100,1739186100,Very Low,9.633085,6.8510075,Very Low,6.062216,42.9,5.362319,100,1739186100,5.362319
2025-03-18T07:14:01Z,20,30.07,71.3,32,51.6,19,18,99,58,0.0,255,32767,0.16,2056-9-18,0.04,0.52,23.84,0.0,0.0,0.0,0,0.873046875,8,0,07:14,19:19,2025-03-18 07:14:01.425278,Marina di Stabia,31.1,6.639279,14.05905,5.7798514,10.930394,EU EEA Common AQI,73.8,6.5582366,13.21546,3600,4.811594,100,100,51.4,8.937198,Very Low,75.5,6.355935,100,1739186100,Very Low,9.633085,6.8510075,Very Low,6.062216,42.9,5.362319,100,1739186100,5.362319
2025-03-18T07:14:12Z,20,30.07,71.3,32,51.6,19,18,71,58,0.0,255,32767,0.16,2056-9-18,0.04,0.52,23.84,0.0,0.0,0.0,0,0.873046875,8,0,07:14,19:19,2025-03-18 07:14:12.500222,Marina di Stabia,31.1,6.639279,14.05905,5.7798514,10.930394,EU EEA Common AQI,73.8,6.5582366,13.21546,3600,4.811594,100,100,51.4,8.937198,Very Low,75.5,6.355935,100,1739186100,Very Low,9.633085,6.8510075,Very Low,6.062216,42.9,5.362319,100,1739186100,5.362319
2025-03-18T07:14:23Z,20,30.07,71.3,32,51.6,21,18,84,58,0.0,255,32767,0.16,2056-9-18,0.04,0.52,23.84,0.0,0.0,0.0,0,0.873046875,8,0,07:14,19:19,2025-03-18 07:14:23.589260,Marina di Stabia,31.1,6.639279,14.05905,5.7798514,10.930394,EU EEA Common AQI,73.8,6.5582366,13.21546,3600,4.811594,100,100,51.4,8.937198,Very Low,75.5,6.355935,100,1739186100,Very Low,9.633085,6.8510075,Very Low,6.062216,42.9,5.362319,100,1739186100,5.362319
2025-03-18T07:14:34Z,20,30.07,71.3,32,51.6,24,18,86,58,0.0,255,32767,0.16,2056-9-18,0.04,0.52,23.84,0.0,0.0,0.0,0,0.873046875,8,0,07:14,19:19,2025-03-18 07:14:34.692251,Marina di Stabia,31.1,6.639279,14.05905,5.7798514,10.930394,EU EEA Common AQI,73.8,6.5582366,13.21546,3600,4.811594,100,100,51.4,8.937198,Very Low,75.5,6.355935,100,1739186100,Very Low,9.633085,6.8510075,Very Low,6.062216,42.9,5.362319,100,1739186100,5.362319
2025-03-18T07:14:45Z,20,30.07,71.3,32,51.6,21,18,65,58,0.0,255,32767,0.16,2056-9-18,0.04,0.52,23.84,0.0,0.0,0.0,0,0.873046875,8,0,07:14,19:19,2025-03-18 07:14:45.767258,Marina di Stabia,31.1,6.639279,14.05905,5.7798514,10.930394,EU EEA Common AQI,73.8,6.5582366,13.21546,3600,4.811594,100,100,51.4,8.937198,Very Low,75.5,6.355935,100,1739186100,Very Low,9.633085,6.8510075,Very Low,6.062216,42.9,5.362319,100,1739186100,5.362319
2025-03-18T07:14:57Z,20,30.07,71.3,32,51.6,20,18,78,58,0.0,255,32767,0.16,2056-9-18,0.04,0.52,23.84,0.0,0.0,0.0,0,0.873046875,8,0,07:14,19:19,2025-03-18 07:14:56.842280,Marina di Stabia,31.1,6.639279,14.05905,5.7798514,10.930394,EU EEA Common AQI,73.8,6.5582366,13.21546,3600,4.811594,100,100,51.4,8.937198,Very Low,75.5,6.355935,100,1739186100,Very Low,9.633085,6.8510075,Very Low,6.062216,42.9,5.362319,100,1739186100,5.362319
2025-03-18T07:15:08Z,20,30.067,71.3,32,51.5,19,18,94,58,0.0,255,32767,0.16,2056-9-18,0.04,0.52,23.84,0.0,0.0,0.0,0,0.919921875,8,0,07:14,19:19,2025-03-18 07:15:07.917272,Marina di Stabia,31.1,6.639279,14.05905,5.7798514,10.930394,EU EEA Common AQI,73.8,6.5582366,13.21546,3600,4.811594,100,100,51.4,8.937198,Very Low,75.5,6.355935,100,1739186100,Very Low,9.633085,6.8510075,Very Low,6.062216,42.9,5.362319,100,1739186100,5.362319
2025-03-18T07:15:19Z,20,30.067,71.3,32,51.5,16,18,104,58,0.0,255,32767,0.16,2056-9-18,0.04,0.52,23.84,0.0,0.0,0.0,0,0.919921875,8,0,07:14,19:19,2025-03-18 07:15:18.989262,Marina di Stabia,31.1,6.639279,14.05905,5.7798514,10.930394,EU EEA Common AQI,73.8,6.5582366,13.21546,3600,4.811594,100,100,51.4,8.937198,Very Low,75.5,6.355935,100,1739186100,Very Low,9.633085,6.8510075,Very Low,6.062216,42.9,5.362319,100,1739186100,5.362319
2025-03-18T07:15:30Z,20,30.067,71.3,32,51.5,21,18,99,58,0.0,255,32767,0.16,2056-9-18,0.04,0.52,23.84,0.0,0.0,0.0,0,0.919921875,8,0,07:14,19:19,2025-03-18 07:15:30.074273,Marina di Stabia,31.1,6.639279,14.05905,5.7798514,10.930394,EU EEA Common AQI,73.8,6.5582366,13.21546,3600,4.811594,100,100,51.4,8.937198,Very Low,75.5,6.355935,100,1739186100,Very Low,9.633085,6.8510075,Very Low,6.062216,42.9,5.362319,100,1739186100,5.362319
2025-03-18T07:15:41Z,20,30.067,71.3,32,51.6,25,18,96,57,0.0,255,32767,0.16,2056-9-18,0.04,0.52,23.84,0.0,0.0,0.0,0,0.919921875,8,0,07:14,19:19,2025-03-18 07:15:41.177269,Marina di Stabia,31.1,6.639279,14.05905,5.7798514,10.930394,EU EEA Common AQI,73.8,6.5582366,13.21546,3600,4.811594,100,100,51.4,8.937198,Very Low,75.5,6.355935,100,1739186100,Very Low,9.633085,6.8510075,Very Low,6.062216,42.9,5.362319,100,1739186100,5.362319
2025-03-18T07:15:52Z,20,30.067,71.3,32,51.6,27,18,99,57,0.0,255,32767,0.16,2056-9-18,0.04,0.52,23.84,0.0,0.0,0.0,0,0.919921875,8,0,07:14,19:19,2025-03-18 07:15:52.267277,Marina di Stabia,31.1,6.639279,14.05905,5.7798514,10.930394,EU EEA Common AQI,73.8,6.5582366,13.21546,3600,4.811594,100,100,51.4,8.937198,Very Low,75.5,6.355935,100,1739186100,Very Low,9.633085,6.8510075,Very Low,6.062216,42.9,5.362319,100,1739186100,5.362319
2025-03-18T07:16:03Z,20,30.067,71.4,32,51.6,27,18,91,57,0.0,255,32767,0.16,2056-9-18,0.04,0.52,23.84,0.0,0.0,0.0,0,0.966796875,8,0,07:14,19:19,2025-03-18 07:16:03.352261,Marina di Stabia,31.1,6.639279,14.05905,5.7798514,10.930394,EU EEA Common AQI,73.8,6.5582366,13.21546,3600,4.811594,100,100,51.4,8.937198,Very Low,75.5,6.355935,100,1739186100,Very Low,9.633085,6.8510075,Very Low,6.062216,42.9,5.362319,100,1739186100,5.362319
2025-03-18T07:16:14Z,20,30.067,71.4,32,51.5,21,18,91,57,0.0,255,32767,0.16,2056-9-18,0.04,0.52,23.84,0.0,0.0,0.0,0,0.966796875,8,0,07:14,19:19,2025-03-18 07:16:14.468259,Marina di Stabia,31.1,6.639279,14.05905,5.7798514,10.930394,EU EEA Common AQI,73.8,6.5582366,13.21546,3600,4.811594,100,100,51.4,8.937198,Very Low,75.5,6.355935,100,1739186100,Very Low,9.633085,6.8510075,Very Low,6.062216,42.9,5.362319,100,1739186100,5.362319
2025-03-18T07:16:25Z,20,30.067,71.4,32,51.5,21,18,104,57,0.0,255,32767,0.16,2056-9-18,0.04,0.52,23.84,0.0,0.0,0.0,0,0.966796875,8,0,07:14,19:19,2025-03-18 07:16:25.545257,Marina di Stabia,31.1,6.639279,14.05905,5.7798514,10.930394,EU EEA Common AQI,73.8,6.5582366,13.21546,3600,4.811594,100,100,51.4,8.937198,Very Low,75.5,6.355935,100,1739186100,Very Low,9.633085,6.8510075,Very Low,6.062216,42.9,5.362319,100,1739186100,5.362319
2025-03-18T07:16:36Z,20,30.067,71.4,32,51.5,22,18,88,57,0.0,255,32767,0.16,2056-9-18,0.04,0.52,23.84,0.0,0.0,0.0,0,0.966796875,8,0,07:14,19:19,2025-03-18 07:16:36.652272,Marina di Stabia,31.1,6.639279,14.05905,5.7798514,10.930394,EU EEA Common AQI,73.8,6.5582366,13.21546,3600,4.811594,100,100,51.4,8.937198,Very Low,75.5,6.355935,100,1739186100,Very Low,9.633085,6.8510075,Very Low,6.062216,42.9,5.362319,100,1739186100,5.362319
2025-03-18T07:16:47Z,20,30.067,71.4,32,51.5,21,18,86,57,0.0,255,32767,0.16,2056-9-18,0.04,0.52,23.84,0.0,0.0,0.0,0,0.966796875,8,0,07:14,19:19,2025-03-18 07:16:47.733259,Marina di Stabia,31.1,6.639279,14.05905,5.7798514,10.930394,EU EEA Common AQI,73.8,6.5582366,13.21546,3600,4.811594,100,100,51.4,8.937198,Very Low,75.5,6.355935,100,1739186100,Very Low,9.633085,6.8510075,Very Low,6.062216,42.9,5.362319,100,1739186100,5.362319
2025-03-18T07:16:59Z,20,30.07,71.4,32,51.5,19,18,91,57,0.0,255,32767,0.16,2056-9-18,0.04,0.52,23.84,0.0,0.0,0.0,0,1.30078125,8,0,07:14,19:19,2025-03-18 07:16:58.818267,Marina di Stabia,31.1,6.639279,14.05905,5.7798514,10.930394,EU EEA Common AQI,73.8,6.5582366,13.21546,3600,4.811594,100,100,51.4,8.937198,Very Low,75.5,6.355935,100,1739186100,Very Low,9.633085,6.8510075,Very Low,6.062216,42.9,5.362319,100,1739186100,5.362319
2025-03-18T07:17:10Z,20,30.07,71.4,32,51.5,18,18,74,57,0.0,255,32767,0.16,2056-9-18,0.04,0.52,23.84,0.0,0.0,0.0,0,1.30078125,8,0,07:14,19:19,2025-03-18 07:17:09.895259,Marina di Stabia,31.1,6.639279,14.05905,5.7798514,10.930394,EU EEA Common AQI,73.8,6.5582366,13.21546,3600,4.811594,100,100,51.4,8.937198,Very Low,75.5,6.355935,100,1739186100,Very Low,9.633085,6.8510075,Very Low,6.062216,42.9,5.362319,100,1739186100,5.362319
2025-03-18T07:17:21Z,20,30.07,71.4,32,51.5,18,18,78,57,0.0,255,32767,0.16,2056-9-18,0.04,0.52,23.84,0.0,0.0,0.0,0,1.30078125,8,0,07:14,19:19,2025-03-18 07:17:21.006271,Marina di Stabia,31.1,6.639279,14.05905,5.7798514,10.930394,EU EEA Common AQI,73.8,6.5582366,13.21546,3600,4.811594,100,100,51.4,8.937198,Very Low,75.5,6.355935,100,1739186100,Very Low,9.633085,6.8510075,Very Low,6.062216,42.9,5.362319,100,1739186100,5.362319
2025-03-18T07:17:32Z,20,30.07,71.4,32,51.5,22,18,80,57,0.0,255,32767,0.16,2056-9-18,0.04,0.52,23.84,0.0,0.0,0.0,0,1.30078125,8,0,07:14,19:19,2025-03-18 07:17:32.088268,Marina di Stabia,31.1,6.639279,14.05905,5.7798514,10.930394,EU EEA Common AQI,73.8,6.5582366,13.21546,3600,4.811594,100,100,51.4,8.937198,Very Low,75.5,6.355935,100,1739186100,Very Low,9.633085,6.8510075,Very Low,6.062216,42.9,5.362319,100,1739186100,5.362319
2025-03-18T07:17:43Z,20,30.07,71.4,32,51.5,22,18,73,57,0.0,255,32767,0.16,2056-9-18,0.04,0.52,23.84,0.0,0.0,0.0,0,1.30078125,8,0,07:14,19:19,2025-03-18 07:17:43.193263,Marina di Stabia,31.1,6.639279,14.05905,5.7798514,10.930394,EU EEA Common AQI,73.8,6.5582366,13.21546,3600,4.811594,100,100,51.4,8.937198,Very Low,75.5,6.355935,100,1739186100,Very Low,9.633085,6.8510075,Very Low,6.062216,42.9,5.362319,100,1739186100,5.362319
2025-03-18T07:17:54Z,20,30.07,71.4,32,51.5,19,18,78,57,0.0,255,32767,0.16,2056-9-18,0.04,0.52,23.84,0.0,0.0,0.0,0,1.30078125,8,0,07:14,19:19,2025-03-18 07:17:54.305230,Marina di Stabia,31.1,6.639279,14.05905,5.7798514,10.930394,EU EEA Common AQI,73.8,6.5582366,13.21546,3600,4.811594,100,100,51.4,8.937198,Very Low,75.5,6.355935,100,1739186100,Very Low,9.633085,6.8510075,Very Low,6.062216,42.9,5.362319,100,1739186100,5.362319
2025-03-18T07:18:05Z,20,30.073,71.5,32,51.5,14,18,84,57,0.0,255,32767,0.16,2056-9-18,0.04,0.52,23.84,0.0,0.0,0.0,0,0.873046875,8,0,07:14,19:19,2025-03-18 07:18:05.398259,Marina di Stabia,31.1,6.639279,14.05905,5.7798514,10.930394,EU EEA Common AQI,73.8,6.5582366,13.21546,3600,4.811594,100,100,51.4,8.937198,Very Low,75.5,6.355935,100,1739186100,Very Low,9.633085,6.8510075,Very Low,6.062216,42.9,5.362319,100,1739186100,5.362319
2025-03-18T07:18:16Z,20,30.073,71.5,32,51.5,12,18,88,57,0.0,255,32767,0.16,2056-9-18,0.04,0.52,23.84,0.0,0.0,0.0,0,0.873046875,8,0,07:14,19:19,2025-03-18 07:18:16.482258,Marina di Stabia,31.1,6.639279,14.05905,5.7798514,10.930394,EU EEA Common AQI,73.8,6.5582366,13.21546,3600,4.811594,100,100,51.4,8.937198,Very Low,75.5,6.355935,100,1739186100,Very Low,9.633085,6.8510075,Very Low,6.062216,42.9,5.362319,100,1739186100,5.362319
2025-03-18T07:18:27Z,20,30.073,71.5,32,51.5,14,18,89,57,0.0,255,32767,0.16,2056-9-18,0.04,0.52,23.84,0.0,0.0,0.0,0,0.873046875,8,0,07:14,19:19,2025-03-18 07:18:27.573222,Marina di Stabia,31.1,6.639279,14.05905,5.7798514,10.930394,EU EEA Common AQI,73.8,6.5582366,13.21546,3600,4.811594,100,100,51.4,8.937198,Very Low,75.5,6.355935,100,1739186100,Very Low,9.633085,6.8510075,Very Low,6.062216,42.9,5.362319,100,1739186100,5.362319
2025-03-18T07:18:38Z,20,30.073,71.5,32,51.5,11,18,92,57,0.0,255,32767,0.16,2056-9-18,0.04,0.52,23.84,0.0,0.0,0.0,0,0.873046875,8,0,07:14,19:19,2025-03-18 07:18:38.663262,Marina di Stabia,31.1,6.639279,14.05905,5.7798514,10.930394,EU EEA Common AQI,73.8,6.5582366,13.21546,3600,4.811594,100,100,51.4,8.937198,Very Low,75.5,6.355935,100,1739186100,Very Low,9.633085,6.8510075,Very Low,6.062216,42.9,5.362319,100,1739186100,5.362319
2025-03-18T07:18:49Z,20,30.073,71.5,32,51.5,19,18,95,57,0.0,255,32767,0.16,2056-9-18,0.04,0.52,23.84,0.0,0.0,0.0,0,0.873046875,8,0,07:14,19:19,2025-03-18 07:18:49.747228,Marina di Stabia,31.1,6.639279,14.05905,5.7798514,10.930394,EU EEA Common AQI,73.8,6.5582366,13.21546,3600,4.811594,100,100,51.4,8.937198,Very Low,75.5,6.355935,100,1739186100,Very Low,9.633085,6.8510075,Very Low,6.062216,42.9,5.362319,100,1739186100,5.362319
2025-03-18T07:19:01Z,20,30.071,71.4,32,51.5,19,18,83,58,0.0,255,32767,0.16,2056-9-18,0.04,0.52,23.84,0.0,0.0,0.0,0,0.873046875,8,0,07:14,19:19,2025-03-18 07:19:00.866263,Marina di Stabia,31.1,6.639279,14.05905,5.7798514,10.930394,EU EEA Common AQI,73.8,6.5582366,13.21546,3600,4.811594,100,100,51.4,8.937198,Very Low,75.5,6.355935,100,1739186100,Very Low,9.633085,6.8510075,Very Low,6.062216,42.9,5.362319,100,1739186100,5.362319
2025-03-18T07:19:12Z,20,30.071,71.4,32,51.5,15,18,86,58,0.0,255,32767,0.16,2056-9-18,0.04,0.52,23.84,0.0,0.0,0.0,0,0.873046875,8,0,07:14,19:19,2025-03-18 07:19:11.958229,Marina di Stabia,31.1,6.639279,14.05905,5.7798514,10.930394,EU EEA Common AQI,73.8,6.5582366,13.21546,3600,4.811594,100,100,51.4,8.937198,Very Low,75.5,6.355935,100,1739186100,Very Low,9.633085,6.8510075,Very Low,6.062216,42.9,5.362319,100,1739186100,5.362319
2025-03-18T07:19:23Z,20,30.071,71.4,32,51.5,17,18,76,58,0.0,255,32767,0.16,2056-9-18,0.04,0.52,23.84,0.0,0.0,0.0,0,0.873046875,8,0,07:14,19:19,2025-03-18 07:19:23.036261,Marina di Stabia,31.1,6.639279,14.05905,5.7798514,10.930394,EU EEA Common AQI,73.8,6.5582366,13.21546,3600,4.811594,100,100,51.4,8.937198,Very Low,75.5,6.355935,100,1739186100,Very Low,9.633085,6.8510075,Very Low,6.062216,42.9,5.362319,100,1739186100,5.362319
2025-03-18T07:19:34Z,20,30.071,71.4,32,51.5,15,18,78,58,0.0,255,32767,0.16,2056-9-18,0.04,0.52,23.84,0.0,0.0,0.0,0,0.873046875,8,0,07:14,19:19,2025-03-18 07:19:34.124258,Marina di Stabia,31.1,6.639279,14.05905,5.7798514,10.930394,EU EEA Common AQI,73.8,6.5582366,13.21546,3600,4.811594,100,100,51.4,8.937198,Very Low,75.5,6.355935,100,1739186100,Very Low,9.633085,6.8510075,Very Low,6.062216,42.9,5.362319,100,1739186100,5.362319
2025-03-18T07:19:45Z,20,30.071,71.4,32,51.6,14,18,82,58,0.0,255,32767,0.16,2056-9-18,0.04,0.52,23.84,0.0,0.0,0.0,0,0.873046875,8,0,07:14,19:19,2025-03-18 07:19:45.196266,Marina di Stabia,31.1,6.639279,14.05905,5.7798514,10.930394,EU EEA Common AQI,73.8,6.5582366,13.21546,3600,4.811594,100,100,51.4,8.937198,Very Low,75.5,6.355935,100,1739186100,Very Low,9.633085,6.8510075,Very Low,6.062216,42.9,5.362319,100,1739186100,5.362319
2025-03-18T07:19:56Z,20,30.071,71.4,32,51.6,12,18,82,58,0.0,255,32767,0.16,2056-9-18,0.04,0.52,23.84,0.0,0.0,0.0,0,0.873046875,8,0,07:14,19:19,2025-03-18 07:19:56.274260,Marina di Stabia,31.1,6.639279,14.05905,5.7798514,10.930394,EU EEA Common AQI,73.8,6.5582366,13.21546,3600,4.811594,100,100,51.4,8.937198,Very Low,75.5,6.355935,100,1739186100,Very Low,9.633085,6.8510075,Very Low,6.062216,42.9,5.362319,100,1739186100,5.362319
2025-03-18T07:20:07Z,20,30.074,71.4,32,51.6,16,18,91,58,0.0,255,32767,0.16,2056-9-18,0.04,0.52,23.84,0.0,0.0,0.0,0,0.890625,8,0,07:14,19:19,2025-03-18 07:20:07.391275,Marina di Stabia,31.1,6.639279,14.05905,5.7798514,10.930394,EU EEA Common AQI,73.8,6.5582366,13.21546,3600,4.811594,100,100,51.4,8.937198,Very Low,75.5,6.355935,100,1739186100,Very Low,9.633085,6.8510075,Very Low,6.062216,42.9,5.362319,100,1739186100,5.362319
2025-03-18T07:20:18Z,20,30.074,71.4,32,51.6,18,18,78,58,0.0,255,32767,0.16,2056-9-18,0.04,0.52,23.84,0.0,0.0,0.0,0,0.890625,8,0,07:14,19:19,2025-03-18 07:20:18.475260,Marina di Stabia,31.1,6.639279,14.05905,5.7798514,10.930394,EU EEA Common AQI,73.8,6.5582366,13.21546,3600,4.811594,100,100,51.4,8.937198,Very Low,75.5,6.355935,100,1739186100,Very Low,9.633085,6.8510075,Very Low,6.062216,42.9,5.362319,100,1739186100,5.362319
2025-03-18T07:20:29Z,20,30.074,71.4,32,51.6,14,18,92,58,0.0,255,32767,0.16,2056-9-18,0.04,0.52,23.84,0.0,0.0,0.0,0,0.890625,8,0,07:14,19:19,2025-03-18 07:20:29.594273,Marina di Stabia,31.1,6.639279,14.05905,5.7798514,10.930394,EU EEA Common AQI,73.8,6.5582366,13.21546,3600,4.811594,100,100,51.4,8.937198,Very Low,75.5,6.355935,100,1739186100,Very Low,9.633085,6.8510075,Very Low,6.062216,42.9,5.362319,100,1739186100,5.362319
2025-03-18T07:20:40Z,20,30.074,71.4,32,51.6,19,18,89,58,0.0,255,32767,0.16,2056-9-18,0.04,0.52,23.84,0.0,0.0,0.0,0,0.890625,8,0,07:14,19:19,2025-03-18 07:20:40.670267,Marina di Stabia,31.1,6.639279,14.05905,5.7798514,10.930394,EU EEA Common AQI,73.8,6.5582366,13.21546,3600,4.811594,100,100,51.4,8.937198,Very Low,75.5,6.355935,100,1739186100,Very Low,9.633085,6.8510075,Very Low,6.062216,42.9,5.362319,100,1739186100,5.362319
2025-03-18T07:20:51Z,20,30.074,71.4,32,51.7,16,18,126,58,0.0,255,32767,0.16,2056-9-18,0.04,0.52,23.84,0.0,0.0,0.0,0,0.890625,8,0,07:14,19:19,2025-03-18 07:20:51.781263,Marina di Stabia,31.1,6.639279,14.05905,5.7798514,10.930394,EU EEA Common AQI,73.8,6.5582366,13.21546,3600,4.811594,100,100,51.4,8.937198,Very Low,75.5,6.355935,100,1739186100,Very Low,9.633085,6.8510075,Very Low,6.062216,42.9,5.362319,100,1739186100,5.362319
2025-03-18T07:21:03Z,20,30.073,71.4,32,51.6,17,18,86,58,0.0,255,32767,0.16,2056-9-18,0.04,0.52,23.84,0.0,0.0,0.0,0,0.90234375,8,0,07:14,19:19,2025-03-18 07:21:02.867271,Marina di Stabia,31.1,6.639279,14.05905,5.7798514,10.930394,EU EEA Common AQI,73.8,6.5582366,13.21546,3600,4.811594,100,100,51.4,8.937198,Very Low,75.5,6.355935,100,1739186100,Very Low,9.633085,6.8510075,Very Low,6.062216,42.9,5.362319,100,1739186100,5.362319
2025-03-18T07:21:14Z,20,30.073,71.4,32,51.6,17,18,82,58,0.0,255,32767,0.16,2056-9-18,0.04,0.52,23.84,0.0,0.0,0.0,0,0.90234375,8,0,07:14,19:19,2025-03-18 07:21:13.988267,Marina di Stabia,31.1,6.639279,14.05905,5.7798514,10.930394,EU EEA Common AQI,73.8,6.5582366,13.21546,3600,4.811594,100,100,51.4,8.937198,Very Low,75.5,6.355935,100,1739186100,Very Low,9.633085,6.8510075,Very Low,6.062216,42.9,5.362319,100,1739186100,5.362319
2025-03-18T07:21:25Z,20,30.073,71.4,32,51.7,13,18,80,58,0.0,255,32767,0.16,2056-9-18,0.04,0.52,23.84,0.0,0.0,0.0,0,0.90234375,8,0,07:14,19:19,2025-03-18 07:21:25.076258,Marina di Stabia,31.1,6.639279,14.05905,5.7798514,10.930394,EU EEA Common AQI,73.8,6.5582366,13.21546,3600,4.811594,100,100,51.4,8.937198,Very Low,75.5,6.355935,100,1739186100,Very Low,9.633085,6.8510075,Very Low,6.062216,42.9,5.362319,100,1739186100,5.362319
2025-03-18T07:21:36Z,20,30.073,71.4,32,51.7,18,18,64,58,0.0,255,32767,0.16,2056-9-18,0.04,0.52,23.84,0.0,0.0,0.0,0,0.90234375,8,0,07:14,19:19,2025-03-18 07:21:36.157236,Marina di Stabia,31.1,6.639279,14.05905,5.7798514,10.930394,EU EEA Common AQI,73.8,6.5582366,13.21546,3600,4.811594,100,100,51.4,8.937198,Very Low,75.5,6.355935,100,1739186100,Very Low,9.633085,6.8510075,Very Low,6.062216,42.9,5.362319,100,1739186100,5.362319
2025-03-18T07:21:47Z,20,30.073,71.4,32,51.7,22,18,71,58,0.0,255,32767,0.16,2056-9-18,0.04,0.52,23.84,0.0,0.0,0.0,0,0.90234375,8,0,07:14,19:19,2025-03-18 07:21:47.243261,Marina di Stabia,31.1,6.639279,14.05905,5.7798514,10.930394,EU EEA Common AQI,73.8,6.5582366,13.21546,3600,4.811594,100,100,51.4,8.937198,Very Low,75.5,6.355935,100,1739186100,Very Low,9.633085,6.8510075,Very Low,6.062216,42.9,5.362319,100,1739186100,5.362319
2025-03-18T07:21:58Z,20,30.076,71.5,32,51.8,21,18,78,58,0.0,255,32767,0.16,2056-9-18,0.04,0.52,23.84,0.0,0.0,0.0,0,1.04296875,8,0,07:14,19:19,2025-03-18 07:21:58.325223,Marina di Stabia,31.1,6.639279,14.05905,5.7798514,10.930394,EU EEA Common AQI,73.8,6.5582366,13.21546,3600,4.811594,100,100,51.4,8.937198,Very Low,75.5,6.355935,100,1739186100,Very Low,9.633085,6.8510075,Very Low,6.062216,42.9,5.362319,100,1739186100,5.362319
2025-03-18T07:22:09Z,20,30.076,71.5,32,51.7,29,18,86,58,0.0,255,32767,0.16,2056-9-18,0.04,0.52,23.84,0.0,0.0,0.0,0,1.04296875,8,0,07:14,19:19,2025-03-18 07:22:09.419269,Marina di Stabia,31.1,6.639279,14.05905,5.7798514,10.930394,EU EEA Common AQI,73.8,6.5582366,13.21546,3600,4.811594,100,100,51.4,8.937198,Very Low,75.5,6.355935,100,1739186100,Very Low,9.633085,6.8510075,Very Low,6.062216,42.9,5.362319,100,1739186100,5.362319
2025-03-18T07:22:20Z,20,30.076,71.5,32,51.7,30,18,89,57,0.0,255,32767,0.16,2056-9-18,0.04,0.52,23.84,0.0,0.0,0.0,0,1.04296875,8,0,07:14,19:19,2025-03-18 07:22:20.549263,Marina di Stabia,31.1,6.639279,14.05905,5.7798514,10.930394,EU EEA Common AQI,73.8,6.5582366,13.21546,3600,4.811594,100,100,51.4,8.937198,Very Low,75.5,6.355935,100,1739186100,Very Low,9.633085,6.8510075,Very Low,6.062216,42.9,5.362319,100,1739186100,5.362319
2025-03-18T07:22:31Z,20,30.076,71.5,32,51.7,26,18,94,57,0.0,255,32767,0.16,2056-9-18,0.04,0.52,23.84,0.0,0.0,0.0,0,1.04296875,8,0,07:14,19:19,2025-03-18 07:22:31.674261,Marina di Stabia,31.1,6.639279,14.05905,5.7798514,10.930394,EU EEA Common AQI,73.8,6.5582366,13.21546,3600,4.811594,100,100,51.4,8.937198,Very Low,75.5,6.355935,100,1739186100,Very Low,9.633085,6.8510075,Very Low,6.062216,42.9,5.362319,100,1739186100,5.362319
2025-03-18T07:22:42Z,20,30.076,71.5,32,51.7,27,18,88,57,0.0,255,32767,0.16,2056-9-18,0.04,0.52,23.84,0.0,0.0,0.0,0,1.04296875,8,0,07:14,19:19,2025-03-18 07:22:42.790261,Marina di Stabia,31.1,6.639279,14.05905,5.7798514,10.930394,EU EEA Common AQI,73.8,6.5582366,13.21546,3600,4.811594,100,100,51.4,8.937198,Very Low,75.5,6.355935,100,1739186100,Very Low,9.633085,6.8510075,Very Low,6.062216,42.9,5.362319,100,1739186100,5.362319
2025-03-18T07:22:54Z,20,30.076,71.5,32,51.7,20,18,82,57,0.0,255,32767,0.16,2056-9-18,0.04,0.52,23.84,0.0,0.0,0.0,0,1.04296875,8,0,07:14,19:19,2025-03-18 07:22:53.900259,Marina di Stabia,31.1,6.639279,14.05905,5.7798514,10.930394,EU EEA Common AQI,73.8,6.5582366,13.21546,3600,4.811594,100,100,51.4,8.937198,Very Low,75.5,6.355935,100,1739186100,Very Low,9.633085,6.8510075,Very Low,6.062216,42.9,5.362319,100,1739186100,5.362319
2025-03-18T07:23:05Z,20,30.073,71.5,32,51.7,20,19,82,57,0.0,255,32767,0.16,2056-9-18,0.04,0.52,23.84,0.0,0.0,0.0,0,0.873046875,8,0,07:14,19:19,2025-03-18 07:23:04.977264,Marina di Stabia,31.1,6.639279,14.05905,5.7798514,10.930394,EU EEA Common AQI,73.8,6.5582366,13.21546,3600,4.811594,100,100,51.4,8.937198,Very Low,75.5,6.355935,100,1739186100,Very Low,9.633085,6.8510075,Very Low,6.062216,42.9,5.362319,100,1739186100,5.362319
2025-03-18T07:23:16Z,20,30.073,71.5,32,51.6,27,19,98,56,0.0,255,32767,0.16,2056-9-18,0.04,0.52,23.84,0.0,0.0,0.0,0,0.873046875,8,0,07:14,19:19,2025-03-18 07:23:16.090263,Marina di Stabia,31.1,6.639279,14.05905,5.7798514,10.930394,EU EEA Common AQI,73.8,6.5582366,13.21546,3600,4.811594,100,100,51.4,8.937198,Very Low,75.5,6.355935,100,1739186100,Very Low,9.633085,6.8510075,Very Low,6.062216,42.9,5.362319,100,1739186100,5.362319
2025-03-18T07:23:27Z,20,30.073,71.5,32,51.6,24,19,82,56,0.0,255,32767,0.16,2056-9-18,0.04,0.52,23.84,0.0,0.0,0.0,0,0.873046875,8,0,07:14,19:19,2025-03-18 07:23:27.178266,Marina di Stabia,31.1,6.639279,14.05905,5.7798514,10.930394,EU EEA Common AQI,73.8,6.5582366,13.21546,3600,4.811594,100,100,51.4,8.937198,Very Low,75.5,6.355935,100,1739186100,Very Low,9.633085,6.8510075,Very Low,6.062216,42.9,5.362319,100,1739186100,5.362319
2025-03-18T07:23:38Z,20,30.073,71.5,32,51.6,23,19,76,56,0.0,255,32767,0.16,2056-9-18,0.04,0.52,23.84,0.0,0.0,0.0,0,0.873046875,8,0,07:14,19:19,2025-03-18 07:23:38.287257,Marina di Stabia,31.1,6.639279,14.05905,5.7798514,10.930394,EU EEA Common AQI,73.8,6.5582366,13.21546,3600,4.811594,100,100,51.4,8.937198,Very Low,75.5,6.355935,100,1739186100,Very Low,9.633085,6.8510075,Very Low,6.062216,42.9,5.362319,100,1739186100,5.362319
2025-03-18T07:23:49Z,20,30.073,71.5,32,51.6,22,19,94,56,0.0,255,32767,0.16,2056-9-18,0.04,0.52,23.84,0.0,0.0,0.0,0,0.873046875,8,0,07:14,19:19,2025-03-18 07:23:49.411252,Marina di Stabia,31.1,6.639279,14.05905,5.7798514,10.930394,EU EEA Common AQI,73.8,6.5582366,13.21546,3600,4.811594,100,100,51.4,8.937198,Very Low,75.5,6.355935,100,1739186100,Very Low,9.633085,6.8510075,Very Low,6.062216,42.9,5.362319,100,1739186100,5.362319
2025-03-18T07:24:00Z,20,30.076,71.6,32,51.5,18,19,88,56,0.0,255,32767,0.16,2056-9-18,0.04,0.52,23.84,0.0,0.0,0.0,0,1.998046875,8,0,07:14,19:19,2025-03-18 07:24:00.491262,Marina di Stabia,31.1,6.639279,14.05905,5.7798514,10.930394,EU EEA Common AQI,73.8,6.5582366,13.21546,3600,4.811594,100,100,51.4,8.937198,Very Low,75.5,6.355935,100,1739186100,Very Low,9.633085,6.8510075,Very Low,6.062216,42.9,5.362319,100,1739186100,5.362319
2025-03-18T07:24:11Z,20,30.076,71.6,32,51.5,17,19,86,56,0.0,255,32767,0.16,2056-9-18,0.04,0.52,23.84,0.0,0.0,0.0,0,1.998046875,8,0,07:14,19:19,2025-03-18 07:24:11.589265,Marina di Stabia,31.1,6.639279,14.05905,5.7798514,10.930394,EU EEA Common AQI,73.8,6.5582366,13.21546,3600,4.811594,100,100,51.4,8.937198,Very Low,75.5,6.355935,100,1739186100,Very Low,9.633085,6.8510075,Very Low,6.062216,42.9,5.362319,100,1739186100,5.362319
2025-03-18T07:24:22Z,20,30.076,71.6,32,51.5,18,19,102,56,0.0,255,32767,0.16,2056-9-18,0.04,0.52,23.84,0.0,0.0,0.0,0,1.998046875,8,0,07:14,19:19,2025-03-18 07:24:22.727284,Marina di Stabia,31.1,6.639279,14.05905,5.7798514,10.930394,EU EEA Common AQI,73.8,6.5582366,13.21546,3600,4.811594,100,100,51.4,8.937198,Very Low,75.5,6.355935,100,1739186100,Very Low,9.633085,6.8510075,Very Low,6.062216,42.9,5.362319,100,1739186100,5.362319
2025-03-18T07:24:34Z,20,30.076,71.6,32,51.5,19,19,89,56,0.0,255,32767,0.16,2056-9-18,0.04,0.52,23.84,0.0,0.0,0.0,0,1.998046875,8,0,07:14,19:19,2025-03-18 07:24:33.806274,Marina di Stabia,31.1,6.639279,14.05905,5.7798514,10.930394,EU EEA Common AQI,73.8,6.5582366,13.21546,3600,4.811594,100,100,51.4,8.937198,Very Low,75.5,6.355935,100,1739186100,Very Low,9.633085,6.8510075,Very Low,6.062216,42.9,5.362319,100,1739186100,5.362319
2025-03-18T07:24:45Z,20,30.076,71.6,32,51.5,16,19,81,56,0.0,255,32767,0.16,2056-9-18,0.04,0.52,23.84,0.0,0.0,0.0,0,1.998046875,8,0,07:14,19:19,2025-03-18 07:24:44.897252,Marina di Stabia,31.1,6.639279,14.05905,5.7798514,10.930394,EU EEA Common AQI,73.8,6.5582366,13.21546,3600,4.811594,100,100,51.4,8.937198,Very Low,75.5,6.355935,100,1739186100,Very Low,9.633085,6.8510075,Very Low,6.062216,42.9,5.362319,100,1739186100,5.362319
2025-03-18T07:24:56Z,20,30.076,71.6,32,51.5,16,19,80,57,0.0,255,32767,0.16,2056-9-18,0.04,0.52,23.84,0.0,0.0,0.0,0,1.998046875,8,0,07:14,19:19,2025-03-18 07:24:55.984284,Marina di Stabia,31.1,6.639279,14.05905,5.7798514,10.930394,EU EEA Common AQI,73.8,6.5582366,13.21546,3600,4.811594,100,100,51.4,8.937198,Very Low,75.5,6.355935,100,1739186100,Very Low,9.633085,6.8510075,Very Low,6.062216,42.9,5.362319,100,1739186100,5.362319
2025-03-18T07:25:07Z,20,30.077,71.6,32,51.5,6,19,72,57,0.0,255,32767,0.16,2056-9-18,0.04,0.52,23.84,0.0,0.0,0.0,0,0.87890625,8,0,07:14,19:19,2025-03-18 07:25:07.222256,Marina di Stabia,31.1,6.639279,14.05905,5.7798514,10.930394,EU EEA Common AQI,73.8,6.5582366,13.21546,3600,4.811594,100,100,51.4,8.937198,Very Low,75.5,6.355935,100,1739186100,Very Low,9.633085,6.8510075,Very Low,6.062216,42.9,5.362319,100,1739186100,5.362319
2025-03-18T07:25:18Z,20,30.077,71.6,32,51.5,6,19,161,57,0.0,255,32767,0.16,2056-9-18,0.04,0.52,23.84,0.0,0.0,0.0,0,0.87890625,8,0,07:14,19:19,2025-03-18 07:25:18.334266,Marina di Stabia,31.1,6.639279,14.05905,5.7798514,10.930394,EU EEA Common AQI,73.8,6.5582366,13.21546,3600,4.811594,100,100,51.4,8.937198,Very Low,75.5,6.355935,100,1739186100,Very Low,9.633085,6.8510075,Very Low,6.062216,42.9,5.362319,100,1739186100,5.362319
2025-03-18T07:25:29Z,20,30.077,71.6,32,51.6,13,19,105,57,0.0,255,32767,0.16,2056-9-18,0.04,0.52,23.84,0.0,0.0,0.0,0,0.87890625,8,0,07:14,19:19,2025-03-18 07:25:29.403253,Marina di Stabia,31.1,6.639279,14.05905,5.7798514,10.930394,EU EEA Common AQI,73.8,6.5582366,13.21546,3600,4.811594,100,100,51.4,8.937198,Very Low,75.5,6.355935,100,1739186100,Very Low,9.633085,6.8510075,Very Low,6.062216,42.9,5.362319,100,1739186100,5.362319
2025-03-18T07:25:40Z,20,30.077,71.6,32,51.6,8,19,90,57,0.0,255,32767,0.16,2056-9-18,0.04,0.52,23.84,0.0,0.0,0.0,0,0.87890625,8,0,07:14,19:19,2025-03-18 07:25:40.489268,Marina di Stabia,31.1,6.639279,14.05905,5.7798514,10.930394,EU EEA Common AQI,73.8,6.5582366,13.21546,3600,4.811594,100,100,51.4,8.937198,Very Low,75.5,6.355935,100,1739186100,Very Low,9.633085,6.8510075,Very Low,6.062216,42.9,5.362319,100,1739186100,5.362319
2025-03-18T07:25:51Z,20,30.077,71.6,32,51.6,10,19,95,58,0.0,255,32767,0.16,2056-9-18,0.04,0.52,23.84,0.0,0.0,0.0,0,0.87890625,8,0,07:14,19:19,2025-03-18 07:25:51.570260,Marina di Stabia,31.1,6.639279,14.05905,5.7798514,10.930394,EU EEA Common AQI,73.8,6.5582366,13.21546,3600,4.811594,100,100,51.4,8.937198,Very Low,75.5,6.355935,100,1739186100,Very Low,9.633085,6.8510075,Very Low,6.062216,42.9,5.362319,100,1739186100,5.362319
2025-03-18T07:26:02Z,20,30.076,71.5,32,51.6,20,18,78,58,0.0,255,32767,0.16,2056-9-18,0.04,0.52,23.84,0.0,0.0,0.0,0,0.873046875,8,0,07:14,19:19,2025-03-18 07:26:02.663282,Marina di Stabia,31.1,6.639279,14.05905,5.7798514,10.930394,EU EEA Common AQI,73.8,6.5582366,13.21546,3600,4.811594,100,100,51.4,8.937198,Very Low,75.5,6.355935,100,1739186100,Very Low,9.633085,6.8510075,Very Low,6.062216,42.9,5.362319,100,1739186100,5.362319
2025-03-18T07:26:13Z,20,30.076,71.5,32,51.7,18,18,109,58,0.0,255,32767,0.16,2056-9-18,0.04,0.52,23.84,0.0,0.0,0.0,0,0.873046875,8,0,07:14,19:19,2025-03-18 07:26:13.779275,Marina di Stabia,31.1,6.639279,14.05905,5.7798514,10.930394,EU EEA Common AQI,73.8,6.5582366,13.21546,3600,4.811594,100,100,51.4,8.937198,Very Low,75.5,6.355935,100,1739186100,Very Low,9.633085,6.8510075,Very Low,6.062216,42.9,5.362319,100,1739186100,5.362319
2025-03-18T07:26:25Z,20,30.076,71.5,32,51.7,18,18,96,58,0.0,255,32767,0.16,2056-9-18,0.04,0.52,23.84,0.0,0.0,0.0,0,0.873046875,8,0,07:14,19:19,2025-03-18 07:26:24.890256,Marina di Stabia
2025-03-18T07:26:36Z,20,30.076,71.5,32,51.7,19,18,100,58,0.0,255,32767,0.16,2056-9-18,0.04,0.52,23.84,0.0,0.0,0.0,0,0.873046875,8,0,07:14,19:19,2025-03-18 07:26:35.958264,Marina di Stabia
2025-03-18T07:26:47Z,20,30.076,71.5,32,51.7,19,18,74,58,0.0,255,32767,0.16,2056-9-18,0.04,0.52,23.84,0.0,0.0,0.0,0,0.873046875,8,0,07:14,19:19,2025-03-18 07:26:47.050272,Marina di Stabia
2025-03-18T07:26:58Z,20,30.074,71.6,32,51.7,24,18,84,58,0.0,255,32767,0.16,2056-9-18,0.04,0.52,23.84,0.0,0.0,0.0,0,0.931640625,8,0,07:14,19:19,2025-03-18 07:26:58.195257,Marina di Stabia
2025-03-18T07:27:09Z,20,30.074,71.6,32,51.7,18,18,93,58,0.0,255,32767,0.16,2056-9-18,0.04,0.52,23.84,0.0,0.0,0.0,0,0.931640625,8,0,07:14,19:19,2025-03-18 07:27:09.268265,Marina di Stabia
2025-03-18T07:27:20Z,20,30.074,71.6,32,51.7,16,18,78,58,0.0,255,32767,0.16,2056-9-18,0.04,0.52,23.84,0.0,0.0,0.0,0,0.931640625,8,0,07:14,19:19,2025-03-18 07:27:20.478270,Marina di Stabia
2025-03-18T07:27:31Z,20,30.074,71.6,32,51.7,17,18,88,57,0.0,255,32767,0.16,2056-9-18,0.04,0.52,23.84,0.0,0.0,0.0,0,0.931640625,8,0,07:14,19:19,2025-03-18 07:27:31.552234,Marina di Stabia
2025-03-18T07:27:42Z,20,30.074,71.6,32,51.7,11,18,70,57,0.0,255,32767,0.16,2056-9-18,0.04,0.52,23.84,0.0,0.0,0.0,0,0.931640625,8,0,07:14,19:19,2025-03-18 07:27:42.617268,Marina di Stabia
2025-03-18T07:27:53Z,20,30.074,71.6,32,51.7,18,18,97,57,0.0,255,32767,0.16,2056-9-18,0.04,0.52,23.84,0.0,0.0,0.0,0,0.931640625,8,0,07:14,19:19,2025-03-18 07:27:53.710276,Marina di Stabia
2025-03-18T07:28:04Z,20,30.078,71.6,32,51.7,16,18,82,57,0.0,255,32767,0.16,2056-9-18,0.04,0.52,23.84,0.0,0.0,0.0,0,0.873046875,8,0,07:14,19:19,2025-03-18 07:28:04.784264,Marina di Stabia
2025-03-18T07:28:16Z,20,30.078,71.6,32,51.7,13,18,82,57,0.0,255,32767,0.16,2056-9-18,0.04,0.52,23.84,0.0,0.0,0.0,0,0.873046875,8,0,07:14,19:19,2025-03-18 07:28:15.857254,Marina di Stabia
2025-03-18T07:28:27Z,20,30.078,71.6,32,51.8,14,18,74,57,0.0,255,32767,0.16,2056-9-18,0.04,0.52,23.84,0.0,0.0,0.0,0,0.873046875,8,0,07:14,19:19,2025-03-18 07:28:26.988263,Marina di Stabia
2025-03-18T07:28:38Z,20,30.078,71.6,32,51.8,18,18,85,57,0.0,255,32767,0.16,2056-9-18,0.04,0.52,23.84,0.0,0.0,0.0,0,0.873046875,8,0,07:14,19:19,2025-03-18 07:28:38.052263,Marina di Stabia
2025-03-18T07:28:49Z,20,30.078,71.6,32,51.8,19,18,78,57,0.0,255,32767,0.16,2056-9-18,0.04,0.52,23.84,0.0,0.0,0.0,0,0.873046875,8,0,07:14,19:19,2025-03-18 07:28:49.129262,Marina di Stabia
2025-03-18T07:29:00Z,20,30.077,71.7,32,51.8,18,18,77,57,0.0,255,32767,0.16,2056-9-18,0.04,0.52,23.84,0.0,0.0,0.0,0,1.330078125,8,0,07:14,19:19,2025-03-18 07:29:00.187275,Marina di Stabia
2025-03-18T07:29:11Z,20,30.077,71.7,32,51.8,18,18,72,57,0.0,255,32767,0.16,2056-9-18,0.04,0.52,23.84,0.0,0.0,0.0,0,1.330078125,8,0,07:14,19:19,2025-03-18 07:29:11.252253,Marina di Stabia
2025-03-18T07:29:22Z,20,30.077,71.7,32,51.8,11,18,76,57,0.0,255,32767,0.16,2056-9-18,0.04,0.52,23.84,0.0,0.0,0.0,0,1.330078125,8,0,07:14,19:19,2025-03-18 07:29:22.346264,Marina di Stabia
2025-03-18T07:29:33Z,20,30.077,71.7,32,51.8,12,18,62,57,0.0,255,32767,0.16,2056-9-18,0.04,0.52,23.84,0.0,0.0,0.0,0,1.330078125,8,0,07:14,19:19,2025-03-18 07:29:33.409246,Marina di Stabia
2025-03-18T07:29:49Z,20,30.077,71.7,32,51.8,14,18,74,57,0.0,255,32767,0.16,2056-9-18,0.04,0.52,23.84,0.0,0.0,0.0,0,1.330078125,8,0,07:14,19:19,2025-03-18 07:29:49.475277,Marina di Stabia
2025-03-18T07:30:00Z,20,30.08,71.7,32,51.9,12,18,76,57,0.0,255,32767,0.16,2056-9-18,0.04,0.52,23.84,0.0,0.0,0.0,0,0.87890625,8,0,07:14,19:19,2025-03-18 07:30:00.583282,Marina di Stabia
2025-03-18T07:30:11Z,20,30.08,71.7,32,51.9,16,18,75,57,0.0,255,32767,0.16,2056-9-18,0.04,0.52,23.84,0.0,0.0,0.0,0,0.87890625,8,0,07:14,19:19,2025-03-18 07:30:11.699267,Marina di Stabia
2025-03-18T07:30:23Z,20,30.08,71.7,32,51.9,13,18,69,57,0.0,255,32767,0.16,2056-9-18,0.04,0.52,23.84,0.0,0.0,0.0,0,0.87890625,8,0,07:14,19:19,2025-03-18 07:30:22.801249,Marina di Stabia
2025-03-18T07:30:34Z,20,30.08,71.7,32,51.9,15,18,65,57,0.0,255,32767,0.16,2056-9-18,0.04,0.52,23.84,0.0,0.0,0.0,0,0.87890625,8,0,07:14,19:19,2025-03-18 07:30:33.873253,Marina di Stabia
2025-03-18T07:30:45Z,20,30.08,71.7,32,51.9,17,18,76,57,0.0,255,32767,0.16,2056-9-18,0.04,0.52,23.84,0.0,0.0,0.0,0,0.87890625,8,0,07:14,19:19,2025-03-18 07:30:44.966273,Marina di Stabia
2025-03-18T07:30:56Z,20,30.08,71.7,32,51.8,18,18,84,57,0.0,255,32767,0.16,2056-9-18,0.04,0.52,23.84,0.0,0.0,0.0,0,0.87890625,8,0,07:14,19:19,2025-03-18 07:30:56.030258,Marina di Stabia
2025-03-18T07:31:07Z,60,30.078,71.6,32,51.8,18,18,94,57,0.0,255,32767,0.16,2056-9-18,0.04,0.52,23.84,0.0,0.0,0.0,0,1.025390625,8,0,07:14,19:19,2025-03-18 07:31:07.105266,Marina di Stabia
2025-03-18T07:31:18Z,60,30.078,71.6,32,51.8,14,18,69,57,0.0,255,32767,0.16,2056-9-18,0.04,0.52,23.84,0.0,0.0,0.0,0,1.025390625,8,0,07:14,19:19,2025-03-18 07:31:18.166271,Marina di Stabia
2025-03-18T07:31:29Z,60,30.078,71.6,32,51.8,17,18,100,57,0.0,255,32767,0.16,2056-9-18,0.04,0.52,23.84,0.0,0.0,0.0,0,1.025390625,8,0,07:14,19:19,2025-03-18 07:31:29.241227,Marina di Stabia
2025-03-18T07:31:40Z,60,30.078,71.6,32,51.9,21,18,102,57,0.0,255,32767,0.16,2056-9-18,0.04,0.52,23.84,0.0,0.0,0.0,0,1.025390625,8,0,07:14,19:19,2025-03-18 07:31:40.319265,Marina di Stabia
2025-03-18T07:31:51Z,60,30.078,71.6,32,51.9,16,18,82,57,0.0,255,32767,0.16,2056-9-18,0.04,0.52,23.84,0.0,0.0,0.0,0,1.025390625,8,0,07:14,19:19,2025-03-18 07:31:51.421255,Marina di Stabia
2025-03-18T07:32:02Z,60,30.078,71.7,32,51.9,17,18,85,57,0.0,255,32767,0.16,2056-9-18,0.04,0.52,23.84,0.0,0.0,0.0,0,0.890625,8,0,07:14,19:19,2025-03-18 07:32:02.478260,Marina di Stabia
2025-03-18T07:32:13Z,60,30.078,71.7,32,51.8,24,18,93,57,0.0,255,32767,0.16,2056-9-18,0.04,0.52,23.84,0.0,0.0,0.0,0,0.890625,8,0,07:14,19:19,2025-03-18 07:32:13.570285,Marina di Stabia
2025-03-18T07:32:24Z,60,30.078,71.7,32,51.8,23,18,84,57,0.0,255,32767,0.16,2056-9-18,0.04,0.52,23.84,0.0,0.0,0.0,0,0.890625,8,0,07:14,19:19,2025-03-18 07:32:24.635257,Marina di Stabia
2025-03-18T07:32:35Z,60,30.078,71.7,32,51.9,22,18,80,56,0.0,255,32767,0.16,2056-9-18,0.04,0.52,23.84,0.0,0.0,0.0,0,0.890625,8,0,07:14,19:19,2025-03-18 07:32:35.707264,Marina di Stabia
2025-03-18T07:32:46Z,60,30.078,71.7,32,51.8,20,18,82,56,0.0,255,32767,0.16,2056-9-18,0.04,0.52,23.84,0.0,0.0,0.0,0,0.890625,8,0,07:14,19:19,2025-03-18 07:32:46.780256,Marina di Stabia
2025-03-18T07:32:58Z,60,30.078,71.7,32,51.9,19,17,80,56,0.0,255,32767,0.16,2056-9-18,0.04,0.52,23.84,0.0,0.0,0.0,0,0.873046875,8,0,07:14,19:19,2025-03-18 07:32:58.063271,Marina di Stabia
2025-03-18T07:33:09Z,60,30.076,71.7,32,51.9,25,17,85,56,0.0,255,32767,0.16,2056-9-18,0.04,0.52,23.84,0.0,0.0,0.0,0,0.873046875,8,0,07:14,19:19,2025-03-18 07:33:09.133268,Marina di Stabia
2025-03-18T07:33:20Z,60,30.076,71.7,32,51.8,22,17,95,56,0.0,255,32767,0.16,2056-9-18,0.04,0.52,23.84,0.0,0.0,0.0,0,0.873046875,8,0,07:14,19:19,2025-03-18 07:33:20.224263,Marina di Stabia
2025-03-18T07:33:31Z,60,30.076,71.7,32,51.8,21,17,94,56,0.0,255,32767,0.16,2056-9-18,0.04,0.52,23.84,0.0,0.0,0.0,0,0.873046875,8,0,07:14,19:19,2025-03-18 07:33:31.297277,Marina di Stabia
2025-03-18T07:33:42Z,60,30.076,71.7,32,51.7,22,17,94,56,0.0,255,32767,0.16,2056-9-18,0.04,0.52,23.84,0.0,0.0,0.0,0,0.873046875,8,0,07:14,19:19,2025-03-18 07:33:42.362244,Marina di Stabia
2025-03-18T07:33:53Z,60,30.076,71.7,32,51.7,25,17,97,56,0.0,255,32767,0.16,2056-9-18,0.04,0.52,23.84,0.0,0.0,0.0,0,0.873046875,8,0,07:14,19:19,2025-03-18 07:33:53.436240,Marina di Stabia
2025-03-18T07:34:04Z,60,30.077,71.7,32,51.7,24,17,84,56,0.0,255,32767,0.16,2056-9-18,0.04,0.52,23.84,0.0,0.0,0.0,0,1.048828125,8,0,07:14,19:19,2025-03-18 07:34:04.506262,Marina di Stabia
2025-03-18T07:34:15Z,60,30.077,71.7,32,51.8,20,17,84,56,0.0,255,32767,0.16,2056-9-18,0.04,0.52,23.84,0.0,0.0,0.0,0,1.048828125,8,0,07:14,19:19,2025-03-18 07:34:15.601275,Marina di Stabia
2025-03-18T07:34:26Z,60,30.077,71.7,32,51.8,18,17,74,55,0.0,255,32767,0.16,2056-9-18,0.04,0.52,23.84,0.0,0.0,0.0,0,1.048828125,8,0,07:14,19:19,2025-03-18 07:34:26.666272,Marina di Stabia
2025-03-18T07:34:37Z,60,30.077,71.7,32,51.7,22,17,79,55,0.0,255,32767,0.16,2056-9-18,0.04,0.52,23.84,0.0,0.0,0.0,0,1.048828125,8,0,07:14,19:19,2025-03-18 07:34:37.749259,Marina di Stabia
2025-03-18T07:34:49Z,60,30.077,71.7,32,51.7,20,17,96,55,0.0,255,32767,0.16,2056-9-18,0.04,0.52,23.84,0.0,0.0,0.0,0,1.048828125,8,0,07:14,19:19,2025-03-18 07:34:48.849265,Marina di Stabia
2025-03-18T07:35:00Z,60,30.081,71.8,32,51.7,18,18,85,55,0.0,255,32767,0.16,2056-9-18,0.04,0.52,23.84,0.0,0.0,0.0,0,0.873046875,8,0,07:14,19:19,2025-03-18 07:34:59.957261,Marina di Stabia
2025-03-18T07:35:11Z,60,30.081,71.8,32,51.7,21,18,87,56,0.0,255,32767,0.16,2056-9-18,0.04,0.52,23.84,0.0,0.0,0.0,0,0.873046875,8,0,07:14,19:19,2025-03-18 07:35:11.019257,Marina di Stabia
2025-03-18T07:35:22Z,60,30.081,71.8,32,51.7,21,18,90,56,0.0,255,32767,0.16,2056-9-18,0.04,0.52,23.84,0.0,0.0,0.0,0,0.873046875,8,0,07:14,19:19,2025-03-18 07:35:22.099271,Marina di Stabia
2025-03-18T07:35:33Z,60,30.081,71.8,32,51.7,20,18,86,56,0.0,255,32767,0.16,2056-9-18,0.04,0.52,23.84,0.0,0.0,0.0,0,0.873046875,8,0,07:14,19:19,2025-03-18 07:35:33.162271,Marina di Stabia
2025-03-18T07:35:44Z,60,30.081,71.8,32,51.7,17,18,105,56,0.0,255,32767,0.16,2056-9-18,0.04,0.52,23.84,0.0,0.0,0.0,0,0.873046875,8,0,07:14,19:19,2025-03-18 07:35:44.503263,Marina di Stabia
2025-03-18T07:35:56Z,60,30.081,71.8,32,51.7,18,18,88,56,0.0,255,32767,0.16,2056-9-18,0.04,0.52,23.84,0.0,0.0,0.0,0,0.873046875,8,0,07:14,19:19,2025-03-18 07:35:55.858263,Marina di Stabia
2025-03-18T07:36:09Z,60,30.083,71.7,32,51.7,18,19,75,56,0.0,255,32767,0.16,2056-9-18,0.04,0.52,23.84,0.0,0.0,0.0,0,2.150390625,8,0,07:14,19:19,2025-03-18 07:36:09.218231,Marina di Stabia
2025-03-18T07:36:20Z,60,30.083,71.7,32,51.7,15,19,80,56,0.0,255,32767,0.16,2056-9-18,0.04,0.52,23.84,0.0,0.0,0.0,0,2.150390625,8,0,07:14,19:19,2025-03-18 07:36:20.350222,Marina di Stabia
2025-03-18T07:36:31Z,60,30.083,71.7,32,51.7,19,19,51,56,0.0,255,32767,0.16,2056-9-18,0.04,0.52,23.84,0.0,0.0,0.0,0,2.150390625,8,0,07:14,19:19,2025-03-18 07:36:31.427270,Marina di Stabia
2025-03-18T07:36:42Z,60,30.083,71.7,32,51.7,16,19,71,56,0.0,255,32767,0.16,2056-9-18,0.04,0.52,23.84,0.0,0.0,0.0,0,2.150390625,8,0,07:14,19:19,2025-03-18 07:36:42.501258,Marina di Stabia
2025-03-18T07:36:53Z,60,30.083,71.7,32,51.7,19,19,97,57,0.0,255,32767,0.16,2056-9-18,0.04,0.52,23.84,0.0,0.0,0.0,0,2.150390625,8,0,07:14,19:19,2025-03-18 07:36:53.573266,Marina di Stabia
2025-03-18T07:37:04Z,60,30.08,71.7,32,51.8,22,18,94,57,0.0,255,32767,0.16,2056-9-18,0.04,0.52,23.84,0.0,0.0,0.0,0,0.87890625,8,0,07:14,19:19,2025-03-18 07:37:04.660259,Marina di Stabia
2025-03-18T07:37:15Z,60,30.08,71.7,32,51.8,16,18,84,57,0.0,255,32767,0.16,2056-9-18,0.04,0.52,23.84,0.0,0.0,0.0,0,0.87890625,8,0,07:14,19:19,2025-03-18 07:37:15.735260,Marina di Stabia
2025-03-18T07:37:26Z,60,30.08,71.7,32,51.8,16,18,67,57,0.0,255,32767,0.16,2056-9-18,0.04,0.52,23.84,0.0,0.0,0.0,0,0.87890625,8,0,07:14,19:19,2025-03-18 07:37:26.799260,Marina di Stabia
2025-03-18T07:37:38Z,60,30.08,71.7,32,51.8,18,18,111,57,0.0,255,32767,0.16,2056-9-18,0.04,0.52,23.84,0.0,0.0,0.0,0,0.87890625,8,0,07:14,19:19,2025-03-18 07:37:37.917261,Marina di Stabia
2025-03-18T07:37:49Z,60,30.08,71.7,32,51.8,13,18,91,56,0.0,255,32767,0.16,2056-9-18,0.04,0.52,23.84,0.0,0.0,0.0,0,0.87890625,8,0,07:14,19:19,2025-03-18 07:37:48.994262,Marina di Stabia
2025-03-18T07:38:00Z,60,30.081,71.8,32,51.8,21,18,88,56,0.0,255,32767,0.16,2056-9-18,0.04,0.52,23.84,0.0,0.0,0.0,0,0.873046875,8,0,07:14,19:19,2025-03-18 07:38:00.059267,Marina di Stabia
2025-03-18T07:38:11Z,60,30.081,71.8,32,51.8,19,18,80,56,0.0,255,32767,0.16,2056-9-18,0.04,0.52,23.84,0.0,0.0,0.0,0,0.873046875,8,0,07:14,19:19,2025-03-18 07:38:11.140278,Marina di Stabia
2025-03-18T07:38:22Z,60,30.081,71.8,32,51.8,15,18,178,56,0.0,255,32767,0.16,2056-9-18,0.04,0.52,23.84,0.0,0.0,0.0,0,0.873046875,8,0,07:14,19:19,2025-03-18 07:38:22.239282,Marina di Stabia
2025-03-18T07:38:33Z,60,30.081,71.8,32,51.9,20,18,91,56,0.0,255,32767,0.16,2056-9-18,0.04,0.52,23.84,0.0,0.0,0.0,0,0.873046875,8,0,07:14,19:19,2025-03-18 07:38:33.312262,Marina di Stabia
2025-03-18T07:38:44Z,60,30.081,71.8,32,51.9,24,18,92,56,0.0,255,32767,0.16,2056-9-18,0.04,0.52,23.84,0.0,0.0,0.0,0,0.873046875,8,0,07:14,19:19,2025-03-18 07:38:44.385263,Marina di Stabia
2025-03-18T07:38:55Z,60,30.081,71.8,32,51.9,23,18,108,56,0.0,255,32767,0.16,2056-9-18,0.04,0.52,23.84,0.0,0.0,0.0,0,0.873046875,8,0,07:14,19:19,2025-03-18 07:38:55.455259,Marina di Stabia
2025-03-18T07:39:06Z,60,30.082,71.8,31,51.9,16,19,104,56,0.0,255,32767,0.16,2056-9-18,0.04,0.52,23.84,0.0,0.0,0.0,0,0.943359375,8,0,07:14,19:19,2025-03-18 07:39:06.529228,Marina di Stabia
2025-03-18T07:39:17Z,60,30.082,71.8,31,51.9,22,19,144,56,0.0,255,32767,0.16,2056-9-18,0.04,0.52,23.84,0.0,0.0,0.0,0,0.943359375,8,0,07:14,19:19,2025-03-18 07:39:17.594254,Marina di Stabia
2025-03-18T07:39:28Z,60,30.082,71.8,31,51.9,24,19,82,56,0.0,255,32767,0.16,2056-9-18,0.04,0.52,23.84,0.0,0.0,0.0,0,0.943359375,8,0,07:14,19:19,2025-03-18 07:39:28.694273,Marina di Stabia
2025-03-18T07:39:39Z,60,30.082,71.8,31,51.9,24,19,99,56,0.0,255,32767,0.16,2056-9-18,0.04,0.52,23.84,0.0,0.0,0.0,0,0.943359375,8,0,07:14,19:19,2025-03-18 07:39:39.769257,Marina di Stabia
2025-03-18T07:39:51Z,60,30.082,71.8,31,52.0,26,19,99,56,0.0,255,32767,0.16,2056-9-18,0.04,0.52,23.84,0.0,0.0,0.0,0,0.943359375,8,0,07:14,19:19,2025-03-18 07:39:50.846255,Marina di Stabia
2025-03-18T07:40:02Z,60,30.08,71.8,31,51.9,26,20,111,56,0.0,255,32767,0.16,2056-9-18,0.04,0.52,23.84,0.0,0.0,0.0,0,0.873046875,8,0,07:14,19:19,2025-03-18 07:40:01.926269,Marina di Stabia
2025-03-18T07:40:13Z,60,30.08,71.8,31,51.9,15,20,132,56,0.0,255,32767,0.16,2056-9-18,0.04,0.52,23.84,0.0,0.0,0.0,0,0.873046875,8,0,07:14,19:19,2025-03-18 07:40:13.029262,Marina di Stabia
2025-03-18T07:40:24Z,60,30.08,71.8,31,51.9,19,20,92,55,0.0,255,32767,0.16,2056-9-18,0.04,0.52,23.84,0.0,0.0,0.0,0,0.873046875,8,0,07:14,19:19,2025-03-18 07:40:24.092262,Marina di Stabia
2025-03-18T07:40:35Z,60,30.08,71.8,31,51.9,22,20,91,55,0.0,255,32767,0.16,2056-9-18,0.04,0.52,23.84,0.0,0.0,0.0,0,0.873046875,8,0,07:14,19:19,2025-03-18 07:40:35.180256,Marina di Stabia
2025-03-18T07:40:46Z,60,30.08,71.8,31,51.9,18,20,90,55,0.0,255,32767,0.16,2056-9-18,0.04,0.52,23.84,0.0,0.0,0.0,0,0.873046875,8,0,07:14,19:19,2025-03-18 07:40:46.253264,Marina di Stabia
2025-03-18T07:40:57Z,60,30.08,71.8,31,51.9,29,20,110,55,0.0,255,32767,0.16,2056-9-18,0.04,0.52,23.84,0.0,0.0,0.0,0,0.873046875,8,0,07:14,19:19,2025-03-18 07:40:57.347278,Marina di Stabia
2025-03-18T07:41:08Z,60,30.08,71.9,31,51.9,25,20,109,55,0.0,255,32767,0.16,2056-9-18,0.04,0.52,23.84,0.0,0.0,0.0,0,1.482421875,8,0,07:14,19:19,2025-03-18 07:41:08.425276,Marina di Stabia
2025-03-18T07:41:19Z,60,30.08,71.9,31,51.9,29,20,90,55,0.0,255,32767,0.16,2056-9-18,0.04,0.52,23.84,0.0,0.0,0.0,0,1.482421875,8,0,07:14,19:19,2025-03-18 07:41:19.499261,Marina di Stabia
2025-03-18T07:41:30Z,60,30.08,71.9,31,51.9,26,20,89,55,0.0,255,32767,0.16,2056-9-18,0.04,0.52,23.84,0.0,0.0,0.0,0,1.482421875,8,0,07:14,19:19,2025-03-18 07:41:30.571252,Marina di Stabia
2025-03-18T07:41:41Z,60,30.08,71.9,31,51.8,14,20,104,55,0.0,255,32767,0.16,2056-9-18,0.04,0.52,23.84,0.0,0.0,0.0,0,1.482421875,8,0,07:14,19:19,2025-03-18 07:41:41.670280,Marina di Stabia
2025-03-18T07:41:52Z,60,30.08,71.9,31,51.8,24,20,101,55,0.0,255,32767,0.16,2056-9-18,0.04,0.52,23.84,0.0,0.0,0.0,0,1.482421875,8,0,07:14,19:19,2025-03-18 07:41:52.777263,Marina di Stabia
2025-03-18T07:42:04Z,60,30.082,71.9,31,51.8,23,21,91,56,0.0,255,32767,0.16,2056-9-18,0.04,0.52,23.84,0.0,0.0,0.0,0,0.87890625,8,0,07:14,19:19,2025-03-18 07:42:03.837224,Marina di Stabia
2025-03-18T07:42:15Z,60,30.082,71.9,31,51.8,20,21,93,56,0.0,255,32767,0.16,2056-9-18,0.04,0.52,23.84,0.0,0.0,0.0,0,0.87890625,8,0,07:14,19:19,2025-03-18 07:42:14.903225,Marina di Stabia
2025-03-18T07:42:26Z,60,30.082,71.9,31,51.7,16,21,76,56,0.0,255,32767,0.16,2056-9-18,0.04,0.52,23.84,0.0,0.0,0.0,0,0.87890625,8,0,07:14,19:19,2025-03-18 07:42:25.979258,Marina di Stabia
2025-03-18T07:42:37Z,60,30.082,71.9,31,51.7,19,21,79,56,0.0,255,32767,0.16,2056-9-18,0.04,0.52,23.84,0.0,0.0,0.0,0,0.87890625,8,0,07:14,19:19,2025-03-18 07:42:37.040260,Marina di Stabia
2025-03-18T07:42:48Z,60,30.082,71.9,31,51.7,21,21,84,56,0.0,255,32767,0.16,2056-9-18,0.04,0.52,23.84,0.0,0.0,0.0,0,0.87890625,8,0,07:14,19:19,2025-03-18 07:42:48.133233,Marina di Stabia
2025-03-18T07:42:59Z,60,30.081,71.9,31,51.7,17,20,76,56,0.0,255,32767,0.16,2056-9-18,0.04,0.52,23.84,0.0,0.0,0.0,0,0.873046875,8,0,07:14,19:19,2025-03-18 07:42:59.213267,Marina di Stabia
2025-03-18T07:43:10Z,60,30.081,71.9,31,51.7,18,20,85,56,0.0,255,32767,0.16,2056-9-18,0.04,0.52,23.84,0.0,0.0,0.0,0,0.873046875,8,0,07:14,19:19,2025-03-18 07:43:10.280274,Marina di Stabia
2025-03-18T07:43:21Z,60,30.081,71.9,31,51.7,21,20,90,56,0.0,255,32767,0.16,2056-9-18,0.04,0.52,23.84,0.0,0.0,0.0,0,0.873046875,8,0,07:14,19:19,2025-03-18 07:43:21.624282,Marina di Stabia
2025-03-18T07:43:32Z,60,30.081,71.9,31,51.7,22,20,87,56,0.0,255,32767,0.16,2056-9-18,0.04,0.52,23.84,0.0,0.0,0.0,0,0.873046875,8,0,07:14,19:19,2025-03-18 07:43:32.706274,Marina di Stabia
2025-03-18T07:43:44Z,60,30.081,71.9,31,51.7,22,20,92,56,0.0,255,32767,0.16,2056-9-18,0.04,0.52,23.84,0.0,0.0,0.0,0,0.873046875,8,0,07:14,19:19,2025-03-18 07:43:43.810259,Marina di Stabia
2025-03-18T07:43:55Z,60,30.081,71.9,31,51.7,21,20,78,56,0.0,255,32767,0.16,2056-9-18,0.04,0.52,23.84,0.0,0.0,0.0,0,0.873046875,8,0,07:14,19:19,2025-03-18 07:43:54.876257,Marina di Stabia
2025-03-18T07:44:06Z,60,30.084,71.9,31,51.7,17,20,98,56,0.0,255,32767,0.16,2056-9-18,0.04,0.52,23.84,0.0,0.0,0.0,0,0.896484375,8,0,07:14,19:19,2025-03-18 07:44:05.948262,Marina di Stabia
2025-03-18T07:44:17Z,60,30.084,71.9,31,51.7,11,20,128,56,0.0,255,32767,0.16,2056-9-18,0.04,0.52,23.84,0.0,0.0,0.0,0,0.896484375,8,0,07:14,19:19,2025-03-18 07:44:17.053260,Marina di Stabia
2025-03-18T07:44:28Z,60,30.084,71.9,31,51.7,17,20,148,56,0.0,255,32767,0.16,2056-9-18,0.04,0.52,23.84,0.0,0.0,0.0,0,0.896484375,8,0,07:14,19:19,2025-03-18 07:44:28.124261,Marina di Stabia
2025-03-18T07:44:39Z,60,30.084,71.9,31,51.7,12,20,78,56,0.0,255,32767,0.16,2056-9-18,0.04,0.52,23.84,0.0,0.0,0.0,0,0.896484375,8,0,07:14,19:19,2025-03-18 07:44:39.181257,Marina di Stabia
2025-03-18T07:44:50Z,60,30.084,71.9,31,51.7,19,20,98,56,0.0,255,32767,0.16,2056-9-18,0.04,0.52,23.84,0.0,0.0,0.0,0,0.896484375,8,0,07:14,19:19,2025-03-18 07:44:50.253263,Marina di Stabia
2025-03-18T07:45:01Z,60,30.084,71.9,31,51.7,19,19,76,56,0.0,255,32767,0.16,2056-9-18,0.04,0.52,23.84,0.0,0.0,0.0,0,0.873046875,8,0,07:14,19:19,2025-03-18 07:45:01.320262,Marina di Stabia
2025-03-18T07:45:12Z,60,30.084,71.9,31,51.7,16,19,114,56,0.0,255,32767,0.16,2056-9-18,0.04,0.52,23.84,0.0,0.0,0.0,0,0.873046875,8,0,07:14,19:19,2025-03-18 07:45:12.409258,Marina di Stabia
2025-03-18T07:45:23Z,60,30.084,71.9,31,51.7,15,19,96,56,0.0,255,32767,0.16,2056-9-18,0.04,0.52,23.84,0.0,0.0,0.0,0,0.873046875,8,0,07:14,19:19,2025-03-18 07:45:23.513261,Marina di Stabia
2025-03-18T07:45:34Z,60,30.084,71.9,31,51.8,17,19,157,56,0.0,255,32767,0.16,2056-9-18,0.04,0.52,23.84,0.0,0.0,0.0,0,0.873046875,8,0,07:14,19:19,2025-03-18 07:45:34.579268,Marina di Stabia
2025-03-18T07:45:45Z,60,30.084,71.9,31,51.8,20,19,86,56,0.0,255,32767,0.16,2056-9-18,0.04,0.52,23.84,0.0,0.0,0.0,0,0.873046875,8,0,07:14,19:19,2025-03-18 07:45:45.646257,Marina di Stabia
2025-03-18T07:45:56Z,60,30.084,71.9,31,51.8,22,19,81,56,0.0,255,32767,0.16,2056-9-18,0.04,0.52,23.84,0.0,0.0,0.0,0,0.873046875,8,0,07:14,19:19,2025-03-18 07:45:56.740262,Marina di Stabia
2025-03-18T07:46:08Z,60,30.081,72.0,31,51.9,21,19,86,56,0.0,255,32767,0.16,2056-9-18,0.04,0.52,23.84,0.0,0.0,0.0,0,1.13671875,8,0,07:14,19:19,2025-03-18 07:46:07.845243,Marina di Stabia
2025-03-18T07:46:19Z,60,30.081,72.0,31,51.9,20,19,106,56,0.0,255,32767,0.16,2056-9-18,0.04,0.52,23.84,0.0,0.0,0.0,0,1.13671875,8,0,07:14,19:19,2025-03-18 07:46:18.937267,Marina di Stabia
2025-03-18T07:46:30Z,60,30.081,72.0,31,51.8,22,19,91,56,0.0,255,32767,0.16,2056-9-18,0.04,0.52,23.84,0.0,0.0,0.0,0,1.13671875,8,0,07:14,19:19,2025-03-18 07:46:30.009267,Marina di Stabia
2025-03-18T07:46:41Z,60,30.081,72.0,31,51.8,16,19,144,56,0.0,255,32767,0.16,2056-9-18,0.04,0.52,23.84,0.0,0.0,0.0,0,1.13671875,8,0,07:14,19:19,2025-03-18 07:46:41.053426,Marina di Stabia
2025-03-18T07:46:52Z,60,30.081,72.0,31,51.8,20,19,104,56,0.0,255,32767,0.16,2056-9-18,0.04,0.52,23.84,0.0,0.0,0.0,0,1.13671875,8,0,07:14,19:19,2025-03-18 07:46:52.149254,Marina di Stabia
2025-03-18T07:47:03Z,60,30.081,71.9,31,51.8,20,20,85,56,0.0,255,32767,0.16,2056-9-18,0.04,0.52,23.84,0.0,0.0,0.0,0,0.87890625,8,0,07:14,19:19,2025-03-18 07:47:03.221254,Marina di Stabia
2025-03-18T07:47:14Z,60,30.081,71.9,31,51.8,21,20,77,56,0.0,255,32767,0.16,2056-9-18,0.04,0.52,23.84,0.0,0.0,0.0,0,0.87890625,8,0,07:14,19:19,2025-03-18 07:47:14.298242,Marina di Stabia
2025-03-18T07:47:25Z,60,30.081,71.9,31,51.8,29,20,85,56,0.0,255,32767,0.16,2056-9-18,0.04,0.52,23.84,0.0,0.0,0.0,0,0.87890625,8,0,07:14,19:19,2025-03-18 07:47:25.370259,Marina di Stabia
2025-03-18T07:47:36Z,60,30.081,71.9,31,51.8,21,20,80,56,0.0,255,32767,0.16,2056-9-18,0.04,0.52,23.84,0.0,0.0,0.0,0,0.87890625,8,0,07:14,19:19,2025-03-18 07:47:36.436285,Marina di Stabia
2025-03-18T07:47:47Z,60,30.081,71.9,31,51.8,20,20,103,56,0.0,255,32767,0.16,2056-9-18,0.04,0.52,23.84,0.0,0.0,0.0,0,0.87890625,8,0,07:14,19:19,2025-03-18 07:47:47.515244,Marina di Stabia
2025-03-18T07:47:58Z,60,30.082,72.0,31,51.8,20,20,109,56,0.0,255,32767,0.16,2056-9-18,0.04,0.52,23.84,0.0,0.0,0.0,0,2.21484375,8,0,07:14,19:19,2025-03-18 07:47:58.609261,Marina di Stabia
2025-03-18T07:48:09Z,60,30.082,72.0,31,51.8,16,20,99,56,0.0,255,32767,0.16,2056-9-18,0.04,0.52,23.84,0.0,0.0,0.0,0,2.21484375,8,0,07:14,19:19,2025-03-18 07:48:09.676258,Marina di Stabia
2025-03-18T07:48:20Z,60,30.082,72.0,31,51.8,26,20,101,56,0.0,255,32767,0.16,2056-9-18,0.04,0.52,23.84,0.0,0.0,0.0,0,2.21484375,8,0,07:14,19:19,2025-03-18 07:48:20.772267,Marina di Stabia
2025-03-18T07:48:32Z,60,30.082,72.0,31,51.8,24,20,86,56,0.0,255,32767,0.16,2056-9-18,0.04,0.52,23.84,0.0,0.0,0.0,0,2.21484375,8,0,07:14,19:19,2025-03-18 07:48:31.834264,Marina di Stabia
2025-03-18T07:48:43Z,60,30.082,72.0,31,51.8,25,20,75,56,0.0,255,32767,0.16,2056-9-18,0.04,0.52,23.84,0.0,0.0,0.0,0,2.21484375,8,0,07:14,19:19,2025-03-18 07:48:42.893256,Marina di Stabia
2025-03-18T07:48:54Z,60,30.082,72.0,31,51.8,17,20,90,56,0.0,255,32767,0.16,2056-9-18,0.04,0.52,23.84,0.0,0.0,0.0,0,2.21484375,8,0,07:14,19:19,2025-03-18 07:48:53.950270,Marina di Stabia
2025-03-18T07:49:05Z,60,30.084,72.0,31,51.8,16,21,91,56,0.0,255,32767,0.16,2056-9-18,0.04,0.52,23.84,0.0,0.0,0.0,0,0.884765625,8,0,07:14,19:19,2025-03-18 07:49:05.014264,Marina di Stabia
2025-03-18T07:49:16Z,60,30.084,72.0,31,51.8,13,21,338,56,0.0,255,32767,0.16,2056-9-18,0.04,0.52,23.84,0.0,0.0,0.0,0,0.884765625,8,0,07:14,19:19,2025-03-18 07:49:16.118264,Marina di Stabia
2025-03-18T07:49:27Z,60,30.084,72.0,31,51.8,24,21,98,56,0.0,255,32767,0.16,2056-9-18,0.04,0.52,23.84,0.0,0.0,0.0,0,0.884765625,8,0,07:14,19:19,2025-03-18 07:49:27.182271,Marina di Stabia
2025-03-18T07:49:38Z,60,30.084,72.0,31,51.8,19,21,89,56,0.0,255,32767,0.16,2056-9-18,0.04,0.52,23.84,0.0,0.0,0.0,0,0.884765625,8,0,07:14,19:19,2025-03-18 07:49:38.265264,Marina di Stabia
2025-03-18T07:49:49Z,60,30.084,72.0,31,51.8,19,21,76,56,0.0,255,32767,0.16,2056-9-18,0.04,0.52,23.84,0.0,0.0,0.0,0,0.884765625,8,0,07:14,19:19,2025-03-18 07:49:49.340223,Marina di Stabia
2025-03-18T07:50:00Z,60,30.084,72.0,31,51.9,15,20,85,56,0.0,255,32767,0.16,2056-9-18,0.04,0.52,23.84,0.0,0.0,0.0,0,0.873046875,8,0,07:14,19:19,2025-03-18 07:50:00.398263,Marina di Stabia
2025-03-18T07:50:11Z,60,30.084,72.0,31,51.9,17,20,88,56,0.0,255,32767,0.16,2056-9-18,0.04,0.52,23.84,0.0,0.0,0.0,0,0.873046875,8,0,07:14,19:19,2025-03-18 07:50:11.465259,Marina di Stabia
2025-03-18T07:50:22Z,60,30.084,72.0,31,51.9,11,20,285,56,0.0,255,32767,0.16,2056-9-18,0.04,0.52,23.84,0.0,0.0,0.0,0,0.873046875,8,0,07:14,19:19,2025-03-18 07:50:22.556282,Marina di Stabia
2025-03-18T07:50:33Z,60,30.084,72.0,31,51.9,12,20,114,56,0.0,255,32767,0.16,2056-9-18,0.04,0.52,23.84,0.0,0.0,0.0,0,0.873046875,8,0,07:14,19:19,2025-03-18 07:50:33.622264,Marina di Stabia
2025-03-18T07:50:44Z,60,30.084,72.0,31,51.9,12,20,94,56,0.0,255,32767,0.16,2056-9-18,0.04,0.52,23.84,0.0,0.0,0.0,0,0.873046875,8,0,07:14,19:19,2025-03-18 07:50:44.698265,Marina di Stabia
2025-03-18T07:50:55Z,60,30.084,72.0,31,51.9,17,20,102,56,0.0,255,32767,0.16,2056-9-18,0.04,0.52,23.84,0.0,0.0,0.0,0,0.873046875,8,0,07:14,19:19,2025-03-18 07:50:55.760259,Marina di Stabia
2025-03-18T07:51:07Z,60,30.083,72.0,31,52.0,23,20,86,56,0.0,255,32767,0.16,2056-9-18,0.04,0.52,23.84,0.0,0.0,0.0,0,0.97265625,8,0,07:14,19:19,2025-03-18 07:51:06.825257,Marina di Stabia
2025-03-18T07:51:18Z,60,30.083,72.0,31,52.0,24,20,82,56,0.0,255,32767,0.16,2056-9-18,0.04,0.52,23.84,0.0,0.0,0.0,0,0.97265625,8,0,07:14,19:19,2025-03-18 07:51:17.901270,Marina di Stabia
2025-03-18T07:51:29Z,60,30.083,72.0,31,52.0,23,20,84,56,0.0,255,32767,0.16,2056-9-18,0.04,0.52,23.84,0.0,0.0,0.0,0,0.97265625,8,0,07:14,19:19,2025-03-18 07:51:29.000260,Marina di Stabia
2025-03-18T07:51:40Z,60,30.083,72.0,31,52.0,22,20,76,56,0.0,255,32767,0.16,2056-9-18,0.04,0.52,23.84,0.0,0.0,0.0,0,0.97265625,8,0,07:14,19:19,2025-03-18 07:51:40.070261,Marina di Stabia
2025-03-18T07:51:51Z,60,30.083,72.0,31,52.0,20,20,76,56,0.0,255,32767,0.16,2056-9-18,0.04,0.52,23.84,0.0,0.0,0.0,0,0.97265625,8,0,07:14,19:19,2025-03-18 07:51:51.121165,Marina di Stabia
2025-03-18T07:52:02Z,60,30.083,72.0,31,52.0,18,20,85,56,0.0,255,32767,0.16,2056-9-18,0.04,0.52,23.84,0.0,0.0,0.0,0,0.87890625,8,0,07:14,19:19,2025-03-18 07:52:02.182268,Marina di Stabia
2025-03-18T07:52:13Z,60,30.083,72.0,31,52.0,15,20,76,56,0.0,255,32767,0.16,2056-9-18,0.04,0.52,23.84,0.0,0.0,0.0,0,0.87890625,8,0,07:14,19:19,2025-03-18 07:52:13.254266,Marina di Stabia
2025-03-18T07:52:24Z,60,30.083,72.0,31,52.0,17,20,71,56,0.0,255,32767,0.16,2056-9-18,0.04,0.52,23.84,0.0,0.0,0.0,0,0.87890625,8,0,07:14,19:19,2025-03-18 07:52:24.358264,Marina di Stabia
2025-03-18T07:52:35Z,60,30.083,72.0,31,52.0,16,20,86,56,0.0,255,32767,0.16,2056-9-18,0.04,0.52,23.84,0.0,0.0,0.0,0,0.87890625,8,0,07:14,19:19,2025-03-18 07:52:35.421273,Marina di Stabia
2025-03-18T07:52:46Z,60,30.083,72.0,31,52.0,29,20,99,56,0.0,255,32767,0.16,2056-9-18,0.04,0.52,23.84,0.0,0.0,0.0,0,0.87890625,8,0,07:14,19:19,2025-03-18 07:52:46.493262,Marina di Stabia
2025-03-18T07:52:57Z,60,30.083,72.0,31,52.0,24,20,94,56,0.0,255,32767,0.16,2056-9-18,0.04,0.52,23.84,0.0,0.0,0.0,0,0.87890625,8,0,07:14,19:19,2025-03-18 07:52:57.569261,Marina di Stabia
2025-03-18T07:53:08Z,60,30.085,72.0,31,52.0,10,20,108,56,0.0,255,32767,0.16,2056-9-18,0.04,0.52,23.84,0.0,0.0,0.0,0,1.4765625,8,0,07:14,19:19,2025-03-18 07:53:08.651266,Marina di Stabia
2025-03-18T07:53:19Z,60,30.085,72.0,31,52.0,27,20,105,56,0.0,255,32767,0.16,2056-9-18,0.04,0.52,23.84,0.0,0.0,0.0,0,1.4765625,8,0,07:14,19:19,2025-03-18 07:53:19.711262,Marina di Stabia
2025-03-18T07:53:44Z,60,30.085,72.0,31,52.0,14,20,97,56,0.0,255,32767,0.16,2056-9-18,0.04,0.52,23.84,0.0,0.0,0.0,0,1.4765625,8,0,07:14,19:19,2025-03-18 07:53:44.353249,Marina di Stabia
2025-03-18T07:53:55Z,60,30.085,72.0,31,52.0,9,20,304,56,0.0,255,32767,0.16,2056-9-18,0.04,0.52,23.84,0.0,0.0,0.0,0,1.4765625,8,0,07:14,19:19,2025-03-18 07:53:55.445270,Marina di Stabia
2025-03-18T07:54:06Z,60,30.081,72.0,31,52.0,17,19,89,56,0.0,255,32767,0.16,2056-9-18,0.04,0.52,23.84,0.0,0.0,0.0,0,0.87890625,8,0,07:14,19:19,2025-03-18 07:54:06.506274,Marina di Stabia
2025-03-18T07:54:17Z,60,30.081,72.0,31,52.0,15,19,105,56,0.0,255,32767,0.16,2056-9-18,0.04,0.52,23.84,0.0,0.0,0.0,0,0.87890625,8,0,07:14,19:19,2025-03-18 07:54:17.575259,Marina di Stabia
2025-03-18T07:54:28Z,60,30.081,72.0,31,52.0,18,19,93,56,0.0,255,32767,0.16,2056-9-18,0.04,0.52,23.84,0.0,0.0,0.0,0,0.87890625,8,0,07:14,19:19,2025-03-18 07:54:28.648262,Marina di Stabia
2025-03-18T07:54:39Z,60,30.081,72.0,31,52.1,18,19,91,56,0.0,255,32767,0.16,2056-9-18,0.04,0.52,23.84,0.0,0.0,0.0,0,0.87890625,8,0,07:14,19:19,2025-03-18 07:54:39.764259,Marina di Stabia
2025-03-18T07:54:51Z,60,30.081,72.0,31,52.0,18,19,94,56,0.0,255,32767,0.16,2056-9-18,0.04,0.52,23.84,0.0,0.0,0.0,0,0.87890625,8,0,07:14,19:19,2025-03-18 07:54:50.834268,Marina di Stabia
2025-03-18T07:55:02Z,60,30.083,72.0,31,52.1,18,20,69,56,0.0,255,32767,0.16,2056-9-18,0.04,0.52,23.84,0.0,0.0,0.0,0,0.873046875,8,0,07:14,19:19,2025-03-18 07:55:01.896267,Marina di Stabia
2025-03-18T07:55:13Z,60,30.083,72.0,31,52.1,14,20,77,56,0.0,255,32767,0.16,2056-9-18,0.04,0.52,23.84,0.0,0.0,0.0,0,0.873046875,8,0,07:14,19:19,2025-03-18 07:55:12.967259,Marina di Stabia
2025-03-18T07:55:24Z,60,30.083,72.0,31,52.1,20,20,34,56,0.0,255,32767,0.16,2056-9-18,0.04,0.52,23.84,0.0,0.0,0.0,0,0.873046875,8,0,07:14,19:19,2025-03-18 07:55:24.029270,Marina di Stabia
2025-03-18T07:55:35Z,60,30.083,72.0,31,52.1,13,20,87,56,0.0,255,32767,0.16,2056-9-18,0.04,0.52,23.84,0.0,0.0,0.0,0,0.873046875,8,0,07:14,19:19,2025-03-18 07:55:35.105277,Marina di Stabia
2025-03-18T07:55:46Z,60,30.083,72.0,31,52.1,14,20,98,56,0.0,255,32767,0.16,2056-9-18,0.04,0.52,23.84,0.0,0.0,0.0,0,0.873046875,8,0,07:14,19:19,2025-03-18 07:55:46.212258,Marina di Stabia
2025-03-18T07:55:57Z,60,30.083,72.0,31,52.1,17,20,109,56,0.0,255,32767,0.16,2056-9-18,0.04,0.52,23.84,0.0,0.0,0.0,0,0.873046875,8,0,07:14,19:19,2025-03-18 07:55:57.280266,Marina di Stabia
2025-03-18T07:56:08Z,60,30.084,72.1,31,52.2,22,19,90,56,0.0,255,32767,0.16,2056-9-18,0.04,0.52,23.84,0.0,0.0,0.0,0,0.90234375,8,0,07:14,19:19,2025-03-18 07:56:08.355260,Marina di Stabia
2025-03-18T07:56:19Z,60,30.084,72.1,31,52.2,28,19,95,56,0.0,255,32767,0.16,2056-9-18,0.04,0.52,23.84,0.0,0.0,0.0,0,0.90234375,8,0,07:14,19:19,2025-03-18 07:56:19.414266,Marina di Stabia
2025-03-18T07:56:30Z,60,30.084,72.1,31,52.1,29,19,87,56,0.0,255,32767,0.16,2056-9-18,0.04,0.52,23.84,0.0,0.0,0.0,0,0.90234375,8,0,07:14,19:19,2025-03-18 07:56:30.520257,Marina di Stabia
2025-03-18T07:56:41Z,60,30.084,72.1,31,52.1,25,19,93,56,0.0,255,32767,0.16,2056-9-18,0.04,0.52,23.84,0.0,0.0,0.0,0,0.90234375,8,0,07:14,19:19,2025-03-18 07:56:41.609260,Marina di Stabia
2025-03-18T07:56:52Z,60,30.084,72.1,31,52.0,26,19,90,56,0.0,255,32767,0.16,2056-9-18,0.04,0.52,23.84,0.0,0.0,0.0,0,0.90234375,8,0,07:14,19:19,2025-03-18 07:56:52.682265,Marina di Stabia
2025-03-18T07:57:03Z,60,30.082,72.1,31,52.0,20,20,102,56,0.0,255,32767,0.16,2056-9-18,0.04,0.52,23.84,0.0,0.0,0.0,0,0.87890625,8,0,07:14,19:19,2025-03-18 07:57:03.732211,Marina di Stabia
2025-03-18T07:57:15Z,60,30.082,72.1,31,52.0,17,20,80,56,0.0,255,32767,0.16,2056-9-18,0.04,0.52,23.84,0.0,0.0,0.0,0,0.87890625,8,0,07:14,19:19,2025-03-18 07:57:14.825271,Marina di Stabia
2025-03-18T07:57:26Z,60,30.082,72.1,31,52.0,18,20,88,56,0.0,255,32767,0.16,2056-9-18,0.04,0.52,23.84,0.0,0.0,0.0,0,0.87890625,8,0,07:14,19:19,2025-03-18 07:57:25.891260,Marina di Stabia
2025-03-18T07:57:37Z,60,30.082,72.1,31,52.0,21,20,85,56,0.0,255,32767,0.16,2056-9-18,0.04,0.52,23.84,0.0,0.0,0.0,0,0.87890625,8,0,07:14,19:19,2025-03-18 07:57:36.958261,Marina di Stabia
2025-03-18T07:57:48Z,60,30.082,72.1,31,52.0,11,20,246,56,0.0,255,32767,0.16,2056-9-18,0.04,0.52,23.84,0.0,0.0,0.0,0,0.87890625,8,0,07:14,19:19,2025-03-18 07:57:48.027260,Marina di Stabia
2025-03-18T07:57:59Z,60,30.084,72.1,31,51.9,19,19,96,56,0.0,255,32767,0.16,2056-9-18,0.04,0.52,23.84,0.0,0.0,0.0,0,1.095703125,8,0,07:14,19:19,2025-03-18 07:57:59.091257,Marina di Stabia
2025-03-18T07:58:10Z,60,30.084,72.1,31,51.9,24,19,79,56,0.0,255,32767,0.16,2056-9-18,0.04,0.52,23.84,0.0,0.0,0.0,0,1.095703125,8,0,07:14,19:19,2025-03-18 07:58:10.153261,Marina di Stabia
2025-03-18T07:58:21Z,60,30.084,72.1,31,51.9,28,19,73,56,0.0,255,32767,0.16,2056-9-18,0.04,0.52,23.84,0.0,0.0,0.0,0,1.095703125,8,0,07:14,19:19,2025-03-18 07:58:21.258258,Marina di Stabia
2025-03-18T07:58:32Z,60,30.084,72.1,31,51.8,20,19,90,56,0.0,255,32767,0.16,2056-9-18,0.04,0.52,23.84,0.0,0.0,0.0,0,1.095703125,8,0,07:14,19:19,2025-03-18 07:58:32.330269,Marina di Stabia
2025-03-18T07:58:43Z,60,30.084,72.1,31,51.8,18,19,88,56,0.0,255,32767,0.16,2056-9-18,0.04,0.52,23.84,0.0,0.0,0.0,0,1.095703125,8,0,07:14,19:19,2025-03-18 07:58:43.442261,Marina di Stabia
2025-03-18T07:58:54Z,60,30.084,72.1,31,51.8,15,19,92,56,0.0,255,32767,0.16,2056-9-18,0.04,0.52,23.84,0.0,0.0,0.0,0,1.095703125,8,0,07:14,19:19,2025-03-18 07:58:54.517223,Marina di Stabia
2025-03-18T07:59:05Z,60,30.081,72.1,31,51.9,16,19,134,56,0.0,255,32767,0.16,2056-9-18,0.04,0.52,23.84,0.0,0.0,0.0,0,0.87890625,8,0,07:14,19:19,2025-03-18 07:59:05.598266,Marina di Stabia
2025-03-18T07:59:16Z,60,30.081,72.1,31,51.9,19,19,94,56,0.0,255,32767,0.16,2056-9-18,0.04,0.52,23.84,0.0,0.0,0.0,0,0.87890625,8,0,07:14,19:19,2025-03-18 07:59:16.702259,Marina di Stabia
2025-03-18T07:59:27Z,60,30.081,72.1,31,51.8,19,19,78,56,0.0,255,32767,0.16,2056-9-18,0.04,0.52,23.84,0.0,0.0,0.0,0,0.87890625,8,0,07:14,19:19,2025-03-18 07:59:27.777253,Marina di Stabia
2025-03-18T07:59:39Z,60,30.081,72.1,31,51.8,18,19,66,56,0.0,255,32767,0.16,2056-9-18,0.04,0.52,23.84,0.0,0.0,0.0,0,0.87890625,8,0,07:14,19:19,2025-03-18 07:59:38.840261,Marina di Stabia
2025-03-18T07:59:50Z,60,30.081,72.1,31,51.9,19,19,86,56,0.0,255,32767,0.16,2056-9-18,0.04,0.52,23.84,0.0,0.0,0.0,0,0.87890625,8,0,07:14,19:19,2025-03-18 07:59:49.915268,Marina di Stabia
2025-03-18T08:00:01Z,60,30.086,72.1,31,51.8,15,19,100,57,0.0,255,32767,0.16,2056-9-18,0.04,0.52,23.84,0.0,0.0,0.0,0,2.361328125,8,0,07:14,19:19,2025-03-18 08:00:00.987260,Marina di Stabia,31.1,6.639279,14.05905,5.7798514,10.930394,EU EEA Common AQI,73.8,6.5582366,13.21546,3600,4.811594,100,100,51.4,8.937198,Very Low,75.5,6.355935,100,1739186100,Very Low,9.633085,6.8510075,Very Low,6.062216,42.9,5.362319,100,1739186100,5.362319
2025-03-18T08:00:12Z,60,30.086,72.1,31,51.8,13,19,88,57,0.0,255,32767,0.16,2056-9-18,0.04,0.52,23.84,0.0,0.0,0.0,0,2.361328125,8,0,07:14,19:19,2025-03-18 08:00:12.104254,Marina di Stabia,31.1,6.639279,14.05905,5.7798514,10.930394,EU EEA Common AQI,73.8,6.5582366,13.21546,3600,4.811594,100,100,51.4,8.937198,Very Low,75.5,6.355935,100,1739186100,Very Low,9.633085,6.8510075,Very Low,6.062216,42.9,5.362319,100,1739186100,5.362319
2025-03-18T08:00:23Z,60,30.086,72.1,31,51.9,20,19,92,57,0.0,255,32767,0.16,2056-9-18,0.04,0.52,23.84,0.0,0.0,0.0,0,2.361328125,8,0,07:14,19:19,2025-03-18 08:00:23.208249,Marina di Stabia,31.1,6.639279,14.05905,5.7798514,10.930394,EU EEA Common AQI,73.8,6.5582366,13.21546,3600,4.811594,100,100,51.4,8.937198,Very Low,75.5,6.355935,100,1739186100,Very Low,9.633085,6.8510075,Very Low,6.062216,42.9,5.362319,100,1739186100,5.362319
2025-03-18T08:00:34Z,60,30.086,72.1,31,51.9,27,19,92,57,0.0,255,32767,0.16,2056-9-18,0.04,0.52,23.84,0.0,0.0,0.0,0,2.361328125,8,0,07:14,19:19,2025-03-18 08:00:34.292264,Marina di Stabia,31.1,6.639279,14.05905,5.7798514,10.930394,EU EEA Common AQI,73.8,6.5582366,13.21546,3600,4.811594,100,100,51.4,8.937198,Very Low,75.5,6.355935,100,1739186100,Very Low,9.633085,6.8510075,Very Low,6.062216,42.9,5.362319,100,1739186100,5.362319
2025-03-18T08:00:45Z,60,30.086,72.1,31,51.9,29,19,96,57,0.0,255,32767,0.16,2056-9-18,0.04,0.52,23.84,0.0,0.0,0.0,0,2.361328125,8,0,07:14,19:19,2025-03-18 08:00:45.380259,Marina di Stabia,31.1,6.639279,14.05905,5.7798514,10.930394,EU EEA Common AQI,73.8,6.5582366,13.21546,3600,4.811594,100,100,51.4,8.937198,Very Low,75.5,6.355935,100,1739186100,Very Low,9.633085,6.8510075,Very Low,6.062216,42.9,5.362319,100,1739186100,5.362319
2025-03-18T08:00:56Z,60,30.086,72.1,31,51.9,27,19,95,56,0.0,255,32767,0.16,2056-9-18,0.04,0.52,23.84,0.0,0.0,0.0,0,2.361328125,8,0,07:14,19:19,2025-03-18 08:00:56.459263,Marina di Stabia,31.1,6.639279,14.05905,5.7798514,10.930394,EU EEA Common AQI,73.8,6.5582366,13.21546,3600,4.811594,100,100,51.4,8.937198,Very Low,75.5,6.355935,100,1739186100,Very Low,9.633085,6.8510075,Very Low,6.062216,42.9,5.362319,100,1739186100,5.362319
2025-03-18T08:01:07Z,60,30.084,72.1,31,51.8,20,20,105,56,0.0,255,32767,0.16,2056-9-18,0.04,0.52,23.84,0.0,0.0,0.0,0,1.5703125,8,1,07:14,19:19,2025-03-18 08:01:07.578251,Marina di Stabia,31.1,6.639279,14.05905,5.7798514,10.930394,EU EEA Common AQI,73.8,6.5582366,13.21546,3600,4.811594,100,100,51.4,8.937198,Very Low,75.5,6.355935,100,1739186100,Very Low,9.633085,6.8510075,Very Low,6.062216,42.9,5.362319,100,1739186100,5.362319
2025-03-18T08:01:18Z,60,30.084,72.1,31,51.8,19,20,113,56,0.0,255,32767,0.16,2056-9-18,0.04,0.52,23.84,0.0,0.0,0.0,0,1.5703125,8,1,07:14,19:19,2025-03-18 08:01:18.668267,Marina di Stabia,31.1,6.639279,14.05905,5.7798514,10.930394,EU EEA Common AQI,73.8,6.5582366,13.21546,3600,4.811594,100,100,51.4,8.937198,Very Low,75.5,6.355935,100,1739186100,Very Low,9.633085,6.8510075,Very Low,6.062216,42.9,5.362319,100,1739186100,5.362319
2025-03-18T08:01:29Z,60,30.084,72.1,31,51.8,21,20,90,56,0.0,255,32767,0.16,2056-9-18,0.04,0.52,23.84,0.0,0.0,0.0,0,1.5703125,8,1,07:14,19:19,2025-03-18 08:01:29.786260,Marina di Stabia,31.1,6.639279,14.05905,5.7798514,10.930394,EU EEA Common AQI,73.8,6.5582366,13.21546,3600,4.811594,100,100,51.4,8.937198,Very Low,75.5,6.355935,100,1739186100,Very Low,9.633085,6.8510075,Very Low,6.062216,42.9,5.362319,100,1739186100,5.362319
2025-03-18T08:01:41Z,60,30.084,72.1,31,51.8,19,20,91,56,0.0,255,32767,0.16,2056-9-18,0.04,0.52,23.84,0.0,0.0,0.0,0,1.5703125,8,1,07:14,19:19,2025-03-18 08:01:40.867261,Marina di Stabia,31.1,6.639279,14.05905,5.7798514,10.930394,EU EEA Common AQI,73.8,6.5582366,13.21546,3600,4.811594,100,100,51.4,8.937198,Very Low,75.5,6.355935,100,1739186100,Very Low,9.633085,6.8510075,Very Low,6.062216,42.9,5.362319,100,1739186100,5.362319
2025-03-18T08:01:52Z,60,30.084,72.1,31,51.8,22,20,83,56,0.0,255,32767,0.16,2056-9-18,0.04,0.52,23.84,0.0,0.0,0.0,0,1.5703125,8,1,07:14,19:19,2025-03-18 08:01:51.953259,Marina di Stabia,31.1,6.639279,14.05905,5.7798514,10.930394,EU EEA Common AQI,73.8,6.5582366,13.21546,3600,4.811594,100,100,51.4,8.937198,Very Low,75.5,6.355935,100,1739186100,Very Low,9.633085,6.8510075,Very Low,6.062216,42.9,5.362319,100,1739186100,5.362319
2025-03-18T08:02:03Z,60,30.084,72.2,31,51.8,23,20,89,56,0.0,255,32767,0.16,2056-9-18,0.04,0.52,23.84,0.0,0.0,0.0,0,0.87890625,8,1,07:14,19:19,2025-03-18 08:02:03.071261,Marina di Stabia,31.1,6.639279,14.05905,5.7798514,10.930394,EU EEA Common AQI,73.8,6.5582366,13.21546,3600,4.811594,100,100,51.4,8.937198,Very Low,75.5,6.355935,100,1739186100,Very Low,9.633085,6.8510075,Very Low,6.062216,42.9,5.362319,100,1739186100,5.362319
2025-03-18T08:02:14Z,60,30.084,72.2,31,51.7,24,20,94,56,0.0,255,32767,0.16,2056-9-18,0.04,0.52,23.84,0.0,0.0,0.0,0,0.87890625,8,1,07:14,19:19,2025-03-18 08:02:14.176265,Marina di Stabia,31.1,6.639279,14.05905,5.7798514,10.930394,EU EEA Common AQI,73.8,6.5582366,13.21546,3600,4.811594,100,100,51.4,8.937198,Very Low,75.5,6.355935,100,1739186100,Very Low,9.633085,6.8510075,Very Low,6.062216,42.9,5.362319,100,1739186100,5.362319
2025-03-18T08:02:25Z,60,30.084,72.2,31,51.8,19,20,96,56,0.0,255,32767,0.16,2056-9-18,0.04,0.52,23.84,0.0,0.0,0.0,0,0.87890625,8,1,07:14,19:19,2025-03-18 08:02:25.262263,Marina di Stabia,31.1,6.639279,14.05905,5.7798514,10.930394,EU EEA Common AQI,73.8,6.5582366,13.21546,3600,4.811594,100,100,51.4,8.937198,Very Low,75.5,6.355935,100,1739186100,Very Low,9.633085,6.8510075,Very Low,6.062216,42.9,5.362319,100,1739186100,5.362319
2025-03-18T08:02:36Z,60,30.084,72.2,31,51.8,26,20,77,56,0.0,255,32767,0.16,2056-9-18,0.04,0.52,23.84,0.0,0.0,0.0,0,0.87890625,8,1,07:14,19:19,2025-03-18 08:02:36.393258,Marina di Stabia,31.1,6.639279,14.05905,5.7798514,10.930394,EU EEA Common AQI,73.8,6.5582366,13.21546,3600,4.811594,100,100,51.4,8.937198,Very Low,75.5,6.355935,100,1739186100,Very Low,9.633085,6.8510075,Very Low,6.062216,42.9,5.362319,100,1739186100,5.362319
2025-03-18T08:02:47Z,60,30.084,72.2,31,51.8,12,20,103,56,0.0,255,32767,0.16,2056-9-18,0.04,0.52,23.84,0.0,0.0,0.0,0,0.87890625,8,1,07:14,19:19,2025-03-18 08:02:47.489260,Marina di Stabia,31.1,6.639279,14.05905,5.7798514,10.930394,EU EEA Common AQI,73.8,6.5582366,13.21546,3600,4.811594,100,100,51.4,8.937198,Very Low,75.5,6.355935,100,1739186100,Very Low,9.633085,6.8510075,Very Low,6.062216,42.9,5.362319,100,1739186100,5.362319
2025-03-18T08:02:59Z,60,30.086,72.2,31,51.8,21,20,88,56,0.0,255,32767,0.16,2056-9-18,0.04,0.52,23.84,0.0,0.0,0.0,0,0.943359375,8,1,07:14,19:19,2025-03-18 08:02:58.818265,Marina di Stabia,31.1,6.639279,14.05905,5.7798514,10.930394,EU EEA Common AQI,73.8,6.5582366,13.21546,3600,4.811594,100,100,51.4,8.937198,Very Low,75.5,6.355935,100,1739186100,Very Low,9.633085,6.8510075,Very Low,6.062216,42.9,5.362319,100,1739186100,5.362319
2025-03-18T08:03:10Z,60,30.086,72.2,31,51.8,14,20,110,56,0.0,255,32767,0.16,2056-9-18,0.04,0.52,23.84,0.0,0.0,0.0,0,0.943359375,8,1,07:14,19:19,2025-03-18 08:03:09.915261,Marina di Stabia,31.1,6.639279,14.05905,5.7798514,10.930394,EU EEA Common AQI,73.8,6.5582366,13.21546,3600,4.811594,100,100,51.4,8.937198,Very Low,75.5,6.355935,100,1739186100,Very Low,9.633085,6.8510075,Very Low,6.062216,42.9,5.362319,100,1739186100,5.362319
2025-03-18T08:03:21Z,60,30.086,72.2,31,51.8,26,20,97,56,0.0,255,32767,0.16,2056-9-18,0.04,0.52,23.84,0.0,0.0,0.0,0,0.943359375,8,1,07:14,19:19,2025-03-18 08:03:21.001262,Marina di Stabia,31.1,6.639279,14.05905,5.7798514,10.930394,EU EEA Common AQI,73.8,6.5582366,13.21546,3600,4.811594,100,100,51.4,8.937198,Very Low,75.5,6.355935,100,1739186100,Very Low,9.633085,6.8510075,Very Low,6.062216,42.9,5.362319,100,1739186100,5.362319
2025-03-18T08:03:32Z,60,30.086,72.2,31,51.7,17,20,93,56,0.0,255,32767,0.16,2056-9-18,0.04,0.52,23.84,0.0,0.0,0.0,0,0.943359375,8,1,07:14,19:19,2025-03-18 08:03:32.111235,Marina di Stabia,31.1,6.639279,14.05905,5.7798514,10.930394,EU EEA Common AQI,73.8,6.5582366,13.21546,3600,4.811594,100,100,51.4,8.937198,Very Low,75.5,6.355935,100,1739186100,Very Low,9.633085,6.8510075,Very Low,6.062216,42.9,5.362319,100,1739186100,5.362319
2025-03-18T08:03:43Z,60,30.086,72.2,31,51.8,19,20,110,56,0.0,255,32767,0.16,2056-9-18,0.04,0.52,23.84,0.0,0.0,0.0,0,0.943359375,8,1,07:14,19:19,2025-03-18 08:03:43.189260,Marina di Stabia,31.1,6.639279,14.05905,5.7798514,10.930394,EU EEA Common AQI,73.8,6.5582366,13.21546,3600,4.811594,100,100,51.4,8.937198,Very Low,75.5,6.355935,100,1739186100,Very Low,9.633085,6.8510075,Very Low,6.062216,42.9,5.362319,100,1739186100,5.362319
2025-03-18T08:03:54Z,60,30.086,72.2,31,51.8,20,20,114,56,0.0,255,32767,0.16,2056-9-18,0.04,0.52,23.84,0.0,0.0,0.0,0,0.943359375,8,1,07:14,19:19,2025-03-18 08:03:54.277261,Marina di Stabia,31.1,6.639279,14.05905,5.7798514,10.930394,EU EEA Common AQI,73.8,6.5582366,13.21546,3600,4.811594,100,100,51.4,8.937198,Very Low,75.5,6.355935,100,1739186100,Very Low,9.633085,6.8510075,Very Low,6.062216,42.9,5.362319,100,1739186100,5.362319
2025-03-18T08:04:05Z,60,30.084,72.2,31,51.8,23,20,76,56,0.0,255,32767,0.16,2056-9-18,0.04,0.52,23.84,0.0,0.0,0.0,0,0.87890625,8,1,07:14,19:19,2025-03-18 08:04:05.371260,Marina di Stabia,31.1,6.639279,14.05905,5.7798514,10.930394,EU EEA Common AQI,73.8,6.5582366,13.21546,3600,4.811594,100,100,51.4,8.937198,Very Low,75.5,6.355935,100,1739186100,Very Low,9.633085,6.8510075,Very Low,6.062216,42.9,5.362319,100,1739186100,5.362319
2025-03-18T08:04:16Z,60,30.084,72.2,31,51.8,22,20,89,56,0.0,255,32767,0.16,2056-9-18,0.04,0.52,23.84,0.0,0.0,0.0,0,0.87890625,8,1,07:14,19:19,2025-03-18 08:04:16.472256,Marina di Stabia,31.1,6.639279,14.05905,5.7798514,10.930394,EU EEA Common AQI,73.8,6.5582366,13.21546,3600,4.811594,100,100,51.4,8.937198,Very Low,75.5,6.355935,100,1739186100,Very Low,9.633085,6.8510075,Very Low,6.062216,42.9,5.362319,100,1739186100,5.362319
2025-03-18T08:04:27Z,60,30.084,72.2,31,51.8,20,20,103,56,0.0,255,32767,0.16,2056-9-18,0.04,0.52,23.84,0.0,0.0,0.0,0,0.87890625,8,1,07:14,19:19,2025-03-18 08:04:27.551269,Marina di Stabia,31.1,6.639279,14.05905,5.7798514,10.930394,EU EEA Common AQI,73.8,6.5582366,13.21546,3600,4.811594,100,100,51.4,8.937198,Very Low,75.5,6.355935,100,1739186100,Very Low,9.633085,6.8510075,Very Low,6.062216,42.9,5.362319,100,1739186100,5.362319
2025-03-18T08:04:38Z,60,30.084,72.2,31,51.8,26,20,92,56,0.0,255,32767,0.16,2056-9-18,0.04,0.52,23.84,0.0,0.0,0.0,0,0.87890625,8,1,07:14,19:19,2025-03-18 08:04:38.710257,Marina di Stabia,31.1,6.639279,14.05905,5.7798514,10.930394,EU EEA Common AQI,73.8,6.5582366,13.21546,3600,4.811594,100,100,51.4,8.937198,Very Low,75.5,6.355935,100,1739186100,Very Low,9.633085,6.8510075,Very Low,6.062216,42.9,5.362319,100,1739186100,5.362319
2025-03-18T08:04:50Z,60,30.084,72.2,31,51.8,22,20,91,56,0.0,255,32767,0.16,2056-9-18,0.04,0.52,23.84,0.0,0.0,0.0,0,0.87890625,8,1,07:14,19:19,2025-03-18 08:04:49.883261,Marina di Stabia,31.1,6.639279,14.05905,5.7798514,10.930394,EU EEA Common AQI,73.8,6.5582366,13.21546,3600,4.811594,100,100,51.4,8.937198,Very Low,75.5,6.355935,100,1739186100,Very Low,9.633085,6.8510075,Very Low,6.062216,42.9,5.362319,100,1739186100,5.362319
2025-03-18T08:05:01Z,60,30.082,72.2,31,51.8,32,21,92,56,0.0,255,32767,0.16,2056-9-18,0.04,0.52,23.84,0.0,0.0,0.0,0,1.482421875,8,1,07:14,19:19,2025-03-18 08:05:00.954223,Marina di Stabia,31.1,6.639279,14.05905,5.7798514,10.930394,EU EEA Common AQI,73.8,6.5582366,13.21546,3600,4.811594,100,100,51.4,8.937198,Very Low,75.5,6.355935,100,1739186100,Very Low,9.633085,6.8510075,Very Low,6.062216,42.9,5.362319,100,1739186100,5.362319
2025-03-18T08:05:12Z,60,30.082,72.2,31,51.7,34,21,103,56,0.0,255,32767,0.16,2056-9-18,0.04,0.52,23.84,0.0,0.0,0.0,0,1.482421875,8,1,07:14,19:19,2025-03-18 08:05:12.149224,Marina di Stabia,31.1,6.639279,14.05905,5.7798514,10.930394,EU EEA Common AQI,73.8,6.5582366,13.21546,3600,4.811594,100,100,51.4,8.937198,Very Low,75.5,6.355935,100,1739186100,Very Low,9.633085,6.8510075,Very Low,6.062216,42.9,5.362319,100,1739186100,5.362319
2025-03-18T08:05:23Z,60,30.082,72.2,31,51.7,35,21,83,56,0.0,255,32767,0.16,2056-9-18,0.04,0.52,23.84,0.0,0.0,0.0,0,1.482421875,8,1,07:14,19:19,2025-03-18 08:05:23.235269,Marina di Stabia,31.1,6.639279,14.05905,5.7798514,10.930394,EU EEA Common AQI,73.8,6.5582366,13.21546,3600,4.811594,100,100,51.4,8.937198,Very Low,75.5,6.355935,100,1739186100,Very Low,9.633085,6.8510075,Very Low,6.062216,42.9,5.362319,100,1739186100,5.362319
2025-03-18T08:05:34Z,60,30.082,72.2,31,51.7,26,21,84,56,0.0,255,32767,0.16,2056-9-18,0.04,0.52,23.84,0.0,0.0,0.0,0,1.482421875,8,1,07:14,19:19,2025-03-18 08:05:34.314272,Marina di Stabia,31.1,6.639279,14.05905,5.7798514,10.930394,EU EEA Common AQI,73.8,6.5582366,13.21546,3600,4.811594,100,100,51.4,8.937198,Very Low,75.5,6.355935,100,1739186100,Very Low,9.633085,6.8510075,Very Low,6.062216,42.9,5.362319,100,1739186100,5.362319
2025-03-18T08:05:45Z,60,30.082,72.2,31,51.7,28,21,88,56,0.0,255,32767,0.16,2056-9-18,0.04,0.52,23.84,0.0,0.0,0.0,0,1.482421875,8,1,07:14,19:19,2025-03-18 08:05:45.428262,Marina di Stabia,31.1,6.639279,14.05905,5.7798514,10.930394,EU EEA Common AQI,73.8,6.5582366,13.21546,3600,4.811594,100,100,51.4,8.937198,Very Low,75.5,6.355935,100,1739186100,Very Low,9.633085,6.8510075,Very Low,6.062216,42.9,5.362319,100,1739186100,5.362319
2025-03-18T08:05:56Z,60,30.082,72.2,31,51.6,31,21,82,56,0.0,255,32767,0.16,2056-9-18,0.04,0.52,23.84,0.0,0.0,0.0,0,1.482421875,8,1,07:14,19:19,2025-03-18 08:05:56.513256,Marina di Stabia,31.1,6.639279,14.05905,5.7798514,10.930394,EU EEA Common AQI,73.8,6.5582366,13.21546,3600,4.811594,100,100,51.4,8.937198,Very Low,75.5,6.355935,100,1739186100,Very Low,9.633085,6.8510075,Very Low,6.062216,42.9,5.362319,100,1739186100,5.362319
2025-03-18T08:06:07Z,60,30.086,72.2,31,51.6,32,22,77,56,0.0,255,32767,0.16,2056-9-18,0.04,0.52,23.84,0.0,0.0,0.0,0,0.87890625,8,1,07:14,19:19,2025-03-18 08:06:07.588273,Marina di Stabia,31.1,6.639279,14.05905,5.7798514,10.930394,EU EEA Common AQI,73.8,6.5582366,13.21546,3600,4.811594,100,100,51.4,8.937198,Very Low,75.5,6.355935,100,1739186100,Very Low,9.633085,6.8510075,Very Low,6.062216,42.9,5.362319,100,1739186100,5.362319
2025-03-18T08:06:18Z,60,30.086,72.2,31,51.5,24,22,82,56,0.0,255,32767,0.16,2056-9-18,0.04,0.52,23.84,0.0,0.0,0.0,0,0.87890625,8,1,07:14,19:19,2025-03-18 08:06:18.720259,Marina di Stabia,31.1,6.639279,14.05905,5.7798514,10.930394,EU EEA Common AQI,73.8,6.5582366,13.21546,3600,4.811594,100,100,51.4,8.937198,Very Low,75.5,6.355935,100,1739186100,Very Low,9.633085,6.8510075,Very Low,6.062216,42.9,5.362319,100,1739186100,5.362319
2025-03-18T08:06:30Z,60,30.086,72.2,31,51.5,27,22,79,56,0.0,255,32767,0.16,2056-9-18,0.04,0.52,23.84,0.0,0.0,0.0,0,0.87890625,8,1,07:14,19:19,2025-03-18 08:06:29.860270,Marina di Stabia,31.1,6.639279,14.05905,5.7798514,10.930394,EU EEA Common AQI,73.8,6.5582366,13.21546,3600,4.811594,100,100,51.4,8.937198,Very Low,75.5,6.355935,100,1739186100,Very Low,9.633085,6.8510075,Very Low,6.062216,42.9,5.362319,100,1739186100,5.362319
2025-03-18T08:06:41Z,60,30.086,72.2,31,51.5,26,22,80,56,0.0,255,32767,0.16,2056-9-18,0.04,0.52,23.84,0.0,0.0,0.0,0,0.87890625,8,1,07:14,19:19,2025-03-18 08:06:40.947254,Marina di Stabia,31.1,6.639279,14.05905,5.7798514,10.930394,EU EEA Common AQI,73.8,6.5582366,13.21546,3600,4.811594,100,100,51.4,8.937198,Very Low,75.5,6.355935,100,1739186100,Very Low,9.633085,6.8510075,Very Low,6.062216,42.9,5.362319,100,1739186100,5.362319
2025-03-18T08:06:52Z,60,30.086,72.2,31,51.4,28,22,88,56,0.0,255,32767,0.16,2056-9-18,0.04,0.52,23.84,0.0,0.0,0.0,0,0.87890625,8,1,07:14,19:19,2025-03-18 08:06:52.025256,Marina di Stabia,31.1,6.639279,14.05905,5.7798514,10.930394,EU EEA Common AQI,73.8,6.5582366,13.21546,3600,4.811594,100,100,51.4,8.937198,Very Low,75.5,6.355935,100,1739186100,Very Low,9.633085,6.8510075,Very Low,6.062216,42.9,5.362319,100,1739186100,5.362319
2025-03-18T08:07:03Z,60,30.085,72.2,31,51.4,30,22,88,56,0.0,255,32767,0.16,2056-9-18,0.04,0.52,23.84,0.0,0.0,0.0,0,0.87890625,8,1,07:14,19:19,2025-03-18 08:07:03.117264,Marina di Stabia,31.1,6.639279,14.05905,5.7798514,10.930394,EU EEA Common AQI,73.8,6.5582366,13.21546,3600,4.811594,100,100,51.4,8.937198,Very Low,75.5,6.355935,100,1739186100,Very Low,9.633085,6.8510075,Very Low,6.062216,42.9,5.362319,100,1739186100,5.362319
2025-03-18T08:07:14Z,60,30.085,72.2,31,51.3,30,22,94,56,0.0,255,32767,0.16,2056-9-18,0.04,0.52,23.84,0.0,0.0,0.0,0,0.87890625,8,1,07:14,19:19,2025-03-18 08:07:14.194272,Marina di Stabia,31.1,6.639279,14.05905,5.7798514,10.930394,EU EEA Common AQI,73.8,6.5582366,13.21546,3600,4.811594,100,100,51.4,8.937198,Very Low,75.5,6.355935,100,1739186100,Very Low,9.633085,6.8510075,Very Low,6.062216,42.9,5.362319,100,1739186100,5.362319
2025-03-18T08:07:25Z,60,30.085,72.2,31,51.3,26,22,106,56,0.0,255,32767,0.16,2056-9-18,0.04,0.52,23.84,0.0,0.0,0.0,0,0.87890625,8,1,07:14,19:19,2025-03-18 08:07:25.303242,Marina di Stabia,31.1,6.639279,14.05905,5.7798514,10.930394,EU EEA Common AQI,73.8,6.5582366,13.21546,3600,4.811594,100,100,51.4,8.937198,Very Low,75.5,6.355935,100,1739186100,Very Low,9.633085,6.8510075,Very Low,6.062216,42.9,5.362319,100,1739186100,5.362319
2025-03-18T08:07:36Z,60,30.085,72.2,31,51.3,22,22,129,56,0.0,255,32767,0.16,2056-9-18,0.04,0.52,23.84,0.0,0.0,0.0,0,0.87890625,8,1,07:14,19:19,2025-03-18 08:07:36.387261,Marina di Stabia,31.1,6.639279,14.05905,5.7798514,10.930394,EU EEA Common AQI,73.8,6.5582366,13.21546,3600,4.811594,100,100,51.4,8.937198,Very Low,75.5,6.355935,100,1739186100,Very Low,9.633085,6.8510075,Very Low,6.062216,42.9,5.362319,100,1739186100,5.362319
2025-03-18T08:07:47Z,60,30.085,72.2,31,51.3,20,22,198,56,0.0,255,32767,0.16,2056-9-18,0.04,0.52,23.84,0.0,0.0,0.0,0,0.87890625,8,1,07:14,19:19,2025-03-18 08:07:47.463261,Marina di Stabia,31.1,6.639279,14.05905,5.7798514,10.930394,EU EEA Common AQI,73.8,6.5582366,13.21546,3600,4.811594,100,100,51.4,8.937198,Very Low,75.5,6.355935,100,1739186100,Very Low,9.633085,6.8510075,Very Low,6.062216,42.9,5.362319,100,1739186100,5.362319
2025-03-18T08:07:58Z,60,30.089,72.2,31,51.2,20,23,84,56,0.0,255,32767,0.16,2056-9-18,0.04,0.52,23.84,0.0,0.0,0.0,0,0.896484375,8,1,07:14,19:19,2025-03-18 08:07:58.540268,Marina di Stabia,31.1,6.639279,14.05905,5.7798514,10.930394,EU EEA Common AQI,73.8,6.5582366,13.21546,3600,4.811594,100,100,51.4,8.937198,Very Low,75.5,6.355935,100,1739186100,Very Low,9.633085,6.8510075,Very Low,6.062216,42.9,5.362319,100,1739186100,5.362319
2025-03-18T08:08:09Z,60,30.089,72.2,31,51.3,23,23,122,56,0.0,255,32767,0.16,2056-9-18,0.04,0.52,23.84,0.0,0.0,0.0,0,0.896484375,8,1,07:14,19:19,2025-03-18 08:08:09.659259,Marina di Stabia,31.1,6.639279,14.05905,5.7798514,10.930394,EU EEA Common AQI,73.8,6.5582366,13.21546,3600,4.811594,100,100,51.4,8.937198,Very Low,75.5,6.355935,100,1739186100,Very Low,9.633085,6.8510075,Very Low,6.062216,42.9,5.362319,100,1739186100,5.362319
2025-03-18T08:08:20Z,60,30.089,72.2,31,51.3,22,23,93,56,0.0,255,32767,0.16,2056-9-18,0.04,0.52,23.84,0.0,0.0,0.0,0,0.896484375,8,1,07:14,19:19,2025-03-18 08:08:20.777287,Marina di Stabia,31.1,6.639279,14.05905,5.7798514,10.930394,EU EEA Common AQI,73.8,6.5582366,13.21546,3600,4.811594,100,100,51.4,8.937198,Very Low,75.5,6.355935,100,1739186100,Very Low,9.633085,6.8510075,Very Low,6.062216,42.9,5.362319,100,1739186100,5.362319
2025-03-18T08:08:32Z,60,30.089,72.2,31,51.3,23,23,75,56,0.0,255,32767,0.16,2056-9-18,0.04,0.52,23.84,0.0,0.0,0.0,0,0.896484375,8,1,07:14,19:19,2025-03-18 08:08:31.899259,Marina di Stabia,31.1,6.639279,14.05905,5.7798514,10.930394,EU EEA Common AQI,73.8,6.5582366,13.21546,3600,4.811594,100,100,51.4,8.937198,Very Low,75.5,6.355935,100,1739186100,Very Low,9.633085,6.8510075,Very Low,6.062216,42.9,5.362319,100,1739186100,5.362319
2025-03-18T08:08:43Z,60,30.089,72.2,31,51.3,17,23,103,56,0.0,255,32767,0.16,2056-9-18,0.04,0.52,23.84,0.0,0.0,0.0,0,0.896484375,8,1,07:14,19:19,2025-03-18 08:08:42.981260,Marina di Stabia,31.1,6.639279,14.05905,5.7798514,10.930394,EU EEA Common AQI,73.8,6.5582366,13.21546,3600,4.811594,100,100,51.4,8.937198,Very Low,75.5,6.355935,100,1739186100,Very Low,9.633085,6.8510075,Very Low,6.062216,42.9,5.362319,100,1739186100,5.362319
2025-03-18T08:08:54Z,60,30.089,72.2,31,51.3,24,23,87,56,0.0,255,32767,0.16,2056-9-18,0.04,0.52,23.84,0.0,0.0,0.0,0,0.896484375,8,1,07:14,19:19,2025-03-18 08:08:54.089269,Marina di Stabia,31.1,6.639279,14.05905,5.7798514,10.930394,EU EEA Common AQI,73.8,6.5582366,13.21546,3600,4.811594,100,100,51.4,8.937198,Very Low,75.5,6.355935,100,1739186100,Very Low,9.633085,6.8510075,Very Low,6.062216,42.9,5.362319,100,1739186100,5.362319
2025-03-18T08:09:05Z,60,30.089,72.2,31,51.4,21,23,68,56,0.0,255,32767,0.16,2056-9-18,0.04,0.52,23.84,0.0,0.0,0.0,0,0.87890625,8,1,07:14,19:19,2025-03-18 08:09:05.177276,Marina di Stabia,31.1,6.639279,14.05905,5.7798514,10.930394,EU EEA Common AQI,73.8,6.5582366,13.21546,3600,4.811594,100,100,51.4,8.937198,Very Low,75.5,6.355935,100,1739186100,Very Low,9.633085,6.8510075,Very Low,6.062216,42.9,5.362319,100,1739186100,5.362319
2025-03-18T08:09:16Z,60,30.089,72.2,31,51.4,21,23,67,56,0.0,255,32767,0.16,2056-9-18,0.04,0.52,23.84,0.0,0.0,0.0,0,0.87890625,8,1,07:14,19:19,2025-03-18 08:09:16.264266,Marina di Stabia,31.1,6.639279,14.05905,5.7798514,10.930394,EU EEA Common AQI,73.8,6.5582366,13.21546,3600,4.811594,100,100,51.4,8.937198,Very Low,75.5,6.355935,100,1739186100,Very Low,9.633085,6.8510075,Very Low,6.062216,42.9,5.362319,100,1739186100,5.362319
2025-03-18T08:09:27Z,60,30.089,72.2,31,51.4,21,23,74,56,0.0,255,32767,0.16,2056-9-18,0.04,0.52,23.84,0.0,0.0,0.0,0,0.87890625,8,1,07:14,19:19,2025-03-18 08:09:27.379235,Marina di Stabia,31.1,6.639279,14.05905,5.7798514,10.930394,EU EEA Common AQI,73.8,6.5582366,13.21546,3600,4.811594,100,100,51.4,8.937198,Very Low,75.5,6.355935,100,1739186100,Very Low,9.633085,6.8510075,Very Low,6.062216,42.9,5.362319,100,1739186100,5.362319
2025-03-18T08:09:38Z,60,30.089,72.2,31,51.4,24,23,80,56,0.0,255,32767,0.16,2056-9-18,0.04,0.52,23.84,0.0,0.0,0.0,0,0.87890625,8,1,07:14,19:19,2025-03-18 08:09:38.451270,Marina di Stabia,31.1,6.639279,14.05905,5.7798514,10.930394,EU EEA Common AQI,73.8,6.5582366,13.21546,3600,4.811594,100,100,51.4,8.937198,Very Low,75.5,6.355935,100,1739186100,Very Low,9.633085,6.8510075,Very Low,6.062216,42.9,5.362319,100,1739186100,5.362319
2025-03-18T08:09:49Z,60,30.089,72.2,31,51.4,19,23,112,56,0.0,255,32767,0.16,2056-9-18,0.04,0.52,23.84,0.0,0.0,0.0,0,0.87890625,8,1,07:14,19:19,2025-03-18 08:09:49.523257,Marina di Stabia,31.1,6.639279,14.05905,5.7798514,10.930394,EU EEA Common AQI,73.8,6.5582366,13.21546,3600,4.811594,100,100,51.4,8.937198,Very Low,75.5,6.355935,100,1739186100,Very Low,9.633085,6.8510075,Very Low,6.062216,42.9,5.362319,100,1739186100,5.362319
2025-03-18T08:10:00Z,60,30.091,72.2,31,51.4,19,23,73,56,0.0,255,32767,0.16,2056-9-18,0.04,0.52,23.84,0.0,0.0,0.0,0,1.107421875,8,1,07:14,19:19,2025-03-18 08:10:00.650261,Marina di Stabia,31.1,6.639279,14.05905,5.7798514,10.930394,EU EEA Common AQI,73.8,6.5582366,13.21546,3600,4.811594,100,100,51.4,8.937198,Very Low,75.5,6.355935,100,1739186100,Very Low,9.633085,6.8510075,Very Low,6.062216,42.9,5.362319,100,1739186100,5.362319
2025-03-18T08:10:11Z,60,30.091,72.2,31,51.4,25,23,98,56,0.0,255,32767,0.16,2056-9-18,0.04,0.52,23.84,0.0,0.0,0.0,0,1.107421875,8,1,07:14,19:19,2025-03-18 08:10:11.736271,Marina di Stabia,31.1,6.639279,14.05905,5.7798514,10.930394,EU EEA Common AQI,73.8,6.5582366,13.21546,3600,4.811594,100,100,51.4,8.937198,Very Low,75.5,6.355935,100,1739186100,Very Low,9.633085,6.8510075,Very Low,6.062216,42.9,5.362319,100,1739186100,5.362319
2025-03-18T08:10:23Z,60,30.091,72.2,31,51.4,27,23,96,56,0.0,255,32767,0.16,2056-9-18,0.04,0.52,23.84,0.0,0.0,0.0,0,1.107421875,8,1,07:14,19:19,2025-03-18 08:10:22.880266,Marina di Stabia,31.1,6.639279,14.05905,5.7798514,10.930394,EU EEA Common AQI,73.8,6.5582366,13.21546,3600,4.811594,100,100,51.4,8.937198,Very Low,75.5,6.355935,100,1739186100,Very Low,9.633085,6.8510075,Very Low,6.062216,42.9,5.362319,100,1739186100,5.362319
2025-03-18T08:10:34Z,60,30.091,72.2,31,51.4,19,23,93,56,0.0,255,32767,0.16,2056-9-18,0.04,0.52,23.84,0.0,0.0,0.0,0,1.107421875,8,1,07:14,19:19,2025-03-18 08:10:33.996220,Marina di Stabia,31.1,6.639279,14.05905,5.7798514,10.930394,EU EEA Common AQI,73.8,6.5582366,13.21546,3600,4.811594,100,100,51.4,8.937198,Very Low,75.5,6.355935,100,1739186100,Very Low,9.633085,6.8510075,Very Low,6.062216,42.9,5.362319,100,1739186100,5.362319
2025-03-18T08:10:45Z,60,30.091,72.2,31,51.4,15,23,86,56,0.0,255,32767,0.16,2056-9-18,0.04,0.52,23.84,0.0,0.0,0.0,0,1.107421875,8,1,07:14,19:19,2025-03-18 08:10:45.076257,Marina di Stabia,31.1,6.639279,14.05905,5.7798514,10.930394,EU EEA Common AQI,73.8,6.5582366,13.21546,3600,4.811594,100,100,51.4,8.937198,Very Low,75.5,6.355935,100,1739186100,Very Low,9.633085,6.8510075,Very Low,6.062216,42.9,5.362319,100,1739186100,5.362319
2025-03-18T08:10:56Z,60,30.091,72.2,31,51.4,19,23,82,56,0.0,255,32767,0.16,2056-9-18,0.04,0.52,23.84,0.0,0.0,0.0,0,1.107421875,8,1,07:14,19:19,2025-03-18 08:10:56.161257,Marina di Stabia,31.1,6.639279,14.05905,5.7798514,10.930394,EU EEA Common AQI,73.8,6.5582366,13.21546,3600,4.811594,100,100,51.4,8.937198,Very Low,75.5,6.355935,100,1739186100,Very Low,9.633085,6.8510075,Very Low,6.062216,42.9,5.362319,100,1739186100,5.362319
2025-03-18T08:11:07Z,60,30.091,72.2,31,51.4,16,23,113,57,0.0,255,32767,0.16,2056-9-18,0.04,0.52,23.84,0.0,0.0,0.0,0,0.908203125,8,1,07:14,19:19,2025-03-18 08:11:07.244262,Marina di Stabia,31.1,6.639279,14.05905,5.7798514,10.930394,EU EEA Common AQI,73.8,6.5582366,13.21546,3600,4.811594,100,100,51.4,8.937198,Very Low,75.5,6.355935,100,1739186100,Very Low,9.633085,6.8510075,Very Low,6.062216,42.9,5.362319,100,1739186100,5.362319
2025-03-18T08:11:18Z,60,30.091,72.2,31,51.4,20,23,118,57,0.0,255,32767,0.16,2056-9-18,0.04,0.52,23.84,0.0,0.0,0.0,0,0.908203125,8,1,07:14,19:19,2025-03-18 08:11:18.344253,Marina di Stabia,31.1,6.639279,14.05905,5.7798514,10.930394,EU EEA Common AQI,73.8,6.5582366,13.21546,3600,4.811594,100,100,51.4,8.937198,Very Low,75.5,6.355935,100,1739186100,Very Low,9.633085,6.8510075,Very Low,6.062216,42.9,5.362319,100,1739186100,5.362319
2025-03-18T08:11:29Z,60,30.091,72.2,31,51.4,12,23,85,57,0.0,255,32767,0.16,2056-9-18,0.04,0.52,23.84,0.0,0.0,0.0,0,0.908203125,8,1,07:14,19:19,2025-03-18 08:11:29.460266,Marina di Stabia,31.1,6.639279,14.05905,5.7798514,10.930394,EU EEA Common AQI,73.8,6.5582366,13.21546,3600,4.811594,100,100,51.4,8.937198,Very Low,75.5,6.355935,100,1739186100,Very Low,9.633085,6.8510075,Very Low,6.062216,42.9,5.362319,100,1739186100,5.362319
2025-03-18T08:11:40Z,60,30.091,72.2,31,51.4,24,23,84,57,0.0,255,32767,0.16,2056-9-18,0.04,0.52,23.84,0.0,0.0,0.0,0,0.908203125,8,1,07:14,19:19,2025-03-18 08:11:40.584270,Marina di Stabia,31.1,6.639279,14.05905,5.7798514,10.930394,EU EEA Common AQI,73.8,6.5582366,13.21546,3600,4.811594,100,100,51.4,8.937198,Very Low,75.5,6.355935,100,1739186100,Very Low,9.633085,6.8510075,Very Low,6.062216,42.9,5.362319,100,1739186100,5.362319
2025-03-18T08:11:51Z,60,30.091,72.2,31,51.4,20,23,106,57,0.0,255,32767,0.16,2056-9-18,0.04,0.52,23.84,0.0,0.0,0.0,0,0.908203125,8,1,07:14,19:19,2025-03-18 08:11:51.671268,Marina di Stabia,31.1,6.639279,14.05905,5.7798514,10.930394,EU EEA Common AQI,73.8,6.5582366,13.21546,3600,4.811594,100,100,51.4,8.937198,Very Low,75.5,6.355935,100,1739186100,Very Low,9.633085,6.8510075,Very Low,6.062216,42.9,5.362319,100,1739186100,5.362319
2025-03-18T08:12:02Z,60,30.092,72.2,31,51.4,15,23,82,57,0.0,255,32767,0.16,2056-9-18,0.04,0.52,23.84,0.0,0.0,0.0,0,2.71875,8,1,07:14,19:19,2025-03-18 08:12:02.757267,Marina di Stabia,31.1,6.639279,14.05905,5.7798514,10.930394,EU EEA Common AQI,73.8,6.5582366,13.21546,3600,4.811594,100,100,51.4,8.937198,Very Low,75.5,6.355935,100,1739186100,Very Low,9.633085,6.8510075,Very Low,6.062216,42.9,5.362319,100,1739186100,5.362319
2025-03-18T08:12:27Z,60,30.092,72.2,31,51.4,22,23,93,57,0.0,255,32767,0.16,2056-9-18,0.04,0.52,23.84,0.0,0.0,0.0,0,2.71875,8,1,07:14,19:19,2025-03-18 08:12:27.396259,Marina di Stabia,31.1,6.639279,14.05905,5.7798514,10.930394,EU EEA Common AQI,73.8,6.5582366,13.21546,3600,4.811594,100,100,51.4,8.937198,Very Low,75.5,6.355935,100,1739186100,Very Low,9.633085,6.8510075,Very Low,6.062216,42.9,5.362319,100,1739186100,5.362319
2025-03-18T08:12:38Z,60,30.092,72.2,31,51.4,19,23,81,57,0.0,255,32767,0.16,2056-9-18,0.04,0.52,23.84,0.0,0.0,0.0,0,2.71875,8,1,07:14,19:19,2025-03-18 08:12:38.516259,Marina di Stabia,31.1,6.639279,14.05905,5.7798514,10.930394,EU EEA Common AQI,73.8,6.5582366,13.21546,3600,4.811594,100,100,51.4,8.937198,Very Low,75.5,6.355935,100,1739186100,Very Low,9.633085,6.8510075,Very Low,6.062216,42.9,5.362319,100,1739186100,5.362319
2025-03-18T08:12:49Z,60,30.092,72.2,31,51.5,21,23,96,56,0.0,255,32767,0.16,2056-9-18,0.04,0.52,23.84,0.0,0.0,0.0,0,2.71875,8,1,07:14,19:19,2025-03-18 08:12:49.591256,Marina di Stabia,31.1,6.639279,14.05905,5.7798514,10.930394,EU EEA Common AQI,73.8,6.5582366,13.21546,3600,4.811594,100,100,51.4,8.937198,Very Low,75.5,6.355935,100,1739186100,Very Low,9.633085,6.8510075,Very Low,6.062216,42.9,5.362319,100,1739186100,5.362319
2025-03-18T08:13:00Z,60,30.095,72.2,31,51.5,20,23,79,56,0.0,255,32767,0.16,2056-9-18,0.04,0.52,23.84,0.0,0.0,0.0,0,0.884765625,8,1,07:14,19:19,2025-03-18 08:13:00.675256,Marina di Stabia,31.1,6.639279,14.05905,5.7798514,10.930394,EU EEA Common AQI,73.8,6.5582366,13.21546,3600,4.811594,100,100,51.4,8.937198,Very Low,75.5,6.355935,100,1739186100,Very Low,9.633085,6.8510075,Very Low,6.062216,42.9,5.362319,100,1739186100,5.362319
2025-03-18T08:13:11Z,60,30.095,72.2,31,51.5,19,23,96,56,0.0,255,32767,0.16,2056-9-18,0.04,0.52,23.84,0.0,0.0,0.0,0,0.884765625,8,1,07:14,19:19,2025-03-18 08:13:11.793259,Marina di Stabia,31.1,6.639279,14.05905,5.7798514,10.930394,EU EEA Common AQI,73.8,6.5582366,13.21546,3600,4.811594,100,100,51.4,8.937198,Very Low,75.5,6.355935,100,1739186100,Very Low,9.633085,6.8510075,Very Low,6.062216,42.9,5.362319,100,1739186100,5.362319
2025-03-18T08:13:23Z,60,30.095,72.2,31,51.5,24,23,97,56,0.0,255,32767,0.16,2056-9-18,0.04,0.52,23.84,0.0,0.0,0.0,0,0.884765625,8,1,07:14,19:19,2025-03-18 08:13:22.875253,Marina di Stabia,31.1,6.639279,14.05905,5.7798514,10.930394,EU EEA Common AQI,73.8,6.5582366,13.21546,3600,4.811594,100,100,51.4,8.937198,Very Low,75.5,6.355935,100,1739186100,Very Low,9.633085,6.8510075,Very Low,6.062216,42.9,5.362319,100,1739186100,5.362319
2025-03-18T08:13:34Z,60,30.095,72.2,31,51.5,17,23,139,56,0.0,255,32767,0.16,2056-9-18,0.04,0.52,23.84,0.0,0.0,0.0,0,0.884765625,8,1,07:14,19:19,2025-03-18 08:13:33.994261,Marina di Stabia,31.1,6.639279,14.05905,5.7798514,10.930394,EU EEA Common AQI,73.8,6.5582366,13.21546,3600,4.811594,100,100,51.4,8.937198,Very Low,75.5,6.355935,100,1739186100,Very Low,9.633085,6.8510075,Very Low,6.062216,42.9,5.362319,100,1739186100,5.362319
2025-03-18T08:13:45Z,60,30.095,72.2,31,51.5,21,23,117,56,0.0,255,32767,0.16,2056-9-18,0.04,0.52,23.84,0.0,0.0,0.0,0,0.884765625,8,1,07:14,19:19,2025-03-18 08:13:45.345263,Marina di Stabia,31.1,6.639279,14.05905,5.7798514,10.930394,EU EEA Common AQI,73.8,6.5582366,13.21546,3600,4.811594,100,100,51.4,8.937198,Very Low,75.5,6.355935,100,1739186100,Very Low,9.633085,6.8510075,Very Low,6.062216,42.9,5.362319,100,1739186100,5.362319
2025-03-18T08:13:56Z,60,30.095,72.2,31,51.5,18,23,77,56,0.0,255,32767,0.16,2056-9-18,0.04,0.52,23.84,0.0,0.0,0.0,0,0.884765625,8,1,07:14,19:19,2025-03-18 08:13:56.444263,Marina di Stabia,31.1,6.639279,14.05905,5.7798514,10.930394,EU EEA Common AQI,73.8,6.5582366,13.21546,3600,4.811594,100,100,51.4,8.937198,Very Low,75.5,6.355935,100,1739186100,Very Low,9.633085,6.8510075,Very Low,6.062216,42.9,5.362319,100,1739186100,5.362319
2025-03-18T08:14:07Z,60,30.091,72.3,31,51.5,18,23,86,56,0.0,255,32767,0.16,2056-9-18,0.04,0.52,23.84,0.0,0.0,0.0,0,0.87890625,8,1,07:14,19:19,2025-03-18 08:14:07.547274,Marina di Stabia,31.1,6.639279,14.05905,5.7798514,10.930394,EU EEA Common AQI,73.8,6.5582366,13.21546,3600,4.811594,100,100,51.4,8.937198,Very Low,75.5,6.355935,100,1739186100,Very Low,9.633085,6.8510075,Very Low,6.062216,42.9,5.362319,100,1739186100,5.362319
2025-03-18T08:14:18Z,60,30.091,72.3,31,51.5,25,23,98,56,0.0,255,32767,0.16,2056-9-18,0.04,0.52,23.84,0.0,0.0,0.0,0,0.87890625,8,1,07:14,19:19,2025-03-18 08:14:18.642261,Marina di Stabia,31.1,6.639279,14.05905,5.7798514,10.930394,EU EEA Common AQI,73.8,6.5582366,13.21546,3600,4.811594,100,100,51.4,8.937198,Very Low,75.5,6.355935,100,1739186100,Very Low,9.633085,6.8510075,Very Low,6.062216,42.9,5.362319,100,1739186100,5.362319
2025-03-18T08:14:29Z,60,30.091,72.3,31,51.5,23,23,86,56,0.0,255,32767,0.16,2056-9-18,0.04,0.52,23.84,0.0,0.0,0.0,0,0.87890625,8,1,07:14,19:19,2025-03-18 08:14:29.756266,Marina di Stabia,31.1,6.639279,14.05905,5.7798514,10.930394,EU EEA Common AQI,73.8,6.5582366,13.21546,3600,4.811594,100,100,51.4,8.937198,Very Low,75.5,6.355935,100,1739186100,Very Low,9.633085,6.8510075,Very Low,6.062216,42.9,5.362319,100,1739186100,5.362319
2025-03-18T08:14:41Z,60,30.091,72.3,31,51.5,23,23,80,56,0.0,255,32767,0.16,2056-9-18,0.04,0.52,23.84,0.0,0.0,0.0,0,0.87890625,8,1,07:14,19:19,2025-03-18 08:14:40.836257,Marina di Stabia,31.1,6.639279,14.05905,5.7798514,10.930394,EU EEA Common AQI,73.8,6.5582366,13.21546,3600,4.811594,100,100,51.4,8.937198,Very Low,75.5,6.355935,100,1739186100,Very Low,9.633085,6.8510075,Very Low,6.062216,42.9,5.362319,100,1739186100,5.362319
2025-03-18T08:14:52Z,60,30.091,72.3,31,51.5,19,23,106,56,0.0,255,32767,0.16,2056-9-18,0.04,0.52,23.84,0.0,0.0,0.0,0,0.87890625,8,1,07:14,19:19,2025-03-18 08:14:51.936286,Marina di Stabia,31.1,6.639279,14.05905,5.7798514,10.930394,EU EEA Common AQI,73.8,6.5582366,13.21546,3600,4.811594,100,100,51.4,8.937198,Very Low,75.5,6.355935,100,1739186100,Very Low,9.633085,6.8510075,Very Low,6.062216,42.9,5.362319,100,1739186100,5.362319
2025-03-18T08:15:03Z,60,30.088,72.3,31,51.4,16,23,97,56,0.0,255,32767,0.16,2056-9-18,0.04,0.52,23.84,0.0,0.0,0.0,0,0.9609375,8,1,07:14,19:19,2025-03-18 08:15:03.019264,Marina di Stabia,31.1,6.639279,14.05905,5.7798514,10.930394,EU EEA Common AQI,73.8,6.5582366,13.21546,3600,4.811594,100,100,51.4,8.937198,Very Low,75.5,6.355935,100,1739186100,Very Low,9.633085,6.8510075,Very Low,6.062216,42.9,5.362319,100,1739186100,5.362319
2025-03-18T08:15:14Z,60,30.088,72.3,31,51.4,31,23,87,56,0.0,255,32767,0.16,2056-9-18,0.04,0.52,23.84,0.0,0.0,0.0,0,0.9609375,8,1,07:14,19:19,2025-03-18 08:15:14.142221,Marina di Stabia,31.1,6.639279,14.05905,5.7798514,10.930394,EU EEA Common AQI,73.8,6.5582366,13.21546,3600,4.811594,100,100,51.4,8.937198,Very Low,75.5,6.355935,100,1739186100,Very Low,9.633085,6.8510075,Very Low,6.062216,42.9,5.362319,100,1739186100,5.362319
2025-03-18T08:15:25Z,60,30.088,72.3,31,51.4,20,23,91,55,0.0,255,32767,0.16,2056-9-18,0.04,0.52,23.84,0.0,0.0,0.0,0,0.9609375,8,1,07:14,19:19,2025-03-18 08:15:25.259256,Marina di Stabia,31.1,6.639279,14.05905,5.7798514,10.930394,EU EEA Common AQI,73.8,6.5582366,13.21546,3600,4.811594,100,100,51.4,8.937198,Very Low,75.5,6.355935,100,1739186100,Very Low,9.633085,6.8510075,Very Low,6.062216,42.9,5.362319,100,1739186100,5.362319
2025-03-18T08:15:36Z,60,30.088,72.3,31,51.4,26,23,74,55,0.0,255,32767,0.16,2056-9-18,0.04,0.52,23.84,0.0,0.0,0.0,0,0.9609375,8,1,07:14,19:19,2025-03-18 08:15:36.369259,Marina di Stabia,31.1,6.639279,14.05905,5.7798514,10.930394,EU EEA Common AQI,73.8,6.5582366,13.21546,3600,4.811594,100,100,51.4,8.937198,Very Low,75.5,6.355935,100,1739186100,Very Low,9.633085,6.8510075,Very Low,6.062216,42.9,5.362319,100,1739186100,5.362319
2025-03-18T08:15:47Z,60,30.088,72.3,31,51.4,28,23,92,55,0.0,255,32767,0.16,2056-9-18,0.04,0.52,23.84,0.0,0.0,0.0,0,0.9609375,8,1,07:14,19:19,2025-03-18 08:15:47.447265,Marina di Stabia,31.1,6.639279,14.05905,5.7798514,10.930394,EU EEA Common AQI,73.8,6.5582366,13.21546,3600,4.811594,100,100,51.4,8.937198,Very Low,75.5,6.355935,100,1739186100,Very Low,9.633085,6.8510075,Very Low,6.062216,42.9,5.362319,100,1739186100,5.362319
2025-03-18T08:15:58Z,20,30.091,72.3,31,51.4,21,22,116,55,0.0,255,32767,0.16,2056-9-18,0.04,0.52,23.84,0.0,0.0,0.0,0,0.966796875,8,1,07:14,19:19,2025-03-18 08:15:58.549262,Marina di Stabia,31.1,6.639279,14.05905,5.7798514,10.930394,EU EEA Common AQI,73.8,6.5582366,13.21546,3600,4.811594,100,100,51.4,8.937198,Very Low,75.5,6.355935,100,1739186100,Very Low,9.633085,6.8510075,Very Low,6.062216,42.9,5.362319,100,1739186100,5.362319
2025-03-18T08:16:09Z,20,30.091,72.3,31,51.4,18,22,110,55,0.0,255,32767,0.16,2056-9-18,0.04,0.52,23.84,0.0,0.0,0.0,0,0.966796875,8,1,07:14,19:19,2025-03-18 08:16:09.666262,Marina di Stabia,31.1,6.639279,14.05905,5.7798514,10.930394,EU EEA Common AQI,73.8,6.5582366,13.21546,3600,4.811594,100,100,51.4,8.937198,Very Low,75.5,6.355935,100,1739186100,Very Low,9.633085,6.8510075,Very Low,6.062216,42.9,5.362319,100,1739186100,5.362319
2025-03-18T08:16:20Z,20,30.091,72.3,31,51.4,21,22,92,55,0.0,255,32767,0.16,2056-9-18,0.04,0.52,23.84,0.0,0.0,0.0,0,0.966796875,8,1,07:14,19:19,2025-03-18 08:16:20.757268,Marina di Stabia,31.1,6.639279,14.05905,5.7798514,10.930394,EU EEA Common AQI,73.8,6.5582366,13.21546,3600,4.811594,100,100,51.4,8.937198,Very Low,75.5,6.355935,100,1739186100,Very Low,9.633085,6.8510075,Very Low,6.062216,42.9,5.362319,100,1739186100,5.362319
2025-03-18T08:16:32Z,20,30.091,72.3,31,51.4,19,22,90,55,0.0,255,32767,0.16,2056-9-18,0.04,0.52,23.84,0.0,0.0,0.0,0,0.966796875,8,1,07:14,19:19,2025-03-18 08:16:31.835259,Marina di Stabia,31.1,6.639279,14.05905,5.7798514,10.930394,EU EEA Common AQI,73.8,6.5582366,13.21546,3600,4.811594,100,100,51.4,8.937198,Very Low,75.5,6.355935,100,1739186100,Very Low,9.633085,6.8510075,Very Low,6.062216,42.9,5.362319,100,1739186100,5.362319
2025-03-18T08:16:43Z,20,30.091,72.3,31,51.3,23,22,87,55,0.0,255,32767,0.16,2056-9-18,0.04,0.52,23.84,0.0,0.0,0.0,0,0.966796875,8,1,07:14,19:19,2025-03-18 08:16:42.916262,Marina di Stabia,31.1,6.639279,14.05905,5.7798514,10.930394,EU EEA Common AQI,73.8,6.5582366,13.21546,3600,4.811594,100,100,51.4,8.937198,Very Low,75.5,6.355935,100,1739186100,Very Low,9.633085,6.8510075,Very Low,6.062216,42.9,5.362319,100,1739186100,5.362319
2025-03-18T08:16:54Z,20,30.091,72.3,31,51.3,26,22,92,55,0.0,255,32767,0.16,2056-9-18,0.04,0.52,23.84,0.0,0.0,0.0,0,0.966796875,8,1,07:14,19:19,2025-03-18 08:16:54.035263,Marina di Stabia,31.1,6.639279,14.05905,5.7798514,10.930394,EU EEA Common AQI,73.8,6.5582366,13.21546,3600,4.811594,100,100,51.4,8.937198,Very Low,75.5,6.355935,100,1739186100,Very Low,9.633085,6.8510075,Very Low,6.062216,42.9,5.362319,100,1739186100,5.362319
2025-03-18T08:17:05Z,20,30.089,72.3,31,51.3,17,21,78,55,0.0,255,32767,0.16,2056-9-18,0.04,0.52,23.84,0.0,0.0,0.0,0,1.51171875,8,1,07:14,19:19,2025-03-18 08:17:05.133215,Marina di Stabia,31.1,6.639279,14.05905,5.7798514,10.930394,EU EEA Common AQI,73.8,6.5582366,13.21546,3600,4.811594,100,100,51.4,8.937198,Very Low,75.5,6.355935,100,1739186100,Very Low,9.633085,6.8510075,Very Low,6.062216,42.9,5.362319,100,1739186100,5.362319
2025-03-18T08:17:16Z,20,30.089,72.3,31,51.4,18,21,88,55,0.0,255,32767,0.16,2056-9-18,0.04,0.52,23.84,0.0,0.0,0.0,0,1.51171875,8,1,07:14,19:19,2025-03-18 08:17:16.258266,Marina di Stabia,31.1,6.639279,14.05905,5.7798514,10.930394,EU EEA Common AQI,73.8,6.5582366,13.21546,3600,4.811594,100,100,51.4,8.937198,Very Low,75.5,6.355935,100,1739186100,Very Low,9.633085,6.8510075,Very Low,6.062216,42.9,5.362319,100,1739186100,5.362319
2025-03-18T08:17:27Z,20,30.089,72.3,31,51.4,27,21,105,55,0.0,255,32767,0.16,2056-9-18,0.04,0.52,23.84,0.0,0.0,0.0,0,1.51171875,8,1,07:14,19:19,2025-03-18 08:17:27.360268,Marina di Stabia,31.1,6.639279,14.05905,5.7798514,10.930394,EU EEA Common AQI,73.8,6.5582366,13.21546,3600,4.811594,100,100,51.4,8.937198,Very Low,75.5,6.355935,100,1739186100,Very Low,9.633085,6.8510075,Very Low,6.062216,42.9,5.362319,100,1739186100,5.362319
2025-03-18T08:17:38Z,20,30.089,72.3,31,51.3,26,21,99,55,0.0,255,32767,0.16,2056-9-18,0.04,0.52,23.84,0.0,0.0,0.0,0,1.51171875,8,1,07:14,19:19,2025-03-18 08:17:38.447268,Marina di Stabia,31.1,6.639279,14.05905,5.7798514,10.930394,EU EEA Common AQI,73.8,6.5582366,13.21546,3600,4.811594,100,100,51.4,8.937198,Very Low,75.5,6.355935,100,1739186100,Very Low,9.633085,6.8510075,Very Low,6.062216,42.9,5.362319,100,1739186100,5.362319
2025-03-18T08:17:49Z,20,30.089,72.3,31,51.3,24,21,87,55,0.0,255,32767,0.16,2056-9-18,0.04,0.52,23.84,0.0,0.0,0.0,0,1.51171875,8,1,07:14,19:19,2025-03-18 08:17:49.544263,Marina di Stabia,31.1,6.639279,14.05905,5.7798514,10.930394,EU EEA Common AQI,73.8,6.5582366,13.21546,3600,4.811594,100,100,51.4,8.937198,Very Low,75.5,6.355935,100,1739186100,Very Low,9.633085,6.8510075,Very Low,6.062216,42.9,5.362319,100,1739186100,5.362319
2025-03-18T08:18:00Z,20,30.088,72.3,31,51.4,28,21,82,55,0.0,255,32767,0.16,2056-9-18,0.04,0.52,23.84,0.0,0.0,0.0,0,0.87890625,8,1,07:14,19:19,2025-03-18 08:18:00.616259,Marina di Stabia,31.1,6.639279,14.05905,5.7798514,10.930394,EU EEA Common AQI,73.8,6.5582366,13.21546,3600,4.811594,100,100,51.4,8.937198,Very Low,75.5,6.355935,100,1739186100,Very Low,9.633085,6.8510075,Very Low,6.062216,42.9,5.362319,100,1739186100,5.362319
2025-03-18T08:18:11Z,20,30.088,72.3,31,51.3,29,21,87,55,0.0,255,32767,0.16,2056-9-18,0.04,0.52,23.84,0.0,0.0,0.0,0,0.87890625,8,1,07:14,19:19,2025-03-18 08:18:11.700276,Marina di Stabia,31.1,6.639279,14.05905,5.7798514,10.930394,EU EEA Common AQI,73.8,6.5582366,13.21546,3600,4.811594,100,100,51.4,8.937198,Very Low,75.5,6.355935,100,1739186100,Very Low,9.633085,6.8510075,Very Low,6.062216,42.9,5.362319,100,1739186100,5.362319
2025-03-18T08:18:23Z,20,30.088,72.3,31,51.3,34,21,97,55,0.0,255,32767,0.16,2056-9-18,0.04,0.52,23.84,0.0,0.0,0.0,0,0.87890625,8,1,07:14,19:19,2025-03-18 08:18:22.845263,Marina di Stabia,31.1,6.639279,14.05905,5.7798514,10.930394,EU EEA Common AQI,73.8,6.5582366,13.21546,3600,4.811594,100,100,51.4,8.937198,Very Low,75.5,6.355935,100,1739186100,Very Low,9.633085,6.8510075,Very Low,6.062216,42.9,5.362319,100,1739186100,5.362319
2025-03-18T08:18:34Z,20,30.088,72.3,31,51.3,25,21,84,55,0.0,255,32767,0.16,2056-9-18,0.04,0.52,23.84,0.0,0.0,0.0,0,0.87890625,8,1,07:14,19:19,2025-03-18 08:18:33.930258,Marina di Stabia,31.1,6.639279,14.05905,5.7798514,10.930394,EU EEA Common AQI,73.8,6.5582366,13.21546,3600,4.811594,100,100,51.4,8.937198,Very Low,75.5,6.355935,100,1739186100,Very Low,9.633085,6.8510075,Very Low,6.062216,42.9,5.362319,100,1739186100,5.362319
2025-03-18T08:18:45Z,20,30.088,72.3,31,51.2,26,21,103,55,0.0,255,32767,0.16,2056-9-18,0.04,0.52,23.84,0.0,0.0,0.0,0,0.87890625,8,1,07:14,19:19,2025-03-18 08:18:45.016258,Marina di Stabia,31.1,6.639279,14.05905,5.7798514,10.930394,EU EEA Common AQI,73.8,6.5582366,13.21546,3600,4.811594,100,100,51.4,8.937198,Very Low,75.5,6.355935,100,1739186100,Very Low,9.633085,6.8510075,Very Low,6.062216,42.9,5.362319,100,1739186100,5.362319
2025-03-18T08:18:56Z,20,30.088,72.3,31,51.2,28,21,103,55,0.0,255,32767,0.16,2056-9-18,0.04,0.52,23.84,0.0,0.0,0.0,0,0.87890625,8,1,07:14,19:19,2025-03-18 08:18:56.190267,Marina di Stabia,31.1,6.639279,14.05905,5.7798514,10.930394,EU EEA Common AQI,73.8,6.5582366,13.21546,3600,4.811594,100,100,51.4,8.937198,Very Low,75.5,6.355935,100,1739186100,Very Low,9.633085,6.8510075,Very Low,6.062216,42.9,5.362319,100,1739186100,5.362319
2025-03-18T08:19:07Z,20,30.089,72.3,31,51.2,26,22,109,55,0.0,255,32767,0.16,2056-9-18,0.04,0.52,23.84,0.0,0.0,0.0,0,0.87890625,8,1,07:14,19:19,2025-03-18 08:19:07.271263,Marina di Stabia,31.1,6.639279,14.05905,5.7798514,10.930394,EU EEA Common AQI,73.8,6.5582366,13.21546,3600,4.811594,100,100,51.4,8.937198,Very Low,75.5,6.355935,100,1739186100,Very Low,9.633085,6.8510075,Very Low,6.062216,42.9,5.362319,100,1739186100,5.362319
2025-03-18T08:19:18Z,20,30.089,72.3,31,51.1,28,22,94,55,0.0,255,32767,0.16,2056-9-18,0.04,0.52,23.84,0.0,0.0,0.0,0,0.87890625,8,1,07:14,19:19,2025-03-18 08:19:18.356260,Marina di Stabia,31.1,6.639279,14.05905,5.7798514,10.930394,EU EEA Common AQI,73.8,6.5582366,13.21546,3600,4.811594,100,100,51.4,8.937198,Very Low,75.5,6.355935,100,1739186100,Very Low,9.633085,6.8510075,Very Low,6.062216,42.9,5.362319,100,1739186100,5.362319
2025-03-18T08:19:29Z,20,30.089,72.3,31,51.1,31,22,100,55,0.0,255,32767,0.16,2056-9-18,0.04,0.52,23.84,0.0,0.0,0.0,0,0.87890625,8,1,07:14,19:19,2025-03-18 08:19:29.436269,Marina di Stabia,31.1,6.639279,14.05905,5.7798514,10.930394,EU EEA Common AQI,73.8,6.5582366,13.21546,3600,4.811594,100,100,51.4,8.937198,Very Low,75.5,6.355935,100,1739186100,Very Low,9.633085,6.8510075,Very Low,6.062216,42.9,5.362319,100,1739186100,5.362319
2025-03-18T08:19:40Z,20,30.089,72.3,31,51.1,33,22,87,54,0.0,255,32767,0.16,2056-9-18,0.04,0.52,23.84,0.0,0.0,0.0,0,0.87890625,8,1,07:14,19:19,2025-03-18 08:19:40.509258,Marina di Stabia,31.1,6.639279,14.05905,5.7798514,10.930394,EU EEA Common AQI,73.8,6.5582366,13.21546,3600,4.811594,100,100,51.4,8.937198,Very Low,75.5,6.355935,100,1739186100,Very Low,9.633085,6.8510075,Very Low,6.062216,42.9,5.362319,100,1739186100,5.362319
2025-03-18T08:19:51Z,20,30.089,72.3,31,51.0,30,22,96,54,0.0,255,32767,0.16,2056-9-18,0.04,0.52,23.84,0.0,0.0,0.0,0,0.87890625,8,1,07:14,19:19,2025-03-18 08:19:51.597249,Marina di Stabia,31.1,6.639279,14.05905,5.7798514,10.930394,EU EEA Common AQI,73.8,6.5582366,13.21546,3600,4.811594,100,100,51.4,8.937198,Very Low,75.5,6.355935,100,1739186100,Very Low,9.633085,6.8510075,Very Low,6.062216,42.9,5.362319,100,1739186100,5.362319
2025-03-18T08:20:02Z,20,30.089,72.4,30,51.0,25,23,81,54,0.0,255,32767,0.16,2056-9-18,0.04,0.52,23.84,0.0,0.0,0.0,0,0.90234375,8,1,07:14,19:19,2025-03-18 08:20:02.710258,Marina di Stabia,31.1,6.639279,14.05905,5.7798514,10.930394,EU EEA Common AQI,73.8,6.5582366,13.21546,3600,4.811594,100,100,51.4,8.937198,Very Low,75.5,6.355935,100,1739186100,Very Low,9.633085,6.8510075,Very Low,6.062216,42.9,5.362319,100,1739186100,5.362319
2025-03-18T08:20:14Z,20,30.089,72.4,30,51.0,28,23,94,54,0.0,255,32767,0.16,2056-9-18,0.04,0.52,23.84,0.0,0.0,0.0,0,0.90234375,8,1,07:14,19:19,2025-03-18 08:20:13.839250,Marina di Stabia,31.1,6.639279,14.05905,5.7798514,10.930394,EU EEA Common AQI,73.8,6.5582366,13.21546,3600,4.811594,100,100,51.4,8.937198,Very Low,75.5,6.355935,100,1739186100,Very Low,9.633085,6.8510075,Very Low,6.062216,42.9,5.362319,100,1739186100,5.362319
2025-03-18T08:20:25Z,20,30.089,72.4,30,51.0,27,23,89,54,0.0,255,32767,0.16,2056-9-18,0.04,0.52,23.84,0.0,0.0,0.0,0,0.90234375,8,1,07:14,19:19,2025-03-18 08:20:24.922271,Marina di Stabia,31.1,6.639279,14.05905,5.7798514,10.930394,EU EEA Common AQI,73.8,6.5582366,13.21546,3600,4.811594,100,100,51.4,8.937198,Very Low,75.5,6.355935,100,1739186100,Very Low,9.633085,6.8510075,Very Low,6.062216,42.9,5.362319,100,1739186100,5.362319
2025-03-18T08:20:36Z,20,30.089,72.4,30,51.0,19,23,110,54,0.0,255,32767,0.16,2056-9-18,0.04,0.52,23.84,0.0,0.0,0.0,0,0.90234375,8,1,07:14,19:19,2025-03-18 08:20:36.017279,Marina di Stabia,31.1,6.639279,14.05905,5.7798514,10.930394,EU EEA Common AQI,73.8,6.5582366,13.21546,3600,4.811594,100,100,51.4,8.937198,Very Low,75.5,6.355935,100,1739186100,Very Low,9.633085,6.8510075,Very Low,6.062216,42.9,5.362319,100,1739186100,5.362319
2025-03-18T08:20:47Z,20,30.089,72.4,30,51.0,16,23,82,54,0.0,255,32767,0.16,2056-9-18,0.04,0.52,23.84,0.0,0.0,0.0,0,0.90234375,8,1,07:14,19:19,2025-03-18 08:20:47.108260,Marina di Stabia,31.1,6.639279,14.05905,5.7798514,10.930394,EU EEA Common AQI,73.8,6.5582366,13.21546,3600,4.811594,100,100,51.4,8.937198,Very Low,75.5,6.355935,100,1739186100,Very Low,9.633085,6.8510075,Very Low,6.062216,42.9,5.362319,100,1739186100,5.362319
2025-03-18T08:20:58Z,20,30.089,72.3,30,51.0,15,23,113,54,0.0,255,32767,0.16,2056-9-18,0.04,0.52,23.84,0.0,0.0,0.0,0,0.908203125,8,1,07:14,19:19,2025-03-18 08:20:58.204251,Marina di Stabia,31.1,6.639279,14.05905,5.7798514,10.930394,EU EEA Common AQI,73.8,6.5582366,13.21546,3600,4.811594,100,100,51.4,8.937198,Very Low,75.5,6.355935,100,1739186100,Very Low,9.633085,6.8510075,Very Low,6.062216,42.9,5.362319,100,1739186100,5.362319
2025-03-18T08:21:09Z,20,30.098,72.3,30,51.0,19,23,75,54,0.0,255,32767,0.16,2056-9-18,0.04,0.52,23.84,0.0,0.0,0.0,0,0.908203125,8,1,07:14,19:19,2025-03-18 08:21:09.323261,Marina di Stabia,31.1,6.639279,14.05905,5.7798514,10.930394,EU EEA Common AQI,73.8,6.5582366,13.21546,3600,4.811594,100,100,51.4,8.937198,Very Low,75.5,6.355935,100,1739186100,Very Low,9.633085,6.8510075,Very Low,6.062216,42.9,5.362319,100,1739186100,5.362319
2025-03-18T08:21:20Z,20,30.098,72.3,30,51.0,16,23,119,55,0.0,255,32767,0.16,2056-9-18,0.04,0.52,23.84,0.0,0.0,0.0,0,0.908203125,8,1,07:14,19:19,2025-03-18 08:21:20.412258,Marina di Stabia,31.1,6.639279,14.05905,5.7798514,10.930394,EU EEA Common AQI,73.8,6.5582366,13.21546,3600,4.811594,100,100,51.4,8.937198,Very Low,75.5,6.355935,100,1739186100,Very Low,9.633085,6.8510075,Very Low,6.062216,42.9,5.362319,100,1739186100,5.362319
2025-03-18T08:21:31Z,20,30.098,72.3,30,51.0,12,23,42,55,0.0,255,32767,0.16,2056-9-18,0.04,0.52,23.84,0.0,0.0,0.0,0,0.908203125,8,1,07:14,19:19,2025-03-18 08:21:31.500259,Marina di Stabia,31.1,6.639279,14.05905,5.7798514,10.930394,EU EEA Common AQI,73.8,6.5582366,13.21546,3600,4.811594,100,100,51.4,8.937198,Very Low,75.5,6.355935,100,1739186100,Very Low,9.633085,6.8510075,Very Low,6.062216,42.9,5.362319,100,1739186100,5.362319
2025-03-18T08:21:42Z,20,30.098,72.3,30,51.0,18,23,92,55,0.0,255,32767,0.16,2056-9-18,0.04,0.52,23.84,0.0,0.0,0.0,0,0.908203125,8,1,07:14,19:19,2025-03-18 08:21:42.586257,Marina di Stabia,31.1,6.639279,14.05905,5.7798514,10.930394,EU EEA Common AQI,73.8,6.5582366,13.21546,3600,4.811594,100,100,51.4,8.937198,Very Low,75.5,6.355935,100,1739186100,Very Low,9.633085,6.8510075,Very Low,6.062216,42.9,5.362319,100,1739186100,5.362319
2025-03-18T08:21:53Z,20,30.098,72.3,30,51.1,17,23,110,55,0.0,255,32767,0.16,2056-9-18,0.04,0.52,23.84,0.0,0.0,0.0,0,0.908203125,8,1,07:14,19:19,2025-03-18 08:21:53.687264,Marina di Stabia,31.1,6.639279,14.05905,5.7798514,10.930394,EU EEA Common AQI,73.8,6.5582366,13.21546,3600,4.811594,100,100,51.4,8.937198,Very Low,75.5,6.355935,100,1739186100,Very Low,9.633085,6.8510075,Very Low,6.062216,42.9,5.362319,100,1739186100,5.362319
2025-03-18T08:22:04Z,20,30.096,72.3,30,51.1,18,23,105,55,0.0,255,32767,0.16,2056-9-18,0.04,0.52,23.84,0.0,0.0,0.0,0,1.130859375,8,1,07:14,19:19,2025-03-18 08:22:04.769267,Marina di Stabia,31.1,6.639279,14.05905,5.7798514,10.930394,EU EEA Common AQI,73.8,6.5582366,13.21546,3600,4.811594,100,100,51.4,8.937198,Very Low,75.5,6.355935,100,1739186100,Very Low,9.633085,6.8510075,Very Low,6.062216,42.9,5.362319,100,1739186100,5.362319
2025-03-18T08:22:16Z,20,30.096,72.3,30,51.1,22,23,124,55,0.0,255,32767,0.16,2056-9-18,0.04,0.52,23.84,0.0,0.0,0.0,0,1.130859375,8,1,07:14,19:19,2025-03-18 08:22:15.889257,Marina di Stabia,31.1,6.639279,14.05905,5.7798514,10.930394,EU EEA Common AQI,73.8,6.5582366,13.21546,3600,4.811594,100,100,51.4,8.937198,Very Low,75.5,6.355935,100,1739186100,Very Low,9.633085,6.8510075,Very Low,6.062216,42.9,5.362319,100,1739186100,5.362319
2025-03-18T08:22:27Z,20,30.096,72.3,30,51.1,31,23,111,55,0.0,255,32767,0.16,2056-9-18,0.04,0.52,23.84,0.0,0.0,0.0,0,1.130859375,8,1,07:14,19:19,2025-03-18 08:22:27.002259,Marina di Stabia,31.1,6.639279,14.05905,5.7798514,10.930394,EU EEA Common AQI,73.8,6.5582366,13.21546,3600,4.811594,100,100,51.4,8.937198,Very Low,75.5,6.355935,100,1739186100,Very Low,9.633085,6.8510075,Very Low,6.062216,42.9,5.362319,100,1739186100,5.362319
2025-03-18T08:22:38Z,20,30.096,72.3,30,51.1,20,23,76,55,0.0,255,32767,0.16,2056-9-18,0.04,0.52,23.84,0.0,0.0,0.0,0,1.130859375,8,1,07:14,19:19,2025-03-18 08:22:38.082262,Marina di Stabia,31.1,6.639279,14.05905,5.7798514,10.930394,EU EEA Common AQI,73.8,6.5582366,13.21546,3600,4.811594,100,100,51.4,8.937198,Very Low,75.5,6.355935,100,1739186100,Very Low,9.633085,6.8510075,Very Low,6.062216,42.9,5.362319,100,1739186100,5.362319
2025-03-18T08:22:49Z,20,30.096,72.3,30,51.1,11,23,101,55,0.0,255,32767,0.16,2056-9-18,0.04,0.52,23.84,0.0,0.0,0.0,0,1.130859375,8,1,07:14,19:19,2025-03-18 08:22:49.168266,Marina di Stabia,31.1,6.639279,14.05905,5.7798514,10.930394,EU EEA Common AQI,73.8,6.5582366,13.21546,3600,4.811594,100,100,51.4,8.937198,Very Low,75.5,6.355935,100,1739186100,Very Low,9.633085,6.8510075,Very Low,6.062216,42.9,5.362319,100,1739186100,5.362319
2025-03-18T08:23:00Z,20,30.094,72.4,30,51.1,24,23,100,55,0.0,255,32767,0.16,2056-9-18,0.04,0.52,23.84,0.0,0.0,0.0,0,0.87890625,8,1,07:14,19:19,2025-03-18 08:23:00.252273,Marina di Stabia,31.1,6.639279,14.05905,5.7798514,10.930394,EU EEA Common AQI,73.8,6.5582366,13.21546,3600,4.811594,100,100,51.4,8.937198,Very Low,75.5,6.355935,100,1739186100,Very Low,9.633085,6.8510075,Very Low,6.062216,42.9,5.362319,100,1739186100,5.362319
2025-03-18T08:23:11Z,20,30.094,72.4,30,51.2,18,23,104,55,0.0,255,32767,0.16,2056-9-18,0.04,0.52,23.84,0.0,0.0,0.0,0,0.87890625,8,1,07:14,19:19,2025-03-18 08:23:11.398256,Marina di Stabia,31.1,6.639279,14.05905,5.7798514,10.930394,EU EEA Common AQI,73.8,6.5582366,13.21546,3600,4.811594,100,100,51.4,8.937198,Very Low,75.5,6.355935,100,1739186100,Very Low,9.633085,6.8510075,Very Low,6.062216,42.9,5.362319,100,1739186100,5.362319
2025-03-18T08:23:22Z,20,30.094,72.4,30,51.2,17,23,99,55,0.0,255,32767,0.16,2056-9-18,0.04,0.52,23.84,0.0,0.0,0.0,0,0.87890625,8,1,07:14,19:19,2025-03-18 08:23:22.486275,Marina di Stabia,31.1,6.639279,14.05905,5.7798514,10.930394,EU EEA Common AQI,73.8,6.5582366,13.21546,3600,4.811594,100,100,51.4,8.937198,Very Low,75.5,6.355935,100,1739186100,Very Low,9.633085,6.8510075,Very Low,6.062216,42.9,5.362319,100,1739186100,5.362319
2025-03-18T08:23:33Z,20,30.094,72.4,30,51.2,18,23,80,55,0.0,255,32767,0.16,2056-9-18,0.04,0.52,23.84,0.0,0.0,0.0,0,0.87890625,8,1,07:14,19:19,2025-03-18 08:23:33.568283,Marina di Stabia,31.1,6.639279,14.05905,5.7798514,10.930394,EU EEA Common AQI,73.8,6.5582366,13.21546,3600,4.811594,100,100,51.4,8.937198,Very Low,75.5,6.355935,100,1739186100,Very Low,9.633085,6.8510075,Very Low,6.062216,42.9,5.362319,100,1739186100,5.362319
2025-03-18T08:23:44Z,20,30.094,72.4,30,51.2,11,23,122,55,0.0,255,32767,0.16,2056-9-18,0.04,0.52,23.84,0.0,0.0,0.0,0,0.87890625,8,1,07:14,19:19,2025-03-18 08:23:44.662238,Marina di Stabia,31.1,6.639279,14.05905,5.7798514,10.930394,EU EEA Common AQI,73.8,6.5582366,13.21546,3600,4.811594,100,100,51.4,8.937198,Very Low,75.5,6.355935,100,1739186100,Very Low,9.633085,6.8510075,Very Low,6.062216,42.9,5.362319,100,1739186100,5.362319
2025-03-18T08:23:55Z,20,30.094,72.4,30,51.2,28,23,92,54,0.0,255,32767,0.16,2056-9-18,0.04,0.52,23.84,0.0,0.0,0.0,0,0.87890625,8,1,07:14,19:19,2025-03-18 08:23:55.743278,Marina di Stabia,31.1,6.639279,14.05905,5.7798514,10.930394,EU EEA Common AQI,73.8,6.5582366,13.21546,3600,4.811594,100,100,51.4,8.937198,Very Low,75.5,6.355935,100,1739186100,Very Low,9.633085,6.8510075,Very Low,6.062216,42.9,5.362319,100,1739186100,5.362319
2025-03-18T08:24:07Z,20,30.089,72.4,30,51.2,27,23,93,54,0.0,255,32767,0.16,2056-9-18,0.04,0.52,23.84,0.0,0.0,0.0,0,2.35546875,8,1,07:14,19:19,2025-03-18 08:24:06.822256,Marina di Stabia,31.1,6.639279,14.05905,5.7798514,10.930394,EU EEA Common AQI,73.8,6.5582366,13.21546,3600,4.811594,100,100,51.4,8.937198,Very Low,75.5,6.355935,100,1739186100,Very Low,9.633085,6.8510075,Very Low,6.062216,42.9,5.362319,100,1739186100,5.362319
2025-03-18T08:24:18Z,20,30.089,72.4,30,51.2,19,23,94,54,0.0,255,32767,0.16,2056-9-18,0.04,0.52,23.84,0.0,0.0,0.0,0,2.35546875,8,1,07:14,19:19,2025-03-18 08:24:17.966266,Marina di Stabia,31.1,6.639279,14.05905,5.7798514,10.930394,EU EEA Common AQI,73.8,6.5582366,13.21546,3600,4.811594,100,100,51.4,8.937198,Very Low,75.5,6.355935,100,1739186100,Very Low,9.633085,6.8510075,Very Low,6.062216,42.9,5.362319,100,1739186100,5.362319
2025-03-18T08:24:29Z,20,30.089,72.4,30,51.2,25,23,101,54,0.0,255,32767,0.16,2056-9-18,0.04,0.52,23.84,0.0,0.0,0.0,0,2.35546875,8,1,07:14,19:19,2025-03-18 08:24:29.050258,Marina di Stabia,31.1,6.639279,14.05905,5.7798514,10.930394,EU EEA Common AQI,73.8,6.5582366,13.21546,3600,4.811594,100,100,51.4,8.937198,Very Low,75.5,6.355935,100,1739186100,Very Low,9.633085,6.8510075,Very Low,6.062216,42.9,5.362319,100,1739186100,5.362319
2025-03-18T08:24:53Z,20,30.089,72.4,30,51.2,32,23,107,53,0.0,255,32767,0.16,2056-9-18,0.04,0.52,23.84,0.0,0.0,0.0,0,2.35546875,8,1,07:14,19:19,2025-03-18 08:24:53.679264,Marina di Stabia,31.1,6.639279,14.05905,5.7798514,10.930394,EU EEA Common AQI,73.8,6.5582366,13.21546,3600,4.811594,100,100,51.4,8.937198,Very Low,75.5,6.355935,100,1739186100,Very Low,9.633085,6.8510075,Very Low,6.062216,42.9,5.362319,100,1739186100,5.362319
2025-03-18T08:25:04Z,20,30.092,72.4,30,51.2,21,23,169,53,0.0,255,32767,0.16,2056-9-18,0.04,0.52,23.84,0.0,0.0,0.0,0,0.884765625,8,1,07:14,19:19,2025-03-18 08:25:04.771274,Marina di Stabia,31.1,6.639279,14.05905,5.7798514,10.930394,EU EEA Common AQI,73.8,6.5582366,13.21546,3600,4.811594,100,100,51.4,8.937198,Very Low,75.5,6.355935,100,1739186100,Very Low,9.633085,6.8510075,Very Low,6.062216,42.9,5.362319,100,1739186100,5.362319
2025-03-18T08:25:16Z,20,30.092,72.4,30,51.2,21,23,290,53,0.0,255,32767,0.16,2056-9-18,0.04,0.52,23.84,0.0,0.0,0.0,0,0.884765625,8,1,07:14,19:19,2025-03-18 08:25:15.879254,Marina di Stabia,31.1,6.639279,14.05905,5.7798514,10.930394,EU EEA Common AQI,73.8,6.5582366,13.21546,3600,4.811594,100,100,51.4,8.937198,Very Low,75.5,6.355935,100,1739186100,Very Low,9.633085,6.8510075,Very Low,6.062216,42.9,5.362319,100,1739186100,5.362319
2025-03-18T08:25:27Z,20,30.092,72.4,30,51.1,26,23,104,53,0.0,255,32767,0.16,2056-9-18,0.04,0.52,23.84,0.0,0.0,0.0,0,0.884765625,8,1,07:14,19:19,2025-03-18 08:25:26.957260,Marina di Stabia,31.1,6.639279,14.05905,5.7798514,10.930394,EU EEA Common AQI,73.8,6.5582366,13.21546,3600,4.811594,100,100,51.4,8.937198,Very Low,75.5,6.355935,100,1739186100,Very Low,9.633085,6.8510075,Very Low,6.062216,42.9,5.362319,100,1739186100,5.362319
2025-03-18T08:25:38Z,20,30.092,72.4,30,51.1,30,23,118,53,0.0,255,32767,0.16,2056-9-18,0.04,0.52,23.84,0.0,0.0,0.0,0,0.884765625,8,1,07:14,19:19,2025-03-18 08:25:38.016936,Marina di Stabia,31.1,6.639279,14.05905,5.7798514,10.930394,EU EEA Common AQI,73.8,6.5582366,13.21546,3600,4.811594,100,100,51.4,8.937198,Very Low,75.5,6.355935,100,1739186100,Very Low,9.633085,6.8510075,Very Low,6.062216,42.9,5.362319,100,1739186100,5.362319
2025-03-18T08:25:49Z,20,30.092,72.4,30,51.1,34,23,104,53,0.0,255,32767,0.16,2056-9-18,0.04,0.52,23.84,0.0,0.0,0.0,0,0.884765625,8,1,07:14,19:19,2025-03-18 08:25:49.118264,Marina di Stabia,31.1,6.639279,14.05905,5.7798514,10.930394,EU EEA Common AQI,73.8,6.5582366,13.21546,3600,4.811594,100,100,51.4,8.937198,Very Low,75.5,6.355935,100,1739186100,Very Low,9.633085,6.8510075,Very Low,6.062216,42.9,5.362319,100,1739186100,5.362319
2025-03-18T08:26:00Z,20,30.089,72.4,30,51.1,28,23,117,53,0.0,255,32767,0.16,2056-9-18,0.04,0.52,23.84,0.0,0.0,0.0,0,0.87890625,8,1,07:14,19:19,2025-03-18 08:26:00.204264,Marina di Stabia,31.1,6.639279,14.05905,5.7798514,10.930394,EU EEA Common AQI,73.8,6.5582366,13.21546,3600,4.811594,100,100,51.4,8.937198,Very Low,75.5,6.355935,100,1739186100,Very Low,9.633085,6.8510075,Very Low,6.062216,42.9,5.362319,100,1739186100,5.362319
2025-03-18T08:26:11Z,20,30.089,72.4,30,51.2,12,23,94,53,0.0,255,32767,0.16,2056-9-18,0.04,0.52,23.84,0.0,0.0,0.0,0,0.87890625,8,1,07:14,19:19,2025-03-18 08:26:11.310258,Marina di Stabia,31.1,6.639279,14.05905,5.7798514,10.930394,EU EEA Common AQI,73.8,6.5582366,13.21546,3600,4.811594,100,100,51.4,8.937198,Very Low,75.5,6.355935,100,1739186100,Very Low,9.633085,6.8510075,Very Low,6.062216,42.9,5.362319,100,1739186100,5.362319
2025-03-18T08:26:22Z,20,30.089,72.4,30,51.2,17,23,123,53,0.0,255,32767,0.16,2056-9-18,0.04,0.52,23.84,0.0,0.0,0.0,0,0.87890625,8,1,07:14,19:19,2025-03-18 08:26:22.384257,Marina di Stabia,31.1,6.639279,14.05905,5.7798514,10.930394,EU EEA Common AQI,73.8,6.5582366,13.21546,3600,4.811594,100,100,51.4,8.937198,Very Low,75.5,6.355935,100,1739186100,Very Low,9.633085,6.8510075,Very Low,6.062216,42.9,5.362319,100,1739186100,5.362319
2025-03-18T08:26:33Z,20,30.089,72.4,30,51.1,19,23,89,53,0.0,255,32767,0.16,2056-9-18,0.04,0.52,23.84,0.0,0.0,0.0,0,0.87890625,8,1,07:14,19:19,2025-03-18 08:26:33.469256,Marina di Stabia,31.1,6.639279,14.05905,5.7798514,10.930394,EU EEA Common AQI,73.8,6.5582366,13.21546,3600,4.811594,100,100,51.4,8.937198,Very Low,75.5,6.355935,100,1739186100,Very Low,9.633085,6.8510075,Very Low,6.062216,42.9,5.362319,100,1739186100,5.362319
2025-03-18T08:26:44Z,20,30.089,72.4,30,51.2,22,23,117,53,0.0,255,32767,0.16,2056-9-18,0.04,0.52,23.84,0.0,0.0,0.0,0,0.87890625,8,1,07:14,19:19,2025-03-18 08:26:44.545264,Marina di Stabia
2025-03-18T08:26:55Z,20,30.089,72.4,30,51.2,30,23,78,53,0.0,255,32767,0.16,2056-9-18,0.04,0.52,23.84,0.0,0.0,0.0,0,0.87890625,8,1,07:14,19:19,2025-03-18 08:26:55.637259,Marina di Stabia
2025-03-18T08:27:06Z,20,30.093,72.4,30,51.2,22,23,94,53,0.0,255,32767,0.16,2056-9-18,0.04,0.52,23.84,0.0,0.0,0.0,0,0.97265625,8,1,07:14,19:19,2025-03-18 08:27:06.716258,Marina di Stabia
2025-03-18T08:27:17Z,20,30.093,72.4,30,51.2,21,23,104,53,0.0,255,32767,0.16,2056-9-18,0.04,0.52,23.84,0.0,0.0,0.0,0,0.97265625,8,1,07:14,19:19,2025-03-18 08:27:17.791256,Marina di Stabia
2025-03-18T08:27:29Z,20,30.093,72.4,30,51.1,33,23,98,53,0.0,255,32767,0.16,2056-9-18,0.04,0.52,23.84,0.0,0.0,0.0,0,0.97265625,8,1,07:14,19:19,2025-03-18 08:27:28.847264,Marina di Stabia
2025-03-18T08:27:40Z,20,30.093,72.4,30,51.2,26,23,103,53,0.0,255,32767,0.16,2056-9-18,0.04,0.52,23.84,0.0,0.0,0.0,0,0.97265625,8,1,07:14,19:19,2025-03-18 08:27:39.912226,Marina di Stabia
2025-03-18T08:27:51Z,20,30.093,72.4,30,51.2,15,23,103,53,0.0,255,32767,0.16,2056-9-18,0.04,0.52,23.84,0.0,0.0,0.0,0,0.97265625,8,1,07:14,19:19,2025-03-18 08:27:50.986258,Marina di Stabia
2025-03-18T08:28:02Z,20,30.093,72.4,30,51.1,25,24,98,53,0.0,255,32767,0.16,2056-9-18,0.04,0.52,23.84,0.0,0.0,0.0,0,0.87890625,8,1,07:14,19:19,2025-03-18 08:28:02.086273,Marina di Stabia
2025-03-18T08:28:13Z,20,30.093,72.4,30,51.1,22,24,86,53,0.0,255,32767,0.16,2056-9-18,0.04,0.52,23.84,0.0,0.0,0.0,0,0.87890625,8,1,07:14,19:19,2025-03-18 08:28:13.152257,Marina di Stabia
2025-03-18T08:28:24Z,20,30.093,72.4,30,51.1,27,24,101,53,0.0,255,32767,0.16,2056-9-18,0.04,0.52,23.84,0.0,0.0,0.0,0,0.87890625,8,1,07:14,19:19,2025-03-18 08:28:24.246260,Marina di Stabia
2025-03-18T08:28:35Z,20,30.093,72.4,30,51.1,18,24,92,53,0.0,255,32767,0.16,2056-9-18,0.04,0.52,23.84,0.0,0.0,0.0,0,0.87890625,8,1,07:14,19:19,2025-03-18 08:28:35.305260,Marina di Stabia
2025-03-18T08:28:46Z,20,30.093,72.4,30,51.1,19,24,123,53,0.0,255,32767,0.16,2056-9-18,0.04,0.52,23.84,0.0,0.0,0.0,0,0.87890625,8,1,07:14,19:19,2025-03-18 08:28:46.377262,Marina di Stabia
2025-03-18T08:28:57Z,20,30.093,72.4,30,51.1,31,24,105,53,0.0,255,32767,0.16,2056-9-18,0.04,0.52,23.84,0.0,0.0,0.0,0,0.87890625,8,1,07:14,19:19,2025-03-18 08:28:57.441265,Marina di Stabia
2025-03-18T08:29:08Z,20,30.091,72.4,30,51.1,33,23,120,52,0.0,255,32767,0.16,2056-9-18,0.04,0.52,23.84,0.0,0.0,0.0,0,1.59375,8,1,07:14,19:19,2025-03-18 08:29:08.517275,Marina di Stabia
2025-03-18T08:29:19Z,20,30.091,72.4,30,51.1,22,23,85,52,0.0,255,32767,0.16,2056-9-18,0.04,0.52,23.84,0.0,0.0,0.0,0,1.59375,8,1,07:14,19:19,2025-03-18 08:29:19.583271,Marina di Stabia
2025-03-18T08:29:30Z,20,30.091,72.4,30,51.1,24,23,44,52,0.0,255,32767,0.16,2056-9-18,0.04,0.52,23.84,0.0,0.0,0.0,0,1.59375,8,1,07:14,19:19,2025-03-18 08:29:30.686233,Marina di Stabia
2025-03-18T08:29:41Z,20,30.091,72.4,30,51.1,12,23,111,52,0.0,255,32767,0.16,2056-9-18,0.04,0.52,23.84,0.0,0.0,0.0,0,1.59375,8,1,07:14,19:19,2025-03-18 08:29:41.750262,Marina di Stabia
2025-03-18T08:29:53Z,20,30.091,72.4,30,51.1,10,23,123,52,0.0,255,32767,0.16,2056-9-18,0.04,0.52,23.84,0.0,0.0,0.0,0,1.59375,8,1,07:14,19:19,2025-03-18 08:29:52.814263,Marina di Stabia
2025-03-18T08:30:04Z,20,30.09,72.4,30,51.1,21,22,97,52,0.0,255,32767,0.16,2056-9-18,0.04,0.52,23.84,0.0,0.0,0.0,0,0.87890625,8,1,07:14,19:19,2025-03-18 08:30:03.880261,Marina di Stabia
2025-03-18T08:30:15Z,20,30.09,72.4,30,51.1,24,22,95,52,0.0,255,32767,0.16,2056-9-18,0.04,0.52,23.84,0.0,0.0,0.0,0,0.87890625,8,1,07:14,19:19,2025-03-18 08:30:14.980260,Marina di Stabia
2025-03-18T08:30:26Z,20,30.09,72.4,30,51.1,25,22,96,52,0.0,255,32767,0.16,2056-9-18,0.04,0.52,23.84,0.0,0.0,0.0,0,0.87890625,8,1,07:14,19:19,2025-03-18 08:30:26.075250,Marina di Stabia
2025-03-18T08:30:37Z,20,30.09,72.4,30,51.1,23,22,91,52,0.0,255,32767,0.16,2056-9-18,0.04,0.52,23.84,0.0,0.0,0.0,0,0.87890625,8,1,07:14,19:19,2025-03-18 08:30:37.171269,Marina di Stabia
2025-03-18T08:30:48Z,20,30.09,72.4,30,51.1,18,22,108,52,0.0,255,32767,0.16,2056-9-18,0.04,0.52,23.84,0.0,0.0,0.0,0,0.87890625,8,1,07:14,19:19,2025-03-18 08:30:48.244264,Marina di Stabia
2025-03-18T08:30:59Z,20,30.094,72.4,30,51.1,20,22,85,52,0.0,255,32767,0.16,2056-9-18,0.04,0.52,23.84,0.0,0.0,0.0,0,1.03125,8,1,07:14,19:19,2025-03-18 08:30:59.314260,Marina di Stabia
2025-03-18T08:31:10Z,20,30.094,72.4,30,51.1,20,22,98,52,0.0,255,32767,0.16,2056-9-18,0.04,0.52,23.84,0.0,0.0,0.0,0,1.03125,8,1,07:14,19:19,2025-03-18 08:31:10.386264,Marina di Stabia
2025-03-18T08:31:21Z,20,30.094,72.4,30,51.1,23,22,98,52,0.0,255,32767,0.16,2056-9-18,0.04,0.52,23.84,0.0,0.0,0.0,0,1.03125,8,1,07:14,19:19,2025-03-18 08:31:21.482223,Marina di Stabia
2025-03-18T08:31:32Z,20,30.094,72.4,30,51.1,18,22,146,53,0.0,255,32767,0.16,2056-9-18,0.04,0.52,23.84,0.0,0.0,0.0,0,1.03125,8,1,07:14,19:19,2025-03-18 08:31:32.572261,Marina di Stabia
2025-03-18T08:31:43Z,20,30.094,72.4,30,51.1,22,22,96,53,0.0,255,32767,0.16,2056-9-18,0.04,0.52,23.84,0.0,0.0,0.0,0,1.03125,8,1,07:14,19:19,2025-03-18 08:31:43.652262,Marina di Stabia
2025-03-18T08:31:54Z,20,30.094,72.4,30,51.1,24,22,82,53,0.0,255,32767,0.16,2056-9-18,0.04,0.52,23.84,0.0,0.0,0.0,0,1.03125,8,1,07:14,19:19,2025-03-18 08:31:54.763264,Marina di Stabia
2025-03-18T08:32:06Z,20,30.097,72.4,30,51.1,19,22,78,53,0.0,255,32767,0.16,2056-9-18,0.04,0.52,23.84,0.0,0.0,0.0,0,0.908203125,8,1,07:14,19:19,2025-03-18 08:32:05.834256,Marina di Stabia
2025-03-18T08:32:17Z,20,30.097,72.4,30,51.1,19,22,90,53,0.0,255,32767,0.16,2056-9-18,0.04,0.52,23.84,0.0,0.0,0.0,0,0.908203125,8,1,07:14,19:19,2025-03-18 08:32:16.909250,Marina di Stabia
2025-03-18T08:32:28Z,20,30.097,72.4,30,51.1,24,22,83,53,0.0,255,32767,0.16,2056-9-18,0.04,0.52,23.84,0.0,0.0,0.0,0,0.908203125,8,1,07:14,19:19,2025-03-18 08:32:27.979259,Marina di Stabia
2025-03-18T08:32:39Z,20,30.097,72.4,30,51.1,22,22,79,53,0.0,255,32767,0.16,2056-9-18,0.04,0.52,23.84,0.0,0.0,0.0,0,0.908203125,8,1,07:14,19:19,2025-03-18 08:32:39.085306,Marina di Stabia
2025-03-18T08:32:50Z,20,30.097,72.4,30,51.1,20,22,78,53,0.0,255,32767,0.16,2056-9-18,0.04,0.52,23.84,0.0,0.0,0.0,0,0.908203125,8,1,07:14,19:19,2025-03-18 08:32:50.155261,Marina di Stabia
2025-03-18T08:33:01Z,20,30.096,72.4,30,51.1,19,23,92,53,0.0,255,32767,0.16,2056-9-18,0.04,0.52,23.84,0.0,0.0,0.0,0,0.87890625,8,1,07:14,19:19,2025-03-18 08:33:01.214267,Marina di Stabia
2025-03-18T08:33:12Z,20,30.096,72.4,30,51.1,13,23,172,53,0.0,255,32767,0.16,2056-9-18,0.04,0.52,23.84,0.0,0.0,0.0,0,0.87890625,8,1,07:14,19:19,2025-03-18 08:33:12.391261,Marina di Stabia
2025-03-18T08:33:23Z,20,30.096,72.4,30,51.1,16,23,86,53,0.0,255,32767,0.16,2056-9-18,0.04,0.52,23.84,0.0,0.0,0.0,0,0.87890625,8,1,07:14,19:19,2025-03-18 08:33:23.455256,Marina di Stabia
2025-03-18T08:33:34Z,20,30.096,72.4,30,51.2,13,23,95,53,0.0,255,32767,0.16,2056-9-18,0.04,0.52,23.84,0.0,0.0,0.0,0,0.87890625,8,1,07:14,19:19,2025-03-18 08:33:34.521248,Marina di Stabia
2025-03-18T08:33:45Z,20,30.096,72.4,30,51.2,15,23,105,53,0.0,255,32767,0.16,2056-9-18,0.04,0.52,23.84,0.0,0.0,0.0,0,0.87890625,8,1,07:14,19:19,2025-03-18 08:33:45.585259,Marina di Stabia
2025-03-18T08:33:56Z,20,30.096,72.4,30,51.2,14,23,146,53,0.0,255,32767,0.16,2056-9-18,0.04,0.52,23.84,0.0,0.0,0.0,0,0.87890625,8,1,07:14,19:19,2025-03-18 08:33:56.668262,Marina di Stabia
2025-03-18T08:34:07Z,20,30.096,72.4,30,51.2,20,22,91,54,0.0,255,32767,0.16,2056-9-18,0.04,0.52,23.84,0.0,0.0,0.0,0,1.20703125,8,1,07:14,19:19,2025-03-18 08:34:07.733275,Marina di Stabia
2025-03-18T08:34:19Z,20,30.096,72.4,30,51.3,24,22,95,54,0.0,255,32767,0.16,2056-9-18,0.04,0.52,23.84,0.0,0.0,0.0,0,1.20703125,8,1,07:14,19:19,2025-03-18 08:34:18.824259,Marina di Stabia
2025-03-18T08:34:30Z,20,30.096,72.4,30,51.3,27,22,103,54,0.0,255,32767,0.16,2056-9-18,0.04,0.52,23.84,0.0,0.0,0.0,0,1.20703125,8,1,07:14,19:19,2025-03-18 08:34:29.881258,Marina di Stabia
2025-03-18T08:34:41Z,20,30.096,72.4,30,51.3,26,22,98,54,0.0,255,32767,0.16,2056-9-18,0.04,0.52,23.84,0.0,0.0,0.0,0,1.20703125,8,1,07:14,19:19,2025-03-18 08:34:40.973266,Marina di Stabia
2025-03-18T08:34:52Z,20,30.096,72.4,30,51.4,29,22,109,54,0.0,255,32767,0.16,2056-9-18,0.04,0.52,23.84,0.0,0.0,0.0,0,1.20703125,8,1,07:14,19:19,2025-03-18 08:34:52.040262,Marina di Stabia
2025-03-18T08:35:03Z,20,30.097,72.5,30,51.3,24,22,67,54,0.0,255,32767,0.16,2056-9-18,0.04,0.52,23.84,0.0,0.0,0.0,0,0.87890625,8,1,07:14,19:19,2025-03-18 08:35:03.105261,Marina di Stabia
2025-03-18T08:35:14Z,20,30.097,72.5,30,51.3,25,22,61,54,0.0,255,32767,0.16,2056-9-18,0.04,0.52,23.84,0.0,0.0,0.0,0,0.87890625,8,1,07:14,19:19,2025-03-18 08:35:14.165255,Marina di Stabia
2025-03-18T08:35:25Z,20,30.097,72.5,30,51.4,16,22,132,54,0.0,255,32767,0.16,2056-9-18,0.04,0.52,23.84,0.0,0.0,0.0,0,0.87890625,8,1,07:14,19:19,2025-03-18 08:35:25.236259,Marina di Stabia
2025-03-18T08:35:36Z,20,30.097,72.5,30,51.4,18,22,69,54,0.0,255,32767,0.16,2056-9-18,0.04,0.52,23.84,0.0,0.0,0.0,0,0.87890625,8,1,07:14,19:19,2025-03-18 08:35:36.339262,Marina di Stabia
2025-03-18T08:35:47Z,20,30.097,72.5,30,51.4,16,22,134,54,0.0,255,32767,0.16,2056-9-18,0.04,0.52,23.84,0.0,0.0,0.0,0,0.87890625,8,1,07:14,19:19,2025-03-18 08:35:47.443269,Marina di Stabia
2025-03-18T08:35:58Z,20,30.092,72.4,30,51.4,31,22,105,53,0.0,255,32767,0.16,2056-9-18,0.04,0.52,23.84,0.0,0.0,0.0,0,1.59375,8,1,07:14,19:19,2025-03-18 08:35:58.515259,Marina di Stabia
2025-03-18T08:36:09Z,20,30.092,72.4,30,51.4,26,22,96,53,0.0,255,32767,0.16,2056-9-18,0.04,0.52,23.84,0.0,0.0,0.0,0,1.59375,8,1,07:14,19:19,2025-03-18 08:36:09.587260,Marina di Stabia
2025-03-18T08:36:20Z,20,30.092,72.4,30,51.4,20,22,103,53,0.0,255,32767,0.16,2056-9-18,0.04,0.52,23.84,0.0,0.0,0.0,0,1.59375,8,1,07:14,19:19,2025-03-18 08:36:20.688265,Marina di Stabia
2025-03-18T08:36:31Z,20,30.092,72.4,30,51.4,22,22,82,53,0.0,255,32767,0.16,2056-9-18,0.04,0.52,23.84,0.0,0.0,0.0,0,1.59375,8,1,07:14,19:19,2025-03-18 08:36:31.755270,Marina di Stabia
2025-03-18T08:36:43Z,20,30.092,72.4,30,51.4,24,22,97,52,0.0,255,32767,0.16,2056-9-18,0.04,0.52,23.84,0.0,0.0,0.0,0,1.59375,8,1,07:14,19:19,2025-03-18 08:36:42.819268,Marina di Stabia
2025-03-18T08:36:54Z,20,30.092,72.4,30,51.4,17,22,115,52,0.0,255,32767,0.16,2056-9-18,0.04,0.52,23.84,0.0,0.0,0.0,0,1.59375,8,1,07:14,19:19,2025-03-18 08:36:53.891266,Marina di Stabia
2025-03-18T08:37:05Z,20,30.094,72.4,30,51.4,21,22,133,52,0.0,255,32767,0.16,2056-9-18,0.04,0.52,23.84,0.0,0.0,0.0,0,0.890625,8,1,07:14,19:19,2025-03-18 08:37:04.956258,Marina di Stabia
2025-03-18T08:37:16Z,20,30.094,72.4,30,51.4,26,22,93,52,0.0,255,32767,0.16,2056-9-18,0.04,0.52,23.84,0.0,0.0,0.0,0,0.890625,8,1,07:14,19:19,2025-03-18 08:37:16.062255,Marina di Stabia
2025-03-18T08:37:27Z,20,30.094,72.4,30,51.4,21,22,89,52,0.0,255,32767,0.16,2056-9-18,0.04,0.52,23.84,0.0,0.0,0.0,0,0.890625,8,1,07:14,19:19,2025-03-18 08:37:27.137265,Marina di Stabia
2025-03-18T08:37:38Z,20,30.094,72.4,30,51.4,31,22,98,52,0.0,255,32767,0.16,2056-9-18,0.04,0.52,23.84,0.0,0.0,0.0,0,0.890625,8,1,07:14,19:19,2025-03-18 08:37:38.202277,Marina di Stabia
2025-03-18T08:37:49Z,20,30.094,72.4,30,51.4,39,22,115,52,0.0,255,32767,0.16,2056-9-18,0.04,0.52,23.84,0.0,0.0,0.0,0,0.890625,8,1,07:14,19:19,2025-03-18 08:37:49.262268,Marina di Stabia
2025-03-18T08:38:00Z,20,30.088,72.4,30,51.4,35,22,103,52,0.0,255,32767,0.16,2056-9-18,0.04,0.52,23.84,0.0,0.0,0.0,0,0.87890625,8,1,07:14,19:19,2025-03-18 08:38:00.339264,Marina di Stabia
2025-03-18T08:38:11Z,20,30.088,72.4,30,51.3,35,22,104,52,0.0,255,32767,0.16,2056-9-18,0.04,0.52,23.84,0.0,0.0,0.0,0,0.87890625,8,1,07:14,19:19,2025-03-18 08:38:11.529259,Marina di Stabia
2025-03-18T08:38:22Z,20,30.088,72.4,30,51.3,31,22,82,51,0.0,255,32767,0.16,2056-9-18,0.04,0.52,23.84,0.0,0.0,0.0,0,0.87890625,8,1,07:14,19:19,2025-03-18 08:38:22.628264,Marina di Stabia
2025-03-18T08:38:33Z,20,30.088,72.4,30,51.3,24,22,102,51,0.0,255,32767,0.16,2056-9-18,0.04,0.52,23.84,0.0,0.0,0.0,0,0.87890625,8,1,07:14,19:19,2025-03-18 08:38:33.697270,Marina di Stabia
2025-03-18T08:38:45Z,20,30.088,72.4,30,51.3,22,22,131,51,0.0,255,32767,0.16,2056-9-18,0.04,0.52,23.84,0.0,0.0,0.0,0,0.87890625,8,1,07:14,19:19,2025-03-18 08:38:44.907257,Marina di Stabia
2025-03-18T08:38:56Z,20,30.088,72.4,30,51.3,15,22,125,51,0.0,255,32767,0.16,2056-9-18,0.04,0.52,23.84,0.0,0.0,0.0,0,0.87890625,8,1,07:14,19:19,2025-03-18 08:38:55.969261,Marina di Stabia
2025-03-18T08:39:07Z,20,30.093,72.5,30,51.3,28,22,98,51,0.0,255,32767,0.16,2056-9-18,0.04,0.52,23.84,0.0,0.0,0.0,0,0.984375,8,1,07:14,19:19,2025-03-18 08:39:07.041259,Marina di Stabia
2025-03-18T08:39:18Z,20,30.093,72.5,30,51.3,24,22,95,52,0.0,255,32767,0.16,2056-9-18,0.04,0.52,23.84,0.0,0.0,0.0,0,0.984375,8,1,07:14,19:19,2025-03-18 08:39:18.140257,Marina di Stabia
2025-03-18T08:39:29Z,20,30.093,72.5,30,51.2,27,22,99,52,0.0,255,32767,0.16,2056-9-18,0.04,0.52,23.84,0.0,0.0,0.0,0,0.984375,8,1,07:14,19:19,2025-03-18 08:39:29.211261,Marina di Stabia
2025-03-18T08:39:40Z,20,30.093,72.5,30,51.2,37,22,97,52,0.0,255,32767,0.16,2056-9-18,0.04,0.52,23.84,0.0,0.0,0.0,0,0.984375,8,1,07:14,19:19,2025-03-18 08:39:40.280262,Marina di Stabia
2025-03-18T08:39:51Z,20,30.093,72.5,30,51.2,36,22,99,52,0.0,255,32767,0.16,2056-9-18,0.04,0.52,23.84,0.0,0.0,0.0,0,0.984375,8,1,07:14,19:19,2025-03-18 08:39:51.391253,Marina di Stabia
2025-03-18T08:40:02Z,20,30.09,72.5,30,51.2,26,23,100,52,0.0,255,32767,0.16,2056-9-18,0.04,0.52,23.84,0.0,0.0,0.0,0,0.87890625,8,1,07:14,19:19,2025-03-18 08:40:02.445255,Marina di Stabia
2025-03-18T08:40:13Z,20,30.09,72.5,30,51.2,21,23,105,52,0.0,255,32767,0.16,2056-9-18,0.04,0.52,23.84,0.0,0.0,0.0,0,0.87890625,8,1,07:14,19:19,2025-03-18 08:40:13.515261,Marina di Stabia
2025-03-18T08:40:24Z,20,30.09,72.5,30,51.2,28,23,126,52,0.0,255,32767,0.16,2056-9-18,0.04,0.52,23.84,0.0,0.0,0.0,0,0.87890625,8,1,07:14,19:19,2025-03-18 08:40:24.607260,Marina di Stabia
2025-03-18T08:40:35Z,20,30.09,72.5,30,51.2,30,23,95,52,0.0,255,32767,0.16,2056-9-18,0.04,0.52,23.84,0.0,0.0,0.0,0,0.87890625,8,1,07:14,19:19,2025-03-18 08:40:35.683271,Marina di Stabia
2025-03-18T08:40:46Z,20,30.09,72.5,30,51.2,25,23,82,52,0.0,255,32767,0.16,2056-9-18,0.04,0.52,23.84,0.0,0.0,0.0,0,0.87890625,8,1,07:14,19:19,2025-03-18 08:40:46.748265,Marina di Stabia
2025-03-18T08:40:58Z,20,30.09,72.5,30,51.2,26,23,72,52,0.0,255,32767,0.16,2056-9-18,0.04,0.52,23.84,0.0,0.0,0.0,0,0.87890625,8,1,07:14,19:19,2025-03-18 08:40:57.805257,Marina di Stabia
2025-03-18T08:41:09Z,20,30.096,72.5,30,51.1,27,24,81,52,0.0,255,32767,0.16,2056-9-18,0.04,0.52,23.84,0.0,0.0,0.0,0,1.681640625,8,1,07:14,19:19,2025-03-18 08:41:08.869263,Marina di Stabia
2025-03-18T08:41:20Z,20,30.096,72.5,30,51.1,24,24,89,52,0.0,255,32767,0.16,2056-9-18,0.04,0.52,23.84,0.0,0.0,0.0,0,1.681640625,8,1,07:14,19:19,2025-03-18 08:41:19.934268,Marina di Stabia
2025-03-18T08:41:31Z,20,30.096,72.5,30,51.1,23,24,80,52,0.0,255,32767,0.16,2056-9-18,0.04,0.52,23.84,0.0,0.0,0.0,0,1.681640625,8,1,07:14,19:19,2025-03-18 08:41:31.026258,Marina di Stabia
2025-03-18T08:41:42Z,20,30.096,72.5,30,51.1,26,24,115,52,0.0,255,32767,0.16,2056-9-18,0.04,0.52,23.84,0.0,0.0,0.0,0,1.681640625,8,1,07:14,19:19,2025-03-18 08:41:42.089263,Marina di Stabia
2025-03-18T08:41:53Z,20,30.096,72.5,30,51.0,20,24,123,52,0.0,255,32767,0.16,2056-9-18,0.04,0.52,23.84,0.0,0.0,0.0,0,1.681640625,8,1,07:14,19:19,2025-03-18 08:41:53.161262,Marina di Stabia
2025-03-18T08:42:04Z,20,30.094,72.5,30,51.1,27,24,93,52,0.0,255,32767,0.16,2056-9-18,0.04,0.52,23.84,0.0,0.0,0.0,0,0.87890625,8,1,07:14,19:19,2025-03-18 08:42:04.224264,Marina di Stabia
2025-03-18T08:42:15Z,20,30.094,72.5,30,51.1,21,24,67,52,0.0,255,32767,0.16,2056-9-18,0.04,0.52,23.84,0.0,0.0,0.0,0,0.87890625,8,1,07:14,19:19,2025-03-18 08:42:15.283282,Marina di Stabia
2025-03-18T08:42:26Z,20,30.094,72.5,30,51.1,24,24,96,52,0.0,255,32767,0.16,2056-9-18,0.04,0.52,23.84,0.0,0.0,0.0,0,0.87890625,8,1,07:14,19:19,2025-03-18 08:42:26.376277,Marina di Stabia
2025-03-18T08:42:37Z,20,30.094,72.5,30,51.1,22,24,111,52,0.0,255,32767,0.16,2056-9-18,0.04,0.52,23.84,0.0,0.0,0.0,0,0.87890625,8,1,07:14,19:19,2025-03-18 08:42:37.449259,Marina di Stabia
2025-03-18T08:42:48Z,20,30.094,72.5,30,51.1,14,24,78,52,0.0,255,32767,0.16,2056-9-18,0.04,0.52,23.84,0.0,0.0,0.0,0,0.87890625,8,1,07:14,19:19,2025-03-18 08:42:48.520262,Marina di Stabia
2025-03-18T08:42:59Z,20,30.097,72.5,30,51.2,20,24,84,52,0.0,255,32767,0.16,2056-9-18,0.04,0.52,23.84,0.0,0.0,0.0,0,0.87890625,8,1,07:14,19:19,2025-03-18 08:42:59.588234,Marina di Stabia
2025-03-18T08:43:10Z,20,30.097,72.5,30,51.2,12,24,145,52,0.0,255,32767,0.16,2056-9-18,0.04,0.52,23.84,0.0,0.0,0.0,0,0.87890625,8,1,07:14,19:19,2025-03-18 08:43:10.690262,Marina di Stabia
2025-03-18T08:43:21Z,20,30.097,72.5,30,51.2,17,24,92,52,0.0,255,32767,0.16,2056-9-18,0.04,0.52,23.84,0.0,0.0,0.0,0,0.87890625,8,1,07:14,19:19,2025-03-18 08:43:21.763261,Marina di Stabia
2025-03-18T08:43:33Z,20,30.097,72.5,30,51.3,16,24,92,53,0.0,255,32767,0.16,2056-9-18,0.04,0.52,23.84,0.0,0.0,0.0,0,0.87890625,8,1,07:14,19:19,2025-03-18 08:43:32.823219,Marina di Stabia
2025-03-18T08:43:44Z,20,30.097,72.5,30,51.3,32,24,112,53,0.0,255,32767,0.16,2056-9-18,0.04,0.52,23.84,0.0,0.0,0.0,0,0.87890625,8,1,07:14,19:19,2025-03-18 08:43:43.895269,Marina di Stabia
2025-03-18T08:43:55Z,20,30.097,72.5,30,51.3,18,24,96,53,0.0,255,32767,0.16,2056-9-18,0.04,0.52,23.84,0.0,0.0,0.0,0,0.87890625,8,1,07:14,19:19,2025-03-18 08:43:54.963260,Marina di Stabia
2025-03-18T08:44:06Z,20,30.097,72.4,30,51.3,23,24,82,53,0.0,255,32767,0.16,2056-9-18,0.04,0.52,23.84,0.0,0.0,0.0,0,0.908203125,8,1,07:14,19:19,2025-03-18 08:44:06.030261,Marina di Stabia
2025-03-18T08:44:17Z,20,30.097,72.4,30,51.3,21,24,101,53,0.0,255,32767,0.16,2056-9-18,0.04,0.52,23.84,0.0,0.0,0.0,0,0.908203125,8,1,07:14,19:19,2025-03-18 08:44:17.129264,Marina di Stabia
2025-03-18T08:44:28Z,20,30.097,72.4,30,51.4,31,24,98,53,0.0,255,32767,0.16,2056-9-18,0.04,0.52,23.84,0.0,0.0,0.0,0,0.908203125,8,1,07:14,19:19,2025-03-18 08:44:28.205263,Marina di Stabia
2025-03-18T08:44:39Z,20,30.097,72.4,30,51.4,29,24,88,53,0.0,255,32767,0.16,2056-9-18,0.04,0.52,23.84,0.0,0.0,0.0,0,0.908203125,8,1,07:14,19:19,2025-03-18 08:44:39.280263,Marina di Stabia
2025-03-18T08:44:50Z,20,30.097,72.4,30,51.4,29,24,109,53,0.0,255,32767,0.16,2056-9-18,0.04,0.52,23.84,0.0,0.0,0.0,0,0.908203125,8,1,07:14,19:19,2025-03-18 08:44:50.347260,Marina di Stabia
2025-03-18T08:45:01Z,20,30.093,72.5,30,51.4,29,25,90,53,0.0,255,32767,0.16,2056-9-18,0.04,0.52,23.84,0.0,0.0,0.0,0,0.87890625,8,1,07:14,19:19,2025-03-18 08:45:01.423258,Marina di Stabia
2025-03-18T08:45:12Z,20,30.093,72.5,30,51.4,22,25,86,52,0.0,255,32767,0.16,2056-9-18,0.04,0.52,23.84,0.0,0.0,0.0,0,0.87890625,8,1,07:14,19:19,2025-03-18 08:45:12.520265,Marina di Stabia
2025-03-18T08:45:23Z,20,30.093,72.5,30,51.4,20,25,69,52,0.0,255,32767,0.16,2056-9-18,0.04,0.52,23.84,0.0,0.0,0.0,0,0.87890625,8,1,07:14,19:19,2025-03-18 08:45:23.593258,Marina di Stabia
2025-03-18T08:45:34Z,20,30.093,72.5,30,51.4,27,25,87,52,0.0,255,32767,0.16,2056-9-18,0.04,0.52,23.84,0.0,0.0,0.0,0,0.87890625,8,1,07:14,19:19,2025-03-18 08:45:34.669028,Marina di Stabia
2025-03-18T08:45:45Z,20,30.093,72.5,30,51.4,20,25,80,52,0.0,255,32767,0.16,2056-9-18,0.04,0.52,23.84,0.0,0.0,0.0,0,0.87890625,8,1,07:14,19:19,2025-03-18 08:45:45.742260,Marina di Stabia
2025-03-18T08:45:57Z,20,30.093,72.5,30,51.4,20,25,117,52,0.0,255,32767,0.16,2056-9-18,0.04,0.52,23.84,0.0,0.0,0.0,0,0.87890625,8,1,07:14,19:19,2025-03-18 08:45:56.816268,Marina di Stabia
2025-03-18T08:46:08Z,20,30.095,72.5,30,51.4,19,25,98,52,0.0,255,32767,0.16,2056-9-18,0.04,0.52,23.84,0.0,0.0,0.0,0,1.236328125,8,1,07:14,19:19,2025-03-18 08:46:07.887266,Marina di Stabia
2025-03-18T08:46:19Z,20,30.095,72.5,30,51.4,17,25,96,52,0.0,255,32767,0.16,2056-9-18,0.04,0.52,23.84,0.0,0.0,0.0,0,1.236328125,8,1,07:14,19:19,2025-03-18 08:46:18.984258,Marina di Stabia
2025-03-18T08:46:30Z,20,30.095,72.5,30,51.5,16,25,72,52,0.0,255,32767,0.16,2056-9-18,0.04,0.52,23.84,0.0,0.0,0.0,0,1.236328125,8,1,07:14,19:19,2025-03-18 08:46:30.074257,Marina di Stabia
2025-03-18T08:46:41Z,20,30.095,72.5,30,51.5,14,25,94,52,0.0,255,32767,0.16,2056-9-18,0.04,0.52,23.84,0.0,0.0,0.0,0,1.236328125,8,1,07:14,19:19,2025-03-18 08:46:41.185271,Marina di Stabia
2025-03-18T08:46:52Z,20,30.095,72.5,30,51.5,13,25,73,52,0.0,255,32767,0.16,2056-9-18,0.04,0.52,23.84,0.0,0.0,0.0,0,1.236328125,8,1,07:14,19:19,2025-03-18 08:46:52.290269,Marina di Stabia
2025-03-18T08:47:03Z,20,30.097,72.5,30,51.5,14,24,88,52,0.0,255,32767,0.16,2056-9-18,0.04,0.52,23.84,0.0,0.0,0.0,0,0.87890625,8,1,07:14,19:19,2025-03-18 08:47:03.358247,Marina di Stabia
2025-03-18T08:47:14Z,20,30.097,72.5,30,51.6,16,24,112,52,0.0,255,32767,0.16,2056-9-18,0.04,0.52,23.84,0.0,0.0,0.0,0,0.87890625,8,1,07:14,19:19,2025-03-18 08:47:14.419266,Marina di Stabia
2025-03-18T08:47:25Z,20,30.097,72.5,30,51.6,16,24,74,52,0.0,255,32767,0.16,2056-9-18,0.04,0.52,23.84,0.0,0.0,0.0,0,0.87890625,8,1,07:14,19:19,2025-03-18 08:47:25.516263,Marina di Stabia
2025-03-18T08:47:36Z,20,30.097,72.5,30,51.7,29,24,96,52,0.0,255,32767,0.16,2056-9-18,0.04,0.52,23.84,0.0,0.0,0.0,0,0.87890625,8,1,07:14,19:19,2025-03-18 08:47:36.591271,Marina di Stabia
2025-03-18T08:47:47Z,20,30.097,72.5,30,51.7,31,24,89,51,0.0,255,32767,0.16,2056-9-18,0.04,0.52,23.84,0.0,0.0,0.0,0,0.87890625,8,1,07:14,19:19,2025-03-18 08:47:47.656265,Marina di Stabia
2025-03-18T08:47:58Z,20,30.097,72.5,30,51.7,20,23,72,51,0.0,255,32767,0.16,2056-9-18,0.04,0.52,23.84,0.0,0.0,0.0,0,0.87890625,8,1,07:14,19:19,2025-03-18 08:47:58.729277,Marina di Stabia
2025-03-18T08:48:09Z,20,30.097,72.5,30,51.7,23,23,80,51,0.0,255,32767,0.16,2056-9-18,0.04,0.52,23.84,0.0,0.0,0.0,0,0.87890625,8,1,07:14,19:19,2025-03-18 08:48:09.798258,Marina di Stabia
2025-03-18T08:48:21Z,20,30.097,72.5,30,51.7,25,23,140,51,0.0,255,32767,0.16,2056-9-18,0.04,0.52,23.84,0.0,0.0,0.0,0,0.87890625,8,1,07:14,19:19,2025-03-18 08:48:20.862260,Marina di Stabia
2025-03-18T08:48:32Z,20,30.097,72.5,30,51.7,27,23,96,51,0.0,255,32767,0.16,2056-9-18,0.04,0.52,23.84,0.0,0.0,0.0,0,0.87890625,8,1,07:14,19:19,2025-03-18 08:48:31.968246,Marina di Stabia
2025-03-18T08:48:43Z,20,30.097,72.5,30,51.7,24,23,100,51,0.0,255,32767,0.16,2056-9-18,0.04,0.52,23.84,0.0,0.0,0.0,0,0.87890625,8,1,07:14,19:19,2025-03-18 08:48:43.026264,Marina di Stabia
2025-03-18T08:48:54Z,20,30.097,72.5,30,51.7,29,23,82,51,0.0,255,32767,0.16,2056-9-18,0.04,0.52,23.84,0.0,0.0,0.0,0,0.87890625,8,1,07:14,19:19,2025-03-18 08:48:54.080259,Marina di Stabia
2025-03-18T08:49:05Z,20,30.095,72.5,30,51.6,30,23,86,51,0.0,255,32767,0.16,2056-9-18,0.04,0.52,23.84,0.0,0.0,0.0,0,0.890625,8,1,07:14,19:19,2025-03-18 08:49:05.145257,Marina di Stabia
2025-03-18T08:49:16Z,20,30.095,72.5,30,51.6,27,23,84,51,0.0,255,32767,0.16,2056-9-18,0.04,0.52,23.84,0.0,0.0,0.0,0,0.890625,8,1,07:14,19:19,2025-03-18 08:49:16.224261,Marina di Stabia
2025-03-18T08:49:27Z,20,30.095,72.5,30,51.6,32,23,78,51,0.0,255,32767,0.16,2056-9-18,0.04,0.52,23.84,0.0,0.0,0.0,0,0.890625,8,1,07:14,19:19,2025-03-18 08:49:27.328287,Marina di Stabia
2025-03-18T08:49:38Z,20,30.095,72.5,30,51.6,31,23,77,51,0.0,255,32767,0.16,2056-9-18,0.04,0.52,23.84,0.0,0.0,0.0,0,0.890625,8,1,07:14,19:19,2025-03-18 08:49:38.400256,Marina di Stabia
2025-03-18T08:49:49Z,20,30.095,72.5,30,51.5,26,23,75,51,0.0,255,32767,0.16,2056-9-18,0.04,0.52,23.84,0.0,0.0,0.0,0,0.890625,8,1,07:14,19:19,2025-03-18 08:49:49.462267,Marina di Stabia
2025-03-18T08:50:00Z,20,30.099,72.5,29,51.5,25,23,91,51,0.0,255,32767,0.16,2056-9-18,0.04,0.52,23.84,0.0,0.0,0.0,0,0.87890625,8,1,07:14,19:19,2025-03-18 08:50:00.535254,Marina di Stabia
2025-03-18T08:50:11Z,20,30.099,72.5,29,51.5,28,23,103,51,0.0,255,32767,0.16,2056-9-18,0.04,0.52,23.84,0.0,0.0,0.0,0,0.87890625,8,1,07:14,19:19,2025-03-18 08:50:11.643259,Marina di Stabia
2025-03-18T08:50:22Z,20,30.099,72.5,29,51.5,27,23,92,50,0.0,255,32767,0.16,2056-9-18,0.04,0.52,23.84,0.0,0.0,0.0,0,0.87890625,8,1,07:14,19:19,2025-03-18 08:50:22.733273,Marina di Stabia
2025-03-18T08:50:33Z,20,30.099,72.5,29,51.5,24,23,95,50,0.0,255,32767,0.16,2056-9-18,0.04,0.52,23.84,0.0,0.0,0.0,0,0.87890625,8,1,07:14,19:19,2025-03-18 08:50:33.798256,Marina di Stabia
2025-03-18T08:50:45Z,20,30.099,72.5,29,51.5,19,23,90,50,0.0,255,32767,0.16,2056-9-18,0.04,0.52,23.84,0.0,0.0,0.0,0,0.87890625,8,1,07:14,19:19,2025-03-18 08:50:44.871256,Marina di Stabia
2025-03-18T08:50:56Z,20,30.099,72.5,29,51.5,18,23,78,50,0.0,255,32767,0.16,2056-9-18,0.04,0.52,23.84,0.0,0.0,0.0,0,0.87890625,8,1,07:14,19:19,2025-03-18 08:50:55.946270,Marina di Stabia
2025-03-18T08:51:07Z,20,30.1,72.5,29,51.4,19,23,110,50,0.0,255,32767,0.16,2056-9-18,0.04,0.52,23.84,0.0,0.0,0.0,0,1.001953125,8,1,07:14,19:19,2025-03-18 08:51:07.029259,Marina di Stabia
2025-03-18T08:51:18Z,20,30.1,72.5,29,51.5,24,23,96,50,0.0,255,32767,0.16,2056-9-18,0.04,0.52,23.84,0.0,0.0,0.0,0,1.001953125,8,1,07:14,19:19,2025-03-18 08:51:18.149258,Marina di Stabia
2025-03-18T08:51:29Z,20,30.1,72.5,29,51.5,25,23,99,50,0.0,255,32767,0.16,2056-9-18,0.04,0.52,23.84,0.0,0.0,0.0,0,1.001953125,8,1,07:14,19:19,2025-03-18 08:51:29.224267,Marina di Stabia
2025-03-18T08:51:40Z,20,30.1,72.5,29,51.4,18,23,77,50,0.0,255,32767,0.16,2056-9-18,0.04,0.52,23.84,0.0,0.0,0.0,0,1.001953125,8,1,07:14,19:19,2025-03-18 08:51:40.315261,Marina di Stabia
2025-03-18T08:51:51Z,20,30.1,72.5,29,51.4,24,23,68,50,0.0,255,32767,0.16,2056-9-18,0.04,0.52,23.84,0.0,0.0,0.0,0,1.001953125,8,1,07:14,19:19,2025-03-18 08:51:51.353441,Marina di Stabia
2025-03-18T08:52:02Z,20,30.097,72.5,29,51.4,21,22,81,51,0.0,255,32767,0.16,2056-9-18,0.04,0.52,23.84,0.0,0.0,0.0,0,0.87890625,8,1,07:14,19:19,2025-03-18 08:52:02.431264,Marina di Stabia
2025-03-18T08:52:13Z,20,30.097,72.5,29,51.5,20,22,96,51,0.0,255,32767,0.16,2056-9-18,0.04,0.52,23.84,0.0,0.0,0.0,0,0.87890625,8,1,07:14,19:19,2025-03-18 08:52:13.494264,Marina di Stabia
2025-03-18T08:52:24Z,20,30.097,72.5,29,51.5,22,22,88,51,0.0,255,32767,0.16,2056-9-18,0.04,0.52,23.84,0.0,0.0,0.0,0,0.87890625,8,1,07:14,19:19,2025-03-18 08:52:24.555258,Marina di Stabia
2025-03-18T08:52:35Z,20,30.097,72.5,29,51.4,17,22,92,51,0.0,255,32767,0.16,2056-9-18,0.04,0.52,23.84,0.0,0.0,0.0,0,0.87890625,8,1,07:14,19:19,2025-03-18 08:52:35.631266,Marina di Stabia
2025-03-18T08:52:46Z,20,30.097,72.5,29,51.4,26,22,104,51,0.0,255,32767,0.16,2056-9-18,0.04,0.52,23.84,0.0,0.0,0.0,0,0.87890625,8,1,07:14,19:19,2025-03-18 08:52:46.731277,Marina di Stabia
2025-03-18T08:52:58Z,20,30.097,72.5,29,51.5,23,22,90,51,0.0,255,32767,0.16,2056-9-18,0.04,0.52,23.84,0.0,0.0,0.0,0,0.87890625,8,1,07:14,19:19,2025-03-18 08:52:57.802258,Marina di Stabia
2025-03-18T08:53:09Z,20,30.099,72.5,29,51.5,29,23,108,51,0.0,255,32767,0.16,2056-9-18,0.04,0.52,23.84,0.0,0.0,0.0,0,1.751953125,8,1,07:14,19:19,2025-03-18 08:53:08.874258,Marina di Stabia
2025-03-18T08:53:20Z,20,30.099,72.5,29,51.5,22,23,84,51,0.0,255,32767,0.16,2056-9-18,0.04,0.52,23.84,0.0,0.0,0.0,0,1.751953125,8,1,07:14,19:19,2025-03-18 08:53:19.980272,Marina di Stabia
2025-03-18T08:53:31Z,20,30.099,72.5,29,51.5,29,23,92,51,0.0,255,32767,0.16,2056-9-18,0.04,0.52,23.84,0.0,0.0,0.0,0,1.751953125,8,1,07:14,19:19,2025-03-18 08:53:31.050252,Marina di Stabia
2025-03-18T08:53:42Z,20,30.099,72.5,29,51.5,19,23,108,51,0.0,255,32767,0.16,2056-9-18,0.04,0.52,23.84,0.0,0.0,0.0,0,1.751953125,8,1,07:14,19:19,2025-03-18 08:53:42.117262,Marina di Stabia
2025-03-18T08:53:53Z,20,30.099,72.5,29,51.5,19,23,96,51,0.0,255,32767,0.16,2056-9-18,0.04,0.52,23.84,0.0,0.0,0.0,0,1.751953125,8,1,07:14,19:19,2025-03-18 08:53:53.189272,Marina di Stabia
2025-03-18T08:54:04Z,20,30.099,72.5,29,51.6,20,23,92,51,0.0,255,32767,0.16,2056-9-18,0.04,0.52,23.84,0.0,0.0,0.0,0,0.884765625,8,1,07:14,19:19,2025-03-18 08:54:04.252265,Marina di Stabia
2025-03-18T08:54:15Z,20,30.099,72.5,29,51.6,29,23,126,51,0.0,255,32767,0.16,2056-9-18,0.04,0.52,23.84,0.0,0.0,0.0,0,0.884765625,8,1,07:14,19:19,2025-03-18 08:54:15.372258,Marina di Stabia
2025-03-18T08:54:26Z,20,30.099,72.5,29,51.6,28,23,86,51,0.0,255,32767,0.16,2056-9-18,0.04,0.52,23.84,0.0,0.0,0.0,0,0.884765625,8,1,07:14,19:19,2025-03-18 08:54:26.436264,Marina di Stabia
2025-03-18T08:54:37Z,20,30.099,72.5,29,51.6,28,23,79,49,0.0,255,32767,0.16,2056-9-18,0.04,0.52,23.84,0.0,0.0,0.0,0,0.884765625,8,1,07:14,19:19,2025-03-18 08:54:37.506257,Marina di Stabia
2025-03-18T08:54:48Z,20,30.099,72.5,29,51.6,21,23,114,49,0.0,255,32767,0.16,2056-9-18,0.04,0.52,23.84,0.0,0.0,0.0,0,0.884765625,8,1,07:14,19:19,2025-03-18 08:54:48.577267,Marina di Stabia
2025-03-18T08:54:59Z,20,30.099,72.5,29,51.6,16,23,94,49,0.0,255,32767,0.16,2056-9-18,0.04,0.52,23.84,0.0,0.0,0.0,0,0.87890625,8,1,07:14,19:19,2025-03-18 08:54:59.645264,Marina di Stabia
2025-03-18T08:55:10Z,20,30.099,72.5,29,51.5,28,23,98,49,0.0,255,32767,0.16,2056-9-18,0.04,0.52,23.84,0.0,0.0,0.0,0,0.87890625,8,1,07:14,19:19,2025-03-18 08:55:10.716265,Marina di Stabia
2025-03-18T08:55:22Z,20,30.099,72.5,29,51.5,28,23,84,49,0.0,255,32767,0.16,2056-9-18,0.04,0.52,23.84,0.0,0.0,0.0,0,0.87890625,8,1,07:14,19:19,2025-03-18 08:55:21.820254,Marina di Stabia
2025-03-18T08:55:33Z,20,30.099,72.5,29,51.6,27,23,99,50,0.0,255,32767,0.16,2056-9-18,0.04,0.52,23.84,0.0,0.0,0.0,0,0.87890625,8,1,07:14,19:19,2025-03-18 08:55:32.906259,Marina di Stabia
2025-03-18T08:55:44Z,20,30.099,72.5,29,51.5,26,23,109,50,0.0,255,32767,0.16,2056-9-18,0.04,0.52,23.84,0.0,0.0,0.0,0,0.87890625,8,1,07:14,19:19,2025-03-18 08:55:43.972247,Marina di Stabia
2025-03-18T08:55:55Z,20,30.099,72.5,29,51.5,21,23,95,50,0.0,255,32767,0.16,2056-9-18,0.04,0.52,23.84,0.0,0.0,0.0,0,0.87890625,8,1,07:14,19:19,2025-03-18 08:55:55.036265,Marina di Stabia
2025-03-18T08:56:06Z,20,30.1,72.6,29,51.5,19,23,94,50,0.0,255,32767,0.16,2056-9-18,0.04,0.52,23.84,0.0,0.0,0.0,0,0.9140625,8,1,07:14,19:19,2025-03-18 08:56:06.098264,Marina di Stabia
2025-03-18T08:56:17Z,20,30.1,72.6,29,51.5,26,23,96,50,0.0,255,32767,0.16,2056-9-18,0.04,0.52,23.84,0.0,0.0,0.0,0,0.9140625,8,1,07:14,19:19,2025-03-18 08:56:17.225280,Marina di Stabia
2025-03-18T08:56:28Z,20,30.1,72.6,29,51.5,15,23,82,50,0.0,255,32767,0.16,2056-9-18,0.04,0.52,23.84,0.0,0.0,0.0,0,0.9140625,8,1,07:14,19:19,2025-03-18 08:56:28.295271,Marina di Stabia
2025-03-18T08:56:39Z,20,30.1,72.6,29,51.6,21,23,88,50,0.0,255,32767,0.16,2056-9-18,0.04,0.52,23.84,0.0,0.0,0.0,0,0.9140625,8,1,07:14,19:19,2025-03-18 08:56:39.405218,Marina di Stabia
2025-03-18T08:56:50Z,20,30.1,72.6,29,51.6,19,23,72,50,0.0,255,32767,0.16,2056-9-18,0.04,0.52,23.84,0.0,0.0,0.0,0,0.9140625,8,1,07:14,19:19,2025-03-18 08:56:50.470251,Marina di Stabia
2025-03-18T08:57:01Z,20,30.101,72.5,29,51.6,17,24,80,50,0.0,255,32767,0.16,2056-9-18,0.04,0.52,23.84,0.0,0.0,0.0,0,0.87890625,8,1,07:14,19:19,2025-03-18 08:57:01.532260,Marina di Stabia
2025-03-18T08:57:12Z,20,30.101,72.5,29,51.6,20,24,89,50,0.0,255,32767,0.16,2056-9-18,0.04,0.52,23.84,0.0,0.0,0.0,0,0.87890625,8,1,07:14,19:19,2025-03-18 08:57:12.609300,Marina di Stabia
2025-03-18T08:57:23Z,20,30.101,72.5,29,51.6,26,24,89,50,0.0,255,32767,0.16,2056-9-18,0.04,0.52,23.84,0.0,0.0,0.0,0,0.87890625,8,1,07:14,19:19,2025-03-18 08:57:23.715260,Marina di Stabia
2025-03-18T08:57:35Z,20,30.101,72.5,29,51.7,23,24,86,50,0.0,255,32767,0.16,2056-9-18,0.04,0.52,23.84,0.0,0.0,0.0,0,0.87890625,8,1,07:14,19:19,2025-03-18 08:57:34.806261,Marina di Stabia
2025-03-18T08:57:46Z,20,30.101,72.5,29,51.7,20,24,124,50,0.0,255,32767,0.16,2056-9-18,0.04,0.52,23.84,0.0,0.0,0.0,0,0.87890625,8,1,07:14,19:19,2025-03-18 08:57:45.908264,Marina di Stabia
2025-03-18T08:57:57Z,20,30.101,72.5,29,51.7,25,24,96,50,0.0,255,32767,0.16,2056-9-18,0.04,0.52,23.84,0.0,0.0,0.0,0,0.87890625,8,1,07:14,19:19,2025-03-18 08:57:56.979265,Marina di Stabia
2025-03-18T08:58:08Z,20,30.1,72.6,29,51.7,21,24,88,50,0.0,255,32767,0.16,2056-9-18,0.04,0.52,23.84,0.0,0.0,0.0,0,1.18359375,8,1,07:14,19:19,2025-03-18 08:58:08.028950,Marina di Stabia
2025-03-18T08:58:19Z,20,30.1,72.6,29,51.7,20,24,82,50,0.0,255,32767,0.16,2056-9-18,0.04,0.52,23.84,0.0,0.0,0.0,0,1.18359375,8,1,07:14,19:19,2025-03-18 08:58:19.085237,Marina di Stabia
2025-03-18T08:58:30Z,20,30.1,72.6,29,51.7,16,24,78,50,0.0,255,32767,0.16,2056-9-18,0.04,0.52,23.84,0.0,0.0,0.0,0,1.18359375,8,1,07:14,19:19,2025-03-18 08:58:30.180324,Marina di Stabia
2025-03-18T08:58:41Z,20,30.1,72.6,29,51.7,19,24,77,50,0.0,255,32767,0.16,2056-9-18,0.04,0.52,23.84,0.0,0.0,0.0,0,1.18359375,8,1,07:14,19:19,2025-03-18 08:58:41.244263,Marina di Stabia
2025-03-18T08:58:52Z,20,30.1,72.6,29,51.7,22,24,80,50,0.0,255,32767,0.16,2056-9-18,0.04,0.52,23.84,0.0,0.0,0.0,0,1.18359375,8,1,07:14,19:19,2025-03-18 08:58:52.316263,Marina di Stabia
2025-03-18T08:59:03Z,20,30.095,72.6,29,51.7,25,23,79,50,0.0,255,32767,0.16,2056-9-18,0.04,0.52,23.84,0.0,0.0,0.0,0,0.87890625,8,1,07:14,19:19,2025-03-18 08:59:03.392261,Marina di Stabia
2025-03-18T08:59:14Z,20,30.095,72.6,29,51.7,26,23,84,50,0.0,255,32767,0.16,2056-9-18,0.04,0.52,23.84,0.0,0.0,0.0,0,0.87890625,8,1,07:14,19:19,2025-03-18 08:59:14.488261,Marina di Stabia
2025-03-18T08:59:25Z,20,30.095,72.6,29,51.7,27,23,87,50,0.0,255,32767,0.16,2056-9-18,0.04,0.52,23.84,0.0,0.0,0.0,0,0.87890625,8,1,07:14,19:19,2025-03-18 08:59:25.591260,Marina di Stabia
2025-03-18T08:59:36Z,20,30.095,72.6,29,51.7,23,23,83,50,0.0,255,32767,0.16,2056-9-18,0.04,0.52,23.84,0.0,0.0,0.0,0,0.87890625,8,1,07:14,19:19,2025-03-18 08:59:36.661264,Marina di Stabia
2025-03-18T08:59:47Z,20,30.095,72.6,29,51.7,21,23,84,49,0.0,255,32767,0.16,2056-9-18,0.04,0.52,23.84,0.0,0.0,0.0,0,0.87890625,8,1,07:14,19:19,2025-03-18 08:59:47.725263,Marina di Stabia
2025-03-18T08:59:58Z,20,30.098,72.6,29,51.7,23,23,80,49,0.0,255,32767,0.16,2056-9-18,0.04,0.52,23.84,0.0,0.0,0.0,0,0.87890625,8,1,07:14,19:19,2025-03-18 08:59:58.785263,Marina di Stabia
2025-03-18T09:00:10Z,20,30.098,72.6,29,51.7,19,23,84,49,0.0,255,32767,0.16,2056-9-18,0.04,0.52,23.84,0.0,0.0,0.0,0,0.87890625,8,1,07:14,19:19,2025-03-18 09:00:09.894263,Marina di Stabia,31.1,6.639279,14.05905,5.7798514,10.930394,EU EEA Common AQI,73.8,6.5582366,13.21546,3600,4.811594,100,100,51.4,8.937198,Very Low,75.5,6.355935,100,1739186100,Very Low,9.633085,6.8510075,Very Low,6.062216,42.9,5.362319,100,1739186100,5.362319
2025-03-18T09:00:21Z,20,30.098,72.6,29,51.7,18,23,71,49,0.0,255,32767,0.16,2056-9-18,0.04,0.52,23.84,0.0,0.0,0.0,0,0.87890625,8,1,07:14,19:19,2025-03-18 09:00:20.980265,Marina di Stabia,31.1,6.639279,14.05905,5.7798514,10.930394,EU EEA Common AQI,73.8,6.5582366,13.21546,3600,4.811594,100,100,51.4,8.937198,Very Low,75.5,6.355935,100,1739186100,Very Low,9.633085,6.8510075,Very Low,6.062216,42.9,5.362319,100,1739186100,5.362319
2025-03-18T09:00:32Z,20,30.098,72.6,29,51.6,13,23,80,49,0.0,255,32767,0.16,2056-9-18,0.04,0.52,23.84,0.0,0.0,0.0,0,0.87890625,8,1,07:14,19:19,2025-03-18 09:00:32.084256,Marina di Stabia,31.1,6.639279,14.05905,5.7798514,10.930394,EU EEA Common AQI,73.8,6.5582366,13.21546,3600,4.811594,100,100,51.4,8.937198,Very Low,75.5,6.355935,100,1739186100,Very Low,9.633085,6.8510075,Very Low,6.062216,42.9,5.362319,100,1739186100,5.362319
2025-03-18T09:00:43Z,20,30.098,72.6,29,51.6,18,23,78,49,0.0,255,32767,0.16,2056-9-18,0.04,0.52,23.84,0.0,0.0,0.0,0,0.87890625,8,1,07:14,19:19,2025-03-18 09:00:43.155258,Marina di Stabia,31.1,6.639279,14.05905,5.7798514,10.930394,EU EEA Common AQI,73.8,6.5582366,13.21546,3600,4.811594,100,100,51.4,8.937198,Very Low,75.5,6.355935,100,1739186100,Very Low,9.633085,6.8510075,Very Low,6.062216,42.9,5.362319,100,1739186100,5.362319
2025-03-18T09:00:54Z,20,30.098,72.6,29,51.7,21,23,59,49,0.0,255,32767,0.16,2056-9-18,0.04,0.52,23.84,0.0,0.0,0.0,0,0.87890625,8,1,07:14,19:19,2025-03-18 09:00:54.239265,Marina di Stabia,31.1,6.639279,14.05905,5.7798514,10.930394,EU EEA Common AQI,73.8,6.5582366,13.21546,3600,4.811594,100,100,51.4,8.937198,Very Low,75.5,6.355935,100,1739186100,Very Low,9.633085,6.8510075,Very Low,6.062216,42.9,5.362319,100,1739186100,5.362319
2025-03-18T09:01:05Z,20,30.097,72.6,29,51.7,23,22,90,49,0.0,255,32767,0.16,2056-9-18,0.04,0.52,23.84,0.0,0.0,0.0,0,1.5703125,8,0,07:14,19:19,2025-03-18 09:01:05.335273,Marina di Stabia,31.1,6.639279,14.05905,5.7798514,10.930394,EU EEA Common AQI,73.8,6.5582366,13.21546,3600,4.811594,100,100,51.4,8.937198,Very Low,75.5,6.355935,100,1739186100,Very Low,9.633085,6.8510075,Very Low,6.062216,42.9,5.362319,100,1739186100,5.362319
2025-03-18T09:01:16Z,20,30.097,72.6,29,51.7,21,22,84,49,0.0,255,32767,0.16,2056-9-18,0.04,0.52,23.84,0.0,0.0,0.0,0,1.5703125,8,0,07:14,19:19,2025-03-18 09:01:16.412238,Marina di Stabia,31.1,6.639279,14.05905,5.7798514,10.930394,EU EEA Common AQI,73.8,6.5582366,13.21546,3600,4.811594,100,100,51.4,8.937198,Very Low,75.5,6.355935,100,1739186100,Very Low,9.633085,6.8510075,Very Low,6.062216,42.9,5.362319,100,1739186100,5.362319
2025-03-18T09:01:27Z,20,30.097,72.6,29,51.7,21,22,88,49,0.0,255,32767,0.16,2056-9-18,0.04,0.52,23.84,0.0,0.0,0.0,0,1.5703125,8,0,07:14,19:19,2025-03-18 09:01:27.494210,Marina di Stabia,31.1,6.639279,14.05905,5.7798514,10.930394,EU EEA Common AQI,73.8,6.5582366,13.21546,3600,4.811594,100,100,51.4,8.937198,Very Low,75.5,6.355935,100,1739186100,Very Low,9.633085,6.8510075,Very Low,6.062216,42.9,5.362319,100,1739186100,5.362319
2025-03-18T09:01:38Z,20,30.097,72.6,29,51.7,18,22,92,49,0.0,255,32767,0.16,2056-9-18,0.04,0.52,23.84,0.0,0.0,0.0,0,1.5703125,8,0,07:14,19:19,2025-03-18 09:01:38.599267,Marina di Stabia,31.1,6.639279,14.05905,5.7798514,10.930394,EU EEA Common AQI,73.8,6.5582366,13.21546,3600,4.811594,100,100,51.4,8.937198,Very Low,75.5,6.355935,100,1739186100,Very Low,9.633085,6.8510075,Very Low,6.062216,42.9,5.362319,100,1739186100,5.362319
2025-03-18T09:01:49Z,20,30.097,72.6,29,51.7,17,22,122,49,0.0,255,32767,0.16,2056-9-18,0.04,0.52,23.84,0.0,0.0,0.0,0,1.5703125,8,0,07:14,19:19,2025-03-18 09:01:49.705265,Marina di Stabia,31.1,6.639279,14.05905,5.7798514,10.930394,EU EEA Common AQI,73.8,6.5582366,13.21546,3600,4.811594,100,100,51.4,8.937198,Very Low,75.5,6.355935,100,1739186100,Very Low,9.633085,6.8510075,Very Low,6.062216,42.9,5.362319,100,1739186100,5.362319
2025-03-18T09:02:00Z,20,30.099,72.6,29,51.7,24,22,96,49,0.0,255,32767,0.16,2056-9-18,0.04,0.52,23.84,0.0,0.0,0.0,0,0.87890625,8,0,07:14,19:19,2025-03-18 09:02:00.780269,Marina di Stabia,31.1,6.639279,14.05905,5.7798514,10.930394,EU EEA Common AQI,73.8,6.5582366,13.21546,3600,4.811594,100,100,51.4,8.937198,Very Low,75.5,6.355935,100,1739186100,Very Low,9.633085,6.8510075,Very Low,6.062216,42.9,5.362319,100,1739186100,5.362319
2025-03-18T09:02:12Z,20,30.099,72.6,29,51.7,21,22,104,49,0.0,255,32767,0.16,2056-9-18,0.04,0.52,23.84,0.0,0.0,0.0,0,0.87890625,8,0,07:14,19:19,2025-03-18 09:02:11.927272,Marina di Stabia,31.1,6.639279,14.05905,5.7798514,10.930394,EU EEA Common AQI,73.8,6.5582366,13.21546,3600,4.811594,100,100,51.4,8.937198,Very Low,75.5,6.355935,100,1739186100,Very Low,9.633085,6.8510075,Very Low,6.062216,42.9,5.362319,100,1739186100,5.362319
2025-03-18T09:02:23Z,20,30.099,72.6,29,51.7,19,22,115,50,0.0,255,32767,0.16,2056-9-18,0.04,0.52,23.84,0.0,0.0,0.0,0,0.87890625,8,0,07:14,19:19,2025-03-18 09:02:23.016264,Marina di Stabia,31.1,6.639279,14.05905,5.7798514,10.930394,EU EEA Common AQI,73.8,6.5582366,13.21546,3600,4.811594,100,100,51.4,8.937198,Very Low,75.5,6.355935,100,1739186100,Very Low,9.633085,6.8510075,Very Low,6.062216,42.9,5.362319,100,1739186100,5.362319
2025-03-18T09:02:34Z,20,30.099,72.6,29,51.7,24,22,79,50,0.0,255,32767,0.16,2056-9-18,0.04,0.52,23.84,0.0,0.0,0.0,0,0.87890625,8,0,07:14,19:19,2025-03-18 09:02:34.096266,Marina di Stabia,31.1,6.639279,14.05905,5.7798514,10.930394,EU EEA Common AQI,73.8,6.5582366,13.21546,3600,4.811594,100,100,51.4,8.937198,Very Low,75.5,6.355935,100,1739186100,Very Low,9.633085,6.8510075,Very Low,6.062216,42.9,5.362319,100,1739186100,5.362319
2025-03-18T09:02:45Z,20,30.099,72.6,29,51.7,20,22,97,50,0.0,255,32767,0.16,2056-9-18,0.04,0.52,23.84,0.0,0.0,0.0,0,0.87890625,8,0,07:14,19:19,2025-03-18 09:02:45.224266,Marina di Stabia,31.1,6.639279,14.05905,5.7798514,10.930394,EU EEA Common AQI,73.8,6.5582366,13.21546,3600,4.811594,100,100,51.4,8.937198,Very Low,75.5,6.355935,100,1739186100,Very Low,9.633085,6.8510075,Very Low,6.062216,42.9,5.362319,100,1739186100,5.362319
2025-03-18T09:02:56Z,20,30.099,72.6,29,51.8,24,22,102,50,0.0,255,32767,0.16,2056-9-18,0.04,0.52,23.84,0.0,0.0,0.0,0,0.87890625,8,0,07:14,19:19,2025-03-18 09:02:56.315262,Marina di Stabia,31.1,6.639279,14.05905,5.7798514,10.930394,EU EEA Common AQI,73.8,6.5582366,13.21546,3600,4.811594,100,100,51.4,8.937198,Very Low,75.5,6.355935,100,1739186100,Very Low,9.633085,6.8510075,Very Low,6.062216,42.9,5.362319,100,1739186100,5.362319
2025-03-18T09:03:07Z,20,30.099,72.6,29,51.8,26,22,98,50,0.0,255,32767,0.16,2056-9-18,0.04,0.52,23.84,0.0,0.0,0.0,0,1.001953125,8,0,07:14,19:19,2025-03-18 09:03:07.392268,Marina di Stabia,31.1,6.639279,14.05905,5.7798514,10.930394,EU EEA Common AQI,73.8,6.5582366,13.21546,3600,4.811594,100,100,51.4,8.937198,Very Low,75.5,6.355935,100,1739186100,Very Low,9.633085,6.8510075,Very Low,6.062216,42.9,5.362319,100,1739186100,5.362319
2025-03-18T09:03:18Z,20,30.099,72.6,29,51.8,18,22,84,50,0.0,255,32767,0.16,2056-9-18,0.04,0.52,23.84,0.0,0.0,0.0,0,1.001953125,8,0,07:14,19:19,2025-03-18 09:03:18.720271,Marina di Stabia,31.1,6.639279,14.05905,5.7798514,10.930394,EU EEA Common AQI,73.8,6.5582366,13.21546,3600,4.811594,100,100,51.4,8.937198,Very Low,75.5,6.355935,100,1739186100,Very Low,9.633085,6.8510075,Very Low,6.062216,42.9,5.362319,100,1739186100,5.362319
2025-03-18T09:03:29Z,20,30.099,72.6,29,51.8,22,22,86,50,0.0,255,32767,0.16,2056-9-18,0.04,0.52,23.84,0.0,0.0,0.0,0,1.001953125,8,0,07:14,19:19,2025-03-18 09:03:29.797259,Marina di Stabia,31.1,6.639279,14.05905,5.7798514,10.930394,EU EEA Common AQI,73.8,6.5582366,13.21546,3600,4.811594,100,100,51.4,8.937198,Very Low,75.5,6.355935,100,1739186100,Very Low,9.633085,6.8510075,Very Low,6.062216,42.9,5.362319,100,1739186100,5.362319
2025-03-18T09:03:41Z,20,30.099,72.6,29,51.9,21,22,76,50,0.0,255,32767,0.16,2056-9-18,0.04,0.52,23.84,0.0,0.0,0.0,0,1.001953125,8,0,07:14,19:19,2025-03-18 09:03:40.883261,Marina di Stabia,31.1,6.639279,14.05905,5.7798514,10.930394,EU EEA Common AQI,73.8,6.5582366,13.21546,3600,4.811594,100,100,51.4,8.937198,Very Low,75.5,6.355935,100,1739186100,Very Low,9.633085,6.8510075,Very Low,6.062216,42.9,5.362319,100,1739186100,5.362319
2025-03-18T09:03:52Z,20,30.099,72.6,29,51.8,17,22,76,50,0.0,255,32767,0.16,2056-9-18,0.04,0.52,23.84,0.0,0.0,0.0,0,1.001953125,8,0,07:14,19:19,2025-03-18 09:03:52.006269,Marina di Stabia,31.1,6.639279,14.05905,5.7798514,10.930394,EU EEA Common AQI,73.8,6.5582366,13.21546,3600,4.811594,100,100,51.4,8.937198,Very Low,75.5,6.355935,100,1739186100,Very Low,9.633085,6.8510075,Very Low,6.062216,42.9,5.362319,100,1739186100,5.362319
2025-03-18T09:04:03Z,20,30.104,72.6,29,51.9,21,22,83,50,0.0,255,32767,0.16,2056-9-18,0.04,0.52,23.84,0.0,0.0,0.0,0,0.87890625,8,0,07:14,19:19,2025-03-18 09:04:03.079264,Marina di Stabia,31.1,6.639279,14.05905,5.7798514,10.930394,EU EEA Common AQI,73.8,6.5582366,13.21546,3600,4.811594,100,100,51.4,8.937198,Very Low,75.5,6.355935,100,1739186100,Very Low,9.633085,6.8510075,Very Low,6.062216,42.9,5.362319,100,1739186100,5.362319
2025-03-18T09:04:14Z,20,30.104,72.6,29,51.9,23,22,81,50,0.0,255,32767,0.16,2056-9-18,0.04,0.52,23.84,0.0,0.0,0.0,0,0.87890625,8,0,07:14,19:19,2025-03-18 09:04:14.156264,Marina di Stabia,31.1,6.639279,14.05905,5.7798514,10.930394,EU EEA Common AQI,73.8,6.5582366,13.21546,3600,4.811594,100,100,51.4,8.937198,Very Low,75.5,6.355935,100,1739186100,Very Low,9.633085,6.8510075,Very Low,6.062216,42.9,5.362319,100,1739186100,5.362319
2025-03-18T09:04:25Z,20,30.104,72.6,29,52.0,18,22,66,50,0.0,255,32767,0.16,2056-9-18,0.04,0.52,23.84,0.0,0.0,0.0,0,0.87890625,8,0,07:14,19:19,2025-03-18 09:04:25.245262,Marina di Stabia,31.1,6.639279,14.05905,5.7798514,10.930394,EU EEA Common AQI,73.8,6.5582366,13.21546,3600,4.811594,100,100,51.4,8.937198,Very Low,75.5,6.355935,100,1739186100,Very Low,9.633085,6.8510075,Very Low,6.062216,42.9,5.362319,100,1739186100,5.362319
2025-03-18T09:04:36Z,20,30.104,72.6,29,52.0,23,22,87,50,0.0,255,32767,0.16,2056-9-18,0.04,0.52,23.84,0.0,0.0,0.0,0,0.87890625,8,0,07:14,19:19,2025-03-18 09:04:36.328225,Marina di Stabia,31.1,6.639279,14.05905,5.7798514,10.930394,EU EEA Common AQI,73.8,6.5582366,13.21546,3600,4.811594,100,100,51.4,8.937198,Very Low,75.5,6.355935,100,1739186100,Very Low,9.633085,6.8510075,Very Low,6.062216,42.9,5.362319,100,1739186100,5.362319
2025-03-18T09:04:47Z,20,30.104,72.6,29,52.0,20,22,81,50,0.0,255,32767,0.16,2056-9-18,0.04,0.52,23.84,0.0,0.0,0.0,0,0.87890625,8,0,07:14,19:19,2025-03-18 09:04:47.419270,Marina di Stabia,31.1,6.639279,14.05905,5.7798514,10.930394,EU EEA Common AQI,73.8,6.5582366,13.21546,3600,4.811594,100,100,51.4,8.937198,Very Low,75.5,6.355935,100,1739186100,Very Low,9.633085,6.8510075,Very Low,6.062216,42.9,5.362319,100,1739186100,5.362319
2025-03-18T09:04:58Z,20,30.102,72.6,29,52.0,13,22,93,50,0.0,255,32767,0.16,2056-9-18,0.04,0.52,23.84,0.0,0.0,0.0,0,1.740234375,8,0,07:14,19:19,2025-03-18 09:04:58.541260,Marina di Stabia,31.1,6.639279,14.05905,5.7798514,10.930394,EU EEA Common AQI,73.8,6.5582366,13.21546,3600,4.811594,100,100,51.4,8.937198,Very Low,75.5,6.355935,100,1739186100,Very Low,9.633085,6.8510075,Very Low,6.062216,42.9,5.362319,100,1739186100,5.362319
2025-03-18T09:05:09Z,20,30.102,72.6,29,52.0,13,22,85,50,0.0,255,32767,0.16,2056-9-18,0.04,0.52,23.84,0.0,0.0,0.0,0,1.740234375,8,0,07:14,19:19,2025-03-18 09:05:09.627261,Marina di Stabia,31.1,6.639279,14.05905,5.7798514,10.930394,EU EEA Common AQI,73.8,6.5582366,13.21546,3600,4.811594,100,100,51.4,8.937198,Very Low,75.5,6.355935,100,1739186100,Very Low,9.633085,6.8510075,Very Low,6.062216,42.9,5.362319,100,1739186100,5.362319
2025-03-18T09:05:20Z,20,30.102,72.6,29,52.1,12,22,140,50,0.0,255,32767,0.16,2056-9-18,0.04,0.52,23.84,0.0,0.0,0.0,0,1.740234375,8,0,07:14,19:19,2025-03-18 09:05:20.717265,Marina di Stabia,31.1,6.639279,14.05905,5.7798514,10.930394,EU EEA Common AQI,73.8,6.5582366,13.21546,3600,4.811594,100,100,51.4,8.937198,Very Low,75.5,6.355935,100,1739186100,Very Low,9.633085,6.8510075,Very Low,6.062216,42.9,5.362319,100,1739186100,5.362319
2025-03-18T09:05:32Z,20,30.102,72.6,29,52.1,21,22,89,50,0.0,255,32767,0.16,2056-9-18,0.04,0.52,23.84,0.0,0.0,0.0,0,1.740234375,8,0,07:14,19:19,2025-03-18 09:05:31.802261,Marina di Stabia,31.1,6.639279,14.05905,5.7798514,10.930394,EU EEA Common AQI,73.8,6.5582366,13.21546,3600,4.811594,100,100,51.4,8.937198,Very Low,75.5,6.355935,100,1739186100,Very Low,9.633085,6.8510075,Very Low,6.062216,42.9,5.362319,100,1739186100,5.362319
2025-03-18T09:05:43Z,20,30.102,72.6,29,52.1,30,22,100,49,0.0,255,32767,0.16,2056-9-18,0.04,0.52,23.84,0.0,0.0,0.0,0,1.740234375,8,0,07:14,19:19,2025-03-18 09:05:42.881268,Marina di Stabia,31.1,6.639279,14.05905,5.7798514,10.930394,EU EEA Common AQI,73.8,6.5582366,13.21546,3600,4.811594,100,100,51.4,8.937198,Very Low,75.5,6.355935,100,1739186100,Very Low,9.633085,6.8510075,Very Low,6.062216,42.9,5.362319,100,1739186100,5.362319
2025-03-18T09:05:54Z,20,30.102,72.6,29,52.1,28,22,86,49,0.0,255,32767,0.16,2056-9-18,0.04,0.52,23.84,0.0,0.0,0.0,0,1.740234375,8,0,07:14,19:19,2025-03-18 09:05:53.985270,Marina di Stabia,31.1,6.639279,14.05905,5.7798514,10.930394,EU EEA Common AQI,73.8,6.5582366,13.21546,3600,4.811594,100,100,51.4,8.937198,Very Low,75.5,6.355935,100,1739186100,Very Low,9.633085,6.8510075,Very Low,6.062216,42.9,5.362319,100,1739186100,5.362319
2025-03-18T09:06:05Z,20,30.102,72.6,29,52.1,26,21,98,49,0.0,255,32767,0.16,2056-9-18,0.04,0.52,23.84,0.0,0.0,0.0,0,0.884765625,8,0,07:14,19:19,2025-03-18 09:06:05.105260,Marina di Stabia,31.1,6.639279,14.05905,5.7798514,10.930394,EU EEA Common AQI,73.8,6.5582366,13.21546,3600,4.811594,100,100,51.4,8.937198,Very Low,75.5,6.355935,100,1739186100,Very Low,9.633085,6.8510075,Very Low,6.062216,42.9,5.362319,100,1739186100,5.362319
2025-03-18T09:06:16Z,20,30.102,72.6,29,52.0,31,21,107,49,0.0,255,32767,0.16,2056-9-18,0.04,0.52,23.84,0.0,0.0,0.0,0,0.884765625,8,0,07:14,19:19,2025-03-18 09:06:16.177261,Marina di Stabia,31.1,6.639279,14.05905,5.7798514,10.930394,EU EEA Common AQI,73.8,6.5582366,13.21546,3600,4.811594,100,100,51.4,8.937198,Very Low,75.5,6.355935,100,1739186100,Very Low,9.633085,6.8510075,Very Low,6.062216,42.9,5.362319,100,1739186100,5.362319
2025-03-18T09:06:27Z,20,30.102,72.6,29,52.0,30,21,92,49,0.0,255,32767,0.16,2056-9-18,0.04,0.52,23.84,0.0,0.0,0.0,0,0.884765625,8,0,07:14,19:19,2025-03-18 09:06:27.275266,Marina di Stabia,31.1,6.639279,14.05905,5.7798514,10.930394,EU EEA Common AQI,73.8,6.5582366,13.21546,3600,4.811594,100,100,51.4,8.937198,Very Low,75.5,6.355935,100,1739186100,Very Low,9.633085,6.8510075,Very Low,6.062216,42.9,5.362319,100,1739186100,5.362319
2025-03-18T09:06:38Z,20,30.102,72.6,29,52.0,23,21,85,48,0.0,255,32767,0.16,2056-9-18,0.04,0.52,23.84,0.0,0.0,0.0,0,0.884765625,8,0,07:14,19:19,2025-03-18 09:06:38.354223,Marina di Stabia,31.1,6.639279,14.05905,5.7798514,10.930394,EU EEA Common AQI,73.8,6.5582366,13.21546,3600,4.811594,100,100,51.4,8.937198,Very Low,75.5,6.355935,100,1739186100,Very Low,9.633085,6.8510075,Very Low,6.062216,42.9,5.362319,100,1739186100,5.362319
2025-03-18T09:06:49Z,20,30.102,72.6,29,52.0,25,21,96,48,0.0,255,32767,0.16,2056-9-18,0.04,0.52,23.84,0.0,0.0,0.0,0,0.884765625,8,0,07:14,19:19,2025-03-18 09:06:49.441273,Marina di Stabia,31.1,6.639279,14.05905,5.7798514,10.930394,EU EEA Common AQI,73.8,6.5582366,13.21546,3600,4.811594,100,100,51.4,8.937198,Very Low,75.5,6.355935,100,1739186100,Very Low,9.633085,6.8510075,Very Low,6.062216,42.9,5.362319,100,1739186100,5.362319
2025-03-18T09:07:00Z,20,30.103,72.6,29,52.0,22,22,83,48,0.0,255,32767,0.16,2056-9-18,0.04,0.52,23.84,0.0,0.0,0.0,0,0.87890625,8,0,07:14,19:19,2025-03-18 09:07:00.524266,Marina di Stabia,31.1,6.639279,14.05905,5.7798514,10.930394,EU EEA Common AQI,73.8,6.5582366,13.21546,3600,4.811594,100,100,51.4,8.937198,Very Low,75.5,6.355935,100,1739186100,Very Low,9.633085,6.8510075,Very Low,6.062216,42.9,5.362319,100,1739186100,5.362319
2025-03-18T09:07:11Z,20,30.103,72.6,29,51.9,28,22,91,48,0.0,255,32767,0.16,2056-9-18,0.04,0.52,23.84,0.0,0.0,0.0,0,0.87890625,8,0,07:14,19:19,2025-03-18 09:07:11.698289,Marina di Stabia,31.1,6.639279,14.05905,5.7798514,10.930394,EU EEA Common AQI,73.8,6.5582366,13.21546,3600,4.811594,100,100,51.4,8.937198,Very Low,75.5,6.355935,100,1739186100,Very Low,9.633085,6.8510075,Very Low,6.062216,42.9,5.362319,100,1739186100,5.362319
2025-03-18T09:07:22Z,20,30.103,72.6,29,51.9,25,22,96,48,0.0,255,32767,0.16,2056-9-18,0.04,0.52,23.84,0.0,0.0,0.0,0,0.87890625,8,0,07:14,19:19,2025-03-18 09:07:22.784257,Marina di Stabia,31.1,6.639279,14.05905,5.7798514,10.930394,EU EEA Common AQI,73.8,6.5582366,13.21546,3600,4.811594,100,100,51.4,8.937198,Very Low,75.5,6.355935,100,1739186100,Very Low,9.633085,6.8510075,Very Low,6.062216,42.9,5.362319,100,1739186100,5.362319
2025-03-18T09:07:34Z,20,30.103,72.6,29,51.9,19,22,92,48,0.0,255,32767,0.16,2056-9-18,0.04,0.52,23.84,0.0,0.0,0.0,0,0.87890625,8,0,07:14,19:19,2025-03-18 09:07:33.859258,Marina di Stabia,31.1,6.639279,14.05905,5.7798514,10.930394,EU EEA Common AQI,73.8,6.5582366,13.21546,3600,4.811594,100,100,51.4,8.937198,Very Low,75.5,6.355935,100,1739186100,Very Low,9.633085,6.8510075,Very Low,6.062216,42.9,5.362319,100,1739186100,5.362319
2025-03-18T09:07:45Z,20,30.103,72.6,29,51.9,23,22,106,48,0.0,255,32767,0.16,2056-9-18,0.04,0.52,23.84,0.0,0.0,0.0,0,0.87890625,8,0,07:14,19:19,2025-03-18 09:07:44.936223,Marina di Stabia,31.1,6.639279,14.05905,5.7798514,10.930394,EU EEA Common AQI,73.8,6.5582366,13.21546,3600,4.811594,100,100,51.4,8.937198,Very Low,75.5,6.355935,100,1739186100,Very Low,9.633085,6.8510075,Very Low,6.062216,42.9,5.362319,100,1739186100,5.362319
2025-03-18T09:07:56Z,20,30.103,72.6,29,51.9,19,22,92,48,0.0,255,32767,0.16,2056-9-18,0.04,0.52,23.84,0.0,0.0,0.0,0,0.87890625,8,0,07:14,19:19,2025-03-18 09:07:56.018273,Marina di Stabia,31.1,6.639279,14.05905,5.7798514,10.930394,EU EEA Common AQI,73.8,6.5582366,13.21546,3600,4.811594,100,100,51.4,8.937198,Very Low,75.5,6.355935,100,1739186100,Very Low,9.633085,6.8510075,Very Low,6.062216,42.9,5.362319,100,1739186100,5.362319
2025-03-18T09:08:07Z,20,30.104,72.6,29,51.9,28,22,94,48,0.0,255,32767,0.16,2056-9-18,0.04,0.52,23.84,0.0,0.0,0.0,0,0.931640625,8,0,07:14,19:19,2025-03-18 09:08:07.097274,Marina di Stabia,31.1,6.639279,14.05905,5.7798514,10.930394,EU EEA Common AQI,73.8,6.5582366,13.21546,3600,4.811594,100,100,51.4,8.937198,Very Low,75.5,6.355935,100,1739186100,Very Low,9.633085,6.8510075,Very Low,6.062216,42.9,5.362319,100,1739186100,5.362319
2025-03-18T09:08:18Z,20,30.104,72.6,29,51.9,25,22,99,49,0.0,255,32767,0.16,2056-9-18,0.04,0.52,23.84,0.0,0.0,0.0,0,0.931640625,8,0,07:14,19:19,2025-03-18 09:08:18.249277,Marina di Stabia,31.1,6.639279,14.05905,5.7798514,10.930394,EU EEA Common AQI,73.8,6.5582366,13.21546,3600,4.811594,100,100,51.4,8.937198,Very Low,75.5,6.355935,100,1739186100,Very Low,9.633085,6.8510075,Very Low,6.062216,42.9,5.362319,100,1739186100,5.362319
2025-03-18T09:08:29Z,20,30.104,72.6,29,51.8,21,22,94,49,0.0,255,32767,0.16,2056-9-18,0.04,0.52,23.84,0.0,0.0,0.0,0,0.931640625,8,0,07:14,19:19,2025-03-18 09:08:29.334266,Marina di Stabia,31.1,6.639279,14.05905,5.7798514,10.930394,EU EEA Common AQI,73.8,6.5582366,13.21546,3600,4.811594,100,100,51.4,8.937198,Very Low,75.5,6.355935,100,1739186100,Very Low,9.633085,6.8510075,Very Low,6.062216,42.9,5.362319,100,1739186100,5.362319
2025-03-18T09:08:40Z,20,30.104,72.6,29,51.8,20,22,89,49,0.0,255,32767,0.16,2056-9-18,0.04,0.52,23.84,0.0,0.0,0.0,0,0.931640625,8,0,07:14,19:19,2025-03-18 09:08:40.409272,Marina di Stabia,31.1,6.639279,14.05905,5.7798514,10.930394,EU EEA Common AQI,73.8,6.5582366,13.21546,3600,4.811594,100,100,51.4,8.937198,Very Low,75.5,6.355935,100,1739186100,Very Low,9.633085,6.8510075,Very Low,6.062216,42.9,5.362319,100,1739186100,5.362319
2025-03-18T09:09:24Z,20,30.104,72.6,29,51.8,20,22,93,49,0.0,255,32767,0.16,2056-9-18,0.04,0.52,23.84,0.0,0.0,0.0,0,0.87890625,8,0,07:14,19:19,2025-03-18 09:09:24.713267,Marina di Stabia,31.1,6.639279,14.05905,5.7798514,10.930394,EU EEA Common AQI,73.8,6.5582366,13.21546,3600,4.811594,100,100,51.4,8.937198,Very Low,75.5,6.355935,100,1739186100,Very Low,9.633085,6.8510075,Very Low,6.062216,42.9,5.362319,100,1739186100,5.362319
2025-03-18T09:09:36Z,20,30.104,72.6,29,51.8,24,22,88,49,0.0,255,32767,0.16,2056-9-18,0.04,0.52,23.84,0.0,0.0,0.0,0,0.87890625,8,0,07:14,19:19,2025-03-18 09:09:35.821261,Marina di Stabia,31.1,6.639279,14.05905,5.7798514,10.930394,EU EEA Common AQI,73.8,6.5582366,13.21546,3600,4.811594,100,100,51.4,8.937198,Very Low,75.5,6.355935,100,1739186100,Very Low,9.633085,6.8510075,Very Low,6.062216,42.9,5.362319,100,1739186100,5.362319
2025-03-18T09:09:47Z,20,30.104,72.6,29,51.8,28,22,122,49,0.0,255,32767,0.16,2056-9-18,0.04,0.52,23.84,0.0,0.0,0.0,0,0.87890625,8,0,07:14,19:19,2025-03-18 09:09:46.902265,Marina di Stabia,31.1,6.639279,14.05905,5.7798514,10.930394,EU EEA Common AQI,73.8,6.5582366,13.21546,3600,4.811594,100,100,51.4,8.937198,Very Low,75.5,6.355935,100,1739186100,Very Low,9.633085,6.8510075,Very Low,6.062216,42.9,5.362319,100,1739186100,5.362319
2025-03-18T09:09:58Z,20,30.104,72.6,29,51.8,27,22,97,49,0.0,255,32767,0.16,2056-9-18,0.04,0.52,23.84,0.0,0.0,0.0,0,0.87890625,8,0,07:14,19:19,2025-03-18 09:09:57.990254,Marina di Stabia,31.1,6.639279,14.05905,5.7798514,10.930394,EU EEA Common AQI,73.8,6.5582366,13.21546,3600,4.811594,100,100,51.4,8.937198,Very Low,75.5,6.355935,100,1739186100,Very Low,9.633085,6.8510075,Very Low,6.062216,42.9,5.362319,100,1739186100,5.362319
2025-03-18T09:10:09Z,20,30.1,72.6,29,51.8,30,22,66,49,0.0,255,32767,0.16,2056-9-18,0.04,0.52,23.84,0.0,0.0,0.0,0,1.154296875,8,0,07:14,19:19,2025-03-18 09:10:09.070259,Marina di Stabia,31.1,6.639279,14.05905,5.7798514,10.930394,EU EEA Common AQI,73.8,6.5582366,13.21546,3600,4.811594,100,100,51.4,8.937198,Very Low,75.5,6.355935,100,1739186100,Very Low,9.633085,6.8510075,Very Low,6.062216,42.9,5.362319,100,1739186100,5.362319
2025-03-18T09:10:20Z,20,30.1,72.6,29,51.8,19,22,254,49,0.0,255,32767,0.16,2056-9-18,0.04,0.52,23.84,0.0,0.0,0.0,0,1.154296875,8,0,07:14,19:19,2025-03-18 09:10:20.177262,Marina di Stabia,31.1,6.639279,14.05905,5.7798514,10.930394,EU EEA Common AQI,73.8,6.5582366,13.21546,3600,4.811594,100,100,51.4,8.937198,Very Low,75.5,6.355935,100,1739186100,Very Low,9.633085,6.8510075,Very Low,6.062216,42.9,5.362319,100,1739186100,5.362319
2025-03-18T09:10:31Z,20,30.1,72.6,29,51.8,13,22,49,49,0.0,255,32767,0.16,2056-9-18,0.04,0.52,23.84,0.0,0.0,0.0,0,1.154296875,8,0,07:14,19:19,2025-03-18 09:10:31.488266,Marina di Stabia,31.1,6.639279,14.05905,5.7798514,10.930394,EU EEA Common AQI,73.8,6.5582366,13.21546,3600,4.811594,100,100,51.4,8.937198,Very Low,75.5,6.355935,100,1739186100,Very Low,9.633085,6.8510075,Very Low,6.062216,42.9,5.362319,100,1739186100,5.362319
2025-03-18T09:10:47Z,20,30.1,72.6,29,51.8,13,22,87,49,0.0,255,32767,0.16,2056-9-18,0.04,0.52,23.84,0.0,0.0,0.0,0,1.154296875,8,0,07:14,19:19,2025-03-18 09:10:47.741263,Marina di Stabia,31.1,6.639279,14.05905,5.7798514,10.930394,EU EEA Common AQI,73.8,6.5582366,13.21546,3600,4.811594,100,100,51.4,8.937198,Very Low,75.5,6.355935,100,1739186100,Very Low,9.633085,6.8510075,Very Low,6.062216,42.9,5.362319,100,1739186100,5.362319
2025-03-18T09:11:00Z,20,30.103,72.7,29,51.9,19,22,76,50,0.0,255,32767,0.16,2056-9-18,0.04,0.52,23.84,0.0,0.0,0.0,0,0.9140625,8,0,07:14,19:19,2025-03-18 09:11:00.331267,Marina di Stabia,31.1,6.639279,14.05905,5.7798514,10.930394,EU EEA Common AQI,73.8,6.5582366,13.21546,3600,4.811594,100,100,51.4,8.937198,Very Low,75.5,6.355935,100,1739186100,Very Low,9.633085,6.8510075,Very Low,6.062216,42.9,5.362319,100,1739186100,5.362319
2025-03-18T09:11:35Z,20,30.103,72.7,29,52.0,22,22,83,50,0.0,255,32767,0.16,2056-9-18,0.04,0.52,23.84,0.0,0.0,0.0,0,0.9140625,8,0,07:14,19:19,2025-03-18 09:11:34.850274,Marina di Stabia,31.1,6.639279,14.05905,5.7798514,10.930394,EU EEA Common AQI,73.8,6.5582366,13.21546,3600,4.811594,100,100,51.4,8.937198,Very Low,75.5,6.355935,100,1739186100,Very Low,9.633085,6.8510075,Very Low,6.062216,42.9,5.362319,100,1739186100,5.362319
2025-03-18T09:11:49Z,20,30.103,72.7,29,52.1,21,22,65,49,0.0,255,32767,0.16,2056-9-18,0.04,0.52,23.84,0.0,0.0,0.0,0,0.9140625,8,0,07:14,19:19,2025-03-18 09:11:49.125254,Marina di Stabia,31.1,6.639279,14.05905,5.7798514,10.930394,EU EEA Common AQI,73.8,6.5582366,13.21546,3600,4.811594,100,100,51.4,8.937198,Very Low,75.5,6.355935,100,1739186100,Very Low,9.633085,6.8510075,Very Low,6.062216,42.9,5.362319,100,1739186100,5.362319
2025-03-18T09:12:00Z,20,30.102,72.7,29,52.1,14,22,95,49,0.0,255,32767,0.16,2056-9-18,0.04,0.52,23.84,0.0,0.0,0.0,0,0.87890625,8,0,07:14,19:19,2025-03-18 09:12:00.492258,Marina di Stabia,31.1,6.639279,14.05905,5.7798514,10.930394,EU EEA Common AQI,73.8,6.5582366,13.21546,3600,4.811594,100,100,51.4,8.937198,Very Low,75.5,6.355935,100,1739186100,Very Low,9.633085,6.8510075,Very Low,6.062216,42.9,5.362319,100,1739186100,5.362319
2025-03-18T09:12:11Z,20,30.102,72.7,29,52.1,15,22,149,49,0.0,255,32767,0.16,2056-9-18,0.04,0.52,23.84,0.0,0.0,0.0,0,0.87890625,8,0,07:14,19:19,2025-03-18 09:12:11.672230,Marina di Stabia,31.1,6.639279,14.05905,5.7798514,10.930394,EU EEA Common AQI,73.8,6.5582366,13.21546,3600,4.811594,100,100,51.4,8.937198,Very Low,75.5,6.355935,100,1739186100,Very Low,9.633085,6.8510075,Very Low,6.062216,42.9,5.362319,100,1739186100,5.362319
2025-03-18T09:12:22Z,20,30.102,72.7,29,52.1,13,22,110,49,0.0,255,32767,0.16,2056-9-18,0.04,0.52,23.84,0.0,0.0,0.0,0,0.87890625,8,0,07:14,19:19,2025-03-18 09:12:22.759258,Marina di Stabia,31.1,6.639279,14.05905,5.7798514,10.930394,EU EEA Common AQI,73.8,6.5582366,13.21546,3600,4.811594,100,100,51.4,8.937198,Very Low,75.5,6.355935,100,1739186100,Very Low,9.633085,6.8510075,Very Low,6.062216,42.9,5.362319,100,1739186100,5.362319
2025-03-18T09:13:08Z,20,30.103,72.7,29,52.2,6,22,329,50,0.0,255,32767,0.16,2056-9-18,0.04,0.52,23.84,0.0,0.0,0.0,0,0.890625,8,0,07:14,19:19,2025-03-18 09:13:07.802258,Marina di Stabia,31.1,6.639279,14.05905,5.7798514,10.930394,EU EEA Common AQI,73.8,6.5582366,13.21546,3600,4.811594,100,100,51.4,8.937198,Very Low,75.5,6.355935,100,1739186100,Very Low,9.633085,6.8510075,Very Low,6.062216,42.9,5.362319,100,1739186100,5.362319
2025-03-18T09:13:19Z,20,30.103,72.7,29,52.2,15,22,158,50,0.0,255,32767,0.16,2056-9-18,0.04,0.52,23.84,0.0,0.0,0.0,0,0.890625,8,0,07:14,19:19,2025-03-18 09:13:18.877268,Marina di Stabia,31.1,6.639279,14.05905,5.7798514,10.930394,EU EEA Common AQI,73.8,6.5582366,13.21546,3600,4.811594,100,100,51.4,8.937198,Very Low,75.5,6.355935,100,1739186100,Very Low,9.633085,6.8510075,Very Low,6.062216,42.9,5.362319,100,1739186100,5.362319
2025-03-18T09:13:30Z,20,30.103,72.7,29,52.2,19,22,90,50,0.0,255,32767,0.16,2056-9-18,0.04,0.52,23.84,0.0,0.0,0.0,0,0.890625,8,0,07:14,19:19,2025-03-18 09:13:29.966257,Marina di Stabia,31.1,6.639279,14.05905,5.7798514,10.930394,EU EEA Common AQI,73.8,6.5582366,13.21546,3600,4.811594,100,100,51.4,8.937198,Very Low,75.5,6.355935,100,1739186100,Very Low,9.633085,6.8510075,Very Low,6.062216,42.9,5.362319,100,1739186100,5.362319
2025-03-18T09:13:41Z,20,30.103,72.7,29,52.3,23,22,125,50,0.0,255,32767,0.16,2056-9-18,0.04,0.52,23.84,0.0,0.0,0.0,0,0.890625,8,0,07:14,19:19,2025-03-18 09:13:41.070261,Marina di Stabia,31.1,6.639279,14.05905,5.7798514,10.930394,EU EEA Common AQI,73.8,6.5582366,13.21546,3600,4.811594,100,100,51.4,8.937198,Very Low,75.5,6.355935,100,1739186100,Very Low,9.633085,6.8510075,Very Low,6.062216,42.9,5.362319,100,1739186100,5.362319
2025-03-18T09:14:01Z,20,30.104,72.7,29,52.4,19,21,99,50,0.0,255,32767,0.16,2056-9-18,0.04,0.52,23.84,0.0,0.0,0.0,0,0.87890625,8,0,07:14,19:19,2025-03-18 09:14:01.072260,Marina di Stabia,31.1,6.639279,14.05905,5.7798514,10.930394,EU EEA Common AQI,73.8,6.5582366,13.21546,3600,4.811594,100,100,51.4,8.937198,Very Low,75.5,6.355935,100,1739186100,Very Low,9.633085,6.8510075,Very Low,6.062216,42.9,5.362319,100,1739186100,5.362319
2025-03-18T09:14:26Z,20,30.104,72.7,29,52.4,24,21,150,50,0.0,255,32767,0.16,2056-9-18,0.04,0.52,23.84,0.0,0.0,0.0,0,0.87890625,8,0,07:14,19:19,2025-03-18 09:14:25.897259,Marina di Stabia,31.1,6.639279,14.05905,5.7798514,10.930394,EU EEA Common AQI,73.8,6.5582366,13.21546,3600,4.811594,100,100,51.4,8.937198,Very Low,75.5,6.355935,100,1739186100,Very Low,9.633085,6.8510075,Very Low,6.062216,42.9,5.362319,100,1739186100,5.362319
2025-03-18T09:14:37Z,20,30.104,72.7,29,52.4,27,21,96,50,0.0,255,32767,0.16,2056-9-18,0.04,0.52,23.84,0.0,0.0,0.0,0,0.87890625,8,0,07:14,19:19,2025-03-18 09:14:37.682257,Marina di Stabia,31.1,6.639279,14.05905,5.7798514,10.930394,EU EEA Common AQI,73.8,6.5582366,13.21546,3600,4.811594,100,100,51.4,8.937198,Very Low,75.5,6.355935,100,1739186100,Very Low,9.633085,6.8510075,Very Low,6.062216,42.9,5.362319,100,1739186100,5.362319
2025-03-18T09:15:35Z,20,30.107,72.7,29,52.5,22,21,84,48,0.0,255,32767,0.16,2056-9-18,0.04,0.52,23.84,0.0,0.0,0.0,0,1.01953125,8,0,07:14,19:19,2025-03-18 09:15:34.862263,Marina di Stabia,31.1,6.639279,14.05905,5.7798514,10.930394,EU EEA Common AQI,73.8,6.5582366,13.21546,3600,4.811594,100,100,51.4,8.937198,Very Low,75.5,6.355935,100,1739186100,Very Low,9.633085,6.8510075,Very Low,6.062216,42.9,5.362319,100,1739186100,5.362319
2025-03-18T09:15:46Z,20,30.107,72.7,29,52.4,19,21,73,48,0.0,255,32767,0.16,2056-9-18,0.04,0.52,23.84,0.0,0.0,0.0,0,1.01953125,8,0,07:14,19:19,2025-03-18 09:15:45.971246,Marina di Stabia,31.1,6.639279,14.05905,5.7798514,10.930394,EU EEA Common AQI,73.8,6.5582366,13.21546,3600,4.811594,100,100,51.4,8.937198,Very Low,75.5,6.355935,100,1739186100,Very Low,9.633085,6.8510075,Very Low,6.062216,42.9,5.362319,100,1739186100,5.362319
2025-03-18T09:15:57Z,20,30.107,72.7,29,52.4,19,21,134,48,0.0,255,32767,0.16,2056-9-18,0.04,0.52,23.84,0.0,0.0,0.0,0,1.01953125,8,0,07:14,19:19,2025-03-18 09:15:57.052254,Marina di Stabia,31.1,6.639279,14.05905,5.7798514,10.930394,EU EEA Common AQI,73.8,6.5582366,13.21546,3600,4.811594,100,100,51.4,8.937198,Very Low,75.5,6.355935,100,1739186100,Very Low,9.633085,6.8510075,Very Low,6.062216,42.9,5.362319,100,1739186100,5.362319
2025-03-18T09:16:08Z,20,30.104,72.8,29,52.4,23,22,102,48,0.0,255,32767,0.16,2056-9-18,0.04,0.52,23.84,0.0,0.0,0.0,0,0.97265625,8,0,07:14,19:19,2025-03-18 09:16:08.142261,Marina di Stabia,31.1,6.639279,14.05905,5.7798514,10.930394,EU EEA Common AQI,73.8,6.5582366,13.21546,3600,4.811594,100,100,51.4,8.937198,Very Low,75.5,6.355935,100,1739186100,Very Low,9.633085,6.8510075,Very Low,6.062216,42.9,5.362319,100,1739186100,5.362319
2025-03-18T09:16:23Z,20,30.104,72.8,29,52.4,19,22,91,48,0.0,255,32767,0.16,2056-9-18,0.04,0.52,23.84,0.0,0.0,0.0,0,0.97265625,8,0,07:14,19:19,2025-03-18 09:16:22.904243,Marina di Stabia,31.1,6.639279,14.05905,5.7798514,10.930394,EU EEA Common AQI,73.8,6.5582366,13.21546,3600,4.811594,100,100,51.4,8.937198,Very Low,75.5,6.355935,100,1739186100,Very Low,9.633085,6.8510075,Very Low,6.062216,42.9,5.362319,100,1739186100,5.362319
2025-03-18T09:16:34Z,20,30.104,72.8,29,52.4,25,22,92,48,0.0,255,32767,0.16,2056-9-18,0.04,0.52,23.84,0.0,0.0,0.0,0,0.97265625,8,0,07:14,19:19,2025-03-18 09:16:34.791224,Marina di Stabia,31.1,6.639279,14.05905,5.7798514,10.930394,EU EEA Common AQI,73.8,6.5582366,13.21546,3600,4.811594,100,100,51.4,8.937198,Very Low,75.5,6.355935,100,1739186100,Very Low,9.633085,6.8510075,Very Low,6.062216,42.9,5.362319,100,1739186100,5.362319
2025-03-18T09:16:46Z,20,30.104,72.8,29,52.4,23,22,78,48,0.0,255,32767,0.16,2056-9-18,0.04,0.52,23.84,0.0,0.0,0.0,0,0.97265625,8,0,07:14,19:19,2025-03-18 09:16:46.433266,Marina di Stabia,31.1,6.639279,14.05905,5.7798514,10.930394,EU EEA Common AQI,73.8,6.5582366,13.21546,3600,4.811594,100,100,51.4,8.937198,Very Low,75.5,6.355935,100,1739186100,Very Low,9.633085,6.8510075,Very Low,6.062216,42.9,5.362319,100,1739186100,5.362319
2025-03-18T09:16:58Z,20,30.104,72.8,29,52.4,22,21,90,48,0.0,255,32767,0.16,2056-9-18,0.04,0.52,23.84,0.0,0.0,0.0,0,0.97265625,8,0,07:14,19:19,2025-03-18 09:16:57.980277,Marina di Stabia,31.1,6.639279,14.05905,5.7798514,10.930394,EU EEA Common AQI,73.8,6.5582366,13.21546,3600,4.811594,100,100,51.4,8.937198,Very Low,75.5,6.355935,100,1739186100,Very Low,9.633085,6.8510075,Very Low,6.062216,42.9,5.362319,100,1739186100,5.362319
2025-03-18T09:17:23Z,20,30.107,72.8,29,52.4,16,21,80,48,0.0,255,32767,0.16,2056-9-18,0.04,0.52,23.84,0.0,0.0,0.0,0,1.83984375,8,0,07:14,19:19,2025-03-18 09:17:22.811267,Marina di Stabia,31.1,6.639279,14.05905,5.7798514,10.930394,EU EEA Common AQI,73.8,6.5582366,13.21546,3600,4.811594,100,100,51.4,8.937198,Very Low,75.5,6.355935,100,1739186100,Very Low,9.633085,6.8510075,Very Low,6.062216,42.9,5.362319,100,1739186100,5.362319
2025-03-18T09:17:44Z,20,30.107,72.8,29,52.3,18,21,102,48,0.0,255,32767,0.16,2056-9-18,0.04,0.52,23.84,0.0,0.0,0.0,0,1.83984375,8,0,07:14,19:19,2025-03-18 09:17:43.878254,Marina di Stabia,31.1,6.639279,14.05905,5.7798514,10.930394,EU EEA Common AQI,73.8,6.5582366,13.21546,3600,4.811594,100,100,51.4,8.937198,Very Low,75.5,6.355935,100,1739186100,Very Low,9.633085,6.8510075,Very Low,6.062216,42.9,5.362319,100,1739186100,5.362319
2025-03-18T09:18:10Z,20,30.105,72.8,29,52.3,17,21,93,48,0.0,255,32767,0.16,2056-9-18,0.04,0.52,23.84,0.0,0.0,0.0,0,0.884765625,8,0,07:14,19:19,2025-03-18 09:18:10.014240,Marina di Stabia,31.1,6.639279,14.05905,5.7798514,10.930394,EU EEA Common AQI,73.8,6.5582366,13.21546,3600,4.811594,100,100,51.4,8.937198,Very Low,75.5,6.355935,100,1739186100,Very Low,9.633085,6.8510075,Very Low,6.062216,42.9,5.362319,100,1739186100,5.362319
2025-03-18T09:18:21Z,20,30.105,72.8,29,52.3,21,21,85,48,0.0,255,32767,0.16,2056-9-18,0.04,0.52,23.84,0.0,0.0,0.0,0,0.884765625,8,0,07:14,19:19,2025-03-18 09:18:21.090272,Marina di Stabia,31.1,6.639279,14.05905,5.7798514,10.930394,EU EEA Common AQI,73.8,6.5582366,13.21546,3600,4.811594,100,100,51.4,8.937198,Very Low,75.5,6.355935,100,1739186100,Very Low,9.633085,6.8510075,Very Low,6.062216,42.9,5.362319,100,1739186100,5.362319
2025-03-18T09:18:32Z,20,30.105,72.8,29,52.3,24,21,83,48,0.0,255,32767,0.16,2056-9-18,0.04,0.52,23.84,0.0,0.0,0.0,0,0.884765625,8,0,07:14,19:19,2025-03-18 09:18:32.175261,Marina di Stabia,31.1,6.639279,14.05905,5.7798514,10.930394,EU EEA Common AQI,73.8,6.5582366,13.21546,3600,4.811594,100,100,51.4,8.937198,Very Low,75.5,6.355935,100,1739186100,Very Low,9.633085,6.8510075,Very Low,6.062216,42.9,5.362319,100,1739186100,5.362319
2025-03-18T09:18:43Z,20,30.105,72.8,29,52.3,30,21,105,48,0.0,255,32767,0.16,2056-9-18,0.04,0.52,23.84,0.0,0.0,0.0,0,0.884765625,8,0,07:14,19:19,2025-03-18 09:18:43.268259,Marina di Stabia,31.1,6.639279,14.05905,5.7798514,10.930394,EU EEA Common AQI,73.8,6.5582366,13.21546,3600,4.811594,100,100,51.4,8.937198,Very Low,75.5,6.355935,100,1739186100,Very Low,9.633085,6.8510075,Very Low,6.062216,42.9,5.362319,100,1739186100,5.362319
2025-03-18T09:18:54Z,20,30.105,72.8,29,52.3,15,21,128,48,0.0,255,32767,0.16,2056-9-18,0.04,0.52,23.84,0.0,0.0,0.0,0,0.884765625,8,0,07:14,19:19,2025-03-18 09:18:54.750258,Marina di Stabia,31.1,6.639279,14.05905,5.7798514,10.930394,EU EEA Common AQI,73.8,6.5582366,13.21546,3600,4.811594,100,100,51.4,8.937198,Very Low,75.5,6.355935,100,1739186100,Very Low,9.633085,6.8510075,Very Low,6.062216,42.9,5.362319,100,1739186100,5.362319
2025-03-18T09:19:06Z,20,30.106,72.8,29,52.3,17,20,106,48,0.0,255,32767,0.16,2056-9-18,0.04,0.52,23.84,0.0,0.0,0.0,0,0.87890625,8,0,07:14,19:19,2025-03-18 09:19:06.445266,Marina di Stabia,31.1,6.639279,14.05905,5.7798514,10.930394,EU EEA Common AQI,73.8,6.5582366,13.21546,3600,4.811594,100,100,51.4,8.937198,Very Low,75.5,6.355935,100,1739186100,Very Low,9.633085,6.8510075,Very Low,6.062216,42.9,5.362319,100,1739186100,5.362319
2025-03-18T09:19:30Z,20,30.106,72.8,29,52.4,26,20,117,49,0.0,255,32767,0.16,2056-9-18,0.04,0.52,23.84,0.0,0.0,0.0,0,0.87890625,8,0,07:14,19:19,2025-03-18 09:19:30.298252,Marina di Stabia,31.1,6.639279,14.05905,5.7798514,10.930394,EU EEA Common AQI,73.8,6.5582366,13.21546,3600,4.811594,100,100,51.4,8.937198,Very Low,75.5,6.355935,100,1739186100,Very Low,9.633085,6.8510075,Very Low,6.062216,42.9,5.362319,100,1739186100,5.362319
2025-03-18T09:19:42Z,20,30.106,72.8,29,52.4,25,20,83,49,0.0,255,32767,0.16,2056-9-18,0.04,0.52,23.84,0.0,0.0,0.0,0,0.87890625,8,0,07:14,19:19,2025-03-18 09:19:42.525265,Marina di Stabia,31.1,6.639279,14.05905,5.7798514,10.930394,EU EEA Common AQI,73.8,6.5582366,13.21546,3600,4.811594,100,100,51.4,8.937198,Very Low,75.5,6.355935,100,1739186100,Very Low,9.633085,6.8510075,Very Low,6.062216,42.9,5.362319,100,1739186100,5.362319
2025-03-18T09:19:54Z,20,30.106,72.8,29,52.4,21,20,114,49,0.0,255,32767,0.16,2056-9-18,0.04,0.52,23.84,0.0,0.0,0.0,0,0.87890625,8,0,07:14,19:19,2025-03-18 09:19:53.933268,Marina di Stabia,31.1,6.639279,14.05905,5.7798514,10.930394,EU EEA Common AQI,73.8,6.5582366,13.21546,3600,4.811594,100,100,51.4,8.937198,Very Low,75.5,6.355935,100,1739186100,Very Low,9.633085,6.8510075,Very Low,6.062216,42.9,5.362319,100,1739186100,5.362319
2025-03-18T09:20:07Z,20,30.106,72.8,29,52.4,25,20,101,49,0.0,255,32767,0.16,2056-9-18,0.04,0.52,23.84,0.0,0.0,0.0,0,0.92578125,8,0,07:14,19:19,2025-03-18 09:20:07.639262,Marina di Stabia,31.1,6.639279,14.05905,5.7798514,10.930394,EU EEA Common AQI,73.8,6.5582366,13.21546,3600,4.811594,100,100,51.4,8.937198,Very Low,75.5,6.355935,100,1739186100,Very Low,9.633085,6.8510075,Very Low,6.062216,42.9,5.362319,100,1739186100,5.362319
2025-03-18T09:20:22Z,20,30.106,72.8,29,52.4,16,20,100,48,0.0,255,32767,0.16,2056-9-18,0.04,0.52,23.84,0.0,0.0,0.0,0,0.92578125,8,0,07:14,19:19,2025-03-18 09:20:22.044267,Marina di Stabia,31.1,6.639279,14.05905,5.7798514,10.930394,EU EEA Common AQI,73.8,6.5582366,13.21546,3600,4.811594,100,100,51.4,8.937198,Very Low,75.5,6.355935,100,1739186100,Very Low,9.633085,6.8510075,Very Low,6.062216,42.9,5.362319,100,1739186100,5.362319
2025-03-18T09:21:36Z,20,30.109,72.8,29,52.4,28,21,92,48,0.0,255,32767,0.16,2056-9-18,0.04,0.52,23.84,0.0,0.0,0.0,0,0.9140625,8,0,07:14,19:19,2025-03-18 09:21:35.807279,Marina di Stabia,31.1,6.639279,14.05905,5.7798514,10.930394,EU EEA Common AQI,73.8,6.5582366,13.21546,3600,4.811594,100,100,51.4,8.937198,Very Low,75.5,6.355935,100,1739186100,Very Low,9.633085,6.8510075,Very Low,6.062216,42.9,5.362319,100,1739186100,5.362319
2025-03-18T09:21:47Z,20,30.109,72.8,29,52.4,22,21,89,48,0.0,255,32767,0.16,2056-9-18,0.04,0.52,23.84,0.0,0.0,0.0,0,0.9140625,8,0,07:14,19:19,2025-03-18 09:21:46.925260,Marina di Stabia,31.1,6.639279,14.05905,5.7798514,10.930394,EU EEA Common AQI,73.8,6.5582366,13.21546,3600,4.811594,100,100,51.4,8.937198,Very Low,75.5,6.355935,100,1739186100,Very Low,9.633085,6.8510075,Very Low,6.062216,42.9,5.362319,100,1739186100,5.362319
2025-03-18T09:21:58Z,20,30.109,72.8,29,52.3,32,21,96,48,0.0,255,32767,0.16,2056-9-18,0.04,0.52,23.84,0.0,0.0,0.0,0,0.9140625,8,0,07:14,19:19,2025-03-18 09:21:58.011268,Marina di Stabia,31.1,6.639279,14.05905,5.7798514,10.930394,EU EEA Common AQI,73.8,6.5582366,13.21546,3600,4.811594,100,100,51.4,8.937198,Very Low,75.5,6.355935,100,1739186100,Very Low,9.633085,6.8510075,Very Low,6.062216,42.9,5.362319,100,1739186100,5.362319
