Datetime,BarTrend,Barometer,TempIn,HumIn,TempOut,WindSpeed,WindSpeed10Min,WindDir,HumOut,RainRate,UV,SolarRad,RainStorm,StormStartDate,RainDay,RainMonth,RainYear,ETDay,ETMonth,ETYear,BatteryStatus,BatteryVolts,ForecastIcon,ForecastRuleNo,SunRise,SunSet,DatetimeWS,place,hum,pm_10_3_hour,pm_10_24_hour,pm_2p5_1_hour,aqi_nowcast_val,aqi_type,heat_index,pm_2p5_nowcast,pm_2p5_24_hour,tz_offset,pm_1,pct_pm_data_nowcast,pct_pm_data_24_hour,wet_bulb,aqi_val,aqi_desc,temp,pm_2p5_3_hour,pct_pm_data_3_hour,last_report_time,aqi_nowcast_desc,aqi_1_hour_val,pm_10_nowcast,aqi_1_hour_desc,pm_10_1_hour,dew_point,pm_10,pct_pm_data_1_hour,ts,pm_2p5
2025-03-14T00:00:05Z,236,29.694,73.8,42,61.5,3,4,333,70,0.0,255,32767,0.2,2054-1-18,0.0,0.25,23.57,0.0,0.0,0.0,0,0.908203125,3,192,07:20,19:15,2025-03-14 00:00:05.507117,Marina di Stabia,31.1,6.639279,14.05905,5.7798514,10.930394,EU EEA Common AQI,73.8,6.5582366,13.21546,3600,4.811594,100,100,51.4,8.937198,Very Low,75.5,6.355935,100,1739186100,Very Low,9.633085,6.8510075,Very Low,6.062216,42.9,5.362319,100,1739186100,5.362319
2025-03-14T00:00:16Z,236,29.694,73.8,42,61.6,1,4,355,70,0.0,255,32767,0.2,2054-1-18,0.0,0.25,23.57,0.0,0.0,0.0,0,0.908203125,3,192,07:20,19:15,2025-03-14 00:00:16.603125,Marina di Stabia,31.1,6.639279,14.05905,5.7798514,10.930394,EU EEA Common AQI,73.8,6.5582366,13.21546,3600,4.811594,100,100,51.4,8.937198,Very Low,75.5,6.355935,100,1739186100,Very Low,9.633085,6.8510075,Very Low,6.062216,42.9,5.362319,100,1739186100,5.362319
2025-03-14T00:00:27Z,236,29.694,73.8,42,61.6,1,4,355,69,0.0,255,32767,0.2,2054-1-18,0.0,0.25,23.57,0.0,0.0,0.0,0,0.908203125,3,192,07:20,19:15,2025-03-14 00:00:27.708141,Marina di Stabia,31.1,6.639279,14.05905,5.7798514,10.930394,EU EEA Common AQI,73.8,6.5582366,13.21546,3600,4.811594,100,100,51.4,8.937198,Very Low,75.5,6.355935,100,1739186100,Very Low,9.633085,6.8510075,Very Low,6.062216,42.9,5.362319,100,1739186100,5.362319
2025-03-14T00:00:39Z,236,29.694,73.8,42,61.6,1,4,355,69,0.0,255,32767,0.2,2054-1-18,0.0,0.25,23.57,0.0,0.0,0.0,0,0.908203125,3,192,07:20,19:15,2025-03-14 00:00:38.809132,Marina di Stabia,31.1,6.639279,14.05905,5.7798514,10.930394,EU EEA Common AQI,73.8,6.5582366,13.21546,3600,4.811594,100,100,51.4,8.937198,Very Low,75.5,6.355935,100,1739186100,Very Low,9.633085,6.8510075,Very Low,6.062216,42.9,5.362319,100,1739186100,5.362319
2025-03-14T00:00:50Z,236,29.694,73.8,42,61.6,1,4,355,69,0.0,255,32767,0.2,2054-1-18,0.0,0.25,23.57,0.0,0.0,0.0,0,0.908203125,3,192,07:20,19:15,2025-03-14 00:00:49.904124,Marina di Stabia,31.1,6.639279,14.05905,5.7798514,10.930394,EU EEA Common AQI,73.8,6.5582366,13.21546,3600,4.811594,100,100,51.4,8.937198,Very Low,75.5,6.355935,100,1739186100,Very Low,9.633085,6.8510075,Very Low,6.062216,42.9,5.362319,100,1739186100,5.362319
2025-03-14T00:01:01Z,0,29.696,73.8,42,61.7,1,4,355,69,0.0,255,32767,0.2,2054-1-18,0.0,0.25,23.57,0.0,0.0,0.0,0,1.611328125,3,192,07:20,19:15,2025-03-14 00:01:00.988119,Marina di Stabia,31.1,6.639279,14.05905,5.7798514,10.930394,EU EEA Common AQI,73.8,6.5582366,13.21546,3600,4.811594,100,100,51.4,8.937198,Very Low,75.5,6.355935,100,1739186100,Very Low,9.633085,6.8510075,Very Low,6.062216,42.9,5.362319,100,1739186100,5.362319
2025-03-14T00:01:12Z,0,29.696,73.8,42,61.6,1,4,355,69,0.0,255,32767,0.2,2054-1-18,0.0,0.25,23.57,0.0,0.0,0.0,0,1.611328125,3,192,07:20,19:15,2025-03-14 00:01:12.118115,Marina di Stabia,31.1,6.639279,14.05905,5.7798514,10.930394,EU EEA Common AQI,73.8,6.5582366,13.21546,3600,4.811594,100,100,51.4,8.937198,Very Low,75.5,6.355935,100,1739186100,Very Low,9.633085,6.8510075,Very Low,6.062216,42.9,5.362319,100,1739186100,5.362319
2025-03-14T00:01:23Z,0,29.696,73.8,42,61.6,1,4,351,69,0.0,255,32767,0.2,2054-1-18,0.0,0.25,23.57,0.0,0.0,0.0,0,1.611328125,3,192,07:20,19:15,2025-03-14 00:01:23.214132,Marina di Stabia,31.1,6.639279,14.05905,5.7798514,10.930394,EU EEA Common AQI,73.8,6.5582366,13.21546,3600,4.811594,100,100,51.4,8.937198,Very Low,75.5,6.355935,100,1739186100,Very Low,9.633085,6.8510075,Very Low,6.062216,42.9,5.362319,100,1739186100,5.362319
2025-03-14T00:01:34Z,0,29.696,73.8,42,61.6,3,4,300,69,0.0,255,32767,0.2,2054-1-18,0.0,0.25,23.57,0.0,0.0,0.0,0,1.611328125,3,192,07:20,19:15,2025-03-14 00:01:34.300124,Marina di Stabia,31.1,6.639279,14.05905,5.7798514,10.930394,EU EEA Common AQI,73.8,6.5582366,13.21546,3600,4.811594,100,100,51.4,8.937198,Very Low,75.5,6.355935,100,1739186100,Very Low,9.633085,6.8510075,Very Low,6.062216,42.9,5.362319,100,1739186100,5.362319
2025-03-14T00:01:45Z,0,29.696,73.8,42,61.7,4,4,287,69,0.0,255,32767,0.2,2054-1-18,0.0,0.25,23.57,0.0,0.0,0.0,0,1.611328125,3,192,07:20,19:15,2025-03-14 00:01:45.394114,Marina di Stabia,31.1,6.639279,14.05905,5.7798514,10.930394,EU EEA Common AQI,73.8,6.5582366,13.21546,3600,4.811594,100,100,51.4,8.937198,Very Low,75.5,6.355935,100,1739186100,Very Low,9.633085,6.8510075,Very Low,6.062216,42.9,5.362319,100,1739186100,5.362319
2025-03-14T00:01:56Z,0,29.696,73.8,42,61.7,2,4,287,69,0.0,255,32767,0.2,2054-1-18,0.0,0.25,23.57,0.0,0.0,0.0,0,0.908203125,3,192,07:20,19:15,2025-03-14 00:01:56.561122,Marina di Stabia,31.1,6.639279,14.05905,5.7798514,10.930394,EU EEA Common AQI,73.8,6.5582366,13.21546,3600,4.811594,100,100,51.4,8.937198,Very Low,75.5,6.355935,100,1739186100,Very Low,9.633085,6.8510075,Very Low,6.062216,42.9,5.362319,100,1739186100,5.362319
2025-03-14T00:02:07Z,0,29.696,73.8,42,61.7,7,4,278,70,0.0,255,32767,0.2,2054-1-18,0.0,0.25,23.57,0.0,0.0,0.0,0,0.908203125,3,192,07:20,19:15,2025-03-14 00:02:07.693184,Marina di Stabia,31.1,6.639279,14.05905,5.7798514,10.930394,EU EEA Common AQI,73.8,6.5582366,13.21546,3600,4.811594,100,100,51.4,8.937198,Very Low,75.5,6.355935,100,1739186100,Very Low,9.633085,6.8510075,Very Low,6.062216,42.9,5.362319,100,1739186100,5.362319
2025-03-14T00:02:18Z,0,29.696,73.8,42,61.7,7,4,254,70,0.0,255,32767,0.2,2054-1-18,0.0,0.25,23.57,0.0,0.0,0.0,0,0.908203125,3,192,07:20,19:15,2025-03-14 00:02:18.795127,Marina di Stabia,31.1,6.639279,14.05905,5.7798514,10.930394,EU EEA Common AQI,73.8,6.5582366,13.21546,3600,4.811594,100,100,51.4,8.937198,Very Low,75.5,6.355935,100,1739186100,Very Low,9.633085,6.8510075,Very Low,6.062216,42.9,5.362319,100,1739186100,5.362319
2025-03-14T00:02:30Z,0,29.696,73.8,42,61.7,8,4,289,70,0.0,255,32767,0.2,2054-1-18,0.0,0.25,23.57,0.0,0.0,0.0,0,0.908203125,3,192,07:20,19:15,2025-03-14 00:02:29.892115,Marina di Stabia,31.1,6.639279,14.05905,5.7798514,10.930394,EU EEA Common AQI,73.8,6.5582366,13.21546,3600,4.811594,100,100,51.4,8.937198,Very Low,75.5,6.355935,100,1739186100,Very Low,9.633085,6.8510075,Very Low,6.062216,42.9,5.362319,100,1739186100,5.362319
2025-03-14T00:02:41Z,0,29.696,73.8,42,61.7,7,4,275,70,0.0,255,32767,0.2,2054-1-18,0.0,0.25,23.57,0.0,0.0,0.0,0,0.908203125,3,192,07:20,19:15,2025-03-14 00:02:41.012136,Marina di Stabia,31.1,6.639279,14.05905,5.7798514,10.930394,EU EEA Common AQI,73.8,6.5582366,13.21546,3600,4.811594,100,100,51.4,8.937198,Very Low,75.5,6.355935,100,1739186100,Very Low,9.633085,6.8510075,Very Low,6.062216,42.9,5.362319,100,1739186100,5.362319
2025-03-14T00:02:52Z,0,29.696,73.8,42,61.7,3,4,279,70,0.0,255,32767,0.2,2054-1-18,0.0,0.25,23.57,0.0,0.0,0.0,0,0.908203125,3,192,07:20,19:15,2025-03-14 00:02:52.107116,Marina di Stabia,31.1,6.639279,14.05905,5.7798514,10.930394,EU EEA Common AQI,73.8,6.5582366,13.21546,3600,4.811594,100,100,51.4,8.937198,Very Low,75.5,6.355935,100,1739186100,Very Low,9.633085,6.8510075,Very Low,6.062216,42.9,5.362319,100,1739186100,5.362319
2025-03-14T00:03:03Z,0,29.695,73.9,42,61.8,3,4,350,70,0.0,255,32767,0.2,2054-1-18,0.0,0.25,23.57,0.0,0.0,0.0,0,1.142578125,3,192,07:20,19:15,2025-03-14 00:03:03.211129,Marina di Stabia,31.1,6.639279,14.05905,5.7798514,10.930394,EU EEA Common AQI,73.8,6.5582366,13.21546,3600,4.811594,100,100,51.4,8.937198,Very Low,75.5,6.355935,100,1739186100,Very Low,9.633085,6.8510075,Very Low,6.062216,42.9,5.362319,100,1739186100,5.362319
2025-03-14T00:03:14Z,0,29.695,73.9,42,61.8,4,4,168,70,0.0,255,32767,0.2,2054-1-18,0.0,0.25,23.57,0.0,0.0,0.0,0,1.142578125,3,192,07:20,19:15,2025-03-14 00:03:14.335117,Marina di Stabia,31.1,6.639279,14.05905,5.7798514,10.930394,EU EEA Common AQI,73.8,6.5582366,13.21546,3600,4.811594,100,100,51.4,8.937198,Very Low,75.5,6.355935,100,1739186100,Very Low,9.633085,6.8510075,Very Low,6.062216,42.9,5.362319,100,1739186100,5.362319
2025-03-14T00:03:25Z,0,29.695,73.9,42,61.8,9,4,292,70,0.0,255,32767,0.2,2054-1-18,0.0,0.25,23.57,0.0,0.0,0.0,0,1.142578125,3,192,07:20,19:15,2025-03-14 00:03:25.433083,Marina di Stabia,31.1,6.639279,14.05905,5.7798514,10.930394,EU EEA Common AQI,73.8,6.5582366,13.21546,3600,4.811594,100,100,51.4,8.937198,Very Low,75.5,6.355935,100,1739186100,Very Low,9.633085,6.8510075,Very Low,6.062216,42.9,5.362319,100,1739186100,5.362319
2025-03-14T00:03:36Z,0,29.695,73.9,42,61.7,14,4,300,70,0.0,255,32767,0.2,2054-1-18,0.0,0.25,23.57,0.0,0.0,0.0,0,1.142578125,3,192,07:20,19:15,2025-03-14 00:03:36.578125,Marina di Stabia,31.1,6.639279,14.05905,5.7798514,10.930394,EU EEA Common AQI,73.8,6.5582366,13.21546,3600,4.811594,100,100,51.4,8.937198,Very Low,75.5,6.355935,100,1739186100,Very Low,9.633085,6.8510075,Very Low,6.062216,42.9,5.362319,100,1739186100,5.362319
2025-03-14T00:03:47Z,0,29.695,73.9,42,61.7,16,4,255,71,0.0,255,32767,0.2,2054-1-18,0.0,0.25,23.57,0.0,0.0,0.0,0,1.142578125,3,192,07:20,19:15,2025-03-14 00:03:47.679114,Marina di Stabia,31.1,6.639279,14.05905,5.7798514,10.930394,EU EEA Common AQI,73.8,6.5582366,13.21546,3600,4.811594,100,100,51.4,8.937198,Very Low,75.5,6.355935,100,1739186100,Very Low,9.633085,6.8510075,Very Low,6.062216,42.9,5.362319,100,1739186100,5.362319
2025-03-14T00:03:58Z,0,29.693,73.9,42,61.7,23,5,249,71,0.0,255,32767,0.2,2054-1-18,0.0,0.25,23.57,0.0,0.0,0.0,0,0.908203125,3,192,07:20,19:15,2025-03-14 00:03:58.779111,Marina di Stabia,31.1,6.639279,14.05905,5.7798514,10.930394,EU EEA Common AQI,73.8,6.5582366,13.21546,3600,4.811594,100,100,51.4,8.937198,Very Low,75.5,6.355935,100,1739186100,Very Low,9.633085,6.8510075,Very Low,6.062216,42.9,5.362319,100,1739186100,5.362319
2025-03-14T00:04:10Z,0,29.693,73.9,42,61.7,18,5,229,71,0.0,255,32767,0.2,2054-1-18,0.0,0.25,23.57,0.0,0.0,0.0,0,0.908203125,3,192,07:20,19:15,2025-03-14 00:04:09.875079,Marina di Stabia,31.1,6.639279,14.05905,5.7798514,10.930394,EU EEA Common AQI,73.8,6.5582366,13.21546,3600,4.811594,100,100,51.4,8.937198,Very Low,75.5,6.355935,100,1739186100,Very Low,9.633085,6.8510075,Very Low,6.062216,42.9,5.362319,100,1739186100,5.362319
2025-03-14T00:04:21Z,0,29.693,73.9,42,61.8,12,5,184,71,0.0,255,32767,0.2,2054-1-18,0.0,0.25,23.57,0.0,0.0,0.0,0,0.908203125,3,192,07:20,19:15,2025-03-14 00:04:20.961127,Marina di Stabia,31.1,6.639279,14.05905,5.7798514,10.930394,EU EEA Common AQI,73.8,6.5582366,13.21546,3600,4.811594,100,100,51.4,8.937198,Very Low,75.5,6.355935,100,1739186100,Very Low,9.633085,6.8510075,Very Low,6.062216,42.9,5.362319,100,1739186100,5.362319
2025-03-14T00:04:32Z,0,29.693,73.9,42,61.8,12,5,169,71,0.0,255,32767,0.2,2054-1-18,0.0,0.25,23.57,0.0,0.0,0.0,0,0.908203125,3,192,07:20,19:15,2025-03-14 00:04:32.058123,Marina di Stabia,31.1,6.639279,14.05905,5.7798514,10.930394,EU EEA Common AQI,73.8,6.5582366,13.21546,3600,4.811594,100,100,51.4,8.937198,Very Low,75.5,6.355935,100,1739186100,Very Low,9.633085,6.8510075,Very Low,6.062216,42.9,5.362319,100,1739186100,5.362319
2025-03-14T00:04:43Z,0,29.693,73.9,42,61.9,14,5,184,68,0.0,255,32767,0.2,2054-1-18,0.0,0.25,23.57,0.0,0.0,0.0,0,0.908203125,3,192,07:20,19:15,2025-03-14 00:04:43.183123,Marina di Stabia,31.1,6.639279,14.05905,5.7798514,10.930394,EU EEA Common AQI,73.8,6.5582366,13.21546,3600,4.811594,100,100,51.4,8.937198,Very Low,75.5,6.355935,100,1739186100,Very Low,9.633085,6.8510075,Very Low,6.062216,42.9,5.362319,100,1739186100,5.362319
2025-03-14T00:04:54Z,0,29.693,73.9,42,62.0,14,5,192,68,0.0,255,32767,0.2,2054-1-18,0.0,0.25,23.57,0.0,0.0,0.0,0,0.908203125,3,192,07:20,19:15,2025-03-14 00:04:54.282122,Marina di Stabia,31.1,6.639279,14.05905,5.7798514,10.930394,EU EEA Common AQI,73.8,6.5582366,13.21546,3600,4.811594,100,100,51.4,8.937198,Very Low,75.5,6.355935,100,1739186100,Very Low,9.633085,6.8510075,Very Low,6.062216,42.9,5.362319,100,1739186100,5.362319
2025-03-14T00:05:05Z,0,29.699,73.9,42,62.0,11,6,150,68,0.0,255,32767,0.2,2054-1-18,0.0,0.25,23.57,0.0,0.0,0.0,0,2.501953125,3,192,07:20,19:15,2025-03-14 00:05:05.364115,Marina di Stabia,31.1,6.639279,14.05905,5.7798514,10.930394,EU EEA Common AQI,73.8,6.5582366,13.21546,3600,4.811594,100,100,51.4,8.937198,Very Low,75.5,6.355935,100,1739186100,Very Low,9.633085,6.8510075,Very Low,6.062216,42.9,5.362319,100,1739186100,5.362319
2025-03-14T00:05:16Z,0,29.699,73.9,42,62.1,9,6,5,68,0.0,255,32767,0.2,2054-1-18,0.0,0.25,23.57,0.0,0.0,0.0,0,2.501953125,3,192,07:20,19:15,2025-03-14 00:05:16.486121,Marina di Stabia,31.1,6.639279,14.05905,5.7798514,10.930394,EU EEA Common AQI,73.8,6.5582366,13.21546,3600,4.811594,100,100,51.4,8.937198,Very Low,75.5,6.355935,100,1739186100,Very Low,9.633085,6.8510075,Very Low,6.062216,42.9,5.362319,100,1739186100,5.362319
2025-03-14T00:05:27Z,0,29.699,73.9,42,62.2,13,6,171,68,0.0,255,32767,0.2,2054-1-18,0.0,0.25,23.57,0.0,0.0,0.0,0,2.501953125,3,192,07:20,19:15,2025-03-14 00:05:27.612121,Marina di Stabia,31.1,6.639279,14.05905,5.7798514,10.930394,EU EEA Common AQI,73.8,6.5582366,13.21546,3600,4.811594,100,100,51.4,8.937198,Very Low,75.5,6.355935,100,1739186100,Very Low,9.633085,6.8510075,Very Low,6.062216,42.9,5.362319,100,1739186100,5.362319
2025-03-14T00:05:38Z,0,29.699,73.9,42,62.2,10,6,192,65,0.0,255,32767,0.2,2054-1-18,0.0,0.25,23.57,0.0,0.0,0.0,0,2.501953125,3,192,07:20,19:15,2025-03-14 00:05:38.698090,Marina di Stabia,31.1,6.639279,14.05905,5.7798514,10.930394,EU EEA Common AQI,73.8,6.5582366,13.21546,3600,4.811594,100,100,51.4,8.937198,Very Low,75.5,6.355935,100,1739186100,Very Low,9.633085,6.8510075,Very Low,6.062216,42.9,5.362319,100,1739186100,5.362319
2025-03-14T00:05:49Z,0,29.699,73.9,42,62.3,12,6,224,65,0.0,255,32767,0.2,2054-1-18,0.0,0.25,23.57,0.0,0.0,0.0,0,2.501953125,3,192,07:20,19:15,2025-03-14 00:05:49.787124,Marina di Stabia,31.1,6.639279,14.05905,5.7798514,10.930394,EU EEA Common AQI,73.8,6.5582366,13.21546,3600,4.811594,100,100,51.4,8.937198,Very Low,75.5,6.355935,100,1739186100,Very Low,9.633085,6.8510075,Very Low,6.062216,42.9,5.362319,100,1739186100,5.362319
2025-03-14T00:06:01Z,0,29.699,73.8,42,62.3,12,7,311,65,0.0,255,32767,0.2,2054-1-18,0.0,0.25,23.57,0.0,0.0,0.0,0,0.9140625,3,192,07:20,19:15,2025-03-14 00:06:00.884122,Marina di Stabia,31.1,6.639279,14.05905,5.7798514,10.930394,EU EEA Common AQI,73.8,6.5582366,13.21546,3600,4.811594,100,100,51.4,8.937198,Very Low,75.5,6.355935,100,1739186100,Very Low,9.633085,6.8510075,Very Low,6.062216,42.9,5.362319,100,1739186100,5.362319
2025-03-14T00:06:12Z,0,29.699,73.8,42,62.5,15,7,59,65,0.0,255,32767,0.2,2054-1-18,0.0,0.25,23.57,0.0,0.0,0.0,0,0.9140625,3,192,07:20,19:15,2025-03-14 00:06:12.020120,Marina di Stabia,31.1,6.639279,14.05905,5.7798514,10.930394,EU EEA Common AQI,73.8,6.5582366,13.21546,3600,4.811594,100,100,51.4,8.937198,Very Low,75.5,6.355935,100,1739186100,Very Low,9.633085,6.8510075,Very Low,6.062216,42.9,5.362319,100,1739186100,5.362319
2025-03-14T00:06:23Z,0,29.699,73.8,42,62.6,13,7,161,63,0.0,255,32767,0.2,2054-1-18,0.0,0.25,23.57,0.0,0.0,0.0,0,0.9140625,3,192,07:20,19:15,2025-03-14 00:06:23.103078,Marina di Stabia,31.1,6.639279,14.05905,5.7798514,10.930394,EU EEA Common AQI,73.8,6.5582366,13.21546,3600,4.811594,100,100,51.4,8.937198,Very Low,75.5,6.355935,100,1739186100,Very Low,9.633085,6.8510075,Very Low,6.062216,42.9,5.362319,100,1739186100,5.362319
2025-03-14T00:06:34Z,0,29.699,73.8,42,62.6,21,7,210,63,0.0,255,32767,0.2,2054-1-18,0.0,0.25,23.57,0.0,0.0,0.0,0,0.9140625,3,192,07:20,19:15,2025-03-14 00:06:34.225129,Marina di Stabia,31.1,6.639279,14.05905,5.7798514,10.930394,EU EEA Common AQI,73.8,6.5582366,13.21546,3600,4.811594,100,100,51.4,8.937198,Very Low,75.5,6.355935,100,1739186100,Very Low,9.633085,6.8510075,Very Low,6.062216,42.9,5.362319,100,1739186100,5.362319
2025-03-14T00:06:45Z,0,29.699,73.8,42,62.6,12,7,355,63,0.0,255,32767,0.2,2054-1-18,0.0,0.25,23.57,0.0,0.0,0.0,0,0.9140625,3,192,07:20,19:15,2025-03-14 00:06:45.343118,Marina di Stabia,31.1,6.639279,14.05905,5.7798514,10.930394,EU EEA Common AQI,73.8,6.5582366,13.21546,3600,4.811594,100,100,51.4,8.937198,Very Low,75.5,6.355935,100,1739186100,Very Low,9.633085,6.8510075,Very Low,6.062216,42.9,5.362319,100,1739186100,5.362319
2025-03-14T00:06:56Z,0,29.701,73.8,42,62.8,17,8,57,63,0.0,255,32767,0.2,2054-1-18,0.0,0.25,23.57,0.0,0.0,0.0,0,0.908203125,3,192,07:20,19:15,2025-03-14 00:06:56.509133,Marina di Stabia,31.1,6.639279,14.05905,5.7798514,10.930394,EU EEA Common AQI,73.8,6.5582366,13.21546,3600,4.811594,100,100,51.4,8.937198,Very Low,75.5,6.355935,100,1739186100,Very Low,9.633085,6.8510075,Very Low,6.062216,42.9,5.362319,100,1739186100,5.362319
2025-03-14T00:07:07Z,0,29.701,73.8,42,62.9,13,8,194,63,0.0,255,32767,0.2,2054-1-18,0.0,0.25,23.57,0.0,0.0,0.0,0,0.908203125,3,192,07:20,19:15,2025-03-14 00:07:07.597124,Marina di Stabia,31.1,6.639279,14.05905,5.7798514,10.930394,EU EEA Common AQI,73.8,6.5582366,13.21546,3600,4.811594,100,100,51.4,8.937198,Very Low,75.5,6.355935,100,1739186100,Very Low,9.633085,6.8510075,Very Low,6.062216,42.9,5.362319,100,1739186100,5.362319
2025-03-14T00:07:18Z,0,29.701,73.8,42,62.9,12,8,279,63,0.0,255,32767,0.2,2054-1-18,0.0,0.25,23.57,0.0,0.0,0.0,0,0.908203125,3,192,07:20,19:15,2025-03-14 00:07:18.680126,Marina di Stabia,31.1,6.639279,14.05905,5.7798514,10.930394,EU EEA Common AQI,73.8,6.5582366,13.21546,3600,4.811594,100,100,51.4,8.937198,Very Low,75.5,6.355935,100,1739186100,Very Low,9.633085,6.8510075,Very Low,6.062216,42.9,5.362319,100,1739186100,5.362319
2025-03-14T00:07:29Z,0,29.701,73.8,42,62.9,12,8,5,63,0.0,255,32767,0.2,2054-1-18,0.0,0.25,23.57,0.0,0.0,0.0,0,0.908203125,3,192,07:20,19:15,2025-03-14 00:07:29.777085,Marina di Stabia,31.1,6.639279,14.05905,5.7798514,10.930394,EU EEA Common AQI,73.8,6.5582366,13.21546,3600,4.811594,100,100,51.4,8.937198,Very Low,75.5,6.355935,100,1739186100,Very Low,9.633085,6.8510075,Very Low,6.062216,42.9,5.362319,100,1739186100,5.362319
2025-03-14T00:07:41Z,0,29.701,73.8,42,63.1,12,8,5,63,0.0,255,32767,0.2,2054-1-18,0.0,0.25,23.57,0.0,0.0,0.0,0,0.908203125,3,192,07:20,19:15,2025-03-14 00:07:40.903122,Marina di Stabia,31.1,6.639279,14.05905,5.7798514,10.930394,EU EEA Common AQI,73.8,6.5582366,13.21546,3600,4.811594,100,100,51.4,8.937198,Very Low,75.5,6.355935,100,1739186100,Very Low,9.633085,6.8510075,Very Low,6.062216,42.9,5.362319,100,1739186100,5.362319
2025-03-14T00:07:52Z,0,29.701,73.8,42,63.1,11,8,229,63,0.0,255,32767,0.2,2054-1-18,0.0,0.25,23.57,0.0,0.0,0.0,0,0.908203125,3,192,07:20,19:15,2025-03-14 00:07:52.017139,Marina di Stabia,31.1,6.639279,14.05905,5.7798514,10.930394,EU EEA Common AQI,73.8,6.5582366,13.21546,3600,4.811594,100,100,51.4,8.937198,Very Low,75.5,6.355935,100,1739186100,Very Low,9.633085,6.8510075,Very Low,6.062216,42.9,5.362319,100,1739186100,5.362319
2025-03-14T00:08:03Z,0,29.697,73.8,42,63.1,11,9,196,63,0.0,255,32767,0.2,2054-1-18,0.0,0.25,23.57,0.0,0.0,0.0,0,0.99609375,3,192,07:20,19:15,2025-03-14 00:08:03.122117,Marina di Stabia,31.1,6.639279,14.05905,5.7798514,10.930394,EU EEA Common AQI,73.8,6.5582366,13.21546,3600,4.811594,100,100,51.4,8.937198,Very Low,75.5,6.355935,100,1739186100,Very Low,9.633085,6.8510075,Very Low,6.062216,42.9,5.362319,100,1739186100,5.362319
2025-03-14T00:08:14Z,0,29.697,73.8,42,63.1,9,9,336,63,0.0,255,32767,0.2,2054-1-18,0.0,0.25,23.57,0.0,0.0,0.0,0,0.99609375,3,192,07:20,19:15,2025-03-14 00:08:14.235126,Marina di Stabia,31.1,6.639279,14.05905,5.7798514,10.930394,EU EEA Common AQI,73.8,6.5582366,13.21546,3600,4.811594,100,100,51.4,8.937198,Very Low,75.5,6.355935,100,1739186100,Very Low,9.633085,6.8510075,Very Low,6.062216,42.9,5.362319,100,1739186100,5.362319
2025-03-14T00:08:25Z,0,29.697,73.8,42,63.3,5,9,211,63,0.0,255,32767,0.2,2054-1-18,0.0,0.25,23.57,0.0,0.0,0.0,0,0.99609375,3,192,07:20,19:15,2025-03-14 00:08:25.345140,Marina di Stabia,31.1,6.639279,14.05905,5.7798514,10.930394,EU EEA Common AQI,73.8,6.5582366,13.21546,3600,4.811594,100,100,51.4,8.937198,Very Low,75.5,6.355935,100,1739186100,Very Low,9.633085,6.8510075,Very Low,6.062216,42.9,5.362319,100,1739186100,5.362319
2025-03-14T00:08:36Z,0,29.697,73.8,42,63.3,6,9,225,63,0.0,255,32767,0.2,2054-1-18,0.0,0.25,23.57,0.0,0.0,0.0,0,0.99609375,3,192,07:20,19:15,2025-03-14 00:08:36.437125,Marina di Stabia,31.1,6.639279,14.05905,5.7798514,10.930394,EU EEA Common AQI,73.8,6.5582366,13.21546,3600,4.811594,100,100,51.4,8.937198,Very Low,75.5,6.355935,100,1739186100,Very Low,9.633085,6.8510075,Very Low,6.062216,42.9,5.362319,100,1739186100,5.362319
2025-03-14T00:08:47Z,0,29.697,73.8,42,63.3,4,9,60,63,0.0,255,32767,0.2,2054-1-18,0.0,0.25,23.57,0.0,0.0,0.0,0,0.99609375,3,192,07:20,19:15,2025-03-14 00:08:47.560127,Marina di Stabia,31.1,6.639279,14.05905,5.7798514,10.930394,EU EEA Common AQI,73.8,6.5582366,13.21546,3600,4.811594,100,100,51.4,8.937198,Very Low,75.5,6.355935,100,1739186100,Very Low,9.633085,6.8510075,Very Low,6.062216,42.9,5.362319,100,1739186100,5.362319
2025-03-14T00:08:58Z,0,29.697,73.9,42,63.3,4,9,162,63,0.0,255,32767,0.2,2054-1-18,0.0,0.25,23.57,0.0,0.0,0.0,0,0.908203125,3,192,07:20,19:15,2025-03-14 00:08:58.697123,Marina di Stabia,31.1,6.639279,14.05905,5.7798514,10.930394,EU EEA Common AQI,73.8,6.5582366,13.21546,3600,4.811594,100,100,51.4,8.937198,Very Low,75.5,6.355935,100,1739186100,Very Low,9.633085,6.8510075,Very Low,6.062216,42.9,5.362319,100,1739186100,5.362319
2025-03-14T00:09:10Z,0,29.697,73.9,42,63.3,9,9,115,63,0.0,255,32767,0.2,2054-1-18,0.0,0.25,23.57,0.0,0.0,0.0,0,0.908203125,3,192,07:20,19:15,2025-03-14 00:09:09.804124,Marina di Stabia,31.1,6.639279,14.05905,5.7798514,10.930394,EU EEA Common AQI,73.8,6.5582366,13.21546,3600,4.811594,100,100,51.4,8.937198,Very Low,75.5,6.355935,100,1739186100,Very Low,9.633085,6.8510075,Very Low,6.062216,42.9,5.362319,100,1739186100,5.362319
2025-03-14T00:09:21Z,0,29.697,73.9,42,63.4,8,9,217,63,0.0,255,32767,0.2,2054-1-18,0.0,0.25,23.57,0.0,0.0,0.0,0,0.908203125,3,192,07:20,19:15,2025-03-14 00:09:20.900120,Marina di Stabia,31.1,6.639279,14.05905,5.7798514,10.930394,EU EEA Common AQI,73.8,6.5582366,13.21546,3600,4.811594,100,100,51.4,8.937198,Very Low,75.5,6.355935,100,1739186100,Very Low,9.633085,6.8510075,Very Low,6.062216,42.9,5.362319,100,1739186100,5.362319
2025-03-14T00:09:32Z,0,29.697,73.9,42,63.4,13,9,210,63,0.0,255,32767,0.2,2054-1-18,0.0,0.25,23.57,0.0,0.0,0.0,0,0.908203125,3,192,07:20,19:15,2025-03-14 00:09:31.988080,Marina di Stabia,31.1,6.639279,14.05905,5.7798514,10.930394,EU EEA Common AQI,73.8,6.5582366,13.21546,3600,4.811594,100,100,51.4,8.937198,Very Low,75.5,6.355935,100,1739186100,Very Low,9.633085,6.8510075,Very Low,6.062216,42.9,5.362319,100,1739186100,5.362319
2025-03-14T00:09:43Z,0,29.697,73.9,42,63.5,12,9,171,63,0.0,255,32767,0.2,2054-1-18,0.0,0.25,23.57,0.0,0.0,0.0,0,0.908203125,3,192,07:20,19:15,2025-03-14 00:09:43.090126,Marina di Stabia,31.1,6.639279,14.05905,5.7798514,10.930394,EU EEA Common AQI,73.8,6.5582366,13.21546,3600,4.811594,100,100,51.4,8.937198,Very Low,75.5,6.355935,100,1739186100,Very Low,9.633085,6.8510075,Very Low,6.062216,42.9,5.362319,100,1739186100,5.362319
2025-03-14T00:09:54Z,0,29.697,73.9,42,63.5,9,9,169,63,0.0,255,32767,0.2,2054-1-18,0.0,0.25,23.57,0.0,0.0,0.0,0,0.908203125,3,192,07:20,19:15,2025-03-14 00:09:54.218136,Marina di Stabia,31.1,6.639279,14.05905,5.7798514,10.930394,EU EEA Common AQI,73.8,6.5582366,13.21546,3600,4.811594,100,100,51.4,8.937198,Very Low,75.5,6.355935,100,1739186100,Very Low,9.633085,6.8510075,Very Low,6.062216,42.9,5.362319,100,1739186100,5.362319
2025-03-14T00:10:05Z,0,29.698,73.8,42,63.5,10,9,162,63,0.0,255,32767,0.2,2054-1-18,0.0,0.25,23.57,0.0,0.0,0.0,0,1.541015625,3,192,07:20,19:15,2025-03-14 00:10:05.321087,Marina di Stabia,31.1,6.639279,14.05905,5.7798514,10.930394,EU EEA Common AQI,73.8,6.5582366,13.21546,3600,4.811594,100,100,51.4,8.937198,Very Low,75.5,6.355935,100,1739186100,Very Low,9.633085,6.8510075,Very Low,6.062216,42.9,5.362319,100,1739186100,5.362319
2025-03-14T00:10:16Z,0,29.698,73.8,42,63.5,13,9,172,63,0.0,255,32767,0.2,2054-1-18,0.0,0.25,23.57,0.0,0.0,0.0,0,1.541015625,3,192,07:20,19:15,2025-03-14 00:10:16.417119,Marina di Stabia,31.1,6.639279,14.05905,5.7798514,10.930394,EU EEA Common AQI,73.8,6.5582366,13.21546,3600,4.811594,100,100,51.4,8.937198,Very Low,75.5,6.355935,100,1739186100,Very Low,9.633085,6.8510075,Very Low,6.062216,42.9,5.362319,100,1739186100,5.362319
2025-03-14T00:10:27Z,0,29.698,73.8,42,63.5,9,9,174,63,0.0,255,32767,0.2,2054-1-18,0.0,0.25,23.57,0.0,0.0,0.0,0,1.541015625,3,192,07:20,19:15,2025-03-14 00:10:27.517113,Marina di Stabia,31.1,6.639279,14.05905,5.7798514,10.930394,EU EEA Common AQI,73.8,6.5582366,13.21546,3600,4.811594,100,100,51.4,8.937198,Very Low,75.5,6.355935,100,1739186100,Very Low,9.633085,6.8510075,Very Low,6.062216,42.9,5.362319,100,1739186100,5.362319
2025-03-14T00:10:38Z,0,29.698,73.8,42,63.6,8,9,176,62,0.0,255,32767,0.2,2054-1-18,0.0,0.25,23.57,0.0,0.0,0.0,0,1.541015625,3,192,07:20,19:15,2025-03-14 00:10:38.615105,Marina di Stabia,31.1,6.639279,14.05905,5.7798514,10.930394,EU EEA Common AQI,73.8,6.5582366,13.21546,3600,4.811594,100,100,51.4,8.937198,Very Low,75.5,6.355935,100,1739186100,Very Low,9.633085,6.8510075,Very Low,6.062216,42.9,5.362319,100,1739186100,5.362319
2025-03-14T00:10:49Z,0,29.698,73.8,42,63.6,13,9,176,62,0.0,255,32767,0.2,2054-1-18,0.0,0.25,23.57,0.0,0.0,0.0,0,1.541015625,3,192,07:20,19:15,2025-03-14 00:10:49.722130,Marina di Stabia,31.1,6.639279,14.05905,5.7798514,10.930394,EU EEA Common AQI,73.8,6.5582366,13.21546,3600,4.811594,100,100,51.4,8.937198,Very Low,75.5,6.355935,100,1739186100,Very Low,9.633085,6.8510075,Very Low,6.062216,42.9,5.362319,100,1739186100,5.362319
2025-03-14T00:11:01Z,0,29.7,73.9,42,63.6,11,10,187,62,0.0,255,32767,0.2,2054-1-18,0.0,0.25,23.57,0.0,0.0,0.0,0,0.943359375,3,192,07:20,19:15,2025-03-14 00:11:00.844122,Marina di Stabia,31.1,6.639279,14.05905,5.7798514,10.930394,EU EEA Common AQI,73.8,6.5582366,13.21546,3600,4.811594,100,100,51.4,8.937198,Very Low,75.5,6.355935,100,1739186100,Very Low,9.633085,6.8510075,Very Low,6.062216,42.9,5.362319,100,1739186100,5.362319
2025-03-14T00:11:12Z,0,29.7,73.9,42,63.6,12,10,244,62,0.0,255,32767,0.2,2054-1-18,0.0,0.25,23.57,0.0,0.0,0.0,0,0.943359375,3,192,07:20,19:15,2025-03-14 00:11:12.052124,Marina di Stabia,31.1,6.639279,14.05905,5.7798514,10.930394,EU EEA Common AQI,73.8,6.5582366,13.21546,3600,4.811594,100,100,51.4,8.937198,Very Low,75.5,6.355935,100,1739186100,Very Low,9.633085,6.8510075,Very Low,6.062216,42.9,5.362319,100,1739186100,5.362319
2025-03-14T00:11:23Z,0,29.7,73.9,42,63.6,5,10,89,62,0.0,255,32767,0.2,2054-1-18,0.0,0.25,23.57,0.0,0.0,0.0,0,0.943359375,3,192,07:20,19:15,2025-03-14 00:11:23.174140,Marina di Stabia,31.1,6.639279,14.05905,5.7798514,10.930394,EU EEA Common AQI,73.8,6.5582366,13.21546,3600,4.811594,100,100,51.4,8.937198,Very Low,75.5,6.355935,100,1739186100,Very Low,9.633085,6.8510075,Very Low,6.062216,42.9,5.362319,100,1739186100,5.362319
2025-03-14T00:11:34Z,0,29.7,73.9,42,63.6,13,10,184,63,0.0,255,32767,0.2,2054-1-18,0.0,0.25,23.57,0.0,0.0,0.0,0,0.943359375,3,192,07:20,19:15,2025-03-14 00:11:34.268121,Marina di Stabia,31.1,6.639279,14.05905,5.7798514,10.930394,EU EEA Common AQI,73.8,6.5582366,13.21546,3600,4.811594,100,100,51.4,8.937198,Very Low,75.5,6.355935,100,1739186100,Very Low,9.633085,6.8510075,Very Low,6.062216,42.9,5.362319,100,1739186100,5.362319
2025-03-14T00:11:45Z,0,29.7,73.9,42,63.6,9,10,196,63,0.0,255,32767,0.2,2054-1-18,0.0,0.25,23.57,0.0,0.0,0.0,0,0.943359375,3,192,07:20,19:15,2025-03-14 00:11:45.372131,Marina di Stabia,31.1,6.639279,14.05905,5.7798514,10.930394,EU EEA Common AQI,73.8,6.5582366,13.21546,3600,4.811594,100,100,51.4,8.937198,Very Low,75.5,6.355935,100,1739186100,Very Low,9.633085,6.8510075,Very Low,6.062216,42.9,5.362319,100,1739186100,5.362319
2025-03-14T00:11:56Z,0,29.696,73.9,42,63.6,7,11,160,63,0.0,255,32767,0.2,2054-1-18,0.0,0.25,23.57,0.0,0.0,0.0,0,0.908203125,3,192,07:20,19:15,2025-03-14 00:11:56.513738,Marina di Stabia,31.1,6.639279,14.05905,5.7798514,10.930394,EU EEA Common AQI,73.8,6.5582366,13.21546,3600,4.811594,100,100,51.4,8.937198,Very Low,75.5,6.355935,100,1739186100,Very Low,9.633085,6.8510075,Very Low,6.062216,42.9,5.362319,100,1739186100,5.362319
2025-03-14T00:12:07Z,0,29.696,73.9,42,63.6,9,11,173,63,0.0,255,32767,0.2,2054-1-18,0.0,0.25,23.57,0.0,0.0,0.0,0,0.908203125,3,192,07:20,19:15,2025-03-14 00:12:07.628085,Marina di Stabia,31.1,6.639279,14.05905,5.7798514,10.930394,EU EEA Common AQI,73.8,6.5582366,13.21546,3600,4.811594,100,100,51.4,8.937198,Very Low,75.5,6.355935,100,1739186100,Very Low,9.633085,6.8510075,Very Low,6.062216,42.9,5.362319,100,1739186100,5.362319
2025-03-14T00:12:18Z,0,29.696,73.9,42,63.6,11,11,166,63,0.0,255,32767,0.2,2054-1-18,0.0,0.25,23.57,0.0,0.0,0.0,0,0.908203125,3,192,07:20,19:15,2025-03-14 00:12:18.725126,Marina di Stabia,31.1,6.639279,14.05905,5.7798514,10.930394,EU EEA Common AQI,73.8,6.5582366,13.21546,3600,4.811594,100,100,51.4,8.937198,Very Low,75.5,6.355935,100,1739186100,Very Low,9.633085,6.8510075,Very Low,6.062216,42.9,5.362319,100,1739186100,5.362319
2025-03-14T00:12:30Z,0,29.696,73.9,42,63.6,12,11,169,64,0.0,255,32767,0.2,2054-1-18,0.0,0.25,23.57,0.0,0.0,0.0,0,0.908203125,3,192,07:20,19:15,2025-03-14 00:12:29.826269,Marina di Stabia,31.1,6.639279,14.05905,5.7798514,10.930394,EU EEA Common AQI,73.8,6.5582366,13.21546,3600,4.811594,100,100,51.4,8.937198,Very Low,75.5,6.355935,100,1739186100,Very Low,9.633085,6.8510075,Very Low,6.062216,42.9,5.362319,100,1739186100,5.362319
2025-03-14T00:12:41Z,0,29.696,73.9,42,63.6,12,11,163,64,0.0,255,32767,0.2,2054-1-18,0.0,0.25,23.57,0.0,0.0,0.0,0,0.908203125,3,192,07:20,19:15,2025-03-14 00:12:40.924115,Marina di Stabia,31.1,6.639279,14.05905,5.7798514,10.930394,EU EEA Common AQI,73.8,6.5582366,13.21546,3600,4.811594,100,100,51.4,8.937198,Very Low,75.5,6.355935,100,1739186100,Very Low,9.633085,6.8510075,Very Low,6.062216,42.9,5.362319,100,1739186100,5.362319
2025-03-14T00:12:52Z,0,29.696,73.9,42,63.5,12,11,165,64,0.0,255,32767,0.2,2054-1-18,0.0,0.25,23.57,0.0,0.0,0.0,0,0.908203125,3,192,07:20,19:15,2025-03-14 00:12:52.017130,Marina di Stabia,31.1,6.639279,14.05905,5.7798514,10.930394,EU EEA Common AQI,73.8,6.5582366,13.21546,3600,4.811594,100,100,51.4,8.937198,Very Low,75.5,6.355935,100,1739186100,Very Low,9.633085,6.8510075,Very Low,6.062216,42.9,5.362319,100,1739186100,5.362319
2025-03-14T00:13:03Z,0,29.699,73.9,42,63.5,10,12,155,64,0.0,255,32767,0.2,2054-1-18,0.0,0.25,23.57,0.0,0.0,0.0,0,0.931640625,3,192,07:20,19:15,2025-03-14 00:13:03.109118,Marina di Stabia,31.1,6.639279,14.05905,5.7798514,10.930394,EU EEA Common AQI,73.8,6.5582366,13.21546,3600,4.811594,100,100,51.4,8.937198,Very Low,75.5,6.355935,100,1739186100,Very Low,9.633085,6.8510075,Very Low,6.062216,42.9,5.362319,100,1739186100,5.362319
2025-03-14T00:13:14Z,0,29.699,73.9,42,63.5,9,12,165,62,0.0,255,32767,0.2,2054-1-18,0.0,0.25,23.57,0.0,0.0,0.0,0,0.931640625,3,192,07:20,19:15,2025-03-14 00:13:14.236128,Marina di Stabia,31.1,6.639279,14.05905,5.7798514,10.930394,EU EEA Common AQI,73.8,6.5582366,13.21546,3600,4.811594,100,100,51.4,8.937198,Very Low,75.5,6.355935,100,1739186100,Very Low,9.633085,6.8510075,Very Low,6.062216,42.9,5.362319,100,1739186100,5.362319
2025-03-14T00:13:25Z,0,29.699,73.9,42,63.5,11,12,180,62,0.0,255,32767,0.2,2054-1-18,0.0,0.25,23.57,0.0,0.0,0.0,0,0.931640625,3,192,07:20,19:15,2025-03-14 00:13:25.330125,Marina di Stabia,31.1,6.639279,14.05905,5.7798514,10.930394,EU EEA Common AQI,73.8,6.5582366,13.21546,3600,4.811594,100,100,51.4,8.937198,Very Low,75.5,6.355935,100,1739186100,Very Low,9.633085,6.8510075,Very Low,6.062216,42.9,5.362319,100,1739186100,5.362319
2025-03-14T00:13:36Z,0,29.699,73.9,42,63.5,9,12,191,62,0.0,255,32767,0.2,2054-1-18,0.0,0.25,23.57,0.0,0.0,0.0,0,0.931640625,3,192,07:20,19:15,2025-03-14 00:13:36.428053,Marina di Stabia,31.1,6.639279,14.05905,5.7798514,10.930394,EU EEA Common AQI,73.8,6.5582366,13.21546,3600,4.811594,100,100,51.4,8.937198,Very Low,75.5,6.355935,100,1739186100,Very Low,9.633085,6.8510075,Very Low,6.062216,42.9,5.362319,100,1739186100,5.362319
2025-03-14T00:13:47Z,0,29.699,73.9,42,63.5,9,12,219,62,0.0,255,32767,0.2,2054-1-18,0.0,0.25,23.57,0.0,0.0,0.0,0,0.931640625,3,192,07:20,19:15,2025-03-14 00:13:47.533113,Marina di Stabia,31.1,6.639279,14.05905,5.7798514,10.930394,EU EEA Common AQI,73.8,6.5582366,13.21546,3600,4.811594,100,100,51.4,8.937198,Very Low,75.5,6.355935,100,1739186100,Very Low,9.633085,6.8510075,Very Low,6.062216,42.9,5.362319,100,1739186100,5.362319
2025-03-14T00:13:58Z,0,29.7,73.8,41,63.5,11,12,215,62,0.0,255,32767,0.2,2054-1-18,0.0,0.25,23.57,0.0,0.0,0.0,0,0.908203125,3,192,07:20,19:15,2025-03-14 00:13:58.618119,Marina di Stabia,31.1,6.639279,14.05905,5.7798514,10.930394,EU EEA Common AQI,73.8,6.5582366,13.21546,3600,4.811594,100,100,51.4,8.937198,Very Low,75.5,6.355935,100,1739186100,Very Low,9.633085,6.8510075,Very Low,6.062216,42.9,5.362319,100,1739186100,5.362319
2025-03-14T00:14:09Z,0,29.7,73.8,41,63.5,9,12,224,62,0.0,255,32767,0.2,2054-1-18,0.0,0.25,23.57,0.0,0.0,0.0,0,0.908203125,3,192,07:20,19:15,2025-03-14 00:14:09.733112,Marina di Stabia,31.1,6.639279,14.05905,5.7798514,10.930394,EU EEA Common AQI,73.8,6.5582366,13.21546,3600,4.811594,100,100,51.4,8.937198,Very Low,75.5,6.355935,100,1739186100,Very Low,9.633085,6.8510075,Very Low,6.062216,42.9,5.362319,100,1739186100,5.362319
2025-03-14T00:14:21Z,0,29.7,73.8,41,63.5,6,12,329,62,0.0,255,32767,0.2,2054-1-18,0.0,0.25,23.57,0.0,0.0,0.0,0,0.908203125,3,192,07:20,19:15,2025-03-14 00:14:20.863135,Marina di Stabia,31.1,6.639279,14.05905,5.7798514,10.930394,EU EEA Common AQI,73.8,6.5582366,13.21546,3600,4.811594,100,100,51.4,8.937198,Very Low,75.5,6.355935,100,1739186100,Very Low,9.633085,6.8510075,Very Low,6.062216,42.9,5.362319,100,1739186100,5.362319
2025-03-14T00:14:32Z,0,29.7,73.8,41,63.5,13,12,215,62,0.0,255,32767,0.2,2054-1-18,0.0,0.25,23.57,0.0,0.0,0.0,0,0.908203125,3,192,07:20,19:15,2025-03-14 00:14:31.958128,Marina di Stabia,31.1,6.639279,14.05905,5.7798514,10.930394,EU EEA Common AQI,73.8,6.5582366,13.21546,3600,4.811594,100,100,51.4,8.937198,Very Low,75.5,6.355935,100,1739186100,Very Low,9.633085,6.8510075,Very Low,6.062216,42.9,5.362319,100,1739186100,5.362319
2025-03-14T00:14:43Z,0,29.7,73.8,41,63.5,13,12,176,62,0.0,255,32767,0.2,2054-1-18,0.0,0.25,23.57,0.0,0.0,0.0,0,0.908203125,3,192,07:20,19:15,2025-03-14 00:14:43.045104,Marina di Stabia,31.1,6.639279,14.05905,5.7798514,10.930394,EU EEA Common AQI,73.8,6.5582366,13.21546,3600,4.811594,100,100,51.4,8.937198,Very Low,75.5,6.355935,100,1739186100,Very Low,9.633085,6.8510075,Very Low,6.062216,42.9,5.362319,100,1739186100,5.362319
2025-03-14T00:14:54Z,0,29.7,73.8,41,63.4,12,12,192,62,0.0,255,32767,0.2,2054-1-18,0.0,0.25,23.57,0.0,0.0,0.0,0,0.908203125,3,192,07:20,19:15,2025-03-14 00:14:54.133128,Marina di Stabia,31.1,6.639279,14.05905,5.7798514,10.930394,EU EEA Common AQI,73.8,6.5582366,13.21546,3600,4.811594,100,100,51.4,8.937198,Very Low,75.5,6.355935,100,1739186100,Very Low,9.633085,6.8510075,Very Low,6.062216,42.9,5.362319,100,1739186100,5.362319
2025-03-14T00:15:05Z,0,29.696,73.8,42,63.4,10,11,165,62,0.0,255,32767,0.2,2054-1-18,0.0,0.25,23.57,0.0,0.0,0.0,0,1.13671875,3,192,07:20,19:15,2025-03-14 00:15:05.246087,Marina di Stabia,31.1,6.639279,14.05905,5.7798514,10.930394,EU EEA Common AQI,73.8,6.5582366,13.21546,3600,4.811594,100,100,51.4,8.937198,Very Low,75.5,6.355935,100,1739186100,Very Low,9.633085,6.8510075,Very Low,6.062216,42.9,5.362319,100,1739186100,5.362319
2025-03-14T00:15:16Z,0,29.696,73.8,42,63.4,6,11,178,62,0.0,255,32767,0.2,2054-1-18,0.0,0.25,23.57,0.0,0.0,0.0,0,1.13671875,3,192,07:20,19:15,2025-03-14 00:15:16.357112,Marina di Stabia,31.1,6.639279,14.05905,5.7798514,10.930394,EU EEA Common AQI,73.8,6.5582366,13.21546,3600,4.811594,100,100,51.4,8.937198,Very Low,75.5,6.355935,100,1739186100,Very Low,9.633085,6.8510075,Very Low,6.062216,42.9,5.362319,100,1739186100,5.362319
2025-03-14T00:15:27Z,0,29.696,73.8,42,63.4,8,11,205,62,0.0,255,32767,0.2,2054-1-18,0.0,0.25,23.57,0.0,0.0,0.0,0,1.13671875,3,192,07:20,19:15,2025-03-14 00:15:27.455125,Marina di Stabia,31.1,6.639279,14.05905,5.7798514,10.930394,EU EEA Common AQI,73.8,6.5582366,13.21546,3600,4.811594,100,100,51.4,8.937198,Very Low,75.5,6.355935,100,1739186100,Very Low,9.633085,6.8510075,Very Low,6.062216,42.9,5.362319,100,1739186100,5.362319
2025-03-14T00:15:38Z,0,29.696,73.8,42,63.4,9,11,213,62,0.0,255,32767,0.2,2054-1-18,0.0,0.25,23.57,0.0,0.0,0.0,0,1.13671875,3,192,07:20,19:15,2025-03-14 00:15:38.583122,Marina di Stabia,31.1,6.639279,14.05905,5.7798514,10.930394,EU EEA Common AQI,73.8,6.5582366,13.21546,3600,4.811594,100,100,51.4,8.937198,Very Low,75.5,6.355935,100,1739186100,Very Low,9.633085,6.8510075,Very Low,6.062216,42.9,5.362319,100,1739186100,5.362319
2025-03-14T00:15:49Z,0,29.696,73.8,42,63.6,15,11,185,62,0.0,255,32767,0.2,2054-1-18,0.0,0.25,23.57,0.0,0.0,0.0,0,1.13671875,3,192,07:20,19:15,2025-03-14 00:15:49.668123,Marina di Stabia,31.1,6.639279,14.05905,5.7798514,10.930394,EU EEA Common AQI,73.8,6.5582366,13.21546,3600,4.811594,100,100,51.4,8.937198,Very Low,75.5,6.355935,100,1739186100,Very Low,9.633085,6.8510075,Very Low,6.062216,42.9,5.362319,100,1739186100,5.362319
2025-03-14T00:16:00Z,0,29.697,73.8,42,63.5,12,11,202,62,0.0,255,32767,0.2,2054-1-18,0.0,0.25,23.57,0.0,0.0,0.0,0,0.99609375,3,192,07:20,19:15,2025-03-14 00:16:00.780131,Marina di Stabia,31.1,6.639279,14.05905,5.7798514,10.930394,EU EEA Common AQI,73.8,6.5582366,13.21546,3600,4.811594,100,100,51.4,8.937198,Very Low,75.5,6.355935,100,1739186100,Very Low,9.633085,6.8510075,Very Low,6.062216,42.9,5.362319,100,1739186100,5.362319
2025-03-14T00:16:12Z,0,29.697,73.8,42,63.5,12,11,210,62,0.0,255,32767,0.2,2054-1-18,0.0,0.25,23.57,0.0,0.0,0.0,0,0.99609375,3,192,07:20,19:15,2025-03-14 00:16:11.988138,Marina di Stabia,31.1,6.639279,14.05905,5.7798514,10.930394,EU EEA Common AQI,73.8,6.5582366,13.21546,3600,4.811594,100,100,51.4,8.937198,Very Low,75.5,6.355935,100,1739186100,Very Low,9.633085,6.8510075,Very Low,6.062216,42.9,5.362319,100,1739186100,5.362319
2025-03-14T00:16:23Z,0,29.697,73.8,42,63.5,12,11,182,62,0.0,255,32767,0.2,2054-1-18,0.0,0.25,23.57,0.0,0.0,0.0,0,0.99609375,3,192,07:20,19:15,2025-03-14 00:16:23.133123,Marina di Stabia,31.1,6.639279,14.05905,5.7798514,10.930394,EU EEA Common AQI,73.8,6.5582366,13.21546,3600,4.811594,100,100,51.4,8.937198,Very Low,75.5,6.355935,100,1739186100,Very Low,9.633085,6.8510075,Very Low,6.062216,42.9,5.362319,100,1739186100,5.362319
2025-03-14T00:16:34Z,0,29.697,73.8,42,63.5,12,11,182,62,0.0,255,32767,0.2,2054-1-18,0.0,0.25,23.57,0.0,0.0,0.0,0,0.99609375,3,192,07:20,19:15,2025-03-14 00:16:34.268131,Marina di Stabia,31.1,6.639279,14.05905,5.7798514,10.930394,EU EEA Common AQI,73.8,6.5582366,13.21546,3600,4.811594,100,100,51.4,8.937198,Very Low,75.5,6.355935,100,1739186100,Very Low,9.633085,6.8510075,Very Low,6.062216,42.9,5.362319,100,1739186100,5.362319
2025-03-14T00:16:45Z,0,29.697,73.8,42,63.5,12,11,182,62,0.0,255,32767,0.2,2054-1-18,0.0,0.25,23.57,0.0,0.0,0.0,0,0.99609375,3,192,07:20,19:15,2025-03-14 00:16:45.359123,Marina di Stabia,31.1,6.639279,14.05905,5.7798514,10.930394,EU EEA Common AQI,73.8,6.5582366,13.21546,3600,4.811594,100,100,51.4,8.937198,Very Low,75.5,6.355935,100,1739186100,Very Low,9.633085,6.8510075,Very Low,6.062216,42.9,5.362319,100,1739186100,5.362319
2025-03-14T00:16:56Z,0,29.697,73.8,42,63.5,6,11,194,62,0.0,255,32767,0.2,2054-1-18,0.0,0.25,23.57,0.0,0.0,0.0,0,2.689453125,3,192,07:20,19:15,2025-03-14 00:16:56.467121,Marina di Stabia,31.1,6.639279,14.05905,5.7798514,10.930394,EU EEA Common AQI,73.8,6.5582366,13.21546,3600,4.811594,100,100,51.4,8.937198,Very Low,75.5,6.355935,100,1739186100,Very Low,9.633085,6.8510075,Very Low,6.062216,42.9,5.362319,100,1739186100,5.362319
2025-03-14T00:17:07Z,0,29.697,73.8,42,63.4,10,11,194,62,0.0,255,32767,0.2,2054-1-18,0.0,0.25,23.57,0.0,0.0,0.0,0,2.689453125,3,192,07:20,19:15,2025-03-14 00:17:07.587118,Marina di Stabia,31.1,6.639279,14.05905,5.7798514,10.930394,EU EEA Common AQI,73.8,6.5582366,13.21546,3600,4.811594,100,100,51.4,8.937198,Very Low,75.5,6.355935,100,1739186100,Very Low,9.633085,6.8510075,Very Low,6.062216,42.9,5.362319,100,1739186100,5.362319
2025-03-14T00:17:18Z,0,29.697,73.8,42,63.4,9,11,193,62,0.0,255,32767,0.2,2054-1-18,0.0,0.25,23.57,0.0,0.0,0.0,0,2.689453125,3,192,07:20,19:15,2025-03-14 00:17:18.681125,Marina di Stabia,31.1,6.639279,14.05905,5.7798514,10.930394,EU EEA Common AQI,73.8,6.5582366,13.21546,3600,4.811594,100,100,51.4,8.937198,Very Low,75.5,6.355935,100,1739186100,Very Low,9.633085,6.8510075,Very Low,6.062216,42.9,5.362319,100,1739186100,5.362319
2025-03-14T00:17:30Z,0,29.697,73.8,42,63.4,4,11,92,64,0.0,255,32767,0.2,2054-1-18,0.0,0.25,23.57,0.0,0.0,0.0,0,2.689453125,3,192,07:20,19:15,2025-03-14 00:17:29.808131,Marina di Stabia,31.1,6.639279,14.05905,5.7798514,10.930394,EU EEA Common AQI,73.8,6.5582366,13.21546,3600,4.811594,100,100,51.4,8.937198,Very Low,75.5,6.355935,100,1739186100,Very Low,9.633085,6.8510075,Very Low,6.062216,42.9,5.362319,100,1739186100,5.362319
2025-03-14T00:17:41Z,0,29.697,73.8,42,63.4,4,11,64,64,0.0,255,32767,0.2,2054-1-18,0.0,0.25,23.57,0.0,0.0,0.0,0,2.689453125,3,192,07:20,19:15,2025-03-14 00:17:40.939121,Marina di Stabia,31.1,6.639279,14.05905,5.7798514,10.930394,EU EEA Common AQI,73.8,6.5582366,13.21546,3600,4.811594,100,100,51.4,8.937198,Very Low,75.5,6.355935,100,1739186100,Very Low,9.633085,6.8510075,Very Low,6.062216,42.9,5.362319,100,1739186100,5.362319
2025-03-14T00:17:52Z,0,29.697,73.8,42,63.4,5,11,172,64,0.0,255,32767,0.2,2054-1-18,0.0,0.25,23.57,0.0,0.0,0.0,0,2.689453125,3,192,07:20,19:15,2025-03-14 00:17:52.069124,Marina di Stabia,31.1,6.639279,14.05905,5.7798514,10.930394,EU EEA Common AQI,73.8,6.5582366,13.21546,3600,4.811594,100,100,51.4,8.937198,Very Low,75.5,6.355935,100,1739186100,Very Low,9.633085,6.8510075,Very Low,6.062216,42.9,5.362319,100,1739186100,5.362319
2025-03-14T00:18:03Z,0,29.696,73.8,42,63.4,8,10,300,64,0.0,255,32767,0.2,2054-1-18,0.0,0.25,23.57,0.0,0.0,0.0,0,0.9140625,3,192,07:20,19:15,2025-03-14 00:18:03.194123,Marina di Stabia,31.1,6.639279,14.05905,5.7798514,10.930394,EU EEA Common AQI,73.8,6.5582366,13.21546,3600,4.811594,100,100,51.4,8.937198,Very Low,75.5,6.355935,100,1739186100,Very Low,9.633085,6.8510075,Very Low,6.062216,42.9,5.362319,100,1739186100,5.362319
2025-03-14T00:18:14Z,0,29.696,73.8,42,63.4,8,10,300,64,0.0,255,32767,0.2,2054-1-18,0.0,0.25,23.57,0.0,0.0,0.0,0,0.9140625,3,192,07:20,19:15,2025-03-14 00:18:14.279122,Marina di Stabia,31.1,6.639279,14.05905,5.7798514,10.930394,EU EEA Common AQI,73.8,6.5582366,13.21546,3600,4.811594,100,100,51.4,8.937198,Very Low,75.5,6.355935,100,1739186100,Very Low,9.633085,6.8510075,Very Low,6.062216,42.9,5.362319,100,1739186100,5.362319
2025-03-14T00:18:25Z,0,29.696,73.8,42,63.4,9,10,173,65,0.0,255,32767,0.2,2054-1-18,0.0,0.25,23.57,0.0,0.0,0.0,0,0.9140625,3,192,07:20,19:15,2025-03-14 00:18:25.375116,Marina di Stabia,31.1,6.639279,14.05905,5.7798514,10.930394,EU EEA Common AQI,73.8,6.5582366,13.21546,3600,4.811594,100,100,51.4,8.937198,Very Low,75.5,6.355935,100,1739186100,Very Low,9.633085,6.8510075,Very Low,6.062216,42.9,5.362319,100,1739186100,5.362319
2025-03-14T00:18:36Z,0,29.696,73.8,42,63.3,10,10,210,65,0.0,255,32767,0.2,2054-1-18,0.0,0.25,23.57,0.0,0.0,0.0,0,0.9140625,3,192,07:20,19:15,2025-03-14 00:18:36.494128,Marina di Stabia,31.1,6.639279,14.05905,5.7798514,10.930394,EU EEA Common AQI,73.8,6.5582366,13.21546,3600,4.811594,100,100,51.4,8.937198,Very Low,75.5,6.355935,100,1739186100,Very Low,9.633085,6.8510075,Very Low,6.062216,42.9,5.362319,100,1739186100,5.362319
2025-03-14T00:18:47Z,0,29.696,73.8,42,63.3,13,10,162,65,0.0,255,32767,0.21,2054-1-18,0.01,0.26,23.58,0.0,0.0,0.0,0,0.9140625,3,192,07:20,19:15,2025-03-14 00:18:47.584083,Marina di Stabia,31.1,6.639279,14.05905,5.7798514,10.930394,EU EEA Common AQI,73.8,6.5582366,13.21546,3600,4.811594,100,100,51.4,8.937198,Very Low,75.5,6.355935,100,1739186100,Very Low,9.633085,6.8510075,Very Low,6.062216,42.9,5.362319,100,1739186100,5.362319
2025-03-14T00:18:58Z,0,29.696,73.8,42,63.2,10,10,163,65,0.0,255,32767,0.21,2054-1-18,0.01,0.26,23.58,0.0,0.0,0.0,0,0.908203125,3,192,07:20,19:15,2025-03-14 00:18:58.669130,Marina di Stabia,31.1,6.639279,14.05905,5.7798514,10.930394,EU EEA Common AQI,73.8,6.5582366,13.21546,3600,4.811594,100,100,51.4,8.937198,Very Low,75.5,6.355935,100,1739186100,Very Low,9.633085,6.8510075,Very Low,6.062216,42.9,5.362319,100,1739186100,5.362319
2025-03-14T00:19:09Z,0,29.696,73.8,42,63.2,8,10,163,64,0.0,255,32767,0.21,2054-1-18,0.01,0.26,23.58,0.0,0.0,0.0,0,0.908203125,3,192,07:20,19:15,2025-03-14 00:19:09.773118,Marina di Stabia,31.1,6.639279,14.05905,5.7798514,10.930394,EU EEA Common AQI,73.8,6.5582366,13.21546,3600,4.811594,100,100,51.4,8.937198,Very Low,75.5,6.355935,100,1739186100,Very Low,9.633085,6.8510075,Very Low,6.062216,42.9,5.362319,100,1739186100,5.362319
2025-03-14T00:19:21Z,0,29.696,73.8,42,63.2,8,10,159,64,0.0,255,32767,0.21,2054-1-18,0.01,0.26,23.58,0.0,0.0,0.0,0,0.908203125,3,192,07:20,19:15,2025-03-14 00:19:20.855101,Marina di Stabia,31.1,6.639279,14.05905,5.7798514,10.930394,EU EEA Common AQI,73.8,6.5582366,13.21546,3600,4.811594,100,100,51.4,8.937198,Very Low,75.5,6.355935,100,1739186100,Very Low,9.633085,6.8510075,Very Low,6.062216,42.9,5.362319,100,1739186100,5.362319
2025-03-14T00:19:32Z,0,29.696,73.8,42,63.2,6,10,178,64,0.0,255,32767,0.21,2054-1-18,0.01,0.26,23.58,0.0,0.0,0.0,0,0.908203125,3,192,07:20,19:15,2025-03-14 00:19:32.009122,Marina di Stabia,31.1,6.639279,14.05905,5.7798514,10.930394,EU EEA Common AQI,73.8,6.5582366,13.21546,3600,4.811594,100,100,51.4,8.937198,Very Low,75.5,6.355935,100,1739186100,Very Low,9.633085,6.8510075,Very Low,6.062216,42.9,5.362319,100,1739186100,5.362319
2025-03-14T00:19:43Z,0,29.696,73.8,42,63.2,6,10,178,64,0.0,255,32767,0.21,2054-1-18,0.01,0.26,23.58,0.0,0.0,0.0,0,0.908203125,3,192,07:20,19:15,2025-03-14 00:19:43.093134,Marina di Stabia,31.1,6.639279,14.05905,5.7798514,10.930394,EU EEA Common AQI,73.8,6.5582366,13.21546,3600,4.811594,100,100,51.4,8.937198,Very Low,75.5,6.355935,100,1739186100,Very Low,9.633085,6.8510075,Very Low,6.062216,42.9,5.362319,100,1739186100,5.362319
2025-03-14T00:19:54Z,0,29.696,73.8,42,63.2,8,10,161,64,0.0,255,32767,0.21,2054-1-18,0.01,0.26,23.58,0.0,0.0,0.0,0,0.908203125,3,192,07:20,19:15,2025-03-14 00:19:54.203118,Marina di Stabia,31.1,6.639279,14.05905,5.7798514,10.930394,EU EEA Common AQI,73.8,6.5582366,13.21546,3600,4.811594,100,100,51.4,8.937198,Very Low,75.5,6.355935,100,1739186100,Very Low,9.633085,6.8510075,Very Low,6.062216,42.9,5.362319,100,1739186100,5.362319
2025-03-14T00:20:05Z,0,29.695,73.8,42,63.1,9,10,161,63,0.0,255,32767,0.21,2054-1-18,0.01,0.26,23.58,0.0,0.0,0.0,0,0.99609375,3,192,07:20,19:15,2025-03-14 00:20:05.293118,Marina di Stabia,31.1,6.639279,14.05905,5.7798514,10.930394,EU EEA Common AQI,73.8,6.5582366,13.21546,3600,4.811594,100,100,51.4,8.937198,Very Low,75.5,6.355935,100,1739186100,Very Low,9.633085,6.8510075,Very Low,6.062216,42.9,5.362319,100,1739186100,5.362319
2025-03-14T00:20:16Z,0,29.695,73.8,42,63.1,10,10,151,63,0.0,255,32767,0.21,2054-1-18,0.01,0.26,23.58,0.0,0.0,0.0,0,0.99609375,3,192,07:20,19:15,2025-03-14 00:20:16.417129,Marina di Stabia,31.1,6.639279,14.05905,5.7798514,10.930394,EU EEA Common AQI,73.8,6.5582366,13.21546,3600,4.811594,100,100,51.4,8.937198,Very Low,75.5,6.355935,100,1739186100,Very Low,9.633085,6.8510075,Very Low,6.062216,42.9,5.362319,100,1739186100,5.362319
2025-03-14T00:20:27Z,0,29.695,73.8,42,63.1,10,10,151,63,0.0,255,32767,0.21,2054-1-18,0.01,0.26,23.58,0.0,0.0,0.0,0,0.99609375,3,192,07:20,19:15,2025-03-14 00:20:27.507127,Marina di Stabia,31.1,6.639279,14.05905,5.7798514,10.930394,EU EEA Common AQI,73.8,6.5582366,13.21546,3600,4.811594,100,100,51.4,8.937198,Very Low,75.5,6.355935,100,1739186100,Very Low,9.633085,6.8510075,Very Low,6.062216,42.9,5.362319,100,1739186100,5.362319
2025-03-14T00:20:38Z,0,29.695,73.8,42,63.1,10,10,151,63,0.0,255,32767,0.21,2054-1-18,0.01,0.26,23.58,0.0,0.0,0.0,0,0.99609375,3,192,07:20,19:15,2025-03-14 00:20:38.608120,Marina di Stabia,31.1,6.639279,14.05905,5.7798514,10.930394,EU EEA Common AQI,73.8,6.5582366,13.21546,3600,4.811594,100,100,51.4,8.937198,Very Low,75.5,6.355935,100,1739186100,Very Low,9.633085,6.8510075,Very Low,6.062216,42.9,5.362319,100,1739186100,5.362319
2025-03-14T00:20:49Z,0,29.695,73.8,42,63.2,7,10,195,63,0.0,255,32767,0.21,2054-1-18,0.01,0.26,23.58,0.0,0.0,0.0,0,0.99609375,3,192,07:20,19:15,2025-03-14 00:20:49.728089,Marina di Stabia,31.1,6.639279,14.05905,5.7798514,10.930394,EU EEA Common AQI,73.8,6.5582366,13.21546,3600,4.811594,100,100,51.4,8.937198,Very Low,75.5,6.355935,100,1739186100,Very Low,9.633085,6.8510075,Very Low,6.062216,42.9,5.362319,100,1739186100,5.362319
2025-03-14T00:21:01Z,0,29.695,73.8,42,63.2,7,10,188,64,0.0,255,32767,0.21,2054-1-18,0.01,0.26,23.58,0.0,0.0,0.0,0,0.9375,3,192,07:20,19:15,2025-03-14 00:21:00.820110,Marina di Stabia,31.1,6.639279,14.05905,5.7798514,10.930394,EU EEA Common AQI,73.8,6.5582366,13.21546,3600,4.811594,100,100,51.4,8.937198,Very Low,75.5,6.355935,100,1739186100,Very Low,9.633085,6.8510075,Very Low,6.062216,42.9,5.362319,100,1739186100,5.362319
2025-03-14T00:21:12Z,0,29.695,73.8,42,63.2,9,10,167,64,0.0,255,32767,0.21,2054-1-18,0.01,0.26,23.58,0.0,0.0,0.0,0,0.9375,3,192,07:20,19:15,2025-03-14 00:21:12.035108,Marina di Stabia,31.1,6.639279,14.05905,5.7798514,10.930394,EU EEA Common AQI,73.8,6.5582366,13.21546,3600,4.811594,100,100,51.4,8.937198,Very Low,75.5,6.355935,100,1739186100,Very Low,9.633085,6.8510075,Very Low,6.062216,42.9,5.362319,100,1739186100,5.362319
2025-03-14T00:21:23Z,0,29.695,73.8,42,63.1,6,10,161,64,0.0,255,32767,0.21,2054-1-18,0.01,0.26,23.58,0.0,0.0,0.0,0,0.9375,3,192,07:20,19:15,2025-03-14 00:21:23.129121,Marina di Stabia,31.1,6.639279,14.05905,5.7798514,10.930394,EU EEA Common AQI,73.8,6.5582366,13.21546,3600,4.811594,100,100,51.4,8.937198,Very Low,75.5,6.355935,100,1739186100,Very Low,9.633085,6.8510075,Very Low,6.062216,42.9,5.362319,100,1739186100,5.362319
2025-03-14T00:21:34Z,0,29.695,73.8,42,63.1,7,10,161,64,0.0,255,32767,0.21,2054-1-18,0.01,0.26,23.58,0.0,0.0,0.0,0,0.9375,3,192,07:20,19:15,2025-03-14 00:21:34.224144,Marina di Stabia,31.1,6.639279,14.05905,5.7798514,10.930394,EU EEA Common AQI,73.8,6.5582366,13.21546,3600,4.811594,100,100,51.4,8.937198,Very Low,75.5,6.355935,100,1739186100,Very Low,9.633085,6.8510075,Very Low,6.062216,42.9,5.362319,100,1739186100,5.362319
2025-03-14T00:21:45Z,0,29.695,73.8,42,63.1,8,10,170,64,0.0,255,32767,0.21,2054-1-18,0.01,0.26,23.58,0.0,0.0,0.0,0,0.9375,3,192,07:20,19:15,2025-03-14 00:21:45.318127,Marina di Stabia,31.1,6.639279,14.05905,5.7798514,10.930394,EU EEA Common AQI,73.8,6.5582366,13.21546,3600,4.811594,100,100,51.4,8.937198,Very Low,75.5,6.355935,100,1739186100,Very Low,9.633085,6.8510075,Very Low,6.062216,42.9,5.362319,100,1739186100,5.362319
2025-03-14T00:21:56Z,0,29.695,73.8,42,63.1,6,9,178,64,0.0,255,32767,0.21,2054-1-18,0.01,0.26,23.58,0.0,0.0,0.0,0,1.55859375,3,192,07:20,19:15,2025-03-14 00:21:56.459109,Marina di Stabia,31.1,6.639279,14.05905,5.7798514,10.930394,EU EEA Common AQI,73.8,6.5582366,13.21546,3600,4.811594,100,100,51.4,8.937198,Very Low,75.5,6.355935,100,1739186100,Very Low,9.633085,6.8510075,Very Low,6.062216,42.9,5.362319,100,1739186100,5.362319
2025-03-14T00:22:07Z,0,29.695,73.8,42,63.1,7,9,181,64,0.0,255,32767,0.21,2054-1-18,0.01,0.26,23.58,0.0,0.0,0.0,0,1.55859375,3,192,07:20,19:15,2025-03-14 00:22:07.551121,Marina di Stabia,31.1,6.639279,14.05905,5.7798514,10.930394,EU EEA Common AQI,73.8,6.5582366,13.21546,3600,4.811594,100,100,51.4,8.937198,Very Low,75.5,6.355935,100,1739186100,Very Low,9.633085,6.8510075,Very Low,6.062216,42.9,5.362319,100,1739186100,5.362319
2025-03-14T00:22:18Z,0,29.695,73.8,42,63.1,9,9,195,64,0.0,255,32767,0.21,2054-1-18,0.01,0.26,23.58,0.0,0.0,0.0,0,1.55859375,3,192,07:20,19:15,2025-03-14 00:22:18.653123,Marina di Stabia,31.1,6.639279,14.05905,5.7798514,10.930394,EU EEA Common AQI,73.8,6.5582366,13.21546,3600,4.811594,100,100,51.4,8.937198,Very Low,75.5,6.355935,100,1739186100,Very Low,9.633085,6.8510075,Very Low,6.062216,42.9,5.362319,100,1739186100,5.362319
2025-03-14T00:22:29Z,0,29.695,73.8,42,63.1,9,9,213,64,0.0,255,32767,0.21,2054-1-18,0.01,0.26,23.58,0.0,0.0,0.0,0,1.55859375,3,192,07:20,19:15,2025-03-14 00:22:29.747125,Marina di Stabia,31.1,6.639279,14.05905,5.7798514,10.930394,EU EEA Common AQI,73.8,6.5582366,13.21546,3600,4.811594,100,100,51.4,8.937198,Very Low,75.5,6.355935,100,1739186100,Very Low,9.633085,6.8510075,Very Low,6.062216,42.9,5.362319,100,1739186100,5.362319
2025-03-14T00:22:41Z,0,29.695,73.8,42,63.1,9,9,182,64,0.0,255,32767,0.21,2054-1-18,0.01,0.26,23.58,0.0,0.0,0.0,0,1.55859375,3,192,07:20,19:15,2025-03-14 00:22:40.839114,Marina di Stabia,31.1,6.639279,14.05905,5.7798514,10.930394,EU EEA Common AQI,73.8,6.5582366,13.21546,3600,4.811594,100,100,51.4,8.937198,Very Low,75.5,6.355935,100,1739186100,Very Low,9.633085,6.8510075,Very Low,6.062216,42.9,5.362319,100,1739186100,5.362319
2025-03-14T00:22:52Z,0,29.695,73.8,42,63.1,11,9,186,64,0.0,255,32767,0.21,2054-1-18,0.01,0.26,23.58,0.0,0.0,0.0,0,1.55859375,3,192,07:20,19:15,2025-03-14 00:22:51.961133,Marina di Stabia,31.1,6.639279,14.05905,5.7798514,10.930394,EU EEA Common AQI,73.8,6.5582366,13.21546,3600,4.811594,100,100,51.4,8.937198,Very Low,75.5,6.355935,100,1739186100,Very Low,9.633085,6.8510075,Very Low,6.062216,42.9,5.362319,100,1739186100,5.362319
2025-03-14T00:23:03Z,0,29.693,73.8,42,63.1,11,9,191,64,0.0,255,32767,0.21,2054-1-18,0.01,0.26,23.58,0.0,0.0,0.0,0,0.908203125,3,192,07:20,19:15,2025-03-14 00:23:03.046089,Marina di Stabia,31.1,6.639279,14.05905,5.7798514,10.930394,EU EEA Common AQI,73.8,6.5582366,13.21546,3600,4.811594,100,100,51.4,8.937198,Very Low,75.5,6.355935,100,1739186100,Very Low,9.633085,6.8510075,Very Low,6.062216,42.9,5.362319,100,1739186100,5.362319
2025-03-14T00:23:14Z,0,29.693,73.8,42,63.1,11,9,191,64,0.0,255,32767,0.21,2054-1-18,0.01,0.26,23.58,0.0,0.0,0.0,0,0.908203125,3,192,07:20,19:15,2025-03-14 00:23:14.139133,Marina di Stabia,31.1,6.639279,14.05905,5.7798514,10.930394,EU EEA Common AQI,73.8,6.5582366,13.21546,3600,4.811594,100,100,51.4,8.937198,Very Low,75.5,6.355935,100,1739186100,Very Low,9.633085,6.8510075,Very Low,6.062216,42.9,5.362319,100,1739186100,5.362319
2025-03-14T00:23:25Z,0,29.693,73.8,42,63.1,3,9,219,64,0.0,255,32767,0.21,2054-1-18,0.01,0.26,23.58,0.0,0.0,0.0,0,0.908203125,3,192,07:20,19:15,2025-03-14 00:23:25.226125,Marina di Stabia,31.1,6.639279,14.05905,5.7798514,10.930394,EU EEA Common AQI,73.8,6.5582366,13.21546,3600,4.811594,100,100,51.4,8.937198,Very Low,75.5,6.355935,100,1739186100,Very Low,9.633085,6.8510075,Very Low,6.062216,42.9,5.362319,100,1739186100,5.362319
2025-03-14T00:23:36Z,0,29.693,73.8,42,63.1,2,9,302,65,0.0,255,32767,0.21,2054-1-18,0.01,0.26,23.58,0.0,0.0,0.0,0,0.908203125,3,192,07:20,19:15,2025-03-14 00:23:36.310125,Marina di Stabia,31.1,6.639279,14.05905,5.7798514,10.930394,EU EEA Common AQI,73.8,6.5582366,13.21546,3600,4.811594,100,100,51.4,8.937198,Very Low,75.5,6.355935,100,1739186100,Very Low,9.633085,6.8510075,Very Low,6.062216,42.9,5.362319,100,1739186100,5.362319
2025-03-14T00:23:47Z,0,29.693,73.8,42,63.1,4,9,286,65,0.0,255,32767,0.21,2054-1-18,0.01,0.26,23.58,0.0,0.0,0.0,0,0.908203125,3,192,07:20,19:15,2025-03-14 00:23:47.412125,Marina di Stabia,31.1,6.639279,14.05905,5.7798514,10.930394,EU EEA Common AQI,73.8,6.5582366,13.21546,3600,4.811594,100,100,51.4,8.937198,Very Low,75.5,6.355935,100,1739186100,Very Low,9.633085,6.8510075,Very Low,6.062216,42.9,5.362319,100,1739186100,5.362319
2025-03-14T00:23:58Z,0,29.693,73.8,42,63.1,2,9,216,65,0.11,255,32767,0.21,2054-1-18,0.01,0.26,23.58,0.0,0.0,0.0,0,0.966796875,3,192,07:20,19:15,2025-03-14 00:23:58.534116,Marina di Stabia,31.1,6.639279,14.05905,5.7798514,10.930394,EU EEA Common AQI,73.8,6.5582366,13.21546,3600,4.811594,100,100,51.4,8.937198,Very Low,75.5,6.355935,100,1739186100,Very Low,9.633085,6.8510075,Very Low,6.062216,42.9,5.362319,100,1739186100,5.362319
2025-03-14T00:24:09Z,0,29.693,73.8,42,63.1,3,9,49,65,0.11,255,32767,0.21,2054-1-18,0.01,0.26,23.58,0.0,0.0,0.0,0,0.966796875,3,192,07:20,19:15,2025-03-14 00:24:09.627134,Marina di Stabia,31.1,6.639279,14.05905,5.7798514,10.930394,EU EEA Common AQI,73.8,6.5582366,13.21546,3600,4.811594,100,100,51.4,8.937198,Very Low,75.5,6.355935,100,1739186100,Very Low,9.633085,6.8510075,Very Low,6.062216,42.9,5.362319,100,1739186100,5.362319
2025-03-14T00:24:20Z,0,29.693,73.8,42,63.1,4,9,163,65,0.11,255,32767,0.22,2054-1-18,0.02,0.27,23.59,0.0,0.0,0.0,0,0.966796875,3,192,07:20,19:15,2025-03-14 00:24:20.719132,Marina di Stabia,31.1,6.639279,14.05905,5.7798514,10.930394,EU EEA Common AQI,73.8,6.5582366,13.21546,3600,4.811594,100,100,51.4,8.937198,Very Low,75.5,6.355935,100,1739186100,Very Low,9.633085,6.8510075,Very Low,6.062216,42.9,5.362319,100,1739186100,5.362319
2025-03-14T00:24:32Z,0,29.693,73.8,42,63.0,2,9,47,65,0.11,255,32767,0.22,2054-1-18,0.02,0.27,23.59,0.0,0.0,0.0,0,0.966796875,3,192,07:20,19:15,2025-03-14 00:24:31.800122,Marina di Stabia,31.1,6.639279,14.05905,5.7798514,10.930394,EU EEA Common AQI,73.8,6.5582366,13.21546,3600,4.811594,100,100,51.4,8.937198,Very Low,75.5,6.355935,100,1739186100,Very Low,9.633085,6.8510075,Very Low,6.062216,42.9,5.362319,100,1739186100,5.362319
2025-03-14T00:24:43Z,0,29.693,73.8,42,63.0,8,9,159,65,0.11,255,32767,0.22,2054-1-18,0.02,0.27,23.59,0.0,0.0,0.0,0,0.966796875,3,192,07:20,19:15,2025-03-14 00:24:42.897118,Marina di Stabia,31.1,6.639279,14.05905,5.7798514,10.930394,EU EEA Common AQI,73.8,6.5582366,13.21546,3600,4.811594,100,100,51.4,8.937198,Very Low,75.5,6.355935,100,1739186100,Very Low,9.633085,6.8510075,Very Low,6.062216,42.9,5.362319,100,1739186100,5.362319
2025-03-14T00:24:54Z,0,29.693,73.8,42,63.0,10,9,157,65,0.11,255,32767,0.22,2054-1-18,0.02,0.27,23.59,0.0,0.0,0.0,0,0.966796875,3,192,07:20,19:15,2025-03-14 00:24:53.993128,Marina di Stabia,31.1,6.639279,14.05905,5.7798514,10.930394,EU EEA Common AQI,73.8,6.5582366,13.21546,3600,4.811594,100,100,51.4,8.937198,Very Low,75.5,6.355935,100,1739186100,Very Low,9.633085,6.8510075,Very Low,6.062216,42.9,5.362319,100,1739186100,5.362319
2025-03-14T00:25:05Z,0,29.695,73.8,41,63.0,11,8,154,65,0.11,255,32767,0.22,2054-1-18,0.02,0.27,23.59,0.0,0.0,0.0,0,0.990234375,3,192,07:20,19:15,2025-03-14 00:25:05.109117,Marina di Stabia,31.1,6.639279,14.05905,5.7798514,10.930394,EU EEA Common AQI,73.8,6.5582366,13.21546,3600,4.811594,100,100,51.4,8.937198,Very Low,75.5,6.355935,100,1739186100,Very Low,9.633085,6.8510075,Very Low,6.062216,42.9,5.362319,100,1739186100,5.362319
2025-03-14T00:25:16Z,0,29.695,73.8,41,63.0,9,8,196,64,0.11,255,32767,0.22,2054-1-18,0.02,0.27,23.59,0.0,0.0,0.0,0,0.990234375,3,192,07:20,19:15,2025-03-14 00:25:16.194118,Marina di Stabia,31.1,6.639279,14.05905,5.7798514,10.930394,EU EEA Common AQI,73.8,6.5582366,13.21546,3600,4.811594,100,100,51.4,8.937198,Very Low,75.5,6.355935,100,1739186100,Very Low,9.633085,6.8510075,Very Low,6.062216,42.9,5.362319,100,1739186100,5.362319
2025-03-14T00:25:27Z,0,29.695,73.8,41,63.0,11,8,182,64,0.11,255,32767,0.22,2054-1-18,0.02,0.27,23.59,0.0,0.0,0.0,0,0.990234375,3,192,07:20,19:15,2025-03-14 00:25:27.282129,Marina di Stabia,31.1,6.639279,14.05905,5.7798514,10.930394,EU EEA Common AQI,73.8,6.5582366,13.21546,3600,4.811594,100,100,51.4,8.937198,Very Low,75.5,6.355935,100,1739186100,Very Low,9.633085,6.8510075,Very Low,6.062216,42.9,5.362319,100,1739186100,5.362319
2025-03-14T00:25:38Z,0,29.695,73.8,41,63.0,10,8,214,64,0.11,255,32767,0.22,2054-1-18,0.02,0.27,23.59,0.0,0.0,0.0,0,0.990234375,3,192,07:20,19:15,2025-03-14 00:25:38.377121,Marina di Stabia,31.1,6.639279,14.05905,5.7798514,10.930394,EU EEA Common AQI,73.8,6.5582366,13.21546,3600,4.811594,100,100,51.4,8.937198,Very Low,75.5,6.355935,100,1739186100,Very Low,9.633085,6.8510075,Very Low,6.062216,42.9,5.362319,100,1739186100,5.362319
2025-03-14T00:25:49Z,0,29.695,73.8,41,63.0,13,8,194,64,0.11,255,32767,0.22,2054-1-18,0.02,0.27,23.59,0.0,0.0,0.0,0,0.990234375,3,192,07:20,19:15,2025-03-14 00:25:49.479125,Marina di Stabia,31.1,6.639279,14.05905,5.7798514,10.930394,EU EEA Common AQI,73.8,6.5582366,13.21546,3600,4.811594,100,100,51.4,8.937198,Very Low,75.5,6.355935,100,1739186100,Very Low,9.633085,6.8510075,Very Low,6.062216,42.9,5.362319,100,1739186100,5.362319
2025-03-14T00:26:00Z,0,29.695,73.8,41,63.0,12,8,182,64,0.11,255,32767,0.22,2054-1-18,0.02,0.27,23.59,0.0,0.0,0.0,0,0.9609375,3,192,07:20,19:15,2025-03-14 00:26:00.611123,Marina di Stabia,31.1,6.639279,14.05905,5.7798514,10.930394,EU EEA Common AQI,73.8,6.5582366,13.21546,3600,4.811594,100,100,51.4,8.937198,Very Low,75.5,6.355935,100,1739186100,Very Low,9.633085,6.8510075,Very Low,6.062216,42.9,5.362319,100,1739186100,5.362319
2025-03-14T00:26:12Z,0,29.695,73.8,41,63.0,14,8,175,64,0.11,255,32767,0.22,2054-1-18,0.02,0.27,23.59,0.0,0.0,0.0,0,0.9609375,3,192,07:20,19:15,2025-03-14 00:26:11.910131,Marina di Stabia,31.1,6.639279,14.05905,5.7798514,10.930394,EU EEA Common AQI,73.8,6.5582366,13.21546,3600,4.811594,100,100,51.4,8.937198,Very Low,75.5,6.355935,100,1739186100,Very Low,9.633085,6.8510075,Very Low,6.062216,42.9,5.362319,100,1739186100,5.362319
2025-03-14T00:26:23Z,0,29.695,73.8,41,63.0,9,8,182,64,0.11,255,32767,0.22,2054-1-18,0.02,0.27,23.59,0.0,0.0,0.0,0,0.9609375,3,192,07:20,19:15,2025-03-14 00:26:23.004123,Marina di Stabia,31.1,6.639279,14.05905,5.7798514,10.930394,EU EEA Common AQI,73.8,6.5582366,13.21546,3600,4.811594,100,100,51.4,8.937198,Very Low,75.5,6.355935,100,1739186100,Very Low,9.633085,6.8510075,Very Low,6.062216,42.9,5.362319,100,1739186100,5.362319
2025-03-14T00:26:34Z,0,29.695,73.8,41,63.0,9,8,182,64,0.11,255,32767,0.22,2054-1-18,0.02,0.27,23.59,0.0,0.0,0.0,0,0.9609375,3,192,07:20,19:15,2025-03-14 00:26:34.098125,Marina di Stabia,31.1,6.639279,14.05905,5.7798514,10.930394,EU EEA Common AQI,73.8,6.5582366,13.21546,3600,4.811594,100,100,51.4,8.937198,Very Low,75.5,6.355935,100,1739186100,Very Low,9.633085,6.8510075,Very Low,6.062216,42.9,5.362319,100,1739186100,5.362319
2025-03-14T00:26:45Z,0,29.695,73.8,41,63.0,11,8,161,64,0.11,255,32767,0.22,2054-1-18,0.02,0.27,23.59,0.0,0.0,0.0,0,0.9609375,3,192,07:20,19:15,2025-03-14 00:26:45.214114,Marina di Stabia,31.1,6.639279,14.05905,5.7798514,10.930394,EU EEA Common AQI,73.8,6.5582366,13.21546,3600,4.811594,100,100,51.4,8.937198,Very Low,75.5,6.355935,100,1739186100,Very Low,9.633085,6.8510075,Very Low,6.062216,42.9,5.362319,100,1739186100,5.362319
2025-03-14T00:26:56Z,0,29.695,73.8,41,63.0,13,8,155,64,0.11,255,32767,0.22,2054-1-18,0.02,0.27,23.59,0.0,0.0,0.0,0,1.21875,3,192,07:20,19:15,2025-03-14 00:26:56.462129,Marina di Stabia
2025-03-14T00:27:07Z,0,29.693,73.8,41,63.0,13,8,152,64,0.11,255,32767,0.22,2054-1-18,0.02,0.27,23.59,0.0,0.0,0.0,0,1.21875,3,192,07:20,19:15,2025-03-14 00:27:07.535085,Marina di Stabia
2025-03-14T00:27:18Z,0,29.693,73.8,41,63.0,10,8,152,64,0.11,255,32767,0.22,2054-1-18,0.02,0.27,23.59,0.0,0.0,0.0,0,1.21875,3,192,07:20,19:15,2025-03-14 00:27:18.644118,Marina di Stabia
2025-03-14T00:27:29Z,0,29.693,73.8,41,63.0,10,8,143,64,0.11,255,32767,0.22,2054-1-18,0.02,0.27,23.59,0.0,0.0,0.0,0,1.21875,3,192,07:20,19:15,2025-03-14 00:27:29.729121,Marina di Stabia
2025-03-14T00:27:41Z,0,29.693,73.8,41,63.0,11,8,149,64,0.11,255,32767,0.22,2054-1-18,0.02,0.27,23.59,0.0,0.0,0.0,0,1.21875,3,192,07:20,19:15,2025-03-14 00:27:40.806111,Marina di Stabia
2025-03-14T00:27:52Z,0,29.693,73.8,41,62.9,11,8,163,64,0.11,255,32767,0.22,2054-1-18,0.02,0.27,23.59,0.0,0.0,0.0,0,1.21875,3,192,07:20,19:15,2025-03-14 00:27:51.893117,Marina di Stabia
2025-03-14T00:28:03Z,0,29.696,73.8,41,62.9,7,9,165,64,0.11,255,32767,0.22,2054-1-18,0.02,0.27,23.59,0.0,0.0,0.0,0,0.966796875,3,192,07:20,19:15,2025-03-14 00:28:02.972135,Marina di Stabia
2025-03-14T00:28:14Z,0,29.696,73.8,41,62.9,6,9,169,64,0.11,255,32767,0.22,2054-1-18,0.02,0.27,23.59,0.0,0.0,0.0,0,0.966796875,3,192,07:20,19:15,2025-03-14 00:28:14.041118,Marina di Stabia
2025-03-14T00:28:25Z,0,29.696,73.8,41,62.9,10,9,177,64,0.11,255,32767,0.22,2054-1-18,0.02,0.27,23.59,0.0,0.0,0.0,0,0.966796875,3,192,07:20,19:15,2025-03-14 00:28:25.153125,Marina di Stabia
2025-03-14T00:28:36Z,0,29.696,73.8,41,63.0,10,9,174,64,0.11,255,32767,0.22,2054-1-18,0.02,0.27,23.59,0.0,0.0,0.0,0,0.966796875,3,192,07:20,19:15,2025-03-14 00:28:36.231117,Marina di Stabia
2025-03-14T00:28:47Z,0,29.696,73.8,41,63.0,15,9,167,64,0.11,255,32767,0.22,2054-1-18,0.02,0.27,23.59,0.0,0.0,0.0,0,0.966796875,3,192,07:20,19:15,2025-03-14 00:28:47.317113,Marina di Stabia
2025-03-14T00:28:58Z,0,29.697,73.8,42,62.9,11,9,161,64,0.11,255,32767,0.22,2054-1-18,0.02,0.27,23.59,0.0,0.0,0.0,0,2.513671875,3,192,07:20,19:15,2025-03-14 00:28:58.393117,Marina di Stabia
2025-03-14T00:29:09Z,0,29.697,73.8,42,62.9,9,9,161,64,0.11,255,32767,0.22,2054-1-18,0.02,0.27,23.59,0.0,0.0,0.0,0,2.513671875,3,192,07:20,19:15,2025-03-14 00:29:09.470126,Marina di Stabia
2025-03-14T00:29:20Z,0,29.697,73.8,42,62.9,10,9,162,64,0.11,255,32767,0.22,2054-1-18,0.02,0.27,23.59,0.0,0.0,0.0,0,2.513671875,3,192,07:20,19:15,2025-03-14 00:29:20.543129,Marina di Stabia
2025-03-14T00:29:31Z,0,29.697,73.8,42,62.9,8,9,163,66,0.11,255,32767,0.22,2054-1-18,0.02,0.27,23.59,0.0,0.0,0.0,0,2.513671875,3,192,07:20,19:15,2025-03-14 00:29:31.651120,Marina di Stabia
2025-03-14T00:29:42Z,0,29.697,73.8,42,62.8,3,9,140,66,0.11,255,32767,0.22,2054-1-18,0.02,0.27,23.59,0.0,0.0,0.0,0,2.513671875,3,192,07:20,19:15,2025-03-14 00:29:42.754128,Marina di Stabia
2025-03-14T00:29:54Z,0,29.697,73.8,42,62.8,4,9,244,66,0.11,255,32767,0.23,2054-1-18,0.03,0.28,23.6,0.0,0.0,0.0,0,2.513671875,3,192,07:20,19:15,2025-03-14 00:29:53.840123,Marina di Stabia
2025-03-14T00:30:05Z,0,29.696,73.8,42,62.8,6,8,174,66,0.11,255,32767,0.23,2054-1-18,0.03,0.28,23.6,0.0,0.0,0.0,0,0.97265625,3,192,07:20,19:15,2025-03-14 00:30:04.921115,Marina di Stabia
2025-03-14T00:30:16Z,0,29.696,73.8,42,62.7,10,8,162,66,0.11,255,32767,0.23,2054-1-18,0.03,0.28,23.6,0.0,0.0,0.0,0,0.97265625,3,192,07:20,19:15,2025-03-14 00:30:16.004121,Marina di Stabia
2025-03-14T00:30:27Z,0,29.696,73.8,42,62.7,10,8,139,66,0.11,255,32767,0.23,2054-1-18,0.03,0.28,23.6,0.0,0.0,0.0,0,0.97265625,3,192,07:20,19:15,2025-03-14 00:30:27.093121,Marina di Stabia
2025-03-14T00:30:38Z,0,29.696,73.8,42,62.7,11,8,123,66,0.11,255,32767,0.23,2054-1-18,0.03,0.28,23.6,0.0,0.0,0.0,0,0.97265625,3,192,07:20,19:15,2025-03-14 00:30:38.204136,Marina di Stabia
2025-03-14T00:30:49Z,0,29.696,73.8,42,62.7,7,8,112,66,0.11,255,32767,0.23,2054-1-18,0.03,0.28,23.6,0.0,0.0,0.0,0,0.97265625,3,192,07:20,19:15,2025-03-14 00:30:49.271124,Marina di Stabia
2025-03-14T00:31:00Z,0,29.698,73.8,42,62.6,14,9,139,66,0.11,255,32767,0.23,2054-1-18,0.03,0.28,23.6,0.0,0.0,0.0,0,1.21875,3,192,07:20,19:15,2025-03-14 00:31:00.372135,Marina di Stabia
2025-03-14T00:31:11Z,0,29.698,73.8,42,62.6,13,9,146,66,0.11,255,32767,0.23,2054-1-18,0.03,0.28,23.6,0.0,0.0,0.0,0,1.21875,3,192,07:20,19:15,2025-03-14 00:31:11.466127,Marina di Stabia
2025-03-14T00:31:22Z,0,29.698,73.8,42,62.6,12,9,156,66,0.11,255,32767,0.23,2054-1-18,0.03,0.28,23.6,0.0,0.0,0.0,0,1.21875,3,192,07:20,19:15,2025-03-14 00:31:22.547135,Marina di Stabia
2025-03-14T00:31:33Z,0,29.698,73.8,42,62.6,11,9,152,66,0.11,255,32767,0.23,2054-1-18,0.03,0.28,23.6,0.0,0.0,0.0,0,1.21875,3,192,07:20,19:15,2025-03-14 00:31:33.664121,Marina di Stabia
2025-03-14T00:31:44Z,0,29.698,73.8,42,62.6,10,9,142,66,0.11,255,32767,0.23,2054-1-18,0.03,0.28,23.6,0.0,0.0,0.0,0,1.21875,3,192,07:20,19:15,2025-03-14 00:31:44.741118,Marina di Stabia
2025-03-14T00:31:56Z,0,29.698,73.8,42,62.6,5,9,119,66,0.11,255,32767,0.23,2054-1-18,0.03,0.28,23.6,0.0,0.0,0.0,0,1.21875,3,192,07:20,19:15,2025-03-14 00:31:55.827118,Marina di Stabia
2025-03-14T00:32:07Z,0,29.694,73.8,42,62.6,5,9,79,67,0.11,255,32767,0.23,2054-1-18,0.03,0.28,23.6,0.0,0.0,0.0,0,1.06640625,3,192,07:20,19:15,2025-03-14 00:32:06.910134,Marina di Stabia
2025-03-14T00:32:18Z,0,29.694,73.8,42,62.6,6,9,107,67,0.11,255,32767,0.23,2054-1-18,0.03,0.28,23.6,0.0,0.0,0.0,0,1.06640625,3,192,07:20,19:15,2025-03-14 00:32:17.994135,Marina di Stabia
2025-03-14T00:32:29Z,0,29.694,73.8,42,62.5,1,9,108,67,0.11,255,32767,0.23,2054-1-18,0.03,0.28,23.6,0.0,0.0,0.0,0,1.06640625,3,192,07:20,19:15,2025-03-14 00:32:29.135123,Marina di Stabia
2025-03-14T00:32:40Z,0,29.694,73.8,42,62.5,4,9,121,67,0.11,255,32767,0.23,2054-1-18,0.03,0.28,23.6,0.0,0.0,0.0,0,1.06640625,3,192,07:20,19:15,2025-03-14 00:32:40.247128,Marina di Stabia
2025-03-14T00:32:51Z,0,29.694,73.8,42,62.5,7,9,161,68,0.11,255,32767,0.23,2054-1-18,0.03,0.28,23.6,0.0,0.0,0.0,0,1.06640625,3,192,07:20,19:15,2025-03-14 00:32:51.331129,Marina di Stabia
2025-03-14T00:33:02Z,0,29.694,73.8,42,62.5,7,9,161,68,0.11,255,32767,0.23,2054-1-18,0.03,0.28,23.6,0.0,0.0,0.0,0,0.966796875,3,192,07:20,19:15,2025-03-14 00:33:02.435107,Marina di Stabia
2025-03-14T00:33:13Z,0,29.694,73.8,42,62.5,4,9,162,68,0.11,255,32767,0.23,2054-1-18,0.03,0.28,23.6,0.0,0.0,0.0,0,0.966796875,3,192,07:20,19:15,2025-03-14 00:33:13.510137,Marina di Stabia
2025-03-14T00:33:24Z,0,29.694,73.8,42,62.5,5,9,216,68,0.11,255,32767,0.23,2054-1-18,0.03,0.28,23.6,0.0,0.0,0.0,0,0.966796875,3,192,07:20,19:15,2025-03-14 00:33:24.623126,Marina di Stabia
2025-03-14T00:33:35Z,0,29.694,73.8,42,62.5,4,9,128,68,0.11,255,32767,0.23,2054-1-18,0.03,0.28,23.6,0.0,0.0,0.0,0,0.966796875,3,192,07:20,19:15,2025-03-14 00:33:35.727130,Marina di Stabia
2025-03-14T00:33:47Z,0,29.694,73.8,42,62.4,1,9,132,68,0.11,255,32767,0.23,2054-1-18,0.03,0.28,23.6,0.0,0.0,0.0,0,0.966796875,3,192,07:20,19:15,2025-03-14 00:33:46.870126,Marina di Stabia
2025-03-14T00:33:58Z,0,29.699,73.8,42,62.4,4,9,164,68,0.11,255,32767,0.23,2054-1-18,0.03,0.28,23.6,0.0,0.0,0.0,0,1.634765625,3,192,07:20,19:15,2025-03-14 00:33:57.943127,Marina di Stabia
2025-03-14T00:34:09Z,0,29.699,73.8,42,62.4,5,9,171,68,0.11,255,32767,0.23,2054-1-18,0.03,0.28,23.6,0.0,0.0,0.0,0,1.634765625,3,192,07:20,19:15,2025-03-14 00:34:09.039125,Marina di Stabia
2025-03-14T00:34:20Z,0,29.699,73.8,42,62.3,5,9,202,68,0.11,255,32767,0.23,2054-1-18,0.03,0.28,23.6,0.0,0.0,0.0,0,1.634765625,3,192,07:20,19:15,2025-03-14 00:34:20.143085,Marina di Stabia
2025-03-14T00:34:31Z,0,29.699,73.8,42,62.3,8,9,202,68,0.11,255,32767,0.23,2054-1-18,0.03,0.28,23.6,0.0,0.0,0.0,0,1.634765625,3,192,07:20,19:15,2025-03-14 00:34:31.212130,Marina di Stabia
2025-03-14T00:34:42Z,0,29.699,73.8,42,62.3,5,9,159,68,0.11,255,32767,0.23,2054-1-18,0.03,0.28,23.6,0.0,0.0,0.0,0,1.634765625,3,192,07:20,19:15,2025-03-14 00:34:42.279049,Marina di Stabia
2025-03-14T00:34:53Z,0,29.699,73.8,42,62.2,2,9,172,68,0.11,255,32767,0.23,2054-1-18,0.03,0.28,23.6,0.0,0.0,0.0,0,1.634765625,3,192,07:20,19:15,2025-03-14 00:34:53.363095,Marina di Stabia
2025-03-14T00:35:04Z,0,29.701,73.8,42,62.2,11,8,180,68,0.11,255,32767,0.23,2054-1-18,0.03,0.28,23.6,0.0,0.0,0.0,0,0.966796875,3,192,07:20,19:15,2025-03-14 00:35:04.481123,Marina di Stabia
2025-03-14T00:35:15Z,0,29.701,73.8,42,62.2,10,8,211,68,0.1,255,32767,0.23,2054-1-18,0.03,0.28,23.6,0.0,0.0,0.0,0,0.966796875,3,192,07:20,19:15,2025-03-14 00:35:15.561119,Marina di Stabia
2025-03-14T00:35:26Z,0,29.701,73.8,42,62.2,9,8,171,67,0.1,255,32767,0.23,2054-1-18,0.03,0.28,23.6,0.0,0.0,0.0,0,0.966796875,3,192,07:20,19:15,2025-03-14 00:35:26.646137,Marina di Stabia
2025-03-14T00:35:37Z,0,29.701,73.8,42,62.2,12,8,157,67,0.1,255,32767,0.23,2054-1-18,0.03,0.28,23.6,0.0,0.0,0.0,0,0.966796875,3,192,07:20,19:15,2025-03-14 00:35:37.761116,Marina di Stabia
2025-03-14T00:35:49Z,0,29.701,73.8,42,62.2,7,8,183,67,0.09,255,32767,0.23,2054-1-18,0.03,0.28,23.6,0.0,0.0,0.0,0,0.966796875,3,192,07:20,19:15,2025-03-14 00:35:48.837119,Marina di Stabia
2025-03-14T00:36:00Z,0,29.7,73.8,42,62.2,11,8,150,67,0.09,255,32767,0.23,2054-1-18,0.03,0.28,23.6,0.0,0.0,0.0,0,0.966796875,3,192,07:20,19:15,2025-03-14 00:35:59.923124,Marina di Stabia
2025-03-14T00:36:11Z,0,29.7,73.8,42,62.2,12,8,120,67,0.09,255,32767,0.23,2054-1-18,0.03,0.28,23.6,0.0,0.0,0.0,0,0.966796875,3,192,07:20,19:15,2025-03-14 00:36:11.011113,Marina di Stabia
2025-03-14T00:36:22Z,0,29.7,73.8,42,62.2,5,8,145,65,0.08,255,32767,0.23,2054-1-18,0.03,0.28,23.6,0.0,0.0,0.0,0,0.966796875,3,192,07:20,19:15,2025-03-14 00:36:22.090103,Marina di Stabia
2025-03-14T00:36:33Z,0,29.7,73.8,42,62.2,7,8,130,65,0.08,255,32767,0.23,2054-1-18,0.03,0.28,23.6,0.0,0.0,0.0,0,0.966796875,3,192,07:20,19:15,2025-03-14 00:36:33.204112,Marina di Stabia
2025-03-14T00:36:44Z,0,29.7,73.8,42,62.2,6,8,145,65,0.08,255,32767,0.23,2054-1-18,0.03,0.28,23.6,0.0,0.0,0.0,0,0.966796875,3,192,07:20,19:15,2025-03-14 00:36:44.287117,Marina di Stabia
2025-03-14T00:36:55Z,0,29.7,73.8,42,62.3,8,8,135,65,0.08,255,32767,0.23,2054-1-18,0.03,0.28,23.6,0.0,0.0,0.0,0,0.966796875,3,192,07:20,19:15,2025-03-14 00:36:55.392133,Marina di Stabia
2025-03-14T00:37:06Z,0,29.698,73.8,41,62.3,8,8,136,64,0.08,255,32767,0.23,2054-1-18,0.03,0.28,23.6,0.0,0.0,0.0,0,0.99609375,3,192,07:20,19:15,2025-03-14 00:37:06.479152,Marina di Stabia
2025-03-14T00:37:17Z,0,29.698,73.8,41,62.3,7,8,141,64,0.08,255,32767,0.23,2054-1-18,0.03,0.28,23.6,0.0,0.0,0.0,0,0.99609375,3,192,07:20,19:15,2025-03-14 00:37:17.546093,Marina di Stabia
2025-03-14T00:37:28Z,0,29.698,73.8,41,62.3,7,8,140,64,0.08,255,32767,0.23,2054-1-18,0.03,0.28,23.6,0.0,0.0,0.0,0,0.99609375,3,192,07:20,19:15,2025-03-14 00:37:28.622132,Marina di Stabia
2025-03-14T00:37:39Z,0,29.698,73.8,41,62.3,5,8,138,64,0.07,255,32767,0.23,2054-1-18,0.03,0.28,23.6,0.0,0.0,0.0,0,0.99609375,3,192,07:20,19:15,2025-03-14 00:37:39.734088,Marina di Stabia
2025-03-14T00:37:51Z,0,29.698,73.8,41,62.3,3,8,130,64,0.07,255,32767,0.23,2054-1-18,0.03,0.28,23.6,0.0,0.0,0.0,0,0.99609375,3,192,07:20,19:15,2025-03-14 00:37:50.820116,Marina di Stabia
2025-03-14T00:38:02Z,0,29.704,73.8,41,62.3,6,8,154,67,0.07,255,32767,0.23,2054-1-18,0.03,0.28,23.6,0.0,0.0,0.0,0,0.9609375,3,192,07:20,19:15,2025-03-14 00:38:01.903115,Marina di Stabia
2025-03-14T00:38:13Z,0,29.704,73.8,41,62.4,5,8,151,67,0.07,255,32767,0.23,2054-1-18,0.03,0.28,23.6,0.0,0.0,0.0,0,0.9609375,3,192,07:20,19:15,2025-03-14 00:38:13.005086,Marina di Stabia
2025-03-14T00:38:24Z,0,29.704,73.8,41,62.5,5,8,188,67,0.07,255,32767,0.23,2054-1-18,0.03,0.28,23.6,0.0,0.0,0.0,0,0.9609375,3,192,07:20,19:15,2025-03-14 00:38:24.081122,Marina di Stabia
2025-03-14T00:38:35Z,0,29.704,73.8,41,62.5,7,8,175,67,0.07,255,32767,0.24,2054-1-18,0.04,0.29,23.61,0.0,0.0,0.0,0,0.9609375,3,192,07:20,19:15,2025-03-14 00:38:35.181133,Marina di Stabia
2025-03-14T00:38:46Z,0,29.704,73.8,41,62.3,7,8,191,67,0.06,255,32767,0.24,2054-1-18,0.04,0.29,23.61,0.0,0.0,0.0,0,0.9609375,3,192,07:20,19:15,2025-03-14 00:38:46.293142,Marina di Stabia
2025-03-14T00:38:57Z,0,29.703,73.8,41,62.3,7,7,188,67,0.06,255,32767,0.24,2054-1-18,0.04,0.29,23.61,0.0,0.0,0.0,0,1.23046875,3,192,07:20,19:15,2025-03-14 00:38:57.377124,Marina di Stabia
2025-03-14T00:39:08Z,0,29.703,73.8,41,62.4,3,7,174,67,0.06,255,32767,0.24,2054-1-18,0.04,0.29,23.61,0.0,0.0,0.0,0,1.23046875,3,192,07:20,19:15,2025-03-14 00:39:08.449127,Marina di Stabia
2025-03-14T00:39:19Z,0,29.703,73.8,41,62.4,2,7,287,67,0.06,255,32767,0.24,2054-1-18,0.04,0.29,23.61,0.0,0.0,0.0,0,1.23046875,3,192,07:20,19:15,2025-03-14 00:39:19.562127,Marina di Stabia
2025-03-14T00:39:30Z,0,29.703,73.8,41,62.3,2,7,287,67,0.06,255,32767,0.24,2054-1-18,0.04,0.29,23.61,0.0,0.0,0.0,0,1.23046875,3,192,07:20,19:15,2025-03-14 00:39:30.650120,Marina di Stabia
2025-03-14T00:39:41Z,0,29.703,73.8,41,62.4,3,7,180,67,0.06,255,32767,0.24,2054-1-18,0.04,0.29,23.61,0.0,0.0,0.0,0,1.23046875,3,192,07:20,19:15,2025-03-14 00:39:41.733141,Marina di Stabia
2025-03-14T00:39:53Z,0,29.703,73.8,41,62.4,1,7,180,67,0.06,255,32767,0.24,2054-1-18,0.04,0.29,23.61,0.0,0.0,0.0,0,1.23046875,3,192,07:20,19:15,2025-03-14 00:39:52.813132,Marina di Stabia
2025-03-14T00:40:04Z,0,29.703,73.8,42,62.4,0,7,180,67,0.06,255,32767,0.24,2054-1-18,0.04,0.29,23.61,0.0,0.0,0.0,0,0.966796875,3,192,07:20,19:15,2025-03-14 00:40:03.959127,Marina di Stabia
2025-03-14T00:40:15Z,0,29.703,73.8,42,62.4,0,7,180,67,0.06,255,32767,0.24,2054-1-18,0.04,0.29,23.61,0.0,0.0,0.0,0,0.966796875,3,192,07:20,19:15,2025-03-14 00:40:15.041098,Marina di Stabia
2025-03-14T00:40:26Z,0,29.703,73.8,42,62.4,4,7,69,67,0.06,255,32767,0.24,2054-1-18,0.04,0.29,23.61,0.0,0.0,0.0,0,0.966796875,3,192,07:20,19:15,2025-03-14 00:40:26.117124,Marina di Stabia
2025-03-14T00:40:37Z,0,29.703,73.8,42,62.4,3,7,70,68,0.06,255,32767,0.24,2054-1-18,0.04,0.29,23.61,0.0,0.0,0.0,0,0.966796875,3,192,07:20,19:15,2025-03-14 00:40:37.190118,Marina di Stabia
2025-03-14T00:40:48Z,0,29.703,73.8,42,62.4,4,7,70,68,0.06,255,32767,0.24,2054-1-18,0.04,0.29,23.61,0.0,0.0,0.0,0,0.966796875,3,192,07:20,19:15,2025-03-14 00:40:48.275121,Marina di Stabia
2025-03-14T00:40:59Z,0,29.701,73.8,42,62.3,4,6,70,68,0.06,255,32767,0.24,2054-1-18,0.04,0.29,23.61,0.0,0.0,0.0,0,2.28515625,3,192,07:20,19:15,2025-03-14 00:40:59.374121,Marina di Stabia
2025-03-14T00:41:10Z,0,29.701,73.8,42,62.3,4,6,69,68,0.06,255,32767,0.24,2054-1-18,0.04,0.29,23.61,0.0,0.0,0.0,0,2.28515625,3,192,07:20,19:15,2025-03-14 00:41:10.497116,Marina di Stabia
2025-03-14T00:41:21Z,0,29.701,73.8,42,62.3,3,6,5,68,0.06,255,32767,0.24,2054-1-18,0.04,0.29,23.61,0.0,0.0,0.0,0,2.28515625,3,192,07:20,19:15,2025-03-14 00:41:21.601120,Marina di Stabia
2025-03-14T00:41:32Z,0,29.701,73.8,42,62.3,1,6,38,69,0.06,255,32767,0.24,2054-1-18,0.04,0.29,23.61,0.0,0.0,0.0,0,2.28515625,3,192,07:20,19:15,2025-03-14 00:41:32.712133,Marina di Stabia
2025-03-14T00:41:43Z,0,29.701,73.8,42,62.3,3,6,225,69,0.06,255,32767,0.24,2054-1-18,0.04,0.29,23.61,0.0,0.0,0.0,0,2.28515625,3,192,07:20,19:15,2025-03-14 00:41:43.791087,Marina di Stabia
2025-03-14T00:41:55Z,0,29.701,73.8,42,62.2,5,6,54,69,0.06,255,32767,0.24,2054-1-18,0.04,0.29,23.61,0.0,0.0,0.0,0,2.28515625,3,192,07:20,19:15,2025-03-14 00:41:54.919123,Marina di Stabia
2025-03-14T00:42:06Z,0,29.704,73.7,42,62.2,5,5,65,69,0.06,255,32767,0.24,2054-1-18,0.04,0.29,23.61,0.0,0.0,0.0,0,0.97265625,3,192,07:20,19:15,2025-03-14 00:42:05.993122,Marina di Stabia
2025-03-14T00:42:17Z,0,29.704,73.7,42,62.2,5,5,67,69,0.06,255,32767,0.24,2054-1-18,0.04,0.29,23.61,0.0,0.0,0.0,0,0.97265625,3,192,07:20,19:15,2025-03-14 00:42:17.100121,Marina di Stabia
2025-03-14T00:42:28Z,0,29.704,73.7,42,62.2,5,5,64,69,0.06,255,32767,0.24,2054-1-18,0.04,0.29,23.61,0.0,0.0,0.0,0,0.97265625,3,192,07:20,19:15,2025-03-14 00:42:28.204134,Marina di Stabia
2025-03-14T00:42:39Z,0,29.704,73.7,42,62.2,3,5,21,69,0.06,255,32767,0.24,2054-1-18,0.04,0.29,23.61,0.0,0.0,0.0,0,0.97265625,3,192,07:20,19:15,2025-03-14 00:42:39.293127,Marina di Stabia
2025-03-14T00:42:50Z,0,29.704,73.7,42,62.1,5,5,49,69,0.06,255,32767,0.24,2054-1-18,0.04,0.29,23.61,0.0,0.0,0.0,0,0.97265625,3,192,07:20,19:15,2025-03-14 00:42:50.376124,Marina di Stabia
2025-03-14T00:43:01Z,0,29.705,73.8,42,62.0,4,5,49,69,0.06,255,32767,0.24,2054-1-18,0.04,0.29,23.61,0.0,0.0,0.0,0,0.9609375,3,192,07:20,19:15,2025-03-14 00:43:01.457136,Marina di Stabia
2025-03-14T00:43:12Z,0,29.705,73.8,42,62.0,4,5,49,70,0.06,255,32767,0.24,2054-1-18,0.04,0.29,23.61,0.0,0.0,0.0,0,0.9609375,3,192,07:20,19:15,2025-03-14 00:43:12.534136,Marina di Stabia
2025-03-14T00:43:23Z,0,29.705,73.8,42,61.9,5,5,80,70,0.06,255,32767,0.24,2054-1-18,0.04,0.29,23.61,0.0,0.0,0.0,0,0.9609375,3,192,07:20,19:15,2025-03-14 00:43:23.618127,Marina di Stabia
2025-03-14T00:43:34Z,0,29.705,73.8,42,61.8,5,5,80,70,0.06,255,32767,0.24,2054-1-18,0.04,0.29,23.61,0.0,0.0,0.0,0,0.9609375,3,192,07:20,19:15,2025-03-14 00:43:34.740129,Marina di Stabia
2025-03-14T00:43:46Z,0,29.705,73.8,42,61.8,4,5,80,70,0.06,255,32767,0.24,2054-1-18,0.04,0.29,23.61,0.0,0.0,0.0,0,0.9609375,3,192,07:20,19:15,2025-03-14 00:43:45.812126,Marina di Stabia
2025-03-14T00:43:57Z,0,29.704,73.7,42,61.8,4,5,132,71,0.06,255,32767,0.24,2054-1-18,0.04,0.29,23.61,0.0,0.0,0.0,0,1.06640625,3,192,07:20,19:15,2025-03-14 00:43:56.899123,Marina di Stabia
2025-03-14T00:44:08Z,0,29.704,73.7,42,61.7,6,5,171,71,0.06,255,32767,0.24,2054-1-18,0.04,0.29,23.61,0.0,0.0,0.0,0,1.06640625,3,192,07:20,19:15,2025-03-14 00:44:07.973117,Marina di Stabia
2025-03-14T00:44:19Z,0,29.704,73.7,42,61.6,5,5,180,71,0.06,255,32767,0.24,2054-1-18,0.04,0.29,23.61,0.0,0.0,0.0,0,1.06640625,3,192,07:20,19:15,2025-03-14 00:44:19.090115,Marina di Stabia
2025-03-14T00:44:30Z,0,29.704,73.7,42,61.6,4,5,198,71,0.06,255,32767,0.24,2054-1-18,0.04,0.29,23.61,0.0,0.0,0.0,0,1.06640625,3,192,07:20,19:15,2025-03-14 00:44:30.166121,Marina di Stabia
2025-03-14T00:44:41Z,0,29.704,73.7,42,61.5,1,5,243,71,0.06,255,32767,0.24,2054-1-18,0.04,0.29,23.61,0.0,0.0,0.0,0,1.06640625,3,192,07:20,19:15,2025-03-14 00:44:41.240137,Marina di Stabia
2025-03-14T00:44:52Z,0,29.704,73.7,42,61.5,8,5,184,71,0.06,255,32767,0.24,2054-1-18,0.04,0.29,23.61,0.0,0.0,0.0,0,1.06640625,3,192,07:20,19:15,2025-03-14 00:44:52.328127,Marina di Stabia
2025-03-14T00:45:03Z,0,29.705,73.8,42,61.4,5,5,169,71,0.06,255,32767,0.24,2054-1-18,0.04,0.29,23.61,0.0,0.0,0.0,0,0.966796875,3,192,07:20,19:15,2025-03-14 00:45:03.408136,Marina di Stabia
2025-03-14T00:45:14Z,0,29.705,73.8,42,61.4,3,5,136,71,0.06,255,32767,0.24,2054-1-18,0.04,0.29,23.61,0.0,0.0,0.0,0,0.966796875,3,192,07:20,19:15,2025-03-14 00:45:14.528084,Marina di Stabia
2025-03-14T00:45:25Z,0,29.705,73.8,42,61.4,3,5,69,71,0.06,255,32767,0.24,2054-1-18,0.04,0.29,23.61,0.0,0.0,0.0,0,0.966796875,3,192,07:20,19:15,2025-03-14 00:45:25.601122,Marina di Stabia
2025-03-14T00:45:36Z,0,29.705,73.8,42,61.4,5,5,75,71,0.06,255,32767,0.24,2054-1-18,0.04,0.29,23.61,0.0,0.0,0.0,0,0.966796875,3,192,07:20,19:15,2025-03-14 00:45:36.679120,Marina di Stabia
2025-03-14T00:45:47Z,0,29.705,73.8,42,61.3,4,5,76,70,0.06,255,32767,0.24,2054-1-18,0.04,0.29,23.61,0.0,0.0,0.0,0,0.966796875,3,192,07:20,19:15,2025-03-14 00:45:47.756126,Marina di Stabia
2025-03-14T00:45:59Z,0,29.698,73.8,42,61.3,3,5,42,70,0.06,255,32767,0.24,2054-1-18,0.04,0.29,23.61,0.0,0.0,0.0,0,1.705078125,3,192,07:20,19:15,2025-03-14 00:45:58.922111,Marina di Stabia
2025-03-14T00:46:10Z,0,29.698,73.8,42,61.3,4,5,64,70,0.06,255,32767,0.24,2054-1-18,0.04,0.29,23.61,0.0,0.0,0.0,0,1.705078125,3,192,07:20,19:15,2025-03-14 00:46:10.040145,Marina di Stabia
2025-03-14T00:46:21Z,0,29.698,73.8,42,61.3,3,5,64,70,0.06,255,32767,0.24,2054-1-18,0.04,0.29,23.61,0.0,0.0,0.0,0,1.705078125,3,192,07:20,19:15,2025-03-14 00:46:21.112118,Marina di Stabia
2025-03-14T00:46:32Z,0,29.698,73.8,42,61.3,2,5,295,71,0.06,255,32767,0.24,2054-1-18,0.04,0.29,23.61,0.0,0.0,0.0,0,1.705078125,3,192,07:20,19:15,2025-03-14 00:46:32.425123,Marina di Stabia
2025-03-14T00:46:43Z,0,29.698,73.8,42,61.2,3,5,329,71,0.06,255,32767,0.24,2054-1-18,0.04,0.29,23.61,0.0,0.0,0.0,0,1.705078125,3,192,07:20,19:15,2025-03-14 00:46:43.505139,Marina di Stabia
2025-03-14T00:46:54Z,0,29.698,73.8,42,61.2,2,5,144,71,0.06,255,32767,0.24,2054-1-18,0.04,0.29,23.61,0.0,0.0,0.0,0,1.705078125,3,192,07:20,19:15,2025-03-14 00:46:54.576125,Marina di Stabia
2025-03-14T00:47:05Z,0,29.697,73.8,42,61.1,2,4,37,71,0.06,255,32767,0.24,2054-1-18,0.04,0.29,23.61,0.0,0.0,0.0,0,0.966796875,3,192,07:20,19:15,2025-03-14 00:47:05.655124,Marina di Stabia
2025-03-14T00:47:16Z,0,29.697,73.8,42,61.1,3,4,146,71,0.07,255,32767,0.24,2054-1-18,0.04,0.29,23.61,0.0,0.0,0.0,0,0.966796875,3,192,07:20,19:15,2025-03-14 00:47:16.759113,Marina di Stabia
2025-03-14T00:47:28Z,0,29.697,73.8,42,61.1,1,4,183,71,0.07,255,32767,0.24,2054-1-18,0.04,0.29,23.61,0.0,0.0,0.0,0,0.966796875,3,192,07:20,19:15,2025-03-14 00:47:27.861128,Marina di Stabia
2025-03-14T00:47:39Z,0,29.697,73.8,42,61.1,1,4,183,71,0.07,255,32767,0.24,2054-1-18,0.04,0.29,23.61,0.0,0.0,0.0,0,0.966796875,3,192,07:20,19:15,2025-03-14 00:47:38.934129,Marina di Stabia
2025-03-14T00:47:50Z,0,29.697,73.8,42,61.1,1,4,183,71,0.07,255,32767,0.24,2054-1-18,0.04,0.29,23.61,0.0,0.0,0.0,0,0.966796875,3,192,07:20,19:15,2025-03-14 00:47:50.009124,Marina di Stabia
2025-03-14T00:48:01Z,0,29.698,73.8,42,61.1,2,4,184,71,0.07,255,32767,0.24,2054-1-18,0.04,0.29,23.61,0.0,0.0,0.0,0,0.966796875,3,192,07:20,19:15,2025-03-14 00:48:01.092123,Marina di Stabia
2025-03-14T00:48:12Z,0,29.698,73.8,42,61.1,1,4,184,71,0.07,255,32767,0.25,2054-1-18,0.05,0.3,23.62,0.0,0.0,0.0,0,0.966796875,3,192,07:20,19:15,2025-03-14 00:48:12.173122,Marina di Stabia
2025-03-14T00:48:23Z,0,29.698,73.8,42,61.0,1,4,184,71,0.07,255,32767,0.25,2054-1-18,0.05,0.3,23.62,0.0,0.0,0.0,0,0.966796875,3,192,07:20,19:15,2025-03-14 00:48:23.257095,Marina di Stabia
2025-03-14T00:48:34Z,0,29.698,73.8,42,61.0,3,4,55,71,0.07,255,32767,0.25,2054-1-18,0.05,0.3,23.62,0.0,0.0,0.0,0,0.966796875,3,192,07:20,19:15,2025-03-14 00:48:34.363122,Marina di Stabia
2025-03-14T00:48:45Z,0,29.698,73.8,42,61.0,5,4,67,71,0.07,255,32767,0.25,2054-1-18,0.05,0.3,23.62,0.0,0.0,0.0,0,0.966796875,3,192,07:20,19:15,2025-03-14 00:48:45.444131,Marina di Stabia
2025-03-14T00:48:56Z,0,29.698,73.8,42,61.0,5,3,67,71,0.07,255,32767,0.25,2054-1-18,0.05,0.3,23.62,0.0,0.0,0.0,0,0.99609375,3,192,07:20,19:15,2025-03-14 00:48:56.528112,Marina di Stabia
2025-03-14T00:49:07Z,0,29.694,73.8,42,61.0,4,3,67,71,0.07,255,32767,0.25,2054-1-18,0.05,0.3,23.62,0.0,0.0,0.0,0,0.99609375,3,192,07:20,19:15,2025-03-14 00:49:07.604119,Marina di Stabia
2025-03-14T00:49:18Z,0,29.694,73.8,42,60.9,3,3,65,71,0.07,255,32767,0.25,2054-1-18,0.05,0.3,23.62,0.0,0.0,0.0,0,0.99609375,3,192,07:20,19:15,2025-03-14 00:49:18.737131,Marina di Stabia
2025-03-14T00:49:30Z,0,29.694,73.8,42,60.9,5,3,41,71,0.07,255,32767,0.25,2054-1-18,0.05,0.3,23.62,0.0,0.0,0.0,0,0.99609375,3,192,07:20,19:15,2025-03-14 00:49:29.842115,Marina di Stabia
2025-03-14T00:49:41Z,0,29.694,73.8,42,60.9,5,3,350,71,0.07,255,32767,0.25,2054-1-18,0.05,0.3,23.62,0.0,0.0,0.0,0,0.99609375,3,192,07:20,19:15,2025-03-14 00:49:40.920117,Marina di Stabia
2025-03-14T00:49:52Z,0,29.694,73.8,42,60.9,6,3,30,71,0.07,255,32767,0.25,2054-1-18,0.05,0.3,23.62,0.0,0.0,0.0,0,0.99609375,3,192,07:20,19:15,2025-03-14 00:49:52.041123,Marina di Stabia
2025-03-14T00:50:03Z,0,29.696,73.8,41,60.9,5,4,50,72,0.07,255,32767,0.25,2054-1-18,0.05,0.3,23.62,0.0,0.0,0.0,0,0.9609375,3,192,07:20,19:15,2025-03-14 00:50:03.125130,Marina di Stabia
2025-03-14T00:50:14Z,0,29.696,73.8,41,60.9,4,4,63,72,0.07,255,32767,0.25,2054-1-18,0.05,0.3,23.62,0.0,0.0,0.0,0,0.9609375,3,192,07:20,19:15,2025-03-14 00:50:14.203129,Marina di Stabia
2025-03-14T00:50:25Z,0,29.696,73.8,41,60.8,3,4,34,72,0.07,255,32767,0.25,2054-1-18,0.05,0.3,23.62,0.0,0.0,0.0,0,0.9609375,3,192,07:20,19:15,2025-03-14 00:50:25.262470,Marina di Stabia
2025-03-14T00:50:36Z,0,29.696,73.8,41,60.8,0,4,34,72,0.07,255,32767,0.25,2054-1-18,0.05,0.3,23.62,0.0,0.0,0.0,0,0.9609375,3,192,07:20,19:15,2025-03-14 00:50:36.370084,Marina di Stabia
2025-03-14T00:50:47Z,0,29.696,73.8,41,60.8,3,4,34,72,0.07,255,32767,0.25,2054-1-18,0.05,0.3,23.62,0.0,0.0,0.0,0,0.9609375,3,192,07:20,19:15,2025-03-14 00:50:47.443131,Marina di Stabia
2025-03-14T00:50:58Z,0,29.697,73.8,42,60.7,3,4,33,72,0.07,255,32767,0.25,2054-1-18,0.05,0.3,23.62,0.0,0.0,0.0,0,1.294921875,3,192,07:20,19:15,2025-03-14 00:50:58.522088,Marina di Stabia
2025-03-14T00:51:09Z,0,29.697,73.8,42,60.7,2,4,37,72,0.07,255,32767,0.25,2054-1-18,0.05,0.3,23.62,0.0,0.0,0.0,0,1.294921875,3,192,07:20,19:15,2025-03-14 00:51:09.605119,Marina di Stabia
2025-03-14T00:51:20Z,0,29.697,73.8,42,60.6,2,4,37,72,0.07,255,32767,0.25,2054-1-18,0.05,0.3,23.62,0.0,0.0,0.0,0,1.294921875,3,192,07:20,19:15,2025-03-14 00:51:20.672125,Marina di Stabia
2025-03-14T00:51:31Z,0,29.697,73.8,42,60.6,2,4,37,72,0.07,255,32767,0.25,2054-1-18,0.05,0.3,23.62,0.0,0.0,0.0,0,1.294921875,3,192,07:20,19:15,2025-03-14 00:51:31.743123,Marina di Stabia
2025-03-14T00:51:43Z,0,29.697,73.8,42,60.6,6,4,72,72,0.07,255,32767,0.25,2054-1-18,0.05,0.3,23.62,0.0,0.0,0.0,0,1.294921875,3,192,07:20,19:15,2025-03-14 00:51:42.854116,Marina di Stabia
2025-03-14T00:51:54Z,0,29.697,73.8,42,60.6,7,4,43,72,0.07,255,32767,0.25,2054-1-18,0.05,0.3,23.62,0.0,0.0,0.0,0,1.294921875,3,192,07:20,19:15,2025-03-14 00:51:53.937122,Marina di Stabia
2025-03-14T00:52:05Z,0,29.697,73.8,42,60.6,5,4,35,72,0.07,255,32767,0.25,2054-1-18,0.05,0.3,23.62,0.0,0.0,0.0,0,0.966796875,3,192,07:20,19:15,2025-03-14 00:52:05.014080,Marina di Stabia
2025-03-14T00:52:16Z,0,29.697,73.8,42,60.6,3,4,51,72,0.07,255,32767,0.25,2054-1-18,0.05,0.3,23.62,0.0,0.0,0.0,0,0.966796875,3,192,07:20,19:15,2025-03-14 00:52:16.123092,Marina di Stabia
2025-03-14T00:52:27Z,0,29.697,73.8,42,60.5,3,4,88,72,0.07,255,32767,0.25,2054-1-18,0.05,0.3,23.62,0.0,0.0,0.0,0,0.966796875,3,192,07:20,19:15,2025-03-14 00:52:27.207131,Marina di Stabia
2025-03-14T00:52:38Z,0,29.697,73.8,42,60.5,4,4,55,73,0.07,255,32767,0.26,2054-1-18,0.06,0.31,23.63,0.0,0.0,0.0,0,0.966796875,3,192,07:20,19:15,2025-03-14 00:52:38.291128,Marina di Stabia
2025-03-14T00:52:49Z,0,29.697,73.8,42,60.4,6,4,62,73,0.11,255,32767,0.26,2054-1-18,0.06,0.31,23.63,0.0,0.0,0.0,0,0.966796875,3,192,07:20,19:15,2025-03-14 00:52:49.388088,Marina di Stabia
2025-03-14T00:53:00Z,0,29.692,73.8,42,60.4,9,4,107,73,0.11,255,32767,0.26,2054-1-18,0.06,0.31,23.63,0.0,0.0,0.0,0,0.908203125,3,192,07:20,19:15,2025-03-14 00:53:00.463129,Marina di Stabia
2025-03-14T00:53:11Z,0,29.692,73.8,42,60.4,3,4,112,73,0.11,255,32767,0.26,2054-1-18,0.06,0.31,23.63,0.0,0.0,0.0,0,0.908203125,3,192,07:20,19:15,2025-03-14 00:53:11.597136,Marina di Stabia
2025-03-14T00:53:22Z,0,29.692,73.8,42,60.4,4,4,88,73,0.11,255,32767,0.26,2054-1-18,0.06,0.31,23.63,0.0,0.0,0.0,0,0.908203125,3,192,07:20,19:15,2025-03-14 00:53:22.673128,Marina di Stabia
2025-03-14T00:53:33Z,0,29.692,73.8,42,60.4,3,4,78,73,0.11,255,32767,0.26,2054-1-18,0.06,0.31,23.63,0.0,0.0,0.0,0,0.908203125,3,192,07:20,19:15,2025-03-14 00:53:33.754136,Marina di Stabia
2025-03-14T00:53:45Z,0,29.692,73.8,42,60.4,4,4,51,73,0.11,255,32767,0.26,2054-1-18,0.06,0.31,23.63,0.0,0.0,0.0,0,0.908203125,3,192,07:20,19:15,2025-03-14 00:53:44.862130,Marina di Stabia
2025-03-14T00:53:56Z,0,29.692,73.8,42,60.4,5,4,42,73,0.11,255,32767,0.26,2054-1-18,0.06,0.31,23.63,0.0,0.0,0.0,0,0.908203125,3,192,07:20,19:15,2025-03-14 00:53:55.936116,Marina di Stabia
2025-03-14T00:54:07Z,0,29.691,73.8,42,60.4,4,4,42,73,0.11,255,32767,0.26,2054-1-18,0.06,0.31,23.63,0.0,0.0,0.0,0,0.943359375,3,192,07:20,19:15,2025-03-14 00:54:07.062117,Marina di Stabia
2025-03-14T00:54:18Z,0,29.691,73.8,42,60.4,4,4,42,73,0.11,255,32767,0.26,2054-1-18,0.06,0.31,23.63,0.0,0.0,0.0,0,0.943359375,3,192,07:20,19:15,2025-03-14 00:54:18.137123,Marina di Stabia
2025-03-14T00:54:29Z,0,29.691,73.8,42,60.3,5,4,42,73,0.11,255,32767,0.26,2054-1-18,0.06,0.31,23.63,0.0,0.0,0.0,0,0.943359375,3,192,07:20,19:15,2025-03-14 00:54:29.213126,Marina di Stabia
2025-03-14T00:54:40Z,0,29.691,73.8,42,60.3,5,4,40,73,0.11,255,32767,0.26,2054-1-18,0.06,0.31,23.63,0.0,0.0,0.0,0,0.943359375,3,192,07:20,19:15,2025-03-14 00:54:40.293113,Marina di Stabia
2025-03-14T00:54:51Z,0,29.691,73.8,42,60.3,3,4,39,73,0.11,255,32767,0.26,2054-1-18,0.06,0.31,23.63,0.0,0.0,0.0,0,0.943359375,3,192,07:20,19:15,2025-03-14 00:54:51.374118,Marina di Stabia
2025-03-14T00:55:02Z,0,29.691,73.8,42,60.3,4,4,59,74,0.11,255,32767,0.26,2054-1-18,0.06,0.31,23.63,0.0,0.0,0.0,0,0.908203125,3,192,07:20,19:15,2025-03-14 00:55:02.454090,Marina di Stabia
2025-03-14T00:55:13Z,0,29.691,73.8,42,60.3,7,4,78,74,0.11,255,32767,0.26,2054-1-18,0.06,0.31,23.63,0.0,0.0,0.0,0,0.908203125,3,192,07:20,19:15,2025-03-14 00:55:13.563083,Marina di Stabia
2025-03-14T00:55:24Z,0,29.691,73.8,42,60.3,5,4,75,74,0.11,255,32767,0.26,2054-1-18,0.06,0.31,23.63,0.0,0.0,0.0,0,0.908203125,3,192,07:20,19:15,2025-03-14 00:55:24.641081,Marina di Stabia
2025-03-14T00:55:35Z,0,29.691,73.8,42,60.3,4,4,65,74,0.11,255,32767,0.26,2054-1-18,0.06,0.31,23.63,0.0,0.0,0.0,0,0.908203125,3,192,07:20,19:15,2025-03-14 00:55:35.722130,Marina di Stabia
2025-03-14T00:55:47Z,0,29.691,73.8,42,60.2,4,4,49,74,0.11,255,32767,0.26,2054-1-18,0.06,0.31,23.63,0.0,0.0,0.0,0,0.908203125,3,192,07:20,19:15,2025-03-14 00:55:46.808116,Marina di Stabia
2025-03-14T00:55:58Z,0,29.69,73.8,42,60.2,4,4,52,74,0.11,255,32767,0.26,2054-1-18,0.06,0.31,23.63,0.0,0.0,0.0,0,1.025390625,3,192,07:20,19:15,2025-03-14 00:55:57.884120,Marina di Stabia
2025-03-14T00:56:09Z,0,29.69,73.8,42,60.1,3,4,360,74,0.11,255,32767,0.26,2054-1-18,0.06,0.31,23.63,0.0,0.0,0.0,0,1.025390625,3,192,07:20,19:15,2025-03-14 00:56:08.965122,Marina di Stabia
2025-03-14T00:56:20Z,0,29.69,73.8,42,60.1,2,4,9,74,0.11,255,32767,0.26,2054-1-18,0.06,0.31,23.63,0.0,0.0,0.0,0,1.025390625,3,192,07:20,19:15,2025-03-14 00:56:20.081088,Marina di Stabia
2025-03-14T00:56:31Z,0,29.69,73.8,42,60.2,2,4,360,74,0.11,255,32767,0.26,2054-1-18,0.06,0.31,23.63,0.0,0.0,0.0,0,1.025390625,3,192,07:20,19:15,2025-03-14 00:56:31.157120,Marina di Stabia
2025-03-14T00:56:42Z,0,29.69,73.8,42,60.1,1,4,360,74,0.11,255,32767,0.26,2054-1-18,0.06,0.31,23.63,0.0,0.0,0.0,0,1.025390625,3,192,07:20,19:15,2025-03-14 00:56:42.242121,Marina di Stabia
2025-03-14T00:56:53Z,0,29.69,73.8,42,60.0,1,4,360,74,0.11,255,32767,0.26,2054-1-18,0.06,0.31,23.63,0.0,0.0,0.0,0,1.025390625,3,192,07:20,19:15,2025-03-14 00:56:53.319124,Marina di Stabia
2025-03-14T00:57:04Z,0,29.693,73.8,42,60.1,0,4,360,74,0.11,255,32767,0.26,2054-1-18,0.06,0.31,23.63,0.0,0.0,0.0,0,0.908203125,3,192,07:20,19:15,2025-03-14 00:57:04.399119,Marina di Stabia
2025-03-14T00:57:15Z,0,29.693,73.8,42,60.1,0,4,360,74,0.11,255,32767,0.26,2054-1-18,0.06,0.31,23.63,0.0,0.0,0.0,0,0.908203125,3,192,07:20,19:15,2025-03-14 00:57:15.510128,Marina di Stabia
2025-03-14T00:57:26Z,0,29.693,73.8,42,60.1,1,4,360,74,0.11,255,32767,0.26,2054-1-18,0.06,0.31,23.63,0.0,0.0,0.0,0,0.908203125,3,192,07:20,19:15,2025-03-14 00:57:26.618134,Marina di Stabia
2025-03-14T00:57:37Z,0,29.693,73.8,42,60.1,0,4,360,74,0.11,255,32767,0.26,2054-1-18,0.06,0.31,23.63,0.0,0.0,0.0,0,0.908203125,3,192,07:20,19:15,2025-03-14 00:57:37.687129,Marina di Stabia
2025-03-14T00:57:48Z,0,29.693,73.8,42,60.0,2,4,29,74,0.11,255,32767,0.26,2054-1-18,0.06,0.31,23.63,0.0,0.0,0.0,0,0.908203125,3,192,07:20,19:15,2025-03-14 00:57:48.764133,Marina di Stabia
2025-03-14T00:58:00Z,0,29.691,73.8,42,60.0,3,4,22,74,0.11,255,32767,0.26,2054-1-18,0.06,0.31,23.63,0.0,0.0,0.0,0,1.76953125,3,192,07:20,19:15,2025-03-14 00:57:59.880122,Marina di Stabia
2025-03-14T00:58:11Z,0,29.691,73.8,42,60.0,3,4,22,74,0.11,255,32767,0.26,2054-1-18,0.06,0.31,23.63,0.0,0.0,0.0,0,1.76953125,3,192,07:20,19:15,2025-03-14 00:58:10.963121,Marina di Stabia
2025-03-14T00:58:22Z,0,29.691,73.8,42,60.0,3,4,39,74,0.11,255,32767,0.26,2054-1-18,0.06,0.31,23.63,0.0,0.0,0.0,0,1.76953125,3,192,07:20,19:15,2025-03-14 00:58:22.042125,Marina di Stabia
2025-03-14T00:58:33Z,0,29.691,73.8,42,60.0,1,4,24,74,0.1,255,32767,0.26,2054-1-18,0.06,0.31,23.63,0.0,0.0,0.0,0,1.76953125,3,192,07:20,19:15,2025-03-14 00:58:33.157119,Marina di Stabia
2025-03-14T00:58:44Z,0,29.691,73.8,42,60.0,2,4,336,74,0.1,255,32767,0.26,2054-1-18,0.06,0.31,23.63,0.0,0.0,0.0,0,1.76953125,3,192,07:20,19:15,2025-03-14 00:58:44.279131,Marina di Stabia
2025-03-14T00:58:55Z,0,29.691,73.8,42,59.9,1,4,355,74,0.09,255,32767,0.26,2054-1-18,0.06,0.31,23.63,0.0,0.0,0.0,0,1.76953125,3,192,07:20,19:15,2025-03-14 00:58:55.360088,Marina di Stabia
2025-03-14T00:59:06Z,0,29.693,73.8,42,59.9,2,4,27,74,0.09,255,32767,0.26,2054-1-18,0.06,0.31,23.63,0.0,0.0,0.0,0,0.966796875,3,192,07:20,19:15,2025-03-14 00:59:06.441090,Marina di Stabia
2025-03-14T00:59:17Z,0,29.693,73.8,42,59.9,2,4,27,74,0.09,255,32767,0.26,2054-1-18,0.06,0.31,23.63,0.0,0.0,0.0,0,0.966796875,3,192,07:20,19:15,2025-03-14 00:59:17.511121,Marina di Stabia
2025-03-14T00:59:28Z,0,29.693,73.8,42,59.9,3,4,65,75,0.09,255,32767,0.26,2054-1-18,0.06,0.31,23.63,0.0,0.0,0.0,0,0.966796875,3,192,07:20,19:15,2025-03-14 00:59:28.635121,Marina di Stabia
2025-03-14T00:59:39Z,0,29.693,73.8,42,59.9,1,4,47,75,0.09,255,32767,0.26,2054-1-18,0.06,0.31,23.63,0.0,0.0,0.0,0,0.966796875,3,192,07:20,19:15,2025-03-14 00:59:39.729138,Marina di Stabia
2025-03-14T00:59:51Z,0,29.693,73.8,42,59.9,0,4,47,75,0.08,255,32767,0.26,2054-1-18,0.06,0.31,23.63,0.0,0.0,0.0,0,0.966796875,3,192,07:20,19:15,2025-03-14 00:59:50.803134,Marina di Stabia
2025-03-14T01:00:02Z,0,29.693,73.8,42,59.9,0,3,47,75,0.08,255,32767,0.26,2054-1-18,0.06,0.31,23.63,0.0,0.0,0.0,0,0.966796875,3,192,07:20,19:15,2025-03-14 01:00:01.904119,Marina di Stabia,31.1,6.639279,14.05905,5.7798514,10.930394,EU EEA Common AQI,73.8,6.5582366,13.21546,3600,4.811594,100,100,51.4,8.937198,Very Low,75.5,6.355935,100,1739186100,Very Low,9.633085,6.8510075,Very Low,6.062216,42.9,5.362319,100,1739186100,5.362319
2025-03-14T01:00:13Z,0,29.693,73.8,42,59.9,1,3,48,75,0.08,255,32767,0.26,2054-1-18,0.06,0.31,23.63,0.0,0.0,0.0,0,0.966796875,3,192,07:20,19:15,2025-03-14 01:00:13.033133,Marina di Stabia,31.1,6.639279,14.05905,5.7798514,10.930394,EU EEA Common AQI,73.8,6.5582366,13.21546,3600,4.811594,100,100,51.4,8.937198,Very Low,75.5,6.355935,100,1739186100,Very Low,9.633085,6.8510075,Very Low,6.062216,42.9,5.362319,100,1739186100,5.362319
2025-03-14T01:00:24Z,0,29.693,73.8,42,59.9,1,3,48,75,0.08,255,32767,0.26,2054-1-18,0.06,0.31,23.63,0.0,0.0,0.0,0,0.966796875,3,192,07:20,19:15,2025-03-14 01:00:24.120105,Marina di Stabia,31.1,6.639279,14.05905,5.7798514,10.930394,EU EEA Common AQI,73.8,6.5582366,13.21546,3600,4.811594,100,100,51.4,8.937198,Very Low,75.5,6.355935,100,1739186100,Very Low,9.633085,6.8510075,Very Low,6.062216,42.9,5.362319,100,1739186100,5.362319
2025-03-14T01:00:35Z,0,29.693,73.8,42,59.9,3,3,38,75,0.08,255,32767,0.26,2054-1-18,0.06,0.31,23.63,0.0,0.0,0.0,0,0.966796875,3,192,07:20,19:15,2025-03-14 01:00:35.246124,Marina di Stabia,31.1,6.639279,14.05905,5.7798514,10.930394,EU EEA Common AQI,73.8,6.5582366,13.21546,3600,4.811594,100,100,51.4,8.937198,Very Low,75.5,6.355935,100,1739186100,Very Low,9.633085,6.8510075,Very Low,6.062216,42.9,5.362319,100,1739186100,5.362319
2025-03-14T01:00:46Z,0,29.693,73.8,42,59.8,2,3,14,75,0.08,255,32767,0.26,2054-1-18,0.06,0.31,23.63,0.0,0.0,0.0,0,0.966796875,3,192,07:20,19:15,2025-03-14 01:00:46.342125,Marina di Stabia,31.1,6.639279,14.05905,5.7798514,10.930394,EU EEA Common AQI,73.8,6.5582366,13.21546,3600,4.811594,100,100,51.4,8.937198,Very Low,75.5,6.355935,100,1739186100,Very Low,9.633085,6.8510075,Very Low,6.062216,42.9,5.362319,100,1739186100,5.362319
2025-03-14T01:00:57Z,0,29.692,73.8,42,59.8,1,3,14,75,0.08,255,32767,0.26,2054-1-18,0.06,0.31,23.63,0.0,0.0,0.0,0,1.611328125,3,192,07:20,19:15,2025-03-14 01:00:57.461125,Marina di Stabia,31.1,6.639279,14.05905,5.7798514,10.930394,EU EEA Common AQI,73.8,6.5582366,13.21546,3600,4.811594,100,100,51.4,8.937198,Very Low,75.5,6.355935,100,1739186100,Very Low,9.633085,6.8510075,Very Low,6.062216,42.9,5.362319,100,1739186100,5.362319
2025-03-14T01:01:08Z,0,29.692,73.8,42,59.8,3,3,14,75,0.07,255,32767,0.26,2054-1-18,0.06,0.31,23.63,0.0,0.0,0.0,0,1.611328125,3,192,07:20,19:15,2025-03-14 01:01:08.581123,Marina di Stabia,31.1,6.639279,14.05905,5.7798514,10.930394,EU EEA Common AQI,73.8,6.5582366,13.21546,3600,4.811594,100,100,51.4,8.937198,Very Low,75.5,6.355935,100,1739186100,Very Low,9.633085,6.8510075,Very Low,6.062216,42.9,5.362319,100,1739186100,5.362319
2025-03-14T01:01:19Z,0,29.692,73.8,42,59.8,1,3,14,75,0.07,255,32767,0.26,2054-1-18,0.06,0.31,23.63,0.0,0.0,0.0,0,1.611328125,3,192,07:20,19:15,2025-03-14 01:01:19.663120,Marina di Stabia,31.1,6.639279,14.05905,5.7798514,10.930394,EU EEA Common AQI,73.8,6.5582366,13.21546,3600,4.811594,100,100,51.4,8.937198,Very Low,75.5,6.355935,100,1739186100,Very Low,9.633085,6.8510075,Very Low,6.062216,42.9,5.362319,100,1739186100,5.362319
2025-03-14T01:01:30Z,0,29.692,73.8,42,59.8,1,3,14,75,0.07,255,32767,0.26,2054-1-18,0.06,0.31,23.63,0.0,0.0,0.0,0,1.611328125,3,192,07:20,19:15,2025-03-14 01:01:30.761132,Marina di Stabia,31.1,6.639279,14.05905,5.7798514,10.930394,EU EEA Common AQI,73.8,6.5582366,13.21546,3600,4.811594,100,100,51.4,8.937198,Very Low,75.5,6.355935,100,1739186100,Very Low,9.633085,6.8510075,Very Low,6.062216,42.9,5.362319,100,1739186100,5.362319
2025-03-14T01:01:42Z,0,29.692,73.8,42,59.8,3,3,24,75,0.07,255,32767,0.26,2054-1-18,0.06,0.31,23.63,0.0,0.0,0.0,0,1.611328125,3,192,07:20,19:15,2025-03-14 01:01:41.885132,Marina di Stabia,31.1,6.639279,14.05905,5.7798514,10.930394,EU EEA Common AQI,73.8,6.5582366,13.21546,3600,4.811594,100,100,51.4,8.937198,Very Low,75.5,6.355935,100,1739186100,Very Low,9.633085,6.8510075,Very Low,6.062216,42.9,5.362319,100,1739186100,5.362319
2025-03-14T01:01:53Z,0,29.692,73.8,42,59.8,3,3,24,75,0.07,255,32767,0.26,2054-1-18,0.06,0.31,23.63,0.0,0.0,0.0,0,1.611328125,3,192,07:20,19:15,2025-03-14 01:01:52.969123,Marina di Stabia,31.1,6.639279,14.05905,5.7798514,10.930394,EU EEA Common AQI,73.8,6.5582366,13.21546,3600,4.811594,100,100,51.4,8.937198,Very Low,75.5,6.355935,100,1739186100,Very Low,9.633085,6.8510075,Very Low,6.062216,42.9,5.362319,100,1739186100,5.362319
2025-03-14T01:02:04Z,0,29.694,73.8,42,59.8,2,3,40,75,0.06,255,32767,0.26,2054-1-18,0.06,0.31,23.63,0.0,0.0,0.0,0,0.908203125,3,192,07:20,19:15,2025-03-14 01:02:04.060120,Marina di Stabia,31.1,6.639279,14.05905,5.7798514,10.930394,EU EEA Common AQI,73.8,6.5582366,13.21546,3600,4.811594,100,100,51.4,8.937198,Very Low,75.5,6.355935,100,1739186100,Very Low,9.633085,6.8510075,Very Low,6.062216,42.9,5.362319,100,1739186100,5.362319
2025-03-14T01:02:15Z,0,29.694,73.8,42,59.8,2,3,39,75,0.06,255,32767,0.26,2054-1-18,0.06,0.31,23.63,0.0,0.0,0.0,0,0.908203125,3,192,07:20,19:15,2025-03-14 01:02:15.158120,Marina di Stabia,31.1,6.639279,14.05905,5.7798514,10.930394,EU EEA Common AQI,73.8,6.5582366,13.21546,3600,4.811594,100,100,51.4,8.937198,Very Low,75.5,6.355935,100,1739186100,Very Low,9.633085,6.8510075,Very Low,6.062216,42.9,5.362319,100,1739186100,5.362319
2025-03-14T01:02:26Z,0,29.694,73.8,42,59.8,2,3,39,75,0.06,255,32767,0.26,2054-1-18,0.06,0.31,23.63,0.0,0.0,0.0,0,0.908203125,3,192,07:20,19:15,2025-03-14 01:02:26.246122,Marina di Stabia,31.1,6.639279,14.05905,5.7798514,10.930394,EU EEA Common AQI,73.8,6.5582366,13.21546,3600,4.811594,100,100,51.4,8.937198,Very Low,75.5,6.355935,100,1739186100,Very Low,9.633085,6.8510075,Very Low,6.062216,42.9,5.362319,100,1739186100,5.362319
2025-03-14T01:02:37Z,0,29.694,73.8,42,59.8,0,3,39,75,0.06,255,32767,0.26,2054-1-18,0.06,0.31,23.63,0.0,0.0,0.0,0,0.908203125,3,192,07:20,19:15,2025-03-14 01:02:37.345086,Marina di Stabia,31.1,6.639279,14.05905,5.7798514,10.930394,EU EEA Common AQI,73.8,6.5582366,13.21546,3600,4.811594,100,100,51.4,8.937198,Very Low,75.5,6.355935,100,1739186100,Very Low,9.633085,6.8510075,Very Low,6.062216,42.9,5.362319,100,1739186100,5.362319
2025-03-14T01:02:48Z,0,29.694,73.8,42,59.8,0,3,39,75,0.06,255,32767,0.26,2054-1-18,0.06,0.31,23.63,0.0,0.0,0.0,0,0.908203125,3,192,07:20,19:15,2025-03-14 01:02:48.502103,Marina di Stabia,31.1,6.639279,14.05905,5.7798514,10.930394,EU EEA Common AQI,73.8,6.5582366,13.21546,3600,4.811594,100,100,51.4,8.937198,Very Low,75.5,6.355935,100,1739186100,Very Low,9.633085,6.8510075,Very Low,6.062216,42.9,5.362319,100,1739186100,5.362319
2025-03-14T01:02:59Z,0,29.693,73.8,42,59.7,0,3,39,75,0.06,255,32767,0.26,2054-1-18,0.06,0.31,23.63,0.0,0.0,0.0,0,1.271484375,3,192,07:20,19:15,2025-03-14 01:02:59.594122,Marina di Stabia,31.1,6.639279,14.05905,5.7798514,10.930394,EU EEA Common AQI,73.8,6.5582366,13.21546,3600,4.811594,100,100,51.4,8.937198,Very Low,75.5,6.355935,100,1739186100,Very Low,9.633085,6.8510075,Very Low,6.062216,42.9,5.362319,100,1739186100,5.362319
2025-03-14T01:03:10Z,0,29.693,73.8,42,59.7,0,3,39,75,0.06,255,32767,0.26,2054-1-18,0.06,0.31,23.63,0.0,0.0,0.0,0,1.271484375,3,192,07:20,19:15,2025-03-14 01:03:10.707184,Marina di Stabia,31.1,6.639279,14.05905,5.7798514,10.930394,EU EEA Common AQI,73.8,6.5582366,13.21546,3600,4.811594,100,100,51.4,8.937198,Very Low,75.5,6.355935,100,1739186100,Very Low,9.633085,6.8510075,Very Low,6.062216,42.9,5.362319,100,1739186100,5.362319
2025-03-14T01:03:22Z,0,29.693,73.8,42,59.7,0,3,39,75,0.06,255,32767,0.26,2054-1-18,0.06,0.31,23.63,0.0,0.0,0.0,0,1.271484375,3,192,07:20,19:15,2025-03-14 01:03:21.801130,Marina di Stabia,31.1,6.639279,14.05905,5.7798514,10.930394,EU EEA Common AQI,73.8,6.5582366,13.21546,3600,4.811594,100,100,51.4,8.937198,Very Low,75.5,6.355935,100,1739186100,Very Low,9.633085,6.8510075,Very Low,6.062216,42.9,5.362319,100,1739186100,5.362319
2025-03-14T01:03:33Z,0,29.693,73.8,42,59.7,1,3,39,75,0.06,255,32767,0.26,2054-1-18,0.06,0.31,23.63,0.0,0.0,0.0,0,1.271484375,3,192,07:20,19:15,2025-03-14 01:03:32.933088,Marina di Stabia,31.1,6.639279,14.05905,5.7798514,10.930394,EU EEA Common AQI,73.8,6.5582366,13.21546,3600,4.811594,100,100,51.4,8.937198,Very Low,75.5,6.355935,100,1739186100,Very Low,9.633085,6.8510075,Very Low,6.062216,42.9,5.362319,100,1739186100,5.362319
2025-03-14T01:03:44Z,0,29.693,73.8,42,59.6,1,3,39,75,0.06,255,32767,0.26,2054-1-18,0.06,0.31,23.63,0.0,0.0,0.0,0,1.271484375,3,192,07:20,19:15,2025-03-14 01:03:44.068123,Marina di Stabia,31.1,6.639279,14.05905,5.7798514,10.930394,EU EEA Common AQI,73.8,6.5582366,13.21546,3600,4.811594,100,100,51.4,8.937198,Very Low,75.5,6.355935,100,1739186100,Very Low,9.633085,6.8510075,Very Low,6.062216,42.9,5.362319,100,1739186100,5.362319
2025-03-14T01:03:55Z,0,29.693,73.8,42,59.6,1,3,39,75,0.06,255,32767,0.27,2054-1-18,0.07,0.32,23.64,0.0,0.0,0.0,0,1.271484375,3,192,07:20,19:15,2025-03-14 01:03:55.175126,Marina di Stabia,31.1,6.639279,14.05905,5.7798514,10.930394,EU EEA Common AQI,73.8,6.5582366,13.21546,3600,4.811594,100,100,51.4,8.937198,Very Low,75.5,6.355935,100,1739186100,Very Low,9.633085,6.8510075,Very Low,6.062216,42.9,5.362319,100,1739186100,5.362319
2025-03-14T01:04:06Z,0,29.695,73.8,42,59.6,3,2,39,75,0.06,255,32767,0.27,2054-1-18,0.07,0.32,23.64,0.0,0.0,0.0,0,0.908203125,3,192,07:20,19:15,2025-03-14 01:04:06.271102,Marina di Stabia,31.1,6.639279,14.05905,5.7798514,10.930394,EU EEA Common AQI,73.8,6.5582366,13.21546,3600,4.811594,100,100,51.4,8.937198,Very Low,75.5,6.355935,100,1739186100,Very Low,9.633085,6.8510075,Very Low,6.062216,42.9,5.362319,100,1739186100,5.362319
2025-03-14T01:04:17Z,0,29.695,73.8,42,59.6,4,2,30,75,0.06,255,32767,0.27,2054-1-18,0.07,0.32,23.64,0.0,0.0,0.0,0,0.908203125,3,192,07:20,19:15,2025-03-14 01:04:17.365083,Marina di Stabia,31.1,6.639279,14.05905,5.7798514,10.930394,EU EEA Common AQI,73.8,6.5582366,13.21546,3600,4.811594,100,100,51.4,8.937198,Very Low,75.5,6.355935,100,1739186100,Very Low,9.633085,6.8510075,Very Low,6.062216,42.9,5.362319,100,1739186100,5.362319
2025-03-14T01:04:28Z,0,29.695,73.8,42,59.6,4,2,42,75,0.06,255,32767,0.27,2054-1-18,0.07,0.32,23.64,0.0,0.0,0.0,0,0.908203125,3,192,07:20,19:15,2025-03-14 01:04:28.487124,Marina di Stabia,31.1,6.639279,14.05905,5.7798514,10.930394,EU EEA Common AQI,73.8,6.5582366,13.21546,3600,4.811594,100,100,51.4,8.937198,Very Low,75.5,6.355935,100,1739186100,Very Low,9.633085,6.8510075,Very Low,6.062216,42.9,5.362319,100,1739186100,5.362319
2025-03-14T01:04:39Z,0,29.695,73.8,42,59.6,3,2,321,75,0.06,255,32767,0.27,2054-1-18,0.07,0.32,23.64,0.0,0.0,0.0,0,0.908203125,3,192,07:20,19:15,2025-03-14 01:04:39.660083,Marina di Stabia,31.1,6.639279,14.05905,5.7798514,10.930394,EU EEA Common AQI,73.8,6.5582366,13.21546,3600,4.811594,100,100,51.4,8.937198,Very Low,75.5,6.355935,100,1739186100,Very Low,9.633085,6.8510075,Very Low,6.062216,42.9,5.362319,100,1739186100,5.362319
2025-03-14T01:04:50Z,0,29.695,73.8,42,59.6,1,2,28,75,0.06,255,32767,0.27,2054-1-18,0.07,0.32,23.64,0.0,0.0,0.0,0,0.908203125,3,192,07:20,19:15,2025-03-14 01:04:50.782139,Marina di Stabia,31.1,6.639279,14.05905,5.7798514,10.930394,EU EEA Common AQI,73.8,6.5582366,13.21546,3600,4.811594,100,100,51.4,8.937198,Very Low,75.5,6.355935,100,1739186100,Very Low,9.633085,6.8510075,Very Low,6.062216,42.9,5.362319,100,1739186100,5.362319
2025-03-14T01:05:02Z,0,29.694,73.8,42,59.6,4,2,49,75,0.06,255,32767,0.27,2054-1-18,0.07,0.32,23.64,0.0,0.0,0.0,0,0.908203125,3,192,07:20,19:15,2025-03-14 01:05:01.875080,Marina di Stabia,31.1,6.639279,14.05905,5.7798514,10.930394,EU EEA Common AQI,73.8,6.5582366,13.21546,3600,4.811594,100,100,51.4,8.937198,Very Low,75.5,6.355935,100,1739186100,Very Low,9.633085,6.8510075,Very Low,6.062216,42.9,5.362319,100,1739186100,5.362319
2025-03-14T01:05:13Z,0,29.694,73.8,42,59.5,7,2,46,75,0.06,255,32767,0.27,2054-1-18,0.07,0.32,23.64,0.0,0.0,0.0,0,0.908203125,3,192,07:20,19:15,2025-03-14 01:05:12.983129,Marina di Stabia,31.1,6.639279,14.05905,5.7798514,10.930394,EU EEA Common AQI,73.8,6.5582366,13.21546,3600,4.811594,100,100,51.4,8.937198,Very Low,75.5,6.355935,100,1739186100,Very Low,9.633085,6.8510075,Very Low,6.062216,42.9,5.362319,100,1739186100,5.362319
2025-03-14T01:05:24Z,0,29.694,73.8,42,59.5,5,2,44,75,0.06,255,32767,0.27,2054-1-18,0.07,0.32,23.64,0.0,0.0,0.0,0,0.908203125,3,192,07:20,19:15,2025-03-14 01:05:24.064123,Marina di Stabia,31.1,6.639279,14.05905,5.7798514,10.930394,EU EEA Common AQI,73.8,6.5582366,13.21546,3600,4.811594,100,100,51.4,8.937198,Very Low,75.5,6.355935,100,1739186100,Very Low,9.633085,6.8510075,Very Low,6.062216,42.9,5.362319,100,1739186100,5.362319
2025-03-14T01:05:35Z,0,29.694,73.8,42,59.5,5,2,40,75,0.06,255,32767,0.27,2054-1-18,0.07,0.32,23.64,0.0,0.0,0.0,0,0.908203125,3,192,07:20,19:15,2025-03-14 01:05:35.160134,Marina di Stabia,31.1,6.639279,14.05905,5.7798514,10.930394,EU EEA Common AQI,73.8,6.5582366,13.21546,3600,4.811594,100,100,51.4,8.937198,Very Low,75.5,6.355935,100,1739186100,Very Low,9.633085,6.8510075,Very Low,6.062216,42.9,5.362319,100,1739186100,5.362319
2025-03-14T01:05:46Z,0,29.694,73.8,42,59.5,5,2,40,75,0.06,255,32767,0.27,2054-1-18,0.07,0.32,23.64,0.0,0.0,0.0,0,0.908203125,3,192,07:20,19:15,2025-03-14 01:05:46.289129,Marina di Stabia,31.1,6.639279,14.05905,5.7798514,10.930394,EU EEA Common AQI,73.8,6.5582366,13.21546,3600,4.811594,100,100,51.4,8.937198,Very Low,75.5,6.355935,100,1739186100,Very Low,9.633085,6.8510075,Very Low,6.062216,42.9,5.362319,100,1739186100,5.362319
2025-03-14T01:05:57Z,0,29.693,73.8,42,59.5,5,2,40,75,0.06,255,32767,0.27,2054-1-18,0.07,0.32,23.64,0.0,0.0,0.0,0,0.9140625,3,192,07:20,19:15,2025-03-14 01:05:57.398122,Marina di Stabia,31.1,6.639279,14.05905,5.7798514,10.930394,EU EEA Common AQI,73.8,6.5582366,13.21546,3600,4.811594,100,100,51.4,8.937198,Very Low,75.5,6.355935,100,1739186100,Very Low,9.633085,6.8510075,Very Low,6.062216,42.9,5.362319,100,1739186100,5.362319
2025-03-14T01:06:08Z,0,29.693,73.8,42,59.5,1,2,5,75,0.06,255,32767,0.27,2054-1-18,0.07,0.32,23.64,0.0,0.0,0.0,0,0.9140625,3,192,07:20,19:15,2025-03-14 01:06:08.492131,Marina di Stabia,31.1,6.639279,14.05905,5.7798514,10.930394,EU EEA Common AQI,73.8,6.5582366,13.21546,3600,4.811594,100,100,51.4,8.937198,Very Low,75.5,6.355935,100,1739186100,Very Low,9.633085,6.8510075,Very Low,6.062216,42.9,5.362319,100,1739186100,5.362319
2025-03-14T01:06:19Z,0,29.693,73.8,42,59.6,3,2,44,75,0.06,255,32767,0.27,2054-1-18,0.07,0.32,23.64,0.0,0.0,0.0,0,0.9140625,3,192,07:20,19:15,2025-03-14 01:06:19.584140,Marina di Stabia,31.1,6.639279,14.05905,5.7798514,10.930394,EU EEA Common AQI,73.8,6.5582366,13.21546,3600,4.811594,100,100,51.4,8.937198,Very Low,75.5,6.355935,100,1739186100,Very Low,9.633085,6.8510075,Very Low,6.062216,42.9,5.362319,100,1739186100,5.362319
2025-03-14T01:06:30Z,0,29.693,73.8,42,59.5,5,2,26,75,0.06,255,32767,0.27,2054-1-18,0.07,0.32,23.64,0.0,0.0,0.0,0,0.9140625,3,192,07:20,19:15,2025-03-14 01:06:30.662091,Marina di Stabia,31.1,6.639279,14.05905,5.7798514,10.930394,EU EEA Common AQI,73.8,6.5582366,13.21546,3600,4.811594,100,100,51.4,8.937198,Very Low,75.5,6.355935,100,1739186100,Very Low,9.633085,6.8510075,Very Low,6.062216,42.9,5.362319,100,1739186100,5.362319
2025-03-14T01:06:41Z,0,29.693,73.8,42,59.5,5,2,20,75,0.06,255,32767,0.27,2054-1-18,0.07,0.32,23.64,0.0,0.0,0.0,0,0.9140625,3,192,07:20,19:15,2025-03-14 01:06:41.759121,Marina di Stabia,31.1,6.639279,14.05905,5.7798514,10.930394,EU EEA Common AQI,73.8,6.5582366,13.21546,3600,4.811594,100,100,51.4,8.937198,Very Low,75.5,6.355935,100,1739186100,Very Low,9.633085,6.8510075,Very Low,6.062216,42.9,5.362319,100,1739186100,5.362319
2025-03-14T01:06:53Z,0,29.693,73.8,42,59.5,5,2,36,75,0.06,255,32767,0.27,2054-1-18,0.07,0.32,23.64,0.0,0.0,0.0,0,0.9140625,3,192,07:20,19:15,2025-03-14 01:06:52.882131,Marina di Stabia,31.1,6.639279,14.05905,5.7798514,10.930394,EU EEA Common AQI,73.8,6.5582366,13.21546,3600,4.811594,100,100,51.4,8.937198,Very Low,75.5,6.355935,100,1739186100,Very Low,9.633085,6.8510075,Very Low,6.062216,42.9,5.362319,100,1739186100,5.362319
2025-03-14T01:07:04Z,0,29.691,73.8,42,59.5,5,2,36,75,0.06,255,32767,0.27,2054-1-18,0.07,0.32,23.64,0.0,0.0,0.0,0,0.908203125,3,192,07:20,19:15,2025-03-14 01:07:03.974128,Marina di Stabia,31.1,6.639279,14.05905,5.7798514,10.930394,EU EEA Common AQI,73.8,6.5582366,13.21546,3600,4.811594,100,100,51.4,8.937198,Very Low,75.5,6.355935,100,1739186100,Very Low,9.633085,6.8510075,Very Low,6.062216,42.9,5.362319,100,1739186100,5.362319
2025-03-14T01:07:15Z,0,29.691,73.8,42,59.5,4,2,22,75,0.06,255,32767,0.27,2054-1-18,0.07,0.32,23.64,0.0,0.0,0.0,0,0.908203125,3,192,07:20,19:15,2025-03-14 01:07:15.064116,Marina di Stabia,31.1,6.639279,14.05905,5.7798514,10.930394,EU EEA Common AQI,73.8,6.5582366,13.21546,3600,4.811594,100,100,51.4,8.937198,Very Low,75.5,6.355935,100,1739186100,Very Low,9.633085,6.8510075,Very Low,6.062216,42.9,5.362319,100,1739186100,5.362319
2025-03-14T01:07:26Z,0,29.691,73.8,42,59.5,4,2,19,75,0.06,255,32767,0.27,2054-1-18,0.07,0.32,23.64,0.0,0.0,0.0,0,0.908203125,3,192,07:20,19:15,2025-03-14 01:07:26.166120,Marina di Stabia,31.1,6.639279,14.05905,5.7798514,10.930394,EU EEA Common AQI,73.8,6.5582366,13.21546,3600,4.811594,100,100,51.4,8.937198,Very Low,75.5,6.355935,100,1739186100,Very Low,9.633085,6.8510075,Very Low,6.062216,42.9,5.362319,100,1739186100,5.362319
2025-03-14T01:07:37Z,0,29.691,73.8,42,59.5,2,2,5,75,0.06,255,32767,0.27,2054-1-18,0.07,0.32,23.64,0.0,0.0,0.0,0,0.908203125,3,192,07:20,19:15,2025-03-14 01:07:37.253116,Marina di Stabia,31.1,6.639279,14.05905,5.7798514,10.930394,EU EEA Common AQI,73.8,6.5582366,13.21546,3600,4.811594,100,100,51.4,8.937198,Very Low,75.5,6.355935,100,1739186100,Very Low,9.633085,6.8510075,Very Low,6.062216,42.9,5.362319,100,1739186100,5.362319
2025-03-14T01:07:48Z,0,29.691,73.8,42,59.5,3,2,348,75,0.06,255,32767,0.27,2054-1-18,0.07,0.32,23.64,0.0,0.0,0.0,0,0.908203125,3,192,07:20,19:15,2025-03-14 01:07:48.346122,Marina di Stabia,31.1,6.639279,14.05905,5.7798514,10.930394,EU EEA Common AQI,73.8,6.5582366,13.21546,3600,4.811594,100,100,51.4,8.937198,Very Low,75.5,6.355935,100,1739186100,Very Low,9.633085,6.8510075,Very Low,6.062216,42.9,5.362319,100,1739186100,5.362319
2025-03-14T01:07:59Z,0,29.693,73.8,42,59.5,4,2,29,75,0.06,255,32767,0.27,2054-1-18,0.07,0.32,23.64,0.0,0.0,0.0,0,1.060546875,3,192,07:20,19:15,2025-03-14 01:07:59.471139,Marina di Stabia,31.1,6.639279,14.05905,5.7798514,10.930394,EU EEA Common AQI,73.8,6.5582366,13.21546,3600,4.811594,100,100,51.4,8.937198,Very Low,75.5,6.355935,100,1739186100,Very Low,9.633085,6.8510075,Very Low,6.062216,42.9,5.362319,100,1739186100,5.362319
2025-03-14T01:08:10Z,0,29.693,73.8,42,59.5,4,2,96,75,0.06,255,32767,0.27,2054-1-18,0.07,0.32,23.64,0.0,0.0,0.0,0,1.060546875,3,192,07:20,19:15,2025-03-14 01:08:10.601147,Marina di Stabia,31.1,6.639279,14.05905,5.7798514,10.930394,EU EEA Common AQI,73.8,6.5582366,13.21546,3600,4.811594,100,100,51.4,8.937198,Very Low,75.5,6.355935,100,1739186100,Very Low,9.633085,6.8510075,Very Low,6.062216,42.9,5.362319,100,1739186100,5.362319
2025-03-14T01:08:21Z,0,29.693,73.8,42,59.5,5,2,26,75,0.06,255,32767,0.27,2054-1-18,0.07,0.32,23.64,0.0,0.0,0.0,0,1.060546875,3,192,07:20,19:15,2025-03-14 01:08:21.715104,Marina di Stabia,31.1,6.639279,14.05905,5.7798514,10.930394,EU EEA Common AQI,73.8,6.5582366,13.21546,3600,4.811594,100,100,51.4,8.937198,Very Low,75.5,6.355935,100,1739186100,Very Low,9.633085,6.8510075,Very Low,6.062216,42.9,5.362319,100,1739186100,5.362319
2025-03-14T01:08:33Z,0,29.693,73.8,42,59.5,5,2,30,75,0.06,255,32767,0.27,2054-1-18,0.07,0.32,23.64,0.0,0.0,0.0,0,1.060546875,3,192,07:20,19:15,2025-03-14 01:08:32.811128,Marina di Stabia,31.1,6.639279,14.05905,5.7798514,10.930394,EU EEA Common AQI,73.8,6.5582366,13.21546,3600,4.811594,100,100,51.4,8.937198,Very Low,75.5,6.355935,100,1739186100,Very Low,9.633085,6.8510075,Very Low,6.062216,42.9,5.362319,100,1739186100,5.362319
2025-03-14T01:08:44Z,0,29.693,73.8,42,59.5,2,2,17,75,0.06,255,32767,0.27,2054-1-18,0.07,0.32,23.64,0.0,0.0,0.0,0,1.060546875,3,192,07:20,19:15,2025-03-14 01:08:43.915127,Marina di Stabia,31.1,6.639279,14.05905,5.7798514,10.930394,EU EEA Common AQI,73.8,6.5582366,13.21546,3600,4.811594,100,100,51.4,8.937198,Very Low,75.5,6.355935,100,1739186100,Very Low,9.633085,6.8510075,Very Low,6.062216,42.9,5.362319,100,1739186100,5.362319
2025-03-14T01:08:55Z,0,29.693,73.8,42,59.5,2,2,54,75,0.06,255,32767,0.27,2054-1-18,0.07,0.32,23.64,0.0,0.0,0.0,0,1.060546875,3,192,07:20,19:15,2025-03-14 01:08:55.015119,Marina di Stabia,31.1,6.639279,14.05905,5.7798514,10.930394,EU EEA Common AQI,73.8,6.5582366,13.21546,3600,4.811594,100,100,51.4,8.937198,Very Low,75.5,6.355935,100,1739186100,Very Low,9.633085,6.8510075,Very Low,6.062216,42.9,5.362319,100,1739186100,5.362319
2025-03-14T01:09:06Z,0,29.694,73.8,42,59.5,2,3,54,75,0.06,255,32767,0.27,2054-1-18,0.07,0.32,23.64,0.0,0.0,0.0,0,0.908203125,3,192,07:20,19:15,2025-03-14 01:09:06.149083,Marina di Stabia,31.1,6.639279,14.05905,5.7798514,10.930394,EU EEA Common AQI,73.8,6.5582366,13.21546,3600,4.811594,100,100,51.4,8.937198,Very Low,75.5,6.355935,100,1739186100,Very Low,9.633085,6.8510075,Very Low,6.062216,42.9,5.362319,100,1739186100,5.362319
2025-03-14T01:09:17Z,0,29.694,73.8,42,59.5,1,3,25,75,0.06,255,32767,0.27,2054-1-18,0.07,0.32,23.64,0.0,0.0,0.0,0,0.908203125,3,192,07:20,19:15,2025-03-14 01:09:17.237125,Marina di Stabia,31.1,6.639279,14.05905,5.7798514,10.930394,EU EEA Common AQI,73.8,6.5582366,13.21546,3600,4.811594,100,100,51.4,8.937198,Very Low,75.5,6.355935,100,1739186100,Very Low,9.633085,6.8510075,Very Low,6.062216,42.9,5.362319,100,1739186100,5.362319
2025-03-14T01:09:28Z,0,29.694,73.8,42,59.5,3,3,51,75,0.06,255,32767,0.27,2054-1-18,0.07,0.32,23.64,0.0,0.0,0.0,0,0.908203125,3,192,07:20,19:15,2025-03-14 01:09:28.338122,Marina di Stabia,31.1,6.639279,14.05905,5.7798514,10.930394,EU EEA Common AQI,73.8,6.5582366,13.21546,3600,4.811594,100,100,51.4,8.937198,Very Low,75.5,6.355935,100,1739186100,Very Low,9.633085,6.8510075,Very Low,6.062216,42.9,5.362319,100,1739186100,5.362319
2025-03-14T01:09:39Z,0,29.694,73.8,42,59.5,2,3,45,75,0.06,255,32767,0.27,2054-1-18,0.07,0.32,23.64,0.0,0.0,0.0,0,0.908203125,3,192,07:20,19:15,2025-03-14 01:09:39.430145,Marina di Stabia,31.1,6.639279,14.05905,5.7798514,10.930394,EU EEA Common AQI,73.8,6.5582366,13.21546,3600,4.811594,100,100,51.4,8.937198,Very Low,75.5,6.355935,100,1739186100,Very Low,9.633085,6.8510075,Very Low,6.062216,42.9,5.362319,100,1739186100,5.362319
2025-03-14T01:09:50Z,0,29.694,73.8,42,59.5,5,3,36,75,0.06,255,32767,0.27,2054-1-18,0.07,0.32,23.64,0.0,0.0,0.0,0,0.908203125,3,192,07:20,19:15,2025-03-14 01:09:50.533126,Marina di Stabia,31.1,6.639279,14.05905,5.7798514,10.930394,EU EEA Common AQI,73.8,6.5582366,13.21546,3600,4.811594,100,100,51.4,8.937198,Very Low,75.5,6.355935,100,1739186100,Very Low,9.633085,6.8510075,Very Low,6.062216,42.9,5.362319,100,1739186100,5.362319
2025-03-14T01:10:01Z,0,29.696,73.8,42,59.5,3,3,24,75,0.06,255,32767,0.27,2054-1-18,0.07,0.32,23.64,0.0,0.0,0.0,0,1.845703125,3,192,07:20,19:15,2025-03-14 01:10:01.626086,Marina di Stabia,31.1,6.639279,14.05905,5.7798514,10.930394,EU EEA Common AQI,73.8,6.5582366,13.21546,3600,4.811594,100,100,51.4,8.937198,Very Low,75.5,6.355935,100,1739186100,Very Low,9.633085,6.8510075,Very Low,6.062216,42.9,5.362319,100,1739186100,5.362319
2025-03-14T01:10:12Z,0,29.696,73.8,42,59.5,2,3,25,75,0.06,255,32767,0.27,2054-1-18,0.07,0.32,23.64,0.0,0.0,0.0,0,1.845703125,3,192,07:20,19:15,2025-03-14 01:10:12.745123,Marina di Stabia,31.1,6.639279,14.05905,5.7798514,10.930394,EU EEA Common AQI,73.8,6.5582366,13.21546,3600,4.811594,100,100,51.4,8.937198,Very Low,75.5,6.355935,100,1739186100,Very Low,9.633085,6.8510075,Very Low,6.062216,42.9,5.362319,100,1739186100,5.362319
2025-03-14T01:10:24Z,0,29.696,73.8,42,59.5,5,3,56,75,0.06,255,32767,0.27,2054-1-18,0.07,0.32,23.64,0.0,0.0,0.0,0,1.845703125,3,192,07:20,19:15,2025-03-14 01:10:23.841121,Marina di Stabia,31.1,6.639279,14.05905,5.7798514,10.930394,EU EEA Common AQI,73.8,6.5582366,13.21546,3600,4.811594,100,100,51.4,8.937198,Very Low,75.5,6.355935,100,1739186100,Very Low,9.633085,6.8510075,Very Low,6.062216,42.9,5.362319,100,1739186100,5.362319
2025-03-14T01:10:35Z,0,29.696,73.8,42,59.5,5,3,34,75,0.06,255,32767,0.27,2054-1-18,0.07,0.32,23.64,0.0,0.0,0.0,0,1.845703125,3,192,07:20,19:15,2025-03-14 01:10:34.937120,Marina di Stabia,31.1,6.639279,14.05905,5.7798514,10.930394,EU EEA Common AQI,73.8,6.5582366,13.21546,3600,4.811594,100,100,51.4,8.937198,Very Low,75.5,6.355935,100,1739186100,Very Low,9.633085,6.8510075,Very Low,6.062216,42.9,5.362319,100,1739186100,5.362319
2025-03-14T01:10:46Z,0,29.696,73.8,42,59.5,1,3,333,75,0.06,255,32767,0.27,2054-1-18,0.07,0.32,23.64,0.0,0.0,0.0,0,1.845703125,3,192,07:20,19:15,2025-03-14 01:10:46.030137,Marina di Stabia,31.1,6.639279,14.05905,5.7798514,10.930394,EU EEA Common AQI,73.8,6.5582366,13.21546,3600,4.811594,100,100,51.4,8.937198,Very Low,75.5,6.355935,100,1739186100,Very Low,9.633085,6.8510075,Very Low,6.062216,42.9,5.362319,100,1739186100,5.362319
2025-03-14T01:10:57Z,0,29.695,73.8,42,59.5,1,3,333,75,0.06,255,32767,0.27,2054-1-18,0.07,0.32,23.64,0.0,0.0,0.0,0,0.943359375,3,192,07:20,19:15,2025-03-14 01:10:57.146120,Marina di Stabia,31.1,6.639279,14.05905,5.7798514,10.930394,EU EEA Common AQI,73.8,6.5582366,13.21546,3600,4.811594,100,100,51.4,8.937198,Very Low,75.5,6.355935,100,1739186100,Very Low,9.633085,6.8510075,Very Low,6.062216,42.9,5.362319,100,1739186100,5.362319
2025-03-14T01:11:08Z,0,29.695,73.8,42,59.5,0,3,34,75,0.06,255,32767,0.27,2054-1-18,0.07,0.32,23.64,0.0,0.0,0.0,0,0.943359375,3,192,07:20,19:15,2025-03-14 01:11:08.239084,Marina di Stabia,31.1,6.639279,14.05905,5.7798514,10.930394,EU EEA Common AQI,73.8,6.5582366,13.21546,3600,4.811594,100,100,51.4,8.937198,Very Low,75.5,6.355935,100,1739186100,Very Low,9.633085,6.8510075,Very Low,6.062216,42.9,5.362319,100,1739186100,5.362319
2025-03-14T01:11:19Z,0,29.695,73.8,42,59.5,1,3,34,76,0.06,255,32767,0.27,2054-1-18,0.07,0.32,23.64,0.0,0.0,0.0,0,0.943359375,3,192,07:20,19:15,2025-03-14 01:11:19.379121,Marina di Stabia,31.1,6.639279,14.05905,5.7798514,10.930394,EU EEA Common AQI,73.8,6.5582366,13.21546,3600,4.811594,100,100,51.4,8.937198,Very Low,75.5,6.355935,100,1739186100,Very Low,9.633085,6.8510075,Very Low,6.062216,42.9,5.362319,100,1739186100,5.362319
2025-03-14T01:11:30Z,0,29.695,73.8,42,59.5,1,3,34,76,0.06,255,32767,0.27,2054-1-18,0.07,0.32,23.64,0.0,0.0,0.0,0,0.943359375,3,192,07:20,19:15,2025-03-14 01:11:30.477131,Marina di Stabia,31.1,6.639279,14.05905,5.7798514,10.930394,EU EEA Common AQI,73.8,6.5582366,13.21546,3600,4.811594,100,100,51.4,8.937198,Very Low,75.5,6.355935,100,1739186100,Very Low,9.633085,6.8510075,Very Low,6.062216,42.9,5.362319,100,1739186100,5.362319
2025-03-14T01:11:41Z,0,29.695,73.8,42,59.5,1,3,34,76,0.06,255,32767,0.27,2054-1-18,0.07,0.32,23.64,0.0,0.0,0.0,0,0.943359375,3,192,07:20,19:15,2025-03-14 01:11:41.608141,Marina di Stabia,31.1,6.639279,14.05905,5.7798514,10.930394,EU EEA Common AQI,73.8,6.5582366,13.21546,3600,4.811594,100,100,51.4,8.937198,Very Low,75.5,6.355935,100,1739186100,Very Low,9.633085,6.8510075,Very Low,6.062216,42.9,5.362319,100,1739186100,5.362319
2025-03-14T01:11:52Z,0,29.695,73.8,42,59.5,1,3,34,76,0.06,255,32767,0.27,2054-1-18,0.07,0.32,23.64,0.0,0.0,0.0,0,0.943359375,3,192,07:20,19:15,2025-03-14 01:11:52.705131,Marina di Stabia,31.1,6.639279,14.05905,5.7798514,10.930394,EU EEA Common AQI,73.8,6.5582366,13.21546,3600,4.811594,100,100,51.4,8.937198,Very Low,75.5,6.355935,100,1739186100,Very Low,9.633085,6.8510075,Very Low,6.062216,42.9,5.362319,100,1739186100,5.362319
2025-03-14T01:12:03Z,0,29.698,73.8,42,59.5,1,3,34,76,0.06,255,32767,0.27,2054-1-18,0.07,0.32,23.64,0.0,0.0,0.0,0,0.966796875,3,192,07:20,19:15,2025-03-14 01:12:03.799127,Marina di Stabia,31.1,6.639279,14.05905,5.7798514,10.930394,EU EEA Common AQI,73.8,6.5582366,13.21546,3600,4.811594,100,100,51.4,8.937198,Very Low,75.5,6.355935,100,1739186100,Very Low,9.633085,6.8510075,Very Low,6.062216,42.9,5.362319,100,1739186100,5.362319
2025-03-14T01:12:15Z,0,29.698,73.8,42,59.5,1,3,34,75,0.06,255,32767,0.27,2054-1-18,0.07,0.32,23.64,0.0,0.0,0.0,0,0.966796875,3,192,07:20,19:15,2025-03-14 01:12:14.883129,Marina di Stabia,31.1,6.639279,14.05905,5.7798514,10.930394,EU EEA Common AQI,73.8,6.5582366,13.21546,3600,4.811594,100,100,51.4,8.937198,Very Low,75.5,6.355935,100,1739186100,Very Low,9.633085,6.8510075,Very Low,6.062216,42.9,5.362319,100,1739186100,5.362319
2025-03-14T01:12:26Z,0,29.698,73.8,42,59.5,1,3,34,75,0.06,255,32767,0.27,2054-1-18,0.07,0.32,23.64,0.0,0.0,0.0,0,0.966796875,3,192,07:20,19:15,2025-03-14 01:12:26.011119,Marina di Stabia,31.1,6.639279,14.05905,5.7798514,10.930394,EU EEA Common AQI,73.8,6.5582366,13.21546,3600,4.811594,100,100,51.4,8.937198,Very Low,75.5,6.355935,100,1739186100,Very Low,9.633085,6.8510075,Very Low,6.062216,42.9,5.362319,100,1739186100,5.362319
2025-03-14T01:12:37Z,0,29.698,73.8,42,59.5,3,3,35,75,0.06,255,32767,0.27,2054-1-18,0.07,0.32,23.64,0.0,0.0,0.0,0,0.966796875,3,192,07:20,19:15,2025-03-14 01:12:37.093107,Marina di Stabia,31.1,6.639279,14.05905,5.7798514,10.930394,EU EEA Common AQI,73.8,6.5582366,13.21546,3600,4.811594,100,100,51.4,8.937198,Very Low,75.5,6.355935,100,1739186100,Very Low,9.633085,6.8510075,Very Low,6.062216,42.9,5.362319,100,1739186100,5.362319
2025-03-14T01:12:48Z,0,29.698,73.8,42,59.5,4,3,35,75,0.06,255,32767,0.27,2054-1-18,0.07,0.32,23.64,0.0,0.0,0.0,0,0.966796875,3,192,07:20,19:15,2025-03-14 01:12:48.188124,Marina di Stabia,31.1,6.639279,14.05905,5.7798514,10.930394,EU EEA Common AQI,73.8,6.5582366,13.21546,3600,4.811594,100,100,51.4,8.937198,Very Low,75.5,6.355935,100,1739186100,Very Low,9.633085,6.8510075,Very Low,6.062216,42.9,5.362319,100,1739186100,5.362319
2025-03-14T01:12:59Z,0,29.695,73.8,42,59.5,4,3,35,75,0.06,255,32767,0.27,2054-1-18,0.07,0.32,23.64,0.0,0.0,0.0,0,1.013671875,3,192,07:20,19:15,2025-03-14 01:12:59.294125,Marina di Stabia,31.1,6.639279,14.05905,5.7798514,10.930394,EU EEA Common AQI,73.8,6.5582366,13.21546,3600,4.811594,100,100,51.4,8.937198,Very Low,75.5,6.355935,100,1739186100,Very Low,9.633085,6.8510075,Very Low,6.062216,42.9,5.362319,100,1739186100,5.362319
2025-03-14T01:13:10Z,0,29.695,73.8,42,59.4,2,3,35,75,0.06,255,32767,0.27,2054-1-18,0.07,0.32,23.64,0.0,0.0,0.0,0,1.013671875,3,192,07:20,19:15,2025-03-14 01:13:10.386117,Marina di Stabia,31.1,6.639279,14.05905,5.7798514,10.930394,EU EEA Common AQI,73.8,6.5582366,13.21546,3600,4.811594,100,100,51.4,8.937198,Very Low,75.5,6.355935,100,1739186100,Very Low,9.633085,6.8510075,Very Low,6.062216,42.9,5.362319,100,1739186100,5.362319
2025-03-14T01:13:21Z,0,29.695,73.8,42,59.4,2,3,35,75,0.06,255,32767,0.27,2054-1-18,0.07,0.32,23.64,0.0,0.0,0.0,0,1.013671875,3,192,07:20,19:15,2025-03-14 01:13:21.462126,Marina di Stabia,31.1,6.639279,14.05905,5.7798514,10.930394,EU EEA Common AQI,73.8,6.5582366,13.21546,3600,4.811594,100,100,51.4,8.937198,Very Low,75.5,6.355935,100,1739186100,Very Low,9.633085,6.8510075,Very Low,6.062216,42.9,5.362319,100,1739186100,5.362319
2025-03-14T01:13:32Z,0,29.695,73.8,42,59.4,1,3,35,75,0.06,255,32767,0.27,2054-1-18,0.07,0.32,23.64,0.0,0.0,0.0,0,1.013671875,3,192,07:20,19:15,2025-03-14 01:13:32.610125,Marina di Stabia,31.1,6.639279,14.05905,5.7798514,10.930394,EU EEA Common AQI,73.8,6.5582366,13.21546,3600,4.811594,100,100,51.4,8.937198,Very Low,75.5,6.355935,100,1739186100,Very Low,9.633085,6.8510075,Very Low,6.062216,42.9,5.362319,100,1739186100,5.362319
2025-03-14T01:13:43Z,0,29.695,73.8,42,59.4,1,3,35,75,0.06,255,32767,0.27,2054-1-18,0.07,0.32,23.64,0.0,0.0,0.0,0,1.013671875,3,192,07:20,19:15,2025-03-14 01:13:43.695092,Marina di Stabia,31.1,6.639279,14.05905,5.7798514,10.930394,EU EEA Common AQI,73.8,6.5582366,13.21546,3600,4.811594,100,100,51.4,8.937198,Very Low,75.5,6.355935,100,1739186100,Very Low,9.633085,6.8510075,Very Low,6.062216,42.9,5.362319,100,1739186100,5.362319
2025-03-14T01:13:54Z,0,29.695,73.8,42,59.4,1,3,35,75,0.06,255,32767,0.27,2054-1-18,0.07,0.32,23.64,0.0,0.0,0.0,0,1.013671875,3,192,07:20,19:15,2025-03-14 01:13:54.798126,Marina di Stabia,31.1,6.639279,14.05905,5.7798514,10.930394,EU EEA Common AQI,73.8,6.5582366,13.21546,3600,4.811594,100,100,51.4,8.937198,Very Low,75.5,6.355935,100,1739186100,Very Low,9.633085,6.8510075,Very Low,6.062216,42.9,5.362319,100,1739186100,5.362319
2025-03-14T01:14:06Z,0,29.698,73.8,42,59.4,0,3,35,75,0.06,255,32767,0.27,2054-1-18,0.07,0.32,23.64,0.0,0.0,0.0,0,0.966796875,3,192,07:20,19:15,2025-03-14 01:14:05.904121,Marina di Stabia,31.1,6.639279,14.05905,5.7798514,10.930394,EU EEA Common AQI,73.8,6.5582366,13.21546,3600,4.811594,100,100,51.4,8.937198,Very Low,75.5,6.355935,100,1739186100,Very Low,9.633085,6.8510075,Very Low,6.062216,42.9,5.362319,100,1739186100,5.362319
2025-03-14T01:14:17Z,0,29.698,73.8,42,59.4,0,3,35,75,0.05,255,32767,0.27,2054-1-18,0.07,0.32,23.64,0.0,0.0,0.0,0,0.966796875,3,192,07:20,19:15,2025-03-14 01:14:16.989117,Marina di Stabia,31.1,6.639279,14.05905,5.7798514,10.930394,EU EEA Common AQI,73.8,6.5582366,13.21546,3600,4.811594,100,100,51.4,8.937198,Very Low,75.5,6.355935,100,1739186100,Very Low,9.633085,6.8510075,Very Low,6.062216,42.9,5.362319,100,1739186100,5.362319
2025-03-14T01:14:28Z,0,29.698,73.8,42,59.4,1,3,38,75,0.05,255,32767,0.27,2054-1-18,0.07,0.32,23.64,0.0,0.0,0.0,0,0.966796875,3,192,07:20,19:15,2025-03-14 01:14:28.078118,Marina di Stabia,31.1,6.639279,14.05905,5.7798514,10.930394,EU EEA Common AQI,73.8,6.5582366,13.21546,3600,4.811594,100,100,51.4,8.937198,Very Low,75.5,6.355935,100,1739186100,Very Low,9.633085,6.8510075,Very Low,6.062216,42.9,5.362319,100,1739186100,5.362319
2025-03-14T01:14:39Z,0,29.698,73.8,42,59.4,2,3,19,75,0.05,255,32767,0.27,2054-1-18,0.07,0.32,23.64,0.0,0.0,0.0,0,0.966796875,3,192,07:20,19:15,2025-03-14 01:14:39.197125,Marina di Stabia,31.1,6.639279,14.05905,5.7798514,10.930394,EU EEA Common AQI,73.8,6.5582366,13.21546,3600,4.811594,100,100,51.4,8.937198,Very Low,75.5,6.355935,100,1739186100,Very Low,9.633085,6.8510075,Very Low,6.062216,42.9,5.362319,100,1739186100,5.362319
2025-03-14T01:14:50Z,0,29.698,73.8,42,59.4,3,3,360,75,0.05,255,32767,0.27,2054-1-18,0.07,0.32,23.64,0.0,0.0,0.0,0,0.966796875,3,192,07:20,19:15,2025-03-14 01:14:50.296122,Marina di Stabia,31.1,6.639279,14.05905,5.7798514,10.930394,EU EEA Common AQI,73.8,6.5582366,13.21546,3600,4.811594,100,100,51.4,8.937198,Very Low,75.5,6.355935,100,1739186100,Very Low,9.633085,6.8510075,Very Low,6.062216,42.9,5.362319,100,1739186100,5.362319
2025-03-14T01:15:01Z,0,29.698,73.8,42,59.4,9,3,349,75,0.05,255,32767,0.27,2054-1-18,0.07,0.32,23.64,0.0,0.0,0.0,0,1.388671875,3,192,07:20,19:15,2025-03-14 01:15:01.398129,Marina di Stabia,31.1,6.639279,14.05905,5.7798514,10.930394,EU EEA Common AQI,73.8,6.5582366,13.21546,3600,4.811594,100,100,51.4,8.937198,Very Low,75.5,6.355935,100,1739186100,Very Low,9.633085,6.8510075,Very Low,6.062216,42.9,5.362319,100,1739186100,5.362319
2025-03-14T01:15:12Z,0,29.698,73.8,42,59.4,9,3,344,75,0.05,255,32767,0.27,2054-1-18,0.07,0.32,23.64,0.0,0.0,0.0,0,1.388671875,3,192,07:20,19:15,2025-03-14 01:15:12.497120,Marina di Stabia,31.1,6.639279,14.05905,5.7798514,10.930394,EU EEA Common AQI,73.8,6.5582366,13.21546,3600,4.811594,100,100,51.4,8.937198,Very Low,75.5,6.355935,100,1739186100,Very Low,9.633085,6.8510075,Very Low,6.062216,42.9,5.362319,100,1739186100,5.362319
2025-03-14T01:15:23Z,0,29.698,73.8,42,59.4,9,3,344,75,0.05,255,32767,0.27,2054-1-18,0.07,0.32,23.64,0.0,0.0,0.0,0,1.388671875,3,192,07:20,19:15,2025-03-14 01:15:23.589128,Marina di Stabia,31.1,6.639279,14.05905,5.7798514,10.930394,EU EEA Common AQI,73.8,6.5582366,13.21546,3600,4.811594,100,100,51.4,8.937198,Very Low,75.5,6.355935,100,1739186100,Very Low,9.633085,6.8510075,Very Low,6.062216,42.9,5.362319,100,1739186100,5.362319
2025-03-14T01:15:34Z,0,29.698,73.8,42,59.4,9,3,344,75,0.05,255,32767,0.27,2054-1-18,0.07,0.32,23.64,0.0,0.0,0.0,0,1.388671875,3,192,07:20,19:15,2025-03-14 01:15:34.739127,Marina di Stabia,31.1,6.639279,14.05905,5.7798514,10.930394,EU EEA Common AQI,73.8,6.5582366,13.21546,3600,4.811594,100,100,51.4,8.937198,Very Low,75.5,6.355935,100,1739186100,Very Low,9.633085,6.8510075,Very Low,6.062216,42.9,5.362319,100,1739186100,5.362319
2025-03-14T01:15:46Z,0,29.698,73.8,42,59.4,9,3,344,75,0.05,255,32767,0.27,2054-1-18,0.07,0.32,23.64,0.0,0.0,0.0,0,1.388671875,3,192,07:20,19:15,2025-03-14 01:15:45.834135,Marina di Stabia,31.1,6.639279,14.05905,5.7798514,10.930394,EU EEA Common AQI,73.8,6.5582366,13.21546,3600,4.811594,100,100,51.4,8.937198,Very Low,75.5,6.355935,100,1739186100,Very Low,9.633085,6.8510075,Very Low,6.062216,42.9,5.362319,100,1739186100,5.362319
2025-03-14T01:15:57Z,0,29.698,73.8,42,59.5,8,3,342,75,0.05,255,32767,0.27,2054-1-18,0.07,0.32,23.64,0.0,0.0,0.0,0,1.048828125,3,192,07:20,19:15,2025-03-14 01:15:56.921101,Marina di Stabia,31.1,6.639279,14.05905,5.7798514,10.930394,EU EEA Common AQI,73.8,6.5582366,13.21546,3600,4.811594,100,100,51.4,8.937198,Very Low,75.5,6.355935,100,1739186100,Very Low,9.633085,6.8510075,Very Low,6.062216,42.9,5.362319,100,1739186100,5.362319
2025-03-14T01:16:08Z,0,29.698,73.8,42,59.5,9,3,338,75,0.05,255,32767,0.27,2054-1-18,0.07,0.32,23.64,0.0,0.0,0.0,0,1.048828125,3,192,07:20,19:15,2025-03-14 01:16:08.038119,Marina di Stabia,31.1,6.639279,14.05905,5.7798514,10.930394,EU EEA Common AQI,73.8,6.5582366,13.21546,3600,4.811594,100,100,51.4,8.937198,Very Low,75.5,6.355935,100,1739186100,Very Low,9.633085,6.8510075,Very Low,6.062216,42.9,5.362319,100,1739186100,5.362319
2025-03-14T01:16:19Z,0,29.698,73.8,42,59.5,9,3,338,75,0.05,255,32767,0.27,2054-1-18,0.07,0.32,23.64,0.0,0.0,0.0,0,1.048828125,3,192,07:20,19:15,2025-03-14 01:16:19.139126,Marina di Stabia,31.1,6.639279,14.05905,5.7798514,10.930394,EU EEA Common AQI,73.8,6.5582366,13.21546,3600,4.811594,100,100,51.4,8.937198,Very Low,75.5,6.355935,100,1739186100,Very Low,9.633085,6.8510075,Very Low,6.062216,42.9,5.362319,100,1739186100,5.362319
2025-03-14T01:16:30Z,0,29.698,73.8,42,59.5,9,3,338,75,0.05,255,32767,0.27,2054-1-18,0.07,0.32,23.64,0.0,0.0,0.0,0,1.048828125,3,192,07:20,19:15,2025-03-14 01:16:30.240126,Marina di Stabia,31.1,6.639279,14.05905,5.7798514,10.930394,EU EEA Common AQI,73.8,6.5582366,13.21546,3600,4.811594,100,100,51.4,8.937198,Very Low,75.5,6.355935,100,1739186100,Very Low,9.633085,6.8510075,Very Low,6.062216,42.9,5.362319,100,1739186100,5.362319
2025-03-14T01:16:41Z,0,29.698,73.8,42,59.5,10,3,336,75,0.04,255,32767,0.27,2054-1-18,0.07,0.32,23.64,0.0,0.0,0.0,0,1.048828125,3,192,07:20,19:15,2025-03-14 01:16:41.355127,Marina di Stabia,31.1,6.639279,14.05905,5.7798514,10.930394,EU EEA Common AQI,73.8,6.5582366,13.21546,3600,4.811594,100,100,51.4,8.937198,Very Low,75.5,6.355935,100,1739186100,Very Low,9.633085,6.8510075,Very Low,6.062216,42.9,5.362319,100,1739186100,5.362319
2025-03-14T01:16:52Z,0,29.698,73.8,42,59.5,11,3,337,75,0.04,255,32767,0.27,2054-1-18,0.07,0.32,23.64,0.0,0.0,0.0,0,1.048828125,3,192,07:20,19:15,2025-03-14 01:16:52.480107,Marina di Stabia,31.1,6.639279,14.05905,5.7798514,10.930394,EU EEA Common AQI,73.8,6.5582366,13.21546,3600,4.811594,100,100,51.4,8.937198,Very Low,75.5,6.355935,100,1739186100,Very Low,9.633085,6.8510075,Very Low,6.062216,42.9,5.362319,100,1739186100,5.362319
2025-03-14T01:17:03Z,0,29.696,73.8,42,59.6,11,4,338,75,0.04,255,32767,0.27,2054-1-18,0.07,0.32,23.64,0.0,0.0,0.0,0,0.966796875,3,192,07:20,19:15,2025-03-14 01:17:03.596132,Marina di Stabia,31.1,6.639279,14.05905,5.7798514,10.930394,EU EEA Common AQI,73.8,6.5582366,13.21546,3600,4.811594,100,100,51.4,8.937198,Very Low,75.5,6.355935,100,1739186100,Very Low,9.633085,6.8510075,Very Low,6.062216,42.9,5.362319,100,1739186100,5.362319
2025-03-14T01:17:14Z,0,29.696,73.8,42,59.6,11,4,336,78,0.04,255,32767,0.27,2054-1-18,0.07,0.32,23.64,0.0,0.0,0.0,0,0.966796875,3,192,07:20,19:15,2025-03-14 01:17:14.681121,Marina di Stabia,31.1,6.639279,14.05905,5.7798514,10.930394,EU EEA Common AQI,73.8,6.5582366,13.21546,3600,4.811594,100,100,51.4,8.937198,Very Low,75.5,6.355935,100,1739186100,Very Low,9.633085,6.8510075,Very Low,6.062216,42.9,5.362319,100,1739186100,5.362319
2025-03-14T01:17:25Z,0,29.696,73.8,42,59.6,11,4,338,78,0.04,255,32767,0.27,2054-1-18,0.07,0.32,23.64,0.0,0.0,0.0,0,0.966796875,3,192,07:20,19:15,2025-03-14 01:17:25.774120,Marina di Stabia,31.1,6.639279,14.05905,5.7798514,10.930394,EU EEA Common AQI,73.8,6.5582366,13.21546,3600,4.811594,100,100,51.4,8.937198,Very Low,75.5,6.355935,100,1739186100,Very Low,9.633085,6.8510075,Very Low,6.062216,42.9,5.362319,100,1739186100,5.362319
2025-03-14T01:17:37Z,0,29.696,73.8,42,59.5,12,4,333,78,0.04,255,32767,0.27,2054-1-18,0.07,0.32,23.64,0.0,0.0,0.0,0,0.966796875,3,192,07:20,19:15,2025-03-14 01:17:36.896125,Marina di Stabia,31.1,6.639279,14.05905,5.7798514,10.930394,EU EEA Common AQI,73.8,6.5582366,13.21546,3600,4.811594,100,100,51.4,8.937198,Very Low,75.5,6.355935,100,1739186100,Very Low,9.633085,6.8510075,Very Low,6.062216,42.9,5.362319,100,1739186100,5.362319
2025-03-14T01:17:48Z,0,29.696,73.8,42,59.5,11,4,337,78,0.04,255,32767,0.27,2054-1-18,0.07,0.32,23.64,0.0,0.0,0.0,0,0.966796875,3,192,07:20,19:15,2025-03-14 01:17:47.995127,Marina di Stabia,31.1,6.639279,14.05905,5.7798514,10.930394,EU EEA Common AQI,73.8,6.5582366,13.21546,3600,4.811594,100,100,51.4,8.937198,Very Low,75.5,6.355935,100,1739186100,Very Low,9.633085,6.8510075,Very Low,6.062216,42.9,5.362319,100,1739186100,5.362319
2025-03-14T01:17:59Z,0,29.7,73.8,42,59.5,12,5,338,78,0.04,255,32767,0.27,2054-1-18,0.07,0.32,23.64,0.0,0.0,0.0,0,0.978515625,3,192,07:20,19:15,2025-03-14 01:17:59.124125,Marina di Stabia,31.1,6.639279,14.05905,5.7798514,10.930394,EU EEA Common AQI,73.8,6.5582366,13.21546,3600,4.811594,100,100,51.4,8.937198,Very Low,75.5,6.355935,100,1739186100,Very Low,9.633085,6.8510075,Very Low,6.062216,42.9,5.362319,100,1739186100,5.362319
2025-03-14T01:18:10Z,0,29.7,73.8,42,59.5,11,5,346,77,0.04,255,32767,0.27,2054-1-18,0.07,0.32,23.64,0.0,0.0,0.0,0,0.978515625,3,192,07:20,19:15,2025-03-14 01:18:10.237123,Marina di Stabia,31.1,6.639279,14.05905,5.7798514,10.930394,EU EEA Common AQI,73.8,6.5582366,13.21546,3600,4.811594,100,100,51.4,8.937198,Very Low,75.5,6.355935,100,1739186100,Very Low,9.633085,6.8510075,Very Low,6.062216,42.9,5.362319,100,1739186100,5.362319
2025-03-14T01:18:21Z,0,29.7,73.8,42,59.5,11,5,345,77,0.04,255,32767,0.27,2054-1-18,0.07,0.32,23.64,0.0,0.0,0.0,0,0.978515625,3,192,07:20,19:15,2025-03-14 01:18:21.368130,Marina di Stabia,31.1,6.639279,14.05905,5.7798514,10.930394,EU EEA Common AQI,73.8,6.5582366,13.21546,3600,4.811594,100,100,51.4,8.937198,Very Low,75.5,6.355935,100,1739186100,Very Low,9.633085,6.8510075,Very Low,6.062216,42.9,5.362319,100,1739186100,5.362319
2025-03-14T01:18:32Z,0,29.7,73.8,42,59.5,11,5,349,77,0.04,255,32767,0.27,2054-1-18,0.07,0.32,23.64,0.0,0.0,0.0,0,0.978515625,3,192,07:20,19:15,2025-03-14 01:18:32.473133,Marina di Stabia,31.1,6.639279,14.05905,5.7798514,10.930394,EU EEA Common AQI,73.8,6.5582366,13.21546,3600,4.811594,100,100,51.4,8.937198,Very Low,75.5,6.355935,100,1739186100,Very Low,9.633085,6.8510075,Very Low,6.062216,42.9,5.362319,100,1739186100,5.362319
2025-03-14T01:18:43Z,0,29.7,73.8,42,59.5,9,5,334,77,0.04,255,32767,0.27,2054-1-18,0.07,0.32,23.64,0.0,0.0,0.0,0,0.978515625,3,192,07:20,19:15,2025-03-14 01:18:43.590131,Marina di Stabia,31.1,6.639279,14.05905,5.7798514,10.930394,EU EEA Common AQI,73.8,6.5582366,13.21546,3600,4.811594,100,100,51.4,8.937198,Very Low,75.5,6.355935,100,1739186100,Very Low,9.633085,6.8510075,Very Low,6.062216,42.9,5.362319,100,1739186100,5.362319
2025-03-14T01:18:54Z,0,29.7,73.8,42,59.5,10,5,338,77,0.04,255,32767,0.27,2054-1-18,0.07,0.32,23.64,0.0,0.0,0.0,0,0.978515625,3,192,07:20,19:15,2025-03-14 01:18:54.685121,Marina di Stabia,31.1,6.639279,14.05905,5.7798514,10.930394,EU EEA Common AQI,73.8,6.5582366,13.21546,3600,4.811594,100,100,51.4,8.937198,Very Low,75.5,6.355935,100,1739186100,Very Low,9.633085,6.8510075,Very Low,6.062216,42.9,5.362319,100,1739186100,5.362319
2025-03-14T01:19:05Z,0,29.701,73.8,42,59.4,8,5,334,77,0.04,255,32767,0.27,2054-1-18,0.07,0.32,23.64,0.0,0.0,0.0,0,0.966796875,3,192,07:20,19:15,2025-03-14 01:19:05.774127,Marina di Stabia,31.1,6.639279,14.05905,5.7798514,10.930394,EU EEA Common AQI,73.8,6.5582366,13.21546,3600,4.811594,100,100,51.4,8.937198,Very Low,75.5,6.355935,100,1739186100,Very Low,9.633085,6.8510075,Very Low,6.062216,42.9,5.362319,100,1739186100,5.362319
2025-03-14T01:19:17Z,0,29.701,73.8,42,59.4,10,5,333,77,0.04,255,32767,0.27,2054-1-18,0.07,0.32,23.64,0.0,0.0,0.0,0,0.966796875,3,192,07:20,19:15,2025-03-14 01:19:16.876131,Marina di Stabia,31.1,6.639279,14.05905,5.7798514,10.930394,EU EEA Common AQI,73.8,6.5582366,13.21546,3600,4.811594,100,100,51.4,8.937198,Very Low,75.5,6.355935,100,1739186100,Very Low,9.633085,6.8510075,Very Low,6.062216,42.9,5.362319,100,1739186100,5.362319
2025-03-14T01:19:28Z,0,29.701,73.8,42,59.4,11,5,335,77,0.04,255,32767,0.27,2054-1-18,0.07,0.32,23.64,0.0,0.0,0.0,0,0.966796875,3,192,07:20,19:15,2025-03-14 01:19:27.975120,Marina di Stabia,31.1,6.639279,14.05905,5.7798514,10.930394,EU EEA Common AQI,73.8,6.5582366,13.21546,3600,4.811594,100,100,51.4,8.937198,Very Low,75.5,6.355935,100,1739186100,Very Low,9.633085,6.8510075,Very Low,6.062216,42.9,5.362319,100,1739186100,5.362319
2025-03-14T01:19:39Z,0,29.701,73.8,42,59.4,11,5,347,77,0.04,255,32767,0.27,2054-1-18,0.07,0.32,23.64,0.0,0.0,0.0,0,0.966796875,3,192,07:20,19:15,2025-03-14 01:19:39.077085,Marina di Stabia,31.1,6.639279,14.05905,5.7798514,10.930394,EU EEA Common AQI,73.8,6.5582366,13.21546,3600,4.811594,100,100,51.4,8.937198,Very Low,75.5,6.355935,100,1739186100,Very Low,9.633085,6.8510075,Very Low,6.062216,42.9,5.362319,100,1739186100,5.362319
2025-03-14T01:19:50Z,0,29.701,73.8,42,59.4,13,5,347,77,0.04,255,32767,0.27,2054-1-18,0.07,0.32,23.64,0.0,0.0,0.0,0,0.966796875,3,192,07:20,19:15,2025-03-14 01:19:50.206131,Marina di Stabia,31.1,6.639279,14.05905,5.7798514,10.930394,EU EEA Common AQI,73.8,6.5582366,13.21546,3600,4.811594,100,100,51.4,8.937198,Very Low,75.5,6.355935,100,1739186100,Very Low,9.633085,6.8510075,Very Low,6.062216,42.9,5.362319,100,1739186100,5.362319
2025-03-14T01:20:01Z,0,29.7,73.8,42,59.4,11,6,345,77,0.04,255,32767,0.27,2054-1-18,0.07,0.32,23.64,0.0,0.0,0.0,0,1.119140625,3,192,07:20,19:15,2025-03-14 01:20:01.293122,Marina di Stabia,31.1,6.639279,14.05905,5.7798514,10.930394,EU EEA Common AQI,73.8,6.5582366,13.21546,3600,4.811594,100,100,51.4,8.937198,Very Low,75.5,6.355935,100,1739186100,Very Low,9.633085,6.8510075,Very Low,6.062216,42.9,5.362319,100,1739186100,5.362319
2025-03-14T01:20:12Z,0,29.7,73.8,42,59.5,11,6,343,77,0.04,255,32767,0.27,2054-1-18,0.07,0.32,23.64,0.0,0.0,0.0,0,1.119140625,3,192,07:20,19:15,2025-03-14 01:20:12.387119,Marina di Stabia,31.1,6.639279,14.05905,5.7798514,10.930394,EU EEA Common AQI,73.8,6.5582366,13.21546,3600,4.811594,100,100,51.4,8.937198,Very Low,75.5,6.355935,100,1739186100,Very Low,9.633085,6.8510075,Very Low,6.062216,42.9,5.362319,100,1739186100,5.362319
2025-03-14T01:20:23Z,0,29.7,73.8,42,59.5,10,6,343,77,0.0,255,32767,0.27,2054-1-18,0.07,0.32,23.64,0.0,0.0,0.0,0,1.119140625,3,192,07:20,19:15,2025-03-14 01:20:23.490127,Marina di Stabia,31.1,6.639279,14.05905,5.7798514,10.930394,EU EEA Common AQI,73.8,6.5582366,13.21546,3600,4.811594,100,100,51.4,8.937198,Very Low,75.5,6.355935,100,1739186100,Very Low,9.633085,6.8510075,Very Low,6.062216,42.9,5.362319,100,1739186100,5.362319
2025-03-14T01:20:34Z,0,29.7,73.8,42,59.5,9,6,336,77,0.0,255,32767,0.27,2054-1-18,0.07,0.32,23.64,0.0,0.0,0.0,0,1.119140625,3,192,07:20,19:15,2025-03-14 01:20:34.589123,Marina di Stabia,31.1,6.639279,14.05905,5.7798514,10.930394,EU EEA Common AQI,73.8,6.5582366,13.21546,3600,4.811594,100,100,51.4,8.937198,Very Low,75.5,6.355935,100,1739186100,Very Low,9.633085,6.8510075,Very Low,6.062216,42.9,5.362319,100,1739186100,5.362319
2025-03-14T01:20:45Z,0,29.7,73.8,42,59.5,8,6,346,77,0.0,255,32767,0.27,2054-1-18,0.07,0.32,23.64,0.0,0.0,0.0,0,1.119140625,3,192,07:20,19:15,2025-03-14 01:20:45.684118,Marina di Stabia,31.1,6.639279,14.05905,5.7798514,10.930394,EU EEA Common AQI,73.8,6.5582366,13.21546,3600,4.811594,100,100,51.4,8.937198,Very Low,75.5,6.355935,100,1739186100,Very Low,9.633085,6.8510075,Very Low,6.062216,42.9,5.362319,100,1739186100,5.362319
2025-03-14T01:20:57Z,0,29.702,73.9,43,59.5,10,7,355,77,0.0,255,32767,0.27,2054-1-18,0.07,0.32,23.64,0.0,0.0,0.0,0,0.99609375,3,192,07:20,19:15,2025-03-14 01:20:56.808091,Marina di Stabia,31.1,6.639279,14.05905,5.7798514,10.930394,EU EEA Common AQI,73.8,6.5582366,13.21546,3600,4.811594,100,100,51.4,8.937198,Very Low,75.5,6.355935,100,1739186100,Very Low,9.633085,6.8510075,Very Low,6.062216,42.9,5.362319,100,1739186100,5.362319
2025-03-14T01:21:08Z,0,29.702,73.9,43,59.5,9,7,336,77,0.0,255,32767,0.27,2054-1-18,0.07,0.32,23.64,0.0,0.0,0.0,0,0.99609375,3,192,07:20,19:15,2025-03-14 01:21:07.903156,Marina di Stabia,31.1,6.639279,14.05905,5.7798514,10.930394,EU EEA Common AQI,73.8,6.5582366,13.21546,3600,4.811594,100,100,51.4,8.937198,Very Low,75.5,6.355935,100,1739186100,Very Low,9.633085,6.8510075,Very Low,6.062216,42.9,5.362319,100,1739186100,5.362319
2025-03-14T01:21:19Z,0,29.702,73.9,43,59.5,6,7,350,77,0.0,255,32767,0.27,2054-1-18,0.07,0.32,23.64,0.0,0.0,0.0,0,0.99609375,3,192,07:20,19:15,2025-03-14 01:21:19.032119,Marina di Stabia,31.1,6.639279,14.05905,5.7798514,10.930394,EU EEA Common AQI,73.8,6.5582366,13.21546,3600,4.811594,100,100,51.4,8.937198,Very Low,75.5,6.355935,100,1739186100,Very Low,9.633085,6.8510075,Very Low,6.062216,42.9,5.362319,100,1739186100,5.362319
2025-03-14T01:21:30Z,0,29.702,73.9,43,59.5,8,7,350,77,0.0,255,32767,0.27,2054-1-18,0.07,0.32,23.64,0.0,0.0,0.0,0,0.99609375,3,192,07:20,19:15,2025-03-14 01:21:30.120120,Marina di Stabia,31.1,6.639279,14.05905,5.7798514,10.930394,EU EEA Common AQI,73.8,6.5582366,13.21546,3600,4.811594,100,100,51.4,8.937198,Very Low,75.5,6.355935,100,1739186100,Very Low,9.633085,6.8510075,Very Low,6.062216,42.9,5.362319,100,1739186100,5.362319
2025-03-14T01:21:41Z,0,29.702,73.9,43,59.5,8,7,11,77,0.0,255,32767,0.27,2054-1-18,0.07,0.32,23.64,0.0,0.0,0.0,0,0.99609375,3,192,07:20,19:15,2025-03-14 01:21:41.196130,Marina di Stabia,31.1,6.639279,14.05905,5.7798514,10.930394,EU EEA Common AQI,73.8,6.5582366,13.21546,3600,4.811594,100,100,51.4,8.937198,Very Low,75.5,6.355935,100,1739186100,Very Low,9.633085,6.8510075,Very Low,6.062216,42.9,5.362319,100,1739186100,5.362319
2025-03-14T01:21:52Z,0,29.702,73.9,43,59.5,8,7,11,77,0.0,255,32767,0.27,2054-1-18,0.07,0.32,23.64,0.0,0.0,0.0,0,0.99609375,3,192,07:20,19:15,2025-03-14 01:21:52.281140,Marina di Stabia,31.1,6.639279,14.05905,5.7798514,10.930394,EU EEA Common AQI,73.8,6.5582366,13.21546,3600,4.811594,100,100,51.4,8.937198,Very Low,75.5,6.355935,100,1739186100,Very Low,9.633085,6.8510075,Very Low,6.062216,42.9,5.362319,100,1739186100,5.362319
2025-03-14T01:22:03Z,0,29.701,73.8,43,59.5,9,7,30,77,0.0,255,32767,0.27,2054-1-18,0.07,0.32,23.64,0.0,0.0,0.0,0,1.83984375,3,192,07:20,19:15,2025-03-14 01:22:03.375142,Marina di Stabia,31.1,6.639279,14.05905,5.7798514,10.930394,EU EEA Common AQI,73.8,6.5582366,13.21546,3600,4.811594,100,100,51.4,8.937198,Very Low,75.5,6.355935,100,1739186100,Very Low,9.633085,6.8510075,Very Low,6.062216,42.9,5.362319,100,1739186100,5.362319
2025-03-14T01:22:14Z,0,29.701,73.8,43,59.6,9,7,12,77,0.0,255,32767,0.27,2054-1-18,0.07,0.32,23.64,0.0,0.0,0.0,0,1.83984375,3,192,07:20,19:15,2025-03-14 01:22:14.502125,Marina di Stabia,31.1,6.639279,14.05905,5.7798514,10.930394,EU EEA Common AQI,73.8,6.5582366,13.21546,3600,4.811594,100,100,51.4,8.937198,Very Low,75.5,6.355935,100,1739186100,Very Low,9.633085,6.8510075,Very Low,6.062216,42.9,5.362319,100,1739186100,5.362319
2025-03-14T01:22:25Z,0,29.701,73.8,43,59.6,9,7,62,77,0.0,255,32767,0.27,2054-1-18,0.07,0.32,23.64,0.0,0.0,0.0,0,1.83984375,3,192,07:20,19:15,2025-03-14 01:22:25.634118,Marina di Stabia,31.1,6.639279,14.05905,5.7798514,10.930394,EU EEA Common AQI,73.8,6.5582366,13.21546,3600,4.811594,100,100,51.4,8.937198,Very Low,75.5,6.355935,100,1739186100,Very Low,9.633085,6.8510075,Very Low,6.062216,42.9,5.362319,100,1739186100,5.362319
2025-03-14T01:22:36Z,0,29.701,73.8,43,59.6,9,7,47,77,0.0,255,32767,0.27,2054-1-18,0.07,0.32,23.64,0.0,0.0,0.0,0,1.83984375,3,192,07:20,19:15,2025-03-14 01:22:36.772120,Marina di Stabia,31.1,6.639279,14.05905,5.7798514,10.930394,EU EEA Common AQI,73.8,6.5582366,13.21546,3600,4.811594,100,100,51.4,8.937198,Very Low,75.5,6.355935,100,1739186100,Very Low,9.633085,6.8510075,Very Low,6.062216,42.9,5.362319,100,1739186100,5.362319
2025-03-14T01:22:48Z,0,29.701,73.8,43,59.5,8,7,9,77,0.0,255,32767,0.27,2054-1-18,0.07,0.32,23.64,0.0,0.0,0.0,0,1.83984375,3,192,07:20,19:15,2025-03-14 01:22:47.908136,Marina di Stabia,31.1,6.639279,14.05905,5.7798514,10.930394,EU EEA Common AQI,73.8,6.5582366,13.21546,3600,4.811594,100,100,51.4,8.937198,Very Low,75.5,6.355935,100,1739186100,Very Low,9.633085,6.8510075,Very Low,6.062216,42.9,5.362319,100,1739186100,5.362319
2025-03-14T01:22:59Z,0,29.698,73.9,43,59.5,6,8,38,77,0.0,255,32767,0.27,2054-1-18,0.07,0.32,23.64,0.0,0.0,0.0,0,0.966796875,3,192,07:20,19:15,2025-03-14 01:22:59.024129,Marina di Stabia,31.1,6.639279,14.05905,5.7798514,10.930394,EU EEA Common AQI,73.8,6.5582366,13.21546,3600,4.811594,100,100,51.4,8.937198,Very Low,75.5,6.355935,100,1739186100,Very Low,9.633085,6.8510075,Very Low,6.062216,42.9,5.362319,100,1739186100,5.362319
2025-03-14T01:23:10Z,0,29.698,73.9,43,59.5,6,8,36,77,0.0,255,32767,0.27,2054-1-18,0.07,0.32,23.64,0.0,0.0,0.0,0,0.966796875,3,192,07:20,19:15,2025-03-14 01:23:10.139123,Marina di Stabia,31.1,6.639279,14.05905,5.7798514,10.930394,EU EEA Common AQI,73.8,6.5582366,13.21546,3600,4.811594,100,100,51.4,8.937198,Very Low,75.5,6.355935,100,1739186100,Very Low,9.633085,6.8510075,Very Low,6.062216,42.9,5.362319,100,1739186100,5.362319
2025-03-14T01:23:21Z,0,29.698,73.9,43,59.5,5,8,46,77,0.0,255,32767,0.27,2054-1-18,0.07,0.32,23.64,0.0,0.0,0.0,0,0.966796875,3,192,07:20,19:15,2025-03-14 01:23:21.236121,Marina di Stabia,31.1,6.639279,14.05905,5.7798514,10.930394,EU EEA Common AQI,73.8,6.5582366,13.21546,3600,4.811594,100,100,51.4,8.937198,Very Low,75.5,6.355935,100,1739186100,Very Low,9.633085,6.8510075,Very Low,6.062216,42.9,5.362319,100,1739186100,5.362319
2025-03-14T01:23:32Z,0,29.698,73.9,43,59.5,6,8,50,77,0.0,255,32767,0.28,2054-1-18,0.08,0.33,23.65,0.0,0.0,0.0,0,0.966796875,3,192,07:20,19:15,2025-03-14 01:23:32.333123,Marina di Stabia,31.1,6.639279,14.05905,5.7798514,10.930394,EU EEA Common AQI,73.8,6.5582366,13.21546,3600,4.811594,100,100,51.4,8.937198,Very Low,75.5,6.355935,100,1739186100,Very Low,9.633085,6.8510075,Very Low,6.062216,42.9,5.362319,100,1739186100,5.362319
2025-03-14T01:23:43Z,0,29.698,73.9,43,59.5,6,8,50,77,0.0,255,32767,0.28,2054-1-18,0.08,0.33,23.65,0.0,0.0,0.0,0,0.966796875,3,192,07:20,19:15,2025-03-14 01:23:43.414112,Marina di Stabia,31.1,6.639279,14.05905,5.7798514,10.930394,EU EEA Common AQI,73.8,6.5582366,13.21546,3600,4.811594,100,100,51.4,8.937198,Very Low,75.5,6.355935,100,1739186100,Very Low,9.633085,6.8510075,Very Low,6.062216,42.9,5.362319,100,1739186100,5.362319
2025-03-14T01:23:54Z,0,29.698,73.9,43,59.5,3,8,74,77,0.0,255,32767,0.28,2054-1-18,0.08,0.33,23.65,0.0,0.0,0.0,0,0.966796875,3,192,07:20,19:15,2025-03-14 01:23:54.510096,Marina di Stabia,31.1,6.639279,14.05905,5.7798514,10.930394,EU EEA Common AQI,73.8,6.5582366,13.21546,3600,4.811594,100,100,51.4,8.937198,Very Low,75.5,6.355935,100,1739186100,Very Low,9.633085,6.8510075,Very Low,6.062216,42.9,5.362319,100,1739186100,5.362319
2025-03-14T01:24:05Z,0,29.704,73.9,42,59.5,2,8,61,77,0.0,255,32767,0.28,2054-1-18,0.08,0.33,23.65,0.0,0.0,0.0,0,0.966796875,3,192,07:20,19:15,2025-03-14 01:24:05.611118,Marina di Stabia,31.1,6.639279,14.05905,5.7798514,10.930394,EU EEA Common AQI,73.8,6.5582366,13.21546,3600,4.811594,100,100,51.4,8.937198,Very Low,75.5,6.355935,100,1739186100,Very Low,9.633085,6.8510075,Very Low,6.062216,42.9,5.362319,100,1739186100,5.362319
2025-03-14T01:24:16Z,0,29.704,73.9,42,59.5,3,8,124,77,0.0,255,32767,0.28,2054-1-18,0.08,0.33,23.65,0.0,0.0,0.0,0,0.966796875,3,192,07:20,19:15,2025-03-14 01:24:16.724095,Marina di Stabia,31.1,6.639279,14.05905,5.7798514,10.930394,EU EEA Common AQI,73.8,6.5582366,13.21546,3600,4.811594,100,100,51.4,8.937198,Very Low,75.5,6.355935,100,1739186100,Very Low,9.633085,6.8510075,Very Low,6.062216,42.9,5.362319,100,1739186100,5.362319
2025-03-14T01:24:28Z,0,29.704,73.9,42,59.5,1,8,133,77,0.0,255,32767,0.28,2054-1-18,0.08,0.33,23.65,0.0,0.0,0.0,0,0.966796875,3,192,07:20,19:15,2025-03-14 01:24:27.820128,Marina di Stabia,31.1,6.639279,14.05905,5.7798514,10.930394,EU EEA Common AQI,73.8,6.5582366,13.21546,3600,4.811594,100,100,51.4,8.937198,Very Low,75.5,6.355935,100,1739186100,Very Low,9.633085,6.8510075,Very Low,6.062216,42.9,5.362319,100,1739186100,5.362319
2025-03-14T01:24:39Z,0,29.704,73.9,42,59.5,2,8,133,77,0.0,255,32767,0.28,2054-1-18,0.08,0.33,23.65,0.0,0.0,0.0,0,0.966796875,3,192,07:20,19:15,2025-03-14 01:24:38.918125,Marina di Stabia,31.1,6.639279,14.05905,5.7798514,10.930394,EU EEA Common AQI,73.8,6.5582366,13.21546,3600,4.811594,100,100,51.4,8.937198,Very Low,75.5,6.355935,100,1739186100,Very Low,9.633085,6.8510075,Very Low,6.062216,42.9,5.362319,100,1739186100,5.362319
2025-03-14T01:24:50Z,0,29.704,73.9,42,59.5,1,8,133,77,0.0,255,32767,0.28,2054-1-18,0.08,0.33,23.65,0.0,0.0,0.0,0,0.966796875,3,192,07:20,19:15,2025-03-14 01:24:50.001123,Marina di Stabia,31.1,6.639279,14.05905,5.7798514,10.930394,EU EEA Common AQI,73.8,6.5582366,13.21546,3600,4.811594,100,100,51.4,8.937198,Very Low,75.5,6.355935,100,1739186100,Very Low,9.633085,6.8510075,Very Low,6.062216,42.9,5.362319,100,1739186100,5.362319
2025-03-14T01:25:01Z,0,29.703,73.8,42,59.5,0,8,133,77,0.0,255,32767,0.28,2054-1-18,0.08,0.33,23.65,0.0,0.0,0.0,0,1.013671875,3,192,07:20,19:15,2025-03-14 01:25:01.093128,Marina di Stabia,31.1,6.639279,14.05905,5.7798514,10.930394,EU EEA Common AQI,73.8,6.5582366,13.21546,3600,4.811594,100,100,51.4,8.937198,Very Low,75.5,6.355935,100,1739186100,Very Low,9.633085,6.8510075,Very Low,6.062216,42.9,5.362319,100,1739186100,5.362319
2025-03-14T01:25:12Z,0,29.703,73.8,42,59.5,1,8,69,77,0.0,255,32767,0.28,2054-1-18,0.08,0.33,23.65,0.0,0.0,0.0,0,1.013671875,3,192,07:20,19:15,2025-03-14 01:25:12.189113,Marina di Stabia,31.1,6.639279,14.05905,5.7798514,10.930394,EU EEA Common AQI,73.8,6.5582366,13.21546,3600,4.811594,100,100,51.4,8.937198,Very Low,75.5,6.355935,100,1739186100,Very Low,9.633085,6.8510075,Very Low,6.062216,42.9,5.362319,100,1739186100,5.362319
2025-03-14T01:25:23Z,0,29.703,73.8,42,59.5,1,8,69,77,0.0,255,32767,0.28,2054-1-18,0.08,0.33,23.65,0.0,0.0,0.0,0,1.013671875,3,192,07:20,19:15,2025-03-14 01:25:23.316130,Marina di Stabia,31.1,6.639279,14.05905,5.7798514,10.930394,EU EEA Common AQI,73.8,6.5582366,13.21546,3600,4.811594,100,100,51.4,8.937198,Very Low,75.5,6.355935,100,1739186100,Very Low,9.633085,6.8510075,Very Low,6.062216,42.9,5.362319,100,1739186100,5.362319
2025-03-14T01:25:34Z,0,29.703,73.8,42,59.5,0,8,67,77,0.0,255,32767,0.28,2054-1-18,0.08,0.33,23.65,0.0,0.0,0.0,0,1.013671875,3,192,07:20,19:15,2025-03-14 01:25:34.400130,Marina di Stabia,31.1,6.639279,14.05905,5.7798514,10.930394,EU EEA Common AQI,73.8,6.5582366,13.21546,3600,4.811594,100,100,51.4,8.937198,Very Low,75.5,6.355935,100,1739186100,Very Low,9.633085,6.8510075,Very Low,6.062216,42.9,5.362319,100,1739186100,5.362319
2025-03-14T01:25:45Z,0,29.703,73.8,42,59.5,1,8,62,77,0.0,255,32767,0.28,2054-1-18,0.08,0.33,23.65,0.0,0.0,0.0,0,1.013671875,3,192,07:20,19:15,2025-03-14 01:25:45.476136,Marina di Stabia,31.1,6.639279,14.05905,5.7798514,10.930394,EU EEA Common AQI,73.8,6.5582366,13.21546,3600,4.811594,100,100,51.4,8.937198,Very Low,75.5,6.355935,100,1739186100,Very Low,9.633085,6.8510075,Very Low,6.062216,42.9,5.362319,100,1739186100,5.362319
2025-03-14T01:25:56Z,0,29.703,73.8,42,59.4,0,8,62,77,0.0,255,32767,0.28,2054-1-18,0.08,0.33,23.65,0.0,0.0,0.0,0,0.966796875,3,192,07:20,19:15,2025-03-14 01:25:56.609086,Marina di Stabia,31.1,6.639279,14.05905,5.7798514,10.930394,EU EEA Common AQI,73.8,6.5582366,13.21546,3600,4.811594,100,100,51.4,8.937198,Very Low,75.5,6.355935,100,1739186100,Very Low,9.633085,6.8510075,Very Low,6.062216,42.9,5.362319,100,1739186100,5.362319
2025-03-14T01:26:07Z,0,29.705,73.8,42,59.4,0,8,62,77,0.0,255,32767,0.28,2054-1-18,0.08,0.33,23.65,0.0,0.0,0.0,0,0.966796875,3,192,07:20,19:15,2025-03-14 01:26:07.738136,Marina di Stabia,31.1,6.639279,14.05905,5.7798514,10.930394,EU EEA Common AQI,73.8,6.5582366,13.21546,3600,4.811594,100,100,51.4,8.937198,Very Low,75.5,6.355935,100,1739186100,Very Low,9.633085,6.8510075,Very Low,6.062216,42.9,5.362319,100,1739186100,5.362319
2025-03-14T01:26:19Z,0,29.705,73.8,42,59.5,1,8,60,77,0.0,255,32767,0.28,2054-1-18,0.08,0.33,23.65,0.0,0.0,0.0,0,0.966796875,3,192,07:20,19:15,2025-03-14 01:26:18.858117,Marina di Stabia,31.1,6.639279,14.05905,5.7798514,10.930394,EU EEA Common AQI,73.8,6.5582366,13.21546,3600,4.811594,100,100,51.4,8.937198,Very Low,75.5,6.355935,100,1739186100,Very Low,9.633085,6.8510075,Very Low,6.062216,42.9,5.362319,100,1739186100,5.362319
2025-03-14T01:26:30Z,0,29.705,73.8,42,59.4,2,8,46,77,0.0,255,32767,0.28,2054-1-18,0.08,0.33,23.65,0.0,0.0,0.0,0,0.966796875,3,192,07:20,19:15,2025-03-14 01:26:29.946133,Marina di Stabia,31.1,6.639279,14.05905,5.7798514,10.930394,EU EEA Common AQI,73.8,6.5582366,13.21546,3600,4.811594,100,100,51.4,8.937198,Very Low,75.5,6.355935,100,1739186100,Very Low,9.633085,6.8510075,Very Low,6.062216,42.9,5.362319,100,1739186100,5.362319
2025-03-14T01:26:41Z,0,29.705,73.8,42,59.4,2,8,12,77,0.0,255,32767,0.28,2054-1-18,0.08,0.33,23.65,0.0,0.0,0.0,0,0.966796875,3,192,07:20,19:15,2025-03-14 01:26:41.028115,Marina di Stabia,31.1,6.639279,14.05905,5.7798514,10.930394,EU EEA Common AQI,73.8,6.5582366,13.21546,3600,4.811594,100,100,51.4,8.937198,Very Low,75.5,6.355935,100,1739186100,Very Low,9.633085,6.8510075,Very Low,6.062216,42.9,5.362319,100,1739186100,5.362319
2025-03-14T01:26:52Z,0,29.705,73.8,42,59.4,2,8,49,77,0.0,255,32767,0.28,2054-1-18,0.08,0.33,23.65,0.0,0.0,0.0,0,0.966796875,3,192,07:20,19:15,2025-03-14 01:26:52.117116,Marina di Stabia,31.1,6.639279,14.05905,5.7798514,10.930394,EU EEA Common AQI,73.8,6.5582366,13.21546,3600,4.811594,100,100,51.4,8.937198,Very Low,75.5,6.355935,100,1739186100,Very Low,9.633085,6.8510075,Very Low,6.062216,42.9,5.362319,100,1739186100,5.362319
2025-03-14T01:27:03Z,0,29.702,73.8,42,59.4,2,7,49,77,0.0,255,32767,0.28,2054-1-18,0.08,0.33,23.65,0.0,0.0,0.0,0,1.365234375,3,192,07:20,19:15,2025-03-14 01:27:03.211147,Marina di Stabia,31.1,6.639279,14.05905,5.7798514,10.930394,EU EEA Common AQI,73.8,6.5582366,13.21546,3600,4.811594,100,100,51.4,8.937198,Very Low,75.5,6.355935,100,1739186100,Very Low,9.633085,6.8510075,Very Low,6.062216,42.9,5.362319,100,1739186100,5.362319
2025-03-14T01:27:14Z,0,29.702,73.8,42,59.4,2,7,190,77,0.0,255,32767,0.28,2054-1-18,0.08,0.33,23.65,0.0,0.0,0.0,0,1.365234375,3,192,07:20,19:15,2025-03-14 01:27:14.333161,Marina di Stabia,31.1,6.639279,14.05905,5.7798514,10.930394,EU EEA Common AQI,73.8,6.5582366,13.21546,3600,4.811594,100,100,51.4,8.937198,Very Low,75.5,6.355935,100,1739186100,Very Low,9.633085,6.8510075,Very Low,6.062216,42.9,5.362319,100,1739186100,5.362319
2025-03-14T01:27:25Z,0,29.702,73.8,42,59.4,3,7,78,77,0.0,255,32767,0.28,2054-1-18,0.08,0.33,23.65,0.0,0.0,0.0,0,1.365234375,3,192,07:20,19:15,2025-03-14 01:27:25.427124,Marina di Stabia
2025-03-14T01:27:36Z,0,29.702,73.8,42,59.4,2,7,38,77,0.0,255,32767,0.28,2054-1-18,0.08,0.33,23.65,0.0,0.0,0.0,0,1.365234375,3,192,07:20,19:15,2025-03-14 01:27:36.533123,Marina di Stabia
2025-03-14T01:27:47Z,0,29.702,73.8,42,59.3,2,7,22,77,0.0,255,32767,0.28,2054-1-18,0.08,0.33,23.65,0.0,0.0,0.0,0,1.365234375,3,192,07:20,19:15,2025-03-14 01:27:47.607087,Marina di Stabia
2025-03-14T01:27:58Z,0,29.701,73.8,42,59.3,3,6,36,77,0.0,255,32767,0.28,2054-1-18,0.08,0.33,23.65,0.0,0.0,0.0,0,0.966796875,3,192,07:20,19:15,2025-03-14 01:27:58.680126,Marina di Stabia
2025-03-14T01:28:09Z,0,29.701,73.8,42,59.3,6,6,24,77,0.0,255,32767,0.28,2054-1-18,0.08,0.33,23.65,0.0,0.0,0.0,0,0.966796875,3,192,07:20,19:15,2025-03-14 01:28:09.760127,Marina di Stabia
2025-03-14T01:28:21Z,0,29.701,73.8,42,59.3,2,6,22,77,0.0,255,32767,0.28,2054-1-18,0.08,0.33,23.65,0.0,0.0,0.0,0,0.966796875,3,192,07:20,19:15,2025-03-14 01:28:20.837129,Marina di Stabia
2025-03-14T01:28:32Z,0,29.701,73.8,42,59.3,3,6,51,77,0.0,255,32767,0.28,2054-1-18,0.08,0.33,23.65,0.0,0.0,0.0,0,0.966796875,3,192,07:20,19:15,2025-03-14 01:28:31.910131,Marina di Stabia
2025-03-14T01:28:43Z,0,29.701,73.8,42,59.3,3,6,51,77,0.0,255,32767,0.28,2054-1-18,0.08,0.33,23.65,0.0,0.0,0.0,0,0.966796875,3,192,07:20,19:15,2025-03-14 01:28:43.025116,Marina di Stabia
2025-03-14T01:28:54Z,0,29.701,73.8,42,59.3,1,6,349,77,0.0,255,32767,0.28,2054-1-18,0.08,0.33,23.65,0.0,0.0,0.0,0,0.966796875,3,192,07:20,19:15,2025-03-14 01:28:54.128120,Marina di Stabia
2025-03-14T01:29:05Z,0,29.703,73.8,42,59.3,2,5,59,77,0.0,255,32767,0.28,2054-1-18,0.08,0.33,23.65,0.0,0.0,0.0,0,0.966796875,3,192,07:20,19:15,2025-03-14 01:29:05.226134,Marina di Stabia
2025-03-14T01:29:16Z,0,29.703,73.8,42,59.3,1,5,55,77,0.0,255,32767,0.28,2054-1-18,0.08,0.33,23.65,0.0,0.0,0.0,0,0.966796875,3,192,07:20,19:15,2025-03-14 01:29:16.308138,Marina di Stabia
2025-03-14T01:29:27Z,0,29.703,73.8,42,59.3,0,5,74,77,0.0,255,32767,0.28,2054-1-18,0.08,0.33,23.65,0.0,0.0,0.0,0,0.966796875,3,192,07:20,19:15,2025-03-14 01:29:27.402124,Marina di Stabia
2025-03-14T01:29:38Z,0,29.703,73.8,42,59.3,3,5,67,77,0.0,255,32767,0.28,2054-1-18,0.08,0.33,23.65,0.0,0.0,0.0,0,0.966796875,3,192,07:20,19:15,2025-03-14 01:29:38.482122,Marina di Stabia
2025-03-14T01:29:49Z,0,29.703,73.8,42,59.3,0,5,67,77,0.0,255,32767,0.28,2054-1-18,0.08,0.33,23.65,0.0,0.0,0.0,0,0.966796875,3,192,07:20,19:15,2025-03-14 01:29:49.591128,Marina di Stabia
2025-03-14T01:30:00Z,0,29.704,73.8,43,59.3,2,4,49,77,0.0,255,32767,0.28,2054-1-18,0.08,0.33,23.65,0.0,0.0,0.0,0,0.978515625,3,192,07:20,19:15,2025-03-14 01:30:00.648301,Marina di Stabia
2025-03-14T01:30:12Z,0,29.704,73.8,43,59.3,1,4,49,77,0.0,255,32767,0.28,2054-1-18,0.08,0.33,23.65,0.0,0.0,0.0,0,0.978515625,3,192,07:20,19:15,2025-03-14 01:30:11.837084,Marina di Stabia
2025-03-14T01:30:23Z,0,29.704,73.8,43,59.3,2,4,49,77,0.0,255,32767,0.28,2054-1-18,0.08,0.33,23.65,0.0,0.0,0.0,0,0.978515625,3,192,07:20,19:15,2025-03-14 01:30:22.911125,Marina di Stabia
2025-03-14T01:30:34Z,0,29.704,73.8,43,59.3,1,4,49,77,0.0,255,32767,0.28,2054-1-18,0.08,0.33,23.65,0.0,0.0,0.0,0,0.978515625,3,192,07:20,19:15,2025-03-14 01:30:33.964966,Marina di Stabia
2025-03-14T01:30:45Z,0,29.704,73.8,43,59.3,1,4,49,77,0.0,255,32767,0.28,2054-1-18,0.08,0.33,23.65,0.0,0.0,0.0,0,0.978515625,3,192,07:20,19:15,2025-03-14 01:30:45.043122,Marina di Stabia
2025-03-14T01:30:56Z,0,29.704,73.8,43,59.2,0,4,49,77,0.0,255,32767,0.28,2054-1-18,0.08,0.33,23.65,0.0,0.0,0.0,0,0.978515625,3,192,07:20,19:15,2025-03-14 01:30:56.159127,Marina di Stabia
2025-03-14T01:31:07Z,0,29.704,73.8,43,59.2,0,3,49,77,0.0,255,32767,0.28,2054-1-18,0.08,0.33,23.65,0.0,0.0,0.0,0,1.154296875,3,192,07:20,19:15,2025-03-14 01:31:07.344121,Marina di Stabia
2025-03-14T01:31:18Z,0,29.704,73.8,43,59.2,0,3,49,77,0.0,255,32767,0.28,2054-1-18,0.08,0.33,23.65,0.0,0.0,0.0,0,1.154296875,3,192,07:20,19:15,2025-03-14 01:31:18.427087,Marina di Stabia
2025-03-14T01:31:29Z,0,29.704,73.8,43,59.2,1,3,49,77,0.0,255,32767,0.28,2054-1-18,0.08,0.33,23.65,0.0,0.0,0.0,0,1.154296875,3,192,07:20,19:15,2025-03-14 01:31:29.501139,Marina di Stabia
2025-03-14T01:31:40Z,0,29.704,73.8,43,59.2,0,3,49,77,0.0,255,32767,0.28,2054-1-18,0.08,0.33,23.65,0.0,0.0,0.0,0,1.154296875,3,192,07:20,19:15,2025-03-14 01:31:40.576127,Marina di Stabia
2025-03-14T01:31:51Z,0,29.704,73.8,43,59.2,1,3,49,77,0.0,255,32767,0.28,2054-1-18,0.08,0.33,23.65,0.0,0.0,0.0,0,1.154296875,3,192,07:20,19:15,2025-03-14 01:31:51.679084,Marina di Stabia
2025-03-14T01:32:02Z,0,29.702,73.8,43,59.3,0,3,49,77,0.0,255,32767,0.28,2054-1-18,0.08,0.33,23.65,0.0,0.0,0.0,0,1.095703125,3,192,07:20,19:15,2025-03-14 01:32:02.785131,Marina di Stabia
2025-03-14T01:32:14Z,0,29.702,73.8,43,59.3,0,3,49,77,0.0,255,32767,0.28,2054-1-18,0.08,0.33,23.65,0.0,0.0,0.0,0,1.095703125,3,192,07:20,19:15,2025-03-14 01:32:13.859146,Marina di Stabia
2025-03-14T01:32:25Z,0,29.702,73.8,43,59.3,0,3,49,77,0.0,255,32767,0.28,2054-1-18,0.08,0.33,23.65,0.0,0.0,0.0,0,1.095703125,3,192,07:20,19:15,2025-03-14 01:32:24.934129,Marina di Stabia
2025-03-14T01:32:36Z,0,29.702,73.8,43,59.3,1,3,49,77,0.0,255,32767,0.28,2054-1-18,0.08,0.33,23.65,0.0,0.0,0.0,0,1.095703125,3,192,07:20,19:15,2025-03-14 01:32:36.009134,Marina di Stabia
2025-03-14T01:32:47Z,0,29.702,73.8,43,59.2,1,3,49,77,0.0,255,32767,0.28,2054-1-18,0.08,0.33,23.65,0.0,0.0,0.0,0,1.095703125,3,192,07:20,19:15,2025-03-14 01:32:47.082124,Marina di Stabia
2025-03-14T01:32:58Z,0,29.705,73.8,43,59.2,1,2,49,77,0.06,255,32767,0.28,2054-1-18,0.08,0.33,23.65,0.0,0.0,0.0,0,0.908203125,3,192,07:20,19:15,2025-03-14 01:32:58.187117,Marina di Stabia
2025-03-14T01:33:09Z,0,29.705,73.8,43,59.2,2,2,49,77,0.06,255,32767,0.29,2054-1-18,0.09,0.34,23.66,0.0,0.0,0.0,0,0.908203125,3,192,07:20,19:15,2025-03-14 01:33:09.264131,Marina di Stabia
2025-03-14T01:33:20Z,0,29.705,73.8,43,59.3,1,2,49,77,0.06,255,32767,0.29,2054-1-18,0.09,0.34,23.66,0.0,0.0,0.0,0,0.908203125,3,192,07:20,19:15,2025-03-14 01:33:20.348124,Marina di Stabia
2025-03-14T01:33:31Z,0,29.705,73.8,43,59.3,1,2,49,76,0.06,255,32767,0.29,2054-1-18,0.09,0.34,23.66,0.0,0.0,0.0,0,0.908203125,3,192,07:20,19:15,2025-03-14 01:33:31.430119,Marina di Stabia
2025-03-14T01:33:42Z,0,29.705,73.8,43,59.3,1,2,49,76,0.06,255,32767,0.29,2054-1-18,0.09,0.34,23.66,0.0,0.0,0.0,0,0.908203125,3,192,07:20,19:15,2025-03-14 01:33:42.497134,Marina di Stabia
2025-03-14T01:33:53Z,0,29.705,73.8,43,59.3,1,2,49,76,0.06,255,32767,0.29,2054-1-18,0.09,0.34,23.66,0.0,0.0,0.0,0,0.908203125,3,192,07:20,19:15,2025-03-14 01:33:53.577128,Marina di Stabia
2025-03-14T01:34:04Z,0,29.703,73.9,43,59.3,2,1,49,76,0.06,255,32767,0.29,2054-1-18,0.09,0.34,23.66,0.0,0.0,0.0,0,2.23828125,3,192,07:20,19:15,2025-03-14 01:34:04.689129,Marina di Stabia
2025-03-14T01:34:15Z,0,29.703,73.9,43,59.3,2,1,49,76,0.06,255,32767,0.29,2054-1-18,0.09,0.34,23.66,0.0,0.0,0.0,0,2.23828125,3,192,07:20,19:15,2025-03-14 01:34:15.775130,Marina di Stabia
2025-03-14T01:34:27Z,0,29.703,73.9,43,59.3,1,1,49,76,0.06,255,32767,0.29,2054-1-18,0.09,0.34,23.66,0.0,0.0,0.0,0,2.23828125,3,192,07:20,19:15,2025-03-14 01:34:26.868131,Marina di Stabia
2025-03-14T01:34:38Z,0,29.703,73.9,43,59.2,1,1,49,76,0.06,255,32767,0.29,2054-1-18,0.09,0.34,23.66,0.0,0.0,0.0,0,2.23828125,3,192,07:20,19:15,2025-03-14 01:34:37.955129,Marina di Stabia
2025-03-14T01:34:49Z,0,29.703,73.9,43,59.2,1,1,49,76,0.06,255,32767,0.29,2054-1-18,0.09,0.34,23.66,0.0,0.0,0.0,0,2.23828125,3,192,07:20,19:15,2025-03-14 01:34:49.024093,Marina di Stabia
2025-03-14T01:35:00Z,0,29.704,73.8,43,59.2,0,1,49,76,0.06,255,32767,0.29,2054-1-18,0.09,0.34,23.66,0.0,0.0,0.0,0,0.9140625,3,192,07:20,19:15,2025-03-14 01:35:00.103129,Marina di Stabia
2025-03-14T01:35:11Z,0,29.704,73.8,43,59.2,0,1,49,76,0.06,255,32767,0.29,2054-1-18,0.09,0.34,23.66,0.0,0.0,0.0,0,0.9140625,3,192,07:20,19:15,2025-03-14 01:35:11.212126,Marina di Stabia
2025-03-14T01:35:22Z,0,29.704,73.8,43,59.2,0,1,49,76,0.06,255,32767,0.29,2054-1-18,0.09,0.34,23.66,0.0,0.0,0.0,0,0.9140625,3,192,07:20,19:15,2025-03-14 01:35:22.288113,Marina di Stabia
2025-03-14T01:35:33Z,0,29.704,73.8,43,59.3,0,1,49,76,0.06,255,32767,0.29,2054-1-18,0.09,0.34,23.66,0.0,0.0,0.0,0,0.9140625,3,192,07:20,19:15,2025-03-14 01:35:33.367125,Marina di Stabia
2025-03-14T01:35:44Z,0,29.704,73.8,43,59.3,0,1,49,76,0.06,255,32767,0.29,2054-1-18,0.09,0.34,23.66,0.0,0.0,0.0,0,0.9140625,3,192,07:20,19:15,2025-03-14 01:35:44.479136,Marina di Stabia
2025-03-14T01:35:55Z,0,29.704,73.8,43,59.2,1,1,49,76,0.06,255,32767,0.29,2054-1-18,0.09,0.34,23.66,0.0,0.0,0.0,0,0.9140625,3,192,07:20,19:15,2025-03-14 01:35:55.565088,Marina di Stabia
2025-03-14T01:36:06Z,0,29.701,73.9,42,59.2,1,1,49,76,0.06,255,32767,0.29,2054-1-18,0.09,0.34,23.66,0.0,0.0,0.0,0,0.908203125,3,192,07:20,19:15,2025-03-14 01:36:06.671125,Marina di Stabia
2025-03-14T01:36:18Z,0,29.701,73.9,42,59.2,1,1,49,76,0.06,255,32767,0.29,2054-1-18,0.09,0.34,23.66,0.0,0.0,0.0,0,0.908203125,3,192,07:20,19:15,2025-03-14 01:36:17.853126,Marina di Stabia
2025-03-14T01:36:29Z,0,29.701,73.9,42,59.2,2,1,49,76,0.06,255,32767,0.29,2054-1-18,0.09,0.34,23.66,0.0,0.0,0.0,0,0.908203125,3,192,07:20,19:15,2025-03-14 01:36:29.044115,Marina di Stabia
2025-03-14T01:36:40Z,0,29.701,73.9,42,59.2,3,1,27,76,0.06,255,32767,0.29,2054-1-18,0.09,0.34,23.66,0.0,0.0,0.0,0,0.908203125,3,192,07:20,19:15,2025-03-14 01:36:40.272084,Marina di Stabia
2025-03-14T01:36:51Z,0,29.701,73.9,42,59.2,2,1,27,76,0.06,255,32767,0.29,2054-1-18,0.09,0.34,23.66,0.0,0.0,0.0,0,0.908203125,3,192,07:20,19:15,2025-03-14 01:36:51.448136,Marina di Stabia
2025-03-14T01:37:02Z,0,29.699,73.8,42,59.2,4,1,28,76,0.06,255,32767,0.29,2054-1-18,0.09,0.34,23.66,0.0,0.0,0.0,0,0.9609375,3,192,07:20,19:15,2025-03-14 01:37:02.644129,Marina di Stabia
2025-03-14T01:37:14Z,0,29.699,73.8,42,59.2,4,1,28,76,0.06,255,32767,0.29,2054-1-18,0.09,0.34,23.66,0.0,0.0,0.0,0,0.9609375,3,192,07:20,19:15,2025-03-14 01:37:13.888129,Marina di Stabia
2025-03-14T01:37:25Z,0,29.699,73.8,42,59.2,4,1,42,76,0.06,255,32767,0.29,2054-1-18,0.09,0.34,23.66,0.0,0.0,0.0,0,0.9609375,3,192,07:20,19:15,2025-03-14 01:37:25.083128,Marina di Stabia
2025-03-14T01:37:36Z,0,29.699,73.8,42,59.2,4,1,64,76,0.06,255,32767,0.29,2054-1-18,0.09,0.34,23.66,0.0,0.0,0.0,0,0.9609375,3,192,07:20,19:15,2025-03-14 01:37:36.303120,Marina di Stabia
2025-03-14T01:37:47Z,0,29.699,73.8,42,59.2,4,1,78,76,0.06,255,32767,0.29,2054-1-18,0.09,0.34,23.66,0.0,0.0,0.0,0,0.9609375,3,192,07:20,19:15,2025-03-14 01:37:47.528093,Marina di Stabia
2025-03-14T01:37:58Z,0,29.696,73.8,42,59.2,4,1,72,76,0.06,255,32767,0.29,2054-1-18,0.09,0.34,23.66,0.0,0.0,0.0,0,0.908203125,3,192,07:20,19:15,2025-03-14 01:37:58.748130,Marina di Stabia
2025-03-14T01:38:10Z,0,29.696,73.8,42,59.2,4,1,66,76,0.06,255,32767,0.29,2054-1-18,0.09,0.34,23.66,0.0,0.0,0.0,0,0.908203125,3,192,07:20,19:15,2025-03-14 01:38:09.952130,Marina di Stabia
2025-03-14T01:38:21Z,0,29.696,73.8,42,59.2,5,1,47,76,0.06,255,32767,0.29,2054-1-18,0.09,0.34,23.66,0.0,0.0,0.0,0,0.908203125,3,192,07:20,19:15,2025-03-14 01:38:21.076126,Marina di Stabia
2025-03-14T01:38:32Z,0,29.696,73.8,42,59.2,5,1,51,76,0.1,255,32767,0.29,2054-1-18,0.09,0.34,23.66,0.0,0.0,0.0,0,0.908203125,3,192,07:20,19:15,2025-03-14 01:38:32.314126,Marina di Stabia
2025-03-14T01:38:43Z,0,29.696,73.8,42,59.2,5,1,51,76,0.1,255,32767,0.29,2054-1-18,0.09,0.34,23.66,0.0,0.0,0.0,0,0.908203125,3,192,07:20,19:15,2025-03-14 01:38:43.593125,Marina di Stabia
2025-03-14T01:38:55Z,0,29.696,73.8,42,59.2,5,1,40,76,0.1,255,32767,0.29,2054-1-18,0.09,0.34,23.66,0.0,0.0,0.0,0,0.908203125,3,192,07:20,19:15,2025-03-14 01:38:54.876126,Marina di Stabia
2025-03-14T01:39:06Z,0,29.695,73.8,42,59.2,8,2,82,76,0.1,255,32767,0.29,2054-1-18,0.09,0.34,23.66,0.0,0.0,0.0,0,1.359375,3,192,07:20,19:15,2025-03-14 01:39:06.144125,Marina di Stabia
2025-03-14T01:39:17Z,0,29.695,73.8,42,59.2,8,2,78,76,0.1,255,32767,0.3,2054-1-18,0.1,0.35,23.67,0.0,0.0,0.0,0,1.359375,3,192,07:20,19:15,2025-03-14 01:39:17.495141,Marina di Stabia
2025-03-14T01:39:29Z,0,29.695,73.8,42,59.2,8,2,80,77,0.1,255,32767,0.3,2054-1-18,0.1,0.35,23.67,0.0,0.0,0.0,0,1.359375,3,192,07:20,19:15,2025-03-14 01:39:28.819123,Marina di Stabia
2025-03-14T01:39:40Z,0,29.695,73.8,42,59.3,8,2,82,77,0.1,255,32767,0.3,2054-1-18,0.1,0.35,23.67,0.0,0.0,0.0,0,1.359375,3,192,07:20,19:15,2025-03-14 01:39:40.113131,Marina di Stabia
2025-03-14T01:39:51Z,0,29.695,73.8,42,59.3,8,2,82,77,0.1,255,32767,0.3,2054-1-18,0.1,0.35,23.67,0.0,0.0,0.0,0,1.359375,3,192,07:20,19:15,2025-03-14 01:39:51.463132,Marina di Stabia
2025-03-14T01:40:02Z,0,29.694,73.9,42,59.3,9,2,70,77,0.1,255,32767,0.3,2054-1-18,0.1,0.35,23.67,0.0,0.0,0.0,0,0.966796875,3,192,07:20,19:15,2025-03-14 01:40:02.748127,Marina di Stabia
2025-03-14T01:40:14Z,0,29.694,73.9,42,59.3,9,2,70,77,0.1,255,32767,0.3,2054-1-18,0.1,0.35,23.67,0.0,0.0,0.0,0,0.966796875,3,192,07:20,19:15,2025-03-14 01:40:14.042130,Marina di Stabia
2025-03-14T01:40:25Z,0,29.694,73.9,42,59.3,9,2,70,77,0.1,255,32767,0.3,2054-1-18,0.1,0.35,23.67,0.0,0.0,0.0,0,0.966796875,3,192,07:20,19:15,2025-03-14 01:40:25.324100,Marina di Stabia
2025-03-14T01:40:36Z,0,29.694,73.9,42,59.3,9,2,70,77,0.1,255,32767,0.3,2054-1-18,0.1,0.35,23.67,0.0,0.0,0.0,0,0.966796875,3,192,07:20,19:15,2025-03-14 01:40:36.535117,Marina di Stabia
2025-03-14T01:40:47Z,0,29.694,73.9,42,59.3,9,2,70,77,0.1,255,32767,0.3,2054-1-18,0.1,0.35,23.67,0.0,0.0,0.0,0,0.966796875,3,192,07:20,19:15,2025-03-14 01:40:47.662124,Marina di Stabia
2025-03-14T01:40:59Z,0,29.694,73.9,42,59.3,9,2,70,77,0.1,255,32767,0.3,2054-1-18,0.1,0.35,23.67,0.0,0.0,0.0,0,0.966796875,3,192,07:20,19:15,2025-03-14 01:40:58.867113,Marina di Stabia
2025-03-14T01:41:10Z,0,29.685,73.8,43,59.3,9,2,70,77,0.1,255,32767,0.3,2054-1-18,0.1,0.35,23.67,0.0,0.0,0.0,0,1.787109375,3,192,07:20,19:15,2025-03-14 01:41:10.010144,Marina di Stabia
2025-03-14T01:41:21Z,0,29.685,73.8,43,59.3,9,2,70,77,0.1,255,32767,0.3,2054-1-18,0.1,0.35,23.67,0.0,0.0,0.0,0,1.787109375,3,192,07:20,19:15,2025-03-14 01:41:21.170153,Marina di Stabia
2025-03-14T01:41:32Z,0,29.685,73.8,43,59.3,9,2,70,77,0.1,255,32767,0.3,2054-1-18,0.1,0.35,23.67,0.0,0.0,0.0,0,1.787109375,3,192,07:20,19:15,2025-03-14 01:41:32.359130,Marina di Stabia
2025-03-14T01:41:43Z,0,29.685,73.8,43,59.3,9,2,70,77,0.1,255,32767,0.3,2054-1-18,0.1,0.35,23.67,0.0,0.0,0.0,0,1.787109375,3,192,07:20,19:15,2025-03-14 01:41:43.516130,Marina di Stabia
2025-03-14T01:41:54Z,0,29.685,73.8,43,59.3,9,2,70,77,0.1,255,32767,0.3,2054-1-18,0.1,0.35,23.67,0.0,0.0,0.0,0,1.787109375,3,192,07:20,19:15,2025-03-14 01:41:54.657127,Marina di Stabia
2025-03-14T01:42:06Z,0,29.685,73.8,43,59.3,9,3,70,77,0.1,255,32767,0.3,2054-1-18,0.1,0.35,23.67,0.0,0.0,0.0,0,1.787109375,3,192,07:20,19:15,2025-03-14 01:42:05.807136,Marina di Stabia
2025-03-14T01:42:17Z,0,29.685,74.0,42,59.3,9,3,70,77,0.1,255,32767,0.3,2054-1-18,0.1,0.35,23.67,0.0,0.0,0.0,0,1.798828125,3,192,07:20,19:15,2025-03-14 01:42:16.930121,Marina di Stabia
2025-03-14T01:42:28Z,0,29.685,74.0,42,59.3,9,3,70,77,0.1,255,32767,0.3,2054-1-18,0.1,0.35,23.67,0.0,0.0,0.0,0,1.798828125,3,192,07:20,19:15,2025-03-14 01:42:28.107123,Marina di Stabia
2025-03-14T01:42:39Z,0,29.685,74.0,42,59.3,9,3,70,77,0.1,255,32767,0.3,2054-1-18,0.1,0.35,23.67,0.0,0.0,0.0,0,1.798828125,3,192,07:20,19:15,2025-03-14 01:42:39.270120,Marina di Stabia
2025-03-14T01:42:50Z,0,29.685,74.0,42,59.3,9,3,70,77,0.1,255,32767,0.3,2054-1-18,0.1,0.35,23.67,0.0,0.0,0.0,0,1.798828125,3,192,07:20,19:15,2025-03-14 01:42:50.417126,Marina di Stabia
2025-03-14T01:43:01Z,0,29.685,74.0,42,59.3,9,3,70,77,0.1,255,32767,0.3,2054-1-18,0.1,0.35,23.67,0.0,0.0,0.0,0,1.798828125,3,192,07:20,19:15,2025-03-14 01:43:01.568118,Marina di Stabia
2025-03-14T01:43:12Z,0,29.682,74.2,42,59.3,9,3,70,77,0.1,255,32767,0.3,2054-1-18,0.1,0.35,23.67,0.0,0.0,0.0,0,1.798828125,3,192,07:20,19:15,2025-03-14 01:43:12.735123,Marina di Stabia
2025-03-14T01:43:24Z,0,29.682,74.2,42,59.3,9,3,70,77,0.1,255,32767,0.3,2054-1-18,0.1,0.35,23.67,0.0,0.0,0.0,0,1.798828125,3,192,07:20,19:15,2025-03-14 01:43:23.855137,Marina di Stabia
2025-03-14T01:43:35Z,0,29.682,74.2,42,59.3,9,3,70,77,0.1,255,32767,0.3,2054-1-18,0.1,0.35,23.67,0.0,0.0,0.0,0,1.798828125,3,192,07:20,19:15,2025-03-14 01:43:34.979129,Marina di Stabia
2025-03-14T01:43:46Z,0,29.682,74.2,42,59.3,9,3,70,77,0.1,255,32767,0.3,2054-1-18,0.1,0.35,23.67,0.0,0.0,0.0,0,1.798828125,3,192,07:20,19:15,2025-03-14 01:43:46.103125,Marina di Stabia
2025-03-14T01:43:57Z,0,29.682,74.2,42,59.3,9,255,70,77,0.1,255,32767,0.3,2054-1-18,0.1,0.35,23.67,0.0,0.0,0.0,0,1.798828125,3,192,07:20,19:15,2025-03-14 01:43:57.260122,Marina di Stabia
2025-03-14T01:44:08Z,0,29.676,74.3,42,59.3,9,255,70,77,0.1,255,32767,0.3,2054-1-18,0.1,0.35,23.67,0.0,0.0,0.0,0,1.78125,3,192,07:20,19:15,2025-03-14 01:44:08.390133,Marina di Stabia
2025-03-14T01:44:19Z,0,29.676,74.3,42,59.3,9,255,70,77,0.1,255,32767,0.3,2054-1-18,0.1,0.35,23.67,0.0,0.0,0.0,0,1.78125,3,192,07:20,19:15,2025-03-14 01:44:19.575097,Marina di Stabia
2025-03-14T01:44:30Z,0,29.676,74.3,42,59.3,9,255,70,77,0.1,255,32767,0.3,2054-1-18,0.1,0.35,23.67,0.0,0.0,0.0,0,1.78125,3,192,07:20,19:15,2025-03-14 01:44:30.699124,Marina di Stabia
2025-03-14T01:44:42Z,0,29.676,74.3,42,59.3,9,255,70,77,0.1,255,32767,0.3,2054-1-18,0.1,0.35,23.67,0.0,0.0,0.0,0,1.78125,3,192,07:20,19:15,2025-03-14 01:44:41.850118,Marina di Stabia
2025-03-14T01:44:53Z,0,29.676,74.3,42,59.3,9,255,70,77,0.1,255,32767,0.3,2054-1-18,0.1,0.35,23.67,0.0,0.0,0.0,0,1.78125,3,192,07:20,19:15,2025-03-14 01:44:52.935131,Marina di Stabia
2025-03-14T01:45:04Z,0,29.676,74.3,42,59.3,9,255,70,77,0.1,255,32767,0.3,2054-1-18,0.1,0.35,23.67,0.0,0.0,0.0,0,1.78125,3,192,07:20,19:15,2025-03-14 01:45:04.047125,Marina di Stabia
2025-03-14T01:45:15Z,0,29.669,74.4,42,59.3,9,255,70,77,0.1,255,32767,0.3,2054-1-18,0.1,0.35,23.67,0.0,0.0,0.0,0,1.775390625,3,192,07:20,19:15,2025-03-14 01:45:15.163128,Marina di Stabia
2025-03-14T01:45:26Z,0,29.669,74.4,42,59.3,9,255,70,77,0.1,255,32767,0.3,2054-1-18,0.1,0.35,23.67,0.0,0.0,0.0,0,1.775390625,3,192,07:20,19:15,2025-03-14 01:45:26.238117,Marina di Stabia
2025-03-14T01:45:37Z,0,29.669,74.4,42,59.3,9,255,70,77,0.1,255,32767,0.3,2054-1-18,0.1,0.35,23.67,0.0,0.0,0.0,0,1.775390625,3,192,07:20,19:15,2025-03-14 01:45:37.341130,Marina di Stabia
2025-03-14T01:45:48Z,0,29.669,74.4,42,59.3,9,255,70,77,0.1,255,32767,0.3,2054-1-18,0.1,0.35,23.67,0.0,0.0,0.0,0,1.775390625,3,192,07:20,19:15,2025-03-14 01:45:48.450129,Marina di Stabia
2025-03-14T01:45:59Z,0,29.669,74.4,42,59.3,9,255,70,77,0.1,255,32767,0.3,2054-1-18,0.1,0.35,23.67,0.0,0.0,0.0,0,1.775390625,3,192,07:20,19:15,2025-03-14 01:45:59.608140,Marina di Stabia
2025-03-14T01:46:10Z,0,29.671,74.5,42,59.3,9,255,70,77,0.1,255,32767,0.3,2054-1-18,0.1,0.35,23.67,0.0,0.0,0.0,0,1.751953125,3,192,07:20,19:15,2025-03-14 01:46:10.713187,Marina di Stabia
2025-03-14T01:46:22Z,0,29.671,74.5,42,59.3,9,255,70,77,0.1,255,32767,0.3,2054-1-18,0.1,0.35,23.67,0.0,0.0,0.0,0,1.751953125,3,192,07:20,19:15,2025-03-14 01:46:21.848125,Marina di Stabia
2025-03-14T01:46:33Z,0,29.671,74.5,42,59.3,9,255,70,77,0.1,255,32767,0.3,2054-1-18,0.1,0.35,23.67,0.0,0.0,0.0,0,1.751953125,3,192,07:20,19:15,2025-03-14 01:46:32.969132,Marina di Stabia
2025-03-14T01:46:44Z,0,29.671,74.5,42,59.3,9,255,70,77,0.1,255,32767,0.3,2054-1-18,0.1,0.35,23.67,0.0,0.0,0.0,0,1.751953125,3,192,07:20,19:15,2025-03-14 01:46:44.152137,Marina di Stabia
2025-03-14T01:46:55Z,0,29.671,74.5,42,59.3,9,255,70,77,0.1,255,32767,0.3,2054-1-18,0.1,0.35,23.67,0.0,0.0,0.0,0,1.751953125,3,192,07:20,19:15,2025-03-14 01:46:55.346120,Marina di Stabia
2025-03-14T01:47:06Z,0,29.671,74.5,42,59.3,9,255,70,77,0.1,255,32767,0.3,2054-1-18,0.1,0.35,23.67,0.0,0.0,0.0,0,1.751953125,3,192,07:20,19:15,2025-03-14 01:47:06.443133,Marina di Stabia
2025-03-14T01:47:17Z,0,29.664,74.6,42,59.3,9,255,70,77,0.1,255,32767,0.3,2054-1-18,0.1,0.35,23.67,0.0,0.0,0.0,0,1.79296875,3,192,07:20,19:15,2025-03-14 01:47:17.559134,Marina di Stabia
2025-03-14T01:47:28Z,0,29.664,74.6,42,59.3,9,255,70,77,0.1,255,32767,0.3,2054-1-18,0.1,0.35,23.67,0.0,0.0,0.0,0,1.79296875,3,192,07:20,19:15,2025-03-14 01:47:28.649112,Marina di Stabia
2025-03-14T01:47:39Z,0,29.664,74.6,42,59.3,9,255,70,77,0.1,255,32767,0.3,2054-1-18,0.1,0.35,23.67,0.0,0.0,0.0,0,1.79296875,3,192,07:20,19:15,2025-03-14 01:47:39.733120,Marina di Stabia
2025-03-14T01:47:51Z,0,29.664,74.6,42,59.3,9,255,70,77,0.1,255,32767,0.3,2054-1-18,0.1,0.35,23.67,0.0,0.0,0.0,0,1.79296875,3,192,07:20,19:15,2025-03-14 01:47:50.849123,Marina di Stabia
2025-03-14T01:48:02Z,0,29.664,74.6,42,59.3,9,255,70,77,0.1,255,32767,0.3,2054-1-18,0.1,0.35,23.67,0.0,0.0,0.0,0,1.79296875,3,192,07:20,19:15,2025-03-14 01:48:01.952128,Marina di Stabia
2025-03-14T01:48:13Z,0,29.667,74.6,42,59.3,9,255,70,77,0.1,255,32767,0.3,2054-1-18,0.1,0.35,23.67,0.0,0.0,0.0,0,1.79296875,3,192,07:20,19:15,2025-03-14 01:48:13.040124,Marina di Stabia
2025-03-14T01:48:24Z,0,29.667,74.6,42,59.3,9,255,70,77,0.1,255,32767,0.3,2054-1-18,0.1,0.35,23.67,0.0,0.0,0.0,0,1.79296875,3,192,07:20,19:15,2025-03-14 01:48:24.111137,Marina di Stabia
2025-03-14T01:48:35Z,0,29.667,74.6,42,59.3,9,255,70,77,0.1,255,32767,0.3,2054-1-18,0.1,0.35,23.67,0.0,0.0,0.0,0,1.79296875,3,192,07:20,19:15,2025-03-14 01:48:35.216130,Marina di Stabia
2025-03-14T01:48:46Z,0,29.667,74.6,42,59.3,9,255,70,77,0.1,255,32767,0.3,2054-1-18,0.1,0.35,23.67,0.0,0.0,0.0,0,1.79296875,3,192,07:20,19:15,2025-03-14 01:48:46.295123,Marina di Stabia
2025-03-14T01:48:57Z,0,29.667,74.6,42,59.3,9,255,70,77,0.1,255,32767,0.3,2054-1-18,0.1,0.35,23.67,0.0,0.0,0.0,0,1.79296875,3,192,07:20,19:15,2025-03-14 01:48:57.400125,Marina di Stabia
2025-03-14T01:49:08Z,0,29.673,74.7,41,59.3,9,255,70,77,0.1,255,32767,0.3,2054-1-18,0.1,0.35,23.67,0.0,0.0,0.0,0,1.76953125,3,192,07:20,19:15,2025-03-14 01:49:08.517118,Marina di Stabia
2025-03-14T01:49:19Z,0,29.673,74.7,41,59.3,9,255,70,77,0.1,255,32767,0.3,2054-1-18,0.1,0.35,23.67,0.0,0.0,0.0,0,1.76953125,3,192,07:20,19:15,2025-03-14 01:49:19.601138,Marina di Stabia
2025-03-14T01:49:30Z,0,29.673,74.7,41,59.3,9,255,70,77,0.1,255,32767,0.3,2054-1-18,0.1,0.35,23.67,0.0,0.0,0.0,0,1.76953125,3,192,07:20,19:15,2025-03-14 01:49:30.672135,Marina di Stabia
2025-03-14T01:49:41Z,0,29.673,74.7,41,59.3,9,255,70,77,0.1,255,32767,0.3,2054-1-18,0.1,0.35,23.67,0.0,0.0,0.0,0,1.76953125,3,192,07:20,19:15,2025-03-14 01:49:41.757123,Marina di Stabia
2025-03-14T01:49:53Z,0,29.673,74.7,41,59.3,9,255,70,77,0.1,255,32767,0.3,2054-1-18,0.1,0.35,23.67,0.0,0.0,0.0,0,1.76953125,3,192,07:20,19:15,2025-03-14 01:49:52.829134,Marina di Stabia
2025-03-14T01:50:04Z,0,29.673,74.7,41,3276.7,255,255,32767,255,655.35,255,32767,0.3,2054-1-18,0.1,0.35,23.67,0.0,0.0,0.0,0,1.76953125,3,192,07:20,19:15,2025-03-14 01:50:03.916120,Marina di Stabia
2025-03-14T01:50:15Z,0,29.668,74.8,41,3276.7,255,255,32767,255,655.35,255,32767,0.3,2054-1-18,0.1,0.35,23.67,0.0,0.0,0.0,0,1.763671875,3,192,07:20,19:15,2025-03-14 01:50:15.028135,Marina di Stabia
2025-03-14T01:50:26Z,0,29.668,74.8,41,3276.7,255,255,32767,255,655.35,255,32767,0.3,2054-1-18,0.1,0.35,23.67,0.0,0.0,0.0,0,1.763671875,3,192,07:20,19:15,2025-03-14 01:50:26.109133,Marina di Stabia
2025-03-14T01:50:37Z,0,29.668,74.8,41,3276.7,255,255,32767,255,655.35,255,32767,0.3,2054-1-18,0.1,0.35,23.67,0.0,0.0,0.0,0,1.763671875,3,192,07:20,19:15,2025-03-14 01:50:37.185111,Marina di Stabia
2025-03-14T01:50:48Z,0,29.668,74.8,41,3276.7,255,255,32767,255,655.35,255,32767,0.3,2054-1-18,0.1,0.35,23.67,0.0,0.0,0.0,0,1.763671875,3,192,07:20,19:15,2025-03-14 01:50:48.264129,Marina di Stabia
2025-03-14T01:50:59Z,0,29.667,74.7,42,3276.7,255,255,32767,255,655.35,255,32767,0.3,2054-1-18,0.1,0.35,23.67,0.0,0.0,0.0,0,0.99609375,3,192,07:20,19:15,2025-03-14 01:50:59.333134,Marina di Stabia
2025-03-14T01:51:10Z,0,29.667,74.7,42,3276.7,255,255,32767,255,655.35,255,32767,0.3,2054-1-18,0.1,0.35,23.67,0.0,0.0,0.0,0,0.99609375,3,192,07:20,19:15,2025-03-14 01:51:10.409090,Marina di Stabia
2025-03-14T01:51:21Z,0,29.667,74.7,42,3276.7,255,255,32767,255,655.35,255,32767,0.3,2054-1-18,0.1,0.35,23.67,0.0,0.0,0.0,0,0.99609375,3,192,07:20,19:15,2025-03-14 01:51:21.522089,Marina di Stabia
2025-03-14T01:51:32Z,0,29.667,74.7,42,3276.7,255,255,32767,255,655.35,255,32767,0.3,2054-1-18,0.1,0.35,23.67,0.0,0.0,0.0,0,0.99609375,3,192,07:20,19:15,2025-03-14 01:51:32.626138,Marina di Stabia
2025-03-14T01:51:43Z,0,29.667,74.7,42,3276.7,255,255,32767,255,655.35,255,32767,0.3,2054-1-18,0.1,0.35,23.67,0.0,0.0,0.0,0,0.99609375,3,192,07:20,19:15,2025-03-14 01:51:43.711128,Marina di Stabia
2025-03-14T01:51:54Z,0,29.667,74.7,42,3276.7,255,255,32767,255,655.35,255,32767,0.3,2054-1-18,0.1,0.35,23.67,0.0,0.0,0.0,0,0.99609375,3,192,07:20,19:15,2025-03-14 01:51:54.787120,Marina di Stabia
2025-03-14T01:52:06Z,0,29.667,74.6,42,3276.7,255,255,32767,255,655.35,255,32767,0.3,2054-1-18,0.1,0.35,23.67,0.0,0.0,0.0,0,0.966796875,3,192,07:20,19:15,2025-03-14 01:52:05.866135,Marina di Stabia
2025-03-14T01:52:17Z,0,29.667,74.6,42,3276.7,255,255,32767,255,655.35,255,32767,0.3,2054-1-18,0.1,0.35,23.67,0.0,0.0,0.0,0,0.966796875,3,192,07:20,19:15,2025-03-14 01:52:16.986128,Marina di Stabia
2025-03-14T01:52:28Z,0,29.667,74.6,42,3276.7,255,255,32767,255,655.35,255,32767,0.3,2054-1-18,0.1,0.35,23.67,0.0,0.0,0.0,0,0.966796875,3,192,07:20,19:15,2025-03-14 01:52:28.057117,Marina di Stabia
2025-03-14T01:52:39Z,0,29.667,74.6,42,3276.7,255,255,32767,255,655.35,255,32767,0.3,2054-1-18,0.1,0.35,23.67,0.0,0.0,0.0,0,0.966796875,3,192,07:20,19:15,2025-03-14 01:52:39.133121,Marina di Stabia
2025-03-14T01:52:50Z,0,29.667,74.6,42,3276.7,255,255,32767,255,655.35,255,32767,0.3,2054-1-18,0.1,0.35,23.67,0.0,0.0,0.0,0,0.966796875,3,192,07:20,19:15,2025-03-14 01:52:50.206093,Marina di Stabia
2025-03-14T01:53:01Z,0,29.667,74.5,42,3276.7,255,255,32767,255,655.35,255,32767,0.3,2054-1-18,0.1,0.35,23.67,0.0,0.0,0.0,0,0.966796875,3,192,07:20,19:15,2025-03-14 01:53:01.293091,Marina di Stabia
2025-03-14T01:53:12Z,0,29.667,74.5,42,3276.7,255,255,32767,255,655.35,255,32767,0.3,2054-1-18,0.1,0.35,23.67,0.0,0.0,0.0,0,0.966796875,3,192,07:20,19:15,2025-03-14 01:53:12.375131,Marina di Stabia
2025-03-14T01:53:23Z,0,29.667,74.5,42,3276.7,255,255,32767,255,655.35,255,32767,0.3,2054-1-18,0.1,0.35,23.67,0.0,0.0,0.0,0,0.966796875,3,192,07:20,19:15,2025-03-14 01:53:23.491124,Marina di Stabia
2025-03-14T01:53:34Z,0,29.667,74.5,42,3276.7,255,255,32767,255,655.35,255,32767,0.3,2054-1-18,0.1,0.35,23.67,0.0,0.0,0.0,0,0.966796875,3,192,07:20,19:15,2025-03-14 01:53:34.577137,Marina di Stabia
2025-03-14T01:53:45Z,0,29.667,74.5,42,3276.7,255,255,32767,255,655.35,255,32767,0.3,2054-1-18,0.1,0.35,23.67,0.0,0.0,0.0,0,0.966796875,3,192,07:20,19:15,2025-03-14 01:53:45.653135,Marina di Stabia
2025-03-14T01:53:56Z,0,29.666,74.4,42,3276.7,255,255,32767,255,655.35,255,32767,0.3,2054-1-18,0.1,0.35,23.67,0.0,0.0,0.0,0,0.966796875,3,192,07:20,19:15,2025-03-14 01:53:56.794118,Marina di Stabia
2025-03-14T01:54:08Z,0,29.666,74.4,42,3276.7,255,255,32767,255,655.35,255,32767,0.3,2054-1-18,0.1,0.35,23.67,0.0,0.0,0.0,0,0.966796875,3,192,07:20,19:15,2025-03-14 01:54:07.873113,Marina di Stabia
2025-03-14T01:54:19Z,0,29.666,74.4,42,3276.7,255,255,32767,255,655.35,255,32767,0.3,2054-1-18,0.1,0.35,23.67,0.0,0.0,0.0,0,0.966796875,3,192,07:20,19:15,2025-03-14 01:54:18.951129,Marina di Stabia
2025-03-14T01:54:30Z,0,29.666,74.4,42,3276.7,255,255,32767,255,655.35,255,32767,0.3,2054-1-18,0.1,0.35,23.67,0.0,0.0,0.0,0,0.966796875,3,192,07:20,19:15,2025-03-14 01:54:30.060130,Marina di Stabia
2025-03-14T01:54:41Z,0,29.666,74.4,42,3276.7,255,255,32767,255,655.35,255,32767,0.3,2054-1-18,0.1,0.35,23.67,0.0,0.0,0.0,0,0.966796875,3,192,07:20,19:15,2025-03-14 01:54:41.145126,Marina di Stabia
2025-03-14T01:54:52Z,0,29.666,74.4,42,3276.7,255,255,32767,255,655.35,255,32767,0.3,2054-1-18,0.1,0.35,23.67,0.0,0.0,0.0,0,0.966796875,3,192,07:20,19:15,2025-03-14 01:54:52.239131,Marina di Stabia
2025-03-14T01:55:03Z,0,29.663,74.3,43,3276.7,255,255,32767,255,655.35,255,32767,0.3,2054-1-18,0.1,0.35,23.67,0.0,0.0,0.0,0,0.966796875,3,192,07:20,19:15,2025-03-14 01:55:03.323124,Marina di Stabia
2025-03-14T01:55:14Z,0,29.663,74.3,43,3276.7,255,255,32767,255,655.35,255,32767,0.3,2054-1-18,0.1,0.35,23.67,0.0,0.0,0.0,0,0.966796875,3,192,07:20,19:15,2025-03-14 01:55:14.407091,Marina di Stabia
2025-03-14T01:55:25Z,0,29.663,74.3,43,3276.7,255,255,32767,255,655.35,255,32767,0.3,2054-1-18,0.1,0.35,23.67,0.0,0.0,0.0,0,0.966796875,3,192,07:20,19:15,2025-03-14 01:55:25.484118,Marina di Stabia
2025-03-14T01:55:36Z,0,29.663,74.3,43,3276.7,255,255,32767,255,655.35,255,32767,0.3,2054-1-18,0.1,0.35,23.67,0.0,0.0,0.0,0,0.966796875,3,192,07:20,19:15,2025-03-14 01:55:36.592132,Marina di Stabia
2025-03-14T01:55:47Z,0,29.663,74.3,43,3276.7,255,255,32767,255,655.35,255,32767,0.3,2054-1-18,0.1,0.35,23.67,0.0,0.0,0.0,0,0.966796875,3,192,07:20,19:15,2025-03-14 01:55:47.674118,Marina di Stabia
2025-03-14T01:55:58Z,0,29.664,74.3,43,3276.7,255,255,32767,255,655.35,255,32767,0.3,2054-1-18,0.1,0.35,23.67,0.0,0.0,0.0,0,0.966796875,3,192,07:20,19:15,2025-03-14 01:55:58.753109,Marina di Stabia
2025-03-14T01:56:10Z,0,29.664,74.3,43,3276.7,255,255,32767,255,655.35,255,32767,0.3,2054-1-18,0.1,0.35,23.67,0.0,0.0,0.0,0,0.966796875,3,192,07:20,19:15,2025-03-14 01:56:09.833120,Marina di Stabia
2025-03-14T01:56:21Z,0,29.664,74.3,43,3276.7,255,255,32767,255,655.35,255,32767,0.3,2054-1-18,0.1,0.35,23.67,0.0,0.0,0.0,0,0.966796875,3,192,07:20,19:15,2025-03-14 01:56:20.910136,Marina di Stabia
2025-03-14T01:56:32Z,0,29.664,74.3,43,3276.7,255,255,32767,255,655.35,255,32767,0.3,2054-1-18,0.1,0.35,23.67,0.0,0.0,0.0,0,0.966796875,3,192,07:20,19:15,2025-03-14 01:56:31.984084,Marina di Stabia
2025-03-14T01:56:43Z,0,29.664,74.3,43,3276.7,255,255,32767,255,655.35,255,32767,0.3,2054-1-18,0.1,0.35,23.67,0.0,0.0,0.0,0,0.966796875,3,192,07:20,19:15,2025-03-14 01:56:43.107094,Marina di Stabia
2025-03-14T01:56:54Z,0,29.664,74.3,43,3276.7,255,255,32767,255,655.35,255,32767,0.3,2054-1-18,0.1,0.35,23.67,0.0,0.0,0.0,0,0.966796875,3,192,07:20,19:15,2025-03-14 01:56:54.187125,Marina di Stabia
2025-03-14T01:57:05Z,0,29.663,74.3,43,3276.7,255,255,32767,255,655.35,255,32767,0.3,2054-1-18,0.1,0.35,23.67,0.0,0.0,0.0,0,0.966796875,3,192,07:20,19:15,2025-03-14 01:57:05.259136,Marina di Stabia
2025-03-14T01:57:16Z,0,29.663,74.3,43,3276.7,255,255,32767,255,655.35,255,32767,0.3,2054-1-18,0.1,0.35,23.67,0.0,0.0,0.0,0,0.966796875,3,192,07:20,19:15,2025-03-14 01:57:16.335123,Marina di Stabia
2025-03-14T01:57:27Z,0,29.663,74.3,43,3276.7,255,255,32767,255,655.35,255,32767,0.3,2054-1-18,0.1,0.35,23.67,0.0,0.0,0.0,0,0.966796875,3,192,07:20,19:15,2025-03-14 01:57:27.406136,Marina di Stabia
2025-03-14T01:57:38Z,0,29.663,74.3,43,3276.7,255,255,32767,255,655.35,255,32767,0.3,2054-1-18,0.1,0.35,23.67,0.0,0.0,0.0,0,0.966796875,3,192,07:20,19:15,2025-03-14 01:57:38.485127,Marina di Stabia
2025-03-14T01:57:49Z,0,29.663,74.3,43,3276.7,255,255,32767,255,655.35,255,32767,0.3,2054-1-18,0.1,0.35,23.67,0.0,0.0,0.0,0,0.966796875,3,192,07:20,19:15,2025-03-14 01:57:49.600143,Marina di Stabia
2025-03-14T01:58:00Z,0,29.663,74.2,43,3276.7,255,255,32767,255,655.35,255,32767,0.3,2054-1-18,0.1,0.35,23.67,0.0,0.0,0.0,0,0.966796875,3,192,07:20,19:15,2025-03-14 01:58:00.667112,Marina di Stabia
2025-03-14T01:58:12Z,0,29.663,74.2,43,3276.7,255,255,32767,255,655.35,255,32767,0.3,2054-1-18,0.1,0.35,23.67,0.0,0.0,0.0,0,0.966796875,3,192,07:20,19:15,2025-03-14 01:58:11.861092,Marina di Stabia
2025-03-14T01:58:23Z,0,29.663,74.2,43,3276.7,255,255,32767,255,655.35,255,32767,0.3,2054-1-18,0.1,0.35,23.67,0.0,0.0,0.0,0,0.966796875,3,192,07:20,19:15,2025-03-14 01:58:22.935127,Marina di Stabia
2025-03-14T01:58:34Z,0,29.663,74.2,43,3276.7,255,255,32767,255,655.35,255,32767,0.3,2054-1-18,0.1,0.35,23.67,0.0,0.0,0.0,0,0.966796875,3,192,07:20,19:15,2025-03-14 01:58:34.007120,Marina di Stabia
2025-03-14T01:58:45Z,0,29.663,74.2,43,3276.7,255,255,32767,255,655.35,255,32767,0.3,2054-1-18,0.1,0.35,23.67,0.0,0.0,0.0,0,0.966796875,3,192,07:20,19:15,2025-03-14 01:58:45.090117,Marina di Stabia
2025-03-14T01:58:56Z,0,29.663,74.2,43,3276.7,255,255,32767,255,655.35,255,32767,0.3,2054-1-18,0.1,0.35,23.67,0.0,0.0,0.0,0,0.966796875,3,192,07:20,19:15,2025-03-14 01:58:56.199142,Marina di Stabia
2025-03-14T01:59:07Z,0,29.663,74.2,43,3276.7,255,255,32767,255,655.35,255,32767,0.3,2054-1-18,0.1,0.35,23.67,0.0,0.0,0.0,0,1.013671875,3,192,07:20,19:15,2025-03-14 01:59:07.271123,Marina di Stabia
2025-03-14T01:59:18Z,0,29.663,74.2,43,3276.7,255,255,32767,255,655.35,255,32767,0.3,2054-1-18,0.1,0.35,23.67,0.0,0.0,0.0,0,1.013671875,3,192,07:20,19:15,2025-03-14 01:59:18.372122,Marina di Stabia
2025-03-14T01:59:29Z,0,29.663,74.2,43,3276.7,255,255,32767,255,655.35,255,32767,0.3,2054-1-18,0.1,0.35,23.67,0.0,0.0,0.0,0,1.013671875,3,192,07:20,19:15,2025-03-14 01:59:29.448136,Marina di Stabia
2025-03-14T01:59:40Z,0,29.663,74.2,43,3276.7,255,255,32767,255,655.35,255,32767,0.3,2054-1-18,0.1,0.35,23.67,0.0,0.0,0.0,0,1.013671875,3,192,07:20,19:15,2025-03-14 01:59:40.539125,Marina di Stabia
2025-03-14T01:59:51Z,0,29.663,74.2,43,3276.7,255,255,32767,255,655.35,255,32767,0.3,2054-1-18,0.1,0.35,23.67,0.0,0.0,0.0,0,1.013671875,3,192,07:20,19:15,2025-03-14 01:59:51.607119,Marina di Stabia
2025-03-14T02:00:02Z,0,29.664,74.1,42,3276.7,255,255,32767,255,655.35,255,32767,0.3,2054-1-18,0.1,0.35,23.67,0.0,0.0,0.0,0,0.966796875,3,192,07:20,19:15,2025-03-14 02:00:02.703089,Marina di Stabia,31.1,6.639279,14.05905,5.7798514,10.930394,EU EEA Common AQI,73.8,6.5582366,13.21546,3600,4.811594,100,100,51.4,8.937198,Very Low,75.5,6.355935,100,1739186100,Very Low,9.633085,6.8510075,Very Low,6.062216,42.9,5.362319,100,1739186100,5.362319
2025-03-14T02:00:14Z,0,29.664,74.1,42,3276.7,255,255,32767,255,655.35,255,32767,0.3,2054-1-18,0.1,0.35,23.67,0.0,0.0,0.0,0,0.966796875,3,192,07:20,19:15,2025-03-14 02:00:13.842118,Marina di Stabia,31.1,6.639279,14.05905,5.7798514,10.930394,EU EEA Common AQI,73.8,6.5582366,13.21546,3600,4.811594,100,100,51.4,8.937198,Very Low,75.5,6.355935,100,1739186100,Very Low,9.633085,6.8510075,Very Low,6.062216,42.9,5.362319,100,1739186100,5.362319
2025-03-14T02:00:25Z,0,29.664,74.1,42,3276.7,255,255,32767,255,655.35,255,32767,0.3,2054-1-18,0.1,0.35,23.67,0.0,0.0,0.0,0,0.966796875,3,192,07:20,19:15,2025-03-14 02:00:24.940092,Marina di Stabia,31.1,6.639279,14.05905,5.7798514,10.930394,EU EEA Common AQI,73.8,6.5582366,13.21546,3600,4.811594,100,100,51.4,8.937198,Very Low,75.5,6.355935,100,1739186100,Very Low,9.633085,6.8510075,Very Low,6.062216,42.9,5.362319,100,1739186100,5.362319
2025-03-14T02:00:36Z,0,29.664,74.1,42,3276.7,255,255,32767,255,655.35,255,32767,0.3,2054-1-18,0.1,0.35,23.67,0.0,0.0,0.0,0,0.966796875,3,192,07:20,19:15,2025-03-14 02:00:36.036132,Marina di Stabia,31.1,6.639279,14.05905,5.7798514,10.930394,EU EEA Common AQI,73.8,6.5582366,13.21546,3600,4.811594,100,100,51.4,8.937198,Very Low,75.5,6.355935,100,1739186100,Very Low,9.633085,6.8510075,Very Low,6.062216,42.9,5.362319,100,1739186100,5.362319
2025-03-14T02:00:47Z,0,29.664,74.1,42,3276.7,255,255,32767,255,655.35,255,32767,0.3,2054-1-18,0.1,0.35,23.67,0.0,0.0,0.0,0,0.966796875,3,192,07:20,19:15,2025-03-14 02:00:47.138129,Marina di Stabia,31.1,6.639279,14.05905,5.7798514,10.930394,EU EEA Common AQI,73.8,6.5582366,13.21546,3600,4.811594,100,100,51.4,8.937198,Very Low,75.5,6.355935,100,1739186100,Very Low,9.633085,6.8510075,Very Low,6.062216,42.9,5.362319,100,1739186100,5.362319
2025-03-14T02:00:58Z,0,29.662,74.1,42,3276.7,255,255,32767,255,655.35,255,32767,0.3,2054-1-18,0.1,0.35,23.67,0.0,0.0,0.0,0,1.611328125,6,190,07:20,19:15,2025-03-14 02:00:58.238087,Marina di Stabia,31.1,6.639279,14.05905,5.7798514,10.930394,EU EEA Common AQI,73.8,6.5582366,13.21546,3600,4.811594,100,100,51.4,8.937198,Very Low,75.5,6.355935,100,1739186100,Very Low,9.633085,6.8510075,Very Low,6.062216,42.9,5.362319,100,1739186100,5.362319
2025-03-14T02:01:09Z,0,29.662,74.1,42,3276.7,255,255,32767,255,655.35,255,32767,0.3,2054-1-18,0.1,0.35,23.67,0.0,0.0,0.0,0,1.611328125,6,190,07:20,19:15,2025-03-14 02:01:09.336122,Marina di Stabia,31.1,6.639279,14.05905,5.7798514,10.930394,EU EEA Common AQI,73.8,6.5582366,13.21546,3600,4.811594,100,100,51.4,8.937198,Very Low,75.5,6.355935,100,1739186100,Very Low,9.633085,6.8510075,Very Low,6.062216,42.9,5.362319,100,1739186100,5.362319
2025-03-14T02:01:20Z,0,29.662,74.1,42,3276.7,255,255,32767,255,655.35,255,32767,0.3,2054-1-18,0.1,0.35,23.67,0.0,0.0,0.0,0,1.611328125,6,190,07:20,19:15,2025-03-14 02:01:20.481123,Marina di Stabia,31.1,6.639279,14.05905,5.7798514,10.930394,EU EEA Common AQI,73.8,6.5582366,13.21546,3600,4.811594,100,100,51.4,8.937198,Very Low,75.5,6.355935,100,1739186100,Very Low,9.633085,6.8510075,Very Low,6.062216,42.9,5.362319,100,1739186100,5.362319
2025-03-14T02:01:31Z,0,29.662,74.1,42,3276.7,255,255,32767,255,655.35,255,32767,0.3,2054-1-18,0.1,0.35,23.67,0.0,0.0,0.0,0,1.611328125,6,190,07:20,19:15,2025-03-14 02:01:31.567125,Marina di Stabia,31.1,6.639279,14.05905,5.7798514,10.930394,EU EEA Common AQI,73.8,6.5582366,13.21546,3600,4.811594,100,100,51.4,8.937198,Very Low,75.5,6.355935,100,1739186100,Very Low,9.633085,6.8510075,Very Low,6.062216,42.9,5.362319,100,1739186100,5.362319
2025-03-14T02:01:42Z,0,29.662,74.1,42,3276.7,255,255,32767,255,655.35,255,32767,0.3,2054-1-18,0.1,0.35,23.67,0.0,0.0,0.0,0,1.611328125,6,190,07:20,19:15,2025-03-14 02:01:42.660127,Marina di Stabia,31.1,6.639279,14.05905,5.7798514,10.930394,EU EEA Common AQI,73.8,6.5582366,13.21546,3600,4.811594,100,100,51.4,8.937198,Very Low,75.5,6.355935,100,1739186100,Very Low,9.633085,6.8510075,Very Low,6.062216,42.9,5.362319,100,1739186100,5.362319
2025-03-14T02:01:54Z,0,29.662,74.1,42,3276.7,255,255,32767,255,655.35,255,32767,0.3,2054-1-18,0.1,0.35,23.67,0.0,0.0,0.0,0,1.611328125,6,190,07:20,19:15,2025-03-14 02:01:53.806121,Marina di Stabia,31.1,6.639279,14.05905,5.7798514,10.930394,EU EEA Common AQI,73.8,6.5582366,13.21546,3600,4.811594,100,100,51.4,8.937198,Very Low,75.5,6.355935,100,1739186100,Very Low,9.633085,6.8510075,Very Low,6.062216,42.9,5.362319,100,1739186100,5.362319
2025-03-14T02:02:05Z,0,29.661,74.1,42,3276.7,255,255,32767,255,655.35,255,32767,0.3,2054-1-18,0.1,0.35,23.67,0.0,0.0,0.0,0,0.966796875,6,190,07:20,19:15,2025-03-14 02:02:04.896104,Marina di Stabia,31.1,6.639279,14.05905,5.7798514,10.930394,EU EEA Common AQI,73.8,6.5582366,13.21546,3600,4.811594,100,100,51.4,8.937198,Very Low,75.5,6.355935,100,1739186100,Very Low,9.633085,6.8510075,Very Low,6.062216,42.9,5.362319,100,1739186100,5.362319
2025-03-14T02:02:16Z,0,29.661,74.1,42,3276.7,255,255,32767,255,655.35,255,32767,0.3,2054-1-18,0.1,0.35,23.67,0.0,0.0,0.0,0,0.966796875,6,190,07:20,19:15,2025-03-14 02:02:16.030102,Marina di Stabia,31.1,6.639279,14.05905,5.7798514,10.930394,EU EEA Common AQI,73.8,6.5582366,13.21546,3600,4.811594,100,100,51.4,8.937198,Very Low,75.5,6.355935,100,1739186100,Very Low,9.633085,6.8510075,Very Low,6.062216,42.9,5.362319,100,1739186100,5.362319
2025-03-14T02:02:27Z,0,29.661,74.1,42,3276.7,255,255,32767,255,655.35,255,32767,0.3,2054-1-18,0.1,0.35,23.67,0.0,0.0,0.0,0,0.966796875,6,190,07:20,19:15,2025-03-14 02:02:27.130114,Marina di Stabia,31.1,6.639279,14.05905,5.7798514,10.930394,EU EEA Common AQI,73.8,6.5582366,13.21546,3600,4.811594,100,100,51.4,8.937198,Very Low,75.5,6.355935,100,1739186100,Very Low,9.633085,6.8510075,Very Low,6.062216,42.9,5.362319,100,1739186100,5.362319
2025-03-14T02:02:38Z,0,29.661,74.1,42,3276.7,255,255,32767,255,655.35,255,32767,0.3,2054-1-18,0.1,0.35,23.67,0.0,0.0,0.0,0,0.966796875,6,190,07:20,19:15,2025-03-14 02:02:38.215089,Marina di Stabia,31.1,6.639279,14.05905,5.7798514,10.930394,EU EEA Common AQI,73.8,6.5582366,13.21546,3600,4.811594,100,100,51.4,8.937198,Very Low,75.5,6.355935,100,1739186100,Very Low,9.633085,6.8510075,Very Low,6.062216,42.9,5.362319,100,1739186100,5.362319
2025-03-14T02:02:49Z,0,29.661,74.1,42,3276.7,255,255,32767,255,655.35,255,32767,0.3,2054-1-18,0.1,0.35,23.67,0.0,0.0,0.0,0,0.966796875,6,190,07:20,19:15,2025-03-14 02:02:49.308126,Marina di Stabia,31.1,6.639279,14.05905,5.7798514,10.930394,EU EEA Common AQI,73.8,6.5582366,13.21546,3600,4.811594,100,100,51.4,8.937198,Very Low,75.5,6.355935,100,1739186100,Very Low,9.633085,6.8510075,Very Low,6.062216,42.9,5.362319,100,1739186100,5.362319
2025-03-14T02:03:00Z,0,29.658,74.0,43,3276.7,255,255,32767,255,655.35,255,32767,0.3,2054-1-18,0.1,0.35,23.67,0.0,0.0,0.0,0,0.966796875,6,190,07:20,19:15,2025-03-14 02:03:00.395112,Marina di Stabia,31.1,6.639279,14.05905,5.7798514,10.930394,EU EEA Common AQI,73.8,6.5582366,13.21546,3600,4.811594,100,100,51.4,8.937198,Very Low,75.5,6.355935,100,1739186100,Very Low,9.633085,6.8510075,Very Low,6.062216,42.9,5.362319,100,1739186100,5.362319
2025-03-14T02:03:11Z,0,29.658,74.0,43,3276.7,255,255,32767,255,655.35,255,32767,0.3,2054-1-18,0.1,0.35,23.67,0.0,0.0,0.0,0,0.966796875,6,190,07:20,19:15,2025-03-14 02:03:11.493128,Marina di Stabia,31.1,6.639279,14.05905,5.7798514,10.930394,EU EEA Common AQI,73.8,6.5582366,13.21546,3600,4.811594,100,100,51.4,8.937198,Very Low,75.5,6.355935,100,1739186100,Very Low,9.633085,6.8510075,Very Low,6.062216,42.9,5.362319,100,1739186100,5.362319
2025-03-14T02:03:23Z,0,29.658,74.0,43,3276.7,255,255,32767,255,655.35,255,32767,0.3,2054-1-18,0.1,0.35,23.67,0.0,0.0,0.0,0,0.966796875,6,190,07:20,19:15,2025-03-14 02:03:22.866085,Marina di Stabia,31.1,6.639279,14.05905,5.7798514,10.930394,EU EEA Common AQI,73.8,6.5582366,13.21546,3600,4.811594,100,100,51.4,8.937198,Very Low,75.5,6.355935,100,1739186100,Very Low,9.633085,6.8510075,Very Low,6.062216,42.9,5.362319,100,1739186100,5.362319
2025-03-14T02:03:34Z,0,29.658,74.0,43,3276.7,255,255,32767,255,655.35,255,32767,0.3,2054-1-18,0.1,0.35,23.67,0.0,0.0,0.0,0,0.966796875,6,190,07:20,19:15,2025-03-14 02:03:33.967127,Marina di Stabia,31.1,6.639279,14.05905,5.7798514,10.930394,EU EEA Common AQI,73.8,6.5582366,13.21546,3600,4.811594,100,100,51.4,8.937198,Very Low,75.5,6.355935,100,1739186100,Very Low,9.633085,6.8510075,Very Low,6.062216,42.9,5.362319,100,1739186100,5.362319
2025-03-14T02:03:50Z,0,29.658,74.0,43,3276.7,255,255,32767,255,655.35,255,32767,0.3,2054-1-18,0.1,0.35,23.67,0.0,0.0,0.0,0,0.966796875,6,190,07:20,19:15,2025-03-14 02:03:50.238122,Marina di Stabia,31.1,6.639279,14.05905,5.7798514,10.930394,EU EEA Common AQI,73.8,6.5582366,13.21546,3600,4.811594,100,100,51.4,8.937198,Very Low,75.5,6.355935,100,1739186100,Very Low,9.633085,6.8510075,Very Low,6.062216,42.9,5.362319,100,1739186100,5.362319
2025-03-14T02:04:01Z,0,29.657,74.0,43,3276.7,255,255,32767,255,655.35,255,32767,0.3,2054-1-18,0.1,0.35,23.67,0.0,0.0,0.0,0,0.966796875,6,190,07:20,19:15,2025-03-14 02:04:01.618089,Marina di Stabia,31.1,6.639279,14.05905,5.7798514,10.930394,EU EEA Common AQI,73.8,6.5582366,13.21546,3600,4.811594,100,100,51.4,8.937198,Very Low,75.5,6.355935,100,1739186100,Very Low,9.633085,6.8510075,Very Low,6.062216,42.9,5.362319,100,1739186100,5.362319
2025-03-14T02:04:13Z,0,29.657,74.0,43,3276.7,255,255,32767,255,655.35,255,32767,0.3,2054-1-18,0.1,0.35,23.67,0.0,0.0,0.0,0,0.966796875,6,190,07:20,19:15,2025-03-14 02:04:13.003126,Marina di Stabia,31.1,6.639279,14.05905,5.7798514,10.930394,EU EEA Common AQI,73.8,6.5582366,13.21546,3600,4.811594,100,100,51.4,8.937198,Very Low,75.5,6.355935,100,1739186100,Very Low,9.633085,6.8510075,Very Low,6.062216,42.9,5.362319,100,1739186100,5.362319
2025-03-14T02:04:24Z,0,29.657,74.0,43,3276.7,255,255,32767,255,655.35,255,32767,0.3,2054-1-18,0.1,0.35,23.67,0.0,0.0,0.0,0,0.966796875,6,190,07:20,19:15,2025-03-14 02:04:24.445120,Marina di Stabia,31.1,6.639279,14.05905,5.7798514,10.930394,EU EEA Common AQI,73.8,6.5582366,13.21546,3600,4.811594,100,100,51.4,8.937198,Very Low,75.5,6.355935,100,1739186100,Very Low,9.633085,6.8510075,Very Low,6.062216,42.9,5.362319,100,1739186100,5.362319
2025-03-14T02:04:36Z,0,29.657,74.0,43,3276.7,255,255,32767,255,655.35,255,32767,0.3,2054-1-18,0.1,0.35,23.67,0.0,0.0,0.0,0,0.966796875,6,190,07:20,19:15,2025-03-14 02:04:35.862084,Marina di Stabia,31.1,6.639279,14.05905,5.7798514,10.930394,EU EEA Common AQI,73.8,6.5582366,13.21546,3600,4.811594,100,100,51.4,8.937198,Very Low,75.5,6.355935,100,1739186100,Very Low,9.633085,6.8510075,Very Low,6.062216,42.9,5.362319,100,1739186100,5.362319
2025-03-14T02:04:47Z,0,29.657,74.0,43,3276.7,255,255,32767,255,655.35,255,32767,0.3,2054-1-18,0.1,0.35,23.67,0.0,0.0,0.0,0,0.966796875,6,190,07:20,19:15,2025-03-14 02:04:47.230120,Marina di Stabia,31.1,6.639279,14.05905,5.7798514,10.930394,EU EEA Common AQI,73.8,6.5582366,13.21546,3600,4.811594,100,100,51.4,8.937198,Very Low,75.5,6.355935,100,1739186100,Very Low,9.633085,6.8510075,Very Low,6.062216,42.9,5.362319,100,1739186100,5.362319
2025-03-14T02:04:58Z,0,29.654,74.0,43,3276.7,255,255,32767,255,655.35,255,32767,0.3,2054-1-18,0.1,0.35,23.67,0.0,0.0,0.0,0,0.966796875,6,190,07:20,19:15,2025-03-14 02:04:58.560082,Marina di Stabia,31.1,6.639279,14.05905,5.7798514,10.930394,EU EEA Common AQI,73.8,6.5582366,13.21546,3600,4.811594,100,100,51.4,8.937198,Very Low,75.5,6.355935,100,1739186100,Very Low,9.633085,6.8510075,Very Low,6.062216,42.9,5.362319,100,1739186100,5.362319
2025-03-14T02:05:10Z,0,29.654,74.0,43,3276.7,255,255,32767,255,655.35,255,32767,0.3,2054-1-18,0.1,0.35,23.67,0.0,0.0,0.0,0,0.966796875,6,190,07:20,19:15,2025-03-14 02:05:09.938121,Marina di Stabia,31.1,6.639279,14.05905,5.7798514,10.930394,EU EEA Common AQI,73.8,6.5582366,13.21546,3600,4.811594,100,100,51.4,8.937198,Very Low,75.5,6.355935,100,1739186100,Very Low,9.633085,6.8510075,Very Low,6.062216,42.9,5.362319,100,1739186100,5.362319
2025-03-14T02:05:24Z,0,29.654,74.0,43,3276.7,255,255,32767,255,655.35,255,32767,0.3,2054-1-18,0.1,0.35,23.67,0.0,0.0,0.0,0,0.966796875,6,190,07:20,19:15,2025-03-14 02:05:23.833132,Marina di Stabia,31.1,6.639279,14.05905,5.7798514,10.930394,EU EEA Common AQI,73.8,6.5582366,13.21546,3600,4.811594,100,100,51.4,8.937198,Very Low,75.5,6.355935,100,1739186100,Very Low,9.633085,6.8510075,Very Low,6.062216,42.9,5.362319,100,1739186100,5.362319
2025-03-14T02:05:37Z,0,29.654,74.0,43,3276.7,255,255,32767,255,655.35,255,32767,0.3,2054-1-18,0.1,0.35,23.67,0.0,0.0,0.0,0,0.966796875,6,190,07:20,19:15,2025-03-14 02:05:36.939114,Marina di Stabia,31.1,6.639279,14.05905,5.7798514,10.930394,EU EEA Common AQI,73.8,6.5582366,13.21546,3600,4.811594,100,100,51.4,8.937198,Very Low,75.5,6.355935,100,1739186100,Very Low,9.633085,6.8510075,Very Low,6.062216,42.9,5.362319,100,1739186100,5.362319
2025-03-14T02:05:49Z,0,29.654,74.0,43,3276.7,255,255,32767,255,655.35,255,32767,0.3,2054-1-18,0.1,0.35,23.67,0.0,0.0,0.0,0,0.966796875,6,190,07:20,19:15,2025-03-14 02:05:49.083125,Marina di Stabia,31.1,6.639279,14.05905,5.7798514,10.930394,EU EEA Common AQI,73.8,6.5582366,13.21546,3600,4.811594,100,100,51.4,8.937198,Very Low,75.5,6.355935,100,1739186100,Very Low,9.633085,6.8510075,Very Low,6.062216,42.9,5.362319,100,1739186100,5.362319
2025-03-14T02:06:00Z,0,29.654,74.0,43,3276.7,255,255,32767,255,655.35,255,32767,0.3,2054-1-18,0.1,0.35,23.67,0.0,0.0,0.0,0,0.966796875,6,190,07:20,19:15,2025-03-14 02:06:00.552125,Marina di Stabia,31.1,6.639279,14.05905,5.7798514,10.930394,EU EEA Common AQI,73.8,6.5582366,13.21546,3600,4.811594,100,100,51.4,8.937198,Very Low,75.5,6.355935,100,1739186100,Very Low,9.633085,6.8510075,Very Low,6.062216,42.9,5.362319,100,1739186100,5.362319
2025-03-14T02:06:12Z,0,29.654,74.2,43,3276.7,255,255,32767,255,655.35,255,32767,0.3,2054-1-18,0.1,0.35,23.67,0.0,0.0,0.0,0,1.810546875,6,190,07:20,19:15,2025-03-14 02:06:12.295119,Marina di Stabia,31.1,6.639279,14.05905,5.7798514,10.930394,EU EEA Common AQI,73.8,6.5582366,13.21546,3600,4.811594,100,100,51.4,8.937198,Very Low,75.5,6.355935,100,1739186100,Very Low,9.633085,6.8510075,Very Low,6.062216,42.9,5.362319,100,1739186100,5.362319
2025-03-14T02:06:24Z,0,29.654,74.2,43,3276.7,255,255,32767,255,655.35,255,32767,0.3,2054-1-18,0.1,0.35,23.67,0.0,0.0,0.0,0,1.810546875,6,190,07:20,19:15,2025-03-14 02:06:24.564120,Marina di Stabia,31.1,6.639279,14.05905,5.7798514,10.930394,EU EEA Common AQI,73.8,6.5582366,13.21546,3600,4.811594,100,100,51.4,8.937198,Very Low,75.5,6.355935,100,1739186100,Very Low,9.633085,6.8510075,Very Low,6.062216,42.9,5.362319,100,1739186100,5.362319
2025-03-14T02:06:37Z,0,29.654,74.2,43,3276.7,255,255,32767,255,655.35,255,32767,0.3,2054-1-18,0.1,0.35,23.67,0.0,0.0,0.0,0,1.810546875,6,190,07:20,19:15,2025-03-14 02:06:37.294128,Marina di Stabia,31.1,6.639279,14.05905,5.7798514,10.930394,EU EEA Common AQI,73.8,6.5582366,13.21546,3600,4.811594,100,100,51.4,8.937198,Very Low,75.5,6.355935,100,1739186100,Very Low,9.633085,6.8510075,Very Low,6.062216,42.9,5.362319,100,1739186100,5.362319
2025-03-14T02:06:49Z,0,29.654,74.2,43,3276.7,255,255,32767,255,655.35,255,32767,0.3,2054-1-18,0.1,0.35,23.67,0.0,0.0,0.0,0,1.810546875,6,190,07:20,19:15,2025-03-14 02:06:49.696138,Marina di Stabia,31.1,6.639279,14.05905,5.7798514,10.930394,EU EEA Common AQI,73.8,6.5582366,13.21546,3600,4.811594,100,100,51.4,8.937198,Very Low,75.5,6.355935,100,1739186100,Very Low,9.633085,6.8510075,Very Low,6.062216,42.9,5.362319,100,1739186100,5.362319
2025-03-14T02:07:01Z,0,29.654,74.2,43,3276.7,255,255,32767,255,655.35,255,32767,0.3,2054-1-18,0.1,0.35,23.67,0.0,0.0,0.0,0,1.810546875,6,190,07:20,19:15,2025-03-14 02:07:01.053118,Marina di Stabia,31.1,6.639279,14.05905,5.7798514,10.930394,EU EEA Common AQI,73.8,6.5582366,13.21546,3600,4.811594,100,100,51.4,8.937198,Very Low,75.5,6.355935,100,1739186100,Very Low,9.633085,6.8510075,Very Low,6.062216,42.9,5.362319,100,1739186100,5.362319
2025-03-14T02:07:12Z,0,29.654,74.3,43,3276.7,255,255,32767,255,655.35,255,32767,0.3,2054-1-18,0.1,0.35,23.67,0.0,0.0,0.0,0,1.798828125,6,190,07:20,19:15,2025-03-14 02:07:12.364101,Marina di Stabia,31.1,6.639279,14.05905,5.7798514,10.930394,EU EEA Common AQI,73.8,6.5582366,13.21546,3600,4.811594,100,100,51.4,8.937198,Very Low,75.5,6.355935,100,1739186100,Very Low,9.633085,6.8510075,Very Low,6.062216,42.9,5.362319,100,1739186100,5.362319
2025-03-14T02:07:23Z,0,29.654,74.3,43,3276.7,255,255,32767,255,655.35,255,32767,0.3,2054-1-18,0.1,0.35,23.67,0.0,0.0,0.0,0,1.798828125,6,190,07:20,19:15,2025-03-14 02:07:23.720126,Marina di Stabia,31.1,6.639279,14.05905,5.7798514,10.930394,EU EEA Common AQI,73.8,6.5582366,13.21546,3600,4.811594,100,100,51.4,8.937198,Very Low,75.5,6.355935,100,1739186100,Very Low,9.633085,6.8510075,Very Low,6.062216,42.9,5.362319,100,1739186100,5.362319
2025-03-14T02:07:35Z,0,29.654,74.3,43,3276.7,255,255,32767,255,655.35,255,32767,0.3,2054-1-18,0.1,0.35,23.67,0.0,0.0,0.0,0,1.798828125,6,190,07:20,19:15,2025-03-14 02:07:35.105121,Marina di Stabia,31.1,6.639279,14.05905,5.7798514,10.930394,EU EEA Common AQI,73.8,6.5582366,13.21546,3600,4.811594,100,100,51.4,8.937198,Very Low,75.5,6.355935,100,1739186100,Very Low,9.633085,6.8510075,Very Low,6.062216,42.9,5.362319,100,1739186100,5.362319
2025-03-14T02:07:46Z,0,29.654,74.3,43,3276.7,255,255,32767,255,655.35,255,32767,0.3,2054-1-18,0.1,0.35,23.67,0.0,0.0,0.0,0,1.798828125,6,190,07:20,19:15,2025-03-14 02:07:46.429125,Marina di Stabia,31.1,6.639279,14.05905,5.7798514,10.930394,EU EEA Common AQI,73.8,6.5582366,13.21546,3600,4.811594,100,100,51.4,8.937198,Very Low,75.5,6.355935,100,1739186100,Very Low,9.633085,6.8510075,Very Low,6.062216,42.9,5.362319,100,1739186100,5.362319
2025-03-14T02:07:57Z,0,29.651,74.3,43,3276.7,255,255,32767,255,655.35,255,32767,0.3,2054-1-18,0.1,0.35,23.67,0.0,0.0,0.0,0,0.966796875,6,190,07:20,19:15,2025-03-14 02:07:57.775144,Marina di Stabia,31.1,6.639279,14.05905,5.7798514,10.930394,EU EEA Common AQI,73.8,6.5582366,13.21546,3600,4.811594,100,100,51.4,8.937198,Very Low,75.5,6.355935,100,1739186100,Very Low,9.633085,6.8510075,Very Low,6.062216,42.9,5.362319,100,1739186100,5.362319
2025-03-14T02:08:09Z,0,29.651,74.3,43,3276.7,255,255,32767,255,655.35,255,32767,0.3,2054-1-18,0.1,0.35,23.67,0.0,0.0,0.0,0,0.966796875,6,190,07:20,19:15,2025-03-14 02:08:09.120114,Marina di Stabia,31.1,6.639279,14.05905,5.7798514,10.930394,EU EEA Common AQI,73.8,6.5582366,13.21546,3600,4.811594,100,100,51.4,8.937198,Very Low,75.5,6.355935,100,1739186100,Very Low,9.633085,6.8510075,Very Low,6.062216,42.9,5.362319,100,1739186100,5.362319
2025-03-14T02:08:20Z,0,29.651,74.3,43,3276.7,255,255,32767,255,655.35,255,32767,0.3,2054-1-18,0.1,0.35,23.67,0.0,0.0,0.0,0,0.966796875,6,190,07:20,19:15,2025-03-14 02:08:20.475120,Marina di Stabia,31.1,6.639279,14.05905,5.7798514,10.930394,EU EEA Common AQI,73.8,6.5582366,13.21546,3600,4.811594,100,100,51.4,8.937198,Very Low,75.5,6.355935,100,1739186100,Very Low,9.633085,6.8510075,Very Low,6.062216,42.9,5.362319,100,1739186100,5.362319
2025-03-14T02:08:32Z,0,29.651,74.3,43,3276.7,255,255,32767,255,655.35,255,32767,0.3,2054-1-18,0.1,0.35,23.67,0.0,0.0,0.0,0,0.966796875,6,190,07:20,19:15,2025-03-14 02:08:31.815117,Marina di Stabia,31.1,6.639279,14.05905,5.7798514,10.930394,EU EEA Common AQI,73.8,6.5582366,13.21546,3600,4.811594,100,100,51.4,8.937198,Very Low,75.5,6.355935,100,1739186100,Very Low,9.633085,6.8510075,Very Low,6.062216,42.9,5.362319,100,1739186100,5.362319
2025-03-14T02:08:43Z,0,29.651,74.3,43,3276.7,255,255,32767,255,655.35,255,32767,0.3,2054-1-18,0.1,0.35,23.67,0.0,0.0,0.0,0,0.966796875,6,190,07:20,19:15,2025-03-14 02:08:43.234119,Marina di Stabia,31.1,6.639279,14.05905,5.7798514,10.930394,EU EEA Common AQI,73.8,6.5582366,13.21546,3600,4.811594,100,100,51.4,8.937198,Very Low,75.5,6.355935,100,1739186100,Very Low,9.633085,6.8510075,Very Low,6.062216,42.9,5.362319,100,1739186100,5.362319
2025-03-14T02:08:54Z,0,29.651,74.3,43,3276.7,255,255,32767,255,655.35,255,32767,0.3,2054-1-18,0.1,0.35,23.67,0.0,0.0,0.0,0,0.966796875,6,190,07:20,19:15,2025-03-14 02:08:54.641146,Marina di Stabia,31.1,6.639279,14.05905,5.7798514,10.930394,EU EEA Common AQI,73.8,6.5582366,13.21546,3600,4.811594,100,100,51.4,8.937198,Very Low,75.5,6.355935,100,1739186100,Very Low,9.633085,6.8510075,Very Low,6.062216,42.9,5.362319,100,1739186100,5.362319
2025-03-14T02:09:06Z,0,29.65,74.2,43,3276.7,255,255,32767,255,655.35,255,32767,0.3,2054-1-18,0.1,0.35,23.67,0.0,0.0,0.0,0,0.966796875,6,190,07:20,19:15,2025-03-14 02:09:06.009109,Marina di Stabia,31.1,6.639279,14.05905,5.7798514,10.930394,EU EEA Common AQI,73.8,6.5582366,13.21546,3600,4.811594,100,100,51.4,8.937198,Very Low,75.5,6.355935,100,1739186100,Very Low,9.633085,6.8510075,Very Low,6.062216,42.9,5.362319,100,1739186100,5.362319
2025-03-14T02:09:17Z,0,29.65,74.2,43,3276.7,255,255,32767,255,655.35,255,32767,0.3,2054-1-18,0.1,0.35,23.67,0.0,0.0,0.0,0,0.966796875,6,190,07:20,19:15,2025-03-14 02:09:17.363119,Marina di Stabia,31.1,6.639279,14.05905,5.7798514,10.930394,EU EEA Common AQI,73.8,6.5582366,13.21546,3600,4.811594,100,100,51.4,8.937198,Very Low,75.5,6.355935,100,1739186100,Very Low,9.633085,6.8510075,Very Low,6.062216,42.9,5.362319,100,1739186100,5.362319
2025-03-14T02:09:28Z,0,29.65,74.2,43,3276.7,255,255,32767,255,655.35,255,32767,0.3,2054-1-18,0.1,0.35,23.67,0.0,0.0,0.0,0,0.966796875,6,190,07:20,19:15,2025-03-14 02:09:28.739128,Marina di Stabia,31.1,6.639279,14.05905,5.7798514,10.930394,EU EEA Common AQI,73.8,6.5582366,13.21546,3600,4.811594,100,100,51.4,8.937198,Very Low,75.5,6.355935,100,1739186100,Very Low,9.633085,6.8510075,Very Low,6.062216,42.9,5.362319,100,1739186100,5.362319
2025-03-14T02:09:40Z,0,29.65,74.2,43,3276.7,255,255,32767,255,655.35,255,32767,0.3,2054-1-18,0.1,0.35,23.67,0.0,0.0,0.0,0,0.966796875,6,190,07:20,19:15,2025-03-14 02:09:40.065119,Marina di Stabia,31.1,6.639279,14.05905,5.7798514,10.930394,EU EEA Common AQI,73.8,6.5582366,13.21546,3600,4.811594,100,100,51.4,8.937198,Very Low,75.5,6.355935,100,1739186100,Very Low,9.633085,6.8510075,Very Low,6.062216,42.9,5.362319,100,1739186100,5.362319
2025-03-14T02:09:51Z,0,29.65,74.2,43,3276.7,255,255,32767,255,655.35,255,32767,0.3,2054-1-18,0.1,0.35,23.67,0.0,0.0,0.0,0,0.966796875,6,190,07:20,19:15,2025-03-14 02:09:51.403121,Marina di Stabia,31.1,6.639279,14.05905,5.7798514,10.930394,EU EEA Common AQI,73.8,6.5582366,13.21546,3600,4.811594,100,100,51.4,8.937198,Very Low,75.5,6.355935,100,1739186100,Very Low,9.633085,6.8510075,Very Low,6.062216,42.9,5.362319,100,1739186100,5.362319
2025-03-14T02:10:03Z,0,29.647,74.2,43,3276.7,255,255,32767,255,655.35,255,32767,0.3,2054-1-18,0.1,0.35,23.67,0.0,0.0,0.0,0,0.966796875,6,190,07:20,19:15,2025-03-14 02:10:02.874119,Marina di Stabia,31.1,6.639279,14.05905,5.7798514,10.930394,EU EEA Common AQI,73.8,6.5582366,13.21546,3600,4.811594,100,100,51.4,8.937198,Very Low,75.5,6.355935,100,1739186100,Very Low,9.633085,6.8510075,Very Low,6.062216,42.9,5.362319,100,1739186100,5.362319
2025-03-14T02:10:14Z,0,29.647,74.2,43,3276.7,255,255,32767,255,655.35,255,32767,0.3,2054-1-18,0.1,0.35,23.67,0.0,0.0,0.0,0,0.966796875,6,190,07:20,19:15,2025-03-14 02:10:14.208091,Marina di Stabia,31.1,6.639279,14.05905,5.7798514,10.930394,EU EEA Common AQI,73.8,6.5582366,13.21546,3600,4.811594,100,100,51.4,8.937198,Very Low,75.5,6.355935,100,1739186100,Very Low,9.633085,6.8510075,Very Low,6.062216,42.9,5.362319,100,1739186100,5.362319
2025-03-14T02:10:25Z,0,29.647,74.2,43,3276.7,255,255,32767,255,655.35,255,32767,0.3,2054-1-18,0.1,0.35,23.67,0.0,0.0,0.0,0,0.966796875,6,190,07:20,19:15,2025-03-14 02:10:25.534127,Marina di Stabia,31.1,6.639279,14.05905,5.7798514,10.930394,EU EEA Common AQI,73.8,6.5582366,13.21546,3600,4.811594,100,100,51.4,8.937198,Very Low,75.5,6.355935,100,1739186100,Very Low,9.633085,6.8510075,Very Low,6.062216,42.9,5.362319,100,1739186100,5.362319
2025-03-14T02:10:37Z,0,29.647,74.2,43,3276.7,255,255,32767,255,655.35,255,32767,0.3,2054-1-18,0.1,0.35,23.67,0.0,0.0,0.0,0,0.966796875,6,190,07:20,19:15,2025-03-14 02:10:36.875117,Marina di Stabia,31.1,6.639279,14.05905,5.7798514,10.930394,EU EEA Common AQI,73.8,6.5582366,13.21546,3600,4.811594,100,100,51.4,8.937198,Very Low,75.5,6.355935,100,1739186100,Very Low,9.633085,6.8510075,Very Low,6.062216,42.9,5.362319,100,1739186100,5.362319
2025-03-14T02:10:48Z,0,29.647,74.2,43,3276.7,255,255,32767,255,655.35,255,32767,0.3,2054-1-18,0.1,0.35,23.67,0.0,0.0,0.0,0,0.966796875,6,190,07:20,19:15,2025-03-14 02:10:48.288121,Marina di Stabia,31.1,6.639279,14.05905,5.7798514,10.930394,EU EEA Common AQI,73.8,6.5582366,13.21546,3600,4.811594,100,100,51.4,8.937198,Very Low,75.5,6.355935,100,1739186100,Very Low,9.633085,6.8510075,Very Low,6.062216,42.9,5.362319,100,1739186100,5.362319
2025-03-14T02:10:59Z,0,29.645,74.1,43,3276.7,255,255,32767,255,655.35,255,32767,0.3,2054-1-18,0.1,0.35,23.67,0.0,0.0,0.0,0,0.99609375,6,190,07:20,19:15,2025-03-14 02:10:59.644119,Marina di Stabia,31.1,6.639279,14.05905,5.7798514,10.930394,EU EEA Common AQI,73.8,6.5582366,13.21546,3600,4.811594,100,100,51.4,8.937198,Very Low,75.5,6.355935,100,1739186100,Very Low,9.633085,6.8510075,Very Low,6.062216,42.9,5.362319,100,1739186100,5.362319
2025-03-14T02:11:11Z,0,29.645,74.1,43,3276.7,255,255,32767,255,655.35,255,32767,0.3,2054-1-18,0.1,0.35,23.67,0.0,0.0,0.0,0,0.99609375,6,190,07:20,19:15,2025-03-14 02:11:11.050131,Marina di Stabia,31.1,6.639279,14.05905,5.7798514,10.930394,EU EEA Common AQI,73.8,6.5582366,13.21546,3600,4.811594,100,100,51.4,8.937198,Very Low,75.5,6.355935,100,1739186100,Very Low,9.633085,6.8510075,Very Low,6.062216,42.9,5.362319,100,1739186100,5.362319
2025-03-14T02:11:22Z,0,29.645,74.1,43,3276.7,255,255,32767,255,655.35,255,32767,0.3,2054-1-18,0.1,0.35,23.67,0.0,0.0,0.0,0,0.99609375,6,190,07:20,19:15,2025-03-14 02:11:22.477090,Marina di Stabia,31.1,6.639279,14.05905,5.7798514,10.930394,EU EEA Common AQI,73.8,6.5582366,13.21546,3600,4.811594,100,100,51.4,8.937198,Very Low,75.5,6.355935,100,1739186100,Very Low,9.633085,6.8510075,Very Low,6.062216,42.9,5.362319,100,1739186100,5.362319
2025-03-14T02:11:34Z,0,29.645,74.1,43,3276.7,255,255,32767,255,655.35,255,32767,0.3,2054-1-18,0.1,0.35,23.67,0.0,0.0,0.0,0,0.99609375,6,190,07:20,19:15,2025-03-14 02:11:33.844124,Marina di Stabia,31.1,6.639279,14.05905,5.7798514,10.930394,EU EEA Common AQI,73.8,6.5582366,13.21546,3600,4.811594,100,100,51.4,8.937198,Very Low,75.5,6.355935,100,1739186100,Very Low,9.633085,6.8510075,Very Low,6.062216,42.9,5.362319,100,1739186100,5.362319
2025-03-14T02:11:45Z,0,29.645,74.1,43,3276.7,255,255,32767,255,655.35,255,32767,0.3,2054-1-18,0.1,0.35,23.67,0.0,0.0,0.0,0,0.99609375,6,190,07:20,19:15,2025-03-14 02:11:45.226094,Marina di Stabia,31.1,6.639279,14.05905,5.7798514,10.930394,EU EEA Common AQI,73.8,6.5582366,13.21546,3600,4.811594,100,100,51.4,8.937198,Very Low,75.5,6.355935,100,1739186100,Very Low,9.633085,6.8510075,Very Low,6.062216,42.9,5.362319,100,1739186100,5.362319
2025-03-14T02:11:56Z,0,29.645,74.0,43,3276.7,255,255,32767,255,655.35,255,32767,0.3,2054-1-18,0.1,0.35,23.67,0.0,0.0,0.0,0,0.966796875,6,190,07:20,19:15,2025-03-14 02:11:56.724125,Marina di Stabia,31.1,6.639279,14.05905,5.7798514,10.930394,EU EEA Common AQI,73.8,6.5582366,13.21546,3600,4.811594,100,100,51.4,8.937198,Very Low,75.5,6.355935,100,1739186100,Very Low,9.633085,6.8510075,Very Low,6.062216,42.9,5.362319,100,1739186100,5.362319
2025-03-14T02:12:08Z,0,29.645,74.0,43,3276.7,255,255,32767,255,655.35,255,32767,0.3,2054-1-18,0.1,0.35,23.67,0.0,0.0,0.0,0,0.966796875,6,190,07:20,19:15,2025-03-14 02:12:08.132137,Marina di Stabia,31.1,6.639279,14.05905,5.7798514,10.930394,EU EEA Common AQI,73.8,6.5582366,13.21546,3600,4.811594,100,100,51.4,8.937198,Very Low,75.5,6.355935,100,1739186100,Very Low,9.633085,6.8510075,Very Low,6.062216,42.9,5.362319,100,1739186100,5.362319
2025-03-14T02:12:19Z,0,29.645,74.0,43,3276.7,255,255,32767,255,655.35,255,32767,0.3,2054-1-18,0.1,0.35,23.67,0.0,0.0,0.0,0,0.966796875,6,190,07:20,19:15,2025-03-14 02:12:19.485110,Marina di Stabia,31.1,6.639279,14.05905,5.7798514,10.930394,EU EEA Common AQI,73.8,6.5582366,13.21546,3600,4.811594,100,100,51.4,8.937198,Very Low,75.5,6.355935,100,1739186100,Very Low,9.633085,6.8510075,Very Low,6.062216,42.9,5.362319,100,1739186100,5.362319
2025-03-14T02:12:31Z,0,29.645,74.0,43,3276.7,255,255,32767,255,655.35,255,32767,0.3,2054-1-18,0.1,0.35,23.67,0.0,0.0,0.0,0,0.966796875,6,190,07:20,19:15,2025-03-14 02:12:30.920123,Marina di Stabia,31.1,6.639279,14.05905,5.7798514,10.930394,EU EEA Common AQI,73.8,6.5582366,13.21546,3600,4.811594,100,100,51.4,8.937198,Very Low,75.5,6.355935,100,1739186100,Very Low,9.633085,6.8510075,Very Low,6.062216,42.9,5.362319,100,1739186100,5.362319
2025-03-14T02:12:42Z,0,29.645,74.0,43,3276.7,255,255,32767,255,655.35,255,32767,0.3,2054-1-18,0.1,0.35,23.67,0.0,0.0,0.0,0,0.966796875,6,190,07:20,19:15,2025-03-14 02:12:42.253118,Marina di Stabia,31.1,6.639279,14.05905,5.7798514,10.930394,EU EEA Common AQI,73.8,6.5582366,13.21546,3600,4.811594,100,100,51.4,8.937198,Very Low,75.5,6.355935,100,1739186100,Very Low,9.633085,6.8510075,Very Low,6.062216,42.9,5.362319,100,1739186100,5.362319
2025-03-14T02:12:53Z,0,29.645,74.0,43,3276.7,255,255,32767,255,655.35,255,32767,0.3,2054-1-18,0.1,0.35,23.67,0.0,0.0,0.0,0,0.966796875,6,190,07:20,19:15,2025-03-14 02:12:53.584096,Marina di Stabia,31.1,6.639279,14.05905,5.7798514,10.930394,EU EEA Common AQI,73.8,6.5582366,13.21546,3600,4.811594,100,100,51.4,8.937198,Very Low,75.5,6.355935,100,1739186100,Very Low,9.633085,6.8510075,Very Low,6.062216,42.9,5.362319,100,1739186100,5.362319
2025-03-14T02:13:05Z,0,29.646,74.0,43,3276.7,255,255,32767,255,655.35,255,32767,0.3,2054-1-18,0.1,0.35,23.67,0.0,0.0,0.0,0,0.966796875,6,190,07:20,19:15,2025-03-14 02:13:04.931126,Marina di Stabia,31.1,6.639279,14.05905,5.7798514,10.930394,EU EEA Common AQI,73.8,6.5582366,13.21546,3600,4.811594,100,100,51.4,8.937198,Very Low,75.5,6.355935,100,1739186100,Very Low,9.633085,6.8510075,Very Low,6.062216,42.9,5.362319,100,1739186100,5.362319
2025-03-14T02:13:16Z,0,29.646,74.0,43,3276.7,255,255,32767,255,655.35,255,32767,0.3,2054-1-18,0.1,0.35,23.67,0.0,0.0,0.0,0,0.966796875,6,190,07:20,19:15,2025-03-14 02:13:16.271122,Marina di Stabia,31.1,6.639279,14.05905,5.7798514,10.930394,EU EEA Common AQI,73.8,6.5582366,13.21546,3600,4.811594,100,100,51.4,8.937198,Very Low,75.5,6.355935,100,1739186100,Very Low,9.633085,6.8510075,Very Low,6.062216,42.9,5.362319,100,1739186100,5.362319
2025-03-14T02:13:27Z,0,29.646,74.0,43,3276.7,255,255,32767,255,655.35,255,32767,0.3,2054-1-18,0.1,0.35,23.67,0.0,0.0,0.0,0,0.966796875,6,190,07:20,19:15,2025-03-14 02:13:27.696134,Marina di Stabia,31.1,6.639279,14.05905,5.7798514,10.930394,EU EEA Common AQI,73.8,6.5582366,13.21546,3600,4.811594,100,100,51.4,8.937198,Very Low,75.5,6.355935,100,1739186100,Very Low,9.633085,6.8510075,Very Low,6.062216,42.9,5.362319,100,1739186100,5.362319
2025-03-14T02:13:39Z,0,29.646,74.0,43,3276.7,255,255,32767,255,655.35,255,32767,0.3,2054-1-18,0.1,0.35,23.67,0.0,0.0,0.0,0,0.966796875,6,190,07:20,19:15,2025-03-14 02:13:39.045127,Marina di Stabia,31.1,6.639279,14.05905,5.7798514,10.930394,EU EEA Common AQI,73.8,6.5582366,13.21546,3600,4.811594,100,100,51.4,8.937198,Very Low,75.5,6.355935,100,1739186100,Very Low,9.633085,6.8510075,Very Low,6.062216,42.9,5.362319,100,1739186100,5.362319
2025-03-14T02:13:50Z,0,29.646,74.0,43,3276.7,255,255,32767,255,655.35,255,32767,0.3,2054-1-18,0.1,0.35,23.67,0.0,0.0,0.0,0,0.966796875,6,190,07:20,19:15,2025-03-14 02:13:50.378127,Marina di Stabia,31.1,6.639279,14.05905,5.7798514,10.930394,EU EEA Common AQI,73.8,6.5582366,13.21546,3600,4.811594,100,100,51.4,8.937198,Very Low,75.5,6.355935,100,1739186100,Very Low,9.633085,6.8510075,Very Low,6.062216,42.9,5.362319,100,1739186100,5.362319
2025-03-14T02:14:01Z,0,29.644,74.0,43,3276.7,255,255,32767,255,655.35,255,32767,0.3,2054-1-18,0.1,0.35,23.67,0.0,0.0,0.0,0,0.908203125,6,190,07:20,19:15,2025-03-14 02:14:01.706097,Marina di Stabia,31.1,6.639279,14.05905,5.7798514,10.930394,EU EEA Common AQI,73.8,6.5582366,13.21546,3600,4.811594,100,100,51.4,8.937198,Very Low,75.5,6.355935,100,1739186100,Very Low,9.633085,6.8510075,Very Low,6.062216,42.9,5.362319,100,1739186100,5.362319
2025-03-14T02:14:13Z,0,29.644,74.0,43,3276.7,255,255,32767,255,655.35,255,32767,0.3,2054-1-18,0.1,0.35,23.67,0.0,0.0,0.0,0,0.908203125,6,190,07:20,19:15,2025-03-14 02:14:13.214125,Marina di Stabia,31.1,6.639279,14.05905,5.7798514,10.930394,EU EEA Common AQI,73.8,6.5582366,13.21546,3600,4.811594,100,100,51.4,8.937198,Very Low,75.5,6.355935,100,1739186100,Very Low,9.633085,6.8510075,Very Low,6.062216,42.9,5.362319,100,1739186100,5.362319
2025-03-14T02:14:24Z,0,29.644,74.0,43,3276.7,255,255,32767,255,655.35,255,32767,0.3,2054-1-18,0.1,0.35,23.67,0.0,0.0,0.0,0,0.908203125,6,190,07:20,19:15,2025-03-14 02:14:24.566121,Marina di Stabia,31.1,6.639279,14.05905,5.7798514,10.930394,EU EEA Common AQI,73.8,6.5582366,13.21546,3600,4.811594,100,100,51.4,8.937198,Very Low,75.5,6.355935,100,1739186100,Very Low,9.633085,6.8510075,Very Low,6.062216,42.9,5.362319,100,1739186100,5.362319
2025-03-14T02:14:36Z,0,29.644,74.0,43,3276.7,255,255,32767,255,655.35,255,32767,0.3,2054-1-18,0.1,0.35,23.67,0.0,0.0,0.0,0,0.908203125,6,190,07:20,19:15,2025-03-14 02:14:36.007128,Marina di Stabia,31.1,6.639279,14.05905,5.7798514,10.930394,EU EEA Common AQI,73.8,6.5582366,13.21546,3600,4.811594,100,100,51.4,8.937198,Very Low,75.5,6.355935,100,1739186100,Very Low,9.633085,6.8510075,Very Low,6.062216,42.9,5.362319,100,1739186100,5.362319
2025-03-14T02:14:47Z,0,29.644,74.0,43,3276.7,255,255,32767,255,655.35,255,32767,0.3,2054-1-18,0.1,0.35,23.67,0.0,0.0,0.0,0,0.908203125,6,190,07:20,19:15,2025-03-14 02:14:47.366115,Marina di Stabia,31.1,6.639279,14.05905,5.7798514,10.930394,EU EEA Common AQI,73.8,6.5582366,13.21546,3600,4.811594,100,100,51.4,8.937198,Very Low,75.5,6.355935,100,1739186100,Very Low,9.633085,6.8510075,Very Low,6.062216,42.9,5.362319,100,1739186100,5.362319
2025-03-14T02:14:59Z,0,29.644,74.0,43,3276.7,255,255,32767,255,655.35,255,32767,0.3,2054-1-18,0.1,0.35,23.67,0.0,0.0,0.0,0,0.908203125,6,190,07:20,19:15,2025-03-14 02:14:58.864116,Marina di Stabia,31.1,6.639279,14.05905,5.7798514,10.930394,EU EEA Common AQI,73.8,6.5582366,13.21546,3600,4.811594,100,100,51.4,8.937198,Very Low,75.5,6.355935,100,1739186100,Very Low,9.633085,6.8510075,Very Low,6.062216,42.9,5.362319,100,1739186100,5.362319
2025-03-14T02:15:10Z,0,29.644,74.0,43,3276.7,255,255,32767,255,655.35,255,32767,0.3,2054-1-18,0.1,0.35,23.67,0.0,0.0,0.0,0,0.908203125,6,190,07:20,19:15,2025-03-14 02:15:10.223126,Marina di Stabia,31.1,6.639279,14.05905,5.7798514,10.930394,EU EEA Common AQI,73.8,6.5582366,13.21546,3600,4.811594,100,100,51.4,8.937198,Very Low,75.5,6.355935,100,1739186100,Very Low,9.633085,6.8510075,Very Low,6.062216,42.9,5.362319,100,1739186100,5.362319
2025-03-14T02:15:21Z,0,29.644,74.0,43,3276.7,255,255,32767,255,655.35,255,32767,0.3,2054-1-18,0.1,0.35,23.67,0.0,0.0,0.0,0,0.908203125,6,190,07:20,19:15,2025-03-14 02:15:21.531081,Marina di Stabia,31.1,6.639279,14.05905,5.7798514,10.930394,EU EEA Common AQI,73.8,6.5582366,13.21546,3600,4.811594,100,100,51.4,8.937198,Very Low,75.5,6.355935,100,1739186100,Very Low,9.633085,6.8510075,Very Low,6.062216,42.9,5.362319,100,1739186100,5.362319
2025-03-14T02:15:33Z,0,29.644,74.0,43,3276.7,255,255,32767,255,655.35,255,32767,0.3,2054-1-18,0.1,0.35,23.67,0.0,0.0,0.0,0,0.908203125,6,190,07:20,19:15,2025-03-14 02:15:32.907126,Marina di Stabia,31.1,6.639279,14.05905,5.7798514,10.930394,EU EEA Common AQI,73.8,6.5582366,13.21546,3600,4.811594,100,100,51.4,8.937198,Very Low,75.5,6.355935,100,1739186100,Very Low,9.633085,6.8510075,Very Low,6.062216,42.9,5.362319,100,1739186100,5.362319
2025-03-14T02:15:44Z,0,29.644,74.0,43,3276.7,255,255,32767,255,655.35,255,32767,0.3,2054-1-18,0.1,0.35,23.67,0.0,0.0,0.0,0,0.908203125,6,190,07:20,19:15,2025-03-14 02:15:44.329122,Marina di Stabia,31.1,6.639279,14.05905,5.7798514,10.930394,EU EEA Common AQI,73.8,6.5582366,13.21546,3600,4.811594,100,100,51.4,8.937198,Very Low,75.5,6.355935,100,1739186100,Very Low,9.633085,6.8510075,Very Low,6.062216,42.9,5.362319,100,1739186100,5.362319
2025-03-14T02:15:55Z,0,29.644,74.0,43,3276.7,255,255,32767,255,655.35,255,32767,0.3,2054-1-18,0.1,0.35,23.67,0.0,0.0,0.0,0,0.908203125,6,190,07:20,19:15,2025-03-14 02:15:55.787123,Marina di Stabia,31.1,6.639279,14.05905,5.7798514,10.930394,EU EEA Common AQI,73.8,6.5582366,13.21546,3600,4.811594,100,100,51.4,8.937198,Very Low,75.5,6.355935,100,1739186100,Very Low,9.633085,6.8510075,Very Low,6.062216,42.9,5.362319,100,1739186100,5.362319
2025-03-14T02:16:07Z,236,29.648,74.0,43,3276.7,255,255,32767,255,655.35,255,32767,0.3,2054-1-18,0.1,0.35,23.67,0.0,0.0,0.0,0,1.001953125,6,190,07:20,19:15,2025-03-14 02:16:07.128120,Marina di Stabia,31.1,6.639279,14.05905,5.7798514,10.930394,EU EEA Common AQI,73.8,6.5582366,13.21546,3600,4.811594,100,100,51.4,8.937198,Very Low,75.5,6.355935,100,1739186100,Very Low,9.633085,6.8510075,Very Low,6.062216,42.9,5.362319,100,1739186100,5.362319
2025-03-14T02:16:18Z,236,29.648,74.0,43,3276.7,255,255,32767,255,655.35,255,32767,0.3,2054-1-18,0.1,0.35,23.67,0.0,0.0,0.0,0,1.001953125,6,190,07:20,19:15,2025-03-14 02:16:18.501136,Marina di Stabia,31.1,6.639279,14.05905,5.7798514,10.930394,EU EEA Common AQI,73.8,6.5582366,13.21546,3600,4.811594,100,100,51.4,8.937198,Very Low,75.5,6.355935,100,1739186100,Very Low,9.633085,6.8510075,Very Low,6.062216,42.9,5.362319,100,1739186100,5.362319
2025-03-14T02:16:30Z,236,29.648,74.0,43,3276.7,255,255,32767,255,655.35,255,32767,0.3,2054-1-18,0.1,0.35,23.67,0.0,0.0,0.0,0,1.001953125,6,190,07:20,19:15,2025-03-14 02:16:29.820117,Marina di Stabia,31.1,6.639279,14.05905,5.7798514,10.930394,EU EEA Common AQI,73.8,6.5582366,13.21546,3600,4.811594,100,100,51.4,8.937198,Very Low,75.5,6.355935,100,1739186100,Very Low,9.633085,6.8510075,Very Low,6.062216,42.9,5.362319,100,1739186100,5.362319
2025-03-14T02:16:41Z,236,29.648,74.0,43,3276.7,255,255,32767,255,655.35,255,32767,0.3,2054-1-18,0.1,0.35,23.67,0.0,0.0,0.0,0,1.001953125,6,190,07:20,19:15,2025-03-14 02:16:41.195128,Marina di Stabia,31.1,6.639279,14.05905,5.7798514,10.930394,EU EEA Common AQI,73.8,6.5582366,13.21546,3600,4.811594,100,100,51.4,8.937198,Very Low,75.5,6.355935,100,1739186100,Very Low,9.633085,6.8510075,Very Low,6.062216,42.9,5.362319,100,1739186100,5.362319
2025-03-14T02:16:52Z,236,29.648,74.0,43,3276.7,255,255,32767,255,655.35,255,32767,0.3,2054-1-18,0.1,0.35,23.67,0.0,0.0,0.0,0,1.001953125,6,190,07:20,19:15,2025-03-14 02:16:52.624114,Marina di Stabia,31.1,6.639279,14.05905,5.7798514,10.930394,EU EEA Common AQI,73.8,6.5582366,13.21546,3600,4.811594,100,100,51.4,8.937198,Very Low,75.5,6.355935,100,1739186100,Very Low,9.633085,6.8510075,Very Low,6.062216,42.9,5.362319,100,1739186100,5.362319
2025-03-14T02:17:04Z,236,29.647,74.0,43,3276.7,255,255,32767,255,655.35,255,32767,0.3,2054-1-18,0.1,0.35,23.67,0.0,0.0,0.0,0,0.908203125,6,190,07:20,19:15,2025-03-14 02:17:03.956127,Marina di Stabia,31.1,6.639279,14.05905,5.7798514,10.930394,EU EEA Common AQI,73.8,6.5582366,13.21546,3600,4.811594,100,100,51.4,8.937198,Very Low,75.5,6.355935,100,1739186100,Very Low,9.633085,6.8510075,Very Low,6.062216,42.9,5.362319,100,1739186100,5.362319
2025-03-14T02:17:15Z,236,29.647,74.0,43,3276.7,255,255,32767,255,655.35,255,32767,0.3,2054-1-18,0.1,0.35,23.67,0.0,0.0,0.0,0,0.908203125,6,190,07:20,19:15,2025-03-14 02:17:15.277126,Marina di Stabia,31.1,6.639279,14.05905,5.7798514,10.930394,EU EEA Common AQI,73.8,6.5582366,13.21546,3600,4.811594,100,100,51.4,8.937198,Very Low,75.5,6.355935,100,1739186100,Very Low,9.633085,6.8510075,Very Low,6.062216,42.9,5.362319,100,1739186100,5.362319
2025-03-14T02:17:26Z,236,29.647,74.0,43,3276.7,255,255,32767,255,655.35,255,32767,0.3,2054-1-18,0.1,0.35,23.67,0.0,0.0,0.0,0,0.908203125,6,190,07:20,19:15,2025-03-14 02:17:26.596133,Marina di Stabia,31.1,6.639279,14.05905,5.7798514,10.930394,EU EEA Common AQI,73.8,6.5582366,13.21546,3600,4.811594,100,100,51.4,8.937198,Very Low,75.5,6.355935,100,1739186100,Very Low,9.633085,6.8510075,Very Low,6.062216,42.9,5.362319,100,1739186100,5.362319
2025-03-14T02:17:38Z,236,29.647,74.0,43,3276.7,255,255,32767,255,655.35,255,32767,0.3,2054-1-18,0.1,0.35,23.67,0.0,0.0,0.0,0,0.908203125,6,190,07:20,19:15,2025-03-14 02:17:37.964146,Marina di Stabia,31.1,6.639279,14.05905,5.7798514,10.930394,EU EEA Common AQI,73.8,6.5582366,13.21546,3600,4.811594,100,100,51.4,8.937198,Very Low,75.5,6.355935,100,1739186100,Very Low,9.633085,6.8510075,Very Low,6.062216,42.9,5.362319,100,1739186100,5.362319
2025-03-14T02:17:49Z,236,29.647,74.0,43,3276.7,255,255,32767,255,655.35,255,32767,0.3,2054-1-18,0.1,0.35,23.67,0.0,0.0,0.0,0,0.908203125,6,190,07:20,19:15,2025-03-14 02:17:49.283128,Marina di Stabia,31.1,6.639279,14.05905,5.7798514,10.930394,EU EEA Common AQI,73.8,6.5582366,13.21546,3600,4.811594,100,100,51.4,8.937198,Very Low,75.5,6.355935,100,1739186100,Very Low,9.633085,6.8510075,Very Low,6.062216,42.9,5.362319,100,1739186100,5.362319
2025-03-14T02:18:00Z,236,29.646,74.0,43,3276.7,255,255,32767,255,655.35,255,32767,0.3,2054-1-18,0.1,0.35,23.67,0.0,0.0,0.0,0,0.908203125,6,190,07:20,19:15,2025-03-14 02:18:00.744123,Marina di Stabia,31.1,6.639279,14.05905,5.7798514,10.930394,EU EEA Common AQI,73.8,6.5582366,13.21546,3600,4.811594,100,100,51.4,8.937198,Very Low,75.5,6.355935,100,1739186100,Very Low,9.633085,6.8510075,Very Low,6.062216,42.9,5.362319,100,1739186100,5.362319
2025-03-14T02:18:12Z,236,29.646,74.0,43,3276.7,255,255,32767,255,655.35,255,32767,0.3,2054-1-18,0.1,0.35,23.67,0.0,0.0,0.0,0,0.908203125,6,190,07:20,19:15,2025-03-14 02:18:12.128127,Marina di Stabia,31.1,6.639279,14.05905,5.7798514,10.930394,EU EEA Common AQI,73.8,6.5582366,13.21546,3600,4.811594,100,100,51.4,8.937198,Very Low,75.5,6.355935,100,1739186100,Very Low,9.633085,6.8510075,Very Low,6.062216,42.9,5.362319,100,1739186100,5.362319
2025-03-14T02:18:23Z,236,29.646,74.0,43,3276.7,255,255,32767,255,655.35,255,32767,0.3,2054-1-18,0.1,0.35,23.67,0.0,0.0,0.0,0,0.908203125,6,190,07:20,19:15,2025-03-14 02:18:23.495120,Marina di Stabia,31.1,6.639279,14.05905,5.7798514,10.930394,EU EEA Common AQI,73.8,6.5582366,13.21546,3600,4.811594,100,100,51.4,8.937198,Very Low,75.5,6.355935,100,1739186100,Very Low,9.633085,6.8510075,Very Low,6.062216,42.9,5.362319,100,1739186100,5.362319
2025-03-14T02:18:35Z,236,29.646,74.0,43,3276.7,255,255,32767,255,655.35,255,32767,0.3,2054-1-18,0.1,0.35,23.67,0.0,0.0,0.0,0,0.908203125,6,190,07:20,19:15,2025-03-14 02:18:35.268114,Marina di Stabia,31.1,6.639279,14.05905,5.7798514,10.930394,EU EEA Common AQI,73.8,6.5582366,13.21546,3600,4.811594,100,100,51.4,8.937198,Very Low,75.5,6.355935,100,1739186100,Very Low,9.633085,6.8510075,Very Low,6.062216,42.9,5.362319,100,1739186100,5.362319
2025-03-14T02:18:49Z,236,29.646,74.0,43,3276.7,255,255,32767,255,655.35,255,32767,0.3,2054-1-18,0.1,0.35,23.67,0.0,0.0,0.0,0,0.908203125,6,190,07:20,19:15,2025-03-14 02:18:49.002166,Marina di Stabia,31.1,6.639279,14.05905,5.7798514,10.930394,EU EEA Common AQI,73.8,6.5582366,13.21546,3600,4.811594,100,100,51.4,8.937198,Very Low,75.5,6.355935,100,1739186100,Very Low,9.633085,6.8510075,Very Low,6.062216,42.9,5.362319,100,1739186100,5.362319
2025-03-14T02:19:01Z,236,29.642,73.9,43,3276.7,255,255,32767,255,655.35,255,32767,0.3,2054-1-18,0.1,0.35,23.67,0.0,0.0,0.0,0,0.908203125,6,190,07:20,19:15,2025-03-14 02:19:00.971124,Marina di Stabia,31.1,6.639279,14.05905,5.7798514,10.930394,EU EEA Common AQI,73.8,6.5582366,13.21546,3600,4.811594,100,100,51.4,8.937198,Very Low,75.5,6.355935,100,1739186100,Very Low,9.633085,6.8510075,Very Low,6.062216,42.9,5.362319,100,1739186100,5.362319
2025-03-14T02:19:12Z,236,29.642,73.9,43,3276.7,255,255,32767,255,655.35,255,32767,0.3,2054-1-18,0.1,0.35,23.67,0.0,0.0,0.0,0,0.908203125,6,190,07:20,19:15,2025-03-14 02:19:12.600129,Marina di Stabia,31.1,6.639279,14.05905,5.7798514,10.930394,EU EEA Common AQI,73.8,6.5582366,13.21546,3600,4.811594,100,100,51.4,8.937198,Very Low,75.5,6.355935,100,1739186100,Very Low,9.633085,6.8510075,Very Low,6.062216,42.9,5.362319,100,1739186100,5.362319
2025-03-14T02:19:25Z,236,29.642,73.9,43,3276.7,255,255,32767,255,655.35,255,32767,0.3,2054-1-18,0.1,0.35,23.67,0.0,0.0,0.0,0,0.908203125,6,190,07:20,19:15,2025-03-14 02:19:25.139091,Marina di Stabia,31.1,6.639279,14.05905,5.7798514,10.930394,EU EEA Common AQI,73.8,6.5582366,13.21546,3600,4.811594,100,100,51.4,8.937198,Very Low,75.5,6.355935,100,1739186100,Very Low,9.633085,6.8510075,Very Low,6.062216,42.9,5.362319,100,1739186100,5.362319
2025-03-14T02:19:38Z,236,29.642,73.9,43,3276.7,255,255,32767,255,655.35,255,32767,0.3,2054-1-18,0.1,0.35,23.67,0.0,0.0,0.0,0,0.908203125,6,190,07:20,19:15,2025-03-14 02:19:38.199126,Marina di Stabia,31.1,6.639279,14.05905,5.7798514,10.930394,EU EEA Common AQI,73.8,6.5582366,13.21546,3600,4.811594,100,100,51.4,8.937198,Very Low,75.5,6.355935,100,1739186100,Very Low,9.633085,6.8510075,Very Low,6.062216,42.9,5.362319,100,1739186100,5.362319
2025-03-14T02:19:53Z,236,29.642,73.9,43,3276.7,255,255,32767,255,655.35,255,32767,0.3,2054-1-18,0.1,0.35,23.67,0.0,0.0,0.0,0,0.908203125,6,190,07:20,19:15,2025-03-14 02:19:53.269089,Marina di Stabia,31.1,6.639279,14.05905,5.7798514,10.930394,EU EEA Common AQI,73.8,6.5582366,13.21546,3600,4.811594,100,100,51.4,8.937198,Very Low,75.5,6.355935,100,1739186100,Very Low,9.633085,6.8510075,Very Low,6.062216,42.9,5.362319,100,1739186100,5.362319
2025-03-14T02:20:05Z,236,29.645,73.9,43,3276.7,255,255,32767,255,655.35,255,32767,0.3,2054-1-18,0.1,0.35,23.67,0.0,0.0,0.0,0,0.908203125,6,190,07:20,19:15,2025-03-14 02:20:05.266086,Marina di Stabia,31.1,6.639279,14.05905,5.7798514,10.930394,EU EEA Common AQI,73.8,6.5582366,13.21546,3600,4.811594,100,100,51.4,8.937198,Very Low,75.5,6.355935,100,1739186100,Very Low,9.633085,6.8510075,Very Low,6.062216,42.9,5.362319,100,1739186100,5.362319
2025-03-14T02:20:17Z,236,29.645,73.9,43,3276.7,255,255,32767,255,655.35,255,32767,0.3,2054-1-18,0.1,0.35,23.67,0.0,0.0,0.0,0,0.908203125,6,190,07:20,19:15,2025-03-14 02:20:17.499125,Marina di Stabia,31.1,6.639279,14.05905,5.7798514,10.930394,EU EEA Common AQI,73.8,6.5582366,13.21546,3600,4.811594,100,100,51.4,8.937198,Very Low,75.5,6.355935,100,1739186100,Very Low,9.633085,6.8510075,Very Low,6.062216,42.9,5.362319,100,1739186100,5.362319
2025-03-14T02:20:32Z,236,29.645,73.9,43,3276.7,255,255,32767,255,655.35,255,32767,0.3,2054-1-18,0.1,0.35,23.67,0.0,0.0,0.0,0,0.908203125,6,190,07:20,19:15,2025-03-14 02:20:31.969121,Marina di Stabia,31.1,6.639279,14.05905,5.7798514,10.930394,EU EEA Common AQI,73.8,6.5582366,13.21546,3600,4.811594,100,100,51.4,8.937198,Very Low,75.5,6.355935,100,1739186100,Very Low,9.633085,6.8510075,Very Low,6.062216,42.9,5.362319,100,1739186100,5.362319
2025-03-14T02:20:45Z,236,29.645,73.9,43,3276.7,255,255,32767,255,655.35,255,32767,0.3,2054-1-18,0.1,0.35,23.67,0.0,0.0,0.0,0,0.908203125,6,190,07:20,19:15,2025-03-14 02:20:45.006122,Marina di Stabia,31.1,6.639279,14.05905,5.7798514,10.930394,EU EEA Common AQI,73.8,6.5582366,13.21546,3600,4.811594,100,100,51.4,8.937198,Very Low,75.5,6.355935,100,1739186100,Very Low,9.633085,6.8510075,Very Low,6.062216,42.9,5.362319,100,1739186100,5.362319
2025-03-14T02:20:57Z,236,29.645,73.9,44,3276.7,255,255,32767,255,655.35,255,32767,0.3,2054-1-18,0.1,0.35,23.67,0.0,0.0,0.0,0,0.9375,6,190,07:20,19:15,2025-03-14 02:20:57.539123,Marina di Stabia,31.1,6.639279,14.05905,5.7798514,10.930394,EU EEA Common AQI,73.8,6.5582366,13.21546,3600,4.811594,100,100,51.4,8.937198,Very Low,75.5,6.355935,100,1739186100,Very Low,9.633085,6.8510075,Very Low,6.062216,42.9,5.362319,100,1739186100,5.362319
2025-03-14T02:21:09Z,236,29.645,73.9,44,3276.7,255,255,32767,255,655.35,255,32767,0.3,2054-1-18,0.1,0.35,23.67,0.0,0.0,0.0,0,0.9375,6,190,07:20,19:15,2025-03-14 02:21:09.344131,Marina di Stabia,31.1,6.639279,14.05905,5.7798514,10.930394,EU EEA Common AQI,73.8,6.5582366,13.21546,3600,4.811594,100,100,51.4,8.937198,Very Low,75.5,6.355935,100,1739186100,Very Low,9.633085,6.8510075,Very Low,6.062216,42.9,5.362319,100,1739186100,5.362319
2025-03-14T02:21:24Z,236,29.645,73.9,44,3276.7,255,255,32767,255,655.35,255,32767,0.3,2054-1-18,0.1,0.35,23.67,0.0,0.0,0.0,0,0.9375,6,190,07:20,19:15,2025-03-14 02:21:23.819132,Marina di Stabia,31.1,6.639279,14.05905,5.7798514,10.930394,EU EEA Common AQI,73.8,6.5582366,13.21546,3600,4.811594,100,100,51.4,8.937198,Very Low,75.5,6.355935,100,1739186100,Very Low,9.633085,6.8510075,Very Low,6.062216,42.9,5.362319,100,1739186100,5.362319
2025-03-14T02:21:36Z,236,29.645,73.9,44,3276.7,255,255,32767,255,655.35,255,32767,0.3,2054-1-18,0.1,0.35,23.67,0.0,0.0,0.0,0,0.9375,6,190,07:20,19:15,2025-03-14 02:21:36.503120,Marina di Stabia,31.1,6.639279,14.05905,5.7798514,10.930394,EU EEA Common AQI,73.8,6.5582366,13.21546,3600,4.811594,100,100,51.4,8.937198,Very Low,75.5,6.355935,100,1739186100,Very Low,9.633085,6.8510075,Very Low,6.062216,42.9,5.362319,100,1739186100,5.362319
2025-03-14T02:21:49Z,236,29.645,73.9,44,3276.7,255,255,32767,255,655.35,255,32767,0.3,2054-1-18,0.1,0.35,23.67,0.0,0.0,0.0,0,0.9375,6,190,07:20,19:15,2025-03-14 02:21:49.128125,Marina di Stabia,31.1,6.639279,14.05905,5.7798514,10.930394,EU EEA Common AQI,73.8,6.5582366,13.21546,3600,4.811594,100,100,51.4,8.937198,Very Low,75.5,6.355935,100,1739186100,Very Low,9.633085,6.8510075,Very Low,6.062216,42.9,5.362319,100,1739186100,5.362319
2025-03-14T02:22:02Z,236,29.643,73.9,43,3276.7,255,255,32767,255,655.35,255,32767,0.3,2054-1-18,0.1,0.35,23.67,0.0,0.0,0.0,0,0.908203125,6,190,07:20,19:15,2025-03-14 02:22:01.837129,Marina di Stabia,31.1,6.639279,14.05905,5.7798514,10.930394,EU EEA Common AQI,73.8,6.5582366,13.21546,3600,4.811594,100,100,51.4,8.937198,Very Low,75.5,6.355935,100,1739186100,Very Low,9.633085,6.8510075,Very Low,6.062216,42.9,5.362319,100,1739186100,5.362319
2025-03-14T02:22:15Z,236,29.643,73.9,43,3276.7,255,255,32767,255,655.35,255,32767,0.3,2054-1-18,0.1,0.35,23.67,0.0,0.0,0.0,0,0.908203125,6,190,07:20,19:15,2025-03-14 02:22:15.556121,Marina di Stabia,31.1,6.639279,14.05905,5.7798514,10.930394,EU EEA Common AQI,73.8,6.5582366,13.21546,3600,4.811594,100,100,51.4,8.937198,Very Low,75.5,6.355935,100,1739186100,Very Low,9.633085,6.8510075,Very Low,6.062216,42.9,5.362319,100,1739186100,5.362319
2025-03-14T02:22:28Z,236,29.643,73.9,43,3276.7,255,255,32767,255,655.35,255,32767,0.3,2054-1-18,0.1,0.35,23.67,0.0,0.0,0.0,0,0.908203125,6,190,07:20,19:15,2025-03-14 02:22:28.130126,Marina di Stabia,31.1,6.639279,14.05905,5.7798514,10.930394,EU EEA Common AQI,73.8,6.5582366,13.21546,3600,4.811594,100,100,51.4,8.937198,Very Low,75.5,6.355935,100,1739186100,Very Low,9.633085,6.8510075,Very Low,6.062216,42.9,5.362319,100,1739186100,5.362319
2025-03-14T02:22:40Z,236,29.643,73.9,43,3276.7,255,255,32767,255,655.35,255,32767,0.3,2054-1-18,0.1,0.35,23.67,0.0,0.0,0.0,0,0.908203125,6,190,07:20,19:15,2025-03-14 02:22:40.368122,Marina di Stabia,31.1,6.639279,14.05905,5.7798514,10.930394,EU EEA Common AQI,73.8,6.5582366,13.21546,3600,4.811594,100,100,51.4,8.937198,Very Low,75.5,6.355935,100,1739186100,Very Low,9.633085,6.8510075,Very Low,6.062216,42.9,5.362319,100,1739186100,5.362319
2025-03-14T02:22:57Z,236,29.643,73.9,43,3276.7,255,255,32767,255,655.35,255,32767,0.3,2054-1-18,0.1,0.35,23.67,0.0,0.0,0.0,0,0.908203125,6,190,07:20,19:15,2025-03-14 02:22:56.907092,Marina di Stabia,31.1,6.639279,14.05905,5.7798514,10.930394,EU EEA Common AQI,73.8,6.5582366,13.21546,3600,4.811594,100,100,51.4,8.937198,Very Low,75.5,6.355935,100,1739186100,Very Low,9.633085,6.8510075,Very Low,6.062216,42.9,5.362319,100,1739186100,5.362319
2025-03-14T02:23:09Z,236,29.644,74.0,43,3276.7,255,255,32767,255,655.35,255,32767,0.3,2054-1-18,0.1,0.35,23.67,0.0,0.0,0.0,0,1.810546875,6,190,07:20,19:15,2025-03-14 02:23:09.318120,Marina di Stabia,31.1,6.639279,14.05905,5.7798514,10.930394,EU EEA Common AQI,73.8,6.5582366,13.21546,3600,4.811594,100,100,51.4,8.937198,Very Low,75.5,6.355935,100,1739186100,Very Low,9.633085,6.8510075,Very Low,6.062216,42.9,5.362319,100,1739186100,5.362319
2025-03-14T02:23:21Z,236,29.644,74.0,43,3276.7,255,255,32767,255,655.35,255,32767,0.3,2054-1-18,0.1,0.35,23.67,0.0,0.0,0.0,0,1.810546875,6,190,07:20,19:15,2025-03-14 02:23:21.532116,Marina di Stabia,31.1,6.639279,14.05905,5.7798514,10.930394,EU EEA Common AQI,73.8,6.5582366,13.21546,3600,4.811594,100,100,51.4,8.937198,Very Low,75.5,6.355935,100,1739186100,Very Low,9.633085,6.8510075,Very Low,6.062216,42.9,5.362319,100,1739186100,5.362319
2025-03-14T02:23:34Z,236,29.644,74.0,43,3276.7,255,255,32767,255,655.35,255,32767,0.3,2054-1-18,0.1,0.35,23.67,0.0,0.0,0.0,0,1.810546875,6,190,07:20,19:15,2025-03-14 02:23:33.976125,Marina di Stabia,31.1,6.639279,14.05905,5.7798514,10.930394,EU EEA Common AQI,73.8,6.5582366,13.21546,3600,4.811594,100,100,51.4,8.937198,Very Low,75.5,6.355935,100,1739186100,Very Low,9.633085,6.8510075,Very Low,6.062216,42.9,5.362319,100,1739186100,5.362319
2025-03-14T02:23:45Z,236,29.644,74.0,43,3276.7,255,255,32767,255,655.35,255,32767,0.3,2054-1-18,0.1,0.35,23.67,0.0,0.0,0.0,0,1.810546875,6,190,07:20,19:15,2025-03-14 02:23:45.747128,Marina di Stabia,31.1,6.639279,14.05905,5.7798514,10.930394,EU EEA Common AQI,73.8,6.5582366,13.21546,3600,4.811594,100,100,51.4,8.937198,Very Low,75.5,6.355935,100,1739186100,Very Low,9.633085,6.8510075,Very Low,6.062216,42.9,5.362319,100,1739186100,5.362319
2025-03-14T02:23:59Z,236,29.644,74.0,43,3276.7,255,255,32767,255,655.35,255,32767,0.3,2054-1-18,0.1,0.35,23.67,0.0,0.0,0.0,0,1.810546875,6,190,07:20,19:15,2025-03-14 02:23:59.483123,Marina di Stabia,31.1,6.639279,14.05905,5.7798514,10.930394,EU EEA Common AQI,73.8,6.5582366,13.21546,3600,4.811594,100,100,51.4,8.937198,Very Low,75.5,6.355935,100,1739186100,Very Low,9.633085,6.8510075,Very Low,6.062216,42.9,5.362319,100,1739186100,5.362319
2025-03-14T02:24:12Z,236,29.644,74.2,43,3276.7,255,255,32767,255,655.35,255,32767,0.3,2054-1-18,0.1,0.35,23.67,0.0,0.0,0.0,0,1.828125,6,190,07:20,19:15,2025-03-14 02:24:12.775132,Marina di Stabia,31.1,6.639279,14.05905,5.7798514,10.930394,EU EEA Common AQI,73.8,6.5582366,13.21546,3600,4.811594,100,100,51.4,8.937198,Very Low,75.5,6.355935,100,1739186100,Very Low,9.633085,6.8510075,Very Low,6.062216,42.9,5.362319,100,1739186100,5.362319
2025-03-14T02:24:24Z,236,29.644,74.2,43,3276.7,255,255,32767,255,655.35,255,32767,0.3,2054-1-18,0.1,0.35,23.67,0.0,0.0,0.0,0,1.828125,6,190,07:20,19:15,2025-03-14 02:24:24.301126,Marina di Stabia,31.1,6.639279,14.05905,5.7798514,10.930394,EU EEA Common AQI,73.8,6.5582366,13.21546,3600,4.811594,100,100,51.4,8.937198,Very Low,75.5,6.355935,100,1739186100,Very Low,9.633085,6.8510075,Very Low,6.062216,42.9,5.362319,100,1739186100,5.362319
2025-03-14T02:24:39Z,236,29.644,74.2,43,3276.7,255,255,32767,255,655.35,255,32767,0.3,2054-1-18,0.1,0.35,23.67,0.0,0.0,0.0,0,1.828125,6,190,07:20,19:15,2025-03-14 02:24:39.512132,Marina di Stabia,31.1,6.639279,14.05905,5.7798514,10.930394,EU EEA Common AQI,73.8,6.5582366,13.21546,3600,4.811594,100,100,51.4,8.937198,Very Low,75.5,6.355935,100,1739186100,Very Low,9.633085,6.8510075,Very Low,6.062216,42.9,5.362319,100,1739186100,5.362319
2025-03-14T02:24:51Z,236,29.644,74.2,43,3276.7,255,255,32767,255,655.35,255,32767,0.3,2054-1-18,0.1,0.35,23.67,0.0,0.0,0.0,0,1.828125,6,190,07:20,19:15,2025-03-14 02:24:51.311116,Marina di Stabia,31.1,6.639279,14.05905,5.7798514,10.930394,EU EEA Common AQI,73.8,6.5582366,13.21546,3600,4.811594,100,100,51.4,8.937198,Very Low,75.5,6.355935,100,1739186100,Very Low,9.633085,6.8510075,Very Low,6.062216,42.9,5.362319,100,1739186100,5.362319
2025-03-14T02:25:02Z,236,29.645,74.2,43,3276.7,255,255,32767,255,655.35,255,32767,0.3,2054-1-18,0.1,0.35,23.67,0.0,0.0,0.0,0,0.908203125,6,190,07:20,19:15,2025-03-14 02:25:02.713126,Marina di Stabia,31.1,6.639279,14.05905,5.7798514,10.930394,EU EEA Common AQI,73.8,6.5582366,13.21546,3600,4.811594,100,100,51.4,8.937198,Very Low,75.5,6.355935,100,1739186100,Very Low,9.633085,6.8510075,Very Low,6.062216,42.9,5.362319,100,1739186100,5.362319
2025-03-14T02:25:17Z,236,29.645,74.2,43,3276.7,255,255,32767,255,655.35,255,32767,0.3,2054-1-18,0.1,0.35,23.67,0.0,0.0,0.0,0,0.908203125,6,190,07:20,19:15,2025-03-14 02:25:17.094128,Marina di Stabia,31.1,6.639279,14.05905,5.7798514,10.930394,EU EEA Common AQI,73.8,6.5582366,13.21546,3600,4.811594,100,100,51.4,8.937198,Very Low,75.5,6.355935,100,1739186100,Very Low,9.633085,6.8510075,Very Low,6.062216,42.9,5.362319,100,1739186100,5.362319
2025-03-14T02:25:33Z,236,29.645,74.2,43,3276.7,255,255,32767,255,655.35,255,32767,0.3,2054-1-18,0.1,0.35,23.67,0.0,0.0,0.0,0,0.908203125,6,190,07:20,19:15,2025-03-14 02:25:32.976138,Marina di Stabia,31.1,6.639279,14.05905,5.7798514,10.930394,EU EEA Common AQI,73.8,6.5582366,13.21546,3600,4.811594,100,100,51.4,8.937198,Very Low,75.5,6.355935,100,1739186100,Very Low,9.633085,6.8510075,Very Low,6.062216,42.9,5.362319,100,1739186100,5.362319
2025-03-14T02:25:44Z,236,29.645,74.2,43,3276.7,255,255,32767,255,655.35,255,32767,0.3,2054-1-18,0.1,0.35,23.67,0.0,0.0,0.0,0,0.908203125,6,190,07:20,19:15,2025-03-14 02:25:44.064116,Marina di Stabia,31.1,6.639279,14.05905,5.7798514,10.930394,EU EEA Common AQI,73.8,6.5582366,13.21546,3600,4.811594,100,100,51.4,8.937198,Very Low,75.5,6.355935,100,1739186100,Very Low,9.633085,6.8510075,Very Low,6.062216,42.9,5.362319,100,1739186100,5.362319
2025-03-14T02:25:55Z,236,29.645,74.2,43,3276.7,255,255,32767,255,655.35,255,32767,0.3,2054-1-18,0.1,0.35,23.67,0.0,0.0,0.0,0,0.908203125,6,190,07:20,19:15,2025-03-14 02:25:55.146118,Marina di Stabia,31.1,6.639279,14.05905,5.7798514,10.930394,EU EEA Common AQI,73.8,6.5582366,13.21546,3600,4.811594,100,100,51.4,8.937198,Very Low,75.5,6.355935,100,1739186100,Very Low,9.633085,6.8510075,Very Low,6.062216,42.9,5.362319,100,1739186100,5.362319
2025-03-14T02:26:06Z,236,29.646,74.2,43,3276.7,255,255,32767,255,655.35,255,32767,0.3,2054-1-18,0.1,0.35,23.67,0.0,0.0,0.0,0,0.908203125,6,190,07:20,19:15,2025-03-14 02:26:06.503145,Marina di Stabia,31.1,6.639279,14.05905,5.7798514,10.930394,EU EEA Common AQI,73.8,6.5582366,13.21546,3600,4.811594,100,100,51.4,8.937198,Very Low,75.5,6.355935,100,1739186100,Very Low,9.633085,6.8510075,Very Low,6.062216,42.9,5.362319,100,1739186100,5.362319
2025-03-14T02:26:18Z,236,29.646,74.2,43,3276.7,255,255,32767,255,655.35,255,32767,0.3,2054-1-18,0.1,0.35,23.67,0.0,0.0,0.0,0,0.908203125,6,190,07:20,19:15,2025-03-14 02:26:17.921129,Marina di Stabia,31.1,6.639279,14.05905,5.7798514,10.930394,EU EEA Common AQI,73.8,6.5582366,13.21546,3600,4.811594,100,100,51.4,8.937198,Very Low,75.5,6.355935,100,1739186100,Very Low,9.633085,6.8510075,Very Low,6.062216,42.9,5.362319,100,1739186100,5.362319
2025-03-14T02:26:29Z,236,29.646,74.2,43,3276.7,255,255,32767,255,655.35,255,32767,0.3,2054-1-18,0.1,0.35,23.67,0.0,0.0,0.0,0,0.908203125,6,190,07:20,19:15,2025-03-14 02:26:29.243108,Marina di Stabia,31.1,6.639279,14.05905,5.7798514,10.930394,EU EEA Common AQI,73.8,6.5582366,13.21546,3600,4.811594,100,100,51.4,8.937198,Very Low,75.5,6.355935,100,1739186100,Very Low,9.633085,6.8510075,Very Low,6.062216,42.9,5.362319,100,1739186100,5.362319
2025-03-14T02:26:40Z,236,29.646,74.2,43,3276.7,255,255,32767,255,655.35,255,32767,0.3,2054-1-18,0.1,0.35,23.67,0.0,0.0,0.0,0,0.908203125,6,190,07:20,19:15,2025-03-14 02:26:40.587122,Marina di Stabia,31.1,6.639279,14.05905,5.7798514,10.930394,EU EEA Common AQI,73.8,6.5582366,13.21546,3600,4.811594,100,100,51.4,8.937198,Very Low,75.5,6.355935,100,1739186100,Very Low,9.633085,6.8510075,Very Low,6.062216,42.9,5.362319,100,1739186100,5.362319
2025-03-14T02:26:52Z,236,29.646,74.2,43,3276.7,255,255,32767,255,655.35,255,32767,0.3,2054-1-18,0.1,0.35,23.67,0.0,0.0,0.0,0,0.908203125,6,190,07:20,19:15,2025-03-14 02:26:51.957136,Marina di Stabia,31.1,6.639279,14.05905,5.7798514,10.930394,EU EEA Common AQI,73.8,6.5582366,13.21546,3600,4.811594,100,100,51.4,8.937198,Very Low,75.5,6.355935,100,1739186100,Very Low,9.633085,6.8510075,Very Low,6.062216,42.9,5.362319,100,1739186100,5.362319
2025-03-14T02:27:03Z,236,29.646,74.0,43,3276.7,255,255,32767,255,655.35,255,32767,0.3,2054-1-18,0.1,0.35,23.67,0.0,0.0,0.0,0,0.908203125,6,190,07:20,19:15,2025-03-14 02:27:03.357126,Marina di Stabia,31.1,6.639279,14.05905,5.7798514,10.930394,EU EEA Common AQI,73.8,6.5582366,13.21546,3600,4.811594,100,100,51.4,8.937198,Very Low,75.5,6.355935,100,1739186100,Very Low,9.633085,6.8510075,Very Low,6.062216,42.9,5.362319,100,1739186100,5.362319
2025-03-14T02:27:14Z,236,29.646,74.0,43,3276.7,255,255,32767,255,655.35,255,32767,0.3,2054-1-18,0.1,0.35,23.67,0.0,0.0,0.0,0,0.908203125,6,190,07:20,19:15,2025-03-14 02:27:14.697135,Marina di Stabia,31.1,6.639279,14.05905,5.7798514,10.930394,EU EEA Common AQI,73.8,6.5582366,13.21546,3600,4.811594,100,100,51.4,8.937198,Very Low,75.5,6.355935,100,1739186100,Very Low,9.633085,6.8510075,Very Low,6.062216,42.9,5.362319,100,1739186100,5.362319
2025-03-14T02:27:26Z,236,29.646,74.0,43,3276.7,255,255,32767,255,655.35,255,32767,0.3,2054-1-18,0.1,0.35,23.67,0.0,0.0,0.0,0,0.908203125,6,190,07:20,19:15,2025-03-14 02:27:26.040131,Marina di Stabia,31.1,6.639279,14.05905,5.7798514,10.930394,EU EEA Common AQI,73.8,6.5582366,13.21546,3600,4.811594,100,100,51.4,8.937198,Very Low,75.5,6.355935,100,1739186100,Very Low,9.633085,6.8510075,Very Low,6.062216,42.9,5.362319,100,1739186100,5.362319
2025-03-14T02:27:37Z,236,29.646,74.0,43,3276.7,255,255,32767,255,655.35,255,32767,0.3,2054-1-18,0.1,0.35,23.67,0.0,0.0,0.0,0,0.908203125,6,190,07:20,19:15,2025-03-14 02:27:37.368121,Marina di Stabia,31.1,6.639279,14.05905,5.7798514,10.930394,EU EEA Common AQI,73.8,6.5582366,13.21546,3600,4.811594,100,100,51.4,8.937198,Very Low,75.5,6.355935,100,1739186100,Very Low,9.633085,6.8510075,Very Low,6.062216,42.9,5.362319,100,1739186100,5.362319
2025-03-14T02:27:48Z,236,29.646,74.0,43,3276.7,255,255,32767,255,655.35,255,32767,0.3,2054-1-18,0.1,0.35,23.67,0.0,0.0,0.0,0,0.908203125,6,190,07:20,19:15,2025-03-14 02:27:48.780134,Marina di Stabia,31.1,6.639279,14.05905,5.7798514,10.930394,EU EEA Common AQI,73.8,6.5582366,13.21546,3600,4.811594,100,100,51.4,8.937198,Very Low,75.5,6.355935,100,1739186100,Very Low,9.633085,6.8510075,Very Low,6.062216,42.9,5.362319,100,1739186100,5.362319
2025-03-14T02:28:00Z,236,29.649,74.0,43,3276.7,255,255,32767,255,655.35,255,32767,0.3,2054-1-18,0.1,0.35,23.67,0.0,0.0,0.0,0,0.908203125,6,190,07:20,19:15,2025-03-14 02:28:00.208165,Marina di Stabia,31.1,6.639279,14.05905,5.7798514,10.930394,EU EEA Common AQI,73.8,6.5582366,13.21546,3600,4.811594,100,100,51.4,8.937198,Very Low,75.5,6.355935,100,1739186100,Very Low,9.633085,6.8510075,Very Low,6.062216,42.9,5.362319,100,1739186100,5.362319
2025-03-14T02:28:11Z,236,29.649,74.0,43,3276.7,255,255,32767,255,655.35,255,32767,0.3,2054-1-18,0.1,0.35,23.67,0.0,0.0,0.0,0,0.908203125,6,190,07:20,19:15,2025-03-14 02:28:11.555124,Marina di Stabia,31.1,6.639279,14.05905,5.7798514,10.930394,EU EEA Common AQI,73.8,6.5582366,13.21546,3600,4.811594,100,100,51.4,8.937198,Very Low,75.5,6.355935,100,1739186100,Very Low,9.633085,6.8510075,Very Low,6.062216,42.9,5.362319,100,1739186100,5.362319
2025-03-14T02:28:23Z,236,29.649,74.0,43,3276.7,255,255,32767,255,655.35,255,32767,0.3,2054-1-18,0.1,0.35,23.67,0.0,0.0,0.0,0,0.908203125,6,190,07:20,19:15,2025-03-14 02:28:22.882105,Marina di Stabia,31.1,6.639279,14.05905,5.7798514,10.930394,EU EEA Common AQI,73.8,6.5582366,13.21546,3600,4.811594,100,100,51.4,8.937198,Very Low,75.5,6.355935,100,1739186100,Very Low,9.633085,6.8510075,Very Low,6.062216,42.9,5.362319,100,1739186100,5.362319
2025-03-14T02:28:34Z,236,29.649,74.0,43,3276.7,255,255,32767,255,655.35,255,32767,0.3,2054-1-18,0.1,0.35,23.67,0.0,0.0,0.0,0,0.908203125,6,190,07:20,19:15,2025-03-14 02:28:34.228112,Marina di Stabia,31.1,6.639279,14.05905,5.7798514,10.930394,EU EEA Common AQI,73.8,6.5582366,13.21546,3600,4.811594,100,100,51.4,8.937198,Very Low,75.5,6.355935,100,1739186100,Very Low,9.633085,6.8510075,Very Low,6.062216,42.9,5.362319,100,1739186100,5.362319
2025-03-14T02:28:45Z,236,29.649,74.0,43,3276.7,255,255,32767,255,655.35,255,32767,0.3,2054-1-18,0.1,0.35,23.67,0.0,0.0,0.0,0,0.908203125,6,190,07:20,19:15,2025-03-14 02:28:45.582129,Marina di Stabia,31.1,6.639279,14.05905,5.7798514,10.930394,EU EEA Common AQI,73.8,6.5582366,13.21546,3600,4.811594,100,100,51.4,8.937198,Very Low,75.5,6.355935,100,1739186100,Very Low,9.633085,6.8510075,Very Low,6.062216,42.9,5.362319,100,1739186100,5.362319
2025-03-14T02:28:57Z,236,29.651,74.0,43,3276.7,255,255,32767,255,655.35,255,32767,0.3,2054-1-18,0.1,0.35,23.67,0.0,0.0,0.0,0,0.908203125,6,190,07:20,19:15,2025-03-14 02:28:56.951120,Marina di Stabia,31.1,6.639279,14.05905,5.7798514,10.930394,EU EEA Common AQI,73.8,6.5582366,13.21546,3600,4.811594,100,100,51.4,8.937198,Very Low,75.5,6.355935,100,1739186100,Very Low,9.633085,6.8510075,Very Low,6.062216,42.9,5.362319,100,1739186100,5.362319
2025-03-14T02:29:08Z,236,29.651,74.0,43,3276.7,255,255,32767,255,655.35,255,32767,0.3,2054-1-18,0.1,0.35,23.67,0.0,0.0,0.0,0,0.908203125,6,190,07:20,19:15,2025-03-14 02:29:08.378118,Marina di Stabia,31.1,6.639279,14.05905,5.7798514,10.930394,EU EEA Common AQI,73.8,6.5582366,13.21546,3600,4.811594,100,100,51.4,8.937198,Very Low,75.5,6.355935,100,1739186100,Very Low,9.633085,6.8510075,Very Low,6.062216,42.9,5.362319,100,1739186100,5.362319
2025-03-14T02:29:19Z,236,29.651,74.0,43,3276.7,255,255,32767,255,655.35,255,32767,0.3,2054-1-18,0.1,0.35,23.67,0.0,0.0,0.0,0,0.908203125,6,190,07:20,19:15,2025-03-14 02:29:19.763126,Marina di Stabia,31.1,6.639279,14.05905,5.7798514,10.930394,EU EEA Common AQI,73.8,6.5582366,13.21546,3600,4.811594,100,100,51.4,8.937198,Very Low,75.5,6.355935,100,1739186100,Very Low,9.633085,6.8510075,Very Low,6.062216,42.9,5.362319,100,1739186100,5.362319
2025-03-14T02:29:31Z,236,29.651,74.0,43,3276.7,255,255,32767,255,655.35,255,32767,0.3,2054-1-18,0.1,0.35,23.67,0.0,0.0,0.0,0,0.908203125,6,190,07:20,19:15,2025-03-14 02:29:31.105126,Marina di Stabia,31.1,6.639279,14.05905,5.7798514,10.930394,EU EEA Common AQI,73.8,6.5582366,13.21546,3600,4.811594,100,100,51.4,8.937198,Very Low,75.5,6.355935,100,1739186100,Very Low,9.633085,6.8510075,Very Low,6.062216,42.9,5.362319,100,1739186100,5.362319
2025-03-14T02:29:42Z,236,29.651,74.0,43,3276.7,255,255,32767,255,655.35,255,32767,0.3,2054-1-18,0.1,0.35,23.67,0.0,0.0,0.0,0,0.908203125,6,190,07:20,19:15,2025-03-14 02:29:42.442133,Marina di Stabia,31.1,6.639279,14.05905,5.7798514,10.930394,EU EEA Common AQI,73.8,6.5582366,13.21546,3600,4.811594,100,100,51.4,8.937198,Very Low,75.5,6.355935,100,1739186100,Very Low,9.633085,6.8510075,Very Low,6.062216,42.9,5.362319,100,1739186100,5.362319
2025-03-14T02:29:54Z,236,29.651,74.0,43,3276.7,255,255,32767,255,655.35,255,32767,0.3,2054-1-18,0.1,0.35,23.67,0.0,0.0,0.0,0,0.908203125,6,190,07:20,19:15,2025-03-14 02:29:53.825125,Marina di Stabia,31.1,6.639279,14.05905,5.7798514,10.930394,EU EEA Common AQI,73.8,6.5582366,13.21546,3600,4.811594,100,100,51.4,8.937198,Very Low,75.5,6.355935,100,1739186100,Very Low,9.633085,6.8510075,Very Low,6.062216,42.9,5.362319,100,1739186100,5.362319
2025-03-14T02:30:05Z,236,29.655,74.0,44,3276.7,255,255,32767,255,655.35,255,32767,0.3,2054-1-18,0.1,0.35,23.67,0.0,0.0,0.0,0,0.908203125,6,190,07:20,19:15,2025-03-14 02:30:05.266126,Marina di Stabia,31.1,6.639279,14.05905,5.7798514,10.930394,EU EEA Common AQI,73.8,6.5582366,13.21546,3600,4.811594,100,100,51.4,8.937198,Very Low,75.5,6.355935,100,1739186100,Very Low,9.633085,6.8510075,Very Low,6.062216,42.9,5.362319,100,1739186100,5.362319
2025-03-14T02:30:16Z,236,29.655,74.0,44,3276.7,255,255,32767,255,655.35,255,32767,0.3,2054-1-18,0.1,0.35,23.67,0.0,0.0,0.0,0,0.908203125,6,190,07:20,19:15,2025-03-14 02:30:16.701127,Marina di Stabia,31.1,6.639279,14.05905,5.7798514,10.930394,EU EEA Common AQI,73.8,6.5582366,13.21546,3600,4.811594,100,100,51.4,8.937198,Very Low,75.5,6.355935,100,1739186100,Very Low,9.633085,6.8510075,Very Low,6.062216,42.9,5.362319,100,1739186100,5.362319
2025-03-14T02:30:28Z,236,29.655,74.0,44,3276.7,255,255,32767,255,655.35,255,32767,0.3,2054-1-18,0.1,0.35,23.67,0.0,0.0,0.0,0,0.908203125,6,190,07:20,19:15,2025-03-14 02:30:28.141127,Marina di Stabia,31.1,6.639279,14.05905,5.7798514,10.930394,EU EEA Common AQI,73.8,6.5582366,13.21546,3600,4.811594,100,100,51.4,8.937198,Very Low,75.5,6.355935,100,1739186100,Very Low,9.633085,6.8510075,Very Low,6.062216,42.9,5.362319,100,1739186100,5.362319
2025-03-14T02:30:39Z,236,29.655,74.0,44,3276.7,255,255,32767,255,655.35,255,32767,0.3,2054-1-18,0.1,0.35,23.67,0.0,0.0,0.0,0,0.908203125,6,190,07:20,19:15,2025-03-14 02:30:39.481124,Marina di Stabia
2025-03-14T02:30:51Z,236,29.655,74.0,44,3276.7,255,255,32767,255,655.35,255,32767,0.3,2054-1-18,0.1,0.35,23.67,0.0,0.0,0.0,0,0.908203125,6,190,07:20,19:15,2025-03-14 02:30:50.806133,Marina di Stabia
2025-03-14T02:31:02Z,0,29.658,74.0,44,3276.7,255,255,32767,255,655.35,255,32767,0.3,2054-1-18,0.1,0.35,23.67,0.0,0.0,0.0,0,1.060546875,6,190,07:20,19:15,2025-03-14 02:31:02.155121,Marina di Stabia
2025-03-14T02:31:13Z,0,29.658,74.0,44,3276.7,255,255,32767,255,655.35,255,32767,0.3,2054-1-18,0.1,0.35,23.67,0.0,0.0,0.0,0,1.060546875,6,190,07:20,19:15,2025-03-14 02:31:13.509125,Marina di Stabia
2025-03-14T02:31:25Z,0,29.658,74.0,44,3276.7,255,255,32767,255,655.35,255,32767,0.3,2054-1-18,0.1,0.35,23.67,0.0,0.0,0.0,0,1.060546875,6,190,07:20,19:15,2025-03-14 02:31:24.928110,Marina di Stabia
2025-03-14T02:31:36Z,0,29.658,74.0,44,3276.7,255,255,32767,255,655.35,255,32767,0.3,2054-1-18,0.1,0.35,23.67,0.0,0.0,0.0,0,1.060546875,6,190,07:20,19:15,2025-03-14 02:31:36.360083,Marina di Stabia
2025-03-14T02:31:48Z,0,29.658,74.0,44,3276.7,255,255,32767,255,655.35,255,32767,0.3,2054-1-18,0.1,0.35,23.67,0.0,0.0,0.0,0,1.060546875,6,190,07:20,19:15,2025-03-14 02:31:47.810120,Marina di Stabia
2025-03-14T02:31:59Z,0,29.662,74.0,44,3276.7,255,255,32767,255,655.35,255,32767,0.3,2054-1-18,0.1,0.35,23.67,0.0,0.0,0.0,0,0.908203125,6,190,07:20,19:15,2025-03-14 02:31:59.111124,Marina di Stabia
2025-03-14T02:32:10Z,0,29.662,74.0,44,3276.7,255,255,32767,255,655.35,255,32767,0.3,2054-1-18,0.1,0.35,23.67,0.0,0.0,0.0,0,0.908203125,6,190,07:20,19:15,2025-03-14 02:32:10.424110,Marina di Stabia
2025-03-14T02:32:22Z,0,29.662,74.0,44,3276.7,255,255,32767,255,655.35,255,32767,0.3,2054-1-18,0.1,0.35,23.67,0.0,0.0,0.0,0,0.908203125,6,190,07:20,19:15,2025-03-14 02:32:21.834104,Marina di Stabia
2025-03-14T02:32:33Z,0,29.662,74.0,44,3276.7,255,255,32767,255,655.35,255,32767,0.3,2054-1-18,0.1,0.35,23.67,0.0,0.0,0.0,0,0.908203125,6,190,07:20,19:15,2025-03-14 02:32:33.159125,Marina di Stabia
2025-03-14T02:32:44Z,0,29.662,74.0,44,3276.7,255,255,32767,255,655.35,255,32767,0.3,2054-1-18,0.1,0.35,23.67,0.0,0.0,0.0,0,0.908203125,6,190,07:20,19:15,2025-03-14 02:32:44.478127,Marina di Stabia
2025-03-14T02:32:56Z,0,29.662,74.0,44,3276.7,255,255,32767,255,655.35,255,32767,0.3,2054-1-18,0.1,0.35,23.67,0.0,0.0,0.0,0,0.908203125,6,190,07:20,19:15,2025-03-14 02:32:55.877122,Marina di Stabia
2025-03-14T02:33:07Z,0,29.665,74.0,44,3276.7,255,255,32767,255,655.35,255,32767,0.3,2054-1-18,0.1,0.35,23.67,0.0,0.0,0.0,0,0.9140625,6,190,07:20,19:15,2025-03-14 02:33:07.223125,Marina di Stabia
2025-03-14T02:33:18Z,0,29.665,74.0,44,3276.7,255,255,32767,255,655.35,255,32767,0.3,2054-1-18,0.1,0.35,23.67,0.0,0.0,0.0,0,0.9140625,6,190,07:20,19:15,2025-03-14 02:33:18.533115,Marina di Stabia
2025-03-14T02:33:30Z,0,29.665,74.0,44,3276.7,255,255,32767,255,655.35,255,32767,0.3,2054-1-18,0.1,0.35,23.67,0.0,0.0,0.0,0,0.9140625,6,190,07:20,19:15,2025-03-14 02:33:29.875122,Marina di Stabia
2025-03-14T02:33:41Z,0,29.665,74.0,44,3276.7,255,255,32767,255,655.35,255,32767,0.3,2054-1-18,0.1,0.35,23.67,0.0,0.0,0.0,0,0.9140625,6,190,07:20,19:15,2025-03-14 02:33:41.270117,Marina di Stabia
2025-03-14T02:33:52Z,0,29.665,74.0,44,3276.7,255,255,32767,255,655.35,255,32767,0.3,2054-1-18,0.1,0.35,23.67,0.0,0.0,0.0,0,0.9140625,6,190,07:20,19:15,2025-03-14 02:33:52.606125,Marina di Stabia
2025-03-14T02:34:04Z,0,29.665,73.9,43,3276.7,255,255,32767,255,655.35,255,32767,0.3,2054-1-18,0.1,0.35,23.67,0.0,0.0,0.0,0,0.908203125,6,190,07:20,19:15,2025-03-14 02:34:04.019119,Marina di Stabia
2025-03-14T02:34:15Z,0,29.665,73.9,43,3276.7,255,255,32767,255,655.35,255,32767,0.3,2054-1-18,0.1,0.35,23.67,0.0,0.0,0.0,0,0.908203125,6,190,07:20,19:15,2025-03-14 02:34:15.343122,Marina di Stabia
2025-03-14T02:34:26Z,0,29.665,73.9,43,3276.7,255,255,32767,255,655.35,255,32767,0.3,2054-1-18,0.1,0.35,23.67,0.0,0.0,0.0,0,0.908203125,6,190,07:20,19:15,2025-03-14 02:34:26.750129,Marina di Stabia
2025-03-14T02:34:38Z,0,29.665,73.9,43,3276.7,255,255,32767,255,655.35,255,32767,0.3,2054-1-18,0.1,0.35,23.67,0.0,0.0,0.0,0,0.908203125,6,190,07:20,19:15,2025-03-14 02:34:38.075122,Marina di Stabia
2025-03-14T02:34:49Z,0,29.665,73.9,43,3276.7,255,255,32767,255,655.35,255,32767,0.3,2054-1-18,0.1,0.35,23.67,0.0,0.0,0.0,0,0.908203125,6,190,07:20,19:15,2025-03-14 02:34:49.490124,Marina di Stabia
2025-03-14T02:35:00Z,0,29.665,73.9,43,3276.7,255,255,32767,255,655.35,255,32767,0.3,2054-1-18,0.1,0.35,23.67,0.0,0.0,0.0,0,0.908203125,6,190,07:20,19:15,2025-03-14 02:35:00.790096,Marina di Stabia
2025-03-14T02:35:12Z,0,29.665,73.9,43,3276.7,255,255,32767,255,655.35,255,32767,0.3,2054-1-18,0.1,0.35,23.67,0.0,0.0,0.0,0,0.908203125,6,190,07:20,19:15,2025-03-14 02:35:12.157122,Marina di Stabia
2025-03-14T02:35:23Z,0,29.665,73.9,43,3276.7,255,255,32767,255,655.35,255,32767,0.3,2054-1-18,0.1,0.35,23.67,0.0,0.0,0.0,0,0.908203125,6,190,07:20,19:15,2025-03-14 02:35:23.633122,Marina di Stabia
2025-03-14T02:35:35Z,0,29.665,73.9,43,3276.7,255,255,32767,255,655.35,255,32767,0.3,2054-1-18,0.1,0.35,23.67,0.0,0.0,0.0,0,0.908203125,6,190,07:20,19:15,2025-03-14 02:35:34.938087,Marina di Stabia
2025-03-14T02:35:46Z,0,29.665,73.9,43,3276.7,255,255,32767,255,655.35,255,32767,0.3,2054-1-18,0.1,0.35,23.67,0.0,0.0,0.0,0,0.908203125,6,190,07:20,19:15,2025-03-14 02:35:46.275135,Marina di Stabia
2025-03-14T02:35:57Z,0,29.662,73.9,43,3276.7,255,255,32767,255,655.35,255,32767,0.3,2054-1-18,0.1,0.35,23.67,0.0,0.0,0.0,0,0.908203125,6,190,07:20,19:15,2025-03-14 02:35:57.660138,Marina di Stabia
2025-03-14T02:36:09Z,0,29.662,73.9,43,3276.7,255,255,32767,255,655.35,255,32767,0.3,2054-1-18,0.1,0.35,23.67,0.0,0.0,0.0,0,0.908203125,6,190,07:20,19:15,2025-03-14 02:36:09.012122,Marina di Stabia
2025-03-14T02:36:20Z,0,29.662,73.9,43,3276.7,255,255,32767,255,655.35,255,32767,0.3,2054-1-18,0.1,0.35,23.67,0.0,0.0,0.0,0,0.908203125,6,190,07:20,19:15,2025-03-14 02:36:20.394129,Marina di Stabia
2025-03-14T02:36:31Z,0,29.662,73.9,43,3276.7,255,255,32767,255,655.35,255,32767,0.3,2054-1-18,0.1,0.35,23.67,0.0,0.0,0.0,0,0.908203125,6,190,07:20,19:15,2025-03-14 02:36:31.704124,Marina di Stabia
2025-03-14T02:36:43Z,0,29.662,73.9,43,3276.7,255,255,32767,255,655.35,255,32767,0.3,2054-1-18,0.1,0.35,23.67,0.0,0.0,0.0,0,0.908203125,6,190,07:20,19:15,2025-03-14 02:36:43.010128,Marina di Stabia
2025-03-14T02:36:54Z,0,29.662,73.9,43,3276.7,255,255,32767,255,655.35,255,32767,0.3,2054-1-18,0.1,0.35,23.67,0.0,0.0,0.0,0,0.908203125,6,190,07:20,19:15,2025-03-14 02:36:54.308122,Marina di Stabia
2025-03-14T02:37:05Z,0,29.656,73.9,43,3276.7,255,255,32767,255,655.35,255,32767,0.3,2054-1-18,0.1,0.35,23.67,0.0,0.0,0.0,0,0.908203125,6,190,07:20,19:15,2025-03-14 02:37:05.709130,Marina di Stabia
2025-03-14T02:37:17Z,0,29.656,73.9,43,3276.7,255,255,32767,255,655.35,255,32767,0.3,2054-1-18,0.1,0.35,23.67,0.0,0.0,0.0,0,0.908203125,6,190,07:20,19:15,2025-03-14 02:37:17.021104,Marina di Stabia
2025-03-14T02:37:28Z,0,29.656,73.9,43,3276.7,255,255,32767,255,655.35,255,32767,0.3,2054-1-18,0.1,0.35,23.67,0.0,0.0,0.0,0,0.908203125,6,190,07:20,19:15,2025-03-14 02:37:28.408095,Marina di Stabia
2025-03-14T02:37:39Z,0,29.656,73.9,43,3276.7,255,255,32767,255,655.35,255,32767,0.3,2054-1-18,0.1,0.35,23.67,0.0,0.0,0.0,0,0.908203125,6,190,07:20,19:15,2025-03-14 02:37:39.796114,Marina di Stabia
2025-03-14T02:37:51Z,0,29.656,73.9,43,3276.7,255,255,32767,255,655.35,255,32767,0.3,2054-1-18,0.1,0.35,23.67,0.0,0.0,0.0,0,0.908203125,6,190,07:20,19:15,2025-03-14 02:37:51.208132,Marina di Stabia
2025-03-14T02:38:02Z,0,29.659,73.9,43,3276.7,255,255,32767,255,655.35,255,32767,0.3,2054-1-18,0.1,0.35,23.67,0.0,0.0,0.0,0,0.908203125,6,190,07:20,19:15,2025-03-14 02:38:02.538121,Marina di Stabia
2025-03-14T02:38:14Z,0,29.659,73.9,43,3276.7,255,255,32767,255,655.35,255,32767,0.3,2054-1-18,0.1,0.35,23.67,0.0,0.0,0.0,0,0.908203125,6,190,07:20,19:15,2025-03-14 02:38:13.828132,Marina di Stabia
2025-03-14T02:38:25Z,0,29.659,73.9,43,3276.7,255,255,32767,255,655.35,255,32767,0.3,2054-1-18,0.1,0.35,23.67,0.0,0.0,0.0,0,0.908203125,6,190,07:20,19:15,2025-03-14 02:38:25.142108,Marina di Stabia
2025-03-14T02:38:36Z,0,29.659,73.9,43,3276.7,255,255,32767,255,655.35,255,32767,0.3,2054-1-18,0.1,0.35,23.67,0.0,0.0,0.0,0,0.908203125,6,190,07:20,19:15,2025-03-14 02:38:36.493126,Marina di Stabia
2025-03-14T02:38:48Z,0,29.659,73.9,43,3276.7,255,255,32767,255,655.35,255,32767,0.3,2054-1-18,0.1,0.35,23.67,0.0,0.0,0.0,0,0.908203125,6,190,07:20,19:15,2025-03-14 02:38:47.805120,Marina di Stabia
2025-03-14T02:38:59Z,0,29.657,73.9,44,3276.7,255,255,32767,255,655.35,255,32767,0.3,2054-1-18,0.1,0.35,23.67,0.0,0.0,0.0,0,0.908203125,6,190,07:20,19:15,2025-03-14 02:38:59.245124,Marina di Stabia
2025-03-14T02:39:10Z,0,29.657,73.9,44,3276.7,255,255,32767,255,655.35,255,32767,0.3,2054-1-18,0.1,0.35,23.67,0.0,0.0,0.0,0,0.908203125,6,190,07:20,19:15,2025-03-14 02:39:10.573122,Marina di Stabia
2025-03-14T02:39:22Z,0,29.657,73.9,44,3276.7,255,255,32767,255,655.35,255,32767,0.3,2054-1-18,0.1,0.35,23.67,0.0,0.0,0.0,0,0.908203125,6,190,07:20,19:15,2025-03-14 02:39:21.916083,Marina di Stabia
2025-03-14T02:39:33Z,0,29.657,73.9,44,3276.7,255,255,32767,255,655.35,255,32767,0.3,2054-1-18,0.1,0.35,23.67,0.0,0.0,0.0,0,0.908203125,6,190,07:20,19:15,2025-03-14 02:39:33.243120,Marina di Stabia
2025-03-14T02:39:44Z,0,29.657,73.9,44,3276.7,255,255,32767,255,655.35,255,32767,0.3,2054-1-18,0.1,0.35,23.67,0.0,0.0,0.0,0,0.908203125,6,190,07:20,19:15,2025-03-14 02:39:44.646116,Marina di Stabia
2025-03-14T02:39:56Z,0,29.657,73.9,44,3276.7,255,255,32767,255,655.35,255,32767,0.3,2054-1-18,0.1,0.35,23.67,0.0,0.0,0.0,0,0.908203125,6,190,07:20,19:15,2025-03-14 02:39:56.016124,Marina di Stabia
2025-03-14T02:40:07Z,0,29.655,74.0,44,3276.7,255,255,32767,255,655.35,255,32767,0.3,2054-1-18,0.1,0.35,23.67,0.0,0.0,0.0,0,2.173828125,6,190,07:20,19:15,2025-03-14 02:40:07.485106,Marina di Stabia
2025-03-14T02:40:19Z,0,29.655,74.0,44,3276.7,255,255,32767,255,655.35,255,32767,0.3,2054-1-18,0.1,0.35,23.67,0.0,0.0,0.0,0,2.173828125,6,190,07:20,19:15,2025-03-14 02:40:18.801123,Marina di Stabia
2025-03-14T02:40:30Z,0,29.655,74.0,44,3276.7,255,255,32767,255,655.35,255,32767,0.3,2054-1-18,0.1,0.35,23.67,0.0,0.0,0.0,0,2.173828125,6,190,07:20,19:15,2025-03-14 02:40:30.143124,Marina di Stabia
2025-03-14T02:40:41Z,0,29.655,74.0,44,3276.7,255,255,32767,255,655.35,255,32767,0.3,2054-1-18,0.1,0.35,23.67,0.0,0.0,0.0,0,2.173828125,6,190,07:20,19:15,2025-03-14 02:40:41.532115,Marina di Stabia
2025-03-14T02:40:53Z,0,29.655,74.0,44,3276.7,255,255,32767,255,655.35,255,32767,0.3,2054-1-18,0.1,0.35,23.67,0.0,0.0,0.0,0,2.173828125,6,190,07:20,19:15,2025-03-14 02:40:52.878122,Marina di Stabia
2025-03-14T02:41:04Z,0,29.655,74.0,44,3276.7,255,255,32767,255,655.35,255,32767,0.3,2054-1-18,0.1,0.35,23.67,0.0,0.0,0.0,0,2.173828125,6,190,07:20,19:15,2025-03-14 02:41:04.282137,Marina di Stabia
2025-03-14T02:41:15Z,0,29.655,74.2,43,3276.7,255,255,32767,255,655.35,255,32767,0.3,2054-1-18,0.1,0.35,23.67,0.0,0.0,0.0,0,1.81640625,6,190,07:20,19:15,2025-03-14 02:41:15.700130,Marina di Stabia
2025-03-14T02:41:27Z,0,29.655,74.2,43,3276.7,255,255,32767,255,655.35,255,32767,0.3,2054-1-18,0.1,0.35,23.67,0.0,0.0,0.0,0,1.81640625,6,190,07:20,19:15,2025-03-14 02:41:27.034131,Marina di Stabia
2025-03-14T02:41:38Z,0,29.655,74.2,43,3276.7,255,255,32767,255,655.35,255,32767,0.3,2054-1-18,0.1,0.35,23.67,0.0,0.0,0.0,0,1.81640625,6,190,07:20,19:15,2025-03-14 02:41:38.345119,Marina di Stabia
2025-03-14T02:41:49Z,0,29.655,74.2,43,3276.7,255,255,32767,255,655.35,255,32767,0.3,2054-1-18,0.1,0.35,23.67,0.0,0.0,0.0,0,1.81640625,6,190,07:20,19:15,2025-03-14 02:41:49.654125,Marina di Stabia
2025-03-14T02:42:01Z,0,29.656,74.2,43,3276.7,255,255,32767,255,655.35,255,32767,0.3,2054-1-18,0.1,0.35,23.67,0.0,0.0,0.0,0,0.908203125,6,190,07:20,19:15,2025-03-14 02:42:00.964100,Marina di Stabia
2025-03-14T02:42:12Z,0,29.656,74.2,43,3276.7,255,255,32767,255,655.35,255,32767,0.3,2054-1-18,0.1,0.35,23.67,0.0,0.0,0.0,0,0.908203125,6,190,07:20,19:15,2025-03-14 02:42:12.524118,Marina di Stabia
2025-03-14T02:42:24Z,0,29.656,74.2,43,3276.7,255,255,32767,255,655.35,255,32767,0.3,2054-1-18,0.1,0.35,23.67,0.0,0.0,0.0,0,0.908203125,6,190,07:20,19:15,2025-03-14 02:42:23.885124,Marina di Stabia
2025-03-14T02:42:35Z,0,29.656,74.2,43,3276.7,255,255,32767,255,655.35,255,32767,0.3,2054-1-18,0.1,0.35,23.67,0.0,0.0,0.0,0,0.908203125,6,190,07:20,19:15,2025-03-14 02:42:35.306132,Marina di Stabia
2025-03-14T02:42:46Z,0,29.656,74.2,43,3276.7,255,255,32767,255,655.35,255,32767,0.3,2054-1-18,0.1,0.35,23.67,0.0,0.0,0.0,0,0.908203125,6,190,07:20,19:15,2025-03-14 02:42:46.615139,Marina di Stabia
2025-03-14T02:42:58Z,0,29.657,74.1,43,3276.7,255,255,32767,255,655.35,255,32767,0.3,2054-1-18,0.1,0.35,23.67,0.0,0.0,0.0,0,0.908203125,6,190,07:20,19:15,2025-03-14 02:42:57.939092,Marina di Stabia
2025-03-14T02:43:09Z,0,29.657,74.1,43,3276.7,255,255,32767,255,655.35,255,32767,0.3,2054-1-18,0.1,0.35,23.67,0.0,0.0,0.0,0,0.908203125,6,190,07:20,19:15,2025-03-14 02:43:09.244124,Marina di Stabia
2025-03-14T02:43:20Z,0,29.657,74.1,43,3276.7,255,255,32767,255,655.35,255,32767,0.3,2054-1-18,0.1,0.35,23.67,0.0,0.0,0.0,0,0.908203125,6,190,07:20,19:15,2025-03-14 02:43:20.589124,Marina di Stabia
2025-03-14T02:43:32Z,0,29.657,74.1,43,3276.7,255,255,32767,255,655.35,255,32767,0.3,2054-1-18,0.1,0.35,23.67,0.0,0.0,0.0,0,0.908203125,6,190,07:20,19:15,2025-03-14 02:43:31.991080,Marina di Stabia
2025-03-14T02:43:43Z,0,29.657,74.1,43,3276.7,255,255,32767,255,655.35,255,32767,0.3,2054-1-18,0.1,0.35,23.67,0.0,0.0,0.0,0,0.908203125,6,190,07:20,19:15,2025-03-14 02:43:43.324133,Marina di Stabia
2025-03-14T02:43:54Z,0,29.657,74.1,43,3276.7,255,255,32767,255,655.35,255,32767,0.3,2054-1-18,0.1,0.35,23.67,0.0,0.0,0.0,0,0.908203125,6,190,07:20,19:15,2025-03-14 02:43:54.723124,Marina di Stabia
2025-03-14T02:44:06Z,0,29.657,74.1,44,3276.7,255,255,32767,255,655.35,255,32767,0.3,2054-1-18,0.1,0.35,23.67,0.0,0.0,0.0,0,0.908203125,6,190,07:20,19:15,2025-03-14 02:44:06.025132,Marina di Stabia
2025-03-14T02:44:17Z,0,29.657,74.1,44,3276.7,255,255,32767,255,655.35,255,32767,0.3,2054-1-18,0.1,0.35,23.67,0.0,0.0,0.0,0,0.908203125,6,190,07:20,19:15,2025-03-14 02:44:17.330083,Marina di Stabia
2025-03-14T02:44:28Z,0,29.657,74.1,44,3276.7,255,255,32767,255,655.35,255,32767,0.3,2054-1-18,0.1,0.35,23.67,0.0,0.0,0.0,0,0.908203125,6,190,07:20,19:15,2025-03-14 02:44:28.733118,Marina di Stabia
2025-03-14T02:44:40Z,0,29.657,74.1,44,3276.7,255,255,32767,255,655.35,255,32767,0.3,2054-1-18,0.1,0.35,23.67,0.0,0.0,0.0,0,0.908203125,6,190,07:20,19:15,2025-03-14 02:44:40.066124,Marina di Stabia
2025-03-14T02:44:51Z,0,29.657,74.1,44,3276.7,255,255,32767,255,655.35,255,32767,0.3,2054-1-18,0.1,0.35,23.67,0.0,0.0,0.0,0,0.908203125,6,190,07:20,19:15,2025-03-14 02:44:51.453125,Marina di Stabia
2025-03-14T02:45:02Z,0,29.659,74.1,43,3276.7,255,255,32767,255,655.35,255,32767,0.3,2054-1-18,0.1,0.35,23.67,0.0,0.0,0.0,0,0.908203125,6,190,07:20,19:15,2025-03-14 02:45:02.798117,Marina di Stabia
2025-03-14T02:45:14Z,0,29.659,74.1,43,3276.7,255,255,32767,255,655.35,255,32767,0.3,2054-1-18,0.1,0.35,23.67,0.0,0.0,0.0,0,0.908203125,6,190,07:20,19:15,2025-03-14 02:45:14.350119,Marina di Stabia
2025-03-14T02:45:25Z,0,29.659,74.1,43,3276.7,255,255,32767,255,655.35,255,32767,0.3,2054-1-18,0.1,0.35,23.67,0.0,0.0,0.0,0,0.908203125,6,190,07:20,19:15,2025-03-14 02:45:25.766118,Marina di Stabia
2025-03-14T02:45:37Z,0,29.659,74.1,43,3276.7,255,255,32767,255,655.35,255,32767,0.3,2054-1-18,0.1,0.35,23.67,0.0,0.0,0.0,0,0.908203125,6,190,07:20,19:15,2025-03-14 02:45:37.131145,Marina di Stabia
2025-03-14T02:45:49Z,0,29.659,74.1,43,3276.7,255,255,32767,255,655.35,255,32767,0.3,2054-1-18,0.1,0.35,23.67,0.0,0.0,0.0,0,0.908203125,6,190,07:20,19:15,2025-03-14 02:45:49.392123,Marina di Stabia
2025-03-14T02:46:01Z,0,29.661,74.0,43,3276.7,255,255,32767,255,655.35,255,32767,0.3,2054-1-18,0.1,0.35,23.67,0.0,0.0,0.0,0,1.001953125,6,190,07:20,19:15,2025-03-14 02:46:00.877115,Marina di Stabia
2025-03-14T02:46:12Z,0,29.661,74.0,43,3276.7,255,255,32767,255,655.35,255,32767,0.3,2054-1-18,0.1,0.35,23.67,0.0,0.0,0.0,0,1.001953125,6,190,07:20,19:15,2025-03-14 02:46:12.529126,Marina di Stabia
2025-03-14T02:46:24Z,0,29.661,74.0,43,3276.7,255,255,32767,255,655.35,255,32767,0.3,2054-1-18,0.1,0.35,23.67,0.0,0.0,0.0,0,1.001953125,6,190,07:20,19:15,2025-03-14 02:46:23.918116,Marina di Stabia
2025-03-14T02:46:35Z,0,29.661,74.0,43,3276.7,255,255,32767,255,655.35,255,32767,0.3,2054-1-18,0.1,0.35,23.67,0.0,0.0,0.0,0,1.001953125,6,190,07:20,19:15,2025-03-14 02:46:35.235111,Marina di Stabia
2025-03-14T02:46:46Z,0,29.661,74.0,43,3276.7,255,255,32767,255,655.35,255,32767,0.3,2054-1-18,0.1,0.35,23.67,0.0,0.0,0.0,0,1.001953125,6,190,07:20,19:15,2025-03-14 02:46:46.580125,Marina di Stabia
2025-03-14T02:46:58Z,0,29.657,74.0,43,3276.7,255,255,32767,255,655.35,255,32767,0.3,2054-1-18,0.1,0.35,23.67,0.0,0.0,0.0,0,0.908203125,6,190,07:20,19:15,2025-03-14 02:46:58.008113,Marina di Stabia
2025-03-14T02:47:09Z,0,29.657,74.0,43,3276.7,255,255,32767,255,655.35,255,32767,0.3,2054-1-18,0.1,0.35,23.67,0.0,0.0,0.0,0,0.908203125,6,190,07:20,19:15,2025-03-14 02:47:09.325083,Marina di Stabia
2025-03-14T02:47:21Z,0,29.657,74.0,43,3276.7,255,255,32767,255,655.35,255,32767,0.3,2054-1-18,0.1,0.35,23.67,0.0,0.0,0.0,0,0.908203125,6,190,07:20,19:15,2025-03-14 02:47:20.884124,Marina di Stabia
2025-03-14T02:47:32Z,0,29.657,74.0,43,3276.7,255,255,32767,255,655.35,255,32767,0.3,2054-1-18,0.1,0.35,23.67,0.0,0.0,0.0,0,0.908203125,6,190,07:20,19:15,2025-03-14 02:47:32.207134,Marina di Stabia
2025-03-14T02:47:43Z,0,29.657,74.0,43,3276.7,255,255,32767,255,655.35,255,32767,0.3,2054-1-18,0.1,0.35,23.67,0.0,0.0,0.0,0,0.908203125,6,190,07:20,19:15,2025-03-14 02:47:43.569126,Marina di Stabia
2025-03-14T02:47:55Z,0,29.657,74.0,43,3276.7,255,255,32767,255,655.35,255,32767,0.3,2054-1-18,0.1,0.35,23.67,0.0,0.0,0.0,0,0.908203125,6,190,07:20,19:15,2025-03-14 02:47:54.884117,Marina di Stabia
2025-03-14T02:48:06Z,0,29.657,74.0,43,3276.7,255,255,32767,255,655.35,255,32767,0.3,2054-1-18,0.1,0.35,23.67,0.0,0.0,0.0,0,0.908203125,6,190,07:20,19:15,2025-03-14 02:48:06.481121,Marina di Stabia
2025-03-14T02:48:17Z,0,29.657,74.0,43,3276.7,255,255,32767,255,655.35,255,32767,0.3,2054-1-18,0.1,0.35,23.67,0.0,0.0,0.0,0,0.908203125,6,190,07:20,19:15,2025-03-14 02:48:17.789123,Marina di Stabia
2025-03-14T02:48:29Z,0,29.657,74.0,43,3276.7,255,255,32767,255,655.35,255,32767,0.3,2054-1-18,0.1,0.35,23.67,0.0,0.0,0.0,0,0.908203125,6,190,07:20,19:15,2025-03-14 02:48:29.202130,Marina di Stabia
2025-03-14T02:48:40Z,0,29.657,74.0,43,3276.7,255,255,32767,255,655.35,255,32767,0.3,2054-1-18,0.1,0.35,23.67,0.0,0.0,0.0,0,0.908203125,6,190,07:20,19:15,2025-03-14 02:48:40.545124,Marina di Stabia
2025-03-14T02:48:52Z,0,29.657,74.0,43,3276.7,255,255,32767,255,655.35,255,32767,0.3,2054-1-18,0.1,0.35,23.67,0.0,0.0,0.0,0,0.908203125,6,190,07:20,19:15,2025-03-14 02:48:51.859111,Marina di Stabia
2025-03-14T02:49:03Z,0,29.655,74.0,43,3276.7,255,255,32767,255,655.35,255,32767,0.3,2054-1-18,0.1,0.35,23.67,0.0,0.0,0.0,0,0.908203125,6,190,07:20,19:15,2025-03-14 02:49:03.183127,Marina di Stabia
2025-03-14T02:49:14Z,0,29.655,74.0,43,3276.7,255,255,32767,255,655.35,255,32767,0.3,2054-1-18,0.1,0.35,23.67,0.0,0.0,0.0,0,0.908203125,6,190,07:20,19:15,2025-03-14 02:49:14.591117,Marina di Stabia
2025-03-14T02:49:26Z,0,29.655,74.0,43,3276.7,255,255,32767,255,655.35,255,32767,0.3,2054-1-18,0.1,0.35,23.67,0.0,0.0,0.0,0,0.908203125,6,190,07:20,19:15,2025-03-14 02:49:25.974131,Marina di Stabia
2025-03-14T02:49:37Z,0,29.655,74.0,43,3276.7,255,255,32767,255,655.35,255,32767,0.3,2054-1-18,0.1,0.35,23.67,0.0,0.0,0.0,0,0.908203125,6,190,07:20,19:15,2025-03-14 02:49:37.325135,Marina di Stabia
2025-03-14T02:49:48Z,0,29.655,74.0,43,3276.7,255,255,32767,255,655.35,255,32767,0.3,2054-1-18,0.1,0.35,23.67,0.0,0.0,0.0,0,0.908203125,6,190,07:20,19:15,2025-03-14 02:49:48.648117,Marina di Stabia
2025-03-14T02:50:00Z,0,29.65,73.9,43,3276.7,255,255,32767,255,655.35,255,32767,0.3,2054-1-18,0.1,0.35,23.67,0.0,0.0,0.0,0,0.908203125,6,190,07:20,19:15,2025-03-14 02:49:59.958143,Marina di Stabia
2025-03-14T02:50:11Z,0,29.65,73.9,43,3276.7,255,255,32767,255,655.35,255,32767,0.3,2054-1-18,0.1,0.35,23.67,0.0,0.0,0.0,0,0.908203125,6,190,07:20,19:15,2025-03-14 02:50:11.327132,Marina di Stabia
2025-03-14T02:50:22Z,0,29.65,73.9,43,3276.7,255,255,32767,255,655.35,255,32767,0.3,2054-1-18,0.1,0.35,23.67,0.0,0.0,0.0,0,0.908203125,6,190,07:20,19:15,2025-03-14 02:50:22.728130,Marina di Stabia
2025-03-14T02:50:34Z,0,29.65,73.9,43,3276.7,255,255,32767,255,655.35,255,32767,0.3,2054-1-18,0.1,0.35,23.67,0.0,0.0,0.0,0,0.908203125,6,190,07:20,19:15,2025-03-14 02:50:34.029124,Marina di Stabia
2025-03-14T02:50:45Z,0,29.65,73.9,43,3276.7,255,255,32767,255,655.35,255,32767,0.3,2054-1-18,0.1,0.35,23.67,0.0,0.0,0.0,0,0.908203125,6,190,07:20,19:15,2025-03-14 02:50:45.345131,Marina di Stabia
2025-03-14T02:50:57Z,0,29.65,73.9,43,3276.7,255,255,32767,255,655.35,255,32767,0.3,2054-1-18,0.1,0.35,23.67,0.0,0.0,0.0,0,0.9375,6,190,07:20,19:15,2025-03-14 02:50:56.816127,Marina di Stabia
2025-03-14T02:51:08Z,0,29.65,73.9,43,3276.7,255,255,32767,255,655.35,255,32767,0.3,2054-1-18,0.1,0.35,23.67,0.0,0.0,0.0,0,0.9375,6,190,07:20,19:15,2025-03-14 02:51:08.198132,Marina di Stabia
2025-03-14T02:51:19Z,0,29.65,73.9,43,3276.7,255,255,32767,255,655.35,255,32767,0.3,2054-1-18,0.1,0.35,23.67,0.0,0.0,0.0,0,0.9375,6,190,07:20,19:15,2025-03-14 02:51:19.508123,Marina di Stabia
2025-03-14T02:51:31Z,0,29.65,73.9,43,3276.7,255,255,32767,255,655.35,255,32767,0.3,2054-1-18,0.1,0.35,23.67,0.0,0.0,0.0,0,0.9375,6,190,07:20,19:15,2025-03-14 02:51:30.901114,Marina di Stabia
2025-03-14T02:51:42Z,0,29.65,73.9,43,3276.7,255,255,32767,255,655.35,255,32767,0.3,2054-1-18,0.1,0.35,23.67,0.0,0.0,0.0,0,0.9375,6,190,07:20,19:15,2025-03-14 02:51:42.210120,Marina di Stabia
2025-03-14T02:51:53Z,0,29.65,73.9,43,3276.7,255,255,32767,255,655.35,255,32767,0.3,2054-1-18,0.1,0.35,23.67,0.0,0.0,0.0,0,0.9375,6,190,07:20,19:15,2025-03-14 02:51:53.560089,Marina di Stabia
2025-03-14T02:52:05Z,0,29.651,73.9,44,3276.7,255,255,32767,255,655.35,255,32767,0.3,2054-1-18,0.1,0.35,23.67,0.0,0.0,0.0,0,0.908203125,6,190,07:20,19:15,2025-03-14 02:52:04.911127,Marina di Stabia
2025-03-14T02:52:16Z,0,29.651,73.9,44,3276.7,255,255,32767,255,655.35,255,32767,0.3,2054-1-18,0.1,0.35,23.67,0.0,0.0,0.0,0,0.908203125,6,190,07:20,19:15,2025-03-14 02:52:16.255113,Marina di Stabia
2025-03-14T02:52:27Z,0,29.651,73.9,44,3276.7,255,255,32767,255,655.35,255,32767,0.3,2054-1-18,0.1,0.35,23.67,0.0,0.0,0.0,0,0.908203125,6,190,07:20,19:15,2025-03-14 02:52:27.580131,Marina di Stabia
2025-03-14T02:52:39Z,0,29.651,73.9,44,3276.7,255,255,32767,255,655.35,255,32767,0.3,2054-1-18,0.1,0.35,23.67,0.0,0.0,0.0,0,0.908203125,6,190,07:20,19:15,2025-03-14 02:52:38.982122,Marina di Stabia
2025-03-14T02:52:50Z,0,29.651,73.9,44,3276.7,255,255,32767,255,655.35,255,32767,0.3,2054-1-18,0.1,0.35,23.67,0.0,0.0,0.0,0,0.908203125,6,190,07:20,19:15,2025-03-14 02:52:50.322127,Marina di Stabia
2025-03-14T02:53:01Z,0,29.649,73.9,44,3276.7,255,255,32767,255,655.35,255,32767,0.3,2054-1-18,0.1,0.35,23.67,0.0,0.0,0.0,0,0.908203125,6,190,07:20,19:15,2025-03-14 02:53:01.650114,Marina di Stabia
2025-03-14T02:53:13Z,0,29.649,73.9,44,3276.7,255,255,32767,255,655.35,255,32767,0.3,2054-1-18,0.1,0.35,23.67,0.0,0.0,0.0,0,0.908203125,6,190,07:20,19:15,2025-03-14 02:53:12.992137,Marina di Stabia
2025-03-14T02:53:24Z,0,29.649,73.9,44,3276.7,255,255,32767,255,655.35,255,32767,0.3,2054-1-18,0.1,0.35,23.67,0.0,0.0,0.0,0,0.908203125,6,190,07:20,19:15,2025-03-14 02:53:24.398125,Marina di Stabia
2025-03-14T02:53:35Z,0,29.649,73.9,44,3276.7,255,255,32767,255,655.35,255,32767,0.3,2054-1-18,0.1,0.35,23.67,0.0,0.0,0.0,0,0.908203125,6,190,07:20,19:15,2025-03-14 02:53:35.783124,Marina di Stabia
2025-03-14T02:53:47Z,0,29.649,73.9,44,3276.7,255,255,32767,255,655.35,255,32767,0.3,2054-1-18,0.1,0.35,23.67,0.0,0.0,0.0,0,0.908203125,6,190,07:20,19:15,2025-03-14 02:53:47.097123,Marina di Stabia
2025-03-14T02:53:58Z,0,29.652,73.9,44,3276.7,255,255,32767,255,655.35,255,32767,0.3,2054-1-18,0.1,0.35,23.67,0.0,0.0,0.0,0,0.908203125,6,190,07:20,19:15,2025-03-14 02:53:58.432116,Marina di Stabia
2025-03-14T02:54:10Z,0,29.652,73.9,44,3276.7,255,255,32767,255,655.35,255,32767,0.3,2054-1-18,0.1,0.35,23.67,0.0,0.0,0.0,0,0.908203125,6,190,07:20,19:15,2025-03-14 02:54:09.800114,Marina di Stabia
2025-03-14T02:54:21Z,0,29.652,73.9,44,3276.7,255,255,32767,255,655.35,255,32767,0.3,2054-1-18,0.1,0.35,23.67,0.0,0.0,0.0,0,0.908203125,6,190,07:20,19:15,2025-03-14 02:54:21.179123,Marina di Stabia
2025-03-14T02:54:32Z,0,29.652,73.9,44,3276.7,255,255,32767,255,655.35,255,32767,0.3,2054-1-18,0.1,0.35,23.67,0.0,0.0,0.0,0,0.908203125,6,190,07:20,19:15,2025-03-14 02:54:32.523126,Marina di Stabia
2025-03-14T02:54:44Z,0,29.652,73.9,44,3276.7,255,255,32767,255,655.35,255,32767,0.3,2054-1-18,0.1,0.35,23.67,0.0,0.0,0.0,0,0.908203125,6,190,07:20,19:15,2025-03-14 02:54:43.817123,Marina di Stabia
2025-03-14T02:54:55Z,0,29.652,73.9,44,3276.7,255,255,32767,255,655.35,255,32767,0.3,2054-1-18,0.1,0.35,23.67,0.0,0.0,0.0,0,0.908203125,6,190,07:20,19:15,2025-03-14 02:54:55.203135,Marina di Stabia
2025-03-14T02:55:06Z,0,29.652,73.9,44,3276.7,255,255,32767,255,655.35,255,32767,0.3,2054-1-18,0.1,0.35,23.67,0.0,0.0,0.0,0,0.908203125,6,190,07:20,19:15,2025-03-14 02:55:06.531119,Marina di Stabia
2025-03-14T02:55:18Z,0,29.652,73.9,44,3276.7,255,255,32767,255,655.35,255,32767,0.3,2054-1-18,0.1,0.35,23.67,0.0,0.0,0.0,0,0.908203125,6,190,07:20,19:15,2025-03-14 02:55:17.856125,Marina di Stabia
2025-03-14T02:55:29Z,0,29.652,73.9,44,3276.7,255,255,32767,255,655.35,255,32767,0.3,2054-1-18,0.1,0.35,23.67,0.0,0.0,0.0,0,0.908203125,6,190,07:20,19:15,2025-03-14 02:55:29.173129,Marina di Stabia
2025-03-14T02:55:40Z,0,29.652,73.9,44,3276.7,255,255,32767,255,655.35,255,32767,0.3,2054-1-18,0.1,0.35,23.67,0.0,0.0,0.0,0,0.908203125,6,190,07:20,19:15,2025-03-14 02:55:40.490126,Marina di Stabia
2025-03-14T02:55:51Z,0,29.652,73.9,44,3276.7,255,255,32767,255,655.35,255,32767,0.3,2054-1-18,0.1,0.35,23.67,0.0,0.0,0.0,0,0.908203125,6,190,07:20,19:15,2025-03-14 02:55:51.790119,Marina di Stabia
2025-03-14T02:56:03Z,0,29.655,73.9,44,3276.7,255,255,32767,255,655.35,255,32767,0.3,2054-1-18,0.1,0.35,23.67,0.0,0.0,0.0,0,0.908203125,6,190,07:20,19:15,2025-03-14 02:56:03.177121,Marina di Stabia
2025-03-14T02:56:14Z,0,29.655,73.9,44,3276.7,255,255,32767,255,655.35,255,32767,0.3,2054-1-18,0.1,0.35,23.67,0.0,0.0,0.0,0,0.908203125,6,190,07:20,19:15,2025-03-14 02:56:14.501125,Marina di Stabia
2025-03-14T02:56:26Z,0,29.655,73.9,44,3276.7,255,255,32767,255,655.35,255,32767,0.3,2054-1-18,0.1,0.35,23.67,0.0,0.0,0.0,0,0.908203125,6,190,07:20,19:15,2025-03-14 02:56:25.989147,Marina di Stabia
2025-03-14T02:56:37Z,0,29.655,73.9,44,3276.7,255,255,32767,255,655.35,255,32767,0.3,2054-1-18,0.1,0.35,23.67,0.0,0.0,0.0,0,0.908203125,6,190,07:20,19:15,2025-03-14 02:56:37.357082,Marina di Stabia
2025-03-14T02:56:48Z,0,29.655,73.9,44,3276.7,255,255,32767,255,655.35,255,32767,0.3,2054-1-18,0.1,0.35,23.67,0.0,0.0,0.0,0,0.908203125,6,190,07:20,19:15,2025-03-14 02:56:48.697120,Marina di Stabia
2025-03-14T02:57:00Z,0,29.655,73.9,44,3276.7,255,255,32767,255,655.35,255,32767,0.3,2054-1-18,0.1,0.35,23.67,0.0,0.0,0.0,0,0.908203125,6,190,07:20,19:15,2025-03-14 02:57:00.057135,Marina di Stabia
2025-03-14T02:57:11Z,0,29.652,74.1,44,3276.7,255,255,32767,255,655.35,255,32767,0.3,2054-1-18,0.1,0.35,23.67,0.0,0.0,0.0,0,1.83984375,6,190,07:20,19:15,2025-03-14 02:57:11.380117,Marina di Stabia
2025-03-14T02:57:22Z,0,29.652,74.1,44,3276.7,255,255,32767,255,655.35,255,32767,0.3,2054-1-18,0.1,0.35,23.67,0.0,0.0,0.0,0,1.83984375,6,190,07:20,19:15,2025-03-14 02:57:22.774124,Marina di Stabia
2025-03-14T02:57:34Z,0,29.652,74.1,44,3276.7,255,255,32767,255,655.35,255,32767,0.3,2054-1-18,0.1,0.35,23.67,0.0,0.0,0.0,0,1.83984375,6,190,07:20,19:15,2025-03-14 02:57:34.097125,Marina di Stabia
2025-03-14T02:57:45Z,0,29.652,74.1,44,3276.7,255,255,32767,255,655.35,255,32767,0.3,2054-1-18,0.1,0.35,23.67,0.0,0.0,0.0,0,1.83984375,6,190,07:20,19:15,2025-03-14 02:57:45.519125,Marina di Stabia
2025-03-14T02:57:57Z,0,29.652,74.1,44,3276.7,255,255,32767,255,655.35,255,32767,0.3,2054-1-18,0.1,0.35,23.67,0.0,0.0,0.0,0,1.83984375,6,190,07:20,19:15,2025-03-14 02:57:56.857129,Marina di Stabia
2025-03-14T02:58:08Z,0,29.654,74.2,43,3276.7,255,255,32767,255,655.35,255,32767,0.3,2054-1-18,0.1,0.35,23.67,0.0,0.0,0.0,0,1.828125,6,190,07:20,19:15,2025-03-14 02:58:08.294116,Marina di Stabia
2025-03-14T02:58:19Z,0,29.654,74.2,43,3276.7,255,255,32767,255,655.35,255,32767,0.3,2054-1-18,0.1,0.35,23.67,0.0,0.0,0.0,0,1.828125,6,190,07:20,19:15,2025-03-14 02:58:19.681118,Marina di Stabia
2025-03-14T02:58:31Z,0,29.654,74.2,43,3276.7,255,255,32767,255,655.35,255,32767,0.3,2054-1-18,0.1,0.35,23.67,0.0,0.0,0.0,0,1.828125,6,190,07:20,19:15,2025-03-14 02:58:31.128125,Marina di Stabia
2025-03-14T02:58:42Z,0,29.654,74.2,43,3276.7,255,255,32767,255,655.35,255,32767,0.3,2054-1-18,0.1,0.35,23.67,0.0,0.0,0.0,0,1.828125,6,190,07:20,19:15,2025-03-14 02:58:42.431129,Marina di Stabia
2025-03-14T02:58:53Z,0,29.654,74.2,43,3276.7,255,255,32767,255,655.35,255,32767,0.3,2054-1-18,0.1,0.35,23.67,0.0,0.0,0.0,0,1.828125,6,190,07:20,19:15,2025-03-14 02:58:53.760086,Marina di Stabia
2025-03-14T02:59:05Z,0,29.648,74.2,43,3276.7,255,255,32767,255,655.35,255,32767,0.3,2054-1-18,0.1,0.35,23.67,0.0,0.0,0.0,0,0.908203125,6,190,07:20,19:15,2025-03-14 02:59:05.131085,Marina di Stabia
2025-03-14T02:59:16Z,0,29.648,74.2,43,3276.7,255,255,32767,255,655.35,255,32767,0.3,2054-1-18,0.1,0.35,23.67,0.0,0.0,0.0,0,0.908203125,6,190,07:20,19:15,2025-03-14 02:59:16.521119,Marina di Stabia
2025-03-14T02:59:28Z,0,29.648,74.2,43,3276.7,255,255,32767,255,655.35,255,32767,0.3,2054-1-18,0.1,0.35,23.67,0.0,0.0,0.0,0,0.908203125,6,190,07:20,19:15,2025-03-14 02:59:27.841134,Marina di Stabia
2025-03-14T02:59:39Z,0,29.648,74.2,43,3276.7,255,255,32767,255,655.35,255,32767,0.3,2054-1-18,0.1,0.35,23.67,0.0,0.0,0.0,0,0.908203125,6,190,07:20,19:15,2025-03-14 02:59:39.182126,Marina di Stabia
2025-03-14T02:59:51Z,0,29.648,74.2,43,3276.7,255,255,32767,255,655.35,255,32767,0.3,2054-1-18,0.1,0.35,23.67,0.0,0.0,0.0,0,0.908203125,6,190,07:20,19:15,2025-03-14 02:59:51.386128,Marina di Stabia
2025-03-14T03:00:03Z,0,29.645,74.0,43,3276.7,255,255,32767,255,655.35,255,32767,0.3,2054-1-18,0.1,0.35,23.67,0.0,0.0,0.0,0,0.908203125,6,190,07:20,19:15,2025-03-14 03:00:02.880124,Marina di Stabia,31.1,6.639279,14.05905,5.7798514,10.930394,EU EEA Common AQI,73.8,6.5582366,13.21546,3600,4.811594,100,100,51.4,8.937198,Very Low,75.5,6.355935,100,1739186100,Very Low,9.633085,6.8510075,Very Low,6.062216,42.9,5.362319,100,1739186100,5.362319
2025-03-14T03:00:15Z,0,29.645,74.0,43,3276.7,255,255,32767,255,655.35,255,32767,0.3,2054-1-18,0.1,0.35,23.67,0.0,0.0,0.0,0,0.908203125,6,190,07:20,19:15,2025-03-14 03:00:15.105135,Marina di Stabia,31.1,6.639279,14.05905,5.7798514,10.930394,EU EEA Common AQI,73.8,6.5582366,13.21546,3600,4.811594,100,100,51.4,8.937198,Very Low,75.5,6.355935,100,1739186100,Very Low,9.633085,6.8510075,Very Low,6.062216,42.9,5.362319,100,1739186100,5.362319
2025-03-14T03:00:27Z,0,29.645,74.0,43,3276.7,255,255,32767,255,655.35,255,32767,0.3,2054-1-18,0.1,0.35,23.67,0.0,0.0,0.0,0,0.908203125,6,190,07:20,19:15,2025-03-14 03:00:27.733127,Marina di Stabia,31.1,6.639279,14.05905,5.7798514,10.930394,EU EEA Common AQI,73.8,6.5582366,13.21546,3600,4.811594,100,100,51.4,8.937198,Very Low,75.5,6.355935,100,1739186100,Very Low,9.633085,6.8510075,Very Low,6.062216,42.9,5.362319,100,1739186100,5.362319
2025-03-14T03:00:39Z,0,29.645,74.0,43,3276.7,255,255,32767,255,655.35,255,32767,0.3,2054-1-18,0.1,0.35,23.67,0.0,0.0,0.0,0,0.908203125,6,190,07:20,19:15,2025-03-14 03:00:39.119124,Marina di Stabia,31.1,6.639279,14.05905,5.7798514,10.930394,EU EEA Common AQI,73.8,6.5582366,13.21546,3600,4.811594,100,100,51.4,8.937198,Very Low,75.5,6.355935,100,1739186100,Very Low,9.633085,6.8510075,Very Low,6.062216,42.9,5.362319,100,1739186100,5.362319
2025-03-14T03:00:50Z,0,29.645,74.0,43,3276.7,255,255,32767,255,655.35,255,32767,0.3,2054-1-18,0.1,0.35,23.67,0.0,0.0,0.0,0,0.908203125,6,190,07:20,19:15,2025-03-14 03:00:50.462100,Marina di Stabia,31.1,6.639279,14.05905,5.7798514,10.930394,EU EEA Common AQI,73.8,6.5582366,13.21546,3600,4.811594,100,100,51.4,8.937198,Very Low,75.5,6.355935,100,1739186100,Very Low,9.633085,6.8510075,Very Low,6.062216,42.9,5.362319,100,1739186100,5.362319
2025-03-14T03:01:02Z,236,29.643,74.0,43,3276.7,255,255,32767,255,655.35,255,32767,0.3,2054-1-18,0.1,0.35,23.67,0.0,0.0,0.0,0,1.7109375,3,158,07:20,19:15,2025-03-14 03:01:01.903127,Marina di Stabia,31.1,6.639279,14.05905,5.7798514,10.930394,EU EEA Common AQI,73.8,6.5582366,13.21546,3600,4.811594,100,100,51.4,8.937198,Very Low,75.5,6.355935,100,1739186100,Very Low,9.633085,6.8510075,Very Low,6.062216,42.9,5.362319,100,1739186100,5.362319
2025-03-14T03:01:13Z,236,29.643,74.0,43,3276.7,255,255,32767,255,655.35,255,32767,0.3,2054-1-18,0.1,0.35,23.67,0.0,0.0,0.0,0,1.7109375,3,158,07:20,19:15,2025-03-14 03:01:13.323133,Marina di Stabia,31.1,6.639279,14.05905,5.7798514,10.930394,EU EEA Common AQI,73.8,6.5582366,13.21546,3600,4.811594,100,100,51.4,8.937198,Very Low,75.5,6.355935,100,1739186100,Very Low,9.633085,6.8510075,Very Low,6.062216,42.9,5.362319,100,1739186100,5.362319
2025-03-14T03:01:24Z,236,29.643,74.0,43,3276.7,255,255,32767,255,655.35,255,32767,0.3,2054-1-18,0.1,0.35,23.67,0.0,0.0,0.0,0,1.7109375,3,158,07:20,19:15,2025-03-14 03:01:24.666123,Marina di Stabia,31.1,6.639279,14.05905,5.7798514,10.930394,EU EEA Common AQI,73.8,6.5582366,13.21546,3600,4.811594,100,100,51.4,8.937198,Very Low,75.5,6.355935,100,1739186100,Very Low,9.633085,6.8510075,Very Low,6.062216,42.9,5.362319,100,1739186100,5.362319
2025-03-14T03:01:36Z,236,29.643,74.0,43,3276.7,255,255,32767,255,655.35,255,32767,0.3,2054-1-18,0.1,0.35,23.67,0.0,0.0,0.0,0,1.7109375,3,158,07:20,19:15,2025-03-14 03:01:36.066125,Marina di Stabia,31.1,6.639279,14.05905,5.7798514,10.930394,EU EEA Common AQI,73.8,6.5582366,13.21546,3600,4.811594,100,100,51.4,8.937198,Very Low,75.5,6.355935,100,1739186100,Very Low,9.633085,6.8510075,Very Low,6.062216,42.9,5.362319,100,1739186100,5.362319
2025-03-14T03:01:47Z,236,29.643,74.0,43,3276.7,255,255,32767,255,655.35,255,32767,0.3,2054-1-18,0.1,0.35,23.67,0.0,0.0,0.0,0,1.7109375,3,158,07:20,19:15,2025-03-14 03:01:47.395125,Marina di Stabia,31.1,6.639279,14.05905,5.7798514,10.930394,EU EEA Common AQI,73.8,6.5582366,13.21546,3600,4.811594,100,100,51.4,8.937198,Very Low,75.5,6.355935,100,1739186100,Very Low,9.633085,6.8510075,Very Low,6.062216,42.9,5.362319,100,1739186100,5.362319
2025-03-14T03:01:58Z,236,29.64,74.0,43,3276.7,255,255,32767,255,655.35,255,32767,0.3,2054-1-18,0.1,0.35,23.67,0.0,0.0,0.0,0,0.908203125,3,158,07:20,19:15,2025-03-14 03:01:58.709128,Marina di Stabia,31.1,6.639279,14.05905,5.7798514,10.930394,EU EEA Common AQI,73.8,6.5582366,13.21546,3600,4.811594,100,100,51.4,8.937198,Very Low,75.5,6.355935,100,1739186100,Very Low,9.633085,6.8510075,Very Low,6.062216,42.9,5.362319,100,1739186100,5.362319
2025-03-14T03:02:10Z,236,29.64,74.0,43,3276.7,255,255,32767,255,655.35,255,32767,0.3,2054-1-18,0.1,0.35,23.67,0.0,0.0,0.0,0,0.908203125,3,158,07:20,19:15,2025-03-14 03:02:10.088132,Marina di Stabia,31.1,6.639279,14.05905,5.7798514,10.930394,EU EEA Common AQI,73.8,6.5582366,13.21546,3600,4.811594,100,100,51.4,8.937198,Very Low,75.5,6.355935,100,1739186100,Very Low,9.633085,6.8510075,Very Low,6.062216,42.9,5.362319,100,1739186100,5.362319
2025-03-14T03:02:21Z,236,29.64,74.0,43,3276.7,255,255,32767,255,655.35,255,32767,0.3,2054-1-18,0.1,0.35,23.67,0.0,0.0,0.0,0,0.908203125,3,158,07:20,19:15,2025-03-14 03:02:21.535127,Marina di Stabia,31.1,6.639279,14.05905,5.7798514,10.930394,EU EEA Common AQI,73.8,6.5582366,13.21546,3600,4.811594,100,100,51.4,8.937198,Very Low,75.5,6.355935,100,1739186100,Very Low,9.633085,6.8510075,Very Low,6.062216,42.9,5.362319,100,1739186100,5.362319
2025-03-14T03:02:33Z,236,29.64,74.0,43,3276.7,255,255,32767,255,655.35,255,32767,0.3,2054-1-18,0.1,0.35,23.67,0.0,0.0,0.0,0,0.908203125,3,158,07:20,19:15,2025-03-14 03:02:32.950117,Marina di Stabia,31.1,6.639279,14.05905,5.7798514,10.930394,EU EEA Common AQI,73.8,6.5582366,13.21546,3600,4.811594,100,100,51.4,8.937198,Very Low,75.5,6.355935,100,1739186100,Very Low,9.633085,6.8510075,Very Low,6.062216,42.9,5.362319,100,1739186100,5.362319
2025-03-14T03:02:44Z,236,29.64,74.0,43,3276.7,255,255,32767,255,655.35,255,32767,0.3,2054-1-18,0.1,0.35,23.67,0.0,0.0,0.0,0,0.908203125,3,158,07:20,19:15,2025-03-14 03:02:44.290120,Marina di Stabia,31.1,6.639279,14.05905,5.7798514,10.930394,EU EEA Common AQI,73.8,6.5582366,13.21546,3600,4.811594,100,100,51.4,8.937198,Very Low,75.5,6.355935,100,1739186100,Very Low,9.633085,6.8510075,Very Low,6.062216,42.9,5.362319,100,1739186100,5.362319
2025-03-14T03:02:55Z,236,29.64,74.0,43,3276.7,255,255,32767,255,655.35,255,32767,0.3,2054-1-18,0.1,0.35,23.67,0.0,0.0,0.0,0,0.908203125,3,158,07:20,19:15,2025-03-14 03:02:55.635096,Marina di Stabia,31.1,6.639279,14.05905,5.7798514,10.930394,EU EEA Common AQI,73.8,6.5582366,13.21546,3600,4.811594,100,100,51.4,8.937198,Very Low,75.5,6.355935,100,1739186100,Very Low,9.633085,6.8510075,Very Low,6.062216,42.9,5.362319,100,1739186100,5.362319
2025-03-14T03:03:07Z,236,29.642,74.0,43,3276.7,255,255,32767,255,655.35,255,32767,0.3,2054-1-18,0.1,0.35,23.67,0.0,0.0,0.0,0,0.908203125,3,158,07:20,19:15,2025-03-14 03:03:06.959133,Marina di Stabia,31.1,6.639279,14.05905,5.7798514,10.930394,EU EEA Common AQI,73.8,6.5582366,13.21546,3600,4.811594,100,100,51.4,8.937198,Very Low,75.5,6.355935,100,1739186100,Very Low,9.633085,6.8510075,Very Low,6.062216,42.9,5.362319,100,1739186100,5.362319
2025-03-14T03:03:18Z,236,29.642,74.0,43,3276.7,255,255,32767,255,655.35,255,32767,0.3,2054-1-18,0.1,0.35,23.67,0.0,0.0,0.0,0,0.908203125,3,158,07:20,19:15,2025-03-14 03:03:18.300125,Marina di Stabia,31.1,6.639279,14.05905,5.7798514,10.930394,EU EEA Common AQI,73.8,6.5582366,13.21546,3600,4.811594,100,100,51.4,8.937198,Very Low,75.5,6.355935,100,1739186100,Very Low,9.633085,6.8510075,Very Low,6.062216,42.9,5.362319,100,1739186100,5.362319
2025-03-14T03:03:30Z,236,29.642,74.0,43,3276.7,255,255,32767,255,655.35,255,32767,0.3,2054-1-18,0.1,0.35,23.67,0.0,0.0,0.0,0,0.908203125,3,158,07:20,19:15,2025-03-14 03:03:29.836131,Marina di Stabia,31.1,6.639279,14.05905,5.7798514,10.930394,EU EEA Common AQI,73.8,6.5582366,13.21546,3600,4.811594,100,100,51.4,8.937198,Very Low,75.5,6.355935,100,1739186100,Very Low,9.633085,6.8510075,Very Low,6.062216,42.9,5.362319,100,1739186100,5.362319
2025-03-14T03:03:41Z,236,29.642,74.0,43,3276.7,255,255,32767,255,655.35,255,32767,0.3,2054-1-18,0.1,0.35,23.67,0.0,0.0,0.0,0,0.908203125,3,158,07:20,19:15,2025-03-14 03:03:41.230124,Marina di Stabia,31.1,6.639279,14.05905,5.7798514,10.930394,EU EEA Common AQI,73.8,6.5582366,13.21546,3600,4.811594,100,100,51.4,8.937198,Very Low,75.5,6.355935,100,1739186100,Very Low,9.633085,6.8510075,Very Low,6.062216,42.9,5.362319,100,1739186100,5.362319
2025-03-14T03:03:52Z,236,29.642,74.0,43,3276.7,255,255,32767,255,655.35,255,32767,0.3,2054-1-18,0.1,0.35,23.67,0.0,0.0,0.0,0,0.908203125,3,158,07:20,19:15,2025-03-14 03:03:52.554141,Marina di Stabia,31.1,6.639279,14.05905,5.7798514,10.930394,EU EEA Common AQI,73.8,6.5582366,13.21546,3600,4.811594,100,100,51.4,8.937198,Very Low,75.5,6.355935,100,1739186100,Very Low,9.633085,6.8510075,Very Low,6.062216,42.9,5.362319,100,1739186100,5.362319
2025-03-14T03:04:04Z,236,29.639,74.0,43,3276.7,255,255,32767,255,655.35,255,32767,0.3,2054-1-18,0.1,0.35,23.67,0.0,0.0,0.0,0,0.908203125,3,158,07:20,19:15,2025-03-14 03:04:03.934125,Marina di Stabia,31.1,6.639279,14.05905,5.7798514,10.930394,EU EEA Common AQI,73.8,6.5582366,13.21546,3600,4.811594,100,100,51.4,8.937198,Very Low,75.5,6.355935,100,1739186100,Very Low,9.633085,6.8510075,Very Low,6.062216,42.9,5.362319,100,1739186100,5.362319
2025-03-14T03:04:15Z,236,29.639,74.0,43,3276.7,255,255,32767,255,655.35,255,32767,0.3,2054-1-18,0.1,0.35,23.67,0.0,0.0,0.0,0,0.908203125,3,158,07:20,19:15,2025-03-14 03:04:15.290123,Marina di Stabia,31.1,6.639279,14.05905,5.7798514,10.930394,EU EEA Common AQI,73.8,6.5582366,13.21546,3600,4.811594,100,100,51.4,8.937198,Very Low,75.5,6.355935,100,1739186100,Very Low,9.633085,6.8510075,Very Low,6.062216,42.9,5.362319,100,1739186100,5.362319
2025-03-14T03:04:26Z,236,29.639,74.0,43,3276.7,255,255,32767,255,655.35,255,32767,0.3,2054-1-18,0.1,0.35,23.67,0.0,0.0,0.0,0,0.908203125,3,158,07:20,19:15,2025-03-14 03:04:26.685131,Marina di Stabia,31.1,6.639279,14.05905,5.7798514,10.930394,EU EEA Common AQI,73.8,6.5582366,13.21546,3600,4.811594,100,100,51.4,8.937198,Very Low,75.5,6.355935,100,1739186100,Very Low,9.633085,6.8510075,Very Low,6.062216,42.9,5.362319,100,1739186100,5.362319
2025-03-14T03:04:38Z,236,29.639,74.0,43,3276.7,255,255,32767,255,655.35,255,32767,0.3,2054-1-18,0.1,0.35,23.67,0.0,0.0,0.0,0,0.908203125,3,158,07:20,19:15,2025-03-14 03:04:38.103085,Marina di Stabia,31.1,6.639279,14.05905,5.7798514,10.930394,EU EEA Common AQI,73.8,6.5582366,13.21546,3600,4.811594,100,100,51.4,8.937198,Very Low,75.5,6.355935,100,1739186100,Very Low,9.633085,6.8510075,Very Low,6.062216,42.9,5.362319,100,1739186100,5.362319
2025-03-14T03:04:49Z,236,29.639,74.0,43,3276.7,255,255,32767,255,655.35,255,32767,0.3,2054-1-18,0.1,0.35,23.67,0.0,0.0,0.0,0,0.908203125,3,158,07:20,19:15,2025-03-14 03:04:49.440141,Marina di Stabia,31.1,6.639279,14.05905,5.7798514,10.930394,EU EEA Common AQI,73.8,6.5582366,13.21546,3600,4.811594,100,100,51.4,8.937198,Very Low,75.5,6.355935,100,1739186100,Very Low,9.633085,6.8510075,Very Low,6.062216,42.9,5.362319,100,1739186100,5.362319
2025-03-14T03:05:00Z,236,29.639,73.9,44,3276.7,255,255,32767,255,655.35,255,32767,0.3,2054-1-18,0.1,0.35,23.67,0.0,0.0,0.0,0,0.908203125,3,158,07:20,19:15,2025-03-14 03:05:00.777133,Marina di Stabia,31.1,6.639279,14.05905,5.7798514,10.930394,EU EEA Common AQI,73.8,6.5582366,13.21546,3600,4.811594,100,100,51.4,8.937198,Very Low,75.5,6.355935,100,1739186100,Very Low,9.633085,6.8510075,Very Low,6.062216,42.9,5.362319,100,1739186100,5.362319
2025-03-14T03:05:13Z,236,29.639,73.9,44,3276.7,255,255,32767,255,655.35,255,32767,0.3,2054-1-18,0.1,0.35,23.67,0.0,0.0,0.0,0,0.908203125,3,158,07:20,19:15,2025-03-14 03:05:12.855126,Marina di Stabia,31.1,6.639279,14.05905,5.7798514,10.930394,EU EEA Common AQI,73.8,6.5582366,13.21546,3600,4.811594,100,100,51.4,8.937198,Very Low,75.5,6.355935,100,1739186100,Very Low,9.633085,6.8510075,Very Low,6.062216,42.9,5.362319,100,1739186100,5.362319
2025-03-14T03:05:24Z,236,29.639,73.9,44,3276.7,255,255,32767,255,655.35,255,32767,0.3,2054-1-18,0.1,0.35,23.67,0.0,0.0,0.0,0,0.908203125,3,158,07:20,19:15,2025-03-14 03:05:24.263089,Marina di Stabia,31.1,6.639279,14.05905,5.7798514,10.930394,EU EEA Common AQI,73.8,6.5582366,13.21546,3600,4.811594,100,100,51.4,8.937198,Very Low,75.5,6.355935,100,1739186100,Very Low,9.633085,6.8510075,Very Low,6.062216,42.9,5.362319,100,1739186100,5.362319
2025-03-14T03:05:35Z,236,29.639,73.9,44,3276.7,255,255,32767,255,655.35,255,32767,0.3,2054-1-18,0.1,0.35,23.67,0.0,0.0,0.0,0,0.908203125,3,158,07:20,19:15,2025-03-14 03:05:35.735150,Marina di Stabia,31.1,6.639279,14.05905,5.7798514,10.930394,EU EEA Common AQI,73.8,6.5582366,13.21546,3600,4.811594,100,100,51.4,8.937198,Very Low,75.5,6.355935,100,1739186100,Very Low,9.633085,6.8510075,Very Low,6.062216,42.9,5.362319,100,1739186100,5.362319
2025-03-14T03:05:47Z,236,29.639,73.9,44,3276.7,255,255,32767,255,655.35,255,32767,0.3,2054-1-18,0.1,0.35,23.67,0.0,0.0,0.0,0,0.908203125,3,158,07:20,19:15,2025-03-14 03:05:47.169123,Marina di Stabia,31.1,6.639279,14.05905,5.7798514,10.930394,EU EEA Common AQI,73.8,6.5582366,13.21546,3600,4.811594,100,100,51.4,8.937198,Very Low,75.5,6.355935,100,1739186100,Very Low,9.633085,6.8510075,Very Low,6.062216,42.9,5.362319,100,1739186100,5.362319
2025-03-14T03:05:58Z,236,29.636,73.9,44,3276.7,255,255,32767,255,655.35,255,32767,0.3,2054-1-18,0.1,0.35,23.67,0.0,0.0,0.0,0,0.908203125,3,158,07:20,19:15,2025-03-14 03:05:58.491114,Marina di Stabia,31.1,6.639279,14.05905,5.7798514,10.930394,EU EEA Common AQI,73.8,6.5582366,13.21546,3600,4.811594,100,100,51.4,8.937198,Very Low,75.5,6.355935,100,1739186100,Very Low,9.633085,6.8510075,Very Low,6.062216,42.9,5.362319,100,1739186100,5.362319
2025-03-14T03:06:10Z,236,29.636,73.9,44,3276.7,255,255,32767,255,655.35,255,32767,0.3,2054-1-18,0.1,0.35,23.67,0.0,0.0,0.0,0,0.908203125,3,158,07:20,19:15,2025-03-14 03:06:09.903119,Marina di Stabia,31.1,6.639279,14.05905,5.7798514,10.930394,EU EEA Common AQI,73.8,6.5582366,13.21546,3600,4.811594,100,100,51.4,8.937198,Very Low,75.5,6.355935,100,1739186100,Very Low,9.633085,6.8510075,Very Low,6.062216,42.9,5.362319,100,1739186100,5.362319
2025-03-14T03:06:21Z,236,29.636,73.9,44,3276.7,255,255,32767,255,655.35,255,32767,0.3,2054-1-18,0.1,0.35,23.67,0.0,0.0,0.0,0,0.908203125,3,158,07:20,19:15,2025-03-14 03:06:21.367122,Marina di Stabia,31.1,6.639279,14.05905,5.7798514,10.930394,EU EEA Common AQI,73.8,6.5582366,13.21546,3600,4.811594,100,100,51.4,8.937198,Very Low,75.5,6.355935,100,1739186100,Very Low,9.633085,6.8510075,Very Low,6.062216,42.9,5.362319,100,1739186100,5.362319
2025-03-14T03:06:32Z,236,29.636,73.9,44,3276.7,255,255,32767,255,655.35,255,32767,0.3,2054-1-18,0.1,0.35,23.67,0.0,0.0,0.0,0,0.908203125,3,158,07:20,19:15,2025-03-14 03:06:32.701134,Marina di Stabia,31.1,6.639279,14.05905,5.7798514,10.930394,EU EEA Common AQI,73.8,6.5582366,13.21546,3600,4.811594,100,100,51.4,8.937198,Very Low,75.5,6.355935,100,1739186100,Very Low,9.633085,6.8510075,Very Low,6.062216,42.9,5.362319,100,1739186100,5.362319
2025-03-14T03:06:44Z,236,29.636,73.9,44,3276.7,255,255,32767,255,655.35,255,32767,0.3,2054-1-18,0.1,0.35,23.67,0.0,0.0,0.0,0,0.908203125,3,158,07:20,19:15,2025-03-14 03:06:44.106118,Marina di Stabia,31.1,6.639279,14.05905,5.7798514,10.930394,EU EEA Common AQI,73.8,6.5582366,13.21546,3600,4.811594,100,100,51.4,8.937198,Very Low,75.5,6.355935,100,1739186100,Very Low,9.633085,6.8510075,Very Low,6.062216,42.9,5.362319,100,1739186100,5.362319
2025-03-14T03:06:55Z,236,29.636,73.9,44,3276.7,255,255,32767,255,655.35,255,32767,0.3,2054-1-18,0.1,0.35,23.67,0.0,0.0,0.0,0,0.908203125,3,158,07:20,19:15,2025-03-14 03:06:55.459105,Marina di Stabia,31.1,6.639279,14.05905,5.7798514,10.930394,EU EEA Common AQI,73.8,6.5582366,13.21546,3600,4.811594,100,100,51.4,8.937198,Very Low,75.5,6.355935,100,1739186100,Very Low,9.633085,6.8510075,Very Low,6.062216,42.9,5.362319,100,1739186100,5.362319
2025-03-14T03:07:07Z,236,29.633,74.0,44,3276.7,255,255,32767,255,655.35,255,32767,0.3,2054-1-18,0.1,0.35,23.67,0.0,0.0,0.0,0,0.9140625,3,158,07:20,19:15,2025-03-14 03:07:06.828123,Marina di Stabia,31.1,6.639279,14.05905,5.7798514,10.930394,EU EEA Common AQI,73.8,6.5582366,13.21546,3600,4.811594,100,100,51.4,8.937198,Very Low,75.5,6.355935,100,1739186100,Very Low,9.633085,6.8510075,Very Low,6.062216,42.9,5.362319,100,1739186100,5.362319
2025-03-14T03:07:18Z,236,29.633,74.0,44,3276.7,255,255,32767,255,655.35,255,32767,0.3,2054-1-18,0.1,0.35,23.67,0.0,0.0,0.0,0,0.9140625,3,158,07:20,19:15,2025-03-14 03:07:18.198121,Marina di Stabia,31.1,6.639279,14.05905,5.7798514,10.930394,EU EEA Common AQI,73.8,6.5582366,13.21546,3600,4.811594,100,100,51.4,8.937198,Very Low,75.5,6.355935,100,1739186100,Very Low,9.633085,6.8510075,Very Low,6.062216,42.9,5.362319,100,1739186100,5.362319
2025-03-14T03:07:29Z,236,29.633,74.0,44,3276.7,255,255,32767,255,655.35,255,32767,0.3,2054-1-18,0.1,0.35,23.67,0.0,0.0,0.0,0,0.9140625,3,158,07:20,19:15,2025-03-14 03:07:29.534117,Marina di Stabia,31.1,6.639279,14.05905,5.7798514,10.930394,EU EEA Common AQI,73.8,6.5582366,13.21546,3600,4.811594,100,100,51.4,8.937198,Very Low,75.5,6.355935,100,1739186100,Very Low,9.633085,6.8510075,Very Low,6.062216,42.9,5.362319,100,1739186100,5.362319
2025-03-14T03:07:41Z,236,29.633,74.0,44,3276.7,255,255,32767,255,655.35,255,32767,0.3,2054-1-18,0.1,0.35,23.67,0.0,0.0,0.0,0,0.9140625,3,158,07:20,19:15,2025-03-14 03:07:40.999119,Marina di Stabia,31.1,6.639279,14.05905,5.7798514,10.930394,EU EEA Common AQI,73.8,6.5582366,13.21546,3600,4.811594,100,100,51.4,8.937198,Very Low,75.5,6.355935,100,1739186100,Very Low,9.633085,6.8510075,Very Low,6.062216,42.9,5.362319,100,1739186100,5.362319
2025-03-14T03:07:52Z,236,29.633,74.0,44,3276.7,255,255,32767,255,655.35,255,32767,0.3,2054-1-18,0.1,0.35,23.67,0.0,0.0,0.0,0,0.9140625,3,158,07:20,19:15,2025-03-14 03:07:52.405127,Marina di Stabia,31.1,6.639279,14.05905,5.7798514,10.930394,EU EEA Common AQI,73.8,6.5582366,13.21546,3600,4.811594,100,100,51.4,8.937198,Very Low,75.5,6.355935,100,1739186100,Very Low,9.633085,6.8510075,Very Low,6.062216,42.9,5.362319,100,1739186100,5.362319
2025-03-14T03:08:04Z,236,29.634,73.9,44,3276.7,255,255,32767,255,655.35,255,32767,0.3,2054-1-18,0.1,0.35,23.67,0.0,0.0,0.0,0,0.908203125,3,158,07:20,19:15,2025-03-14 03:08:03.809127,Marina di Stabia,31.1,6.639279,14.05905,5.7798514,10.930394,EU EEA Common AQI,73.8,6.5582366,13.21546,3600,4.811594,100,100,51.4,8.937198,Very Low,75.5,6.355935,100,1739186100,Very Low,9.633085,6.8510075,Very Low,6.062216,42.9,5.362319,100,1739186100,5.362319
2025-03-14T03:08:15Z,236,29.634,73.9,44,3276.7,255,255,32767,255,655.35,255,32767,0.3,2054-1-18,0.1,0.35,23.67,0.0,0.0,0.0,0,0.908203125,3,158,07:20,19:15,2025-03-14 03:08:15.132144,Marina di Stabia,31.1,6.639279,14.05905,5.7798514,10.930394,EU EEA Common AQI,73.8,6.5582366,13.21546,3600,4.811594,100,100,51.4,8.937198,Very Low,75.5,6.355935,100,1739186100,Very Low,9.633085,6.8510075,Very Low,6.062216,42.9,5.362319,100,1739186100,5.362319
2025-03-14T03:08:26Z,236,29.634,73.9,44,3276.7,255,255,32767,255,655.35,255,32767,0.3,2054-1-18,0.1,0.35,23.67,0.0,0.0,0.0,0,0.908203125,3,158,07:20,19:15,2025-03-14 03:08:26.457134,Marina di Stabia,31.1,6.639279,14.05905,5.7798514,10.930394,EU EEA Common AQI,73.8,6.5582366,13.21546,3600,4.811594,100,100,51.4,8.937198,Very Low,75.5,6.355935,100,1739186100,Very Low,9.633085,6.8510075,Very Low,6.062216,42.9,5.362319,100,1739186100,5.362319
2025-03-14T03:08:38Z,236,29.634,73.9,44,3276.7,255,255,32767,255,655.35,255,32767,0.3,2054-1-18,0.1,0.35,23.67,0.0,0.0,0.0,0,0.908203125,3,158,07:20,19:15,2025-03-14 03:08:37.820133,Marina di Stabia,31.1,6.639279,14.05905,5.7798514,10.930394,EU EEA Common AQI,73.8,6.5582366,13.21546,3600,4.811594,100,100,51.4,8.937198,Very Low,75.5,6.355935,100,1739186100,Very Low,9.633085,6.8510075,Very Low,6.062216,42.9,5.362319,100,1739186100,5.362319
2025-03-14T03:08:49Z,236,29.634,73.9,44,3276.7,255,255,32767,255,655.35,255,32767,0.3,2054-1-18,0.1,0.35,23.67,0.0,0.0,0.0,0,0.908203125,3,158,07:20,19:15,2025-03-14 03:08:49.244135,Marina di Stabia,31.1,6.639279,14.05905,5.7798514,10.930394,EU EEA Common AQI,73.8,6.5582366,13.21546,3600,4.811594,100,100,51.4,8.937198,Very Low,75.5,6.355935,100,1739186100,Very Low,9.633085,6.8510075,Very Low,6.062216,42.9,5.362319,100,1739186100,5.362319
2025-03-14T03:09:00Z,236,29.635,73.9,44,3276.7,255,255,32767,255,655.35,255,32767,0.3,2054-1-18,0.1,0.35,23.67,0.0,0.0,0.0,0,0.9140625,3,158,07:20,19:15,2025-03-14 03:09:00.581126,Marina di Stabia,31.1,6.639279,14.05905,5.7798514,10.930394,EU EEA Common AQI,73.8,6.5582366,13.21546,3600,4.811594,100,100,51.4,8.937198,Very Low,75.5,6.355935,100,1739186100,Very Low,9.633085,6.8510075,Very Low,6.062216,42.9,5.362319,100,1739186100,5.362319
2025-03-14T03:09:12Z,236,29.635,73.9,44,3276.7,255,255,32767,255,655.35,255,32767,0.3,2054-1-18,0.1,0.35,23.67,0.0,0.0,0.0,0,0.9140625,3,158,07:20,19:15,2025-03-14 03:09:12.037123,Marina di Stabia,31.1,6.639279,14.05905,5.7798514,10.930394,EU EEA Common AQI,73.8,6.5582366,13.21546,3600,4.811594,100,100,51.4,8.937198,Very Low,75.5,6.355935,100,1739186100,Very Low,9.633085,6.8510075,Very Low,6.062216,42.9,5.362319,100,1739186100,5.362319
2025-03-14T03:09:23Z,236,29.635,73.9,44,3276.7,255,255,32767,255,655.35,255,32767,0.3,2054-1-18,0.1,0.35,23.67,0.0,0.0,0.0,0,0.9140625,3,158,07:20,19:15,2025-03-14 03:09:23.355150,Marina di Stabia,31.1,6.639279,14.05905,5.7798514,10.930394,EU EEA Common AQI,73.8,6.5582366,13.21546,3600,4.811594,100,100,51.4,8.937198,Very Low,75.5,6.355935,100,1739186100,Very Low,9.633085,6.8510075,Very Low,6.062216,42.9,5.362319,100,1739186100,5.362319
2025-03-14T03:09:34Z,236,29.635,73.9,44,3276.7,255,255,32767,255,655.35,255,32767,0.3,2054-1-18,0.1,0.35,23.67,0.0,0.0,0.0,0,0.9140625,3,158,07:20,19:15,2025-03-14 03:09:34.689140,Marina di Stabia,31.1,6.639279,14.05905,5.7798514,10.930394,EU EEA Common AQI,73.8,6.5582366,13.21546,3600,4.811594,100,100,51.4,8.937198,Very Low,75.5,6.355935,100,1739186100,Very Low,9.633085,6.8510075,Very Low,6.062216,42.9,5.362319,100,1739186100,5.362319
2025-03-14T03:09:46Z,236,29.635,73.9,44,3276.7,255,255,32767,255,655.35,255,32767,0.3,2054-1-18,0.1,0.35,23.67,0.0,0.0,0.0,0,0.9140625,3,158,07:20,19:15,2025-03-14 03:09:46.191119,Marina di Stabia,31.1,6.639279,14.05905,5.7798514,10.930394,EU EEA Common AQI,73.8,6.5582366,13.21546,3600,4.811594,100,100,51.4,8.937198,Very Low,75.5,6.355935,100,1739186100,Very Low,9.633085,6.8510075,Very Low,6.062216,42.9,5.362319,100,1739186100,5.362319
2025-03-14T03:09:57Z,236,29.632,73.9,43,3276.7,255,255,32767,255,655.35,255,32767,0.3,2054-1-18,0.1,0.35,23.67,0.0,0.0,0.0,0,0.9140625,3,158,07:20,19:15,2025-03-14 03:09:57.575119,Marina di Stabia,31.1,6.639279,14.05905,5.7798514,10.930394,EU EEA Common AQI,73.8,6.5582366,13.21546,3600,4.811594,100,100,51.4,8.937198,Very Low,75.5,6.355935,100,1739186100,Very Low,9.633085,6.8510075,Very Low,6.062216,42.9,5.362319,100,1739186100,5.362319
2025-03-14T03:10:09Z,236,29.632,73.9,43,3276.7,255,255,32767,255,655.35,255,32767,0.3,2054-1-18,0.1,0.35,23.67,0.0,0.0,0.0,0,0.9140625,3,158,07:20,19:15,2025-03-14 03:10:08.916128,Marina di Stabia,31.1,6.639279,14.05905,5.7798514,10.930394,EU EEA Common AQI,73.8,6.5582366,13.21546,3600,4.811594,100,100,51.4,8.937198,Very Low,75.5,6.355935,100,1739186100,Very Low,9.633085,6.8510075,Very Low,6.062216,42.9,5.362319,100,1739186100,5.362319
2025-03-14T03:10:20Z,236,29.632,73.9,43,3276.7,255,255,32767,255,655.35,255,32767,0.3,2054-1-18,0.1,0.35,23.67,0.0,0.0,0.0,0,0.9140625,3,158,07:20,19:15,2025-03-14 03:10:20.277142,Marina di Stabia,31.1,6.639279,14.05905,5.7798514,10.930394,EU EEA Common AQI,73.8,6.5582366,13.21546,3600,4.811594,100,100,51.4,8.937198,Very Low,75.5,6.355935,100,1739186100,Very Low,9.633085,6.8510075,Very Low,6.062216,42.9,5.362319,100,1739186100,5.362319
2025-03-14T03:10:31Z,236,29.632,73.9,43,3276.7,255,255,32767,255,655.35,255,32767,0.3,2054-1-18,0.1,0.35,23.67,0.0,0.0,0.0,0,0.9140625,3,158,07:20,19:15,2025-03-14 03:10:31.625124,Marina di Stabia,31.1,6.639279,14.05905,5.7798514,10.930394,EU EEA Common AQI,73.8,6.5582366,13.21546,3600,4.811594,100,100,51.4,8.937198,Very Low,75.5,6.355935,100,1739186100,Very Low,9.633085,6.8510075,Very Low,6.062216,42.9,5.362319,100,1739186100,5.362319
2025-03-14T03:10:43Z,236,29.632,73.9,43,3276.7,255,255,32767,255,655.35,255,32767,0.3,2054-1-18,0.1,0.35,23.67,0.0,0.0,0.0,0,0.9140625,3,158,07:20,19:15,2025-03-14 03:10:42.970083,Marina di Stabia,31.1,6.639279,14.05905,5.7798514,10.930394,EU EEA Common AQI,73.8,6.5582366,13.21546,3600,4.811594,100,100,51.4,8.937198,Very Low,75.5,6.355935,100,1739186100,Very Low,9.633085,6.8510075,Very Low,6.062216,42.9,5.362319,100,1739186100,5.362319
2025-03-14T03:10:54Z,236,29.632,73.9,43,3276.7,255,255,32767,255,655.35,255,32767,0.3,2054-1-18,0.1,0.35,23.67,0.0,0.0,0.0,0,0.9140625,3,158,07:20,19:15,2025-03-14 03:10:54.289119,Marina di Stabia,31.1,6.639279,14.05905,5.7798514,10.930394,EU EEA Common AQI,73.8,6.5582366,13.21546,3600,4.811594,100,100,51.4,8.937198,Very Low,75.5,6.355935,100,1739186100,Very Low,9.633085,6.8510075,Very Low,6.062216,42.9,5.362319,100,1739186100,5.362319
2025-03-14T03:11:05Z,236,29.634,73.9,43,3276.7,255,255,32767,255,655.35,255,32767,0.3,2054-1-18,0.1,0.35,23.67,0.0,0.0,0.0,0,0.943359375,3,158,07:20,19:15,2025-03-14 03:11:05.770123,Marina di Stabia,31.1,6.639279,14.05905,5.7798514,10.930394,EU EEA Common AQI,73.8,6.5582366,13.21546,3600,4.811594,100,100,51.4,8.937198,Very Low,75.5,6.355935,100,1739186100,Very Low,9.633085,6.8510075,Very Low,6.062216,42.9,5.362319,100,1739186100,5.362319
2025-03-14T03:11:17Z,236,29.634,73.9,43,3276.7,255,255,32767,255,655.35,255,32767,0.3,2054-1-18,0.1,0.35,23.67,0.0,0.0,0.0,0,0.943359375,3,158,07:20,19:15,2025-03-14 03:11:17.133124,Marina di Stabia,31.1,6.639279,14.05905,5.7798514,10.930394,EU EEA Common AQI,73.8,6.5582366,13.21546,3600,4.811594,100,100,51.4,8.937198,Very Low,75.5,6.355935,100,1739186100,Very Low,9.633085,6.8510075,Very Low,6.062216,42.9,5.362319,100,1739186100,5.362319
2025-03-14T03:11:28Z,236,29.634,73.9,43,3276.7,255,255,32767,255,655.35,255,32767,0.3,2054-1-18,0.1,0.35,23.67,0.0,0.0,0.0,0,0.943359375,3,158,07:20,19:15,2025-03-14 03:11:28.570083,Marina di Stabia,31.1,6.639279,14.05905,5.7798514,10.930394,EU EEA Common AQI,73.8,6.5582366,13.21546,3600,4.811594,100,100,51.4,8.937198,Very Low,75.5,6.355935,100,1739186100,Very Low,9.633085,6.8510075,Very Low,6.062216,42.9,5.362319,100,1739186100,5.362319
2025-03-14T03:11:40Z,236,29.634,73.9,43,3276.7,255,255,32767,255,655.35,255,32767,0.3,2054-1-18,0.1,0.35,23.67,0.0,0.0,0.0,0,0.943359375,3,158,07:20,19:15,2025-03-14 03:11:40.109118,Marina di Stabia,31.1,6.639279,14.05905,5.7798514,10.930394,EU EEA Common AQI,73.8,6.5582366,13.21546,3600,4.811594,100,100,51.4,8.937198,Very Low,75.5,6.355935,100,1739186100,Very Low,9.633085,6.8510075,Very Low,6.062216,42.9,5.362319,100,1739186100,5.362319
2025-03-14T03:11:51Z,236,29.634,73.9,43,3276.7,255,255,32767,255,655.35,255,32767,0.3,2054-1-18,0.1,0.35,23.67,0.0,0.0,0.0,0,0.943359375,3,158,07:20,19:15,2025-03-14 03:11:51.484114,Marina di Stabia,31.1,6.639279,14.05905,5.7798514,10.930394,EU EEA Common AQI,73.8,6.5582366,13.21546,3600,4.811594,100,100,51.4,8.937198,Very Low,75.5,6.355935,100,1739186100,Very Low,9.633085,6.8510075,Very Low,6.062216,42.9,5.362319,100,1739186100,5.362319
2025-03-14T03:12:03Z,236,29.632,73.9,43,3276.7,255,255,32767,255,655.35,255,32767,0.3,2054-1-18,0.1,0.35,23.67,0.0,0.0,0.0,0,0.9140625,3,158,07:20,19:15,2025-03-14 03:12:02.809140,Marina di Stabia,31.1,6.639279,14.05905,5.7798514,10.930394,EU EEA Common AQI,73.8,6.5582366,13.21546,3600,4.811594,100,100,51.4,8.937198,Very Low,75.5,6.355935,100,1739186100,Very Low,9.633085,6.8510075,Very Low,6.062216,42.9,5.362319,100,1739186100,5.362319
2025-03-14T03:12:14Z,236,29.632,73.9,43,3276.7,255,255,32767,255,655.35,255,32767,0.3,2054-1-18,0.1,0.35,23.67,0.0,0.0,0.0,0,0.9140625,3,158,07:20,19:15,2025-03-14 03:12:14.313134,Marina di Stabia,31.1,6.639279,14.05905,5.7798514,10.930394,EU EEA Common AQI,73.8,6.5582366,13.21546,3600,4.811594,100,100,51.4,8.937198,Very Low,75.5,6.355935,100,1739186100,Very Low,9.633085,6.8510075,Very Low,6.062216,42.9,5.362319,100,1739186100,5.362319
2025-03-14T03:12:25Z,236,29.632,73.9,43,3276.7,255,255,32767,255,655.35,255,32767,0.3,2054-1-18,0.1,0.35,23.67,0.0,0.0,0.0,0,0.9140625,3,158,07:20,19:15,2025-03-14 03:12:25.644123,Marina di Stabia,31.1,6.639279,14.05905,5.7798514,10.930394,EU EEA Common AQI,73.8,6.5582366,13.21546,3600,4.811594,100,100,51.4,8.937198,Very Low,75.5,6.355935,100,1739186100,Very Low,9.633085,6.8510075,Very Low,6.062216,42.9,5.362319,100,1739186100,5.362319
2025-03-14T03:12:37Z,236,29.632,73.9,43,3276.7,255,255,32767,255,655.35,255,32767,0.3,2054-1-18,0.1,0.35,23.67,0.0,0.0,0.0,0,0.9140625,3,158,07:20,19:15,2025-03-14 03:12:36.981131,Marina di Stabia,31.1,6.639279,14.05905,5.7798514,10.930394,EU EEA Common AQI,73.8,6.5582366,13.21546,3600,4.811594,100,100,51.4,8.937198,Very Low,75.5,6.355935,100,1739186100,Very Low,9.633085,6.8510075,Very Low,6.062216,42.9,5.362319,100,1739186100,5.362319
2025-03-14T03:12:48Z,236,29.632,73.9,43,3276.7,255,255,32767,255,655.35,255,32767,0.3,2054-1-18,0.1,0.35,23.67,0.0,0.0,0.0,0,0.9140625,3,158,07:20,19:15,2025-03-14 03:12:48.358122,Marina di Stabia,31.1,6.639279,14.05905,5.7798514,10.930394,EU EEA Common AQI,73.8,6.5582366,13.21546,3600,4.811594,100,100,51.4,8.937198,Very Low,75.5,6.355935,100,1739186100,Very Low,9.633085,6.8510075,Very Low,6.062216,42.9,5.362319,100,1739186100,5.362319
2025-03-14T03:12:59Z,236,29.628,73.9,43,3276.7,255,255,32767,255,655.35,255,32767,0.3,2054-1-18,0.1,0.35,23.67,0.0,0.0,0.0,0,0.908203125,3,158,07:20,19:15,2025-03-14 03:12:59.688122,Marina di Stabia,31.1,6.639279,14.05905,5.7798514,10.930394,EU EEA Common AQI,73.8,6.5582366,13.21546,3600,4.811594,100,100,51.4,8.937198,Very Low,75.5,6.355935,100,1739186100,Very Low,9.633085,6.8510075,Very Low,6.062216,42.9,5.362319,100,1739186100,5.362319
2025-03-14T03:13:11Z,236,29.628,73.9,43,3276.7,255,255,32767,255,655.35,255,32767,0.3,2054-1-18,0.1,0.35,23.67,0.0,0.0,0.0,0,0.908203125,3,158,07:20,19:15,2025-03-14 03:13:11.009127,Marina di Stabia,31.1,6.639279,14.05905,5.7798514,10.930394,EU EEA Common AQI,73.8,6.5582366,13.21546,3600,4.811594,100,100,51.4,8.937198,Very Low,75.5,6.355935,100,1739186100,Very Low,9.633085,6.8510075,Very Low,6.062216,42.9,5.362319,100,1739186100,5.362319
2025-03-14T03:13:22Z,236,29.628,73.9,43,3276.7,255,255,32767,255,655.35,255,32767,0.3,2054-1-18,0.1,0.35,23.67,0.0,0.0,0.0,0,0.908203125,3,158,07:20,19:15,2025-03-14 03:13:22.394130,Marina di Stabia,31.1,6.639279,14.05905,5.7798514,10.930394,EU EEA Common AQI,73.8,6.5582366,13.21546,3600,4.811594,100,100,51.4,8.937198,Very Low,75.5,6.355935,100,1739186100,Very Low,9.633085,6.8510075,Very Low,6.062216,42.9,5.362319,100,1739186100,5.362319
2025-03-14T03:13:33Z,236,29.628,73.9,43,3276.7,255,255,32767,255,655.35,255,32767,0.3,2054-1-18,0.1,0.35,23.67,0.0,0.0,0.0,0,0.908203125,3,158,07:20,19:15,2025-03-14 03:13:33.741127,Marina di Stabia,31.1,6.639279,14.05905,5.7798514,10.930394,EU EEA Common AQI,73.8,6.5582366,13.21546,3600,4.811594,100,100,51.4,8.937198,Very Low,75.5,6.355935,100,1739186100,Very Low,9.633085,6.8510075,Very Low,6.062216,42.9,5.362319,100,1739186100,5.362319
2025-03-14T03:13:46Z,236,29.628,73.9,43,3276.7,255,255,32767,255,655.35,255,32767,0.3,2054-1-18,0.1,0.35,23.67,0.0,0.0,0.0,0,0.908203125,3,158,07:20,19:15,2025-03-14 03:13:45.826138,Marina di Stabia,31.1,6.639279,14.05905,5.7798514,10.930394,EU EEA Common AQI,73.8,6.5582366,13.21546,3600,4.811594,100,100,51.4,8.937198,Very Low,75.5,6.355935,100,1739186100,Very Low,9.633085,6.8510075,Very Low,6.062216,42.9,5.362319,100,1739186100,5.362319
2025-03-14T03:13:58Z,236,29.628,73.9,43,3276.7,255,255,32767,255,655.35,255,32767,0.3,2054-1-18,0.1,0.35,23.67,0.0,0.0,0.0,0,0.908203125,3,158,07:20,19:15,2025-03-14 03:13:58.600126,Marina di Stabia,31.1,6.639279,14.05905,5.7798514,10.930394,EU EEA Common AQI,73.8,6.5582366,13.21546,3600,4.811594,100,100,51.4,8.937198,Very Low,75.5,6.355935,100,1739186100,Very Low,9.633085,6.8510075,Very Low,6.062216,42.9,5.362319,100,1739186100,5.362319
2025-03-14T03:14:10Z,236,29.626,74.0,43,3276.7,255,255,32767,255,655.35,255,32767,0.3,2054-1-18,0.1,0.35,23.67,0.0,0.0,0.0,0,1.83984375,3,158,07:20,19:15,2025-03-14 03:14:09.946145,Marina di Stabia,31.1,6.639279,14.05905,5.7798514,10.930394,EU EEA Common AQI,73.8,6.5582366,13.21546,3600,4.811594,100,100,51.4,8.937198,Very Low,75.5,6.355935,100,1739186100,Very Low,9.633085,6.8510075,Very Low,6.062216,42.9,5.362319,100,1739186100,5.362319
2025-03-14T03:14:21Z,236,29.626,74.0,43,3276.7,255,255,32767,255,655.35,255,32767,0.3,2054-1-18,0.1,0.35,23.67,0.0,0.0,0.0,0,1.83984375,3,158,07:20,19:15,2025-03-14 03:14:21.376122,Marina di Stabia,31.1,6.639279,14.05905,5.7798514,10.930394,EU EEA Common AQI,73.8,6.5582366,13.21546,3600,4.811594,100,100,51.4,8.937198,Very Low,75.5,6.355935,100,1739186100,Very Low,9.633085,6.8510075,Very Low,6.062216,42.9,5.362319,100,1739186100,5.362319
2025-03-14T03:14:32Z,236,29.626,74.0,43,3276.7,255,255,32767,255,655.35,255,32767,0.3,2054-1-18,0.1,0.35,23.67,0.0,0.0,0.0,0,1.83984375,3,158,07:20,19:15,2025-03-14 03:14:32.712125,Marina di Stabia,31.1,6.639279,14.05905,5.7798514,10.930394,EU EEA Common AQI,73.8,6.5582366,13.21546,3600,4.811594,100,100,51.4,8.937198,Very Low,75.5,6.355935,100,1739186100,Very Low,9.633085,6.8510075,Very Low,6.062216,42.9,5.362319,100,1739186100,5.362319
2025-03-14T03:14:44Z,236,29.626,74.0,43,3276.7,255,255,32767,255,655.35,255,32767,0.3,2054-1-18,0.1,0.35,23.67,0.0,0.0,0.0,0,1.83984375,3,158,07:20,19:15,2025-03-14 03:14:44.143124,Marina di Stabia,31.1,6.639279,14.05905,5.7798514,10.930394,EU EEA Common AQI,73.8,6.5582366,13.21546,3600,4.811594,100,100,51.4,8.937198,Very Low,75.5,6.355935,100,1739186100,Very Low,9.633085,6.8510075,Very Low,6.062216,42.9,5.362319,100,1739186100,5.362319
2025-03-14T03:14:55Z,236,29.626,74.0,43,3276.7,255,255,32767,255,655.35,255,32767,0.3,2054-1-18,0.1,0.35,23.67,0.0,0.0,0.0,0,1.83984375,3,158,07:20,19:15,2025-03-14 03:14:55.584122,Marina di Stabia,31.1,6.639279,14.05905,5.7798514,10.930394,EU EEA Common AQI,73.8,6.5582366,13.21546,3600,4.811594,100,100,51.4,8.937198,Very Low,75.5,6.355935,100,1739186100,Very Low,9.633085,6.8510075,Very Low,6.062216,42.9,5.362319,100,1739186100,5.362319
2025-03-14T03:15:07Z,236,29.626,74.0,43,3276.7,255,255,32767,255,655.35,255,32767,0.3,2054-1-18,0.1,0.35,23.67,0.0,0.0,0.0,0,1.83984375,3,158,07:20,19:15,2025-03-14 03:15:06.951099,Marina di Stabia,31.1,6.639279,14.05905,5.7798514,10.930394,EU EEA Common AQI,73.8,6.5582366,13.21546,3600,4.811594,100,100,51.4,8.937198,Very Low,75.5,6.355935,100,1739186100,Very Low,9.633085,6.8510075,Very Low,6.062216,42.9,5.362319,100,1739186100,5.362319
2025-03-14T03:15:18Z,236,29.628,74.2,43,3276.7,255,255,32767,255,655.35,255,32767,0.3,2054-1-18,0.1,0.35,23.67,0.0,0.0,0.0,0,1.833984375,3,158,07:20,19:15,2025-03-14 03:15:18.301127,Marina di Stabia,31.1,6.639279,14.05905,5.7798514,10.930394,EU EEA Common AQI,73.8,6.5582366,13.21546,3600,4.811594,100,100,51.4,8.937198,Very Low,75.5,6.355935,100,1739186100,Very Low,9.633085,6.8510075,Very Low,6.062216,42.9,5.362319,100,1739186100,5.362319
2025-03-14T03:15:29Z,236,29.628,74.2,43,3276.7,255,255,32767,255,655.35,255,32767,0.3,2054-1-18,0.1,0.35,23.67,0.0,0.0,0.0,0,1.833984375,3,158,07:20,19:15,2025-03-14 03:15:29.693124,Marina di Stabia,31.1,6.639279,14.05905,5.7798514,10.930394,EU EEA Common AQI,73.8,6.5582366,13.21546,3600,4.811594,100,100,51.4,8.937198,Very Low,75.5,6.355935,100,1739186100,Very Low,9.633085,6.8510075,Very Low,6.062216,42.9,5.362319,100,1739186100,5.362319
2025-03-14T03:15:41Z,236,29.628,74.2,43,3276.7,255,255,32767,255,655.35,255,32767,0.3,2054-1-18,0.1,0.35,23.67,0.0,0.0,0.0,0,1.833984375,3,158,07:20,19:15,2025-03-14 03:15:41.057121,Marina di Stabia,31.1,6.639279,14.05905,5.7798514,10.930394,EU EEA Common AQI,73.8,6.5582366,13.21546,3600,4.811594,100,100,51.4,8.937198,Very Low,75.5,6.355935,100,1739186100,Very Low,9.633085,6.8510075,Very Low,6.062216,42.9,5.362319,100,1739186100,5.362319
2025-03-14T03:15:52Z,236,29.628,74.2,43,3276.7,255,255,32767,255,655.35,255,32767,0.3,2054-1-18,0.1,0.35,23.67,0.0,0.0,0.0,0,1.833984375,3,158,07:20,19:15,2025-03-14 03:15:52.480129,Marina di Stabia,31.1,6.639279,14.05905,5.7798514,10.930394,EU EEA Common AQI,73.8,6.5582366,13.21546,3600,4.811594,100,100,51.4,8.937198,Very Low,75.5,6.355935,100,1739186100,Very Low,9.633085,6.8510075,Very Low,6.062216,42.9,5.362319,100,1739186100,5.362319
2025-03-14T03:16:04Z,196,29.628,74.2,43,3276.7,255,255,32767,255,655.35,255,32767,0.3,2054-1-18,0.1,0.35,23.67,0.0,0.0,0.0,0,1.001953125,3,158,07:20,19:15,2025-03-14 03:16:03.829106,Marina di Stabia,31.1,6.639279,14.05905,5.7798514,10.930394,EU EEA Common AQI,73.8,6.5582366,13.21546,3600,4.811594,100,100,51.4,8.937198,Very Low,75.5,6.355935,100,1739186100,Very Low,9.633085,6.8510075,Very Low,6.062216,42.9,5.362319,100,1739186100,5.362319
2025-03-14T03:16:15Z,196,29.628,74.2,43,3276.7,255,255,32767,255,655.35,255,32767,0.3,2054-1-18,0.1,0.35,23.67,0.0,0.0,0.0,0,1.001953125,3,158,07:20,19:15,2025-03-14 03:16:15.195129,Marina di Stabia,31.1,6.639279,14.05905,5.7798514,10.930394,EU EEA Common AQI,73.8,6.5582366,13.21546,3600,4.811594,100,100,51.4,8.937198,Very Low,75.5,6.355935,100,1739186100,Very Low,9.633085,6.8510075,Very Low,6.062216,42.9,5.362319,100,1739186100,5.362319
2025-03-14T03:16:26Z,196,29.628,74.2,43,3276.7,255,255,32767,255,655.35,255,32767,0.3,2054-1-18,0.1,0.35,23.67,0.0,0.0,0.0,0,1.001953125,3,158,07:20,19:15,2025-03-14 03:16:26.522135,Marina di Stabia,31.1,6.639279,14.05905,5.7798514,10.930394,EU EEA Common AQI,73.8,6.5582366,13.21546,3600,4.811594,100,100,51.4,8.937198,Very Low,75.5,6.355935,100,1739186100,Very Low,9.633085,6.8510075,Very Low,6.062216,42.9,5.362319,100,1739186100,5.362319
2025-03-14T03:16:38Z,196,29.628,74.2,43,3276.7,255,255,32767,255,655.35,255,32767,0.3,2054-1-18,0.1,0.35,23.67,0.0,0.0,0.0,0,1.001953125,3,158,07:20,19:15,2025-03-14 03:16:37.871119,Marina di Stabia,31.1,6.639279,14.05905,5.7798514,10.930394,EU EEA Common AQI,73.8,6.5582366,13.21546,3600,4.811594,100,100,51.4,8.937198,Very Low,75.5,6.355935,100,1739186100,Very Low,9.633085,6.8510075,Very Low,6.062216,42.9,5.362319,100,1739186100,5.362319
2025-03-14T03:16:49Z,196,29.628,74.2,43,3276.7,255,255,32767,255,655.35,255,32767,0.3,2054-1-18,0.1,0.35,23.67,0.0,0.0,0.0,0,1.001953125,3,158,07:20,19:15,2025-03-14 03:16:49.204131,Marina di Stabia,31.1,6.639279,14.05905,5.7798514,10.930394,EU EEA Common AQI,73.8,6.5582366,13.21546,3600,4.811594,100,100,51.4,8.937198,Very Low,75.5,6.355935,100,1739186100,Very Low,9.633085,6.8510075,Very Low,6.062216,42.9,5.362319,100,1739186100,5.362319
2025-03-14T03:17:00Z,196,29.633,74.2,44,3276.7,255,255,32767,255,655.35,255,32767,0.3,2054-1-18,0.1,0.35,23.67,0.0,0.0,0.0,0,0.908203125,3,158,07:20,19:15,2025-03-14 03:17:00.620129,Marina di Stabia,31.1,6.639279,14.05905,5.7798514,10.930394,EU EEA Common AQI,73.8,6.5582366,13.21546,3600,4.811594,100,100,51.4,8.937198,Very Low,75.5,6.355935,100,1739186100,Very Low,9.633085,6.8510075,Very Low,6.062216,42.9,5.362319,100,1739186100,5.362319
2025-03-14T03:17:12Z,196,29.633,74.2,44,3276.7,255,255,32767,255,655.35,255,32767,0.3,2054-1-18,0.1,0.35,23.67,0.0,0.0,0.0,0,0.908203125,3,158,07:20,19:15,2025-03-14 03:17:12.104125,Marina di Stabia,31.1,6.639279,14.05905,5.7798514,10.930394,EU EEA Common AQI,73.8,6.5582366,13.21546,3600,4.811594,100,100,51.4,8.937198,Very Low,75.5,6.355935,100,1739186100,Very Low,9.633085,6.8510075,Very Low,6.062216,42.9,5.362319,100,1739186100,5.362319
2025-03-14T03:17:23Z,196,29.633,74.2,44,3276.7,255,255,32767,255,655.35,255,32767,0.3,2054-1-18,0.1,0.35,23.67,0.0,0.0,0.0,0,0.908203125,3,158,07:20,19:15,2025-03-14 03:17:23.598119,Marina di Stabia,31.1,6.639279,14.05905,5.7798514,10.930394,EU EEA Common AQI,73.8,6.5582366,13.21546,3600,4.811594,100,100,51.4,8.937198,Very Low,75.5,6.355935,100,1739186100,Very Low,9.633085,6.8510075,Very Low,6.062216,42.9,5.362319,100,1739186100,5.362319
2025-03-14T03:17:35Z,196,29.633,74.2,44,3276.7,255,255,32767,255,655.35,255,32767,0.3,2054-1-18,0.1,0.35,23.67,0.0,0.0,0.0,0,0.908203125,3,158,07:20,19:15,2025-03-14 03:17:35.008114,Marina di Stabia,31.1,6.639279,14.05905,5.7798514,10.930394,EU EEA Common AQI,73.8,6.5582366,13.21546,3600,4.811594,100,100,51.4,8.937198,Very Low,75.5,6.355935,100,1739186100,Very Low,9.633085,6.8510075,Very Low,6.062216,42.9,5.362319,100,1739186100,5.362319
2025-03-14T03:17:46Z,196,29.633,74.2,44,3276.7,255,255,32767,255,655.35,255,32767,0.3,2054-1-18,0.1,0.35,23.67,0.0,0.0,0.0,0,0.908203125,3,158,07:20,19:15,2025-03-14 03:17:46.319121,Marina di Stabia,31.1,6.639279,14.05905,5.7798514,10.930394,EU EEA Common AQI,73.8,6.5582366,13.21546,3600,4.811594,100,100,51.4,8.937198,Very Low,75.5,6.355935,100,1739186100,Very Low,9.633085,6.8510075,Very Low,6.062216,42.9,5.362319,100,1739186100,5.362319
2025-03-14T03:17:58Z,196,29.634,74.0,44,3276.7,255,255,32767,255,655.35,255,32767,0.3,2054-1-18,0.1,0.35,23.67,0.0,0.0,0.0,0,0.908203125,3,158,07:20,19:15,2025-03-14 03:17:57.856122,Marina di Stabia,31.1,6.639279,14.05905,5.7798514,10.930394,EU EEA Common AQI,73.8,6.5582366,13.21546,3600,4.811594,100,100,51.4,8.937198,Very Low,75.5,6.355935,100,1739186100,Very Low,9.633085,6.8510075,Very Low,6.062216,42.9,5.362319,100,1739186100,5.362319
2025-03-14T03:18:09Z,196,29.634,74.0,44,3276.7,255,255,32767,255,655.35,255,32767,0.3,2054-1-18,0.1,0.35,23.67,0.0,0.0,0.0,0,0.908203125,3,158,07:20,19:15,2025-03-14 03:18:09.190139,Marina di Stabia,31.1,6.639279,14.05905,5.7798514,10.930394,EU EEA Common AQI,73.8,6.5582366,13.21546,3600,4.811594,100,100,51.4,8.937198,Very Low,75.5,6.355935,100,1739186100,Very Low,9.633085,6.8510075,Very Low,6.062216,42.9,5.362319,100,1739186100,5.362319
2025-03-14T03:18:20Z,196,29.634,74.0,44,3276.7,255,255,32767,255,655.35,255,32767,0.3,2054-1-18,0.1,0.35,23.67,0.0,0.0,0.0,0,0.908203125,3,158,07:20,19:15,2025-03-14 03:18:20.544123,Marina di Stabia,31.1,6.639279,14.05905,5.7798514,10.930394,EU EEA Common AQI,73.8,6.5582366,13.21546,3600,4.811594,100,100,51.4,8.937198,Very Low,75.5,6.355935,100,1739186100,Very Low,9.633085,6.8510075,Very Low,6.062216,42.9,5.362319,100,1739186100,5.362319
2025-03-14T03:18:32Z,196,29.634,74.0,44,3276.7,255,255,32767,255,655.35,255,32767,0.3,2054-1-18,0.1,0.35,23.67,0.0,0.0,0.0,0,0.908203125,3,158,07:20,19:15,2025-03-14 03:18:31.905119,Marina di Stabia,31.1,6.639279,14.05905,5.7798514,10.930394,EU EEA Common AQI,73.8,6.5582366,13.21546,3600,4.811594,100,100,51.4,8.937198,Very Low,75.5,6.355935,100,1739186100,Very Low,9.633085,6.8510075,Very Low,6.062216,42.9,5.362319,100,1739186100,5.362319
2025-03-14T03:18:43Z,196,29.634,74.0,44,3276.7,255,255,32767,255,655.35,255,32767,0.3,2054-1-18,0.1,0.35,23.67,0.0,0.0,0.0,0,0.908203125,3,158,07:20,19:15,2025-03-14 03:18:43.282123,Marina di Stabia,31.1,6.639279,14.05905,5.7798514,10.930394,EU EEA Common AQI,73.8,6.5582366,13.21546,3600,4.811594,100,100,51.4,8.937198,Very Low,75.5,6.355935,100,1739186100,Very Low,9.633085,6.8510075,Very Low,6.062216,42.9,5.362319,100,1739186100,5.362319
2025-03-14T03:18:54Z,196,29.634,74.0,44,3276.7,255,255,32767,255,655.35,255,32767,0.3,2054-1-18,0.1,0.35,23.67,0.0,0.0,0.0,0,0.908203125,3,158,07:20,19:15,2025-03-14 03:18:54.780129,Marina di Stabia,31.1,6.639279,14.05905,5.7798514,10.930394,EU EEA Common AQI,73.8,6.5582366,13.21546,3600,4.811594,100,100,51.4,8.937198,Very Low,75.5,6.355935,100,1739186100,Very Low,9.633085,6.8510075,Very Low,6.062216,42.9,5.362319,100,1739186100,5.362319
2025-03-14T03:19:06Z,196,29.635,74.0,44,3276.7,255,255,32767,255,655.35,255,32767,0.3,2054-1-18,0.1,0.35,23.67,0.0,0.0,0.0,0,0.908203125,3,158,07:20,19:15,2025-03-14 03:19:06.185119,Marina di Stabia,31.1,6.639279,14.05905,5.7798514,10.930394,EU EEA Common AQI,73.8,6.5582366,13.21546,3600,4.811594,100,100,51.4,8.937198,Very Low,75.5,6.355935,100,1739186100,Very Low,9.633085,6.8510075,Very Low,6.062216,42.9,5.362319,100,1739186100,5.362319
2025-03-14T03:19:17Z,196,29.635,74.0,44,3276.7,255,255,32767,255,655.35,255,32767,0.3,2054-1-18,0.1,0.35,23.67,0.0,0.0,0.0,0,0.908203125,3,158,07:20,19:15,2025-03-14 03:19:17.793121,Marina di Stabia,31.1,6.639279,14.05905,5.7798514,10.930394,EU EEA Common AQI,73.8,6.5582366,13.21546,3600,4.811594,100,100,51.4,8.937198,Very Low,75.5,6.355935,100,1739186100,Very Low,9.633085,6.8510075,Very Low,6.062216,42.9,5.362319,100,1739186100,5.362319
2025-03-14T03:19:29Z,196,29.635,74.0,44,3276.7,255,255,32767,255,655.35,255,32767,0.3,2054-1-18,0.1,0.35,23.67,0.0,0.0,0.0,0,0.908203125,3,158,07:20,19:15,2025-03-14 03:19:29.221131,Marina di Stabia,31.1,6.639279,14.05905,5.7798514,10.930394,EU EEA Common AQI,73.8,6.5582366,13.21546,3600,4.811594,100,100,51.4,8.937198,Very Low,75.5,6.355935,100,1739186100,Very Low,9.633085,6.8510075,Very Low,6.062216,42.9,5.362319,100,1739186100,5.362319
2025-03-14T03:19:40Z,196,29.635,74.0,44,3276.7,255,255,32767,255,655.35,255,32767,0.3,2054-1-18,0.1,0.35,23.67,0.0,0.0,0.0,0,0.908203125,3,158,07:20,19:15,2025-03-14 03:19:40.599122,Marina di Stabia,31.1,6.639279,14.05905,5.7798514,10.930394,EU EEA Common AQI,73.8,6.5582366,13.21546,3600,4.811594,100,100,51.4,8.937198,Very Low,75.5,6.355935,100,1739186100,Very Low,9.633085,6.8510075,Very Low,6.062216,42.9,5.362319,100,1739186100,5.362319
2025-03-14T03:19:52Z,196,29.635,74.0,44,3276.7,255,255,32767,255,655.35,255,32767,0.3,2054-1-18,0.1,0.35,23.67,0.0,0.0,0.0,0,0.908203125,3,158,07:20,19:15,2025-03-14 03:19:51.947094,Marina di Stabia,31.1,6.639279,14.05905,5.7798514,10.930394,EU EEA Common AQI,73.8,6.5582366,13.21546,3600,4.811594,100,100,51.4,8.937198,Very Low,75.5,6.355935,100,1739186100,Very Low,9.633085,6.8510075,Very Low,6.062216,42.9,5.362319,100,1739186100,5.362319
2025-03-14T03:20:03Z,196,29.635,74.0,44,3276.7,255,255,32767,255,655.35,255,32767,0.3,2054-1-18,0.1,0.35,23.67,0.0,0.0,0.0,0,0.9140625,3,158,07:20,19:15,2025-03-14 03:20:03.290121,Marina di Stabia,31.1,6.639279,14.05905,5.7798514,10.930394,EU EEA Common AQI,73.8,6.5582366,13.21546,3600,4.811594,100,100,51.4,8.937198,Very Low,75.5,6.355935,100,1739186100,Very Low,9.633085,6.8510075,Very Low,6.062216,42.9,5.362319,100,1739186100,5.362319
2025-03-14T03:20:14Z,196,29.635,74.0,44,3276.7,255,255,32767,255,655.35,255,32767,0.3,2054-1-18,0.1,0.35,23.67,0.0,0.0,0.0,0,0.9140625,3,158,07:20,19:15,2025-03-14 03:20:14.697134,Marina di Stabia,31.1,6.639279,14.05905,5.7798514,10.930394,EU EEA Common AQI,73.8,6.5582366,13.21546,3600,4.811594,100,100,51.4,8.937198,Very Low,75.5,6.355935,100,1739186100,Very Low,9.633085,6.8510075,Very Low,6.062216,42.9,5.362319,100,1739186100,5.362319
2025-03-14T03:20:26Z,196,29.635,74.0,44,3276.7,255,255,32767,255,655.35,255,32767,0.3,2054-1-18,0.1,0.35,23.67,0.0,0.0,0.0,0,0.9140625,3,158,07:20,19:15,2025-03-14 03:20:26.017124,Marina di Stabia,31.1,6.639279,14.05905,5.7798514,10.930394,EU EEA Common AQI,73.8,6.5582366,13.21546,3600,4.811594,100,100,51.4,8.937198,Very Low,75.5,6.355935,100,1739186100,Very Low,9.633085,6.8510075,Very Low,6.062216,42.9,5.362319,100,1739186100,5.362319
2025-03-14T03:20:37Z,196,29.635,74.0,44,3276.7,255,255,32767,255,655.35,255,32767,0.3,2054-1-18,0.1,0.35,23.67,0.0,0.0,0.0,0,0.9140625,3,158,07:20,19:15,2025-03-14 03:20:37.424132,Marina di Stabia,31.1,6.639279,14.05905,5.7798514,10.930394,EU EEA Common AQI,73.8,6.5582366,13.21546,3600,4.811594,100,100,51.4,8.937198,Very Low,75.5,6.355935,100,1739186100,Very Low,9.633085,6.8510075,Very Low,6.062216,42.9,5.362319,100,1739186100,5.362319
2025-03-14T03:20:49Z,196,29.635,74.0,44,3276.7,255,255,32767,255,655.35,255,32767,0.3,2054-1-18,0.1,0.35,23.67,0.0,0.0,0.0,0,0.9140625,3,158,07:20,19:15,2025-03-14 03:20:48.873085,Marina di Stabia,31.1,6.639279,14.05905,5.7798514,10.930394,EU EEA Common AQI,73.8,6.5582366,13.21546,3600,4.811594,100,100,51.4,8.937198,Very Low,75.5,6.355935,100,1739186100,Very Low,9.633085,6.8510075,Very Low,6.062216,42.9,5.362319,100,1739186100,5.362319
2025-03-14T03:21:00Z,196,29.634,74.0,44,3276.7,255,255,32767,255,655.35,255,32767,0.3,2054-1-18,0.1,0.35,23.67,0.0,0.0,0.0,0,0.943359375,3,158,07:20,19:15,2025-03-14 03:21:00.416087,Marina di Stabia,31.1,6.639279,14.05905,5.7798514,10.930394,EU EEA Common AQI,73.8,6.5582366,13.21546,3600,4.811594,100,100,51.4,8.937198,Very Low,75.5,6.355935,100,1739186100,Very Low,9.633085,6.8510075,Very Low,6.062216,42.9,5.362319,100,1739186100,5.362319
2025-03-14T03:21:12Z,196,29.634,74.0,44,3276.7,255,255,32767,255,655.35,255,32767,0.3,2054-1-18,0.1,0.35,23.67,0.0,0.0,0.0,0,0.943359375,3,158,07:20,19:15,2025-03-14 03:21:12.110113,Marina di Stabia,31.1,6.639279,14.05905,5.7798514,10.930394,EU EEA Common AQI,73.8,6.5582366,13.21546,3600,4.811594,100,100,51.4,8.937198,Very Low,75.5,6.355935,100,1739186100,Very Low,9.633085,6.8510075,Very Low,6.062216,42.9,5.362319,100,1739186100,5.362319
2025-03-14T03:21:23Z,196,29.634,74.0,44,3276.7,255,255,32767,255,655.35,255,32767,0.3,2054-1-18,0.1,0.35,23.67,0.0,0.0,0.0,0,0.943359375,3,158,07:20,19:15,2025-03-14 03:21:23.553125,Marina di Stabia,31.1,6.639279,14.05905,5.7798514,10.930394,EU EEA Common AQI,73.8,6.5582366,13.21546,3600,4.811594,100,100,51.4,8.937198,Very Low,75.5,6.355935,100,1739186100,Very Low,9.633085,6.8510075,Very Low,6.062216,42.9,5.362319,100,1739186100,5.362319
2025-03-14T03:21:35Z,196,29.634,74.0,44,3276.7,255,255,32767,255,655.35,255,32767,0.3,2054-1-18,0.1,0.35,23.67,0.0,0.0,0.0,0,0.943359375,3,158,07:20,19:15,2025-03-14 03:21:34.894120,Marina di Stabia,31.1,6.639279,14.05905,5.7798514,10.930394,EU EEA Common AQI,73.8,6.5582366,13.21546,3600,4.811594,100,100,51.4,8.937198,Very Low,75.5,6.355935,100,1739186100,Very Low,9.633085,6.8510075,Very Low,6.062216,42.9,5.362319,100,1739186100,5.362319
2025-03-14T03:21:46Z,196,29.634,74.0,44,3276.7,255,255,32767,255,655.35,255,32767,0.3,2054-1-18,0.1,0.35,23.67,0.0,0.0,0.0,0,0.943359375,3,158,07:20,19:15,2025-03-14 03:21:46.215122,Marina di Stabia,31.1,6.639279,14.05905,5.7798514,10.930394,EU EEA Common AQI,73.8,6.5582366,13.21546,3600,4.811594,100,100,51.4,8.937198,Very Low,75.5,6.355935,100,1739186100,Very Low,9.633085,6.8510075,Very Low,6.062216,42.9,5.362319,100,1739186100,5.362319
2025-03-14T03:21:57Z,196,29.633,73.9,44,3276.7,255,255,32767,255,655.35,255,32767,0.3,2054-1-18,0.1,0.35,23.67,0.0,0.0,0.0,0,0.9140625,3,158,07:20,19:15,2025-03-14 03:21:57.564122,Marina di Stabia,31.1,6.639279,14.05905,5.7798514,10.930394,EU EEA Common AQI,73.8,6.5582366,13.21546,3600,4.811594,100,100,51.4,8.937198,Very Low,75.5,6.355935,100,1739186100,Very Low,9.633085,6.8510075,Very Low,6.062216,42.9,5.362319,100,1739186100,5.362319
2025-03-14T03:22:09Z,196,29.633,73.9,44,3276.7,255,255,32767,255,655.35,255,32767,0.3,2054-1-18,0.1,0.35,23.67,0.0,0.0,0.0,0,0.9140625,3,158,07:20,19:15,2025-03-14 03:22:08.902127,Marina di Stabia,31.1,6.639279,14.05905,5.7798514,10.930394,EU EEA Common AQI,73.8,6.5582366,13.21546,3600,4.811594,100,100,51.4,8.937198,Very Low,75.5,6.355935,100,1739186100,Very Low,9.633085,6.8510075,Very Low,6.062216,42.9,5.362319,100,1739186100,5.362319
2025-03-14T03:22:20Z,196,29.633,73.9,44,3276.7,255,255,32767,255,655.35,255,32767,0.3,2054-1-18,0.1,0.35,23.67,0.0,0.0,0.0,0,0.9140625,3,158,07:20,19:15,2025-03-14 03:22:20.343130,Marina di Stabia,31.1,6.639279,14.05905,5.7798514,10.930394,EU EEA Common AQI,73.8,6.5582366,13.21546,3600,4.811594,100,100,51.4,8.937198,Very Low,75.5,6.355935,100,1739186100,Very Low,9.633085,6.8510075,Very Low,6.062216,42.9,5.362319,100,1739186100,5.362319
2025-03-14T03:22:31Z,196,29.633,73.9,44,3276.7,255,255,32767,255,655.35,255,32767,0.3,2054-1-18,0.1,0.35,23.67,0.0,0.0,0.0,0,0.9140625,3,158,07:20,19:15,2025-03-14 03:22:31.775132,Marina di Stabia,31.1,6.639279,14.05905,5.7798514,10.930394,EU EEA Common AQI,73.8,6.5582366,13.21546,3600,4.811594,100,100,51.4,8.937198,Very Low,75.5,6.355935,100,1739186100,Very Low,9.633085,6.8510075,Very Low,6.062216,42.9,5.362319,100,1739186100,5.362319
2025-03-14T03:22:43Z,196,29.633,73.9,44,3276.7,255,255,32767,255,655.35,255,32767,0.3,2054-1-18,0.1,0.35,23.67,0.0,0.0,0.0,0,0.9140625,3,158,07:20,19:15,2025-03-14 03:22:43.213117,Marina di Stabia,31.1,6.639279,14.05905,5.7798514,10.930394,EU EEA Common AQI,73.8,6.5582366,13.21546,3600,4.811594,100,100,51.4,8.937198,Very Low,75.5,6.355935,100,1739186100,Very Low,9.633085,6.8510075,Very Low,6.062216,42.9,5.362319,100,1739186100,5.362319
2025-03-14T03:22:54Z,196,29.633,73.9,44,3276.7,255,255,32767,255,655.35,255,32767,0.3,2054-1-18,0.1,0.35,23.67,0.0,0.0,0.0,0,0.9140625,3,158,07:20,19:15,2025-03-14 03:22:54.677109,Marina di Stabia,31.1,6.639279,14.05905,5.7798514,10.930394,EU EEA Common AQI,73.8,6.5582366,13.21546,3600,4.811594,100,100,51.4,8.937198,Very Low,75.5,6.355935,100,1739186100,Very Low,9.633085,6.8510075,Very Low,6.062216,42.9,5.362319,100,1739186100,5.362319
2025-03-14T03:23:06Z,196,29.634,73.9,43,3276.7,255,255,32767,255,655.35,255,32767,0.3,2054-1-18,0.1,0.35,23.67,0.0,0.0,0.0,0,0.9140625,3,158,07:20,19:15,2025-03-14 03:23:05.993118,Marina di Stabia,31.1,6.639279,14.05905,5.7798514,10.930394,EU EEA Common AQI,73.8,6.5582366,13.21546,3600,4.811594,100,100,51.4,8.937198,Very Low,75.5,6.355935,100,1739186100,Very Low,9.633085,6.8510075,Very Low,6.062216,42.9,5.362319,100,1739186100,5.362319
2025-03-14T03:23:17Z,196,29.634,73.9,43,3276.7,255,255,32767,255,655.35,255,32767,0.3,2054-1-18,0.1,0.35,23.67,0.0,0.0,0.0,0,0.9140625,3,158,07:20,19:15,2025-03-14 03:23:17.328116,Marina di Stabia,31.1,6.639279,14.05905,5.7798514,10.930394,EU EEA Common AQI,73.8,6.5582366,13.21546,3600,4.811594,100,100,51.4,8.937198,Very Low,75.5,6.355935,100,1739186100,Very Low,9.633085,6.8510075,Very Low,6.062216,42.9,5.362319,100,1739186100,5.362319
2025-03-14T03:23:28Z,196,29.634,73.9,43,3276.7,255,255,32767,255,655.35,255,32767,0.3,2054-1-18,0.1,0.35,23.67,0.0,0.0,0.0,0,0.9140625,3,158,07:20,19:15,2025-03-14 03:23:28.642127,Marina di Stabia,31.1,6.639279,14.05905,5.7798514,10.930394,EU EEA Common AQI,73.8,6.5582366,13.21546,3600,4.811594,100,100,51.4,8.937198,Very Low,75.5,6.355935,100,1739186100,Very Low,9.633085,6.8510075,Very Low,6.062216,42.9,5.362319,100,1739186100,5.362319
2025-03-14T03:23:40Z,196,29.634,73.9,43,3276.7,255,255,32767,255,655.35,255,32767,0.3,2054-1-18,0.1,0.35,23.67,0.0,0.0,0.0,0,0.9140625,3,158,07:20,19:15,2025-03-14 03:23:40.046130,Marina di Stabia,31.1,6.639279,14.05905,5.7798514,10.930394,EU EEA Common AQI,73.8,6.5582366,13.21546,3600,4.811594,100,100,51.4,8.937198,Very Low,75.5,6.355935,100,1739186100,Very Low,9.633085,6.8510075,Very Low,6.062216,42.9,5.362319,100,1739186100,5.362319
2025-03-14T03:23:51Z,196,29.634,73.9,43,3276.7,255,255,32767,255,655.35,255,32767,0.3,2054-1-18,0.1,0.35,23.67,0.0,0.0,0.0,0,0.9140625,3,158,07:20,19:15,2025-03-14 03:23:51.410122,Marina di Stabia,31.1,6.639279,14.05905,5.7798514,10.930394,EU EEA Common AQI,73.8,6.5582366,13.21546,3600,4.811594,100,100,51.4,8.937198,Very Low,75.5,6.355935,100,1739186100,Very Low,9.633085,6.8510075,Very Low,6.062216,42.9,5.362319,100,1739186100,5.362319
2025-03-14T03:24:02Z,196,29.633,73.9,43,3276.7,255,255,32767,255,655.35,255,32767,0.3,2054-1-18,0.1,0.35,23.67,0.0,0.0,0.0,0,0.9140625,3,158,07:20,19:15,2025-03-14 03:24:02.733125,Marina di Stabia,31.1,6.639279,14.05905,5.7798514,10.930394,EU EEA Common AQI,73.8,6.5582366,13.21546,3600,4.811594,100,100,51.4,8.937198,Very Low,75.5,6.355935,100,1739186100,Very Low,9.633085,6.8510075,Very Low,6.062216,42.9,5.362319,100,1739186100,5.362319
2025-03-14T03:24:14Z,196,29.633,73.9,43,3276.7,255,255,32767,255,655.35,255,32767,0.3,2054-1-18,0.1,0.35,23.67,0.0,0.0,0.0,0,0.9140625,3,158,07:20,19:15,2025-03-14 03:24:14.192087,Marina di Stabia,31.1,6.639279,14.05905,5.7798514,10.930394,EU EEA Common AQI,73.8,6.5582366,13.21546,3600,4.811594,100,100,51.4,8.937198,Very Low,75.5,6.355935,100,1739186100,Very Low,9.633085,6.8510075,Very Low,6.062216,42.9,5.362319,100,1739186100,5.362319
2025-03-14T03:24:25Z,196,29.633,73.9,43,3276.7,255,255,32767,255,655.35,255,32767,0.3,2054-1-18,0.1,0.35,23.67,0.0,0.0,0.0,0,0.9140625,3,158,07:20,19:15,2025-03-14 03:24:25.516119,Marina di Stabia,31.1,6.639279,14.05905,5.7798514,10.930394,EU EEA Common AQI,73.8,6.5582366,13.21546,3600,4.811594,100,100,51.4,8.937198,Very Low,75.5,6.355935,100,1739186100,Very Low,9.633085,6.8510075,Very Low,6.062216,42.9,5.362319,100,1739186100,5.362319
2025-03-14T03:24:37Z,196,29.633,73.9,43,3276.7,255,255,32767,255,655.35,255,32767,0.3,2054-1-18,0.1,0.35,23.67,0.0,0.0,0.0,0,0.9140625,3,158,07:20,19:15,2025-03-14 03:24:36.892147,Marina di Stabia,31.1,6.639279,14.05905,5.7798514,10.930394,EU EEA Common AQI,73.8,6.5582366,13.21546,3600,4.811594,100,100,51.4,8.937198,Very Low,75.5,6.355935,100,1739186100,Very Low,9.633085,6.8510075,Very Low,6.062216,42.9,5.362319,100,1739186100,5.362319
2025-03-14T03:24:48Z,196,29.633,73.9,43,3276.7,255,255,32767,255,655.35,255,32767,0.3,2054-1-18,0.1,0.35,23.67,0.0,0.0,0.0,0,0.9140625,3,158,07:20,19:15,2025-03-14 03:24:48.452105,Marina di Stabia,31.1,6.639279,14.05905,5.7798514,10.930394,EU EEA Common AQI,73.8,6.5582366,13.21546,3600,4.811594,100,100,51.4,8.937198,Very Low,75.5,6.355935,100,1739186100,Very Low,9.633085,6.8510075,Very Low,6.062216,42.9,5.362319,100,1739186100,5.362319
2025-03-14T03:24:59Z,196,29.631,73.9,43,3276.7,255,255,32767,255,655.35,255,32767,0.3,2054-1-18,0.1,0.35,23.67,0.0,0.0,0.0,0,0.9140625,3,158,07:20,19:15,2025-03-14 03:24:59.768089,Marina di Stabia,31.1,6.639279,14.05905,5.7798514,10.930394,EU EEA Common AQI,73.8,6.5582366,13.21546,3600,4.811594,100,100,51.4,8.937198,Very Low,75.5,6.355935,100,1739186100,Very Low,9.633085,6.8510075,Very Low,6.062216,42.9,5.362319,100,1739186100,5.362319
2025-03-14T03:25:11Z,196,29.631,73.9,43,3276.7,255,255,32767,255,655.35,255,32767,0.3,2054-1-18,0.1,0.35,23.67,0.0,0.0,0.0,0,0.9140625,3,158,07:20,19:15,2025-03-14 03:25:11.091137,Marina di Stabia,31.1,6.639279,14.05905,5.7798514,10.930394,EU EEA Common AQI,73.8,6.5582366,13.21546,3600,4.811594,100,100,51.4,8.937198,Very Low,75.5,6.355935,100,1739186100,Very Low,9.633085,6.8510075,Very Low,6.062216,42.9,5.362319,100,1739186100,5.362319
2025-03-14T03:25:22Z,196,29.631,73.9,43,3276.7,255,255,32767,255,655.35,255,32767,0.3,2054-1-18,0.1,0.35,23.67,0.0,0.0,0.0,0,0.9140625,3,158,07:20,19:15,2025-03-14 03:25:22.417140,Marina di Stabia,31.1,6.639279,14.05905,5.7798514,10.930394,EU EEA Common AQI,73.8,6.5582366,13.21546,3600,4.811594,100,100,51.4,8.937198,Very Low,75.5,6.355935,100,1739186100,Very Low,9.633085,6.8510075,Very Low,6.062216,42.9,5.362319,100,1739186100,5.362319
2025-03-14T03:25:34Z,196,29.631,73.9,43,3276.7,255,255,32767,255,655.35,255,32767,0.3,2054-1-18,0.1,0.35,23.67,0.0,0.0,0.0,0,0.9140625,3,158,07:20,19:15,2025-03-14 03:25:33.810128,Marina di Stabia,31.1,6.639279,14.05905,5.7798514,10.930394,EU EEA Common AQI,73.8,6.5582366,13.21546,3600,4.811594,100,100,51.4,8.937198,Very Low,75.5,6.355935,100,1739186100,Very Low,9.633085,6.8510075,Very Low,6.062216,42.9,5.362319,100,1739186100,5.362319
2025-03-14T03:25:45Z,196,29.631,73.9,43,3276.7,255,255,32767,255,655.35,255,32767,0.3,2054-1-18,0.1,0.35,23.67,0.0,0.0,0.0,0,0.9140625,3,158,07:20,19:15,2025-03-14 03:25:45.356125,Marina di Stabia,31.1,6.639279,14.05905,5.7798514,10.930394,EU EEA Common AQI,73.8,6.5582366,13.21546,3600,4.811594,100,100,51.4,8.937198,Very Low,75.5,6.355935,100,1739186100,Very Low,9.633085,6.8510075,Very Low,6.062216,42.9,5.362319,100,1739186100,5.362319
2025-03-14T03:25:57Z,196,29.63,73.9,44,3276.7,255,255,32767,255,655.35,255,32767,0.3,2054-1-18,0.1,0.35,23.67,0.0,0.0,0.0,0,0.9140625,3,158,07:20,19:15,2025-03-14 03:25:57.324123,Marina di Stabia,31.1,6.639279,14.05905,5.7798514,10.930394,EU EEA Common AQI,73.8,6.5582366,13.21546,3600,4.811594,100,100,51.4,8.937198,Very Low,75.5,6.355935,100,1739186100,Very Low,9.633085,6.8510075,Very Low,6.062216,42.9,5.362319,100,1739186100,5.362319
2025-03-14T03:26:08Z,196,29.63,73.9,44,3276.7,255,255,32767,255,655.35,255,32767,0.3,2054-1-18,0.1,0.35,23.67,0.0,0.0,0.0,0,0.9140625,3,158,07:20,19:15,2025-03-14 03:26:08.640108,Marina di Stabia,31.1,6.639279,14.05905,5.7798514,10.930394,EU EEA Common AQI,73.8,6.5582366,13.21546,3600,4.811594,100,100,51.4,8.937198,Very Low,75.5,6.355935,100,1739186100,Very Low,9.633085,6.8510075,Very Low,6.062216,42.9,5.362319,100,1739186100,5.362319
2025-03-14T03:26:20Z,196,29.63,73.9,44,3276.7,255,255,32767,255,655.35,255,32767,0.3,2054-1-18,0.1,0.35,23.67,0.0,0.0,0.0,0,0.9140625,3,158,07:20,19:15,2025-03-14 03:26:20.043113,Marina di Stabia,31.1,6.639279,14.05905,5.7798514,10.930394,EU EEA Common AQI,73.8,6.5582366,13.21546,3600,4.811594,100,100,51.4,8.937198,Very Low,75.5,6.355935,100,1739186100,Very Low,9.633085,6.8510075,Very Low,6.062216,42.9,5.362319,100,1739186100,5.362319
2025-03-14T03:26:31Z,196,29.63,73.9,44,3276.7,255,255,32767,255,655.35,255,32767,0.3,2054-1-18,0.1,0.35,23.67,0.0,0.0,0.0,0,0.9140625,3,158,07:20,19:15,2025-03-14 03:26:31.394125,Marina di Stabia,31.1,6.639279,14.05905,5.7798514,10.930394,EU EEA Common AQI,73.8,6.5582366,13.21546,3600,4.811594,100,100,51.4,8.937198,Very Low,75.5,6.355935,100,1739186100,Very Low,9.633085,6.8510075,Very Low,6.062216,42.9,5.362319,100,1739186100,5.362319
2025-03-14T03:26:43Z,196,29.63,73.9,44,3276.7,255,255,32767,255,655.35,255,32767,0.3,2054-1-18,0.1,0.35,23.67,0.0,0.0,0.0,0,0.9140625,3,158,07:20,19:15,2025-03-14 03:26:42.862133,Marina di Stabia,31.1,6.639279,14.05905,5.7798514,10.930394,EU EEA Common AQI,73.8,6.5582366,13.21546,3600,4.811594,100,100,51.4,8.937198,Very Low,75.5,6.355935,100,1739186100,Very Low,9.633085,6.8510075,Very Low,6.062216,42.9,5.362319,100,1739186100,5.362319
2025-03-14T03:26:54Z,196,29.63,73.9,44,3276.7,255,255,32767,255,655.35,255,32767,0.3,2054-1-18,0.1,0.35,23.67,0.0,0.0,0.0,0,0.9140625,3,158,07:20,19:15,2025-03-14 03:26:54.393089,Marina di Stabia,31.1,6.639279,14.05905,5.7798514,10.930394,EU EEA Common AQI,73.8,6.5582366,13.21546,3600,4.811594,100,100,51.4,8.937198,Very Low,75.5,6.355935,100,1739186100,Very Low,9.633085,6.8510075,Very Low,6.062216,42.9,5.362319,100,1739186100,5.362319
2025-03-14T03:27:05Z,196,29.631,73.9,44,3276.7,255,255,32767,255,655.35,255,32767,0.3,2054-1-18,0.1,0.35,23.67,0.0,0.0,0.0,0,0.9140625,3,158,07:20,19:15,2025-03-14 03:27:05.701086,Marina di Stabia,31.1,6.639279,14.05905,5.7798514,10.930394,EU EEA Common AQI,73.8,6.5582366,13.21546,3600,4.811594,100,100,51.4,8.937198,Very Low,75.5,6.355935,100,1739186100,Very Low,9.633085,6.8510075,Very Low,6.062216,42.9,5.362319,100,1739186100,5.362319
2025-03-14T03:27:17Z,196,29.631,73.9,44,3276.7,255,255,32767,255,655.35,255,32767,0.3,2054-1-18,0.1,0.35,23.67,0.0,0.0,0.0,0,0.9140625,3,158,07:20,19:15,2025-03-14 03:27:17.051113,Marina di Stabia,31.1,6.639279,14.05905,5.7798514,10.930394,EU EEA Common AQI,73.8,6.5582366,13.21546,3600,4.811594,100,100,51.4,8.937198,Very Low,75.5,6.355935,100,1739186100,Very Low,9.633085,6.8510075,Very Low,6.062216,42.9,5.362319,100,1739186100,5.362319
2025-03-14T03:27:28Z,196,29.631,73.9,44,3276.7,255,255,32767,255,655.35,255,32767,0.3,2054-1-18,0.1,0.35,23.67,0.0,0.0,0.0,0,0.9140625,3,158,07:20,19:15,2025-03-14 03:27:28.448123,Marina di Stabia,31.1,6.639279,14.05905,5.7798514,10.930394,EU EEA Common AQI,73.8,6.5582366,13.21546,3600,4.811594,100,100,51.4,8.937198,Very Low,75.5,6.355935,100,1739186100,Very Low,9.633085,6.8510075,Very Low,6.062216,42.9,5.362319,100,1739186100,5.362319
2025-03-14T03:27:39Z,196,29.631,73.9,44,3276.7,255,255,32767,255,655.35,255,32767,0.3,2054-1-18,0.1,0.35,23.67,0.0,0.0,0.0,0,0.9140625,3,158,07:20,19:15,2025-03-14 03:27:39.785121,Marina di Stabia,31.1,6.639279,14.05905,5.7798514,10.930394,EU EEA Common AQI,73.8,6.5582366,13.21546,3600,4.811594,100,100,51.4,8.937198,Very Low,75.5,6.355935,100,1739186100,Very Low,9.633085,6.8510075,Very Low,6.062216,42.9,5.362319,100,1739186100,5.362319
2025-03-14T03:27:51Z,196,29.631,73.9,44,3276.7,255,255,32767,255,655.35,255,32767,0.3,2054-1-18,0.1,0.35,23.67,0.0,0.0,0.0,0,0.9140625,3,158,07:20,19:15,2025-03-14 03:27:51.266123,Marina di Stabia,31.1,6.639279,14.05905,5.7798514,10.930394,EU EEA Common AQI,73.8,6.5582366,13.21546,3600,4.811594,100,100,51.4,8.937198,Very Low,75.5,6.355935,100,1739186100,Very Low,9.633085,6.8510075,Very Low,6.062216,42.9,5.362319,100,1739186100,5.362319
2025-03-14T03:28:02Z,196,29.632,73.9,44,3276.7,255,255,32767,255,655.35,255,32767,0.3,2054-1-18,0.1,0.35,23.67,0.0,0.0,0.0,0,0.9140625,3,158,07:20,19:15,2025-03-14 03:28:02.628137,Marina di Stabia,31.1,6.639279,14.05905,5.7798514,10.930394,EU EEA Common AQI,73.8,6.5582366,13.21546,3600,4.811594,100,100,51.4,8.937198,Very Low,75.5,6.355935,100,1739186100,Very Low,9.633085,6.8510075,Very Low,6.062216,42.9,5.362319,100,1739186100,5.362319
2025-03-14T03:28:14Z,196,29.632,73.9,44,3276.7,255,255,32767,255,655.35,255,32767,0.3,2054-1-18,0.1,0.35,23.67,0.0,0.0,0.0,0,0.9140625,3,158,07:20,19:15,2025-03-14 03:28:13.984128,Marina di Stabia,31.1,6.639279,14.05905,5.7798514,10.930394,EU EEA Common AQI,73.8,6.5582366,13.21546,3600,4.811594,100,100,51.4,8.937198,Very Low,75.5,6.355935,100,1739186100,Very Low,9.633085,6.8510075,Very Low,6.062216,42.9,5.362319,100,1739186100,5.362319
2025-03-14T03:28:25Z,196,29.632,73.9,44,3276.7,255,255,32767,255,655.35,255,32767,0.3,2054-1-18,0.1,0.35,23.67,0.0,0.0,0.0,0,0.9140625,3,158,07:20,19:15,2025-03-14 03:28:25.308125,Marina di Stabia,31.1,6.639279,14.05905,5.7798514,10.930394,EU EEA Common AQI,73.8,6.5582366,13.21546,3600,4.811594,100,100,51.4,8.937198,Very Low,75.5,6.355935,100,1739186100,Very Low,9.633085,6.8510075,Very Low,6.062216,42.9,5.362319,100,1739186100,5.362319
2025-03-14T03:28:36Z,196,29.632,73.9,44,3276.7,255,255,32767,255,655.35,255,32767,0.3,2054-1-18,0.1,0.35,23.67,0.0,0.0,0.0,0,0.9140625,3,158,07:20,19:15,2025-03-14 03:28:36.638117,Marina di Stabia,31.1,6.639279,14.05905,5.7798514,10.930394,EU EEA Common AQI,73.8,6.5582366,13.21546,3600,4.811594,100,100,51.4,8.937198,Very Low,75.5,6.355935,100,1739186100,Very Low,9.633085,6.8510075,Very Low,6.062216,42.9,5.362319,100,1739186100,5.362319
2025-03-14T03:28:48Z,196,29.632,73.9,44,3276.7,255,255,32767,255,655.35,255,32767,0.3,2054-1-18,0.1,0.35,23.67,0.0,0.0,0.0,0,0.9140625,3,158,07:20,19:15,2025-03-14 03:28:48.075127,Marina di Stabia,31.1,6.639279,14.05905,5.7798514,10.930394,EU EEA Common AQI,73.8,6.5582366,13.21546,3600,4.811594,100,100,51.4,8.937198,Very Low,75.5,6.355935,100,1739186100,Very Low,9.633085,6.8510075,Very Low,6.062216,42.9,5.362319,100,1739186100,5.362319
2025-03-14T03:28:59Z,196,29.629,73.9,44,3276.7,255,255,32767,255,655.35,255,32767,0.3,2054-1-18,0.1,0.35,23.67,0.0,0.0,0.0,0,0.9140625,3,158,07:20,19:15,2025-03-14 03:28:59.411125,Marina di Stabia,31.1,6.639279,14.05905,5.7798514,10.930394,EU EEA Common AQI,73.8,6.5582366,13.21546,3600,4.811594,100,100,51.4,8.937198,Very Low,75.5,6.355935,100,1739186100,Very Low,9.633085,6.8510075,Very Low,6.062216,42.9,5.362319,100,1739186100,5.362319
2025-03-14T03:29:11Z,196,29.629,73.9,44,3276.7,255,255,32767,255,655.35,255,32767,0.3,2054-1-18,0.1,0.35,23.67,0.0,0.0,0.0,0,0.9140625,3,158,07:20,19:15,2025-03-14 03:29:10.804143,Marina di Stabia,31.1,6.639279,14.05905,5.7798514,10.930394,EU EEA Common AQI,73.8,6.5582366,13.21546,3600,4.811594,100,100,51.4,8.937198,Very Low,75.5,6.355935,100,1739186100,Very Low,9.633085,6.8510075,Very Low,6.062216,42.9,5.362319,100,1739186100,5.362319
2025-03-14T03:29:22Z,196,29.629,73.9,44,3276.7,255,255,32767,255,655.35,255,32767,0.3,2054-1-18,0.1,0.35,23.67,0.0,0.0,0.0,0,0.9140625,3,158,07:20,19:15,2025-03-14 03:29:22.119130,Marina di Stabia,31.1,6.639279,14.05905,5.7798514,10.930394,EU EEA Common AQI,73.8,6.5582366,13.21546,3600,4.811594,100,100,51.4,8.937198,Very Low,75.5,6.355935,100,1739186100,Very Low,9.633085,6.8510075,Very Low,6.062216,42.9,5.362319,100,1739186100,5.362319
2025-03-14T03:29:33Z,196,29.629,73.9,44,3276.7,255,255,32767,255,655.35,255,32767,0.3,2054-1-18,0.1,0.35,23.67,0.0,0.0,0.0,0,0.9140625,3,158,07:20,19:15,2025-03-14 03:29:33.459099,Marina di Stabia,31.1,6.639279,14.05905,5.7798514,10.930394,EU EEA Common AQI,73.8,6.5582366,13.21546,3600,4.811594,100,100,51.4,8.937198,Very Low,75.5,6.355935,100,1739186100,Very Low,9.633085,6.8510075,Very Low,6.062216,42.9,5.362319,100,1739186100,5.362319
2025-03-14T03:29:45Z,196,29.629,73.9,44,3276.7,255,255,32767,255,655.35,255,32767,0.3,2054-1-18,0.1,0.35,23.67,0.0,0.0,0.0,0,0.9140625,3,158,07:20,19:15,2025-03-14 03:29:44.804082,Marina di Stabia,31.1,6.639279,14.05905,5.7798514,10.930394,EU EEA Common AQI,73.8,6.5582366,13.21546,3600,4.811594,100,100,51.4,8.937198,Very Low,75.5,6.355935,100,1739186100,Very Low,9.633085,6.8510075,Very Low,6.062216,42.9,5.362319,100,1739186100,5.362319
2025-03-14T03:29:56Z,196,29.629,73.9,44,3276.7,255,255,32767,255,655.35,255,32767,0.3,2054-1-18,0.1,0.35,23.67,0.0,0.0,0.0,0,0.9140625,3,158,07:20,19:15,2025-03-14 03:29:56.127140,Marina di Stabia,31.1,6.639279,14.05905,5.7798514,10.930394,EU EEA Common AQI,73.8,6.5582366,13.21546,3600,4.811594,100,100,51.4,8.937198,Very Low,75.5,6.355935,100,1739186100,Very Low,9.633085,6.8510075,Very Low,6.062216,42.9,5.362319,100,1739186100,5.362319
2025-03-14T03:30:07Z,196,29.63,73.9,44,3276.7,255,255,32767,255,655.35,255,32767,0.3,2054-1-18,0.1,0.35,23.67,0.0,0.0,0.0,0,0.919921875,3,158,07:20,19:15,2025-03-14 03:30:07.474130,Marina di Stabia,31.1,6.639279,14.05905,5.7798514,10.930394,EU EEA Common AQI,73.8,6.5582366,13.21546,3600,4.811594,100,100,51.4,8.937198,Very Low,75.5,6.355935,100,1739186100,Very Low,9.633085,6.8510075,Very Low,6.062216,42.9,5.362319,100,1739186100,5.362319
2025-03-14T03:30:19Z,196,29.63,73.9,44,3276.7,255,255,32767,255,655.35,255,32767,0.3,2054-1-18,0.1,0.35,23.67,0.0,0.0,0.0,0,0.919921875,3,158,07:20,19:15,2025-03-14 03:30:18.906141,Marina di Stabia,31.1,6.639279,14.05905,5.7798514,10.930394,EU EEA Common AQI,73.8,6.5582366,13.21546,3600,4.811594,100,100,51.4,8.937198,Very Low,75.5,6.355935,100,1739186100,Very Low,9.633085,6.8510075,Very Low,6.062216,42.9,5.362319,100,1739186100,5.362319
2025-03-14T03:30:30Z,196,29.63,73.9,44,3276.7,255,255,32767,255,655.35,255,32767,0.3,2054-1-18,0.1,0.35,23.67,0.0,0.0,0.0,0,0.919921875,3,158,07:20,19:15,2025-03-14 03:30:30.225131,Marina di Stabia,31.1,6.639279,14.05905,5.7798514,10.930394,EU EEA Common AQI,73.8,6.5582366,13.21546,3600,4.811594,100,100,51.4,8.937198,Very Low,75.5,6.355935,100,1739186100,Very Low,9.633085,6.8510075,Very Low,6.062216,42.9,5.362319,100,1739186100,5.362319
2025-03-14T03:30:41Z,196,29.63,73.9,44,3276.7,255,255,32767,255,655.35,255,32767,0.3,2054-1-18,0.1,0.35,23.67,0.0,0.0,0.0,0,0.919921875,3,158,07:20,19:15,2025-03-14 03:30:41.537120,Marina di Stabia,31.1,6.639279,14.05905,5.7798514,10.930394,EU EEA Common AQI,73.8,6.5582366,13.21546,3600,4.811594,100,100,51.4,8.937198,Very Low,75.5,6.355935,100,1739186100,Very Low,9.633085,6.8510075,Very Low,6.062216,42.9,5.362319,100,1739186100,5.362319
2025-03-14T03:30:53Z,196,29.63,73.9,44,3276.7,255,255,32767,255,655.35,255,32767,0.3,2054-1-18,0.1,0.35,23.67,0.0,0.0,0.0,0,0.919921875,3,158,07:20,19:15,2025-03-14 03:30:52.846132,Marina di Stabia,31.1,6.639279,14.05905,5.7798514,10.930394,EU EEA Common AQI,73.8,6.5582366,13.21546,3600,4.811594,100,100,51.4,8.937198,Very Low,75.5,6.355935,100,1739186100,Very Low,9.633085,6.8510075,Very Low,6.062216,42.9,5.362319,100,1739186100,5.362319
2025-03-14T03:31:04Z,196,29.63,73.9,44,3276.7,255,255,32767,255,655.35,255,32767,0.3,2054-1-18,0.1,0.35,23.67,0.0,0.0,0.0,0,0.919921875,3,158,07:20,19:15,2025-03-14 03:31:04.242124,Marina di Stabia,31.1,6.639279,14.05905,5.7798514,10.930394,EU EEA Common AQI,73.8,6.5582366,13.21546,3600,4.811594,100,100,51.4,8.937198,Very Low,75.5,6.355935,100,1739186100,Very Low,9.633085,6.8510075,Very Low,6.062216,42.9,5.362319,100,1739186100,5.362319
2025-03-14T03:31:15Z,196,29.634,74.0,44,3276.7,255,255,32767,255,655.35,255,32767,0.3,2054-1-18,0.1,0.35,23.67,0.0,0.0,0.0,0,1.76953125,3,158,07:20,19:15,2025-03-14 03:31:15.671111,Marina di Stabia,31.1,6.639279,14.05905,5.7798514,10.930394,EU EEA Common AQI,73.8,6.5582366,13.21546,3600,4.811594,100,100,51.4,8.937198,Very Low,75.5,6.355935,100,1739186100,Very Low,9.633085,6.8510075,Very Low,6.062216,42.9,5.362319,100,1739186100,5.362319
2025-03-14T03:31:27Z,196,29.634,74.0,44,3276.7,255,255,32767,255,655.35,255,32767,0.3,2054-1-18,0.1,0.35,23.67,0.0,0.0,0.0,0,1.76953125,3,158,07:20,19:15,2025-03-14 03:31:27.068127,Marina di Stabia,31.1,6.639279,14.05905,5.7798514,10.930394,EU EEA Common AQI,73.8,6.5582366,13.21546,3600,4.811594,100,100,51.4,8.937198,Very Low,75.5,6.355935,100,1739186100,Very Low,9.633085,6.8510075,Very Low,6.062216,42.9,5.362319,100,1739186100,5.362319
2025-03-14T03:31:38Z,196,29.634,74.0,44,3276.7,255,255,32767,255,655.35,255,32767,0.3,2054-1-18,0.1,0.35,23.67,0.0,0.0,0.0,0,1.76953125,3,158,07:20,19:15,2025-03-14 03:31:38.408116,Marina di Stabia,31.1,6.639279,14.05905,5.7798514,10.930394,EU EEA Common AQI,73.8,6.5582366,13.21546,3600,4.811594,100,100,51.4,8.937198,Very Low,75.5,6.355935,100,1739186100,Very Low,9.633085,6.8510075,Very Low,6.062216,42.9,5.362319,100,1739186100,5.362319
2025-03-14T03:31:49Z,196,29.634,74.0,44,3276.7,255,255,32767,255,655.35,255,32767,0.3,2054-1-18,0.1,0.35,23.67,0.0,0.0,0.0,0,1.76953125,3,158,07:20,19:15,2025-03-14 03:31:49.747122,Marina di Stabia,31.1,6.639279,14.05905,5.7798514,10.930394,EU EEA Common AQI,73.8,6.5582366,13.21546,3600,4.811594,100,100,51.4,8.937198,Very Low,75.5,6.355935,100,1739186100,Very Low,9.633085,6.8510075,Very Low,6.062216,42.9,5.362319,100,1739186100,5.362319
2025-03-14T03:32:01Z,196,29.634,74.0,44,3276.7,255,255,32767,255,655.35,255,32767,0.3,2054-1-18,0.1,0.35,23.67,0.0,0.0,0.0,0,1.76953125,3,158,07:20,19:15,2025-03-14 03:32:01.084134,Marina di Stabia,31.1,6.639279,14.05905,5.7798514,10.930394,EU EEA Common AQI,73.8,6.5582366,13.21546,3600,4.811594,100,100,51.4,8.937198,Very Low,75.5,6.355935,100,1739186100,Very Low,9.633085,6.8510075,Very Low,6.062216,42.9,5.362319,100,1739186100,5.362319
2025-03-14T03:32:12Z,196,29.633,74.2,44,3276.7,255,255,32767,255,655.35,255,32767,0.3,2054-1-18,0.1,0.35,23.67,0.0,0.0,0.0,0,1.828125,3,158,07:20,19:15,2025-03-14 03:32:12.509086,Marina di Stabia,31.1,6.639279,14.05905,5.7798514,10.930394,EU EEA Common AQI,73.8,6.5582366,13.21546,3600,4.811594,100,100,51.4,8.937198,Very Low,75.5,6.355935,100,1739186100,Very Low,9.633085,6.8510075,Very Low,6.062216,42.9,5.362319,100,1739186100,5.362319
2025-03-14T03:32:24Z,196,29.633,74.2,44,3276.7,255,255,32767,255,655.35,255,32767,0.3,2054-1-18,0.1,0.35,23.67,0.0,0.0,0.0,0,1.828125,3,158,07:20,19:15,2025-03-14 03:32:23.939092,Marina di Stabia
2025-03-14T03:32:36Z,196,29.633,74.2,44,3276.7,255,255,32767,255,655.35,255,32767,0.3,2054-1-18,0.1,0.35,23.67,0.0,0.0,0.0,0,1.828125,3,158,07:20,19:15,2025-03-14 03:32:36.137123,Marina di Stabia
2025-03-14T03:32:47Z,196,29.633,74.2,44,3276.7,255,255,32767,255,655.35,255,32767,0.3,2054-1-18,0.1,0.35,23.67,0.0,0.0,0.0,0,1.828125,3,158,07:20,19:15,2025-03-14 03:32:47.456132,Marina di Stabia
2025-03-14T03:32:59Z,196,29.636,74.2,44,3276.7,255,255,32767,255,655.35,255,32767,0.3,2054-1-18,0.1,0.35,23.67,0.0,0.0,0.0,0,0.9140625,3,158,07:20,19:15,2025-03-14 03:32:58.807136,Marina di Stabia
2025-03-14T03:33:10Z,196,29.636,74.2,44,3276.7,255,255,32767,255,655.35,255,32767,0.3,2054-1-18,0.1,0.35,23.67,0.0,0.0,0.0,0,0.9140625,3,158,07:20,19:15,2025-03-14 03:33:10.118122,Marina di Stabia
2025-03-14T03:33:21Z,196,29.636,74.2,44,3276.7,255,255,32767,255,655.35,255,32767,0.3,2054-1-18,0.1,0.35,23.67,0.0,0.0,0.0,0,0.9140625,3,158,07:20,19:15,2025-03-14 03:33:21.513120,Marina di Stabia
2025-03-14T03:33:33Z,196,29.636,74.2,44,3276.7,255,255,32767,255,655.35,255,32767,0.3,2054-1-18,0.1,0.35,23.67,0.0,0.0,0.0,0,0.9140625,3,158,07:20,19:15,2025-03-14 03:33:32.830083,Marina di Stabia
2025-03-14T03:33:44Z,196,29.636,74.2,44,3276.7,255,255,32767,255,655.35,255,32767,0.3,2054-1-18,0.1,0.35,23.67,0.0,0.0,0.0,0,0.9140625,3,158,07:20,19:15,2025-03-14 03:33:44.156095,Marina di Stabia
2025-03-14T03:33:55Z,196,29.636,74.2,44,3276.7,255,255,32767,255,655.35,255,32767,0.3,2054-1-18,0.1,0.35,23.67,0.0,0.0,0.0,0,0.9140625,3,158,07:20,19:15,2025-03-14 03:33:55.492118,Marina di Stabia
2025-03-14T03:34:07Z,196,29.635,74.1,44,3276.7,255,255,32767,255,655.35,255,32767,0.3,2054-1-18,0.1,0.35,23.67,0.0,0.0,0.0,0,0.9140625,3,158,07:20,19:15,2025-03-14 03:34:06.840116,Marina di Stabia
2025-03-14T03:34:18Z,196,29.635,74.1,44,3276.7,255,255,32767,255,655.35,255,32767,0.3,2054-1-18,0.1,0.35,23.67,0.0,0.0,0.0,0,0.9140625,3,158,07:20,19:15,2025-03-14 03:34:18.161085,Marina di Stabia
2025-03-14T03:34:29Z,196,29.635,74.1,44,3276.7,255,255,32767,255,655.35,255,32767,0.3,2054-1-18,0.1,0.35,23.67,0.0,0.0,0.0,0,0.9140625,3,158,07:20,19:15,2025-03-14 03:34:29.574119,Marina di Stabia
2025-03-14T03:34:41Z,196,29.635,74.1,44,3276.7,255,255,32767,255,655.35,255,32767,0.3,2054-1-18,0.1,0.35,23.67,0.0,0.0,0.0,0,0.9140625,3,158,07:20,19:15,2025-03-14 03:34:40.937113,Marina di Stabia
2025-03-14T03:34:52Z,196,29.635,74.1,44,3276.7,255,255,32767,255,655.35,255,32767,0.3,2054-1-18,0.1,0.35,23.67,0.0,0.0,0.0,0,0.9140625,3,158,07:20,19:15,2025-03-14 03:34:52.311088,Marina di Stabia
2025-03-14T03:35:03Z,196,29.637,74.1,43,3276.7,255,255,32767,255,655.35,255,32767,0.3,2054-1-18,0.1,0.35,23.67,0.0,0.0,0.0,0,0.9140625,3,158,07:20,19:15,2025-03-14 03:35:03.661116,Marina di Stabia
2025-03-14T03:35:15Z,196,29.637,74.1,43,3276.7,255,255,32767,255,655.35,255,32767,0.3,2054-1-18,0.1,0.35,23.67,0.0,0.0,0.0,0,0.9140625,3,158,07:20,19:15,2025-03-14 03:35:15.013132,Marina di Stabia
2025-03-14T03:35:26Z,196,29.637,74.1,43,3276.7,255,255,32767,255,655.35,255,32767,0.3,2054-1-18,0.1,0.35,23.67,0.0,0.0,0.0,0,0.9140625,3,158,07:20,19:15,2025-03-14 03:35:26.417127,Marina di Stabia
2025-03-14T03:35:37Z,196,29.637,74.1,43,3276.7,255,255,32767,255,655.35,255,32767,0.3,2054-1-18,0.1,0.35,23.67,0.0,0.0,0.0,0,0.9140625,3,158,07:20,19:15,2025-03-14 03:35:37.759126,Marina di Stabia
2025-03-14T03:35:49Z,196,29.637,74.1,43,3276.7,255,255,32767,255,655.35,255,32767,0.3,2054-1-18,0.1,0.35,23.67,0.0,0.0,0.0,0,0.9140625,3,158,07:20,19:15,2025-03-14 03:35:49.058112,Marina di Stabia
2025-03-14T03:36:00Z,196,29.637,74.0,43,3276.7,255,255,32767,255,655.35,255,32767,0.3,2054-1-18,0.1,0.35,23.67,0.0,0.0,0.0,0,0.9140625,3,158,07:20,19:15,2025-03-14 03:36:00.362129,Marina di Stabia
2025-03-14T03:36:11Z,196,29.637,74.0,43,3276.7,255,255,32767,255,655.35,255,32767,0.3,2054-1-18,0.1,0.35,23.67,0.0,0.0,0.0,0,0.9140625,3,158,07:20,19:15,2025-03-14 03:36:11.789127,Marina di Stabia
2025-03-14T03:36:23Z,196,29.637,74.0,43,3276.7,255,255,32767,255,655.35,255,32767,0.3,2054-1-18,0.1,0.35,23.67,0.0,0.0,0.0,0,0.9140625,3,158,07:20,19:15,2025-03-14 03:36:23.131122,Marina di Stabia
2025-03-14T03:36:34Z,196,29.637,74.0,43,3276.7,255,255,32767,255,655.35,255,32767,0.3,2054-1-18,0.1,0.35,23.67,0.0,0.0,0.0,0,0.9140625,3,158,07:20,19:15,2025-03-14 03:36:34.550134,Marina di Stabia
2025-03-14T03:36:46Z,196,29.637,74.0,43,3276.7,255,255,32767,255,655.35,255,32767,0.3,2054-1-18,0.1,0.35,23.67,0.0,0.0,0.0,0,0.9140625,3,158,07:20,19:15,2025-03-14 03:36:45.955139,Marina di Stabia
2025-03-14T03:36:57Z,196,29.639,74.0,43,3276.7,255,255,32767,255,655.35,255,32767,0.3,2054-1-18,0.1,0.35,23.67,0.0,0.0,0.0,0,0.9140625,3,158,07:20,19:15,2025-03-14 03:36:57.282129,Marina di Stabia
2025-03-14T03:37:08Z,196,29.639,74.0,43,3276.7,255,255,32767,255,655.35,255,32767,0.3,2054-1-18,0.1,0.35,23.67,0.0,0.0,0.0,0,0.9140625,3,158,07:20,19:15,2025-03-14 03:37:08.579092,Marina di Stabia
2025-03-14T03:37:20Z,196,29.639,74.0,43,3276.7,255,255,32767,255,655.35,255,32767,0.3,2054-1-18,0.1,0.35,23.67,0.0,0.0,0.0,0,0.9140625,3,158,07:20,19:15,2025-03-14 03:37:20.137118,Marina di Stabia
2025-03-14T03:37:31Z,196,29.639,74.0,43,3276.7,255,255,32767,255,655.35,255,32767,0.3,2054-1-18,0.1,0.35,23.67,0.0,0.0,0.0,0,0.9140625,3,158,07:20,19:15,2025-03-14 03:37:31.533109,Marina di Stabia
2025-03-14T03:37:43Z,196,29.639,74.0,43,3276.7,255,255,32767,255,655.35,255,32767,0.3,2054-1-18,0.1,0.35,23.67,0.0,0.0,0.0,0,0.9140625,3,158,07:20,19:15,2025-03-14 03:37:42.919123,Marina di Stabia
2025-03-14T03:37:54Z,196,29.639,74.0,43,3276.7,255,255,32767,255,655.35,255,32767,0.3,2054-1-18,0.1,0.35,23.67,0.0,0.0,0.0,0,0.9140625,3,158,07:20,19:15,2025-03-14 03:37:54.246129,Marina di Stabia
2025-03-14T03:38:05Z,196,29.64,74.0,44,3276.7,255,255,32767,255,655.35,255,32767,0.3,2054-1-18,0.1,0.35,23.67,0.0,0.0,0.0,0,0.9140625,3,158,07:20,19:15,2025-03-14 03:38:05.595115,Marina di Stabia
2025-03-14T03:38:17Z,196,29.64,74.0,44,3276.7,255,255,32767,255,655.35,255,32767,0.3,2054-1-18,0.1,0.35,23.67,0.0,0.0,0.0,0,0.9140625,3,158,07:20,19:15,2025-03-14 03:38:17.007114,Marina di Stabia
2025-03-14T03:38:28Z,196,29.64,74.0,44,3276.7,255,255,32767,255,655.35,255,32767,0.3,2054-1-18,0.1,0.35,23.67,0.0,0.0,0.0,0,0.9140625,3,158,07:20,19:15,2025-03-14 03:38:28.338123,Marina di Stabia
2025-03-14T03:38:39Z,196,29.64,74.0,44,3276.7,255,255,32767,255,655.35,255,32767,0.3,2054-1-18,0.1,0.35,23.67,0.0,0.0,0.0,0,0.9140625,3,158,07:20,19:15,2025-03-14 03:38:39.674081,Marina di Stabia
2025-03-14T03:38:51Z,196,29.64,74.0,44,3276.7,255,255,32767,255,655.35,255,32767,0.3,2054-1-18,0.1,0.35,23.67,0.0,0.0,0.0,0,0.9140625,3,158,07:20,19:15,2025-03-14 03:38:51.055128,Marina di Stabia
2025-03-14T03:39:02Z,196,29.638,74.0,44,3276.7,255,255,32767,255,655.35,255,32767,0.3,2054-1-18,0.1,0.35,23.67,0.0,0.0,0.0,0,0.9140625,3,158,07:20,19:15,2025-03-14 03:39:02.396130,Marina di Stabia
2025-03-14T03:39:13Z,196,29.638,74.0,44,3276.7,255,255,32767,255,655.35,255,32767,0.3,2054-1-18,0.1,0.35,23.67,0.0,0.0,0.0,0,0.9140625,3,158,07:20,19:15,2025-03-14 03:39:13.743125,Marina di Stabia
2025-03-14T03:39:25Z,196,29.638,74.0,44,3276.7,255,255,32767,255,655.35,255,32767,0.3,2054-1-18,0.1,0.35,23.67,0.0,0.0,0.0,0,0.9140625,3,158,07:20,19:15,2025-03-14 03:39:25.096122,Marina di Stabia
2025-03-14T03:39:36Z,196,29.638,74.0,44,3276.7,255,255,32767,255,655.35,255,32767,0.3,2054-1-18,0.1,0.35,23.67,0.0,0.0,0.0,0,0.9140625,3,158,07:20,19:15,2025-03-14 03:39:36.438137,Marina di Stabia
2025-03-14T03:39:47Z,196,29.638,74.0,44,3276.7,255,255,32767,255,655.35,255,32767,0.3,2054-1-18,0.1,0.35,23.67,0.0,0.0,0.0,0,0.9140625,3,158,07:20,19:15,2025-03-14 03:39:47.778126,Marina di Stabia
2025-03-14T03:39:59Z,196,29.638,74.0,44,3276.7,255,255,32767,255,655.35,255,32767,0.3,2054-1-18,0.1,0.35,23.67,0.0,0.0,0.0,0,0.9140625,3,158,07:20,19:15,2025-03-14 03:39:59.211133,Marina di Stabia
2025-03-14T03:40:10Z,196,29.638,74.0,44,3276.7,255,255,32767,255,655.35,255,32767,0.3,2054-1-18,0.1,0.35,23.67,0.0,0.0,0.0,0,0.9140625,3,158,07:20,19:15,2025-03-14 03:40:10.530137,Marina di Stabia
2025-03-14T03:40:22Z,196,29.638,74.0,44,3276.7,255,255,32767,255,655.35,255,32767,0.3,2054-1-18,0.1,0.35,23.67,0.0,0.0,0.0,0,0.9140625,3,158,07:20,19:15,2025-03-14 03:40:21.924129,Marina di Stabia
2025-03-14T03:40:33Z,196,29.638,74.0,44,3276.7,255,255,32767,255,655.35,255,32767,0.3,2054-1-18,0.1,0.35,23.67,0.0,0.0,0.0,0,0.9140625,3,158,07:20,19:15,2025-03-14 03:40:33.244139,Marina di Stabia
2025-03-14T03:40:44Z,196,29.638,74.0,44,3276.7,255,255,32767,255,655.35,255,32767,0.3,2054-1-18,0.1,0.35,23.67,0.0,0.0,0.0,0,0.9140625,3,158,07:20,19:15,2025-03-14 03:40:44.557129,Marina di Stabia
2025-03-14T03:40:56Z,196,29.638,74.0,44,3276.7,255,255,32767,255,655.35,255,32767,0.3,2054-1-18,0.1,0.35,23.67,0.0,0.0,0.0,0,0.9140625,3,158,07:20,19:15,2025-03-14 03:40:55.985092,Marina di Stabia
2025-03-14T03:41:07Z,196,29.634,74.0,44,3276.7,255,255,32767,255,655.35,255,32767,0.3,2054-1-18,0.1,0.35,23.67,0.0,0.0,0.0,0,0.94921875,3,158,07:20,19:15,2025-03-14 03:41:07.293122,Marina di Stabia
2025-03-14T03:41:18Z,196,29.634,74.0,44,3276.7,255,255,32767,255,655.35,255,32767,0.3,2054-1-18,0.1,0.35,23.67,0.0,0.0,0.0,0,0.94921875,3,158,07:20,19:15,2025-03-14 03:41:18.662113,Marina di Stabia
2025-03-14T03:41:30Z,196,29.634,74.0,44,3276.7,255,255,32767,255,655.35,255,32767,0.3,2054-1-18,0.1,0.35,23.67,0.0,0.0,0.0,0,0.94921875,3,158,07:20,19:15,2025-03-14 03:41:30.005128,Marina di Stabia
2025-03-14T03:41:41Z,196,29.634,74.0,44,3276.7,255,255,32767,255,655.35,255,32767,0.3,2054-1-18,0.1,0.35,23.67,0.0,0.0,0.0,0,0.94921875,3,158,07:20,19:15,2025-03-14 03:41:41.341123,Marina di Stabia
2025-03-14T03:41:52Z,196,29.634,74.0,44,3276.7,255,255,32767,255,655.35,255,32767,0.3,2054-1-18,0.1,0.35,23.67,0.0,0.0,0.0,0,0.94921875,3,158,07:20,19:15,2025-03-14 03:41:52.726122,Marina di Stabia
2025-03-14T03:42:04Z,196,29.632,73.9,44,3276.7,255,255,32767,255,655.35,255,32767,0.3,2054-1-18,0.1,0.35,23.67,0.0,0.0,0.0,0,0.9140625,3,158,07:20,19:15,2025-03-14 03:42:04.062118,Marina di Stabia
2025-03-14T03:42:15Z,196,29.632,73.9,44,3276.7,255,255,32767,255,655.35,255,32767,0.3,2054-1-18,0.1,0.35,23.67,0.0,0.0,0.0,0,0.9140625,3,158,07:20,19:15,2025-03-14 03:42:15.394122,Marina di Stabia
2025-03-14T03:42:26Z,196,29.632,73.9,44,3276.7,255,255,32767,255,655.35,255,32767,0.3,2054-1-18,0.1,0.35,23.67,0.0,0.0,0.0,0,0.9140625,3,158,07:20,19:15,2025-03-14 03:42:26.738126,Marina di Stabia
2025-03-14T03:42:38Z,196,29.632,73.9,44,3276.7,255,255,32767,255,655.35,255,32767,0.3,2054-1-18,0.1,0.35,23.67,0.0,0.0,0.0,0,0.9140625,3,158,07:20,19:15,2025-03-14 03:42:38.059123,Marina di Stabia
2025-03-14T03:42:49Z,196,29.632,73.9,44,3276.7,255,255,32767,255,655.35,255,32767,0.3,2054-1-18,0.1,0.35,23.67,0.0,0.0,0.0,0,0.9140625,3,158,07:20,19:15,2025-03-14 03:42:49.372131,Marina di Stabia
2025-03-14T03:43:00Z,196,29.63,73.9,44,3276.7,255,255,32767,255,655.35,255,32767,0.3,2054-1-18,0.1,0.35,23.67,0.0,0.0,0.0,0,0.9140625,3,158,07:20,19:15,2025-03-14 03:43:00.794133,Marina di Stabia
2025-03-14T03:43:12Z,196,29.63,73.9,44,3276.7,255,255,32767,255,655.35,255,32767,0.3,2054-1-18,0.1,0.35,23.67,0.0,0.0,0.0,0,0.9140625,3,158,07:20,19:15,2025-03-14 03:43:12.089119,Marina di Stabia
2025-03-14T03:43:23Z,196,29.63,73.9,44,3276.7,255,255,32767,255,655.35,255,32767,0.3,2054-1-18,0.1,0.35,23.67,0.0,0.0,0.0,0,0.9140625,3,158,07:20,19:15,2025-03-14 03:43:23.424086,Marina di Stabia
2025-03-14T03:43:34Z,196,29.63,73.9,44,3276.7,255,255,32767,255,655.35,255,32767,0.3,2054-1-18,0.1,0.35,23.67,0.0,0.0,0.0,0,0.9140625,3,158,07:20,19:15,2025-03-14 03:43:34.728122,Marina di Stabia
2025-03-14T03:43:46Z,196,29.63,73.9,44,3276.7,255,255,32767,255,655.35,255,32767,0.3,2054-1-18,0.1,0.35,23.67,0.0,0.0,0.0,0,0.9140625,3,158,07:20,19:15,2025-03-14 03:43:46.034087,Marina di Stabia
2025-03-14T03:43:57Z,196,29.632,73.9,44,3276.7,255,255,32767,255,655.35,255,32767,0.3,2054-1-18,0.1,0.35,23.67,0.0,0.0,0.0,0,0.9140625,3,158,07:20,19:15,2025-03-14 03:43:57.351121,Marina di Stabia
2025-03-14T03:44:08Z,196,29.632,73.9,44,3276.7,255,255,32767,255,655.35,255,32767,0.3,2054-1-18,0.1,0.35,23.67,0.0,0.0,0.0,0,0.9140625,3,158,07:20,19:15,2025-03-14 03:44:08.741117,Marina di Stabia
2025-03-14T03:44:20Z,196,29.632,73.9,44,3276.7,255,255,32767,255,655.35,255,32767,0.3,2054-1-18,0.1,0.35,23.67,0.0,0.0,0.0,0,0.9140625,3,158,07:20,19:15,2025-03-14 03:44:20.135134,Marina di Stabia
2025-03-14T03:44:31Z,196,29.632,73.9,44,3276.7,255,255,32767,255,655.35,255,32767,0.3,2054-1-18,0.1,0.35,23.67,0.0,0.0,0.0,0,0.9140625,3,158,07:20,19:15,2025-03-14 03:44:31.476122,Marina di Stabia
2025-03-14T03:44:43Z,196,29.632,73.9,44,3276.7,255,255,32767,255,655.35,255,32767,0.3,2054-1-18,0.1,0.35,23.67,0.0,0.0,0.0,0,0.9140625,3,158,07:20,19:15,2025-03-14 03:44:42.804123,Marina di Stabia
2025-03-14T03:44:54Z,196,29.632,73.9,44,3276.7,255,255,32767,255,655.35,255,32767,0.3,2054-1-18,0.1,0.35,23.67,0.0,0.0,0.0,0,0.9140625,3,158,07:20,19:15,2025-03-14 03:44:54.291117,Marina di Stabia
2025-03-14T03:45:05Z,196,29.63,73.9,44,3276.7,255,255,32767,255,655.35,255,32767,0.3,2054-1-18,0.1,0.35,23.67,0.0,0.0,0.0,0,0.9140625,3,158,07:20,19:15,2025-03-14 03:45:05.709129,Marina di Stabia
2025-03-14T03:45:17Z,196,29.63,73.9,44,3276.7,255,255,32767,255,655.35,255,32767,0.3,2054-1-18,0.1,0.35,23.67,0.0,0.0,0.0,0,0.9140625,3,158,07:20,19:15,2025-03-14 03:45:17.007088,Marina di Stabia
2025-03-14T03:45:28Z,196,29.63,73.9,44,3276.7,255,255,32767,255,655.35,255,32767,0.3,2054-1-18,0.1,0.35,23.67,0.0,0.0,0.0,0,0.9140625,3,158,07:20,19:15,2025-03-14 03:45:28.317119,Marina di Stabia
2025-03-14T03:45:39Z,196,29.63,73.9,44,3276.7,255,255,32767,255,655.35,255,32767,0.3,2054-1-18,0.1,0.35,23.67,0.0,0.0,0.0,0,0.9140625,3,158,07:20,19:15,2025-03-14 03:45:39.696146,Marina di Stabia
2025-03-14T03:45:51Z,196,29.63,73.9,44,3276.7,255,255,32767,255,655.35,255,32767,0.3,2054-1-18,0.1,0.35,23.67,0.0,0.0,0.0,0,0.9140625,3,158,07:20,19:15,2025-03-14 03:45:51.080111,Marina di Stabia
2025-03-14T03:46:02Z,196,29.633,73.9,44,3276.7,255,255,32767,255,655.35,255,32767,0.3,2054-1-18,0.1,0.35,23.67,0.0,0.0,0.0,0,1.0078125,3,158,07:20,19:15,2025-03-14 03:46:02.623083,Marina di Stabia
2025-03-14T03:46:14Z,196,29.633,73.9,44,3276.7,255,255,32767,255,655.35,255,32767,0.3,2054-1-18,0.1,0.35,23.67,0.0,0.0,0.0,0,1.0078125,3,158,07:20,19:15,2025-03-14 03:46:14.038121,Marina di Stabia
2025-03-14T03:46:25Z,196,29.633,73.9,44,3276.7,255,255,32767,255,655.35,255,32767,0.3,2054-1-18,0.1,0.35,23.67,0.0,0.0,0.0,0,1.0078125,3,158,07:20,19:15,2025-03-14 03:46:25.373123,Marina di Stabia
2025-03-14T03:46:36Z,196,29.633,73.9,44,3276.7,255,255,32767,255,655.35,255,32767,0.3,2054-1-18,0.1,0.35,23.67,0.0,0.0,0.0,0,1.0078125,3,158,07:20,19:15,2025-03-14 03:46:36.745123,Marina di Stabia
2025-03-14T03:46:48Z,196,29.633,73.9,44,3276.7,255,255,32767,255,655.35,255,32767,0.3,2054-1-18,0.1,0.35,23.67,0.0,0.0,0.0,0,1.0078125,3,158,07:20,19:15,2025-03-14 03:46:48.077113,Marina di Stabia
2025-03-14T03:46:59Z,196,29.631,73.9,44,3276.7,255,255,32767,255,655.35,255,32767,0.3,2054-1-18,0.1,0.35,23.67,0.0,0.0,0.0,0,0.9140625,3,158,07:20,19:15,2025-03-14 03:46:59.414124,Marina di Stabia
2025-03-14T03:47:10Z,196,29.631,73.9,44,3276.7,255,255,32767,255,655.35,255,32767,0.3,2054-1-18,0.1,0.35,23.67,0.0,0.0,0.0,0,0.9140625,3,158,07:20,19:15,2025-03-14 03:47:10.732182,Marina di Stabia
2025-03-14T03:47:22Z,196,29.631,73.9,44,3276.7,255,255,32767,255,655.35,255,32767,0.3,2054-1-18,0.1,0.35,23.67,0.0,0.0,0.0,0,0.9140625,3,158,07:20,19:15,2025-03-14 03:47:22.131123,Marina di Stabia
2025-03-14T03:47:33Z,196,29.631,73.9,44,3276.7,255,255,32767,255,655.35,255,32767,0.3,2054-1-18,0.1,0.35,23.67,0.0,0.0,0.0,0,0.9140625,3,158,07:20,19:15,2025-03-14 03:47:33.530119,Marina di Stabia
2025-03-14T03:47:45Z,196,29.631,73.9,44,3276.7,255,255,32767,255,655.35,255,32767,0.3,2054-1-18,0.1,0.35,23.67,0.0,0.0,0.0,0,0.9140625,3,158,07:20,19:15,2025-03-14 03:47:44.916133,Marina di Stabia
2025-03-14T03:47:56Z,196,29.631,73.9,44,3276.7,255,255,32767,255,655.35,255,32767,0.3,2054-1-18,0.1,0.35,23.67,0.0,0.0,0.0,0,0.9140625,3,158,07:20,19:15,2025-03-14 03:47:56.269118,Marina di Stabia
2025-03-14T03:48:07Z,196,29.629,74.0,43,3276.7,255,255,32767,255,655.35,255,32767,0.3,2054-1-18,0.1,0.35,23.67,0.0,0.0,0.0,0,2.1796875,3,158,07:20,19:15,2025-03-14 03:48:07.612132,Marina di Stabia
2025-03-14T03:48:19Z,196,29.629,74.0,43,3276.7,255,255,32767,255,655.35,255,32767,0.3,2054-1-18,0.1,0.35,23.67,0.0,0.0,0.0,0,2.1796875,3,158,07:20,19:15,2025-03-14 03:48:18.949127,Marina di Stabia
2025-03-14T03:48:30Z,196,29.629,74.0,43,3276.7,255,255,32767,255,655.35,255,32767,0.3,2054-1-18,0.1,0.35,23.67,0.0,0.0,0.0,0,2.1796875,3,158,07:20,19:15,2025-03-14 03:48:30.375122,Marina di Stabia
2025-03-14T03:48:41Z,196,29.629,74.0,43,3276.7,255,255,32767,255,655.35,255,32767,0.3,2054-1-18,0.1,0.35,23.67,0.0,0.0,0.0,0,2.1796875,3,158,07:20,19:15,2025-03-14 03:48:41.700121,Marina di Stabia
2025-03-14T03:48:53Z,196,29.629,74.0,43,3276.7,255,255,32767,255,655.35,255,32767,0.3,2054-1-18,0.1,0.35,23.67,0.0,0.0,0.0,0,2.1796875,3,158,07:20,19:15,2025-03-14 03:48:53.166123,Marina di Stabia
2025-03-14T03:49:04Z,196,29.629,74.0,43,3276.7,255,255,32767,255,655.35,255,32767,0.3,2054-1-18,0.1,0.35,23.67,0.0,0.0,0.0,0,2.1796875,3,158,07:20,19:15,2025-03-14 03:49:04.492131,Marina di Stabia
2025-03-14T03:49:15Z,196,29.629,74.2,43,3276.7,255,255,32767,255,655.35,255,32767,0.3,2054-1-18,0.1,0.35,23.67,0.0,0.0,0.0,0,1.828125,3,158,07:20,19:15,2025-03-14 03:49:15.794125,Marina di Stabia
2025-03-14T03:49:27Z,196,29.629,74.2,43,3276.7,255,255,32767,255,655.35,255,32767,0.3,2054-1-18,0.1,0.35,23.67,0.0,0.0,0.0,0,1.828125,3,158,07:20,19:15,2025-03-14 03:49:27.112089,Marina di Stabia
2025-03-14T03:49:39Z,196,29.629,74.2,43,3276.7,255,255,32767,255,655.35,255,32767,0.3,2054-1-18,0.1,0.35,23.67,0.0,0.0,0.0,0,1.828125,3,158,07:20,19:15,2025-03-14 03:49:39.172118,Marina di Stabia
2025-03-14T03:49:50Z,196,29.629,74.2,43,3276.7,255,255,32767,255,655.35,255,32767,0.3,2054-1-18,0.1,0.35,23.67,0.0,0.0,0.0,0,1.828125,3,158,07:20,19:15,2025-03-14 03:49:50.778124,Marina di Stabia
2025-03-14T03:50:02Z,196,29.632,74.2,43,3276.7,255,255,32767,255,655.35,255,32767,0.3,2054-1-18,0.1,0.35,23.67,0.0,0.0,0.0,0,0.908203125,3,158,07:20,19:15,2025-03-14 03:50:02.735126,Marina di Stabia
2025-03-14T03:50:14Z,196,29.632,74.2,43,3276.7,255,255,32767,255,655.35,255,32767,0.3,2054-1-18,0.1,0.35,23.67,0.0,0.0,0.0,0,0.908203125,3,158,07:20,19:15,2025-03-14 03:50:14.714122,Marina di Stabia
2025-03-14T03:50:27Z,196,29.632,74.2,43,3276.7,255,255,32767,255,655.35,255,32767,0.3,2054-1-18,0.1,0.35,23.67,0.0,0.0,0.0,0,0.908203125,3,158,07:20,19:15,2025-03-14 03:50:27.202133,Marina di Stabia
2025-03-14T03:50:39Z,196,29.632,74.2,43,3276.7,255,255,32767,255,655.35,255,32767,0.3,2054-1-18,0.1,0.35,23.67,0.0,0.0,0.0,0,0.908203125,3,158,07:20,19:15,2025-03-14 03:50:39.291125,Marina di Stabia
2025-03-14T03:50:51Z,196,29.632,74.2,43,3276.7,255,255,32767,255,655.35,255,32767,0.3,2054-1-18,0.1,0.35,23.67,0.0,0.0,0.0,0,0.908203125,3,158,07:20,19:15,2025-03-14 03:50:51.755126,Marina di Stabia
2025-03-14T03:51:03Z,196,29.633,74.1,44,3276.7,255,255,32767,255,655.35,255,32767,0.3,2054-1-18,0.1,0.35,23.67,0.0,0.0,0.0,0,0.943359375,3,158,07:20,19:15,2025-03-14 03:51:03.541123,Marina di Stabia
2025-03-14T03:51:16Z,196,29.633,74.1,44,3276.7,255,255,32767,255,655.35,255,32767,0.3,2054-1-18,0.1,0.35,23.67,0.0,0.0,0.0,0,0.943359375,3,158,07:20,19:15,2025-03-14 03:51:16.108123,Marina di Stabia
2025-03-14T03:51:27Z,196,29.633,74.1,44,3276.7,255,255,32767,255,655.35,255,32767,0.3,2054-1-18,0.1,0.35,23.67,0.0,0.0,0.0,0,0.943359375,3,158,07:20,19:15,2025-03-14 03:51:27.423129,Marina di Stabia
2025-03-14T03:51:39Z,196,29.633,74.1,44,3276.7,255,255,32767,255,655.35,255,32767,0.3,2054-1-18,0.1,0.35,23.67,0.0,0.0,0.0,0,0.943359375,3,158,07:20,19:15,2025-03-14 03:51:39.606113,Marina di Stabia
2025-03-14T03:51:51Z,196,29.633,74.1,44,3276.7,255,255,32767,255,655.35,255,32767,0.3,2054-1-18,0.1,0.35,23.67,0.0,0.0,0.0,0,0.943359375,3,158,07:20,19:15,2025-03-14 03:51:51.443087,Marina di Stabia
2025-03-14T03:52:04Z,196,29.634,74.0,44,3276.7,255,255,32767,255,655.35,255,32767,0.3,2054-1-18,0.1,0.35,23.67,0.0,0.0,0.0,0,0.9140625,3,158,07:20,19:15,2025-03-14 03:52:03.920118,Marina di Stabia
2025-03-14T03:52:16Z,196,29.634,74.0,44,3276.7,255,255,32767,255,655.35,255,32767,0.3,2054-1-18,0.1,0.35,23.67,0.0,0.0,0.0,0,0.9140625,3,158,07:20,19:15,2025-03-14 03:52:15.892081,Marina di Stabia
2025-03-14T03:52:28Z,196,29.634,74.0,44,3276.7,255,255,32767,255,655.35,255,32767,0.3,2054-1-18,0.1,0.35,23.67,0.0,0.0,0.0,0,0.9140625,3,158,07:20,19:15,2025-03-14 03:52:28.399118,Marina di Stabia
2025-03-14T03:52:41Z,196,29.634,74.0,44,3276.7,255,255,32767,255,655.35,255,32767,0.3,2054-1-18,0.1,0.35,23.67,0.0,0.0,0.0,0,0.9140625,3,158,07:20,19:15,2025-03-14 03:52:40.984120,Marina di Stabia
2025-03-14T03:52:53Z,196,29.634,74.0,44,3276.7,255,255,32767,255,655.35,255,32767,0.3,2054-1-18,0.1,0.35,23.67,0.0,0.0,0.0,0,0.9140625,3,158,07:20,19:15,2025-03-14 03:52:53.142084,Marina di Stabia
2025-03-14T03:53:06Z,196,29.633,74.0,44,3276.7,255,255,32767,255,655.35,255,32767,0.3,2054-1-18,0.1,0.35,23.67,0.0,0.0,0.0,0,0.9140625,3,158,07:20,19:15,2025-03-14 03:53:06.316116,Marina di Stabia
2025-03-14T03:53:18Z,196,29.633,74.0,44,3276.7,255,255,32767,255,655.35,255,32767,0.3,2054-1-18,0.1,0.35,23.67,0.0,0.0,0.0,0,0.9140625,3,158,07:20,19:15,2025-03-14 03:53:18.466128,Marina di Stabia
2025-03-14T03:53:31Z,196,29.633,74.0,44,3276.7,255,255,32767,255,655.35,255,32767,0.3,2054-1-18,0.1,0.35,23.67,0.0,0.0,0.0,0,0.9140625,3,158,07:20,19:15,2025-03-14 03:53:31.165112,Marina di Stabia
2025-03-14T03:53:42Z,196,29.633,74.0,44,3276.7,255,255,32767,255,655.35,255,32767,0.3,2054-1-18,0.1,0.35,23.67,0.0,0.0,0.0,0,0.9140625,3,158,07:20,19:15,2025-03-14 03:53:42.498128,Marina di Stabia
2025-03-14T03:53:54Z,196,29.633,74.0,44,3276.7,255,255,32767,255,655.35,255,32767,0.3,2054-1-18,0.1,0.35,23.67,0.0,0.0,0.0,0,0.9140625,3,158,07:20,19:15,2025-03-14 03:53:53.808119,Marina di Stabia
2025-03-14T03:54:05Z,196,29.632,73.9,44,3276.7,255,255,32767,255,655.35,255,32767,0.3,2054-1-18,0.1,0.35,23.67,0.0,0.0,0.0,0,0.9140625,3,158,07:20,19:15,2025-03-14 03:54:05.144136,Marina di Stabia
2025-03-14T03:54:16Z,196,29.632,73.9,44,3276.7,255,255,32767,255,655.35,255,32767,0.3,2054-1-18,0.1,0.35,23.67,0.0,0.0,0.0,0,0.9140625,3,158,07:20,19:15,2025-03-14 03:54:16.499131,Marina di Stabia
2025-03-14T03:54:28Z,196,29.632,73.9,44,3276.7,255,255,32767,255,655.35,255,32767,0.3,2054-1-18,0.1,0.35,23.67,0.0,0.0,0.0,0,0.9140625,3,158,07:20,19:15,2025-03-14 03:54:27.808121,Marina di Stabia
2025-03-14T03:54:39Z,196,29.632,73.9,44,3276.7,255,255,32767,255,655.35,255,32767,0.3,2054-1-18,0.1,0.35,23.67,0.0,0.0,0.0,0,0.9140625,3,158,07:20,19:15,2025-03-14 03:54:39.103126,Marina di Stabia
2025-03-14T03:54:50Z,196,29.632,73.9,44,3276.7,255,255,32767,255,655.35,255,32767,0.3,2054-1-18,0.1,0.35,23.67,0.0,0.0,0.0,0,0.9140625,3,158,07:20,19:15,2025-03-14 03:54:50.525121,Marina di Stabia
2025-03-14T03:55:02Z,196,29.633,74.0,44,3276.7,255,255,32767,255,655.35,255,32767,0.3,2054-1-18,0.1,0.35,23.67,0.0,0.0,0.0,0,0.9140625,3,158,07:20,19:15,2025-03-14 03:55:01.843084,Marina di Stabia
2025-03-14T03:55:13Z,196,29.633,74.0,44,3276.7,255,255,32767,255,655.35,255,32767,0.3,2054-1-18,0.1,0.35,23.67,0.0,0.0,0.0,0,0.9140625,3,158,07:20,19:15,2025-03-14 03:55:13.245128,Marina di Stabia
2025-03-14T03:55:24Z,196,29.633,74.0,44,3276.7,255,255,32767,255,655.35,255,32767,0.3,2054-1-18,0.1,0.35,23.67,0.0,0.0,0.0,0,0.9140625,3,158,07:20,19:15,2025-03-14 03:55:24.566118,Marina di Stabia
2025-03-14T03:55:36Z,196,29.633,74.0,44,3276.7,255,255,32767,255,655.35,255,32767,0.3,2054-1-18,0.1,0.35,23.67,0.0,0.0,0.0,0,0.9140625,3,158,07:20,19:15,2025-03-14 03:55:35.856104,Marina di Stabia
2025-03-14T03:55:47Z,196,29.633,74.0,44,3276.7,255,255,32767,255,655.35,255,32767,0.3,2054-1-18,0.1,0.35,23.67,0.0,0.0,0.0,0,0.9140625,3,158,07:20,19:15,2025-03-14 03:55:47.168125,Marina di Stabia
2025-03-14T03:55:58Z,196,29.632,74.0,44,3276.7,255,255,32767,255,655.35,255,32767,0.3,2054-1-18,0.1,0.35,23.67,0.0,0.0,0.0,0,0.9140625,3,158,07:20,19:15,2025-03-14 03:55:58.586085,Marina di Stabia
2025-03-14T03:56:10Z,196,29.632,74.0,44,3276.7,255,255,32767,255,655.35,255,32767,0.3,2054-1-18,0.1,0.35,23.67,0.0,0.0,0.0,0,0.9140625,3,158,07:20,19:15,2025-03-14 03:56:09.912135,Marina di Stabia
2025-03-14T03:56:21Z,196,29.632,74.0,44,3276.7,255,255,32767,255,655.35,255,32767,0.3,2054-1-18,0.1,0.35,23.67,0.0,0.0,0.0,0,0.9140625,3,158,07:20,19:15,2025-03-14 03:56:21.207123,Marina di Stabia
2025-03-14T03:56:32Z,196,29.632,74.0,44,3276.7,255,255,32767,255,655.35,255,32767,0.3,2054-1-18,0.1,0.35,23.67,0.0,0.0,0.0,0,0.9140625,3,158,07:20,19:15,2025-03-14 03:56:32.525134,Marina di Stabia
2025-03-14T03:56:44Z,196,29.632,74.0,44,3276.7,255,255,32767,255,655.35,255,32767,0.3,2054-1-18,0.1,0.35,23.67,0.0,0.0,0.0,0,0.9140625,3,158,07:20,19:15,2025-03-14 03:56:43.844131,Marina di Stabia
2025-03-14T03:56:55Z,196,29.632,74.0,44,3276.7,255,255,32767,255,655.35,255,32767,0.3,2054-1-18,0.1,0.35,23.67,0.0,0.0,0.0,0,0.9140625,3,158,07:20,19:15,2025-03-14 03:56:55.185097,Marina di Stabia
2025-03-14T03:57:06Z,196,29.633,73.9,44,3276.7,255,255,32767,255,655.35,255,32767,0.3,2054-1-18,0.1,0.35,23.67,0.0,0.0,0.0,0,0.9140625,3,158,07:20,19:15,2025-03-14 03:57:06.619126,Marina di Stabia
2025-03-14T03:57:18Z,196,29.633,73.9,44,3276.7,255,255,32767,255,655.35,255,32767,0.3,2054-1-18,0.1,0.35,23.67,0.0,0.0,0.0,0,0.9140625,3,158,07:20,19:15,2025-03-14 03:57:17.958121,Marina di Stabia
2025-03-14T03:57:29Z,196,29.633,73.9,44,3276.7,255,255,32767,255,655.35,255,32767,0.3,2054-1-18,0.1,0.35,23.67,0.0,0.0,0.0,0,0.9140625,3,158,07:20,19:15,2025-03-14 03:57:29.288128,Marina di Stabia
2025-03-14T03:57:40Z,196,29.633,73.9,44,3276.7,255,255,32767,255,655.35,255,32767,0.3,2054-1-18,0.1,0.35,23.67,0.0,0.0,0.0,0,0.9140625,3,158,07:20,19:15,2025-03-14 03:57:40.611129,Marina di Stabia
2025-03-14T03:57:52Z,196,29.633,73.9,44,3276.7,255,255,32767,255,655.35,255,32767,0.3,2054-1-18,0.1,0.35,23.67,0.0,0.0,0.0,0,0.9140625,3,158,07:20,19:15,2025-03-14 03:57:51.937087,Marina di Stabia
2025-03-14T03:58:03Z,196,29.632,74.0,44,3276.7,255,255,32767,255,655.35,255,32767,0.3,2054-1-18,0.1,0.35,23.67,0.0,0.0,0.0,0,0.9140625,3,158,07:20,19:15,2025-03-14 03:58:03.260123,Marina di Stabia
2025-03-14T03:58:14Z,196,29.632,74.0,44,3276.7,255,255,32767,255,655.35,255,32767,0.3,2054-1-18,0.1,0.35,23.67,0.0,0.0,0.0,0,0.9140625,3,158,07:20,19:15,2025-03-14 03:58:14.748123,Marina di Stabia
2025-03-14T03:58:26Z,196,29.632,74.0,44,3276.7,255,255,32767,255,655.35,255,32767,0.3,2054-1-18,0.1,0.35,23.67,0.0,0.0,0.0,0,0.9140625,3,158,07:20,19:15,2025-03-14 03:58:26.123126,Marina di Stabia
2025-03-14T03:58:37Z,196,29.632,74.0,44,3276.7,255,255,32767,255,655.35,255,32767,0.3,2054-1-18,0.1,0.35,23.67,0.0,0.0,0.0,0,0.9140625,3,158,07:20,19:15,2025-03-14 03:58:37.445127,Marina di Stabia
2025-03-14T03:58:48Z,196,29.632,74.0,44,3276.7,255,255,32767,255,655.35,255,32767,0.3,2054-1-18,0.1,0.35,23.67,0.0,0.0,0.0,0,0.9140625,3,158,07:20,19:15,2025-03-14 03:58:48.761085,Marina di Stabia
2025-03-14T03:59:00Z,196,29.631,73.9,44,3276.7,255,255,32767,255,655.35,255,32767,0.3,2054-1-18,0.1,0.35,23.67,0.0,0.0,0.0,0,0.9140625,3,158,07:20,19:15,2025-03-14 03:59:00.180121,Marina di Stabia
2025-03-14T03:59:11Z,196,29.631,73.9,44,3276.7,255,255,32767,255,655.35,255,32767,0.3,2054-1-18,0.1,0.35,23.67,0.0,0.0,0.0,0,0.9140625,3,158,07:20,19:15,2025-03-14 03:59:11.490138,Marina di Stabia
2025-03-14T03:59:23Z,196,29.631,73.9,44,3276.7,255,255,32767,255,655.35,255,32767,0.3,2054-1-18,0.1,0.35,23.67,0.0,0.0,0.0,0,0.9140625,3,158,07:20,19:15,2025-03-14 03:59:22.919119,Marina di Stabia
2025-03-14T03:59:34Z,196,29.631,73.9,44,3276.7,255,255,32767,255,655.35,255,32767,0.3,2054-1-18,0.1,0.35,23.67,0.0,0.0,0.0,0,0.9140625,3,158,07:20,19:15,2025-03-14 03:59:34.315124,Marina di Stabia
2025-03-14T03:59:45Z,196,29.631,73.9,44,3276.7,255,255,32767,255,655.35,255,32767,0.3,2054-1-18,0.1,0.35,23.67,0.0,0.0,0.0,0,0.9140625,3,158,07:20,19:15,2025-03-14 03:59:45.689131,Marina di Stabia
2025-03-14T03:59:57Z,196,29.631,73.9,43,3276.7,255,255,32767,255,655.35,255,32767,0.3,2054-1-18,0.1,0.35,23.67,0.0,0.0,0.0,0,0.9140625,3,158,07:20,19:15,2025-03-14 03:59:57.024139,Marina di Stabia
2025-03-14T04:00:08Z,196,29.632,73.9,43,3276.7,255,255,32767,255,655.35,255,32767,0.3,2054-1-18,0.1,0.35,23.67,0.0,0.0,0.0,0,0.9140625,3,158,07:20,19:15,2025-03-14 04:00:08.350121,Marina di Stabia,31.1,6.639279,14.05905,5.7798514,10.930394,EU EEA Common AQI,73.8,6.5582366,13.21546,3600,4.811594,100,100,51.4,8.937198,Very Low,75.5,6.355935,100,1739186100,Very Low,9.633085,6.8510075,Very Low,6.062216,42.9,5.362319,100,1739186100,5.362319
2025-03-14T04:00:20Z,196,29.632,73.9,43,3276.7,255,255,32767,255,655.35,255,32767,0.3,2054-1-18,0.1,0.35,23.67,0.0,0.0,0.0,0,0.9140625,3,158,07:20,19:15,2025-03-14 04:00:19.983116,Marina di Stabia,31.1,6.639279,14.05905,5.7798514,10.930394,EU EEA Common AQI,73.8,6.5582366,13.21546,3600,4.811594,100,100,51.4,8.937198,Very Low,75.5,6.355935,100,1739186100,Very Low,9.633085,6.8510075,Very Low,6.062216,42.9,5.362319,100,1739186100,5.362319
2025-03-14T04:00:31Z,196,29.632,73.9,43,3276.7,255,255,32767,255,655.35,255,32767,0.3,2054-1-18,0.1,0.35,23.67,0.0,0.0,0.0,0,0.9140625,3,158,07:20,19:15,2025-03-14 04:00:31.314111,Marina di Stabia,31.1,6.639279,14.05905,5.7798514,10.930394,EU EEA Common AQI,73.8,6.5582366,13.21546,3600,4.811594,100,100,51.4,8.937198,Very Low,75.5,6.355935,100,1739186100,Very Low,9.633085,6.8510075,Very Low,6.062216,42.9,5.362319,100,1739186100,5.362319
2025-03-14T04:00:42Z,196,29.632,73.9,43,3276.7,255,255,32767,255,655.35,255,32767,0.3,2054-1-18,0.1,0.35,23.67,0.0,0.0,0.0,0,0.9140625,3,158,07:20,19:15,2025-03-14 04:00:42.730127,Marina di Stabia,31.1,6.639279,14.05905,5.7798514,10.930394,EU EEA Common AQI,73.8,6.5582366,13.21546,3600,4.811594,100,100,51.4,8.937198,Very Low,75.5,6.355935,100,1739186100,Very Low,9.633085,6.8510075,Very Low,6.062216,42.9,5.362319,100,1739186100,5.362319
2025-03-14T04:00:54Z,196,29.632,73.9,43,3276.7,255,255,32767,255,655.35,255,32767,0.3,2054-1-18,0.1,0.35,23.67,0.0,0.0,0.0,0,0.9140625,3,158,07:20,19:15,2025-03-14 04:00:54.289137,Marina di Stabia,31.1,6.639279,14.05905,5.7798514,10.930394,EU EEA Common AQI,73.8,6.5582366,13.21546,3600,4.811594,100,100,51.4,8.937198,Very Low,75.5,6.355935,100,1739186100,Very Low,9.633085,6.8510075,Very Low,6.062216,42.9,5.362319,100,1739186100,5.362319
2025-03-14T04:01:05Z,196,29.633,73.9,43,3276.7,255,255,32767,255,655.35,255,32767,0.3,2054-1-18,0.1,0.35,23.67,0.0,0.0,0.0,0,1.611328125,6,170,07:20,19:15,2025-03-14 04:01:05.770127,Marina di Stabia,31.1,6.639279,14.05905,5.7798514,10.930394,EU EEA Common AQI,73.8,6.5582366,13.21546,3600,4.811594,100,100,51.4,8.937198,Very Low,75.5,6.355935,100,1739186100,Very Low,9.633085,6.8510075,Very Low,6.062216,42.9,5.362319,100,1739186100,5.362319
2025-03-14T04:01:17Z,196,29.633,73.9,43,3276.7,255,255,32767,255,655.35,255,32767,0.3,2054-1-18,0.1,0.35,23.67,0.0,0.0,0.0,0,1.611328125,6,170,07:20,19:15,2025-03-14 04:01:17.244117,Marina di Stabia,31.1,6.639279,14.05905,5.7798514,10.930394,EU EEA Common AQI,73.8,6.5582366,13.21546,3600,4.811594,100,100,51.4,8.937198,Very Low,75.5,6.355935,100,1739186100,Very Low,9.633085,6.8510075,Very Low,6.062216,42.9,5.362319,100,1739186100,5.362319
2025-03-14T04:01:28Z,196,29.633,73.9,43,3276.7,255,255,32767,255,655.35,255,32767,0.3,2054-1-18,0.1,0.35,23.67,0.0,0.0,0.0,0,1.611328125,6,170,07:20,19:15,2025-03-14 04:01:28.752097,Marina di Stabia,31.1,6.639279,14.05905,5.7798514,10.930394,EU EEA Common AQI,73.8,6.5582366,13.21546,3600,4.811594,100,100,51.4,8.937198,Very Low,75.5,6.355935,100,1739186100,Very Low,9.633085,6.8510075,Very Low,6.062216,42.9,5.362319,100,1739186100,5.362319
2025-03-14T04:01:40Z,196,29.633,73.9,43,3276.7,255,255,32767,255,655.35,255,32767,0.3,2054-1-18,0.1,0.35,23.67,0.0,0.0,0.0,0,1.611328125,6,170,07:20,19:15,2025-03-14 04:01:40.130126,Marina di Stabia,31.1,6.639279,14.05905,5.7798514,10.930394,EU EEA Common AQI,73.8,6.5582366,13.21546,3600,4.811594,100,100,51.4,8.937198,Very Low,75.5,6.355935,100,1739186100,Very Low,9.633085,6.8510075,Very Low,6.062216,42.9,5.362319,100,1739186100,5.362319
2025-03-14T04:01:51Z,196,29.633,73.9,43,3276.7,255,255,32767,255,655.35,255,32767,0.3,2054-1-18,0.1,0.35,23.67,0.0,0.0,0.0,0,1.611328125,6,170,07:20,19:15,2025-03-14 04:01:51.571123,Marina di Stabia,31.1,6.639279,14.05905,5.7798514,10.930394,EU EEA Common AQI,73.8,6.5582366,13.21546,3600,4.811594,100,100,51.4,8.937198,Very Low,75.5,6.355935,100,1739186100,Very Low,9.633085,6.8510075,Very Low,6.062216,42.9,5.362319,100,1739186100,5.362319
2025-03-14T04:02:03Z,196,29.634,73.9,44,3276.7,255,255,32767,255,655.35,255,32767,0.3,2054-1-18,0.1,0.35,23.67,0.0,0.0,0.0,0,0.9140625,6,170,07:20,19:15,2025-03-14 04:02:02.912117,Marina di Stabia,31.1,6.639279,14.05905,5.7798514,10.930394,EU EEA Common AQI,73.8,6.5582366,13.21546,3600,4.811594,100,100,51.4,8.937198,Very Low,75.5,6.355935,100,1739186100,Very Low,9.633085,6.8510075,Very Low,6.062216,42.9,5.362319,100,1739186100,5.362319
2025-03-14T04:02:14Z,196,29.634,73.9,44,3276.7,255,255,32767,255,655.35,255,32767,0.3,2054-1-18,0.1,0.35,23.67,0.0,0.0,0.0,0,0.9140625,6,170,07:20,19:15,2025-03-14 04:02:14.486112,Marina di Stabia,31.1,6.639279,14.05905,5.7798514,10.930394,EU EEA Common AQI,73.8,6.5582366,13.21546,3600,4.811594,100,100,51.4,8.937198,Very Low,75.5,6.355935,100,1739186100,Very Low,9.633085,6.8510075,Very Low,6.062216,42.9,5.362319,100,1739186100,5.362319
2025-03-14T04:02:26Z,196,29.634,73.9,44,3276.7,255,255,32767,255,655.35,255,32767,0.3,2054-1-18,0.1,0.35,23.67,0.0,0.0,0.0,0,0.9140625,6,170,07:20,19:15,2025-03-14 04:02:25.880138,Marina di Stabia,31.1,6.639279,14.05905,5.7798514,10.930394,EU EEA Common AQI,73.8,6.5582366,13.21546,3600,4.811594,100,100,51.4,8.937198,Very Low,75.5,6.355935,100,1739186100,Very Low,9.633085,6.8510075,Very Low,6.062216,42.9,5.362319,100,1739186100,5.362319
2025-03-14T04:02:37Z,196,29.634,73.9,44,3276.7,255,255,32767,255,655.35,255,32767,0.3,2054-1-18,0.1,0.35,23.67,0.0,0.0,0.0,0,0.9140625,6,170,07:20,19:15,2025-03-14 04:02:37.352123,Marina di Stabia,31.1,6.639279,14.05905,5.7798514,10.930394,EU EEA Common AQI,73.8,6.5582366,13.21546,3600,4.811594,100,100,51.4,8.937198,Very Low,75.5,6.355935,100,1739186100,Very Low,9.633085,6.8510075,Very Low,6.062216,42.9,5.362319,100,1739186100,5.362319
2025-03-14T04:02:48Z,196,29.634,73.9,44,3276.7,255,255,32767,255,655.35,255,32767,0.3,2054-1-18,0.1,0.35,23.67,0.0,0.0,0.0,0,0.9140625,6,170,07:20,19:15,2025-03-14 04:02:48.728123,Marina di Stabia,31.1,6.639279,14.05905,5.7798514,10.930394,EU EEA Common AQI,73.8,6.5582366,13.21546,3600,4.811594,100,100,51.4,8.937198,Very Low,75.5,6.355935,100,1739186100,Very Low,9.633085,6.8510075,Very Low,6.062216,42.9,5.362319,100,1739186100,5.362319
2025-03-14T04:03:00Z,196,29.633,73.9,44,3276.7,255,255,32767,255,655.35,255,32767,0.3,2054-1-18,0.1,0.35,23.67,0.0,0.0,0.0,0,0.9140625,6,170,07:20,19:15,2025-03-14 04:03:00.052097,Marina di Stabia,31.1,6.639279,14.05905,5.7798514,10.930394,EU EEA Common AQI,73.8,6.5582366,13.21546,3600,4.811594,100,100,51.4,8.937198,Very Low,75.5,6.355935,100,1739186100,Very Low,9.633085,6.8510075,Very Low,6.062216,42.9,5.362319,100,1739186100,5.362319
2025-03-14T04:03:11Z,196,29.633,73.9,44,3276.7,255,255,32767,255,655.35,255,32767,0.3,2054-1-18,0.1,0.35,23.67,0.0,0.0,0.0,0,0.9140625,6,170,07:20,19:15,2025-03-14 04:03:11.361120,Marina di Stabia,31.1,6.639279,14.05905,5.7798514,10.930394,EU EEA Common AQI,73.8,6.5582366,13.21546,3600,4.811594,100,100,51.4,8.937198,Very Low,75.5,6.355935,100,1739186100,Very Low,9.633085,6.8510075,Very Low,6.062216,42.9,5.362319,100,1739186100,5.362319
2025-03-14T04:03:22Z,196,29.633,73.9,44,3276.7,255,255,32767,255,655.35,255,32767,0.3,2054-1-18,0.1,0.35,23.67,0.0,0.0,0.0,0,0.9140625,6,170,07:20,19:15,2025-03-14 04:03:22.680116,Marina di Stabia,31.1,6.639279,14.05905,5.7798514,10.930394,EU EEA Common AQI,73.8,6.5582366,13.21546,3600,4.811594,100,100,51.4,8.937198,Very Low,75.5,6.355935,100,1739186100,Very Low,9.633085,6.8510075,Very Low,6.062216,42.9,5.362319,100,1739186100,5.362319
2025-03-14T04:03:34Z,196,29.633,73.9,44,3276.7,255,255,32767,255,655.35,255,32767,0.3,2054-1-18,0.1,0.35,23.67,0.0,0.0,0.0,0,0.9140625,6,170,07:20,19:15,2025-03-14 04:03:34.180113,Marina di Stabia,31.1,6.639279,14.05905,5.7798514,10.930394,EU EEA Common AQI,73.8,6.5582366,13.21546,3600,4.811594,100,100,51.4,8.937198,Very Low,75.5,6.355935,100,1739186100,Very Low,9.633085,6.8510075,Very Low,6.062216,42.9,5.362319,100,1739186100,5.362319
2025-03-14T04:03:45Z,196,29.633,73.9,44,3276.7,255,255,32767,255,655.35,255,32767,0.3,2054-1-18,0.1,0.35,23.67,0.0,0.0,0.0,0,0.9140625,6,170,07:20,19:15,2025-03-14 04:03:45.545122,Marina di Stabia,31.1,6.639279,14.05905,5.7798514,10.930394,EU EEA Common AQI,73.8,6.5582366,13.21546,3600,4.811594,100,100,51.4,8.937198,Very Low,75.5,6.355935,100,1739186100,Very Low,9.633085,6.8510075,Very Low,6.062216,42.9,5.362319,100,1739186100,5.362319
2025-03-14T04:03:57Z,196,29.633,73.9,44,3276.7,255,255,32767,255,655.35,255,32767,0.3,2054-1-18,0.1,0.35,23.67,0.0,0.0,0.0,0,0.9140625,6,170,07:20,19:15,2025-03-14 04:03:56.990119,Marina di Stabia,31.1,6.639279,14.05905,5.7798514,10.930394,EU EEA Common AQI,73.8,6.5582366,13.21546,3600,4.811594,100,100,51.4,8.937198,Very Low,75.5,6.355935,100,1739186100,Very Low,9.633085,6.8510075,Very Low,6.062216,42.9,5.362319,100,1739186100,5.362319
2025-03-14T04:04:08Z,196,29.633,73.9,44,3276.7,255,255,32767,255,655.35,255,32767,0.3,2054-1-18,0.1,0.35,23.67,0.0,0.0,0.0,0,0.9140625,6,170,07:20,19:15,2025-03-14 04:04:08.338094,Marina di Stabia,31.1,6.639279,14.05905,5.7798514,10.930394,EU EEA Common AQI,73.8,6.5582366,13.21546,3600,4.811594,100,100,51.4,8.937198,Very Low,75.5,6.355935,100,1739186100,Very Low,9.633085,6.8510075,Very Low,6.062216,42.9,5.362319,100,1739186100,5.362319
2025-03-14T04:04:19Z,196,29.633,73.9,44,3276.7,255,255,32767,255,655.35,255,32767,0.3,2054-1-18,0.1,0.35,23.67,0.0,0.0,0.0,0,0.9140625,6,170,07:20,19:15,2025-03-14 04:04:19.735088,Marina di Stabia,31.1,6.639279,14.05905,5.7798514,10.930394,EU EEA Common AQI,73.8,6.5582366,13.21546,3600,4.811594,100,100,51.4,8.937198,Very Low,75.5,6.355935,100,1739186100,Very Low,9.633085,6.8510075,Very Low,6.062216,42.9,5.362319,100,1739186100,5.362319
2025-03-14T04:04:31Z,196,29.633,73.9,44,3276.7,255,255,32767,255,655.35,255,32767,0.3,2054-1-18,0.1,0.35,23.67,0.0,0.0,0.0,0,0.9140625,6,170,07:20,19:15,2025-03-14 04:04:31.188087,Marina di Stabia,31.1,6.639279,14.05905,5.7798514,10.930394,EU EEA Common AQI,73.8,6.5582366,13.21546,3600,4.811594,100,100,51.4,8.937198,Very Low,75.5,6.355935,100,1739186100,Very Low,9.633085,6.8510075,Very Low,6.062216,42.9,5.362319,100,1739186100,5.362319
2025-03-14T04:04:42Z,196,29.633,73.9,44,3276.7,255,255,32767,255,655.35,255,32767,0.3,2054-1-18,0.1,0.35,23.67,0.0,0.0,0.0,0,0.9140625,6,170,07:20,19:15,2025-03-14 04:04:42.532122,Marina di Stabia,31.1,6.639279,14.05905,5.7798514,10.930394,EU EEA Common AQI,73.8,6.5582366,13.21546,3600,4.811594,100,100,51.4,8.937198,Very Low,75.5,6.355935,100,1739186100,Very Low,9.633085,6.8510075,Very Low,6.062216,42.9,5.362319,100,1739186100,5.362319
2025-03-14T04:04:54Z,196,29.633,73.9,44,3276.7,255,255,32767,255,655.35,255,32767,0.3,2054-1-18,0.1,0.35,23.67,0.0,0.0,0.0,0,0.9140625,6,170,07:20,19:15,2025-03-14 04:04:53.859126,Marina di Stabia,31.1,6.639279,14.05905,5.7798514,10.930394,EU EEA Common AQI,73.8,6.5582366,13.21546,3600,4.811594,100,100,51.4,8.937198,Very Low,75.5,6.355935,100,1739186100,Very Low,9.633085,6.8510075,Very Low,6.062216,42.9,5.362319,100,1739186100,5.362319
2025-03-14T04:05:05Z,196,29.633,73.9,44,3276.7,255,255,32767,255,655.35,255,32767,0.3,2054-1-18,0.1,0.35,23.67,0.0,0.0,0.0,0,0.9140625,6,170,07:20,19:15,2025-03-14 04:05:05.294087,Marina di Stabia,31.1,6.639279,14.05905,5.7798514,10.930394,EU EEA Common AQI,73.8,6.5582366,13.21546,3600,4.811594,100,100,51.4,8.937198,Very Low,75.5,6.355935,100,1739186100,Very Low,9.633085,6.8510075,Very Low,6.062216,42.9,5.362319,100,1739186100,5.362319
2025-03-14T04:05:17Z,196,29.638,74.0,44,3276.7,255,255,32767,255,655.35,255,32767,0.3,2054-1-18,0.1,0.35,23.67,0.0,0.0,0.0,0,1.81640625,6,170,07:20,19:15,2025-03-14 04:05:16.816123,Marina di Stabia,31.1,6.639279,14.05905,5.7798514,10.930394,EU EEA Common AQI,73.8,6.5582366,13.21546,3600,4.811594,100,100,51.4,8.937198,Very Low,75.5,6.355935,100,1739186100,Very Low,9.633085,6.8510075,Very Low,6.062216,42.9,5.362319,100,1739186100,5.362319
2025-03-14T04:05:28Z,196,29.638,74.0,44,58.8,6,255,110,255,655.35,255,32767,0.3,2054-1-18,0.1,0.35,23.67,0.0,0.0,0.0,0,1.81640625,6,170,07:20,19:15,2025-03-14 04:05:28.172124,Marina di Stabia,31.1,6.639279,14.05905,5.7798514,10.930394,EU EEA Common AQI,73.8,6.5582366,13.21546,3600,4.811594,100,100,51.4,8.937198,Very Low,75.5,6.355935,100,1739186100,Very Low,9.633085,6.8510075,Very Low,6.062216,42.9,5.362319,100,1739186100,5.362319
2025-03-14T04:05:39Z,196,29.638,74.0,44,58.9,5,255,74,255,655.35,255,32767,0.3,2054-1-18,0.1,0.35,23.67,0.0,0.0,0.0,0,1.81640625,6,170,07:20,19:15,2025-03-14 04:05:39.608094,Marina di Stabia,31.1,6.639279,14.05905,5.7798514,10.930394,EU EEA Common AQI,73.8,6.5582366,13.21546,3600,4.811594,100,100,51.4,8.937198,Very Low,75.5,6.355935,100,1739186100,Very Low,9.633085,6.8510075,Very Low,6.062216,42.9,5.362319,100,1739186100,5.362319
2025-03-14T04:05:51Z,196,29.638,74.0,44,58.9,5,255,74,255,655.35,255,32767,0.3,2054-1-18,0.1,0.35,23.67,0.0,0.0,0.0,0,1.81640625,6,170,07:20,19:15,2025-03-14 04:05:51.141116,Marina di Stabia,31.1,6.639279,14.05905,5.7798514,10.930394,EU EEA Common AQI,73.8,6.5582366,13.21546,3600,4.811594,100,100,51.4,8.937198,Very Low,75.5,6.355935,100,1739186100,Very Low,9.633085,6.8510075,Very Low,6.062216,42.9,5.362319,100,1739186100,5.362319
2025-03-14T04:06:02Z,196,29.637,74.1,44,58.9,9,255,74,255,0.0,255,32767,0.3,2054-1-18,0.1,0.35,23.67,0.0,0.0,0.0,0,1.025390625,6,170,07:20,19:15,2025-03-14 04:06:02.499126,Marina di Stabia,31.1,6.639279,14.05905,5.7798514,10.930394,EU EEA Common AQI,73.8,6.5582366,13.21546,3600,4.811594,100,100,51.4,8.937198,Very Low,75.5,6.355935,100,1739186100,Very Low,9.633085,6.8510075,Very Low,6.062216,42.9,5.362319,100,1739186100,5.362319
2025-03-14T04:06:14Z,196,29.637,74.1,44,58.9,9,255,74,255,0.0,255,32767,0.3,2054-1-18,0.1,0.35,23.67,0.0,0.0,0.0,0,1.025390625,6,170,07:20,19:15,2025-03-14 04:06:13.867127,Marina di Stabia,31.1,6.639279,14.05905,5.7798514,10.930394,EU EEA Common AQI,73.8,6.5582366,13.21546,3600,4.811594,100,100,51.4,8.937198,Very Low,75.5,6.355935,100,1739186100,Very Low,9.633085,6.8510075,Very Low,6.062216,42.9,5.362319,100,1739186100,5.362319
2025-03-14T04:06:25Z,196,29.637,74.1,44,58.9,10,255,108,255,0.0,255,32767,0.3,2054-1-18,0.1,0.35,23.67,0.0,0.0,0.0,0,1.025390625,6,170,07:20,19:15,2025-03-14 04:06:25.211123,Marina di Stabia,31.1,6.639279,14.05905,5.7798514,10.930394,EU EEA Common AQI,73.8,6.5582366,13.21546,3600,4.811594,100,100,51.4,8.937198,Very Low,75.5,6.355935,100,1739186100,Very Low,9.633085,6.8510075,Very Low,6.062216,42.9,5.362319,100,1739186100,5.362319
2025-03-14T04:06:36Z,196,29.637,74.1,44,59.2,11,255,113,255,0.0,255,32767,0.3,2054-1-18,0.1,0.35,23.67,0.0,0.0,0.0,0,1.025390625,6,170,07:20,19:15,2025-03-14 04:06:36.629136,Marina di Stabia,31.1,6.639279,14.05905,5.7798514,10.930394,EU EEA Common AQI,73.8,6.5582366,13.21546,3600,4.811594,100,100,51.4,8.937198,Very Low,75.5,6.355935,100,1739186100,Very Low,9.633085,6.8510075,Very Low,6.062216,42.9,5.362319,100,1739186100,5.362319
2025-03-14T04:06:48Z,196,29.637,74.1,44,59.2,6,255,116,255,0.0,255,32767,0.3,2054-1-18,0.1,0.35,23.67,0.0,0.0,0.0,0,1.025390625,6,170,07:20,19:15,2025-03-14 04:06:47.975130,Marina di Stabia,31.1,6.639279,14.05905,5.7798514,10.930394,EU EEA Common AQI,73.8,6.5582366,13.21546,3600,4.811594,100,100,51.4,8.937198,Very Low,75.5,6.355935,100,1739186100,Very Low,9.633085,6.8510075,Very Low,6.062216,42.9,5.362319,100,1739186100,5.362319
2025-03-14T04:06:59Z,196,29.635,74.0,44,59.2,6,255,116,255,0.0,255,32767,0.3,2054-1-18,0.1,0.35,23.67,0.0,0.0,0.0,0,0.97265625,6,170,07:20,19:15,2025-03-14 04:06:59.359120,Marina di Stabia,31.1,6.639279,14.05905,5.7798514,10.930394,EU EEA Common AQI,73.8,6.5582366,13.21546,3600,4.811594,100,100,51.4,8.937198,Very Low,75.5,6.355935,100,1739186100,Very Low,9.633085,6.8510075,Very Low,6.062216,42.9,5.362319,100,1739186100,5.362319
2025-03-14T04:07:10Z,196,29.635,74.0,44,59.4,7,255,110,255,0.0,255,32767,0.3,2054-1-18,0.1,0.35,23.67,0.0,0.0,0.0,0,0.97265625,6,170,07:20,19:15,2025-03-14 04:07:10.717171,Marina di Stabia,31.1,6.639279,14.05905,5.7798514,10.930394,EU EEA Common AQI,73.8,6.5582366,13.21546,3600,4.811594,100,100,51.4,8.937198,Very Low,75.5,6.355935,100,1739186100,Very Low,9.633085,6.8510075,Very Low,6.062216,42.9,5.362319,100,1739186100,5.362319
2025-03-14T04:07:22Z,196,29.635,74.0,44,59.5,8,255,126,255,0.0,255,32767,0.3,2054-1-18,0.1,0.35,23.67,0.0,0.0,0.0,0,0.97265625,6,170,07:20,19:15,2025-03-14 04:07:22.067084,Marina di Stabia,31.1,6.639279,14.05905,5.7798514,10.930394,EU EEA Common AQI,73.8,6.5582366,13.21546,3600,4.811594,100,100,51.4,8.937198,Very Low,75.5,6.355935,100,1739186100,Very Low,9.633085,6.8510075,Very Low,6.062216,42.9,5.362319,100,1739186100,5.362319
2025-03-14T04:07:33Z,196,29.635,74.0,44,59.5,8,255,110,255,0.0,255,32767,0.3,2054-1-18,0.1,0.35,23.67,0.0,0.0,0.0,0,0.97265625,6,170,07:20,19:15,2025-03-14 04:07:33.387092,Marina di Stabia,31.1,6.639279,14.05905,5.7798514,10.930394,EU EEA Common AQI,73.8,6.5582366,13.21546,3600,4.811594,100,100,51.4,8.937198,Very Low,75.5,6.355935,100,1739186100,Very Low,9.633085,6.8510075,Very Low,6.062216,42.9,5.362319,100,1739186100,5.362319
2025-03-14T04:07:45Z,196,29.635,74.0,44,59.5,8,255,110,255,0.0,255,32767,0.3,2054-1-18,0.1,0.35,23.67,0.0,0.0,0.0,0,0.97265625,6,170,07:20,19:15,2025-03-14 04:07:44.874129,Marina di Stabia,31.1,6.639279,14.05905,5.7798514,10.930394,EU EEA Common AQI,73.8,6.5582366,13.21546,3600,4.811594,100,100,51.4,8.937198,Very Low,75.5,6.355935,100,1739186100,Very Low,9.633085,6.8510075,Very Low,6.062216,42.9,5.362319,100,1739186100,5.362319
2025-03-14T04:07:56Z,196,29.635,74.0,44,59.6,6,255,107,255,0.0,255,32767,0.3,2054-1-18,0.1,0.35,23.67,0.0,0.0,0.0,0,0.97265625,6,170,07:20,19:15,2025-03-14 04:07:56.219128,Marina di Stabia,31.1,6.639279,14.05905,5.7798514,10.930394,EU EEA Common AQI,73.8,6.5582366,13.21546,3600,4.811594,100,100,51.4,8.937198,Very Low,75.5,6.355935,100,1739186100,Very Low,9.633085,6.8510075,Very Low,6.062216,42.9,5.362319,100,1739186100,5.362319
2025-03-14T04:08:07Z,196,29.635,74.0,44,59.6,7,255,111,72,0.0,255,32767,0.3,2054-1-18,0.1,0.35,23.67,0.0,0.0,0.0,0,1.376953125,6,170,07:20,19:15,2025-03-14 04:08:07.597126,Marina di Stabia,31.1,6.639279,14.05905,5.7798514,10.930394,EU EEA Common AQI,73.8,6.5582366,13.21546,3600,4.811594,100,100,51.4,8.937198,Very Low,75.5,6.355935,100,1739186100,Very Low,9.633085,6.8510075,Very Low,6.062216,42.9,5.362319,100,1739186100,5.362319
2025-03-14T04:08:19Z,196,29.635,74.0,44,59.6,9,255,130,72,0.0,255,32767,0.3,2054-1-18,0.1,0.35,23.67,0.0,0.0,0.0,0,1.376953125,6,170,07:20,19:15,2025-03-14 04:08:18.937131,Marina di Stabia,31.1,6.639279,14.05905,5.7798514,10.930394,EU EEA Common AQI,73.8,6.5582366,13.21546,3600,4.811594,100,100,51.4,8.937198,Very Low,75.5,6.355935,100,1739186100,Very Low,9.633085,6.8510075,Very Low,6.062216,42.9,5.362319,100,1739186100,5.362319
2025-03-14T04:08:30Z,196,29.635,74.0,44,59.7,10,255,108,72,0.0,255,32767,0.3,2054-1-18,0.1,0.35,23.67,0.0,0.0,0.0,0,1.376953125,6,170,07:20,19:15,2025-03-14 04:08:30.320118,Marina di Stabia,31.1,6.639279,14.05905,5.7798514,10.930394,EU EEA Common AQI,73.8,6.5582366,13.21546,3600,4.811594,100,100,51.4,8.937198,Very Low,75.5,6.355935,100,1739186100,Very Low,9.633085,6.8510075,Very Low,6.062216,42.9,5.362319,100,1739186100,5.362319
2025-03-14T04:08:41Z,196,29.635,74.0,44,59.7,7,255,250,72,0.0,255,32767,0.3,2054-1-18,0.1,0.35,23.67,0.0,0.0,0.0,0,1.376953125,6,170,07:20,19:15,2025-03-14 04:08:41.737119,Marina di Stabia,31.1,6.639279,14.05905,5.7798514,10.930394,EU EEA Common AQI,73.8,6.5582366,13.21546,3600,4.811594,100,100,51.4,8.937198,Very Low,75.5,6.355935,100,1739186100,Very Low,9.633085,6.8510075,Very Low,6.062216,42.9,5.362319,100,1739186100,5.362319
2025-03-14T04:08:53Z,196,29.635,74.0,44,59.7,7,255,250,72,0.0,255,32767,0.3,2054-1-18,0.1,0.35,23.67,0.0,0.0,0.0,0,1.376953125,6,170,07:20,19:15,2025-03-14 04:08:53.164140,Marina di Stabia,31.1,6.639279,14.05905,5.7798514,10.930394,EU EEA Common AQI,73.8,6.5582366,13.21546,3600,4.811594,100,100,51.4,8.937198,Very Low,75.5,6.355935,100,1739186100,Very Low,9.633085,6.8510075,Very Low,6.062216,42.9,5.362319,100,1739186100,5.362319
2025-03-14T04:09:04Z,196,29.634,74.0,44,59.7,7,255,250,72,0.0,255,32767,0.3,2054-1-18,0.1,0.35,23.67,0.0,0.0,0.0,0,0.978515625,6,170,07:20,19:15,2025-03-14 04:09:04.621121,Marina di Stabia,31.1,6.639279,14.05905,5.7798514,10.930394,EU EEA Common AQI,73.8,6.5582366,13.21546,3600,4.811594,100,100,51.4,8.937198,Very Low,75.5,6.355935,100,1739186100,Very Low,9.633085,6.8510075,Very Low,6.062216,42.9,5.362319,100,1739186100,5.362319
2025-03-14T04:09:16Z,196,29.634,74.0,44,59.7,11,255,96,72,0.0,255,32767,0.3,2054-1-18,0.1,0.35,23.67,0.0,0.0,0.0,0,0.978515625,6,170,07:20,19:15,2025-03-14 04:09:16.135127,Marina di Stabia,31.1,6.639279,14.05905,5.7798514,10.930394,EU EEA Common AQI,73.8,6.5582366,13.21546,3600,4.811594,100,100,51.4,8.937198,Very Low,75.5,6.355935,100,1739186100,Very Low,9.633085,6.8510075,Very Low,6.062216,42.9,5.362319,100,1739186100,5.362319
2025-03-14T04:09:27Z,196,29.634,74.0,44,59.7,13,255,106,72,0.0,255,32767,0.3,2054-1-18,0.1,0.35,23.67,0.0,0.0,0.0,0,0.978515625,6,170,07:20,19:15,2025-03-14 04:09:27.591124,Marina di Stabia,31.1,6.639279,14.05905,5.7798514,10.930394,EU EEA Common AQI,73.8,6.5582366,13.21546,3600,4.811594,100,100,51.4,8.937198,Very Low,75.5,6.355935,100,1739186100,Very Low,9.633085,6.8510075,Very Low,6.062216,42.9,5.362319,100,1739186100,5.362319
2025-03-14T04:09:39Z,196,29.634,74.0,44,59.9,11,255,120,72,0.0,255,32767,0.3,2054-1-18,0.1,0.35,23.67,0.0,0.0,0.0,0,0.978515625,6,170,07:20,19:15,2025-03-14 04:09:38.937128,Marina di Stabia,31.1,6.639279,14.05905,5.7798514,10.930394,EU EEA Common AQI,73.8,6.5582366,13.21546,3600,4.811594,100,100,51.4,8.937198,Very Low,75.5,6.355935,100,1739186100,Very Low,9.633085,6.8510075,Very Low,6.062216,42.9,5.362319,100,1739186100,5.362319
2025-03-14T04:09:50Z,196,29.634,74.0,44,59.9,11,255,120,72,0.0,255,32767,0.3,2054-1-18,0.1,0.35,23.67,0.0,0.0,0.0,0,0.978515625,6,170,07:20,19:15,2025-03-14 04:09:50.338128,Marina di Stabia,31.1,6.639279,14.05905,5.7798514,10.930394,EU EEA Common AQI,73.8,6.5582366,13.21546,3600,4.811594,100,100,51.4,8.937198,Very Low,75.5,6.355935,100,1739186100,Very Low,9.633085,6.8510075,Very Low,6.062216,42.9,5.362319,100,1739186100,5.362319
2025-03-14T04:10:01Z,196,29.627,73.9,44,59.9,5,255,314,72,0.0,255,32767,0.3,2054-1-18,0.1,0.35,23.67,0.0,0.0,0.0,0,0.97265625,6,170,07:20,19:15,2025-03-14 04:10:01.760128,Marina di Stabia,31.1,6.639279,14.05905,5.7798514,10.930394,EU EEA Common AQI,73.8,6.5582366,13.21546,3600,4.811594,100,100,51.4,8.937198,Very Low,75.5,6.355935,100,1739186100,Very Low,9.633085,6.8510075,Very Low,6.062216,42.9,5.362319,100,1739186100,5.362319
2025-03-14T04:10:13Z,196,29.627,73.9,44,59.9,9,255,113,72,0.0,255,32767,0.3,2054-1-18,0.1,0.35,23.67,0.0,0.0,0.0,0,0.97265625,6,170,07:20,19:15,2025-03-14 04:10:13.097119,Marina di Stabia,31.1,6.639279,14.05905,5.7798514,10.930394,EU EEA Common AQI,73.8,6.5582366,13.21546,3600,4.811594,100,100,51.4,8.937198,Very Low,75.5,6.355935,100,1739186100,Very Low,9.633085,6.8510075,Very Low,6.062216,42.9,5.362319,100,1739186100,5.362319
2025-03-14T04:10:24Z,196,29.627,73.9,44,59.9,9,255,113,72,0.0,255,32767,0.3,2054-1-18,0.1,0.35,23.67,0.0,0.0,0.0,0,0.97265625,6,170,07:20,19:15,2025-03-14 04:10:24.465112,Marina di Stabia,31.1,6.639279,14.05905,5.7798514,10.930394,EU EEA Common AQI,73.8,6.5582366,13.21546,3600,4.811594,100,100,51.4,8.937198,Very Low,75.5,6.355935,100,1739186100,Very Low,9.633085,6.8510075,Very Low,6.062216,42.9,5.362319,100,1739186100,5.362319
2025-03-14T04:10:36Z,196,29.627,73.9,44,59.9,14,255,108,72,0.0,255,32767,0.3,2054-1-18,0.1,0.35,23.67,0.0,0.0,0.0,0,0.97265625,6,170,07:20,19:15,2025-03-14 04:10:35.833123,Marina di Stabia,31.1,6.639279,14.05905,5.7798514,10.930394,EU EEA Common AQI,73.8,6.5582366,13.21546,3600,4.811594,100,100,51.4,8.937198,Very Low,75.5,6.355935,100,1739186100,Very Low,9.633085,6.8510075,Very Low,6.062216,42.9,5.362319,100,1739186100,5.362319
2025-03-14T04:10:47Z,196,29.627,73.9,44,59.9,6,255,150,70,0.0,255,32767,0.3,2054-1-18,0.1,0.35,23.67,0.0,0.0,0.0,0,0.97265625,6,170,07:20,19:15,2025-03-14 04:10:47.152127,Marina di Stabia,31.1,6.639279,14.05905,5.7798514,10.930394,EU EEA Common AQI,73.8,6.5582366,13.21546,3600,4.811594,100,100,51.4,8.937198,Very Low,75.5,6.355935,100,1739186100,Very Low,9.633085,6.8510075,Very Low,6.062216,42.9,5.362319,100,1739186100,5.362319
2025-03-14T04:10:58Z,196,29.628,73.9,44,59.9,9,255,127,70,0.0,255,32767,0.3,2054-1-18,0.1,0.35,23.67,0.0,0.0,0.0,0,1.025390625,6,170,07:20,19:15,2025-03-14 04:10:58.502126,Marina di Stabia,31.1,6.639279,14.05905,5.7798514,10.930394,EU EEA Common AQI,73.8,6.5582366,13.21546,3600,4.811594,100,100,51.4,8.937198,Very Low,75.5,6.355935,100,1739186100,Very Low,9.633085,6.8510075,Very Low,6.062216,42.9,5.362319,100,1739186100,5.362319
2025-03-14T04:11:10Z,196,29.628,73.9,44,59.9,11,255,61,70,0.0,255,32767,0.3,2054-1-18,0.1,0.35,23.67,0.0,0.0,0.0,0,1.025390625,6,170,07:20,19:15,2025-03-14 04:11:09.888126,Marina di Stabia,31.1,6.639279,14.05905,5.7798514,10.930394,EU EEA Common AQI,73.8,6.5582366,13.21546,3600,4.811594,100,100,51.4,8.937198,Very Low,75.5,6.355935,100,1739186100,Very Low,9.633085,6.8510075,Very Low,6.062216,42.9,5.362319,100,1739186100,5.362319
2025-03-14T04:11:21Z,196,29.628,73.9,44,60.2,3,255,247,70,0.0,255,32767,0.3,2054-1-18,0.1,0.35,23.67,0.0,0.0,0.0,0,1.025390625,6,170,07:20,19:15,2025-03-14 04:11:21.235113,Marina di Stabia,31.1,6.639279,14.05905,5.7798514,10.930394,EU EEA Common AQI,73.8,6.5582366,13.21546,3600,4.811594,100,100,51.4,8.937198,Very Low,75.5,6.355935,100,1739186100,Very Low,9.633085,6.8510075,Very Low,6.062216,42.9,5.362319,100,1739186100,5.362319
2025-03-14T04:11:32Z,196,29.628,73.9,44,60.2,3,255,247,70,0.0,255,32767,0.3,2054-1-18,0.1,0.35,23.67,0.0,0.0,0.0,0,1.025390625,6,170,07:20,19:15,2025-03-14 04:11:32.662133,Marina di Stabia,31.1,6.639279,14.05905,5.7798514,10.930394,EU EEA Common AQI,73.8,6.5582366,13.21546,3600,4.811594,100,100,51.4,8.937198,Very Low,75.5,6.355935,100,1739186100,Very Low,9.633085,6.8510075,Very Low,6.062216,42.9,5.362319,100,1739186100,5.362319
2025-03-14T04:11:44Z,196,29.628,73.9,44,60.2,7,255,111,70,0.0,255,32767,0.3,2054-1-18,0.1,0.35,23.67,0.0,0.0,0.0,0,1.025390625,6,170,07:20,19:15,2025-03-14 04:11:44.001113,Marina di Stabia,31.1,6.639279,14.05905,5.7798514,10.930394,EU EEA Common AQI,73.8,6.5582366,13.21546,3600,4.811594,100,100,51.4,8.937198,Very Low,75.5,6.355935,100,1739186100,Very Low,9.633085,6.8510075,Very Low,6.062216,42.9,5.362319,100,1739186100,5.362319
2025-03-14T04:11:55Z,196,29.628,73.9,44,60.2,4,255,290,70,0.0,255,32767,0.3,2054-1-18,0.1,0.35,23.67,0.0,0.0,0.0,0,1.025390625,6,170,07:20,19:15,2025-03-14 04:11:55.376093,Marina di Stabia,31.1,6.639279,14.05905,5.7798514,10.930394,EU EEA Common AQI,73.8,6.5582366,13.21546,3600,4.811594,100,100,51.4,8.937198,Very Low,75.5,6.355935,100,1739186100,Very Low,9.633085,6.8510075,Very Low,6.062216,42.9,5.362319,100,1739186100,5.362319
2025-03-14T04:12:06Z,196,29.624,73.9,44,60.2,4,8,109,70,0.0,255,32767,0.3,2054-1-18,0.1,0.35,23.67,0.0,0.0,0.0,0,0.97265625,6,170,07:20,19:15,2025-03-14 04:12:06.715126,Marina di Stabia,31.1,6.639279,14.05905,5.7798514,10.930394,EU EEA Common AQI,73.8,6.5582366,13.21546,3600,4.811594,100,100,51.4,8.937198,Very Low,75.5,6.355935,100,1739186100,Very Low,9.633085,6.8510075,Very Low,6.062216,42.9,5.362319,100,1739186100,5.362319
2025-03-14T04:12:18Z,196,29.624,73.9,44,60.3,5,8,190,70,0.0,255,32767,0.3,2054-1-18,0.1,0.35,23.67,0.0,0.0,0.0,0,0.97265625,6,170,07:20,19:15,2025-03-14 04:12:18.178132,Marina di Stabia,31.1,6.639279,14.05905,5.7798514,10.930394,EU EEA Common AQI,73.8,6.5582366,13.21546,3600,4.811594,100,100,51.4,8.937198,Very Low,75.5,6.355935,100,1739186100,Very Low,9.633085,6.8510075,Very Low,6.062216,42.9,5.362319,100,1739186100,5.362319
2025-03-14T04:12:29Z,196,29.624,73.9,44,60.3,5,8,190,70,0.0,255,32767,0.3,2054-1-18,0.1,0.35,23.67,0.0,0.0,0.0,0,0.97265625,6,170,07:20,19:15,2025-03-14 04:12:29.667140,Marina di Stabia,31.1,6.639279,14.05905,5.7798514,10.930394,EU EEA Common AQI,73.8,6.5582366,13.21546,3600,4.811594,100,100,51.4,8.937198,Very Low,75.5,6.355935,100,1739186100,Very Low,9.633085,6.8510075,Very Low,6.062216,42.9,5.362319,100,1739186100,5.362319
2025-03-14T04:12:41Z,196,29.624,73.9,44,60.3,10,8,111,70,0.0,255,32767,0.3,2054-1-18,0.1,0.35,23.67,0.0,0.0,0.0,0,0.97265625,6,170,07:20,19:15,2025-03-14 04:12:41.126143,Marina di Stabia,31.1,6.639279,14.05905,5.7798514,10.930394,EU EEA Common AQI,73.8,6.5582366,13.21546,3600,4.811594,100,100,51.4,8.937198,Very Low,75.5,6.355935,100,1739186100,Very Low,9.633085,6.8510075,Very Low,6.062216,42.9,5.362319,100,1739186100,5.362319
2025-03-14T04:12:52Z,196,29.624,73.9,44,60.3,10,8,103,70,0.0,255,32767,0.3,2054-1-18,0.1,0.35,23.67,0.0,0.0,0.0,0,0.97265625,6,170,07:20,19:15,2025-03-14 04:12:52.470133,Marina di Stabia,31.1,6.639279,14.05905,5.7798514,10.930394,EU EEA Common AQI,73.8,6.5582366,13.21546,3600,4.811594,100,100,51.4,8.937198,Very Low,75.5,6.355935,100,1739186100,Very Low,9.633085,6.8510075,Very Low,6.062216,42.9,5.362319,100,1739186100,5.362319
2025-03-14T04:13:04Z,196,29.625,73.9,43,60.3,10,8,103,70,0.0,255,32767,0.3,2054-1-18,0.1,0.35,23.67,0.0,0.0,0.0,0,1.177734375,6,170,07:20,19:15,2025-03-14 04:13:03.839126,Marina di Stabia,31.1,6.639279,14.05905,5.7798514,10.930394,EU EEA Common AQI,73.8,6.5582366,13.21546,3600,4.811594,100,100,51.4,8.937198,Very Low,75.5,6.355935,100,1739186100,Very Low,9.633085,6.8510075,Very Low,6.062216,42.9,5.362319,100,1739186100,5.362319
2025-03-14T04:13:15Z,196,29.625,73.9,43,60.3,10,8,103,70,0.0,255,32767,0.3,2054-1-18,0.1,0.35,23.67,0.0,0.0,0.0,0,1.177734375,6,170,07:20,19:15,2025-03-14 04:13:15.229127,Marina di Stabia,31.1,6.639279,14.05905,5.7798514,10.930394,EU EEA Common AQI,73.8,6.5582366,13.21546,3600,4.811594,100,100,51.4,8.937198,Very Low,75.5,6.355935,100,1739186100,Very Low,9.633085,6.8510075,Very Low,6.062216,42.9,5.362319,100,1739186100,5.362319
2025-03-14T04:13:26Z,196,29.625,73.9,43,60.3,10,8,103,70,0.0,255,32767,0.3,2054-1-18,0.1,0.35,23.67,0.0,0.0,0.0,0,1.177734375,6,170,07:20,19:15,2025-03-14 04:13:26.631116,Marina di Stabia,31.1,6.639279,14.05905,5.7798514,10.930394,EU EEA Common AQI,73.8,6.5582366,13.21546,3600,4.811594,100,100,51.4,8.937198,Very Low,75.5,6.355935,100,1739186100,Very Low,9.633085,6.8510075,Very Low,6.062216,42.9,5.362319,100,1739186100,5.362319
2025-03-14T04:13:38Z,196,29.625,73.9,43,60.3,10,8,103,70,0.0,255,32767,0.3,2054-1-18,0.1,0.35,23.67,0.0,0.0,0.0,0,1.177734375,6,170,07:20,19:15,2025-03-14 04:13:38.001137,Marina di Stabia,31.1,6.639279,14.05905,5.7798514,10.930394,EU EEA Common AQI,73.8,6.5582366,13.21546,3600,4.811594,100,100,51.4,8.937198,Very Low,75.5,6.355935,100,1739186100,Very Low,9.633085,6.8510075,Very Low,6.062216,42.9,5.362319,100,1739186100,5.362319
2025-03-14T04:13:49Z,196,29.625,73.9,43,60.3,10,8,103,70,0.0,255,32767,0.3,2054-1-18,0.1,0.35,23.67,0.0,0.0,0.0,0,1.177734375,6,170,07:20,19:15,2025-03-14 04:13:49.363131,Marina di Stabia,31.1,6.639279,14.05905,5.7798514,10.930394,EU EEA Common AQI,73.8,6.5582366,13.21546,3600,4.811594,100,100,51.4,8.937198,Very Low,75.5,6.355935,100,1739186100,Very Low,9.633085,6.8510075,Very Low,6.062216,42.9,5.362319,100,1739186100,5.362319
2025-03-14T04:14:00Z,196,29.625,73.9,43,60.3,10,8,103,70,0.0,255,32767,0.3,2054-1-18,0.1,0.35,23.67,0.0,0.0,0.0,0,1.177734375,6,170,07:20,19:15,2025-03-14 04:14:00.734128,Marina di Stabia,31.1,6.639279,14.05905,5.7798514,10.930394,EU EEA Common AQI,73.8,6.5582366,13.21546,3600,4.811594,100,100,51.4,8.937198,Very Low,75.5,6.355935,100,1739186100,Very Low,9.633085,6.8510075,Very Low,6.062216,42.9,5.362319,100,1739186100,5.362319
2025-03-14T04:14:12Z,196,29.627,73.9,44,60.3,10,8,103,70,0.0,255,32767,0.3,2054-1-18,0.1,0.35,23.67,0.0,0.0,0.0,0,1.810546875,6,170,07:20,19:15,2025-03-14 04:14:12.092126,Marina di Stabia,31.1,6.639279,14.05905,5.7798514,10.930394,EU EEA Common AQI,73.8,6.5582366,13.21546,3600,4.811594,100,100,51.4,8.937198,Very Low,75.5,6.355935,100,1739186100,Very Low,9.633085,6.8510075,Very Low,6.062216,42.9,5.362319,100,1739186100,5.362319
2025-03-14T04:14:23Z,196,29.627,73.9,44,60.3,10,8,103,70,0.0,255,32767,0.3,2054-1-18,0.1,0.35,23.67,0.0,0.0,0.0,0,1.810546875,6,170,07:20,19:15,2025-03-14 04:14:23.402125,Marina di Stabia,31.1,6.639279,14.05905,5.7798514,10.930394,EU EEA Common AQI,73.8,6.5582366,13.21546,3600,4.811594,100,100,51.4,8.937198,Very Low,75.5,6.355935,100,1739186100,Very Low,9.633085,6.8510075,Very Low,6.062216,42.9,5.362319,100,1739186100,5.362319
2025-03-14T04:14:35Z,196,29.627,73.9,44,60.3,10,8,103,70,0.0,255,32767,0.3,2054-1-18,0.1,0.35,23.67,0.0,0.0,0.0,0,1.810546875,6,170,07:20,19:15,2025-03-14 04:14:34.831128,Marina di Stabia,31.1,6.639279,14.05905,5.7798514,10.930394,EU EEA Common AQI,73.8,6.5582366,13.21546,3600,4.811594,100,100,51.4,8.937198,Very Low,75.5,6.355935,100,1739186100,Very Low,9.633085,6.8510075,Very Low,6.062216,42.9,5.362319,100,1739186100,5.362319
2025-03-14T04:14:46Z,196,29.627,73.9,44,60.3,10,8,103,70,0.0,255,32767,0.3,2054-1-18,0.1,0.35,23.67,0.0,0.0,0.0,0,1.810546875,6,170,07:20,19:15,2025-03-14 04:14:46.159087,Marina di Stabia,31.1,6.639279,14.05905,5.7798514,10.930394,EU EEA Common AQI,73.8,6.5582366,13.21546,3600,4.811594,100,100,51.4,8.937198,Very Low,75.5,6.355935,100,1739186100,Very Low,9.633085,6.8510075,Very Low,6.062216,42.9,5.362319,100,1739186100,5.362319
2025-03-14T04:14:57Z,196,29.627,73.9,44,60.3,10,8,103,70,0.0,255,32767,0.3,2054-1-18,0.1,0.35,23.67,0.0,0.0,0.0,0,1.810546875,6,170,07:20,19:15,2025-03-14 04:14:57.514132,Marina di Stabia,31.1,6.639279,14.05905,5.7798514,10.930394,EU EEA Common AQI,73.8,6.5582366,13.21546,3600,4.811594,100,100,51.4,8.937198,Very Low,75.5,6.355935,100,1739186100,Very Low,9.633085,6.8510075,Very Low,6.062216,42.9,5.362319,100,1739186100,5.362319
2025-03-14T04:15:09Z,196,29.625,74.1,44,60.3,10,8,103,70,0.0,255,32767,0.3,2054-1-18,0.1,0.35,23.67,0.0,0.0,0.0,0,1.8046875,6,170,07:20,19:15,2025-03-14 04:15:08.833089,Marina di Stabia,31.1,6.639279,14.05905,5.7798514,10.930394,EU EEA Common AQI,73.8,6.5582366,13.21546,3600,4.811594,100,100,51.4,8.937198,Very Low,75.5,6.355935,100,1739186100,Very Low,9.633085,6.8510075,Very Low,6.062216,42.9,5.362319,100,1739186100,5.362319
2025-03-14T04:15:20Z,196,29.625,74.1,44,60.3,10,8,103,70,0.0,255,32767,0.3,2054-1-18,0.1,0.35,23.67,0.0,0.0,0.0,0,1.8046875,6,170,07:20,19:15,2025-03-14 04:15:20.390124,Marina di Stabia,31.1,6.639279,14.05905,5.7798514,10.930394,EU EEA Common AQI,73.8,6.5582366,13.21546,3600,4.811594,100,100,51.4,8.937198,Very Low,75.5,6.355935,100,1739186100,Very Low,9.633085,6.8510075,Very Low,6.062216,42.9,5.362319,100,1739186100,5.362319
2025-03-14T04:15:31Z,196,29.625,74.1,44,60.3,10,8,103,70,0.0,255,32767,0.3,2054-1-18,0.1,0.35,23.67,0.0,0.0,0.0,0,1.8046875,6,170,07:20,19:15,2025-03-14 04:15:31.764120,Marina di Stabia,31.1,6.639279,14.05905,5.7798514,10.930394,EU EEA Common AQI,73.8,6.5582366,13.21546,3600,4.811594,100,100,51.4,8.937198,Very Low,75.5,6.355935,100,1739186100,Very Low,9.633085,6.8510075,Very Low,6.062216,42.9,5.362319,100,1739186100,5.362319
2025-03-14T04:15:43Z,196,29.625,74.1,44,60.3,10,8,103,70,0.0,255,32767,0.3,2054-1-18,0.1,0.35,23.67,0.0,0.0,0.0,0,1.8046875,6,170,07:20,19:15,2025-03-14 04:15:43.096127,Marina di Stabia,31.1,6.639279,14.05905,5.7798514,10.930394,EU EEA Common AQI,73.8,6.5582366,13.21546,3600,4.811594,100,100,51.4,8.937198,Very Low,75.5,6.355935,100,1739186100,Very Low,9.633085,6.8510075,Very Low,6.062216,42.9,5.362319,100,1739186100,5.362319
2025-03-14T04:15:54Z,196,29.625,74.1,44,60.3,10,8,103,70,0.0,255,32767,0.3,2054-1-18,0.1,0.35,23.67,0.0,0.0,0.0,0,1.8046875,6,170,07:20,19:15,2025-03-14 04:15:54.533122,Marina di Stabia,31.1,6.639279,14.05905,5.7798514,10.930394,EU EEA Common AQI,73.8,6.5582366,13.21546,3600,4.811594,100,100,51.4,8.937198,Very Low,75.5,6.355935,100,1739186100,Very Low,9.633085,6.8510075,Very Low,6.062216,42.9,5.362319,100,1739186100,5.362319
2025-03-14T04:16:06Z,196,29.628,74.3,44,60.3,10,8,103,70,0.0,255,32767,0.3,2054-1-18,0.1,0.35,23.67,0.0,0.0,0.0,0,2.080078125,6,170,07:20,19:15,2025-03-14 04:16:05.883120,Marina di Stabia,31.1,6.639279,14.05905,5.7798514,10.930394,EU EEA Common AQI,73.8,6.5582366,13.21546,3600,4.811594,100,100,51.4,8.937198,Very Low,75.5,6.355935,100,1739186100,Very Low,9.633085,6.8510075,Very Low,6.062216,42.9,5.362319,100,1739186100,5.362319
2025-03-14T04:16:17Z,196,29.628,74.3,44,60.3,10,8,103,70,0.0,255,32767,0.3,2054-1-18,0.1,0.35,23.67,0.0,0.0,0.0,0,2.080078125,6,170,07:20,19:15,2025-03-14 04:16:17.297140,Marina di Stabia,31.1,6.639279,14.05905,5.7798514,10.930394,EU EEA Common AQI,73.8,6.5582366,13.21546,3600,4.811594,100,100,51.4,8.937198,Very Low,75.5,6.355935,100,1739186100,Very Low,9.633085,6.8510075,Very Low,6.062216,42.9,5.362319,100,1739186100,5.362319
2025-03-14T04:16:28Z,196,29.628,74.3,44,60.3,10,8,103,70,0.0,255,32767,0.3,2054-1-18,0.1,0.35,23.67,0.0,0.0,0.0,0,2.080078125,6,170,07:20,19:15,2025-03-14 04:16:28.687116,Marina di Stabia,31.1,6.639279,14.05905,5.7798514,10.930394,EU EEA Common AQI,73.8,6.5582366,13.21546,3600,4.811594,100,100,51.4,8.937198,Very Low,75.5,6.355935,100,1739186100,Very Low,9.633085,6.8510075,Very Low,6.062216,42.9,5.362319,100,1739186100,5.362319
2025-03-14T04:16:40Z,196,29.628,74.3,44,60.3,10,8,103,70,0.0,255,32767,0.3,2054-1-18,0.1,0.35,23.67,0.0,0.0,0.0,0,2.080078125,6,170,07:20,19:15,2025-03-14 04:16:40.035123,Marina di Stabia,31.1,6.639279,14.05905,5.7798514,10.930394,EU EEA Common AQI,73.8,6.5582366,13.21546,3600,4.811594,100,100,51.4,8.937198,Very Low,75.5,6.355935,100,1739186100,Very Low,9.633085,6.8510075,Very Low,6.062216,42.9,5.362319,100,1739186100,5.362319
2025-03-14T04:16:51Z,196,29.628,74.3,44,60.1,6,8,98,70,0.0,255,32767,0.3,2054-1-18,0.1,0.35,23.67,0.0,0.0,0.0,0,2.080078125,6,170,07:20,19:15,2025-03-14 04:16:51.359121,Marina di Stabia,31.1,6.639279,14.05905,5.7798514,10.930394,EU EEA Common AQI,73.8,6.5582366,13.21546,3600,4.811594,100,100,51.4,8.937198,Very Low,75.5,6.355935,100,1739186100,Very Low,9.633085,6.8510075,Very Low,6.062216,42.9,5.362319,100,1739186100,5.362319
2025-03-14T04:17:02Z,196,29.625,74.3,44,60.1,6,8,98,70,0.0,255,32767,0.3,2054-1-18,0.1,0.35,23.67,0.0,0.0,0.0,0,0.966796875,6,170,07:20,19:15,2025-03-14 04:17:02.693148,Marina di Stabia,31.1,6.639279,14.05905,5.7798514,10.930394,EU EEA Common AQI,73.8,6.5582366,13.21546,3600,4.811594,100,100,51.4,8.937198,Very Low,75.5,6.355935,100,1739186100,Very Low,9.633085,6.8510075,Very Low,6.062216,42.9,5.362319,100,1739186100,5.362319
2025-03-14T04:17:14Z,196,29.625,74.3,44,60.1,5,8,132,70,0.0,255,32767,0.3,2054-1-18,0.1,0.35,23.67,0.0,0.0,0.0,0,0.966796875,6,170,07:20,19:15,2025-03-14 04:17:14.126121,Marina di Stabia,31.1,6.639279,14.05905,5.7798514,10.930394,EU EEA Common AQI,73.8,6.5582366,13.21546,3600,4.811594,100,100,51.4,8.937198,Very Low,75.5,6.355935,100,1739186100,Very Low,9.633085,6.8510075,Very Low,6.062216,42.9,5.362319,100,1739186100,5.362319
2025-03-14T04:17:25Z,196,29.625,74.3,44,60.1,5,8,132,70,0.0,255,32767,0.3,2054-1-18,0.1,0.35,23.67,0.0,0.0,0.0,0,0.966796875,6,170,07:20,19:15,2025-03-14 04:17:25.470134,Marina di Stabia,31.1,6.639279,14.05905,5.7798514,10.930394,EU EEA Common AQI,73.8,6.5582366,13.21546,3600,4.811594,100,100,51.4,8.937198,Very Low,75.5,6.355935,100,1739186100,Very Low,9.633085,6.8510075,Very Low,6.062216,42.9,5.362319,100,1739186100,5.362319
2025-03-14T04:17:37Z,196,29.625,74.3,44,60.1,3,8,111,73,0.0,255,32767,0.3,2054-1-18,0.1,0.35,23.67,0.0,0.0,0.0,0,0.966796875,6,170,07:20,19:15,2025-03-14 04:17:36.814138,Marina di Stabia,31.1,6.639279,14.05905,5.7798514,10.930394,EU EEA Common AQI,73.8,6.5582366,13.21546,3600,4.811594,100,100,51.4,8.937198,Very Low,75.5,6.355935,100,1739186100,Very Low,9.633085,6.8510075,Very Low,6.062216,42.9,5.362319,100,1739186100,5.362319
2025-03-14T04:17:48Z,196,29.625,74.3,44,60.1,9,8,129,73,0.0,255,32767,0.3,2054-1-18,0.1,0.35,23.67,0.0,0.0,0.0,0,0.966796875,6,170,07:20,19:15,2025-03-14 04:17:48.190130,Marina di Stabia,31.1,6.639279,14.05905,5.7798514,10.930394,EU EEA Common AQI,73.8,6.5582366,13.21546,3600,4.811594,100,100,51.4,8.937198,Very Low,75.5,6.355935,100,1739186100,Very Low,9.633085,6.8510075,Very Low,6.062216,42.9,5.362319,100,1739186100,5.362319
2025-03-14T04:17:59Z,196,29.623,74.3,44,60.1,9,8,129,73,0.0,255,32767,0.3,2054-1-18,0.1,0.35,23.67,0.0,0.0,0.0,0,1.048828125,6,170,07:20,19:15,2025-03-14 04:17:59.520126,Marina di Stabia,31.1,6.639279,14.05905,5.7798514,10.930394,EU EEA Common AQI,73.8,6.5582366,13.21546,3600,4.811594,100,100,51.4,8.937198,Very Low,75.5,6.355935,100,1739186100,Very Low,9.633085,6.8510075,Very Low,6.062216,42.9,5.362319,100,1739186100,5.362319
2025-03-14T04:18:11Z,196,29.623,74.3,44,60.1,7,8,118,73,0.0,255,32767,0.3,2054-1-18,0.1,0.35,23.67,0.0,0.0,0.0,0,1.048828125,6,170,07:20,19:15,2025-03-14 04:18:10.939092,Marina di Stabia,31.1,6.639279,14.05905,5.7798514,10.930394,EU EEA Common AQI,73.8,6.5582366,13.21546,3600,4.811594,100,100,51.4,8.937198,Very Low,75.5,6.355935,100,1739186100,Very Low,9.633085,6.8510075,Very Low,6.062216,42.9,5.362319,100,1739186100,5.362319
2025-03-14T04:18:22Z,196,29.623,74.3,44,60.1,3,8,93,73,0.0,255,32767,0.3,2054-1-18,0.1,0.35,23.67,0.0,0.0,0.0,0,1.048828125,6,170,07:20,19:15,2025-03-14 04:18:22.387120,Marina di Stabia,31.1,6.639279,14.05905,5.7798514,10.930394,EU EEA Common AQI,73.8,6.5582366,13.21546,3600,4.811594,100,100,51.4,8.937198,Very Low,75.5,6.355935,100,1739186100,Very Low,9.633085,6.8510075,Very Low,6.062216,42.9,5.362319,100,1739186100,5.362319
2025-03-14T04:18:34Z,196,29.623,74.3,44,60.1,3,8,93,73,0.0,255,32767,0.3,2054-1-18,0.1,0.35,23.67,0.0,0.0,0.0,0,1.048828125,6,170,07:20,19:15,2025-03-14 04:18:33.801117,Marina di Stabia,31.1,6.639279,14.05905,5.7798514,10.930394,EU EEA Common AQI,73.8,6.5582366,13.21546,3600,4.811594,100,100,51.4,8.937198,Very Low,75.5,6.355935,100,1739186100,Very Low,9.633085,6.8510075,Very Low,6.062216,42.9,5.362319,100,1739186100,5.362319
2025-03-14T04:18:45Z,196,29.623,74.3,44,60.1,3,8,93,73,0.0,255,32767,0.3,2054-1-18,0.1,0.35,23.67,0.0,0.0,0.0,0,1.048828125,6,170,07:20,19:15,2025-03-14 04:18:45.243129,Marina di Stabia,31.1,6.639279,14.05905,5.7798514,10.930394,EU EEA Common AQI,73.8,6.5582366,13.21546,3600,4.811594,100,100,51.4,8.937198,Very Low,75.5,6.355935,100,1739186100,Very Low,9.633085,6.8510075,Very Low,6.062216,42.9,5.362319,100,1739186100,5.362319
2025-03-14T04:18:56Z,196,29.623,74.3,44,60.1,3,8,93,73,0.0,255,32767,0.3,2054-1-18,0.1,0.35,23.67,0.0,0.0,0.0,0,1.048828125,6,170,07:20,19:15,2025-03-14 04:18:56.649124,Marina di Stabia,31.1,6.639279,14.05905,5.7798514,10.930394,EU EEA Common AQI,73.8,6.5582366,13.21546,3600,4.811594,100,100,51.4,8.937198,Very Low,75.5,6.355935,100,1739186100,Very Low,9.633085,6.8510075,Very Low,6.062216,42.9,5.362319,100,1739186100,5.362319
2025-03-14T04:19:08Z,196,29.621,74.2,44,60.1,3,7,93,73,0.0,255,32767,0.3,2054-1-18,0.1,0.35,23.67,0.0,0.0,0.0,0,1.04296875,6,170,07:20,19:15,2025-03-14 04:19:08.022101,Marina di Stabia,31.1,6.639279,14.05905,5.7798514,10.930394,EU EEA Common AQI,73.8,6.5582366,13.21546,3600,4.811594,100,100,51.4,8.937198,Very Low,75.5,6.355935,100,1739186100,Very Low,9.633085,6.8510075,Very Low,6.062216,42.9,5.362319,100,1739186100,5.362319
2025-03-14T04:19:19Z,196,29.621,74.2,44,60.1,3,7,93,73,0.0,255,32767,0.3,2054-1-18,0.1,0.35,23.67,0.0,0.0,0.0,0,1.04296875,6,170,07:20,19:15,2025-03-14 04:19:19.448129,Marina di Stabia,31.1,6.639279,14.05905,5.7798514,10.930394,EU EEA Common AQI,73.8,6.5582366,13.21546,3600,4.811594,100,100,51.4,8.937198,Very Low,75.5,6.355935,100,1739186100,Very Low,9.633085,6.8510075,Very Low,6.062216,42.9,5.362319,100,1739186100,5.362319
2025-03-14T04:19:30Z,196,29.621,74.2,44,60.1,3,7,93,73,0.0,255,32767,0.3,2054-1-18,0.1,0.35,23.67,0.0,0.0,0.0,0,1.04296875,6,170,07:20,19:15,2025-03-14 04:19:30.768138,Marina di Stabia,31.1,6.639279,14.05905,5.7798514,10.930394,EU EEA Common AQI,73.8,6.5582366,13.21546,3600,4.811594,100,100,51.4,8.937198,Very Low,75.5,6.355935,100,1739186100,Very Low,9.633085,6.8510075,Very Low,6.062216,42.9,5.362319,100,1739186100,5.362319
2025-03-14T04:19:42Z,196,29.621,74.2,44,60.1,3,7,93,73,0.0,255,32767,0.3,2054-1-18,0.1,0.35,23.67,0.0,0.0,0.0,0,1.04296875,6,170,07:20,19:15,2025-03-14 04:19:42.118085,Marina di Stabia,31.1,6.639279,14.05905,5.7798514,10.930394,EU EEA Common AQI,73.8,6.5582366,13.21546,3600,4.811594,100,100,51.4,8.937198,Very Low,75.5,6.355935,100,1739186100,Very Low,9.633085,6.8510075,Very Low,6.062216,42.9,5.362319,100,1739186100,5.362319
2025-03-14T04:19:53Z,196,29.621,74.2,44,60.1,3,7,93,73,0.0,255,32767,0.3,2054-1-18,0.1,0.35,23.67,0.0,0.0,0.0,0,1.04296875,6,170,07:20,19:15,2025-03-14 04:19:53.495124,Marina di Stabia,31.1,6.639279,14.05905,5.7798514,10.930394,EU EEA Common AQI,73.8,6.5582366,13.21546,3600,4.811594,100,100,51.4,8.937198,Very Low,75.5,6.355935,100,1739186100,Very Low,9.633085,6.8510075,Very Low,6.062216,42.9,5.362319,100,1739186100,5.362319
2025-03-14T04:20:05Z,196,29.621,74.2,44,60.1,3,255,93,73,0.0,255,32767,0.3,2054-1-18,0.1,0.35,23.67,0.0,0.0,0.0,0,1.04296875,6,170,07:20,19:15,2025-03-14 04:20:04.924116,Marina di Stabia,31.1,6.639279,14.05905,5.7798514,10.930394,EU EEA Common AQI,73.8,6.5582366,13.21546,3600,4.811594,100,100,51.4,8.937198,Very Low,75.5,6.355935,100,1739186100,Very Low,9.633085,6.8510075,Very Low,6.062216,42.9,5.362319,100,1739186100,5.362319
2025-03-14T04:20:16Z,196,29.62,74.2,44,60.1,3,255,93,73,0.0,255,32767,0.3,2054-1-18,0.1,0.35,23.67,0.0,0.0,0.0,0,1.810546875,6,170,07:20,19:15,2025-03-14 04:20:16.238128,Marina di Stabia,31.1,6.639279,14.05905,5.7798514,10.930394,EU EEA Common AQI,73.8,6.5582366,13.21546,3600,4.811594,100,100,51.4,8.937198,Very Low,75.5,6.355935,100,1739186100,Very Low,9.633085,6.8510075,Very Low,6.062216,42.9,5.362319,100,1739186100,5.362319
2025-03-14T04:20:27Z,196,29.62,74.2,44,60.1,3,255,93,73,0.0,255,32767,0.3,2054-1-18,0.1,0.35,23.67,0.0,0.0,0.0,0,1.810546875,6,170,07:20,19:15,2025-03-14 04:20:27.664115,Marina di Stabia,31.1,6.639279,14.05905,5.7798514,10.930394,EU EEA Common AQI,73.8,6.5582366,13.21546,3600,4.811594,100,100,51.4,8.937198,Very Low,75.5,6.355935,100,1739186100,Very Low,9.633085,6.8510075,Very Low,6.062216,42.9,5.362319,100,1739186100,5.362319
2025-03-14T04:20:39Z,196,29.62,74.2,44,60.1,3,255,93,73,0.0,255,32767,0.3,2054-1-18,0.1,0.35,23.67,0.0,0.0,0.0,0,1.810546875,6,170,07:20,19:15,2025-03-14 04:20:38.988131,Marina di Stabia,31.1,6.639279,14.05905,5.7798514,10.930394,EU EEA Common AQI,73.8,6.5582366,13.21546,3600,4.811594,100,100,51.4,8.937198,Very Low,75.5,6.355935,100,1739186100,Very Low,9.633085,6.8510075,Very Low,6.062216,42.9,5.362319,100,1739186100,5.362319
2025-03-14T04:20:50Z,196,29.62,74.2,44,60.1,3,255,93,73,0.0,255,32767,0.3,2054-1-18,0.1,0.35,23.67,0.0,0.0,0.0,0,1.810546875,6,170,07:20,19:15,2025-03-14 04:20:50.445125,Marina di Stabia,31.1,6.639279,14.05905,5.7798514,10.930394,EU EEA Common AQI,73.8,6.5582366,13.21546,3600,4.811594,100,100,51.4,8.937198,Very Low,75.5,6.355935,100,1739186100,Very Low,9.633085,6.8510075,Very Low,6.062216,42.9,5.362319,100,1739186100,5.362319
2025-03-14T04:21:02Z,196,29.62,74.2,44,60.1,3,255,93,73,0.0,255,32767,0.3,2054-1-18,0.1,0.35,23.67,0.0,0.0,0.0,0,1.810546875,6,170,07:20,19:15,2025-03-14 04:21:01.834130,Marina di Stabia,31.1,6.639279,14.05905,5.7798514,10.930394,EU EEA Common AQI,73.8,6.5582366,13.21546,3600,4.811594,100,100,51.4,8.937198,Very Low,75.5,6.355935,100,1739186100,Very Low,9.633085,6.8510075,Very Low,6.062216,42.9,5.362319,100,1739186100,5.362319
2025-03-14T04:21:13Z,196,29.619,74.3,44,60.1,3,255,93,73,0.0,255,32767,0.3,2054-1-18,0.1,0.35,23.67,0.0,0.0,0.0,0,1.79296875,6,170,07:20,19:15,2025-03-14 04:21:13.172123,Marina di Stabia,31.1,6.639279,14.05905,5.7798514,10.930394,EU EEA Common AQI,73.8,6.5582366,13.21546,3600,4.811594,100,100,51.4,8.937198,Very Low,75.5,6.355935,100,1739186100,Very Low,9.633085,6.8510075,Very Low,6.062216,42.9,5.362319,100,1739186100,5.362319
2025-03-14T04:21:24Z,196,29.619,74.3,44,60.1,3,255,93,73,0.0,255,32767,0.3,2054-1-18,0.1,0.35,23.67,0.0,0.0,0.0,0,1.79296875,6,170,07:20,19:15,2025-03-14 04:21:24.533084,Marina di Stabia,31.1,6.639279,14.05905,5.7798514,10.930394,EU EEA Common AQI,73.8,6.5582366,13.21546,3600,4.811594,100,100,51.4,8.937198,Very Low,75.5,6.355935,100,1739186100,Very Low,9.633085,6.8510075,Very Low,6.062216,42.9,5.362319,100,1739186100,5.362319
2025-03-14T04:21:36Z,196,29.619,74.3,44,60.1,3,255,93,73,0.0,255,32767,0.3,2054-1-18,0.1,0.35,23.67,0.0,0.0,0.0,0,1.79296875,6,170,07:20,19:15,2025-03-14 04:21:35.943122,Marina di Stabia,31.1,6.639279,14.05905,5.7798514,10.930394,EU EEA Common AQI,73.8,6.5582366,13.21546,3600,4.811594,100,100,51.4,8.937198,Very Low,75.5,6.355935,100,1739186100,Very Low,9.633085,6.8510075,Very Low,6.062216,42.9,5.362319,100,1739186100,5.362319
2025-03-14T04:21:47Z,196,29.619,74.3,44,60.1,3,255,93,73,0.0,255,32767,0.3,2054-1-18,0.1,0.35,23.67,0.0,0.0,0.0,0,1.79296875,6,170,07:20,19:15,2025-03-14 04:21:47.283121,Marina di Stabia,31.1,6.639279,14.05905,5.7798514,10.930394,EU EEA Common AQI,73.8,6.5582366,13.21546,3600,4.811594,100,100,51.4,8.937198,Very Low,75.5,6.355935,100,1739186100,Very Low,9.633085,6.8510075,Very Low,6.062216,42.9,5.362319,100,1739186100,5.362319
2025-03-14T04:21:58Z,196,29.619,74.3,44,60.1,3,255,93,73,0.0,255,32767,0.3,2054-1-18,0.1,0.35,23.67,0.0,0.0,0.0,0,1.79296875,6,170,07:20,19:15,2025-03-14 04:21:58.723121,Marina di Stabia,31.1,6.639279,14.05905,5.7798514,10.930394,EU EEA Common AQI,73.8,6.5582366,13.21546,3600,4.811594,100,100,51.4,8.937198,Very Low,75.5,6.355935,100,1739186100,Very Low,9.633085,6.8510075,Very Low,6.062216,42.9,5.362319,100,1739186100,5.362319
2025-03-14T04:22:10Z,196,29.622,74.4,44,60.1,3,255,93,73,0.0,255,32767,0.3,2054-1-18,0.1,0.35,23.67,0.0,0.0,0.0,0,1.810546875,6,170,07:20,19:15,2025-03-14 04:22:10.078125,Marina di Stabia,31.1,6.639279,14.05905,5.7798514,10.930394,EU EEA Common AQI,73.8,6.5582366,13.21546,3600,4.811594,100,100,51.4,8.937198,Very Low,75.5,6.355935,100,1739186100,Very Low,9.633085,6.8510075,Very Low,6.062216,42.9,5.362319,100,1739186100,5.362319
2025-03-14T04:22:21Z,196,29.622,74.4,44,60.1,3,255,93,73,0.0,255,32767,0.3,2054-1-18,0.1,0.35,23.67,0.0,0.0,0.0,0,1.810546875,6,170,07:20,19:15,2025-03-14 04:22:21.419120,Marina di Stabia,31.1,6.639279,14.05905,5.7798514,10.930394,EU EEA Common AQI,73.8,6.5582366,13.21546,3600,4.811594,100,100,51.4,8.937198,Very Low,75.5,6.355935,100,1739186100,Very Low,9.633085,6.8510075,Very Low,6.062216,42.9,5.362319,100,1739186100,5.362319
2025-03-14T04:22:32Z,196,29.622,74.4,44,60.1,3,255,93,73,0.0,255,32767,0.3,2054-1-18,0.1,0.35,23.67,0.0,0.0,0.0,0,1.810546875,6,170,07:20,19:15,2025-03-14 04:22:32.777119,Marina di Stabia,31.1,6.639279,14.05905,5.7798514,10.930394,EU EEA Common AQI,73.8,6.5582366,13.21546,3600,4.811594,100,100,51.4,8.937198,Very Low,75.5,6.355935,100,1739186100,Very Low,9.633085,6.8510075,Very Low,6.062216,42.9,5.362319,100,1739186100,5.362319
2025-03-14T04:22:44Z,196,29.622,74.4,44,60.1,3,255,93,73,0.0,255,32767,0.3,2054-1-18,0.1,0.35,23.67,0.0,0.0,0.0,0,1.810546875,6,170,07:20,19:15,2025-03-14 04:22:44.088121,Marina di Stabia,31.1,6.639279,14.05905,5.7798514,10.930394,EU EEA Common AQI,73.8,6.5582366,13.21546,3600,4.811594,100,100,51.4,8.937198,Very Low,75.5,6.355935,100,1739186100,Very Low,9.633085,6.8510075,Very Low,6.062216,42.9,5.362319,100,1739186100,5.362319
2025-03-14T04:22:55Z,196,29.622,74.4,44,60.1,3,255,93,73,0.0,255,32767,0.3,2054-1-18,0.1,0.35,23.67,0.0,0.0,0.0,0,1.810546875,6,170,07:20,19:15,2025-03-14 04:22:55.502119,Marina di Stabia,31.1,6.639279,14.05905,5.7798514,10.930394,EU EEA Common AQI,73.8,6.5582366,13.21546,3600,4.811594,100,100,51.4,8.937198,Very Low,75.5,6.355935,100,1739186100,Very Low,9.633085,6.8510075,Very Low,6.062216,42.9,5.362319,100,1739186100,5.362319
2025-03-14T04:23:07Z,196,29.622,74.4,44,60.1,3,255,93,73,0.0,255,32767,0.3,2054-1-18,0.1,0.35,23.67,0.0,0.0,0.0,0,1.810546875,6,170,07:20,19:15,2025-03-14 04:23:06.935108,Marina di Stabia,31.1,6.639279,14.05905,5.7798514,10.930394,EU EEA Common AQI,73.8,6.5582366,13.21546,3600,4.811594,100,100,51.4,8.937198,Very Low,75.5,6.355935,100,1739186100,Very Low,9.633085,6.8510075,Very Low,6.062216,42.9,5.362319,100,1739186100,5.362319
2025-03-14T04:23:18Z,196,29.625,74.5,44,60.1,3,255,93,73,0.0,255,32767,0.3,2054-1-18,0.1,0.35,23.67,0.0,0.0,0.0,0,1.798828125,6,170,07:20,19:15,2025-03-14 04:23:18.235095,Marina di Stabia,31.1,6.639279,14.05905,5.7798514,10.930394,EU EEA Common AQI,73.8,6.5582366,13.21546,3600,4.811594,100,100,51.4,8.937198,Very Low,75.5,6.355935,100,1739186100,Very Low,9.633085,6.8510075,Very Low,6.062216,42.9,5.362319,100,1739186100,5.362319
2025-03-14T04:23:29Z,196,29.625,74.5,44,60.1,3,255,93,73,0.0,255,32767,0.3,2054-1-18,0.1,0.35,23.67,0.0,0.0,0.0,0,1.798828125,6,170,07:20,19:15,2025-03-14 04:23:29.557084,Marina di Stabia,31.1,6.639279,14.05905,5.7798514,10.930394,EU EEA Common AQI,73.8,6.5582366,13.21546,3600,4.811594,100,100,51.4,8.937198,Very Low,75.5,6.355935,100,1739186100,Very Low,9.633085,6.8510075,Very Low,6.062216,42.9,5.362319,100,1739186100,5.362319
2025-03-14T04:23:41Z,196,29.625,74.5,44,60.1,3,255,93,73,0.0,255,32767,0.3,2054-1-18,0.1,0.35,23.67,0.0,0.0,0.0,0,1.798828125,6,170,07:20,19:15,2025-03-14 04:23:40.897113,Marina di Stabia,31.1,6.639279,14.05905,5.7798514,10.930394,EU EEA Common AQI,73.8,6.5582366,13.21546,3600,4.811594,100,100,51.4,8.937198,Very Low,75.5,6.355935,100,1739186100,Very Low,9.633085,6.8510075,Very Low,6.062216,42.9,5.362319,100,1739186100,5.362319
2025-03-14T04:23:52Z,196,29.625,74.5,44,60.1,3,255,93,73,0.0,255,32767,0.3,2054-1-18,0.1,0.35,23.67,0.0,0.0,0.0,0,1.798828125,6,170,07:20,19:15,2025-03-14 04:23:52.239095,Marina di Stabia,31.1,6.639279,14.05905,5.7798514,10.930394,EU EEA Common AQI,73.8,6.5582366,13.21546,3600,4.811594,100,100,51.4,8.937198,Very Low,75.5,6.355935,100,1739186100,Very Low,9.633085,6.8510075,Very Low,6.062216,42.9,5.362319,100,1739186100,5.362319
2025-03-14T04:24:03Z,196,29.625,74.5,44,60.1,3,255,93,73,0.0,255,32767,0.3,2054-1-18,0.1,0.35,23.67,0.0,0.0,0.0,0,1.798828125,6,170,07:20,19:15,2025-03-14 04:24:03.762128,Marina di Stabia,31.1,6.639279,14.05905,5.7798514,10.930394,EU EEA Common AQI,73.8,6.5582366,13.21546,3600,4.811594,100,100,51.4,8.937198,Very Low,75.5,6.355935,100,1739186100,Very Low,9.633085,6.8510075,Very Low,6.062216,42.9,5.362319,100,1739186100,5.362319
2025-03-14T04:24:15Z,196,29.62,74.6,43,60.1,3,255,93,73,0.0,255,32767,0.3,2054-1-18,0.1,0.35,23.67,0.0,0.0,0.0,0,1.798828125,6,170,07:20,19:15,2025-03-14 04:24:15.271132,Marina di Stabia,31.1,6.639279,14.05905,5.7798514,10.930394,EU EEA Common AQI,73.8,6.5582366,13.21546,3600,4.811594,100,100,51.4,8.937198,Very Low,75.5,6.355935,100,1739186100,Very Low,9.633085,6.8510075,Very Low,6.062216,42.9,5.362319,100,1739186100,5.362319
2025-03-14T04:24:26Z,196,29.62,74.6,43,60.1,3,255,93,73,0.0,255,32767,0.3,2054-1-18,0.1,0.35,23.67,0.0,0.0,0.0,0,1.798828125,6,170,07:20,19:15,2025-03-14 04:24:26.600121,Marina di Stabia,31.1,6.639279,14.05905,5.7798514,10.930394,EU EEA Common AQI,73.8,6.5582366,13.21546,3600,4.811594,100,100,51.4,8.937198,Very Low,75.5,6.355935,100,1739186100,Very Low,9.633085,6.8510075,Very Low,6.062216,42.9,5.362319,100,1739186100,5.362319
2025-03-14T04:24:38Z,196,29.62,74.6,43,60.1,3,255,93,73,0.0,255,32767,0.3,2054-1-18,0.1,0.35,23.67,0.0,0.0,0.0,0,1.798828125,6,170,07:20,19:15,2025-03-14 04:24:37.978091,Marina di Stabia,31.1,6.639279,14.05905,5.7798514,10.930394,EU EEA Common AQI,73.8,6.5582366,13.21546,3600,4.811594,100,100,51.4,8.937198,Very Low,75.5,6.355935,100,1739186100,Very Low,9.633085,6.8510075,Very Low,6.062216,42.9,5.362319,100,1739186100,5.362319
2025-03-14T04:24:49Z,196,29.62,74.6,43,60.1,3,255,93,73,0.0,255,32767,0.3,2054-1-18,0.1,0.35,23.67,0.0,0.0,0.0,0,1.798828125,6,170,07:20,19:15,2025-03-14 04:24:49.329119,Marina di Stabia,31.1,6.639279,14.05905,5.7798514,10.930394,EU EEA Common AQI,73.8,6.5582366,13.21546,3600,4.811594,100,100,51.4,8.937198,Very Low,75.5,6.355935,100,1739186100,Very Low,9.633085,6.8510075,Very Low,6.062216,42.9,5.362319,100,1739186100,5.362319
2025-03-14T04:25:00Z,196,29.62,74.6,43,60.1,3,255,93,73,0.0,255,32767,0.3,2054-1-18,0.1,0.35,23.67,0.0,0.0,0.0,0,1.798828125,6,170,07:20,19:15,2025-03-14 04:25:00.707128,Marina di Stabia,31.1,6.639279,14.05905,5.7798514,10.930394,EU EEA Common AQI,73.8,6.5582366,13.21546,3600,4.811594,100,100,51.4,8.937198,Very Low,75.5,6.355935,100,1739186100,Very Low,9.633085,6.8510075,Very Low,6.062216,42.9,5.362319,100,1739186100,5.362319
2025-03-14T04:25:12Z,196,29.619,74.7,43,60.1,3,255,93,73,0.0,255,32767,0.3,2054-1-18,0.1,0.35,23.67,0.0,0.0,0.0,0,1.78125,6,170,07:20,19:15,2025-03-14 04:25:12.187127,Marina di Stabia,31.1,6.639279,14.05905,5.7798514,10.930394,EU EEA Common AQI,73.8,6.5582366,13.21546,3600,4.811594,100,100,51.4,8.937198,Very Low,75.5,6.355935,100,1739186100,Very Low,9.633085,6.8510075,Very Low,6.062216,42.9,5.362319,100,1739186100,5.362319
2025-03-14T04:25:23Z,196,29.619,74.7,43,60.1,3,255,49,73,0.0,255,32767,0.3,2054-1-18,0.1,0.35,23.67,0.0,0.0,0.0,0,1.78125,6,170,07:20,19:15,2025-03-14 04:25:23.580134,Marina di Stabia,31.1,6.639279,14.05905,5.7798514,10.930394,EU EEA Common AQI,73.8,6.5582366,13.21546,3600,4.811594,100,100,51.4,8.937198,Very Low,75.5,6.355935,100,1739186100,Very Low,9.633085,6.8510075,Very Low,6.062216,42.9,5.362319,100,1739186100,5.362319
2025-03-14T04:25:36Z,196,29.619,74.7,43,59.3,3,255,87,73,0.0,255,32767,0.3,2054-1-18,0.1,0.35,23.67,0.0,0.0,0.0,0,1.78125,6,170,07:20,19:15,2025-03-14 04:25:36.342120,Marina di Stabia,31.1,6.639279,14.05905,5.7798514,10.930394,EU EEA Common AQI,73.8,6.5582366,13.21546,3600,4.811594,100,100,51.4,8.937198,Very Low,75.5,6.355935,100,1739186100,Very Low,9.633085,6.8510075,Very Low,6.062216,42.9,5.362319,100,1739186100,5.362319
2025-03-14T04:25:47Z,196,29.619,74.7,43,59.3,9,255,33,73,0.0,255,32767,0.3,2054-1-18,0.1,0.35,23.67,0.0,0.0,0.0,0,1.78125,6,170,07:20,19:15,2025-03-14 04:25:47.689113,Marina di Stabia,31.1,6.639279,14.05905,5.7798514,10.930394,EU EEA Common AQI,73.8,6.5582366,13.21546,3600,4.811594,100,100,51.4,8.937198,Very Low,75.5,6.355935,100,1739186100,Very Low,9.633085,6.8510075,Very Low,6.062216,42.9,5.362319,100,1739186100,5.362319
2025-03-14T04:25:59Z,196,29.617,74.6,43,59.3,9,255,33,73,0.0,255,32767,0.3,2054-1-18,0.1,0.35,23.67,0.0,0.0,0.0,0,0.97265625,6,170,07:20,19:15,2025-03-14 04:25:59.035124,Marina di Stabia,31.1,6.639279,14.05905,5.7798514,10.930394,EU EEA Common AQI,73.8,6.5582366,13.21546,3600,4.811594,100,100,51.4,8.937198,Very Low,75.5,6.355935,100,1739186100,Very Low,9.633085,6.8510075,Very Low,6.062216,42.9,5.362319,100,1739186100,5.362319
2025-03-14T04:26:10Z,196,29.617,74.6,43,59.3,6,255,57,74,0.0,255,32767,0.3,2054-1-18,0.1,0.35,23.67,0.0,0.0,0.0,0,0.97265625,6,170,07:20,19:15,2025-03-14 04:26:10.491095,Marina di Stabia,31.1,6.639279,14.05905,5.7798514,10.930394,EU EEA Common AQI,73.8,6.5582366,13.21546,3600,4.811594,100,100,51.4,8.937198,Very Low,75.5,6.355935,100,1739186100,Very Low,9.633085,6.8510075,Very Low,6.062216,42.9,5.362319,100,1739186100,5.362319
2025-03-14T04:26:22Z,196,29.617,74.6,43,59.3,10,255,63,74,0.0,255,32767,0.3,2054-1-18,0.1,0.35,23.67,0.0,0.0,0.0,0,0.97265625,6,170,07:20,19:15,2025-03-14 04:26:21.926119,Marina di Stabia,31.1,6.639279,14.05905,5.7798514,10.930394,EU EEA Common AQI,73.8,6.5582366,13.21546,3600,4.811594,100,100,51.4,8.937198,Very Low,75.5,6.355935,100,1739186100,Very Low,9.633085,6.8510075,Very Low,6.062216,42.9,5.362319,100,1739186100,5.362319
2025-03-14T04:26:33Z,196,29.617,74.6,43,59.3,9,255,63,74,0.0,255,32767,0.3,2054-1-18,0.1,0.35,23.67,0.0,0.0,0.0,0,0.97265625,6,170,07:20,19:15,2025-03-14 04:26:33.257128,Marina di Stabia,31.1,6.639279,14.05905,5.7798514,10.930394,EU EEA Common AQI,73.8,6.5582366,13.21546,3600,4.811594,100,100,51.4,8.937198,Very Low,75.5,6.355935,100,1739186100,Very Low,9.633085,6.8510075,Very Low,6.062216,42.9,5.362319,100,1739186100,5.362319
2025-03-14T04:26:44Z,196,29.617,74.6,43,59.3,6,255,59,74,0.0,255,32767,0.3,2054-1-18,0.1,0.35,23.67,0.0,0.0,0.0,0,0.97265625,6,170,07:20,19:15,2025-03-14 04:26:44.634140,Marina di Stabia,31.1,6.639279,14.05905,5.7798514,10.930394,EU EEA Common AQI,73.8,6.5582366,13.21546,3600,4.811594,100,100,51.4,8.937198,Very Low,75.5,6.355935,100,1739186100,Very Low,9.633085,6.8510075,Very Low,6.062216,42.9,5.362319,100,1739186100,5.362319
2025-03-14T04:26:56Z,196,29.617,74.6,43,59.3,10,255,55,74,0.0,255,32767,0.3,2054-1-18,0.1,0.35,23.67,0.0,0.0,0.0,0,0.97265625,6,170,07:20,19:15,2025-03-14 04:26:55.975135,Marina di Stabia,31.1,6.639279,14.05905,5.7798514,10.930394,EU EEA Common AQI,73.8,6.5582366,13.21546,3600,4.811594,100,100,51.4,8.937198,Very Low,75.5,6.355935,100,1739186100,Very Low,9.633085,6.8510075,Very Low,6.062216,42.9,5.362319,100,1739186100,5.362319
2025-03-14T04:27:07Z,196,29.618,74.5,43,59.3,10,255,61,74,0.0,255,32767,0.3,2054-1-18,0.1,0.35,23.67,0.0,0.0,0.0,0,2.291015625,6,170,07:20,19:15,2025-03-14 04:27:07.314129,Marina di Stabia,31.1,6.639279,14.05905,5.7798514,10.930394,EU EEA Common AQI,73.8,6.5582366,13.21546,3600,4.811594,100,100,51.4,8.937198,Very Low,75.5,6.355935,100,1739186100,Very Low,9.633085,6.8510075,Very Low,6.062216,42.9,5.362319,100,1739186100,5.362319
2025-03-14T04:27:18Z,196,29.618,74.5,43,59.2,10,255,27,74,0.0,255,32767,0.3,2054-1-18,0.1,0.35,23.67,0.0,0.0,0.0,0,2.291015625,6,170,07:20,19:15,2025-03-14 04:27:18.723128,Marina di Stabia,31.1,6.639279,14.05905,5.7798514,10.930394,EU EEA Common AQI,73.8,6.5582366,13.21546,3600,4.811594,100,100,51.4,8.937198,Very Low,75.5,6.355935,100,1739186100,Very Low,9.633085,6.8510075,Very Low,6.062216,42.9,5.362319,100,1739186100,5.362319
2025-03-14T04:27:30Z,196,29.618,74.5,43,59.2,11,255,48,74,0.0,255,32767,0.3,2054-1-18,0.1,0.35,23.67,0.0,0.0,0.0,0,2.291015625,6,170,07:20,19:15,2025-03-14 04:27:30.150121,Marina di Stabia,31.1,6.639279,14.05905,5.7798514,10.930394,EU EEA Common AQI,73.8,6.5582366,13.21546,3600,4.811594,100,100,51.4,8.937198,Very Low,75.5,6.355935,100,1739186100,Very Low,9.633085,6.8510075,Very Low,6.062216,42.9,5.362319,100,1739186100,5.362319
2025-03-14T04:27:41Z,196,29.618,74.5,43,59.2,12,255,44,74,0.0,255,32767,0.3,2054-1-18,0.1,0.35,23.67,0.0,0.0,0.0,0,2.291015625,6,170,07:20,19:15,2025-03-14 04:27:41.511123,Marina di Stabia,31.1,6.639279,14.05905,5.7798514,10.930394,EU EEA Common AQI,73.8,6.5582366,13.21546,3600,4.811594,100,100,51.4,8.937198,Very Low,75.5,6.355935,100,1739186100,Very Low,9.633085,6.8510075,Very Low,6.062216,42.9,5.362319,100,1739186100,5.362319
2025-03-14T04:27:53Z,196,29.618,74.5,43,59.1,9,255,355,75,0.0,255,32767,0.3,2054-1-18,0.1,0.35,23.67,0.0,0.0,0.0,0,2.291015625,6,170,07:20,19:15,2025-03-14 04:27:52.878125,Marina di Stabia,31.1,6.639279,14.05905,5.7798514,10.930394,EU EEA Common AQI,73.8,6.5582366,13.21546,3600,4.811594,100,100,51.4,8.937198,Very Low,75.5,6.355935,100,1739186100,Very Low,9.633085,6.8510075,Very Low,6.062216,42.9,5.362319,100,1739186100,5.362319
2025-03-14T04:28:04Z,196,29.616,74.4,43,59.1,8,255,17,75,0.0,255,32767,0.3,2054-1-18,0.1,0.35,23.67,0.0,0.0,0.0,0,0.978515625,6,170,07:20,19:15,2025-03-14 04:28:04.222143,Marina di Stabia,31.1,6.639279,14.05905,5.7798514,10.930394,EU EEA Common AQI,73.8,6.5582366,13.21546,3600,4.811594,100,100,51.4,8.937198,Very Low,75.5,6.355935,100,1739186100,Very Low,9.633085,6.8510075,Very Low,6.062216,42.9,5.362319,100,1739186100,5.362319
2025-03-14T04:28:15Z,196,29.616,74.4,43,59.1,8,255,17,75,0.0,255,32767,0.3,2054-1-18,0.1,0.35,23.67,0.0,0.0,0.0,0,0.978515625,6,170,07:20,19:15,2025-03-14 04:28:15.640126,Marina di Stabia,31.1,6.639279,14.05905,5.7798514,10.930394,EU EEA Common AQI,73.8,6.5582366,13.21546,3600,4.811594,100,100,51.4,8.937198,Very Low,75.5,6.355935,100,1739186100,Very Low,9.633085,6.8510075,Very Low,6.062216,42.9,5.362319,100,1739186100,5.362319
2025-03-14T04:28:27Z,196,29.616,74.4,43,59.0,11,255,25,75,0.0,255,32767,0.3,2054-1-18,0.1,0.35,23.67,0.0,0.0,0.0,0,0.978515625,6,170,07:20,19:15,2025-03-14 04:28:27.073120,Marina di Stabia,31.1,6.639279,14.05905,5.7798514,10.930394,EU EEA Common AQI,73.8,6.5582366,13.21546,3600,4.811594,100,100,51.4,8.937198,Very Low,75.5,6.355935,100,1739186100,Very Low,9.633085,6.8510075,Very Low,6.062216,42.9,5.362319,100,1739186100,5.362319
2025-03-14T04:28:38Z,196,29.616,74.4,43,59.0,12,255,39,75,0.0,255,32767,0.3,2054-1-18,0.1,0.35,23.67,0.0,0.0,0.0,0,0.978515625,6,170,07:20,19:15,2025-03-14 04:28:38.430100,Marina di Stabia,31.1,6.639279,14.05905,5.7798514,10.930394,EU EEA Common AQI,73.8,6.5582366,13.21546,3600,4.811594,100,100,51.4,8.937198,Very Low,75.5,6.355935,100,1739186100,Very Low,9.633085,6.8510075,Very Low,6.062216,42.9,5.362319,100,1739186100,5.362319
2025-03-14T04:28:50Z,196,29.616,74.4,43,59.0,12,255,36,75,0.0,255,32767,0.3,2054-1-18,0.1,0.35,23.67,0.0,0.0,0.0,0,0.978515625,6,170,07:20,19:15,2025-03-14 04:28:49.805091,Marina di Stabia,31.1,6.639279,14.05905,5.7798514,10.930394,EU EEA Common AQI,73.8,6.5582366,13.21546,3600,4.811594,100,100,51.4,8.937198,Very Low,75.5,6.355935,100,1739186100,Very Low,9.633085,6.8510075,Very Low,6.062216,42.9,5.362319,100,1739186100,5.362319
2025-03-14T04:29:01Z,196,29.615,74.3,44,59.0,6,255,231,75,0.0,255,32767,0.3,2054-1-18,0.1,0.35,23.67,0.0,0.0,0.0,0,0.978515625,6,170,07:20,19:15,2025-03-14 04:29:01.133134,Marina di Stabia,31.1,6.639279,14.05905,5.7798514,10.930394,EU EEA Common AQI,73.8,6.5582366,13.21546,3600,4.811594,100,100,51.4,8.937198,Very Low,75.5,6.355935,100,1739186100,Very Low,9.633085,6.8510075,Very Low,6.062216,42.9,5.362319,100,1739186100,5.362319
2025-03-14T04:29:12Z,196,29.615,74.3,44,59.0,10,255,34,75,0.0,255,32767,0.3,2054-1-18,0.1,0.35,23.67,0.0,0.0,0.0,0,0.978515625,6,170,07:20,19:15,2025-03-14 04:29:12.444105,Marina di Stabia,31.1,6.639279,14.05905,5.7798514,10.930394,EU EEA Common AQI,73.8,6.5582366,13.21546,3600,4.811594,100,100,51.4,8.937198,Very Low,75.5,6.355935,100,1739186100,Very Low,9.633085,6.8510075,Very Low,6.062216,42.9,5.362319,100,1739186100,5.362319
2025-03-14T04:29:24Z,196,29.615,74.3,44,58.9,11,255,32,75,0.0,255,32767,0.3,2054-1-18,0.1,0.35,23.67,0.0,0.0,0.0,0,0.978515625,6,170,07:20,19:15,2025-03-14 04:29:23.824120,Marina di Stabia,31.1,6.639279,14.05905,5.7798514,10.930394,EU EEA Common AQI,73.8,6.5582366,13.21546,3600,4.811594,100,100,51.4,8.937198,Very Low,75.5,6.355935,100,1739186100,Very Low,9.633085,6.8510075,Very Low,6.062216,42.9,5.362319,100,1739186100,5.362319
2025-03-14T04:29:35Z,196,29.615,74.3,44,58.9,4,255,360,75,0.0,255,32767,0.3,2054-1-18,0.1,0.35,23.67,0.0,0.0,0.0,0,0.978515625,6,170,07:20,19:15,2025-03-14 04:29:35.247114,Marina di Stabia,31.1,6.639279,14.05905,5.7798514,10.930394,EU EEA Common AQI,73.8,6.5582366,13.21546,3600,4.811594,100,100,51.4,8.937198,Very Low,75.5,6.355935,100,1739186100,Very Low,9.633085,6.8510075,Very Low,6.062216,42.9,5.362319,100,1739186100,5.362319
2025-03-14T04:29:46Z,196,29.615,74.3,44,58.8,12,255,37,75,0.0,255,32767,0.3,2054-1-18,0.1,0.35,23.67,0.0,0.0,0.0,0,0.978515625,6,170,07:20,19:15,2025-03-14 04:29:46.603120,Marina di Stabia,31.1,6.639279,14.05905,5.7798514,10.930394,EU EEA Common AQI,73.8,6.5582366,13.21546,3600,4.811594,100,100,51.4,8.937198,Very Low,75.5,6.355935,100,1739186100,Very Low,9.633085,6.8510075,Very Low,6.062216,42.9,5.362319,100,1739186100,5.362319
2025-03-14T04:29:58Z,196,29.615,74.3,44,58.8,11,255,40,75,0.0,255,32767,0.3,2054-1-18,0.1,0.35,23.67,0.0,0.0,0.0,0,0.990234375,6,170,07:20,19:15,2025-03-14 04:29:57.939097,Marina di Stabia,31.1,6.639279,14.05905,5.7798514,10.930394,EU EEA Common AQI,73.8,6.5582366,13.21546,3600,4.811594,100,100,51.4,8.937198,Very Low,75.5,6.355935,100,1739186100,Very Low,9.633085,6.8510075,Very Low,6.062216,42.9,5.362319,100,1739186100,5.362319
2025-03-14T04:30:09Z,196,29.615,74.3,44,58.7,10,255,52,75,0.0,255,32767,0.3,2054-1-18,0.1,0.35,23.67,0.0,0.0,0.0,0,0.990234375,6,170,07:20,19:15,2025-03-14 04:30:09.299082,Marina di Stabia,31.1,6.639279,14.05905,5.7798514,10.930394,EU EEA Common AQI,73.8,6.5582366,13.21546,3600,4.811594,100,100,51.4,8.937198,Very Low,75.5,6.355935,100,1739186100,Very Low,9.633085,6.8510075,Very Low,6.062216,42.9,5.362319,100,1739186100,5.362319
2025-03-14T04:30:20Z,196,29.615,74.3,44,58.7,10,255,52,75,0.0,255,32767,0.3,2054-1-18,0.1,0.35,23.67,0.0,0.0,0.0,0,0.990234375,6,170,07:20,19:15,2025-03-14 04:30:20.650122,Marina di Stabia,31.1,6.639279,14.05905,5.7798514,10.930394,EU EEA Common AQI,73.8,6.5582366,13.21546,3600,4.811594,100,100,51.4,8.937198,Very Low,75.5,6.355935,100,1739186100,Very Low,9.633085,6.8510075,Very Low,6.062216,42.9,5.362319,100,1739186100,5.362319
2025-03-14T04:30:32Z,196,29.615,74.3,44,58.7,7,255,40,75,0.0,255,32767,0.3,2054-1-18,0.1,0.35,23.67,0.0,0.0,0.0,0,0.990234375,6,170,07:20,19:15,2025-03-14 04:30:32.135520,Marina di Stabia,31.1,6.639279,14.05905,5.7798514,10.930394,EU EEA Common AQI,73.8,6.5582366,13.21546,3600,4.811594,100,100,51.4,8.937198,Very Low,75.5,6.355935,100,1739186100,Very Low,9.633085,6.8510075,Very Low,6.062216,42.9,5.362319,100,1739186100,5.362319
2025-03-14T04:30:43Z,196,29.615,74.3,44,58.7,9,255,38,75,0.0,255,32767,0.3,2054-1-18,0.1,0.35,23.67,0.0,0.0,0.0,0,0.990234375,6,170,07:20,19:15,2025-03-14 04:30:43.752125,Marina di Stabia,31.1,6.639279,14.05905,5.7798514,10.930394,EU EEA Common AQI,73.8,6.5582366,13.21546,3600,4.811594,100,100,51.4,8.937198,Very Low,75.5,6.355935,100,1739186100,Very Low,9.633085,6.8510075,Very Low,6.062216,42.9,5.362319,100,1739186100,5.362319
2025-03-14T04:30:55Z,196,29.615,74.3,44,58.7,9,255,64,75,0.0,255,32767,0.3,2054-1-18,0.1,0.35,23.67,0.0,0.0,0.0,0,0.990234375,6,170,07:20,19:15,2025-03-14 04:30:55.408116,Marina di Stabia,31.1,6.639279,14.05905,5.7798514,10.930394,EU EEA Common AQI,73.8,6.5582366,13.21546,3600,4.811594,100,100,51.4,8.937198,Very Low,75.5,6.355935,100,1739186100,Very Low,9.633085,6.8510075,Very Low,6.062216,42.9,5.362319,100,1739186100,5.362319
2025-03-14T04:31:06Z,196,29.616,74.3,44,58.7,9,255,86,75,0.0,255,32767,0.3,2054-1-18,0.1,0.35,23.67,0.0,0.0,0.0,0,1.072265625,6,170,07:20,19:15,2025-03-14 04:31:06.766092,Marina di Stabia,31.1,6.639279,14.05905,5.7798514,10.930394,EU EEA Common AQI,73.8,6.5582366,13.21546,3600,4.811594,100,100,51.4,8.937198,Very Low,75.5,6.355935,100,1739186100,Very Low,9.633085,6.8510075,Very Low,6.062216,42.9,5.362319,100,1739186100,5.362319
2025-03-14T04:31:18Z,196,29.616,74.3,44,58.7,9,255,68,76,0.0,255,32767,0.3,2054-1-18,0.1,0.35,23.67,0.0,0.0,0.0,0,1.072265625,6,170,07:20,19:15,2025-03-14 04:31:18.220116,Marina di Stabia
2025-03-14T04:31:29Z,196,29.616,74.3,44,58.7,14,255,78,76,0.0,255,32767,0.3,2054-1-18,0.1,0.35,23.67,0.0,0.0,0.0,0,1.072265625,6,170,07:20,19:15,2025-03-14 04:31:29.628120,Marina di Stabia
2025-03-14T04:31:41Z,196,29.616,74.3,44,58.6,9,255,66,76,0.0,255,32767,0.3,2054-1-18,0.1,0.35,23.67,0.0,0.0,0.0,0,1.072265625,6,170,07:20,19:15,2025-03-14 04:31:40.993135,Marina di Stabia
2025-03-14T04:31:52Z,196,29.616,74.3,44,58.6,9,255,57,76,0.0,255,32767,0.3,2054-1-18,0.1,0.35,23.67,0.0,0.0,0.0,0,1.072265625,6,170,07:20,19:15,2025-03-14 04:31:52.287119,Marina di Stabia
2025-03-14T04:32:03Z,196,29.616,74.2,44,58.6,10,9,77,76,0.0,255,32767,0.3,2054-1-18,0.1,0.35,23.67,0.0,0.0,0.0,0,1.599609375,6,170,07:20,19:15,2025-03-14 04:32:03.662117,Marina di Stabia
2025-03-14T04:32:15Z,196,29.616,74.2,44,58.6,9,9,87,76,0.0,255,32767,0.3,2054-1-18,0.1,0.35,23.67,0.0,0.0,0.0,0,1.599609375,6,170,07:20,19:15,2025-03-14 04:32:15.088150,Marina di Stabia
2025-03-14T04:32:26Z,196,29.616,74.2,44,58.6,8,9,88,76,0.0,255,32767,0.3,2054-1-18,0.1,0.35,23.67,0.0,0.0,0.0,0,1.599609375,6,170,07:20,19:15,2025-03-14 04:32:26.444091,Marina di Stabia
2025-03-14T04:32:38Z,196,29.616,74.2,44,58.6,8,9,88,76,0.0,255,32767,0.3,2054-1-18,0.1,0.35,23.67,0.0,0.0,0.0,0,1.599609375,6,170,07:20,19:15,2025-03-14 04:32:37.887116,Marina di Stabia
2025-03-14T04:32:49Z,196,29.616,74.2,44,58.7,8,9,76,76,0.0,255,32767,0.3,2054-1-18,0.1,0.35,23.67,0.0,0.0,0.0,0,1.599609375,6,170,07:20,19:15,2025-03-14 04:32:49.212141,Marina di Stabia
2025-03-14T04:33:00Z,196,29.616,74.2,44,58.7,8,9,76,76,0.0,255,32767,0.3,2054-1-18,0.1,0.35,23.67,0.0,0.0,0.0,0,0.919921875,6,170,07:20,19:15,2025-03-14 04:33:00.549122,Marina di Stabia
2025-03-14T04:33:12Z,196,29.616,74.2,44,58.7,4,9,76,76,0.0,255,32767,0.3,2054-1-18,0.1,0.35,23.67,0.0,0.0,0.0,0,0.919921875,6,170,07:20,19:15,2025-03-14 04:33:11.865090,Marina di Stabia
2025-03-14T04:33:23Z,196,29.616,74.2,44,58.7,4,9,76,76,0.0,255,32767,0.3,2054-1-18,0.1,0.35,23.67,0.0,0.0,0.0,0,0.919921875,6,170,07:20,19:15,2025-03-14 04:33:23.176118,Marina di Stabia
2025-03-14T04:33:34Z,196,29.616,74.2,44,58.9,7,9,80,76,0.0,255,32767,0.3,2054-1-18,0.1,0.35,23.67,0.0,0.0,0.0,0,0.919921875,6,170,07:20,19:15,2025-03-14 04:33:34.514121,Marina di Stabia
2025-03-14T04:33:46Z,196,29.616,74.2,44,58.9,5,9,69,74,0.0,255,32767,0.3,2054-1-18,0.1,0.35,23.67,0.0,0.0,0.0,0,0.919921875,6,170,07:20,19:15,2025-03-14 04:33:45.896123,Marina di Stabia
2025-03-14T04:33:57Z,196,29.618,74.1,44,58.9,3,9,21,74,0.0,255,32767,0.3,2054-1-18,0.1,0.35,23.67,0.0,0.0,0.0,0,0.919921875,6,170,07:20,19:15,2025-03-14 04:33:57.248128,Marina di Stabia
2025-03-14T04:34:08Z,196,29.618,74.1,44,58.9,2,9,14,74,0.0,255,32767,0.3,2054-1-18,0.1,0.35,23.67,0.0,0.0,0.0,0,0.919921875,6,170,07:20,19:15,2025-03-14 04:34:08.618093,Marina di Stabia
2025-03-14T04:34:20Z,196,29.618,74.1,44,58.9,2,9,14,74,0.0,255,32767,0.3,2054-1-18,0.1,0.35,23.67,0.0,0.0,0.0,0,0.919921875,6,170,07:20,19:15,2025-03-14 04:34:19.925125,Marina di Stabia
2025-03-14T04:34:31Z,196,29.618,74.1,44,58.9,3,9,59,74,0.0,255,32767,0.3,2054-1-18,0.1,0.35,23.67,0.0,0.0,0.0,0,0.919921875,6,170,07:20,19:15,2025-03-14 04:34:31.214137,Marina di Stabia
2025-03-14T04:34:42Z,196,29.618,74.1,44,58.9,3,9,59,74,0.0,255,32767,0.3,2054-1-18,0.1,0.35,23.67,0.0,0.0,0.0,0,0.919921875,6,170,07:20,19:15,2025-03-14 04:34:42.555132,Marina di Stabia
2025-03-14T04:34:54Z,196,29.618,74.1,44,58.9,7,9,84,74,0.0,255,32767,0.3,2054-1-18,0.1,0.35,23.67,0.0,0.0,0.0,0,0.919921875,6,170,07:20,19:15,2025-03-14 04:34:53.948133,Marina di Stabia
2025-03-14T04:35:05Z,196,29.625,74.0,44,58.9,7,8,84,74,0.0,255,32767,0.3,2054-1-18,0.1,0.35,23.67,0.0,0.0,0.0,0,0.943359375,6,170,07:20,19:15,2025-03-14 04:35:05.273126,Marina di Stabia
2025-03-14T04:35:16Z,196,29.625,74.0,44,58.9,7,8,84,74,0.0,255,32767,0.3,2054-1-18,0.1,0.35,23.67,0.0,0.0,0.0,0,0.943359375,6,170,07:20,19:15,2025-03-14 04:35:16.575017,Marina di Stabia
2025-03-14T04:35:28Z,196,29.625,74.0,44,58.9,5,8,73,74,0.0,255,32767,0.3,2054-1-18,0.1,0.35,23.67,0.0,0.0,0.0,0,0.943359375,6,170,07:20,19:15,2025-03-14 04:35:27.913137,Marina di Stabia
2025-03-14T04:35:39Z,196,29.625,74.0,44,58.9,4,8,73,74,0.0,255,32767,0.3,2054-1-18,0.1,0.35,23.67,0.0,0.0,0.0,0,0.943359375,6,170,07:20,19:15,2025-03-14 04:35:39.232122,Marina di Stabia
2025-03-14T04:35:50Z,196,29.625,74.0,44,58.9,4,8,73,74,0.0,255,32767,0.3,2054-1-18,0.1,0.35,23.67,0.0,0.0,0.0,0,0.943359375,6,170,07:20,19:15,2025-03-14 04:35:50.612142,Marina di Stabia
2025-03-14T04:36:02Z,196,29.629,74.0,44,58.9,4,8,73,74,0.0,255,32767,0.3,2054-1-18,0.1,0.35,23.67,0.0,0.0,0.0,0,0.919921875,6,170,07:20,19:15,2025-03-14 04:36:01.931117,Marina di Stabia
2025-03-14T04:36:13Z,196,29.629,74.0,44,58.9,3,8,73,74,0.0,255,32767,0.3,2054-1-18,0.1,0.35,23.67,0.0,0.0,0.0,0,0.919921875,6,170,07:20,19:15,2025-03-14 04:36:13.271127,Marina di Stabia
2025-03-14T04:36:24Z,196,29.629,74.0,44,58.9,4,8,5,74,0.0,255,32767,0.3,2054-1-18,0.1,0.35,23.67,0.0,0.0,0.0,0,0.919921875,6,170,07:20,19:15,2025-03-14 04:36:24.586125,Marina di Stabia
2025-03-14T04:36:36Z,196,29.629,74.0,44,58.9,4,8,5,74,0.0,255,32767,0.3,2054-1-18,0.1,0.35,23.67,0.0,0.0,0.0,0,0.919921875,6,170,07:20,19:15,2025-03-14 04:36:35.948136,Marina di Stabia
2025-03-14T04:36:47Z,196,29.629,74.0,44,58.9,4,8,5,74,0.0,255,32767,0.3,2054-1-18,0.1,0.35,23.67,0.0,0.0,0.0,0,0.919921875,6,170,07:20,19:15,2025-03-14 04:36:47.359124,Marina di Stabia
2025-03-14T04:36:58Z,196,29.635,74.0,43,59.2,8,8,14,74,0.0,255,32767,0.3,2054-1-18,0.1,0.35,23.67,0.0,0.0,0.0,0,1.177734375,6,170,07:20,19:15,2025-03-14 04:36:58.735127,Marina di Stabia
2025-03-14T04:37:10Z,196,29.635,74.0,43,59.2,4,8,20,74,0.0,255,32767,0.3,2054-1-18,0.1,0.35,23.67,0.0,0.0,0.0,0,1.177734375,6,170,07:20,19:15,2025-03-14 04:37:10.045127,Marina di Stabia
2025-03-14T04:37:21Z,196,29.635,74.0,43,59.2,2,8,11,74,0.0,255,32767,0.3,2054-1-18,0.1,0.35,23.67,0.0,0.0,0.0,0,1.177734375,6,170,07:20,19:15,2025-03-14 04:37:21.438124,Marina di Stabia
2025-03-14T04:37:33Z,196,29.635,74.0,43,59.2,9,8,32,74,0.0,255,32767,0.3,2054-1-18,0.1,0.35,23.67,0.0,0.0,0.0,0,1.177734375,6,170,07:20,19:15,2025-03-14 04:37:32.832128,Marina di Stabia
2025-03-14T04:37:44Z,196,29.635,74.0,43,59.2,9,8,32,74,0.0,255,32767,0.3,2054-1-18,0.1,0.35,23.67,0.0,0.0,0.0,0,1.177734375,6,170,07:20,19:15,2025-03-14 04:37:44.212123,Marina di Stabia
2025-03-14T04:37:55Z,196,29.635,74.0,43,59.2,1,8,88,74,0.0,255,32767,0.3,2054-1-18,0.1,0.35,23.67,0.0,0.0,0.0,0,1.177734375,6,170,07:20,19:15,2025-03-14 04:37:55.538111,Marina di Stabia
2025-03-14T04:38:07Z,196,29.638,74.0,43,59.2,7,7,9,75,0.0,255,32767,0.3,2054-1-18,0.1,0.35,23.67,0.0,0.0,0.0,0,0.919921875,6,170,07:20,19:15,2025-03-14 04:38:07.032117,Marina di Stabia
2025-03-14T04:38:18Z,196,29.638,74.0,43,59.2,3,7,24,75,0.0,255,32767,0.3,2054-1-18,0.1,0.35,23.67,0.0,0.0,0.0,0,0.919921875,6,170,07:20,19:15,2025-03-14 04:38:18.339122,Marina di Stabia
2025-03-14T04:38:29Z,196,29.638,74.0,43,59.2,4,7,360,75,0.0,255,32767,0.3,2054-1-18,0.1,0.35,23.67,0.0,0.0,0.0,0,0.919921875,6,170,07:20,19:15,2025-03-14 04:38:29.695117,Marina di Stabia
2025-03-14T04:38:41Z,196,29.638,74.0,43,59.2,4,7,14,75,0.0,255,32767,0.3,2054-1-18,0.1,0.35,23.67,0.0,0.0,0.0,0,0.919921875,6,170,07:20,19:15,2025-03-14 04:38:41.005127,Marina di Stabia
2025-03-14T04:38:52Z,196,29.638,74.0,43,59.2,6,7,28,75,0.0,255,32767,0.3,2054-1-18,0.1,0.35,23.67,0.0,0.0,0.0,0,0.919921875,6,170,07:20,19:15,2025-03-14 04:38:52.495119,Marina di Stabia
2025-03-14T04:39:04Z,196,29.642,74.0,44,59.2,4,7,21,75,0.0,255,32767,0.3,2054-1-18,0.1,0.35,23.67,0.0,0.0,0.0,0,2.373046875,6,170,07:20,19:15,2025-03-14 04:39:03.924116,Marina di Stabia
2025-03-14T04:39:15Z,196,29.642,74.0,44,59.2,4,7,21,75,0.0,255,32767,0.3,2054-1-18,0.1,0.35,23.67,0.0,0.0,0.0,0,2.373046875,6,170,07:20,19:15,2025-03-14 04:39:15.513124,Marina di Stabia
2025-03-14T04:39:27Z,196,29.642,74.0,44,59.2,4,7,21,75,0.0,255,32767,0.3,2054-1-18,0.1,0.35,23.67,0.0,0.0,0.0,0,2.373046875,6,170,07:20,19:15,2025-03-14 04:39:26.806121,Marina di Stabia
2025-03-14T04:39:38Z,196,29.642,74.0,44,59.1,5,7,57,75,0.0,255,32767,0.3,2054-1-18,0.1,0.35,23.67,0.0,0.0,0.0,0,2.373046875,6,170,07:20,19:15,2025-03-14 04:39:38.140083,Marina di Stabia
2025-03-14T04:39:49Z,196,29.642,74.0,44,59.1,6,7,30,75,0.0,255,32767,0.3,2054-1-18,0.1,0.35,23.67,0.0,0.0,0.0,0,2.373046875,6,170,07:20,19:15,2025-03-14 04:39:49.434127,Marina di Stabia
2025-03-14T04:40:01Z,196,29.65,73.9,44,59.1,6,6,30,75,0.0,255,32767,0.3,2054-1-18,0.1,0.35,23.67,0.0,0.0,0.0,0,0.92578125,6,170,07:20,19:15,2025-03-14 04:40:00.802123,Marina di Stabia
2025-03-14T04:40:12Z,196,29.65,73.9,44,59.1,5,6,336,75,0.0,255,32767,0.3,2054-1-18,0.1,0.35,23.67,0.0,0.0,0.0,0,0.92578125,6,170,07:20,19:15,2025-03-14 04:40:12.295115,Marina di Stabia
2025-03-14T04:40:23Z,196,29.65,73.9,44,59.1,5,6,336,75,0.0,255,32767,0.3,2054-1-18,0.1,0.35,23.67,0.0,0.0,0.0,0,0.92578125,6,170,07:20,19:15,2025-03-14 04:40:23.689124,Marina di Stabia
2025-03-14T04:40:35Z,196,29.65,73.9,44,59.1,9,6,21,76,0.0,255,32767,0.3,2054-1-18,0.1,0.35,23.67,0.0,0.0,0.0,0,0.92578125,6,170,07:20,19:15,2025-03-14 04:40:35.052131,Marina di Stabia
2025-03-14T04:40:46Z,196,29.65,73.9,44,59.0,6,6,42,76,0.0,255,32767,0.3,2054-1-18,0.1,0.35,23.67,0.0,0.0,0.0,0,0.92578125,6,170,07:20,19:15,2025-03-14 04:40:46.528136,Marina di Stabia
2025-03-14T04:40:58Z,196,29.657,73.9,44,59.0,4,6,336,76,0.0,255,32767,0.3,2054-1-18,0.1,0.35,23.67,0.0,0.0,0.0,0,0.94921875,6,170,07:20,19:15,2025-03-14 04:40:57.982119,Marina di Stabia
2025-03-14T04:41:09Z,196,29.657,73.9,44,59.0,4,6,336,76,0.0,255,32767,0.3,2054-1-18,0.1,0.35,23.67,0.0,0.0,0.0,0,0.94921875,6,170,07:20,19:15,2025-03-14 04:41:09.387127,Marina di Stabia
2025-03-14T04:41:20Z,196,29.657,73.9,44,59.0,4,6,336,76,0.0,255,32767,0.3,2054-1-18,0.1,0.35,23.67,0.0,0.0,0.0,0,0.94921875,6,170,07:20,19:15,2025-03-14 04:41:20.795127,Marina di Stabia
2025-03-14T04:41:32Z,196,29.657,73.9,44,59.0,8,6,355,76,0.0,255,32767,0.3,2054-1-18,0.1,0.35,23.67,0.0,0.0,0.0,0,0.94921875,6,170,07:20,19:15,2025-03-14 04:41:32.102126,Marina di Stabia
2025-03-14T04:41:43Z,196,29.657,73.9,44,59.0,9,6,355,76,0.0,255,32767,0.3,2054-1-18,0.1,0.35,23.67,0.0,0.0,0.0,0,0.94921875,6,170,07:20,19:15,2025-03-14 04:41:43.457128,Marina di Stabia
2025-03-14T04:41:55Z,196,29.657,73.9,44,59.0,8,6,350,76,0.0,255,32767,0.3,2054-1-18,0.1,0.35,23.67,0.0,0.0,0.0,0,0.94921875,6,170,07:20,19:15,2025-03-14 04:41:54.847122,Marina di Stabia
2025-03-14T04:42:06Z,196,29.662,73.9,44,58.9,8,6,349,76,0.0,255,32767,0.3,2054-1-18,0.1,0.35,23.67,0.0,0.0,0.0,0,0.99609375,6,170,07:20,19:15,2025-03-14 04:42:06.141123,Marina di Stabia
2025-03-14T04:42:17Z,196,29.662,73.9,44,58.9,8,6,333,76,0.0,255,32767,0.3,2054-1-18,0.1,0.35,23.67,0.0,0.0,0.0,0,0.99609375,6,170,07:20,19:15,2025-03-14 04:42:17.460119,Marina di Stabia
2025-03-14T04:42:29Z,196,29.662,73.9,44,58.9,8,6,333,76,0.0,255,32767,0.3,2054-1-18,0.1,0.35,23.67,0.0,0.0,0.0,0,0.99609375,6,170,07:20,19:15,2025-03-14 04:42:28.855084,Marina di Stabia
2025-03-14T04:42:40Z,196,29.662,73.9,44,58.9,8,6,333,76,0.0,255,32767,0.3,2054-1-18,0.1,0.35,23.67,0.0,0.0,0.0,0,0.99609375,6,170,07:20,19:15,2025-03-14 04:42:40.271123,Marina di Stabia
2025-03-14T04:42:51Z,196,29.662,73.9,44,58.9,9,6,318,76,0.0,255,32767,0.3,2054-1-18,0.1,0.35,23.67,0.0,0.0,0.0,0,0.99609375,6,170,07:20,19:15,2025-03-14 04:42:51.601146,Marina di Stabia
2025-03-14T04:43:03Z,196,29.667,73.9,44,58.9,8,6,319,76,0.0,255,32767,0.3,2054-1-18,0.1,0.35,23.67,0.0,0.0,0.0,0,0.9140625,6,170,07:20,19:15,2025-03-14 04:43:02.917112,Marina di Stabia
2025-03-14T04:43:14Z,196,29.667,73.9,44,58.9,8,6,319,76,0.0,255,32767,0.3,2054-1-18,0.1,0.35,23.67,0.0,0.0,0.0,0,0.9140625,6,170,07:20,19:15,2025-03-14 04:43:14.233125,Marina di Stabia
2025-03-14T04:43:25Z,196,29.667,73.9,44,58.9,10,6,323,76,0.0,255,32767,0.3,2054-1-18,0.1,0.35,23.67,0.0,0.0,0.0,0,0.9140625,6,170,07:20,19:15,2025-03-14 04:43:25.556113,Marina di Stabia
2025-03-14T04:43:37Z,196,29.667,73.9,44,58.9,11,6,312,76,0.0,255,32767,0.3,2054-1-18,0.1,0.35,23.67,0.0,0.0,0.0,0,0.9140625,6,170,07:20,19:15,2025-03-14 04:43:36.914083,Marina di Stabia
2025-03-14T04:43:48Z,196,29.667,73.9,44,58.8,10,6,313,76,0.0,255,32767,0.3,2054-1-18,0.1,0.35,23.67,0.0,0.0,0.0,0,0.9140625,6,170,07:20,19:15,2025-03-14 04:43:48.339121,Marina di Stabia
2025-03-14T04:43:59Z,196,29.67,73.9,44,58.8,8,6,313,77,0.0,255,32767,0.3,2054-1-18,0.1,0.35,23.67,0.0,0.0,0.0,0,1.505859375,6,170,07:20,19:15,2025-03-14 04:43:59.672096,Marina di Stabia
2025-03-14T04:44:11Z,196,29.67,73.9,44,58.8,4,6,301,77,0.0,255,32767,0.3,2054-1-18,0.1,0.35,23.67,0.0,0.0,0.0,0,1.505859375,6,170,07:20,19:15,2025-03-14 04:44:11.115135,Marina di Stabia
2025-03-14T04:44:22Z,196,29.67,73.9,44,58.8,5,6,317,77,0.0,255,32767,0.3,2054-1-18,0.1,0.35,23.67,0.0,0.0,0.0,0,1.505859375,6,170,07:20,19:15,2025-03-14 04:44:22.464128,Marina di Stabia
2025-03-14T04:44:34Z,196,29.67,73.9,44,58.8,5,6,317,77,0.0,255,32767,0.3,2054-1-18,0.1,0.35,23.67,0.0,0.0,0.0,0,1.505859375,6,170,07:20,19:15,2025-03-14 04:44:33.804119,Marina di Stabia
2025-03-14T04:44:45Z,196,29.67,73.9,44,58.8,10,6,331,77,0.0,255,32767,0.3,2054-1-18,0.1,0.35,23.67,0.0,0.0,0.0,0,1.505859375,6,170,07:20,19:15,2025-03-14 04:44:45.128090,Marina di Stabia
2025-03-14T04:44:56Z,196,29.67,73.9,44,58.8,11,6,321,77,0.0,255,32767,0.3,2054-1-18,0.1,0.35,23.67,0.0,0.0,0.0,0,1.505859375,6,170,07:20,19:15,2025-03-14 04:44:56.548117,Marina di Stabia
2025-03-14T04:45:08Z,196,29.675,73.9,44,58.8,11,6,321,77,0.0,255,32767,0.3,2054-1-18,0.1,0.35,23.67,0.0,0.0,0.0,0,0.955078125,6,170,07:20,19:15,2025-03-14 04:45:07.837133,Marina di Stabia
2025-03-14T04:45:19Z,196,29.675,73.9,44,58.8,11,6,321,77,0.0,255,32767,0.3,2054-1-18,0.1,0.35,23.67,0.0,0.0,0.0,0,0.955078125,6,170,07:20,19:15,2025-03-14 04:45:19.215131,Marina di Stabia
2025-03-14T04:45:30Z,196,29.675,73.9,44,58.8,11,6,321,77,0.0,255,32767,0.3,2054-1-18,0.1,0.35,23.67,0.0,0.0,0.0,0,0.955078125,6,170,07:20,19:15,2025-03-14 04:45:30.558141,Marina di Stabia
2025-03-14T04:45:42Z,196,29.675,73.9,44,58.8,4,6,304,77,0.0,255,32767,0.3,2054-1-18,0.1,0.35,23.67,0.0,0.0,0.0,0,0.955078125,6,170,07:20,19:15,2025-03-14 04:45:41.902125,Marina di Stabia
2025-03-14T04:45:53Z,196,29.675,73.9,44,58.8,4,6,304,77,0.0,255,32767,0.3,2054-1-18,0.1,0.35,23.67,0.0,0.0,0.0,0,0.955078125,6,170,07:20,19:15,2025-03-14 04:45:53.318125,Marina di Stabia
2025-03-14T04:46:04Z,0,29.679,73.9,44,58.8,4,6,304,77,0.0,255,32767,0.3,2054-1-18,0.1,0.35,23.67,0.0,0.0,0.0,0,1.0078125,6,170,07:20,19:15,2025-03-14 04:46:04.708132,Marina di Stabia
2025-03-14T04:46:16Z,0,29.679,73.9,44,58.8,4,6,304,77,0.0,255,32767,0.3,2054-1-18,0.1,0.35,23.67,0.0,0.0,0.0,0,1.0078125,6,170,07:20,19:15,2025-03-14 04:46:16.050115,Marina di Stabia
2025-03-14T04:46:27Z,0,29.679,73.9,44,58.8,4,6,304,77,0.0,255,32767,0.3,2054-1-18,0.1,0.35,23.67,0.0,0.0,0.0,0,1.0078125,6,170,07:20,19:15,2025-03-14 04:46:27.415124,Marina di Stabia
2025-03-14T04:46:38Z,0,29.679,73.9,44,58.8,4,6,304,77,0.0,255,32767,0.3,2054-1-18,0.1,0.35,23.67,0.0,0.0,0.0,0,1.0078125,6,170,07:20,19:15,2025-03-14 04:46:38.741128,Marina di Stabia
2025-03-14T04:46:50Z,0,29.679,73.9,44,58.8,4,6,304,77,0.0,255,32767,0.3,2054-1-18,0.1,0.35,23.67,0.0,0.0,0.0,0,1.0078125,6,170,07:20,19:15,2025-03-14 04:46:50.087129,Marina di Stabia
2025-03-14T04:47:01Z,0,29.679,73.9,44,58.8,4,6,304,77,0.0,255,32767,0.3,2054-1-18,0.1,0.35,23.67,0.0,0.0,0.0,0,1.0078125,6,170,07:20,19:15,2025-03-14 04:47:01.480138,Marina di Stabia
2025-03-14T04:47:13Z,0,29.684,73.9,44,58.8,4,6,304,77,0.0,255,32767,0.3,2054-1-18,0.1,0.35,23.67,0.0,0.0,0.0,0,1.83984375,6,170,07:20,19:15,2025-03-14 04:47:12.898133,Marina di Stabia
2025-03-14T04:47:24Z,0,29.684,73.9,44,58.8,4,6,304,77,0.0,255,32767,0.3,2054-1-18,0.1,0.35,23.67,0.0,0.0,0.0,0,1.83984375,6,170,07:20,19:15,2025-03-14 04:47:24.255104,Marina di Stabia
2025-03-14T04:47:35Z,0,29.684,73.9,44,58.8,4,6,304,77,0.0,255,32767,0.3,2054-1-18,0.1,0.35,23.67,0.0,0.0,0.0,0,1.83984375,6,170,07:20,19:15,2025-03-14 04:47:35.558131,Marina di Stabia
2025-03-14T04:47:47Z,0,29.684,73.9,44,58.8,4,6,304,77,0.0,255,32767,0.3,2054-1-18,0.1,0.35,23.67,0.0,0.0,0.0,0,1.83984375,6,170,07:20,19:15,2025-03-14 04:47:46.871129,Marina di Stabia
2025-03-14T04:47:58Z,0,29.684,73.9,44,58.8,4,7,304,77,0.0,255,32767,0.3,2054-1-18,0.1,0.35,23.67,0.0,0.0,0.0,0,1.83984375,6,170,07:20,19:15,2025-03-14 04:47:58.208127,Marina di Stabia
2025-03-14T04:48:09Z,0,29.689,74.2,44,58.8,4,7,304,77,0.0,255,32767,0.3,2054-1-18,0.1,0.35,23.67,0.0,0.0,0.0,0,1.81640625,6,170,07:20,19:15,2025-03-14 04:48:09.547117,Marina di Stabia
2025-03-14T04:48:21Z,0,29.689,74.2,44,58.8,4,7,304,77,0.0,255,32767,0.3,2054-1-18,0.1,0.35,23.67,0.0,0.0,0.0,0,1.81640625,6,170,07:20,19:15,2025-03-14 04:48:20.938092,Marina di Stabia
2025-03-14T04:48:32Z,0,29.689,74.2,44,58.8,4,7,304,77,0.0,255,32767,0.3,2054-1-18,0.1,0.35,23.67,0.0,0.0,0.0,0,1.81640625,6,170,07:20,19:15,2025-03-14 04:48:32.381097,Marina di Stabia
2025-03-14T04:48:43Z,0,29.689,74.2,44,58.8,4,7,304,77,0.0,255,32767,0.3,2054-1-18,0.1,0.35,23.67,0.0,0.0,0.0,0,1.81640625,6,170,07:20,19:15,2025-03-14 04:48:43.736084,Marina di Stabia
2025-03-14T04:48:55Z,0,29.689,74.2,44,58.8,4,7,304,77,0.0,255,32767,0.3,2054-1-18,0.1,0.35,23.67,0.0,0.0,0.0,0,1.81640625,6,170,07:20,19:15,2025-03-14 04:48:55.027119,Marina di Stabia
2025-03-14T04:49:06Z,0,29.689,74.2,44,58.8,4,7,304,77,0.0,255,32767,0.3,2054-1-18,0.1,0.35,23.67,0.0,0.0,0.0,0,1.81640625,6,170,07:20,19:15,2025-03-14 04:49:06.353085,Marina di Stabia
2025-03-14T04:49:17Z,0,29.691,74.3,43,58.8,4,7,304,77,0.0,255,32767,0.3,2054-1-18,0.1,0.35,23.67,0.0,0.0,0.0,0,1.810546875,6,170,07:20,19:15,2025-03-14 04:49:17.698136,Marina di Stabia
2025-03-14T04:49:29Z,0,29.691,74.3,43,58.8,4,7,304,77,0.0,255,32767,0.3,2054-1-18,0.1,0.35,23.67,0.0,0.0,0.0,0,1.810546875,6,170,07:20,19:15,2025-03-14 04:49:29.105118,Marina di Stabia
2025-03-14T04:49:40Z,0,29.691,74.3,43,58.8,4,7,304,77,0.0,255,32767,0.3,2054-1-18,0.1,0.35,23.67,0.0,0.0,0.0,0,1.810546875,6,170,07:20,19:15,2025-03-14 04:49:40.491129,Marina di Stabia
2025-03-14T04:49:52Z,0,29.691,74.3,43,58.8,4,7,304,77,0.0,255,32767,0.3,2054-1-18,0.1,0.35,23.67,0.0,0.0,0.0,0,1.810546875,6,170,07:20,19:15,2025-03-14 04:49:51.858119,Marina di Stabia
2025-03-14T04:50:03Z,0,29.695,74.3,43,58.8,4,255,304,77,0.0,255,32767,0.3,2054-1-18,0.1,0.35,23.67,0.0,0.0,0.0,0,2.173828125,6,170,07:20,19:15,2025-03-14 04:50:03.144128,Marina di Stabia
2025-03-14T04:50:14Z,0,29.695,74.3,43,58.8,4,255,304,77,0.0,255,32767,0.3,2054-1-18,0.1,0.35,23.67,0.0,0.0,0.0,0,2.173828125,6,170,07:20,19:15,2025-03-14 04:50:14.568121,Marina di Stabia
2025-03-14T04:50:26Z,0,29.695,74.3,43,58.8,4,255,304,77,0.0,255,32767,0.3,2054-1-18,0.1,0.35,23.67,0.0,0.0,0.0,0,2.173828125,6,170,07:20,19:15,2025-03-14 04:50:25.941136,Marina di Stabia
2025-03-14T04:50:37Z,0,29.695,74.3,43,58.8,4,255,304,77,0.0,255,32767,0.3,2054-1-18,0.1,0.35,23.67,0.0,0.0,0.0,0,2.173828125,6,170,07:20,19:15,2025-03-14 04:50:37.311116,Marina di Stabia
2025-03-14T04:50:48Z,0,29.695,74.3,43,58.8,4,255,304,77,0.0,255,32767,0.3,2054-1-18,0.1,0.35,23.67,0.0,0.0,0.0,0,2.173828125,6,170,07:20,19:15,2025-03-14 04:50:48.730126,Marina di Stabia
2025-03-14T04:51:00Z,0,29.695,74.3,43,58.8,4,255,304,77,0.0,255,32767,0.3,2054-1-18,0.1,0.35,23.67,0.0,0.0,0.0,0,2.173828125,6,170,07:20,19:15,2025-03-14 04:51:00.058136,Marina di Stabia
2025-03-14T04:51:11Z,0,29.698,74.4,43,58.8,4,255,304,77,0.0,255,32767,0.3,2054-1-18,0.1,0.35,23.67,0.0,0.0,0.0,0,1.79296875,6,170,07:20,19:15,2025-03-14 04:51:11.478129,Marina di Stabia
2025-03-14T04:51:23Z,0,29.698,74.4,43,58.8,4,255,304,77,0.0,255,32767,0.3,2054-1-18,0.1,0.35,23.67,0.0,0.0,0.0,0,1.79296875,6,170,07:20,19:15,2025-03-14 04:51:22.823125,Marina di Stabia
2025-03-14T04:51:34Z,0,29.698,74.4,43,58.8,4,255,304,77,0.0,255,32767,0.3,2054-1-18,0.1,0.35,23.67,0.0,0.0,0.0,0,1.79296875,6,170,07:20,19:15,2025-03-14 04:51:34.142125,Marina di Stabia
2025-03-14T04:51:45Z,0,29.698,74.4,43,58.8,4,255,304,77,0.0,255,32767,0.3,2054-1-18,0.1,0.35,23.67,0.0,0.0,0.0,0,1.79296875,6,170,07:20,19:15,2025-03-14 04:51:45.591113,Marina di Stabia
2025-03-14T04:51:57Z,0,29.698,74.4,43,58.8,4,255,304,77,0.0,255,32767,0.3,2054-1-18,0.1,0.35,23.67,0.0,0.0,0.0,0,1.79296875,6,170,07:20,19:15,2025-03-14 04:51:57.044124,Marina di Stabia
2025-03-14T04:52:08Z,0,29.7,74.5,43,58.8,4,255,304,77,0.0,255,32767,0.3,2054-1-18,0.1,0.35,23.67,0.0,0.0,0.0,0,1.833984375,6,170,07:20,19:15,2025-03-14 04:52:08.343119,Marina di Stabia
2025-03-14T04:52:19Z,0,29.7,74.5,43,58.8,4,255,304,77,0.0,255,32767,0.3,2054-1-18,0.1,0.35,23.67,0.0,0.0,0.0,0,1.833984375,6,170,07:20,19:15,2025-03-14 04:52:19.681122,Marina di Stabia
2025-03-14T04:52:31Z,0,29.7,74.5,43,58.8,4,255,304,77,0.0,255,32767,0.3,2054-1-18,0.1,0.35,23.67,0.0,0.0,0.0,0,1.833984375,6,170,07:20,19:15,2025-03-14 04:52:31.106127,Marina di Stabia
2025-03-14T04:52:42Z,0,29.7,74.5,43,58.8,4,255,304,77,0.0,255,32767,0.3,2054-1-18,0.1,0.35,23.67,0.0,0.0,0.0,0,1.833984375,6,170,07:20,19:15,2025-03-14 04:52:42.435124,Marina di Stabia
2025-03-14T04:52:53Z,0,29.7,74.5,43,58.8,4,255,304,77,0.0,255,32767,0.3,2054-1-18,0.1,0.35,23.67,0.0,0.0,0.0,0,1.833984375,6,170,07:20,19:15,2025-03-14 04:52:53.779121,Marina di Stabia
2025-03-14T04:53:05Z,0,29.7,74.5,43,58.8,4,255,304,77,0.0,255,32767,0.3,2054-1-18,0.1,0.35,23.67,0.0,0.0,0.0,0,1.833984375,6,170,07:20,19:15,2025-03-14 04:53:05.102116,Marina di Stabia
2025-03-14T04:53:16Z,0,29.7,74.6,44,58.8,4,255,304,77,0.0,255,32767,0.3,2054-1-18,0.1,0.35,23.67,0.0,0.0,0.0,0,1.828125,6,170,07:20,19:15,2025-03-14 04:53:16.479131,Marina di Stabia
2025-03-14T04:53:28Z,0,29.7,74.6,44,58.8,4,255,304,77,0.0,255,32767,0.3,2054-1-18,0.1,0.35,23.67,0.0,0.0,0.0,0,1.828125,6,170,07:20,19:15,2025-03-14 04:53:27.815124,Marina di Stabia
2025-03-14T04:53:39Z,0,29.7,74.6,44,58.8,4,255,304,77,0.0,255,32767,0.3,2054-1-18,0.1,0.35,23.67,0.0,0.0,0.0,0,1.828125,6,170,07:20,19:15,2025-03-14 04:53:39.129086,Marina di Stabia
2025-03-14T04:53:50Z,0,29.7,74.6,44,58.8,4,255,304,77,0.0,255,32767,0.3,2054-1-18,0.1,0.35,23.67,0.0,0.0,0.0,0,1.828125,6,170,07:20,19:15,2025-03-14 04:53:50.459129,Marina di Stabia
2025-03-14T04:54:02Z,0,29.7,74.6,44,58.8,4,255,304,77,0.0,255,32767,0.3,2054-1-18,0.1,0.35,23.67,0.0,0.0,0.0,0,1.828125,6,170,07:20,19:15,2025-03-14 04:54:01.819125,Marina di Stabia
2025-03-14T04:54:13Z,0,29.698,74.6,44,58.8,4,255,304,77,0.0,255,32767,0.3,2054-1-18,0.1,0.35,23.67,0.0,0.0,0.0,0,1.828125,6,170,07:20,19:15,2025-03-14 04:54:13.362119,Marina di Stabia
2025-03-14T04:54:26Z,0,29.698,74.6,44,58.8,4,255,304,77,0.0,255,32767,0.3,2054-1-18,0.1,0.35,23.67,0.0,0.0,0.0,0,1.828125,6,170,07:20,19:15,2025-03-14 04:54:25.849127,Marina di Stabia
2025-03-14T04:54:37Z,0,29.698,74.6,44,58.8,4,255,304,77,0.0,255,32767,0.3,2054-1-18,0.1,0.35,23.67,0.0,0.0,0.0,0,1.828125,6,170,07:20,19:15,2025-03-14 04:54:37.130115,Marina di Stabia
2025-03-14T04:54:48Z,0,29.698,74.6,44,58.8,4,255,304,77,0.0,255,32767,0.3,2054-1-18,0.1,0.35,23.67,0.0,0.0,0.0,0,1.828125,6,170,07:20,19:15,2025-03-14 04:54:48.449130,Marina di Stabia
2025-03-14T04:55:00Z,0,29.698,74.6,44,58.8,4,255,304,77,0.0,255,32767,0.3,2054-1-18,0.1,0.35,23.67,0.0,0.0,0.0,0,1.828125,6,170,07:20,19:15,2025-03-14 04:54:59.949090,Marina di Stabia
2025-03-14T04:55:11Z,0,29.696,74.7,44,58.8,4,255,304,77,0.0,255,32767,0.3,2054-1-18,0.1,0.35,23.67,0.0,0.0,0.0,0,1.828125,6,170,07:20,19:15,2025-03-14 04:55:11.275136,Marina di Stabia
2025-03-14T04:55:22Z,0,29.696,74.7,44,58.8,4,255,304,77,0.0,255,32767,0.3,2054-1-18,0.1,0.35,23.67,0.0,0.0,0.0,0,1.828125,6,170,07:20,19:15,2025-03-14 04:55:22.676111,Marina di Stabia
2025-03-14T04:55:34Z,0,29.696,74.7,44,58.8,4,255,304,77,0.0,255,32767,0.3,2054-1-18,0.1,0.35,23.67,0.0,0.0,0.0,0,1.828125,6,170,07:20,19:15,2025-03-14 04:55:33.977118,Marina di Stabia
2025-03-14T04:55:45Z,0,29.696,74.7,44,58.8,4,255,304,77,0.0,255,32767,0.3,2054-1-18,0.1,0.35,23.67,0.0,0.0,0.0,0,1.828125,6,170,07:20,19:15,2025-03-14 04:55:45.325118,Marina di Stabia
2025-03-14T04:55:56Z,0,29.696,74.7,44,58.8,4,255,304,77,0.0,255,32767,0.3,2054-1-18,0.1,0.35,23.67,0.0,0.0,0.0,0,1.828125,6,170,07:20,19:15,2025-03-14 04:55:56.636118,Marina di Stabia
2025-03-14T04:56:08Z,0,29.696,74.7,44,3276.7,255,255,32767,255,655.35,255,32767,0.3,2054-1-18,0.1,0.35,23.67,0.0,0.0,0.0,0,1.828125,6,170,07:20,19:15,2025-03-14 04:56:07.986138,Marina di Stabia
2025-03-14T04:56:19Z,0,29.695,74.8,44,3276.7,255,255,32767,255,655.35,255,32767,0.3,2054-1-18,0.1,0.35,23.67,0.0,0.0,0.0,0,1.76953125,6,170,07:20,19:15,2025-03-14 04:56:19.300082,Marina di Stabia
2025-03-14T04:56:31Z,0,29.695,74.8,44,3276.7,255,255,32767,255,655.35,255,32767,0.3,2054-1-18,0.1,0.35,23.67,0.0,0.0,0.0,0,1.76953125,6,170,07:20,19:15,2025-03-14 04:56:30.805119,Marina di Stabia
2025-03-14T04:56:42Z,0,29.695,74.8,44,3276.7,255,255,32767,255,655.35,255,32767,0.3,2054-1-18,0.1,0.35,23.67,0.0,0.0,0.0,0,1.76953125,6,170,07:20,19:15,2025-03-14 04:56:42.134129,Marina di Stabia
2025-03-14T04:56:53Z,0,29.695,74.8,44,3276.7,255,255,32767,255,655.35,255,32767,0.3,2054-1-18,0.1,0.35,23.67,0.0,0.0,0.0,0,1.76953125,6,170,07:20,19:15,2025-03-14 04:56:53.444131,Marina di Stabia
2025-03-14T04:57:04Z,0,29.699,74.7,44,3276.7,255,255,32767,255,655.35,255,32767,0.3,2054-1-18,0.1,0.35,23.67,0.0,0.0,0.0,0,0.97265625,6,170,07:20,19:15,2025-03-14 04:57:04.731125,Marina di Stabia
2025-03-14T04:57:16Z,0,29.699,74.7,44,3276.7,255,255,32767,255,655.35,255,32767,0.3,2054-1-18,0.1,0.35,23.67,0.0,0.0,0.0,0,0.97265625,6,170,07:20,19:15,2025-03-14 04:57:16.049127,Marina di Stabia
2025-03-14T04:57:27Z,0,29.699,74.7,44,3276.7,255,255,32767,255,655.35,255,32767,0.3,2054-1-18,0.1,0.35,23.67,0.0,0.0,0.0,0,0.97265625,6,170,07:20,19:15,2025-03-14 04:57:27.405121,Marina di Stabia
2025-03-14T04:57:38Z,0,29.699,74.7,44,3276.7,255,255,32767,255,655.35,255,32767,0.3,2054-1-18,0.1,0.35,23.67,0.0,0.0,0.0,0,0.97265625,6,170,07:20,19:15,2025-03-14 04:57:38.783126,Marina di Stabia
2025-03-14T04:57:50Z,0,29.699,74.7,44,3276.7,255,255,32767,255,655.35,255,32767,0.3,2054-1-18,0.1,0.35,23.67,0.0,0.0,0.0,0,0.97265625,6,170,07:20,19:15,2025-03-14 04:57:50.125122,Marina di Stabia
2025-03-14T04:58:01Z,0,29.699,74.6,44,3276.7,255,255,32767,255,655.35,255,32767,0.3,2054-1-18,0.1,0.35,23.67,0.0,0.0,0.0,0,0.978515625,6,170,07:20,19:15,2025-03-14 04:58:01.492134,Marina di Stabia
2025-03-14T04:58:13Z,0,29.699,74.6,44,3276.7,255,255,32767,255,655.35,255,32767,0.3,2054-1-18,0.1,0.35,23.67,0.0,0.0,0.0,0,0.978515625,6,170,07:20,19:15,2025-03-14 04:58:12.846124,Marina di Stabia
2025-03-14T04:58:24Z,0,29.699,74.6,44,3276.7,255,255,32767,255,655.35,255,32767,0.3,2054-1-18,0.1,0.35,23.67,0.0,0.0,0.0,0,0.978515625,6,170,07:20,19:15,2025-03-14 04:58:24.168117,Marina di Stabia
2025-03-14T04:58:35Z,0,29.699,74.6,44,3276.7,255,255,32767,255,655.35,255,32767,0.3,2054-1-18,0.1,0.35,23.67,0.0,0.0,0.0,0,0.978515625,6,170,07:20,19:15,2025-03-14 04:58:35.492122,Marina di Stabia
2025-03-14T04:58:47Z,0,29.699,74.6,44,3276.7,255,255,32767,255,655.35,255,32767,0.3,2054-1-18,0.1,0.35,23.67,0.0,0.0,0.0,0,0.978515625,6,170,07:20,19:15,2025-03-14 04:58:46.963130,Marina di Stabia
2025-03-14T04:58:58Z,0,29.699,74.4,44,3276.7,255,255,32767,255,655.35,255,32767,0.3,2054-1-18,0.1,0.35,23.67,0.0,0.0,0.0,0,0.978515625,6,170,07:20,19:15,2025-03-14 04:58:58.306081,Marina di Stabia
2025-03-14T04:59:09Z,0,29.699,74.4,44,3276.7,255,255,32767,255,655.35,255,32767,0.3,2054-1-18,0.1,0.35,23.67,0.0,0.0,0.0,0,0.978515625,6,170,07:20,19:15,2025-03-14 04:59:09.618131,Marina di Stabia
2025-03-14T04:59:21Z,0,29.699,74.4,44,3276.7,255,255,32767,255,655.35,255,32767,0.3,2054-1-18,0.1,0.35,23.67,0.0,0.0,0.0,0,0.978515625,6,170,07:20,19:15,2025-03-14 04:59:20.947125,Marina di Stabia
2025-03-14T04:59:32Z,0,29.699,74.4,44,3276.7,255,255,32767,255,655.35,255,32767,0.3,2054-1-18,0.1,0.35,23.67,0.0,0.0,0.0,0,0.978515625,6,170,07:20,19:15,2025-03-14 04:59:32.327118,Marina di Stabia
2025-03-14T04:59:43Z,0,29.699,74.4,44,3276.7,255,255,32767,255,655.35,255,32767,0.3,2054-1-18,0.1,0.35,23.67,0.0,0.0,0.0,0,0.978515625,6,170,07:20,19:15,2025-03-14 04:59:43.628124,Marina di Stabia
2025-03-14T04:59:55Z,0,29.699,74.4,44,3276.7,255,255,32767,255,655.35,255,32767,0.3,2054-1-18,0.1,0.35,23.67,0.0,0.0,0.0,0,0.978515625,6,170,07:20,19:15,2025-03-14 04:59:55.005109,Marina di Stabia
2025-03-14T05:00:06Z,0,29.698,74.4,44,3276.7,255,255,32767,255,655.35,255,32767,0.3,2054-1-18,0.1,0.35,23.67,0.0,0.0,0.0,0,0.978515625,6,170,07:20,19:15,2025-03-14 05:00:06.320094,Marina di Stabia,31.1,6.639279,14.05905,5.7798514,10.930394,EU EEA Common AQI,73.8,6.5582366,13.21546,3600,4.811594,100,100,51.4,8.937198,Very Low,75.5,6.355935,100,1739186100,Very Low,9.633085,6.8510075,Very Low,6.062216,42.9,5.362319,100,1739186100,5.362319
2025-03-14T05:00:17Z,0,29.698,74.4,44,3276.7,255,255,32767,255,655.35,255,32767,0.3,2054-1-18,0.1,0.35,23.67,0.0,0.0,0.0,0,0.978515625,6,170,07:20,19:15,2025-03-14 05:00:17.679135,Marina di Stabia,31.1,6.639279,14.05905,5.7798514,10.930394,EU EEA Common AQI,73.8,6.5582366,13.21546,3600,4.811594,100,100,51.4,8.937198,Very Low,75.5,6.355935,100,1739186100,Very Low,9.633085,6.8510075,Very Low,6.062216,42.9,5.362319,100,1739186100,5.362319
2025-03-14T05:00:29Z,0,29.698,74.4,44,3276.7,255,255,32767,255,655.35,255,32767,0.3,2054-1-18,0.1,0.35,23.67,0.0,0.0,0.0,0,0.978515625,6,170,07:20,19:15,2025-03-14 05:00:29.008106,Marina di Stabia,31.1,6.639279,14.05905,5.7798514,10.930394,EU EEA Common AQI,73.8,6.5582366,13.21546,3600,4.811594,100,100,51.4,8.937198,Very Low,75.5,6.355935,100,1739186100,Very Low,9.633085,6.8510075,Very Low,6.062216,42.9,5.362319,100,1739186100,5.362319
2025-03-14T05:00:40Z,0,29.698,74.4,44,3276.7,255,255,32767,255,655.35,255,32767,0.3,2054-1-18,0.1,0.35,23.67,0.0,0.0,0.0,0,0.978515625,6,170,07:20,19:15,2025-03-14 05:00:40.419111,Marina di Stabia,31.1,6.639279,14.05905,5.7798514,10.930394,EU EEA Common AQI,73.8,6.5582366,13.21546,3600,4.811594,100,100,51.4,8.937198,Very Low,75.5,6.355935,100,1739186100,Very Low,9.633085,6.8510075,Very Low,6.062216,42.9,5.362319,100,1739186100,5.362319
2025-03-14T05:00:52Z,0,29.698,74.4,44,3276.7,255,255,32767,255,655.35,255,32767,0.3,2054-1-18,0.1,0.35,23.67,0.0,0.0,0.0,0,0.978515625,6,170,07:20,19:15,2025-03-14 05:00:51.945122,Marina di Stabia,31.1,6.639279,14.05905,5.7798514,10.930394,EU EEA Common AQI,73.8,6.5582366,13.21546,3600,4.811594,100,100,51.4,8.937198,Very Low,75.5,6.355935,100,1739186100,Very Low,9.633085,6.8510075,Very Low,6.062216,42.9,5.362319,100,1739186100,5.362319
2025-03-14T05:01:03Z,20,29.7,74.3,43,3276.7,255,255,32767,255,655.35,255,32767,0.3,2054-1-18,0.1,0.35,23.67,0.0,0.0,0.0,0,1.62890625,6,190,07:20,19:15,2025-03-14 05:01:03.294119,Marina di Stabia,31.1,6.639279,14.05905,5.7798514,10.930394,EU EEA Common AQI,73.8,6.5582366,13.21546,3600,4.811594,100,100,51.4,8.937198,Very Low,75.5,6.355935,100,1739186100,Very Low,9.633085,6.8510075,Very Low,6.062216,42.9,5.362319,100,1739186100,5.362319
2025-03-14T05:01:14Z,20,29.7,74.3,43,3276.7,255,255,32767,255,655.35,255,32767,0.3,2054-1-18,0.1,0.35,23.67,0.0,0.0,0.0,0,1.62890625,6,190,07:20,19:15,2025-03-14 05:01:14.652101,Marina di Stabia,31.1,6.639279,14.05905,5.7798514,10.930394,EU EEA Common AQI,73.8,6.5582366,13.21546,3600,4.811594,100,100,51.4,8.937198,Very Low,75.5,6.355935,100,1739186100,Very Low,9.633085,6.8510075,Very Low,6.062216,42.9,5.362319,100,1739186100,5.362319
2025-03-14T05:01:26Z,20,29.7,74.3,43,3276.7,255,255,32767,255,655.35,255,32767,0.3,2054-1-18,0.1,0.35,23.67,0.0,0.0,0.0,0,1.62890625,6,190,07:20,19:15,2025-03-14 05:01:26.004126,Marina di Stabia,31.1,6.639279,14.05905,5.7798514,10.930394,EU EEA Common AQI,73.8,6.5582366,13.21546,3600,4.811594,100,100,51.4,8.937198,Very Low,75.5,6.355935,100,1739186100,Very Low,9.633085,6.8510075,Very Low,6.062216,42.9,5.362319,100,1739186100,5.362319
2025-03-14T05:01:37Z,20,29.7,74.3,43,3276.7,255,255,32767,255,655.35,255,32767,0.3,2054-1-18,0.1,0.35,23.67,0.0,0.0,0.0,0,1.62890625,6,190,07:20,19:15,2025-03-14 05:01:37.332106,Marina di Stabia,31.1,6.639279,14.05905,5.7798514,10.930394,EU EEA Common AQI,73.8,6.5582366,13.21546,3600,4.811594,100,100,51.4,8.937198,Very Low,75.5,6.355935,100,1739186100,Very Low,9.633085,6.8510075,Very Low,6.062216,42.9,5.362319,100,1739186100,5.362319
2025-03-14T05:01:48Z,20,29.7,74.3,43,3276.7,255,255,32767,255,655.35,255,32767,0.3,2054-1-18,0.1,0.35,23.67,0.0,0.0,0.0,0,1.62890625,6,190,07:20,19:15,2025-03-14 05:01:48.662125,Marina di Stabia,31.1,6.639279,14.05905,5.7798514,10.930394,EU EEA Common AQI,73.8,6.5582366,13.21546,3600,4.811594,100,100,51.4,8.937198,Very Low,75.5,6.355935,100,1739186100,Very Low,9.633085,6.8510075,Very Low,6.062216,42.9,5.362319,100,1739186100,5.362319
2025-03-14T05:02:00Z,20,29.702,74.3,43,3276.7,255,255,32767,255,655.35,255,32767,0.3,2054-1-18,0.1,0.35,23.67,0.0,0.0,0.0,0,0.978515625,6,190,07:20,19:15,2025-03-14 05:02:00.077144,Marina di Stabia,31.1,6.639279,14.05905,5.7798514,10.930394,EU EEA Common AQI,73.8,6.5582366,13.21546,3600,4.811594,100,100,51.4,8.937198,Very Low,75.5,6.355935,100,1739186100,Very Low,9.633085,6.8510075,Very Low,6.062216,42.9,5.362319,100,1739186100,5.362319
2025-03-14T05:02:11Z,20,29.702,74.3,43,3276.7,255,255,32767,255,655.35,255,32767,0.3,2054-1-18,0.1,0.35,23.67,0.0,0.0,0.0,0,0.978515625,6,190,07:20,19:15,2025-03-14 05:02:11.411123,Marina di Stabia,31.1,6.639279,14.05905,5.7798514,10.930394,EU EEA Common AQI,73.8,6.5582366,13.21546,3600,4.811594,100,100,51.4,8.937198,Very Low,75.5,6.355935,100,1739186100,Very Low,9.633085,6.8510075,Very Low,6.062216,42.9,5.362319,100,1739186100,5.362319
2025-03-14T05:02:22Z,20,29.702,74.3,43,3276.7,255,255,32767,255,655.35,255,32767,0.3,2054-1-18,0.1,0.35,23.67,0.0,0.0,0.0,0,0.978515625,6,190,07:20,19:15,2025-03-14 05:02:22.775120,Marina di Stabia,31.1,6.639279,14.05905,5.7798514,10.930394,EU EEA Common AQI,73.8,6.5582366,13.21546,3600,4.811594,100,100,51.4,8.937198,Very Low,75.5,6.355935,100,1739186100,Very Low,9.633085,6.8510075,Very Low,6.062216,42.9,5.362319,100,1739186100,5.362319
2025-03-14T05:02:34Z,20,29.702,74.3,43,3276.7,255,255,32767,255,655.35,255,32767,0.3,2054-1-18,0.1,0.35,23.67,0.0,0.0,0.0,0,0.978515625,6,190,07:20,19:15,2025-03-14 05:02:34.088083,Marina di Stabia,31.1,6.639279,14.05905,5.7798514,10.930394,EU EEA Common AQI,73.8,6.5582366,13.21546,3600,4.811594,100,100,51.4,8.937198,Very Low,75.5,6.355935,100,1739186100,Very Low,9.633085,6.8510075,Very Low,6.062216,42.9,5.362319,100,1739186100,5.362319
2025-03-14T05:02:45Z,20,29.702,74.3,43,3276.7,255,255,32767,255,655.35,255,32767,0.3,2054-1-18,0.1,0.35,23.67,0.0,0.0,0.0,0,0.978515625,6,190,07:20,19:15,2025-03-14 05:02:45.476119,Marina di Stabia,31.1,6.639279,14.05905,5.7798514,10.930394,EU EEA Common AQI,73.8,6.5582366,13.21546,3600,4.811594,100,100,51.4,8.937198,Very Low,75.5,6.355935,100,1739186100,Very Low,9.633085,6.8510075,Very Low,6.062216,42.9,5.362319,100,1739186100,5.362319
2025-03-14T05:02:57Z,20,29.702,74.3,43,3276.7,255,255,32767,255,655.35,255,32767,0.3,2054-1-18,0.1,0.35,23.67,0.0,0.0,0.0,0,0.978515625,6,190,07:20,19:15,2025-03-14 05:02:56.821120,Marina di Stabia,31.1,6.639279,14.05905,5.7798514,10.930394,EU EEA Common AQI,73.8,6.5582366,13.21546,3600,4.811594,100,100,51.4,8.937198,Very Low,75.5,6.355935,100,1739186100,Very Low,9.633085,6.8510075,Very Low,6.062216,42.9,5.362319,100,1739186100,5.362319
2025-03-14T05:03:08Z,20,29.703,74.2,43,3276.7,255,255,32767,255,655.35,255,32767,0.3,2054-1-18,0.1,0.35,23.67,0.0,0.0,0.0,0,1.0546875,6,190,07:20,19:15,2025-03-14 05:03:08.247124,Marina di Stabia,31.1,6.639279,14.05905,5.7798514,10.930394,EU EEA Common AQI,73.8,6.5582366,13.21546,3600,4.811594,100,100,51.4,8.937198,Very Low,75.5,6.355935,100,1739186100,Very Low,9.633085,6.8510075,Very Low,6.062216,42.9,5.362319,100,1739186100,5.362319
2025-03-14T05:03:19Z,20,29.703,74.2,43,3276.7,255,255,32767,255,655.35,255,32767,0.3,2054-1-18,0.1,0.35,23.67,0.0,0.0,0.0,0,1.0546875,6,190,07:20,19:15,2025-03-14 05:03:19.613120,Marina di Stabia,31.1,6.639279,14.05905,5.7798514,10.930394,EU EEA Common AQI,73.8,6.5582366,13.21546,3600,4.811594,100,100,51.4,8.937198,Very Low,75.5,6.355935,100,1739186100,Very Low,9.633085,6.8510075,Very Low,6.062216,42.9,5.362319,100,1739186100,5.362319
2025-03-14T05:03:31Z,20,29.703,74.2,43,3276.7,255,255,32767,255,655.35,255,32767,0.3,2054-1-18,0.1,0.35,23.67,0.0,0.0,0.0,0,1.0546875,6,190,07:20,19:15,2025-03-14 05:03:30.968135,Marina di Stabia,31.1,6.639279,14.05905,5.7798514,10.930394,EU EEA Common AQI,73.8,6.5582366,13.21546,3600,4.811594,100,100,51.4,8.937198,Very Low,75.5,6.355935,100,1739186100,Very Low,9.633085,6.8510075,Very Low,6.062216,42.9,5.362319,100,1739186100,5.362319
2025-03-14T05:03:42Z,20,29.703,74.2,43,3276.7,255,255,32767,255,655.35,255,32767,0.3,2054-1-18,0.1,0.35,23.67,0.0,0.0,0.0,0,1.0546875,6,190,07:20,19:15,2025-03-14 05:03:42.357120,Marina di Stabia,31.1,6.639279,14.05905,5.7798514,10.930394,EU EEA Common AQI,73.8,6.5582366,13.21546,3600,4.811594,100,100,51.4,8.937198,Very Low,75.5,6.355935,100,1739186100,Very Low,9.633085,6.8510075,Very Low,6.062216,42.9,5.362319,100,1739186100,5.362319
2025-03-14T05:03:53Z,20,29.703,74.2,43,3276.7,255,255,32767,255,655.35,255,32767,0.3,2054-1-18,0.1,0.35,23.67,0.0,0.0,0.0,0,1.0546875,6,190,07:20,19:15,2025-03-14 05:03:53.709096,Marina di Stabia,31.1,6.639279,14.05905,5.7798514,10.930394,EU EEA Common AQI,73.8,6.5582366,13.21546,3600,4.811594,100,100,51.4,8.937198,Very Low,75.5,6.355935,100,1739186100,Very Low,9.633085,6.8510075,Very Low,6.062216,42.9,5.362319,100,1739186100,5.362319
2025-03-14T05:04:05Z,20,29.7,74.2,43,3276.7,255,255,32767,255,655.35,255,32767,0.3,2054-1-18,0.1,0.35,23.67,0.0,0.0,0.0,0,0.97265625,6,190,07:20,19:15,2025-03-14 05:04:05.049119,Marina di Stabia,31.1,6.639279,14.05905,5.7798514,10.930394,EU EEA Common AQI,73.8,6.5582366,13.21546,3600,4.811594,100,100,51.4,8.937198,Very Low,75.5,6.355935,100,1739186100,Very Low,9.633085,6.8510075,Very Low,6.062216,42.9,5.362319,100,1739186100,5.362319
2025-03-14T05:04:16Z,20,29.7,74.2,43,3276.7,255,255,32767,255,655.35,255,32767,0.3,2054-1-18,0.1,0.35,23.67,0.0,0.0,0.0,0,0.97265625,6,190,07:20,19:15,2025-03-14 05:04:16.528104,Marina di Stabia,31.1,6.639279,14.05905,5.7798514,10.930394,EU EEA Common AQI,73.8,6.5582366,13.21546,3600,4.811594,100,100,51.4,8.937198,Very Low,75.5,6.355935,100,1739186100,Very Low,9.633085,6.8510075,Very Low,6.062216,42.9,5.362319,100,1739186100,5.362319
2025-03-14T05:04:28Z,20,29.7,74.2,43,3276.7,255,255,32767,255,655.35,255,32767,0.3,2054-1-18,0.1,0.35,23.67,0.0,0.0,0.0,0,0.97265625,6,190,07:20,19:15,2025-03-14 05:04:27.879116,Marina di Stabia,31.1,6.639279,14.05905,5.7798514,10.930394,EU EEA Common AQI,73.8,6.5582366,13.21546,3600,4.811594,100,100,51.4,8.937198,Very Low,75.5,6.355935,100,1739186100,Very Low,9.633085,6.8510075,Very Low,6.062216,42.9,5.362319,100,1739186100,5.362319
2025-03-14T05:04:39Z,20,29.7,74.2,43,3276.7,255,255,32767,255,655.35,255,32767,0.3,2054-1-18,0.1,0.35,23.67,0.0,0.0,0.0,0,0.97265625,6,190,07:20,19:15,2025-03-14 05:04:39.254129,Marina di Stabia,31.1,6.639279,14.05905,5.7798514,10.930394,EU EEA Common AQI,73.8,6.5582366,13.21546,3600,4.811594,100,100,51.4,8.937198,Very Low,75.5,6.355935,100,1739186100,Very Low,9.633085,6.8510075,Very Low,6.062216,42.9,5.362319,100,1739186100,5.362319
2025-03-14T05:04:50Z,20,29.7,74.2,43,3276.7,255,255,32767,255,655.35,255,32767,0.3,2054-1-18,0.1,0.35,23.67,0.0,0.0,0.0,0,0.97265625,6,190,07:20,19:15,2025-03-14 05:04:50.577144,Marina di Stabia,31.1,6.639279,14.05905,5.7798514,10.930394,EU EEA Common AQI,73.8,6.5582366,13.21546,3600,4.811594,100,100,51.4,8.937198,Very Low,75.5,6.355935,100,1739186100,Very Low,9.633085,6.8510075,Very Low,6.062216,42.9,5.362319,100,1739186100,5.362319
2025-03-14T05:05:02Z,20,29.701,74.1,44,3276.7,255,255,32767,255,655.35,255,32767,0.3,2054-1-18,0.1,0.35,23.67,0.0,0.0,0.0,0,0.97265625,6,190,07:20,19:15,2025-03-14 05:05:01.885091,Marina di Stabia,31.1,6.639279,14.05905,5.7798514,10.930394,EU EEA Common AQI,73.8,6.5582366,13.21546,3600,4.811594,100,100,51.4,8.937198,Very Low,75.5,6.355935,100,1739186100,Very Low,9.633085,6.8510075,Very Low,6.062216,42.9,5.362319,100,1739186100,5.362319
2025-03-14T05:05:13Z,20,29.701,74.1,44,3276.7,255,255,32767,255,655.35,255,32767,0.3,2054-1-18,0.1,0.35,23.67,0.0,0.0,0.0,0,0.97265625,6,190,07:20,19:15,2025-03-14 05:05:13.325118,Marina di Stabia,31.1,6.639279,14.05905,5.7798514,10.930394,EU EEA Common AQI,73.8,6.5582366,13.21546,3600,4.811594,100,100,51.4,8.937198,Very Low,75.5,6.355935,100,1739186100,Very Low,9.633085,6.8510075,Very Low,6.062216,42.9,5.362319,100,1739186100,5.362319
2025-03-14T05:05:24Z,20,29.701,74.1,44,3276.7,255,255,32767,255,655.35,255,32767,0.3,2054-1-18,0.1,0.35,23.67,0.0,0.0,0.0,0,0.97265625,6,190,07:20,19:15,2025-03-14 05:05:24.650131,Marina di Stabia,31.1,6.639279,14.05905,5.7798514,10.930394,EU EEA Common AQI,73.8,6.5582366,13.21546,3600,4.811594,100,100,51.4,8.937198,Very Low,75.5,6.355935,100,1739186100,Very Low,9.633085,6.8510075,Very Low,6.062216,42.9,5.362319,100,1739186100,5.362319
2025-03-14T05:05:36Z,20,29.701,74.1,44,3276.7,255,255,32767,255,655.35,255,32767,0.3,2054-1-18,0.1,0.35,23.67,0.0,0.0,0.0,0,0.97265625,6,190,07:20,19:15,2025-03-14 05:05:35.998124,Marina di Stabia,31.1,6.639279,14.05905,5.7798514,10.930394,EU EEA Common AQI,73.8,6.5582366,13.21546,3600,4.811594,100,100,51.4,8.937198,Very Low,75.5,6.355935,100,1739186100,Very Low,9.633085,6.8510075,Very Low,6.062216,42.9,5.362319,100,1739186100,5.362319
2025-03-14T05:05:47Z,20,29.701,74.1,44,3276.7,255,255,32767,255,655.35,255,32767,0.3,2054-1-18,0.1,0.35,23.67,0.0,0.0,0.0,0,0.97265625,6,190,07:20,19:15,2025-03-14 05:05:47.579127,Marina di Stabia,31.1,6.639279,14.05905,5.7798514,10.930394,EU EEA Common AQI,73.8,6.5582366,13.21546,3600,4.811594,100,100,51.4,8.937198,Very Low,75.5,6.355935,100,1739186100,Very Low,9.633085,6.8510075,Very Low,6.062216,42.9,5.362319,100,1739186100,5.362319
2025-03-14T05:05:59Z,20,29.705,74.1,44,3276.7,255,255,32767,255,655.35,255,32767,0.3,2054-1-18,0.1,0.35,23.67,0.0,0.0,0.0,0,0.97265625,6,190,07:20,19:15,2025-03-14 05:05:58.945139,Marina di Stabia,31.1,6.639279,14.05905,5.7798514,10.930394,EU EEA Common AQI,73.8,6.5582366,13.21546,3600,4.811594,100,100,51.4,8.937198,Very Low,75.5,6.355935,100,1739186100,Very Low,9.633085,6.8510075,Very Low,6.062216,42.9,5.362319,100,1739186100,5.362319
2025-03-14T05:06:15Z,20,29.705,74.1,44,3276.7,255,255,32767,255,655.35,255,32767,0.3,2054-1-18,0.1,0.35,23.67,0.0,0.0,0.0,0,0.97265625,6,190,07:20,19:15,2025-03-14 05:06:15.786168,Marina di Stabia,31.1,6.639279,14.05905,5.7798514,10.930394,EU EEA Common AQI,73.8,6.5582366,13.21546,3600,4.811594,100,100,51.4,8.937198,Very Low,75.5,6.355935,100,1739186100,Very Low,9.633085,6.8510075,Very Low,6.062216,42.9,5.362319,100,1739186100,5.362319
2025-03-14T05:06:27Z,20,29.705,74.1,44,3276.7,255,255,32767,255,655.35,255,32767,0.3,2054-1-18,0.1,0.35,23.67,0.0,0.0,0.0,0,0.97265625,6,190,07:20,19:15,2025-03-14 05:06:27.180172,Marina di Stabia,31.1,6.639279,14.05905,5.7798514,10.930394,EU EEA Common AQI,73.8,6.5582366,13.21546,3600,4.811594,100,100,51.4,8.937198,Very Low,75.5,6.355935,100,1739186100,Very Low,9.633085,6.8510075,Very Low,6.062216,42.9,5.362319,100,1739186100,5.362319
2025-03-14T05:06:38Z,20,29.705,74.1,44,3276.7,255,255,32767,255,655.35,255,32767,0.3,2054-1-18,0.1,0.35,23.67,0.0,0.0,0.0,0,0.97265625,6,190,07:20,19:15,2025-03-14 05:06:38.522136,Marina di Stabia,31.1,6.639279,14.05905,5.7798514,10.930394,EU EEA Common AQI,73.8,6.5582366,13.21546,3600,4.811594,100,100,51.4,8.937198,Very Low,75.5,6.355935,100,1739186100,Very Low,9.633085,6.8510075,Very Low,6.062216,42.9,5.362319,100,1739186100,5.362319
2025-03-14T05:06:50Z,20,29.705,74.1,44,3276.7,255,255,32767,255,655.35,255,32767,0.3,2054-1-18,0.1,0.35,23.67,0.0,0.0,0.0,0,0.97265625,6,190,07:20,19:15,2025-03-14 05:06:49.864174,Marina di Stabia,31.1,6.639279,14.05905,5.7798514,10.930394,EU EEA Common AQI,73.8,6.5582366,13.21546,3600,4.811594,100,100,51.4,8.937198,Very Low,75.5,6.355935,100,1739186100,Very Low,9.633085,6.8510075,Very Low,6.062216,42.9,5.362319,100,1739186100,5.362319
2025-03-14T05:07:01Z,20,29.705,74.1,44,3276.7,255,255,32767,255,655.35,255,32767,0.3,2054-1-18,0.1,0.35,23.67,0.0,0.0,0.0,0,0.97265625,6,190,07:20,19:15,2025-03-14 05:07:01.201141,Marina di Stabia,31.1,6.639279,14.05905,5.7798514,10.930394,EU EEA Common AQI,73.8,6.5582366,13.21546,3600,4.811594,100,100,51.4,8.937198,Very Low,75.5,6.355935,100,1739186100,Very Low,9.633085,6.8510075,Very Low,6.062216,42.9,5.362319,100,1739186100,5.362319
2025-03-14T05:07:12Z,20,29.705,74.1,44,3276.7,255,255,32767,255,655.35,255,32767,0.3,2054-1-18,0.1,0.35,23.67,0.0,0.0,0.0,0,0.97265625,6,190,07:20,19:15,2025-03-14 05:07:12.631130,Marina di Stabia,31.1,6.639279,14.05905,5.7798514,10.930394,EU EEA Common AQI,73.8,6.5582366,13.21546,3600,4.811594,100,100,51.4,8.937198,Very Low,75.5,6.355935,100,1739186100,Very Low,9.633085,6.8510075,Very Low,6.062216,42.9,5.362319,100,1739186100,5.362319
2025-03-14T05:07:24Z,20,29.705,74.1,44,3276.7,255,255,32767,255,655.35,255,32767,0.3,2054-1-18,0.1,0.35,23.67,0.0,0.0,0.0,0,0.97265625,6,190,07:20,19:15,2025-03-14 05:07:23.955138,Marina di Stabia,31.1,6.639279,14.05905,5.7798514,10.930394,EU EEA Common AQI,73.8,6.5582366,13.21546,3600,4.811594,100,100,51.4,8.937198,Very Low,75.5,6.355935,100,1739186100,Very Low,9.633085,6.8510075,Very Low,6.062216,42.9,5.362319,100,1739186100,5.362319
2025-03-14T05:07:35Z,20,29.705,74.1,44,3276.7,255,255,32767,255,655.35,255,32767,0.3,2054-1-18,0.1,0.35,23.67,0.0,0.0,0.0,0,0.97265625,6,190,07:20,19:15,2025-03-14 05:07:35.392112,Marina di Stabia,31.1,6.639279,14.05905,5.7798514,10.930394,EU EEA Common AQI,73.8,6.5582366,13.21546,3600,4.811594,100,100,51.4,8.937198,Very Low,75.5,6.355935,100,1739186100,Very Low,9.633085,6.8510075,Very Low,6.062216,42.9,5.362319,100,1739186100,5.362319
2025-03-14T05:07:46Z,20,29.705,74.1,44,3276.7,255,255,32767,255,655.35,255,32767,0.3,2054-1-18,0.1,0.35,23.67,0.0,0.0,0.0,0,0.97265625,6,190,07:20,19:15,2025-03-14 05:07:46.704130,Marina di Stabia,31.1,6.639279,14.05905,5.7798514,10.930394,EU EEA Common AQI,73.8,6.5582366,13.21546,3600,4.811594,100,100,51.4,8.937198,Very Low,75.5,6.355935,100,1739186100,Very Low,9.633085,6.8510075,Very Low,6.062216,42.9,5.362319,100,1739186100,5.362319
2025-03-14T05:07:58Z,20,29.702,74.0,44,3276.7,255,255,32767,255,655.35,255,32767,0.3,2054-1-18,0.1,0.35,23.67,0.0,0.0,0.0,0,0.97265625,6,190,07:20,19:15,2025-03-14 05:07:58.025118,Marina di Stabia,31.1,6.639279,14.05905,5.7798514,10.930394,EU EEA Common AQI,73.8,6.5582366,13.21546,3600,4.811594,100,100,51.4,8.937198,Very Low,75.5,6.355935,100,1739186100,Very Low,9.633085,6.8510075,Very Low,6.062216,42.9,5.362319,100,1739186100,5.362319
2025-03-14T05:08:09Z,20,29.702,74.0,44,3276.7,255,255,32767,255,655.35,255,32767,0.3,2054-1-18,0.1,0.35,23.67,0.0,0.0,0.0,0,0.97265625,6,190,07:20,19:15,2025-03-14 05:08:09.375131,Marina di Stabia,31.1,6.639279,14.05905,5.7798514,10.930394,EU EEA Common AQI,73.8,6.5582366,13.21546,3600,4.811594,100,100,51.4,8.937198,Very Low,75.5,6.355935,100,1739186100,Very Low,9.633085,6.8510075,Very Low,6.062216,42.9,5.362319,100,1739186100,5.362319
2025-03-14T05:08:20Z,20,29.702,74.0,44,3276.7,255,255,32767,255,655.35,255,32767,0.3,2054-1-18,0.1,0.35,23.67,0.0,0.0,0.0,0,0.97265625,6,190,07:20,19:15,2025-03-14 05:08:20.731086,Marina di Stabia,31.1,6.639279,14.05905,5.7798514,10.930394,EU EEA Common AQI,73.8,6.5582366,13.21546,3600,4.811594,100,100,51.4,8.937198,Very Low,75.5,6.355935,100,1739186100,Very Low,9.633085,6.8510075,Very Low,6.062216,42.9,5.362319,100,1739186100,5.362319
2025-03-14T05:08:32Z,20,29.702,74.0,44,3276.7,255,255,32767,255,655.35,255,32767,0.3,2054-1-18,0.1,0.35,23.67,0.0,0.0,0.0,0,0.97265625,6,190,07:20,19:15,2025-03-14 05:08:32.138082,Marina di Stabia,31.1,6.639279,14.05905,5.7798514,10.930394,EU EEA Common AQI,73.8,6.5582366,13.21546,3600,4.811594,100,100,51.4,8.937198,Very Low,75.5,6.355935,100,1739186100,Very Low,9.633085,6.8510075,Very Low,6.062216,42.9,5.362319,100,1739186100,5.362319
2025-03-14T05:08:43Z,20,29.702,74.0,44,3276.7,255,255,32767,255,655.35,255,32767,0.3,2054-1-18,0.1,0.35,23.67,0.0,0.0,0.0,0,0.97265625,6,190,07:20,19:15,2025-03-14 05:08:43.484125,Marina di Stabia,31.1,6.639279,14.05905,5.7798514,10.930394,EU EEA Common AQI,73.8,6.5582366,13.21546,3600,4.811594,100,100,51.4,8.937198,Very Low,75.5,6.355935,100,1739186100,Very Low,9.633085,6.8510075,Very Low,6.062216,42.9,5.362319,100,1739186100,5.362319
2025-03-14T05:08:55Z,20,29.702,74.0,44,3276.7,255,255,32767,255,655.35,255,32767,0.3,2054-1-18,0.1,0.35,23.67,0.0,0.0,0.0,0,0.97265625,6,190,07:20,19:15,2025-03-14 05:08:54.844122,Marina di Stabia,31.1,6.639279,14.05905,5.7798514,10.930394,EU EEA Common AQI,73.8,6.5582366,13.21546,3600,4.811594,100,100,51.4,8.937198,Very Low,75.5,6.355935,100,1739186100,Very Low,9.633085,6.8510075,Very Low,6.062216,42.9,5.362319,100,1739186100,5.362319
2025-03-14T05:09:06Z,20,29.7,74.0,44,3276.7,255,255,32767,255,655.35,255,32767,0.3,2054-1-18,0.1,0.35,23.67,0.0,0.0,0.0,0,0.978515625,6,190,07:20,19:15,2025-03-14 05:09:06.153123,Marina di Stabia,31.1,6.639279,14.05905,5.7798514,10.930394,EU EEA Common AQI,73.8,6.5582366,13.21546,3600,4.811594,100,100,51.4,8.937198,Very Low,75.5,6.355935,100,1739186100,Very Low,9.633085,6.8510075,Very Low,6.062216,42.9,5.362319,100,1739186100,5.362319
2025-03-14T05:09:17Z,20,29.7,74.0,44,3276.7,255,255,32767,255,655.35,255,32767,0.3,2054-1-18,0.1,0.35,23.67,0.0,0.0,0.0,0,0.978515625,6,190,07:20,19:15,2025-03-14 05:09:17.495115,Marina di Stabia,31.1,6.639279,14.05905,5.7798514,10.930394,EU EEA Common AQI,73.8,6.5582366,13.21546,3600,4.811594,100,100,51.4,8.937198,Very Low,75.5,6.355935,100,1739186100,Very Low,9.633085,6.8510075,Very Low,6.062216,42.9,5.362319,100,1739186100,5.362319
2025-03-14T05:09:29Z,20,29.7,74.0,44,3276.7,255,255,32767,255,655.35,255,32767,0.3,2054-1-18,0.1,0.35,23.67,0.0,0.0,0.0,0,0.978515625,6,190,07:20,19:15,2025-03-14 05:09:28.962146,Marina di Stabia,31.1,6.639279,14.05905,5.7798514,10.930394,EU EEA Common AQI,73.8,6.5582366,13.21546,3600,4.811594,100,100,51.4,8.937198,Very Low,75.5,6.355935,100,1739186100,Very Low,9.633085,6.8510075,Very Low,6.062216,42.9,5.362319,100,1739186100,5.362319
2025-03-14T05:09:40Z,20,29.7,74.0,44,3276.7,255,255,32767,255,655.35,255,32767,0.3,2054-1-18,0.1,0.35,23.67,0.0,0.0,0.0,0,0.978515625,6,190,07:20,19:15,2025-03-14 05:09:40.313115,Marina di Stabia,31.1,6.639279,14.05905,5.7798514,10.930394,EU EEA Common AQI,73.8,6.5582366,13.21546,3600,4.811594,100,100,51.4,8.937198,Very Low,75.5,6.355935,100,1739186100,Very Low,9.633085,6.8510075,Very Low,6.062216,42.9,5.362319,100,1739186100,5.362319
2025-03-14T05:09:51Z,20,29.7,74.0,44,3276.7,255,255,32767,255,655.35,255,32767,0.3,2054-1-18,0.1,0.35,23.67,0.0,0.0,0.0,0,0.978515625,6,190,07:20,19:15,2025-03-14 05:09:51.683122,Marina di Stabia,31.1,6.639279,14.05905,5.7798514,10.930394,EU EEA Common AQI,73.8,6.5582366,13.21546,3600,4.811594,100,100,51.4,8.937198,Very Low,75.5,6.355935,100,1739186100,Very Low,9.633085,6.8510075,Very Low,6.062216,42.9,5.362319,100,1739186100,5.362319
2025-03-14T05:10:03Z,20,29.701,74.0,44,3276.7,255,255,32767,255,655.35,255,32767,0.3,2054-1-18,0.1,0.35,23.67,0.0,0.0,0.0,0,0.978515625,6,190,07:20,19:15,2025-03-14 05:10:03.010117,Marina di Stabia,31.1,6.639279,14.05905,5.7798514,10.930394,EU EEA Common AQI,73.8,6.5582366,13.21546,3600,4.811594,100,100,51.4,8.937198,Very Low,75.5,6.355935,100,1739186100,Very Low,9.633085,6.8510075,Very Low,6.062216,42.9,5.362319,100,1739186100,5.362319
2025-03-14T05:10:14Z,20,29.701,74.0,44,3276.7,255,255,32767,255,655.35,255,32767,0.3,2054-1-18,0.1,0.35,23.67,0.0,0.0,0.0,0,0.978515625,6,190,07:20,19:15,2025-03-14 05:10:14.447087,Marina di Stabia,31.1,6.639279,14.05905,5.7798514,10.930394,EU EEA Common AQI,73.8,6.5582366,13.21546,3600,4.811594,100,100,51.4,8.937198,Very Low,75.5,6.355935,100,1739186100,Very Low,9.633085,6.8510075,Very Low,6.062216,42.9,5.362319,100,1739186100,5.362319
2025-03-14T05:10:25Z,20,29.701,74.0,44,3276.7,255,255,32767,255,655.35,255,32767,0.3,2054-1-18,0.1,0.35,23.67,0.0,0.0,0.0,0,0.978515625,6,190,07:20,19:15,2025-03-14 05:10:25.779115,Marina di Stabia,31.1,6.639279,14.05905,5.7798514,10.930394,EU EEA Common AQI,73.8,6.5582366,13.21546,3600,4.811594,100,100,51.4,8.937198,Very Low,75.5,6.355935,100,1739186100,Very Low,9.633085,6.8510075,Very Low,6.062216,42.9,5.362319,100,1739186100,5.362319
2025-03-14T05:10:37Z,20,29.701,74.0,44,3276.7,255,255,32767,255,655.35,255,32767,0.3,2054-1-18,0.1,0.35,23.67,0.0,0.0,0.0,0,0.978515625,6,190,07:20,19:15,2025-03-14 05:10:37.244130,Marina di Stabia,31.1,6.639279,14.05905,5.7798514,10.930394,EU EEA Common AQI,73.8,6.5582366,13.21546,3600,4.811594,100,100,51.4,8.937198,Very Low,75.5,6.355935,100,1739186100,Very Low,9.633085,6.8510075,Very Low,6.062216,42.9,5.362319,100,1739186100,5.362319
2025-03-14T05:10:48Z,20,29.701,74.0,44,3276.7,255,255,32767,255,655.35,255,32767,0.3,2054-1-18,0.1,0.35,23.67,0.0,0.0,0.0,0,0.978515625,6,190,07:20,19:15,2025-03-14 05:10:48.588128,Marina di Stabia,31.1,6.639279,14.05905,5.7798514,10.930394,EU EEA Common AQI,73.8,6.5582366,13.21546,3600,4.811594,100,100,51.4,8.937198,Very Low,75.5,6.355935,100,1739186100,Very Low,9.633085,6.8510075,Very Low,6.062216,42.9,5.362319,100,1739186100,5.362319
2025-03-14T05:11:00Z,20,29.703,74.0,44,3276.7,255,255,32767,255,655.35,255,32767,0.3,2054-1-18,0.1,0.35,23.67,0.0,0.0,0.0,0,1.0078125,6,190,07:20,19:15,2025-03-14 05:10:59.931116,Marina di Stabia,31.1,6.639279,14.05905,5.7798514,10.930394,EU EEA Common AQI,73.8,6.5582366,13.21546,3600,4.811594,100,100,51.4,8.937198,Very Low,75.5,6.355935,100,1739186100,Very Low,9.633085,6.8510075,Very Low,6.062216,42.9,5.362319,100,1739186100,5.362319
2025-03-14T05:11:11Z,20,29.703,74.0,44,3276.7,255,255,32767,255,655.35,255,32767,0.3,2054-1-18,0.1,0.35,23.67,0.0,0.0,0.0,0,1.0078125,6,190,07:20,19:15,2025-03-14 05:11:11.247123,Marina di Stabia,31.1,6.639279,14.05905,5.7798514,10.930394,EU EEA Common AQI,73.8,6.5582366,13.21546,3600,4.811594,100,100,51.4,8.937198,Very Low,75.5,6.355935,100,1739186100,Very Low,9.633085,6.8510075,Very Low,6.062216,42.9,5.362319,100,1739186100,5.362319
2025-03-14T05:11:22Z,20,29.703,74.0,44,3276.7,255,255,32767,255,655.35,255,32767,0.3,2054-1-18,0.1,0.35,23.67,0.0,0.0,0.0,0,1.0078125,6,190,07:20,19:15,2025-03-14 05:11:22.615120,Marina di Stabia,31.1,6.639279,14.05905,5.7798514,10.930394,EU EEA Common AQI,73.8,6.5582366,13.21546,3600,4.811594,100,100,51.4,8.937198,Very Low,75.5,6.355935,100,1739186100,Very Low,9.633085,6.8510075,Very Low,6.062216,42.9,5.362319,100,1739186100,5.362319
2025-03-14T05:11:34Z,20,29.703,74.0,44,3276.7,255,255,32767,255,655.35,255,32767,0.3,2054-1-18,0.1,0.35,23.67,0.0,0.0,0.0,0,1.0078125,6,190,07:20,19:15,2025-03-14 05:11:33.994127,Marina di Stabia,31.1,6.639279,14.05905,5.7798514,10.930394,EU EEA Common AQI,73.8,6.5582366,13.21546,3600,4.811594,100,100,51.4,8.937198,Very Low,75.5,6.355935,100,1739186100,Very Low,9.633085,6.8510075,Very Low,6.062216,42.9,5.362319,100,1739186100,5.362319
2025-03-14T05:11:45Z,20,29.703,74.0,44,3276.7,255,255,32767,255,655.35,255,32767,0.3,2054-1-18,0.1,0.35,23.67,0.0,0.0,0.0,0,1.0078125,6,190,07:20,19:15,2025-03-14 05:11:45.397083,Marina di Stabia,31.1,6.639279,14.05905,5.7798514,10.930394,EU EEA Common AQI,73.8,6.5582366,13.21546,3600,4.811594,100,100,51.4,8.937198,Very Low,75.5,6.355935,100,1739186100,Very Low,9.633085,6.8510075,Very Low,6.062216,42.9,5.362319,100,1739186100,5.362319
2025-03-14T05:11:56Z,20,29.703,74.0,44,3276.7,255,255,32767,255,655.35,255,32767,0.3,2054-1-18,0.1,0.35,23.67,0.0,0.0,0.0,0,1.0078125,6,190,07:20,19:15,2025-03-14 05:11:56.736127,Marina di Stabia,31.1,6.639279,14.05905,5.7798514,10.930394,EU EEA Common AQI,73.8,6.5582366,13.21546,3600,4.811594,100,100,51.4,8.937198,Very Low,75.5,6.355935,100,1739186100,Very Low,9.633085,6.8510075,Very Low,6.062216,42.9,5.362319,100,1739186100,5.362319
2025-03-14T05:12:08Z,20,29.704,74.2,44,3276.7,255,255,32767,255,655.35,255,32767,0.3,2054-1-18,0.1,0.35,23.67,0.0,0.0,0.0,0,2.150390625,6,190,07:20,19:15,2025-03-14 05:12:08.105119,Marina di Stabia,31.1,6.639279,14.05905,5.7798514,10.930394,EU EEA Common AQI,73.8,6.5582366,13.21546,3600,4.811594,100,100,51.4,8.937198,Very Low,75.5,6.355935,100,1739186100,Very Low,9.633085,6.8510075,Very Low,6.062216,42.9,5.362319,100,1739186100,5.362319
2025-03-14T05:12:19Z,20,29.704,74.2,44,3276.7,255,255,32767,255,655.35,255,32767,0.3,2054-1-18,0.1,0.35,23.67,0.0,0.0,0.0,0,2.150390625,6,190,07:20,19:15,2025-03-14 05:12:19.444131,Marina di Stabia,31.1,6.639279,14.05905,5.7798514,10.930394,EU EEA Common AQI,73.8,6.5582366,13.21546,3600,4.811594,100,100,51.4,8.937198,Very Low,75.5,6.355935,100,1739186100,Very Low,9.633085,6.8510075,Very Low,6.062216,42.9,5.362319,100,1739186100,5.362319
2025-03-14T05:12:30Z,20,29.704,74.2,44,3276.7,255,255,32767,255,655.35,255,32767,0.3,2054-1-18,0.1,0.35,23.67,0.0,0.0,0.0,0,2.150390625,6,190,07:20,19:15,2025-03-14 05:12:30.767136,Marina di Stabia,31.1,6.639279,14.05905,5.7798514,10.930394,EU EEA Common AQI,73.8,6.5582366,13.21546,3600,4.811594,100,100,51.4,8.937198,Very Low,75.5,6.355935,100,1739186100,Very Low,9.633085,6.8510075,Very Low,6.062216,42.9,5.362319,100,1739186100,5.362319
2025-03-14T05:12:42Z,20,29.704,74.2,44,3276.7,255,255,32767,255,655.35,255,32767,0.3,2054-1-18,0.1,0.35,23.67,0.0,0.0,0.0,0,2.150390625,6,190,07:20,19:15,2025-03-14 05:12:42.192134,Marina di Stabia,31.1,6.639279,14.05905,5.7798514,10.930394,EU EEA Common AQI,73.8,6.5582366,13.21546,3600,4.811594,100,100,51.4,8.937198,Very Low,75.5,6.355935,100,1739186100,Very Low,9.633085,6.8510075,Very Low,6.062216,42.9,5.362319,100,1739186100,5.362319
2025-03-14T05:12:53Z,20,29.704,74.2,44,3276.7,255,255,32767,255,655.35,255,32767,0.3,2054-1-18,0.1,0.35,23.67,0.0,0.0,0.0,0,2.150390625,6,190,07:20,19:15,2025-03-14 05:12:53.538132,Marina di Stabia,31.1,6.639279,14.05905,5.7798514,10.930394,EU EEA Common AQI,73.8,6.5582366,13.21546,3600,4.811594,100,100,51.4,8.937198,Very Low,75.5,6.355935,100,1739186100,Very Low,9.633085,6.8510075,Very Low,6.062216,42.9,5.362319,100,1739186100,5.362319
2025-03-14T05:13:05Z,20,29.704,74.2,44,3276.7,255,255,32767,255,655.35,255,32767,0.3,2054-1-18,0.1,0.35,23.67,0.0,0.0,0.0,0,2.150390625,6,190,07:20,19:15,2025-03-14 05:13:04.924078,Marina di Stabia,31.1,6.639279,14.05905,5.7798514,10.930394,EU EEA Common AQI,73.8,6.5582366,13.21546,3600,4.811594,100,100,51.4,8.937198,Very Low,75.5,6.355935,100,1739186100,Very Low,9.633085,6.8510075,Very Low,6.062216,42.9,5.362319,100,1739186100,5.362319
2025-03-14T05:13:16Z,20,29.701,74.3,44,3276.7,255,255,32767,255,655.35,255,32767,0.3,2054-1-18,0.1,0.35,23.67,0.0,0.0,0.0,0,1.8046875,6,190,07:20,19:15,2025-03-14 05:13:16.241123,Marina di Stabia,31.1,6.639279,14.05905,5.7798514,10.930394,EU EEA Common AQI,73.8,6.5582366,13.21546,3600,4.811594,100,100,51.4,8.937198,Very Low,75.5,6.355935,100,1739186100,Very Low,9.633085,6.8510075,Very Low,6.062216,42.9,5.362319,100,1739186100,5.362319
2025-03-14T05:13:27Z,20,29.701,74.3,44,3276.7,255,255,32767,255,655.35,255,32767,0.3,2054-1-18,0.1,0.35,23.67,0.0,0.0,0.0,0,1.8046875,6,190,07:20,19:15,2025-03-14 05:13:27.573119,Marina di Stabia,31.1,6.639279,14.05905,5.7798514,10.930394,EU EEA Common AQI,73.8,6.5582366,13.21546,3600,4.811594,100,100,51.4,8.937198,Very Low,75.5,6.355935,100,1739186100,Very Low,9.633085,6.8510075,Very Low,6.062216,42.9,5.362319,100,1739186100,5.362319
2025-03-14T05:13:39Z,20,29.701,74.3,44,3276.7,255,255,32767,255,655.35,255,32767,0.3,2054-1-18,0.1,0.35,23.67,0.0,0.0,0.0,0,1.8046875,6,190,07:20,19:15,2025-03-14 05:13:38.925122,Marina di Stabia,31.1,6.639279,14.05905,5.7798514,10.930394,EU EEA Common AQI,73.8,6.5582366,13.21546,3600,4.811594,100,100,51.4,8.937198,Very Low,75.5,6.355935,100,1739186100,Very Low,9.633085,6.8510075,Very Low,6.062216,42.9,5.362319,100,1739186100,5.362319
2025-03-14T05:13:50Z,20,29.701,74.3,44,3276.7,255,255,32767,255,655.35,255,32767,0.3,2054-1-18,0.1,0.35,23.67,0.0,0.0,0.0,0,1.8046875,6,190,07:20,19:15,2025-03-14 05:13:50.371129,Marina di Stabia,31.1,6.639279,14.05905,5.7798514,10.930394,EU EEA Common AQI,73.8,6.5582366,13.21546,3600,4.811594,100,100,51.4,8.937198,Very Low,75.5,6.355935,100,1739186100,Very Low,9.633085,6.8510075,Very Low,6.062216,42.9,5.362319,100,1739186100,5.362319
2025-03-14T05:14:01Z,20,29.708,74.3,43,3276.7,255,255,32767,255,655.35,255,32767,0.3,2054-1-18,0.1,0.35,23.67,0.0,0.0,0.0,0,0.97265625,6,190,07:20,19:15,2025-03-14 05:14:01.695134,Marina di Stabia,31.1,6.639279,14.05905,5.7798514,10.930394,EU EEA Common AQI,73.8,6.5582366,13.21546,3600,4.811594,100,100,51.4,8.937198,Very Low,75.5,6.355935,100,1739186100,Very Low,9.633085,6.8510075,Very Low,6.062216,42.9,5.362319,100,1739186100,5.362319
2025-03-14T05:14:13Z,20,29.708,74.3,43,3276.7,255,255,32767,255,655.35,255,32767,0.3,2054-1-18,0.1,0.35,23.67,0.0,0.0,0.0,0,0.97265625,6,190,07:20,19:15,2025-03-14 05:14:13.138103,Marina di Stabia,31.1,6.639279,14.05905,5.7798514,10.930394,EU EEA Common AQI,73.8,6.5582366,13.21546,3600,4.811594,100,100,51.4,8.937198,Very Low,75.5,6.355935,100,1739186100,Very Low,9.633085,6.8510075,Very Low,6.062216,42.9,5.362319,100,1739186100,5.362319
2025-03-14T05:14:24Z,20,29.708,74.3,43,3276.7,255,255,32767,255,655.35,255,32767,0.3,2054-1-18,0.1,0.35,23.67,0.0,0.0,0.0,0,0.97265625,6,190,07:20,19:15,2025-03-14 05:14:24.453137,Marina di Stabia,31.1,6.639279,14.05905,5.7798514,10.930394,EU EEA Common AQI,73.8,6.5582366,13.21546,3600,4.811594,100,100,51.4,8.937198,Very Low,75.5,6.355935,100,1739186100,Very Low,9.633085,6.8510075,Very Low,6.062216,42.9,5.362319,100,1739186100,5.362319
2025-03-14T05:14:36Z,20,29.708,74.3,43,3276.7,255,255,32767,255,655.35,255,32767,0.3,2054-1-18,0.1,0.35,23.67,0.0,0.0,0.0,0,0.97265625,6,190,07:20,19:15,2025-03-14 05:14:35.846126,Marina di Stabia,31.1,6.639279,14.05905,5.7798514,10.930394,EU EEA Common AQI,73.8,6.5582366,13.21546,3600,4.811594,100,100,51.4,8.937198,Very Low,75.5,6.355935,100,1739186100,Very Low,9.633085,6.8510075,Very Low,6.062216,42.9,5.362319,100,1739186100,5.362319
2025-03-14T05:14:47Z,20,29.708,74.3,43,3276.7,255,255,32767,255,655.35,255,32767,0.3,2054-1-18,0.1,0.35,23.67,0.0,0.0,0.0,0,0.97265625,6,190,07:20,19:15,2025-03-14 05:14:47.220118,Marina di Stabia,31.1,6.639279,14.05905,5.7798514,10.930394,EU EEA Common AQI,73.8,6.5582366,13.21546,3600,4.811594,100,100,51.4,8.937198,Very Low,75.5,6.355935,100,1739186100,Very Low,9.633085,6.8510075,Very Low,6.062216,42.9,5.362319,100,1739186100,5.362319
2025-03-14T05:14:58Z,20,29.708,74.2,43,3276.7,255,255,32767,255,655.35,255,32767,0.3,2054-1-18,0.1,0.35,23.67,0.0,0.0,0.0,0,0.97265625,6,190,07:20,19:15,2025-03-14 05:14:58.645110,Marina di Stabia,31.1,6.639279,14.05905,5.7798514,10.930394,EU EEA Common AQI,73.8,6.5582366,13.21546,3600,4.811594,100,100,51.4,8.937198,Very Low,75.5,6.355935,100,1739186100,Very Low,9.633085,6.8510075,Very Low,6.062216,42.9,5.362319,100,1739186100,5.362319
2025-03-14T05:15:10Z,20,29.708,74.2,43,3276.7,255,255,32767,255,655.35,255,32767,0.3,2054-1-18,0.1,0.35,23.67,0.0,0.0,0.0,0,0.97265625,6,190,07:20,19:15,2025-03-14 05:15:10.008090,Marina di Stabia,31.1,6.639279,14.05905,5.7798514,10.930394,EU EEA Common AQI,73.8,6.5582366,13.21546,3600,4.811594,100,100,51.4,8.937198,Very Low,75.5,6.355935,100,1739186100,Very Low,9.633085,6.8510075,Very Low,6.062216,42.9,5.362319,100,1739186100,5.362319
2025-03-14T05:15:21Z,20,29.708,74.2,43,3276.7,255,255,32767,255,655.35,255,32767,0.3,2054-1-18,0.1,0.35,23.67,0.0,0.0,0.0,0,0.97265625,6,190,07:20,19:15,2025-03-14 05:15:21.347121,Marina di Stabia,31.1,6.639279,14.05905,5.7798514,10.930394,EU EEA Common AQI,73.8,6.5582366,13.21546,3600,4.811594,100,100,51.4,8.937198,Very Low,75.5,6.355935,100,1739186100,Very Low,9.633085,6.8510075,Very Low,6.062216,42.9,5.362319,100,1739186100,5.362319
2025-03-14T05:15:32Z,20,29.708,74.2,43,3276.7,255,255,32767,255,655.35,255,32767,0.3,2054-1-18,0.1,0.35,23.67,0.0,0.0,0.0,0,0.97265625,6,190,07:20,19:15,2025-03-14 05:15:32.697123,Marina di Stabia,31.1,6.639279,14.05905,5.7798514,10.930394,EU EEA Common AQI,73.8,6.5582366,13.21546,3600,4.811594,100,100,51.4,8.937198,Very Low,75.5,6.355935,100,1739186100,Very Low,9.633085,6.8510075,Very Low,6.062216,42.9,5.362319,100,1739186100,5.362319
2025-03-14T05:15:44Z,20,29.708,74.2,43,3276.7,255,255,32767,255,655.35,255,32767,0.3,2054-1-18,0.1,0.35,23.67,0.0,0.0,0.0,0,0.97265625,6,190,07:20,19:15,2025-03-14 05:15:44.017123,Marina di Stabia,31.1,6.639279,14.05905,5.7798514,10.930394,EU EEA Common AQI,73.8,6.5582366,13.21546,3600,4.811594,100,100,51.4,8.937198,Very Low,75.5,6.355935,100,1739186100,Very Low,9.633085,6.8510075,Very Low,6.062216,42.9,5.362319,100,1739186100,5.362319
2025-03-14T05:15:55Z,20,29.708,74.2,43,3276.7,255,255,32767,255,655.35,255,32767,0.3,2054-1-18,0.1,0.35,23.67,0.0,0.0,0.0,0,0.97265625,6,190,07:20,19:15,2025-03-14 05:15:55.417120,Marina di Stabia,31.1,6.639279,14.05905,5.7798514,10.930394,EU EEA Common AQI,73.8,6.5582366,13.21546,3600,4.811594,100,100,51.4,8.937198,Very Low,75.5,6.355935,100,1739186100,Very Low,9.633085,6.8510075,Very Low,6.062216,42.9,5.362319,100,1739186100,5.362319
2025-03-14T05:16:06Z,60,29.715,74.1,43,3276.7,255,255,32767,255,655.35,255,32767,0.3,2054-1-18,0.1,0.35,23.67,0.0,0.0,0.0,0,1.060546875,6,190,07:20,19:15,2025-03-14 05:16:06.732125,Marina di Stabia,31.1,6.639279,14.05905,5.7798514,10.930394,EU EEA Common AQI,73.8,6.5582366,13.21546,3600,4.811594,100,100,51.4,8.937198,Very Low,75.5,6.355935,100,1739186100,Very Low,9.633085,6.8510075,Very Low,6.062216,42.9,5.362319,100,1739186100,5.362319
2025-03-14T05:16:18Z,60,29.715,74.1,43,3276.7,255,255,32767,255,655.35,255,32767,0.3,2054-1-18,0.1,0.35,23.67,0.0,0.0,0.0,0,1.060546875,6,190,07:20,19:15,2025-03-14 05:16:18.128123,Marina di Stabia,31.1,6.639279,14.05905,5.7798514,10.930394,EU EEA Common AQI,73.8,6.5582366,13.21546,3600,4.811594,100,100,51.4,8.937198,Very Low,75.5,6.355935,100,1739186100,Very Low,9.633085,6.8510075,Very Low,6.062216,42.9,5.362319,100,1739186100,5.362319
2025-03-14T05:16:29Z,60,29.715,74.1,43,3276.7,255,255,32767,255,655.35,255,32767,0.3,2054-1-18,0.1,0.35,23.67,0.0,0.0,0.0,0,1.060546875,6,190,07:20,19:15,2025-03-14 05:16:29.452133,Marina di Stabia,31.1,6.639279,14.05905,5.7798514,10.930394,EU EEA Common AQI,73.8,6.5582366,13.21546,3600,4.811594,100,100,51.4,8.937198,Very Low,75.5,6.355935,100,1739186100,Very Low,9.633085,6.8510075,Very Low,6.062216,42.9,5.362319,100,1739186100,5.362319
2025-03-14T05:16:41Z,60,29.715,74.1,43,3276.7,255,255,32767,255,655.35,255,32767,0.3,2054-1-18,0.1,0.35,23.67,0.0,0.0,0.0,0,1.060546875,6,190,07:20,19:15,2025-03-14 05:16:40.835104,Marina di Stabia,31.1,6.639279,14.05905,5.7798514,10.930394,EU EEA Common AQI,73.8,6.5582366,13.21546,3600,4.811594,100,100,51.4,8.937198,Very Low,75.5,6.355935,100,1739186100,Very Low,9.633085,6.8510075,Very Low,6.062216,42.9,5.362319,100,1739186100,5.362319
2025-03-14T05:16:52Z,60,29.715,74.1,43,3276.7,255,255,32767,255,655.35,255,32767,0.3,2054-1-18,0.1,0.35,23.67,0.0,0.0,0.0,0,1.060546875,6,190,07:20,19:15,2025-03-14 05:16:52.170118,Marina di Stabia,31.1,6.639279,14.05905,5.7798514,10.930394,EU EEA Common AQI,73.8,6.5582366,13.21546,3600,4.811594,100,100,51.4,8.937198,Very Low,75.5,6.355935,100,1739186100,Very Low,9.633085,6.8510075,Very Low,6.062216,42.9,5.362319,100,1739186100,5.362319
2025-03-14T05:17:03Z,60,29.717,74.1,44,3276.7,255,255,32767,255,655.35,255,32767,0.3,2054-1-18,0.1,0.35,23.67,0.0,0.0,0.0,0,0.97265625,6,190,07:20,19:15,2025-03-14 05:17:03.585139,Marina di Stabia,31.1,6.639279,14.05905,5.7798514,10.930394,EU EEA Common AQI,73.8,6.5582366,13.21546,3600,4.811594,100,100,51.4,8.937198,Very Low,75.5,6.355935,100,1739186100,Very Low,9.633085,6.8510075,Very Low,6.062216,42.9,5.362319,100,1739186100,5.362319
2025-03-14T05:17:15Z,60,29.717,74.1,44,3276.7,255,255,32767,255,655.35,255,32767,0.3,2054-1-18,0.1,0.35,23.67,0.0,0.0,0.0,0,0.97265625,6,190,07:20,19:15,2025-03-14 05:17:14.912121,Marina di Stabia,31.1,6.639279,14.05905,5.7798514,10.930394,EU EEA Common AQI,73.8,6.5582366,13.21546,3600,4.811594,100,100,51.4,8.937198,Very Low,75.5,6.355935,100,1739186100,Very Low,9.633085,6.8510075,Very Low,6.062216,42.9,5.362319,100,1739186100,5.362319
2025-03-14T05:17:26Z,60,29.717,74.1,44,3276.7,255,255,32767,255,655.35,255,32767,0.3,2054-1-18,0.1,0.35,23.67,0.0,0.0,0.0,0,0.97265625,6,190,07:20,19:15,2025-03-14 05:17:26.286121,Marina di Stabia,31.1,6.639279,14.05905,5.7798514,10.930394,EU EEA Common AQI,73.8,6.5582366,13.21546,3600,4.811594,100,100,51.4,8.937198,Very Low,75.5,6.355935,100,1739186100,Very Low,9.633085,6.8510075,Very Low,6.062216,42.9,5.362319,100,1739186100,5.362319
2025-03-14T05:17:37Z,60,29.717,74.1,44,3276.7,255,255,32767,255,655.35,255,32767,0.3,2054-1-18,0.1,0.35,23.67,0.0,0.0,0.0,0,0.97265625,6,190,07:20,19:15,2025-03-14 05:17:37.633145,Marina di Stabia,31.1,6.639279,14.05905,5.7798514,10.930394,EU EEA Common AQI,73.8,6.5582366,13.21546,3600,4.811594,100,100,51.4,8.937198,Very Low,75.5,6.355935,100,1739186100,Very Low,9.633085,6.8510075,Very Low,6.062216,42.9,5.362319,100,1739186100,5.362319
2025-03-14T05:17:49Z,60,29.717,74.1,44,3276.7,255,255,32767,255,655.35,255,32767,0.3,2054-1-18,0.1,0.35,23.67,0.0,0.0,0.0,0,0.97265625,6,190,07:20,19:15,2025-03-14 05:17:48.948131,Marina di Stabia,31.1,6.639279,14.05905,5.7798514,10.930394,EU EEA Common AQI,73.8,6.5582366,13.21546,3600,4.811594,100,100,51.4,8.937198,Very Low,75.5,6.355935,100,1739186100,Very Low,9.633085,6.8510075,Very Low,6.062216,42.9,5.362319,100,1739186100,5.362319
2025-03-14T05:18:14Z,60,29.717,74.0,44,3276.7,255,255,32767,255,655.35,255,32767,0.3,2054-1-18,0.1,0.35,23.67,0.0,0.0,0.0,0,0.97265625,6,190,07:20,19:15,2025-03-14 05:18:13.920122,Marina di Stabia,31.1,6.639279,14.05905,5.7798514,10.930394,EU EEA Common AQI,73.8,6.5582366,13.21546,3600,4.811594,100,100,51.4,8.937198,Very Low,75.5,6.355935,100,1739186100,Very Low,9.633085,6.8510075,Very Low,6.062216,42.9,5.362319,100,1739186100,5.362319
2025-03-14T05:18:25Z,60,29.717,74.0,44,3276.7,255,255,32767,255,655.35,255,32767,0.3,2054-1-18,0.1,0.35,23.67,0.0,0.0,0.0,0,0.97265625,6,190,07:20,19:15,2025-03-14 05:18:25.367117,Marina di Stabia,31.1,6.639279,14.05905,5.7798514,10.930394,EU EEA Common AQI,73.8,6.5582366,13.21546,3600,4.811594,100,100,51.4,8.937198,Very Low,75.5,6.355935,100,1739186100,Very Low,9.633085,6.8510075,Very Low,6.062216,42.9,5.362319,100,1739186100,5.362319
2025-03-14T05:18:36Z,60,29.717,74.0,44,3276.7,255,255,32767,255,655.35,255,32767,0.3,2054-1-18,0.1,0.35,23.67,0.0,0.0,0.0,0,0.97265625,6,190,07:20,19:15,2025-03-14 05:18:36.723129,Marina di Stabia,31.1,6.639279,14.05905,5.7798514,10.930394,EU EEA Common AQI,73.8,6.5582366,13.21546,3600,4.811594,100,100,51.4,8.937198,Very Low,75.5,6.355935,100,1739186100,Very Low,9.633085,6.8510075,Very Low,6.062216,42.9,5.362319,100,1739186100,5.362319
2025-03-14T05:18:48Z,60,29.717,74.0,44,3276.7,255,255,32767,255,655.35,255,32767,0.3,2054-1-18,0.1,0.35,23.67,0.0,0.0,0.0,0,0.97265625,6,190,07:20,19:15,2025-03-14 05:18:48.075131,Marina di Stabia,31.1,6.639279,14.05905,5.7798514,10.930394,EU EEA Common AQI,73.8,6.5582366,13.21546,3600,4.811594,100,100,51.4,8.937198,Very Low,75.5,6.355935,100,1739186100,Very Low,9.633085,6.8510075,Very Low,6.062216,42.9,5.362319,100,1739186100,5.362319
2025-03-14T05:18:59Z,60,29.718,74.0,44,3276.7,255,255,32767,255,655.35,255,32767,0.3,2054-1-18,0.1,0.35,23.67,0.0,0.0,0.0,0,0.97265625,6,190,07:20,19:15,2025-03-14 05:18:59.382109,Marina di Stabia,31.1,6.639279,14.05905,5.7798514,10.930394,EU EEA Common AQI,73.8,6.5582366,13.21546,3600,4.811594,100,100,51.4,8.937198,Very Low,75.5,6.355935,100,1739186100,Very Low,9.633085,6.8510075,Very Low,6.062216,42.9,5.362319,100,1739186100,5.362319
2025-03-14T05:19:10Z,60,29.718,74.0,44,3276.7,255,255,32767,255,655.35,255,32767,0.3,2054-1-18,0.1,0.35,23.67,0.0,0.0,0.0,0,0.97265625,6,190,07:20,19:15,2025-03-14 05:19:10.705188,Marina di Stabia,31.1,6.639279,14.05905,5.7798514,10.930394,EU EEA Common AQI,73.8,6.5582366,13.21546,3600,4.811594,100,100,51.4,8.937198,Very Low,75.5,6.355935,100,1739186100,Very Low,9.633085,6.8510075,Very Low,6.062216,42.9,5.362319,100,1739186100,5.362319
2025-03-14T05:19:22Z,60,29.718,74.0,44,3276.7,255,255,32767,255,655.35,255,32767,0.3,2054-1-18,0.1,0.35,23.67,0.0,0.0,0.0,0,0.97265625,6,190,07:20,19:15,2025-03-14 05:19:22.074134,Marina di Stabia,31.1,6.639279,14.05905,5.7798514,10.930394,EU EEA Common AQI,73.8,6.5582366,13.21546,3600,4.811594,100,100,51.4,8.937198,Very Low,75.5,6.355935,100,1739186100,Very Low,9.633085,6.8510075,Very Low,6.062216,42.9,5.362319,100,1739186100,5.362319
2025-03-14T05:19:33Z,60,29.718,74.0,44,3276.7,255,255,32767,255,655.35,255,32767,0.3,2054-1-18,0.1,0.35,23.67,0.0,0.0,0.0,0,0.97265625,6,190,07:20,19:15,2025-03-14 05:19:33.509113,Marina di Stabia,31.1,6.639279,14.05905,5.7798514,10.930394,EU EEA Common AQI,73.8,6.5582366,13.21546,3600,4.811594,100,100,51.4,8.937198,Very Low,75.5,6.355935,100,1739186100,Very Low,9.633085,6.8510075,Very Low,6.062216,42.9,5.362319,100,1739186100,5.362319
2025-03-14T05:19:45Z,60,29.718,74.0,44,3276.7,255,255,32767,255,655.35,255,32767,0.3,2054-1-18,0.1,0.35,23.67,0.0,0.0,0.0,0,0.97265625,6,190,07:20,19:15,2025-03-14 05:19:44.867122,Marina di Stabia,31.1,6.639279,14.05905,5.7798514,10.930394,EU EEA Common AQI,73.8,6.5582366,13.21546,3600,4.811594,100,100,51.4,8.937198,Very Low,75.5,6.355935,100,1739186100,Very Low,9.633085,6.8510075,Very Low,6.062216,42.9,5.362319,100,1739186100,5.362319
2025-03-14T05:19:56Z,60,29.718,74.0,44,3276.7,255,255,32767,255,655.35,255,32767,0.3,2054-1-18,0.1,0.35,23.67,0.0,0.0,0.0,0,0.97265625,6,190,07:20,19:15,2025-03-14 05:19:56.298122,Marina di Stabia,31.1,6.639279,14.05905,5.7798514,10.930394,EU EEA Common AQI,73.8,6.5582366,13.21546,3600,4.811594,100,100,51.4,8.937198,Very Low,75.5,6.355935,100,1739186100,Very Low,9.633085,6.8510075,Very Low,6.062216,42.9,5.362319,100,1739186100,5.362319
2025-03-14T05:20:07Z,60,29.719,74.0,44,3276.7,255,255,32767,255,655.35,255,32767,0.3,2054-1-18,0.1,0.35,23.67,0.0,0.0,0.0,0,0.919921875,6,190,07:20,19:15,2025-03-14 05:20:07.636128,Marina di Stabia,31.1,6.639279,14.05905,5.7798514,10.930394,EU EEA Common AQI,73.8,6.5582366,13.21546,3600,4.811594,100,100,51.4,8.937198,Very Low,75.5,6.355935,100,1739186100,Very Low,9.633085,6.8510075,Very Low,6.062216,42.9,5.362319,100,1739186100,5.362319
2025-03-14T05:20:19Z,60,29.719,74.0,44,3276.7,255,255,32767,255,655.35,255,32767,0.3,2054-1-18,0.1,0.35,23.67,0.0,0.0,0.0,0,0.919921875,6,190,07:20,19:15,2025-03-14 05:20:18.978124,Marina di Stabia,31.1,6.639279,14.05905,5.7798514,10.930394,EU EEA Common AQI,73.8,6.5582366,13.21546,3600,4.811594,100,100,51.4,8.937198,Very Low,75.5,6.355935,100,1739186100,Very Low,9.633085,6.8510075,Very Low,6.062216,42.9,5.362319,100,1739186100,5.362319
2025-03-14T05:20:30Z,60,29.719,74.0,44,3276.7,255,255,32767,255,655.35,255,32767,0.3,2054-1-18,0.1,0.35,23.67,0.0,0.0,0.0,0,0.919921875,6,190,07:20,19:15,2025-03-14 05:20:30.388121,Marina di Stabia,31.1,6.639279,14.05905,5.7798514,10.930394,EU EEA Common AQI,73.8,6.5582366,13.21546,3600,4.811594,100,100,51.4,8.937198,Very Low,75.5,6.355935,100,1739186100,Very Low,9.633085,6.8510075,Very Low,6.062216,42.9,5.362319,100,1739186100,5.362319
2025-03-14T05:20:41Z,60,29.719,74.0,44,3276.7,255,255,32767,255,655.35,255,32767,0.3,2054-1-18,0.1,0.35,23.67,0.0,0.0,0.0,0,0.919921875,6,190,07:20,19:15,2025-03-14 05:20:41.718132,Marina di Stabia,31.1,6.639279,14.05905,5.7798514,10.930394,EU EEA Common AQI,73.8,6.5582366,13.21546,3600,4.811594,100,100,51.4,8.937198,Very Low,75.5,6.355935,100,1739186100,Very Low,9.633085,6.8510075,Very Low,6.062216,42.9,5.362319,100,1739186100,5.362319
2025-03-14T05:20:53Z,60,29.719,74.0,44,3276.7,255,255,32767,255,655.35,255,32767,0.3,2054-1-18,0.1,0.35,23.67,0.0,0.0,0.0,0,0.919921875,6,190,07:20,19:15,2025-03-14 05:20:53.120123,Marina di Stabia,31.1,6.639279,14.05905,5.7798514,10.930394,EU EEA Common AQI,73.8,6.5582366,13.21546,3600,4.811594,100,100,51.4,8.937198,Very Low,75.5,6.355935,100,1739186100,Very Low,9.633085,6.8510075,Very Low,6.062216,42.9,5.362319,100,1739186100,5.362319
2025-03-14T05:21:04Z,60,29.719,74.0,44,3276.7,255,255,32767,255,655.35,255,32767,0.3,2054-1-18,0.1,0.35,23.67,0.0,0.0,0.0,0,0.943359375,6,190,07:20,19:15,2025-03-14 05:21:04.432113,Marina di Stabia,31.1,6.639279,14.05905,5.7798514,10.930394,EU EEA Common AQI,73.8,6.5582366,13.21546,3600,4.811594,100,100,51.4,8.937198,Very Low,75.5,6.355935,100,1739186100,Very Low,9.633085,6.8510075,Very Low,6.062216,42.9,5.362319,100,1739186100,5.362319
2025-03-14T05:21:16Z,60,29.719,74.0,44,3276.7,255,255,32767,255,655.35,255,32767,0.3,2054-1-18,0.1,0.35,23.67,0.0,0.0,0.0,0,0.943359375,6,190,07:20,19:15,2025-03-14 05:21:15.804122,Marina di Stabia,31.1,6.639279,14.05905,5.7798514,10.930394,EU EEA Common AQI,73.8,6.5582366,13.21546,3600,4.811594,100,100,51.4,8.937198,Very Low,75.5,6.355935,100,1739186100,Very Low,9.633085,6.8510075,Very Low,6.062216,42.9,5.362319,100,1739186100,5.362319
2025-03-14T05:21:27Z,60,29.719,74.0,44,3276.7,255,255,32767,255,655.35,255,32767,0.3,2054-1-18,0.1,0.35,23.67,0.0,0.0,0.0,0,0.943359375,6,190,07:20,19:15,2025-03-14 05:21:27.200092,Marina di Stabia,31.1,6.639279,14.05905,5.7798514,10.930394,EU EEA Common AQI,73.8,6.5582366,13.21546,3600,4.811594,100,100,51.4,8.937198,Very Low,75.5,6.355935,100,1739186100,Very Low,9.633085,6.8510075,Very Low,6.062216,42.9,5.362319,100,1739186100,5.362319
2025-03-14T05:21:38Z,60,29.719,74.0,44,3276.7,255,255,32767,255,655.35,255,32767,0.3,2054-1-18,0.1,0.35,23.67,0.0,0.0,0.0,0,0.943359375,6,190,07:20,19:15,2025-03-14 05:21:38.531122,Marina di Stabia,31.1,6.639279,14.05905,5.7798514,10.930394,EU EEA Common AQI,73.8,6.5582366,13.21546,3600,4.811594,100,100,51.4,8.937198,Very Low,75.5,6.355935,100,1739186100,Very Low,9.633085,6.8510075,Very Low,6.062216,42.9,5.362319,100,1739186100,5.362319
2025-03-14T05:21:50Z,60,29.719,74.0,44,3276.7,255,255,32767,255,655.35,255,32767,0.3,2054-1-18,0.1,0.35,23.67,0.0,0.0,0.0,0,0.943359375,6,190,07:20,19:15,2025-03-14 05:21:49.862123,Marina di Stabia,31.1,6.639279,14.05905,5.7798514,10.930394,EU EEA Common AQI,73.8,6.5582366,13.21546,3600,4.811594,100,100,51.4,8.937198,Very Low,75.5,6.355935,100,1739186100,Very Low,9.633085,6.8510075,Very Low,6.062216,42.9,5.362319,100,1739186100,5.362319
2025-03-14T05:22:01Z,60,29.72,74.0,44,3276.7,255,255,32767,255,655.35,255,32767,0.3,2054-1-18,0.1,0.35,23.67,0.0,0.0,0.0,0,0.9140625,6,190,07:20,19:15,2025-03-14 05:22:01.209127,Marina di Stabia,31.1,6.639279,14.05905,5.7798514,10.930394,EU EEA Common AQI,73.8,6.5582366,13.21546,3600,4.811594,100,100,51.4,8.937198,Very Low,75.5,6.355935,100,1739186100,Very Low,9.633085,6.8510075,Very Low,6.062216,42.9,5.362319,100,1739186100,5.362319
2025-03-14T05:22:13Z,60,29.72,74.0,44,3276.7,255,255,32767,255,655.35,255,32767,0.3,2054-1-18,0.1,0.35,23.67,0.0,0.0,0.0,0,0.9140625,6,190,07:20,19:15,2025-03-14 05:22:12.844116,Marina di Stabia,31.1,6.639279,14.05905,5.7798514,10.930394,EU EEA Common AQI,73.8,6.5582366,13.21546,3600,4.811594,100,100,51.4,8.937198,Very Low,75.5,6.355935,100,1739186100,Very Low,9.633085,6.8510075,Very Low,6.062216,42.9,5.362319,100,1739186100,5.362319
2025-03-14T05:22:24Z,60,29.72,74.0,44,3276.7,255,255,32767,255,655.35,255,32767,0.3,2054-1-18,0.1,0.35,23.67,0.0,0.0,0.0,0,0.9140625,6,190,07:20,19:15,2025-03-14 05:22:24.190134,Marina di Stabia,31.1,6.639279,14.05905,5.7798514,10.930394,EU EEA Common AQI,73.8,6.5582366,13.21546,3600,4.811594,100,100,51.4,8.937198,Very Low,75.5,6.355935,100,1739186100,Very Low,9.633085,6.8510075,Very Low,6.062216,42.9,5.362319,100,1739186100,5.362319
2025-03-14T05:22:35Z,60,29.72,74.0,44,3276.7,255,255,32767,255,655.35,255,32767,0.3,2054-1-18,0.1,0.35,23.67,0.0,0.0,0.0,0,0.9140625,6,190,07:20,19:15,2025-03-14 05:22:35.536122,Marina di Stabia,31.1,6.639279,14.05905,5.7798514,10.930394,EU EEA Common AQI,73.8,6.5582366,13.21546,3600,4.811594,100,100,51.4,8.937198,Very Low,75.5,6.355935,100,1739186100,Very Low,9.633085,6.8510075,Very Low,6.062216,42.9,5.362319,100,1739186100,5.362319
2025-03-14T05:22:47Z,60,29.72,74.0,44,3276.7,255,255,32767,255,655.35,255,32767,0.3,2054-1-18,0.1,0.35,23.67,0.0,0.0,0.0,0,0.9140625,6,190,07:20,19:15,2025-03-14 05:22:46.898126,Marina di Stabia,31.1,6.639279,14.05905,5.7798514,10.930394,EU EEA Common AQI,73.8,6.5582366,13.21546,3600,4.811594,100,100,51.4,8.937198,Very Low,75.5,6.355935,100,1739186100,Very Low,9.633085,6.8510075,Very Low,6.062216,42.9,5.362319,100,1739186100,5.362319
2025-03-14T05:22:58Z,60,29.722,74.0,44,3276.7,255,255,32767,255,655.35,255,32767,0.3,2054-1-18,0.1,0.35,23.67,0.0,0.0,0.0,0,0.9140625,6,190,07:20,19:15,2025-03-14 05:22:58.341127,Marina di Stabia,31.1,6.639279,14.05905,5.7798514,10.930394,EU EEA Common AQI,73.8,6.5582366,13.21546,3600,4.811594,100,100,51.4,8.937198,Very Low,75.5,6.355935,100,1739186100,Very Low,9.633085,6.8510075,Very Low,6.062216,42.9,5.362319,100,1739186100,5.362319
2025-03-14T05:23:09Z,60,29.722,74.0,44,3276.7,255,255,32767,255,655.35,255,32767,0.3,2054-1-18,0.1,0.35,23.67,0.0,0.0,0.0,0,0.9140625,6,190,07:20,19:15,2025-03-14 05:23:09.672125,Marina di Stabia,31.1,6.639279,14.05905,5.7798514,10.930394,EU EEA Common AQI,73.8,6.5582366,13.21546,3600,4.811594,100,100,51.4,8.937198,Very Low,75.5,6.355935,100,1739186100,Very Low,9.633085,6.8510075,Very Low,6.062216,42.9,5.362319,100,1739186100,5.362319
2025-03-14T05:23:21Z,60,29.722,74.0,44,3276.7,255,255,32767,255,655.35,255,32767,0.3,2054-1-18,0.1,0.35,23.67,0.0,0.0,0.0,0,0.9140625,6,190,07:20,19:15,2025-03-14 05:23:20.983125,Marina di Stabia,31.1,6.639279,14.05905,5.7798514,10.930394,EU EEA Common AQI,73.8,6.5582366,13.21546,3600,4.811594,100,100,51.4,8.937198,Very Low,75.5,6.355935,100,1739186100,Very Low,9.633085,6.8510075,Very Low,6.062216,42.9,5.362319,100,1739186100,5.362319
2025-03-14T05:23:32Z,60,29.722,74.0,44,3276.7,255,255,32767,255,655.35,255,32767,0.3,2054-1-18,0.1,0.35,23.67,0.0,0.0,0.0,0,0.9140625,6,190,07:20,19:15,2025-03-14 05:23:32.333116,Marina di Stabia,31.1,6.639279,14.05905,5.7798514,10.930394,EU EEA Common AQI,73.8,6.5582366,13.21546,3600,4.811594,100,100,51.4,8.937198,Very Low,75.5,6.355935,100,1739186100,Very Low,9.633085,6.8510075,Very Low,6.062216,42.9,5.362319,100,1739186100,5.362319
2025-03-14T05:23:43Z,60,29.722,74.0,44,3276.7,255,255,32767,255,655.35,255,32767,0.3,2054-1-18,0.1,0.35,23.67,0.0,0.0,0.0,0,0.9140625,6,190,07:20,19:15,2025-03-14 05:23:43.774101,Marina di Stabia,31.1,6.639279,14.05905,5.7798514,10.930394,EU EEA Common AQI,73.8,6.5582366,13.21546,3600,4.811594,100,100,51.4,8.937198,Very Low,75.5,6.355935,100,1739186100,Very Low,9.633085,6.8510075,Very Low,6.062216,42.9,5.362319,100,1739186100,5.362319
2025-03-14T05:23:55Z,60,29.722,74.0,44,3276.7,255,255,32767,255,655.35,255,32767,0.3,2054-1-18,0.1,0.35,23.67,0.0,0.0,0.0,0,0.9140625,6,190,07:20,19:15,2025-03-14 05:23:55.116087,Marina di Stabia,31.1,6.639279,14.05905,5.7798514,10.930394,EU EEA Common AQI,73.8,6.5582366,13.21546,3600,4.811594,100,100,51.4,8.937198,Very Low,75.5,6.355935,100,1739186100,Very Low,9.633085,6.8510075,Very Low,6.062216,42.9,5.362319,100,1739186100,5.362319
2025-03-14T05:24:06Z,60,29.723,74.0,44,3276.7,255,255,32767,255,655.35,255,32767,0.3,2054-1-18,0.1,0.35,23.67,0.0,0.0,0.0,0,0.9140625,6,190,07:20,19:15,2025-03-14 05:24:06.504084,Marina di Stabia,31.1,6.639279,14.05905,5.7798514,10.930394,EU EEA Common AQI,73.8,6.5582366,13.21546,3600,4.811594,100,100,51.4,8.937198,Very Low,75.5,6.355935,100,1739186100,Very Low,9.633085,6.8510075,Very Low,6.062216,42.9,5.362319,100,1739186100,5.362319
2025-03-14T05:24:18Z,60,29.723,74.0,44,3276.7,255,255,32767,255,655.35,255,32767,0.3,2054-1-18,0.1,0.35,23.67,0.0,0.0,0.0,0,0.9140625,6,190,07:20,19:15,2025-03-14 05:24:17.837088,Marina di Stabia,31.1,6.639279,14.05905,5.7798514,10.930394,EU EEA Common AQI,73.8,6.5582366,13.21546,3600,4.811594,100,100,51.4,8.937198,Very Low,75.5,6.355935,100,1739186100,Very Low,9.633085,6.8510075,Very Low,6.062216,42.9,5.362319,100,1739186100,5.362319
2025-03-14T05:24:29Z,60,29.723,74.0,44,3276.7,255,255,32767,255,655.35,255,32767,0.3,2054-1-18,0.1,0.35,23.67,0.0,0.0,0.0,0,0.9140625,6,190,07:20,19:15,2025-03-14 05:24:29.190084,Marina di Stabia,31.1,6.639279,14.05905,5.7798514,10.930394,EU EEA Common AQI,73.8,6.5582366,13.21546,3600,4.811594,100,100,51.4,8.937198,Very Low,75.5,6.355935,100,1739186100,Very Low,9.633085,6.8510075,Very Low,6.062216,42.9,5.362319,100,1739186100,5.362319
2025-03-14T05:24:40Z,60,29.723,74.0,44,3276.7,255,255,32767,255,655.35,255,32767,0.3,2054-1-18,0.1,0.35,23.67,0.0,0.0,0.0,0,0.9140625,6,190,07:20,19:15,2025-03-14 05:24:40.547125,Marina di Stabia,31.1,6.639279,14.05905,5.7798514,10.930394,EU EEA Common AQI,73.8,6.5582366,13.21546,3600,4.811594,100,100,51.4,8.937198,Very Low,75.5,6.355935,100,1739186100,Very Low,9.633085,6.8510075,Very Low,6.062216,42.9,5.362319,100,1739186100,5.362319
2025-03-14T05:24:52Z,60,29.723,74.0,44,3276.7,255,255,32767,255,655.35,255,32767,0.3,2054-1-18,0.1,0.35,23.67,0.0,0.0,0.0,0,0.9140625,6,190,07:20,19:15,2025-03-14 05:24:51.981133,Marina di Stabia,31.1,6.639279,14.05905,5.7798514,10.930394,EU EEA Common AQI,73.8,6.5582366,13.21546,3600,4.811594,100,100,51.4,8.937198,Very Low,75.5,6.355935,100,1739186100,Very Low,9.633085,6.8510075,Very Low,6.062216,42.9,5.362319,100,1739186100,5.362319
2025-03-14T05:25:03Z,60,29.724,74.0,44,3276.7,255,255,32767,255,655.35,255,32767,0.3,2054-1-18,0.1,0.35,23.67,0.0,0.0,0.0,0,0.9140625,6,190,07:20,19:15,2025-03-14 05:25:03.311121,Marina di Stabia,31.1,6.639279,14.05905,5.7798514,10.930394,EU EEA Common AQI,73.8,6.5582366,13.21546,3600,4.811594,100,100,51.4,8.937198,Very Low,75.5,6.355935,100,1739186100,Very Low,9.633085,6.8510075,Very Low,6.062216,42.9,5.362319,100,1739186100,5.362319
2025-03-14T05:25:14Z,60,29.724,74.0,44,3276.7,255,255,32767,255,655.35,255,32767,0.3,2054-1-18,0.1,0.35,23.67,0.0,0.0,0.0,0,0.9140625,6,190,07:20,19:15,2025-03-14 05:25:14.673081,Marina di Stabia,31.1,6.639279,14.05905,5.7798514,10.930394,EU EEA Common AQI,73.8,6.5582366,13.21546,3600,4.811594,100,100,51.4,8.937198,Very Low,75.5,6.355935,100,1739186100,Very Low,9.633085,6.8510075,Very Low,6.062216,42.9,5.362319,100,1739186100,5.362319
2025-03-14T05:25:26Z,60,29.724,74.0,44,3276.7,255,255,32767,255,655.35,255,32767,0.3,2054-1-18,0.1,0.35,23.67,0.0,0.0,0.0,0,0.9140625,6,190,07:20,19:15,2025-03-14 05:25:26.017112,Marina di Stabia,31.1,6.639279,14.05905,5.7798514,10.930394,EU EEA Common AQI,73.8,6.5582366,13.21546,3600,4.811594,100,100,51.4,8.937198,Very Low,75.5,6.355935,100,1739186100,Very Low,9.633085,6.8510075,Very Low,6.062216,42.9,5.362319,100,1739186100,5.362319
2025-03-14T05:25:37Z,60,29.724,74.0,44,3276.7,255,255,32767,255,655.35,255,32767,0.3,2054-1-18,0.1,0.35,23.67,0.0,0.0,0.0,0,0.9140625,6,190,07:20,19:15,2025-03-14 05:25:37.362107,Marina di Stabia,31.1,6.639279,14.05905,5.7798514,10.930394,EU EEA Common AQI,73.8,6.5582366,13.21546,3600,4.811594,100,100,51.4,8.937198,Very Low,75.5,6.355935,100,1739186100,Very Low,9.633085,6.8510075,Very Low,6.062216,42.9,5.362319,100,1739186100,5.362319
2025-03-14T05:25:49Z,60,29.724,74.0,44,3276.7,255,255,32767,255,655.35,255,32767,0.3,2054-1-18,0.1,0.35,23.67,0.0,0.0,0.0,0,0.9140625,6,190,07:20,19:15,2025-03-14 05:25:48.801124,Marina di Stabia,31.1,6.639279,14.05905,5.7798514,10.930394,EU EEA Common AQI,73.8,6.5582366,13.21546,3600,4.811594,100,100,51.4,8.937198,Very Low,75.5,6.355935,100,1739186100,Very Low,9.633085,6.8510075,Very Low,6.062216,42.9,5.362319,100,1739186100,5.362319
2025-03-14T05:26:00Z,60,29.725,73.9,44,3276.7,255,255,32767,255,655.35,255,32767,0.3,2054-1-18,0.1,0.35,23.67,0.0,0.0,0.0,0,0.9140625,6,190,07:20,19:15,2025-03-14 05:26:00.155129,Marina di Stabia,31.1,6.639279,14.05905,5.7798514,10.930394,EU EEA Common AQI,73.8,6.5582366,13.21546,3600,4.811594,100,100,51.4,8.937198,Very Low,75.5,6.355935,100,1739186100,Very Low,9.633085,6.8510075,Very Low,6.062216,42.9,5.362319,100,1739186100,5.362319
2025-03-14T05:26:11Z,60,29.725,73.9,44,3276.7,255,255,32767,255,655.35,255,32767,0.3,2054-1-18,0.1,0.35,23.67,0.0,0.0,0.0,0,0.9140625,6,190,07:20,19:15,2025-03-14 05:26:11.498125,Marina di Stabia,31.1,6.639279,14.05905,5.7798514,10.930394,EU EEA Common AQI,73.8,6.5582366,13.21546,3600,4.811594,100,100,51.4,8.937198,Very Low,75.5,6.355935,100,1739186100,Very Low,9.633085,6.8510075,Very Low,6.062216,42.9,5.362319,100,1739186100,5.362319
2025-03-14T05:26:23Z,60,29.725,73.9,44,3276.7,255,255,32767,255,655.35,255,32767,0.3,2054-1-18,0.1,0.35,23.67,0.0,0.0,0.0,0,0.9140625,6,190,07:20,19:15,2025-03-14 05:26:22.855134,Marina di Stabia,31.1,6.639279,14.05905,5.7798514,10.930394,EU EEA Common AQI,73.8,6.5582366,13.21546,3600,4.811594,100,100,51.4,8.937198,Very Low,75.5,6.355935,100,1739186100,Very Low,9.633085,6.8510075,Very Low,6.062216,42.9,5.362319,100,1739186100,5.362319
2025-03-14T05:26:34Z,60,29.725,73.9,44,3276.7,255,255,32767,255,655.35,255,32767,0.3,2054-1-18,0.1,0.35,23.67,0.0,0.0,0.0,0,0.9140625,6,190,07:20,19:15,2025-03-14 05:26:34.203128,Marina di Stabia,31.1,6.639279,14.05905,5.7798514,10.930394,EU EEA Common AQI,73.8,6.5582366,13.21546,3600,4.811594,100,100,51.4,8.937198,Very Low,75.5,6.355935,100,1739186100,Very Low,9.633085,6.8510075,Very Low,6.062216,42.9,5.362319,100,1739186100,5.362319
2025-03-14T05:26:45Z,60,29.725,73.9,44,3276.7,255,255,32767,255,655.35,255,32767,0.3,2054-1-18,0.1,0.35,23.67,0.0,0.0,0.0,0,0.9140625,6,190,07:20,19:15,2025-03-14 05:26:45.609129,Marina di Stabia,31.1,6.639279,14.05905,5.7798514,10.930394,EU EEA Common AQI,73.8,6.5582366,13.21546,3600,4.811594,100,100,51.4,8.937198,Very Low,75.5,6.355935,100,1739186100,Very Low,9.633085,6.8510075,Very Low,6.062216,42.9,5.362319,100,1739186100,5.362319
2025-03-14T05:26:57Z,60,29.725,73.9,44,3276.7,255,255,32767,255,655.35,255,32767,0.3,2054-1-18,0.1,0.35,23.67,0.0,0.0,0.0,0,0.9140625,6,190,07:20,19:15,2025-03-14 05:26:57.205127,Marina di Stabia,31.1,6.639279,14.05905,5.7798514,10.930394,EU EEA Common AQI,73.8,6.5582366,13.21546,3600,4.811594,100,100,51.4,8.937198,Very Low,75.5,6.355935,100,1739186100,Very Low,9.633085,6.8510075,Very Low,6.062216,42.9,5.362319,100,1739186100,5.362319
2025-03-14T05:27:08Z,60,29.727,73.9,44,3276.7,255,255,32767,255,655.35,255,32767,0.3,2054-1-18,0.1,0.35,23.67,0.0,0.0,0.0,0,0.9140625,6,190,07:20,19:15,2025-03-14 05:27:08.617122,Marina di Stabia,31.1,6.639279,14.05905,5.7798514,10.930394,EU EEA Common AQI,73.8,6.5582366,13.21546,3600,4.811594,100,100,51.4,8.937198,Very Low,75.5,6.355935,100,1739186100,Very Low,9.633085,6.8510075,Very Low,6.062216,42.9,5.362319,100,1739186100,5.362319
2025-03-14T05:27:20Z,60,29.727,73.9,44,3276.7,255,255,32767,255,655.35,255,32767,0.3,2054-1-18,0.1,0.35,23.67,0.0,0.0,0.0,0,0.9140625,6,190,07:20,19:15,2025-03-14 05:27:19.939095,Marina di Stabia,31.1,6.639279,14.05905,5.7798514,10.930394,EU EEA Common AQI,73.8,6.5582366,13.21546,3600,4.811594,100,100,51.4,8.937198,Very Low,75.5,6.355935,100,1739186100,Very Low,9.633085,6.8510075,Very Low,6.062216,42.9,5.362319,100,1739186100,5.362319
2025-03-14T05:27:31Z,60,29.727,73.9,44,3276.7,255,255,32767,255,655.35,255,32767,0.3,2054-1-18,0.1,0.35,23.67,0.0,0.0,0.0,0,0.9140625,6,190,07:20,19:15,2025-03-14 05:27:31.270127,Marina di Stabia,31.1,6.639279,14.05905,5.7798514,10.930394,EU EEA Common AQI,73.8,6.5582366,13.21546,3600,4.811594,100,100,51.4,8.937198,Very Low,75.5,6.355935,100,1739186100,Very Low,9.633085,6.8510075,Very Low,6.062216,42.9,5.362319,100,1739186100,5.362319
2025-03-14T05:27:42Z,60,29.727,73.9,44,3276.7,255,255,32767,255,655.35,255,32767,0.3,2054-1-18,0.1,0.35,23.67,0.0,0.0,0.0,0,0.9140625,6,190,07:20,19:15,2025-03-14 05:27:42.641122,Marina di Stabia,31.1,6.639279,14.05905,5.7798514,10.930394,EU EEA Common AQI,73.8,6.5582366,13.21546,3600,4.811594,100,100,51.4,8.937198,Very Low,75.5,6.355935,100,1739186100,Very Low,9.633085,6.8510075,Very Low,6.062216,42.9,5.362319,100,1739186100,5.362319
2025-03-14T05:27:55Z,60,29.727,73.9,44,3276.7,255,255,32767,255,655.35,255,32767,0.3,2054-1-18,0.1,0.35,23.67,0.0,0.0,0.0,0,0.9140625,6,190,07:20,19:15,2025-03-14 05:27:55.412118,Marina di Stabia,31.1,6.639279,14.05905,5.7798514,10.930394,EU EEA Common AQI,73.8,6.5582366,13.21546,3600,4.811594,100,100,51.4,8.937198,Very Low,75.5,6.355935,100,1739186100,Very Low,9.633085,6.8510075,Very Low,6.062216,42.9,5.362319,100,1739186100,5.362319
2025-03-14T05:28:07Z,60,29.73,73.9,44,3276.7,255,255,32767,255,655.35,255,32767,0.3,2054-1-18,0.1,0.35,23.67,0.0,0.0,0.0,0,0.9140625,6,190,07:20,19:15,2025-03-14 05:28:06.978129,Marina di Stabia,31.1,6.639279,14.05905,5.7798514,10.930394,EU EEA Common AQI,73.8,6.5582366,13.21546,3600,4.811594,100,100,51.4,8.937198,Very Low,75.5,6.355935,100,1739186100,Very Low,9.633085,6.8510075,Very Low,6.062216,42.9,5.362319,100,1739186100,5.362319
2025-03-14T05:28:19Z,60,29.73,73.9,44,3276.7,255,255,32767,255,655.35,255,32767,0.3,2054-1-18,0.1,0.35,23.67,0.0,0.0,0.0,0,0.9140625,6,190,07:20,19:15,2025-03-14 05:28:19.238120,Marina di Stabia,31.1,6.639279,14.05905,5.7798514,10.930394,EU EEA Common AQI,73.8,6.5582366,13.21546,3600,4.811594,100,100,51.4,8.937198,Very Low,75.5,6.355935,100,1739186100,Very Low,9.633085,6.8510075,Very Low,6.062216,42.9,5.362319,100,1739186100,5.362319
2025-03-14T05:28:31Z,60,29.73,73.9,44,3276.7,255,255,32767,255,655.35,255,32767,0.3,2054-1-18,0.1,0.35,23.67,0.0,0.0,0.0,0,0.9140625,6,190,07:20,19:15,2025-03-14 05:28:31.014120,Marina di Stabia,31.1,6.639279,14.05905,5.7798514,10.930394,EU EEA Common AQI,73.8,6.5582366,13.21546,3600,4.811594,100,100,51.4,8.937198,Very Low,75.5,6.355935,100,1739186100,Very Low,9.633085,6.8510075,Very Low,6.062216,42.9,5.362319,100,1739186100,5.362319
2025-03-14T05:28:42Z,60,29.73,73.9,44,3276.7,255,255,32767,255,655.35,255,32767,0.3,2054-1-18,0.1,0.35,23.67,0.0,0.0,0.0,0,0.9140625,6,190,07:20,19:15,2025-03-14 05:28:42.387119,Marina di Stabia,31.1,6.639279,14.05905,5.7798514,10.930394,EU EEA Common AQI,73.8,6.5582366,13.21546,3600,4.811594,100,100,51.4,8.937198,Very Low,75.5,6.355935,100,1739186100,Very Low,9.633085,6.8510075,Very Low,6.062216,42.9,5.362319,100,1739186100,5.362319
2025-03-14T05:28:53Z,60,29.73,73.9,44,3276.7,255,255,32767,255,655.35,255,32767,0.3,2054-1-18,0.1,0.35,23.67,0.0,0.0,0.0,0,0.9140625,6,190,07:20,19:15,2025-03-14 05:28:53.714129,Marina di Stabia,31.1,6.639279,14.05905,5.7798514,10.930394,EU EEA Common AQI,73.8,6.5582366,13.21546,3600,4.811594,100,100,51.4,8.937198,Very Low,75.5,6.355935,100,1739186100,Very Low,9.633085,6.8510075,Very Low,6.062216,42.9,5.362319,100,1739186100,5.362319
2025-03-14T05:29:05Z,60,29.73,73.9,44,3276.7,255,255,32767,255,655.35,255,32767,0.3,2054-1-18,0.1,0.35,23.67,0.0,0.0,0.0,0,0.9140625,6,190,07:20,19:15,2025-03-14 05:29:05.450090,Marina di Stabia,31.1,6.639279,14.05905,5.7798514,10.930394,EU EEA Common AQI,73.8,6.5582366,13.21546,3600,4.811594,100,100,51.4,8.937198,Very Low,75.5,6.355935,100,1739186100,Very Low,9.633085,6.8510075,Very Low,6.062216,42.9,5.362319,100,1739186100,5.362319
2025-03-14T05:29:17Z,60,29.73,74.0,44,3276.7,255,255,32767,255,655.35,255,32767,0.3,2054-1-18,0.1,0.35,23.67,0.0,0.0,0.0,0,1.845703125,6,190,07:20,19:15,2025-03-14 05:29:16.847088,Marina di Stabia,31.1,6.639279,14.05905,5.7798514,10.930394,EU EEA Common AQI,73.8,6.5582366,13.21546,3600,4.811594,100,100,51.4,8.937198,Very Low,75.5,6.355935,100,1739186100,Very Low,9.633085,6.8510075,Very Low,6.062216,42.9,5.362319,100,1739186100,5.362319
2025-03-14T05:29:28Z,60,29.73,74.0,44,3276.7,255,255,32767,255,655.35,255,32767,0.3,2054-1-18,0.1,0.35,23.67,0.0,0.0,0.0,0,1.845703125,6,190,07:20,19:15,2025-03-14 05:29:28.714114,Marina di Stabia,31.1,6.639279,14.05905,5.7798514,10.930394,EU EEA Common AQI,73.8,6.5582366,13.21546,3600,4.811594,100,100,51.4,8.937198,Very Low,75.5,6.355935,100,1739186100,Very Low,9.633085,6.8510075,Very Low,6.062216,42.9,5.362319,100,1739186100,5.362319
2025-03-14T05:29:42Z,60,29.73,74.0,44,3276.7,255,255,32767,255,655.35,255,32767,0.3,2054-1-18,0.1,0.35,23.67,0.0,0.0,0.0,0,1.845703125,6,190,07:20,19:15,2025-03-14 05:29:42.369121,Marina di Stabia,31.1,6.639279,14.05905,5.7798514,10.930394,EU EEA Common AQI,73.8,6.5582366,13.21546,3600,4.811594,100,100,51.4,8.937198,Very Low,75.5,6.355935,100,1739186100,Very Low,9.633085,6.8510075,Very Low,6.062216,42.9,5.362319,100,1739186100,5.362319
2025-03-14T05:29:54Z,60,29.73,74.0,44,3276.7,255,255,32767,255,655.35,255,32767,0.3,2054-1-18,0.1,0.35,23.67,0.0,0.0,0.0,0,1.845703125,6,190,07:20,19:15,2025-03-14 05:29:54.019087,Marina di Stabia,31.1,6.639279,14.05905,5.7798514,10.930394,EU EEA Common AQI,73.8,6.5582366,13.21546,3600,4.811594,100,100,51.4,8.937198,Very Low,75.5,6.355935,100,1739186100,Very Low,9.633085,6.8510075,Very Low,6.062216,42.9,5.362319,100,1739186100,5.362319
2025-03-14T05:30:11Z,60,29.73,74.0,44,3276.7,255,255,32767,255,655.35,255,32767,0.3,2054-1-18,0.1,0.35,23.67,0.0,0.0,0.0,0,1.845703125,6,190,07:20,19:15,2025-03-14 05:30:11.447130,Marina di Stabia,31.1,6.639279,14.05905,5.7798514,10.930394,EU EEA Common AQI,73.8,6.5582366,13.21546,3600,4.811594,100,100,51.4,8.937198,Very Low,75.5,6.355935,100,1739186100,Very Low,9.633085,6.8510075,Very Low,6.062216,42.9,5.362319,100,1739186100,5.362319
2025-03-14T05:30:23Z,60,29.733,74.2,44,3276.7,255,255,32767,255,655.35,255,32767,0.3,2054-1-18,0.1,0.35,23.67,0.0,0.0,0.0,0,1.833984375,6,190,07:20,19:15,2025-03-14 05:30:23.614129,Marina di Stabia,31.1,6.639279,14.05905,5.7798514,10.930394,EU EEA Common AQI,73.8,6.5582366,13.21546,3600,4.811594,100,100,51.4,8.937198,Very Low,75.5,6.355935,100,1739186100,Very Low,9.633085,6.8510075,Very Low,6.062216,42.9,5.362319,100,1739186100,5.362319
2025-03-14T05:30:44Z,60,29.733,74.2,44,3276.7,255,255,32767,255,655.35,255,32767,0.3,2054-1-18,0.1,0.35,23.67,0.0,0.0,0.0,0,1.833984375,6,190,07:20,19:15,2025-03-14 05:30:43.929088,Marina di Stabia
2025-03-14T05:30:58Z,60,29.737,74.2,44,3276.7,255,255,32767,255,655.35,255,32767,0.3,2054-1-18,0.1,0.35,23.67,0.0,0.0,0.0,0,1.18359375,6,190,07:20,19:15,2025-03-14 05:30:58.095118,Marina di Stabia
2025-03-14T05:31:10Z,60,29.737,74.2,44,3276.7,255,255,32767,255,655.35,255,32767,0.3,2054-1-18,0.1,0.35,23.67,0.0,0.0,0.0,0,1.18359375,6,190,07:20,19:15,2025-03-14 05:31:10.466126,Marina di Stabia
2025-03-14T05:31:32Z,60,29.737,74.2,44,3276.7,255,255,32767,255,655.35,255,32767,0.3,2054-1-18,0.1,0.35,23.67,0.0,0.0,0.0,0,1.18359375,6,190,07:20,19:15,2025-03-14 05:31:32.096122,Marina di Stabia
2025-03-14T05:31:44Z,60,29.737,74.2,44,3276.7,255,255,32767,255,655.35,255,32767,0.3,2054-1-18,0.1,0.35,23.67,0.0,0.0,0.0,0,1.18359375,6,190,07:20,19:15,2025-03-14 05:31:44.098124,Marina di Stabia
2025-03-14T05:31:55Z,60,29.737,74.2,44,3276.7,255,255,32767,255,655.35,255,32767,0.3,2054-1-18,0.1,0.35,23.67,0.0,0.0,0.0,0,1.18359375,6,190,07:20,19:15,2025-03-14 05:31:55.563116,Marina di Stabia
2025-03-14T05:32:09Z,60,29.738,74.1,44,3276.7,255,255,32767,255,655.35,255,32767,0.3,2054-1-18,0.1,0.35,23.67,0.0,0.0,0.0,0,0.9140625,6,190,07:20,19:15,2025-03-14 05:32:08.921129,Marina di Stabia
2025-03-14T05:32:22Z,60,29.738,74.1,44,3276.7,255,255,32767,255,655.35,255,32767,0.3,2054-1-18,0.1,0.35,23.67,0.0,0.0,0.0,0,0.9140625,6,190,07:20,19:15,2025-03-14 05:32:22.008127,Marina di Stabia
2025-03-14T05:32:36Z,60,29.738,74.1,44,3276.7,255,255,32767,255,655.35,255,32767,0.3,2054-1-18,0.1,0.35,23.67,0.0,0.0,0.0,0,0.9140625,6,190,07:20,19:15,2025-03-14 05:32:36.028122,Marina di Stabia
2025-03-14T05:32:53Z,60,29.738,74.1,44,3276.7,255,255,32767,255,655.35,255,32767,0.3,2054-1-18,0.1,0.35,23.67,0.0,0.0,0.0,0,0.9140625,6,190,07:20,19:15,2025-03-14 05:32:53.338124,Marina di Stabia
2025-03-14T05:33:05Z,60,29.734,74.1,44,3276.7,255,255,32767,255,655.35,255,32767,0.3,2054-1-18,0.1,0.35,23.67,0.0,0.0,0.0,0,0.9140625,6,190,07:20,19:15,2025-03-14 05:33:05.373115,Marina di Stabia
2025-03-14T05:33:17Z,60,29.734,74.1,44,3276.7,255,255,32767,255,655.35,255,32767,0.3,2054-1-18,0.1,0.35,23.67,0.0,0.0,0.0,0,0.9140625,6,190,07:20,19:15,2025-03-14 05:33:17.476128,Marina di Stabia
2025-03-14T05:33:29Z,60,29.734,74.1,44,3276.7,255,255,32767,255,655.35,255,32767,0.3,2054-1-18,0.1,0.35,23.67,0.0,0.0,0.0,0,0.9140625,6,190,07:20,19:15,2025-03-14 05:33:28.986125,Marina di Stabia
2025-03-14T05:33:40Z,60,29.734,74.1,44,3276.7,255,255,32767,255,655.35,255,32767,0.3,2054-1-18,0.1,0.35,23.67,0.0,0.0,0.0,0,0.9140625,6,190,07:20,19:15,2025-03-14 05:33:40.598123,Marina di Stabia
2025-03-14T05:33:53Z,60,29.734,74.1,44,3276.7,255,255,32767,255,655.35,255,32767,0.3,2054-1-18,0.1,0.35,23.67,0.0,0.0,0.0,0,0.9140625,6,190,07:20,19:15,2025-03-14 05:33:52.811117,Marina di Stabia
2025-03-14T05:34:06Z,60,29.736,74.0,44,3276.7,255,255,32767,255,655.35,255,32767,0.3,2054-1-18,0.1,0.35,23.67,0.0,0.0,0.0,0,0.9140625,6,190,07:20,19:15,2025-03-14 05:34:06.696138,Marina di Stabia
2025-03-14T05:34:20Z,60,29.736,74.0,44,3276.7,255,255,32767,255,655.35,255,32767,0.3,2054-1-18,0.1,0.35,23.67,0.0,0.0,0.0,0,0.9140625,6,190,07:20,19:15,2025-03-14 05:34:20.291122,Marina di Stabia
2025-03-14T05:34:39Z,60,29.736,74.0,44,3276.7,255,255,32767,255,655.35,255,32767,0.3,2054-1-18,0.1,0.35,23.67,0.0,0.0,0.0,0,0.9140625,6,190,07:20,19:15,2025-03-14 05:34:39.030124,Marina di Stabia
2025-03-14T05:34:51Z,60,29.736,74.0,44,3276.7,255,255,32767,255,655.35,255,32767,0.3,2054-1-18,0.1,0.35,23.67,0.0,0.0,0.0,0,0.9140625,6,190,07:20,19:15,2025-03-14 05:34:51.136109,Marina di Stabia
2025-03-14T05:35:03Z,60,29.735,74.0,44,3276.7,255,255,32767,255,655.35,255,32767,0.3,2054-1-18,0.1,0.35,23.67,0.0,0.0,0.0,0,0.9140625,6,190,07:20,19:15,2025-03-14 05:35:02.892123,Marina di Stabia
2025-03-14T05:35:15Z,60,29.735,74.0,44,3276.7,255,255,32767,255,655.35,255,32767,0.3,2054-1-18,0.1,0.35,23.67,0.0,0.0,0.0,0,0.9140625,6,190,07:20,19:15,2025-03-14 05:35:15.261122,Marina di Stabia
2025-03-14T05:35:27Z,60,29.735,74.0,44,3276.7,255,255,32767,255,655.35,255,32767,0.3,2054-1-18,0.1,0.35,23.67,0.0,0.0,0.0,0,0.9140625,6,190,07:20,19:15,2025-03-14 05:35:27.218091,Marina di Stabia
2025-03-14T05:35:40Z,60,29.735,74.0,44,3276.7,255,255,32767,255,655.35,255,32767,0.3,2054-1-18,0.1,0.35,23.67,0.0,0.0,0.0,0,0.9140625,6,190,07:20,19:15,2025-03-14 05:35:40.051130,Marina di Stabia
2025-03-14T05:35:52Z,60,29.735,74.0,44,3276.7,255,255,32767,255,655.35,255,32767,0.3,2054-1-18,0.1,0.35,23.67,0.0,0.0,0.0,0,0.9140625,6,190,07:20,19:15,2025-03-14 05:35:52.786124,Marina di Stabia
2025-03-14T05:36:04Z,60,29.738,74.0,44,3276.7,255,255,32767,255,655.35,255,32767,0.3,2054-1-18,0.1,0.35,23.67,0.0,0.0,0.0,0,0.9140625,6,190,07:20,19:15,2025-03-14 05:36:04.215130,Marina di Stabia
2025-03-14T05:36:16Z,60,29.738,74.0,44,3276.7,255,255,32767,255,655.35,255,32767,0.3,2054-1-18,0.1,0.35,23.67,0.0,0.0,0.0,0,0.9140625,6,190,07:20,19:15,2025-03-14 05:36:16.392085,Marina di Stabia
2025-03-14T05:36:29Z,60,29.738,74.0,44,3276.7,255,255,32767,255,655.35,255,32767,0.3,2054-1-18,0.1,0.35,23.67,0.0,0.0,0.0,0,0.9140625,6,190,07:20,19:15,2025-03-14 05:36:29.023107,Marina di Stabia
2025-03-14T05:36:40Z,60,29.738,74.0,44,3276.7,255,255,32767,255,655.35,255,32767,0.3,2054-1-18,0.1,0.35,23.67,0.0,0.0,0.0,0,0.9140625,6,190,07:20,19:15,2025-03-14 05:36:40.457116,Marina di Stabia
2025-03-14T05:36:51Z,60,29.738,74.0,44,3276.7,255,255,32767,255,655.35,255,32767,0.3,2054-1-18,0.1,0.35,23.67,0.0,0.0,0.0,0,0.9140625,6,190,07:20,19:15,2025-03-14 05:36:51.751125,Marina di Stabia
2025-03-14T05:37:03Z,60,29.737,74.0,45,3276.7,255,255,32767,255,655.35,255,32767,0.3,2054-1-18,0.1,0.35,23.67,0.0,0.0,0.0,0,0.919921875,6,190,07:20,19:15,2025-03-14 05:37:03.113086,Marina di Stabia
2025-03-14T05:37:14Z,60,29.737,74.0,45,3276.7,255,255,32767,255,655.35,255,32767,0.3,2054-1-18,0.1,0.35,23.67,0.0,0.0,0.0,0,0.919921875,6,190,07:20,19:15,2025-03-14 05:37:14.455122,Marina di Stabia
2025-03-14T05:37:27Z,60,29.737,74.0,45,3276.7,255,255,32767,255,655.35,255,32767,0.3,2054-1-18,0.1,0.35,23.67,0.0,0.0,0.0,0,0.919921875,6,190,07:20,19:15,2025-03-14 05:37:27.153126,Marina di Stabia
2025-03-14T05:37:39Z,60,29.737,74.0,45,3276.7,255,255,32767,255,655.35,255,32767,0.3,2054-1-18,0.1,0.35,23.67,0.0,0.0,0.0,0,0.919921875,6,190,07:20,19:15,2025-03-14 05:37:39.130084,Marina di Stabia
2025-03-14T05:37:51Z,60,29.737,74.0,45,3276.7,255,255,32767,255,655.35,255,32767,0.3,2054-1-18,0.1,0.35,23.67,0.0,0.0,0.0,0,0.919921875,6,190,07:20,19:15,2025-03-14 05:37:51.667124,Marina di Stabia
2025-03-14T05:38:04Z,60,29.733,74.0,44,3276.7,255,255,32767,255,655.35,255,32767,0.3,2054-1-18,0.1,0.35,23.67,0.0,0.0,0.0,0,0.9140625,6,190,07:20,19:15,2025-03-14 05:38:04.310112,Marina di Stabia
2025-03-14T05:38:15Z,60,29.733,74.0,44,3276.7,255,255,32767,255,655.35,255,32767,0.3,2054-1-18,0.1,0.35,23.67,0.0,0.0,0.0,0,0.9140625,6,190,07:20,19:15,2025-03-14 05:38:15.640123,Marina di Stabia
2025-03-14T05:38:27Z,60,29.733,74.0,44,3276.7,255,255,32767,255,655.35,255,32767,0.3,2054-1-18,0.1,0.35,23.67,0.0,0.0,0.0,0,0.9140625,6,190,07:20,19:15,2025-03-14 05:38:26.987121,Marina di Stabia
2025-03-14T05:38:42Z,60,29.733,74.0,44,3276.7,255,255,32767,255,655.35,255,32767,0.3,2054-1-18,0.1,0.35,23.67,0.0,0.0,0.0,0,0.9140625,6,190,07:20,19:15,2025-03-14 05:38:41.942138,Marina di Stabia
2025-03-14T05:39:00Z,60,29.733,74.0,44,3276.7,255,255,32767,255,655.35,255,32767,0.3,2054-1-18,0.1,0.35,23.67,0.0,0.0,0.0,0,0.9140625,6,190,07:20,19:15,2025-03-14 05:39:00.601130,Marina di Stabia
2025-03-14T05:39:18Z,60,29.733,74.0,44,3276.7,255,255,32767,255,655.35,255,32767,0.3,2054-1-18,0.1,0.35,23.67,0.0,0.0,0.0,0,0.9140625,6,190,07:20,19:15,2025-03-14 05:39:18.648134,Marina di Stabia
2025-03-14T05:39:30Z,60,29.733,74.0,44,3276.7,255,255,32767,255,655.35,255,32767,0.3,2054-1-18,0.1,0.35,23.67,0.0,0.0,0.0,0,0.9140625,6,190,07:20,19:15,2025-03-14 05:39:30.347119,Marina di Stabia
2025-03-14T05:39:55Z,60,29.733,74.0,44,3276.7,255,255,32767,255,655.35,255,32767,0.3,2054-1-18,0.1,0.35,23.67,0.0,0.0,0.0,0,0.9140625,6,190,07:20,19:15,2025-03-14 05:39:55.256120,Marina di Stabia
2025-03-14T05:40:08Z,60,29.729,74.0,44,3276.7,255,255,32767,255,655.35,255,32767,0.3,2054-1-18,0.1,0.35,23.67,0.0,0.0,0.0,0,0.9140625,6,190,07:20,19:15,2025-03-14 05:40:08.700120,Marina di Stabia
2025-03-14T05:40:29Z,60,29.729,74.0,44,3276.7,255,255,32767,255,655.35,255,32767,0.3,2054-1-18,0.1,0.35,23.67,0.0,0.0,0.0,0,0.9140625,6,190,07:20,19:15,2025-03-14 05:40:28.948119,Marina di Stabia
2025-03-14T05:40:40Z,60,29.729,74.0,44,3276.7,255,255,32767,255,655.35,255,32767,0.3,2054-1-18,0.1,0.35,23.67,0.0,0.0,0.0,0,0.9140625,6,190,07:20,19:15,2025-03-14 05:40:40.023114,Marina di Stabia
2025-03-14T05:40:51Z,60,29.729,74.0,44,3276.7,255,255,32767,255,655.35,255,32767,0.3,2054-1-18,0.1,0.35,23.67,0.0,0.0,0.0,0,0.9140625,6,190,07:20,19:15,2025-03-14 05:40:51.120140,Marina di Stabia
2025-03-14T05:41:02Z,60,29.729,73.9,44,3276.7,255,255,32767,255,655.35,255,32767,0.3,2054-1-18,0.1,0.35,23.67,0.0,0.0,0.0,0,0.943359375,6,190,07:20,19:15,2025-03-14 05:41:02.190133,Marina di Stabia
2025-03-14T05:41:13Z,60,29.729,73.9,44,3276.7,255,255,32767,255,655.35,255,32767,0.3,2054-1-18,0.1,0.35,23.67,0.0,0.0,0.0,0,0.943359375,6,190,07:20,19:15,2025-03-14 05:41:13.611115,Marina di Stabia
2025-03-14T05:41:25Z,60,29.729,73.9,44,3276.7,255,255,32767,255,655.35,255,32767,0.3,2054-1-18,0.1,0.35,23.67,0.0,0.0,0.0,0,0.943359375,6,190,07:20,19:15,2025-03-14 05:41:25.068126,Marina di Stabia
2025-03-14T05:41:36Z,60,29.729,73.9,44,3276.7,255,255,32767,255,655.35,255,32767,0.3,2054-1-18,0.1,0.35,23.67,0.0,0.0,0.0,0,0.943359375,6,190,07:20,19:15,2025-03-14 05:41:36.401125,Marina di Stabia
2025-03-14T05:41:47Z,60,29.729,73.9,44,3276.7,255,255,32767,255,655.35,255,32767,0.3,2054-1-18,0.1,0.35,23.67,0.0,0.0,0.0,0,0.943359375,6,190,07:20,19:15,2025-03-14 05:41:47.707127,Marina di Stabia
2025-03-14T05:41:59Z,60,29.731,73.9,44,3276.7,255,255,32767,255,655.35,255,32767,0.3,2054-1-18,0.1,0.35,23.67,0.0,0.0,0.0,0,0.9140625,6,190,07:20,19:15,2025-03-14 05:41:59.032126,Marina di Stabia
2025-03-14T05:42:19Z,60,29.731,73.9,44,3276.7,255,255,32767,255,655.35,255,32767,0.3,2054-1-18,0.1,0.35,23.67,0.0,0.0,0.0,0,0.9140625,6,190,07:20,19:15,2025-03-14 05:42:18.976127,Marina di Stabia
2025-03-14T05:42:31Z,60,29.731,73.9,44,3276.7,255,255,32767,255,655.35,255,32767,0.3,2054-1-18,0.1,0.35,23.67,0.0,0.0,0.0,0,0.9140625,6,190,07:20,19:15,2025-03-14 05:42:31.424117,Marina di Stabia
2025-03-14T05:42:43Z,60,29.731,73.9,44,3276.7,255,255,32767,255,655.35,255,32767,0.3,2054-1-18,0.1,0.35,23.67,0.0,0.0,0.0,0,0.9140625,6,190,07:20,19:15,2025-03-14 05:42:43.718137,Marina di Stabia
2025-03-14T05:42:55Z,60,29.731,73.9,44,3276.7,255,255,32767,255,655.35,255,32767,0.3,2054-1-18,0.1,0.35,23.67,0.0,0.0,0.0,0,0.9140625,6,190,07:20,19:15,2025-03-14 05:42:55.335085,Marina di Stabia
2025-03-14T05:43:07Z,60,29.733,73.9,44,3276.7,255,255,32767,255,655.35,255,32767,0.3,2054-1-18,0.1,0.35,23.67,0.0,0.0,0.0,0,0.9140625,6,190,07:20,19:15,2025-03-14 05:43:07.531120,Marina di Stabia
2025-03-14T05:43:21Z,60,29.733,73.9,44,3276.7,255,255,32767,255,655.35,255,32767,0.3,2054-1-18,0.1,0.35,23.67,0.0,0.0,0.0,0,0.9140625,6,190,07:20,19:15,2025-03-14 05:43:20.805129,Marina di Stabia
2025-03-14T05:43:34Z,60,29.733,73.9,44,3276.7,255,255,32767,255,655.35,255,32767,0.3,2054-1-18,0.1,0.35,23.67,0.0,0.0,0.0,0,0.9140625,6,190,07:20,19:15,2025-03-14 05:43:34.030122,Marina di Stabia
2025-03-14T05:43:46Z,60,29.733,73.9,44,3276.7,255,255,32767,255,655.35,255,32767,0.3,2054-1-18,0.1,0.35,23.67,0.0,0.0,0.0,0,0.9140625,6,190,07:20,19:15,2025-03-14 05:43:46.234122,Marina di Stabia
2025-03-14T05:43:58Z,60,29.735,73.9,45,3276.7,255,255,32767,255,655.35,255,32767,0.3,2054-1-18,0.1,0.35,23.67,0.0,0.0,0.0,0,0.9140625,6,190,07:20,19:15,2025-03-14 05:43:58.733126,Marina di Stabia
2025-03-14T05:44:10Z,60,29.735,73.9,45,3276.7,255,255,32767,255,655.35,255,32767,0.3,2054-1-18,0.1,0.35,23.67,0.0,0.0,0.0,0,0.9140625,6,190,07:20,19:15,2025-03-14 05:44:10.430113,Marina di Stabia
2025-03-14T05:44:22Z,60,29.735,73.9,45,3276.7,255,255,32767,255,655.35,255,32767,0.3,2054-1-18,0.1,0.35,23.67,0.0,0.0,0.0,0,0.9140625,6,190,07:20,19:15,2025-03-14 05:44:22.791127,Marina di Stabia
2025-03-14T05:44:35Z,60,29.735,73.9,45,3276.7,255,255,32767,255,655.35,255,32767,0.3,2054-1-18,0.1,0.35,23.67,0.0,0.0,0.0,0,0.9140625,6,190,07:20,19:15,2025-03-14 05:44:35.284125,Marina di Stabia
2025-03-14T05:44:48Z,60,29.735,73.9,45,3276.7,255,255,32767,255,655.35,255,32767,0.3,2054-1-18,0.1,0.35,23.67,0.0,0.0,0.0,0,0.9140625,6,190,07:20,19:15,2025-03-14 05:44:47.874129,Marina di Stabia
2025-03-14T05:45:00Z,60,29.733,73.9,45,3276.7,255,255,32767,255,655.35,255,32767,0.3,2054-1-18,0.1,0.35,23.67,0.0,0.0,0.0,0,0.9140625,6,190,07:20,19:15,2025-03-14 05:45:00.573126,Marina di Stabia
2025-03-14T05:45:13Z,60,29.733,73.9,45,3276.7,255,255,32767,255,655.35,255,32767,0.3,2054-1-18,0.1,0.35,23.67,0.0,0.0,0.0,0,0.9140625,6,190,07:20,19:15,2025-03-14 05:45:12.874118,Marina di Stabia
2025-03-14T05:45:24Z,60,29.733,73.9,45,3276.7,255,255,32767,255,655.35,255,32767,0.3,2054-1-18,0.1,0.35,23.67,0.0,0.0,0.0,0,0.9140625,6,190,07:20,19:15,2025-03-14 05:45:24.792121,Marina di Stabia
2025-03-14T05:45:38Z,60,29.733,73.9,45,3276.7,255,255,32767,255,655.35,255,32767,0.3,2054-1-18,0.1,0.35,23.67,0.0,0.0,0.0,0,0.9140625,6,190,07:20,19:15,2025-03-14 05:45:38.053126,Marina di Stabia
2025-03-14T05:45:50Z,60,29.733,73.9,45,3276.7,255,255,32767,255,655.35,255,32767,0.3,2054-1-18,0.1,0.35,23.67,0.0,0.0,0.0,0,0.9140625,6,190,07:20,19:15,2025-03-14 05:45:49.908123,Marina di Stabia
2025-03-14T05:46:09Z,60,29.734,74.0,45,3276.7,255,255,32767,255,655.35,255,32767,0.3,2054-1-18,0.1,0.35,23.67,0.0,0.0,0.0,0,2.12109375,6,190,07:20,19:15,2025-03-14 05:46:09.011160,Marina di Stabia
2025-03-14T05:46:20Z,60,29.734,74.0,45,3276.7,255,255,32767,255,655.35,255,32767,0.3,2054-1-18,0.1,0.35,23.67,0.0,0.0,0.0,0,2.12109375,6,190,07:20,19:15,2025-03-14 05:46:20.697127,Marina di Stabia
2025-03-14T05:46:33Z,60,29.734,74.0,45,3276.7,255,255,32767,255,655.35,255,32767,0.3,2054-1-18,0.1,0.35,23.67,0.0,0.0,0.0,0,2.12109375,6,190,07:20,19:15,2025-03-14 05:46:33.333123,Marina di Stabia
2025-03-14T05:46:44Z,60,29.734,74.0,45,3276.7,255,255,32767,255,655.35,255,32767,0.3,2054-1-18,0.1,0.35,23.67,0.0,0.0,0.0,0,2.12109375,6,190,07:20,19:15,2025-03-14 05:46:44.659119,Marina di Stabia
2025-03-14T05:46:56Z,60,29.734,74.0,45,3276.7,255,255,32767,255,655.35,255,32767,0.3,2054-1-18,0.1,0.35,23.67,0.0,0.0,0.0,0,2.12109375,6,190,07:20,19:15,2025-03-14 05:46:55.986124,Marina di Stabia
2025-03-14T05:47:07Z,60,29.734,74.0,45,3276.7,255,255,32767,255,655.35,255,32767,0.3,2054-1-18,0.1,0.35,23.67,0.0,0.0,0.0,0,2.12109375,6,190,07:20,19:15,2025-03-14 05:47:07.433123,Marina di Stabia
2025-03-14T05:47:19Z,60,29.731,74.2,45,3276.7,255,255,32767,255,655.35,255,32767,0.3,2054-1-18,0.1,0.35,23.67,0.0,0.0,0.0,0,1.833984375,6,190,07:20,19:15,2025-03-14 05:47:18.848125,Marina di Stabia
2025-03-14T05:47:30Z,60,29.731,74.2,45,3276.7,255,255,32767,255,655.35,255,32767,0.3,2054-1-18,0.1,0.35,23.67,0.0,0.0,0.0,0,1.833984375,6,190,07:20,19:15,2025-03-14 05:47:30.201091,Marina di Stabia
2025-03-14T05:47:45Z,60,29.731,74.2,45,3276.7,255,255,32767,255,655.35,255,32767,0.3,2054-1-18,0.1,0.35,23.67,0.0,0.0,0.0,0,1.833984375,6,190,07:20,19:15,2025-03-14 05:47:44.928138,Marina di Stabia
2025-03-14T05:47:57Z,60,29.731,74.2,45,3276.7,255,255,32767,255,655.35,255,32767,0.3,2054-1-18,0.1,0.35,23.67,0.0,0.0,0.0,0,0.9140625,6,190,07:20,19:15,2025-03-14 05:47:57.676123,Marina di Stabia
2025-03-14T05:48:09Z,60,29.731,74.2,45,3276.7,255,255,32767,255,655.35,255,32767,0.3,2054-1-18,0.1,0.35,23.67,0.0,0.0,0.0,0,0.9140625,6,190,07:20,19:15,2025-03-14 05:48:09.228101,Marina di Stabia
2025-03-14T05:48:21Z,60,29.731,74.2,45,3276.7,255,255,32767,255,655.35,255,32767,0.3,2054-1-18,0.1,0.35,23.67,0.0,0.0,0.0,0,0.9140625,6,190,07:20,19:15,2025-03-14 05:48:21.362124,Marina di Stabia
2025-03-14T05:48:33Z,60,29.731,74.2,45,3276.7,255,255,32767,255,655.35,255,32767,0.3,2054-1-18,0.1,0.35,23.67,0.0,0.0,0.0,0,0.9140625,6,190,07:20,19:15,2025-03-14 05:48:33.398116,Marina di Stabia
2025-03-14T05:48:45Z,60,29.731,74.2,45,3276.7,255,255,32767,255,655.35,255,32767,0.3,2054-1-18,0.1,0.35,23.67,0.0,0.0,0.0,0,0.9140625,6,190,07:20,19:15,2025-03-14 05:48:44.927121,Marina di Stabia
